planner,object,initial_pose_seed,planner_seed,step,selected_action,oracle_action,selected_gain_f@5,oracle_gain_f@5,oracle_regret_f@5,oracle_action_accuracy,score_gain_spearman,minus_x_gain_f@5,minus_y_gain_f@5,plus_z_gain_f@5,minus_x_score,minus_y_score,plus_z_score
ray_gpis_uncertainty_only,green_Pepper,19,0,0,minus_x,minus_x,0.1900492835599924,0.1900492835599924,0.0,1.0,1.0,0.1900492835599924,0.051328709861895416,-0.012826184532257923,0.0006673952448181808,0.0003788938629440963,0.000207850884180516
ray_gpis_uncertainty_only,green_Pepper,19,0,1,minus_x,minus_x,0.16838150676679764,0.16838150676679764,0.0,1.0,1.0,0.16838150676679764,0.1305881453198674,0.08432021349800689,0.00015082786558195949,0.00014427880523726344,0.00012539903400465846
ray_gpis_uncertainty_only,green_Pepper,19,0,2,minus_x,minus_x,0.062247642115932145,0.062247642115932145,0.0,1.0,1.0,0.062247642115932145,0.02614740623303169,0.039829329231642174,0.00011652911052806303,0.00011167878255946562,0.00011366063699824736
ray_gpis_uncertainty_only,green_Pepper,19,0,3,minus_x,minus_x,0.012472397720834971,0.012472397720834971,0.0,1.0,0.5,0.012472397720834971,0.009219537422826218,0.009773574968213627,0.00011316144809825346,0.00011235306010348722,0.00011101940617663786
ray_gpis_uncertainty_only,green_Pepper,19,0,4,minus_x,minus_x,0.016674573916507618,0.016674573916507618,0.0,1.0,0.0,0.016674573916507618,0.0038386156877909805,0.0034477865246989037,0.00011422688112361357,0.00010922009096248075,0.00011422688112361357
ray_gpis_uncertainty_only,green_Pepper,21,0,0,minus_x,minus_x,0.1339448164351117,0.1339448164351117,0.0,1.0,1.0,0.1339448164351117,0.024632577726098948,0.024550104311200638,0.0005494953948073089,0.00036216730950400233,0.00017157028196379542
ray_gpis_uncertainty_only,green_Pepper,21,0,1,minus_x,minus_x,0.13457346564128447,0.13457346564128447,0.0,1.0,1.0,0.13457346564128447,0.09757696623158651,0.05226450062276189,0.00014666671631857753,0.00014357100008055568,0.00011391768202884123
ray_gpis_uncertainty_only,green_Pepper,21,0,2,plus_z,minus_x,0.01445381984362959,0.025339678653288678,0.010885858809659088,0.0,-0.5,0.025339678653288678,0.017054893787901926,0.01445381984362959,0.0001111125384340994,0.00011012906179530546,0.0001113770340452902
ray_gpis_uncertainty_only,green_Pepper,21,0,3,minus_x,minus_x,0.017775493458903724,0.017775493458903724,0.0,1.0,1.0,0.017775493458903724,0.007410064303588038,0.015986090115696516,0.00011114979133708403,0.00010873207793338224,0.00011106038436992094
ray_gpis_uncertainty_only,green_Pepper,21,0,4,minus_x,minus_x,0.01749968162325244,0.01749968162325244,0.0,1.0,1.0,0.01749968162325244,0.004366241397517068,0.007687537182811122,0.00011167878255946562,0.00010887736425502226,0.0001107809875975363
ray_gpis_uncertainty_only,green_Pepper,20,0,0,minus_x,minus_x,0.16503732380675473,0.16503732380675473,0.0,1.0,1.0,0.16503732380675473,0.04405064842269102,-0.014219828335701012,0.000580933119636029,0.00021667050896212459,0.00018535758135840297
ray_gpis_uncertainty_only,green_Pepper,20,0,1,minus_y,minus_x,0.1649501516372962,0.19979071393104453,0.03484056229374832,0.0,0.8660254037844387,0.19979071393104453,0.1649501516372962,0.10788569675828008,0.00017104129074141383,0.00017104129074141383,0.0001162087355623953
ray_gpis_uncertainty_only,green_Pepper,20,0,2,minus_x,minus_x,0.09219703846802119,0.09219703846802119,0.0,1.0,1.0,0.09219703846802119,0.05321840091405661,0.027060562137862343,0.00011725926742656156,0.00011535191879374906,0.00011007318244082853
ray_gpis_uncertainty_only,green_Pepper,20,0,3,minus_x,minus_x,0.01370716636652003,0.01370716636652003,0.0,1.0,0.8660254037844387,0.01370716636652003,0.01067942549877321,0.011130433880036317,0.00011129507765872404,0.00011081078991992399,0.00011129507765872404
ray_gpis_uncertainty_only,green_Pepper,20,0,4,minus_y,minus_x,0.005630954337717875,0.008757709819929849,0.0031267554822119736,0.0,0.5,0.008757709819929849,0.005630954337717875,0.004667669707608235,0.00010929832205874845,0.00010974163160426542,0.00010814348206622526
ray_gpis_uncertainty_only,green_Pepper,17,0,0,minus_x,minus_x,0.17009709390508876,0.17009709390508876,0.0,1.0,0.8660254037844387,0.17009709390508876,0.04407752512336072,0.01341265254220081,0.0004404393839649856,0.0004404393839649856,0.0004257449763827026
ray_gpis_uncertainty_only,green_Pepper,17,0,1,minus_x,minus_x,0.16471719765267567,0.16471719765267567,0.0,1.0,0.5,0.16471719765267567,0.10319705380787092,0.06747853817149874,0.0003142712521366775,0.00014246086357161403,0.00015419552801176906
ray_gpis_uncertainty_only,green_Pepper,17,0,2,minus_x,minus_x,0.07282084415559587,0.07282084415559587,0.0,1.0,0.5,0.07282084415559587,0.050933557899223825,0.0390040133488887,0.00011627206549746916,0.00011332163558108732,0.0001140182648668997
ray_gpis_uncertainty_only,green_Pepper,17,0,3,minus_x,minus_x,0.018476178971738144,0.018476178971738144,0.0,1.0,1.0,0.018476178971738144,0.013310915993418382,0.011609088010675284,0.00011168250784976408,0.00011139193520648405,0.00011027807340724394
ray_gpis_uncertainty_only,green_Pepper,17,0,4,minus_y,minus_y,0.011795988162278337,0.011795988162278337,0.0,1.0,0.5,0.009662215122999585,0.011795988162278337,0.006068209163346938,0.0001089220677386038,0.00011039355740649626,0.00010959261999232695
ray_gpis_uncertainty_only,green_Pepper,22,0,0,minus_x,minus_x,-0.006846913918165831,-0.006846913918165831,0.0,1.0,1.0,-0.006846913918165831,-0.04630123173184253,-0.05022004269381741,0.0006027540075592697,0.0004631636547856033,0.00022472644923254848
ray_gpis_uncertainty_only,green_Pepper,22,0,1,minus_x,minus_x,0.19076214388742452,0.19076214388742452,0.0,1.0,1.0,0.19076214388742452,0.14589668047323678,0.05216458516646094,0.00020808185217902064,0.00013073737500235438,0.00011446157441241667
ray_gpis_uncertainty_only,green_Pepper,22,0,2,minus_x,minus_x,0.06399625033638778,0.06399625033638778,0.0,1.0,0.5,0.06399625033638778,0.05509988724563741,0.04255596013910079,0.00011694634304149076,0.00011237913713557646,0.00011321360216243193
ray_gpis_uncertainty_only,green_Pepper,22,0,3,minus_x,minus_x,0.06091372533325923,0.06091372533325923,0.0,1.0,0.5,0.06091372533325923,0.0398693854208958,0.011853165458271864,0.00011480802641017362,0.00011266598448855802,0.00011402944073779508
ray_gpis_uncertainty_only,green_Pepper,22,0,4,plus_z,minus_y,0.009205081477702493,0.013822233869421718,0.004617152391719226,0.0,-0.8660254037844387,0.013653570386157776,0.013822233869421718,0.009205081477702493,0.00010999495134456083,0.00010831112012965605,0.00010999495134456083
ray_gpis_uncertainty_only,green_Pepper,18,0,0,minus_x,minus_x,0.03473752323687407,0.03473752323687407,0.0,1.0,1.0,0.03473752323687407,-0.009056616021864472,-0.05259480941223338,0.0006363505381159484,0.0005711709964089096,0.0001658836263231933
ray_gpis_uncertainty_only,green_Pepper,18,0,1,minus_x,minus_x,0.20363014355001985,0.20363014355001985,0.0,1.0,1.0,0.20363014355001985,0.1750791600461843,0.12174242374381505,0.0002619495498947799,0.00024099479196593165,0.00011444294796092436
ray_gpis_uncertainty_only,green_Pepper,18,0,2,minus_y,minus_y,0.06628111819022298,0.06628111819022298,0.0,1.0,0.8660254037844387,0.048521265844997497,0.06628111819022298,0.028688203540391366,0.00011773237929446623,0.00011773237929446623,0.00011382827506167814
ray_gpis_uncertainty_only,green_Pepper,18,0,3,minus_y,minus_y,0.04015138877211888,0.04015138877211888,0.0,1.0,1.0,0.02352870777702709,0.04015138877211888,0.031100881467089003,0.00011090392217738554,0.00011161545262439176,0.00011127272591693327
ray_gpis_uncertainty_only,green_Pepper,18,0,4,minus_x,minus_x,0.014274756010590584,0.014274756010590584,0.0,1.0,0.5,0.014274756010590584,0.013733054783377607,0.011409024718012306,0.00011027434811694548,0.00010756606206996366,0.00010882893548114225
ray_gpis_uncertainty_only,green_Pepper,16,0,0,minus_x,minus_x,0.06712249621499289,0.06712249621499289,0.0,1.0,1.0,0.06712249621499289,0.057315277292164124,-0.015531599252143757,0.00013234111247584224,0.00013209524331614375,0.0001280607539229095
ray_gpis_uncertainty_only,green_Pepper,16,0,1,minus_x,minus_x,0.2205221130504018,0.2205221130504018,0.0,1.0,1.0,0.2205221130504018,0.18261993778483487,0.171716734156788,0.00018425489543005824,0.00017018074868246913,0.00012099573359591886
ray_gpis_uncertainty_only,green_Pepper,16,0,2,minus_y,minus_y,0.07040172908336251,0.07040172908336251,0.0,1.0,1.0,0.04994535084456464,0.07040172908336251,0.047871728994513085,0.00011191347584826872,0.00011358985648257658,0.00010891834244830534
ray_gpis_uncertainty_only,green_Pepper,16,0,3,minus_x,minus_x,0.025323692927467167,0.025323692927467167,0.0,1.0,0.8660254037844387,0.025323692927467167,0.015282920388868138,0.013388207367984184,0.00011057982192141935,0.00011057982192141935,0.00010906362876994535
ray_gpis_uncertainty_only,green_Pepper,16,0,4,minus_x,minus_x,0.017714500205059602,0.017714500205059602,0.0,1.0,0.8660254037844387,0.017714500205059602,0.010035570381869863,0.008298060242927119,0.00011003220424754545,0.00010991672024829313,0.00010991672024829313
ray_gpis_uncertainty_only,green_Pepper,15,0,0,minus_x,minus_y,0.07775652651768439,0.07883087026089852,0.0010743437432141345,0.0,0.5,0.07775652651768439,0.07883087026089852,0.05051693830310944,0.00042068230686709285,0.0002786947297863662,0.0001313520479016006
ray_gpis_uncertainty_only,green_Pepper,15,0,1,minus_x,minus_x,0.22081393169862062,0.22081393169862062,0.0,1.0,1.0,0.22081393169862062,0.17899704815695383,0.10499738420347315,0.0003011768567375839,0.00020379404304549098,0.00011766532406909391
ray_gpis_uncertainty_only,green_Pepper,15,0,2,plus_z,minus_x,0.017733313536703377,0.054440685282905465,0.03670737174620209,0.0,0.0,0.054440685282905465,0.025145266304610225,0.017733313536703377,0.00012578273890540004,0.00011210346565349028,0.00012578273890540004
ray_gpis_uncertainty_only,green_Pepper,15,0,3,minus_x,minus_x,0.09531288232443413,0.09531288232443413,0.0,1.0,1.0,0.09531288232443413,0.029186354563044747,0.011274942402491828,0.00013494695303961635,0.00011564994201762602,0.0001156424914370291
ray_gpis_uncertainty_only,green_Pepper,15,0,4,minus_y,minus_x,0.005110347374377988,0.009871036392316124,0.004760689017938136,0.0,-0.8660254037844387,0.009871036392316124,0.005110347374377988,0.009429734490230879,0.0001089518700609915,0.00010948831186397001,0.0001089518700609915
ray_gpis_uncertainty_only,Corner,19,0,0,minus_y,minus_y,0.032746540947385605,0.032746540947385605,0.0,1.0,0.0,0.025486358576342405,0.032746540947385605,0.024274996162389817,0.00023243966279551387,0.0002466125297360122,0.0002466125297360122
ray_gpis_uncertainty_only,Corner,19,0,1,minus_y,minus_x,0.1977291043898789,0.24031709443254556,0.04258799004266667,0.0,-0.5,0.24031709443254556,0.1977291043898789,0.21008215585752155,0.00018622184870764613,0.0002362264203839004,0.0001655278610996902
ray_gpis_uncertainty_only,Corner,19,0,2,plus_z,minus_x,0.06741084408373288,0.07973850831350371,0.01232766422977083,0.0,-0.8660254037844387,0.07973850831350371,0.05014560406885915,0.06741084408373288,0.00012036988482577726,0.00016432831762358546,0.00016432831762358546
ray_gpis_uncertainty_only,Corner,19,0,3,minus_x,minus_y,0.030205113047494292,0.034000503377941915,0.0037953903304476233,0.0,-0.8660254037844387,0.030205113047494292,0.034000503377941915,0.01079307737741253,0.00018142367480322719,0.00013355741975829005,0.00018142367480322719
ray_gpis_uncertainty_only,Corner,19,0,4,minus_x,minus_x,0.09571614290959685,0.09571614290959685,0.0,1.0,1.0,0.09571614290959685,0.006260391767420548,0.04261765937002182,0.0001244565355591476,0.00010832229600055143,0.00011845136032206938
ray_gpis_uncertainty_only,Corner,21,0,0,minus_x,minus_x,0.10440823350226691,0.10440823350226691,0.0,1.0,1.0,0.10440823350226691,0.10413429177104738,0.014613592141252907,0.0005391111481003463,0.0003276413190178573,0.00024980882881209254
ray_gpis_uncertainty_only,Corner,21,0,1,minus_x,minus_x,0.22266125984873086,0.22266125984873086,0.0,1.0,0.5,0.22266125984873086,0.17377828269597728,0.19504188629932107,0.00013616139767691493,0.00012809241889044642,0.00011355260357959196
ray_gpis_uncertainty_only,Corner,21,0,2,minus_y,minus_y,0.06374492663897313,0.06374492663897313,0.0,1.0,0.5,0.04748070269153548,0.06374492663897313,0.02709521218249522,0.00010693276271922514,0.00010783800826175138,0.00010777467832667753
ray_gpis_uncertainty_only,Corner,21,0,3,minus_x,plus_z,0.007530236213943442,0.01569432795345349,0.008164091739510049,0.0,0.0,0.007530236213943442,0.012807986256186399,0.01569432795345349,0.00010828504309756681,0.00010676139936549589,0.00010828504309756681
ray_gpis_uncertainty_only,Corner,21,0,4,minus_x,minus_x,0.0302283881716644,0.0302283881716644,0.0,1.0,0.0,0.0302283881716644,0.008932628884396276,0.007105336738591039,0.00010832974658114836,0.00010637024388415739,0.00010832974658114836
ray_gpis_uncertainty_only,Corner,20,0,0,minus_x,minus_x,0.0884027149158152,0.0884027149158152,0.0,1.0,1.0,0.0884027149158152,0.05507896792796718,0.03250884860545067,0.0002922305720858276,0.0002558605629019439,0.00016469898400828242
ray_gpis_uncertainty_only,Corner,20,0,1,minus_x,minus_x,0.1859662583667806,0.1859662583667806,0.0,1.0,1.0,0.1859662583667806,0.07512178919622259,0.10079000945088745,0.00015868822811171412,0.00011716613516910002,0.00013490970013663173
ray_gpis_uncertainty_only,Corner,20,0,2,minus_x,minus_x,0.052636325228237246,0.052636325228237246,0.0,1.0,0.8660254037844387,0.052636325228237246,0.008708449170866883,0.02010706080020197,0.00012310052989050746,0.00010747292981250212,0.00012310052989050746
ray_gpis_uncertainty_only,Corner,20,0,3,minus_x,plus_z,0.00741415395883549,0.02419734854712219,0.0167831945882867,0.0,0.8660254037844387,0.00741415395883549,0.004132654155589943,0.02419734854712219,0.00011599639401538298,0.00010704824671847746,0.00011599639401538298
ray_gpis_uncertainty_only,Corner,20,0,4,minus_x,minus_x,0.015051711192725858,0.015051711192725858,0.0,1.0,0.5,0.015051711192725858,0.006682517417035849,0.007321552403446452,0.00011943111167056486,0.00010893696889979765,0.00010670552001101896
ray_gpis_uncertainty_only,Corner,17,0,0,minus_x,minus_x,0.0520638737292628,0.0520638737292628,0.0,1.0,0.8660254037844387,0.0520638737292628,0.04038570745948289,0.0007274640045216163,0.00030060316203162074,0.00030060316203162074,0.00017131137428805232
ray_gpis_uncertainty_only,Corner,17,0,1,minus_x,minus_x,0.26664893799699085,0.26664893799699085,0.0,1.0,0.5,0.26664893799699085,0.09387145449025891,0.12147006948279315,0.0001570565509609878,0.00013474951265379786,0.00011177191481692716
ray_gpis_uncertainty_only,Corner,17,0,2,minus_x,plus_z,0.013332414412701499,0.015308279428877136,0.0019758650161756375,0.0,0.5,0.013332414412701499,0.013035110640855274,0.015308279428877136,0.00010831857071025297,0.00010745057807071134,0.00010778957948787138
ray_gpis_uncertainty_only,Corner,17,0,3,minus_x,minus_x,0.02034977456615994,0.02034977456615994,0.0,1.0,1.0,0.02034977456615994,0.006995464517298489,0.0043784801120755334,0.0001090487276087515,0.00010799819574458525,0.00010797956929309294
ray_gpis_uncertainty_only,Corner,17,0,4,minus_x,minus_x,0.0038662351385110316,0.0038662351385110316,0.0,1.0,1.0,0.0038662351385110316,0.0030976305157992545,0.0028094439585952813,0.00010797584400279447,0.00010726803884608671,0.00010691041097743437
ray_gpis_uncertainty_only,Corner,22,0,0,minus_x,minus_x,0.10557018850175792,0.10557018850175792,0.0,1.0,1.0,0.10557018850175792,0.057177368881129675,-0.023544434770444322,0.0007941556978039443,0.00040814856765791774,0.00019683147547766566
ray_gpis_uncertainty_only,Corner,22,0,1,minus_x,plus_z,0.13718160646782251,0.1415227067236875,0.0043411002558649825,0.0,0.5,0.13718160646782251,0.06879832179022838,0.1415227067236875,0.0001492222654633224,0.00011138820991618559,0.00012237782357260585
ray_gpis_uncertainty_only,Corner,22,0,2,minus_x,minus_x,0.108896717404389,0.108896717404389,0.0,1.0,0.5,0.108896717404389,0.023708442048386735,0.04485440014437303,0.00013180653331801295,0.00011744553194148466,0.00011165643081767485
ray_gpis_uncertainty_only,Corner,22,0,3,minus_y,plus_z,0.009057558099328733,0.06676200563115853,0.057704447531829794,0.0,0.0,0.03630909779252789,0.009057558099328733,0.06676200563115853,0.0001072494123945944,0.00010742450103862211,0.00010742450103862211
ray_gpis_uncertainty_only,Corner,22,0,4,minus_x,minus_x,0.0607511264370183,0.0607511264370183,0.0,1.0,0.8660254037844387,0.0607511264370183,0.006603227987267535,0.05918969239925054,0.00010707804904086515,0.00010654160723788664,0.00010707804904086515
ray_gpis_uncertainty_only,Corner,18,0,0,minus_x,minus_x,0.11242948070154801,0.11242948070154801,0.0,1.0,1.0,0.11242948070154801,0.03687165178541618,0.010524608834032945,0.00045630912063643336,0.0003667307901196182,0.0002677963930182159
ray_gpis_uncertainty_only,Corner,18,0,1,minus_x,minus_y,0.09331740432575053,0.12725900055056572,0.033941596224815185,0.0,-0.5,0.09331740432575053,0.12725900055056572,0.10880355957273402,0.0001606961595825851,0.00011604109749896452,0.00010956654296023771
ray_gpis_uncertainty_only,Corner,18,0,2,minus_y,minus_y,0.13968839939081434,0.13968839939081434,0.0,1.0,0.8660254037844387,0.09684358729152742,0.13968839939081434,0.071735073963622,0.0001697337138466537,0.0001697337138466537,0.00011329183325869963
ray_gpis_uncertainty_only,Corner,18,0,3,minus_y,minus_x,0.009077531200410771,0.01112305979020789,0.0020455285897971187,0.0,0.5,0.01112305979020789,0.009077531200410771,0.0074097618388468955,0.00010794976697070524,0.00010853836283786222,0.00010724568710429594
ray_gpis_uncertainty_only,Corner,18,0,4,minus_y,minus_x,0.0063683892153676425,0.006660658314199375,0.00029226909883173224,0.0,-0.5,0.006660658314199375,0.0063683892153676425,0.005667936338351387,0.00010746547923190519,0.00010949203715426847,0.00010769644723040983
ray_gpis_uncertainty_only,Corner,16,0,0,minus_x,minus_y,-0.011481648887879503,0.017203460105261636,0.02868510899314114,0.0,0.5,-0.011481648887879503,0.017203460105261636,-0.048214678248950094,0.0003676416235975921,0.00025342608569189906,0.00012416410027071834
ray_gpis_uncertainty_only,Corner,16,0,1,minus_x,minus_x,0.24780671155873846,0.24780671155873846,0.0,1.0,0.5,0.24780671155873846,0.13916639637048112,0.1522737595660686,0.00037308986065909266,0.0001693425583653152,0.0001545345294289291
ray_gpis_uncertainty_only,Corner,16,0,2,minus_y,minus_y,0.047796811797472416,0.047796811797472416,0.0,1.0,1.0,0.020733953845206488,0.047796811797472416,0.024488661147416546,0.00010732019291026518,0.00010840052709681913,0.00010818073496920988
ray_gpis_uncertainty_only,Corner,16,0,3,minus_x,plus_z,0.014344040353401533,0.014696571656427793,0.00035253130302626,0.0,-0.5,0.014344040353401533,0.011081355468108622,0.014696571656427793,0.00010737979755504057,0.00010726803884608671,0.00010708922491176054
ray_gpis_uncertainty_only,Corner,16,0,4,minus_x,minus_x,0.02166358886001396,0.02166358886001396,0.0,1.0,0.5,0.02166358886001396,0.009380503481003388,0.014555141987475984,0.00010676512465579435,0.00010647827730281278,0.00010583752737147734
ray_gpis_uncertainty_only,Corner,15,0,0,minus_x,minus_x,0.097305524464809,0.097305524464809,0.0,1.0,1.0,0.097305524464809,0.031478574680669835,0.0005468007587278167,0.0007224829751066864,0.000459475617390126,0.00016846152720972896
ray_gpis_uncertainty_only,Corner,15,0,1,minus_x,minus_x,0.12466858857833141,0.12466858857833141,0.0,1.0,1.0,0.12466858857833141,0.09352178583067738,0.08176757931372225,0.0001455342280678451,0.0001275187241844833,0.00010898167238337919
ray_gpis_uncertainty_only,Corner,15,0,2,minus_y,minus_y,0.021314887488721013,0.021314887488721013,0.0,1.0,0.5,0.009137049821399623,0.021314887488721013,0.012912478462097199,0.00010647827730281278,0.00010700354323489591,0.0001064186726580374
ray_gpis_uncertainty_only,Corner,15,0,3,minus_y,minus_y,0.05142610410191173,0.05142610410191173,0.0,1.0,1.0,0.003493133984721619,0.05142610410191173,0.00634729165429504,0.00010595301137072966,0.00010630318865878507,0.00010601261601550505
ray_gpis_uncertainty_only,Corner,15,0,4,minus_y,minus_y,0.004441698700404895,0.004441698700404895,0.0,1.0,nan,0.0032348259281933522,0.004441698700404895,0.003571459604442606,0.00010643357381923124,0.00010643357381923124,0.00010643357381923124
ray_gpis_uncertainty_only,L_Shaped,19,0,0,minus_x,minus_x,0.15512345861529775,0.15512345861529775,0.0,1.0,0.5,0.15512345861529775,0.0031064565321238247,0.021298193481502636,0.00012277456698939204,0.0001214911972056143,0.00011822598025901243
ray_gpis_uncertainty_only,L_Shaped,19,0,1,minus_x,minus_x,0.17574531506362756,0.17574531506362756,0.0,1.0,1.0,0.17574531506362756,0.13746380355654564,0.15555980011788406,0.00011099705443484709,0.00010624730930430815,0.00010634416685206816
ray_gpis_uncertainty_only,L_Shaped,19,0,2,minus_y,minus_y,0.05020687760447262,0.05020687760447262,0.0,1.0,0.8660254037844387,0.02070904580775046,0.05020687760447262,0.02035353909775084,0.00010542774543864653,0.00010556185588939115,0.00010542774543864653
ray_gpis_uncertainty_only,L_Shaped,19,0,3,minus_x,minus_y,0.012748703277714601,0.029567252874647232,0.01681854959693263,0.0,0.5,0.012748703277714601,0.029567252874647232,0.00914982289813604,0.0001058114503393881,0.00010569969163043424,0.00010553205356700346
ray_gpis_uncertainty_only,L_Shaped,19,0,4,minus_y,minus_x,0.026397083949156852,0.028853263565541853,0.0024561796163850014,0.0,0.0,0.028853263565541853,0.026397083949156852,0.026575659284071795,0.00010694021329982206,0.00010694021329982206,0.00010433996067149565
ray_gpis_uncertainty_only,L_Shaped,21,0,0,minus_x,minus_x,0.15058651911067356,0.15058651911067356,0.0,1.0,1.0,0.15058651911067356,0.013508361105899702,-0.009209752036140051,0.00012028047785861418,0.00011958198592765257,0.0001189524118672125
ray_gpis_uncertainty_only,L_Shaped,21,0,1,minus_x,minus_x,0.1563984309890959,0.1563984309890959,0.0,1.0,1.0,0.1563984309890959,0.11827070548332985,0.12429401281043861,0.00012928451178595424,0.00011965835437877104,0.00012844259617850184
ray_gpis_uncertainty_only,L_Shaped,21,0,2,minus_x,plus_z,0.005422638987390482,0.023770636339088158,0.018347997351697676,0.0,-0.5,0.005422638987390482,0.008230499439703665,0.023770636339088158,0.0001066533659468405,0.00010564381227595732,0.00010660866246325895
ray_gpis_uncertainty_only,L_Shaped,21,0,3,minus_x,minus_x,0.021730458070682968,0.021730458070682968,0.0,1.0,0.5,0.021730458070682968,0.011170842959724814,0.009896224114152474,0.00010760331497294828,0.0001052340303431265,0.00010684708104236051
ray_gpis_uncertainty_only,L_Shaped,21,0,4,minus_x,minus_x,0.004968545500473764,0.004968545500473764,0.0,1.0,1.0,0.004968545500473764,0.0043196818654496205,0.002582311859116837,0.00010536069021327421,0.00010495835886104032,0.00010484660015208647
ray_gpis_uncertainty_only,L_Shaped,20,0,0,minus_x,minus_x,0.15941895024650554,0.15941895024650554,0.0,1.0,1.0,0.15941895024650554,0.11231391049792883,-0.0024857520429147906,0.00045534427044913173,0.00026487576542422175,0.00021803210256621242
ray_gpis_uncertainty_only,L_Shaped,20,0,1,minus_x,plus_z,0.14494863886389286,0.1563516571872421,0.011403018323349223,0.0,0.5,0.14494863886389286,0.07948495090766505,0.1563516571872421,0.00013021210907027125,0.00010623613343341276,0.00012311915634199977
ray_gpis_uncertainty_only,L_Shaped,20,0,2,minus_x,minus_y,0.0498139336672726,0.058268512036347864,0.00845457836907526,0.0,-0.5,0.0498139336672726,0.058268512036347864,0.0416502101025753,0.0001160038445959799,0.00010841170296771452,0.00011507997260196134
ray_gpis_uncertainty_only,L_Shaped,20,0,3,minus_x,minus_x,0.04143283025675082,0.04143283025675082,0.0,1.0,0.0,0.04143283025675082,0.0381495499629384,0.025392987593215732,0.00011081451521022245,0.00010853463754756376,0.00011081451521022245
ray_gpis_uncertainty_only,L_Shaped,20,0,4,plus_z,minus_x,0.006348652863536475,0.015001040087530448,0.008652387223993974,0.0,0.0,0.015001040087530448,0.01095333077567695,0.006348652863536475,0.00011818313942058012,0.00010940263018710539,0.00011818313942058012
ray_gpis_uncertainty_only,L_Shaped,17,0,0,minus_x,minus_x,0.19309042173565671,0.19309042173565671,0.0,1.0,0.8660254037844387,0.19309042173565671,0.05766885129228283,0.041729505581408644,0.00046356598613783717,0.000358995224814862,0.000358995224814862
ray_gpis_uncertainty_only,L_Shaped,17,0,1,minus_x,minus_x,0.13577447164245982,0.13577447164245982,0.0,1.0,0.5,0.13577447164245982,0.10258604116107473,0.11248049637634139,0.00023296679137274623,0.00011392513260943815,0.0001132359539042227
ray_gpis_uncertainty_only,L_Shaped,17,0,2,minus_x,minus_x,0.04014544523537911,0.04014544523537911,0.0,1.0,0.8660254037844387,0.04014544523537911,0.03922968767298729,0.01599251445547567,0.00010609084711177275,0.00010609084711177275,0.00010555068001849577
ray_gpis_uncertainty_only,L_Shaped,17,0,3,minus_y,minus_x,0.02393787775505718,0.02752408570821452,0.0035862079531573388,0.0,0.5,0.02752408570821452,0.02393787775505718,0.005326019140634353,0.0001061839793692343,0.00010683217988116667,0.00010611319885356352
ray_gpis_uncertainty_only,L_Shaped,17,0,4,minus_y,minus_x,0.006694616001633347,0.01004807447300382,0.003353458471370474,0.0,0.5,0.01004807447300382,0.006694616001633347,0.00534107321821331,0.00010559910879237577,0.00010581517562968656,0.00010544264659984037
ray_gpis_uncertainty_only,L_Shaped,22,0,0,minus_y,minus_x,0.10025060416482989,0.19055229491376335,0.09030169074893346,0.0,0.8660254037844387,0.19055229491376335,0.10025060416482989,0.026438100618725646,0.0008993076044134796,0.0008993076044134796,0.00042872707126662135
ray_gpis_uncertainty_only,L_Shaped,22,0,1,minus_x,minus_x,0.2122080724067259,0.2122080724067259,0.0,1.0,0.8660254037844387,0.2122080724067259,0.1854950499110256,0.13390624365776804,0.00040700490353628993,0.00040700490353628993,0.00011185387120349333
ray_gpis_uncertainty_only,L_Shaped,22,0,2,minus_x,minus_x,0.09354331748482936,0.09354331748482936,0.0,1.0,1.0,0.09354331748482936,0.06074799143266396,0.006096107059051503,0.00013971159933134913,0.00010801682219607756,0.00010535323963267729
ray_gpis_uncertainty_only,L_Shaped,22,0,3,minus_x,minus_x,0.07133101295647815,0.07133101295647815,0.0,1.0,1.0,0.07133101295647815,0.0032354321340376524,0.007399027392794411,0.00011827999696834013,0.00010519305214984342,0.00011708417878253385
ray_gpis_uncertainty_only,L_Shaped,22,0,4,minus_x,minus_y,0.001619014913706307,0.001983938524948714,0.000364923611242407,0.0,nan,0.001619014913706307,0.001983938524948714,0.0019723202606047874,0.00010619888053042814,0.00010619888053042814,0.00010619888053042814
ray_gpis_uncertainty_only,L_Shaped,18,0,0,minus_x,minus_y,0.01712282541347332,0.043440604109745706,0.026317778696272387,0.0,0.5,0.01712282541347332,0.043440604109745706,-0.006152797500366236,0.0007257444667629898,0.0003432540106587112,0.00021192262647673488
ray_gpis_uncertainty_only,L_Shaped,18,0,1,minus_x,minus_x,0.21111919273942004,0.21111919273942004,0.0,1.0,0.5,0.21111919273942004,0.13838509708541535,0.09246589289156282,0.00012310052989050746,0.00011367926344973966,0.00012045556650264189
ray_gpis_uncertainty_only,L_Shaped,18,0,2,minus_x,minus_y,0.03905696815774273,0.044027191889913886,0.004970223732171153,0.0,0.5,0.03905696815774273,0.044027191889913886,0.0348417878832088,0.00010711157665355131,0.0001066533659468405,0.00010545382247073576
ray_gpis_uncertainty_only,L_Shaped,18,0,3,minus_x,minus_x,0.029695746030935832,0.029695746030935832,0.0,1.0,1.0,0.029695746030935832,0.011785852211327885,0.0115264263519671,0.00010959261999232695,0.00010708549962146208,0.00010529736027820036
ray_gpis_uncertainty_only,L_Shaped,18,0,4,minus_y,minus_y,0.015481524874005115,0.015481524874005115,0.0,1.0,1.0,0.006476099637221178,0.015481524874005115,0.011486876708255989,0.0001047646437655203,0.00010886618838412687,0.0001052638326655142
ray_gpis_uncertainty_only,L_Shaped,16,0,0,minus_x,minus_x,0.10742090132827387,0.10742090132827387,0.0,1.0,1.0,0.10742090132827387,0.09290722017940567,-0.0021807325085354545,0.0012274087639525533,0.0011099242838099599,0.0003029780345968902
ray_gpis_uncertainty_only,L_Shaped,16,0,1,minus_x,minus_x,0.22371162199631822,0.22371162199631822,0.0,1.0,1.0,0.22371162199631822,0.17614098059887384,0.12238749420887096,0.0004028623807244003,0.00019047613022848964,0.00010886618838412687
ray_gpis_uncertainty_only,L_Shaped,16,0,2,minus_y,minus_y,0.06265484224945306,0.06265484224945306,0.0,1.0,0.5,0.036233488768388944,0.06265484224945306,0.026923914424726303,0.00010612064943416044,0.0001064969037543051,0.00010626966104609892
ray_gpis_uncertainty_only,L_Shaped,16,0,3,plus_z,minus_x,0.010212428625615444,0.01629176264104304,0.0060793340154275954,0.0,0.0,0.01629176264104304,0.01477209478923136,0.010212428625615444,0.00010561028466327116,0.00010472739086253569,0.00010561028466327116
ray_gpis_uncertainty_only,L_Shaped,16,0,4,minus_x,minus_x,0.01499803363980401,0.01499803363980401,0.0,1.0,0.5,0.01499803363980401,0.012402999093102052,0.008588812934407275,0.00010878423199756071,0.0001049024795065634,0.00010495835886104032
ray_gpis_uncertainty_only,L_Shaped,15,0,0,minus_x,minus_x,0.15128240011916783,0.15128240011916783,0.0,1.0,0.0,0.15128240011916783,0.028544773132778922,0.042307980403512024,0.00011722387716872618,0.00011722387716872618,0.00011567974434001371
ray_gpis_uncertainty_only,L_Shaped,15,0,1,minus_x,minus_x,0.1503578863745506,0.1503578863745506,0.0,1.0,0.5,0.1503578863745506,0.07313542558603026,0.10033416618821789,0.0001530555891804397,0.00010887736425502226,0.00010780448064906523
ray_gpis_uncertainty_only,L_Shaped,15,0,2,minus_y,minus_y,0.028459887605958634,0.028459887605958634,0.0,1.0,0.8660254037844387,0.02792319157260048,0.028459887605958634,0.024742628687166035,0.00010594928608043119,0.00010594928608043119,0.00010514462337596342
ray_gpis_uncertainty_only,L_Shaped,15,0,3,minus_y,minus_y,0.018537138237947226,0.018537138237947226,0.0,1.0,0.0,0.009288018694248668,0.018537138237947226,0.01849867188749066,0.00010565126285655424,0.00010565126285655424,0.0001050589416990988
ray_gpis_uncertainty_only,L_Shaped,15,0,4,minus_y,minus_y,0.010401081354957209,0.010401081354957209,0.0,1.0,0.5,0.004830106848179305,0.010401081354957209,0.006111516274415529,0.00010520050273044035,0.00010536814079387113,0.00010433251009089872
ray_gpis_uncertainty_only,Cylinder,19,0,0,minus_x,minus_x,0.028275928364107417,0.028275928364107417,0.0,1.0,1.0,0.028275928364107417,0.010968093771397847,-0.011724473366468868,0.0005126541364006698,0.0004549642908386886,0.00015846284804865718
ray_gpis_uncertainty_only,Cylinder,19,0,1,minus_x,minus_x,0.25133963837290874,0.25133963837290874,0.0,1.0,1.0,0.25133963837290874,0.17417641563029007,0.1375254423559341,0.000526035379152745,0.00032893772004172206,0.00011930072651011869
ray_gpis_uncertainty_only,Cylinder,19,0,2,minus_x,minus_x,0.11565392022839627,0.11565392022839627,0.0,1.0,1.0,0.11565392022839627,0.054722111501764314,0.021833342474420925,0.0001573508488945663,0.00012346188304945827,0.00012131238327128813
ray_gpis_uncertainty_only,Cylinder,19,0,3,plus_z,minus_y,0.012842257366936338,0.013711362751743339,0.0008691053848070007,0.0,-1.0,0.013404388195772943,0.013711362751743339,0.012842257366936338,0.00010950693831546232,0.00010846758232219145,0.00010967457637889311
ray_gpis_uncertainty_only,Cylinder,19,0,4,minus_x,minus_x,0.01826110673154202,0.01826110673154202,0.0,1.0,0.8660254037844387,0.01826110673154202,0.00723113411951426,0.009485786779867222,0.0001105462943087332,0.0001091865633497946,0.0001091865633497946
ray_gpis_uncertainty_only,Cylinder,21,0,0,minus_x,minus_x,0.04586119142913736,0.04586119142913736,0.0,1.0,1.0,0.04586119142913736,-0.03416914155218398,-0.0382519804221676,0.0006425345200113952,0.0005183892208151519,0.00020967813907191157
ray_gpis_uncertainty_only,Cylinder,21,0,1,minus_x,minus_x,0.16001089736614127,0.16001089736614127,0.0,1.0,0.5,0.16001089736614127,0.13441687830942883,0.13489881473293353,0.000194842170458287,0.0001341981696896255,0.00013245473382994533
ray_gpis_uncertainty_only,Cylinder,21,0,2,minus_y,plus_z,0.01847941509766715,0.026309310845658462,0.007829895747991311,0.0,-1.0,0.019212117983271382,0.01847941509766715,0.026309310845658462,0.00011060962424380705,0.0001111125384340994,0.00011028552398784086
ray_gpis_uncertainty_only,Cylinder,21,0,3,minus_y,minus_y,0.04308942661658999,0.04308942661658999,0.0,1.0,0.8660254037844387,0.015190707762808953,0.04308942661658999,0.008811749841460381,0.00011207366333110258,0.00011236423597438261,0.00011207366333110258
ray_gpis_uncertainty_only,Cylinder,21,0,4,minus_y,minus_y,0.02813751769132955,0.02813751769132955,0.0,1.0,1.0,0.01843082787388206,0.02813751769132955,0.00610641065678641,0.00011437589273555204,0.00011439079389674589,0.00010990181908709928
ray_gpis_uncertainty_only,Cylinder,20,0,0,minus_x,minus_x,0.14491953392301427,0.14491953392301427,0.0,1.0,1.0,0.14491953392301427,0.02196923433126985,-0.02189072751694432,0.0007936024921946228,0.000419788237195462,0.0002091677743010223
ray_gpis_uncertainty_only,Cylinder,20,0,1,minus_x,minus_x,0.16090784060529628,0.16090784060529628,0.0,1.0,1.0,0.16090784060529628,0.10804850463657867,0.10134129823006865,0.00014539266703650355,0.0001271648216061294,0.00011528486356837675
ray_gpis_uncertainty_only,Cylinder,20,0,2,minus_y,minus_y,0.06003262114241881,0.06003262114241881,0.0,1.0,0.5,0.01887614355183509,0.06003262114241881,0.023692095494605714,0.0001143311892519705,0.00011731142149074003,0.00011323222861392424
ray_gpis_uncertainty_only,Cylinder,20,0,3,minus_x,minus_x,0.012590318685106738,0.012590318685106738,0.0,1.0,1.0,0.012590318685106738,0.010538008021202527,0.009785205224540516,0.0001135488782892935,0.00011214444384677336,0.0001120624874602072
ray_gpis_uncertainty_only,Cylinder,20,0,4,minus_x,minus_x,0.019501724532525744,0.019501724532525744,0.0,1.0,0.5,0.019501724532525744,0.011835347985021172,0.010116201112268075,0.00012140551552874967,0.00010803917393786833,0.00011011043534381315
ray_gpis_uncertainty_only,Cylinder,17,0,0,minus_x,minus_x,0.056446488860627086,0.056446488860627086,0.0,1.0,0.8660254037844387,0.056446488860627086,0.054760967995746035,0.04374028190674295,0.0005948750185780227,0.0005948750185780227,0.0003275276976637542
ray_gpis_uncertainty_only,Cylinder,17,0,1,minus_x,minus_x,0.2600546070563432,0.2600546070563432,0.0,1.0,1.0,0.2600546070563432,0.10240784911686307,0.08539267014912666,0.00019152293680235744,0.00017777661560103297,0.0001172555421362631
ray_gpis_uncertainty_only,Cylinder,17,0,2,minus_y,minus_y,0.05142684609973158,0.05142684609973158,0.0,1.0,0.8660254037844387,0.05089924189938544,0.05142684609973158,0.024319239518614033,0.0001126101051340811,0.0001126101051340811,0.00010939517960650846
ray_gpis_uncertainty_only,Cylinder,17,0,3,minus_x,minus_x,0.02114313776586374,0.02114313776586374,0.0,1.0,0.5,0.02114313776586374,0.010020480897363293,0.009304459741110493,0.00011136958346469328,0.00010974163160426542,0.00010976770863635466
ray_gpis_uncertainty_only,Cylinder,17,0,4,plus_z,minus_x,0.010220316092229953,0.01660386525896207,0.0063835491667321165,0.0,0.5,0.01660386525896207,0.0077273861076488926,0.010220316092229953,0.00010870972619159147,0.00010852346167666838,0.0001090002988348715
ray_gpis_uncertainty_only,Cylinder,22,0,0,minus_x,minus_x,0.14861695400138575,0.14861695400138575,0.0,1.0,0.5,0.14861695400138575,0.06719213043539307,0.037608307151273945,0.0009905752958729863,0.0005473719793371856,0.0005688911187462509
ray_gpis_uncertainty_only,Cylinder,22,0,1,minus_x,minus_x,0.18814295802918668,0.18814295802918668,0.0,1.0,0.5,0.18814295802918668,0.13992251723802518,0.11767475658797433,0.00025543401716277003,0.00011636892304522917,0.00014022941468283534
ray_gpis_uncertainty_only,Cylinder,22,0,2,minus_x,minus_x,0.06882936000790141,0.06882936000790141,0.0,1.0,0.5,0.06882936000790141,0.0628871516028251,0.01996730086279397,0.00011526623711688444,0.00010992789611918852,0.00011320987687213346
ray_gpis_uncertainty_only,Cylinder,22,0,3,minus_x,minus_y,0.010727373014031705,0.01508445639761824,0.004357083383586535,0.0,-0.5,0.010727373014031705,0.01508445639761824,0.010656467235708567,0.00011163780436618254,0.00011013651237590238,0.00011084804282290861
ray_gpis_uncertainty_only,Cylinder,22,0,4,plus_z,minus_x,0.007068586545750821,0.011630325750866866,0.004561739205116044,0.0,0.0,0.011630325750866866,0.011501197573677846,0.007068586545750821,0.00011360103235347196,0.00010954419121844694,0.00011360103235347196
ray_gpis_uncertainty_only,Cylinder,18,0,0,minus_x,minus_x,-0.024653329821031522,-0.024653329821031522,0.0,1.0,1.0,-0.024653329821031522,-0.02561779056895086,-0.06436072006478599,0.0008728636312298477,0.0005480537074618042,0.00024738366482779384
ray_gpis_uncertainty_only,Cylinder,18,0,1,minus_x,minus_x,0.21241509292549077,0.21241509292549077,0.0,1.0,0.5,0.21241509292549077,0.177504608071807,0.1968479110715654,0.00018984655616804957,0.000125540595036,0.00011709535465342924
ray_gpis_uncertainty_only,Cylinder,18,0,2,minus_x,minus_y,0.0639577412583795,0.10147480760447647,0.03751706634609697,0.0,0.5,0.0639577412583795,0.10147480760447647,0.034646959918371856,0.00011630559311015531,0.00011411884770495817,0.00011338124022586271
ray_gpis_uncertainty_only,Cylinder,18,0,3,minus_x,minus_x,0.05483680019836101,0.05483680019836101,0.0,1.0,0.8660254037844387,0.05483680019836101,0.035806257870183655,0.023876464515846685,0.00011397728667361662,0.0001124536429415457,0.0001124536429415457
ray_gpis_uncertainty_only,Cylinder,18,0,4,minus_x,minus_x,0.028643416261944443,0.028643416261944443,0.0,1.0,0.5,0.028643416261944443,0.019583624086286666,0.018888195835740862,0.00011224875197513029,0.00011029669985873625,0.00011140311107737944
ray_gpis_uncertainty_only,Cylinder,16,0,0,minus_x,plus_z,0.0687323362032799,0.07266318187832077,0.003930845675040873,0.0,-0.5,0.0687323362032799,0.014608246727984553,0.07266318187832077,0.0006520638125948608,0.0005699640023522079,0.00017317774472758174
ray_gpis_uncertainty_only,Cylinder,16,0,1,minus_x,minus_x,0.17706362996531821,0.17706362996531821,0.0,1.0,1.0,0.17706362996531821,0.13234641184242046,0.0586499768217662,0.0002531876671127975,0.00019053200958296657,0.00011127272591693327
ray_gpis_uncertainty_only,Cylinder,16,0,2,minus_y,minus_y,0.059077642973418776,0.059077642973418776,0.0,1.0,1.0,0.057520684062983385,0.059077642973418776,0.03231900822419831,0.00012133100972278044,0.0001214129661093466,0.00011081451521022245
ray_gpis_uncertainty_only,Cylinder,16,0,3,minus_y,minus_x,0.03043993139767298,0.03270492509842371,0.002264993700750728,0.0,0.5,0.03270492509842371,0.03043993139767298,0.007409518026980644,0.00011212581739528105,0.0001131279204855673,0.00011075491056544706
ray_gpis_uncertainty_only,Cylinder,16,0,4,minus_x,minus_x,0.010545388181773974,0.010545388181773974,0.0,1.0,0.8660254037844387,0.010545388181773974,0.007204419121176309,0.005656886261749761,0.00011037865624530241,0.00011037865624530241,0.000108560714579653
ray_gpis_uncertainty_only,Cylinder,15,0,0,minus_x,minus_x,0.14066458088581668,0.14066458088581668,0.0,1.0,1.0,0.14066458088581668,0.06727750383773023,0.02898147285694941,0.0006090646493248641,0.0005196185666136444,0.0001731218653731048
ray_gpis_uncertainty_only,Cylinder,15,0,1,minus_x,minus_x,0.14515861057194623,0.14515861057194623,0.0,1.0,1.0,0.14515861057194623,0.12946153943058125,0.05638060990428717,0.00014684925554320216,0.00011760944471461698,0.00011042708501918241
ray_gpis_uncertainty_only,Cylinder,15,0,2,minus_x,minus_y,0.009741092542182028,0.04903080188926712,0.03928970934708509,0.0,-0.8660254037844387,0.009741092542182028,0.04903080188926712,0.04349514708517277,0.00010961497173411772,0.00010812485561473295,0.00010961497173411772
ray_gpis_uncertainty_only,Cylinder,15,0,3,plus_z,minus_x,0.005430215596773813,0.047087446833233515,0.0416572312364597,0.0,-0.5,0.047087446833233515,0.019423084501733023,0.005430215596773813,0.00010969692812068388,0.00010948086128337309,0.00011029297456843778
ray_gpis_uncertainty_only,Cylinder,15,0,4,minus_x,minus_y,0.02062030136729809,0.023923584143483723,0.0033032827761856343,0.0,0.5,0.02062030136729809,0.023923584143483723,0.0030592120413969193,0.00010960752115352079,0.00010846385703189299,0.0001080615256796591
ray_gpis_uncertainty_only,Cross,19,0,0,minus_y,minus_x,0.08772121883366446,0.10401887899783846,0.016297660164174,0.0,0.5,0.10401887899783846,0.08772121883366446,0.08602401550121319,0.00021520088193938136,0.00022685358999297023,0.00018232892034575343
ray_gpis_uncertainty_only,Cross,19,0,1,minus_y,minus_x,0.16393561384267918,0.18038390852060848,0.016448294677929298,0.0,0.8660254037844387,0.18038390852060848,0.16393561384267918,0.11300851376743948,0.0001583380508236587,0.0001583380508236587,0.00012695248005911708
ray_gpis_uncertainty_only,Cross,19,0,2,minus_y,minus_x,0.08166885251468992,0.08475136017484508,0.003082507660155165,0.0,0.5,0.08475136017484508,0.08166885251468992,0.04260102770342089,0.00012402067659422755,0.0001324659097008407,0.00011076608643634245
ray_gpis_uncertainty_only,Cross,19,0,3,minus_y,minus_y,0.053310615711555265,0.053310615711555265,0.0,1.0,0.5,0.041508111555236704,0.053310615711555265,0.017931772255286083,0.00010876188025576994,0.00010989809379680082,0.00010980496153933927
ray_gpis_uncertainty_only,Cross,19,0,4,minus_y,minus_x,0.014612618212472284,0.02363890455487938,0.009026286342407097,0.0,-0.5,0.02363890455487938,0.014612618212472284,0.009254230443403455,0.00010637024388415739,0.0001125020717154257,0.00010663473949534819
ray_gpis_uncertainty_only,Cross,21,0,0,minus_x,minus_x,0.01073248244728886,0.01073248244728886,0.0,1.0,1.0,0.01073248244728886,-0.01670689424943317,-0.04630254432098002,0.00047997775254771113,0.00045570189831778407,0.00024509074864909053
ray_gpis_uncertainty_only,Cross,21,0,1,minus_x,minus_x,0.226760891126495,0.226760891126495,0.0,1.0,1.0,0.226760891126495,0.1372480701876655,0.11112074268575078,0.0002773759770207107,0.00014921481488272548,0.00012225116370245814
ray_gpis_uncertainty_only,Cross,21,0,2,minus_x,plus_z,0.03948980663895718,0.05923814733616395,0.019748340697206768,0.0,0.0,0.03948980663895718,0.05320226769619596,0.05923814733616395,0.00010785663471324369,0.00010670924530131742,0.00010785663471324369
ray_gpis_uncertainty_only,Cross,21,0,3,minus_x,minus_x,0.03579978810543538,0.03579978810543538,0.0,1.0,0.5,0.03579978810543538,0.022379054488122052,0.013795920632729719,0.00010907107935054228,0.00010764801845652983,0.00010773742542369291
ray_gpis_uncertainty_only,Cross,21,0,4,minus_x,minus_x,0.014334895771730305,0.014334895771730305,0.0,1.0,1.0,0.014334895771730305,0.00681870841321619,0.007077843524357363,0.00011118704424006864,0.00010512227163417265,0.00010587850556476042
ray_gpis_uncertainty_only,Cross,20,0,0,minus_x,minus_x,0.02339766525732212,0.02339766525732212,0.0,1.0,1.0,0.02339766525732212,0.011959646459723805,-0.025509696672445625,0.0010433142306283116,0.0006844291347078979,0.000245336617808789
ray_gpis_uncertainty_only,Cross,20,0,1,minus_x,minus_y,0.22161091843716152,0.24938718360318268,0.027776265166021163,0.0,0.8660254037844387,0.22161091843716152,0.24938718360318268,0.18371369272277505,0.00046175922034308314,0.00046175922034308314,0.0001161118780146353
ray_gpis_uncertainty_only,Cross,20,0,2,minus_x,minus_x,0.09233464231158273,0.09233464231158273,0.0,1.0,1.0,0.09233464231158273,0.07891800865976317,0.0520293575277061,0.00014171208022162318,0.00014046038268133998,0.00010750273213488981
ray_gpis_uncertainty_only,Cross,20,0,3,minus_y,minus_y,0.044270019255305604,0.044270019255305604,0.0,1.0,1.0,0.03566923401956412,0.044270019255305604,0.012797167510605778,0.0001088438366423361,0.00011078471288783476,0.00010729039058787748
ray_gpis_uncertainty_only,Cross,20,0,4,minus_x,minus_x,0.021700254535104047,0.021700254535104047,0.0,1.0,0.8660254037844387,0.021700254535104047,0.021079197516424175,0.007621798796184409,0.00010603496775729582,0.00010603496775729582,0.00010602379188640043
ray_gpis_uncertainty_only,Cross,17,0,0,minus_y,minus_x,0.0760227862094166,0.09927423807925706,0.023251451869840456,0.0,0.5,0.09927423807925706,0.0760227862094166,0.048908788343229315,0.0002893807250075042,0.0003635382163338363,0.00019581447122618556
ray_gpis_uncertainty_only,Cross,17,0,1,minus_x,minus_x,0.16130324122557282,0.16130324122557282,0.0,1.0,0.5,0.16130324122557282,0.15126244542420264,0.10914439367919337,0.0002471303450874984,0.00018518994329497218,0.00023336912272498012
ray_gpis_uncertainty_only,Cross,17,0,2,minus_x,minus_x,0.05128217022509718,0.05128217022509718,0.0,1.0,1.0,0.05128217022509718,0.04202439990902851,0.02658191521469211,0.00016438047168776393,0.0001124536429415457,0.00011072510824305937
ray_gpis_uncertainty_only,Cross,17,0,3,minus_x,minus_x,0.0692290303752987,0.0692290303752987,0.0,1.0,1.0,0.0692290303752987,0.015656731140988867,0.025346026450318804,0.0001338852453045547,0.00010752508387668058,0.00012295524356886744
ray_gpis_uncertainty_only,Cross,17,0,4,minus_x,minus_x,0.049521896988165115,0.049521896988165115,0.0,1.0,0.5,0.049521896988165115,0.008925814723621861,0.00502644144340314,0.00010884011135203764,0.0001053904925356619,0.00010595673666102812
ray_gpis_uncertainty_only,Cross,22,0,0,minus_x,minus_x,0.11610409083178419,0.11610409083178419,0.0,1.0,1.0,0.11610409083178419,0.08993021642307486,0.0063108400293196976,0.0002605767804197967,0.0002494623768143356,0.0001433083671145141
ray_gpis_uncertainty_only,Cross,22,0,1,minus_y,minus_x,0.14875009219828528,0.16598166052217833,0.017231568323893054,0.0,0.0,0.16598166052217833,0.14875009219828528,0.15034742427660708,0.0001364482450298965,0.0001364482450298965,0.00011163035378558561
ray_gpis_uncertainty_only,Cross,22,0,2,minus_x,minus_x,0.11670118189221457,0.11670118189221457,0.0,1.0,1.0,0.11670118189221457,0.019855747371946175,0.021470174908709172,0.00011882761464221403,0.00010824033961398527,0.00010938400373561308
ray_gpis_uncertainty_only,Cross,22,0,3,minus_x,plus_z,0.017434835346427202,0.01967429092982287,0.0022394555833956664,0.0,0.5,0.017434835346427202,0.012310128847910606,0.01967429092982287,0.0001086873744498007,0.0001070147191057913,0.00010752880916697904
ray_gpis_uncertainty_only,Cross,22,0,4,minus_x,minus_x,0.018890981762688108,0.018890981762688108,0.0,1.0,1.0,0.018890981762688108,0.005949617399628182,0.010777274064724729,0.00010815465793712065,0.00010537931666476652,0.00010686570749385282
ray_gpis_uncertainty_only,Cross,18,0,0,minus_x,minus_x,0.04467075158398637,0.04467075158398637,0.0,1.0,1.0,0.04467075158398637,0.0025200056254051084,-0.036253023747784496,0.0001193975840578787,0.00011849420116050169,0.00011789256677730009
ray_gpis_uncertainty_only,Cross,18,0,1,minus_x,minus_x,0.2209303890451324,0.2209303890451324,0.0,1.0,0.5,0.2209303890451324,0.12354126745695959,0.13628418581021517,0.00020285154459998012,0.0001303536701016128,0.00011253559932811186
ray_gpis_uncertainty_only,Cross,18,0,2,minus_x,minus_x,0.04220039478477133,0.04220039478477133,0.0,1.0,0.5,0.04220039478477133,0.035494805154209996,0.041019088649075774,0.00010783428297145292,0.00010749528155429289,0.00010729039058787748
ray_gpis_uncertainty_only,Cross,18,0,3,plus_z,minus_x,0.01269500533810708,0.019927556400653912,0.0072325510625468326,0.0,-0.5,0.019927556400653912,0.011903181699729815,0.01269500533810708,0.00010651180491549894,0.00010664964065654203,0.00010711157665355131
ray_gpis_uncertainty_only,Cross,18,0,4,minus_x,minus_x,0.030153685490190374,0.030153685490190374,0.0,1.0,0.5,0.030153685490190374,0.02063762174889061,0.016309871234254092,0.00010656768426997587,0.00010541284427745268,0.00010568106517894194
ray_gpis_uncertainty_only,Cross,16,0,0,minus_x,minus_y,-0.0027733130064299116,-0.0013885349723541385,0.0013847780340757732,0.0,0.5,-0.0027733130064299116,-0.0013885349723541385,-0.027184662423461292,0.0004387723165564239,0.00019948015687987208,0.00015043857274577022
ray_gpis_uncertainty_only,Cross,16,0,1,minus_x,minus_x,0.20813206582503285,0.20813206582503285,0.0,1.0,0.5,0.20813206582503285,0.11230428638449075,0.1283881743321592,0.00020335818408057094,0.00012880394933745265,0.00011377612099749967
ray_gpis_uncertainty_only,Cross,16,0,2,minus_y,minus_x,0.10573070774545967,0.11034138340732746,0.004610675661867791,0.0,0.8660254037844387,0.11034138340732746,0.10573070774545967,0.03256443241373541,0.00012647936819121242,0.00012647936819121242,0.0001074058745871298
ray_gpis_uncertainty_only,Cross,16,0,3,minus_x,minus_x,0.035980182606615174,0.035980182606615174,0.0,1.0,0.5,0.035980182606615174,0.028798157359741894,0.03462516213756328,0.00010839307651622221,0.00010664964065654203,0.000106262210465502
ray_gpis_uncertainty_only,Cross,16,0,4,plus_z,minus_x,0.008639733951716022,0.013854083321702682,0.005214349369986659,0.0,-1.0,0.013854083321702682,0.012348620598437554,0.008639733951716022,0.00010483914957148954,0.00010506639227969572,0.00010524148092372343
ray_gpis_uncertainty_only,Cross,15,0,0,minus_x,minus_x,0.1214687075550267,0.1214687075550267,0.0,1.0,1.0,0.1214687075550267,0.06303462085889588,0.015280712312657041,0.00030113401589915156,0.00028393062530085444,0.00012118013546569273
ray_gpis_uncertainty_only,Cross,15,0,1,minus_x,minus_x,0.11041561729219673,0.11041561729219673,0.0,1.0,1.0,0.11041561729219673,0.09865708237741488,0.05672134238268878,0.00019510294077917933,0.00013960356591269374,0.00010972300515277311
ray_gpis_uncertainty_only,Cross,15,0,2,minus_x,minus_x,0.1019439029687863,0.1019439029687863,0.0,1.0,1.0,0.1019439029687863,0.04646317633370389,0.011713172717498832,0.000146130274515599,0.00011157447443110868,0.00010780075535876676
ray_gpis_uncertainty_only,Cross,15,0,3,minus_x,minus_x,0.039692993290525225,0.039692993290525225,0.0,1.0,nan,0.039692993290525225,0.03950395698067688,0.010670714880483101,0.0001080913280020468,0.0001080913280020468,0.0001080913280020468
ray_gpis_uncertainty_only,Cross,15,0,4,plus_z,minus_y,0.004948679780558907,0.0058006875617353515,0.0008520077811764448,0.0,-1.0,0.0054264883987722445,0.0058006875617353515,0.004948679780558907,0.0001060275171766989,0.00010591575846774504,0.00010614300117595121
ray_gpis_uncertainty_only,Bowl,19,0,0,minus_x,minus_x,0.20504868208444005,0.20504868208444005,0.0,1.0,0.5,0.20504868208444005,0.13479759809227987,0.168187943579593,0.0005197564023546875,0.00016791390953585505,0.0001325609046034515
ray_gpis_uncertainty_only,Bowl,19,0,1,plus_z,minus_y,0.14274045453140483,0.16972367918163245,0.026983224650227622,0.0,0.5,0.10077191409818731,0.16972367918163245,0.14274045453140483,0.0001344142365269363,0.00017005036352202296,0.0002770854043774307
ray_gpis_uncertainty_only,Bowl,19,0,2,plus_z,minus_y,0.005546224552240631,0.04932972293424176,0.04378349838200113,0.0,-0.5,0.008193026560961103,0.04932972293424176,0.005546224552240631,0.00010993162140948698,0.0001845119404606521,0.00024176592705771327
ray_gpis_uncertainty_only,Bowl,19,0,3,plus_z,minus_y,0.005487408821817863,0.028988310411910412,0.02350090159009255,0.0,0.5,0.0028053226590968317,0.028988310411910412,0.005487408821817863,0.00010900774941546842,0.00012817810056731105,0.00023842434165999293
ray_gpis_uncertainty_only,Bowl,19,0,4,plus_z,minus_x,0.002355785916538622,0.05662050930283424,0.05426472338629562,0.0,-0.8660254037844387,0.05662050930283424,0.0016712668791041274,0.002355785916538622,0.00020196492550894618,0.00028310547349974513,0.00028310547349974513
ray_gpis_uncertainty_only,Bowl,21,0,0,minus_x,minus_y,0.10972676659364922,0.15563358889521972,0.045906822301570505,0.0,0.5,0.10972676659364922,0.15563358889521972,0.09977335141373378,0.0004541521775536239,0.00028865988133475184,0.00014622899470850825
ray_gpis_uncertainty_only,Bowl,21,0,1,plus_z,minus_x,0.13440888438886867,0.16057754556506654,0.02616866117619787,0.0,0.8660254037844387,0.16057754556506654,0.08583451278928778,0.13440888438886867,0.0002533739316277206,0.0002167133498005569,0.0002533739316277206
ray_gpis_uncertainty_only,Bowl,21,0,2,minus_y,minus_y,0.06430742413814605,0.06430742413814605,0.0,1.0,0.0,0.0246560326325308,0.06430742413814605,0.021993015535707983,0.00012316013453528285,0.00021052936790511012,0.00021052936790511012
ray_gpis_uncertainty_only,Bowl,21,0,3,plus_z,minus_y,0.010453311177958446,0.012958942505895465,0.002505631327937019,0.0,-0.5,0.009613254289177142,0.012958942505895465,0.010453311177958446,0.00011420825467212126,0.00010830366954905912,0.00018333102343603969
ray_gpis_uncertainty_only,Bowl,21,0,4,plus_z,minus_x,0.009345591780985707,0.017319872785609647,0.00797428100462394,0.0,0.5,0.017319872785609647,0.006423113476953346,0.009345591780985707,0.00015638972399756312,0.00013026053784415126,0.0001951662707142532
ray_gpis_uncertainty_only,Bowl,20,0,0,minus_x,minus_x,0.18461578490759678,0.18461578490759678,0.0,1.0,1.0,0.18461578490759678,0.1713550678087189,0.11975910011535174,0.0005229825037531555,0.000255635182838887,0.00013287569163367152
ray_gpis_uncertainty_only,Bowl,20,0,1,minus_y,plus_z,0.09546435760454297,0.10612180790557091,0.010657450301027938,0.0,0.5,0.07306730053989663,0.09546435760454297,0.10612180790557091,0.00021650473354384303,0.00035212020156905055,0.0003160519408993423
ray_gpis_uncertainty_only,Bowl,20,0,2,plus_z,minus_x,0.023271374765142516,0.08174164123721706,0.05847026647207454,0.0,0.5,0.08174164123721706,0.005261033826572503,0.023271374765142516,0.00012840534327551723,0.00012807379243895411,0.00023566390154883265
ray_gpis_uncertainty_only,Bowl,20,0,3,plus_z,minus_x,0.0026559706494126978,0.06282440544831258,0.060168434798899884,0.0,-1.0,0.06282440544831258,0.057734527078733944,0.0026559706494126978,0.00013606081483885646,0.0001587403821758926,0.00033767352579161525
ray_gpis_uncertainty_only,Bowl,20,0,4,plus_z,minus_y,0.0009878815844907018,0.04063360400644411,0.03964572242195341,0.0,-0.5,0.010561280650086102,0.04063360400644411,0.0009878815844907018,0.00013289059279486537,0.00017281080363318324,0.0003550520050339401
ray_gpis_uncertainty_only,Bowl,17,0,0,minus_y,plus_z,0.05950442373598386,0.09564206190060875,0.0361376381646249,0.0,-1.0,0.06999484515622845,0.05950442373598386,0.09564206190060875,0.00030138547299429774,0.00038194115040823817,0.00027482229052111506
ray_gpis_uncertainty_only,Bowl,17,0,1,plus_z,minus_y,0.12463237069103172,0.19502020861916813,0.07038783792813641,0.0,0.0,0.17389910829484256,0.19502020861916813,0.12463237069103172,0.00013946200488135219,0.0002687780070118606,0.0002687780070118606
ray_gpis_uncertainty_only,Bowl,17,0,2,plus_z,minus_x,0.03229275213184224,0.09063038256952627,0.05833763043768403,0.0,-1.0,0.09063038256952627,0.07883663375829675,0.03229275213184224,0.00011745298252208158,0.00018476526020094752,0.00026645715115591884
ray_gpis_uncertainty_only,Bowl,17,0,3,plus_z,minus_x,0.010013710444616075,0.07267328167826848,0.0626595712336524,0.0,-1.0,0.07267328167826848,0.024057659453221136,0.010013710444616075,0.0001488311099819839,0.00026678870199248195,0.00038385967491194606
ray_gpis_uncertainty_only,Bowl,17,0,4,plus_z,minus_x,0.007581682771125364,0.10720241050368329,0.09962072773255792,0.0,-1.0,0.10720241050368329,0.06683156052186812,0.007581682771125364,0.0001609010505490005,0.0002125745522789657,0.0003818293916992843
ray_gpis_uncertainty_only,Bowl,22,0,0,plus_z,minus_y,-0.00825366302830055,0.051121698368653434,0.059375361396953985,0.0,-0.5,-0.026843101937356728,0.051121698368653434,-0.00825366302830055,0.0003755951183848083,0.0003133809077553451,0.00044277700362727046
ray_gpis_uncertainty_only,Bowl,22,0,1,plus_z,minus_x,0.16934615348725535,0.18212628543756426,0.012780131950308915,0.0,0.0,0.18212628543756426,0.1585278578795255,0.16934615348725535,0.0002678317832760513,0.0002678317832760513,0.00027790869353339076
ray_gpis_uncertainty_only,Bowl,22,0,2,plus_z,minus_x,0.029828614585511892,0.15957130915409834,0.12974269456858645,0.0,-0.5,0.15957130915409834,0.07185065153247461,0.029828614585511892,0.00019364635227248073,0.0001399313914589584,0.0002523755538277328
ray_gpis_uncertainty_only,Bowl,22,0,3,plus_z,minus_x,0.02793024999713012,0.12199001131855891,0.09405976132142879,0.0,-0.8660254037844387,0.12199001131855891,0.10754106823205722,0.02793024999713012,0.00032304058549925685,0.0004413707065396011,0.0004413707065396011
ray_gpis_uncertainty_only,Bowl,22,0,4,minus_y,minus_x,0.026485693793934284,0.04489616704587074,0.018410473251936454,0.0,-0.8660254037844387,0.04489616704587074,0.026485693793934284,0.003595955941609774,0.00013823265908285975,0.00045605580089613795,0.00045605580089613795
ray_gpis_uncertainty_only,Bowl,18,0,0,plus_z,minus_x,0.025162670374000107,0.18193238827763114,0.15676971790363103,0.0,-1.0,0.18193238827763114,0.10089551192014035,0.025162670374000107,0.00011978687689406797,0.00022144633112475276,0.00029158423421904445
ray_gpis_uncertainty_only,Bowl,18,0,1,plus_z,minus_x,0.027539571388843553,0.15497559026062224,0.1274360188717787,0.0,-1.0,0.15497559026062224,0.1342088198528687,0.027539571388843553,0.00012465397594496608,0.00016347895143553615,0.00022594089386984706
ray_gpis_uncertainty_only,Bowl,18,0,2,plus_z,minus_x,0.04838991341012533,0.14607434061829372,0.09768442720816839,0.0,-0.8660254037844387,0.14607434061829372,0.01348313174890492,0.04838991341012533,0.00013151596067473292,0.00027364696143195033,0.00027364696143195033
ray_gpis_uncertainty_only,Bowl,18,0,3,plus_z,minus_x,0.008808305289541574,0.16661623597571396,0.15780793068617238,0.0,-0.8660254037844387,0.16661623597571396,0.03919786554179372,0.008808305289541574,0.00011413374886615202,0.00024092401145026088,0.00024092401145026088
ray_gpis_uncertainty_only,Bowl,18,0,4,plus_z,minus_x,0.00701836712635151,0.15010583977778114,0.14308747265142963,0.0,-1.0,0.15010583977778114,0.08150711040690117,0.00701836712635151,0.0001136569117079489,0.00021066347835585475,0.0003318956005387008
ray_gpis_uncertainty_only,Bowl,16,0,0,minus_x,minus_y,0.07830293241210062,0.15063415126726798,0.07233121885516736,0.0,-0.8660254037844387,0.07830293241210062,0.15063415126726798,0.12092237149184792,0.00025504286168143153,0.00021493079839274287,0.00025504286168143153
ray_gpis_uncertainty_only,Bowl,16,0,1,minus_y,minus_y,0.1835162567151487,0.1835162567151487,0.0,1.0,1.0,0.13317354579527296,0.1835162567151487,0.14255304169772554,0.00013205985305830836,0.0002940056729130447,0.00016349757788702846
ray_gpis_uncertainty_only,Bowl,16,0,2,plus_z,minus_x,0.0059875643732215655,0.07358408714961762,0.06759652277639605,0.0,-0.8660254037844387,0.07358408714961762,0.01845783373820853,0.0059875643732215655,0.00010915303573710844,0.0002462325501255691,0.0002462325501255691
ray_gpis_uncertainty_only,Bowl,16,0,3,plus_z,minus_y,0.002782465372208498,0.053710196334102345,0.05092773096189385,0.0,-0.5,0.02025631822308649,0.053710196334102345,0.002782465372208498,0.00011291185364825651,0.00020171160576865077,0.00035345013020560145
ray_gpis_uncertainty_only,Bowl,16,0,4,minus_y,minus_x,0.015990779083984386,0.04674344664830765,0.030752667564323266,0.0,-0.8660254037844387,0.04674344664830765,0.015990779083984386,0.0038729343366981084,0.00012025440082652494,0.0003720318782143295,0.0003720318782143295
ray_gpis_uncertainty_only,Bowl,15,0,0,minus_y,minus_y,0.20441990467044446,0.20441990467044446,0.0,1.0,1.0,0.10783699106622668,0.20441990467044446,0.03341527630355523,0.0008014498162083328,0.0008935520309023559,0.0003746097791008651
ray_gpis_uncertainty_only,Bowl,15,0,1,minus_y,minus_y,0.14104453021285235,0.14104453021285235,0.0,1.0,0.8660254037844387,0.11105389517489128,0.14104453021285235,0.11475909219772185,0.0001316165435127914,0.00026951561449095607,0.00026951561449095607
ray_gpis_uncertainty_only,Bowl,15,0,2,plus_z,minus_x,0.02648698341900879,0.0611278854837739,0.03464090206476511,0.0,-1.0,0.0611278854837739,0.05990777312460227,0.02648698341900879,0.00012349168537184596,0.00017727742670103908,0.0001892169821076095
ray_gpis_uncertainty_only,Bowl,15,0,3,plus_z,minus_x,0.013119809939602822,0.04473670442144473,0.031616894481841906,0.0,-0.8660254037844387,0.04473670442144473,0.03493974884345585,0.013119809939602822,0.00013096461771056056,0.00013096461771056056,0.00021259317873045802
ray_gpis_uncertainty_only,Bowl,15,0,4,plus_z,minus_x,0.007412193354393359,0.06192190196937375,0.05450970861498039,0.0,0.5,0.06192190196937375,0.006555558897735292,0.007412193354393359,0.0002553185331635177,0.00024591590045019984,0.0002791194128803909
ray_gpis_uncertainty_only,Cube,19,0,0,minus_x,minus_x,0.06147978547287969,0.06147978547287969,0.0,1.0,1.0,0.06147978547287969,0.021002687094282546,0.013628843860856277,0.000512655999045819,0.00045548396883532405,0.00020742433844134212
ray_gpis_uncertainty_only,Cube,19,0,1,minus_x,minus_x,0.21987765836891493,0.21987765836891493,0.0,1.0,1.0,0.21987765836891493,0.09794318512705247,0.10415983686613206,0.0006834102678112686,0.0001626705634407699,0.00020305271027609706
ray_gpis_uncertainty_only,Cube,19,0,2,plus_z,minus_y,0.04807904744425717,0.049980139522068145,0.001901092077810973,0.0,-1.0,0.048585186053210716,0.049980139522068145,0.04807904744425717,0.00016461143968626857,0.00014274026034399867,0.00018544698832556605
ray_gpis_uncertainty_only,Cube,19,0,3,minus_x,minus_x,0.09577371129812007,0.09577371129812007,0.0,1.0,0.5,0.09577371129812007,0.028651485877580818,0.007031234837878042,0.00021648610709235072,0.00010900402412516996,0.00013644079444929957
ray_gpis_uncertainty_only,Cube,19,0,4,plus_z,minus_x,0.018753409052351455,0.03405810331442283,0.015304694262071372,0.0,0.8660254037844387,0.03405810331442283,0.0186686043732035,0.018753409052351455,0.00010830366954905912,0.00010759586439235136,0.00010830366954905912
ray_gpis_uncertainty_only,Cube,21,0,0,minus_x,minus_x,0.08998874754333042,0.08998874754333042,0.0,1.0,0.5,0.08998874754333042,-0.03024528235498536,-0.027916269902680813,0.0004437232273630798,0.0002317374455742538,0.00016034039435908198
ray_gpis_uncertainty_only,Cube,21,0,1,minus_x,minus_x,0.11777505792783838,0.11777505792783838,0.0,1.0,0.5,0.11777505792783838,0.09386297708885194,0.08535911346578817,0.00019582564709708095,0.00011697987065417692,0.00012189352855784819
ray_gpis_uncertainty_only,Cube,21,0,2,minus_x,minus_x,0.13214310550899855,0.13214310550899855,0.0,1.0,1.0,0.13214310550899855,0.05362196580435041,0.01920504895440034,0.00018991733668372035,0.00011948699102504179,0.00011650675878627226
ray_gpis_uncertainty_only,Cube,21,0,3,minus_x,minus_x,0.011703086055043443,0.011703086055043443,0.0,1.0,0.5,0.011703086055043443,0.009973658287471654,0.009628986326751687,0.0001114850674639456,0.0001067017947207205,0.00010872090206248686
ray_gpis_uncertainty_only,Cube,21,0,4,minus_x,minus_x,0.02625385678990777,0.02625385678990777,0.0,1.0,0.8660254037844387,0.02625385678990777,0.005126384118830707,0.007764603795926361,0.00011402199015719816,0.00010669806943042204,0.00011402199015719816
ray_gpis_uncertainty_only,Cube,20,0,0,minus_x,minus_x,0.13745190277075015,0.13745190277075015,0.0,1.0,0.5,0.13745190277075015,0.051856721416646545,0.0582003176486976,0.0004696270334534347,0.0003699382650665939,0.00015874969540163875
ray_gpis_uncertainty_only,Cube,20,0,1,minus_x,minus_x,0.14878087223715586,0.14878087223715586,0.0,1.0,0.5,0.14878087223715586,0.0994052189138116,0.12811036719086255,0.00017637963173910975,0.0001418387400917709,0.00010847130761248991
ray_gpis_uncertainty_only,Cube,20,0,2,minus_y,minus_y,0.03190471865766187,0.03190471865766187,0.0,1.0,0.5,0.030457039345409442,0.03190471865766187,0.018937267858613493,0.00010548735008342192,0.00010585615382296965,0.00010556185588939115
ray_gpis_uncertainty_only,Cube,20,0,3,plus_z,minus_y,0.008883039271674331,0.010917521766845684,0.0020344824951713525,0.0,-1.0,0.010799288362622339,0.010917521766845684,0.008883039271674331,0.0001053904925356619,0.0001053122614393942,0.0001054687236319296
ray_gpis_uncertainty_only,Cube,20,0,4,minus_x,minus_x,0.010054191343738972,0.010054191343738972,0.0,1.0,0.5,0.010054191343738972,0.006057592948626067,0.008202641486470319,0.00010540539369685575,0.00010530108556849882,0.00010500678763492033
ray_gpis_uncertainty_only,Cube,17,0,0,minus_x,minus_x,0.04810408205219019,0.04810408205219019,0.0,1.0,0.8660254037844387,0.04810408205219019,-0.01032865738847255,-0.02264707892020945,0.00035497749922797084,0.00035497749922797084,0.00020088645396754146
ray_gpis_uncertainty_only,Cube,17,0,1,minus_x,minus_x,0.252252795528759,0.252252795528759,0.0,1.0,1.0,0.252252795528759,0.1995008901200055,0.13967355077555965,0.0002475513028912246,0.00019312481163069606,0.00011600011930568144
ray_gpis_uncertainty_only,Cube,17,0,2,minus_y,minus_y,0.02995330197047552,0.02995330197047552,0.0,1.0,0.8660254037844387,0.02174047917504507,0.02995330197047552,0.021693874539600033,0.00010730156645877287,0.00010730156645877287,0.00010679492697818205
ray_gpis_uncertainty_only,Cube,17,0,3,minus_x,minus_y,0.009860394271993589,0.013773669200296434,0.003913274928302846,0.0,-0.5,0.009860394271993589,0.013773669200296434,0.01275048301730286,0.00010727548942668363,0.00010707432375056669,0.00010686198220355436
ray_gpis_uncertainty_only,Cube,17,0,4,minus_x,minus_x,0.02558717780184494,0.02558717780184494,0.0,1.0,0.5,0.02558717780184494,0.00616632873689571,0.006606022330487682,0.00010673532233340666,0.00010592320904834196,0.00010540166840655729
ray_gpis_uncertainty_only,Cube,22,0,0,minus_x,plus_z,0.12781494529657672,0.17944875522843234,0.05163380993185562,0.0,-0.5,0.12781494529657672,0.15633359576692324,0.17944875522843234,0.0006330219912342727,0.00019697117386385798,0.00019984523532912135
ray_gpis_uncertainty_only,Cube,22,0,1,minus_x,minus_x,0.1828989157983243,0.1828989157983243,0.0,1.0,1.0,0.1828989157983243,0.18260512114902538,0.1626400032498322,0.00018086115596815944,0.0001216476593981497,0.00011361220822436735
ray_gpis_uncertainty_only,Cube,22,0,2,plus_z,minus_x,0.04017369960466066,0.08632331029610252,0.046149610691441856,0.0,-0.5,0.08632331029610252,0.062349494199333444,0.04017369960466066,0.0001379830646328628,0.00010644102439982817,0.00014060566900298
ray_gpis_uncertainty_only,Cube,22,0,3,minus_x,minus_x,0.07678421809733371,0.07678421809733371,0.0,1.0,1.0,0.07678421809733371,0.025742816815737313,0.031116159214620187,0.00014739687321707606,0.00010793859109980986,0.00010805780038936064
ray_gpis_uncertainty_only,Cube,22,0,4,minus_y,minus_x,0.012980915238650192,0.06034276246169634,0.04736184722304615,0.0,-0.8660254037844387,0.06034276246169634,0.012980915238650192,0.007177915471175966,0.0001052340303431265,0.0001056549881468527,0.0001056549881468527
ray_gpis_uncertainty_only,Cube,18,0,0,minus_x,minus_x,0.07113195588815946,0.07113195588815946,0.0,1.0,0.8660254037844387,0.07113195588815946,0.02766344846004487,-0.010364761193530136,0.00034103187499567866,0.00034103187499567866,0.0001577122020535171
ray_gpis_uncertainty_only,Cube,18,0,1,minus_x,minus_x,0.18044789237910008,0.18044789237910008,0.0,1.0,0.5,0.18044789237910008,0.10065458570915842,0.10280883321981993,0.00018365884898230433,0.00011755356536014006,0.00011261383042437956
ray_gpis_uncertainty_only,Cube,18,0,2,minus_x,minus_x,0.08605400676941832,0.08605400676941832,0.0,1.0,1.0,0.08605400676941832,0.009652733766048027,0.014882680796176162,0.00014518777607008815,0.00010757723794085905,0.00011674890265567228
ray_gpis_uncertainty_only,Cube,18,0,3,minus_x,minus_x,0.0098977009597504,0.0098977009597504,0.0,1.0,1.0,0.0098977009597504,0.004305931746187763,0.004883373154151216,0.00010781565651996061,0.00010686943278415129,0.00010718608245952055
ray_gpis_uncertainty_only,Cube,18,0,4,plus_z,minus_x,0.005674556924999075,0.008703517435634578,0.0030289605106355033,0.0,0.5,0.008703517435634578,0.003193795894494089,0.005674556924999075,0.00010735372052295133,0.00010630318865878507,0.00010738724813563749
ray_gpis_uncertainty_only,Cube,16,0,0,minus_x,minus_x,0.043465464113789154,0.043465464113789154,0.0,1.0,1.0,0.043465464113789154,-0.03752407701901028,-0.04642858162202357,0.0003866648185066879,0.00029225292382761836,0.00011571699724299833
ray_gpis_uncertainty_only,Cube,16,0,1,minus_x,minus_x,0.19410147581392012,0.19410147581392012,0.0,1.0,1.0,0.19410147581392012,0.15383552321216787,0.10139391474072945,0.0001458583283238113,0.0001356845605187118,0.00011534446821315214
ray_gpis_uncertainty_only,Cube,16,0,2,minus_x,minus_y,0.0161385253860048,0.03195919515067025,0.01582066976466545,0.0,-0.8660254037844387,0.0161385253860048,0.03195919515067025,0.01715000262161126,0.00010631808981997892,0.00010613182530505583,0.00010613182530505583
ray_gpis_uncertainty_only,Cube,16,0,3,minus_x,minus_x,0.02889368584140517,0.02889368584140517,0.0,1.0,0.0,0.02889368584140517,0.010973781676209882,0.012540889853457804,0.00010694021329982206,0.00010694021329982206,0.00010658631072146818
ray_gpis_uncertainty_only,Cube,16,0,4,minus_x,minus_y,0.007708987294766767,0.00776706176208386,5.807446731709298e-05,0.0,-0.5,0.007708987294766767,0.00776706176208386,0.007389505350841152,0.00010672414646251127,0.00010569969163043424,0.0001059679125319235
ray_gpis_uncertainty_only,Cube,15,0,0,minus_x,minus_x,0.0039747539225903905,0.0039747539225903905,0.0,1.0,1.0,0.0039747539225903905,-0.024690391456615335,-0.07278394843410563,0.0005040356772951782,0.00036755407927557826,0.00017246621428057551
ray_gpis_uncertainty_only,Cube,15,0,1,minus_x,minus_y,0.10284390905489216,0.18900124586742695,0.08615733681253479,0.0,-0.5,0.10284390905489216,0.18900124586742695,0.16761852489772144,0.00015396456001326442,0.00013917888281866908,0.0001236630487255752
ray_gpis_uncertainty_only,Cube,15,0,2,minus_y,minus_y,0.15127432907636917,0.15127432907636917,0.0,1.0,0.8660254037844387,0.058493768047344186,0.15127432907636917,0.034688010632230926,0.00015060434816405177,0.00015060434816405177,0.00010958889470202848
ray_gpis_uncertainty_only,Cube,15,0,3,minus_x,plus_z,0.017625162371677994,0.017707704210859543,8.254183918154911e-05,0.0,-0.5,0.017625162371677994,0.015882371366170656,0.017707704210859543,0.00010749528155429289,0.00010705569729907438,0.0001068098281393759
ray_gpis_uncertainty_only,Cube,15,0,4,minus_x,plus_z,0.009334150823852583,0.01023701643171393,0.0009028656078613473,0.0,-0.5,0.009334150823852583,0.008218241349304933,0.01023701643171393,0.00010695511446101591,0.00010648200259311125,0.00010597536311252043
ray_gpis_uncertainty_only,Thin_Irregular,19,0,0,minus_x,minus_x,0.049220341514305654,0.049220341514305654,0.0,1.0,1.0,0.049220341514305654,0.0433770939749748,-0.01260818364577776,0.001379793626256287,0.0010013041319325566,0.000318622391205281
ray_gpis_uncertainty_only,Thin_Irregular,19,0,1,minus_x,minus_x,0.2102736380573621,0.2102736380573621,0.0,1.0,1.0,0.2102736380573621,0.14558756542529772,0.06716484653016386,0.0005573501694016159,0.00032328645465895534,0.00011114979133708403
ray_gpis_uncertainty_only,Thin_Irregular,19,0,2,plus_z,minus_x,0.025893817499101468,0.031502600922684754,0.005608783423583286,0.0,-0.8660254037844387,0.031502600922684754,0.03068849039426047,0.025893817499101468,0.00010698119149310514,0.00010888854012591764,0.00010888854012591764
ray_gpis_uncertainty_only,Thin_Irregular,19,0,3,plus_z,minus_y,0.021507263720893066,0.025094020881092027,0.003586757160198961,0.0,0.0,0.02433600617586562,0.025094020881092027,0.021507263720893066,0.00010837817535502836,0.00010894069419009611,0.00010894069419009611
ray_gpis_uncertainty_only,Thin_Irregular,19,0,4,minus_x,minus_x,0.032481236348940845,0.032481236348940845,0.0,1.0,1.0,0.032481236348940845,0.007926771258165988,0.008789046628808639,0.0001126883362303488,0.0001060759459505789,0.00010675394878489897
ray_gpis_uncertainty_only,Thin_Irregular,21,0,0,minus_x,minus_x,0.09517109359494091,0.09517109359494091,0.0,1.0,1.0,0.09517109359494091,0.013522747443299954,0.006343121365392224,0.001360381138511002,0.0009479207801632583,0.0001973157632164657
ray_gpis_uncertainty_only,Thin_Irregular,21,0,1,minus_x,minus_y,0.15769351205079019,0.23906082415383112,0.08136731210304093,0.0,0.8660254037844387,0.15769351205079019,0.23906082415383112,0.15625356278845015,0.00023412535665556788,0.00023412535665556788,0.00011707300291163847
ray_gpis_uncertainty_only,Thin_Irregular,21,0,2,minus_y,minus_x,0.09680046714949686,0.10227846297358922,0.005477995824092363,0.0,0.8660254037844387,0.10227846297358922,0.09680046714949686,0.0671613635240943,0.0001513941097073257,0.0001513941097073257,0.00011599266872508451
ray_gpis_uncertainty_only,Thin_Irregular,21,0,3,minus_x,minus_x,0.10726946525369474,0.10726946525369474,0.0,1.0,0.5,0.10726946525369474,0.05242097785017463,0.06223526233000087,0.0001294745015911758,0.00011588836059672758,0.00011291185364825651
ray_gpis_uncertainty_only,Thin_Irregular,21,0,4,minus_x,minus_x,0.022473925893911173,0.022473925893911173,0.0,1.0,0.5,0.022473925893911173,0.011874445273358125,0.0108877319324856,0.00011207738862140104,0.00011030415043933317,0.00011078471288783476
ray_gpis_uncertainty_only,Thin_Irregular,20,0,0,minus_x,minus_x,-0.011920841836526308,-0.011920841836526308,0.0,1.0,1.0,-0.011920841836526308,-0.049017910573627366,-0.04576064847815986,0.0010759813012555242,0.0005683882045559585,0.0005846006679348648
ray_gpis_uncertainty_only,Thin_Irregular,20,0,1,minus_x,minus_x,0.2316074571593102,0.2316074571593102,0.0,1.0,0.5,0.2316074571593102,0.11701505205218499,0.14770751688383155,0.0007429739343933761,0.0004391467082314193,0.0001268928754143417
ray_gpis_uncertainty_only,Thin_Irregular,20,0,2,minus_x,minus_x,0.1123192294705262,0.1123192294705262,0.0,1.0,0.5,0.1123192294705262,0.03867822478947913,0.034115372115056,0.00017490069149062037,0.00011576170072657987,0.00012274662731215358
ray_gpis_uncertainty_only,Thin_Irregular,20,0,3,minus_y,minus_x,0.012932547957527518,0.019298389271525385,0.0063658413139978665,0.0,-0.8660254037844387,0.019298389271525385,0.012932547957527518,0.014630483753143464,0.00011047551379306242,0.00011147761688334867,0.00011147761688334867
ray_gpis_uncertainty_only,Thin_Irregular,20,0,4,minus_x,minus_x,0.015724831402792017,0.015724831402792017,0.0,1.0,1.0,0.015724831402792017,0.007712036085704144,0.008908343229067861,0.00011158565030200407,0.00010788643703563139,0.0001092349921236746
ray_gpis_uncertainty_only,Thin_Irregular,17,0,0,minus_x,minus_x,0.03912892126960177,0.03912892126960177,0.0,1.0,1.0,0.03912892126960177,-0.014808612451385095,-0.04619038598802461,0.0012275410117581487,0.000820016663055867,0.00040349195478484035
ray_gpis_uncertainty_only,Thin_Irregular,17,0,1,minus_x,minus_x,0.12488155782264843,0.12488155782264843,0.0,1.0,1.0,0.12488155782264843,0.0806805275129846,0.06314131429963499,0.0005106573808006942,0.00023261288879439235,0.0001537894713692367
ray_gpis_uncertainty_only,Thin_Irregular,17,0,2,minus_x,minus_y,0.1176136030344157,0.11890802240713194,0.0012944193727162379,0.0,0.5,0.1176136030344157,0.11890802240713194,0.029778271798228673,0.0003431869554333389,0.0002749321865849197,0.00012791360495612025
ray_gpis_uncertainty_only,Thin_Irregular,17,0,3,minus_x,minus_x,0.02544599575070272,0.02544599575070272,0.0,1.0,1.0,0.02544599575070272,0.017840902964565086,0.012586052266037706,0.00011234933481318876,0.00011158937559230253,0.00011155212268931791
ray_gpis_uncertainty_only,Thin_Irregular,17,0,4,plus_z,minus_y,0.0069165120596402785,0.023309969322150792,0.016393457262510513,0.0,-0.5,0.022310570435757238,0.023309969322150792,0.0069165120596402785,0.0001083744500647299,0.00010947341070277616,0.00010957399354083464
ray_gpis_uncertainty_only,Thin_Irregular,22,0,0,minus_x,minus_x,0.0875401873647148,0.0875401873647148,0.0,1.0,1.0,0.0875401873647148,0.05567734599106999,0.0324589421935878,0.0011273269774392247,0.00032276491401717067,0.0002742877113632858
ray_gpis_uncertainty_only,Thin_Irregular,22,0,1,minus_x,minus_y,0.15301984240340305,0.15971422985847716,0.006694387455074113,0.0,-0.5,0.15301984240340305,0.15971422985847716,0.14254082548750835,0.00011720338807208464,0.0001114068363676779,0.00011465156421763822
ray_gpis_uncertainty_only,Thin_Irregular,22,0,2,minus_x,minus_x,0.08353294172189674,0.08353294172189674,0.0,1.0,0.5,0.08353294172189674,0.05750731064904635,0.047695308038598894,0.0001117681895266287,0.00010795721755130216,0.0001112205718527548
ray_gpis_uncertainty_only,Thin_Irregular,22,0,3,minus_y,minus_x,0.015808400829818714,0.07921704268316876,0.06340864185335005,0.0,-0.5,0.07921704268316876,0.015808400829818714,0.017223934209056324,0.00011159682617289945,0.00011204013571841642,0.00011014023766620085
ray_gpis_uncertainty_only,Thin_Irregular,22,0,4,minus_y,minus_y,0.037611910711410124,0.037611910711410124,0.0,1.0,1.0,0.029370884743929238,0.037611910711410124,0.006367504677602942,0.00010929087147815153,0.00011139938578708097,0.0001088736389647238
ray_gpis_uncertainty_only,Thin_Irregular,18,0,0,minus_x,minus_x,0.16735249758817156,0.16735249758817156,0.0,1.0,0.8660254037844387,0.16735249758817156,0.03173541226584081,0.10293655194028656,0.001617295783944428,0.0008556788670830429,0.0008556788670830429
ray_gpis_uncertainty_only,Thin_Irregular,18,0,1,minus_x,minus_x,0.21687655931066607,0.21687655931066607,0.0,1.0,1.0,0.21687655931066607,0.17675259339887084,0.1853261447072737,0.000335840682964772,0.0001336989807896316,0.0001686198520474136
ray_gpis_uncertainty_only,Thin_Irregular,18,0,2,minus_x,minus_y,0.020019436769155963,0.0800965916633275,0.060077154894171536,0.0,-0.8660254037844387,0.020019436769155963,0.0800965916633275,0.02377776128981479,0.0001545531558804214,0.00011619383440120146,0.0001545531558804214
ray_gpis_uncertainty_only,Thin_Irregular,18,0,3,minus_x,minus_x,0.07043728856352682,0.07043728856352682,0.0,1.0,0.0,0.07043728856352682,0.06551201832506981,0.014671206826270988,0.00015041808364912868,0.00012168118701083586,0.00015041808364912868
ray_gpis_uncertainty_only,Thin_Irregular,18,0,4,minus_x,plus_z,0.007986404455701757,0.008142235179050883,0.0001558307233491263,0.0,-0.8660254037844387,0.007986404455701757,0.004010188966418027,0.008142235179050883,0.00016926805255934596,0.00016926805255934596,0.00015596876619383693
ray_gpis_uncertainty_only,Thin_Irregular,16,0,0,minus_x,minus_y,0.09421175049042019,0.09660602803590268,0.0023942775454824927,0.0,0.5,0.09421175049042019,0.09660602803590268,0.003005328701484178,0.0013495144667103887,0.0010879916371777654,0.00031918491004034877
ray_gpis_uncertainty_only,Thin_Irregular,16,0,1,minus_x,minus_x,0.2436987195140322,0.2436987195140322,0.0,1.0,0.5,0.2436987195140322,0.1612964545477168,0.16313119054040814,0.00028905848739668727,0.00016898865578696132,0.00011440569505793974
ray_gpis_uncertainty_only,Thin_Irregular,16,0,2,minus_y,minus_x,0.020393830710078498,0.07225089523639205,0.05185706452631356,0.0,-1.0,0.07225089523639205,0.020393830710078498,0.022888385356262475,0.0001081099544535391,0.00010911205754382536,0.00010853836283786222
ray_gpis_uncertainty_only,Thin_Irregular,16,0,3,plus_z,minus_x,0.010425656109253834,0.012861644461897415,0.002435988352643581,0.0,-0.8660254037844387,0.012861644461897415,0.010455724687796542,0.010425656109253834,0.00011104920849902555,0.00011121684656245634,0.00011121684656245634
ray_gpis_uncertainty_only,Thin_Irregular,16,0,4,minus_x,minus_x,0.0691537748248282,0.0691537748248282,0.0,1.0,0.8660254037844387,0.0691537748248282,0.010253860694419137,0.006177469166388616,0.00011638382420642301,0.00011638382420642301,0.00010822171316249296
ray_gpis_uncertainty_only,Thin_Irregular,15,0,0,minus_x,minus_x,0.06957386920655473,0.06957386920655473,0.0,1.0,1.0,0.06957386920655473,-0.020037683069083934,-0.025935408051817044,0.00127808575052768,0.0009962377371266484,0.0002821890520863235
ray_gpis_uncertainty_only,Thin_Irregular,15,0,1,minus_x,plus_z,0.1541494929254169,0.17457809455792728,0.020428601632510368,0.0,-1.0,0.1541494929254169,0.16722314028953233,0.17457809455792728,0.00015897135017439723,0.00013867969391867518,0.00011335516319377348
ray_gpis_uncertainty_only,Thin_Irregular,15,0,2,minus_x,minus_y,0.03423867051742713,0.05314482767263706,0.018906157155209935,0.0,0.0,0.03423867051742713,0.05314482767263706,0.04469377557408183,0.00011400336370570585,0.00011400336370570585,0.00010822171316249296
ray_gpis_uncertainty_only,Thin_Irregular,15,0,3,minus_x,minus_x,0.04463338996872834,0.04463338996872834,0.0,1.0,0.0,0.04463338996872834,0.016574445898944745,0.017076261396559822,0.00011269951210124418,0.00011269951210124418,0.00010743195161921903
ray_gpis_uncertainty_only,Thin_Irregular,15,0,4,minus_x,minus_x,0.06970274063587445,0.06970274063587445,0.0,1.0,1.0,0.06970274063587445,0.038834943820002854,0.01220694064888228,0.00011301616177661344,0.00011282989726169035,0.00010831484541995451
ray_gpis,green_Pepper,19,0,0,minus_x,minus_x,0.1900492835599924,0.1900492835599924,0.0,1.0,1.0,0.1900492835599924,0.051328709861895416,-0.012826184532257923,0.0006211604923009872,0.000232136866543442,6.0124930314486846e-05
ray_gpis,green_Pepper,19,0,1,minus_y,minus_x,0.1305881453198674,0.16838150676679764,0.03779336144693024,0.0,0.5,0.16838150676679764,0.1305881453198674,0.08432021349800689,8.533936488674954e-05,9.778758976608515e-05,4.063454252900556e-05
ray_gpis,green_Pepper,19,0,2,minus_x,minus_x,0.0856795521763336,0.0856795521763336,0.0,1.0,1.0,0.0856795521763336,0.04368548778811754,0.019602691131873073,8.508856990374625e-05,3.611391002777964e-05,2.4019489501370117e-05
ray_gpis,green_Pepper,19,0,3,minus_x,minus_x,0.0460527344274434,0.0460527344274434,0.0,1.0,0.5,0.0460527344274434,0.009284270591716215,0.029019179613773982,5.499140752363019e-05,2.3916480131447315e-05,2.3433587557519786e-05
ray_gpis,green_Pepper,19,0,4,plus_z,plus_z,0.003161262307616597,0.003161262307616597,0.0,1.0,1.0,0.0028231899695044804,0.0026448034636220585,0.003161262307616597,2.2748063202016056e-05,2.2393596736947075e-05,2.2899759642314166e-05
ray_gpis,green_Pepper,21,0,0,minus_x,minus_x,0.1339448164351117,0.1339448164351117,0.0,1.0,1.0,0.1339448164351117,0.024632577726098948,0.024550104311200638,0.0005243017221800983,0.00026875632465817034,3.647669291240163e-05
ray_gpis,green_Pepper,21,0,1,minus_x,minus_x,0.13457346564128447,0.13457346564128447,0.0,1.0,1.0,0.13457346564128447,0.09757696623158651,0.05226450062276189,8.664960478199646e-05,5.016517388867214e-05,2.3650536604691297e-05
ray_gpis,green_Pepper,21,0,2,plus_z,minus_x,0.01445381984362959,0.025339678653288678,0.010885858809659088,0.0,-0.5,0.025339678653288678,0.017054893787901926,0.01445381984362959,2.3701804821030237e-05,2.3457158022210933e-05,2.3851454898249358e-05
ray_gpis,green_Pepper,21,0,3,minus_x,minus_x,0.017775493458903724,0.017775493458903724,0.0,1.0,1.0,0.017775493458903724,0.007410064303588038,0.015986090115696516,2.3665083062951453e-05,2.3065620553097688e-05,2.3413784219883382e-05
ray_gpis,green_Pepper,21,0,4,minus_x,minus_x,0.01749968162325244,0.01749968162325244,0.0,1.0,1.0,0.01749968162325244,0.004366241397517068,0.007687537182811122,2.7145340936840512e-05,2.234780549770221e-05,2.647025576152373e-05
ray_gpis,green_Pepper,20,0,0,minus_x,minus_x,0.16503732380675473,0.16503732380675473,0.0,1.0,1.0,0.16503732380675473,0.04405064842269102,-0.014219828335701012,0.000550903205294162,8.494764915667474e-05,6.556644075317308e-05
ray_gpis,green_Pepper,20,0,1,minus_x,minus_x,0.19979071393104453,0.19979071393104453,0.0,1.0,1.0,0.19979071393104453,0.1649501516372962,0.10788569675828008,0.00013383726764004678,0.00011173266830155626,2.4516319172107615e-05
ray_gpis,green_Pepper,20,0,2,minus_x,minus_x,0.05022299317691259,0.05022299317691259,0.0,1.0,1.0,0.05022299317691259,0.0456693246276213,0.03247953368130685,3.242923048674129e-05,2.7157213480677456e-05,2.3494838387705386e-05
ray_gpis,green_Pepper,20,0,3,minus_x,minus_y,0.013987317899707419,0.01403827067915997,5.0952779452551056e-05,0.0,-0.5,0.013987317899707419,0.01403827067915997,0.007888768272343194,2.362180021009408e-05,2.3297849111258984e-05,2.3615108148078434e-05
ray_gpis,green_Pepper,20,0,4,minus_x,minus_x,0.012490282821465248,0.012490282821465248,0.0,1.0,1.0,0.012490282821465248,0.00546652951862181,0.00814778851622533,2.3108843379304744e-05,2.2737218387192115e-05,2.2849246306577697e-05
ray_gpis,green_Pepper,17,0,0,minus_x,minus_x,0.17009709390508876,0.17009709390508876,0.0,1.0,1.0,0.17009709390508876,0.04407752512336072,0.01341265254220081,0.0003990703553427011,0.00037205126136541367,0.0003485292545519769
ray_gpis,green_Pepper,17,0,1,minus_x,minus_x,0.16471719765267567,0.16471719765267567,0.0,1.0,0.5,0.16471719765267567,0.10319705380787092,0.06747853817149874,0.0002836478524841368,3.863166057271883e-05,5.66531962249428e-05
ray_gpis,green_Pepper,17,0,2,minus_x,minus_x,0.07282084415559587,0.07282084415559587,0.0,1.0,0.5,0.07282084415559587,0.050933557899223825,0.0390040133488887,5.306381717673503e-05,2.328109258087352e-05,3.128915705019608e-05
ray_gpis,green_Pepper,17,0,3,minus_x,minus_x,0.018476178971738144,0.018476178971738144,0.0,1.0,0.5,0.018476178971738144,0.013310915993418382,0.011609088010675284,2.8710537662846036e-05,2.3625767425983213e-05,2.7314070393913426e-05
ray_gpis,green_Pepper,17,0,4,minus_x,minus_y,0.009662215122999585,0.011795988162278337,0.0021337730392787524,0.0,0.5,0.009662215122999585,0.011795988162278337,0.006068209163346938,2.3604827219969593e-05,2.309077353856992e-05,2.277970088471193e-05
ray_gpis,green_Pepper,22,0,0,minus_x,minus_x,-0.006846913918165831,-0.006846913918165831,0.0,1.0,1.0,-0.006846913918165831,-0.04630123173184253,-0.05022004269381741,0.0005712764686904848,0.00035738435690291226,6.816139648435637e-05
ray_gpis,green_Pepper,22,0,1,minus_x,minus_x,0.19076214388742452,0.19076214388742452,0.0,1.0,1.0,0.19076214388742452,0.14589668047323678,0.05216458516646094,0.0001732490345602855,3.1865354685578495e-05,2.434686575725209e-05
ray_gpis,green_Pepper,22,0,2,minus_x,minus_x,0.06399625033638778,0.06399625033638778,0.0,1.0,0.5,0.06399625033638778,0.05509988724563741,0.04255596013910079,4.6534081775462255e-05,2.3551021513412707e-05,2.419680095044896e-05
ray_gpis,green_Pepper,22,0,3,minus_x,minus_x,0.06091372533325923,0.06091372533325923,0.0,1.0,0.5,0.06091372533325923,0.0398693854208958,0.011853165458271864,2.4965163902379572e-05,2.3828162738936953e-05,2.4046570615610108e-05
ray_gpis,green_Pepper,22,0,4,minus_x,minus_y,0.013653570386157776,0.013822233869421718,0.0001686634832639422,0.0,-0.5,0.013653570386157776,0.013822233869421718,0.009205081477702493,2.336694706173148e-05,2.2606718630413525e-05,2.3115169824450277e-05
ray_gpis,green_Pepper,18,0,0,minus_x,minus_x,0.03473752323687407,0.03473752323687407,0.0,1.0,1.0,0.03473752323687407,-0.009056616021864472,-0.05259480941223338,0.0006105729262344539,0.0004547548887785524,4.598486702889204e-05
ray_gpis,green_Pepper,18,0,1,minus_x,minus_x,0.20363014355001985,0.20363014355001985,0.0,1.0,1.0,0.20363014355001985,0.1750791600461843,0.12174242374381505,0.0002243686467409134,0.00016013527056202292,2.3614409656147473e-05
ray_gpis,green_Pepper,18,0,2,minus_x,minus_y,0.048521265844997497,0.06628111819022298,0.01775985234522548,0.0,0.5,0.048521265844997497,0.06628111819022298,0.028688203540391366,3.331176776555367e-05,3.053705586353317e-05,2.3527991288574412e-05
ray_gpis,green_Pepper,18,0,3,minus_y,minus_x,0.052609060583237,0.06406977794286461,0.011460717359627615,0.0,0.5,0.06406977794286461,0.052609060583237,0.016957440636003795,2.409899934718851e-05,2.6215539037366398e-05,2.359979771426879e-05
ray_gpis,green_Pepper,18,0,4,minus_y,minus_x,0.024321400659298775,0.02532054168865694,0.0009991410293581637,0.0,0.5,0.02532054168865694,0.024321400659298775,0.01318887745202535,2.3890168449725024e-05,2.4376407964155078e-05,2.2440257453126833e-05
ray_gpis,green_Pepper,16,0,0,minus_x,minus_x,0.06712249621499289,0.06712249621499289,0.0,1.0,1.0,0.06712249621499289,0.057315277292164124,-0.015531599252143757,2.6811987481778488e-05,2.6762176275951788e-05,2.594479883555323e-05
ray_gpis,green_Pepper,16,0,1,minus_x,minus_x,0.2205221130504018,0.2205221130504018,0.0,1.0,1.0,0.2205221130504018,0.18261993778483487,0.171716734156788,0.00014737789751961827,0.00012017534754704684,2.7211292035644874e-05
ray_gpis,green_Pepper,16,0,2,minus_y,minus_y,0.07040172908336251,0.07040172908336251,0.0,1.0,1.0,0.04994535084456464,0.07040172908336251,0.047871728994513085,2.6071555112139322e-05,2.6441299269208685e-05,2.3130147383199073e-05
ray_gpis,green_Pepper,16,0,3,minus_x,minus_x,0.025323692927467167,0.025323692927467167,0.0,1.0,1.0,0.025323692927467167,0.015282920388868138,0.013388207367984184,2.3602653527632356e-05,2.343885716982186e-05,2.2631533283856697e-05
ray_gpis,green_Pepper,16,0,4,minus_y,minus_x,0.010035570381869863,0.017714500205059602,0.00767892982318974,0.0,0.5,0.017714500205059602,0.010035570381869863,0.008298060242927119,2.312889955646824e-05,2.3151600544224493e-05,2.2807389541412704e-05
ray_gpis,green_Pepper,15,0,0,minus_x,minus_y,0.07775652651768439,0.07883087026089852,0.0010743437432141345,0.0,0.5,0.07775652651768439,0.07883087026089852,0.05051693830310944,0.0003756759688258171,0.00022884143982082605,2.766351644822862e-05
ray_gpis,green_Pepper,15,0,1,minus_x,minus_x,0.22081393169862062,0.22081393169862062,0.0,1.0,1.0,0.22081393169862062,0.17899704815695383,0.10499738420347315,0.00026099313981831074,0.00012910451914649457,2.4678003683220595e-05
ray_gpis,green_Pepper,15,0,2,minus_x,minus_x,0.054440685282905465,0.054440685282905465,0.0,1.0,0.5,0.054440685282905465,0.025145266304610225,0.017733313536703377,6.161322380648926e-05,2.4026663595577702e-05,4.5811299060005695e-05
ray_gpis,green_Pepper,15,0,3,plus_z,minus_x,0.007319691949812301,0.050303550674364095,0.04298385872455179,0.0,-0.5,0.050303550674364095,0.007669389562768858,0.007319691949812301,3.9776165067451075e-05,2.3225842596730217e-05,4.373857154860161e-05
ray_gpis,green_Pepper,15,0,4,minus_x,minus_x,0.06190384388628878,0.06190384388628878,0.0,1.0,1.0,0.06190384388628878,0.009049503047213192,0.05613754658223369,6.888084317324683e-05,2.250101533718407e-05,2.3163758669397794e-05
ray_gpis,Corner,19,0,0,minus_y,minus_y,0.032746540947385605,0.032746540947385605,0.0,1.0,0.5,0.025486358576342405,0.032746540947385605,0.024274996162389817,0.0001758378348313272,0.0002091231435770169,0.0001981859386432916
ray_gpis,Corner,19,0,1,minus_y,minus_x,0.1977291043898789,0.24031709443254556,0.04258799004266667,0.0,-0.5,0.24031709443254556,0.1977291043898789,0.21008215585752155,0.00012032114318571985,0.00019030772091355175,0.00011523422290338203
ray_gpis,Corner,19,0,2,minus_y,minus_x,0.05014560406885915,0.07973850831350371,0.029592904244644558,0.0,-1.0,0.07973850831350371,0.05014560406885915,0.06741084408373288,4.842640919378027e-05,0.00013014765863772482,0.0001255968090845272
ray_gpis,Corner,19,0,3,minus_y,minus_y,0.06210778974008402,0.06210778974008402,0.0,1.0,0.5,0.031210979850954,0.06210778974008402,0.013825607416275476,6.450518412748352e-05,0.00016039740876294672,0.00015993663691915572
ray_gpis,Corner,19,0,4,minus_y,minus_y,0.05698246103085858,0.05698246103085858,0.0,1.0,0.5,0.020839587863575426,0.05698246103085858,0.016800396440975973,2.5913623176165856e-05,0.00015699230425525457,7.375801942544058e-05
ray_gpis,Corner,21,0,0,minus_x,minus_x,0.10440823350226691,0.10440823350226691,0.0,1.0,1.0,0.10440823350226691,0.10413429177104738,0.014613592141252907,0.0005022131372243166,0.0002939567493740469,0.00015232805162668228
ray_gpis,Corner,21,0,1,minus_x,minus_x,0.22266125984873086,0.22266125984873086,0.0,1.0,0.5,0.22266125984873086,0.17377828269597728,0.19504188629932107,6.84794140397571e-05,5.623627293971367e-05,2.3888911528047174e-05
ray_gpis,Corner,21,0,2,minus_y,minus_y,0.06374492663897313,0.06374492663897313,0.0,1.0,1.0,0.04748070269153548,0.06374492663897313,0.02709521218249522,2.2683832867187448e-05,2.3009117285255343e-05,2.2172007447807118e-05
ray_gpis,Corner,21,0,3,minus_x,plus_z,0.007530236213943442,0.01569432795345349,0.008164091739510049,0.0,-1.0,0.007530236213943442,0.012807986256186399,0.01569432795345349,2.2627873477176763e-05,2.26144002226647e-05,2.255912659165915e-05
ray_gpis,Corner,21,0,4,plus_z,minus_x,0.007105336738591039,0.0302283881716644,0.02312305143307336,0.0,-0.5,0.0302283881716644,0.008932628884396276,0.007105336738591039,2.2418913431465626e-05,2.2088122932473198e-05,2.2519021513289772e-05
ray_gpis,Corner,20,0,0,minus_x,minus_x,0.0884027149158152,0.0884027149158152,0.0,1.0,1.0,0.0884027149158152,0.05507896792796718,0.03250884860545067,0.0002521137648727745,0.00019048176181968302,5.792650335934013e-05
ray_gpis,Corner,20,0,1,minus_x,minus_x,0.1859662583667806,0.1859662583667806,0.0,1.0,1.0,0.1859662583667806,0.07512178919622259,0.10079000945088745,0.00010824731725733727,2.463590499246493e-05,5.703304850612767e-05
ray_gpis,Corner,20,0,2,minus_x,minus_x,0.052636325228237246,0.052636325228237246,0.0,1.0,1.0,0.052636325228237246,0.008708449170866883,0.02010706080020197,2.8837101126555353e-05,2.302928623976186e-05,2.8697870220639743e-05
ray_gpis,Corner,20,0,3,minus_x,plus_z,0.00741415395883549,0.02419734854712219,0.0167831945882867,0.0,0.5,0.00741415395883549,0.004132654155589943,0.02419734854712219,2.8793112505809404e-05,2.31956692005042e-05,2.701723133213818e-05
ray_gpis,Corner,20,0,4,minus_x,minus_x,0.015051711192725858,0.015051711192725858,0.0,1.0,0.5,0.015051711192725858,0.006682517417035849,0.007321552403446452,2.9593165891128592e-05,2.3110942493076436e-05,2.2428332158597186e-05
ray_gpis,Corner,17,0,0,minus_y,minus_x,0.04038570745948289,0.0520638737292628,0.01167816626977991,0.0,0.5,0.0520638737292628,0.04038570745948289,0.0007274640045216163,0.0002715837908908725,0.00027215038426220417,0.00010413321433588862
ray_gpis,Corner,17,0,1,minus_y,minus_y,0.1611934292048811,0.1611934292048811,0.0,1.0,0.5,0.15098398779249356,0.1611934292048811,0.11783713709996269,8.983409497886896e-05,0.00011098664253950119,0.00010195717186434194
ray_gpis,Corner,17,0,2,minus_y,minus_x,0.043391643568326366,0.06132806747659525,0.017936423908268884,0.0,0.5,0.06132806747659525,0.043391643568326366,0.041068490656860135,5.842591781402007e-05,9.773750934982672e-05,5.6096341722877696e-05
ray_gpis,Corner,17,0,3,minus_y,minus_y,0.08145532535974276,0.08145532535974276,0.0,1.0,0.5,0.023794342698195248,0.08145532535974276,0.009381515188010225,2.3553046048618853e-05,0.00010823857155628502,4.941030056215823e-05
ray_gpis,Corner,17,0,4,minus_y,minus_x,0.007962255180841482,0.011414443014436726,0.003452187833595244,0.0,-0.5,0.011414443014436726,0.007962255180841482,0.005993662149628043,2.2229465685086325e-05,2.2622663891525008e-05,2.255323124700226e-05
ray_gpis,Corner,22,0,0,minus_x,minus_x,0.10557018850175792,0.10557018850175792,0.0,1.0,1.0,0.10557018850175792,0.057177368881129675,-0.023544434770444322,0.0007684401352889836,0.0001995201309910044,0.00010499893687665462
ray_gpis,Corner,22,0,1,minus_x,plus_z,0.13718160646782251,0.1415227067236875,0.0043411002558649825,0.0,0.5,0.13718160646782251,0.06879832179022838,0.1415227067236875,0.00010334040416637436,2.8173339160275646e-05,3.377828033990227e-05
ray_gpis,Corner,22,0,2,minus_x,minus_x,0.108896717404389,0.108896717404389,0.0,1.0,0.5,0.108896717404389,0.023708442048386735,0.04485440014437303,7.337623537750915e-05,2.4510209186701104e-05,2.2896650989423506e-05
ray_gpis,Corner,22,0,3,minus_y,plus_z,0.009057558099328733,0.06676200563115853,0.057704447531829794,0.0,-0.5,0.03630909779252789,0.009057558099328733,0.06676200563115853,2.2508922484121285e-05,2.279863110743463e-05,2.2741598513675854e-05
ray_gpis,Corner,22,0,4,minus_y,minus_x,0.006603227987267535,0.0607511264370183,0.054147898449750764,0.0,-1.0,0.0607511264370183,0.006603227987267535,0.05918969239925054,2.229363235528581e-05,2.2396496206056327e-05,2.2295513190329075e-05
ray_gpis,Corner,18,0,0,minus_x,minus_x,0.11242948070154801,0.11242948070154801,0.0,1.0,1.0,0.11242948070154801,0.03687165178541618,0.010524608834032945,0.0004316679551266134,0.0003167881222907454,0.00017112774366978556
ray_gpis,Corner,18,0,1,minus_x,minus_y,0.09331740432575053,0.12725900055056572,0.033941596224815185,0.0,-0.5,0.09331740432575053,0.12725900055056572,0.10880355957273402,0.0001272140652872622,2.4477973056491464e-05,2.3239275833475403e-05
ray_gpis,Corner,18,0,2,minus_x,minus_y,0.09684358729152742,0.13968839939081434,0.04284481209928692,0.0,0.5,0.09684358729152742,0.13968839939081434,0.071735073963622,0.00013821951870340854,0.00012938574946019799,2.340368155273609e-05
ray_gpis,Corner,18,0,3,minus_x,minus_y,0.010937099280504459,0.04088407073005684,0.029946971449552384,0.0,0.5,0.010937099280504459,0.04088407073005684,0.006849710996639113,2.5650462703197263e-05,2.4787785150692798e-05,2.2823909603175707e-05
ray_gpis,Corner,18,0,4,minus_y,minus_x,0.04611020480670702,0.059523217645455984,0.013413012838748961,0.0,0.5,0.059523217645455984,0.04611020480670702,0.004883714950293605,3.312442640890367e-05,3.354193177074194e-05,2.2616317437496036e-05
ray_gpis,Corner,16,0,0,minus_x,minus_y,-0.011481648887879503,0.017203460105261636,0.02868510899314114,0.0,0.5,-0.011481648887879503,0.017203460105261636,-0.048214678248950094,0.00033025522134266794,0.0001602004049345851,2.6748941309051588e-05
ray_gpis,Corner,16,0,1,minus_x,minus_x,0.24780671155873846,0.24780671155873846,0.0,1.0,0.5,0.24780671155873846,0.13916639637048112,0.1522737595660686,0.00033777751377783716,8.48965355544351e-05,6.493739056168124e-05
ray_gpis,Corner,16,0,2,minus_y,minus_y,0.047796811797472416,0.047796811797472416,0.0,1.0,1.0,0.020733953845206488,0.047796811797472416,0.024488661147416546,2.2540367353940383e-05,2.988228152389638e-05,2.2588865249417722e-05
ray_gpis,Corner,16,0,3,minus_x,plus_z,0.014344040353401533,0.014696571656427793,0.00035253130302626,0.0,0.5,0.014344040353401533,0.011081355468108622,0.014696571656427793,2.298920662724413e-05,2.2694306608173065e-05,2.2785105102229863e-05
ray_gpis,Corner,16,0,4,minus_x,minus_x,0.02166358886001396,0.02166358886001396,0.0,1.0,0.5,0.02166358886001396,0.009380503481003388,0.014555141987475984,2.2396432541427203e-05,2.2181982785696164e-05,2.2060821720515378e-05
ray_gpis,Corner,15,0,0,minus_x,minus_x,0.097305524464809,0.097305524464809,0.0,1.0,1.0,0.097305524464809,0.031478574680669835,0.0005468007587278167,0.0006889671785756946,0.00036075685056857765,3.616767571656965e-05
ray_gpis,Corner,15,0,1,minus_x,minus_x,0.12466858857833141,0.12466858857833141,0.0,1.0,1.0,0.12466858857833141,0.09352178583067738,0.08176757931372225,9.125357610173523e-05,3.928972000721842e-05,2.2693708160659298e-05
ray_gpis,Corner,15,0,2,minus_y,minus_y,0.021314887488721013,0.021314887488721013,0.0,1.0,1.0,0.009137049821399623,0.021314887488721013,0.012912478462097199,2.2422569600166753e-05,2.2603999241255224e-05,2.2585383703699335e-05
ray_gpis,Corner,15,0,3,minus_x,minus_y,0.003493133984721619,0.05142610410191173,0.04793297011719011,0.0,-1.0,0.003493133984721619,0.05142610410191173,0.00634729165429504,2.252120066259522e-05,2.2286280000116676e-05,2.2452144548879005e-05
ray_gpis,Corner,15,0,4,minus_y,minus_x,0.0036130329836726593,0.033063712863689476,0.029450679880016817,0.0,-0.5,0.033063712863689476,0.0036130329836726593,0.0023244094698294804,2.2622882170253433e-05,2.4100110749714077e-05,2.3285021597985178e-05
ray_gpis,L_Shaped,19,0,0,minus_x,minus_x,0.15512345861529775,0.15512345861529775,0.0,1.0,0.5,0.15512345861529775,0.0031064565321238247,0.021298193481502636,1.8258091586176306e-05,1.8067237760988064e-05,1.75816603587009e-05
ray_gpis,L_Shaped,19,0,1,minus_x,minus_x,0.17574531506362756,0.17574531506362756,0.0,1.0,0.5,0.17574531506362756,0.13746380355654564,0.15555980011788406,3.2183146686293185e-05,2.276461418659892e-05,2.223521369160153e-05
ray_gpis,L_Shaped,19,0,2,minus_y,minus_y,0.05020687760447262,0.05020687760447262,0.0,1.0,0.5,0.02070904580775046,0.05020687760447262,0.02035353909775084,2.2561380319530144e-05,2.278474858030677e-05,2.2580243239644915e-05
ray_gpis,L_Shaped,19,0,3,minus_x,minus_y,0.012748703277714601,0.029567252874647232,0.01681854959693263,0.0,0.5,0.012748703277714601,0.029567252874647232,0.00914982289813604,2.259035136376042e-05,2.2567048290511593e-05,2.2347474441630766e-05
ray_gpis,L_Shaped,19,0,4,minus_x,minus_x,0.028853263565541853,0.028853263565541853,0.0,1.0,1.0,0.028853263565541853,0.026397083949156852,0.026575659284071795,2.2271909983828664e-05,2.195075103372801e-05,2.2145364710013382e-05
ray_gpis,L_Shaped,21,0,0,minus_x,minus_x,0.15058651911067356,0.15058651911067356,0.0,1.0,1.0,0.15058651911067356,0.013508361105899702,-0.009209752036140051,2.3871089069871232e-05,2.3732465706416406e-05,2.360751932428684e-05
ray_gpis,L_Shaped,21,0,1,minus_x,minus_x,0.1563984309890959,0.1563984309890959,0.0,1.0,0.5,0.1563984309890959,0.11827070548332985,0.12429401281043861,7.023531361483037e-05,3.717756044352427e-05,3.0404215067392215e-05
ray_gpis,L_Shaped,21,0,2,minus_x,plus_z,0.005422638987390482,0.023770636339088158,0.018347997351697676,0.0,-0.5,0.005422638987390482,0.008230499439703665,0.023770636339088158,2.241662332380656e-05,2.2354652173817158e-05,2.2393047402147204e-05
ray_gpis,L_Shaped,21,0,3,minus_x,minus_x,0.021730458070682968,0.021730458070682968,0.0,1.0,0.5,0.021730458070682968,0.011170842959724814,0.009896224114152474,2.2793406969867647e-05,2.2277199605014175e-05,2.2452271878137253e-05
ray_gpis,L_Shaped,21,0,4,minus_y,minus_x,0.0043196818654496205,0.004968545500473764,0.0006488636350241439,0.0,0.5,0.004968545500473764,0.0043196818654496205,0.002582311859116837,2.2032791093806736e-05,2.220389069407247e-05,2.166728700103704e-05
ray_gpis,L_Shaped,20,0,0,minus_x,minus_x,0.15941895024650554,0.15941895024650554,0.0,1.0,1.0,0.15941895024650554,0.11231391049792883,-0.0024857520429147906,0.000399404380004853,0.00015945224731694907,0.00012664029782172292
ray_gpis,L_Shaped,20,0,1,minus_x,plus_z,0.14494863886389286,0.1563516571872421,0.011403018323349223,0.0,0.5,0.14494863886389286,0.07948495090766505,0.1563516571872421,5.63020003028214e-05,2.2966030883253552e-05,3.4393277019262314e-05
ray_gpis,L_Shaped,20,0,2,minus_x,minus_y,0.0498139336672726,0.058268512036347864,0.00845457836907526,0.0,-0.5,0.0498139336672726,0.058268512036347864,0.0416502101025753,5.915377914789133e-05,2.277844396303408e-05,4.749323852593079e-05
ray_gpis,L_Shaped,20,0,3,plus_z,minus_x,0.025392987593215732,0.04143283025675082,0.016039842663535087,0.0,-0.5,0.04143283025675082,0.0381495499629384,0.025392987593215732,3.0363868063432164e-05,2.2436792278313078e-05,3.264691258664243e-05
ray_gpis,L_Shaped,20,0,4,minus_y,minus_y,0.04112861221889852,0.04112861221889852,0.0,1.0,1.0,0.03790696396366988,0.04112861221889852,0.01319563990228012,3.209893839084543e-05,3.692310565384105e-05,2.182618118240498e-05
ray_gpis,L_Shaped,17,0,0,minus_x,minus_x,0.19309042173565671,0.19309042173565671,0.0,1.0,1.0,0.19309042173565671,0.05766885129228283,0.041729505581408644,0.0004292211961001158,0.0003085862554144114,0.000251699733780697
ray_gpis,L_Shaped,17,0,1,minus_x,minus_x,0.13577447164245982,0.13577447164245982,0.0,1.0,0.5,0.13577447164245982,0.10258604116107473,0.11248049637634139,0.00019923031504731625,2.4085249606287107e-05,2.3163278456195258e-05
ray_gpis,L_Shaped,17,0,2,plus_z,minus_x,0.01599251445547567,0.04014544523537911,0.024152930779903437,0.0,-1.0,0.04014544523537911,0.03922968767298729,0.01599251445547567,2.251383375551086e-05,2.2793539756094106e-05,2.2820544472779147e-05
ray_gpis,L_Shaped,17,0,3,minus_y,minus_x,0.01538910646108671,0.020316908955928747,0.004927802494842037,0.0,0.5,0.020316908955928747,0.01538910646108671,0.014375970747747435,2.250847865070682e-05,2.250958641525358e-05,2.2266882297117263e-05
ray_gpis,L_Shaped,17,0,4,minus_x,minus_x,0.01196499208764934,0.01196499208764934,0.0,1.0,1.0,0.01196499208764934,0.008552663582176878,0.005337505634829931,2.2082500436226837e-05,2.190332452300936e-05,2.174987457692623e-05
ray_gpis,L_Shaped,22,0,0,minus_x,minus_x,0.19055229491376335,0.19055229491376335,0.0,1.0,1.0,0.19055229491376335,0.10025060416482989,0.026438100618725646,0.0008662199834361672,0.0007902462384663522,0.0002564017486292869
ray_gpis,L_Shaped,22,0,1,minus_x,minus_x,0.15832239367458456,0.15832239367458456,0.0,1.0,0.5,0.15832239367458456,0.11470362565623282,0.12260198378447962,0.00020426740229595453,3.127374657196924e-05,2.3569371478515677e-05
ray_gpis,L_Shaped,22,0,2,minus_y,minus_y,0.07684658917424836,0.07684658917424836,0.0,1.0,1.0,0.05302753945739136,0.07684658917424836,0.01750238325707698,2.8507942261057906e-05,3.159324114676565e-05,2.2425903807743452e-05
ray_gpis,L_Shaped,22,0,3,minus_x,minus_y,0.01167142792365905,0.026168526253130264,0.014497098329471214,0.0,-0.5,0.01167142792365905,0.026168526253130264,0.007234991936617696,2.2696385713061318e-05,2.2337295376928523e-05,2.2517586330650374e-05
ray_gpis,L_Shaped,22,0,4,minus_x,minus_x,0.029704812594543495,0.029704812594543495,0.0,1.0,1.0,0.029704812594543495,0.010128540685064524,0.016575758328415513,2.2004194761393592e-05,2.171143023588229e-05,2.176575617340859e-05
ray_gpis,L_Shaped,18,0,0,minus_x,minus_y,0.01712282541347332,0.043440604109745706,0.026317778696272387,0.0,0.5,0.01712282541347332,0.043440604109745706,-0.006152797500366236,0.0006765147554688156,0.00022369803627952933,9.335525828646496e-05
ray_gpis,L_Shaped,18,0,1,minus_x,minus_x,0.21111919273942004,0.21111919273942004,0.0,1.0,0.5,0.21111919273942004,0.13838509708541535,0.09246589289156282,5.912272536079399e-05,4.5574503019452095e-05,5.145852264831774e-05
ray_gpis,L_Shaped,18,0,2,minus_x,minus_y,0.03905696815774273,0.044027191889913886,0.004970223732171153,0.0,0.5,0.03905696815774273,0.044027191889913886,0.0348417878832088,2.2763104425393976e-05,2.2613956389250234e-05,2.219257839897182e-05
ray_gpis,L_Shaped,18,0,3,minus_x,minus_x,0.029695746030935832,0.029695746030935832,0.0,1.0,1.0,0.029695746030935832,0.011785852211327885,0.0115264263519671,2.3084916392690502e-05,2.2815014744992368e-05,2.252737249364145e-05
ray_gpis,L_Shaped,18,0,4,minus_y,minus_y,0.015481524874005115,0.015481524874005115,0.0,1.0,0.5,0.006476099637221178,0.015481524874005115,0.011486876708255989,2.2318319679470733e-05,2.4631845008116215e-05,2.2126047042547725e-05
ray_gpis,L_Shaped,16,0,0,minus_x,minus_x,0.10742090132827387,0.10742090132827387,0.0,1.0,1.0,0.10742090132827387,0.09290722017940567,-0.0021807325085354545,0.0011920275865122676,0.0010446063242852688,0.00017300269973929971
ray_gpis,L_Shaped,16,0,1,minus_x,minus_x,0.22371162199631822,0.22371162199631822,0.0,1.0,1.0,0.22371162199631822,0.17614098059887384,0.12238749420887096,0.0003815907984972,9.255045733880252e-05,2.2786611225456e-05
ray_gpis,L_Shaped,16,0,2,minus_y,minus_y,0.06265484224945306,0.06265484224945306,0.0,1.0,0.5,0.036233488768388944,0.06265484224945306,0.026923914424726303,2.266480260004755e-05,2.27814307436347e-05,2.2688698663841933e-05
ray_gpis,L_Shaped,16,0,3,plus_z,minus_x,0.010212428625615444,0.01629176264104304,0.0060793340154275954,0.0,-0.5,0.01629176264104304,0.01477209478923136,0.010212428625615444,2.2625683413934894e-05,2.2373098545358516e-05,2.2864007405587472e-05
ray_gpis,L_Shaped,16,0,4,minus_y,minus_x,0.012402999093102052,0.01499803363980401,0.0025950345467019575,0.0,-0.5,0.01499803363980401,0.012402999093102052,0.008588812934407275,2.1762050891993567e-05,2.2098398403613828e-05,2.1987456420902163e-05
ray_gpis,L_Shaped,15,0,0,minus_y,minus_x,0.028544773132778922,0.15128240011916783,0.1227376269863889,0.0,0.0,0.15128240011916783,0.028544773132778922,0.042307980403512024,1.4018664842296857e-05,1.4018664842296857e-05,1.3834002857038286e-05
ray_gpis,L_Shaped,15,0,1,minus_y,minus_x,0.13911302785044155,0.15649613567730003,0.01738310782685848,0.0,0.5,0.15649613567730003,0.13911302785044155,0.10580298804810118,0.000212481027119793,0.0002185299526900053,0.00017036755161825567
ray_gpis,L_Shaped,15,0,2,minus_y,minus_y,0.1681345284002298,0.1681345284002298,0.0,1.0,1.0,0.08953871485161258,0.1681345284002298,0.10569178673275226,4.91989849251695e-05,0.00020494086493272334,0.00015148791135288775
ray_gpis,L_Shaped,15,0,3,minus_x,minus_x,0.02992044712923858,0.02992044712923858,0.0,1.0,0.5,0.02992044712923858,0.012147675253662005,0.014234476190884138,2.8341979486867785e-05,2.3243102987180464e-05,2.258717722725123e-05
ray_gpis,L_Shaped,15,0,4,minus_y,minus_x,0.004167605222953008,0.006563931114790478,0.0023963258918374697,0.0,0.5,0.006563931114790478,0.004167605222953008,0.0037844212409977596,2.2352376618073322e-05,2.250394936709199e-05,2.174613473471254e-05
ray_gpis,Cylinder,19,0,0,minus_x,minus_x,0.028275928364107417,0.028275928364107417,0.0,1.0,1.0,0.028275928364107417,0.010968093771397847,-0.011724473366468868,0.00047339926823042333,0.00036204265779815614,3.232476592529565e-05
ray_gpis,Cylinder,19,0,1,minus_x,minus_x,0.25133963837290874,0.25133963837290874,0.0,1.0,1.0,0.25133963837290874,0.17417641563029007,0.1375254423559341,0.0004998553777113557,0.0002497315581422299,2.516771746741142e-05
ray_gpis,Cylinder,19,0,2,minus_x,minus_x,0.11565392022839627,0.11565392022839627,0.0,1.0,1.0,0.11565392022839627,0.054722111501764314,0.021833342474420925,0.00010920978093054146,3.3533859095769e-05,2.8136013497714885e-05
ray_gpis,Cylinder,19,0,3,plus_z,minus_y,0.012842257366936338,0.013711362751743339,0.0008691053848070007,0.0,-1.0,0.013404388195772943,0.013711362751743339,0.012842257366936338,2.3102555132936686e-05,2.2801614250056446e-05,2.3105139916879125e-05
ray_gpis,Cylinder,19,0,4,plus_z,minus_x,0.009485786779867222,0.01826110673154202,0.008775319951674798,0.0,-0.5,0.01826110673154202,0.00723113411951426,0.009485786779867222,2.25703352043638e-05,2.268346543132793e-05,2.269645301566925e-05
ray_gpis,Cylinder,21,0,0,minus_x,minus_x,0.04586119142913736,0.04586119142913736,0.0,1.0,1.0,0.04586119142913736,-0.03416914155218398,-0.0382519804221676,0.0006060671294108033,0.0004214013461023569,6.595471495529637e-05
ray_gpis,Cylinder,21,0,1,minus_x,minus_x,0.16001089736614127,0.16001089736614127,0.0,1.0,0.5,0.16001089736614127,0.13441687830942883,0.13489881473293353,0.00016423339548055083,5.7513676438247785e-05,3.309170278953388e-05
ray_gpis,Cylinder,21,0,2,minus_y,plus_z,0.01847941509766715,0.026309310845658462,0.007829895747991311,0.0,-1.0,0.019212117983271382,0.01847941509766715,0.026309310845658462,2.3466342099709436e-05,3.0374594643944874e-05,2.316382779099513e-05
ray_gpis,Cylinder,21,0,3,minus_y,minus_y,0.04308942661658999,0.04308942661658999,0.0,1.0,1.0,0.015190707762808953,0.04308942661658999,0.008811749841460381,2.7749663786380552e-05,3.266934436396696e-05,2.4859391487552784e-05
ray_gpis,Cylinder,21,0,4,minus_x,minus_y,0.01843082787388206,0.02813751769132955,0.00970668981744749,0.0,0.5,0.01843082787388206,0.02813751769132955,0.00610641065678641,3.2913434552028775e-05,3.156926322844811e-05,2.2134074242785573e-05
ray_gpis,Cylinder,20,0,0,minus_x,minus_x,0.14491953392301427,0.14491953392301427,0.0,1.0,1.0,0.14491953392301427,0.02196923433126985,-0.02189072751694432,0.0007791437092237175,0.0002974883245769888,5.9452122513903305e-05
ray_gpis,Cylinder,20,0,1,minus_x,minus_x,0.16090784060529628,0.16090784060529628,0.0,1.0,1.0,0.16090784060529628,0.10804850463657867,0.10134129823006865,9.478868014412001e-05,4.1814895666902885e-05,2.650887836352922e-05
ray_gpis,Cylinder,20,0,2,minus_x,minus_y,0.01887614355183509,0.06003262114241881,0.04115647759058372,0.0,-0.5,0.01887614355183509,0.06003262114241881,0.023692095494605714,2.6481122404220514e-05,2.6051930035464466e-05,2.3843049348215573e-05
ray_gpis,Cylinder,20,0,3,minus_y,minus_x,0.05550109823952032,0.06255091290669956,0.007049814667179244,0.0,0.5,0.06255091290669956,0.05550109823952032,0.009355156068754478,3.14479875669349e-05,3.147187453578226e-05,2.8574137104442343e-05
ray_gpis,Cylinder,20,0,4,minus_x,minus_x,0.014555566746020543,0.014555566746020543,0.0,1.0,1.0,0.014555566746020543,0.014192623294878914,0.00586976585674992,3.076733264606446e-05,3.0131990570225753e-05,2.2584474208997563e-05
ray_gpis,Cylinder,17,0,0,minus_x,minus_x,0.056446488860627086,0.056446488860627086,0.0,1.0,1.0,0.056446488860627086,0.054760967995746035,0.04374028190674295,0.0005654506385326385,0.000562785193324089,0.00020630535436794162
ray_gpis,Cylinder,17,0,1,minus_x,minus_x,0.2600546070563432,0.2600546070563432,0.0,1.0,1.0,0.2600546070563432,0.10240784911686307,0.08539267014912666,0.00013950288121122867,0.00011517941311467439,2.4336613932973705e-05
ray_gpis,Cylinder,17,0,2,minus_y,minus_y,0.05142684609973158,0.05142684609973158,0.0,1.0,1.0,0.05089924189938544,0.05142684609973158,0.024319239518614033,3.3621719921939075e-05,4.5070792111800984e-05,2.3751246772008017e-05
ray_gpis,Cylinder,17,0,3,minus_x,minus_x,0.02114313776586374,0.02114313776586374,0.0,1.0,1.0,0.02114313776586374,0.010020480897363293,0.009304459741110493,2.4484668756485917e-05,2.3371119823423214e-05,2.287001370859798e-05
ray_gpis,Cylinder,17,0,4,plus_z,minus_x,0.010220316092229953,0.01660386525896207,0.0063835491667321165,0.0,0.5,0.01660386525896207,0.0077273861076488926,0.010220316092229953,2.5443358026677743e-05,2.2505109882331453e-05,2.5663888663984835e-05
ray_gpis,Cylinder,22,0,0,minus_x,minus_x,0.14861695400138575,0.14861695400138575,0.0,1.0,0.5,0.14861695400138575,0.06719213043539307,0.037608307151273945,0.0009614383452571929,0.00039727805415168405,0.0004576568608172238
ray_gpis,Cylinder,22,0,1,minus_x,minus_x,0.18814295802918668,0.18814295802918668,0.0,1.0,0.5,0.18814295802918668,0.13992251723802518,0.11767475658797433,0.00020243243488948792,2.4293358364957385e-05,3.344590368214995e-05
ray_gpis,Cylinder,22,0,2,minus_x,minus_x,0.06882936000790141,0.06882936000790141,0.0,1.0,0.5,0.06882936000790141,0.0628871516028251,0.01996730086279397,2.5962313884519972e-05,2.2732438083039597e-05,2.3690980015089735e-05
ray_gpis,Cylinder,22,0,3,plus_z,minus_y,0.010656467235708567,0.01508445639761824,0.004427989161909673,0.0,-1.0,0.010727373014031705,0.01508445639761824,0.010656467235708567,2.339182174182497e-05,2.258277527289465e-05,2.356453478569165e-05
ray_gpis,Cylinder,22,0,4,minus_x,minus_x,0.01849660667415509,0.01849660667415509,0.0,1.0,1.0,0.01849660667415509,0.018288076748765425,0.007428003510643655,2.9372406061156653e-05,2.3038573999656364e-05,2.2274341972661205e-05
ray_gpis,Cylinder,18,0,0,minus_x,minus_x,-0.024653329821031522,-0.024653329821031522,0.0,1.0,1.0,-0.024653329821031522,-0.02561779056895086,-0.06436072006478599,0.0008502021664753556,0.0004229418118484318,0.0001316126435995102
ray_gpis,Cylinder,18,0,1,minus_x,minus_x,0.21241509292549077,0.21241509292549077,0.0,1.0,0.5,0.21241509292549077,0.177504608071807,0.1968479110715654,0.00015892987721599638,3.2481810194440186e-05,2.4342190954484977e-05
ray_gpis,Cylinder,18,0,2,minus_x,minus_y,0.0639577412583795,0.10147480760447647,0.03751706634609697,0.0,0.5,0.0639577412583795,0.10147480760447647,0.034646959918371856,3.146287417621352e-05,2.4035611204453744e-05,2.397056232439354e-05
ray_gpis,Cylinder,18,0,3,plus_z,minus_x,0.023876464515846685,0.05483680019836101,0.03096033568251433,0.0,-1.0,0.05483680019836101,0.035806257870183655,0.023876464515846685,2.3687547582085244e-05,2.39055461861426e-05,2.4088665668386966e-05
ray_gpis,Cylinder,18,0,4,minus_y,minus_x,0.02733680895203161,0.0453419958612139,0.01800518690918229,0.0,0.5,0.0453419958612139,0.02733680895203161,0.010959866578666322,2.7267593395663425e-05,2.9763259590254165e-05,2.348079942748882e-05
ray_gpis,Cylinder,16,0,0,minus_x,plus_z,0.0687323362032799,0.07266318187832077,0.003930845675040873,0.0,-0.5,0.0687323362032799,0.014608246727984553,0.07266318187832077,0.0006265000556595623,0.00048654773854650557,6.353098433464766e-05
ray_gpis,Cylinder,16,0,1,minus_x,minus_x,0.17706362996531821,0.17706362996531821,0.0,1.0,1.0,0.17706362996531821,0.13234641184242046,0.0586499768217662,0.00020955911895725876,0.00011530459596542642,2.3288006559596397e-05
ray_gpis,Cylinder,16,0,2,minus_x,minus_y,0.057520684062983385,0.059077642973418776,0.001556958910435391,0.0,0.5,0.057520684062983385,0.059077642973418776,0.03231900822419831,4.1352850530529395e-05,3.370727790752426e-05,2.319468512723688e-05
ray_gpis,Cylinder,16,0,3,minus_y,minus_y,0.03290955002873286,0.03290955002873286,0.0,1.0,1.0,0.026834456761569814,0.03290955002873286,0.010627867630910615,2.478195347066503e-05,2.6309702661819756e-05,2.3077622245182283e-05
ray_gpis,Cylinder,16,0,4,minus_x,minus_y,0.005964497681443026,0.0061304896695435485,0.0001659919881005223,0.0,0.5,0.005964497681443026,0.0061304896695435485,0.005049049362983005,2.3373961084871553e-05,2.297172977705486e-05,2.2844007617095485e-05
ray_gpis,Cylinder,15,0,0,minus_x,minus_x,0.14066458088581668,0.14066458088581668,0.0,1.0,1.0,0.14066458088581668,0.06727750383773023,0.02898147285694941,0.0005718432948924601,0.0004326092021074146,4.1403785871807486e-05
ray_gpis,Cylinder,15,0,1,minus_x,minus_x,0.14515861057194623,0.14515861057194623,0.0,1.0,1.0,0.14515861057194623,0.12946153943058125,0.05638060990428717,9.238502389052883e-05,2.402561040071305e-05,2.3118183889891952e-05
ray_gpis,Cylinder,15,0,2,minus_x,minus_y,0.009741092542182028,0.04903080188926712,0.03928970934708509,0.0,-1.0,0.009741092542182028,0.04903080188926712,0.04349514708517277,2.373093957430683e-05,2.2900005205883645e-05,2.328523260075599e-05
ray_gpis,Cylinder,15,0,3,plus_z,minus_x,0.005430215596773813,0.047087446833233515,0.0416572312364597,0.0,-0.5,0.047087446833233515,0.019423084501733023,0.005430215596773813,2.293936449859757e-05,2.2938103938940912e-05,2.3343818611465394e-05
ray_gpis,Cylinder,15,0,4,minus_x,minus_y,0.02062030136729809,0.023923584143483723,0.0033032827761856343,0.0,0.5,0.02062030136729809,0.023923584143483723,0.0030592120413969193,2.3251239326782525e-05,2.2893105779075995e-05,2.2692956918035634e-05
ray_gpis,Cross,19,0,0,minus_y,minus_x,0.08772121883366446,0.10401887899783846,0.016297660164174,0.0,0.5,0.10401887899783846,0.08772121883366446,0.08602401550121319,0.00016853492707014084,0.00019424990750849247,4.851240373682231e-05
ray_gpis,Cross,19,0,1,minus_x,minus_x,0.18038390852060848,0.18038390852060848,0.0,1.0,1.0,0.18038390852060848,0.16393561384267918,0.11300851376743948,9.204870002577081e-05,9.061916352948174e-05,2.9210317734396085e-05
ray_gpis,Cross,19,0,2,minus_x,minus_x,0.10724220661990003,0.10724220661990003,0.0,1.0,1.0,0.10724220661990003,0.08702998549744745,0.037087039284612544,3.9530739741167054e-05,2.3222661184263416e-05,2.3157193936640397e-05
ray_gpis,Cross,19,0,3,minus_y,minus_y,0.04631468514573245,0.04631468514573245,0.0,1.0,0.5,0.04039006293726166,0.04631468514573245,0.009987501072982075,2.2485703084385023e-05,2.296814818691928e-05,2.283431422256399e-05
ray_gpis,Cross,19,0,4,plus_z,minus_y,0.008307384062572698,0.010181068279402794,0.001873684216830096,0.0,0.5,0.006875193155336912,0.010181068279402794,0.008307384062572698,2.2511290808324702e-05,2.252825470350217e-05,2.2804168111179024e-05
ray_gpis,Cross,21,0,0,minus_x,minus_x,0.01073248244728886,0.01073248244728886,0.0,1.0,1.0,0.01073248244728886,-0.01670689424943317,-0.04630254432098002,0.0004166241269558668,0.00035455203033052385,9.141744521912187e-05
ray_gpis,Cross,21,0,1,minus_x,minus_x,0.226760891126495,0.226760891126495,0.0,1.0,1.0,0.226760891126495,0.1372480701876655,0.11112074268575078,0.0002504892472643405,7.26142679923214e-05,2.5833298423094675e-05
ray_gpis,Cross,21,0,2,plus_z,plus_z,0.05923814733616395,0.05923814733616395,0.0,1.0,0.5,0.03948980663895718,0.05320226769619596,0.05923814733616395,2.279557338624727e-05,2.2309912310447544e-05,2.318552833457943e-05
ray_gpis,Cross,21,0,3,minus_y,minus_x,0.010307715209583512,0.018818724276122523,0.00851100906653901,0.0,-0.5,0.018818724276122523,0.010307715209583512,0.01261063752312852,2.2765603716834448e-05,2.2959349735174328e-05,2.2582666133530438e-05
ray_gpis,Cross,21,0,4,plus_z,minus_x,0.007287132670618424,0.021108734949980668,0.013821602279362244,0.0,-0.5,0.021108734949980668,0.013359821371535796,0.007287132670618424,2.8730388294206932e-05,2.6304007405997254e-05,2.928774665633682e-05
ray_gpis,Cross,20,0,0,minus_x,minus_x,0.02339766525732212,0.02339766525732212,0.0,1.0,1.0,0.02339766525732212,0.011959646459723805,-0.025509696672445625,0.0010285238968208432,0.0005432976176962256,5.68813738937024e-05
ray_gpis,Cross,20,0,1,minus_y,minus_y,0.24938718360318268,0.24938718360318268,0.0,1.0,1.0,0.22161091843716152,0.24938718360318268,0.18371369272277505,0.00041502725798636675,0.0004355318669695407,2.5522436772007495e-05
ray_gpis,Cross,20,0,2,minus_x,minus_x,0.10060996054445581,0.10060996054445581,0.0,1.0,0.5,0.10060996054445581,0.029915549560949106,0.03713658404671505,4.046817775815725e-05,2.371709888393525e-05,2.261882764287293e-05
ray_gpis,Cross,20,0,3,minus_x,minus_x,0.0209568704951969,0.0209568704951969,0.0,1.0,1.0,0.0209568704951969,0.01929935808986638,0.009718040413536966,2.315079291292932e-05,2.274517282785382e-05,2.2661957700620405e-05
ray_gpis,Cross,20,0,4,minus_x,minus_y,0.0052569799872953515,0.008444148536535856,0.0031871685492405044,0.0,-0.5,0.0052569799872953515,0.008444148536535856,0.007702941979975342,2.275302176713012e-05,2.266591582156252e-05,2.2584099497180432e-05
ray_gpis,Cross,17,0,0,minus_y,minus_x,0.0760227862094166,0.09927423807925706,0.023251451869840456,0.0,0.5,0.09927423807925706,0.0760227862094166,0.048908788343229315,0.00023289620003197342,0.00031626090640202165,0.00010227873281110078
ray_gpis,Cross,17,0,1,minus_x,minus_x,0.16130324122557282,0.16130324122557282,0.0,1.0,0.5,0.16130324122557282,0.15126244542420264,0.10914439367919337,0.00020977508393116295,0.0001163361084763892,0.0001580811949679628
ray_gpis,Cross,17,0,2,minus_x,minus_x,0.05128217022509718,0.05128217022509718,0.0,1.0,1.0,0.05128217022509718,0.04202439990902851,0.02658191521469211,0.0001194459036923945,2.36176547332434e-05,2.2938860638532788e-05
ray_gpis,Cross,17,0,3,minus_x,minus_x,0.0692290303752987,0.0692290303752987,0.0,1.0,1.0,0.0692290303752987,0.015656731140988867,0.025346026450318804,6.716591451549903e-05,2.2451127733802423e-05,5.680819594999775e-05
ray_gpis,Cross,17,0,4,minus_x,minus_x,0.049521896988165115,0.049521896988165115,0.0,1.0,0.5,0.049521896988165115,0.008925814723621861,0.00502644144340314,5.8685094700194895e-05,2.2342563170241192e-05,2.4696280888747424e-05
ray_gpis,Cross,22,0,0,minus_x,minus_x,0.11610409083178419,0.11610409083178419,0.0,1.0,1.0,0.11610409083178419,0.08993021642307486,0.0063108400293196976,0.00018040527356788516,0.00012830350897274911,5.802584928460419e-05
ray_gpis,Cross,22,0,1,minus_y,minus_x,0.14875009219828528,0.16598166052217833,0.017231568323893054,0.0,-0.5,0.16598166052217833,0.14875009219828528,0.15034742427660708,5.919051545788534e-05,8.161838923115283e-05,2.950905036414042e-05
ray_gpis,Cross,22,0,2,minus_x,minus_x,0.11670118189221457,0.11670118189221457,0.0,1.0,0.5,0.11670118189221457,0.019855747371946175,0.021470174908709172,6.259368092287332e-05,2.3356042220257223e-05,2.3335904188570566e-05
ray_gpis,Cross,22,0,3,minus_x,plus_z,0.017434835346427202,0.01967429092982287,0.0022394555833956664,0.0,-0.5,0.017434835346427202,0.012310128847910606,0.01967429092982287,3.1096264137886465e-05,2.2980482754064724e-05,2.2590829757973552e-05
ray_gpis,Cross,22,0,4,minus_x,minus_x,0.018890981762688108,0.018890981762688108,0.0,1.0,1.0,0.018890981762688108,0.005949617399628182,0.010777274064724729,2.8158134227851406e-05,2.1969795852783136e-05,2.288071482325904e-05
ray_gpis,Cross,18,0,0,minus_x,minus_x,0.04467075158398637,0.04467075158398637,0.0,1.0,1.0,0.04467075158398637,0.0025200056254051084,-0.036253023747784496,1.824302125896793e-05,1.810499088605866e-05,1.8013066437561065e-05
ray_gpis,Cross,18,0,1,minus_x,minus_x,0.2209303890451324,0.2209303890451324,0.0,1.0,0.5,0.2209303890451324,0.12354126745695959,0.13628418581021517,0.00017319225298706442,3.346371522638947e-05,2.3278273147298023e-05
ray_gpis,Cross,18,0,2,minus_x,minus_x,0.04220039478477133,0.04220039478477133,0.0,1.0,0.5,0.04220039478477133,0.035494805154209996,0.041019088649075774,2.322485306649469e-05,2.3084527128958143e-05,2.262706584588159e-05
ray_gpis,Cross,18,0,3,plus_z,minus_x,0.01269500533810708,0.019927556400653912,0.0072325510625468326,0.0,-0.5,0.019927556400653912,0.011903181699729815,0.01269500533810708,2.2654669010080397e-05,2.275269253004808e-05,2.2895943402545527e-05
ray_gpis,Cross,18,0,4,minus_x,minus_x,0.030153685490190374,0.030153685490190374,0.0,1.0,0.5,0.030153685490190374,0.02063762174889061,0.016309871234254092,2.575951839389745e-05,2.1932773961452767e-05,2.2378695575753227e-05
ray_gpis,Cross,16,0,0,minus_x,minus_y,-0.0027733130064299116,-0.0013885349723541385,0.0013847780340757732,0.0,0.5,-0.0027733130064299116,-0.0013885349723541385,-0.027184662423461292,0.00040239631198346615,0.00012789288302883506,4.269748387741856e-05
ray_gpis,Cross,16,0,1,minus_x,minus_x,0.20813206582503285,0.20813206582503285,0.0,1.0,0.5,0.20813206582503285,0.11230428638449075,0.1283881743321592,0.00017256847058888525,5.128648626850918e-05,2.7499034331412986e-05
ray_gpis,Cross,16,0,2,minus_x,minus_x,0.11034138340732746,0.11034138340732746,0.0,1.0,1.0,0.11034138340732746,0.10573070774545967,0.03256443241373541,7.109120633685961e-05,6.838024273747578e-05,2.270605727971997e-05
ray_gpis,Cross,16,0,3,minus_x,minus_x,0.04265331495476099,0.04265331495476099,0.0,1.0,0.5,0.04265331495476099,0.03715427398670457,0.016019035205596333,2.289455005666241e-05,2.25597668759292e-05,2.2696716769132763e-05
ray_gpis,Cross,16,0,4,minus_x,minus_x,0.011954637032353888,0.011954637032353888,0.0,1.0,1.0,0.011954637032353888,0.010391085880026574,0.009076619183815193,2.2134045138955116e-05,2.196908462792635e-05,2.1664956875611097e-05
ray_gpis,Cross,15,0,0,minus_x,minus_x,0.1214687075550267,0.1214687075550267,0.0,1.0,1.0,0.1214687075550267,0.06303462085889588,0.015280712312657041,0.00025467059458605945,0.00019614807388279587,2.5080089471885003e-05
ray_gpis,Cross,15,0,1,minus_x,minus_x,0.11041561729219673,0.11041561729219673,0.0,1.0,1.0,0.11041561729219673,0.09865708237741488,0.05672134238268878,0.0001461227802792564,8.972774230642244e-05,2.3182647055364214e-05
ray_gpis,Cross,15,0,2,minus_x,minus_x,0.1019439029687863,0.1019439029687863,0.0,1.0,1.0,0.1019439029687863,0.04646317633370389,0.011713172717498832,9.73832284216769e-05,2.340359969821293e-05,2.2553556846105494e-05
ray_gpis,Cross,15,0,3,minus_y,minus_x,0.03950395698067688,0.039692993290525225,0.00018903630984834496,0.0,-0.5,0.039692993290525225,0.03950395698067688,0.010670714880483101,2.280928129039239e-05,2.3121971025830135e-05,2.2858484953758307e-05
ray_gpis,Cross,15,0,4,minus_y,minus_y,0.00604025436488842,0.00604025436488842,0.0,1.0,1.0,0.005033275531810877,0.00604025436488842,0.0044106030221574555,2.2225416614674032e-05,2.245809810119681e-05,2.1892963559366763e-05
ray_gpis,Bowl,19,0,0,minus_x,minus_x,0.20504868208444005,0.20504868208444005,0.0,1.0,1.0,0.20504868208444005,0.13479759809227987,0.168187943579593,0.0004929092829115689,6.772023334633559e-05,7.254290540004149e-05
ray_gpis,Bowl,19,0,1,plus_z,minus_y,0.14274045453140483,0.16972367918163245,0.026983224650227622,0.0,0.5,0.10077191409818731,0.16972367918163245,0.14274045453140483,4.9772363126976416e-05,7.915549213066697e-05,0.00025410496164113283
ray_gpis,Bowl,19,0,2,plus_z,minus_y,0.005546224552240631,0.04932972293424176,0.04378349838200113,0.0,-0.5,0.008193026560961103,0.04932972293424176,0.005546224552240631,3.5498760553309694e-05,0.00010719754209276289,0.0002166020276490599
ray_gpis,Bowl,19,0,3,plus_z,minus_y,0.005487408821817863,0.028988310411910412,0.02350090159009255,0.0,0.5,0.0028053226590968317,0.028988310411910412,0.005487408821817863,5.7193406973965466e-05,6.523005868075415e-05,0.00023527871235273778
ray_gpis,Bowl,19,0,4,plus_z,minus_x,0.002355785916538622,0.05662050930283424,0.05426472338629562,0.0,-0.5,0.05662050930283424,0.0016712668791041274,0.002355785916538622,0.00017277788720093668,0.0002763735828921199,0.00028217615908943117
ray_gpis,Bowl,21,0,0,minus_x,minus_y,0.10972676659364922,0.15563358889521972,0.045906822301570505,0.0,0.5,0.10972676659364922,0.15563358889521972,0.09977335141373378,0.0004364532942418009,0.00016142928507179022,4.092406015843153e-05
ray_gpis,Bowl,21,0,1,minus_x,minus_x,0.16057754556506654,0.16057754556506654,0.0,1.0,1.0,0.16057754556506654,0.08583451278928778,0.13440888438886867,0.00022432897822000086,0.00011627254571067169,0.00022084293595980853
ray_gpis,Bowl,21,0,2,plus_z,minus_y,0.02160502590664637,0.026674178286620442,0.005069152379974073,0.0,0.5,0.020869506944978578,0.026674178286620442,0.02160502590664637,4.103789251530543e-05,0.00013379764277487993,0.00014467719302047044
ray_gpis,Bowl,21,0,3,plus_z,minus_x,0.007404948651013377,0.012466729671722021,0.0050617810207086444,0.0,-0.5,0.012466729671722021,0.011143111350780499,0.007404948651013377,7.124542753444985e-05,3.4226242860313505e-05,0.00017997210670728236
ray_gpis,Bowl,21,0,4,plus_z,minus_x,0.00838374098318273,0.025937515734404837,0.017553774751222107,0.0,0.5,0.025937515734404837,0.007614558886475664,0.00838374098318273,0.00016530323773622513,9.23940388020128e-05,0.0001738174178171903
ray_gpis,Bowl,20,0,0,minus_x,minus_x,0.18461578490759678,0.18461578490759678,0.0,1.0,1.0,0.18461578490759678,0.1713550678087189,0.11975910011535174,0.0004973742761649191,0.0001447445247322321,5.2730294555658475e-05
ray_gpis,Bowl,20,0,1,minus_y,plus_z,0.09546435760454297,0.10612180790557091,0.010657450301027938,0.0,0.5,0.07306730053989663,0.09546435760454297,0.10612180790557091,0.00011290139809716493,0.0003304370620753616,0.00027245545061305165
ray_gpis,Bowl,20,0,2,plus_z,minus_x,0.023271374765142516,0.08174164123721706,0.05847026647207454,0.0,0.5,0.08174164123721706,0.005261033826572503,0.023271374765142516,4.629974500858225e-05,3.8839341868879274e-05,0.00021388501045294106
ray_gpis,Bowl,20,0,3,plus_z,minus_x,0.0026559706494126978,0.06282440544831258,0.060168434798899884,0.0,-1.0,0.06282440544831258,0.057734527078733944,0.0026559706494126978,6.343440327327698e-05,8.903526031645015e-05,0.00033296391484327614
ray_gpis,Bowl,20,0,4,plus_z,minus_y,0.0009878815844907018,0.04063360400644411,0.03964572242195341,0.0,-0.5,0.010561280650086102,0.04063360400644411,0.0009878815844907018,7.944671961013228e-05,0.00012450355279725045,0.0003536620642989874
ray_gpis,Bowl,17,0,0,minus_y,plus_z,0.05950442373598386,0.09564206190060875,0.0361376381646249,0.0,-1.0,0.06999484515622845,0.05950442373598386,0.09564206190060875,0.00026887227431870997,0.0003537819138728082,0.00016320408030878752
ray_gpis,Bowl,17,0,1,plus_z,minus_y,0.12463237069103172,0.19502020861916813,0.07038783792813641,0.0,-0.5,0.17389910829484256,0.19502020861916813,0.12463237069103172,5.6637119996594265e-05,0.0002488291065674275,0.0002504460862837732
ray_gpis,Bowl,17,0,2,plus_z,minus_x,0.03229275213184224,0.09063038256952627,0.05833763043768403,0.0,-1.0,0.09063038256952627,0.07883663375829675,0.03229275213184224,5.0369057134957984e-05,0.00012256056652404368,0.00025872347760014236
ray_gpis,Bowl,17,0,3,plus_z,minus_x,0.010013710444616075,0.07267328167826848,0.0626595712336524,0.0,-1.0,0.07267328167826848,0.024057659453221136,0.010013710444616075,6.962673069210723e-05,0.0002497588866390288,0.00038264229078777134
ray_gpis,Bowl,17,0,4,plus_z,minus_x,0.007581682771125364,0.10720241050368329,0.09962072773255792,0.0,-1.0,0.10720241050368329,0.06683156052186812,0.007581682771125364,9.05212145880796e-05,0.00017355050658807158,0.0003815628297161311
ray_gpis,Bowl,22,0,0,plus_z,minus_y,-0.00825366302830055,0.051121698368653434,0.059375361396953985,0.0,-0.5,-0.026843101937356728,0.051121698368653434,-0.00825366302830055,0.0003357080277055502,0.00023993791546672583,0.0004076640761923045
ray_gpis,Bowl,22,0,1,plus_z,minus_x,0.16934615348725535,0.18212628543756426,0.012780131950308915,0.0,-0.5,0.18212628543756426,0.1585278578795255,0.16934615348725535,0.00022395643463823944,0.00024202400527428836,0.00025476596783846617
ray_gpis,Bowl,22,0,2,plus_z,minus_x,0.029828614585511892,0.15957130915409834,0.12974269456858645,0.0,-0.5,0.15957130915409834,0.07185065153247461,0.029828614585511892,0.00015426776371896267,7.948273560032248e-05,0.00023909701849333942
ray_gpis,Bowl,22,0,3,plus_z,minus_x,0.02793024999713012,0.12199001131855891,0.09405976132142879,0.0,-1.0,0.12199001131855891,0.10754106823205722,0.02793024999713012,0.000314609264023602,0.0004379575257189572,0.00044057154445908964
ray_gpis,Bowl,22,0,4,minus_y,minus_x,0.026485693793934284,0.04489616704587074,0.018410473251936454,0.0,-0.5,0.04489616704587074,0.026485693793934284,0.003595955941609774,0.00011335611634422094,0.0004558317887131125,0.0004519021022133529
ray_gpis,Bowl,18,0,0,plus_z,minus_x,0.025162670374000107,0.18193238827763114,0.15676971790363103,0.0,-1.0,0.18193238827763114,0.10089551192014035,0.025162670374000107,4.349669688963331e-05,0.0001323368342127651,0.0002658986777532846
ray_gpis,Bowl,18,0,1,plus_z,minus_x,0.027539571388843553,0.15497559026062224,0.1274360188717787,0.0,-1.0,0.15497559026062224,0.1342088198528687,0.027539571388843553,3.9092210499802604e-05,0.00010440673213452101,0.00019993033492937684
ray_gpis,Bowl,18,0,2,plus_z,minus_x,0.04838991341012533,0.14607434061829372,0.09768442720816839,0.0,-0.5,0.14607434061829372,0.01348313174890492,0.04838991341012533,5.54572106921114e-05,0.0002630781091284007,0.00026881814119406044
ray_gpis,Bowl,18,0,3,plus_z,minus_x,0.008808305289541574,0.16661623597571396,0.15780793068617238,0.0,-1.0,0.16661623597571396,0.03919786554179372,0.008808305289541574,5.562294245464727e-05,0.00023556842643301934,0.0002401069359621033
ray_gpis,Bowl,18,0,4,plus_z,minus_x,0.00701836712635151,0.15010583977778114,0.14308747265142963,0.0,-1.0,0.15010583977778114,0.08150711040690117,0.00701836712635151,6.638754712184891e-05,0.00017992022912949324,0.0003316709480714053
ray_gpis,Bowl,16,0,0,plus_z,minus_y,0.12092237149184792,0.15063415126726798,0.029711779775420055,0.0,-0.5,0.07830293241210062,0.15063415126726798,0.12092237149184792,0.00019432608678471297,0.00015452681691385806,0.00022993786842562258
ray_gpis,Bowl,16,0,1,minus_y,minus_x,0.03846206895384563,0.11783704013019747,0.07937497117635184,0.0,0.5,0.11783704013019747,0.03846206895384563,0.018563687650308358,0.00013661051343660802,0.00024137715809047222,3.9569164073327556e-05
ray_gpis,Bowl,16,0,2,plus_z,minus_x,0.06339704870774154,0.10750755273640467,0.04411050402866312,0.0,-1.0,0.10750755273640467,0.07167702815689125,0.06339704870774154,0.0001632876374060288,0.00031604504329152405,0.00031678006052970886
ray_gpis,Bowl,16,0,3,minus_y,plus_z,0.023715303279258637,0.029173628408548646,0.005458325129290009,0.0,-0.5,0.02522183872048156,0.023715303279258637,0.029173628408548646,6.381241109920666e-05,0.0002518403634894639,0.00019004038767889142
ray_gpis,Bowl,16,0,4,plus_z,plus_z,0.05987716554702094,0.05987716554702094,0.0,1.0,1.0,0.0307562975944371,0.05894148380257802,0.05987716554702094,7.154046761570498e-05,0.00019342594896443188,0.0003483036416582763
ray_gpis,Bowl,15,0,0,minus_y,minus_y,0.20441990467044446,0.20441990467044446,0.0,1.0,1.0,0.10783699106622668,0.20441990467044446,0.03341527630355523,0.0007752297096885741,0.0008743176003918052,0.0002094443771056831
ray_gpis,Bowl,15,0,1,minus_y,minus_y,0.14104453021285235,0.14104453021285235,0.0,1.0,1.0,0.11105389517489128,0.14104453021285235,0.11475909219772185,7.73021238273941e-05,0.00024454170488752425,0.00022852490656077862
ray_gpis,Bowl,15,0,2,plus_z,minus_x,0.02648698341900879,0.0611278854837739,0.03464090206476511,0.0,-1.0,0.0611278854837739,0.05990777312460227,0.02648698341900879,6.912618118803948e-05,0.00013979421055410057,0.00016170641174539924
ray_gpis,Bowl,15,0,3,plus_z,minus_x,0.013119809939602822,0.04473670442144473,0.031616894481841906,0.0,-0.5,0.04473670442144473,0.03493974884345585,0.013119809939602822,9.341844997834414e-05,8.951059862738475e-05,0.0002036713412962854
ray_gpis,Bowl,15,0,4,plus_z,minus_x,0.007412193354393359,0.06192190196937375,0.05450970861498039,0.0,0.5,0.06192190196937375,0.006555558897735292,0.007412193354393359,0.00025052158161997795,0.00022743390582036227,0.00027809475432150066
ray_gpis,Cube,19,0,0,minus_x,minus_x,0.06147978547287969,0.06147978547287969,0.0,1.0,1.0,0.06147978547287969,0.021002687094282546,0.013628843860856277,0.000480571819934994,0.000402813806431368,9.342192788608372e-05
ray_gpis,Cube,19,0,1,minus_x,minus_x,0.21987765836891493,0.21987765836891493,0.0,1.0,1.0,0.21987765836891493,0.09794318512705247,0.10415983686613206,0.0006363188149407506,5.392181992647238e-05,8.958104444900528e-05
ray_gpis,Cube,19,0,2,plus_z,minus_y,0.04807904744425717,0.049980139522068145,0.001901092077810973,0.0,-1.0,0.048585186053210716,0.049980139522068145,0.04807904744425717,8.614226680947468e-05,6.727308209519833e-05,0.0001478205667808652
ray_gpis,Cube,19,0,3,minus_x,minus_x,0.09577371129812007,0.09577371129812007,0.0,1.0,0.5,0.09577371129812007,0.028651485877580818,0.007031234837878042,0.00018852866196539253,2.283453068230301e-05,4.838070526602678e-05
ray_gpis,Cube,19,0,4,plus_z,minus_x,0.018753409052351455,0.03405810331442283,0.015304694262071372,0.0,-0.5,0.03405810331442283,0.0186686043732035,0.018753409052351455,2.2685555450152606e-05,2.2694464860251173e-05,2.2765860194340348e-05
ray_gpis,Cube,21,0,0,minus_x,minus_x,0.08998874754333042,0.08998874754333042,0.0,1.0,0.5,0.08998874754333042,-0.03024528235498536,-0.027916269902680813,0.0004112281312700361,0.00012027640332235023,3.6173743865219876e-05
ray_gpis,Cube,21,0,1,minus_x,minus_x,0.11777505792783838,0.11777505792783838,0.0,1.0,1.0,0.11777505792783838,0.09386297708885194,0.08535911346578817,0.0001553307520225644,5.131529178470373e-05,2.5678729798528366e-05
ray_gpis,Cube,21,0,2,minus_x,minus_x,0.13214310550899855,0.13214310550899855,0.0,1.0,1.0,0.13214310550899855,0.05362196580435041,0.01920504895440034,0.00014686549548059702,3.4649609006009996e-05,2.4993098122649826e-05
ray_gpis,Cube,21,0,3,minus_x,minus_x,0.011703086055043443,0.011703086055043443,0.0,1.0,0.5,0.011703086055043443,0.009973658287471654,0.009628986326751687,2.4917042537708767e-05,2.242142909381073e-05,2.2693566279485822e-05
ray_gpis,Cube,21,0,4,minus_x,minus_x,0.02625385678990777,0.02625385678990777,0.0,1.0,1.0,0.02625385678990777,0.005126384118830707,0.007764603795926361,2.7216534363105893e-05,2.2554619135917164e-05,2.3520677132182755e-05
ray_gpis,Cube,20,0,0,minus_x,minus_x,0.13745190277075015,0.13745190277075015,0.0,1.0,0.5,0.13745190277075015,0.051856721416646545,0.0582003176486976,0.0004415720177348703,0.00028629391454160213,3.2430725696031004e-05
ray_gpis,Cube,20,0,1,minus_x,minus_x,0.14878087223715586,0.14878087223715586,0.0,1.0,0.5,0.14878087223715586,0.0994052189138116,0.12811036719086255,0.00014269040548242629,4.913356315228157e-05,2.275187216582708e-05
ray_gpis,Cube,20,0,2,minus_y,minus_y,0.03190471865766187,0.03190471865766187,0.0,1.0,1.0,0.030457039345409442,0.03190471865766187,0.018937267858613493,2.2583979443879798e-05,2.2592004825128242e-05,2.2358164642355405e-05
ray_gpis,Cube,20,0,3,minus_y,minus_y,0.010917521766845684,0.010917521766845684,0.0,1.0,0.5,0.010799288362622339,0.010917521766845684,0.008883039271674331,2.2514472220791504e-05,2.273581958434079e-05,2.260965993627906e-05
ray_gpis,Cube,20,0,4,minus_x,minus_y,0.008148551376679247,0.010034182645739076,0.0018856312690598287,0.0,0.5,0.008148551376679247,0.010034182645739076,0.005831422659731356,2.2533393348567188e-05,2.2270571207627654e-05,2.2160913431434892e-05
ray_gpis,Cube,17,0,0,minus_x,minus_x,0.04810408205219019,0.04810408205219019,0.0,1.0,1.0,0.04810408205219019,-0.01032865738847255,-0.02264707892020945,0.00033109477953985333,0.0003051637322641909,0.00011472910409793258
ray_gpis,Cube,17,0,1,minus_x,minus_x,0.252252795528759,0.252252795528759,0.0,1.0,1.0,0.252252795528759,0.1995008901200055,0.13967355077555965,0.00021752282918896526,0.00011442980758147314,2.441625838400796e-05
ray_gpis,Cube,17,0,2,minus_x,minus_y,0.02174047917504507,0.02995330197047552,0.008212822795430452,0.0,-0.5,0.02174047917504507,0.02995330197047552,0.021693874539600033,2.267653871967923e-05,2.232368387922179e-05,2.2590134904021397e-05
ray_gpis,Cube,17,0,3,minus_x,minus_x,0.01579590087691818,0.01579590087691818,0.0,1.0,0.5,0.01579590087691818,0.010916899490605037,0.011479713356317145,2.2925500161363743e-05,2.2094596715760417e-05,2.200996459578164e-05
ray_gpis,Cube,17,0,4,minus_y,minus_x,0.014547889006823689,0.03152320571042866,0.01697531670360497,0.0,0.5,0.03152320571042866,0.014547889006823689,0.006106095432036218,2.271795347041916e-05,2.4613018467789516e-05,2.233649865956977e-05
ray_gpis,Cube,22,0,0,minus_x,plus_z,0.12781494529657672,0.17944875522843234,0.05163380993185562,0.0,-0.5,0.12781494529657672,0.15633359576692324,0.17944875522843234,0.0006057104328647256,7.248164183693007e-05,9.825677261687815e-05
ray_gpis,Cube,22,0,1,minus_x,minus_x,0.1828989157983243,0.1828989157983243,0.0,1.0,0.5,0.1828989157983243,0.18260512114902538,0.1626400032498322,0.00012768087617587298,2.66989827650832e-05,2.7127227440360002e-05
ray_gpis,Cube,22,0,2,plus_z,minus_x,0.04017369960466066,0.08632331029610252,0.046149610691441856,0.0,-0.5,0.08632331029610252,0.062349494199333444,0.04017369960466066,6.91773893777281e-05,2.259802568005398e-05,9.976105502573773e-05
ray_gpis,Cube,22,0,3,minus_x,minus_x,0.07678421809733371,0.07678421809733371,0.0,1.0,0.5,0.07678421809733371,0.025742816815737313,0.031116159214620187,0.00011657276627374813,2.2574753529625013e-05,2.2290874767350033e-05
ray_gpis,Cube,22,0,4,plus_z,minus_x,0.007177915471175966,0.06034276246169634,0.053164846990520376,0.0,-1.0,0.06034276246169634,0.012980915238650192,0.007177915471175966,2.2308888219413348e-05,2.2416656065615825e-05,2.267459967697505e-05
ray_gpis,Cube,18,0,0,minus_x,minus_x,0.07113195588815946,0.07113195588815946,0.0,1.0,1.0,0.07113195588815946,0.02766344846004487,-0.010364761193530136,0.00031457695877179503,0.0002847094729077071,6.299260712694377e-05
ray_gpis,Cube,18,0,1,minus_x,minus_x,0.18044789237910008,0.18044789237910008,0.0,1.0,0.5,0.18044789237910008,0.10065458570915842,0.10280883321981993,0.00012391115888021886,2.7597603548201732e-05,2.5806375560932793e-05
ray_gpis,Cube,18,0,2,minus_x,minus_x,0.08605400676941832,0.08605400676941832,0.0,1.0,1.0,0.08605400676941832,0.009652733766048027,0.014882680796176162,0.00010177640797337517,2.3039057850837708e-05,2.9820073905284517e-05
ray_gpis,Cube,18,0,3,plus_z,minus_x,0.004883373154151216,0.0098977009597504,0.0050143278055991836,0.0,0.5,0.0098977009597504,0.004305931746187763,0.004883373154151216,2.276984741911292e-05,2.2493564756587148e-05,2.2891243133926764e-05
ray_gpis,Cube,18,0,4,minus_y,plus_z,0.002561511668990546,0.007717052376903011,0.005155540707912465,0.0,-1.0,0.0038579794608297746,0.002561511668990546,0.007717052376903011,2.3117729142541066e-05,2.4296985429828055e-05,2.222588773292955e-05
ray_gpis,Cube,16,0,0,minus_x,minus_x,0.043465464113789154,0.043465464113789154,0.0,1.0,1.0,0.043465464113789154,-0.03752407701901028,-0.04642858162202357,0.00035255253897048533,0.00020225645857863128,2.4286600819323212e-05
ray_gpis,Cube,16,0,1,minus_x,minus_x,0.19410147581392012,0.19410147581392012,0.0,1.0,1.0,0.19410147581392012,0.15383552321216787,0.10139391474072945,0.00010629310418153182,7.710926729487255e-05,2.5900490072672255e-05
ray_gpis,Cube,16,0,2,minus_x,minus_y,0.0161385253860048,0.03195919515067025,0.01582066976466545,0.0,-0.5,0.0161385253860048,0.03195919515067025,0.01715000262161126,2.2956166503718123e-05,2.2452313714893535e-05,2.235687497886829e-05
ray_gpis,Cube,16,0,3,minus_x,minus_x,0.02889368584140517,0.02889368584140517,0.0,1.0,0.5,0.02889368584140517,0.010973781676209882,0.012540889853457804,2.2896179871167988e-05,2.2745256501366384e-05,2.2552207155968063e-05
ray_gpis,Cube,16,0,4,minus_y,minus_y,0.00776706176208386,0.00776706176208386,0.0,1.0,1.0,0.007708987294766767,0.00776706176208386,0.007389505350841152,2.2611244276049547e-05,2.277198655065149e-05,2.2343971068039536e-05
ray_gpis,Cube,15,0,0,minus_x,minus_x,0.0039747539225903905,0.0039747539225903905,0.0,1.0,1.0,0.0039747539225903905,-0.024690391456615335,-0.07278394843410563,0.00047948729479685426,0.0002784483367577195,5.7203717005904764e-05
ray_gpis,Cube,15,0,1,minus_x,minus_y,0.10284390905489216,0.18900124586742695,0.08615733681253479,0.0,-0.5,0.10284390905489216,0.18900124586742695,0.16761852489772144,0.00011616537813097239,6.906029011588544e-05,2.598990613478236e-05
ray_gpis,Cube,15,0,2,minus_x,minus_y,0.058493768047344186,0.15127432907636917,0.09278056102902499,0.0,0.5,0.058493768047344186,0.15127432907636917,0.034688010632230926,0.00011931984045077115,9.57590455072932e-05,2.307852264493704e-05
ray_gpis,Cube,15,0,3,minus_y,minus_y,0.05754204118102069,0.05754204118102069,0.0,1.0,1.0,0.025556206654568703,0.05754204118102069,0.0135746046174825,2.3166099708760157e-05,2.754996057774406e-05,2.2762764274375513e-05
ray_gpis,Cube,15,0,4,minus_x,minus_x,0.0172929131635029,0.0172929131635029,0.0,1.0,1.0,0.0172929131635029,0.014081078288381677,0.01301073920068807,2.922217026934959e-05,2.6559082471067086e-05,2.268812204420101e-05
ray_gpis,Thin_Irregular,19,0,0,minus_x,minus_x,0.049220341514305654,0.049220341514305654,0.0,1.0,1.0,0.049220341514305654,0.0433770939749748,-0.01260818364577776,0.001376767293550074,0.0008885725983418524,0.0001676373794907704
ray_gpis,Thin_Irregular,19,0,1,minus_x,minus_x,0.2102736380573621,0.2102736380573621,0.0,1.0,1.0,0.2102736380573621,0.14558756542529772,0.06716484653016386,0.0005493598291650414,0.0002213122061220929,2.3126973246689886e-05
ray_gpis,Thin_Irregular,19,0,2,minus_y,minus_x,0.03068849039426047,0.031502600922684754,0.0008141105284242833,0.0,-0.5,0.031502600922684754,0.03068849039426047,0.025893817499101468,2.2337821064866148e-05,2.6284611521987244e-05,2.275837141496595e-05
ray_gpis,Thin_Irregular,19,0,3,minus_y,minus_y,0.022712502377614685,0.022712502377614685,0.0,1.0,1.0,0.020441517801617626,0.022712502377614685,0.016505903449197223,2.2985188479651697e-05,2.6105815777555108e-05,2.242135815322399e-05
ray_gpis,Thin_Irregular,19,0,4,minus_x,minus_x,0.02452448895010506,0.02452448895010506,0.0,1.0,0.5,0.02452448895010506,0.010585821395682427,0.010803726696331006,2.940725244116038e-05,2.2056239686207846e-05,2.1948584617348388e-05
ray_gpis,Thin_Irregular,21,0,0,minus_x,minus_x,0.09517109359494091,0.09517109359494091,0.0,1.0,1.0,0.09517109359494091,0.013522747443299954,0.006343121365392224,0.0013524412643164396,0.0009268287685699761,0.00010045524686574936
ray_gpis,Thin_Irregular,21,0,1,minus_y,minus_y,0.23906082415383112,0.23906082415383112,0.0,1.0,1.0,0.15769351205079019,0.23906082415383112,0.15625356278845015,0.00018589236424304545,0.00021054214448668063,4.099707803106867e-05
ray_gpis,Thin_Irregular,21,0,2,minus_x,minus_y,0.060471502618866246,0.07625020328994425,0.015778700671078005,0.0,0.5,0.060471502618866246,0.07625020328994425,0.03816329746273406,6.733453483320773e-05,3.4069344110321254e-05,2.7546120691113174e-05
ray_gpis,Thin_Irregular,21,0,3,minus_x,plus_z,0.06299573310469841,0.06399759788093029,0.0010018647762318755,0.0,0.5,0.06299573310469841,0.013946893446818542,0.06399759788093029,5.357588861443219e-07,2.5891003474498575e-07,4.3401487914707104e-07
ray_gpis,Thin_Irregular,21,0,4,minus_x,minus_x,0.05710689900533794,0.05710689900533794,0.0,1.0,1.0,0.05710689900533794,0.009061940663385615,0.021159112933791135,7.701332651777193e-05,2.1827185264555737e-05,5.296837480273098e-05
ray_gpis,Thin_Irregular,20,0,0,minus_x,minus_x,-0.011920841836526308,-0.011920841836526308,0.0,1.0,0.5,-0.011920841836526308,-0.049017910573627366,-0.04576064847815986,0.0010664043948054314,0.00045081175630912185,0.0003890900406986475
ray_gpis,Thin_Irregular,20,0,1,minus_x,minus_x,0.2316074571593102,0.2316074571593102,0.0,1.0,0.5,0.2316074571593102,0.11701505205218499,0.14770751688383155,0.0007173799676820636,0.00038120520184747875,2.5282368369516917e-05
ray_gpis,Thin_Irregular,20,0,2,minus_x,minus_x,0.1123192294705262,0.1123192294705262,0.0,1.0,0.5,0.1123192294705262,0.03867822478947913,0.034115372115056,0.00014285524957813323,2.5475779693806544e-05,3.66154417861253e-05
ray_gpis,Thin_Irregular,20,0,3,plus_z,minus_x,0.014630483753143464,0.019298389271525385,0.004667905518381921,0.0,-0.5,0.019298389271525385,0.012932547957527518,0.014630483753143464,2.302470602444373e-05,2.3376744138658978e-05,2.352633237023838e-05
ray_gpis,Thin_Irregular,20,0,4,minus_x,minus_y,0.01116132404032577,0.011394470792087885,0.0002331467517621144,0.0,0.5,0.01116132404032577,0.011394470792087885,0.008686860313889988,2.238896195194684e-05,2.216975190094672e-05,2.2046344383852556e-05
ray_gpis,Thin_Irregular,17,0,0,minus_x,minus_x,0.03912892126960177,0.03912892126960177,0.0,1.0,1.0,0.03912892126960177,-0.014808612451385095,-0.04619038598802461,0.0012243972159922123,0.0007545244880020618,0.0002798605419229716
ray_gpis,Thin_Irregular,17,0,1,minus_x,minus_x,0.12488155782264843,0.12488155782264843,0.0,1.0,1.0,0.12488155782264843,0.0806805275129846,0.06314131429963499,0.0004988386644981802,0.0001108778451452963,5.186118869460188e-05
ray_gpis,Thin_Irregular,17,0,2,minus_x,minus_y,0.1176136030344157,0.11890802240713194,0.0012944193727162379,0.0,0.5,0.1176136030344157,0.11890802240713194,0.029778271798228673,0.00032714055851101875,0.0002328275004401803,2.5794786779442802e-05
ray_gpis,Thin_Irregular,17,0,3,minus_x,minus_x,0.02544599575070272,0.02544599575070272,0.0,1.0,1.0,0.02544599575070272,0.017840902964565086,0.012586052266037706,2.3645805413252674e-05,2.346846304135397e-05,2.2984870156506076e-05
ray_gpis,Thin_Irregular,17,0,4,minus_x,minus_y,0.022310570435757238,0.023309969322150792,0.0009993988863935543,0.0,-0.5,0.022310570435757238,0.023309969322150792,0.0069165120596402785,2.2836287826066837e-05,2.2442060071625747e-05,2.2512949726660736e-05
ray_gpis,Thin_Irregular,22,0,0,minus_x,minus_x,0.0875401873647148,0.0875401873647148,0.0,1.0,0.5,0.0875401873647148,0.05567734599106999,0.0324589421935878,0.0011245931964367628,0.00016671525372657925,0.000170146522577852
ray_gpis,Thin_Irregular,22,0,1,minus_x,minus_y,0.15301984240340305,0.15971422985847716,0.006694387455074113,0.0,-0.5,0.15301984240340305,0.15971422985847716,0.14254082548750835,4.9264323024544865e-05,2.7874968509422615e-05,3.602410288294777e-05
ray_gpis,Thin_Irregular,22,0,2,minus_x,minus_x,0.08353294172189674,0.08353294172189674,0.0,1.0,0.5,0.08353294172189674,0.05750731064904635,0.047695308038598894,4.251931750332005e-05,2.5532588551868685e-05,2.9930590244475752e-05
ray_gpis,Thin_Irregular,22,0,3,minus_y,minus_x,0.015808400829818714,0.07921704268316876,0.06340864185335005,0.0,-0.5,0.07921704268316876,0.015808400829818714,0.017223934209056324,2.443101766402833e-05,2.454408058838453e-05,2.31243648158852e-05
ray_gpis,Thin_Irregular,22,0,4,minus_y,minus_y,0.037611910711410124,0.037611910711410124,0.0,1.0,1.0,0.029370884743929238,0.037611910711410124,0.006367504677602942,2.5542418370605446e-05,3.0385033824131824e-05,2.2341029762174003e-05
ray_gpis,Thin_Irregular,18,0,0,minus_x,minus_x,0.16735249758817156,0.16735249758817156,0.0,1.0,0.5,0.16735249758817156,0.03173541226584081,0.10293655194028656,0.0016134452307596803,0.0008118573459796607,0.0007831487455405295
ray_gpis,Thin_Irregular,18,0,1,minus_x,minus_x,0.21687655931066607,0.21687655931066607,0.0,1.0,1.0,0.21687655931066607,0.17675259339887084,0.1853261447072737,0.00032260912121273577,7.145539711927995e-05,0.0001254676462849602
ray_gpis,Thin_Irregular,18,0,2,minus_x,minus_y,0.020019436769155963,0.0800965916633275,0.060077154894171536,0.0,-1.0,0.020019436769155963,0.0800965916633275,0.02377776128981479,0.0001309488870901987,6.882625166326761e-05,0.00011954207730013877
ray_gpis,Thin_Irregular,18,0,3,plus_z,minus_x,0.014671206826270988,0.07043728856352682,0.055766081737255835,0.0,-0.5,0.07043728856352682,0.06551201832506981,0.014671206826270988,0.0001232418726431206,6.372129428200424e-05,0.00013610671157948673
ray_gpis,Thin_Irregular,18,0,4,minus_x,minus_x,0.070733817228396,0.070733817228396,0.0,1.0,0.5,0.070733817228396,0.020534799184734887,0.06750977277690573,0.00015498421271331608,8.983790030470118e-05,7.860729965614155e-05
ray_gpis,Thin_Irregular,16,0,0,minus_x,minus_y,0.09421175049042019,0.09660602803590268,0.0023942775454824927,0.0,0.5,0.09421175049042019,0.09660602803590268,0.003005328701484178,0.0013430215185508132,0.0010249288752675056,0.00013378247967921197
ray_gpis,Thin_Irregular,16,0,1,minus_x,minus_x,0.2436987195140322,0.2436987195140322,0.0,1.0,0.5,0.2436987195140322,0.1612964545477168,0.16313119054040814,0.00027495159883983433,9.550577669870108e-05,3.934009146178141e-05
ray_gpis,Thin_Irregular,16,0,2,minus_x,minus_x,0.07225089523639205,0.07225089523639205,0.0,1.0,0.5,0.07225089523639205,0.020393830710078498,0.022888385356262475,2.326619505765848e-05,2.3171551220002584e-05,2.2941081624594517e-05
ray_gpis,Thin_Irregular,16,0,3,minus_y,minus_y,0.01482093817192609,0.01482093817192609,0.0,1.0,0.5,0.013941839161669134,0.01482093817192609,0.012705620165335274,2.2363434254657477e-05,2.29379947995767e-05,2.272093843203038e-05
ray_gpis,Thin_Irregular,16,0,4,plus_z,minus_x,0.007493291818610803,0.01069834903123179,0.0032050572126209875,0.0,-0.5,0.01069834903123179,0.007924745948771683,0.007493291818610803,2.2821948732598685e-05,2.2283807993517257e-05,2.2830432499176823e-05
ray_gpis,Thin_Irregular,15,0,0,minus_x,minus_x,0.06957386920655473,0.06957386920655473,0.0,1.0,1.0,0.06957386920655473,-0.020037683069083934,-0.025935408051817044,0.0012721141101792455,0.0009659199276939034,0.00010000603651860729
ray_gpis,Thin_Irregular,15,0,1,minus_x,plus_z,0.1541494929254169,0.17457809455792728,0.020428601632510368,0.0,-1.0,0.1541494929254169,0.16722314028953233,0.17457809455792728,0.00012846497702412307,5.855187919223681e-05,2.6273248295183294e-05
ray_gpis,Thin_Irregular,15,0,2,minus_y,minus_y,0.05314482767263706,0.05314482767263706,0.0,1.0,0.5,0.03423867051742713,0.05314482767263706,0.04469377557408183,3.3498417906230316e-05,4.687872569775209e-05,2.2510670532938093e-05
ray_gpis,Thin_Irregular,15,0,3,minus_x,minus_y,0.01694048387293068,0.057063033207985225,0.04012254933505455,0.0,0.5,0.01694048387293068,0.057063033207985225,0.013534578714783807,3.1544273952022195e-05,2.2912994609214365e-05,2.2587990315514617e-05
ray_gpis,Thin_Irregular,15,0,4,minus_x,minus_x,0.061123400489562996,0.061123400489562996,0.0,1.0,1.0,0.061123400489562996,0.05278190567834262,0.008609235900279621,4.4421358325053006e-05,3.2094732887344435e-05,2.200546623498667e-05
