ply
format ascii 1.0
element vertex 9226
property float x
property float y
property float z
property float nx
property float ny
property float nz
property float quality
end_header
-27.036 -30.4623 440.671 -0.0660978 -0.977737 -0.199153 1
41.9926 26.6738 440.672 0.865193 0.134974 -0.482932 1
35.7644 34.8726 440.672 0.012333 0.917815 0.396818 1
-10.2378 24.0824 491.108 -0.00305629 -0.432972 0.901402 1
-18.4359 -31.4515 440.471 -0.0257655 -0.971617 -0.235151 1
14.3641 -35.3355 440.471 -0.0329729 -0.985462 -0.166664 1
12.564 -35.2622 440.471 -0.138158 -0.97469 -0.175759 1
3.16371 -34.0647 440.471 -0.211092 -0.968249 -0.133921 1
-17.4363 41.427 440.471 -0.0141109 0.988843 0.148295 1
43.0484 -32.7299 440.469 0.913208 -0.370768 -0.169061 1
10.364 -34.9539 440.471 -0.15371 -0.958842 -0.238736 1
-4.83601 -33.0534 440.471 -0.207119 -0.953904 -0.217182 1
-8.82403 28.7543 490.265 0.297993 0.783119 0.545824 1
-4.03593 39.8171 440.671 0.146665 0.976477 0.158058 1
-8.64534 -32.667 440.49 -0.0510892 -0.915848 -0.398261 1
7.14283 -21.7147 383.947 -0.136477 -0.470322 -0.871878 1
-11.4222 18.0754 489.634 -0.0782038 -0.179498 0.980645 1
-11.5649 15.6551 489.287 -0.101451 -0.169746 0.980252 1
-11.2253 16.0898 489.353 0.139403 -0.173069 0.974994 1
42.7712 -2.52264 440.443 0.871659 0.00597552 -0.490076 1
-9.03584 20.6738 489.09 0.580056 -0.33185 0.743916 1
-8.23578 22.4738 489.123 0.334702 -0.190771 0.922811 1
-7.03693 24.8743 489.077 0.34264 -0.0906997 0.935078 1
-8.63615 21.874 489.195 0.499559 -0.0306852 0.865736 1
-9.42453 20.2726 489.217 0.625646 -0.298744 0.720638 1
-6.43611 26.074 489.035 0.168222 0.0633591 0.983711 1
-34.438 -29.6599 440.47 -0.103377 -0.952045 -0.287963 1
-8.63622 20.874 488.913 0.546609 -0.34363 0.763634 1
8.76414 38.2729 440.472 0.067995 0.951971 0.298543 1
6.19316 -21.7246 384.489 -0.363378 -0.261039 -0.894324 1
-6.63632 25.674 489.046 0.173208 0.169363 0.970214 1
-2.62924 -33.0669 440.475 -0.354207 -0.712566 -0.605629 1
30.364 -37.3844 440.471 -0.0145391 -0.975343 -0.220213 1
8.19016 -16.9198 384.874 0.56025 -0.0577471 -0.826308 1
27.3639 -37.0393 440.671 -0.359378 -0.857465 -0.368241 1
4.36301 -20.9262 385.033 -0.455647 -0.175253 -0.872738 1
4.56459 -20.1262 384.957 -0.331048 0.00965402 -0.943564 1
7.56011 -13.5157 385.046 -0.154907 0.0590342 -0.986164 1
28.364 -37.1349 440.671 -0.191454 -0.965241 -0.17792 1
-13.0247 40.898 440.669 0.230017 0.955905 0.182588 1
4.96514 -17.5266 385.149 -0.333001 0.0196987 -0.942721 1
-12.4157 40.7892 440.661 0.265675 0.942225 0.20403 1
5.56518 -16.1266 385.177 -0.359952 0.247081 -0.899659 1
-5.43603 25.0739 488.253 0.398607 -0.117293 0.90959 1
6.35544 -15.3378 385.073 -0.194815 0.0581748 -0.979113 1
8.98748 -18.3261 385.471 0.724562 -0.0204842 -0.688905 1
-11.0359 -32.2886 440.272 -0.172569 -0.965258 -0.196208 1
4.16339 -18.3259 385.451 -0.412152 0.169087 -0.895288 1
-10.0357 14.8738 487.994 0.370558 -0.853064 0.36738 1
-7.63525 19.4735 487.943 0.20781 -0.35236 0.9125 1
37.4138 34.6859 440.302 0.289853 0.946069 0.144701 1
-10.2354 14.6736 488.053 0.7922 -0.242789 0.559887 1
-7.03584 29.1813 488.072 0.299082 0.817278 0.492551 1
-7.63563 19.0737 487.823 0.114338 -0.107298 0.98763 1
-9.21021 15.8667 487.749 0.421472 -0.157458 0.893067 1
42.1657 16.4739 440.271 0.834587 -0.2915 -0.467431 1
-10.8361 29.5763 487.871 0.332803 0.94269 0.0240296 1
9.34297 -18.9262 385.872 0.690749 -0.0885956 -0.717646 1
9.28074 -18.3227 385.862 0.732901 0.0125511 -0.680219 1
9.00068 -15.3115 385.875 0.650518 0.0602727 -0.757095 1
11.3298 -35.0989 440.303 -0.191196 -0.971623 -0.139257 1
-11.2387 10.4865 487.528 0.0748466 -0.289225 0.954331 1
8.16959 -9.74248 385.705 0.0487141 0.1535 -0.986947 1
8.87548 -10.942 386.069 0.654154 0.00306607 -0.756355 1
-2.84723 27.8523 487.37 0.263795 0.185483 0.946577 1
-3.63616 25.074 487.292 0.392785 -0.0232896 0.919336 1
-10.4382 11.8439 487.379 0.443149 -0.229334 0.866617 1
9.31243 -16.7288 386.069 0.545556 -0.12582 -0.828576 1
-12.2591 7.86048 487.31 -0.00726707 0.0289688 0.999554 1
9.15038 -16.7288 385.904 0.819873 -0.208587 -0.533198 1
-12.2356 7.27353 487.14 0.232448 -0.19326 0.953215 1
-4.83581 22.0738 487.093 0.141624 -0.357439 0.923136 1
4.36411 -22.1612 386.272 -0.193192 -0.756238 -0.625124 1
-5.04452 21.6942 487.121 0.33877 -0.0789601 0.93755 1
-7.63591 40.3183 440.271 0.0322361 0.971933 0.233038 1
8.97558 -10.3219 386.231 0.679251 -0.07405 -0.730161 1
5.36412 -13.3262 386.112 -0.4043 0.312895 -0.859441 1
-29.0359 42.731 440.271 0.151111 0.980374 0.126617 1
13.5669 37.6322 440.27 0.126613 0.988902 0.0777274 1
-11.4392 8.07471 486.975 0.232022 -0.258303 0.937788 1
-6.03557 19.2737 486.942 0.418258 -0.115481 0.900958 1
2.78327 -21.9809 386.488 -0.459525 -0.531247 -0.711768 1
-12.0315 6.67421 486.926 0.652025 -0.259724 0.712325 1
-12.042 6.25226 486.821 0.537346 -0.74083 0.403027 1
42.359 -5.32203 440.278 0.865669 -0.196897 -0.46027 1
2.36403 -18.5261 386.496 -0.531959 0.0597078 -0.844663 1
9.90109 -20.9115 386.873 0.528496 0.488767 -0.694117 1
9.62117 -13.9422 386.871 0.76653 0.0566375 -0.639707 1
27.3641 -36.9441 440.272 -0.272211 -0.935633 -0.224705 1
38.164 -38.1082 440.271 0.14514 -0.988604 -0.0399668 1
2.36477 -17.7264 386.731 -0.513226 0.17216 -0.840809 1
4.16462 -13.7264 386.753 -0.418912 0.149865 -0.895574 1
5.36408 -22.4744 387.071 -0.0175365 -0.897632 -0.440396 1
-5.83593 18.0739 486.432 0.220515 -0.297553 0.928889 1
-2.63503 -32.9997 440.257 -0.355604 -0.933807 0.0393732 1
-6.2357 17.0738 486.383 0.375998 -0.236649 0.895892 1
9.69573 -3.50599 387.08 0.255994 0.00811372 -0.966644 1
-8.23587 29.8367 486.472 -0.0725304 0.903842 0.421674 1
9.79195 -15.5173 387.081 0.81756 -0.000250739 -0.575844 1
0.691523 -21.101 386.992 -0.383663 -0.146776 -0.911735 1
7.96337 -5.72559 387.025 -0.141485 0.374389 -0.916414 1
-7.23575 14.0738 486.182 0.437901 -0.160509 0.884579 1
42.7853 -22.5504 440.258 0.905071 -0.130226 -0.404829 1
3.56397 -34.0844 440.271 -0.212474 -0.969449 0.122571 1
7.36419 -6.72626 386.979 -0.299179 0.0842572 -0.95047 1
-4.83583 18.8738 486.17 0.451496 -0.116702 0.884608 1
10.2578 -22.5284 387.297 0.555115 -0.474234 -0.683337 1
1.5636 -21.9206 387.271 -0.372895 -0.610098 -0.699092 1
2.96399 -22.226 387.271 -0.2655 -0.867466 -0.420729 1
8.3641 -22.7687 387.272 0.171498 -0.816882 -0.55072 1
9.90671 -9.32556 387.275 0.854774 -0.00758618 -0.518945 1
43.1842 -22.1253 440.67 0.884167 -0.152329 -0.441639 1
-6.43552 14.2737 485.727 0.364621 -0.0513616 0.929738 1
-0.0207843 -21.3259 387.4 -0.183016 -0.340838 -0.922136 1
3.96384 -12.326 387.293 -0.445124 0.280307 -0.850466 1
-6.4359 29.7832 485.871 0.282336 0.861446 0.422134 1
-8.6359 30.0496 485.872 0.0550085 0.939371 0.338463 1
-7.03623 12.074 485.498 0.437632 -0.238399 0.866974 1
10.0985 -10.9334 387.675 0.790648 0.00737118 -0.612227 1
-1.61914 23.4918 485.6 0.347263 -0.131273 0.928534 1
-11.0361 4.67393 485.646 0.365512 -0.179537 0.913328 1
-9.8359 30.1925 485.672 0.00110518 0.916808 0.399327 1
1.7642 -22.1524 387.872 -0.446884 -0.833265 -0.325521 1
-3.63523 18.4735 485.352 0.438896 -0.0919029 0.893826 1
-1.81859 22.6552 485.383 0.302172 -0.178187 0.936451 1
4.36416 -22.5533 387.872 -0.118187 -0.957432 -0.263354 1
10.3533 -15.346 387.916 0.80477 -0.0648031 -0.590039 1
-0.835745 28.9518 485.472 0.255273 0.785549 0.563692 1
-11.6354 1.87354 485.165 0.422111 -0.359033 0.832417 1
1.76351 -15.1259 387.86 -0.299895 0.19742 -0.933321 1
-2.24293 21.2782 485.231 0.416173 -0.169874 0.893276 1
0.563895 27.8739 485.264 0.609456 -0.00573069 0.792799 1
-6.03679 13.6743 485.262 0.53097 -0.231422 0.815178 1
5.36404 -22.7108 388.071 -0.0955829 -0.957473 -0.272229 1
10.5924 -8.92695 388.092 0.721626 0.0440181 -0.690883 1
9.36411 -23.0406 388.072 0.293434 -0.922434 -0.25102 1
-10.4359 4.27386 485.196 0.289235 -0.143119 0.946499 1
3.16492 -33.978 440.072 -0.368028 -0.877209 -0.308318 1
10.2889 -7.92702 388.091 0.628008 0.237286 -0.741148 1
1.96484 -14.5265 387.91 -0.497794 -0.026347 -0.866895 1
10.7682 -18.1265 388.081 0.78433 0.148887 -0.602212 1
8.36483 -1.7265 387.939 -0.367564 0.247404 -0.896486 1
7.56458 -3.12646 387.947 -0.292715 0.217797 -0.931065 1
8.96463 -0.326415 387.981 -0.38124 0.332781 -0.862504 1
6.56407 -22.8831 388.271 -0.0440237 -0.929682 -0.365724 1
-10.6355 2.87368 484.925 0.352542 -0.277407 0.893734 1
-13.2385 -2.73193 484.928 0.10959 -0.136017 0.984627 1
-13.6368 30.961 485.075 -0.437418 0.86351 0.251028 1
0.962212 27.1182 485.068 0.494213 0.214736 0.842403 1
-4.23587 16.0738 484.839 0.406278 -0.265123 0.874442 1
0.764762 -16.3264 388.139 -0.299823 0.374623 -0.877362 1
6.96387 -3.12603 388.256 -0.442097 0.31669 -0.8392 1
2.36375 -13.126 388.073 -0.56213 0.232963 -0.79356 1
-1.03656 -20.1259 388.253 -0.459785 -0.114129 -0.880666 1
-5.0367 14.4742 484.838 0.502469 -0.272566 0.820508 1
2.764 -22.4703 388.471 -0.245394 -0.917397 -0.313312 1
10.618 -2.93781 388.446 0.682963 0.0630061 -0.727731 1
-4.83619 29.7165 484.871 0.38864 0.826638 0.406976 1
-12.2359 30.5634 484.871 0.0311574 0.952078 0.304264 1
-0.0374618 23.0745 484.591 0.506676 -0.0604775 0.860013 1
-10.2353 2.27359 484.532 0.409579 -0.358149 0.839032 1
0.564304 -15.9262 388.383 -0.312009 0.181085 -0.932662 1
9.15682 1.45039 388.343 -0.18107 0.0923508 -0.979125 1
-0.436703 -17.9258 388.439 -0.432144 0.120763 -0.893682 1
42.64 -13.5261 440.072 0.867811 0.039018 -0.495361 1
5.1641 -22.8202 388.672 -0.243569 -0.93995 -0.239097 1
-8.83668 4.87426 484.424 0.412452 -0.166328 0.895666 1
4.16488 -7.52647 388.552 -0.381916 0.176707 -0.907147 1
-7.0356 8.4737 484.372 0.37014 -0.230851 0.899836 1
6.76342 -2.12584 388.664 -0.464615 0.285268 -0.838305 1
22.564 -36.3237 440.071 -0.0762614 -0.966322 -0.245778 1
-10.6359 30.5962 484.471 -0.130325 0.921521 0.365806 1
-11.0359 30.6217 484.472 0.155133 0.876667 0.455399 1
6.36437 -2.72628 388.732 -0.520974 0.379227 -0.764704 1
19.3639 -35.9212 440.071 -0.278247 -0.932874 -0.228747 1
8.36304 1.67443 388.843 -0.350247 0.210973 -0.912588 1
1.36348 -12.7259 388.82 -0.401054 0.355366 -0.844316 1
8.7641 -23.2707 389.072 0.203682 -0.972058 -0.116691 1
9.16397 -23.2934 389.071 0.137869 -0.990428 0.00673351 1
11.1012 -10.7261 389.071 0.905186 -0.294941 -0.306018 1
-9.2361 2.87393 484.06 0.590492 -0.375364 0.714437 1
-0.23629 20.2742 483.915 0.455988 -0.181181 0.871349 1
42.5915 -8.53475 440.098 0.933154 0.144086 -0.329338 1
-5.63618 10.6406 483.917 0.487511 -0.21608 0.845957 1
-2.43554 16.8733 484.033 0.444424 -0.265213 0.855658 1
11.2483 -10.9262 389.272 0.623847 0.0938267 -0.775894 1
0.764152 29.1703 484.072 0.283069 0.7945 0.537254 1
11.1641 38.0557 440.071 0.165445 0.954525 0.248013 1
-8.83613 3.07395 483.863 0.350791 -0.429443 0.832181 1
11.4206 -17.7263 389.271 0.788695 0.110182 -0.604831 1
-4.2355 12.4736 483.762 0.294218 -0.276828 0.914769 1
42.3899 -11.1394 440.084 0.884116 0.16603 -0.436775 1
-4.43557 12.0736 483.743 0.603153 -0.0993645 0.791412 1
-11.8357 -3.12626 483.77 0.60125 -0.125637 0.789122 1
-5.636 30.1779 483.871 0.270823 0.928879 0.252664 1
7.96409 -23.2871 389.471 0.0847784 -0.970974 -0.223658 1
-0.835164 17.6734 483.497 0.451705 -0.188496 0.872027 1
1.5633 23.2742 483.667 0.493307 0.0297734 0.869345 1
-38.0361 -28.9349 440.071 -0.217337 -0.976004 -0.0134275 1
-39.6432 -28.7874 440.059 -0.371735 -0.924773 -0.0812954 1
8.5645 4.07365 389.353 -0.397909 0.22981 -0.888176 1
-13.8462 -8.51612 483.495 0.143179 -0.0136208 0.989603 1
9.97832 6.49576 389.282 0.105332 0.306897 -0.945896 1
11.6405 -19.1259 389.674 0.824844 -0.0170083 -0.565104 1
11.2033 2.86991 389.667 0.663183 0.080797 -0.744083 1
1.96406 -22.6601 389.671 -0.223345 -0.909505 -0.350597 1
10.7971 4.90718 389.666 0.628937 -0.0063748 -0.77743 1
42.278 22.8739 440.871 0.918489 -0.0138088 -0.395204 1
8.16485 3.87348 389.519 -0.198574 0.11654 -0.973132 1
-3.03525 -19.9264 389.555 -0.509703 -0.156819 -0.845938 1
-1.83635 -16.9259 389.597 -0.509368 0.207004 -0.83528 1
1.37585 21.8789 483.384 0.52914 -0.218558 0.819904 1
-0.835686 -15.1262 389.502 -0.468979 0.296773 -0.831856 1
-11.4365 -3.52582 483.447 0.326153 -0.0709077 0.942654 1
-22.5374 -3.25093 406.562 -0.605427 0.0648149 -0.793257 1
3.56426 -5.32622 389.579 -0.416268 0.286455 -0.862939 1
0.536904 19.6696 483.378 0.71787 -0.333408 0.611148 1
-7.83617 3.87396 483.449 0.548194 -0.227689 0.804762 1
-7.23699 5.26847 483.325 0.507675 -0.195008 0.839189 1
11.6521 -8.71661 389.89 0.769321 -0.0237005 -0.638423 1
-8.03596 30.5835 483.471 0.113134 0.958376 0.262136 1
11.7089 -12.7317 389.87 0.878492 -0.0304288 -0.476788 1
42.8503 6.50072 440.879 0.858798 0.14892 -0.490193 1
23.3603 36.4764 439.873 0.0206073 0.999184 -0.034724 1
6.96386 1.87396 389.679 -0.446963 0.149233 -0.882017 1
0.76374 19.6606 483.236 0.363837 -0.398209 0.842053 1
8.76427 6.27377 389.845 -0.293829 0.197495 -0.935233 1
-0.635327 -13.9264 389.732 -0.534931 0.295487 -0.79154 1
5.55795 -0.329079 389.861 -0.348379 0.207785 -0.914034 1
5.56411 -23.19 390.072 -0.0749714 -0.956641 -0.281457 1
1.16421 -22.6251 390.072 -0.328287 -0.858137 -0.394751 1
-0.63458 16.073 482.902 0.417289 -0.350001 0.838671 1
-9.63564 -1.92627 482.903 0.362318 -0.161508 0.917955 1
31.9641 35.4005 440.872 0.169388 0.959616 0.224601 1
-3.23556 11.6736 482.96 0.326732 -0.274024 0.90452 1
-7.63673 2.67424 483.041 0.43507 -0.231071 0.870241 1
1.96446 -7.7263 389.907 -0.552919 0.119747 -0.824586 1
-2.83545 12.4735 483.01 0.430284 -0.207616 0.878494 1
7.1637 3.67405 390.06 -0.33188 0.195964 -0.922743 1
6.76499 2.47346 389.952 -0.342456 0.162549 -0.925366 1
-10.1163 -3.02092 398.745 -0.541938 -0.0752448 -0.837043 1
41.2775 33.7192 440.82 0.645248 0.705172 -0.293918 1
-11.4359 31.0037 483.072 -0.0617744 0.94885 0.309624 1
11.5325 -0.726843 390.251 0.839348 0.147263 -0.523267 1
11.6554 2.48105 390.249 0.818384 0.0113502 -0.57456 1
11.9168 -15.5168 390.249 0.827728 0.173481 -0.533639 1
43.2532 -31.2684 441.217 0.99439 -0.105768 0.00109064 1
8.14999 6.65124 390.179 -0.337752 0.228812 -0.913 1
5.76603 1.32396 390.235 -0.451357 0.00493382 -0.89233 1
11.3591 5.07222 390.108 0.649714 0.190351 -0.73596 1
-40.4294 43.6049 440.888 -0.407715 0.845534 0.344732 1
-2.83586 11.6738 482.748 0.593914 -0.235453 0.769304 1
-13.044 -9.16567 482.693 0.366953 -0.118875 0.922613 1
-14.6149 -13.1421 482.702 0.173616 -0.288957 0.941468 1
-6.836 30.5813 482.871 0.124387 0.949663 0.287521 1
4.18968 29.0389 482.857 0.421156 0.517453 0.744896 1
21.7641 -36.1745 439.872 -0.101816 -0.961854 -0.253909 1
-15.4618 -14.1229 482.558 -0.397369 -0.113246 0.910645 1
0.16394 16.6739 482.63 0.4722 -0.255023 0.843795 1
12.0706 -7.92616 390.472 0.765796 0.0609361 -0.64019 1
0.963773 17.874 482.478 0.494539 -0.18986 0.848166 1
-0.635517 15.2736 482.646 0.354067 -0.258353 0.898827 1
-2.43629 -15.926 390.275 -0.504011 0.244909 -0.828247 1
7.19835 5.28956 390.403 -0.343653 0.260245 -0.902317 1
2.56401 -22.9715 390.671 -0.177468 -0.946868 -0.268227 1
-7.63575 1.07379 482.58 0.297492 -0.24994 0.921427 1
11.7309 5.88764 390.644 0.812755 0.122964 -0.569482 1
-8.03637 0.474075 482.654 0.344938 -0.0501236 0.937286 1
42.3188 1.27387 439.87 0.902552 0.100869 -0.418599 1
11.9595 -6.72545 390.682 0.817114 0.0123407 -0.576344 1
1.36404 29.4979 482.671 0.213246 0.886753 0.410117 1
11.2788 10.4732 390.689 0.797223 -0.0529816 -0.601355 1
4.57708 25.2757 482.383 0.235467 0.130387 0.963096 1
3.96618 23.4623 482.35 0.393661 -0.026343 0.918878 1
1.96652 -5.52744 390.546 -0.799164 0.18105 -0.5732 1
13.5138 35.4295 395.689 0.260419 0.33398 -0.905892 1
11.9756 -9.90474 390.634 0.73457 -0.0665964 -0.675257 1
-10.8363 -5.72591 482.453 0.430641 -0.285601 0.856143 1
-3.03655 10.6745 482.455 0.482775 -0.295157 0.824506 1
12.4455 -23.3402 390.889 0.474176 -0.425165 -0.770969 1
-9.43533 -3.32643 482.357 0.401625 -0.243282 0.882899 1
12.347 -22.7019 390.872 0.694804 -0.561837 -0.448984 1
-5.02777 6.68839 482.223 0.517017 -0.275867 0.810303 1
-6.43644 2.0741 482.083 0.528414 -0.157122 0.834321 1
-7.23574 0.473778 482.14 0.658097 -0.27509 0.700881 1
2.76048 -3.12468 390.697 -0.428456 0.244428 -0.869874 1
1.76489 -5.32653 390.758 -0.691482 -0.0567781 -0.720159 1
11.1584 11.8881 390.672 0.471803 0.197521 -0.859295 1
10.3814 12.6715 390.75 -0.44026 0.0605644 -0.895825 1
-14.6364 -14.7259 482.203 0.195498 -0.241034 0.950623 1
9.71981 -0.34252 387.627 0.176499 0.239206 -0.954793 1
48.2179 14.1788 451.854 0.90629 -0.159772 0.391294 1
4.96086 25.6752 482.256 0.224078 0.11507 0.967754 1
-7.03653 0.47412 482 0.338602 -0.358526 0.869947 1
7.76332 8.47424 390.9 -0.465503 0.226018 -0.8557 1
1.74626 -4.74965 390.95 -0.634926 -0.0688616 -0.769498 1
2.94926 -1.52106 391.062 -0.313728 0.265967 -0.911502 1
3.16434 20.8737 482.001 0.50209 -0.235423 0.832155 1
12.7005 -10.0978 391.283 0.774391 -0.0515216 -0.630606 1
-7.63521 -1.12646 481.93 0.439164 -0.201609 0.875493 1
12.0297 3.27181 391.272 0.806919 0.304322 -0.506232 1
-3.83555 7.47361 481.935 0.342445 -0.117258 0.932192 1
-4.03607 7.47397 482.01 0.761822 0.232439 0.604649 1
-9.42645 29.0641 491.322 0.607581 0.271391 0.746453 1
-9.31673 29.0335 491.297 -0.0847348 0.64012 0.763588 1
12.5471 -5.13311 391.285 0.832763 -0.0654935 -0.549742 1
12.7158 -11.3077 391.263 0.8064 -0.16554 -0.567729 1
-6.43642 1.2741 481.826 0.523906 -0.226885 0.821003 1
7.36392 8.87394 391.245 -0.382866 0.104478 -0.917877 1
-8.23668 -2.72575 481.819 0.562908 -0.23205 0.793276 1
2.56508 18.4733 481.698 0.500557 -0.20403 0.841317 1
12.1922 3.65641 391.494 0.866467 0.0773488 -0.493205 1
-13.6496 -13.7155 481.815 0.518511 -0.241627 0.820221 1
4.5638 29.2838 481.871 0.267727 0.748467 0.606728 1
4.56507 22.2735 481.504 0.564118 -0.208753 0.79887 1
12.7467 -8.54153 391.473 0.869926 0.0731092 -0.487733 1
-5.63461 2.07318 481.551 0.47343 -0.126614 0.871684 1
-2.83597 -22.3849 391.471 0.0278604 -0.859376 -0.510584 1
-6.21441 -21.3211 391.351 -0.453098 -0.441436 -0.774491 1
10.3662 15.0815 391.41 -0.188182 0.399861 -0.89705 1
5.96366 25.6741 481.591 0.49266 0.0702207 0.867384 1
-11.0363 -9.12594 481.602 0.392061 -0.209585 0.895747 1
-4.23466 -16.3267 391.328 -0.533265 0.181918 -0.826156 1
-6.59342 30.8736 478.826 0.26174 0.919882 0.292077 1
-14.6353 -17.1236 481.565 0.370546 -0.477175 0.796869 1
-9.03529 -5.32645 481.568 0.48528 -0.409965 0.77229 1
-13.6346 -14.9265 481.475 0.64618 -0.298888 0.702223 1
12.3375 2.47636 391.66 0.712105 -0.298876 -0.635279 1
-1.03593 30.0864 481.671 0.0250358 0.921459 0.387667 1
12.3282 3.05866 391.685 0.96146 -0.0551826 -0.269351 1
1.76407 15.8739 481.399 0.440543 -0.247938 0.862814 1
11.9745 10.4684 391.691 0.736322 -0.0154344 -0.676455 1
1.36491 14.8735 481.357 0.540166 -0.252913 0.802655 1
0.963555 -3.72592 391.67 -0.548443 0.176044 -0.817447 1
7.5639 10.474 391.605 -0.356325 0.157344 -0.921019 1
4.36493 21.4735 481.41 0.601336 -0.220753 0.767895 1
12.7023 1.27205 391.873 0.610024 -0.113986 -0.784142 1
1.56432 29.7681 481.472 0.123462 0.980792 -0.151011 1
13.2576 -20.1282 391.872 0.901092 -0.0722696 -0.427564 1
12.7365 1.6743 391.866 0.618097 -0.136108 -0.774229 1
-2.43622 -22.5127 391.871 -0.0588575 -0.901055 -0.429693 1
6.67199 25.4955 481.099 0.457416 -0.031697 0.888688 1
-1.43632 -8.52595 391.814 -0.580164 0.0466855 -0.813161 1
0.21345 11.6689 481.066 0.396426 -0.245958 0.884506 1
1.55695 -1.33543 391.825 -0.541905 0.205551 -0.814916 1
3.56518 2.87331 391.719 -0.518328 0.183741 -0.83521 1
3.56407 -23.421 392.071 0.119201 -0.779875 -0.614481 1
3.76412 -23.4478 392.072 -0.194687 -0.805086 -0.560298 1
24.9879 29.1173 470.543 0.600821 0.439102 0.667984 1
-9.03599 31.1678 481.271 0.1406 0.964524 0.223438 1
7.36413 -23.8434 392.072 -0.0392491 -0.939963 -0.339012 1
13.0028 -11.5299 392.069 0.824464 -0.149794 -0.54573 1
-3.62639 -22.381 392.053 -0.0744629 -0.92283 -0.377942 1
-4.03459 -13.9267 391.913 -0.51118 0.417469 -0.751275 1
11.3597 18.6894 391.898 -0.0576321 -0.0940741 -0.993896 1
-4.03596 3.07389 480.873 0.443362 -0.17557 0.87898 1
-2.03602 6.67392 480.875 0.423501 -0.220457 0.878661 1
6.36473 9.07356 391.945 -0.477527 0.134732 -0.868225 1
-5.63687 -16.7257 392.044 -0.446938 0.1339 -0.884487 1
5.16487 6.27352 391.879 -0.431335 0.259304 -0.864125 1
-29.0021 38.0648 461.818 -0.540964 0.798228 0.264933 1
24.2971 -29.714 410.473 0.460027 -0.728235 -0.507985 1
8.36478 13.2735 391.943 -0.298726 0.274863 -0.9139 1
-0.434793 9.67325 480.922 0.389536 -0.251531 0.885999 1
-7.83538 -5.12639 480.923 0.467821 -0.267575 0.842346 1
7.56467 28.2739 480.903 0.397653 0.327227 0.857201 1
-5.83619 -0.126036 481.043 0.497369 -0.274803 0.822865 1
5.56385 22.874 480.969 0.556239 -0.237314 0.796417 1
-5.23592 30.7403 481.071 0.170734 0.941479 0.290633 1
-1.83591 30.3099 481.071 0.147168 0.915407 0.374662 1
13.1863 -8.12505 392.271 0.886951 0.134516 -0.44184 1
1.56364 29.8686 481.071 0.282118 0.845431 0.453494 1
-11.4359 31.4748 481.071 -0.0175865 0.949773 0.312444 1
6.36403 -23.7755 392.271 -0.0980067 -0.940564 -0.325167 1
-7.22759 -21.7132 392.226 -0.441637 -0.617522 -0.650863 1
-6.63579 -18.9262 392.094 -0.439754 0.0739006 -0.895073 1
6.36349 24.0742 480.863 0.47815 -0.164418 0.862751 1
0.76477 -2.32642 392.176 -0.543347 0.180597 -0.819853 1
-11.2356 -12.5263 480.698 0.453061 -0.264172 0.85144 1
13.1312 -8.94993 392.471 0.873001 -0.102982 -0.476722 1
-4.84892 -22.2206 392.462 -0.22961 -0.918364 -0.322315 1
-0.635786 30.1941 480.872 0.189137 0.92789 0.321321 1
-15.0636 31.7175 480.867 -0.0339369 0.853588 0.519842 1
-1.03589 -22.8811 392.472 -0.168352 -0.906514 -0.387156 1
9.16407 -24.118 392.471 0.0570747 -0.890346 -0.451693 1
25.8841 -12.5671 458.221 0.513301 -0.417837 0.749623 1
1.36569 11.873 480.542 0.499264 -0.0730058 0.863369 1
5.16448 7.87368 392.352 -0.589457 0.298301 -0.750704 1
-2.23576 -8.32621 392.388 -0.5166 -0.0202777 -0.855987 1
-1.83535 -7.72641 392.316 -0.412837 0.247513 -0.876529 1
-5.03501 -14.5266 392.337 -0.501388 0.400076 -0.76717 1
4.36373 18.274 480.484 0.595261 -0.229321 0.770115 1
6.33361 23.2779 480.64 0.4925 -0.312051 0.812446 1
10.3651 19.0733 392.393 -0.436425 0.0138634 -0.899634 1
13.3564 -4.729 392.694 0.793874 -0.0465585 -0.606298 1
13.0791 12.6738 392.672 0.683801 0.284606 -0.671875 1
-7.83619 -32.5499 439.871 -0.064001 -0.92923 -0.363916 1
-13.4359 31.7798 480.671 -0.039515 0.862493 0.504524 1
2.16398 -23.3342 392.671 -0.12603 -0.911847 -0.390707 1
2.56401 -23.3855 392.671 -0.143417 -0.918277 -0.369051 1
-14.8849 -20.0457 480.938 0.0347728 -0.114345 0.992832 1
-7.83631 -19.926 392.625 -0.537663 -0.0554472 -0.841335 1
4.96528 8.07334 392.535 -0.459749 0.0631828 -0.885799 1
9.96448 18.8737 392.552 -0.316726 0.0940312 -0.943845 1
4.16414 17.4738 480.383 0.640555 -0.122868 0.758019 1
0.562067 -1.12567 392.604 -0.51482 0.421275 -0.746651 1
2.56388 -23.4277 392.871 -0.362122 -0.900422 -0.241057 1
3.36412 -23.5596 392.872 -0.13985 -0.928694 -0.343466 1
13.1693 5.49037 392.846 -0.00124578 0.477788 -0.878475 1
10.164 -24.289 392.871 0.159487 -0.838102 -0.521679 1
13.115 5.67406 392.871 0.693668 -0.159748 -0.702357 1
7.36311 23.6744 480.15 0.474479 -0.257071 0.841893 1
13.326 2.25289 392.891 0.808803 0.0343002 -0.587078 1
-9.2366 -10.3258 480.217 0.618415 -0.289225 0.730692 1
-1.63606 5.07397 480.22 0.406114 -0.257598 0.876764 1
0.137509 28.5239 485.593 0.534488 0.384243 0.752781 1
-0.436451 7.07408 480.083 0.553326 -0.125283 0.823489 1
6.56469 12.0736 392.717 -0.457896 0.252557 -0.852377 1
11.7684 23.0994 392.87 -0.0674776 0.0824153 -0.994311 1
2.16151 3.07487 392.772 -0.565421 0.1126 -0.81708 1
10.163 20.4744 392.868 -0.298299 0.246959 -0.92197 1
-2.83528 2.87351 480.135 0.428853 -0.291928 0.854905 1
-3.0358 2.67381 480.184 0.644973 0.00666804 0.764176 1
12.1641 -24.4579 393.071 0.189151 -0.840789 -0.507244 1
-12.2362 -32.051 439.871 -0.468871 -0.821963 -0.32332 1
-10.2358 -12.9262 479.981 0.463579 -0.356624 0.811119 1
13.3344 12.2739 393.071 0.675332 0.0155618 -0.73735 1
-34.8326 -29.4114 439.874 -0.0424813 -0.99044 -0.131243 1
13.3078 12.674 393.07 0.666574 0.260372 -0.698488 1
-0.024785 7.49499 479.907 0.409218 -0.230181 0.882925 1
3.76352 15.4741 480.055 0.500344 -0.215706 0.838526 1
8.9648 26.4736 479.926 0.47896 -0.00210781 0.877834 1
22.5251 28.5522 471.906 0.575618 0.21572 0.788751 1
-14.037 -20.9256 480.048 0.343438 -0.211239 0.915111 1
7.7637 15.274 392.879 -0.329906 0.255152 -0.908878 1
13.9563 -23.9314 393.045 0.46854 -0.279017 -0.838224 1
8.36497 16.8735 392.954 -0.428931 0.318151 -0.845457 1
-2.4362 -6.72601 392.989 -0.538677 0.156946 -0.827765 1
11.9622 22.8584 392.892 0.0286941 0.00893941 -0.999548 1
5.96405 29.5485 480.071 0.145857 0.913655 0.379421 1
14.0453 -14.1168 393.267 0.739166 -0.000794531 -0.673522 1
-14.4359 31.9852 480.072 -0.0858006 0.949822 0.300794 1
-12.8351 -19.5265 479.738 0.42482 -0.201464 0.882576 1
-3.03639 1.47415 479.851 0.463025 -0.249902 0.850386 1
-8.83637 -10.7259 479.857 0.411597 -0.149005 0.899103 1
-4.63615 -1.72603 479.871 0.567803 -0.342349 0.748597 1
-8.85526 -21.5384 393.156 -0.458388 -0.236741 -0.856641 1
1.74904 10.0649 479.751 0.460961 -0.277929 0.842775 1
13.9611 -21.1296 393.148 0.712963 -0.302753 -0.632475 1
-1.63636 -4.52592 393.081 -0.38145 0.215942 -0.898813 1
-1.43625 -3.52601 393.206 -0.452604 0.270846 -0.849584 1
-3.63544 -8.72635 393.19 -0.560023 -0.0591708 -0.826361 1
12.5612 22.4854 393.104 0.429764 0.0940187 -0.898033 1
-2.83516 -7.12649 393.121 -0.604953 0.376365 -0.701699 1
2.56421 11.6738 479.803 0.492196 -0.139499 0.859234 1
-0.235259 -1.1264 393.1 -0.52992 0.279978 -0.800498 1
4.56436 9.07373 393.092 -0.501126 0.243589 -0.830384 1
30.6162 -31.8466 449.02 0.299956 -0.425136 0.853982 1
-9.83605 31.5752 479.871 0.130846 0.977038 0.168158 1
-9.43601 31.5297 479.871 0.0482792 0.990619 0.127842 1
-4.23557 -1.9263 479.573 0.260155 -0.234589 0.936636 1
6.964 -24.1139 393.471 -0.344579 -0.925244 -0.15871 1
13.8376 -9.72617 393.472 0.807924 0.0030729 -0.589278 1
10.3641 -24.4518 393.472 0.0601821 -0.914576 -0.39991 1
4.76405 -23.8627 393.471 -0.120524 -0.94568 -0.301933 1
13.2714 19.0739 393.471 0.633733 0.136964 -0.76133 1
-11.6361 -17.5261 479.472 0.419459 -0.137095 0.897362 1
-10.0362 -14.126 479.487 0.501494 -0.254403 0.826912 1
10.5623 22.8747 393.274 -0.259864 0.214955 -0.941417 1
-6.6362 -14.326 393.412 -0.554279 0.336307 -0.761362 1
1.36484 3.47352 393.347 -0.462025 0.0616108 -0.884724 1
-2.45714 -5.3255 393.427 -0.585631 0.148006 -0.796951 1
7.56398 29.3688 479.671 0.294023 0.796225 0.52875 1
39.1831 -21.9034 446.842 0.529008 -0.0124859 0.848525 1
39.1043 -22.7208 446.688 0.558963 -0.225873 0.797835 1
12.1872 25.0689 393.398 0.38157 -0.0259607 -0.923976 1
11.7615 25.4724 393.362 -0.110721 0.0987865 -0.98893 1
12.3543 25.4482 393.459 0.371051 -0.0376712 -0.927848 1
-13.0359 32.0158 479.672 0.0627338 0.965245 0.253707 1
-29.836 42.9163 439.871 0.038024 0.975743 0.215593 1
-8.43599 -22.1761 393.671 -0.203887 -0.892587 -0.402143 1
13.5526 15.8739 393.671 0.684891 0.0382511 -0.72764 1
6.7641 -24.1363 393.671 0.00812137 -0.988052 -0.15391 1
7.76359 21.4741 479.281 0.375163 -0.281725 0.88311 1
9.56407 -24.44 393.671 -0.0290938 -0.958665 -0.283046 1
-1.03586 3.27382 479.341 0.502983 -0.26967 0.821149 1
-9.62793 -21.3347 393.559 -0.608416 -0.0826578 -0.789302 1
-14.4275 -24.3265 479.331 0.373611 -0.116431 0.920249 1
-10.6352 -15.7264 479.313 0.399375 -0.109827 0.910186 1
9.97073 28.4869 479.429 0.441173 0.515028 0.734924 1
-4.23525 -8.92647 393.497 -0.294829 -0.260532 -0.919347 1
-4.03633 -8.52592 393.502 -0.330696 0.352282 -0.875521 1
11.9676 26.4644 393.537 -0.13373 0.250814 -0.958754 1
-8.43526 -17.3264 393.65 -0.526795 0.150394 -0.836582 1
-2.03531 -3.72637 393.526 -0.479184 0.191552 -0.856557 1
-9.83605 -14.9261 479.088 0.516097 -0.125448 0.847294 1
7.9631 21.8743 479.27 0.26136 -0.336525 0.904678 1
0.964028 -23.4595 393.871 -0.131086 -0.942635 -0.307011 1
-7.23645 -14.1259 393.867 -0.336033 0.345167 -0.876323 1
-7.63591 -10.5261 479.186 0.444557 -0.162859 0.880821 1
-16.8158 32.4847 479.258 0.294795 0.954225 0.0505009 1
13.9531 11.4739 394.071 0.724407 -0.0173854 -0.689154 1
14.1712 -3.91327 394.056 0.846593 0.0622505 -0.528588 1
-10.5925 41.4162 437.044 0.341262 0.811052 0.475115 1
14.5375 -23.3203 394.063 0.971314 0.236327 -0.0264186 1
10.7641 -24.6438 394.072 -0.0205374 -0.965075 -0.261169 1
-33.7748 -29.2844 436.084 -0.183331 -0.896297 -0.403784 1
5.36426 15.0738 478.987 0.45221 -0.280657 0.846604 1
-10.2357 -16.3262 478.953 0.563689 -0.137486 0.814464 1
8.56402 -24.425 394.071 -0.110093 -0.940628 -0.32109 1
-4.63635 -4.52594 479.05 0.435493 -0.264383 0.860493 1
-2.43536 -3.12635 393.914 -0.485789 0.181412 -0.855043 1
-7.83589 -11.3262 479.07 0.506459 -0.361262 0.782936 1
2.16162 7.27458 393.893 -0.477373 0.205156 -0.854416 1
12.5617 28.0924 393.955 0.0982105 0.261534 -0.960185 1
6.56486 16.4735 393.953 -0.507624 0.383314 -0.771614 1
-10.0354 -21.5278 393.88 -0.421548 -0.338764 -0.841151 1
-16.8587 32.5067 479.045 0.021125 0.995506 0.0923074 1
-16.6244 32.4694 479.064 0.219298 0.972012 0.0842643 1
-12.8355 -23.1263 478.755 0.435989 -0.258219 0.862111 1
-11.6363 -20.326 478.803 0.473127 -0.230904 0.850197 1
-0.436153 2.50805 478.683 0.532338 -0.208784 0.820381 1
-6.63595 -10.1261 478.682 0.399186 -0.163497 0.902175 1
-2.23589 -1.32615 478.673 0.535348 -0.262044 0.802954 1
6.77406 17.2902 478.731 0.496759 -0.136526 0.857083 1
-14.0357 -25.5263 478.765 0.423728 -0.329906 0.843574 1
-1.23566 0.673753 394.18 -0.485011 0.293268 -0.823868 1
-5.82829 30.8067 478.875 0.355946 0.83115 0.427191 1
-5.035 -8.32654 394.148 -0.484132 0.107713 -0.86834 1
-0.035944 30.5691 478.871 0.220937 0.931422 0.289207 1
42.4081 -0.72614 439.872 0.838105 -0.0310568 -0.544624 1
-2.23604 -1.92608 394.097 -0.527206 0.216985 -0.821567 1
-1.83638 -0.525939 394.226 -0.534032 0.22237 -0.815697 1
-0.435835 -23.4311 394.472 -0.241622 -0.935122 -0.259163 1
3.36379 9.47397 478.651 0.447648 -0.271914 0.851865 1
8.77856 21.654 478.622 0.368504 -0.256447 0.893555 1
-7.23585 -22.5678 394.472 -0.113841 -0.970156 -0.214099 1
-0.325496 13.5659 482.046 0.405795 -0.25164 0.87864 1
-0.857965 1.06904 478.511 0.489589 -0.268899 0.829455 1
14.3058 3.87384 394.471 0.776366 0.0092874 -0.630214 1
-3.43672 -3.52582 394.436 -0.55821 0.125812 -0.820105 1
9.76463 24.8736 394.347 -0.445457 0.193502 -0.874142 1
0.764607 5.67362 394.341 -0.514813 0.245001 -0.821549 1
3.96374 12.474 394.426 -0.469835 0.226609 -0.853173 1
-1.23653 1.67414 394.45 -0.462189 0.206065 -0.862507 1
-4.41754 31.0755 478.645 0.171647 0.965844 0.19412 1
6.5641 29.8065 478.672 0.169153 0.95401 0.24749 1
5.79686 -34.2138 439.792 -0.199898 -0.974162 -0.105112 1
10.5641 26.4739 394.298 -0.360117 0.495377 -0.790517 1
14.7717 -8.93523 394.696 0.818751 0.0693522 -0.569944 1
5.16472 12.2735 478.353 0.452889 -0.17378 0.874467 1
-14.8115 -28.7312 478.277 0.452605 -0.206381 0.8675 1
14.1941 2.29555 394.671 0.814704 -0.109355 -0.569473 1
14.2264 3.0654 394.673 0.789783 -0.027983 -0.612748 1
6.16701 14.3124 478.326 0.462112 -0.216782 0.859918 1
10.1641 -24.7501 394.671 0.0154681 -0.980714 -0.194834 1
5.36406 -34.1821 439.871 -0.0885278 -0.996073 0.00136989 1
-11.2368 -20.5258 394.623 -0.557722 0.162297 -0.814006 1
-11.2148 -21.3154 394.504 -0.47512 -0.229477 -0.849471 1
5.76427 16.6738 394.501 -0.349752 0.442712 -0.825639 1
-7.81807 31.5689 478.45 0.286304 0.927257 0.241296 1
-15.9241 -30.95 478.465 0.26675 -0.344731 0.900003 1
10.365 26.8734 394.549 -0.21859 0.462967 -0.858999 1
4.7642 14.4738 394.494 -0.520146 0.273965 -0.808944 1
-7.43675 -11.9258 394.601 -0.440518 0.205393 -0.873932 1
-10.2355 -19.5263 478.271 0.503855 -0.219798 0.835355 1
9.36238 21.2748 478.194 0.363675 -0.31055 0.878236 1
-4.8362 -7.92601 478.194 0.430617 -0.252577 0.866472 1
8.36769 18.4648 478.129 0.524861 -0.130532 0.841119 1
-11.2361 -21.726 478.229 0.481928 -0.245183 0.841208 1
7.76404 -24.513 394.871 -0.119696 -0.942549 -0.31189 1
14.4239 -1.3192 394.858 0.644714 -0.0611701 -0.761972 1
14.885 -19.1619 394.865 0.828077 -0.0477778 -0.558574 1
-13.8353 -27.3265 478.142 0.345144 -0.490161 0.800386 1
-14.036 -27.5261 478.197 0.589385 0.0916811 0.802633 1
2.1637 6.0741 478.25 0.437281 -0.257586 0.861647 1
-7.43581 -22.6343 394.872 0.0316423 -0.92766 -0.372082 1
13.1787 28.6635 394.692 0.516324 0.109571 -0.849355 1
-13.636 32.4269 478.271 -0.104309 0.983106 0.150407 1
-6.23488 -11.7267 477.928 0.410417 -0.373333 0.831974 1
5.76532 12.0733 477.95 0.339929 -0.284681 0.896329 1
-1.22578 -1.71829 477.914 0.568813 -0.412065 0.711796 1
14.6811 9.09629 395.078 0.632887 0.0251048 -0.773837 1
-9.01835 -17.3221 478.009 0.541771 -0.127669 0.830773 1
15.0295 -24.1299 395.051 0.706159 -0.0123521 -0.707946 1
15.0846 -23.7456 395.068 0.781381 0.217348 -0.584982 1
0.964079 30.6622 478.071 0.570535 0.7533 0.327153 1
14.3423 19.0739 395.071 0.795737 0.106556 -0.596196 1
-11.4359 -19.9261 394.872 -0.538689 0.0228003 -0.842196 1
14.5603 -2.93392 394.88 0.890957 0.0118279 -0.453933 1
-1.83648 2.47412 395.036 -0.652311 0.21311 -0.727375 1
-17.4622 -37.3241 477.679 -0.274897 -0.456909 0.84597 1
8.76325 24.8743 395.025 -0.5162 0.160679 -0.841261 1
8.36456 17.2736 477.732 0.652884 -0.228178 0.722272 1
0.764346 1.87369 477.809 0.543364 -0.172443 0.821595 1
-5.63613 -11.326 477.689 0.392474 -0.348862 0.851035 1
9.36405 -24.7875 395.271 0.0100167 -0.976765 -0.214077 1
12.5648 26.6737 477.727 0.537943 0.0505622 0.841463 1
0.36437 0.890015 477.756 0.553288 -0.329079 0.765231 1
14.5464 16.4739 395.271 0.811579 0.0237496 -0.58376 1
2.16463 4.27361 477.701 0.556738 -0.248463 0.792659 1
42.1774 -9.52125 439.864 0.929644 -0.184875 -0.31872 1
-14.4361 -30.126 477.691 0.465154 -0.291693 0.835791 1
-5.23648 -10.1259 477.812 0.620233 -0.254269 0.742063 1
15.2008 -11.1261 395.271 0.859063 0.0649571 -0.507731 1
-9.23649 -18.926 477.785 0.500028 -0.183955 0.846246 1
2.36372 5.07403 477.81 0.329106 -0.424051 0.843724 1
-3.63563 -6.9263 477.769 0.438374 -0.298681 0.847713 1
-9.83588 31.9894 477.871 0.0812727 0.970448 0.227214 1
-0.0361419 -23.6489 395.271 -0.254386 -0.934306 -0.24972 1
-9.83603 -15.3261 395.174 -0.471496 0.289461 -0.833009 1
-1.03636 4.87407 395.23 -0.511892 0.158289 -0.844341 1
1.36405 30.6693 477.871 0.399164 0.768645 0.499852 1
15.1674 -17.9207 395.165 0.687653 0.0184774 -0.725805 1
14.7717 -2.51297 395.094 0.835683 -0.038123 -0.547887 1
15.3457 -24.5395 395.23 0.658112 -0.27147 -0.702277 1
-10.6355 -16.9263 395.191 -0.579735 0.0883681 -0.809999 1
-4.83591 -10.3261 477.481 0.554861 -0.11989 0.823259 1
6.16337 11.4741 477.527 0.485424 -0.290532 0.824594 1
9.36471 19.4921 477.54 0.436408 -0.223561 0.871532 1
14.7353 12.8739 395.471 0.799571 0.0171662 -0.600326 1
11.1626 22.4745 477.475 0.548745 -0.240751 0.800573 1
8.16459 16.0736 477.507 0.621286 -0.281511 0.73127 1
7.56483 14.8735 477.526 0.626559 -0.193315 0.755019 1
-2.4357 -5.72622 477.546 0.531469 -0.244729 0.810955 1
1.76409 -23.9096 395.471 -0.140754 -0.952647 -0.269541 1
13.7033 30.474 395.48 0.673673 -0.0967068 -0.732675 1
14.5484 20.4738 395.472 0.78275 0.103721 -0.613632 1
14.5215 21.8739 395.473 0.763832 0.0274007 -0.644833 1
-8.23605 -22.7055 395.471 -0.131349 -0.948246 -0.289097 1
-4.63597 -23.1661 395.471 -0.172508 -0.91885 -0.354902 1
-2.03596 3.27389 395.39 -0.558739 0.13471 -0.81833 1
-13.4359 32.5396 477.671 -0.111718 0.927166 0.357607 1
11.9699 23.8592 477.367 0.508531 -0.165917 0.844907 1
3.76335 15.4742 395.416 -0.490732 0.317766 -0.811299 1
-11.4358 -25.3262 477.416 0.344544 -0.35339 0.869716 1
0.385971 8.86627 395.444 -0.358932 0.367741 -0.857866 1
0.551095 9.08035 395.453 -0.740092 0.294289 -0.604696 1
-8.43501 -11.5266 395.335 -0.429414 0.258833 -0.865222 1
-11.6358 -26.1262 477.295 0.393976 -0.273805 0.87739 1
19.2606 21.7785 472.244 0.013858 -0.319231 0.947576 1
-12.2847 -25.8214 414.825 -0.188583 -0.907953 -0.374243 1
8.16409 15.2739 477.284 0.612789 -0.258628 0.746727 1
15.1833 -0.528828 395.674 0.828574 0.053375 -0.557329 1
7.16401 13.2739 477.361 0.564936 -0.218408 0.795704 1
8.96522 17.0733 477.306 0.534424 -0.275492 0.799059 1
15.4453 -22.7093 395.649 0.644971 -0.179561 -0.742812 1
-5.03564 -2.72623 395.599 -0.486055 0.224613 -0.844571 1
15.3504 -18.9142 395.52 0.768002 -0.16995 -0.617487 1
4.96531 18.4733 395.556 -0.438855 0.438483 -0.784308 1
13.3584 35.4763 395.646 -0.189921 0.392336 -0.900001 1
-28.7254 -26.8523 424.109 -0.0309952 -0.99943 0.0133955 1
-7.43507 -8.72649 395.535 -0.457359 0.195739 -0.867473 1
-8.03496 -19.9358 477.128 0.571483 -0.183228 0.799896 1
-8.42322 -20.3348 477.112 0.279081 -0.115291 0.953321 1
8.56356 26.4742 395.611 -0.397995 0.374336 -0.837539 1
-29.8652 -26.9379 424.121 0.00930958 -0.998807 -0.047939 1
1.55858 10.2787 395.575 -0.582004 0.398353 -0.708933 1
-15.0372 -32.7254 477.222 0.450124 -0.306992 0.838537 1
15.5771 -23.3266 395.863 0.766294 0.0976096 -0.635033 1
-12.0356 -27.5263 477.13 0.432366 -0.240949 0.868909 1
8.40561 -9.60672 469.282 0.584396 0.608541 -0.536805 1
-3.82674 31.2958 477.227 0.188541 0.925492 0.328507 1
-16.59 -36.917 477.281 0.463219 -0.169804 0.869825 1
-2.0361 4.27395 395.683 -0.594527 0.109584 -0.796573 1
-16.836 32.9211 477.271 0.0448599 0.944561 0.325256 1
-9.43596 -12.5261 395.686 -0.409428 0.299025 -0.861947 1
7.96447 25.6737 395.723 -0.587572 0.166625 -0.79183 1
-5.43508 -13.3265 476.948 0.104809 -0.376372 0.920521 1
11.9647 34.0735 395.702 -0.319932 0.330636 -0.887876 1
-4.63639 -11.5259 477.017 0.519205 -0.200534 0.83079 1
10.3642 -25.0905 396.072 0.149591 -0.889986 -0.430753 1
10.5641 -25.1117 396.072 -0.321467 -0.887967 -0.328898 1
14.0958 36.653 396.072 0.337516 0.332724 -0.880555 1
15.0713 14.6739 396.071 0.816553 -0.0109569 -0.577167 1
15.8728 -18.135 396.088 0.835866 -0.0322719 -0.547984 1
-7.64142 -21.1212 476.928 0.465609 -0.235921 0.852965 1
12.1641 -25.2731 396.071 0.109782 -0.941901 -0.317443 1
11.3626 21.0744 476.916 0.55599 -0.198925 0.807034 1
6.36607 9.87305 476.901 0.519784 -0.229245 0.822965 1
4.36362 5.67419 476.895 0.516125 -0.304275 0.800645 1
-11.6359 32.4362 477.071 0.100411 0.952937 0.286058 1
41.9135 16.6739 439.871 0.896611 -0.17437 -0.407043 1
4.16381 17.874 395.885 -0.447325 0.490502 -0.747869 1
-5.23609 -13.9261 476.672 -0.0354944 -0.516653 0.855459 1
-9.04142 -22.3009 476.801 0.42409 -0.221416 0.878136 1
15.2512 2.86378 396.294 0.819222 -0.066513 -0.569607 1
15.3478 10.474 396.27 0.806317 0.0260249 -0.590911 1
15.0932 19.0739 396.271 0.888697 0.109903 -0.445127 1
-1.83518 -7.32649 476.7 0.512361 -0.30882 0.801322 1
15.8793 -24.7495 396.272 0.836565 -0.334637 -0.433794 1
-0.0359757 31.0211 476.871 0.0639367 0.966537 0.248431 1
-11.8365 -15.7259 396.228 -0.575881 0.246904 -0.779358 1
11.8712 -9.83141 467.56 0.324028 -0.115134 0.939016 1
14.1612 33.6584 396.249 0.658692 0.174994 -0.73178 1
-7.23618 -6.32602 396.082 -0.488786 0.300611 -0.818976 1
-44.5977 -3.27616 420.879 -0.559834 0.453943 -0.693196 1
-11.4363 -28.5259 476.664 0.331153 -0.275602 0.902431 1
-11.636 -29.3261 476.539 0.349719 -0.204343 0.914298 1
-5.03542 -13.9264 476.555 0.45519 -0.170679 0.873883 1
3.16414 2.67384 476.612 0.423888 -0.550982 0.718845 1
-5.23489 -14.3265 476.577 0.054806 -0.480572 0.875241 1
3.16424 2.27379 476.495 0.433092 0.101102 0.895662 1
0.368181 -3.51483 476.648 0.253023 -0.599284 0.759499 1
1.96475 0.0736678 476.612 0.45054 -0.139606 0.881773 1
8.16406 -24.8889 396.471 -0.0915274 -0.95931 -0.267108 1
-8.23512 -7.72644 396.309 -0.502671 0.210833 -0.838374 1
9.9638 31.874 396.338 -0.487883 0.155317 -0.85898 1
11.3648 34.8735 396.281 -0.279373 0.341117 -0.897547 1
7.1635 26.4741 396.463 -0.526677 0.15206 -0.836354 1
-2.83682 5.27435 396.465 -0.569359 0.157395 -0.806881 1
-1.63567 7.47374 396.379 -0.533755 0.359871 -0.765244 1
-12.4365 -16.3259 396.463 -0.531623 0.172719 -0.829184 1
-3.83611 -12.726 476.272 0.440179 -0.203833 0.874468 1
-13.0359 -31.9261 476.42 0.372914 -0.24843 0.89399 1
5.56328 6.27418 476.274 0.365825 -0.205832 0.907637 1
-28.836 -30.0724 439.871 -0.189804 -0.963948 -0.18649 1
6.56427 8.27377 476.31 0.497918 -0.26749 0.82494 1
15.0884 25.2739 396.671 0.780093 0.113903 -0.615208 1
0.764118 31.0533 476.472 0.243285 0.925553 0.290112 1
-4.63149 0.851041 396.547 -0.163511 0.339718 -0.926205 1
7.36397 27.274 396.608 -0.424518 0.336776 -0.840456 1
-4.43592 -14.5262 476.104 0.214432 -0.423538 0.880133 1
18.3906 -1.42058 401.069 0.757367 0.0362948 -0.65198 1
15.7948 8.67375 396.874 0.838963 -0.0279999 -0.543468 1
14.8581 33.2831 396.865 0.730663 0.067259 -0.679417 1
-15.6344 -37.3287 476.127 0.488072 -0.56792 0.662761 1
5.56241 6.07444 476.229 0.423962 -0.0355839 0.904981 1
15.6533 11.8739 396.871 0.915032 0.105058 -0.38946 1
-16.0358 41.2088 440.872 0.162179 0.966944 0.196765 1
-13.6273 -33.3204 476.164 0.414867 -0.328218 0.848622 1
4.16392 -24.4673 396.871 -0.085108 -0.95607 -0.280512 1
2.56344 -0.525821 476.204 0.460421 -0.228324 0.857835 1
-11.4362 -12.726 396.799 -0.541236 0.19732 -0.817391 1
-14.0299 40.9057 440.862 0.0128372 0.985442 0.169525 1
1.59127 -3.1124 475.918 0.476797 -0.506313 0.718549 1
-10.6234 -30.3055 475.921 0.393762 -0.302426 0.868038 1
15.5871 27.8384 475.992 0.560484 0.417137 0.71544 1
-0.0248417 31.2743 475.868 -0.0918436 0.970098 0.224665 1
14.9653 26.4721 397.084 0.626014 0.511645 -0.588495 1
14.9632 25.8742 476.052 0.485803 -0.128288 0.864602 1
15.6313 18.2739 397.072 0.917258 0.0701006 -0.392076 1
13.3657 29.519 476.044 -0.035639 0.938854 0.342465 1
14.9721 33.8991 397.082 0.823971 0.101572 -0.557455 1
-12.0242 40.7452 440.892 0.359288 0.905888 0.224232 1
21.1641 -36.3161 440.871 -0.133623 -0.977118 -0.165485 1
-7.0347 -2.52589 396.953 -0.440201 0.164148 -0.882767 1
4.76292 23.0744 397.061 -0.364476 0.0743443 -0.92824 1
14.7685 34.2596 396.881 0.609179 0.124514 -0.783197 1
-13.6366 -17.3258 396.975 -0.461534 0.141477 -0.875769 1
8.76365 31.8741 397.052 -0.453309 0.215124 -0.865004 1
10.7639 35.874 396.988 -0.285144 0.271126 -0.919338 1
6.96462 7.07361 475.737 0.45854 -0.31091 0.832512 1
9.56415 -25.2456 397.272 -0.0391601 -0.970977 -0.235944 1
10.7641 -25.3992 397.271 -0.0104042 -0.977541 -0.210486 1
-14.4363 -35.9259 475.86 0.445783 -0.357488 0.820658 1
16.2846 -7.51416 397.279 0.81555 0.0139181 -0.578519 1
-9.85481 -28.3345 475.841 0.476348 -0.11382 0.871858 1
12.1657 18.6735 475.762 0.609377 -0.276821 0.742987 1
9.78898 13.2729 475.729 0.485494 -0.120476 0.865899 1
-7.01965 -21.5018 475.748 0.363945 -0.495935 0.788411 1
-13.2369 -15.7257 397.188 -0.551614 0.714013 -0.43117 1
-13.0345 -15.5267 397.109 -0.783592 0.304917 -0.541303 1
14.1635 29.419 475.87 0.402872 0.772772 0.490427 1
5.36739 30.7566 475.883 0.142507 0.932428 0.332069 1
-7.04449 -1.30757 397.23 -0.469846 0.185052 -0.863134 1
1.56291 16.8744 397.263 0.144955 0.558607 -0.816668 1
1.76444 16.8737 397.122 -0.672054 0.295804 -0.678855 1
10.9635 37.0742 397.253 -0.301429 0.174321 -0.937418 1
4.36349 22.2742 397.08 -0.0126332 0.159517 -0.987114 1
11.5635 38.0692 397.156 -0.235252 0.218778 -0.946991 1
15.9828 1.23179 397.248 0.839919 -0.0177233 -0.542422 1
-3.23658 6.87422 397.176 -0.577923 0.403775 -0.709204 1
14.8808 37.2799 397.465 0.400923 0.249299 -0.881539 1
22.7748 36.6558 439.636 -0.0773593 0.99649 -0.0319897 1
-10.0372 -29.7257 475.601 0.491291 -0.258935 0.831616 1
15.3585 26.2726 397.485 0.792643 0.246389 -0.557683 1
6.76318 6.07463 475.485 0.553974 -0.301986 0.775834 1
15.8678 18.6739 397.472 0.936516 0.190835 -0.294143 1
15.1708 26.6791 397.466 0.565698 0.392342 -0.725296 1
11.1643 15.8738 475.565 0.502012 -0.219705 0.836489 1
1.36408 -24.3085 397.471 -0.372331 -0.907823 -0.192945 1
1.96349 -3.52586 475.629 0.335669 -0.393997 0.855624 1
-8.6374 -26.9415 475.656 0.557573 -0.22466 0.799149 1
13.3641 -25.6986 397.471 0.221732 -0.969489 -0.104523 1
13.7638 21.474 475.542 0.537383 -0.177685 0.824408 1
-7.83575 32.2665 475.672 0.195793 0.958033 0.209374 1
16.0561 11.0739 397.471 0.926323 0.133494 -0.352286 1
16.6332 -14.1426 397.484 0.882299 0.0231563 -0.470119 1
16.5062 -12.5151 397.48 0.93243 0.026477 -0.360379 1
13.1643 29.6884 475.672 0.0319936 0.867212 0.496911 1
-19.4418 33.5353 475.662 -0.0165621 0.963602 -0.266827 1
6.76417 30.6189 475.672 0.4117 0.795729 0.444205 1
-3.43596 31.7443 475.671 0.0655411 0.956966 0.282703 1
-3.03545 -14.5263 475.298 0.496447 -0.278242 0.822266 1
-3.6457 -15.9117 475.291 0.351394 -0.30233 0.886069 1
-6.43577 0.273785 397.286 -0.399115 0.278848 -0.87347 1
-9.22697 -29.1349 475.273 0.547187 -0.05424 0.835251 1
16.5914 -8.75155 397.682 0.831518 -0.00838324 -0.555434 1
-0.835984 -9.92607 475.434 0.350591 -0.311249 0.883295 1
-12.2358 -22.7587 397.672 -0.157093 -0.897136 -0.412879 1
16.6187 -13.7341 397.663 0.936179 0.0888412 -0.340113 1
4.36449 0.473677 475.387 0.49236 -0.205974 0.845669 1
-6.03485 -20.9267 475.338 0.501884 -0.142322 0.853145 1
1.1641 -24.3262 397.671 0.187085 -0.878066 -0.440454 1
16.4312 -6.33507 397.669 0.828379 0.109399 -0.549382 1
-8.23587 -23.2281 397.672 -0.0160767 -0.891959 -0.451831 1
6.36408 30.7202 475.471 0.201457 0.832314 0.516399 1
-1.63591 -24.0183 397.671 -0.140039 -0.945695 -0.293345 1
-14.636 33.1589 475.471 0.118403 0.939863 0.320372 1
-16.2096 -20.9175 397.581 -0.499588 -0.0851431 -0.862068 1
5.76331 27.4742 397.643 -0.428341 0.164668 -0.888486 1
-0.239403 -9.54587 475.184 0.350406 -0.240012 0.905323 1
12.1647 16.4736 475.137 0.491186 -0.223818 0.841809 1
-11.6364 -33.9253 475.145 0.426247 -0.467745 0.774292 1
13.164 -25.7695 397.871 0.363202 -0.875914 -0.317584 1
16.3195 -3.71183 397.874 0.832092 0.0186221 -0.554326 1
16.881 -14.5308 397.879 0.862046 0.108312 -0.495122 1
-7.6359 -23.3484 397.871 -0.0851119 -0.855146 -0.511353 1
-15.8359 33.3306 475.271 -0.102057 0.955062 0.278284 1
-16.4359 33.4016 475.271 -0.0147409 0.983343 0.18116 1
-17.0359 33.4552 475.271 0.0474085 0.980987 0.188194 1
-8.66854 -2.9142 397.889 -0.561652 0.0593579 -0.825242 1
-0.0359045 31.4312 475.272 -0.0901634 0.901288 0.423735 1
-10.8347 -8.12683 397.754 -0.291687 0.277595 -0.915347 1
-10.4353 -7.32644 397.77 -0.564876 0.315286 -0.762568 1
-0.0170881 15.4448 397.705 -0.508538 0.254807 -0.822473 1
-4.43495 -19.1266 474.916 0.381799 -0.198764 0.90262 1
6.96437 30.6737 397.799 -0.37305 0.168234 -0.912431 1
-4.24183 6.4613 397.868 -0.605728 0.30731 -0.73393 1
5.16408 26.4739 397.719 -0.499876 0.113219 -0.858665 1
15.3871 33.8604 398.053 0.891951 0.00440408 -0.45211 1
15.1766 22.5014 474.904 0.541375 -0.136871 0.829566 1
16.6962 -13.3504 398.081 0.954655 0.0354387 -0.295597 1
2.76484 -4.12652 475.018 0.486795 -0.405327 0.773783 1
16.4602 10.2739 398.071 0.901409 0.138044 -0.410373 1
-8.83593 32.5403 475.071 0.196097 0.937459 0.287605 1
17.1073 -24.942 398.05 0.814167 -0.130149 -0.565856 1
-16.8367 -20.7259 398.015 -0.443239 0.111298 -0.889467 1
-1.42799 13.2916 397.89 -0.66201 0.0781719 -0.745408 1
-12.4363 -10.726 398.061 -0.53954 0.200519 -0.817734 1
1.36288 -8.12556 474.696 0.447676 -0.0907875 0.889575 1
9.96393 37.8739 398.067 -0.437876 0.268881 -0.857885 1
-9.4423 -31.1199 474.862 -0.475134 -0.166587 0.864 1
-12.2354 -35.1264 474.768 0.389729 -0.466573 0.793991 1
-2.85259 -15.9316 474.826 0.67487 -0.267907 0.687588 1
7.16275 4.6742 474.833 0.578652 -0.255606 0.774486 1
7.96399 -25.2422 398.271 -0.113728 -0.971551 -0.207736 1
-6.23667 -23.1258 474.857 0.342635 -0.288525 0.894066 1
-14.6274 -38.7267 474.83 0.224586 -0.896936 0.380876 1
16.409 16.8739 398.272 0.903245 0.0864532 -0.420327 1
6.96414 30.7777 474.872 0.371257 0.844441 0.386118 1
15.6229 35.4835 398.265 0.794379 0.0956091 -0.59985 1
16.2268 22.0738 398.271 0.856999 0.0326407 -0.514283 1
16.09 24.8738 398.272 0.810655 0.0260442 -0.584945 1
16.0868 25.674 398.27 0.828387 0.128595 -0.545195 1
1.96391 -7.12605 474.599 0.512786 -0.0251745 0.858147 1
17.1627 -21.7271 398.237 0.728174 -0.140727 -0.67079 1
15.1635 21.0742 474.597 0.533422 -0.223997 0.815651 1
-5.83449 4.47341 398.144 -0.548585 0.132683 -0.8255 1
6.9644 31.8737 398.171 -0.481272 0.269412 -0.834143 1
-6.03554 -23.9263 474.516 0.444077 -0.246435 0.861432 1
4.36388 26.0739 398.124 -0.590973 -0.0202329 -0.806438 1
4.96344 27.6742 398.206 -0.463109 0.22698 -0.856744 1
10.9641 -25.677 398.471 0.0168538 -0.976937 -0.212862 1
-8.01782 -27.1086 474.621 0.713794 -0.276165 0.643608 1
16.7985 -7.32617 398.473 0.908374 -0.0024012 -0.418151 1
15.1693 42.6736 398.474 0.700584 0.171827 -0.692573 1
3.56478 -3.92647 474.565 0.429461 -0.268641 0.862204 1
-12.2366 -35.5258 474.655 0.435107 -0.187949 0.880544 1
27.1542 40.4167 417.709 0.801927 0.483701 -0.350636 1
17.3989 -25.3198 398.471 0.623657 -0.180857 -0.760489 1
-10.0361 -23.2026 398.471 -0.0828427 -0.926176 -0.36788 1
-9.61945 -2.92192 398.443 -0.646095 0.049859 -0.761627 1
7.56369 3.87398 474.37 0.629673 -0.11134 0.76884 1
-17.7328 -21.0993 398.497 -0.505318 -0.297779 -0.809927 1
6.56471 1.67363 474.351 0.490151 -0.229167 0.840973 1
8.16474 34.8736 398.323 -0.432903 0.24206 -0.868333 1
26.9565 40.2269 417.577 0.634538 0.0259331 -0.772456 1
8.76366 36.0741 398.283 -0.474798 0.233028 -0.848684 1
10.3637 39.6741 398.391 -0.3526 0.34575 -0.869558 1
1.1644 19.6737 398.345 -0.440303 0.172712 -0.881081 1
2.16418 21.8738 398.376 -0.426381 0.225478 -0.87599 1
-4.03605 -20.1261 474.383 0.515726 -0.278775 0.81013 1
16.6796 15.6739 398.671 0.87334 0.109963 -0.474537 1
17.4904 -19.1703 398.643 0.833655 -0.0634788 -0.548625 1
-12.8361 -37.526 474.316 0.45536 -0.590064 0.666687 1
10.5643 10.0738 474.386 0.431578 -0.161112 0.887572 1
-2.23412 -15.7188 474.397 0.964437 -0.0780713 0.252519 1
-6.63539 -25.9264 474.323 0.451185 -0.325479 0.830961 1
-4.83576 -22.1262 474.306 0.456195 -0.276857 0.845716 1
-12.0357 -36.1263 474.331 0.542907 -0.273549 0.793992 1
-8.23596 -23.4439 398.671 -0.113634 -0.939097 -0.32432 1
-13.2358 33.2146 474.472 0.193628 0.943115 0.270263 1
-13.6359 33.2641 474.471 0.408331 0.881738 0.236229 1
15.2037 19.6156 474.223 0.320341 -0.402549 0.857517 1
-6.83736 3.67484 398.559 -0.415144 0.0559892 -0.908031 1
-6.6547 4.4676 398.626 -0.658134 0.164216 -0.734774 1
-5.23656 -23.1258 474.254 0.538131 -0.268088 0.79909 1
-2.44559 13.2771 398.663 -0.713374 0.246785 -0.655892 1
-5.03489 7.28614 398.597 -0.457862 0.17675 -0.871276 1
-16.8356 -18.7263 398.512 -0.478575 0.098897 -0.872459 1
19.1277 28.663 474.175 0.521397 0.4001 0.753701 1
3.76408 26.2739 398.587 -0.533851 0.172797 -0.827734 1
16.8258 14.6739 398.872 0.894709 0.0334354 -0.445396 1
16.3255 26.6557 398.891 0.849884 0.184021 -0.493795 1
15.666 40.4589 398.884 0.743715 0.0307578 -0.667789 1
2.56399 -7.12609 474.215 0.524388 -0.0892871 0.846785 1
5.1641 31.1509 474.271 0.110836 0.958481 0.262735 1
15.7641 -26.1056 398.871 0.0262918 -0.936403 -0.349941 1
17.3711 -16.1411 398.696 0.826405 -0.0248664 -0.562528 1
41.7513 17.8739 439.671 0.849545 -0.023732 -0.526982 1
5.16382 29.874 398.748 -0.471719 0.233726 -0.850208 1
12.1637 43.8741 398.798 -0.197245 0.538987 -0.818894 1
15.2219 19.0738 473.979 0.175709 -0.416399 0.892041 1
-12.2358 -8.12617 398.706 -0.490204 0.203316 -0.847563 1
-17.0361 -22.3837 399.071 -0.248488 -0.89121 -0.379471 1
17.303 3.2739 399.071 0.792687 0.21533 -0.570333 1
0.763959 -24.5377 399.071 -0.0384438 -0.958419 -0.282763 1
2.36341 -8.12582 474.041 0.716147 -0.207433 0.666412 1
-2.43581 -17.7262 473.981 0.582049 -0.264204 0.769035 1
17.1121 -6.54 399.051 0.892724 0.120521 -0.434187 1
17.252 5.27386 399.072 0.861769 0.13051 -0.490227 1
16.7326 22.6739 399.071 0.825914 -0.194645 -0.529131 1
0.964021 31.743 474.071 0.135534 0.930129 0.341307 1
-2.45313 -35.9824 468.824 0.263848 -0.452263 0.851964 1
16.1773 34.8894 399.056 0.905063 -0.0384921 -0.423533 1
-2.63527 -19.1264 473.756 0.637711 -0.308349 0.705865 1
1.7623 -10.1254 473.86 0.519954 -0.271101 0.810032 1
-18.2429 -21.7365 398.972 -0.511923 -0.706505 -0.488656 1
-18.0537 -21.9102 398.945 -0.69524 -0.464806 -0.548267 1
-10.4351 -3.12643 398.951 -0.550975 -0.169979 -0.817028 1
-10.219 -34.9398 473.751 0.457495 -0.40698 0.790611 1
4.56346 -4.32584 473.834 0.64124 -0.409832 0.648729 1
-15.6357 -14.3262 398.999 -0.45792 0.198542 -0.866539 1
3.36319 26.8742 399.034 -0.603976 0.232435 -0.762356 1
-14.2361 -11.3261 398.984 -0.403029 0.296756 -0.865739 1
-14.0355 -11.1263 398.907 -0.628541 0.100708 -0.771229 1
-1.83746 16.2747 399.063 -0.70739 0.166672 -0.686891 1
14.163 16.4743 473.852 0.481649 -0.197769 0.853757 1
6.76327 33.8743 398.936 -0.516119 0.285718 -0.807457 1
39.8507 -16.9399 447.427 0.552326 0.23776 0.799003 1
10.5644 7.87369 473.754 0.472415 -0.251423 0.844754 1
2.36346 -8.72583 473.863 0.691507 -0.171085 0.701817 1
-14.8359 33.5276 473.871 0.0852821 0.969277 0.230716 1
-0.435956 31.8595 473.871 0.0192772 0.958156 0.285598 1
2.36423 31.6 473.872 0.141378 0.888837 0.435869 1
5.56401 -25.1349 399.271 -0.0615511 -0.992069 -0.109597 1
17.7265 -24.5305 399.276 0.864606 -0.0728532 -0.497141 1
9.16422 -25.6078 399.272 -0.0807032 -0.97911 -0.186631 1
4.56354 -4.92588 473.656 0.614397 -0.142989 0.775932 1
16.2704 35.2744 399.266 0.936817 0.0658201 -0.343573 1
-4.436 10.6739 399.096 -0.427852 0.316146 -0.846755 1
7.3631 36.2744 399.241 -0.500303 0.289975 -0.81585 1
14.1655 15.0735 473.524 0.480473 -0.295619 0.825684 1
-2.23472 15.8732 399.162 -0.514369 0.424084 -0.745371 1
5.9634 33.2742 399.213 -0.476438 0.221228 -0.85092 1
-9.80784 -0.544074 399.182 -0.574714 0.183397 -0.797539 1
-8.43491 2.47328 399.175 -0.450799 0.286921 -0.845255 1
-2.83644 -20.1259 473.613 0.657527 -0.261733 0.706509 1
-17.036 -22.505 399.471 -0.36267 -0.761906 -0.536628 1
-12.0361 -38.3261 473.495 0.399944 -0.849922 0.343042 1
17.4841 -1.31018 399.475 0.848588 0.434813 -0.301391 1
-9.2359 32.9327 473.672 0.13407 0.955755 0.261836 1
-10.8359 -23.4956 399.471 -0.0525607 -0.958535 -0.280085 1
-14.638 -38.9161 473.685 0.048624 -0.998538 0.0236188 1
17.5952 2.26718 399.494 0.801212 -0.0133037 -0.598233 1
4.16413 -25.0456 399.472 -0.057424 -0.98631 -0.154582 1
3.97636 31.4329 473.661 0.121441 0.930252 0.34624 1
-8.20653 -31.7106 473.671 0.569391 -0.230635 0.789051 1
10.5641 -25.8346 399.471 0.0519337 -0.998635 -0.00549664 1
16.4486 34.3158 399.423 0.946237 0.012399 -0.323235 1
16.4685 34.664 399.48 0.972591 -0.120964 -0.198579 1
14.3927 45.595 399.46 0.193794 0.832979 -0.518257 1
16.9123 24.2739 399.471 0.791191 0.0517853 -0.609372 1
-17.435 -17.1266 399.342 -0.512497 0.13304 -0.84832 1
-10.8274 -2.3139 399.429 -0.510784 0.157667 -0.845128 1
-4.83667 10.8743 399.397 -0.310696 0.242431 -0.919073 1
20.7653 28.8785 473.265 0.553191 0.415734 0.721903 1
6.96336 36.0742 399.435 -0.466558 0.216866 -0.857492 1
-2.03583 -18.9262 473.443 0.64091 -0.319704 0.697871 1
-0.436482 20.2741 399.446 -0.513506 0.240758 -0.823618 1
-15.0355 -11.9263 399.344 -0.38849 0.323893 -0.862652 1
-14.8363 -11.326 399.398 -0.554295 0.160079 -0.816781 1
2.96319 27.2742 399.434 -0.538488 0.185786 -0.821897 1
-18.8355 -20.1263 399.385 -0.541549 -0.00436744 -0.840658 1
-3.23591 -22.1261 473.283 0.608197 -0.0939338 0.788209 1
17.3341 14.2739 399.671 0.790566 0.0346461 -0.611396 1
-10.4355 -36.1264 473.327 0.474037 -0.479238 0.73866 1
17.6123 5.27384 399.672 0.760274 0.0501261 -0.647665 1
8.56405 -34.5958 439.671 -0.473864 -0.830996 -0.291375 1
8.36402 -34.5734 439.671 0.40374 -0.913103 -0.0568885 1
12.3641 30.4057 473.471 0.113449 0.915241 0.386605 1
17.4845 -1.10638 399.658 0.784562 0.368411 -0.498735 1
-16.0359 -38.759 473.471 -0.091666 -0.989185 -0.114501 1
18.0778 -21.9086 399.675 0.830152 -0.0627754 -0.553993 1
-19.041 -31.2068 439.695 0.00910473 -0.989051 -0.147294 1
16.1669 43.0848 399.67 0.779409 0.191994 -0.596372 1
-11.4353 -38.1265 473.206 0.275512 -0.700498 0.658328 1
-4.43589 12.2738 399.583 -0.44755 0.279373 -0.849499 1
16.9649 20.0863 473.145 0.719935 0.457975 0.521491 1
-13.2819 1.84246 485.943 -0.139427 -0.151153 0.978628 1
-6.63603 -23.9 399.871 -0.124083 -0.945607 -0.300716 1
14.7456 14.6648 473.17 0.562093 -0.534442 0.631208 1
12.7641 -26.175 399.871 -0.0810249 -0.979132 -0.186376 1
1.96401 -24.879 399.871 -0.106773 -0.965666 -0.236832 1
12.164 -26.1065 399.871 0.146114 -0.957193 -0.249865 1
17.6473 8.27386 399.872 0.810413 0.055545 -0.58322 1
-15.4359 -38.794 473.272 -0.19391 -0.97465 -0.111612 1
24.0236 36.0187 440.313 0.551423 0.745795 0.373794 1
17.2399 22.4739 399.872 0.85363 -0.140063 -0.501695 1
10.564 -25.9201 399.871 0.135445 -0.968304 -0.209863 1
-10.4693 -0.135684 399.867 -0.626621 0.255321 -0.736314 1
0.360807 -16.2986 472.883 0.317883 -0.247804 0.915174 1
-1.83948 -33.1814 439.658 -0.302484 -0.949683 -0.0812758 1
-12.436 -23.4111 399.871 -0.249287 -0.915581 -0.315543 1
15.7649 16.6735 472.973 0.702706 -0.0983567 0.704649 1
13.365 11.2734 472.969 0.527708 -0.173477 0.831523 1
-7.0281 -31.736 472.952 0.556851 -0.263616 0.78767 1
17.1747 20.0709 473.005 0.394379 0.168451 0.903377 1
-16.4365 -13.3259 399.825 -0.409727 0.350602 -0.842141 1
-6.4596 8.42836 399.729 -0.620755 0.0697223 -0.780898 1
-19.6356 -20.7262 399.751 -0.399899 -0.154444 -0.903453 1
8.36273 1.08446 472.945 0.50046 -0.430871 0.750926 1
23.9888 36.6433 439.68 0.024048 0.963669 0.266015 1
17.7551 -3.31902 400.062 0.8595 -0.0049799 -0.511111 1
-3.23589 -24.3514 400.072 -0.172323 -0.944792 -0.2787 1
-29.1407 43.0376 438.977 0.127896 0.985732 0.109434 1
16.7723 27.4755 400.071 0.846614 0.323864 -0.422323 1
16.8932 29.0741 400.072 0.755741 0.654867 0.00204316 1
-5.63563 -29.5263 472.692 0.477421 -0.261762 0.838779 1
0.159059 -16.9164 472.817 0.342297 -0.309613 0.887115 1
-8.43618 5.27399 400.012 -0.416203 0.318748 -0.851572 1
-14.4354 -8.52636 399.939 -0.544514 0.121371 -0.829924 1
0.963963 24.6739 399.892 -0.448063 0.306737 -0.839733 1
-6.63608 -31.1261 472.864 0.383082 -0.31244 0.86927 1
-9.6364 -36.1259 472.827 0.597525 -0.370078 0.711341 1
8.96669 0.85613 472.658 0.549518 -0.465686 0.693661 1
-2.43517 -22.3265 472.74 0.661847 -0.191748 0.724701 1
-5.03638 12.6741 400.068 -0.299513 0.285991 -0.91022 1
-11.8364 -2.72586 399.959 -0.401666 0.181046 -0.897712 1
17.5649 19.8733 472.698 0.553033 -0.0431379 0.832042 1
-10.2522 0.452547 399.939 -0.670159 0.300852 -0.678509 1
-12.837 -4.7257 400.042 -0.443109 0.175191 -0.879183 1
-1.43594 -24.5836 400.271 -0.0548454 -0.985958 -0.157733 1
-3.23542 -23.9264 472.757 0.533425 -0.249486 0.808217 1
18.2705 -19.5294 400.279 0.820693 -0.0368805 -0.570178 1
-17.836 34.0896 472.871 -0.00448335 0.952907 0.30323 1
18.3637 29.6019 472.871 0.240107 0.841288 0.484338 1
17.5585 -26.4081 400.246 0.210562 -0.861867 -0.461354 1
18.0671 1.67391 400.271 0.847298 -0.111794 -0.519218 1
18.0359 2.87388 400.271 0.877936 0.0944848 -0.469362 1
8.36398 -25.712 400.271 -0.131281 -0.985455 -0.107904 1
5.14602 -7.30538 472.543 0.486233 -0.151012 0.860682 1
-3.83512 -25.9265 472.539 0.543701 -0.264193 0.796612 1
4.74912 -8.08987 472.584 0.465887 -0.122736 0.876291 1
16.6258 41.2849 400.268 0.822297 0.106638 -0.558978 1
-15.2854 -23.0892 400.282 -0.215827 -0.917399 -0.334362 1
-17.236 -22.6963 400.271 -0.377789 -0.808017 -0.45209 1
17.1522 31.2779 400.37 0.812731 -0.138806 -0.565864 1
-20.239 -21.5267 400.083 -0.336107 -0.418333 -0.843819 1
16.3652 16.4734 472.541 0.569731 -0.189329 0.799726 1
9.76341 44.2742 400.219 -0.426858 0.578818 -0.694811 1
-14.2352 -7.52646 400.116 -0.468073 0.187842 -0.863495 1
-17.4362 -14.126 400.192 -0.430105 0.187647 -0.883062 1
-13.6357 -6.1262 400.137 -0.435173 0.131394 -0.890708 1
-0.636256 22.474 400.225 -0.51842 0.372311 -0.769821 1
9.36692 1.87273 472.673 0.582943 -0.259099 0.770094 1
-16.8363 -12.726 400.234 -0.392233 0.351542 -0.850042 1
1.56356 27.0741 400.217 -0.229287 0.270718 -0.934954 1
1.76393 27.0739 400.093 -0.743471 0.223275 -0.630396 1
4.76452 33.6737 400.116 -0.490692 0.243248 -0.836691 1
6.16482 36.6735 400.137 -0.478987 0.210652 -0.852172 1
1.96739 -13.9064 472.491 0.460857 -0.256327 0.849651 1
-19.2359 34.2349 472.671 -0.0511339 0.888093 0.45681 1
16.5579 -26.3001 400.469 0.0846641 -0.559785 -0.824301 1
-11.4361 33.4349 472.671 0.125055 0.984232 0.125094 1
2.4138 31.8194 472.731 0.201059 0.970368 0.134018 1
-0.606599 32.2603 472.667 0.00691759 0.962853 0.269939 1
-40.4359 43.818 439.671 -0.229514 0.940108 0.252032 1
18.2425 -15.521 400.474 0.847807 0.014537 -0.530105 1
16.7833 37.2686 400.471 0.825374 -0.0235909 -0.564093 1
2.96416 30.2738 400.307 -0.499999 0.260591 -0.825889 1
-9.00917 5.48285 400.416 -0.676289 0.379725 -0.631222 1
-20.8537 -21.1202 400.427 -0.489626 -0.367781 -0.790571 1
-14.2355 -6.72631 400.342 -0.449815 0.1596 -0.878746 1
16.1626 15.2743 472.391 0.441542 -0.345161 0.828193 1
7.16415 39.4738 400.381 -0.439737 0.32929 -0.835584 1
-0.43516 23.2735 400.345 -0.634381 0.246033 -0.732822 1
4.56266 -9.12536 472.436 0.49401 -0.191767 0.848045 1
18.1319 8.8739 400.671 0.821611 0.125556 -0.556049 1
0.564076 -24.887 400.671 -0.136579 -0.984507 -0.109964 1
17.3354 -26.5547 400.686 -0.106199 -0.954183 -0.279744 1
-17.4359 -38.3785 472.471 -0.129499 -0.991364 0.0206616 1
-10.2359 33.3127 472.471 0.049975 0.993924 0.0980686 1
42.1301 3.87387 439.671 0.87547 -0.0140463 -0.483068 1
18.2005 7.07387 400.672 0.805839 0.0183474 -0.59185 1
-27.9295 -28.9069 433.777 0.281544 -0.899976 -0.33283 1
18.2917 -13.3491 400.67 0.861138 -0.0543277 -0.505459 1
6.96404 -25.6257 400.671 -0.166145 -0.97137 -0.169814 1
-5.63321 -31.3269 472.157 0.465541 -0.42 0.77902 1
-2.63498 19.2735 400.546 -0.507013 0.2584 -0.822294 1
-15.0353 -7.72638 400.576 -0.535079 0.122912 -0.835813 1
12.765 7.27342 472.18 0.503259 -0.310894 0.806272 1
-18.6355 -15.3263 400.573 -0.431364 0.201075 -0.879485 1
-11.0243 1.47137 400.632 -0.164795 0.318823 -0.933378 1
-7.81212 8.69503 400.61 -0.486792 0.212258 -0.847337 1
5.36414 36.0738 400.472 -0.480343 0.262282 -0.836946 1
-20.0352 -22.3932 400.873 -0.253655 -0.768796 -0.587036 1
9.36403 -25.9733 400.871 -0.120319 -0.968872 -0.216356 1
22.0726 27.0541 471.941 0.467045 -0.104874 0.877992 1
-10.0291 -23.939 400.866 -0.166094 -0.960744 -0.222223 1
17.7899 24.4738 400.872 0.826577 0.0373438 -0.561583 1
38.184 -26.0161 432.173 0.906835 0.0183479 -0.421086 1
4.9599 -10.1395 471.922 0.533281 -0.326457 0.780408 1
-13.0357 -2.72623 400.687 -0.548297 0.177493 -0.817231 1
42.1941 2.27388 439.671 0.920081 0.00470786 -0.3917 1
8.36457 -2.72636 471.933 0.487764 -0.245324 0.837796 1
-14.4357 -5.72628 400.77 -0.550094 0.27765 -0.787596 1
18.2655 12.0739 401.071 0.783382 0.0035136 -0.621531 1
-14.8359 33.9662 472.072 0.131557 0.953289 0.271906 1
14.7639 45.5326 401.071 0.282989 0.949812 -0.133323 1
0.364397 26.8737 400.914 -0.470069 0.247843 -0.847118 1
-10.2431 2.89508 401.023 -0.461428 0.221401 -0.859108 0.933183
-9.65179 4.06537 400.965 -0.551971 0.249726 -0.795591 1
-8.23595 -24.1813 401.271 -0.101181 -0.96342 -0.248161 1
5.96405 31.608 471.871 0.230761 0.939402 0.253523 1
-19.8359 34.448 471.871 -0.0237748 0.923526 0.382799 1
19.1313 -19.3527 401.28 0.84025 -0.00373627 -0.542186 1
15.564 30.3545 471.871 0.148524 0.916058 0.372531 1
43.2709 -27.2277 442.558 0.875673 -0.300339 0.378144 1
1.16408 -25.0812 401.271 -0.212252 -0.97424 -0.0761995 1
18.5911 5.87386 401.272 0.848796 -0.0545739 -0.525897 1
18.3532 13.2739 401.271 0.820694 0.0350709 -0.570291 1
-4.63667 -30.7258 471.629 0.564549 -0.312403 0.763995 1
3.16291 34.0744 401.255 -0.535879 0.319196 -0.781632 1
0.964556 28.8736 401.139 -0.591167 0.208961 -0.77901 1
6.36127 -9.33482 471.495 0.329705 -0.35042 0.876642 1
6.16887 -9.34913 471.518 0.386281 -0.354104 0.851703 1
-15.2346 -6.12673 401.159 -0.554439 0.221288 -0.802265 1
-18.0354 -11.9264 401.183 -0.447106 0.309727 -0.839146 1
44.2943 -18.0243 442.958 0.944239 -0.144611 -0.295806 1
-17.8359 34.3678 471.672 0.0527956 0.957408 0.283872 1
-7.43592 33.1391 471.671 0.140036 0.969612 0.200607 1
-6.23595 33.003 471.671 0.045576 0.95162 0.303879 1
6.56411 -25.7737 401.472 -0.0980175 -0.966914 -0.235521 1
18.7944 0.873857 401.472 0.840822 0.0232667 -0.540811 1
17.1641 13.6739 471.297 0.434661 -0.186397 0.881094 1
-17.6366 -10.1258 401.458 -0.553609 0.28886 -0.781074 1
-6.43909 -35.1699 471.266 0.239983 -0.27027 0.932396 1
-6.83663 -35.3256 471.444 0.476549 -0.259815 0.839879 1
-6.23641 14.8741 401.443 -0.387493 0.241658 -0.889635 1
0.763557 29.4741 401.453 -0.578954 0.151815 -0.801102 1
-5.24122 -32.524 471.462 0.418303 -0.595498 0.68586 1
-5.23589 16.4739 401.282 -0.280969 0.28114 -0.917615 1
-13.8366 -1.72597 401.407 -0.467455 0.139381 -0.87296 1
-16.6368 -8.72571 401.284 -0.511003 0.175936 -0.841381 1
-21.0357 -18.1263 401.281 -0.510983 0.0495438 -0.858162 1
4.76439 37.4737 401.302 -0.557385 0.206107 -0.804265 1
-18.0359 -23.0844 401.671 -0.0723506 -0.964014 -0.255815 1
-2.63599 -24.7924 401.671 -0.0527559 -0.984705 -0.166049 1
18.7543 -9.11232 401.681 0.856168 -0.00342653 -0.516687 1
17.3303 43.8894 401.659 0.892255 0.227472 -0.390048 1
1.16457 32.1821 471.472 0.112711 0.983853 0.139028 1
18.8766 -6.31949 401.675 0.884545 -0.0134081 -0.466263 1
1.96414 -25.2704 401.672 -0.064772 -0.978702 -0.194802 1
44.0758 -4.64166 448.743 0.641579 -0.269606 0.718115 1
12.7636 3.67412 471.087 0.575732 -0.415961 0.703924 1
21.1636 22.274 471.182 0.481163 -0.223713 0.847605 1
18.6915 -4.72451 401.673 0.852637 0.0682274 -0.51803 1
19.1648 17.6736 471.143 0.114662 -0.05979 0.991604 1
18.9646 17.2736 471.159 0.142508 -0.0780246 0.986714 1
17.964 15.0739 471.155 0.493997 -0.122848 0.860741 1
-5.0458 -32.7502 471.245 0.229615 -0.249529 0.940751 1
-5.25009 17.2562 401.57 -0.369428 0.223366 -0.902015 1
-16.6365 -7.52586 401.628 -0.621606 0.469915 -0.626726 1
-7.23709 13.2745 401.598 -0.522777 0.220649 -0.823418 1
-15.6496 -5.34432 401.657 -0.597819 0.174088 -0.7825 1
1.96385 -18.526 471.123 0.323087 -0.418466 0.848823 1
1.56476 31.4736 401.532 -0.586241 0.34986 -0.730698 1
18.977 -16.5528 401.593 0.820568 0.0180024 -0.571265 1
-35.9376 13.9529 419.946 -0.669237 0.227261 -0.707442 1
35.1639 34.9388 441.071 0.250074 0.966331 0.0605519 1
19.051 1.67378 401.872 0.905302 0.0797972 -0.417206 1
-4.03578 32.8087 471.272 0.0846861 0.947618 0.307973 1
19.2758 -22.1294 401.875 0.848129 -0.0464686 -0.527748 1
-41.9263 4.13113 420.986 -0.526337 0.227215 -0.819355 1
6.76418 31.6486 471.272 0.396363 0.826245 0.40027 1
18.8131 -6.7238 401.866 0.902159 -0.190583 -0.387023 1
6.3573 -11.1299 471.013 0.289063 -0.394448 0.872269 1
19.3492 -15.7163 401.873 0.642568 0.326883 -0.693003 1
41.2044 30.4738 439.67 0.875015 -0.0179906 -0.483762 1
17.9645 14.2737 470.967 0.535226 -0.103189 0.838382 1
7.71218 44.8846 401.872 -0.541454 0.491317 -0.682227 1
-20.4313 -22.8147 401.848 -0.255684 -0.834445 -0.488187 1
-11.1453 29.6714 487.566 0.387556 0.921305 0.0315802 1
6.56358 42.6741 401.826 -0.470012 0.302601 -0.829169 1
-3.23537 -30.1264 470.947 0.477355 -0.28271 0.83199 1
42.6325 -27.0982 439.695 0.896059 -0.00398886 -0.443917 1
-2.43598 -28.3261 471.002 0.514632 -0.135156 0.846692 1
4.56392 38.6739 401.816 -0.579635 0.230819 -0.781502 1
-3.41724 -25.3438 404.184 0.0340091 -0.944923 -0.325522 1
-19.437 -13.1256 401.805 -0.533651 0.329346 -0.77894 1
7.36767 44.2446 401.841 -0.338574 0.408465 -0.847658 1
-0.83533 27.0736 401.734 -0.488634 0.245005 -0.837382 1
6.56822 -11.3014 470.924 0.0806181 -0.248798 0.965195 1
-22.8352 -20.9265 401.709 -0.496368 -0.235759 -0.835486 1
13.5641 30.8328 471.072 -0.006533 0.982752 -0.184814 1
20.164 29.8693 471.071 0.261955 0.866829 0.424248 1
6.76402 -25.9255 402.071 -0.0902539 -0.962891 -0.254354 1
7.16403 31.6472 471.071 0.245547 0.705038 0.665303 1
38.6685 31.6191 453.281 0.27062 0.89595 0.35219 1
11.3641 -26.4891 402.071 -0.030854 -0.979493 -0.199102 1
-17.6359 -38.0868 471.071 -0.11051 -0.992185 -0.0579408 1
-19.8168 -37.8074 471.092 -0.359685 -0.931661 0.0513361 1
19.5186 -17.5251 402.084 0.803349 0.0657073 -0.591872 1
22.9625 24.4745 470.679 0.525557 -0.157851 0.835986 1
13.3645 3.87365 470.789 0.286305 -0.19146 0.938815 1
10.9638 -1.52602 470.678 0.547425 -0.130102 0.82668 1
19.0704 -5.32562 402.097 0.810399 0.044931 -0.584153 1
14.3647 5.67358 470.742 0.577106 -0.299894 0.759613 1
17.8594 35.0963 402.067 0.727073 -0.053214 -0.684495 1
-4.04743 -24.8404 402.073 -0.116208 -0.964072 -0.238873 1
41.9459 11.2739 439.671 0.94955 -0.169247 -0.264026 1
17.1639 11.874 470.795 0.517926 -0.324311 0.791565 1
5.18515 -13.5085 470.784 0.498565 -0.245945 0.83123 1
-18.2363 -10.126 401.882 -0.539076 0.313425 -0.781768 1
2.16447 -19.1263 470.779 0.244534 -0.224053 0.9434 1
9.76334 -3.52579 470.848 0.524133 -0.281386 0.803808 1
-20.836 -15.5261 401.887 -0.506611 0.145911 -0.849738 1
-4.43577 -33.5262 470.688 0.453154 -0.293435 0.841753 1
-8.21668 12.093 401.928 -0.52461 0.219899 -0.822453 1
-17.0365 -7.52584 401.873 -0.597416 0.31831 -0.736052 1
0.763805 31.274 401.995 -0.53894 0.193185 -0.819892 1
-8.06507 -38.9312 470.682 -0.34986 -0.840824 0.413053 1
13.564 30.8776 470.871 0.151094 0.926993 0.343301 1
-9.26289 -24.3258 402.255 -0.120583 -0.968428 -0.218191 1
18.0221 38.8839 402.261 0.833235 0.187943 -0.519997 1
-19.036 -23.0833 402.271 -0.307765 -0.944834 -0.11211 1
19.3757 -10.1302 402.263 0.920283 0.00586275 -0.391208 1
19.0235 -6.91466 402.25 0.821944 -0.174007 -0.542337 1
16.7438 42.1713 400.767 0.871745 0.0987857 -0.479898 1
16.5641 -26.9974 402.272 0.10855 -0.802085 -0.587262 1
16.964 -27.0248 402.271 0.154192 -0.828576 -0.538225 1
0.36464 -23.7264 470.541 0.442249 -0.109578 0.890173 1
19.5638 16.874 470.669 0.412009 -0.298884 0.860766 1
8.3643 -7.12625 470.64 0.460967 -0.228595 0.857469 1
18.5647 13.8736 470.526 0.537597 -0.148062 0.830101 1
7.58366 -8.32461 470.644 0.479507 -0.0937307 0.872518 1
-3.23634 23.274 402.094 -0.544249 0.236436 -0.804917 1
-6.43588 -36.9262 470.647 0.261279 -0.469824 0.843208 1
-0.036253 30.274 402.213 -0.551866 0.28479 -0.783797 1
14.563 5.67433 470.614 0.0157451 -0.28777 0.95757 1
1.96457 -20.3264 470.545 0.346021 -0.291532 0.891784 1
23.9641 26.2739 470.579 0.592968 -0.0119391 0.805137 1
-5.03515 -35.1265 470.571 0.427349 -0.336969 0.838943 1
-13.8572 0.276188 401.941 -0.614265 0.24543 -0.749962 1
-11.2359 -38.7904 470.671 -0.0799133 -0.99379 0.077433 1
23.5641 29.3788 470.672 0.210486 0.793651 0.570801 1
-19.236 -23.1073 402.471 0.272483 -0.953999 -0.125054 1
19.4295 -0.526122 402.471 0.872353 0.083794 -0.481641 1
19.0862 13.6739 402.471 0.878777 -0.0357077 -0.475895 1
0.763816 -23.126 470.467 0.340981 -0.118256 0.932602 1
21.565 20.2735 470.353 0.514631 -0.191712 0.835704 1
24.7865 27.6568 470.303 0.575759 0.0131377 0.817514 1
18.3131 35.8874 402.472 0.792585 -0.011708 -0.609649 1
-16.235 -4.12655 402.356 -0.554983 0.260485 -0.790027 1
-1.83668 -28.9258 470.458 0.467112 -0.175278 0.866651 1
14.9635 5.8741 470.399 0.208042 -0.237928 0.948741 1
20.564 17.8739 470.285 0.476108 -0.27093 0.836611 1
9.9634 -4.52582 470.44 0.464563 -0.200218 0.862609 1
-12.2357 4.85841 402.329 -0.559693 0.276298 -0.781283 1
-10.0361 9.87394 402.367 -0.377108 0.164863 -0.911378 1
-10.0366 10.0741 402.423 -0.537401 -0.301252 -0.787685 1
-9.63535 10.6736 402.322 -0.570424 0.0833599 -0.817109 1
-5.83524 19.0734 402.35 -0.424172 0.411299 -0.80679 1
1.16481 33.2735 402.343 -0.629582 0.471198 -0.617737 1
-21.2359 34.9323 470.471 -0.0805155 0.961079 0.264282 1
18.3641 30.3402 470.471 0.188944 0.943937 0.270707 1
6.56405 31.8697 470.471 -0.0108988 0.998875 0.0461415 1
19.4492 5.67388 402.671 0.844405 -0.0627101 -0.532021 1
8.76408 -26.2837 402.672 0.149424 -0.983897 -0.0980763 1
8.964 -26.3084 402.671 -0.579741 -0.809362 -0.0939878 1
-15.436 34.3859 470.471 0.170036 0.946468 0.274385 1
8.36425 31.6946 470.472 0.180858 0.912538 0.366832 1
19.0967 18.2739 402.671 0.809012 0.0951064 -0.580047 1
0.963999 32.4241 470.471 0.0114339 0.980801 0.194674 1
-19.8359 34.8354 470.472 0.0255526 0.959983 0.278891 1
-21.2361 -22.9233 402.671 -0.275287 -0.819835 -0.502084 1
19.5401 -10.5222 402.663 0.938054 0.0334108 -0.344875 1
19.3261 9.47394 402.67 0.864535 0.015674 -0.502328 1
-16.0249 -23.7452 402.677 -0.099945 -0.921622 -0.374999 1
-21.0391 -37.6799 470.456 -0.556744 -0.803183 0.211976 1
19.1457 15.0739 402.67 0.769322 0.070461 -0.634964 1
-5.4363 -36.9258 470.213 0.486667 -0.434403 0.757924 1
18.3644 12.0737 470.149 0.507396 -0.223524 0.832218 1
19.1599 16.0739 402.672 0.737555 0.0601795 -0.672601 1
1.76405 -25.4655 402.671 -0.154579 -0.946227 -0.284183 1
18.2605 33.4822 402.666 0.747968 0.0584488 -0.661156 1
19.9579 -23.9153 402.689 0.817321 0.12898 -0.56156 1
19.7706 -16.3018 402.672 0.898618 0.104268 -0.426163 1
-23.2357 -18.7262 402.515 -0.61601 0.121371 -0.778332 1
-7.43608 15.8739 402.477 -0.516772 0.254211 -0.817511 1
3.16415 38.0738 402.583 -0.586735 0.27559 -0.761441 1
4.36338 40.8742 402.654 -0.554216 0.351102 -0.7547 1
-6.23626 -37.9258 470.144 0.347766 -0.657942 0.66796 1
19.9455 -14.5262 402.872 0.767674 0.00438184 -0.640826 1
6.56412 -26.0789 402.872 -0.0281505 -0.986167 -0.163344 1
-1.83588 32.9032 470.272 0.254844 0.882959 0.394256 1
-13.4359 -38.479 470.271 -0.0908604 -0.995854 -0.00448414 1
6.96392 31.8577 470.271 0.0815248 0.990473 -0.110983 1
19.9887 -17.3261 402.871 0.914185 0.0593973 -0.400921 1
4.36409 -34.0564 439.671 -0.154132 -0.985857 -0.0658 1
25.3769 29.2116 470.249 0.182709 0.752764 0.632426 1
19.1854 19.6739 402.872 0.822071 -0.0511628 -0.567082 1
18.2543 42.0912 402.896 0.817917 0.283269 -0.50077 1
19.3456 13.2739 402.871 0.84678 0.095477 -0.523304 1
15.564 -27.1143 402.871 -0.0236124 -0.960847 -0.27607 1
-7.59667 -38.7755 470.44 0.234913 -0.840745 0.487815 1
8.55559 -8.74086 469.892 0.670669 -0.307065 0.675214 1
2.96498 -20.1265 469.965 0.457854 -0.211989 0.863383 1
-9.23559 12.6737 402.686 -0.494009 0.34633 -0.797503 1
11.9635 -1.52588 470.037 0.360224 -0.186027 0.91413 1
-6.23708 19.6746 402.812 -0.274041 0.522595 -0.807338 1
-6.03683 20.0744 402.819 -0.396005 0.546434 -0.737963 1
19.5625 -6.92616 402.815 0.829093 -0.0626756 -0.555586 1
0.963394 -24.3258 470.031 0.425877 -0.252345 0.868879 1
19.8247 -1.72618 403.073 0.817767 0.0135782 -0.57539 1
7.15622 45.9811 403.074 -0.22788 0.877937 -0.421068 1
6.96421 31.8957 470.072 -0.0723991 0.978601 0.192611 1
20.0185 -16.7193 403.082 0.911363 0.111439 -0.396232 1
1.96411 32.443 470.072 0.174335 0.949961 0.259196 1
-2.43564 33.0371 470.072 0.193585 0.954215 0.22803 1
19.2067 23.6738 403.072 0.822808 -0.0582375 -0.565328 1
-9.23596 -38.8698 470.071 0.0940909 -0.992526 0.0777121 1
16.964 -27.2538 403.071 0.160131 -0.934574 -0.317694 1
16.8598 24.99 474.568 0.492139 -0.130156 0.860731 1
2.76379 -21.526 469.684 0.352894 -0.331083 0.875129 1
4.36401 -25.8342 403.071 -0.0697168 -0.969438 -0.235223 1
-13.8159 -24.0092 403.073 0.195992 -0.925256 -0.324789 1
-24.4318 -22.1222 402.989 -0.470853 -0.493027 -0.731589 1
6.16386 -34.5968 441.071 -0.104383 -0.991114 -0.0824434 1
19.7635 14.2741 469.858 0.593615 -0.0999662 0.798516 1
-10.0428 12.0867 402.957 -0.793766 0.0651876 -0.60472 1
10.8734 14.1948 475.351 0.500695 -0.416022 0.759098 1
0.164563 33.0736 402.925 -0.491681 0.316426 -0.811249 1
-23.0364 -16.9259 402.88 -0.615011 0.217472 -0.757936 1
-12.3852 6.06318 402.85 -0.537134 0.263849 -0.801168 1
-4.23512 23.8735 402.939 -0.717371 -0.0230673 -0.696309 1
19.9769 -2.72608 403.271 0.784493 0.040447 -0.618817 1
-1.43683 -30.1257 469.854 0.498717 -0.339446 0.797532 1
-9.85552 -24.4365 403.266 -0.211895 -0.96023 -0.181822 1
-1.63587 32.9598 469.871 0.213303 0.895888 0.389726 1
9.36398 31.629 469.871 0.123537 0.889672 0.43957 1
-14.8359 -38.2363 469.871 -0.315261 -0.940727 0.125076 1
-15.2359 -38.19 469.872 -0.0768906 -0.98317 0.165724 1
-20.236 -37.479 469.871 -0.447181 -0.778713 -0.44004 1
22.5644 19.4737 469.549 0.531432 -0.247378 0.810175 1
-23.8357 -17.7262 403.172 -0.721203 0.205285 -0.661607 1
25.1677 25.0764 469.621 0.411682 0.150061 0.898888 1
-4.63612 23.874 403.201 -0.464616 -0.242214 -0.851742 1
-0.0361207 -27.926 469.604 0.497591 -0.202506 0.843442 1
3.96393 -19.3261 469.598 0.481057 -0.20553 0.852257 1
-7.015 19.4575 403.22 -0.398652 0.405513 -0.822579 1
13.3631 -0.518641 469.49 0.450075 -0.107592 0.886485 1
7.364 -26.3019 403.471 -0.106611 -0.985871 -0.129196 1
19.3176 26.674 403.471 0.812935 0.115819 -0.570722 1
16.3647 6.07353 469.562 0.492176 -0.228295 0.840026 1
-10.6369 -24.3191 403.507 -0.230656 -0.934713 -0.270387 1
20.2224 -19.71 403.476 0.670027 -0.548343 -0.500385 1
-11.2359 -38.6051 469.671 -0.0753142 -0.984228 -0.16007 1
18.676 37.2641 403.45 0.855545 0.0441101 -0.515847 1
10.5641 -26.663 403.472 -0.0548575 -0.973985 -0.219871 1
-16.6619 -23.6976 403.474 -0.290862 -0.913572 -0.284229 1
-20.4359 -37.4207 469.672 -0.21135 -0.969276 -0.125842 1
-2.13137 -32.7164 469.134 0.568355 -0.215119 0.794164 1
1.20052 10.1213 395.893 -0.364977 0.417729 -0.832042 1
-0.360349 10.8366 481.306 0.345658 -0.149709 0.926341 1
-2.6358 28.4738 403.3 -0.468008 0.252732 -0.846815 1
15.5634 3.87421 469.399 0.316578 -0.415078 0.852929 1
15.5636 3.47411 469.281 0.30247 -0.0118321 0.953086 1
-25.2364 -20.3259 403.43 -0.557064 0.0465183 -0.829166 1
-4.23543 25.2737 403.306 -0.468762 0.197824 -0.860888 1
-3.23549 27.4736 403.36 -0.466914 0.186973 -0.86431 1
1.96377 -24.726 469.301 0.454492 -0.305809 0.836611 1
-14.2449 1.83269 402.675 -0.561762 0.208956 -0.800475 1
13.1641 45.4297 403.671 0.0539513 0.99814 0.0283747 1
19.8729 11.2739 403.671 0.876907 -0.0277087 -0.479861 1
42.0761 6.47389 439.672 0.786177 0.0143806 -0.617835 1
-16.4359 -37.947 469.472 -0.216326 -0.975997 -0.025143 1
19.7761 15.8739 403.672 0.855991 0.0673905 -0.51258 1
0.934504 -25.6932 403.633 -0.0692001 -0.948406 -0.309416 1
-22.2359 -23.0017 403.672 -0.167854 -0.900799 -0.400483 1
3.36459 -22.1264 469.15 0.405252 -0.341626 0.847975 1
19.9701 8.07386 403.672 0.899531 0.0828353 -0.428933 1
14.3631 0.674325 469.216 0.457853 -0.211291 0.863555 1
18.1637 8.67404 469.252 0.48854 -0.293029 0.821866 1
-37.0359 43.6237 439.671 -0.0463634 0.954079 0.295944 1
26.5701 27.8943 469.267 0.511406 -0.13365 0.848882 1
26.7641 27.474 469.134 0.342715 0.173849 0.923213 1
-23.6352 -15.9264 403.561 -0.727418 0.211708 -0.652719 1
20.3641 -19.7195 403.656 0.482144 -0.631366 -0.607383 1
20.7644 14.0737 469.185 0.445906 -0.306437 0.84099 1
-19.4369 -6.72566 403.644 -0.567822 0.210889 -0.795678 1
-21.8353 -12.1264 403.568 -0.279111 0.242554 -0.92912 1
-0.236252 -29.726 469.217 0.482147 -0.347137 0.804382 1
-10.4238 13.2863 403.524 -0.438014 0.250579 -0.863339 1
20.6142 -26.3231 403.859 0.66812 -0.330814 -0.666466 1
19.2924 31.2638 403.886 0.839479 0.0539008 -0.540713 1
20.6765 -24.9261 403.871 0.809103 -0.0479585 -0.585707 1
19.9262 13.274 403.869 0.899277 0.19366 -0.392169 1
19.929 13.6739 403.871 0.896203 -0.0360087 -0.442181 1
-16.6359 -37.8736 469.271 0.0427436 -0.99119 0.125362 1
19.3574 27.912 403.833 0.821416 0.169753 -0.544481 1
-6.63591 -38.9097 469.271 0.278009 -0.954014 -0.112108 1
19.7178 22.8739 403.871 0.800746 -0.149822 -0.579965 1
22.7642 30.0207 469.272 0.266771 0.856892 0.4411 1
4.36416 32.4002 469.272 0.098821 0.972222 0.212176 1
20.1186 6.87387 403.871 0.882621 0.0733395 -0.464329 1
1.3641 32.7036 469.271 0.0199358 0.992893 0.117331 1
20.2296 -6.31576 403.864 0.861055 0.0476712 -0.506272 1
-21.8358 -11.7262 403.696 -0.135328 0.29336 -0.946375 1
23.963 20.6743 468.946 0.574182 -0.231503 0.785316 1
-12.2372 10.2745 403.831 -0.486967 0.191089 -0.852261 1
-23.6368 -14.9257 403.846 -0.668032 0.169944 -0.724467 1
24.9639 23.074 469.06 0.529158 -0.258982 0.808034 1
-3.63594 28.0739 403.769 -0.614818 0.270581 -0.7408 1
20.3526 -13.9282 404.074 0.872607 0.0792298 -0.481955 1
19.6867 25.8739 404.07 0.826901 0.0402716 -0.560904 1
-6.43048 -38.9112 469.047 -0.156541 -0.955205 0.251153 1
4.3642 32.4452 469.072 0.416692 0.465143 0.781031 1
-19.236 35.1189 469.071 0.0161011 0.999842 -0.00758934 1
22.9632 18.0742 468.856 0.476339 -0.324044 0.817372 1
-26.0352 -20.3264 403.953 -0.512859 -0.0342004 -0.857791 1
-2.85303 -36.7265 468.777 0.205333 -0.469222 0.858877 1
-23.2349 -13.7267 403.966 -0.517438 0.228674 -0.8246 1
20.5592 -14.7597 404.292 0.86266 0.0143142 -0.505581 1
13.3638 -2.72597 468.804 0.505706 -0.251203 0.825323 1
-11.636 -24.4386 404.271 -0.143936 -0.942131 -0.302774 1
2.36336 -25.3258 468.857 0.417381 -0.346053 0.840262 1
-5.63618 -25.1323 404.271 -0.148245 -0.950733 -0.272268 1
-2.65276 -25.437 404.271 -0.0194347 -0.920922 -0.389262 1
11.5641 31.5696 468.871 0.133055 0.959645 0.247746 1
15.9646 44.9434 404.272 0.224381 0.972505 0.0623419 1
-18.236 -37.5878 468.871 -0.212755 -0.961262 -0.175246 1
-13.2359 41.1113 439.672 0.0703303 0.972169 0.223474 1
-21.8313 -37.2444 468.869 -0.226772 -0.972076 -0.0603555 1
-0.762719 -32.3551 468.33 0.445998 -0.189725 0.874695 1
-22.6365 -11.9258 404.181 -0.473788 0.317547 -0.821394 1
-1.21989 -31.7165 468.54 0.629915 -0.225842 0.743103 1
-14.6322 6.07169 404.123 -0.473287 0.104905 -0.874639 1
11.167 -8.11916 468.601 0.342706 -0.370746 0.863192 1
-4.23551 28.0737 404.131 -0.617472 0.0827339 -0.78223 1
8.17139 -14.7206 468.607 0.476393 -0.171252 0.862393 1
22.1647 14.8736 468.556 0.526027 -0.191486 0.82863 1
26.3697 24.2476 468.504 0.514873 -0.181508 0.837831 1
23.5646 18.2737 468.521 0.592398 -0.194024 0.781933 1
0.96489 -29.5265 468.528 0.527354 -0.254333 0.810686 1
-13.636 -24.2472 404.471 -0.0868723 -0.975388 -0.202663 1
20.7299 -3.12611 404.471 0.870966 -0.0503548 -0.488756 1
11.5651 -7.72661 468.503 0.458716 -0.508992 0.728359 1
2.9638 -24.926 468.594 0.475614 -0.237831 0.846893 1
4.96454 -20.9263 468.554 0.476455 -0.240561 0.845648 1
0.764106 32.9148 468.672 -0.192223 0.94317 -0.271072 1
20.5471 5.07389 404.471 0.898211 -0.233565 -0.372378 1
-20.2359 35.3222 468.672 0.0319823 0.980288 0.194969 1
21.0897 -26.7247 404.453 0.760209 -0.235985 -0.605305 1
20.7422 -11.9237 404.476 0.791127 0.127745 -0.598164 1
-0.93222 -2.12967 477.606 0.256827 -0.313619 0.914157 1
21.0842 -19.3057 404.45 0.809875 -0.0633348 -0.583173 1
-5.63597 33.5721 468.672 -0.135731 0.884234 0.446886 1
-6.23583 33.5972 468.672 -0.0122463 0.902029 0.431502 1
-1.23597 33.0878 468.671 0.177614 0.976713 0.120355 1
-16.8358 34.9327 468.672 0.0469383 0.97846 0.201031 1
19.1869 39.2828 404.467 0.835916 0.224829 -0.500695 1
20.057 23.8739 404.471 0.834228 0.0490475 -0.549235 1
19.9282 26.6739 404.471 0.893408 0.126765 -0.430991 1
19.5644 8.67371 468.328 0.466132 -0.253819 0.847524 1
11.3629 -8.52486 468.325 0.337701 -0.350159 0.873697 1
3.36376 44.2741 404.386 -0.481339 0.333506 -0.810609 1
-14.4328 7.07846 404.29 -0.484741 0.231457 -0.843477 1
-24.0358 -14.1262 404.288 -0.622894 0.185474 -0.760002 1
-11.4372 14.0743 404.44 -0.471436 0.32543 -0.81966 1
1.76419 41.0738 404.309 -0.552718 0.348683 -0.756917 1
1.9636 41.8741 404.438 -0.646154 0.293257 -0.704617 1
-24.4357 -22.9313 404.672 -0.161818 -0.923787 -0.347033 1
3.56437 -24.5263 468.345 0.483477 -0.0553571 0.873605 1
16.7488 2.64797 468.355 0.496678 -0.259948 0.828093 1
19.164 30.6816 468.471 0.0490432 0.997138 0.0575294 1
18.7641 30.7232 468.472 -0.10511 0.994438 0.0066795 1
-13.036 -24.3461 404.671 -0.157935 -0.930045 -0.331773 1
0.764068 32.9637 468.471 0.117782 0.984545 0.129611 1
18.564 30.7449 468.471 0.397479 0.917611 -0.000777626 1
-15.636 -37.8171 468.471 -0.13153 -0.982441 -0.132325 1
20.778 -0.92614 404.672 0.77578 0.291787 -0.559487 1
-8.85225 -29.0753 475.121 0.878987 0.119626 0.461596 1
-6.04808 9.78001 399.94 -0.454372 0.30155 -0.838221 1
20.0118 27.0852 404.672 0.847219 0.280008 -0.451459 1
19.6282 29.2738 404.672 0.856702 0.0325298 -0.514785 1
-26.8367 -20.3259 404.473 -0.427566 -0.0856536 -0.899917 1
-21.236 -37.0618 468.471 -0.366375 -0.929688 -0.0380763 1
17.7702 3.86435 468.141 0.594878 -0.00591487 0.803794 1
-0.246071 -33.3218 468.009 0.701488 -0.441908 0.559136 1
-22.8351 -10.9266 404.585 -0.559508 0.268283 -0.784204 1
-14.6448 7.86184 404.56 -0.386084 0.196255 -0.901345 1
7.96276 -15.9255 468.225 0.487397 -0.234647 0.841062 1
-21.6372 -8.12563 404.647 -0.550391 0.167745 -0.817882 1
4.26769 -12.8559 471.452 0.479132 -0.186776 0.85764 1
3.99412 45.4858 404.585 -0.309875 0.801847 -0.5109 1
-18.2144 -0.724783 404.588 0.0614467 0.134816 -0.988964 1
-18.237 -0.525763 404.653 0.115828 -0.146052 -0.982473 1
20.3639 10.0739 468.27 0.456648 -0.143426 0.87801 1
-25.8361 -22.7684 404.871 -0.504876 -0.710822 -0.489727 1
3.96393 -24.1261 468.219 0.506363 -0.18567 0.842094 1
3.56429 -25.3262 468.11 0.481864 -0.300714 0.82303 1
12.7628 -6.12557 468.267 0.486773 -0.211299 0.847587 1
28.5641 28.0738 468.079 0.557583 0.192832 0.807414 1
-0.0389014 -32.5172 468.087 0.558638 -0.22247 0.799018 1
20.5049 15.6739 404.871 0.820879 0.0651668 -0.567372 1
-1.36016 -35.5422 468.264 0.768057 -0.560164 0.310329 1
19.763 30.078 404.898 0.927075 0.0455118 -0.372104 1
19.9039 30.4527 404.886 0.893756 -0.0749884 -0.442241 1
23.564 30.1882 468.271 0.203593 0.885722 0.417189 1
17.764 30.8836 468.271 0.143898 0.983739 0.107479 1
20.7773 5.07387 404.872 0.643521 -0.0544895 -0.763486 1
-15.6333 -24.1197 404.856 -0.0612838 -0.963304 -0.261323 1
20.34 22.8739 404.871 0.840411 -0.15366 -0.51971 1
-14.636 34.7745 468.271 0.190306 0.945167 0.265411 1
14.3674 -3.52772 467.944 0.343175 -0.588011 0.732443 1
14.3676 -3.70404 467.898 0.395447 -0.424529 0.814492 1
-6.03601 25.8739 404.678 -0.519431 0.239798 -0.820176 1
-24.4362 -13.126 404.854 -0.650814 0.28384 -0.704184 1
28.1634 26.2742 468.057 0.490623 -0.0698659 0.868567 1
-14.4342 8.67294 404.756 -0.51203 0.432252 -0.742283 1
10.9736 -10.7353 467.994 0.00153472 -0.63792 0.770101 1
-8.8378 20.8747 404.802 -0.427609 0.29302 -0.855155 1
10.9514 -10.9052 467.952 0.168973 -0.014354 0.985516 1
21.3633 11.2742 468.053 0.4504 -0.10508 0.886622 1
4.36452 -24.3263 467.926 0.637376 -0.165878 0.752487 1
21.0499 -1.92612 405.071 0.8779 0.0280623 -0.47802 1
21.0205 -0.526141 405.072 0.764721 0.209699 -0.609285 1
20.371 25.0737 405.072 0.849024 0.0836405 -0.521692 1
21.3475 -24.1339 405.075 0.81282 0.0202764 -0.582161 1
-23.2104 -23.2576 405.079 0.0337629 -0.605092 -0.795439 1
-7.83621 -24.9957 405.071 -0.143558 -0.946704 -0.288344 1
2.36407 -26.2439 405.071 -0.0398958 -0.964943 -0.259408 1
-20.236 -23.5566 405.071 -0.144544 -0.930669 -0.3361 1
3.76434 32.7341 468.072 0.0837373 0.958146 0.273761 1
-23.2358 35.6185 468.072 -0.102922 0.951483 0.289979 1
-7.43666 24.0742 405.042 -0.41552 0.030544 -0.909071 1
-13.2387 12.0751 405 -0.514219 0.239053 -0.82367 1
23.3645 14.8737 467.776 0.524753 -0.199249 0.827607 1
-4.63612 29.674 404.888 -0.494858 0.262864 -0.828262 1
2.36382 44.474 405.047 -0.525697 0.486792 -0.697622 1
-14.8078 8.48995 404.906 -0.532198 0.431794 -0.72823 1
-18.423 0.0761535 404.943 -0.296495 0.140684 -0.944616 1
11.5637 -9.92606 467.776 0.422826 -0.208383 0.881927 1
4.56424 -24.5262 467.75 0.427942 -0.250755 0.868325 1
20.7098 17.4739 405.271 0.811856 0.283068 -0.510649 1
24.1632 17.0743 467.829 0.573273 -0.149423 0.805624 1
-6.43596 -38.766 467.871 -0.361542 -0.923477 0.128368 1
-14.6359 -37.7975 467.871 -0.064013 -0.996321 -0.056973 1
9.5182 0.923341 388.058 0.0613135 -0.0360266 -0.997468 1
27.754 29.5966 467.901 0.406885 0.701378 0.585247 1
-12.6361 -24.5253 405.271 -0.13971 -0.976824 -0.162159 1
-7.03593 -25.1504 405.271 -0.212222 -0.933241 -0.289868 1
-28.0363 -20.926 405.075 -0.485516 -0.110649 -0.867197 1
-24.8368 -12.7258 405.264 -0.462923 0.26011 -0.847376 1
-7.83631 23.874 405.241 -0.375256 0.0295725 -0.926449 1
-23.2359 -9.92616 405.086 -0.614358 0.238969 -0.751969 1
2.56447 -29.3263 467.551 0.51464 -0.220501 0.828568 1
-23.0371 -8.92554 405.25 -0.674034 0.179139 -0.71665 1
-7.63648 24.2741 405.231 -0.332423 0.25828 -0.907076 1
-3.43553 32.8737 405.107 -0.478934 0.301299 -0.824525 1
-0.835188 38.4735 405.085 -0.487065 0.303257 -0.819026 1
16.1629 -0.725572 467.65 0.628652 -0.284357 0.723836 1
16.1637 -1.32597 467.487 0.600832 -0.04815 0.797924 1
-11.0351 17.2734 405.164 -0.430196 -0.0140348 -0.902626 1
1.76626 -31.3222 467.474 0.479723 -0.463336 0.745107 1
-10.2364 18.6742 405.076 -0.544739 0.144109 -0.826131 1
15.3657 -2.92685 467.528 0.514215 -0.258495 0.81778 1
11.7624 -10.1258 467.604 0.396343 -0.184566 0.89936 1
21.5522 -26.1456 405.223 0.718327 0.381367 -0.581864 1
21.7637 10.6741 467.623 0.512061 -0.217631 0.830921 1
11.7643 -10.5262 467.52 0.264563 -0.144521 0.953478 1
-19.2245 -0.895432 405.239 -0.169568 0.205112 -0.963938 1
-1.03585 -25.9186 405.472 -0.0894517 -0.957726 -0.273423 1
7.56298 -18.3256 467.658 0.466382 -0.253913 0.847358 1
-25.2361 -22.9785 405.471 -0.0985958 -0.964318 -0.245704 1
-26.436 -22.8224 405.471 -0.242618 -0.845918 -0.47493 1
27.3411 23.0565 467.585 0.543733 -0.392806 0.741659 1
26.9642 22.4738 467.605 0.460468 -0.324498 0.826239 1
-17.8344 -23.94 405.464 -0.138277 -0.951414 -0.27512 1
6.56415 32.5368 467.672 0.100272 0.975428 0.196177 1
-16.0054 -24.2144 405.485 0.0135012 -0.973147 -0.22979 1
-1.43591 33.38 467.672 0.238547 0.926701 0.290379 1
20.5334 26.2739 405.472 0.896595 0.120936 -0.426019 1
-5.43596 33.8638 467.672 -0.0264559 0.940169 0.339681 1
-6.63592 -38.7173 467.671 0.00534825 -0.948672 0.316217 1
36.0207 25.7978 431.918 0.53889 0.697449 -0.472401 0.84241
21.1845 -12.3309 405.475 0.787705 0.148213 -0.597958 1
21.764 30.5735 467.671 0.109489 0.955531 0.273811 1
19.9473 40.4536 405.489 0.969982 0.21919 -0.105315 1
-10.036 -38.3265 467.671 0.154334 -0.983734 -0.0919175 1
-6.93584 8.27162 400.04 -0.518639 -0.0908578 -0.850152 1
-28.6144 -21.5375 405.387 -0.511666 -0.144004 -0.847031 1
-11.4359 -38.1662 467.671 -0.115402 -0.989015 -0.092371 1
-12.4358 15.0738 405.366 -0.513528 0.260658 -0.817524 1
29.763 28.2744 467.437 0.475167 0.246979 0.844522 1
-11.4362 16.874 405.286 -0.296058 0.321931 -0.899283 1
-19.0396 -0.523198 405.299 -0.00774231 0.289344 -0.957194 1
-14.2342 11.0731 405.335 -0.568556 0.273799 -0.775744 1
28.5634 25.0742 467.456 0.532009 -0.182009 0.826946 1
5.36412 -24.3262 467.298 0.398322 -0.250758 0.882303 1
20.7161 25.274 405.671 0.91479 0.126133 -0.383732 1
21.4907 -18.3162 405.652 0.883629 0.0325297 -0.467057 1
24.5636 15.8741 467.29 0.585389 -0.227001 0.778326 1
21.0298 13.8739 405.672 0.875984 -0.0577283 -0.478872 1
22.764 11.6739 467.284 0.538646 -0.217676 0.813927 1
-8.61874 -25.0462 405.677 -0.235133 -0.952834 -0.191883 1
25.364 30.155 467.471 0.265372 0.850978 0.453226 1
-3.83585 33.7601 467.472 0.137726 0.95011 0.279863 1
21.3238 2.27391 405.671 0.739716 -0.230089 -0.63236 1
4.96404 45.8047 405.671 -0.0251623 0.995421 -0.0922186 1
20.0158 40.296 405.668 0.852066 0.284491 -0.439372 1
8.76414 45.5637 405.672 0.0354684 0.999201 0.018422 1
-8.85695 23.0527 405.639 -0.404551 0.35711 -0.841909 1
-8.23567 23.8738 405.504 -0.500475 0.231392 -0.834256 1
13.7643 -7.92624 467.088 0.488796 -0.314286 0.81382 1
13.3636 -8.52594 467.186 0.433859 -0.204811 0.877393 1
4.16392 -27.3261 467.184 0.491138 -0.299722 0.817894 1
-20.4345 -2.52674 405.476 -0.492386 0.229569 -0.839556 1
29.764 26.2739 467.096 0.630311 -0.159632 0.759754 1
7.56412 -20.1262 467.127 0.528446 -0.198461 0.825444 1
-15.8364 8.2741 405.557 -0.553365 0.311223 -0.772611 1
23.7649 13.4735 467.162 0.584996 -0.252693 0.770666 1
24.564 15.0739 467.088 0.691349 -0.181889 0.699252 1
30.5356 28.643 467.099 0.566886 0.144535 0.811018 1
3.16397 -26.5076 405.871 -0.00104158 -0.979554 -0.201178 1
14.5641 -27.6647 405.871 -0.141701 -0.934664 -0.326073 1
5.36402 32.7019 467.271 0.133396 0.93096 0.33988 1
20.4322 34.2567 405.876 0.847916 -0.0344088 -0.529013 1
-23.2359 35.8266 467.272 0.0542551 0.897093 0.438499 1
-7.83592 -38.451 467.271 -0.107794 -0.993691 -0.0309534 1
21.5634 -1.72612 405.871 0.848433 0.00428051 -0.529285 1
21.833 -21.9261 405.872 0.760188 0.123083 -0.637938 1
21.072 17.4739 405.871 0.807426 0.197689 -0.555862 1
-6.63603 -25.3259 405.871 -0.101978 -0.986415 -0.128788 1
17.964 -28.0353 405.871 -0.0740204 -0.935795 -0.344686 1
-9.63588 -38.3006 467.271 -0.0861852 -0.996278 -0.00158227 1
-8.0361 25.274 405.802 -0.690922 0.270255 -0.670514 1
12.3653 -11.3266 466.932 0.451006 -0.277052 0.848432 1
-13.0349 15.0733 405.746 -0.532563 0.127079 -0.836796 1
-12.4364 16.6741 405.862 -0.469329 0.288978 -0.834399 1
-19.6411 1.074 405.824 -0.579477 0.175275 -0.795918 1
-11.0316 19.2852 405.785 -0.564186 0.232517 -0.792231 1
12.5641 45.0671 406.072 0.111931 0.976427 0.184559 1
22.0144 -18.9496 406.061 0.849329 -0.0195634 -0.527501 1
20.9635 7.27422 467.027 0.509685 -0.28208 0.812805 1
20.1102 42.4701 406.075 0.834179 0.0832112 -0.54518 1
22.1641 9.67383 467.07 0.607093 -0.210095 0.766354 1
9.3642 -16.1262 467.011 0.560077 -0.222301 0.798058 1
-23.4362 -23.3694 406.071 -0.094578 -0.95812 -0.270297 1
-21.2359 -23.6633 406.072 -0.182713 -0.950803 -0.250177 1
-4.036 -25.7113 406.071 -0.153248 -0.975684 -0.156701 1
21.5772 2.27383 406.072 0.654421 -0.220345 -0.723313 1
8.76403 32.3099 467.071 0.185193 0.982697 -0.00316748 1
-11.0359 34.5563 467.072 0.194961 0.904186 0.380049 1
4.76404 -27.7261 466.688 0.421707 -0.319348 0.848634 1
-10.0352 22.0735 405.949 -0.498891 0.298907 -0.813488 1
-28.4356 -18.3263 405.981 -0.54555 0.116944 -0.829879 1
-2.23546 38.0736 405.905 -0.444665 0.0935655 -0.890797 1
-16.6357 7.87374 405.982 -0.461613 0.277198 -0.842659 1
14.565 -7.32652 466.734 0.474243 -0.286675 0.832413 1
-1.23628 40.8741 406.05 -0.395257 0.39281 -0.830344 1
10.5542 -14.5242 466.864 0.562651 -0.1527 0.812469 1
30.1649 25.8734 466.741 0.583412 -0.204304 0.78606 1
13.3798 -9.74607 466.82 0.423922 -0.295101 0.856274 1
14.9638 -6.12598 466.831 0.532708 -0.161279 0.830789 1
30.7789 29.0061 466.854 0.54262 0.343779 0.766407 1
13.1641 31.7777 466.872 0.256042 0.937076 0.23734 1
15.3638 44.669 406.271 0.207796 0.939392 0.272698 1
-5.83606 -38.6885 466.871 -0.123756 -0.991937 -0.0273012 1
21.1647 23.6739 406.272 0.858966 -0.0102141 -0.51193 1
22.2504 -27.3434 406.29 0.800744 -0.294892 -0.52139 1
21.0098 27.0534 406.286 0.861662 0.232497 -0.451092 1
20.9869 27.28 406.292 0.765566 0.0230612 -0.642944 1
10.5639 -27.2215 406.271 -0.131052 -0.944675 -0.30069 1
-10.6355 21.2737 406.099 -0.577922 0.250978 -0.776541 1
20.3561 36.4752 406.223 0.825846 -0.101372 -0.554709 1
-3.83601 35.4739 406.137 -0.502181 0.32035 -0.803238 1
-8.23638 26.0741 406.196 -0.524281 0.31541 -0.790978 1
18.7635 1.47412 466.649 0.510548 -0.230125 0.828482 1
-0.431697 -37.7046 466.66 0.407166 -0.603787 0.685315 1
21.7715 3.67387 406.471 0.815031 -0.00336657 -0.579407 1
8.76414 -19.7262 466.487 0.494009 -0.176491 0.851356 1
16.5639 -3.52605 466.608 0.4828 -0.219562 0.84776 1
22.1484 -8.72178 406.485 0.7601 -0.204361 -0.616834 1
20.848 29.6552 406.466 0.859764 -0.0955157 -0.501679 1
12.9479 -10.7402 466.655 0.50768 -0.325132 0.797841 1
12.1641 -27.4768 406.471 0.114275 -0.868695 -0.481985 1
13.3641 31.7987 466.672 -0.326969 0.807425 0.491077 1
8.56407 32.4208 466.671 0.506607 0.808722 0.298862 1
-10.0359 34.5182 466.671 0.12442 0.834413 0.536912 1
21.4914 14.8739 406.471 0.872727 -0.00178705 -0.488204 1
-13.8359 35.0382 466.671 0.109636 0.947882 0.299164 1
-9.03591 -38.2605 466.671 -0.061661 -0.992647 -0.104158 1
-14.6272 13.6927 406.389 -0.536891 0.16486 -0.827387 1
15.3646 -6.92636 466.369 0.59359 -0.161652 0.788365 1
-10.235 22.8732 406.361 -0.417689 0.397668 -0.816943 1
12.3838 -12.9195 466.378 0.271227 -0.351598 0.896 1
-19.8545 3.08397 406.339 -0.644262 0.147743 -0.750399 1
7.56493 -22.7265 466.37 0.484959 -0.301218 0.821025 1
29.1648 22.6734 466.295 0.559792 -0.267064 0.784416 1
27.5636 19.8741 466.426 0.467011 -0.180775 0.865576 1
-26.4688 -23.0993 406.676 -0.181022 -0.943717 -0.27682 1
1.36414 -26.4424 406.672 -0.0749715 -0.983533 -0.164445 1
3.57702 -31.1033 466.38 0.493093 -0.370384 0.787194 1
21.0653 30.2739 406.672 0.883365 0.0137904 -0.468483 1
14.5639 31.7023 466.471 0.132416 0.95916 0.249958 1
22.3658 -26.5069 406.649 0.859328 -0.0875384 -0.503877 1
26.1642 30.2941 466.472 0.32154 0.911741 0.255616 1
11.9631 -13.0925 466.468 0.370594 -0.214469 0.903694 1
10.964 45.123 406.671 0.174102 0.975831 0.132073 1
21.85 5.67386 406.672 0.832441 0.00930684 -0.554036 1
13.964 -27.7572 406.671 0.00507813 -0.929227 -0.369474 1
-24.8267 36.1297 466.48 -0.204744 0.92192 0.328851 1
-15.0581 13.0707 406.484 -0.636721 0.0074407 -0.771058 1
31.764 27.2738 466.136 0.538269 0.0216928 0.842494 1
-17.6345 7.87325 406.608 -0.552578 0.304503 -0.775845 1
26.9635 17.8741 466.256 0.446451 -0.210043 0.869807 1
-6.23542 31.6736 406.563 -0.490988 0.333109 -0.804965 1
26.7642 16.6738 466.095 0.479916 -0.247869 0.841571 1
-22.6209 -3.69893 406.488 -0.419957 0.312922 -0.851889 1
-27.2357 -13.7263 406.488 -0.522263 0.230257 -0.821111 1
-21.8362 -2.12603 406.553 -0.616908 0.222124 -0.75504 1
-18.6493 -24.3029 406.843 -0.0961574 -0.973469 -0.207634 1
-20.3737 3.25902 406.867 -0.670785 0.0715247 -0.738195 1
6.36395 -26.3261 466.084 0.507584 -0.291967 0.810625 1
11.5736 -14.9321 466.23 0.736818 -0.304102 0.603839 1
-37.926 7.58463 419.372 -0.698115 0.0120074 -0.715885 1
20.8644 37.2951 406.867 0.784636 0.0715037 -0.61582 1
22.3459 -16.3245 406.871 0.904467 -0.0401442 -0.42465 1
-7.03563 -25.4944 406.872 -0.0771378 -0.983921 -0.161088 1
23.1641 30.7237 466.271 0.117288 0.97097 0.208472 1
-8.63594 -38.2219 466.271 -0.152156 -0.975959 -0.156052 1
21.664 18.0739 406.871 0.839957 0.163058 -0.517575 1
12.7642 -27.6369 406.872 -0.117275 -0.90969 -0.398386 1
-15.436 -37.3373 466.271 -0.168551 -0.975688 -0.14008 1
-12.0323 20.6618 406.828 -0.519483 0.374942 -0.767825 1
-11.8343 20.8732 406.753 -0.703157 -0.0613792 -0.70838 1
20.9721 31.0674 406.772 0.84643 0.166313 -0.505862 1
-11.0357 22.4738 406.716 -0.548785 0.293828 -0.782624 1
-2.63552 40.0737 406.766 -0.565925 0.35907 -0.742158 1
-21.6357 -0.926269 406.757 -0.5583 0.401407 -0.726067 1
18.5634 -1.12581 466.025 0.504865 -0.206332 0.838176 1
16.1633 -6.92581 465.895 0.645336 -0.187989 0.740406 1
-0.437159 -38.9201 466.022 0.110429 -0.888017 0.446353 1
22.3914 -5.52616 407.072 0.858231 0.208424 -0.46904 1
-12.2359 -37.7149 466.071 -0.116142 -0.984204 -0.133618 1
26.1641 30.3857 466.071 0.209098 0.946558 0.245574 1
-20.836 -23.9489 407.071 -0.20181 -0.935393 -0.290365 1
24.5641 30.5905 466.071 0.148143 0.966299 0.210522 1
-14.8617 -24.6107 407.057 -0.208137 -0.937139 -0.280089 1
22.0525 6.67388 407.071 0.76037 0.0138247 -0.649343 1
-50.9337 -19.195 420.123 -0.660812 0.498422 -0.561162 1
-50.9242 -19.0464 420.161 -0.567118 -0.149437 -0.809967 1
-31.0191 -21.7456 406.898 -0.597394 -0.197135 -0.77734 1
-22.8362 -2.72599 406.963 -0.617364 0.254095 -0.744512 1
30.5643 23.2738 465.672 0.517836 -0.183504 0.835567 1
-22.0368 -0.925706 407.008 -0.536932 0.262938 -0.801603 1
28.5625 19.2746 465.67 0.560719 -0.152689 0.813806 1
-0.0358411 45.2738 406.971 -0.354041 0.421142 -0.835041 1
23.5643 8.07377 465.68 0.540636 -0.286319 0.791034 1
-7.43573 30.4738 406.91 -0.512761 0.198491 -0.835271 1
-7.03617 31.874 407.062 -0.360086 0.336583 -0.870086 1
16.1626 -7.12552 465.844 0.646869 0.0671488 0.759639 1
-5.03549 35.4737 406.92 -0.508425 0.315772 -0.801119 1
15.5644 -8.5263 465.792 0.482281 -0.289407 0.826831 1
15.1643 -9.32624 465.794 0.563919 -0.24483 0.788703 1
17.5641 -28.3274 407.272 -0.122456 -0.944676 -0.304288 1
21.0749 34.8872 407.255 0.842922 0.0203625 -0.537651 1
-9.42832 -25.2689 407.275 0.205634 -0.960271 -0.188664 1
27.7639 30.2221 465.871 0.217809 0.930271 0.295221 1
25.564 30.5109 465.871 0.259321 0.945619 0.196361 1
16.7642 44.2718 407.272 0.580601 0.810692 0.0753721 1
16.9641 44.2505 407.272 0.406032 0.832284 0.377414 1
-8.43596 34.4914 465.871 0.137396 0.917847 0.372397 1
-10.0359 -37.945 465.871 -0.0610986 -0.980581 -0.186352 1
4.35378 45.6386 407.256 -0.0700092 0.942933 0.325541 1
17.6227 -10.9241 399.778 0.848255 0.0934342 -0.521281 1
-31.4356 -21.1263 407.178 -0.528487 -0.199306 -0.825214 1
-9.63634 26.6741 407.208 -0.145231 -0.0649445 -0.987264 1
-16.6376 12.0749 407.183 -0.554297 0.21363 -0.804436 1
-2.03638 42.8741 407.207 -0.282961 0.437086 -0.85375 1
11.3634 -17.7258 465.471 0.527798 -0.254384 0.810382 1
-30.0352 -17.7265 407.158 -0.668063 0.138921 -0.731022 1
10.1639 -19.726 465.599 0.510612 -0.264161 0.818226 1
19.5647 -0.726474 465.535 0.521073 -0.258379 0.813464 1
-18.6369 7.87428 407.234 -0.59898 0.318273 -0.734796 1
-9.63513 26.4735 407.15 -0.352206 0.326459 -0.877141 1
-3.63577 39.2738 407.18 -0.574782 0.311099 -0.756863 1
22.7826 -9.96612 407.49 0.807665 -0.0474805 -0.587727 1
22.6957 -7.72608 407.471 0.826614 0.0507416 -0.560477 1
21.296 36.0765 407.473 0.875065 0.147109 -0.461108 1
22.6308 -5.72614 407.472 0.735565 0.323494 -0.595227 1
-22.0359 -36.3937 465.672 -0.149376 -0.976369 -0.156175 1
13.7641 31.9828 465.672 0.16688 0.978771 0.118986 1
40.8229 -19.7355 436.764 0.851797 0.0886405 -0.516319 1
5.1642 33.1127 465.672 0.121096 0.953378 0.276418 1
22.0167 18.4739 407.472 0.800762 0.0450684 -0.597285 1
20.744 1.46396 465.396 0.601617 0.0366969 0.797941 1
-20.8054 3.47961 407.386 -0.58299 0.0584585 -0.810373 1
1.53567 -37.3404 465.433 0.692273 -0.329389 0.642076 1
-27.8363 -11.926 407.401 -0.380402 0.356682 -0.853272 1
18.7643 -3.12623 465.369 0.571233 -0.239016 0.785216 1
-1.6396 43.8605 407.313 -0.465635 0.403648 -0.787561 1
16.5643 -7.92622 465.325 0.584456 -0.3336 0.739677 1
6.56355 -28.1259 465.445 0.63625 -0.242774 0.732289 1
-19.2366 7.27421 407.443 -0.57142 0.263382 -0.777244 1
32.7649 26.6735 465.388 0.48044 -0.0160088 0.876881 1
-29.2359 -23.0037 407.672 -0.251003 -0.89545 -0.367651 1
9.76474 -21.5264 465.325 0.548821 -0.23015 0.803633 1
-0.254547 -39.07 465.489 0.145364 -0.951221 0.272116 1
22.63 -14.3262 407.672 0.941229 0.0852872 -0.326823 1
21.0364 40.4713 407.673 0.832451 0.202842 -0.515636 1
49.0356 24.9462 454.536 0.838888 -0.138499 0.526388 1
-10.636 34.8544 465.471 0.115031 0.960554 0.253186 1
-4.8358 -38.5388 465.472 -0.044104 -0.989668 -0.136428 1
5.76404 -27.186 407.671 0.0586388 -0.954351 -0.292875 1
-7.8359 -38.147 465.471 -0.0833071 -0.972316 -0.218315 1
-10.1567 -29.2109 427.257 -0.457209 -0.874407 -0.162394 1
22.1217 19.6739 407.671 0.750557 0.16915 -0.638789 1
-4.43594 34.2554 465.471 0.0919747 0.950192 0.297785 1
22.7755 -10.9447 407.659 0.769317 0.0395513 -0.637642 1
28.3643 16.6738 465.108 0.47028 -0.308296 0.826916 1
-19.6349 6.87363 407.581 -0.445468 0.41149 -0.795132 1
6.96389 -28.526 465.089 0.696365 -0.127837 0.70621 1
-26.6362 -9.126 407.472 -0.376008 0.530864 -0.759475 1
6.16337 -29.7257 465.204 0.550184 -0.236433 0.800873 1
-15.2354 16.2736 407.533 -0.484034 0.259701 -0.835624 1
-22.6363 -0.125926 407.591 -0.536102 0.212244 -0.817036 1
17.5663 -6.32728 465.13 0.594642 -0.270567 0.757096 1
27.7636 15.074 465.091 0.520764 -0.273561 0.808684 1
22.0682 25.0739 407.871 0.946159 0.0727568 -0.31542 1
5.16471 -31.9264 465.221 0.455289 -0.340776 0.822547 1
-17.4359 35.7778 465.272 -0.0250615 0.977968 0.207246 1
29.1641 30.1316 465.271 0.278583 0.869423 0.408038 1
7.15901 -11.3797 470.786 0.558791 -0.297041 0.774286 1
25.164 30.6974 465.271 0.198209 0.950415 0.239633 1
3.56415 33.3357 465.272 -0.159252 0.914475 0.371986 1
22.5642 31.0058 465.272 0.132177 0.963795 0.231577 1
22.7129 0.273888 407.871 0.784265 0.0819484 -0.61499 1
22.5082 8.47389 407.871 0.821185 0.013481 -0.570502 1
4.7811 45.4077 407.884 -0.0164078 0.979858 0.19902 1
23.1238 -19.326 407.871 0.797242 -0.0233211 -0.603209 1
-28.0373 -23.1953 407.858 -0.100821 -0.930852 -0.351212 1
-25.435 -35.9942 465.293 -0.559209 -0.819387 0.126054 1
22.8018 -17.3543 407.879 0.835546 0.120253 -0.536098 1
-23.8359 -23.7114 407.872 -0.174361 -0.946647 -0.271032 1
-28.6369 -12.3257 407.866 -0.528933 0.248718 -0.8114 1
-28.0366 -10.9258 407.854 -0.379042 0.241502 -0.893311 1
13.3689 -14.7424 464.942 0.193703 -0.253201 0.947823 1
-10.0368 28.0742 407.863 -0.489693 0.297258 -0.819658 1
-26.8357 -8.72625 407.696 -0.0584558 0.232395 -0.970863 1
22.9507 -21.9284 407.686 0.812512 0.078944 -0.577574 1
-30.4365 -16.7258 407.673 -0.603531 0.172677 -0.778417 1
28.1622 15.8746 465.048 0.554416 -0.29767 0.777184 1
-11.2365 24.8741 407.68 -0.450742 0.284625 -0.846062 1
-11.0364 25.8741 407.81 -0.473441 0.199222 -0.858 1
3.94852 -34.9565 464.909 0.148243 -0.342614 0.927707 1
9.76416 32.629 465.072 0.444694 0.866013 0.228623 1
23.2359 -20.3184 408.07 0.617776 0.0639062 -0.783753 1
-24.2359 36.4451 465.071 -0.0194713 0.953732 0.300026 1
-7.84005 -25.7341 408.062 -0.0327771 -0.988816 -0.145495 1
15.9641 44.2073 408.072 0.272301 0.918909 0.285409 1
22.8879 -14.3109 408.076 0.914803 0.0827823 -0.395325 1
-9.63593 -37.8456 465.071 -0.138514 -0.970488 -0.197401 1
-22.2361 36.3579 465.071 0.0554387 0.954673 0.292449 1
-11.2361 -37.6282 465.071 -0.0567477 -0.975593 -0.212126 1
19.164 43.7617 408.071 0.260953 0.94407 0.201582 1
22.475 14.4739 408.071 0.809625 -0.137214 -0.570684 1
22.4564 15.2739 408.072 0.869601 0.128374 -0.476774 1
21.4921 36.2777 408.043 0.893078 -0.0288476 -0.448975 1
22.3715 19.2739 408.072 0.81688 0.0303588 -0.576009 1
22.8105 1.67388 408.071 0.838408 0.124491 -0.530635 1
17.3646 -8.12638 464.727 0.73909 -0.428514 0.519732 1
20.9636 0.0741031 464.867 0.590861 -0.263325 0.76259 1
15.5756 -11.7308 464.772 0.513938 -0.278084 0.811503 1
29.3647 17.8736 464.77 0.554357 -0.177479 0.813136 1
-13.0363 22.6741 408.057 -0.508463 0.165831 -0.844964 1
13.7646 -14.7372 464.713 0.353901 -0.339064 0.871659 1
9.96405 32.642 464.871 0.0632767 0.754087 0.653719 1
10.7641 -27.6799 408.272 -0.104771 -0.970096 -0.218943 1
33.612 -33.8839 425.255 0.536729 -0.620297 -0.571974 1
22.1303 27.8744 408.27 0.830608 0.0939848 -0.548869 1
-12.0361 -25.1634 408.272 -0.0256102 -0.934557 -0.354889 1
-2.03586 -26.3824 408.272 -0.104037 -0.983985 -0.144741 1
-33.0201 -21.3046 408.191 -0.429692 -0.120147 -0.894947 1
9.96369 -23.526 464.641 0.49931 -0.298577 0.813352 1
-13.4367 22.2742 408.186 -0.456711 0.322355 -0.829158 1
-9.83632 29.6741 408.249 -0.528766 0.277472 -0.802132 1
17.5637 -7.92596 464.66 0.63038 -0.655004 0.416642 1
31.9646 22.6736 464.63 0.38903 -0.369977 0.843666 1
-30.8353 -15.7265 408.181 -0.453026 0.130591 -0.88188 1
-21.4434 4.89452 408.18 -0.514964 0.275008 -0.8119 1
-20.4481 7.07357 408.172 -0.571953 0.509086 -0.643196 1
-24.2357 -1.52626 408.163 -0.619119 0.235449 -0.74917 1
13.9644 -15.3263 464.5 0.350506 -0.252699 0.901825 1
22.8848 5.87405 408.47 0.847711 -0.0405929 -0.528903 1
12.3639 -27.9191 408.471 -0.0911653 -0.968177 -0.23307 1
22.8751 6.47381 408.471 0.843702 -0.0966589 -0.528038 1
-32.826 -22.4707 408.466 -0.435583 -0.714945 -0.54692 1
-14.4357 35.6019 464.672 -0.0214662 0.984947 0.171518 1
19.1641 31.5274 464.671 0.0450225 0.973257 0.225266 1
-29.8358 -23.1029 408.472 -0.298005 -0.879199 -0.371755 1
17.7639 31.6919 464.671 0.125268 0.977333 0.170669 1
8.96408 44.9855 408.471 0.0932464 0.98395 0.152143 1
4.16417 33.4204 464.672 -0.00459202 0.981207 0.192905 1
13.164 32.2788 464.671 0.292049 0.923969 0.246959 1
21.7641 -29.0233 408.472 0.159426 -0.904499 -0.395556 1
2.96405 33.5341 464.671 -0.0131636 0.946245 0.323184 1
-8.436 -37.908 464.671 -0.0886858 -0.975976 -0.199014 1
23.9975 5.59691 464.05 0.540426 -0.537319 0.647478 1
-24.8358 -35.8905 464.67 -0.177027 -0.967453 -0.180819 1
22.7656 2.4731 464.331 0.554855 -0.257944 0.790949 1
22.4286 25.2738 408.472 0.939336 0.0275035 -0.341894 1
22.0807 31.4809 408.472 0.920661 -0.0325218 -0.389007 1
-11.0361 27.674 408.392 -0.504717 0.276422 -0.817834 1
-25.8355 -4.72628 408.327 -0.763034 0.276482 -0.584241 1
-25.7133 -4.47339 408.332 -0.948757 0.0479161 -0.312353 1
33.1656 23.867 464.347 0.550572 -0.187711 0.813409 1
23.3673 -11.9449 408.461 0.87408 -0.0253282 -0.48512 1
9.16343 -25.9258 464.456 0.266588 -0.339238 0.902135 1
-30.6357 -14.5262 408.425 -0.509826 0.234669 -0.827652 1
32.1451 21.8911 464.298 0.377692 -0.383193 0.842919 1
26.9636 10.874 464.423 0.528707 -0.199441 0.825041 1
-8.03578 33.8738 408.366 -0.491875 0.284457 -0.822887 1
-31.839 -23.0121 408.725 -0.101493 -0.862046 -0.496564 1
8.96396 -26.5261 464.414 0.404819 -0.195824 0.893182 1
4.17553 -35.5212 464.459 0.242495 -0.447236 0.860916 1
10.9641 -22.7262 464.293 0.536656 -0.274775 0.797809 1
-10.036 34.9547 464.471 0.147889 0.956516 0.251409 1
-12.0359 35.2702 464.472 0.117283 0.960751 0.251401 1
26.9641 30.6663 464.471 0.147312 0.975952 0.160678 1
16.164 -28.4841 408.671 -0.202425 -0.944084 -0.260251 1
18.564 -28.7365 408.671 -0.0874851 -0.96837 -0.233678 1
6.16395 -27.4842 408.671 0.0495327 -0.959885 -0.275984 1
-9.83591 -37.6859 464.471 -0.135405 -0.944118 -0.300512 1
-0.0359478 45.7633 408.671 -0.0707006 0.982805 0.170574 1
-7.03593 34.6828 464.471 0.0334084 0.955062 0.294517 1
-16.7203 -25.3725 411.384 -0.145951 -0.95818 -0.246149 1
22.1858 28.8724 408.672 0.67941 0.438154 -0.588577 1
22.0353 29.2714 408.665 0.73169 0.183091 -0.656587 1
-19.017 11.4514 408.53 -0.486015 -0.204473 -0.849694 1
-4.0366 42.8741 408.501 -0.454051 0.464436 -0.760353 1
7.76435 -30.1263 464.092 0.469678 -0.154279 0.869253 1
7.5646 -30.3264 464.153 0.436211 0.107848 0.893358 1
-13.2372 23.4749 408.511 -0.527566 0.264659 -0.807236 1
-12.0345 26.2734 408.603 -0.636453 0.279553 -0.718873 1
-18.036 36.1419 464.271 0.105859 0.944426 0.311214 1
5.5645 33.3135 464.272 0.178398 0.9541 0.240557 1
23.635 -16.6961 408.871 0.750522 0.162324 -0.640599 1
23.6606 -16.5261 408.872 0.66417 0.0185905 -0.74735 1
22.6795 25.0739 408.871 0.85212 0.169154 -0.495256 1
23.3673 -28.7065 408.876 0.722273 -0.395122 -0.567626 1
1.56409 45.6927 408.871 0.0249963 0.998502 0.0486803 1
-13.436 -37.1888 464.271 -0.108494 -0.969548 -0.219558 1
-23.236 -35.9145 464.271 -0.0894719 -0.885143 -0.456635 1
20.3644 43.3925 408.872 0.36086 0.895136 0.261747 1
23.309 1.47391 408.871 0.942174 0.13979 -0.304577 1
23.2975 1.87389 408.871 0.950924 0.185606 -0.247575 1
-10.2353 30.4736 408.774 -0.544366 0.215937 -0.810578 1
-21.0488 8.07942 408.852 -0.456566 0.149351 -0.877064 1
-23.0355 3.27362 408.767 -0.526382 0.181071 -0.830744 1
11.9637 -21.5259 464.021 0.550974 -0.272912 0.788636 1
30.1645 16.4737 463.942 0.505309 -0.226637 0.832645 1
3.75047 -37.7259 464.071 0.442135 -0.579305 0.684779 1
22.216 34.0738 409.072 0.847827 0.0243656 -0.529713 1
4.82205 -35.7409 463.985 0.535253 -0.589529 0.604947 1
27.1641 30.7606 464.071 0.00417127 0.960572 0.277998 1
-31.636 -23.0805 409.071 -0.169729 -0.834448 -0.524299 1
23.6455 -7.52612 409.071 0.851631 0.080794 -0.517878 1
-3.63602 -38.3549 464.071 0.0473335 -0.991354 -0.122383 1
23.0698 15.0739 409.071 0.861557 0.203341 -0.465159 1
24.7655 6.25618 464.071 0.696019 -0.287215 0.658077 1
8.36411 -27.6783 409.071 -0.0735821 -0.961201 -0.265854 1
-0.916072 -33.6154 468.498 0.592428 -0.167555 0.788007 1
-3.43598 34.364 464.071 0.0903736 0.954677 0.28359 1
-0.0359437 45.7346 409.072 -0.149066 0.986224 0.071699 1
-0.835886 34.1225 464.072 0.162479 0.946495 0.278834 1
-23.2359 -35.8785 464.071 0.140044 -0.988884 -0.049954 1
23.9826 -25.3563 409.073 0.752851 0.401167 -0.521804 1
-34.435 -21.3062 409.073 -0.443289 -0.050004 -0.894983 1
-15.0345 21.0731 408.907 -0.431891 0.0811892 -0.898264 1
-30.6356 -12.7263 408.983 -0.578906 0.222801 -0.784364 1
15.3555 -15.7222 463.695 0.462809 -0.294322 0.836171 1
-13.4351 24.4735 408.944 -0.468852 0.467217 -0.749591 1
-28.6355 -8.52631 408.977 -0.462557 0.28341 -0.840071 1
-16.636 17.6739 408.883 -0.410486 0.332477 -0.849094 1
-12.4375 26.2745 408.876 -0.372065 0.293354 -0.880631 1
-32.0364 -15.7259 409.016 -0.591217 0.145914 -0.793203 1
-21.4289 8.07563 409.045 -0.555433 0.0740809 -0.828255 1
-20.8411 9.26164 409 -0.547428 0.205853 -0.811139 1
18.5646 -9.12636 463.718 0.481323 -0.119855 0.86831 1
5.37719 -35.7204 463.707 0.499221 -0.444738 0.743631 1
5.96409 45.1471 409.271 -0.00722265 0.980221 0.197776 1
23.2981 11.0739 409.271 0.79407 0.0664383 -0.604184 1
23.0578 21.2739 409.271 0.839585 0.0831933 -0.536821 1
-7.82903 -25.9058 409.283 -0.485973 -0.857006 -0.171379 1
25.1641 31.0296 463.872 0.16254 0.956826 0.240965 1
23.6679 -2.12618 409.272 0.837506 -0.0182406 -0.546124 1
22.436 30.8742 409.254 0.700485 0.04644 -0.712154 1
-23.2359 -24.1049 409.272 -0.202552 -0.953352 -0.223815 1
6.33986 -27.6499 409.235 -0.0137479 -0.92957 -0.368389 1
25.7468 6.07629 463.567 0.441943 -0.278229 0.852805 1
25.1985 6.07934 463.632 0.49603 -0.244372 0.833208 1
-8.23647 36.2741 409.206 -0.291315 0.194808 -0.936582 1
-8.03609 36.6739 409.195 -0.373465 0.0415025 -0.926715 1
-21.6312 7.90145 409.144 -0.36309 0.133011 -0.922211 1
-6.03667 40.6742 409.075 -0.521899 0.297931 -0.799287 1
18.9637 -8.72595 463.586 0.469419 -0.297955 0.831185 1
-18.4354 14.6736 409.119 -0.455779 0.22416 -0.861405 1
-13.6361 24.8739 409.203 -0.560295 0.221069 -0.798246 1
-13.2353 26.0736 409.271 -0.499393 0.270135 -0.823185 1
23.5225 6.87388 409.471 0.858131 -0.0863447 -0.506118 1
-14.4359 35.9202 463.672 -0.0838738 0.982649 0.165427 1
10.1641 32.8515 463.672 0.194386 0.920397 0.33924 1
16.364 -28.6981 409.471 -0.102596 -0.985887 -0.13229 1
23.3321 14.2739 409.471 0.832266 0.111416 -0.543065 1
7.97451 -31.3635 463.688 0.556675 -0.375157 0.741195 1
-19.0359 -36.3653 463.672 -0.148553 -0.97399 -0.171103 1
23.2497 18.2739 409.472 0.817233 -0.0471417 -0.574376 1
-20.2373 11.6809 409.374 -0.520284 0.0513914 -0.852446 1
-15.8362 20.674 409.3 -0.403207 0.135692 -0.904993 1
-7.43555 38.4737 409.322 -0.46362 0.266424 -0.84503 1
29.5648 12.4736 463.323 0.530832 -0.193041 0.825198 1
-17.836 16.4739 409.288 -0.485006 0.201999 -0.850862 1
22.0446 28.9077 472.504 0.512751 0.450716 0.730713 1
18.5641 -10.1262 463.423 0.36591 -0.443344 0.818264 1
-32.036 -23.1656 409.671 -0.216911 -0.888982 -0.403311 1
30.5629 14.8744 463.349 0.374088 0.161725 0.913183 1
10.9633 -25.7258 463.432 0.536848 -0.279493 0.796039 1
2.56419 33.8482 463.472 0.0607331 0.94253 0.328556 1
15.0603 44.5771 398.472 0.362324 0.397242 -0.843161 1
-3.43587 -38.2682 463.472 -0.0410615 -0.98742 -0.152692 1
20.764 -29.2152 409.671 -0.158072 -0.97966 -0.123607 1
22.5639 -29.3899 409.671 0.00864545 -0.959568 -0.281343 1
-11.8353 -25.4787 409.672 -0.0641415 -0.984991 -0.160245 1
-5.43587 34.8112 463.472 0.126167 0.95227 0.277962 1
24.1259 -11.1261 409.67 0.871825 -0.00584482 -0.489783 1
9.2497 -9.21574 386.259 0.538806 0.120134 -0.83382 1
-23.8361 -35.65 463.471 0.0534627 -0.975327 -0.214195 1
-9.83584 35.2334 463.472 0.209495 0.953204 0.217977 1
-28.4359 -23.5891 409.671 -0.172479 -0.945305 -0.276856 1
-35.2367 -20.7259 409.667 -0.405008 0.180936 -0.896231 1
-20.6288 11.4957 409.526 -0.250244 0.149716 -0.956537 1
-2.03594 -38.4505 463.471 -0.0867475 -0.994041 -0.0660076 1
-5.4357 43.4737 409.562 -0.431652 0.520524 -0.736703 1
10.1644 -28.3263 463.16 0.48156 -0.28082 0.830205 1
32.3641 18.6739 463.165 0.443657 -0.175853 0.878774 1
14.9648 -18.1265 463.151 0.410518 -0.210089 0.88732 1
34.9621 24.0749 463.252 0.626736 -0.200331 0.75304 1
18.7643 -10.5262 463.177 0.391011 -0.172703 0.904038 1
-13.4346 26.6734 409.56 -0.393881 0.272167 -0.877943 1
-17.0363 19.2741 409.646 -0.427219 0.300924 -0.852601 1
-30.636 -10.3261 409.66 -0.617661 0.138949 -0.774073 1
-21.4624 9.29716 409.513 -0.545148 0.327401 -0.771766 1
27.1644 7.07373 463.182 0.472485 -0.191338 0.860319 1
-11.0351 31.4734 409.522 -0.489318 0.225869 -0.842348 1
24.9714 2.48328 463.133 0.765013 -0.547513 0.339094 1
4.20747 45.2248 409.846 0.0479197 0.93471 0.352166 1
23.8158 4.47385 409.872 0.820936 -0.021638 -0.57061 1
4.56401 45.1925 409.871 -0.473185 0.819188 0.32408 1
23.7774 6.47386 409.872 0.780838 0.0481864 -0.622872 1
15.9559 -16.3261 463.075 0.601908 -0.40271 0.689588 1
6.16735 -35.9274 463.13 0.432505 -0.546421 0.717191 1
15.5641 -28.6904 409.871 -0.118819 -0.967885 -0.22154 1
23.4861 18.8739 409.871 0.850861 -0.0658746 -0.521245 1
9.48289 -12.4587 386.644 0.624254 0.187371 -0.758419 1
7.31131 35.7661 451.828 0.136683 0.966875 0.215572 1
-23.6361 -24.2194 409.871 -0.225583 -0.888418 -0.399783 1
-23.036 -24.2914 409.871 -0.0439594 -0.94696 -0.318331 1
-21.436 36.729 463.271 0.0446515 0.960588 0.274365 1
-7.03595 -37.7978 463.271 -0.0540019 -0.99058 -0.125836 1
-16.836 -36.5098 463.271 -0.114764 -0.981609 -0.152557 1
-24.8359 36.9585 463.272 -0.0419524 0.96681 0.252029 1
-11.036 35.5039 463.271 0.131507 0.982271 0.1336 1
-0.435944 -38.5914 463.271 0.0652364 -0.993507 -0.093205 1
21.7641 31.5474 463.271 0.0300303 0.967848 0.249737 1
-26.622 -35.2066 463.276 -0.715379 -0.661281 0.225701 1
32.1648 17.2736 462.927 0.474522 -0.207121 0.855529 1
30.7625 14.2744 463.066 0.552593 -0.124808 0.824054 1
-15.4356 23.0737 409.743 -0.472827 0.286696 -0.833211 1
14.164 -20.3261 462.997 0.443216 -0.234861 0.865101 1
12.3635 -23.9259 463.057 0.660311 -0.249842 0.708215 1
-33.6367 -16.1258 409.858 -0.515436 0.104291 -0.850558 1
-31.0349 -11.1266 409.714 -0.631148 0.274836 -0.72534 1
37.5631 27.6743 462.994 0.561212 0.0167795 0.827502 1
24.4127 -28.134 410.086 0.815303 -0.219292 -0.535904 1
36.362 26.2607 463.04 0.429477 -0.0961912 0.89794 1
14.9643 43.9379 410.072 0.450645 0.86823 -0.207593 1
15.1642 43.9091 410.072 0.207178 0.940159 -0.270515 1
8.56401 33.1858 463.071 0.162031 0.93188 0.32457 1
-20.0421 -24.5033 410.095 -0.113644 -0.978101 -0.174364 1
-5.03598 -37.9967 463.071 -0.126782 -0.974248 -0.18646 1
-6.23594 -37.8582 463.071 -0.149687 -0.984566 -0.0906866 1
28.3842 30.8355 463.097 0.137082 0.942752 0.304019 1
21.764 31.594 463.071 -0.295475 0.731276 0.61476 1
24.4704 -20.9266 410.068 0.774113 -0.338406 -0.535005 1
19.7641 31.8148 463.072 0.0305415 0.998929 -0.034763 1
-15.0359 -36.7062 463.071 -0.123247 -0.972113 -0.199517 1
7.76401 -27.9385 410.071 -0.0698171 -0.965252 -0.251823 1
23.2656 28.0737 410.072 0.83783 -0.0389999 -0.544536 1
16.117 -15.5026 463.066 0.578145 -0.3228 0.749366 1
-26.2317 -35.2638 463.047 -0.466229 -0.882929 0.0553804 1
12.9639 -23.5261 462.788 0.561283 -0.520815 0.643206 1
-9.43564 36.2737 409.973 -0.517134 -0.0722152 -0.852852 1
15.763 -17.5257 462.83 0.479124 -0.131104 0.867901 1
27.9673 7.27225 462.744 0.466244 -0.126557 0.875557 1
-20.235 13.4735 409.933 -0.533544 0.255849 -0.806146 1
-19.6359 14.6739 409.896 -0.584858 0.258024 -0.769003 1
-24.8354 3.87362 410.033 -0.497084 0.260032 -0.827823 1
4.97776 -38.7326 462.843 0.536321 -0.73949 0.406835 1
-7.43652 40.8742 410.02 -0.481146 0.732364 -0.481811 1
-30.4352 -8.72644 409.965 -0.557907 0.174934 -0.811257 1
35.7633 24.2742 462.779 0.465051 -0.217284 0.858205 1
-8.35213 45.5331 412.518 -0.455541 0.606939 -0.651235 1
33.5615 20.2753 462.836 0.547086 -0.157039 0.822214 1
23.9791 8.67387 410.272 0.84687 -0.00630869 -0.531762 1
-23.636 -35.571 462.871 0.0457928 -0.990325 -0.130991 1
-7.03586 35.1147 462.872 0.0629624 0.97921 0.192832 1
-4.04561 45.8794 410.282 0.0134844 0.972337 -0.233194 1
22.7652 37.0505 410.272 0.906121 0.0683021 -0.417467 1
24.4253 -9.32614 410.272 0.877779 -0.00290716 -0.479058 1
22.471 40.2721 410.268 0.766913 0.191427 -0.612535 1
3.16406 33.9302 462.871 0.141852 0.960394 0.239838 1
23.1756 30.2941 410.274 0.853269 0.106405 -0.510499 1
-12.236 35.7684 462.871 0.0771724 0.992266 0.0972255 1
36.772 29.4736 462.859 0.409776 0.529415 0.742835 1
4.54775 -38.9371 462.885 0.345805 -0.807035 0.478658 1
3.95612 -38.9438 462.872 0.15903 -0.954068 0.253897 1
-24.4358 -24.2332 410.272 -0.21831 -0.930011 -0.295669 1
4.36403 -27.584 410.271 -0.119627 -0.97035 -0.210024 1
-27.6458 37.341 462.931 -0.561222 0.646085 0.517304 1
-9.83569 35.8738 410.107 -0.546657 0.2308 -0.804921 1
26.1642 3.07382 462.569 0.424066 -0.110035 0.898922 1
15.1643 -19.7262 462.578 0.461115 -0.24727 0.852192 1
14.164 -21.5261 462.652 0.544425 -0.379105 0.748252 1
-8.03541 40.0736 410.162 -0.561327 0.459285 -0.688455 1
-7.4363 41.074 410.081 -0.555321 0.372308 -0.743643 1
12.3648 -25.7265 462.524 0.691781 -0.241753 0.680437 1
11.9642 -26.7262 462.477 0.771455 -0.2965 0.562979 1
20.5637 -8.32598 462.645 0.552533 -0.104633 0.826897 1
20.3638 -9.32601 462.485 0.573597 -0.188493 0.797155 1
11.3638 -27.526 462.619 0.632592 -0.265394 0.727594 1
-27.4357 -1.72625 410.212 -0.542712 0.119352 -0.831396 1
-26.842 -0.944582 410.107 -0.425415 -0.0533944 -0.903422 1
9.96453 -30.5263 462.592 0.545031 -0.325383 0.772701 1
22.7632 -3.72576 462.647 0.532648 -0.240695 0.811389 1
27.3687 5.28458 462.509 0.460968 -0.290387 0.838561 1
37.7395 27.0526 462.598 0.621089 -0.0266172 0.783288 1
29.1577 9.0574 462.58 0.355524 -0.260346 0.897676 1
6.7639 44.8381 410.471 0.00878311 0.985208 0.17114 1
20.9641 -29.4265 410.471 -0.274536 -0.950684 -0.144324 1
22.9643 31.6122 462.672 0.0874558 0.968762 0.232061 1
10.564 44.385 410.471 0.14488 0.969815 0.196135 1
29.5537 30.8764 462.639 0.295875 0.921022 0.25333 1
24.3744 -16.3465 410.485 0.840818 0.00184213 -0.541314 1
24.7261 -14.9428 410.489 0.815029 0.194137 -0.545929 1
20.3641 31.8452 462.672 -0.139136 0.945963 0.292908 1
13.764 43.9755 410.471 0.129635 0.990348 0.0490398 1
-14.0353 27.8735 410.333 -0.500003 0.363066 -0.786244 1
-9.4358 37.6738 410.388 -0.52517 0.220841 -0.821843 1
11.3795 -17.1169 388.975 0.731426 0.243076 -0.637127 1
-8.83678 39.2742 410.46 -0.48789 0.433439 -0.75769 1
32.7652 16.4735 462.371 0.465944 -0.256774 0.846737 1
26.5642 3.27379 462.377 0.475313 -0.188992 0.859278 1
23.9372 20.4739 410.671 0.820804 0.0734204 -0.566472 1
11.7641 32.917 462.471 0.287432 0.949548 0.125464 1
2.16403 34.0887 462.471 0.0522837 0.976576 0.208724 1
-12.2576 -25.6096 410.681 -0.133879 -0.980417 -0.144425 1
31.1639 30.6717 462.471 0.145907 0.975784 0.162961 1
23.1509 36.8789 410.671 0.822356 0.0932475 -0.56128 1
24.5805 -4.92613 410.672 0.820322 -0.196846 -0.536957 1
22.8175 41.6661 410.671 0.771158 0.334373 -0.541766 1
-14.636 36.1972 462.471 -0.168591 0.972849 -0.158564 1
-25.6364 -24.1388 410.671 -0.17881 -0.962499 -0.204014 1
-36.4361 -19.7261 410.628 -0.533178 0.124567 -0.836782 1
-25.0451 -35.3292 462.469 -0.178804 -0.969505 -0.167598 1
26.3651 2.47346 462.268 0.516541 -0.201571 0.832199 1
-35.036 -16.9261 410.499 -0.496992 -0.0418237 -0.866746 1
34.1492 19.474 462.242 0.515058 -0.0473746 0.855845 1
-6.835 43.6734 410.542 -0.505416 0.453419 -0.734143 1
18.9634 -13.1258 462.244 0.529363 -0.22398 0.818295 1
-24.8368 5.65801 410.583 -0.400802 0.27545 -0.873776 1
16.1643 -19.1262 462.075 0.522412 -0.261949 0.811461 1
-14.836 26.8739 410.593 -0.579228 0.237476 -0.779808 1
24.5415 0.473874 410.87 0.85387 0.0421659 -0.518776 1
-18.436 -25.0709 410.871 -0.0748488 -0.958485 -0.275142 1
7.76365 -35.5259 462.161 0.540851 -0.503675 0.67364 1
-3.0359 -26.7951 410.871 0.321378 -0.939672 0.117189 1
-2.8359 -26.8209 410.871 0.0047866 -0.99941 0.0340236 1
11.3648 -29.1265 462.113 0.694772 -0.387344 0.606018 1
11.2799 -8.63752 389.152 0.868058 0.000721694 -0.496462 1
-20.0359 36.8565 462.271 0.173892 0.962995 0.205917 1
24.2315 13.0739 410.871 0.834438 0.138419 -0.533436 1
9.36403 44.436 410.871 0.120892 0.954139 0.273868 1
-10.0359 35.6202 462.271 0.0819983 0.992433 0.0914003 1
-7.80687 -26.2324 410.881 -0.080506 -0.95729 -0.277694 1
11.476 -17.1192 389.173 0.553135 0.421404 -0.718652 1
-31.4352 -23.4476 410.872 -0.168669 -0.976492 -0.134219 1
-26.436 -24.0922 410.871 -0.0191652 -0.94372 -0.330191 1
24.952 -21.9037 410.881 0.859673 -0.0975127 -0.501451 1
24.7489 -20.1246 410.872 0.842665 0.0200005 -0.538067 1
24.8075 -8.72617 410.873 0.869731 0.0166761 -0.493244 1
24.697 -4.32613 410.872 0.872631 -0.103783 -0.477226 1
-28.2432 37.5472 462.272 -0.44489 0.681092 0.581539 1
-8.23592 -37.4119 462.271 -0.14977 -0.968827 -0.19734 1
-29.6361 -4.72605 410.69 -0.453528 0.291262 -0.842305 1
-20.8357 15.2737 410.865 -0.664309 0.092107 -0.741761 1
-16.0368 25.0742 410.864 -0.495661 0.312581 -0.810317 1
-15.2357 26.2738 410.683 -0.408758 0.394725 -0.822866 1
-34.8365 -15.5259 410.799 -0.518021 0.313778 -0.795737 1
15.7641 -20.7261 461.887 0.594465 -0.353059 0.722468 1
33.764 17.4739 461.988 0.53043 -0.23025 0.815861 1
38.3871 26.6863 461.956 0.545398 -0.141454 0.826155 1
15.364 -28.9061 411.071 -0.0142356 -0.976271 -0.216086 1
15.1641 43.6939 411.071 0.398318 0.908943 0.123149 1
16.7639 -18.1261 461.995 0.517492 -0.269593 0.812109 1
-34.0537 -23.29 411.049 -0.188176 -0.937195 -0.293692 1
34.9642 30.2218 462.055 0.18419 0.890675 0.415659 1
-22.036 37.1105 462.071 0.0104263 0.975851 0.21819 1
-18.4359 -36.0484 462.071 -0.150234 -0.966381 -0.208657 1
24.8126 -4.92612 411.071 0.862784 -0.0410213 -0.503906 1
-11.436 -25.8326 411.071 0.305203 -0.883194 -0.356117 1
28.3641 31.1202 462.071 0.181599 0.948895 0.25811 1
22.3641 -29.708 411.071 -0.0887665 -0.957789 -0.273424 1
27.1641 31.2594 462.072 -0.00520224 0.954187 0.299165 1
3.34089 34.1093 462.083 0.220506 0.954906 0.198827 1
-15.0361 36.2953 462.071 0.308453 0.950843 0.0274529 1
-25.8365 5.47776 411.032 -0.52294 0.253427 -0.813823 1
-14.6362 28.274 410.902 -0.469204 0.322676 -0.822027 1
-13.0361 31.8739 410.886 -0.436146 0.305651 -0.846377 1
-18.4363 20.874 411.036 -0.471733 0.345714 -0.811141 1
-35.6358 -17.1262 410.874 -0.442607 0.0289989 -0.896247 1
-17.4365 22.8741 410.992 -0.522532 0.312347 -0.793347 1
8.56367 -34.926 461.87 0.464086 -0.433349 0.77255 1
31.1635 10.6741 461.834 0.535112 -0.211318 0.817924 1
33.3642 15.0738 461.699 0.501965 -0.286345 0.816111 1
12.7642 -28.5794 411.272 -0.109785 -0.962566 -0.24782 1
11.9635 -28.7258 461.841 0.663984 -0.396936 0.633694 1
26.554 1.27766 461.787 0.508598 -0.227094 0.830516 1
28.9753 5.67665 461.695 0.494571 -0.35906 0.791502 1
45.9393 -5.87592 446.705 0.828802 -0.234796 0.507896 1
28.5701 5.0765 461.732 0.490335 -0.451498 0.745467 1
24.7258 3.67389 411.271 0.84379 -0.0562557 -0.533717 1
30.564 9.47393 461.827 0.520135 -0.222087 0.824704 1
-11.236 -25.9177 411.271 0.124273 -0.908524 -0.398923 1
-23.6361 -24.5403 411.271 -0.154629 -0.977823 -0.141254 1
-26.1748 42.2424 439.117 0.177077 0.981969 0.0661799 1
-2.83583 45.681 411.272 0.099514 0.994926 -0.0148305 1
-5.03614 -26.6189 411.271 -0.0590233 -0.854318 -0.516389 1
-13.8359 -36.5693 461.871 -0.121068 -0.966984 -0.224242 1
5.05851 45.5582 407.165 0.176535 0.960666 0.214376 1
-1.03591 -38.207 461.871 -0.00545195 -0.98177 -0.189992 1
-22.6364 12.6741 411.209 -0.524316 0.183497 -0.831518 1
-24.0424 9.09051 411.093 -0.602859 0.790884 -0.105185 1
-21.2353 15.4734 411.209 -0.443318 0.170322 -0.880034 1
-28.0353 0.273567 411.128 -0.690008 0.106503 -0.715924 1
-10.0364 39.2741 411.248 -0.484586 0.332312 -0.809163 1
-31.8367 -7.5258 411.231 -0.492062 0.203212 -0.84651 1
15.9647 -21.5264 461.525 0.53726 -0.409118 0.737546 1
24.5649 -3.32648 461.646 0.546153 -0.15516 0.823191 1
15.3639 43.5828 411.471 0.219967 0.973578 -0.0613166 1
24.8803 2.67386 411.472 0.866699 -0.0229626 -0.498302 1
25.3281 -21.5261 411.471 0.83492 -0.103142 -0.54062 1
-22.4366 -24.721 411.471 -0.120963 -0.979548 -0.160794 1
23.2915 41.2737 411.472 0.9277 0.242965 -0.283445 1
5.96412 44.7322 411.472 -0.197052 0.952898 0.230557 1
6.96417 44.5911 411.472 0.104786 0.966404 0.234699 1
-3.03593 -37.948 461.671 0.0458166 -0.993402 -0.105136 1
-12.4188 -25.7345 411.449 -0.200425 -0.979647 0.0110197 1
-11.8362 -25.8676 411.471 -0.185135 -0.981727 -0.0440236 1
24.193 27.6739 411.471 0.698596 -0.468935 -0.54043 1
-11.0354 37.4736 411.345 -0.514505 0.261961 -0.816493 1
26.564 31.4316 461.671 0.0763923 0.956328 0.282137 1
-30.8353 -5.12643 411.329 -0.44043 0.221919 -0.869927 1
-2.63589 -37.9898 461.672 -0.12804 -0.959738 -0.250019 1
-35.8361 -15.926 411.368 -0.549912 0.172545 -0.817206 1
20.1645 -13.5263 461.367 0.607897 -0.113894 0.785805 1
-5.03606 -26.7025 411.671 -0.0867695 -0.782487 -0.616592 1
11.15 -31.33 461.364 0.690632 -0.444441 0.570525 1
10.1664 -34.3283 461.424 0.394968 -0.343413 0.852096 1
27.3869 1.27993 461.293 0.604189 -0.298816 0.738691 1
24.6288 14.6738 411.671 0.817813 0.037868 -0.574237 1
-15.6485 -25.5832 411.713 0.099751 -0.987237 -0.124146 1
35.7484 19.4772 461.354 0.517264 -0.120926 0.84724 1
26.165 -0.926563 461.365 0.409625 -0.263771 0.873288 1
-3.83588 -37.8162 461.472 -0.0417925 -0.986695 -0.157122 1
5.96407 33.822 461.471 0.11439 0.960691 0.252957 1
25.4824 -16.9389 411.69 0.857408 -0.00178656 -0.514634 1
-11.0358 -26.0679 411.672 -0.0037714 -0.93703 -0.349229 1
-21.6359 37.1852 461.471 0.00869569 0.996215 0.0864908 1
-22.636 37.3066 461.471 0.0623488 0.979787 0.190079 1
24.3139 27.6739 411.67 0.695239 -0.457705 -0.55421 1
-32.2282 -23.4946 411.69 -0.25896 -0.944955 -0.200002 1
-5.43589 35.2301 461.471 0.0690556 0.98204 0.175579 1
12.3642 43.8938 411.672 0.0915264 0.989038 0.115873 1
-9.74054 19.3796 405.004 -0.520082 0.22532 -0.82386 1
-27.435 3.27337 411.558 -0.608203 0.246809 -0.754436 1
-11.6359 -36.762 461.472 0.0366517 -0.996592 -0.0739029 1
11.764 33.1385 461.471 0.590552 0.794789 0.139851 1
11.364 33.177 461.471 0.156218 0.947592 0.278687 1
-12.2364 35.8741 411.602 -0.48772 0.234937 -0.840794 1
-16.6366 26.2741 411.622 -0.503807 0.312089 -0.805468 1
21.9639 -10.326 461.207 0.510283 -0.266567 0.817651 1
-37.236 -22.703 411.871 -0.318834 -0.798772 -0.510205 1
39.9586 27.4683 461.248 0.600962 0.0122057 0.799185 1
38.3663 24.4761 461.191 0.473618 -0.143378 0.868982 1
24.9173 11.0739 411.871 0.864222 0.0486986 -0.500748 1
33.1646 12.4736 461.121 0.577254 -0.286878 0.764512 1
43.0731 -7.13228 441.064 0.880597 -0.0318334 -0.472796 1
24.1631 -5.52575 461.263 0.489594 -0.296461 0.820005 1
25.0165 7.07386 411.872 0.844664 0.0208006 -0.534892 1
-34.036 -23.4569 411.871 -0.359406 -0.923633 -0.133149 1
25.3033 -18.7093 411.896 0.804889 -0.00188449 -0.593422 1
25.9642 -1.72622 461.209 0.600566 -0.120999 0.790367 1
14.7734 5.16573 395.768 0.703169 0.291912 -0.648337 1
38.5642 29.6102 461.272 0.396465 0.698755 0.595446 1
11.9758 -13.0236 390.264 0.749348 0.0194131 -0.661891 1
39.1815 -22.2665 446.019 0.671118 -0.374017 0.640087 1
-5.03592 45.747 411.871 0.0768866 0.996735 0.0246602 1
23.6929 36.457 411.884 0.901352 0.0255912 -0.43233 1
-9.23588 35.7398 461.272 0.0336629 0.995601 0.0874424 1
-30.8353 -3.72643 411.744 -0.475806 0.309896 -0.823148 1
22.3641 31.9801 461.272 0.168277 0.963772 0.206946 1
-25.4343 8.27311 411.708 -0.480164 0.166824 -0.861169 1
3.56399 34.2196 461.271 -0.00524812 0.998918 -0.0462064 1
3.36327 34.2643 461.271 0.074584 0.99249 -0.0969576 1
-13.4363 34.2741 411.85 -0.411667 0.312438 -0.856103 1
39.1509 -23.0265 446.023 0.799069 -0.278474 0.532861 1
25.8325 -27.1361 412.082 0.908937 0.0443088 -0.414572 1
16.765 -21.7266 460.951 0.803186 -0.501141 0.322101 1
6.16402 44.5773 412.071 -0.0300971 0.96096 0.275046 1
27.5753 1.0717 460.974 0.416632 -0.375781 0.827772 1
24.9038 16.6738 412.073 0.83692 0.0579968 -0.544243 1
4.56401 38.6768 441.071 0.0961468 0.981906 0.163146 1
20.5635 -13.9259 461.007 0.611429 -0.260966 0.747028 1
9.16417 44.2084 412.072 0.0603781 0.907793 0.41505 1
30.9653 7.87313 461.071 0.547744 -0.260561 0.795038 1
23.5641 -8.12617 460.897 0.471001 -0.216594 0.855129 1
30.1486 6.07136 460.992 0.523253 -0.268342 0.808826 1
18.9642 -16.7262 461.063 0.569103 -0.226286 0.790516 1
-32.6326 -23.5313 412.083 0.00995932 -0.995114 -0.098233 1
-15.2384 -25.6503 412.063 0.457091 -0.865987 -0.202815 1
25.476 -6.1261 412.071 0.832278 0.026942 -0.553704 1
24.5977 25.2739 412.071 0.800498 -0.0289288 -0.598637 1
23.9638 -6.92601 461.001 0.215591 -0.279374 0.935666 1
25.7409 -29.5253 412.073 0.510567 -0.456066 -0.728921 1
16.3642 43.349 412.072 0.360765 0.929137 0.0809478 1
-27.6369 4.67431 412.035 -0.652439 0.154012 -0.742026 1
-35.0355 -12.1263 411.971 -0.489282 0.154367 -0.858355 1
-29.2351 0.473516 411.936 -0.560641 0.224141 -0.797147 1
28.1641 31.367 461.071 0.158549 0.978711 0.130334 1
-2.83589 34.9684 461.072 0.110557 0.974859 0.193462 1
-22.8365 15.0742 412.054 -0.565642 0.214399 -0.796293 1
-4.2353 -26.923 412.272 -0.123439 -0.938088 -0.323656 1
-20.8386 -25.1788 412.292 -0.0552389 -0.987879 -0.145064 1
35.7647 17.2736 460.713 0.542664 -0.276522 0.793128 1
23.9647 36.2738 412.272 0.79868 0.15671 -0.580993 1
13.764 -28.9562 412.271 -0.129236 -0.965582 -0.225719 1
37.7869 22.2912 460.78 0.473473 -0.187168 0.860692 1
-34.4361 -23.4924 412.271 -0.0879837 -0.996031 -0.0134557 1
16.9635 -21.7258 460.829 0.406633 -0.437061 0.802264 1
14.564 -29.0595 412.271 0.065131 -0.996477 -0.0528426 1
33.1634 11.4742 460.834 0.650805 -0.158735 0.742466 1
25.61 -7.92612 412.271 0.815347 0.0913468 -0.571722 1
25.5973 -6.12614 412.272 0.392315 -0.0630267 -0.917669 1
27.7705 0.278986 460.734 0.72625 -0.45532 0.515019 1
18.5638 -18.726 460.759 0.476864 -0.310641 0.822255 1
24.1649 -7.3265 460.754 0.37245 -0.221436 0.901248 1
8.16405 -28.421 412.271 -0.0964515 -0.981768 -0.163795 1
-24.4359 37.6323 460.872 0.0268386 0.981488 0.189632 1
24.7791 24.0675 412.27 0.796216 0.0997349 -0.596735 1
22.7641 -30.0605 412.271 0.0811733 -0.970128 -0.228611 1
0.538824 45.1046 412.251 0.112619 0.991452 0.0658794 1
14.7311 4.37779 395.356 0.82379 0.068636 -0.562725 1
34.5641 30.6378 460.872 0.17585 0.925539 0.335343 1
20.964 32.2394 460.871 0.00748761 0.972573 0.232477 1
-12.2359 37.8738 412.205 -0.42878 0.199456 -0.881116 1
-12.0358 37.8738 412.082 -0.724309 0.271237 -0.633882 1
-9.63591 35.8458 460.871 0.128036 0.990607 0.0480087 1
-5.83596 -37.3825 460.871 -0.096375 -0.965088 -0.243549 1
25.9641 31.6649 460.872 0.0862133 0.965999 0.243749 1
-18.6366 23.6744 412.099 -0.612752 0.449688 -0.649858 1
-18.6369 23.8745 412.189 -0.639996 0.108053 -0.760743 1
-36.8356 -15.3263 412.111 -0.468305 0.217139 -0.85647 1
0.963493 34.616 460.871 -0.132905 0.989649 0.054132 1
-10.2353 41.6736 412.097 -0.419226 0.417937 -0.805964 1
-25.2362 10.474 412.197 -0.449323 0.142987 -0.881852 1
-15.8361 30.474 412.261 -0.583962 0.299625 -0.754462 1
-13.6362 35.074 412.215 -0.505412 0.266978 -0.820538 1
9.36397 44.1021 412.471 0.120917 0.984034 0.130599 1
25.8174 -10.7262 412.472 0.820396 -0.0364438 -0.570633 1
26.0297 -23.5261 412.471 0.864911 0.154578 -0.47753 1
21.3632 -13.5257 460.631 0.499874 -0.417391 0.758888 1
25.5549 -0.726124 412.471 0.880602 -0.0165177 -0.473568 1
40.9661 28.6734 460.585 0.620894 0.302828 0.723039 1
-26.2358 -24.474 412.472 0.028429 -0.999349 -0.0222021 1
33.564 11.0739 460.477 0.701543 -0.173799 0.691109 1
32.9643 10.2737 460.588 0.645365 -0.171398 0.744397 1
24.2898 34.475 412.477 0.844584 0.0706228 -0.530745 1
21.9641 42.4918 412.471 0.206182 0.97176 0.11477 1
26.0354 -28.3462 412.461 0.89088 -0.0294323 -0.453285 1
-17.2359 -25.5166 412.471 -0.146013 -0.970354 -0.192594 1
-10.636 -26.3126 412.471 -0.0175294 -0.968198 -0.24957 1
-19.6186 37.0716 460.676 0.39517 0.891521 0.221427 1
8.564 33.6912 460.671 0.149417 0.963818 0.220746 1
0.963943 34.6529 460.671 -0.103931 0.738198 0.666529 1
-24.2352 13.0735 412.345 -0.62856 0.263663 -0.731707 1
-14.436 33.6739 412.297 -0.544216 0.249466 -0.800996 1
-26.0363 9.67405 412.449 -0.480001 0.274269 -0.833292 1
-36.2354 -13.3264 412.365 -0.489948 0.135903 -0.861093 1
-4.43595 -37.5175 460.671 -0.110035 -0.915361 -0.387308 1
2.16401 34.5382 460.671 -0.00127717 0.999766 0.0215938 1
-21.436 -35.3798 460.671 -0.171902 -0.966164 -0.192292 1
-11.0359 -36.6693 460.671 -0.0488138 -0.989432 -0.136537 1
25.5793 4.27386 412.672 0.852433 -0.019506 -0.522473 1
41.3731 28.8597 460.387 0.378996 0.402608 0.833228 1
-25.836 -24.5505 412.671 -0.0981791 -0.927623 -0.360385 1
25.7928 -19.9192 412.655 0.819282 0.0490755 -0.571287 1
31.3069 -29.7786 420.261 0.794416 -0.257644 -0.550021 1
25.8257 -5.72616 412.672 0.775906 0.0201713 -0.630526 1
25.1643 -6.52625 460.35 0.564224 -0.160519 0.809867 1
-17.2257 32.3885 479.979 -0.327442 0.804886 0.494915 1
-18.2359 41.4037 441.071 0.0796909 0.978462 0.190425 1
-13.5491 -0.548917 485.399 -0.116627 -0.147223 0.982203 1
-36.8354 -13.7264 412.56 -0.486826 0.289654 -0.824076 1
-24.8361 12.2739 412.482 -0.564772 0.327058 -0.757671 1
37.9642 29.978 460.472 0.185233 0.920726 0.343441 1
25.164 31.8457 460.471 -0.241424 0.933525 0.265039 1
24.764 31.8975 460.471 0.0985916 0.957452 0.271228 1
-28.0359 5.47384 412.498 -0.60326 0.119423 -0.788553 1
-3.43592 -37.6396 460.471 -0.0600596 -0.960438 -0.271941 1
29.3641 31.3421 460.471 0.327507 0.940353 0.0920604 1
-27.6357 6.67378 412.578 -0.57789 0.138422 -0.80429 1
-30.2365 0.6741 412.621 -0.495776 0.201613 -0.844724 1
-26.6355 8.67368 412.524 -0.479374 0.249692 -0.841341 1
-18.2352 26.4735 412.672 -0.469769 0.199384 -0.859979 1
11.564 33.3963 460.471 0.42522 0.890246 0.163249 1
-25.2359 -34.8335 460.471 -0.261904 -0.936545 -0.233002 1
-23.8359 -35.0697 460.471 0.0154645 -0.99962 -0.0227987 1
-14.4359 -36.1892 460.471 -0.171388 -0.968554 -0.180358 1
37.3653 18.8733 460.148 0.552856 -0.189615 0.811416 1
18.9648 -19.9265 460.128 0.495331 -0.382349 0.780036 1
13.7658 -30.7261 460.16 0.263999 -0.264578 0.927525 1
-7.23826 -26.5841 412.876 -0.0963908 -0.977649 -0.186845 1
25.4147 14.0739 412.872 0.89386 0.000468292 -0.448346 1
-0.635867 45.1316 412.872 -0.0545203 0.996854 0.057538 1
1.96396 44.8612 412.871 0.462951 0.854271 0.236428 1
26.1425 -14.7261 412.871 0.82882 -0.177382 -0.530653 1
24.9126 28.4805 412.869 0.828798 0.0335432 -0.558541 1
-0.522562 8.9784 396.077 -0.540901 0.399114 -0.740361 1
38.7642 22.0738 460.206 0.462986 -0.231671 0.855554 1
30.3405 4.28378 460.133 0.496596 -0.277754 0.822341 1
22.7647 -12.1265 460.216 0.581691 -0.259425 0.770931 1
-21.2359 20.4739 412.672 -0.560181 0.267362 -0.784038 1
14.1649 -29.9266 460.152 0.405511 -0.21493 0.888463 1
38.166 20.8729 460.222 0.523169 -0.196441 0.82928 1
26.1694 -18.7325 412.843 0.849529 0.0212694 -0.527112 1
-19.0778 37.2055 460.232 0.139389 0.943323 0.301184 1
-18.0364 27.274 412.782 -0.484222 0.255087 -0.836934 1
-11.4363 41.0741 412.685 -0.49343 0.259644 -0.830128 1
-14.0357 35.8738 412.716 -0.568742 0.356375 -0.741303 1
-34.6351 -8.52649 412.72 -0.555029 0.199289 -0.807605 1
2.36406 -38.2595 460.271 -0.158369 -0.984336 0.0774725 1
-8.03588 35.821 460.272 0.140122 0.98403 0.109773 1
-20.8353 -25.339 413.072 0.0699387 -0.996826 0.0380415 1
-0.236004 -37.9822 460.271 -0.0857503 -0.987769 -0.13023 1
2.16408 34.6303 460.272 0.134046 0.919036 0.370681 1
-23.4359 -35.0771 460.271 -0.116572 -0.988871 0.0924389 1
-13.036 -36.3088 460.271 -0.0727627 -0.961523 -0.264915 1
14.764 43.3309 413.071 0.19248 0.968073 0.160581 1
16.3642 43.1302 413.072 0.553832 0.743184 0.375431 1
26.0619 -7.12612 413.071 0.974153 0.128651 -0.185677 1
8.71636 -5.86651 386.53 0.183252 0.299077 -0.936468 1
24.8634 29.6629 413.083 0.857795 0.0937388 -0.505372 1
1.96404 44.8226 413.071 0.333542 0.938098 -0.0933889 1
25.8729 2.27388 413.071 0.844243 -0.0678554 -0.531647 1
-15.2438 -25.8549 413.061 -0.0157223 -0.967446 -0.252588 1
-28.4362 -24.3848 413.071 -0.141981 -0.955092 -0.260079 1
35.7642 13.8738 459.886 0.509208 -0.180926 0.841411 1
-33.036 -4.12608 412.997 -0.527553 0.241925 -0.814347 1
-24.636 37.8595 460.071 0.0446398 0.945145 0.323586 1
-17.0355 30.0737 412.921 -0.371883 0.17776 -0.9111 1
-15.0355 34.6737 412.976 -0.579232 0.363976 -0.729392 1
-12.8359 38.8739 412.904 -0.481793 0.260206 -0.836761 1
-14.0357 36.6737 412.973 -0.559258 0.261297 -0.786737 1
-12.2364 40.4741 413.014 -0.484483 0.282812 -0.827824 1
9.18415 -12.6381 386.37 0.788463 0.291723 -0.541501 1
4.56405 34.2979 460.071 0.0493451 0.976082 0.211728 1
13.7643 -29.2044 413.272 -0.0825203 -0.967086 -0.240696 1
1.36402 -38.1204 460.071 -0.262806 -0.964796 -0.0101124 1
12.5641 43.5567 413.272 0.0548058 0.983341 0.173313 1
15.964 -27.5261 459.789 0.350756 -0.260046 0.899637 1
36.1649 14.2735 459.74 0.668867 -0.25987 0.69648 1
26.1915 -7.3261 413.271 0.800844 0.467122 -0.37476 1
14.3444 -30.7304 459.838 0.578564 -0.141338 0.803298 1
14.3642 -31.3037 459.785 0.452378 -0.266017 0.851228 1
-6.43595 45.659 413.271 -0.0597352 0.998142 -0.0119854 1
25.9956 2.27386 413.272 0.670067 0.0935978 -0.736376 1
25.3644 -8.12631 459.779 0.5354 -0.292431 0.792358 1
26.3669 -14.7261 413.272 0.811599 -0.323878 -0.486219 1
19.5638 -19.526 459.864 0.504619 -0.302682 0.808544 1
-10.2362 -26.4782 413.272 -0.0950903 -0.963053 -0.251966 1
-18.236 28.4739 413.224 -0.469943 0.220599 -0.854687 1
11.3639 -35.926 459.804 0.338172 -0.439935 0.831924 1
36.7649 15.6735 459.751 0.507631 -0.334388 0.794037 1
-10.4373 44.075 413.183 -0.300291 0.456104 -0.837732 1
-10.0356 44.4736 413.124 -0.32149 0.281225 -0.904188 1
36.3647 14.6736 459.73 0.470125 -0.488571 0.735038 1
-39.0344 -16.7268 413.131 -0.526798 0.163804 -0.834058 1
25.964 31.8834 459.871 0.0889403 0.982085 0.166126 1
-19.436 25.2739 413.089 -0.494065 0.224929 -0.839825 1
-26.4359 38.0084 459.871 0.00901443 0.923481 0.383539 1
-30.8354 1.27364 413.158 -0.484084 0.205408 -0.85057 1
-15.6359 34.0739 413.175 -0.528347 0.360247 -0.768812 1
3.96404 -38.3285 459.871 -0.0278957 -0.999471 -0.016702 1
-8.23603 35.941 459.871 0.19561 0.87456 0.443713 1
0.964012 -38.03 459.871 -0.0014732 -0.997314 0.0732255 1
40.3639 29.7397 459.871 0.428745 0.794203 0.430603 1
29.5641 31.4451 459.872 0.0975272 0.913919 0.394007 1
39.7642 29.8286 459.872 0.240424 0.880928 0.40763 1
25.3963 27.4739 413.472 0.858256 0.049381 -0.51084 1
-8.83626 45.7003 413.472 -0.176972 0.896219 -0.406784 1
9.81091 0.939123 388.142 0.183213 0.129803 -0.974466 1
16.3641 43.0549 413.471 0.468649 0.861225 0.196621 1
26.4917 -13.9261 413.472 0.823469 -0.121134 -0.554279 1
-18.2402 -25.3424 413.47 -0.399915 -0.881627 -0.250602 1
-30.236 -24.2397 413.471 -0.233907 -0.92853 -0.288305 1
26.3812 -9.72614 413.472 0.886817 0.00608562 -0.462081 1
24.8947 36.4771 413.492 0.812833 0.244619 -0.528644 1
5.56392 44.2935 413.471 0.00532633 0.985849 0.16755 1
19.764 -30.0143 413.471 -0.141081 -0.946463 -0.290353 1
-41.2363 -21.326 413.279 -0.56898 -0.32531 -0.755271 1
-34.2357 -5.52625 413.337 -0.544909 0.358472 -0.758005 1
18.7649 -22.3265 459.557 0.388305 -0.301202 0.870917 1
-20.8349 23.2731 413.286 -0.500857 0.2509 -0.828367 1
27.1789 -5.91741 459.491 0.798815 -0.0928096 0.594375 1
26.5641 -6.52615 459.546 0.645688 -0.075685 0.759841 1
-31.8362 -0.12603 413.406 -0.444612 0.158293 -0.881626 1
-2.43592 -37.6032 459.671 -0.222291 -0.871501 -0.437119 1
-2.83582 -37.5522 459.672 0.100129 -0.805967 -0.583431 1
26.2617 0.873872 413.671 0.844304 0.00334209 -0.535854 1
26.5622 -11.7262 413.672 0.796423 -0.104205 -0.595695 1
-4.62335 -27.1924 413.651 -0.285925 -0.956393 -0.0596505 1
26.834 -27.3261 413.673 0.834772 -0.134889 -0.533816 1
-24.4359 -34.8099 459.672 -0.171449 -0.937554 -0.302653 1
-11.4359 -36.4166 459.672 -0.0789681 -0.957018 -0.27907 1
26.1626 6.67388 413.671 0.8629 -0.0152143 -0.505146 1
13.7366 -33.3423 459.354 0.491481 -0.36894 0.788879 1
-0.836104 45.0022 413.671 0.00120308 0.997524 0.0703205 1
10.6217 9.88767 389.889 0.0464649 0.13156 -0.990219 1
25.5009 28.284 413.662 0.920797 0.0714256 -0.383446 1
25.4209 28.6647 413.675 0.942236 0.0763751 -0.326127 1
8.96409 43.8914 413.671 0.10284 0.967147 0.232486 1
-14.036 -26.1255 413.672 0.0287414 -0.956612 -0.289945 1
12.1651 -36.1265 459.318 0.43997 -0.11607 0.89048 1
2.96408 -28.1321 413.671 -0.108096 -0.909328 -0.401793 1
8.16419 -28.7607 413.672 -0.192588 -0.981247 -0.00795912 1
-19.0353 27.6736 413.523 -0.575494 0.260851 -0.775089 1
37.5633 16.4741 459.435 0.535049 -0.316399 0.783335 1
-30.8355 2.67369 413.51 -0.421733 0.278173 -0.862995 1
-30.6365 3.67414 413.649 -0.480232 0.20482 -0.852893 1
33.1625 7.07525 459.413 0.578012 -0.194722 0.792455 1
16.1637 -28.3259 459.427 0.305698 -0.274593 0.911673 1
31.9649 4.87347 459.347 0.587097 -0.250995 0.769623 1
-11.8353 42.8735 413.514 -0.468411 0.479395 -0.74214 1
-28.8353 7.4736 413.557 -0.569428 0.182288 -0.801575 1
18.1642 -24.3262 459.367 0.295808 -0.39143 0.871367 1
-20.6365 24.4741 413.618 -0.472189 0.287191 -0.833402 0.983728
-16.2359 -35.7437 459.471 -0.205867 -0.97219 -0.111646 1
6.96399 -38.6446 459.471 0.153185 -0.971333 0.181787 1
31.7781 31.2871 459.503 0.288435 0.890892 0.350879 1
30.7966 -32.2176 448.596 0.523897 -0.419338 0.741409 1
-9.23577 -36.6363 459.472 -0.0848929 -0.968683 -0.233336 1
-25.0359 -34.6853 459.471 -0.312806 -0.930625 -0.18997 1
25.8977 20.8954 413.859 0.875125 -0.148054 -0.460691 1
26.6541 -10.9261 413.871 0.8752 0.0812374 -0.476891 1
26.0595 13.0739 413.871 0.957455 0.0724028 -0.279353 1
25.0883 36.8734 413.869 0.686387 0.568558 -0.453448 1
26.5962 -8.52615 413.872 0.892191 0.0274082 -0.450827 1
25.39 29.2729 413.874 0.882167 0.166846 -0.440391 1
-4.03598 45.3201 413.871 0.101151 0.991539 0.0813573 1
26.7512 -7.32707 459.113 0.763001 -0.26052 0.591574 1
39.357 19.6828 459.156 0.619174 -0.247865 0.745108 1
8.7638 -28.861 413.871 -0.254386 -0.942697 -0.215895 1
26.1632 -30.7024 413.873 0.150166 -0.934987 -0.321325 1
43.3676 29.2705 459.157 0.279776 0.341526 0.897265 1
24.3608 -12.3255 459.123 0.544011 -0.231958 0.806379 1
-18.4407 -25.5414 413.825 -0.16052 -0.863883 -0.477431 1
43.1636 28.474 459.217 0.299774 0.104069 0.948317 1
12.3654 -35.9266 459.242 0.479516 -0.125821 0.868466 1
-31.4366 2.47416 413.841 -0.597455 0.155342 -0.786713 1
-22.8359 20.8739 413.829 -0.586206 0.29156 -0.755881 1
-24.4345 17.4732 413.787 -0.592562 0.191669 -0.782389 1
-37.6357 -11.3262 413.809 -0.5595 0.208158 -0.802266 1
-32.036 0.47388 413.691 -0.546072 0.318112 -0.77499 1
-41.0353 -18.7264 413.711 -0.585118 0.20131 -0.785564 1
-9.43571 -26.6773 414.072 -0.019354 -0.999733 -0.0125888 1
19.5639 42.5537 414.071 0.634435 0.731327 -0.250305 1
-2.43594 45.1089 414.071 0.133121 0.990694 0.028354 1
1.76409 -28.0656 414.071 -0.074985 -0.914806 -0.396872 1
-10.0479 45.7843 414.071 -0.227091 0.911116 -0.343944 1
31.7495 31.4098 459.24 0.335612 0.661891 0.670272 1
-25.0357 38.0716 459.272 0.0617385 0.96693 0.247457 1
-27.4359 38.1801 459.271 0.0127048 0.950112 0.311649 1
25.2764 36.2739 414.071 0.918712 0.147263 -0.366444 1
26.6117 -4.52613 414.071 0.828969 0.0282835 -0.558579 1
26.1628 13.8739 414.071 0.949921 -0.126289 -0.285835 1
-31.6357 -24.2163 414.072 -0.691129 -0.624771 -0.36332 1
31.5657 2.67286 458.886 0.514151 -0.2662 0.815344 1
38.5643 17.2738 458.982 0.569098 -0.231972 0.78887 1
-32.4353 0.473585 413.934 -0.469809 0.31674 -0.823987 1
34.3671 7.68907 458.899 0.580649 -0.245186 0.776357 1
-39.0364 -13.5259 414.052 -0.409271 0.224582 -0.884342 1
26.7075 -8.55407 458.889 0.720314 -0.300067 0.625386 1
-27.2355 12.2736 413.963 -0.446794 0.343077 -0.826241 1
-15.0355 38.0736 414.008 -0.355703 0.257535 -0.898416 1
-14.8373 38.4747 414.029 -0.474362 0.192018 -0.859133 1
-21.2351 24.2735 413.936 -0.531851 0.271837 -0.802022 0.897363
41.163 23.0743 459.029 0.577246 -0.142025 0.804124 1
13.3632 -34.9258 458.889 0.478715 -0.418652 0.771727 1
21.3637 -19.1259 458.885 0.520634 -0.196159 0.83094 1
-13.6367 40.8742 414.045 -0.53916 0.342885 -0.769244 1
-20.2352 26.4735 413.926 -0.523608 0.310782 -0.793252 1
-18.8358 30.0738 414.057 -0.545649 0.244619 -0.801517 1
-33.436 -1.92611 413.888 -0.52944 0.233544 -0.815567 1
16.5647 -29.1265 458.952 0.459522 -0.281107 0.842507 1
-40.6357 -22.9662 414.272 -0.410161 -0.710574 -0.57171 1
-40.2359 -23.0308 414.272 -0.268591 -0.751174 -0.602989 1
27.1607 -7.12313 458.928 0.87504 -0.174715 0.45142 1
19.7641 42.49 414.272 0.296247 0.895036 -0.33339 1
26.0849 21.0943 414.239 0.822777 -0.245266 -0.512722 1
26.9389 -13.1261 414.271 0.830761 -0.0995754 -0.54765 1
37.9807 35.3107 435.642 0.680017 0.721608 -0.129836 1
3.36402 -28.3107 414.271 -0.123231 -0.930066 -0.346109 1
26.0721 22.8739 414.271 0.867341 -0.0062713 -0.497674 1
-18.8365 37.4121 459.071 0.0450558 0.961951 0.269483 1
-17.421 -25.7636 414.285 -0.143473 -0.968656 -0.202785 1
-14.4358 -35.884 459.072 -0.139966 -0.945679 -0.29343 1
-14.436 -26.224 414.271 -0.011989 -0.97044 -0.241045 1
17.364 -29.8715 414.271 -0.11087 -0.958225 -0.263653 1
5.36413 34.4257 459.072 0.136748 0.963059 0.231987 1
-26.4358 38.2921 459.071 0.0770204 0.973982 0.213136 1
-31.8357 -24.2382 414.272 -0.164276 -0.836993 -0.521973 1
-14.836 37.0025 459.071 -0.0147849 0.940538 0.339366 1
25.3809 35.4613 414.281 0.8964 0.131237 -0.423373 1
25.3485 36.6739 414.271 0.919812 0.110484 -0.376483 1
18.964 42.5837 414.271 0.300803 0.943616 -0.138225 1
-28.2355 10.6737 414.118 -0.567085 0.217107 -0.794531 1
12.5631 -37.1257 458.793 0.347112 -0.445675 0.825159 1
-39.6361 -14.5261 414.087 -0.520006 0.249678 -0.816857 1
-11.236 44.8739 414.09 -0.48573 0.6342 -0.601545 1
-31.8366 3.07416 414.247 -0.701667 0.181126 -0.689099 1
-22.0353 23.4735 414.14 -0.567722 0.288752 -0.770918 1
43.9648 28.4736 458.717 0.572369 0.186087 0.798602 1
-17.4357 33.4737 414.167 -0.446526 0.263503 -0.855091 1
38.1633 15.4742 458.841 0.612912 -0.351548 0.707639 1
-41.8351 -18.9265 414.175 -0.497799 0.103443 -0.861101 1
25.3635 -11.5258 458.749 0.503081 -0.12418 0.855271 1
33.1641 5.07388 458.679 0.657111 -0.235768 0.715974 1
27.0891 -29.5524 414.497 0.695664 -0.444544 -0.564297 1
18.7635 -24.7259 458.854 0.384311 -0.285354 0.877997 1
-6.83586 -36.8264 458.872 -0.0300203 -0.967491 -0.251118 1
-38.436 -23.3349 414.471 -0.221896 -0.907731 -0.356071 1
39.5643 30.1676 458.872 0.29821 0.905859 0.300816 1
10.3073 -29.1967 414.414 -0.143278 -0.954742 -0.260651 1
34.5673 31.1109 458.878 0.197172 0.936333 0.290525 1
-21.6356 -25.4504 414.472 -0.0749079 -0.971733 -0.223881 1
21.3641 32.6584 458.872 0.135176 0.960934 0.241523 1
4.76406 -28.5351 414.471 -0.0924152 -0.939209 -0.330674 1
-7.0358 45.5189 414.472 0.0217008 0.999302 0.0303977 1
26.7864 -2.52614 414.472 0.824863 0.0434856 -0.563657 1
-1.63602 44.933 414.471 0.207187 0.973346 0.0983424 1
-21.2359 -35.0156 458.872 -0.123329 -0.974533 -0.187284 1
-4.65553 -32.9004 439.48 -0.323935 -0.875681 -0.358119 1
-1.23602 44.8755 414.471 -0.00958918 0.979855 0.199482 1
0.564102 44.6542 414.472 0.157306 0.967825 0.19639 1
6.76407 43.9439 414.472 0.177946 0.944428 0.27639 1
-14.8363 37.0324 458.871 -0.0245353 0.567966 0.822686 1
-23.8455 19.8994 414.304 -0.686345 0.256416 -0.680575 1
-36.4361 -6.72606 414.396 -0.606409 0.256025 -0.752807 1
15.8275 -32.9464 458.309 0.137878 -0.462207 0.875988 1
23.591 -14.9094 458.636 0.180956 -0.571289 0.800553 1
23.3594 -15.3557 458.633 0.497522 -0.30758 0.81109 1
35.3648 8.67352 458.603 0.644168 -0.145916 0.750837 1
-31.6361 4.07393 414.395 -0.596374 0.230369 -0.76894 1
36.7634 11.6742 458.648 0.434755 -0.292122 0.851853 1
-24.4361 -30.4821 439.471 0.0511726 -0.99683 -0.0609269 1
29.964 -2.3261 458.599 0.449164 -0.037743 0.892652 1
-41.4348 -17.1266 414.353 -0.536283 0.244387 -0.807883 1
13.7628 -34.9256 458.629 0.709371 -0.365729 0.602524 1
-21.436 25.0739 414.288 -0.566763 0.258201 -0.782376 1
-39.6364 -13.1259 414.452 -0.508361 0.21726 -0.833287 1
-24.4582 19.0906 414.294 -0.597184 0.451028 -0.663283 1
17.9637 -27.1259 458.665 0.494992 -0.265996 0.827181 1
26.8407 2.67387 414.672 0.867729 0.0852818 -0.489666 1
27.1572 -11.9261 414.671 0.847238 -0.00594507 -0.531181 1
38.5634 15.6741 458.64 0.504926 -0.36253 0.78334 1
43.7805 26.8622 458.576 0.51657 -0.114378 0.848571 1
-8.83591 45.6862 414.672 -0.0267944 0.998886 0.0388546 1
26.4909 16.0739 414.671 0.894535 -0.0223011 -0.446441 1
-4.83615 35.6847 458.67 0.109884 0.95423 0.278157 1
-7.40484 -27.0475 414.689 0.198674 -0.962876 -0.182752 1
-8.23597 -36.6013 458.671 -0.0958178 -0.968112 -0.231468 1
-19.2354 -25.8955 414.672 -0.0677542 -0.974396 -0.214388 1
19.564 -30.2465 414.671 -0.139143 -0.946054 -0.292611 1
26.5196 14.6739 414.671 0.923979 -0.273335 -0.267491 1
27.1365 -22.7261 414.672 0.789608 -0.0437566 -0.612049 1
25.9106 29.0515 414.68 0.893133 0.198786 -0.403482 1
-8.63597 36.2797 458.671 0.0408114 0.952314 0.302378 1
-24.0358 20.2737 414.49 -0.793121 0.257873 -0.551779 1
-30.2357 7.67378 414.508 -0.521728 0.226945 -0.822372 1
-42.0373 -17.5256 414.665 -0.55202 0.293269 -0.780556 1
-25.0362 18.6739 414.513 -0.508354 0.433738 -0.743941 1
-21.0352 26.8736 414.537 -0.476655 0.36415 -0.800122 1
34.7644 7.07372 458.324 0.611244 -0.340262 0.714565 1
30.1643 -2.92625 458.31 0.53017 -0.302029 0.792274 1
13.957 -35.1313 458.456 0.353595 -0.198494 0.914096 1
-40.8361 -23.1176 414.871 -0.375986 -0.871364 -0.315215 1
31.164 31.6761 458.471 0.0309603 0.963974 0.264189 1
-7.23587 -27.0744 414.871 -0.414187 -0.910182 -0.00410052 1
-40.2359 -23.2025 414.872 -0.352228 -0.923673 -0.150878 1
27.5589 -20.726 414.87 0.802507 -0.0554218 -0.594063 1
27.3986 -17.5261 414.871 0.820781 0.102129 -0.56204 1
26.6455 14.6739 414.872 0.609832 -0.583429 -0.53639 1
25.6753 37.2508 414.864 0.716129 0.306164 -0.627234 1
-28.836 -24.7026 414.871 -0.113835 -0.972748 -0.202 1
-14.6359 -26.3414 414.872 -0.0222146 -0.979637 -0.199544 1
0.364102 35.2352 458.472 0.139571 0.962972 0.230664 1
-31.8361 -24.3716 414.871 -0.40094 -0.819767 -0.408937 1
-16.6402 -26.0776 414.852 -0.191631 -0.966184 -0.172527 1
-11.6357 36.752 458.472 0.117698 0.955393 0.270871 1
26.4112 24.4743 414.868 0.830393 0.0444613 -0.555401 1
-19.0361 37.5603 458.471 -0.0423836 0.986718 0.156817 1
21.1641 -30.4924 414.871 -0.00638302 -0.968433 -0.249191 1
-41.6355 -16.3263 414.749 -0.594904 0.229388 -0.77037 1
41.8738 31.674 441.071 0.846745 0.290784 -0.445497 1
-13.4359 -35.9153 458.471 -0.0674164 -0.957099 -0.28181 1
-15.4358 -35.6469 458.472 -0.0622896 -0.955951 -0.286842 1
-15.6359 39.2739 414.764 -0.594519 0.345547 -0.726047 1
37.9634 12.8741 458.229 0.428686 -0.227393 0.874369 1
-23.8363 22.2741 414.826 -0.752051 0.348433 -0.559476 1
-23.4356 22.8736 414.786 -0.699154 0.245339 -0.67156 1
-17.836 35.0739 414.858 -0.437799 0.271575 -0.857076 1
35.9633 8.46726 458.163 0.804462 -0.108825 0.58395 1
-31.2365 6.67412 414.863 -0.659637 0.0398615 -0.750527 1
-25.8268 -25.0457 415.098 -0.0175654 -0.955326 -0.295032 1
12.9644 43.1205 415.072 0.0352527 0.985106 0.168295 1
37.7634 11.8742 458.084 0.558909 -0.238883 0.794076 1
37.1635 10.8765 458.162 0.445791 -0.318724 0.836472 1
33.7636 4.87412 458.267 0.505029 -0.31591 0.80321 1
31.564 -0.726092 458.072 0.544258 -0.197027 0.815453 1
26.7103 18.4739 415.071 0.855952 0.118881 -0.503203 1
14.964 42.8874 415.071 0.257419 0.944373 0.204683 1
23.5644 41.7479 415.072 0.0350852 0.998745 0.0357458 1
-23.8359 -34.5991 458.271 -0.176902 -0.952777 -0.246823 1
-23.836 37.9513 458.272 0.063338 0.972762 0.222983 1
-13.636 36.964 458.271 0.0918143 0.91181 0.400215 1
27.5781 -19.3259 415.068 0.804673 -0.00752211 -0.593671 1
-28.8354 12.2736 414.964 -0.554986 0.315166 -0.769845 1
-14.8359 37.1231 458.271 0.0571315 0.911265 0.407838 1
9.76401 -38.6957 458.271 0.0398138 -0.982842 0.1801 1
-40.0372 -11.9256 415.034 -0.593826 0.175123 -0.785304 1
-43.4358 -19.7262 414.989 -0.601078 0.09757 -0.793212 1
-39.4365 -10.7259 415.011 -0.548478 0.277995 -0.788601 1
-23.2362 23.874 415.054 -0.6552 0.219576 -0.722841 1
28.5645 -7.72627 457.922 0.562254 -0.183596 0.806327 1
20.9633 -22.9257 458.022 0.446554 -0.297751 0.843762 1
-17.2359 36.8739 414.989 -0.508465 0.350372 -0.786577 1
36.1665 8.47308 458.024 0.536318 -0.0551805 0.842211 1
30.9633 -2.12568 458.018 0.54239 -0.188594 0.818685 1
18.1642 42.4863 415.272 0.161777 0.982918 0.0877483 1
38.9644 13.8737 457.89 0.441181 -0.214151 0.871492 1
23.3645 -17.9263 457.962 0.506099 -0.130953 0.852476 1
13.3645 -37.7264 458.052 0.43948 -0.667034 0.6016 1
22.9637 -19.126 457.881 0.632474 -0.175541 0.754428 1
-17.2359 -35.3243 458.071 -0.224139 -0.959146 -0.172629 1
-4.836 45.1197 415.271 0.146108 0.968819 0.200106 1
-1.32715 -5.23002 392.654 -0.367711 0.158007 -0.916418 1
-18.8361 37.6183 458.071 -0.188426 0.96096 0.202612 1
26.1384 29.0762 415.245 0.839111 0.196007 -0.507419 1
27.5101 -25.1404 415.257 0.822443 0.0777376 -0.563511 1
27.2889 -2.92612 415.271 0.868546 0.0497225 -0.493107 1
7.16411 43.7743 415.272 0.346601 0.696835 0.627924 1
27.6524 -18.1261 415.27 0.860034 0.113392 -0.497477 1
-44.6192 -21.9092 415.254 -0.391452 -0.407419 -0.825091 1
-4.43579 35.8023 458.072 0.186524 0.932612 0.30894 1
17.9641 33.268 458.071 0.0298288 0.961649 0.272657 1
4.16419 34.8143 458.072 0.0788807 0.976349 0.201295 1
-17.0359 37.5252 458.072 0.137155 0.939779 0.313056 1
8.96388 -38.6088 458.071 0.1108 -0.982743 0.14812 1
-43.4366 -18.7258 415.245 -0.617981 0.131212 -0.775166 1
27.7704 -22.3441 415.248 0.902999 0.00241931 -0.429635 1
-30.8354 8.67365 415.175 -0.606605 0.195832 -0.770507 1
-27.2365 16.4741 415.219 -0.436793 0.0723202 -0.89665 1
-22.0366 27.0742 415.219 -0.473578 0.387566 -0.790896 1
17.1641 -30.1288 415.472 -0.166434 -0.943706 -0.285865 1
4.16404 -28.6714 415.471 -0.0977897 -0.968566 -0.228729 1
45.3646 28.0736 457.766 0.516023 0.042839 0.855503 1
22.5646 -20.5264 457.719 0.594214 -0.213317 0.775503 1
27.4204 -3.72611 415.473 0.881724 -0.0577358 -0.46822 1
24.1633 41.5825 415.471 0.246919 0.954019 0.169936 1
39.1641 -37.951 439.471 0.247973 -0.966492 -0.0663488 1
27.347 1.47387 415.471 0.920465 0.0260597 -0.389956 1
-0.235935 44.5466 415.471 0.169669 0.965353 0.198255 1
-22.4359 -34.6622 457.871 -0.218543 -0.970454 -0.10226 1
-23.036 -34.5881 457.871 -0.150097 -0.987219 -0.0535618 1
-13.836 -26.5136 415.471 -0.0254819 -0.98726 -0.157061 1
27.0143 15.0739 415.472 0.903783 -0.175592 -0.390311 1
6.76407 43.7535 415.471 0.30541 0.755846 0.579156 1
27.7671 -17.7261 415.472 0.890588 0.113731 -0.440361 1
-11.6353 36.8902 457.872 0.174854 0.892946 0.414816 1
-41.835 -14.9265 415.336 -0.563853 0.20311 -0.80051 1
-19.836 32.8739 415.439 -0.566793 0.303877 -0.76577 1
-16.0353 40.4735 415.379 -0.726171 0.426198 -0.539472 1
-38.0357 -6.72626 415.396 -0.656784 0.258369 -0.708436 1
-32.0363 6.87404 415.432 -0.640586 0.245297 -0.727653 1
-14.6382 42.8757 415.444 -0.47438 0.536188 -0.698188 1
-27.836 -33.9388 457.871 -0.265681 -0.963749 -0.0245104 1
-26.6361 18.4739 415.458 -0.475295 0.285184 -0.832325 1
28.7642 -8.52625 457.571 0.3733 -0.229102 0.898977 1
19.3634 -27.5258 457.664 0.562893 -0.540385 0.625408 1
-43.2361 -22.9332 415.671 0.308377 -0.927042 -0.2133 1
27.642 -7.52612 415.672 0.842181 0.0181083 -0.53889 1
30.9647 -3.92642 457.541 0.489738 -0.418977 0.764601 1
34.9637 5.07404 457.592 0.541576 -0.432393 0.720925 1
-23.2359 -25.5333 415.671 -0.168222 -0.965682 -0.197887 1
34.7639 4.87395 457.652 0.829212 -0.199198 0.522234 1
27.5601 -5.32623 415.672 0.835914 -0.0143799 -0.548672 1
27.5469 -4.12611 415.673 0.834749 0.0899702 -0.543231 1
26.8911 23.8883 415.658 0.890608 -0.0247868 -0.454095 1
21.1639 -24.3261 457.489 0.555352 -0.338249 0.759718 1
28.9655 -8.12662 457.563 0.485638 -0.0416733 0.873166 1
19.9633 -26.3257 457.639 0.541732 -0.298787 0.785654 1
6.16418 34.7034 457.672 0.17022 0.966316 0.193025 1
-24.9274 38.3862 456.987 -0.207886 0.911686 0.354419 1
-16.0449 -26.3693 415.655 -0.150565 -0.984024 -0.0950153 1
1.96428 -37.6511 457.672 -0.103639 -0.98303 -0.151366 1
-3.43596 -36.9973 457.671 -0.413574 -0.175981 -0.893301 1
23.3641 41.7022 415.671 -0.152587 0.963627 0.219409 1
-38.0364 -5.92591 415.62 -0.652729 0.209059 -0.728175 1
-30.0364 12.0741 415.67 -0.550523 0.16781 -0.81778 1
22.9643 32.7198 457.672 0.175276 0.971969 0.156697 1
-16.2363 40.674 415.564 -0.650648 0.0873932 -0.754334 1
-27.6637 38.7834 457.678 -0.0428177 0.992711 0.11266 1
-19.0366 35.2742 415.643 -0.566557 0.261153 -0.781545 1
-35.4371 -0.725654 415.471 -0.515421 0.228732 -0.825847 1
-27.6357 16.8738 415.584 -0.417112 0.18272 -0.890298 1
33.6004 31.5198 457.661 0.15701 0.955402 0.250111 1
-43.2359 -22.9962 415.871 0.553301 -0.194229 -0.810021 1
45.1613 25.4752 457.323 0.590722 -0.175461 0.787566 1
22.1637 -22.926 457.272 0.604147 -0.327098 0.726645 1
-10.8204 -26.8828 415.889 -0.126538 -0.98208 -0.139666 1
34.1637 3.07408 457.466 0.680597 -0.204264 0.703608 1
39.5642 13.4738 457.404 0.469988 -0.283201 0.836007 1
42.1799 19.2625 457.268 0.402174 -0.0714675 0.91277 1
31.3636 -3.32592 457.462 0.611445 -0.341062 0.714011 1
38.9619 12.4878 457.463 0.460031 -0.326785 0.82558 1
39.1415 12.055 457.299 0.266884 -0.467897 0.842523 1
38.9658 12.0736 457.38 0.401994 -0.599097 0.692447 1
-21.8175 -25.6935 415.844 -0.0779469 -0.978126 -0.192856 1
32.5643 -0.72624 457.47 0.556076 -0.248195 0.793208 1
19.9644 -27.3263 457.332 0.55269 -0.463769 0.692424 1
40.1637 15.0741 457.46 0.580382 -0.180821 0.794016 1
-2.23602 44.7264 415.871 0.0958433 0.969644 0.224953 1
27.7171 -6.3261 415.871 0.849463 0.00766628 -0.527593 1
-3.43595 -36.9482 457.471 -0.275936 -0.909599 0.310628 1
-36.2366 -1.32575 415.797 -0.460766 0.159026 -0.873158 1
-11.0335 -26.8571 416.068 0.393672 -0.908675 0.139036 1
26.7046 30.4773 416.087 0.936103 0.0645205 -0.345757 1
26.2364 34.2747 416.068 0.857714 0.147085 -0.492639 1
-36.2359 -24.0883 416.072 -0.0431133 -0.92849 -0.368847 1
-33.8359 -24.4063 416.072 -0.222939 -0.914243 -0.338315 1
25.763 -15.7332 457.169 0.506929 -0.23962 0.828013 1
9.56415 -29.4788 416.072 -0.319677 -0.891446 -0.321141 1
9.96392 -29.5114 416.071 -0.366552 -0.877235 -0.309996 1
28.2622 -24.5297 416.071 0.750292 0.0503659 -0.659185 1
-29.636 -24.9314 416.071 -0.0758687 -0.963877 -0.255313 1
12.9641 -29.819 416.072 -0.0252499 -0.963775 -0.26552 1
23.164 41.6547 416.071 0.144151 0.980575 0.133012 1
2.96411 44.056 416.072 0.0605205 0.983417 0.170961 1
41.313 25.4739 439.471 0.859768 0.0373991 -0.509314 1
27.7263 -0.726123 416.071 0.891009 0.0601219 -0.449986 1
-29.8353 13.4736 415.951 -0.484431 0.25683 -0.83628 1
40.7639 30.4227 457.271 0.263991 0.964524 0.00117307 1
37.5641 30.8081 457.271 0.150028 0.97161 0.182938 1
-37.6367 -3.72579 416.018 -0.541804 0.152845 -0.826491 1
-13.836 37.2258 457.271 0.130344 0.965286 0.226348 1
-44.0362 -17.726 415.889 -0.498668 0.177653 -0.848393 1
-40.2364 -9.52592 415.889 -0.467046 0.27514 -0.840337 1
-43.8363 -17.326 415.886 -0.400388 0.215018 -0.890762 1
-23.4365 26.8741 416.03 -0.480575 0.177374 -0.858828 1
44.9641 29.7958 457.272 0.406846 0.723186 0.558102 1
-44.2358 -22.9415 416.272 -0.186735 -0.854193 -0.485267 1
-6.43634 36.2809 457.271 0.100016 0.953669 0.283748 1
-7.436 45.2379 416.271 0.00950018 0.992875 0.118779 1
14.7642 42.6453 416.272 0.16549 0.960876 0.222103 1
27.4535 18.0739 416.272 0.873319 0.067003 -0.482519 1
-5.23398 -27.6474 416.268 -0.0744536 -0.874002 -0.480185 1
27.9129 -4.32611 416.271 0.895037 -0.0107554 -0.445863 1
27.8151 3.67387 416.272 0.944443 5.09257e-05 -0.328675 1
26.8164 30.4759 416.286 0.917021 0.23166 -0.324663 1
34.7636 2.87409 457.041 0.594697 -0.189999 0.781176 1
33.7638 0.273983 456.897 0.551518 -0.234242 0.800599 1
-31.0359 -24.7807 416.272 -0.111674 -0.970217 -0.214959 1
-13.22 -26.7323 416.258 -0.314211 -0.924979 -0.213742 1
26.1641 -31.2856 416.272 0.0871473 -0.927483 -0.363566 1
39.9455 12.4515 456.956 0.494294 -0.295944 0.817368 1
20.9634 -26.7258 456.901 0.764423 -0.384579 0.517452 1
20.7642 -27.1262 456.893 0.721211 -0.494381 0.485224 1
46.8975 16.0335 448.88 0.873304 0.0552677 -0.484031 1
26.3125 37.0987 416.286 0.853344 0.164797 -0.494617 1
6.16395 -29.1085 416.271 -0.0781855 -0.976551 -0.200586 1
3.96402 43.8979 416.271 0.195545 0.96333 0.18373 1
27.1021 26.8741 416.27 0.84536 0.0607846 -0.530727 1
27.8387 5.88954 416.293 0.917644 -0.0170767 -0.397036 1
27.6999 8.70697 416.261 0.905544 0.182747 -0.382875 1
46.359 27.8457 457.018 0.637181 -0.0333608 0.769992 1
41.445 22.2738 439.472 0.851268 0.0129583 -0.524571 1
-18.6356 37.6737 416.098 -0.463077 0.468297 -0.752501 1
-26.6361 38.765 457.071 0.129537 0.965552 0.225677 1
-31.2356 11.2737 416.161 -0.498479 0.144384 -0.854794 1
-29.0363 16.074 416.22 -0.49718 0.188652 -0.84689 1
40.764 30.4708 457.071 0.446131 0.42286 0.788769 1
20.3642 41.9545 416.472 0.1672 0.984757 0.0479298 1
28.3533 -16.1261 416.471 0.856213 -0.021611 -0.51617 1
5.16408 -29.0212 416.471 -0.0878585 -0.981856 -0.168048 1
45.9629 25.2744 456.743 0.481715 -0.332938 0.810619 1
26.7045 29.6627 416.46 0.891178 0.158377 -0.425111 1
28.0935 -6.92614 416.472 0.894592 0.0615022 -0.442631 1
28.0507 -5.32611 416.472 0.923414 0.0278566 -0.382794 1
45.1647 23.6735 456.721 0.269642 -0.526158 0.806505 1
25.9651 -16.7268 456.803 0.563873 -0.19725 0.80196 1
44.9645 23.4737 456.78 0.709181 0.00638319 0.704997 1
-24.9439 -4.23931 407.872 -0.720629 0.21381 -0.65953 1
39.5646 11.4736 456.866 0.519006 -0.257613 0.815027 1
-35.0362 3.47398 416.412 -0.524808 0.309816 -0.792837 1
-21.8365 32.0741 416.468 -0.521027 0.224112 -0.823593 1
25.1635 -17.9259 456.851 0.531271 -0.305507 0.7902 1
24.9646 -18.7264 456.74 0.629125 -0.230413 0.742368 1
29.364 35.9898 439.472 0.177672 0.978845 0.101464 1
-19.8359 36.0739 416.378 -0.559722 0.256877 -0.787861 1
-41.2358 -10.3262 416.324 -0.608971 0.19288 -0.769384 1
-12.213 -26.8237 416.661 -0.0737736 -0.980486 -0.182222 1
28.3598 -11.3261 416.672 0.842943 0.022438 -0.537535 1
16.9639 42.2965 416.671 0.177702 0.960877 0.212453 1
28.7431 -24.5231 416.66 0.743208 -0.0417198 -0.667759 1
26.5781 38.2866 416.692 0.871981 0.176894 -0.456462 1
26.5555 39.0742 416.671 0.914966 0.0733429 -0.396809 1
-10.2272 -36.1198 456.867 -0.190628 -0.958499 -0.21199 1
26.2996 40.2683 416.658 0.783126 0.498161 -0.372222 1
27.5392 22.8738 416.672 0.897243 -0.124008 -0.423764 1
35.3636 2.67408 456.625 0.299669 -0.375226 0.877157 1
36.5057 25.0027 431.77 0.66244 -0.145668 -0.734816 1
13.768 37.4002 439.468 0.183919 0.968391 0.168502 1
29.9669 -9.32745 456.558 0.470221 -0.241764 0.848789 1
-24.6368 -25.5026 416.676 -0.224603 -0.924028 -0.309394 1
-3.07776 -27.9476 416.694 -0.183971 -0.952675 -0.242 1
-34.6218 -24.5148 416.671 -0.0234623 -0.953276 -0.301188 1
40.9691 13.8657 456.653 0.640785 -0.227282 0.733306 1
11.1547 38.205 439.494 0.127899 0.963992 0.233155 1
42.7646 18.2736 456.64 0.591693 -0.169214 0.788204 1
-32.2388 10.6751 416.648 -0.593425 0.0951284 -0.799248 1
-25.0363 25.674 416.659 -0.501017 -0.0479652 -0.864107 1
-44.6352 -16.7264 416.548 -0.655721 0.149614 -0.740031 1
-30.6276 38.9845 456.658 -0.14254 0.952727 0.268315 1
-16.6359 -35.2264 456.671 -0.140407 -0.967667 -0.20954 1
28.5278 -13.1261 416.871 0.798703 -0.0909446 -0.594813 1
-21.2369 38.3381 456.671 0.0215197 0.983789 0.178033 1
34.3641 31.6252 456.672 0.152729 0.971406 0.181782 1
-26.8358 38.877 456.672 -0.138339 0.98428 -0.1098 1
-15.6362 37.5479 456.671 0.203951 0.95923 0.195655 1
12.9457 34.1786 456.668 0.141471 0.89706 0.418652 1
2.5641 -28.7753 416.871 -0.163858 -0.956377 -0.241856 1
9.5641 34.5648 456.672 0.212456 0.958596 0.18962 1
-33.0389 9.67991 416.87 -0.757804 -0.122248 -0.640928 1
-11.036 -35.9906 456.671 -0.116278 -0.97996 -0.161734 1
9.76367 -38.3125 456.671 -0.0991177 -0.991101 -0.0888499 1
17.7903 -34.5321 456.664 0.194997 -0.396479 0.897096 1
10.3641 -29.7473 416.871 -0.212684 -0.959535 -0.184549 1
28.122 7.07777 416.87 0.921398 -0.138702 -0.363025 1
27.6726 22.4738 416.872 0.699235 -0.122711 -0.704282 1
28.239 -3.12614 416.872 0.895643 -0.0878127 -0.43602 1
26.973 35.4732 416.887 0.860961 0.0978637 -0.499168 1
-5.01583 -27.7657 416.875 0.433208 -0.804121 -0.407088 1
19.564 41.9683 416.871 -0.515695 0.720503 0.46361 1
28.6714 -19.7261 416.872 0.889987 0.0240359 -0.455351 1
-12.235 -31.9467 439.473 -0.269082 -0.962981 -0.0162073 1
23.5637 -22.7259 456.466 0.625334 -0.322618 0.710546 1
40.1601 11.2897 456.439 0.518342 -0.315209 0.794962 1
-46.4351 -20.5265 416.748 -0.605494 0.00827903 -0.795807 1
-19.8364 37.6741 416.862 -0.460617 0.393743 -0.795487 1
-38.6358 -3.52616 416.678 -0.535995 0.206835 -0.818492 1
28.7636 -12.5259 456.37 0.4581 -0.267264 0.84777 1
19.5619 -31.1148 456.366 0.613171 0.237073 0.753537 1
25.364 -19.5261 456.282 0.469159 -0.437843 0.766931 1
25.1642 -19.5262 456.398 0.636045 -0.64812 0.418792 1
-30.8365 14.2742 416.794 -0.512658 0.24759 -0.82212 1
-1.03596 -36.9876 456.471 -0.172286 -0.983583 -0.0536827 1
-24.6383 -25.6914 417.071 -0.153231 -0.892689 -0.423824 1
39.1641 30.811 456.472 0.396784 0.872889 0.283951 1
-2.03584 36.0463 456.472 0.0460993 0.976148 0.212154 1
21.1642 -30.9447 417.072 0.00215136 -0.974144 -0.225919 1
-23.0359 -34.3011 456.471 -0.241437 -0.946565 -0.213829 1
-26.036 38.7911 456.471 -0.0110863 0.975518 0.219642 1
28.4123 7.86269 417.062 0.910462 0.0446903 -0.411172 1
22.3641 33.0423 456.472 -0.232085 0.970055 0.0716211 1
19.564 41.9216 417.071 -0.337575 0.939669 -0.0553724 1
47.3632 27.27 456.165 0.720119 -0.106947 0.685559 1
-36.4352 2.27354 416.936 -0.543133 0.263783 -0.797136 1
-41.6354 -9.32636 416.875 -0.645935 0.249922 -0.721323 1
-27.6364 21.8741 417.05 -0.583197 0.41279 -0.699633 1
26.7635 -17.1259 456.232 0.804028 -0.275709 0.526805 1
-25.6355 25.2737 416.909 -0.527893 0.0348371 -0.848596 1
26.7645 -17.5264 456.121 0.769288 -0.0265473 0.63835 1
32.7628 -4.72563 456.228 0.461675 -0.188579 0.866772 1
-37.6341 -0.52706 416.915 -0.539243 0.260842 -0.800736 1
37.3633 5.2606 456.175 0.394166 -0.150036 0.90671 1
48.9548 29.0661 456.089 0.698634 0.0284757 0.714912 1
32.3638 -5.72599 456.202 0.586287 -0.12723 0.80005 1
31.3642 -7.72617 456.255 0.465056 -0.19131 0.864363 1
3.7641 43.6786 417.272 0.174318 0.951266 0.254376 1
0.364009 35.763 456.271 0.279324 0.957566 0.0710332 1
22.9639 32.9955 456.271 0.166898 0.974475 0.150148 1
0.164001 -37.1114 456.271 -0.114141 -0.992725 -0.0383372 1
-38.2233 -24.1385 417.269 -0.240369 -0.942678 -0.231476 1
7.76415 -29.5292 417.272 -0.0644743 -0.983358 -0.169854 1
15.364 42.3686 417.271 0.13708 0.892257 0.430217 1
26.8698 36.6646 417.249 0.897954 0.158791 -0.410443 1
37.5641 31.0443 456.272 0.197478 0.942323 0.270242 1
10.7639 34.4963 456.271 0.168384 0.900346 0.401279 1
26.7641 32.5614 456.271 0.105983 0.963206 0.246983 1
22.364 33.0876 456.271 -0.2829 0.917152 0.280713 1
-21.836 -34.4179 456.271 -0.106298 -0.991821 -0.0706517 1
-41.237 -7.32561 417.217 -0.548573 0.243884 -0.799743 1
-18.236 38.0642 456.271 0.0529046 0.987764 0.14671 1
17.3643 -36.7261 456.049 0.403665 -0.557369 0.725531 1
38.3528 6.06188 456.026 0.522751 -0.287476 0.802551 1
44.1667 18.4726 455.902 0.671371 -0.524313 0.52379 1
43.9663 18.2727 455.952 0.875856 -0.2022 0.438169 1
19.3641 -35.7809 439.471 -0.26589 -0.923201 -0.277492 1
-43.0355 -11.5264 417.111 -0.56277 0.176443 -0.807563 1
23.9639 -23.5261 455.987 0.547198 -0.322897 0.772212 1
-19.8359 38.6739 417.183 -0.38721 0.551372 -0.738957 1
-17.2307 43.0782 417.145 -0.192759 0.00333508 -0.981241 1
-24.4244 -25.8196 417.459 -0.108119 -0.945133 -0.308274 1
28.5367 4.07395 417.471 0.936095 0.232801 0.263683 1
28.5219 4.27405 417.47 0.904314 -0.386031 0.182197 1
18.3638 -34.7514 455.992 0.628613 -0.247468 0.737296 1
12.1464 34.3761 456.059 0.27148 0.858397 0.435262 1
39.3641 30.8688 456.071 0.287404 0.864779 0.411772 1
28.5783 -1.12613 417.472 0.963276 0.175284 -0.203406 1
22.1641 -31.1549 417.471 0.00778565 -0.951667 -0.307034 1
18.9641 -30.7787 417.471 -0.109799 -0.956955 -0.268666 1
26.8125 40.0858 417.473 0.786603 -0.00928606 -0.617389 1
-19.8361 38.1872 456.071 0.0395151 0.979609 0.196991 1
29.185 -23.3261 417.471 0.811743 0.0376116 -0.582803 1
29.0286 -18.5261 417.472 0.921834 -0.0280456 -0.386568 1
29.0094 -17.5261 417.472 0.928896 0.0181643 -0.369894 1
9.16408 -29.7569 417.471 -0.0397053 -0.995114 0.0903922 1
-24.8353 28.4736 417.319 -0.525313 0.25695 -0.811187 1
-27.036 -33.7107 456.071 -0.207081 -0.96888 -0.135606 1
-44.0364 -12.5259 417.399 -0.567033 0.250939 -0.78454 1
-23.8358 30.6738 417.35 -0.510509 0.329562 -0.79421 1
12.564 -38.5592 456.071 0.031903 -0.999352 0.0166703 1
-15.8356 37.698 456.072 0.166424 0.977223 0.131673 1
39.5802 9.69596 456.055 0.578242 -0.256383 0.774534 1
-26.0364 25.6741 417.273 -0.670708 -0.0490742 -0.740096 1
-32.6361 12.474 417.412 -0.572565 0.17532 -0.800894 1
37.1621 3.3013 455.714 0.499629 -0.247898 0.83001 1
-29.6368 18.8745 417.451 -0.535886 0.314359 -0.783585 1
28.7048 -1.72612 417.671 0.946419 0.208828 -0.246338 1
22.3642 -27.5262 455.787 0.524221 -0.175551 0.833291 1
9.56409 -29.8542 417.671 -0.383155 -0.916396 -0.115805 1
27.2967 34.474 417.672 0.903448 0.151114 -0.401181 1
27.2895 34.6739 417.67 0.952436 -0.252722 -0.170285 1
-0.635939 -28.5511 417.671 -0.155967 -0.947577 -0.278875 1
29.0365 -13.5261 417.672 0.855907 -0.136956 -0.498665 1
-23.6563 -25.8917 417.69 -0.115388 -0.961711 -0.248593 1
1.56411 -28.8436 417.672 -0.0815294 -0.956103 -0.28146 1
18.5597 -35.7275 455.771 0.539448 -0.263844 0.799614 1
28.8658 -8.12614 417.672 0.866534 0.0416747 -0.497375 1
29.0521 -29.3302 417.65 0.780752 -0.351469 -0.51662 1
16.5641 -30.5458 417.672 -0.0872113 -0.96108 -0.262146 1
4.36401 43.5632 417.671 0.184111 0.971222 0.151099 1
42.764 30.4783 455.871 0.0981801 0.928356 0.358491 1
25.1642 -31.5523 417.672 -0.0138076 -0.942543 -0.3338 1
28.175 22.2572 417.655 0.791388 -0.0138621 -0.611156 1
-15.4359 37.6921 455.872 0.379323 0.886898 0.263677 1
-20.8358 37.8738 417.582 -0.527173 0.30478 -0.79322 1
-45.0365 -13.9259 417.638 -0.613159 0.125235 -0.77997 1
-7.43605 -36.2572 455.871 -0.000830899 -0.950509 -0.310695 1
-28.4355 21.6736 417.498 -0.360492 0.255305 -0.897143 1
-22.0364 35.4741 417.591 -0.733976 0.230971 -0.638696 1
-21.6362 36.074 417.532 -0.534474 0.108351 -0.838211 1
-39.6335 -2.54473 417.662 -0.513424 0.182093 -0.838593 1
-30.6356 17.0737 417.509 -0.554457 0.30146 -0.775693 1
27.5107 36.2944 417.885 0.894939 0.0789191 -0.439154 1
22.7648 -27.5265 455.542 0.57268 -0.163793 0.80325 1
13.5649 42.4474 417.872 0.133193 0.970784 0.199596 1
26.9879 39.8857 417.857 0.924588 -0.0911715 -0.369897 1
28.4565 16.2739 417.871 0.725335 -0.402124 -0.558735 1
-1.43596 -28.4977 417.871 0.0430373 -0.96173 -0.270597 1
30.7624 -11.1253 455.648 0.618828 -0.389705 0.682043 1
6.96405 -29.5635 417.871 -0.0577153 -0.988993 -0.136243 1
35.1631 -1.12566 455.629 0.479315 -0.278767 0.832193 1
-27.2333 -25.6499 417.876 -0.0329072 -0.975516 -0.217453 1
15.364 42.2289 417.871 0.285827 0.550792 0.784176 1
20.764 41.5898 417.871 0.205911 0.974329 0.0910135 1
-4.94348 -27.7487 416.764 -0.182576 -0.973982 0.134255 1
-7.037 -28.9691 423.963 0.431471 -0.893993 -0.120865 1
23.1726 33.0942 455.688 0.103251 0.989794 0.0982242 1
-18.4356 -26.6005 417.872 -0.109298 -0.968448 -0.22397 1
5.36408 35.2105 455.671 0.168171 0.979766 0.108525 1
-20.6359 38.6739 417.699 -0.460164 0.53397 -0.709313 1
-0.0358162 35.9003 455.672 0.258235 0.94129 0.217456 1
-48.2351 -21.7263 417.723 -0.569934 -0.248364 -0.783256 1
38.964 31.0115 455.671 0.353098 0.903304 0.243648 1
-41.0363 -5.32594 417.676 -0.432112 0.221241 -0.874261 1
-18.4496 43.0474 417.857 -0.764283 0.0365451 -0.643845 1
-16.635 37.9411 455.672 0.176482 0.980014 0.0918005 1
-26.6356 25.8737 417.702 -0.466432 0.131265 -0.874763 1
-7.41206 -27.8307 418.048 -0.126197 -0.95841 -0.255977 1
28.5877 15.8739 418.072 0.707665 -0.138491 -0.692842 1
15.3644 42.1814 418.072 0.422061 0.824604 0.376687 1
13.5641 -30.3815 418.072 -0.0917839 -0.967021 -0.237585 1
31.1643 -10.9262 455.44 0.385129 -0.516213 0.764984 1
-22.4364 -26.161 418.071 -0.125295 -0.986676 -0.103791 1
22.9648 -27.7265 455.362 0.279676 -0.349568 0.894195 1
35.1771 -2.32014 455.302 0.373194 -0.269133 0.887859 1
47.9634 25.074 455.33 0.671961 -0.108553 0.732588 1
47.3649 23.6734 455.368 0.653921 -0.235517 0.718971 1
27.6486 36.0785 418.073 0.849041 0.159823 -0.503573 1
-22.8355 -26.0957 418.072 -0.0297967 -0.97723 -0.210082 1
21.7629 -29.9256 455.394 0.428377 -0.236758 0.872031 1
-8.83595 -27.5823 418.071 -0.153856 -0.94907 -0.274943 1
26.3642 -20.5262 455.375 0.489232 -0.236193 0.839562 1
28.9557 -2.52613 418.072 0.876865 0.0971154 -0.470826 1
29.455 37.974 421.582 0.789259 0.418734 -0.449146 1
-8.63599 45.0242 418.071 0.0610233 0.986972 0.14887 1
18.5853 33.6215 455.464 0.282439 0.930152 0.234617 1
-20.4356 -34.5217 455.472 -0.0567112 -0.993079 -0.102849 1
-23.8359 38.8218 455.471 0.0247125 0.959478 0.280698 1
-3.23623 36.4479 455.471 0.0945963 0.971406 0.217767 1
-22.2359 36.0739 417.922 -0.706625 0.0499181 -0.705825 1
-7.23595 36.7978 455.471 0.104637 0.979261 0.173492 1
-18.6361 43.0811 417.998 -0.104897 0.120482 -0.987158 1
4.36411 35.374 455.472 0.130188 0.97166 0.1973 1
-35.4372 8.4744 418.05 0.185818 -0.0488306 -0.98137 1
-35.2355 8.47368 417.92 -0.694869 0.162849 -0.700455 1
-31.9202 39.485 455.435 -0.271845 0.836023 0.476619 1
-32.0713 39.4827 455.315 0.136629 0.807542 0.573766 1
4.76403 -37.4964 455.471 -0.0192234 -0.98519 -0.170383 1
19.5878 33.2911 455.468 0.286155 0.95229 0.106108 1
29.3626 -11.9261 418.271 0.895402 -0.00027991 -0.445258 1
31.9642 -10.1262 455.176 0.487552 -0.329559 0.808507 1
29.816 -27.1371 418.27 0.810774 -0.118769 -0.573183 1
20.3641 -31.1236 418.271 -0.0811276 -0.973852 -0.212205 1
25.3645 -23.3263 455.167 0.451143 -0.397566 0.799007 1
-35.4359 -24.6345 418.272 -0.0601953 -0.985754 -0.157051 1
40.164 8.07391 455.082 0.648146 -0.205197 0.733349 1
35.5628 -1.72547 455.212 0.440934 -0.212889 0.871926 1
49.1138 29.0688 455.271 0.923613 0.26159 0.280196 1
21.7357 33.0337 455.266 -0.0108235 0.991102 0.132664 1
11.5864 34.689 455.271 0.177403 0.946683 0.268922 1
-9.83597 37.179 455.271 0.0643244 0.979926 0.188697 1
-33.0666 14.2494 418.228 -0.552593 0.322082 -0.768703 1
-41.8356 -5.32627 418.181 -0.547676 0.197794 -0.812975 1
-39.6509 -0.731915 418.104 -0.503247 0.387176 -0.772552 1
-31.824 16.8963 418.168 -0.550579 0.212969 -0.80716 1
-8.03585 -36.018 455.272 0.0866204 -0.9863 -0.140392 1
-20.2548 -31.4295 441.082 -0.137887 -0.974702 -0.175906 1
-5.98302 -28.0066 418.46 -0.0566394 -0.976868 -0.206205 1
28.1229 31.6759 418.485 0.802067 -0.0282259 -0.596566 1
34.1641 31.9475 455.271 0.144483 0.955823 0.255982 1
18.9817 -36.748 455.044 0.465503 -0.478547 0.744513 1
27.3635 -19.5259 455.05 0.610047 -0.0113524 0.792284 1
-2.63594 -28.4614 418.471 -0.1515 -0.968921 -0.195551 1
28.7336 19.8737 418.473 0.622232 -0.13082 -0.771825 1
27.2821 -25.8235 414.771 0.828999 -0.0960185 -0.550945 1
12.1443 -30.3258 418.477 -0.122168 -0.984602 -0.125034 1
25.5646 -23.7264 454.925 0.262863 -0.457704 0.849359 1
23.7641 -27.5262 454.916 0.397818 -0.185415 0.898533 1
30.1643 -14.1263 455.051 0.478843 -0.347808 0.806064 1
-12.2359 45.372 418.472 -0.0498904 0.998626 0.0160435 1
22.1492 -30.9435 454.938 0.429533 -0.251566 0.867304 1
-30.8352 19.4736 418.346 -0.506101 0.262447 -0.821574 1
-43.2361 -7.72606 418.301 -0.565915 0.139168 -0.812633 1
-16.0188 -31.9256 441.051 -0.24043 -0.964168 -0.112133 1
-18.2357 44.6737 418.416 -0.435419 0.613562 -0.65875 1
-42.8354 -6.92639 418.31 -0.599904 0.207963 -0.772571 1
-41.2349 -3.52662 418.342 -0.548045 0.184156 -0.815925 1
44.5641 30.4173 455.072 0.246101 0.93215 0.265577 1
-22.4361 -34.1665 455.071 -0.286144 -0.932216 -0.221571 1
-22.2359 37.6739 418.406 -0.555785 0.300207 -0.775229 1
-26.8365 27.8742 418.415 -0.632453 0.200884 -0.748097 1
10.9642 -30.251 418.672 -0.153854 -0.987394 -0.0371635 1
-30.836 39.415 455.071 -0.107669 0.992623 0.0557454 1
29.9336 -29.3319 418.669 0.765487 -0.403989 -0.500821 1
29.8676 -22.1261 418.671 0.85749 0.100445 -0.5046 1
27.897 37.4753 418.669 0.83976 0.257491 -0.478018 1
9.16741 -37.9375 455.073 -0.285763 -0.928665 -0.236475 1
32.9644 -9.5263 454.717 0.479052 -0.270184 0.835171 1
-25.836 42.2467 441.071 0.109288 0.98722 0.115986 1
-8.13241 0.777057 398.531 -0.458938 0.306128 -0.834063 1
28.8677 19.4739 418.671 0.664556 -0.132733 -0.735355 1
28.6462 26.0739 418.672 0.853632 -0.0161161 -0.520627 1
-1.83585 44.056 418.672 0.0784995 0.978796 0.189197 1
-20.2351 -26.4865 418.672 -0.101042 -0.979664 -0.173345 1
-14.8323 -27.2478 418.69 -0.148703 -0.965655 -0.213069 1
27.7633 -19.3258 454.859 0.317852 -0.269302 0.909091 1
-37.8358 4.4738 418.497 -0.553805 0.289548 -0.780681 1
47.5649 22.2735 454.769 0.540479 -0.53053 0.653009 1
46.3473 20.4526 454.868 0.572 -0.29049 0.767093 1
-40.8366 -1.526 418.609 -0.541444 0.296774 -0.786615 1
47.1642 30.05 454.872 0.325436 0.880911 0.343639 1
-40.0353 -0.32081 418.616 -0.459925 0.41227 -0.786449 1
10.3643 42.6682 418.872 0.0615249 0.985844 0.155969 1
38.6359 3.05419 454.867 0.650155 -0.237138 0.721848 1
-46.6359 -23.3708 418.871 -0.288852 -0.861226 -0.418155 1
-13.6361 -27.4755 418.871 0.183704 -0.87501 -0.447895 1
2.96405 -37.1623 454.871 -0.145998 -0.943911 -0.296171 1
41.1641 30.9221 454.872 0.0535461 0.937668 0.343383 1
-25.689 41.8554 443.906 0.284364 0.727338 0.624593 1
11.3642 -38.1535 454.872 -0.0385738 -0.982025 -0.184766 1
22.9648 -30.1264 454.613 0.581074 -0.0903801 0.808817 1
-17.614 45.5715 418.861 -0.121922 0.989526 -0.0772924 1
26.7642 -31.9747 418.872 0.285453 -0.883377 -0.3717 1
27.1641 -31.9934 418.872 0.0126171 -0.890617 -0.45458 1
-17.0479 45.5348 418.87 -0.192076 0.965161 0.177681 1
27.1637 -21.9259 454.471 0.464478 -0.210363 0.860237 1
-0.236051 43.8131 418.871 0.0287128 0.985439 0.167587 1
7.16403 -29.8073 418.871 -0.0502639 -0.994362 -0.0933686 1
1.56412 43.567 418.872 0.138289 0.978 0.156183 1
-39.4346 1.47337 418.698 -0.472286 0.239754 -0.848212 1
-26.6361 29.2739 418.777 -0.586036 0.315406 -0.746378 1
26.5645 -22.9263 454.546 0.427428 -0.226949 0.8751 1
-34.4356 13.2737 418.789 -0.582269 0.193131 -0.789723 1
37.363 -0.520959 454.573 0.458046 -0.228149 0.859152 1
30.9634 -14.5259 454.532 0.585975 -0.433525 0.684609 1
-36.4357 8.47378 418.696 -0.456938 0.143658 -0.877821 1
-39.6553 0.880902 418.713 -0.360909 0.338356 -0.869057 1
-32.2357 -25.2917 419.072 -0.166884 -0.974754 -0.14834 1
-16.036 38.0898 454.671 0.0638054 0.986285 0.152217 1
-5.43612 -28.2042 419.071 -0.0844623 -0.968271 -0.235196 1
29.1278 18.2738 419.071 0.766599 0.200405 -0.610052 1
-6.43598 44.5572 419.071 0.149848 0.966006 0.210663 1
16.5641 -30.8496 419.072 -0.103055 -0.963448 -0.247281 1
18.364 -31.042 419.071 -0.0834159 -0.973452 -0.213149 1
40.286 -3.34893 436.234 0.801021 0.186656 -0.568793 1
28.1711 35.0739 419.072 0.859625 0.0784025 -0.504875 1
28.7769 28.2738 419.073 0.844243 0.14951 -0.514685 1
-28.8359 -25.6497 419.072 -0.118364 -0.972076 -0.202627 1
-30.836 39.514 454.671 -0.286405 0.890129 0.354461 1
8.76427 42.8099 419.072 0.0107452 0.999752 0.0195252 1
2.3641 -37.0532 454.672 0.0543567 -0.995455 -0.0781933 1
-43.036 -23.8393 419.071 -0.112492 -0.933648 -0.340069 1
29.5641 32.6198 454.671 0.148112 0.983218 0.106513 1
17.1639 34.1022 454.671 0.114749 0.967136 0.226895 1
2.56406 -29.2897 419.071 0.0217225 -0.974294 -0.224229 1
-18.2267 45.6354 419.074 -0.173777 0.915801 -0.36209 1
-30.0359 -33.0153 454.672 -0.105054 -0.992617 -0.060625 1
42.3289 24.4739 441.071 0.952067 0.0074813 -0.305797 1
-17.8363 -26.8988 419.071 -0.149433 -0.960248 0.235783 1
21.9641 41.1668 419.071 0.230271 0.958834 0.16617 1
-22.4352 39.0735 418.963 -0.5375 0.328118 -0.776809 1
-20.837 42.4745 419.046 -0.416584 0.551618 -0.722617 1
23.3632 -29.9258 454.423 0.398921 -0.0754061 0.91388 1
-45.636 -10.7261 418.993 -0.550447 0.305931 -0.776797 1
21.3585 33.4595 454.373 0.278239 0.960239 -0.0228968 1
-29.2353 24.8736 418.966 -0.55813 0.213839 -0.801725 1
24.7638 -27.526 454.294 0.48956 -0.219035 0.844011 1
-22.836 38.9241 454.471 0.247381 0.950844 0.186273 1
-7.83588 -27.9538 419.271 -0.0261503 -0.997622 -0.0637674 1
30.1043 -29.7507 419.274 0.702098 -0.338163 -0.626661 1
0.944738 -29.159 419.266 -0.122163 -0.967857 -0.219837 1
15.764 -38.5772 454.471 0.101577 -0.990511 0.0925701 1
30.3048 -23.7261 419.271 0.827603 0.0593887 -0.558163 1
15.5618 27.4 398.18 0.795065 0.116499 -0.59523 1
35.0835 -37.8124 444.508 0.572739 -0.417113 0.705682 1
29.2687 17.0739 419.271 0.8279 -0.0216448 -0.560457 1
29.248 18.4739 419.272 0.708259 -0.152739 -0.689232 1
42.7641 30.8052 454.471 0.116249 0.982083 0.14832 1
-42.0358 -24.011 419.272 -0.160389 -0.922365 -0.351452 1
0.164137 36.1376 454.472 0.185448 0.960028 0.209654 1
-3.81825 -28.503 419.262 -0.261764 -0.94798 -0.181146 1
20.164 41.3494 419.271 0.100774 0.985146 0.13904 1
-36.2155 10.3008 419.117 -0.54474 0.173689 -0.820421 1
31.5631 -14.3256 454.226 0.341882 -0.23307 0.910382 1
-49.4356 -19.5263 419.105 -0.647238 0.270019 -0.712862 1
-21.6359 41.2739 419.167 -0.453933 0.350977 -0.819 1
-46.4351 -12.1265 419.108 -0.623956 0.197735 -0.756029 1
-24.8363 34.6741 419.254 -0.443271 0.307008 -0.842174 1
-43.6352 -5.72654 419.1 -0.516957 0.227748 -0.825158 1
-24.4359 35.2738 419.173 -0.571747 0.205449 -0.79429 1
-49.2363 -17.526 419.471 -0.386302 0.545435 -0.743822 1
19.764 -37.7261 454.193 0.427704 -0.604105 0.672403 1
47.3639 30.1401 454.271 0.217121 0.916231 0.336718 1
3.56408 35.7131 454.271 0.171111 0.96197 0.212921 1
30.1159 -11.9261 419.471 0.855369 0.00568831 -0.517988 1
30.7641 32.5696 454.271 0.0888012 0.969895 0.226756 1
18.7642 33.7338 454.272 0.232556 0.95791 0.168302 1
30.2266 -31.5181 419.464 0.358115 -0.395573 -0.84574 1
13.9107 36.0741 395.826 0.289766 0.364847 -0.884829 1
17.364 -31.015 419.471 -0.0310695 -0.970132 -0.240582 1
28.4244 37.0632 419.485 0.838119 0.161887 -0.520911 1
26.564 40.392 419.471 0.350195 0.93338 0.0785148 1
-30.036 39.57 454.271 -0.113058 0.972566 0.203306 1
13.7639 42.247 419.471 0.175528 0.970897 0.16294 1
-18.2363 -26.9023 419.471 -0.264126 -0.930462 0.253923 1
-0.0614851 -36.797 454.266 -0.149368 -0.968225 -0.200571 1
-49.0365 -17.1259 419.41 -0.615884 0.214359 -0.758114 1
-18.6363 -34.405 454.271 0.0738081 -0.997112 -0.0179143 1
-19.2319 -34.2937 454.242 -0.0158672 -0.998671 -0.049035 1
38.2012 31.4788 454.197 0.254635 0.904928 0.34098 1
-47.8365 -13.9259 419.413 -0.690642 0.0751787 -0.719278 1
-29.4358 -32.9367 454.272 -0.145654 -0.987759 -0.0558376 1
-11.0104 -35.3694 454.257 -0.133047 -0.983683 -0.121102 1
-38.8352 5.07355 419.323 -0.504702 0.255255 -0.824694 1
-42.4354 -2.92642 419.296 -0.545515 0.1903 -0.81621 1
43.764 12.0739 453.993 0.61568 -0.16484 0.770562 1
33.3578 -11.5071 453.982 0.456833 -0.353546 0.816277 1
42.963 10.0742 453.881 0.681356 -0.194297 0.705693 1
29.5642 -18.5262 453.989 0.528563 -0.202151 0.824473 1
-49.2358 -18.1262 419.302 -0.544292 0.428172 -0.721398 1
39.1733 2.06155 453.927 0.735907 -0.376344 0.562855 1
44.5645 13.4737 453.944 0.537132 -0.0654578 0.840954 1
29.4461 19.6739 419.672 0.872558 -0.0325391 -0.487427 1
7.96408 35.2766 454.071 0.109043 0.9506 0.290638 1
29.9683 -4.92613 419.672 0.812639 0.0269351 -0.582145 1
-18.236 -26.9427 419.671 -0.263363 -0.919794 0.290895 1
-7.4564 -28.047 419.69 -0.306097 -0.942033 -0.137396 1
21.1643 -31.5288 419.672 -0.0846523 -0.974208 -0.209172 1
23.3641 -31.819 419.671 -0.169719 -0.887012 -0.429425 1
22.7639 -31.7115 419.671 0.000880087 -0.937263 -0.348623 1
45.764 30.4925 454.071 0.312784 0.932808 0.178986 1
27.7647 40.123 419.671 0.632475 0.764146 -0.126714 1
4.76411 -29.6799 419.672 0.256812 -0.918782 -0.299812 1
5.16411 -29.7275 419.672 -0.173846 -0.954 -0.244258 1
29.6435 11.8739 419.672 0.844207 0.0515872 -0.533529 1
22.4415 34.3571 450.572 0.122243 0.95483 0.270844 1
7.56397 42.8805 419.671 0.067041 0.979048 0.192278 1
-41.4365 -0.134468 419.566 -0.464903 0.27597 -0.841252 1
41.564 31.0494 454.071 0.0246609 0.961126 0.275006 1
-18.8484 38.6317 454.044 0.143224 0.974668 0.171783 1
-19.4673 38.6879 454.082 -0.0159129 0.975284 0.220381 1
-44.637 -6.5256 419.612 -0.604058 0.162785 -0.780138 1
-38.2498 7.69115 419.649 -0.415859 0.182057 -0.89102 1
-32.0416 -32.6864 454.048 -0.615899 -0.773945 0.147233 1
-46.636 -10.9261 419.588 -0.572689 0.236265 -0.784988 1
28.7533 32.0773 419.876 0.822575 0.241978 -0.514603 1
39.9639 3.47398 453.824 0.60053 -0.35843 0.714767 1
25.3642 40.5653 419.872 0.0454403 0.995224 0.0864 1
14.3642 -30.8964 419.872 -0.152821 -0.96708 -0.203477 1
-24.6211 -26.3213 419.862 -0.176034 -0.937501 -0.300172 1
-23.8255 -26.325 419.838 0.031447 -0.991396 -0.127065 1
20.1716 33.9331 453.871 0.454072 0.851193 0.263227 1
9.164 42.7047 419.871 0.061671 0.87022 0.488789 1
-20.4525 -34.0939 453.854 -0.197071 -0.963382 -0.18182 1
-46.0359 -9.32613 419.673 -0.561765 0.3291 -0.759022 1
-32.637 19.8745 419.675 -0.571086 0.129198 -0.810659 1
-5.23596 37.0422 453.871 0.0574077 0.993131 -0.101952 1
-30.2361 25.2739 419.781 -0.444692 0.378526 -0.811768 1
-19.8168 -34.1744 453.897 -0.068356 -0.984854 -0.159342 1
-45.8359 -8.52617 419.785 -0.679013 0.118424 -0.724512 1
-34.8205 15.6826 419.858 -0.617152 0.297366 -0.72849 1
-44.2378 -5.12539 419.731 -0.537413 0.249163 -0.805671 1
-51.2298 -21.0992 419.796 -0.863415 0.0702364 -0.499581 1
-50.9387 -22.8341 420.16 -0.635383 -0.654336 -0.41004 1
30.2042 -1.52613 420.072 0.756452 -0.109693 -0.644785 1
28.9146 30.2701 420.084 0.782341 0.11515 -0.612113 1
2.76395 43.2088 420.071 0.165859 0.947036 0.27498 1
-9.63594 -27.9052 420.071 -0.179514 -0.958674 -0.220724 1
24.573 -30.7334 453.577 0.564523 -0.307924 0.76583 1
5.33557 43.0289 420.055 0.124471 0.987727 0.0943536 1
44.7637 12.874 453.668 0.574709 -0.185816 0.796983 1
41.5633 6.07424 453.65 0.573066 -0.221912 0.788892 1
-10.236 44.8378 420.071 0.115341 0.971578 0.206721 1
27.9647 -23.3264 453.551 0.504925 -0.288538 0.813509 1
-3.63595 -28.6875 420.071 -0.178293 -0.971375 -0.156976 1
47.8555 25.7518 455.598 0.721468 -0.100242 0.685154 1
-15.4248 -34.8455 453.663 -0.213163 -0.976699 0.0249293 1
46.3641 30.4725 453.671 0.167993 0.977892 0.124523 1
41.8523 5.67387 439.271 0.801456 0.0405191 -0.59668 1
49.2634 24.2772 453.677 0.977683 -0.0191134 0.209216 1
-33.4351 19.0734 419.923 -0.58684 0.328459 -0.74009 1
31.9641 32.5772 453.671 0.0882052 0.951866 0.293548 1
-27.6352 31.2735 419.947 -0.503638 0.254601 -0.825547 1
20.391 33.9752 453.66 -0.046767 0.814177 0.57873 1
-41.2358 1.87379 419.971 -0.473318 0.221347 -0.852629 1
-51.6092 -22.0848 420.093 -0.878352 -0.305973 -0.367258 1
-31.8354 22.4736 419.966 -0.53991 0.251168 -0.803375 1
-43.6479 -2.72931 419.938 -0.602837 0.268449 -0.751347 1
-48.4369 -13.3258 420.069 -0.638846 0.102734 -0.762444 1
12.9484 34.759 453.679 0.281649 0.933954 0.220009 1
-19.6359 38.7448 453.672 -0.0329431 0.96062 0.275904 1
-2.03551 36.6013 453.672 0.202436 0.962173 0.182327 1
30.8622 -20.5261 420.271 0.89638 0.288928 -0.336191 1
8.96409 42.6422 420.271 0.0913228 0.881127 0.463977 1
-49.436 -23.2866 420.271 -0.375653 -0.848568 -0.372582 1
29.2428 31.0965 420.263 0.843297 0.0911216 -0.529667 1
-24.6359 39.2092 453.671 0.0267883 0.974995 0.220605 1
47.1646 17.0737 453.343 0.66985 -0.215039 0.710676 1
36.9637 -5.52589 453.35 0.592394 -0.182848 0.784624 1
9.25718 20.432 477.922 0.311237 -0.230337 0.921996 1
29.8736 16.0739 420.271 0.925553 -0.344774 -0.156467 1
30.3422 -0.492836 420.27 0.774654 0.0406832 -0.631075 1
16.364 -31.0906 420.271 -0.0521111 -0.98334 -0.174147 1
26.9636 -25.7259 453.467 0.453127 -0.267225 0.850451 1
0.564002 43.4334 420.271 0.0429834 0.965949 0.255138 1
40.964 4.27392 453.457 0.557793 -0.349057 0.753011 1
31.0559 -27.7263 420.272 0.807386 -0.134851 -0.574407 1
-24.8204 -26.3926 420.283 0.0423821 -0.995229 -0.0878812 1
25.7641 -32.2248 420.271 -0.0661025 -0.965195 -0.253038 1
29.4889 23.6857 420.281 0.827513 -0.226555 -0.513707 1
9.97925 35.1612 453.474 0.0362566 0.959352 0.279872 1
2.36406 -29.5318 420.271 -0.0114829 -0.981757 -0.189792 1
-1.8359 -28.9616 420.271 -0.127861 -0.958634 -0.254309 1
19.1559 26.9716 473.724 0.539133 -0.0231966 0.841901 1
-41.8351 0.873562 420.08 -0.543392 0.219342 -0.810317 1
-28.6366 30.2742 420.261 -0.548636 0.276263 -0.789099 1
-13.2362 38.0858 453.471 0.0600873 0.979959 0.189922 1
-18.4358 -34.305 453.472 -0.0176928 -0.998391 -0.0538739 1
-8.03576 -35.6494 453.472 0.084549 -0.974159 -0.209443 1
-42.8358 -1.12628 420.117 -0.609186 0.292577 -0.737083 1
-3.03633 36.8191 453.471 0.0201857 0.987581 0.155812 1
-38.6308 8.44916 420.082 -0.608914 0.150587 -0.778811 1
-5.2359 37.133 453.471 0.150219 0.941642 0.301239 1
30.6735 14.9747 463.3 0.346446 -0.0427201 0.937097 1
-11.8359 44.9281 420.471 -0.0334769 0.979588 0.19821 1
-7.63593 37.4172 453.471 -0.0346095 0.996906 -0.0705757 1
30.4584 -1.72612 420.471 0.793597 -0.00683717 -0.608406 1
29.99 16.0739 420.472 0.637189 -0.221984 -0.738047 1
30.8277 -31.7347 420.474 0.73361 -0.291771 -0.613748 1
6.17143 -37.2561 453.472 0.183011 -0.97168 -0.149483 1
30.3314 0.873893 420.47 0.823201 0.114147 -0.556157 1
-22.22 -33.8216 453.487 -0.229924 -0.943971 -0.236756 1
20.2496 24.7768 472.489 0.492775 -0.109 0.863303 1
48.3585 19.4667 453.124 0.798828 -0.0368038 0.600433 1
-45.8358 -23.8176 420.472 -0.117857 -0.965568 -0.231921 1
-21.0512 -30.9142 439.274 -0.1459 -0.966887 -0.209386 1
30.4956 -5.72611 420.471 0.801016 -0.0172323 -0.598395 1
-0.835814 -29.1548 420.472 -0.111051 -0.975849 -0.188111 1
20.3641 -31.6054 420.471 -0.191396 -0.972132 -0.135374 1
7.33981 -10.1367 470.93 0.530933 -0.221286 0.818012 1
29.7425 26.0739 420.472 0.902973 0.00142778 -0.429696 1
29.164 -22.1261 453.187 0.537459 -0.274123 0.797492 1
34.5625 -11.1254 453.261 0.569421 -0.369335 0.734405 1
6.56405 42.8459 420.471 0.0749407 0.947449 0.311004 1
-8.03598 37.5123 453.271 0.185117 0.969817 0.158706 1
-40.6361 4.27395 420.288 -0.527878 0.25464 -0.810249 1
49.2395 23.2573 453.27 0.984146 -0.0989058 0.14722 1
-30.6364 26.474 420.391 -0.375756 0.765488 -0.522337 1
-30.6368 26.6742 420.444 -0.299925 0.123966 -0.945874 1
7.16455 35.5428 453.273 0.0853734 0.964834 0.248611 1
-27.8362 32.674 420.471 -0.477775 0.298365 -0.826262 1
-26.2368 35.8743 420.452 -0.453706 0.271324 -0.848843 1
36.9643 32.0888 453.272 0.168928 0.94795 0.269915 1
11.3643 42.307 420.672 0.0726648 0.97458 0.211927 1
-28.6359 -32.8807 453.271 -0.0942806 -0.991249 -0.0923886 1
-0.0360059 -29.3017 420.671 -0.149854 -0.983845 -0.0979389 1
20.564 -31.6817 420.671 -0.304913 -0.937874 -0.165589 1
29.1227 32.6781 420.664 0.820332 0.267391 -0.505528 1
29.8871 24.4738 420.672 0.912803 -0.125297 -0.388704 1
28.1642 -32.5593 420.672 0.0965928 -0.905419 -0.413383 1
24.7641 40.4974 420.672 0.153015 0.978928 0.135226 1
31.1121 -20.5261 420.671 0.612307 0.13162 -0.779587 1
36.7648 -7.12651 452.955 0.64195 -0.202718 0.739463 1
-21.2363 -26.8662 420.671 -0.317474 -0.854176 -0.411817 1
-41.2359 -24.4086 420.672 -0.408903 -0.845565 -0.343245 1
-6.23605 -28.4226 420.671 -0.1468 -0.978476 -0.145034 1
28.6541 9.18242 462.874 -0.165976 -0.449948 0.877496 1
30.4292 8.4669 420.672 0.858136 -0.0769307 -0.507627 1
-51.2446 -17.9013 420.552 -0.738303 0.314215 -0.596806 1
44.1641 30.9351 453.072 0.231194 0.945656 0.228655 1
8.3608 35.2862 453.073 0.249298 0.95166 0.179425 1
8.01828 -34.4309 462.269 0.51009 -0.295841 0.807642 1
-2.44577 36.7517 453.085 0.23653 0.927258 0.290253 1
-45.4347 -5.56125 420.478 -0.729564 0.0191339 -0.683645 1
-12.0359 -35.0386 453.071 -0.185668 -0.977188 -0.103103 1
20.564 34.0501 453.071 0.233649 0.918098 0.320163 1
-29.836 28.8739 420.568 -0.490896 0.122868 -0.86251 1
-21.3675 45.0665 420.599 -0.339819 0.745597 -0.573244 1
-18.4359 38.7142 453.072 0.189554 0.975658 0.110277 1
-6.63589 37.4141 453.072 0.0505723 0.948526 -0.312635 1
29.8118 29.4689 420.87 0.86978 0.0399721 -0.491817 1
31.469 -28.3262 420.872 0.871037 -0.104219 -0.480034 1
14.5782 34.6954 453.075 0.11627 0.984546 0.130958 1
-47.636 -23.6744 420.871 -0.126524 -0.971569 -0.200115 1
-22.6359 39.1438 453.072 -0.0787217 0.950393 0.300924 1
-41.4359 -24.4274 420.871 -0.163698 -0.854344 -0.493254 1
-21.4362 -26.8694 420.871 -0.0483245 -0.812549 -0.580886 1
-21.6273 -33.8881 453.077 -0.136449 -0.986168 -0.0940923 1
46.7635 14.2742 452.82 0.577134 -0.194431 0.793166 1
27.5646 -26.9264 452.738 0.559195 -0.285236 0.778422 1
30.7006 -3.32613 420.871 0.841456 0.0713996 -0.535588 1
20.3643 41.1379 420.872 0.255902 0.90871 0.329787 1
18.9642 -31.5458 420.872 -0.0929443 -0.97203 -0.215684 1
23.7641 -32.138 420.872 -0.100553 -0.963098 -0.249661 1
39.4621 24.0768 460.461 0.543212 -0.140853 0.827696 1
-13.4437 -27.5797 420.879 0.805035 -0.503303 -0.314015 1
-46.0362 -5.32598 420.852 -0.590738 0.211378 -0.778684 1
-50.043 -14.9246 420.767 -0.669564 -0.134576 -0.730461 1
-22.8359 39.1575 452.871 0.0813675 0.936729 0.340468 1
-24.436 -33.4196 452.871 -0.0986232 -0.99309 -0.0635997 1
-23.2312 43.2956 420.877 -0.47224 0.471715 -0.744631 1
-6.83594 37.4832 452.871 0.496539 0.868009 0.00291003 1
-48.4352 -11.3264 420.715 -0.670375 0.267995 -0.691937 1
9.36115 35.1054 452.874 0.101936 0.974874 0.198066 1
-27.2364 35.0741 420.846 -0.507139 -0.224915 -0.831999 1
15.9795 34.7168 452.851 -0.0826335 0.984736 -0.153186 1
23.6731 -33.7255 452.889 0.454045 -0.52322 0.721169 1
-14.8197 -34.5712 452.862 -0.133466 -0.974012 -0.182993 1
0.763711 -29.4816 421.071 -0.19741 -0.980254 -0.0114183 1
35.5648 8.17546 458.306 0.720709 -0.232298 0.653159 1
2.16407 -29.6877 421.071 -0.120622 -0.986137 -0.113948 1
-40.2359 -24.6467 421.072 -0.151621 -0.914931 -0.374048 1
-46.036 -23.9341 421.071 -0.251233 -0.935827 -0.247205 1
-29.8358 -32.614 452.872 -0.217626 -0.968602 -0.120202 1
3.16406 -29.8084 421.071 -0.105105 -0.969256 -0.222475 1
-39.2357 -24.8431 421.072 -0.205585 -0.951304 -0.229684 1
30.4068 13.6739 421.072 0.849555 0.176841 -0.496974 1
42.8558 22.4104 457.722 0.563142 -0.167229 0.809262 1
17.7639 41.4358 421.071 0.0956208 0.981159 0.167881 1
20.9641 41.0234 421.071 0.2403 0.902089 0.358458 1
21.1642 -31.8598 421.072 -0.111303 -0.959526 -0.258691 1
28.5652 -25.5266 452.515 0.6313 -0.469008 0.61765 1
26.6728 -11.7796 457.256 0.624214 -0.19033 0.757715 0.969762
44.5648 8.67346 452.517 0.690967 0.0266523 0.722395 1
44.0612 23.3789 457.288 0.378906 -0.105128 0.919445 1
46.5636 13.0741 452.615 0.550386 -0.303632 0.777742 1
26.5646 -29.5264 452.559 0.586149 -0.354141 0.728707 1
-50.2358 -14.7261 420.881 -0.591215 -0.212486 -0.778019 1
-50.2363 -14.3257 420.986 -0.62882 -0.212238 -0.748025 1
-27.4356 34.8737 420.909 -0.227135 0.196682 -0.953796 1
-48.435 -10.5265 420.957 -0.658237 0.273588 -0.701337 1
-24.236 41.6739 421 -0.52651 0.137422 -0.838989 1
4.36937 35.8437 452.685 0.225196 0.862985 0.452264 1
-30.0367 29.4743 420.872 -0.538993 0.244924 -0.805915 1
44.7641 30.9411 452.672 0.310137 0.935297 0.170395 1
-19.036 38.8604 452.671 0.215548 0.975316 0.047927 1
-26.2359 39.5023 452.672 -0.123674 0.967641 0.219946 1
28.7759 33.1458 452.663 -0.0748022 0.956005 0.283653 1
48.7849 21.0719 452.683 0.989623 0.0680209 0.126567 1
3.96414 -29.957 421.272 -0.0331284 -0.957065 -0.287973 1
15.5518 34.8039 452.684 0.218284 0.967154 0.130251 1
-5.23597 43.921 421.271 0.251475 0.914469 0.317027 1
-44.0866 -1.93304 421.282 -0.647571 0.470205 -0.599632 1
-20.0356 -33.9054 452.672 -0.130582 -0.970988 -0.200328 1
20.9806 -38.5875 452.652 0.227851 -0.871781 0.433684 1
20.7786 -38.6175 452.654 0.134556 -0.969752 0.203655 1
41.5609 16.0739 439.271 0.905508 -0.07753 -0.417187 1
21.3642 40.9328 421.272 0.154029 0.983051 0.0994277 1
-10.836 -35.0852 452.671 -0.00400451 -0.977603 -0.210418 1
-22.2891 45.0659 421.229 -0.30947 0.815953 -0.488313 1
-37.6359 13.8738 421.077 -0.603923 0.438819 -0.665368 1
-45.4341 -3.1287 421.19 -0.567616 0.299515 -0.766879 1
-32.6361 24.874 421.21 -0.611963 0.309974 -0.727611 1
43.3644 5.47372 452.331 0.682664 -0.217163 0.697717 1
36.5641 -9.72598 452.332 0.625845 -0.239127 0.742385 1
-28.6362 33.474 421.208 -0.513102 0.223647 -0.828678 1
-47.4371 -7.12564 421.25 -0.679013 0.139822 -0.720688 1
-42.8359 2.67388 421.189 -0.576054 0.224641 -0.785938 1
-40.4327 7.69047 421.134 -0.486612 0.335367 -0.806683 1
-40.431 8.29391 421.269 -0.532094 0.200513 -0.8226 1
-38.8346 11.674 421.245 -0.539608 0.244663 -0.805582 1
31.4111 -15.3261 421.472 0.8211 0.0147192 -0.570595 1
44.9636 9.0741 452.408 0.618767 -0.394789 0.679168 1
-48.0359 -23.7426 421.471 -0.099034 -0.968923 -0.226673 1
-11.236 44.6488 421.471 0.142688 0.967859 0.207098 1
10.3681 35.1696 452.469 0.129573 0.979827 0.152152 1
-21.2393 39.0745 452.497 0.144904 0.982929 0.113373 1
-14.8359 45.065 421.471 -0.0211829 0.997602 0.0658926 1
42.0327 -13.926 439.272 0.860931 -0.0186068 -0.508382 1
21.3463 -38.5744 452.484 0.257607 -0.809388 0.527759 1
20.5519 -38.6177 452.45 0.00630195 -0.996926 0.0781007 1
2.36403 -36.7311 452.471 -0.0338709 -0.981799 -0.186879 1
-4.63586 43.7874 421.472 0.297853 0.949026 0.103116 1
-4.23601 43.7382 421.471 0.0459839 0.992463 0.113586 1
14.364 -37.9958 452.471 -0.049215 -0.978067 -0.202391 1
-18.8362 -34.0887 452.471 -0.118838 -0.969913 -0.212475 1
12.1639 -37.7028 452.471 -0.133273 -0.949402 -0.284383 1
-17.0361 -34.3028 452.471 -0.115284 -0.985372 -0.125502 1
31.7161 -25.7261 421.472 0.853482 -0.0791592 -0.515075 1
30.4562 20.8739 421.47 0.874539 0.08962 -0.476602 1
-46.2359 -24.002 421.472 -0.190912 -0.954622 -0.228583 1
-1.6392 36.8125 452.47 0.25033 0.937227 0.242777 1
-38.2353 13.6736 421.361 -0.402418 0.487461 -0.774882 1
-33.4353 23.6736 421.38 -0.681403 0.270034 -0.680273 1
-24.8352 41.4736 421.318 -0.486896 0.156927 -0.859247 1
42.9642 4.07379 452.175 0.636961 -0.312804 0.704581 1
30.767 13.2739 421.672 0.864461 0.154079 -0.478505 1
29.5647 -24.9264 452.1 0.618648 -0.413568 0.668009 1
0.964291 -29.6585 421.672 -0.172758 -0.984276 -0.0368106 1
-21.0359 45.5218 421.672 -0.0893291 0.974863 -0.204113 1
31.4468 -12.1261 421.672 0.804058 0.21071 -0.555961 1
-1.8382 36.8738 452.274 0.351911 0.879328 0.320845 1
31.3778 -9.92613 421.672 0.83736 0.0306132 -0.545794 1
31.2439 -5.92613 421.672 0.844709 -0.0300871 -0.53438 1
26.3639 40.0488 421.671 0.255255 0.960889 0.107415 1
30.8696 10.2739 421.671 0.929299 0.0800104 -0.360558 1
9.61368 1.01731 388.086 0.115654 0.177923 -0.977224 1
-44.6359 -24.2272 421.672 -0.169335 -0.946311 -0.275355 1
-8.2355 -28.3264 421.672 -0.032129 -0.978893 -0.201833 1
-4.43606 -28.9001 421.671 -0.118218 -0.988147 -0.0979342 1
-1.83598 -29.2924 421.671 -0.135712 -0.977853 -0.159329 1
30.4066 27.6739 421.671 0.902013 0.0222142 -0.431137 1
24.1639 33.8058 452.271 0.11348 0.954234 0.276695 1
-15.4359 -34.4709 452.271 -0.335109 -0.930832 -0.145783 1
-25.6373 40.2745 421.483 -0.547017 0.336829 -0.766367 1
-28.636 -32.7272 452.271 -0.146888 -0.976263 -0.159165 1
42.7645 3.07363 451.958 0.57247 -0.329063 0.750996 1
-33.8365 23.6741 421.636 -0.42629 0.370385 -0.825283 1
-31.8365 28.0741 421.609 -0.620941 0.189376 -0.760637 1
-35.6363 19.6741 421.602 -0.641869 0.18385 -0.744448 1
39.5639 -4.12604 451.894 0.584694 -0.153239 0.79665 1
-30.6318 -26.0389 421.874 -0.152118 -0.953583 -0.259885 1
29.992 31.0727 421.884 0.87106 0.137121 -0.471649 1
44.3639 6.67395 452.051 0.73887 -0.357063 0.571469 1
47.7638 13.674 452.029 0.768348 -0.189309 0.611394 1
16.764 -31.4925 421.871 -0.118432 -0.958195 -0.260453 1
30.9196 12.0739 421.871 0.896155 0.0104328 -0.443618 1
31.7387 -17.3261 421.871 0.76629 0.00681572 -0.642459 1
31.5621 -11.9261 421.872 0.771992 -0.0752495 -0.631163 1
-13.6066 -34.6696 452.052 -0.146524 -0.981634 -0.122166 1
-14.6317 -34.408 452.08 -0.21846 -0.963127 -0.157041 1
31.41 -7.32615 421.872 0.845466 0.0899036 -0.526407 1
31.2903 -0.526132 421.872 0.922891 0.11007 -0.368995 1
-34.8363 21.674 421.677 -0.619066 0.22945 -0.751073 1
-30.837 31.2745 421.863 -0.409552 0.368186 -0.834689 1
-33.0353 25.8736 421.757 -0.742983 0.500051 -0.444888 1
-32.8352 26.2735 421.746 -0.779995 0.23005 -0.581967 1
19.3642 34.4398 452.072 0.0580873 0.951685 0.301532 1
-32.8359 40.275 452.072 -0.38493 0.758143 0.526354 1
-32.4359 40.265 452.072 -0.334421 0.610741 0.717745 1
-8.23602 -35.3068 452.071 -0.0404862 -0.865041 -0.500065 1
21.764 -32.1666 422.071 -0.100256 -0.96316 -0.249541 1
47.9456 13.0941 451.765 0.823679 -0.1026 0.557697 1
47.577 12.4993 451.78 0.623378 -0.385438 0.680321 1
-9.63583 44.3238 422.072 0.225577 0.948994 0.220284 1
-9.43583 44.2932 422.072 -0.182119 0.982641 0.0353572 1
27.164 -32.7982 422.071 0.0148691 -0.97026 -0.241608 1
24.5415 -36.1438 451.691 0.434575 -0.255761 0.863557 1
4.96411 -30.257 422.072 0.109357 -0.92447 -0.365234 1
31.4613 -3.32611 422.071 0.870985 0.113948 -0.477913 1
3.76406 -30.1019 422.071 -0.155312 -0.970846 -0.182585 1
48.1455 27.6763 451.717 0.897874 0.036317 -0.438752 1
44.0696 -23.6679 442.522 0.977105 -0.168239 0.130238 1
-22.6359 -26.9242 422.072 -0.219839 -0.916339 -0.334654 1
41.6721 12.0739 439.271 0.894883 0.0817222 -0.438755 1
35.1607 32.5703 451.868 0.149861 0.954966 0.25609 1
-51.2284 -13.3227 421.999 -0.971096 0.0969003 -0.218136 1
19.9641 34.3862 451.871 0.102019 0.910842 0.39995 1
-23.8363 -33.3537 451.871 -0.0911953 -0.987605 -0.12775 1
-26.6358 -32.9278 451.872 -0.138121 -0.985474 -0.0988154 1
17.3641 34.6999 451.872 0.0999305 0.980959 0.166532 1
48.4711 20.495 451.886 0.961112 -0.0598964 -0.269585 1
-26.836 39.2739 421.873 -0.468715 0.40312 -0.786003 1
-22.4359 39.332 451.871 0.259525 0.952029 0.162132 1
-39.4357 12.6738 421.901 -0.607995 0.281364 -0.742412 1
21.3755 -38.6311 451.856 0.0884222 -0.988813 0.120126 1
-24.6423 43.4682 421.993 -0.519534 0.499084 -0.693542 1
-28.6364 36.0742 422.061 -0.525382 0.331347 -0.783698 1
-48.2372 -6.52572 421.995 -0.673573 0.142848 -0.725186 1
-12.2359 38.3509 451.871 0.0665681 0.983093 0.170579 1
22.1641 40.62 422.272 0.0827668 0.977382 0.194615 1
43.764 31.247 451.871 0.262634 0.954872 0.138717 1
5.34162 35.878 451.883 0.122632 0.956318 0.265364 1
-40.8359 -24.7968 422.271 -0.157129 -0.956734 -0.24489 1
38.9744 31.9555 451.847 0.18628 0.934747 0.30257 1
-31.8934 -32.1828 451.899 -0.344008 -0.921673 -0.179381 1
-36.4294 -25.6026 422.295 -0.326701 -0.814357 -0.479675 1
32.2156 -23.3261 422.272 0.86022 0.0291338 -0.509091 1
-8.41553 -28.3726 422.258 0.0463809 -0.965884 -0.254789 1
18.764 41.0294 422.271 0.143495 0.967405 0.208653 1
46.7633 9.87424 451.494 0.631941 -0.269903 0.7265 1
33.7633 -17.9258 451.604 0.447831 -0.185284 0.87471 1
-31.2346 31.4732 422.143 -0.218672 0.486727 -0.845742 1
-17.8358 38.9727 451.672 0.0245723 0.999496 -0.0200965 1
-18.2358 39.0081 451.672 0.361647 0.923684 -0.126565 1
-36.6347 19.2734 422.133 -0.562924 0.187075 -0.805059 1
-46.0361 -1.12606 422.154 -0.625044 0.301722 -0.719919 1
-31.4376 -26.1631 422.481 -0.289016 -0.926226 -0.242022 1
-12.8269 -28.1251 422.44 -0.144417 -0.980596 -0.132569 1
31.3605 9.87416 422.469 0.91776 0.0177318 -0.396739 1
-11.6359 41.0467 439.272 0.24921 0.941061 0.228689 1
40.764 31.6882 451.671 0.242376 0.950768 0.193118 1
-43.0359 -24.5852 422.471 -0.119671 -0.950008 -0.28838 1
47.7852 29.678 451.659 0.833257 0.494951 -0.246388 1
11.5582 38.204 439.274 0.245648 0.930016 0.273364 1
31.2281 13.6739 422.472 0.876221 0.0903104 -0.473372 1
-12.636 44.6212 422.471 0.0956345 0.988422 0.117797 1
-8.43598 -35.1791 451.671 0.021639 -0.991974 -0.124579 1
-30.8359 -32.211 451.671 -0.277967 -0.939656 -0.19945 1
4.36408 -30.2642 422.471 0.0431421 -0.979399 -0.197272 1
5.76404 -30.4415 422.471 -0.00653511 -0.941946 -0.335702 1
-17.4359 45.1446 422.471 0.0393887 0.999116 -0.0147195 1
31.9919 -32.3425 422.466 0.712254 -0.551268 -0.434509 1
11.9641 -31.2393 422.471 -0.476895 -0.838028 -0.265105 1
19.1641 -31.9543 422.472 -0.0460087 -0.988956 -0.140884 1
19.9642 -32.0503 422.472 -0.116394 -0.967604 -0.22404 1
31.9671 -13.3261 422.472 0.813726 0.0937773 -0.573635 1
31.6328 0.0737946 422.471 0.851775 -0.0200787 -0.523523 1
-1.42548 36.923 451.464 0.266179 0.953966 0.138194 1
25.7589 40.1649 422.484 0.240126 0.961629 0.132699 1
32.3637 -21.326 451.434 0.46015 -0.268173 0.846372 1
31.7646 -22.9264 451.337 0.577674 -0.340374 0.741915 1
-44.2361 3.47392 422.432 -0.668498 0.208551 -0.713874 1
34.564 -16.9261 451.384 0.476248 -0.212819 0.853168 1
39.7638 -5.32599 451.412 0.509508 -0.250545 0.823182 1
-50.8377 -11.1433 422.314 -0.956627 0.191319 -0.219685 1
-35.2353 23.0735 422.327 -0.554919 0.247673 -0.794181 1
-31.8351 30.6735 422.321 -0.619029 0.154834 -0.769954 1
-42.0352 8.07362 422.413 -0.493373 0.340832 -0.80026 1
-47.4373 -3.32565 422.431 -0.676842 0.263833 -0.687224 1
-37.2359 18.6739 422.395 -0.411405 0.36323 -0.835949 1
-50.8457 -23.7227 422.672 -0.740061 -0.665456 0.0973521 1
-24.2535 45.4238 422.683 -0.177948 0.872259 -0.45552 1
-12.036 -28.316 422.671 -0.156403 -0.965781 -0.206895 1
31.0292 27.4737 422.672 0.857885 0.113871 -0.501065 1
30.7886 29.8754 422.661 0.914709 -0.0464084 -0.40144 1
21.964 40.5431 422.671 0.143763 0.989309 0.0244979 1
-10.1902 41.3612 436.218 -0.268774 0.925368 0.26731 1
-25.2177 42.269 439.288 0.572956 0.793062 -0.206819 1
-4.43627 -29.1046 422.671 -0.161977 -0.978625 -0.126713 1
48.1841 12.7018 451.479 0.937596 -0.151466 0.313005 1
-33.4353 -25.8727 422.672 -0.0633131 -0.961876 -0.266057 1
24.564 -32.6397 422.671 -0.104011 -0.972167 -0.209937 1
7.75611 -37.0544 451.462 -0.1126 -0.976241 -0.185133 1
-28.6501 -26.4884 422.677 -0.115832 -0.960084 -0.2546 1
-31.4513 -32.0874 451.444 -0.232407 -0.954402 -0.18736 1
-0.0358801 42.933 422.672 -0.00594258 0.973389 0.229081 1
27.9639 39.5552 422.671 0.331019 0.943613 0.00450425 1
48.0569 25.4549 451.479 0.897241 0.0791161 -0.434396 1
17.764 -31.8097 422.671 -0.0943754 -0.965216 -0.243825 1
-19.8353 -27.4439 422.673 -0.0119857 -0.952993 -0.302756 1
-32.2359 40.4214 451.471 -0.278841 0.850713 0.445572 1
-11.0361 38.2774 451.471 0.21563 0.959233 0.182689 1
-45.8353 0.473584 422.489 -0.726323 0.221104 -0.650821 1
-48.0358 -4.5262 422.514 -0.705465 0.328677 -0.627925 1
-41.0354 11.0737 422.553 -0.677203 0.258066 -0.689056 1
37.9627 -9.72547 451.23 0.562373 -0.209231 0.799975 1
-49.0166 -23.7567 422.859 -0.280991 -0.958276 -0.0524584 1
-31.8363 -26.148 422.871 -0.119137 -0.968506 -0.218636 1
32.0449 -7.92611 422.871 0.847642 0.0810332 -0.524344 1
-22.8359 -33.3475 451.271 -0.209325 -0.933653 -0.290646 1
11.764 -31.3 422.871 -0.291425 -0.953337 0.0788642 1
31.3519 17.8739 422.872 0.847529 0.0294319 -0.529933 1
20.7641 34.4187 451.271 0.120431 0.944007 0.307159 1
19.5639 34.5956 451.271 0.074534 0.974458 0.211843 1
17.7641 34.7877 451.271 -0.168614 0.947005 0.273408 1
3.56403 -30.2434 422.871 -0.25868 -0.91328 -0.314651 1
-30.236 40.2773 451.271 -0.319785 0.772142 0.549121 1
35.7632 32.65 451.272 -0.0427234 0.989214 0.140108 1
48.1837 12.2408 451.261 0.952633 -0.114234 0.281853 1
33.174 33.0227 451.273 0.39114 0.905153 0.166455 1
-14.8359 44.7759 422.872 -0.0926416 0.946853 0.308036 1
-7.83602 43.9293 422.871 0.146537 0.970279 0.192576 1
8.96405 -37.1097 451.271 -0.0652977 -0.989773 -0.126832 1
47.8336 28.0759 451.259 0.876022 0.00134886 -0.48227 1
-42.8429 7.46955 422.762 -0.555943 0.312941 -0.770062 1
18.764 -38.3217 451.271 -0.0506339 -0.957813 -0.282895 1
-41.4362 10.674 422.688 -0.596487 0.244479 -0.764482 1
43.9634 2.27422 450.99 0.621611 -0.163113 0.766155 1
31.7583 -33.5407 423.079 0.37133 -0.848774 -0.376426 1
27.7757 34.2557 450.941 0.332484 0.94113 0.0610567 1
11.764 -31.3435 423.071 -0.583002 -0.55259 -0.595611 1
32.4393 -16.1261 423.072 0.904344 0.0513371 -0.423706 1
31.5614 14.4739 423.071 0.838842 -0.016511 -0.544125 1
32.7648 -28.5261 423.072 0.892292 -0.10898 -0.438108 1
-47.4358 -24.1321 423.072 -0.215308 -0.966914 -0.136819 1
32.0919 -3.92611 423.071 0.846306 0.0295241 -0.531878 1
16.3641 -31.7297 423.072 -0.150906 -0.94362 -0.294633 1
45.7641 31.0744 451.072 0.410355 0.910946 0.0422583 1
-12.436 38.5431 451.071 -0.0528356 0.976185 0.210406 1
23.7641 -32.6533 423.071 -0.23753 -0.948148 -0.211176 1
30.227 38.0709 423.059 0.803243 0.441001 -0.400399 1
-30.636 40.369 451.071 0.0861059 0.777332 0.623169 1
-32.6353 30.8736 422.965 -0.661198 0.193315 -0.724877 1
-23.036 -33.2744 451.07 0.126112 -0.945892 -0.29897 1
-23.8232 -33.2295 451.052 -0.0276814 -0.976238 -0.214927 1
-49.2366 -5.7258 423.019 -0.748284 0.417772 -0.515303 1
-44.0361 6.27393 423.056 -0.608111 0.28798 -0.739776 1
-32.0359 32.0738 422.905 -0.529393 0.306604 -0.791036 1
-20.4362 -33.5638 451.071 -0.0448106 -0.981683 -0.185179 1
29.1751 -36.9028 439.289 -0.0852458 -0.905417 -0.415876 1
-41.8362 10.474 422.883 -0.38189 0.360326 -0.851073 1
48.0695 18.4614 451.045 0.883893 0.0466407 -0.465358 1
10.564 -37.2752 451.071 -0.0338628 -0.982266 -0.184408 1
-33.8041 -25.9544 423.295 -0.124433 -0.977615 -0.169663 1
19.764 -38.3764 451.071 -0.145205 -0.981301 -0.126351 1
-33.2355 -26.0373 423.272 0.017818 -0.987442 -0.156976 1
-4.83578 -29.1804 423.272 -0.0900581 -0.973213 -0.211533 1
-41.2359 -24.9542 423.272 -0.106796 -0.974241 -0.198617 1
1.56409 42.6403 423.271 0.256268 0.93621 0.240494 1
-38.4281 -25.2206 423.258 -0.118565 -0.932853 -0.340187 1
34.9647 -18.3264 450.719 0.544924 -0.275973 0.791768 1
40.5649 -5.92652 450.722 0.522151 -0.285295 0.80372 1
17.7642 40.937 423.272 0.0898918 0.972359 0.215493 1
-35.8058 -26.0422 423.271 -0.263102 -0.946181 -0.188464 1
20.964 -32.3373 423.271 -0.10446 -0.977234 -0.184666 1
-15.0359 44.7213 423.271 -0.0398852 0.997287 0.0618684 1
23.164 -32.6158 423.271 -0.083574 -0.971995 -0.219638 1
-1.03602 42.9743 423.271 0.0305561 0.957141 0.288006 1
31.7416 33.1717 450.897 0.177844 0.967179 0.181484 1
-40.4351 14.0735 423.13 -0.527569 0.29605 -0.796257 1
15.5641 -37.8202 450.871 0.381791 -0.738358 -0.555934 1
48.2376 13.4693 450.883 0.980152 -0.0128371 -0.197831 1
-17.4586 -33.936 450.873 -0.106778 -0.913588 -0.392372 1
-49.0355 -5.12636 423.105 -0.940223 0.131055 -0.314335 1
-29.8374 37.0745 423.25 -0.510809 0.35254 -0.784085 1
8.76407 -36.9912 450.871 0.0526056 -0.952486 -0.300004 1
-38.4376 18.6745 423.236 -0.477678 0.311343 -0.821517 1
7.96408 35.9748 450.871 0.23043 0.948275 0.218352 1
-23.4359 45.448 423.471 -0.0989264 0.994846 -0.0222542 1
31.7814 -33.6683 423.489 0.303044 -0.72042 -0.623827 1
14.364 -31.7735 423.472 -0.148607 -0.96706 -0.206664 1
32.9888 -25.5261 423.472 0.861913 -0.0642027 -0.502975 1
-26.4351 -26.9279 423.473 -0.098126 -0.968515 -0.228803 1
-10.836 -32.0988 439.271 -0.117586 -0.962371 -0.244981 1
41.7033 11.0739 439.271 0.961772 -0.0825196 -0.261121 1
28.5554 -32.5079 450.42 0.512968 -0.294433 0.806333 1
32.5761 -13.1261 423.472 0.823185 0.0475833 -0.565776 1
41.9637 -3.92598 450.48 0.573414 -0.155883 0.804299 1
44.1638 1.07401 450.483 0.603513 -0.183864 0.775865 1
29.9642 -29.1262 450.601 0.587567 -0.273313 0.76162 1
43.3639 -0.726076 450.486 0.604312 -0.218049 0.76633 1
-31.2356 34.6737 423.312 -0.547401 0.209915 -0.810116 1
10.9639 35.7025 450.671 0.145723 0.982513 0.115903 1
18.9639 34.7865 450.671 0.0984704 0.96628 0.237922 1
-8.21081 37.9478 450.67 -0.105116 0.917862 0.382727 1
44.9638 31.3187 450.671 0.252336 0.962072 0.103656 1
31.3775 30.0732 423.675 0.836984 0.107265 -0.536611 1
33.1366 -28.7261 423.671 0.834136 -0.0399052 -0.550113 1
-21.0412 -27.572 423.67 -0.0758571 -0.96954 -0.232889 1
-0.636075 42.831 423.671 -0.0355067 0.954065 0.297488 1
31.7635 21.8739 423.673 0.853124 0.129058 -0.505493 1
39.3641 32.1725 450.671 0.223053 0.959033 0.174654 1
-3.43599 43.2095 423.671 0.0906329 0.974822 0.203732 1
32.2879 5.65687 423.698 0.825779 -0.0410579 -0.562497 1
-14.0361 38.8211 450.671 -0.513718 0.801652 0.305693 1
-14.2361 38.8471 450.671 0.100141 0.943891 0.31471 1
32.652 -11.3261 423.672 0.669644 0.338525 -0.661042 1
32.6469 -11.1261 423.671 0.648821 -0.400723 -0.64688 1
-46.4359 -24.4224 423.671 -0.287213 -0.936063 -0.20321 1
-44.4359 -24.6984 423.671 -0.142178 -0.98536 -0.0940755 1
-34.6363 -26.0646 423.673 -0.0818969 -0.97327 -0.214564 1
-40.6353 14.8736 423.535 -0.447274 0.392865 -0.803494 1
-8.23549 -34.9624 450.672 -0.0224475 -0.99706 -0.073266 1
-32.8355 32.0736 423.493 -0.637115 0.201142 -0.744061 1
-39.8368 17.2742 423.625 -0.502247 0.216316 -0.837231 1
36.1642 -16.9262 450.366 0.563289 -0.244139 0.789368 1
27.9668 -34.1136 450.311 0.486838 -0.327574 0.809743 1
25.7517 -37.9007 450.332 0.32343 -0.825077 0.463294 1
-45.0352 5.47357 423.536 -0.748574 0.2302 -0.621808 1
-42.8355 10.2737 423.538 -0.536916 0.307979 -0.785411 1
-41.0354 14.0736 423.561 -0.577103 0.0527118 -0.814969 1
-40.8363 14.674 423.605 -0.49901 0.655446 -0.566904 1
-31.0259 -26.5736 423.877 -0.157349 -0.969618 -0.187303 1
36.9616 -14.9287 450.417 0.550073 -0.274494 0.788715 1
-21.6359 45.2396 423.872 0.0432288 0.999037 0.00755469 1
15.564 -37.7296 450.471 0.00623615 -0.99729 0.0733061 1
8.76402 -36.9023 450.471 -0.208497 -0.965055 -0.158738 1
33.0334 -31.7272 423.866 0.738329 -0.320436 -0.593457 1
2.76493 -36.2736 450.477 0.172553 -0.924563 -0.339719 1
1.76386 -36.2301 450.471 -0.140901 -0.946565 -0.290106 1
33.2231 -31.3293 423.887 0.893168 0.0501198 -0.446922 1
-10.2108 38.2371 450.467 0.242763 0.869823 0.429504 1
5.96409 -30.7844 423.871 0.65802 -0.731509 -0.17862 1
6.16406 -30.8102 423.871 -0.128076 -0.991108 -0.0360673 1
-42.636 -24.9234 423.871 -0.140329 -0.978093 -0.153758 1
-34.0359 -26.1104 423.872 -0.034268 -0.961162 -0.27385 1
14.964 41.1389 423.871 -0.0223725 0.968232 0.24905 1
-19.036 -27.764 423.871 -0.00613082 -0.961628 -0.274288 1
-25.6357 -32.817 450.472 -0.138584 -0.966277 -0.217032 1
-24.2116 -27.1156 423.877 -0.184777 -0.935623 -0.300779 1
-28.6359 40.2751 450.471 -0.0401597 0.938079 0.344087 1
-28.436 41.4739 423.672 -0.509933 0.277354 -0.814275 1
37.5643 32.6378 450.472 0.116818 0.972 0.203887 1
-32.2363 34.0741 423.834 -0.582611 0.0357009 -0.811966 1
-43.8366 9.07421 423.828 -0.634626 0.344913 -0.691581 1
-37.4363 23.274 423.835 -0.69414 -0.0154793 -0.719674 1
34.7647 -20.5264 450.175 0.567459 -0.265224 0.779517 1
33.2034 -31.7209 424.064 0.76673 -0.322822 -0.554898 1
32.5832 2.07387 424.072 0.887116 0.0901557 -0.452655 1
39.7645 -9.52634 450.156 0.545021 -0.166243 0.821776 1
13.9643 41.1893 424.072 0.159534 0.986498 0.0370096 1
24.564 -32.9742 424.071 -0.183041 -0.95025 -0.252034 1
-17.636 -28.0208 424.071 0.150237 -0.942105 -0.29978 1
9.96406 -31.3295 424.071 -0.174945 -0.939938 -0.293104 1
-24.8648 -27.1331 424.075 -0.0805093 -0.981485 -0.173796 1
32.7666 -6.72613 424.072 0.876383 0.29378 -0.381635 1
22.7641 40.1336 424.071 0.0861394 0.989242 0.118238 1
22.564 -38.4807 450.271 -0.0873678 -0.960662 -0.263618 1
21.964 -38.443 450.271 -0.0430046 -0.979156 -0.198506 1
-3.63587 -35.4984 450.272 -0.174112 -0.982168 -0.0709318 1
-32.4372 34.2746 424.035 -0.510533 0.165334 -0.843813 1
-3.24779 37.7361 450.293 0.158084 0.96838 0.193002 1
-35.4359 28.6738 424.064 -0.487809 0.0719769 -0.869978 1
-14.045 -34.1115 450.244 -0.179037 -0.955056 -0.23625 1
-24.2358 39.9405 450.272 0.047885 0.972524 0.227826 1
32.8187 -3.12613 424.272 0.922857 0.0201948 -0.384613 1
-45.4359 -24.6972 424.271 -0.243892 -0.951596 -0.187032 1
-19.8326 -33.5244 450.29 -0.112442 -0.970792 -0.211944 1
-21.6359 -33.2014 450.272 -0.143984 -0.957791 -0.248807 1
42.2558 -22.3262 439.272 0.844389 -0.0833389 -0.529209 1
4.36399 -30.6737 424.271 0.0101074 -0.982444 -0.186282 1
-2.01953 -33.1024 439.294 -0.261712 -0.961429 0.0846269 1
11.5641 -31.5805 424.271 0.0425972 -0.9206 -0.388176 1
12.364 -31.6795 424.271 -0.13597 -0.959474 -0.246824 1
15.764 -32.0195 424.272 -0.139283 -0.968548 -0.206191 1
32.1229 22.4739 424.27 0.805951 0.0265707 -0.591386 1
32.9985 -10.1262 424.272 0.876357 0.0405531 -0.479952 1
35.7645 -19.1263 449.955 0.609708 -0.238784 0.755803 1
24.164 39.9314 424.271 0.139574 0.984115 0.109715 1
-8.43604 -28.9911 424.271 -0.0488232 -0.975964 -0.212394 1
-15.236 44.5534 424.271 -0.00673633 0.987756 0.155862 1
29.5638 38.917 424.271 0.353989 0.935186 -0.0109206 1
33.3528 -19.7262 424.273 0.876718 0.0310168 -0.480004 1
-29.236 41.6739 424.259 -0.384224 0.385994 -0.838678 1
-32.8355 34.0736 424.198 -0.382526 0.239455 -0.892376 1
-29.4006 -32.2499 450.094 -0.234861 -0.959161 -0.157637 1
-35.8362 28.274 424.214 -0.349482 0.506276 -0.788383 1
-37.8355 23.4737 424.167 -0.563877 -0.178639 -0.806307 1
-30.2217 38.8701 424.151 -0.526566 0.294534 -0.797482 1
-46.035 5.27347 424.155 -0.7019 0.0250011 -0.711837 1
-30.8358 40.6419 450.072 -0.13273 0.956627 0.259321 1
47.8211 11.262 450.087 0.963175 -0.112368 -0.244268 1
-11.4356 -28.8546 424.473 -0.390323 -0.796078 -0.462503 1
33.2182 -13.7261 424.472 0.884585 -0.0742208 -0.460436 1
32.5313 7.67565 424.474 0.812106 -0.0360154 -0.582398 1
47.5365 9.49184 450.059 0.92466 -0.158095 -0.346426 1
47.614 18.0499 450.09 0.947247 0.0473222 -0.316992 1
32.1148 26.2739 424.47 0.835406 0.00948145 -0.549552 1
12.3637 41.2813 424.471 -0.115167 0.986408 0.117203 1
33.0286 -6.92614 424.472 0.747236 0.337671 -0.572378 1
32.5593 10.2739 424.471 0.799216 0.104441 -0.5919 1
29.364 -33.6517 424.471 -0.0296316 -0.951325 -0.306762 1
32.3902 -33.9419 424.478 0.327846 -0.800837 -0.501175 1
34.1643 -23.1262 449.765 0.618458 -0.347068 0.70502 1
-19.6359 44.9708 424.471 0.131467 0.978553 0.158591 1
-24.6381 -27.1879 424.454 -0.169651 -0.98222 -0.0803936 1
38.1668 -14.728 449.717 0.55769 -0.281998 0.780679 1
-37.2362 25.274 424.292 -0.47981 0.190725 -0.856391 1
43.3617 -2.71247 449.847 0.654853 -0.308857 0.689764 1
-40.0514 19.0849 424.463 -0.474132 0.344679 -0.810183 1
-33.4356 33.4737 424.351 -0.646078 0.216339 -0.73197 1
-29.236 40.5347 449.871 0.143946 0.949597 0.27847 1
0.189696 -30.18 424.652 -0.13963 -0.971247 -0.192826 1
-1.03595 -35.7589 449.871 -0.405779 -0.901265 0.151873 1
-12.2361 44.104 424.671 0.0460492 0.973719 0.223048 1
1.95024 -30.4279 424.659 -0.233698 -0.939066 -0.252071 1
10.9641 35.845 449.871 0.140941 0.952448 0.270144 1
32.6719 10.6739 424.671 0.623861 -0.039869 -0.780518 1
10.164 41.5154 424.671 -0.0499551 0.982668 0.178515 1
11.964 -31.7165 424.671 0.207537 -0.957235 -0.201568 1
-17.4359 -28.1441 424.672 -0.0190296 -0.93634 -0.350577 1
-2.83593 42.935 424.671 0.0352587 0.983005 0.180162 1
31.6818 34.6662 424.648 0.869207 0.0250842 -0.493811 1
-22.8384 -27.6738 424.672 -0.132482 -0.985889 -0.102334 1
1.564 42.3696 424.671 0.18982 0.971613 0.141198 1
32.9755 1.47392 424.671 0.84388 0.174985 -0.507195 1
-34.6145 -26.3622 424.673 -0.191558 -0.971609 -0.138857 1
-34.0359 -26.3696 424.671 -0.0108076 -0.984475 -0.175191 1
-28.8366 43.4742 424.662 -0.435501 0.645735 -0.627189 1
31.3614 -30.116 449.502 0.433994 -0.110089 0.894164 1
-33.4365 34.2742 424.609 -0.634057 0.201836 -0.746481 1
33.9646 -24.1264 449.58 0.541638 -0.324778 0.775337 1
46.3659 2.67314 449.524 0.84782 -0.0813384 0.524009 1
2.56573 -30.5542 424.869 -0.123788 -0.970109 -0.208723 1
17.7642 -32.3197 424.872 -0.0684361 -0.977834 -0.197883 1
21.5641 34.6926 449.671 0.030952 0.976207 0.214618 1
32.2287 28.8738 424.872 0.910024 -0.00974127 -0.414441 1
33.2009 -3.12614 424.872 0.875899 -0.105126 -0.470903 1
33.1667 -0.126165 424.873 0.800007 0.0160765 -0.599775 1
17.9822 35.0557 449.68 -0.0826896 0.987039 0.137538 1
-3.84313 -29.4664 424.873 -0.61631 -0.721916 -0.314643 1
-2.83636 -29.8084 424.879 -0.411933 -0.851021 -0.325691 1
-1.63583 -29.9734 424.872 -0.210775 -0.952089 -0.221588 1
-9.836 43.7573 424.871 0.166339 0.972474 0.163171 1
18.1638 40.5729 424.871 -0.0475669 0.945279 0.322778 1
20.3641 40.2659 424.871 0.152564 0.968123 0.198652 1
-10.8271 -34.5289 449.638 0.0693731 -0.99759 -0.000853637 1
-42.2357 15.2738 424.705 -0.554739 0.215089 -0.803742 1
-45.8364 7.87406 424.825 -0.577327 0.583243 -0.57142 1
-45.6367 8.27421 424.812 -0.803478 0.15669 -0.574345 1
-32.6349 36.0733 424.683 -0.551621 0.330124 -0.765985 1
41.7585 8.67387 439.271 0.901466 0.0400761 -0.43099 1
-46.8362 5.27397 424.697 -0.688253 -0.00601855 -0.725445 1
-28.8506 -26.8357 425.066 -0.205394 -0.929652 -0.305876 1
33.7658 -29.9418 425.064 0.838401 -0.117987 -0.53213 1
37.7645 -16.7263 449.381 0.612146 -0.389254 0.688301 1
33.54 -12.1261 425.071 0.860627 -0.0282796 -0.50845 1
15.3641 -32.2107 425.071 -0.159581 -0.976258 -0.146471 1
33.4573 -8.52612 425.071 0.871291 0.0105011 -0.490655 1
32.8727 11.8739 425.071 0.783485 -0.0267409 -0.620835 1
47.0177 28.6546 449.458 0.86856 0.262567 -0.420312 1
-14.6359 -28.5555 425.071 -0.151215 -0.956826 -0.248229 1
33.1805 5.07387 425.072 0.905953 -0.0276358 -0.422475 1
32.7537 15.2739 425.071 0.821663 0.00100234 -0.569972 1
33.0853 6.07393 425.071 0.954158 0.0218394 -0.298505 1
11.764 41.2312 425.071 0.230714 0.963245 0.137586 1
22.164 39.9924 425.071 0.0717308 0.966079 0.248086 1
-31.2354 39.4736 424.887 -0.770034 0.307104 -0.559227 1
-31.2358 39.8738 425.019 -0.759712 0.119299 -0.639223 1
-1.23602 -35.6462 449.471 -0.274029 -0.956994 0.0952365 1
-30.4354 41.0737 424.904 -0.56328 0.289621 -0.773845 1
-31.2361 40.887 449.471 -0.0779636 0.920163 0.383694 1
-10.6358 40.9281 439.272 0.688402 0.719054 0.0952007 1
-28.2238 -26.9822 425.254 -0.144853 -0.963228 -0.226296 1
-20.236 -33.2534 449.471 -0.0146952 -0.834491 -0.550826 1
33.3789 1.27385 425.272 0.854007 0.223263 -0.469921 1
33.7957 -32.5442 425.259 0.742721 -0.122853 -0.658234 1
17.764 40.509 425.271 0.125272 0.990032 0.064368 1
21.364 -32.8492 425.271 -0.0539363 -0.979453 -0.194328 1
42.5651 -6.92658 449.129 0.667728 -0.175948 0.723313 1
33.5429 -7.12613 425.271 0.82762 0.179213 -0.531909 1
32.8208 17.0739 425.272 0.88088 0.086748 -0.465323 1
33.4522 -2.92612 425.271 0.823571 -0.181976 -0.53723 1
-4.04328 -29.5589 425.283 -0.572762 -0.807658 -0.140118 1
-3.21706 -29.8618 425.254 -0.231578 -0.95271 -0.196761 1
-37.436 -25.9257 425.272 -0.128483 -0.950589 -0.282619 1
-49.8403 -0.122836 425.136 -0.8687 0.179507 -0.461669 1
47.2904 25.3516 449.234 0.903346 0.0839543 -0.420615 1
6.36411 36.5047 449.271 0.123797 0.967581 0.220139 1
-47.0359 6.07387 425.078 -0.678645 0.125792 -0.723614 1
-40.8355 19.6736 425.164 -0.738569 0.457565 -0.495126 1
-40.8375 19.8744 425.221 -0.705629 -0.173723 -0.686955 1
-43.8352 13.2736 425.142 -0.607717 0.109597 -0.786555 1
-40.4353 20.8737 425.166 -0.516162 0.255338 -0.817545 1
-30.036 42.8739 425.21 -0.459781 0.526274 -0.715288 1
34.0077 -30.9466 425.475 0.645194 0.10954 -0.756126 1
43.1641 31.8925 449.271 -0.00470587 0.972683 -0.232088 1
-23.8359 45.1565 425.472 -0.014191 0.994864 0.100223 1
-21.636 44.9776 425.471 0.115876 0.96827 0.221419 1
21.5641 -38.2264 449.271 -0.0431979 -0.946651 -0.319354 1
41.3641 32.1372 449.271 0.30652 0.947538 0.0906444 1
33.5196 0.473886 425.471 0.861899 0.186257 -0.471634 1
-19.2359 44.7457 425.471 0.136819 0.988183 0.0691062 1
32.5832 29.0738 425.471 0.848157 -0.0725095 -0.52476 1
9.16416 -36.6822 449.272 -0.171951 -0.974915 -0.141328 1
-17.436 44.5556 425.471 0.0486121 0.998215 0.0347064 1
30.5644 38.4709 425.471 0.416742 0.907662 -0.0497668 1
-3.23593 42.8214 425.471 0.0158785 0.987437 0.157216 1
-20.0359 -33.2213 449.272 -0.529398 -0.766223 -0.364198 1
38.1638 -17.126 448.998 0.586956 -0.242517 0.772443 1
36.1641 -21.3261 449.007 0.557779 -0.43334 0.707884 1
46.7525 1.66154 449.041 0.851211 -0.301872 0.429317 1
40.7646 -11.5264 448.973 0.613774 -0.259104 0.745752 1
32.166 -29.9239 449.062 0.539539 -0.0360067 0.84119 1
33.2754 11.0739 425.671 0.877188 0.0464325 -0.477897 1
34.408 -27.1265 425.673 0.855094 -0.164436 -0.491707 1
32.5003 31.8738 425.671 0.770267 -0.066807 -0.634213 1
33.166 14.0739 425.671 0.852934 -0.0248883 -0.521425 1
-12.6497 -28.8776 425.669 -0.400475 -0.830668 -0.386795 1
-0.0411389 -30.2329 425.674 -0.112914 -0.989293 -0.092469 1
-2.43604 42.6885 425.671 0.196571 0.970948 0.136452 1
-24.836 -32.5923 449.071 -0.030979 -0.990312 -0.135364 1
0.18617 36.7115 449.069 -0.00230049 0.920511 0.39071 1
25.964 -33.5138 425.671 -0.11487 -0.977898 -0.174704 1
17.9643 35.2414 449.072 -0.0733449 0.919376 0.386482 1
-46.2359 -24.8115 425.672 -0.226113 -0.967243 -0.115388 1
-4.23597 -35.1367 449.071 -0.136589 -0.982372 -0.127627 1
33.7071 -2.92612 425.671 0.714819 -0.368561 -0.594303 1
-42.636 -25.2482 425.671 -0.233257 -0.966442 -0.107617 1
-0.0359585 -35.6907 449.071 -0.0846808 -0.978151 -0.189865 1
42.964 31.959 449.071 0.738032 0.670388 0.076738 1
37.7642 32.9314 449.072 0.171016 0.974363 0.146186 1
-7.23209 38.2605 449.066 0.0314415 0.986321 0.16181 1
-41.0371 20.8743 425.629 -0.44652 0.224277 -0.86621 1
-30.6226 -26.9435 425.855 -0.0275621 -0.972794 -0.230025 1
-26.2318 45.5068 425.868 -0.176646 0.980653 0.0843567 1
-30.039 -27.051 425.863 -0.177358 -0.960892 -0.212677 1
10.364 41.221 425.871 -0.227817 0.915651 0.331184 1
-28.251 -27.1808 425.861 -0.111574 -0.975642 -0.188875 1
11.3641 -31.8955 425.871 -0.133248 -0.971997 -0.193562 1
-21.036 -27.9904 425.871 -0.29063 -0.954715 -0.0636702 1
45.5636 -1.32579 448.811 0.797832 -0.194893 0.57051 1
-39.045 -25.8017 425.868 -0.118885 -0.991719 -0.0485863 1
23.1639 39.6942 425.871 0.0570333 0.982782 0.175749 1
29.364 -35.5261 448.864 0.57872 -0.520329 0.627966 1
-8.636 -34.508 448.871 -0.0823811 -0.985349 -0.149332 1
-9.61312 -34.4241 448.868 -0.112582 -0.985864 -0.124087 1
-10.8558 -34.3359 448.86 -0.046292 -0.90772 -0.417015 1
28.5641 -33.8996 425.871 -0.0908674 -0.982722 -0.161248 1
34.3954 -31.9262 425.87 0.803298 -0.0420662 -0.59409 1
34.1714 -30.347 425.864 0.851093 0.161817 -0.499456 1
33.5077 9.46651 425.895 0.879896 0.0233542 -0.474593 1
14.1636 -32.2625 425.871 -0.00419783 -0.975388 -0.220457 1
14.3918 -32.3156 425.88 -0.418409 -0.905515 -0.0705471 1
-17.836 44.5141 425.871 0.205298 0.978367 -0.0255086 1
-17.236 39.5817 448.871 0.151481 0.942385 0.298267 1
-43.0358 16.8738 425.692 -0.610678 0.222347 -0.760022 1
20.5639 35.043 448.871 0.0840945 0.967333 0.239155 1
-39.4364 25.2741 425.697 -0.604623 0.145869 -0.783041 1
-49.8009 2.49722 425.795 -0.835303 0.549723 -0.00853026 1
-42.4361 18.4739 425.757 -0.594786 0.244967 -0.765651 1
13.3641 35.8103 448.871 0.135109 0.952836 0.271753 1
-31.2364 41.874 425.718 -0.5551 0.336057 -0.760874 1
-44.0361 15.2739 425.867 -0.720384 0.29873 -0.625945 1
10.364 41.1725 426.071 -0.164129 0.978371 0.125904 1
10.7642 41.1324 426.072 -0.101545 0.961461 0.255502 1
39.5749 32.6363 448.856 0.238714 0.967467 0.0838099 1
46.8756 1.46589 448.87 0.806683 -0.0834508 0.585063 1
13.9641 40.726 426.072 0.0791616 0.980158 0.181722 1
-13.6359 -32.2373 441.271 -0.152456 -0.941164 -0.301607 1
-33.236 -31.3028 448.871 -0.182852 -0.972342 0.145311 1
-33.636 -31.2896 448.872 -0.374743 -0.9066 0.194022 1
34.5647 -26.3264 448.541 0.652052 -0.596306 0.468239 1
33.1856 23.4829 426.073 0.841994 0.0900497 -0.531918 1
36.5636 -21.7259 448.619 0.532743 -0.604475 0.59228 1
42.5637 -9.32591 448.474 0.673752 -0.225973 0.703559 1
-10.4499 -34.3562 448.695 -0.124799 -0.949335 -0.288423 1
-45.6367 12.2742 426.017 -0.641519 0.146892 -0.752911 1
-37.4355 30.6737 425.975 -0.4506 0.37565 -0.809843 1
-45.0356 13.4737 425.96 -0.648198 0.29486 -0.702066 1
34.7176 -26.126 426.272 0.852162 0.034177 -0.522162 1
34.2974 -12.3261 426.271 0.864603 -0.0175651 -0.502148 1
46.9869 1.51003 448.686 0.959662 0.0237497 0.280152 1
32.472 34.0739 426.271 0.878675 0.0406703 -0.475685 1
3.5638 -30.9662 426.271 0.0964811 -0.971593 -0.216098 1
47.0174 24.0739 448.672 0.893343 -0.0659908 -0.444504 1
-29.6358 40.8607 448.672 0.205889 0.977868 -0.0371931 1
-31.6359 41.1148 448.672 -0.0196494 0.918936 0.393916 1
-36.2321 -26.3095 426.263 -0.122987 -0.95801 -0.259018 1
47.0997 14.6529 448.674 0.85443 0.0581976 -0.516297 1
28.5345 39.0001 426.284 0.262753 0.961593 0.079366 1
40.1891 32.4258 448.665 0.262701 0.952123 0.156365 1
30.5635 38.37 426.271 0.309457 0.942236 0.12817 1
-23.6358 -32.6689 448.672 -0.0483383 -0.979926 -0.193411 1
34.0554 -1.32612 426.271 0.834954 0.0423266 -0.548689 1
21.564 -38.0949 448.671 -0.0282776 -0.99871 -0.0421695 1
32.9907 30.2694 426.28 0.866483 0.106328 -0.487751 1
20.3641 -32.9745 426.271 -0.131424 -0.983034 0.127949 1
33.4704 15.8739 426.271 0.875877 0.0457825 -0.480357 1
47.1268 18.7022 448.668 0.914279 0.119797 -0.386966 1
-10.6673 39.0662 448.673 0.107973 0.972673 0.205545 1
-38.6354 28.4736 426.099 -0.551242 0.240225 -0.799015 1
34.5544 -30.5495 426.141 0.799064 0.079209 -0.596005 1
-44.6352 14.8735 426.141 -0.679216 0.389816 -0.62186 1
-33.6363 37.8739 426.113 -0.525372 0.350046 -0.775534 1
36.9646 -21.7264 448.353 0.426511 -0.495636 0.756593 1
45.1638 -3.52602 448.384 0.693203 -0.235591 0.681151 1
34.3281 -8.32611 426.471 0.875168 -0.0282732 -0.482992 1
-4.03748 38.0238 448.461 0.126243 0.974572 0.185127 1
20.3641 -33.0196 426.471 -0.0876753 -0.871664 -0.482198 1
34.7596 -33.5287 426.45 0.73944 -0.40026 -0.541314 1
-21.2397 44.7157 426.492 0.0484144 0.98833 0.14443 1
-14.2359 -28.9443 426.471 -0.00966006 -0.937213 -0.348625 1
24.3641 39.4189 426.471 0.195135 0.969054 0.151182 1
29.764 33.9908 448.471 0.172094 0.957093 0.233147 1
31.164 -34.3217 426.471 0.0601324 -0.977945 -0.200021 1
34.6868 -18.9261 426.471 0.823727 -0.17984 -0.53771 1
-14.6238 -28.9419 426.465 -0.358403 -0.906696 -0.222374 1
26.9682 -38.57 448.437 0.0747836 -0.955566 0.285134 1
34.8245 -24.3261 426.472 0.852766 0.104024 -0.51183 1
28.1642 34.1851 448.472 0.0240213 0.990312 0.136764 1
4.76408 41.7312 426.471 0.0725241 0.995989 0.0524108 1
-11.6234 -34.0361 448.477 -0.128554 -0.951111 -0.280823 1
8.13803 -36.4881 448.467 -0.2514 -0.961627 -0.109869 1
-25.4359 40.533 448.471 0.0614968 0.970469 0.233255 1
0.564976 37.3957 448.464 -0.169507 0.957049 0.235212 1
-29.436 40.9019 448.471 -0.0472998 0.885321 0.462568 1
12.3642 36.0077 448.472 -0.0418281 0.983661 0.175103 1
46.9294 1.08512 448.491 0.869952 -0.479121 -0.116734 1
-41.6359 21.8738 426.322 -0.547593 0.169275 -0.819443 1
18.964 -37.7197 448.471 -0.0507243 -0.949337 -0.31014 1
-32.4348 41.8731 426.457 -0.609791 0.365588 -0.703207 1
-32.0394 42.4617 426.456 -0.608371 0.306646 -0.73202 1
-30.8365 44.6743 426.453 -0.209949 0.722787 -0.658407 1
-35.4359 35.0738 426.311 -0.532966 0.278423 -0.799017 1
46.362 29.0794 448.453 0.702605 0.520392 -0.485322 1
-33.4362 -26.9066 426.671 -0.114452 -0.965546 -0.233714 1
-6.63587 -34.7057 448.472 -0.0583218 -0.99312 -0.101541 1
13.5642 40.641 426.672 0.166511 0.980322 0.10603 1
-18.436 44.4058 426.671 0.149638 0.971791 0.182293 1
34.8895 -30.1181 426.677 0.899631 0.223811 -0.374931 1
34.8095 -19.1261 426.672 0.709685 -0.143111 -0.689831 1
-32.8361 -29.897 441.271 -0.120008 -0.962232 -0.244352 1
35.1633 -26.1258 448.218 0.24097 -0.347406 0.906224 1
-25.6358 45.3205 426.672 0.0133196 0.938844 0.344085 1
-0.437832 37.2635 448.21 0.155121 0.811415 0.563509 1
-11.2359 43.5213 426.671 0.012766 0.959937 0.279926 1
-34.6353 -26.554 426.672 -0.133456 -0.965963 -0.221598 1
-9.01676 -29.5569 426.677 -0.0947875 -0.983698 -0.152816 1
-6.24359 -29.8388 426.676 0.166545 -0.957452 -0.235689 1
22.964 39.5525 426.671 -0.015973 0.98077 0.19451 1
-31.036 -31.5974 448.271 -0.183752 -0.969378 -0.162916 1
-24.236 -32.4752 448.271 0.0525411 -0.962866 -0.264816 1
-35.6357 35.6737 426.642 -0.437637 0.198475 -0.876973 1
2.56401 -31.0231 426.871 -0.190419 -0.962993 -0.190751 1
-13.8181 39.1316 448.263 -0.148735 0.822655 0.548741 1
9.56414 41.0909 426.872 0.0142015 0.963539 0.26719 1
34.002 11.6738 426.872 0.918801 -0.0135996 -0.394486 1
0.566533 37.5007 448.275 0.0915675 0.919503 0.382269 1
11.7641 40.8444 426.871 0.0807087 0.965407 0.247942 1
-15.6245 39.4067 448.293 0.0834029 0.923045 0.375542 1
1.16402 41.9294 426.871 0.106114 0.987357 0.117758 1
-9.24079 38.8262 448.274 0.230784 0.972736 0.0228674 1
12.5641 36.0367 448.271 -0.325328 0.936131 0.133494 1
-20.0361 -28.3046 426.871 -0.156577 -0.963462 -0.217314 1
-18.0504 -28.4709 426.851 -0.0690793 -0.949767 -0.30524 1
-18.4432 -33.1348 448.26 -0.101187 -0.976108 -0.192286 1
34.1658 -34.6202 426.894 0.183013 -0.963333 -0.196202 1
37.9637 -20.526 448.048 0.593535 -0.273045 0.757075 1
45.9403 -3.33386 447.921 0.800426 -0.12447 0.586366 1
-38.2352 31.6733 426.801 -0.598649 0.380407 -0.704919 1
46.8959 4.4478 448.076 0.99944 -0.0247094 0.0225735 1
-8.23588 -34.3899 448.072 -0.112251 -0.987125 -0.113946 1
-8.63579 -34.333 448.072 -0.149208 -0.969673 -0.193576 1
-5.0354 38.2599 448.072 0.00785058 0.984697 0.1741 1
-25.836 45.2729 427.071 -0.0699785 0.98252 0.172506 1
-16.6266 39.6902 448.081 0.139328 0.981111 0.134196 1
-12.6359 -29.2023 427.071 -0.0262765 -0.996275 -0.0821311 1
17.3641 35.5396 448.072 0.0453222 0.947591 0.316255 1
18.1641 -32.8735 427.071 -0.0761945 -0.96858 -0.236742 1
-16.6359 44.1405 427.071 0.161389 0.985848 0.0453466 1
-8.23591 43.0655 427.071 0.252388 0.959124 0.127987 1
34.4566 2.27388 427.071 0.832552 0.0821962 -0.547815 1
-6.0359 -29.836 427.075 0.0235517 -0.997372 -0.0685134 1
34.5656 -34.631 427.097 0.264443 -0.826134 -0.497567 1
33.2286 31.2742 427.05 0.854128 0.217778 -0.472269 1
35.0751 -17.9232 427.096 0.753802 0.184859 -0.630562 1
2.76468 -35.4393 448.073 -0.0252795 -0.951798 -0.305683 1
14.5639 35.8252 448.071 0.193287 0.931932 0.306828 1
15.3641 -37.1747 448.072 -0.0949039 -0.982516 -0.160171 1
-44.6354 17.4737 426.981 -0.601282 0.143414 -0.786061 1
-37.2354 33.6736 426.943 -0.56151 0.299814 -0.771245 1
34.586 2.07386 427.272 0.675388 0.259822 -0.690176 1
35.3077 -24.3261 427.271 0.867691 0.0915699 -0.488598 1
8.76412 41.1228 427.272 0.042534 0.996774 0.0680613 1
-9.83592 43.2299 427.271 0.126459 0.973796 0.18902 1
33.8055 26.274 427.27 0.843988 0.0698156 -0.531799 1
36.3651 -24.9265 447.752 0.517141 -0.301259 0.80113 1
-20.236 44.5746 427.272 0.0740379 0.981248 0.177965 1
26.5641 38.9946 427.271 0.0865248 0.982288 0.166202 1
34.1111 15.2739 427.271 0.867459 -0.0388741 -0.495988 1
-15.636 43.9448 427.271 0.181003 0.983401 0.0126794 1
35.133 -17.3259 427.27 0.708736 0.0949949 -0.699049 1
3.76405 37.1274 447.871 0.0254011 0.974045 0.224925 1
-3.43594 42.4764 427.271 0.0589119 0.985864 0.156849 1
-1.63751 37.8658 447.849 0.2018 0.965753 0.16309 1
3.76401 41.6975 427.271 0.283542 0.950267 0.128827 1
35.3787 -26.9266 427.273 0.852515 -0.0975357 -0.513523 1
13.5641 -32.461 427.272 -0.183498 -0.922361 -0.339969 1
-39.0614 31.0543 427.089 -0.605553 0.399861 -0.688053 1
-32.6217 41.4748 447.856 0.0561862 0.902527 0.426951 1
13.9641 35.9631 447.871 0.109725 0.963184 0.245432 1
-44.6357 17.8738 427.091 -0.519749 0.178206 -0.835526 1
34.349 12.4739 427.471 0.928083 0.0236438 -0.371621 1
-14.2555 -29.1693 427.454 -0.151673 -0.970829 -0.185706 1
-12.4359 -29.3104 427.472 -0.135093 -0.957985 -0.253012 1
34.9473 -8.12613 427.471 0.857331 0.00343444 -0.514755 1
34.197 16.4738 427.472 0.883498 0.0795317 -0.461635 1
-9.63589 38.9383 447.872 0.222148 0.97496 0.0101273 1
-7.03594 42.8398 427.471 0.18699 0.981653 0.0373188 1
46.7177 19.4631 447.887 0.951475 0.0571214 -0.302378 1
25.164 34.6704 447.871 0.146527 0.956557 0.252047 1
11.1642 -36.5799 447.872 -0.0111839 -0.989763 -0.142279 1
23.1639 34.8868 447.871 0.0621502 0.97434 0.216332 1
12.1642 40.6611 427.472 0.0405494 0.982605 0.181229 1
-0.655461 -33.7552 441.262 -0.160799 -0.963771 -0.212814 1
19.164 -37.6183 447.871 -0.128667 -0.977387 -0.167809 1
34.7209 1.67389 427.471 0.622561 0.112418 -0.774455 1
35.2231 -32.1372 427.496 0.869667 0.0157331 -0.493388 1
-33.8359 -31.0423 447.872 -0.422462 -0.905188 -0.0464781 1
-5.03593 42.6007 427.471 0.130589 0.980333 0.147962 1
17.5642 40.0161 427.472 0.119951 0.983501 0.135418 1
-17.0319 -28.8068 427.466 -0.139992 -0.947132 -0.288691 1
14.3642 -32.6553 427.471 -0.118866 -0.932265 -0.34169 1
-33.8358 -26.8834 427.471 -0.104315 -0.990693 -0.0874446 1
45.7652 -4.34822 447.65 0.70296 -0.275308 0.655784 1
-32.4359 44.6739 427.457 -0.358557 0.811082 -0.462149 1
36.1636 -25.9259 447.619 0.554748 -0.281639 0.782901 1
-42.8355 23.0736 427.387 -0.444764 0.256186 -0.858227 1
46.3403 12.6517 447.659 0.889459 -0.0880843 -0.448446 1
1.92622 -35.0706 447.65 -0.00533323 -0.93614 -0.351587 1
-5.83603 -34.6387 447.671 -0.100001 -0.970919 -0.217522 1
-44.2348 19.6734 427.335 -0.627239 0.248342 -0.738171 1
-1.03594 -35.2411 447.671 -0.0561349 -0.976554 -0.207823 1
25.1641 -33.88 427.671 -0.0342366 -0.981264 -0.189602 1
-4.23601 42.4916 427.671 0.0202027 0.999796 -0.000882484 1
35.4174 -18.9261 427.672 0.833023 -0.164682 -0.52816 1
-14.6355 39.4959 447.673 0.0542794 0.942489 0.329799 1
-28.836 41.0906 447.671 0.0546138 0.93067 0.36176 1
35.0279 -6.32613 427.672 0.8414 -0.0334565 -0.539376 1
-21.436 40.2958 447.671 0.0711401 0.946028 0.316179 1
35.1936 -12.1262 427.672 0.859524 -0.0767386 -0.505302 1
46.6817 -1.3267 447.679 0.99187 0.0593503 0.112568 1
-18.0359 44.1962 427.671 0.0985474 0.975339 0.197491 1
-35.0359 41.5284 447.672 -0.278467 0.825844 0.490345 1
28.1641 34.3597 447.672 0.0708825 0.972226 0.223054 1
-0.645491 37.7794 447.681 0.171669 0.954429 0.244121 1
7.76402 -36.2608 447.671 -0.242872 -0.958565 -0.14888 1
6.76401 -36.1813 447.671 -0.646127 -0.761449 0.052102 1
-34.2356 41.6737 427.508 -0.624046 0.483278 -0.614011 1
35.5369 -18.7261 427.871 0.777382 -0.211775 -0.592308 1
40.947 -16.5321 447.319 0.620443 -0.416079 0.664777 1
35.5225 -18.1261 427.871 0.845563 0.0349791 -0.532728 1
-8.23558 -29.8313 427.872 0.0523205 -0.953701 -0.296171 1
24.7641 39.0653 427.871 0.0968685 0.962845 0.252082 1
-26.4363 -27.8481 427.871 -0.0805817 -0.982101 -0.17025 1
34.6138 12.0738 427.872 0.913092 -0.00367898 -0.407737 1
34.3531 22.0553 427.889 0.910688 0.00729622 -0.41303 1
22.3641 39.3544 427.871 0.0664388 0.980317 0.185916 1
1.76411 41.6995 427.872 0.179693 0.963717 0.197385 1
-7.43589 -34.3494 447.472 -0.130091 -0.971048 -0.200356 1
46.2517 24.0739 447.47 0.785495 -0.104445 -0.609991 1
46.2902 23.2738 447.472 0.801121 -0.139222 -0.582084 1
31.1639 37.9584 427.871 0.342704 0.935173 0.0894671 1
-43.4354 23.6736 427.764 -0.455298 0.290918 -0.841469 1
46.3296 -2.9161 447.481 0.971145 0.0708795 0.227713 1
-37.8353 34.8735 427.763 -0.62661 0.235817 -0.742799 1
-30.2712 -31.588 447.456 -0.228014 -0.931576 -0.283154 1
35.7638 -22.7261 428.071 0.839397 -0.20687 -0.502611 1
-2.43596 42.1767 428.071 0.121743 0.955556 0.268498 1
-28.236 41.0934 447.471 0.133147 0.887657 0.440836 1
2.96416 -31.3264 428.072 -0.157099 -0.970353 -0.183671 1
-32.8357 -31.1559 447.472 -0.228143 -0.964465 -0.13326 1
36.5548 33.3467 447.471 0.0975067 0.994269 0.0438347 1
45.86 29.2842 447.458 0.788626 0.494252 -0.365766 1
15.1642 40.1442 428.072 0.105461 0.985093 0.135903 1
-31.036 41.2959 447.471 0.141278 0.987309 0.0725334 1
42.8932 12.6739 441.271 0.894078 -0.0237973 -0.447278 1
6.56393 -36.1203 447.471 -0.283308 -0.91533 0.286197 1
34.5381 17.6739 428.071 0.782368 0.459949 -0.419938 1
34.4088 24.674 428.093 0.843672 -0.0145107 -0.536663 1
-4.83594 -34.6847 447.471 0.00755953 -0.916882 -0.399086 1
35.227 -3.52614 428.072 0.783641 -0.0223336 -0.620813 1
7.96411 41.0682 428.072 0.172662 0.958206 0.228098 1
8.56399 40.9954 428.071 -0.0558322 0.941274 0.332997 1
46.3705 6.4705 447.248 0.987217 0.0482428 -0.151905 1
-36.6368 38.2741 428.061 -0.506017 0.284258 -0.814337 1
-40.8355 29.8736 427.885 -0.494729 0.31197 -0.811122 1
32.3918 -32.9219 447.176 0.316632 -0.295689 0.901284 1
5.16398 37.0892 447.271 0.111916 0.983459 0.142419 1
45.8122 29.05 447.261 0.928477 0.313975 -0.198368 1
-43.4427 24.6703 427.973 -0.544301 0.192559 -0.816491 1
-35.0355 41.4737 427.92 -0.335946 0.381355 -0.861225 1
-37.4353 36.0735 427.926 -0.539365 0.230177 -0.810003 1
-45.8358 17.8738 427.973 -0.656149 0.210479 -0.724684 1
-44.6356 20.8738 427.995 -0.622402 0.218576 -0.751559 1
35.8957 -23.1261 428.271 0.891763 0.0537635 -0.449298 1
4.56406 -31.5987 428.272 0.0245366 -0.973321 -0.228131 1
-39.8341 -26.3061 428.181 -0.269139 -0.9429 -0.196222 1
-21.2703 44.5804 428.297 0.0632323 0.985284 0.158799 1
29.564 -34.5139 428.271 -0.186971 -0.968379 -0.165178 1
0.164237 -31.018 428.272 -0.101742 -0.969371 -0.223534 1
35.5507 -10.9261 428.271 0.901198 -0.0225178 -0.432822 1
34.6622 17.6739 428.271 0.534007 0.356373 -0.766704 1
-16.036 43.8503 428.271 0.177445 0.968355 0.175507 1
2.96407 41.5925 428.271 0.127075 0.984759 0.118752 1
-12.8385 40.6724 441.278 0.273659 0.91957 0.281962 1
9.96401 -36.3136 447.271 -0.127471 -0.977195 -0.169828 1
-41.0364 30.2742 428.221 -0.416135 0.316258 -0.852533 1
18.9641 -37.4581 447.272 -0.0406694 -0.998415 -0.0389034 1
29.7484 -38.5334 447.286 0.0056961 -0.999981 -0.00255049 1
-4.23611 -34.721 447.271 -0.0889758 -0.95475 -0.283787 1
-42.4356 27.2737 428.163 -0.589845 0.219444 -0.777127 1
-44.4355 22.4738 428.151 -0.714833 0.202883 -0.669218 1
39.9567 -18.5316 447.019 0.670121 -0.103863 0.734949 1
-11.8359 -29.5974 428.472 -0.572099 -0.805836 -0.152745 1
42.7652 -13.9266 446.976 0.729779 -0.289611 0.619312 1
35.9665 -21.1261 428.472 0.844371 -0.0308633 -0.534868 1
35.8356 -16.3136 428.471 0.871927 0.21747 -0.438691 1
20.5641 -33.4828 428.472 -0.00809225 -0.970482 -0.241039 1
45.2924 31.275 447.069 0.894374 0.439467 -0.0834553 1
-37.0242 -26.8641 428.483 -0.17463 -0.964379 -0.198688 1
7.76404 -32.0243 428.471 -0.128794 -0.964596 -0.230144 1
20.5641 35.4129 447.071 0.0714936 0.997441 9.41052e-06 1
30.9641 -34.7336 428.472 0.444479 -0.884397 -0.142405 1
12.3641 -32.5953 428.471 -0.110637 -0.953163 -0.281494 1
-20.4594 -28.6476 428.476 -0.155052 -0.968041 -0.197118 1
4.16405 37.2667 447.071 0.00894506 0.971734 0.235909 1
-41.0367 30.8743 428.462 -0.422319 0.3464 -0.837648 1
46.0443 10.674 447.072 0.920625 -0.204475 -0.332625 1
-42.036 28.8739 428.413 -0.557996 0.160626 -0.81415 1
-38.8361 35.074 428.468 -0.777711 0.10127 -0.620411 1
-21.2359 -32.5902 447.072 -0.118858 -0.976537 -0.179577 1
9.3642 36.6585 447.072 0.117178 0.977926 0.173001 1
-30.036 41.3387 447.071 -0.0443349 0.992085 0.117478 1
-31.8362 41.5006 447.071 0.174152 0.976649 0.125812 1
-32.6404 -27.381 428.679 -0.151785 -0.964846 -0.214554 1
11.5641 40.4409 428.672 0.0981464 0.956901 0.273328 1
46.2859 15.8739 447.07 0.927648 0.0150478 -0.373151 1
46.2489 -4.74039 447.061 0.963234 -0.203136 0.175832 1
36.2122 -28.3261 428.671 0.834927 -0.141624 -0.531827 1
-14.2153 39.683 447.08 0.0801672 0.960585 0.266175 1
-12.0359 -29.6295 428.672 0.0164277 -0.92933 -0.368885 1
35.5671 -1.92612 428.671 0.826037 0.0134413 -0.563455 1
35.469 1.47388 428.671 0.841625 -0.0399579 -0.538582 1
31.1641 -34.8019 428.671 -0.0903711 -0.898215 -0.430166 1
-2.64038 -30.7436 428.679 -0.0332369 -0.909682 -0.413973 1
-1.26454 -30.9327 428.659 -0.171404 -0.965749 -0.194809 1
-3.23605 42.1523 428.671 0.143796 0.855459 0.497507 1
45.769 -7.53047 446.691 0.949926 -0.168587 0.263096 1
43.5637 -12.526 446.809 0.819902 -0.305413 0.484235 1
32.9635 -35.7258 446.735 0.0465035 -0.500391 0.86455 1
20.1641 35.4903 446.871 0.19504 0.969821 0.146308 1
-22.4359 -32.3996 446.872 -0.268179 -0.948555 -0.168296 1
0.964131 37.7161 446.872 0.115289 0.971138 0.208807 1
-30.0359 41.3889 446.872 -0.0623639 0.997517 0.0327198 1
-42.6355 28.0737 428.561 -0.577918 0.209622 -0.788714 1
-28.8359 -31.6095 446.872 -0.231431 -0.946827 -0.223514 1
-32.8488 41.6867 446.881 0.113591 0.986164 0.120734 1
34.2376 32.5028 428.854 0.728486 0.153026 -0.667751 1
34.2604 33.2504 428.875 0.592653 0.0978341 -0.799494 1
17.191 35.8547 446.853 0.0865586 0.987772 0.129666 1
0.36399 41.641 428.871 0.0546506 0.981008 0.186109 1
-8.43578 -34.0891 446.872 -0.139094 -0.965177 -0.221555 1
46.1811 -0.316106 446.87 0.973374 0.0311933 -0.227089 1
10.1642 -32.3959 428.872 -0.0945822 -0.948913 -0.30103 1
-5.0132 -30.4344 428.849 -0.0805234 -0.961698 -0.262016 1
34.5006 30.8766 428.874 0.932861 0.015766 -0.359891 1
46.8184 0.832204 448.526 0.972109 -0.21485 0.0940431 1
46.2663 -4.94498 446.863 0.941859 -0.265095 0.206461 1
5.56499 -35.8893 446.854 -0.174889 -0.939772 -0.293672 1
46.065 3.47385 446.872 0.864098 -0.0040307 -0.503308 1
-13.0359 -33.5248 446.871 -0.118282 -0.966074 -0.22959 1
-14.4319 -33.2589 446.861 -0.364823 -0.818059 -0.444616 1
46.0565 13.074 446.876 0.904514 -0.0858892 -0.417706 1
-29.6359 41.3604 446.871 -0.15933 0.9773 0.139636 1
-39.0365 35.6742 428.81 -0.702721 0.115245 -0.702069 1
-46.4354 18.8736 428.709 -0.8598 0.208829 -0.465977 1
-46.0589 -25.6204 429.083 -0.0850227 -0.791712 -0.604949 1
-5.43597 42.3386 429.071 0.15902 0.979146 0.126436 1
-5.03595 42.2942 429.071 0.0758741 0.982165 0.172031 1
-3.83593 42.1419 429.071 0.303603 0.844129 0.441894 1
-30.0266 -27.6938 429.061 0.0521467 -0.974508 -0.218207 1
35.6193 4.07386 429.072 0.842287 0.0127255 -0.53888 1
-12.2358 43.1945 429.071 0.0535575 0.97206 0.228539 1
35.1964 16.4739 429.072 0.874693 -0.0264164 -0.483957 1
36.2046 -32.5043 429.081 0.789446 0.302648 -0.534022 1
35.8595 -3.92613 429.072 0.837983 -0.0311671 -0.544805 1
24.9641 -34.1482 429.072 0.0242525 -0.990702 -0.133871 1
4.57726 -31.8358 429.072 -0.0418017 -0.994084 -0.100247 1
45.9463 1.87367 446.67 0.917325 -0.0473902 -0.395309 1
23.964 35.0704 446.671 0.0820078 0.987887 0.131735 1
35.5478 5.87387 429.071 0.821688 -0.0285261 -0.569223 1
-3.42486 -30.6585 429.063 -0.129928 -0.933499 -0.334214 1
39.2633 -21.8979 446.68 0.540623 0.186577 0.820314 1
29.9887 37.9527 429.082 0.153536 0.970144 0.187742 1
14.1641 -36.6996 446.671 -0.0932798 -0.981805 -0.165401 1
35.1093 22.2521 429.082 0.895328 0.0538887 -0.442136 1
-22.4326 44.327 429.077 0.0687582 0.990392 0.119981 1
-19.0208 -32.6771 446.649 -0.143086 -0.972481 -0.183868 1
-27.2359 41.176 446.672 0.164804 0.945679 0.280232 1
14.1635 -32.9725 429.071 -0.133116 -0.97819 -0.159453 1
45.6709 25.6739 446.672 0.860278 0.00527956 -0.509799 1
36.1893 -16.1263 429.072 0.854624 -0.009715 -0.519157 1
-37.2366 40.6742 429.025 -0.547966 0.407476 -0.730545 1
45.8014 10.6936 446.683 0.937143 0.204425 -0.282797 1
-29.4362 -31.4891 446.671 -0.103306 -0.949832 -0.295205 1
45.4213 29.2738 446.672 0.892925 0.247781 -0.375884 1
2.76403 -31.5582 429.271 -0.187559 -0.961634 -0.200205 1
-22.0359 40.5733 446.671 -0.0336451 0.96026 0.27707 1
27.3641 -38.369 446.672 0.0707372 -0.997318 0.0187954 1
36.3954 -18.9261 429.272 0.862524 0.0727466 -0.500759 1
-35.8272 -30.5524 446.629 -0.291645 -0.95644 0.0128442 1
40.3621 -20.1154 446.387 0.488338 -0.170084 0.855919 1
-23.2372 44.5295 429.278 0.141662 0.908607 0.392893 1
34.9641 -35.2077 429.271 0.272129 -0.882176 -0.384333 1
35.5654 -31.5267 446.346 0.54063 -0.252099 0.802599 1
36.2992 -32.3448 429.253 0.766459 0.258076 -0.588165 1
44.7668 -11.3272 446.327 0.860864 -0.2381 0.449691 1
0.578067 -31.2699 429.272 -0.182374 -0.948792 -0.257941 1
19.3641 39.41 429.271 0.21285 0.941772 0.260308 1
4.16408 41.2085 429.271 0.225168 0.957871 0.178276 1
20.9641 39.247 429.272 0.0125803 0.992744 0.119585 1
34.729 30.8704 429.264 0.706073 0.0595042 -0.705634 1
35.1286 22.698 429.267 0.963403 0.136881 -0.230473 1
36.0548 -6.92615 429.272 0.874866 -0.236562 -0.422668 1
35.8726 0.473872 429.271 0.834022 0.140215 -0.533618 1
33.3418 37.2761 429.3 0.617519 0.778865 -0.109726 1
37.1644 -27.9263 446.396 0.534782 -0.391118 0.749022 1
-20.2359 -32.5606 446.471 -0.151094 -0.971197 -0.184245 1
8.764 -36.1102 446.471 -0.182935 -0.950159 -0.252452 1
5.7428 -35.8086 446.455 -0.321822 -0.927489 -0.19025 1
45.0827 31.0521 446.483 0.927241 0.274827 -0.254351 1
-27.2358 41.219 446.472 0.206492 0.732389 0.64882 1
17.964 35.8209 446.471 0.232299 0.935164 0.267406 1
-42.6353 29.6736 429.13 -0.613639 0.234487 -0.753965 1
3.96227 -31.8348 429.491 0.0662886 -0.997797 -0.00269246 1
11.7641 40.2323 429.471 0.250965 0.900801 0.354365 1
35.5704 13.2739 429.472 0.891821 -0.0437964 -0.450264 1
-9.03598 -30.1092 429.471 -0.12889 -0.960755 -0.245637 1
17.364 39.5912 429.471 0.163103 0.962319 0.217576 1
42.0934 -15.7302 439.08 0.862788 -0.0955054 -0.496462 1
-8.63598 42.6086 429.471 0.0892908 0.975054 0.203217 1
-23.4367 44.5097 429.463 0.349767 0.779598 0.519508 1
-15.436 43.6006 429.471 0.139676 0.970324 0.197388 1
45.7171 10.8775 446.473 0.994117 0.0470102 -0.0975793 1
-20.0359 -28.8499 429.471 0.0164192 -0.992538 -0.120827 1
25.764 -34.317 429.471 0.00637924 -0.986664 -0.162643 1
45.8067 19.6738 446.472 0.90756 0.131843 -0.398688 1
-14.238 -33.1923 446.448 -0.385293 -0.874003 -0.296088 1
-44.8358 25.2738 429.283 -0.675207 0.181866 -0.714856 1
-35.2246 44.8606 429.31 -0.421933 0.810091 -0.407094 1
-42.4367 31.0742 429.449 -0.579427 0.288392 -0.762296 1
-38.4354 38.8737 429.319 -0.613394 0.309654 -0.726541 1
33.764 -35.9261 446.163 0.377298 -0.509277 0.773488 1
-24.2193 44.6073 429.675 0.270648 0.884149 0.380829 1
1.37048 -31.4655 429.678 -0.14361 -0.958907 -0.244691 1
36.3205 -7.32611 429.672 0.841036 -0.512228 -0.174013 1
11.764 -36.2837 446.271 -0.0219999 -0.986461 -0.162515 1
35.2148 23.2753 429.672 0.927532 -0.201353 -0.314868 1
-20.636 -28.8612 429.671 -0.143545 -0.977048 -0.157391 1
13.964 36.3228 446.271 0.0968683 0.969323 0.225896 1
35.3152 26.6739 429.671 0.872523 0.0777692 -0.482344 1
-33.036 -30.8681 446.271 -0.173389 -0.978885 -0.108265 1
27.5641 38.3491 429.671 0.1628 0.962663 0.21628 1
-22.4359 -32.2748 446.271 -0.206386 -0.973787 -0.0956277 1
22.7641 -34.0173 429.672 -0.0966882 -0.96774 -0.23266 1
11.7641 -32.7765 429.672 -0.0628923 -0.979947 -0.189072 1
20.5641 39.2073 429.671 0.12243 0.928318 0.351052 1
31.1641 -35.0216 429.672 -0.0338907 -0.950055 -0.310236 1
31.964 -35.0971 429.671 0.0335103 -0.936183 -0.349912 1
27.986 34.6352 446.287 0.167107 0.953308 0.251554 1
46.0329 -0.916585 446.264 0.976346 0.00350362 -0.216184 1
-39.8351 36.4734 429.55 -0.643265 0.129577 -0.754599 1
-44.6365 26.6741 429.627 -0.677583 0.253885 -0.690235 1
-46.8357 21.2384 429.632 -0.944795 0.190293 -0.266742 1
-30.4135 -31.2066 446.265 -0.549569 -0.761373 -0.343927 1
-41.8358 32.4738 429.5 -0.508678 0.31387 -0.801706 1
11.7641 40.1481 429.871 0.136116 0.9885 0.0658755 1
-45.2268 -25.7632 429.87 -0.184294 -0.960827 -0.206994 1
-25.4554 44.6678 429.894 0.0568845 0.9901 0.128324 1
-27.8276 44.9415 429.88 0.00153765 0.997088 0.0762481 1
-20.6274 44.1398 429.874 0.195242 0.95889 0.205938 1
30.164 37.7746 429.871 0.190157 0.926212 0.325532 1
35.4793 24.6738 429.872 0.903483 -0.0607959 -0.424291 1
0.382164 -34.583 446.283 -0.0431001 -0.98122 -0.188014 1
16.7641 -33.3144 429.871 -0.106087 -0.986687 -0.123269 1
36.4326 -7.32608 429.873 0.782158 -0.476301 -0.401704 1
31.5642 37.545 429.872 0.227967 0.951231 0.207823 1
34.5504 -33.7224 446.296 0.506686 -0.407309 0.759848 1
37.5634 -28.3258 446.025 0.438047 -0.252156 0.862863 1
9.96409 -32.6009 429.871 -0.16395 -0.976788 -0.137864 1
39.9641 -22.1259 445.931 0.559922 -0.465144 0.685659 1
45.6203 17.2607 446.09 0.895402 0.0151159 -0.445002 1
-40.2361 43.9732 439.071 -0.206248 0.927374 0.312153 1
-28.4359 41.4572 446.072 0.0249575 0.975458 0.218769 1
22.964 35.304 446.071 0.0675086 0.977066 0.20195 1
21.764 35.4519 446.071 0.0461929 0.961278 0.271681 1
33.5641 34.0942 446.071 0.223183 0.957365 0.183416 1
34.996 33.6654 430.082 0.871113 0.236689 -0.43028 1
-40.6365 36.4741 430.071 -0.651645 0.0555871 -0.756485 1
23.9641 -34.2636 430.071 -0.0309935 -0.970741 -0.238119 1
35.7522 18.8739 430.072 0.893254 0.00677527 -0.449501 1
0.362624 -31.4108 430.073 -0.259024 -0.948248 -0.183661 1
34.584 36.2734 430.073 0.804847 0.551731 -0.218666 1
-26.6337 -28.3684 430.075 -0.10315 -0.958735 -0.264927 1
35.9562 12.8739 430.071 0.826137 -0.0583575 -0.560439 1
-22.0359 -32.2817 446.071 0.0279208 -0.928545 -0.370168 1
-11.2359 -30.0328 430.072 -0.0698466 -0.964689 -0.253962 1
22.164 38.8906 430.071 0.128146 0.946522 0.2961 1
36.8898 -29.1493 430.066 0.895773 -0.140404 -0.421756 1
21.3641 -33.9204 430.072 -0.0410813 -0.95819 -0.283167 1
-17.4258 43.7489 430.058 0.136207 0.96998 0.20146 1
39.1596 33.4527 446.048 0.156264 0.978779 0.13256 1
25.7641 34.9981 446.071 0.123814 0.967202 0.221789 1
-43.4355 30.4737 429.929 -0.733493 0.229157 -0.639903 1
20.7642 -37.4296 446.072 -0.0770538 -0.984681 -0.156416 1
-3.03579 -34.6483 446.072 -0.193851 -0.947737 -0.25341 1
36.5648 -2.12614 430.272 0.865682 0.0322585 -0.499553 1
36.495 0.273891 430.271 0.864011 0.216394 -0.454598 1
37.1949 -26.7261 430.272 0.84737 0.0207139 -0.530599 1
41.5405 -20.7149 445.876 0.646464 -0.103333 0.755914 1
32.5756 -38.3148 445.86 0.180254 -0.883562 0.432234 1
-36.221 45.0807 430.256 -0.0421093 0.989794 -0.136142 1
-26.836 41.291 445.871 0.281985 0.934197 0.218543 1
-41.836 -26.3831 430.271 -0.30094 -0.938332 -0.1702 1
-19.659 -28.9307 430.269 -0.117742 -0.985808 -0.119666 1
36.6555 -5.12605 430.27 0.849254 -0.0110975 -0.527867 1
-11.2357 42.9193 430.272 0.0399697 0.927533 0.371598 1
33.7196 37.0865 430.24 0.533871 0.844973 0.0316687 1
5.76403 37.3506 445.871 0.126336 0.972891 0.193707 1
2.76389 37.7236 445.871 0.214057 0.933627 0.287262 1
45.6278 4.073 445.885 0.911193 0.0214835 -0.411419 1
1.76396 37.8294 445.871 0.0987736 0.959325 0.26446 1
45.4419 1.65604 445.869 0.922095 -0.0192619 -0.386485 1
30.5555 34.4902 445.868 0.154629 0.960623 0.230855 1
10.5568 -36.0981 445.896 -0.10561 -0.974815 -0.196422 1
7.96409 -35.905 445.871 -0.239959 -0.89009 -0.387503 1
24.3641 -37.8374 445.872 -0.0686696 -0.997239 0.0282734 1
-42.8367 32.6742 430.232 -0.516426 0.3084 -0.798871 1
-34.636 41.9586 445.871 -0.0487836 0.97151 0.231924 1
17.9641 -36.9952 445.872 -0.119295 -0.985619 -0.119681 1
23.564 -37.7496 445.871 0.0124342 -0.997117 0.0748512 1
45.6212 -8.70277 445.878 0.984169 -0.173514 -0.0361153 1
-43.636 -26.118 430.471 -0.185438 -0.957547 -0.220717 1
35.5847 29.6739 430.471 0.843269 0.0863754 -0.530506 1
-35.4359 -27.4126 430.471 -0.0958568 -0.975839 -0.19634 1
30.3641 -35.0934 430.471 -0.140949 -0.975373 -0.169652 1
34.9449 35.1098 430.484 0.905258 0.303996 -0.296807 1
32.1639 -35.3042 430.471 -0.00571912 -0.944189 -0.329356 1
3.76408 41.0029 430.471 0.128029 0.954671 0.268722 1
-5.63579 42.0407 430.472 0.208037 0.955094 0.210988 1
37.1915 -21.5261 430.472 0.832805 -0.0248617 -0.553008 1
-38.6467 -26.8606 430.472 -0.0710435 -0.985531 -0.153891 1
-19.0358 43.7905 430.472 0.0518904 0.982611 0.178275 1
33.7675 -37.114 445.591 0.402292 -0.504286 0.764106 1
-41.0365 36.8741 430.434 -0.692721 0.363801 -0.622725 1
-43.8358 30.6738 430.297 -0.590726 0.247863 -0.767859 1
32.9704 -38.3243 445.618 0.227856 -0.85038 0.474273 1
-40.6355 37.4737 430.342 -0.709546 0.399671 -0.580351 1
-22.4358 -32.1496 445.672 0.08786 -0.961007 -0.262194 1
-23.2359 -32.0326 445.672 -0.108275 -0.976538 -0.186145 1
-38.4355 42.2736 430.315 -0.574784 0.413174 -0.706337 1
25.164 -37.8807 445.671 -0.190195 -0.981431 0.0248836 1
-33.6361 -27.5381 430.671 -0.0400736 -0.978851 -0.200611 1
1.76405 41.2183 430.671 0.0864716 0.972514 0.216191 1
-3.18724 -31.1982 430.603 -0.148089 -0.97191 -0.182923 1
-10.2358 42.7048 430.672 0.00507907 0.974324 0.225095 1
2.97412 -31.8844 430.642 -0.101461 -0.990241 -0.0955376 1
-12.6359 -33.3162 445.672 -0.107792 -0.964033 -0.242943 1
45.5728 13.2739 445.671 0.903371 0.00587693 -0.428819 1
-20.2421 41.0161 445.67 0.531918 0.8404 0.103876 1
-21.051 41.1613 445.67 0.117334 0.980558 0.157287 1
-44.8356 29.0737 430.531 -0.780274 0.183996 -0.597761 1
40.5841 33.0282 445.696 0.327265 0.927352 0.181429 1
42.2822 -26.7261 439.072 0.888561 0.188241 -0.41836 1
36.1976 21.2739 430.872 0.867466 0.0814359 -0.490786 1
36.4378 13.2739 430.872 0.824566 0.0246277 -0.565229 1
-30.6359 44.8663 430.871 0.0281877 0.9961 -0.0836082 1
4.16394 40.8926 430.871 -0.0554481 0.972875 0.224588 1
5.36402 40.7608 430.871 0.32055 0.931941 0.169507 1
37.5011 -24.1262 430.872 0.681126 0.0522741 -0.730298 1
-24.6323 -28.523 430.859 0.289527 -0.957118 0.00994529 1
37.4654 -23.5261 430.872 0.723542 0.0126149 -0.690166 1
-27.6204 -28.5249 430.863 -0.126018 -0.905488 -0.40523 1
-38.4344 -27.0528 430.879 -0.148716 -0.922552 -0.356064 1
-7.63319 -33.9513 445.467 -0.141397 -0.94492 -0.295184 1
22.364 35.5061 445.471 0.120559 0.972276 0.200361 1
21.364 35.6137 445.471 0.0383443 0.967422 0.250249 1
-43.0364 34.0741 430.822 -0.628727 0.346352 -0.696234 1
37.5309 -20.1261 431.071 0.854186 0.0261267 -0.519311 1
37.5109 -19.1261 431.071 0.85025 0.157563 -0.502244 1
-22.2359 44.0748 431.071 0.0870258 0.976624 0.196549 1
0.570317 -31.7531 431.081 -0.267127 -0.948197 -0.171945 1
-18.0361 43.5498 431.071 0.135271 0.892309 0.43068 1
-18.0331 -32.6088 445.454 -0.116995 -0.951914 -0.283145 1
6.16406 40.6143 431.071 0.14986 0.986734 0.0624253 1
-36.8359 42.1749 445.471 -0.314095 0.875279 0.367739 1
10.164 40.1227 431.071 0.0200942 0.98309 0.182019 1
28.3638 37.9425 431.071 0.225145 0.936215 0.269835 1
37.5853 -23.1262 431.073 0.758725 -0.100974 -0.643538 1
9.5641 37.0241 445.471 0.0757168 0.987855 0.135683 1
14.7641 -36.5008 445.472 -0.0323075 -0.97683 -0.211563 1
15.364 36.3443 445.471 0.14345 0.971867 0.186806 1
45.5384 -5.72525 445.454 0.933748 0.09133 -0.346083 1
14.5642 -36.469 445.472 0.205586 -0.946507 -0.248715 1
45.4622 4.49096 445.477 0.945693 0.00595011 -0.325006 1
13.564 -36.3075 445.471 -0.101796 -0.969001 -0.225111 1
43.9623 -17.3253 445.074 0.766483 -0.246687 0.593 1
37.8215 -26.6909 431.312 0.846581 -0.0298338 -0.531422 1
39.3495 -25.3435 445.138 0.729381 -0.274202 0.62675 1
37.5946 -33.1263 431.272 0.768695 -0.164768 -0.618028 1
37.3379 -8.93347 431.281 0.837073 -0.0610282 -0.543677 1
-30.6359 44.7873 431.271 0.0277327 0.996771 0.0753596 1
-31.0374 -28.1297 431.253 -0.150468 -0.982725 -0.107759 1
-17.6362 -29.5481 431.271 -0.161473 -0.962863 -0.216384 1
42.2113 -20.3336 439.076 0.894366 0.0978067 -0.436512 1
39.9682 33.3531 445.269 0.355047 0.931865 -0.0746333 1
40.174 33.2213 445.286 0.154917 0.984888 -0.0774309 1
14.7641 36.4608 445.271 0.185616 0.967571 0.171328 1
-45.3921 30.0434 431.193 -0.798341 0.222202 -0.559713 1
-42.4537 35.8503 431.129 -0.638781 0.365727 -0.676907 1
-43.6359 -26.2958 431.471 -0.199425 -0.979106 0.0397713 1
41.1641 33.0447 445.272 0.161599 0.931212 0.326694 1
-1.45027 -31.4867 431.455 -0.061182 -0.940006 -0.335627 1
-10.236 -30.4494 431.471 0.0234591 -0.999202 0.0323423 1
1.36398 -31.904 431.471 -0.156955 -0.977558 -0.140518 1
25.364 38.1813 431.471 0.0552216 0.979561 0.193417 1
8.96407 37.1406 445.271 -0.0742439 0.960366 0.268671 1
-3.03589 -31.2907 431.471 -0.16559 -0.951365 -0.259778 1
-31.8431 -27.8779 431.444 -0.140252 -0.980629 -0.136733 1
38.8535 -25.5283 445.28 0.715607 -0.212175 0.665498 1
-7.63596 42.2252 431.471 0.0581342 0.963007 0.263132 1
-31.236 44.7874 431.471 -0.108445 0.993217 0.0419541 1
39.0412 -26.9262 445.267 0.553112 -0.177442 0.813991 1
8.36046 -35.8028 445.253 -0.379578 -0.844538 -0.377726 1
35.164 -35.828 431.471 0.315266 -0.93261 -0.175631 1
45.5877 -4.5286 445.267 0.893998 -0.0102457 -0.447953 1
35.9332 32.2689 431.469 0.875095 0.235431 -0.422825 1
45.5912 -6.92614 445.271 0.946218 -0.0474823 -0.320026 1
37.7539 -31.9225 431.46 0.785165 -0.00533344 -0.619263 1
-26.4359 41.3743 445.271 0.10898 0.941381 0.319257 1
-34.836 -30.3739 445.271 -0.28961 -0.948661 -0.127157 1
-2.83586 -34.4591 445.272 -0.270546 -0.920468 -0.282036 1
36.7419 -32.9347 445.056 0.588026 -0.365016 0.721796 1
35.8633 34.6689 431.668 0.8508 0.429262 -0.303105 1
-3.03604 -34.3911 445.071 -0.420286 -0.879702 -0.222447 1
-17.8359 43.4016 431.672 0.0924213 0.984064 0.151909 1
20.3641 38.7381 431.672 0.231354 0.356641 0.905142 1
37.3457 0.47395 431.67 0.866839 0.216544 -0.44911 1
14.1641 39.473 431.671 0.115536 0.97297 0.199951 1
-29.0355 -28.4387 431.673 -0.0701051 -0.985894 -0.151981 1
-10.8359 39.6297 445.072 0.162048 0.944285 0.286472 1
-29.036 44.6207 431.672 -0.0841801 0.973336 0.213379 1
44.6809 25.6739 445.071 0.584567 0.524444 -0.619064 1
44.7305 24.8739 445.071 0.813384 -0.0480534 -0.57974 1
36.3285 29.4739 431.672 0.83859 0.116862 -0.53208 1
20.1642 -37.1311 445.072 -0.0910051 -0.965128 -0.24545 1
-16.0359 40.3088 445.071 0.132801 0.961036 0.242432 1
-37.0486 -28.8271 439.086 -0.183276 -0.973945 -0.133567 1
44.9482 19.8739 445.071 0.864067 0.138572 -0.483928 1
35.9511 25.4664 431.616 0.709699 -0.0340473 -0.703682 0.90835
29.7641 -35.2888 431.871 -0.125124 -0.967804 -0.218403 1
28.9641 34.8647 445.072 0.130634 0.95323 0.272558 1
33.564 -35.7946 431.871 -0.0263481 -0.958237 -0.284759 1
-10.036 -30.5553 431.871 -0.0886626 -0.957676 -0.273855 1
-7.0359 40.5252 439.072 0.0684198 0.97283 0.221179 1
-28.2318 -28.5467 431.873 -0.0534152 -0.988341 0.142577 1
35.1641 -35.9422 431.872 0.386631 -0.782935 -0.48737 1
37.0664 13.0739 431.871 0.796011 0.0800505 -0.599965 1
37.4993 -0.126214 431.873 0.878506 0.235937 -0.415405 1
20.3639 38.6936 431.871 0.564111 0.82013 -0.0957369 1
44.4954 28.6739 445.071 0.914455 0.075625 -0.397559 1
44.5466 27.8739 445.071 0.872754 0.127403 -0.471243 1
35.992 34.6835 431.88 0.598187 0.417146 -0.684223 1
17.564 -36.7546 445.071 -0.164273 -0.975073 -0.149156 1
45.4006 -8.34911 445.066 0.775507 -0.356389 -0.52113 1
38.3649 -31.3264 444.692 0.630826 -0.268887 0.727845 1
36.5651 -34.1266 444.74 0.476529 -0.593988 0.648149 1
36.3643 -34.5262 444.75 0.531027 -0.44689 0.71993 1
40.5891 -26.7236 444.713 0.61478 -0.16623 0.770982 1
40.354 -27.153 444.751 0.518881 -0.324251 0.790964 1
39.5569 -27.1273 444.815 0.323307 -0.189904 0.927043 1
43.5645 -19.1264 444.758 0.594557 -0.132974 0.792981 1
44.9716 3.50172 444.796 0.840845 0.0112926 -0.541158 1
-45.2331 32.0998 431.77 -0.907814 0.237261 -0.345805 1
-39.8363 43.8741 431.822 -0.576064 0.531485 -0.621026 1
-43.4359 -26.4449 432.071 -0.243587 -0.967425 -0.0689468 1
-7.04843 -30.8232 432.09 0.0579921 -0.981236 -0.183881 1
37.3087 8.27388 432.071 0.856157 0.0766325 -0.511002 1
38.2118 -31.1152 432.071 0.87679 -0.240072 -0.41666 1
1.76413 40.8956 432.072 0.150098 0.960255 0.235331 1
38.2495 -29.7104 432.054 0.944509 0.139858 -0.297225 1
2.5641 40.8039 432.072 0.195573 0.967567 0.159891 1
37.1669 13.8739 432.072 0.786408 0.204571 -0.58285 1
4.36401 40.5988 432.071 0.232923 0.923412 0.305053 1
37.9103 -7.92229 432.077 0.825263 0.301924 -0.477265 1
-17.0359 40.4714 444.872 0.0604224 0.954767 0.291152 1
34.1563 -38.2522 444.874 0.25369 -0.940669 0.225352 1
38.1168 -17.7261 432.072 0.846543 0.0917319 -0.524357 1
-7.63597 39.2829 444.871 0.123153 0.970753 0.206088 1
37.4155 4.47383 432.072 0.91122 -0.043658 -0.409599 1
36.9577 20.2739 432.072 0.907755 -0.051437 -0.416336 1
0.964174 41.0019 432.072 0.122419 0.976025 0.179966 1
44.5627 25.6739 444.871 0.752172 0.452907 -0.478658 1
5.95377 -32.6023 432.049 -0.26491 -0.894132 -0.361041 1
9.96404 -33.1039 432.071 -0.0978697 -0.983482 -0.152263 1
37.655 -0.926159 432.072 0.872781 0.140642 -0.467412 1
-12.4359 39.9218 444.871 0.0700674 0.95829 0.277074 1
-37.2359 42.3492 444.872 -0.287474 0.871891 0.39644 1
0.364159 38.2665 444.872 0.0330003 0.992121 0.120857 1
25.5415 -37.7775 444.888 -0.137113 -0.969879 -0.201331 1
-23.0359 -31.9025 444.872 -0.0181963 -0.986159 -0.164799 1
45.1274 11.7903 444.84 0.80571 -0.135395 -0.576627 1
4.16363 -35.2441 444.871 -0.00928304 -0.973238 -0.229613 1
19.5639 -35.7091 439.071 -0.299716 -0.925105 -0.233134 1
18.3642 -36.8305 444.872 -0.0742019 -0.972088 -0.222575 1
-39.6381 -27.1986 432.295 -0.221302 -0.968006 -0.11828 1
20.164 -34.2492 432.271 -0.139184 -0.984592 -0.105861 1
11.9641 -33.3923 432.271 -0.0406747 -0.977527 -0.206847 1
3.16406 -35.0639 444.871 0.00472806 -0.989272 -0.146009 1
35.5634 36.2784 432.268 0.503538 0.807066 -0.308374 1
-29.6359 44.5166 432.271 0.00583242 0.952029 0.305952 1
-24.0357 44.0514 432.272 0.180092 0.905129 0.385109 1
38.0983 -27.5042 432.291 0.885893 -0.0764303 -0.45755 1
38.3172 -24.4524 432.3 0.898818 -0.0621028 -0.4339 1
-28.2359 44.4862 432.272 0.00930968 0.954596 0.297758 1
25.764 37.9551 432.271 0.0428301 0.984406 0.170618 1
33.9639 36.7389 432.271 0.350649 0.932423 0.0873667 1
45.1634 -5.11034 444.673 0.939024 -0.149269 -0.309762 1
40.5596 -27.1386 444.624 0.810453 -0.147658 0.566888 1
40.3717 -27.9869 444.51 0.628792 -0.316601 0.7102 1
39.7682 -28.1422 444.571 0.297857 -0.436935 0.848746 1
39.5606 -28.3455 444.505 0.316624 -0.506234 0.80217 1
44.817 -0.515834 444.652 0.903161 0.197879 -0.380977 1
41.909 0.0738261 439.073 0.847262 -0.0345508 -0.53005 1
-42.4366 40.2742 432.266 -0.433087 0.398986 -0.808236 1
-0.25964 41.1697 432.482 0.0132197 0.989369 0.144823 1
38.4282 -21.7261 432.47 0.888138 -0.078379 -0.452845 1
-7.63587 42.0353 432.472 0.0215559 0.990681 0.134487 1
38.075 -7.72567 432.471 0.751048 0.0111021 -0.660154 1
35.7645 24.1837 432.471 0.232996 -0.865246 -0.443917 0.890775
30.164 34.8128 444.671 0.233446 0.960114 0.153893 1
-6.2189 -30.9705 432.479 -0.0286703 -0.954461 -0.296956 1
-19.2359 -32.2812 444.671 -0.11973 -0.957637 -0.261909 1
-25.636 44.1585 432.471 -0.0170175 0.96881 0.24722 1
-23.6358 43.9712 432.472 -0.138037 0.96989 0.200647 1
3.96396 40.5482 432.471 0.323516 0.940709 0.101994 1
30.7817 -38.2034 444.698 0.0288112 -0.994541 0.100289 1
10.3641 39.774 432.471 0.059963 0.982688 0.175299 1
23.7641 -34.7485 432.471 -0.00073738 -0.981031 -0.193847 1
-3.83587 -31.4047 432.472 -0.135763 -0.968062 -0.210771 1
-6.0359 -33.8748 444.672 -0.0734175 -0.972017 -0.223142 1
0.764157 38.264 444.672 -0.0820671 0.955037 0.284903 1
16.964 36.3374 444.671 0.110144 0.973527 0.200283 1
-42.436 40.4739 432.334 -0.44394 -0.217513 -0.869255 1
-41.8365 41.8741 432.39 0.0429424 0.594043 -0.803286 1
-41.6357 42.0737 432.326 -0.459382 -0.0871133 -0.883957 1
38.5342 -20.1261 432.672 0.897406 0.074346 -0.434897 1
-2.23605 -34.3625 444.671 -0.0898803 -0.981828 -0.167137 1
37.6218 11.0739 432.67 0.849403 0.110074 -0.516138 1
2.76434 40.6587 432.672 0.153742 0.954176 0.256734 1
38.5646 -32.1265 444.337 0.605802 -0.243055 0.757581 1
-20.2251 -29.5184 432.669 -0.239983 -0.937029 -0.253741 1
44.1449 -19.1435 444.381 0.835988 -0.0811864 0.542709 1
-42.9808 45.0229 436.762 -0.338541 0.881042 0.330387 1
35.348 -37.5501 444.428 0.436142 -0.482124 0.759827 1
-20.4359 43.5103 432.671 0.110355 0.976481 0.185222 1
37.2709 22.8739 432.671 0.858169 0.0816722 -0.506829 1
37.9894 -2.32726 432.648 0.874016 0.0841781 -0.47855 1
34.3638 36.5885 432.671 0.277184 0.952036 0.1296 1
-16.8359 43.066 432.672 0.23522 0.969109 0.0741498 1
37.7873 4.47387 432.671 0.751345 0.154171 -0.641648 1
36.5154 32.8713 432.671 0.748539 0.244371 -0.616419 1
27.164 -37.8416 444.471 -0.0461424 -0.982527 -0.18031 1
34.1548 -38.2631 444.449 -0.385682 -0.920571 -0.0616242 1
44.9055 0.281128 444.47 0.919074 -0.156017 -0.361887 1
2.36422 40.7124 432.871 0.144559 0.939077 0.311829 1
19.964 36.0289 444.471 0.125186 0.963379 0.237128 1
38.5343 -16.1262 432.872 0.787364 0.21844 -0.576491 1
18.564 36.2092 444.471 0.115863 0.961204 0.250324 1
37.6934 12.8739 432.871 0.922807 0.0702324 -0.378807 1
37.645 14.4739 432.872 0.869914 0.251586 -0.42421 1
32.7641 36.7765 432.871 0.113153 0.978953 0.169843 1
-0.644041 -32.0675 432.876 -0.046192 -0.973173 -0.22539 1
-19.2436 -29.751 432.864 -0.209173 -0.914989 -0.345025 1
37.3632 24.0738 432.872 0.865382 0.0964892 -0.491735 1
44.7172 16.4739 444.471 0.847827 0.0124255 -0.530128 1
44.7543 15.2739 444.471 0.862751 -0.023909 -0.505064 1
15.3641 -36.3484 444.471 -0.063702 -0.979998 -0.188537 1
1.95971 40.7698 433.075 0.139817 0.959584 0.244233 1
-3.63246 -32.8736 439.07 -0.0123631 -0.994995 -0.0991533 1
41.7637 -24.3347 444.108 0.177844 -0.0518663 0.982691 1
18.764 38.6096 433.071 0.232867 0.962525 0.138988 1
44.6881 12.0991 444.278 0.876897 -0.0437627 -0.478683 1
38.7021 -34.9343 433.081 0.776062 -0.262964 -0.573217 1
-32.636 -28.1781 433.071 -0.0995485 -0.979821 -0.173321 1
36.5467 34.8734 433.076 0.71366 0.534462 -0.452812 1
-12.8359 42.533 433.071 0.211611 0.95707 0.198085 1
34.7641 -36.2115 433.071 -0.0418694 -0.965893 -0.255532 1
37.4162 27.2739 433.073 0.867077 -0.00617237 -0.498137 1
37.1733 29.2742 433.07 0.843936 0.0938944 -0.528162 1
-25.636 44.0288 433.071 -0.101178 0.982643 0.155488 1
-10.6358 40.9764 439.072 0.769251 0.441538 0.461841 1
-5.43601 39.1603 444.271 -0.112879 0.992805 0.0399624 1
-29.2359 -31.0292 444.271 -0.141929 -0.989303 -0.033708 1
3.16408 -32.5232 433.271 -0.0960139 -0.967848 -0.232491 1
-41.2359 -27.0446 433.271 -0.246451 -0.968269 -0.0414356 1
-17.8359 43.0661 433.271 0.0540826 0.986457 0.154846 1
31.745 -38.254 444.304 0.0166343 -0.998613 0.0499573 1
37.9173 13.6739 433.271 0.934444 0.148454 -0.32369 1
44.9965 -2.13972 444.282 0.913774 0.0192017 -0.405769 1
-29.0359 -28.7839 433.272 -0.175625 -0.982524 -0.0616648 1
38.7418 -15.3261 433.271 0.765873 0.0928224 -0.636257 1
44.8179 7.65592 444.253 0.904343 0.123777 -0.408465 1
38.5331 -6.92559 433.297 0.838105 -0.00253748 -0.545502 1
38.4836 -4.92612 433.271 0.862131 0.0151586 -0.506458 1
-44.6695 39.265 433.273 -0.548333 0.439694 -0.711337 1
-41.8361 -26.9678 433.471 -0.308303 -0.93587 -0.170576 1
-17.4658 -29.9781 433.451 0.0624705 -0.904535 -0.421799 1
-3.21543 -31.6555 433.479 -0.163838 -0.976164 -0.14234 1
38.8384 -12.5334 433.474 0.797034 -0.0617105 -0.600773 1
-31.036 44.4028 433.471 0.00512461 0.939093 0.343626 1
-11.2357 -30.7922 433.472 -0.111888 -0.966489 -0.231042 1
-16.636 40.6081 444.071 0.0913129 0.98623 0.137883 1
20.1638 38.3623 433.471 0.320674 0.887383 0.331238 1
-18.0359 40.7508 444.071 -0.00417204 0.983907 0.178634 1
38.6059 -2.92428 433.488 0.844758 0.0770932 -0.529566 1
37.0203 33.2855 433.481 0.844169 0.160229 -0.511572 1
34.7639 -38.3129 444.071 0.0134684 -0.954177 0.29894 1
13.7642 36.8414 444.072 0.112236 0.95847 0.262181 1
24.364 -37.4128 444.071 -0.0934527 -0.981451 -0.167391 1
-3.43587 38.9464 444.072 0.137599 0.968354 0.208226 1
44.891 -14.3293 444.073 0.990253 0.094007 -0.102774 1
-45.2393 38.4691 433.339 -0.897873 0.385234 -0.213116 1
-44.8278 39.2722 433.319 -0.226407 0.586669 -0.777534 1
-43.8355 40.8737 433.39 -0.721074 0.288583 -0.629899 1
13.364 -35.9765 444.071 -0.128837 -0.964366 -0.231081 1
-43.036 42.4739 433.379 -0.570795 0.358483 -0.738703 1
44.6941 1.08533 444.092 0.904254 0.0491182 -0.42416 1
-27.6537 -28.8849 433.682 -0.236952 -0.954378 -0.181702 1
38.828 -10.3261 433.671 0.852597 -0.100337 -0.512846 1
-6.0358 41.6143 433.672 0.195919 0.976212 0.0928781 1
19.964 38.3439 433.671 0.663731 0.714044 0.222716 1
-19.836 43.2321 433.671 0.243928 0.941405 0.232927 1
-19.236 43.1688 433.672 0.31788 0.94044 0.120517 1
-19.036 43.1453 433.672 0.0409854 0.990517 0.131135 1
39.1392 -30.1255 433.654 0.75492 -0.253267 -0.604939 1
38.4776 2.87384 433.672 0.825321 0.0421916 -0.563086 1
33.2049 36.4812 433.674 0.269868 0.946862 0.174995 1
32.1689 -35.9499 433.622 -0.30481 -0.923857 -0.231473 1
-32.232 -30.5855 444.093 -0.199583 -0.966735 -0.159966 1
26.1641 37.5881 433.672 0.214474 0.955044 0.204677 1
-26.0354 -29.0757 433.669 -0.39197 -0.738784 -0.548231 1
36.1641 -37.7367 439.072 -0.0250761 -0.996769 -0.0763062 1
22.3786 36.4085 441.271 0.141061 0.98213 0.124587 1
-10.2749 -30.9778 433.651 -0.0367765 -0.968495 -0.246303 1
39.0309 -16.7262 433.672 0.8842 0.0691588 -0.46196 1
0.163403 -34.6679 444.067 -0.335238 -0.933588 -0.126603 1
-14.0359 -32.7925 444.071 -0.135732 -0.97419 -0.180362 1
44.1694 -20.9218 443.824 0.904792 -0.230298 0.358211 1
37.564 -35.7261 443.673 0.54443 -0.360716 0.757284 1
40.5498 -30.1248 443.806 0.852565 -0.0122045 0.522479 1
25.164 -37.4703 443.871 -0.146368 -0.957808 -0.247346 1
22.7642 -37.1676 443.872 -0.151081 -0.984748 -0.086292 1
-5.83584 39.2662 443.872 0.192734 0.967161 0.16569 1
-40.2187 -28.5877 439.091 -0.25211 -0.962542 -0.099763 1
-8.43594 39.6072 443.871 0.134956 0.974382 0.179909 1
10.364 -35.6862 443.871 -0.12262 -0.967192 -0.222496 1
-9.63599 -31.0604 433.871 -0.0567956 -0.936034 -0.347297 1
3.76411 40.3955 433.871 0.166169 0.974889 0.148251 1
-6.25144 -31.5566 433.88 0.000940556 -0.976703 -0.214595 1
-30.8359 44.2914 433.871 0.2472 0.900951 0.356621 1
-5.82754 -31.4473 433.87 -0.0166541 -0.991581 -0.128415 1
-16.6357 -31.8714 441.272 -0.0370504 -0.920227 -0.389629 1
-25.4361 43.7887 433.871 0.039739 0.992465 0.115906 1
8.56414 -33.3107 433.872 -0.3617 -0.910037 -0.2025 1
17.364 38.6071 433.871 0.065475 0.98017 0.187026 1
-12.4359 42.3178 433.871 0.135115 0.989274 0.0554998 1
-32.836 -28.3432 433.871 -0.049409 -0.977374 -0.205668 1
39.1487 -27.9261 433.871 0.884294 -0.0314955 -0.465867 1
-1.02548 -32.2037 433.845 -0.0462614 -0.984926 -0.166677 1
24.964 37.6871 433.871 0.0293473 0.998589 0.0442504 1
31.9642 36.6612 433.872 -0.340198 0.931749 -0.126925 1
37.5614 30.6739 433.871 0.554187 0.310819 -0.772184 1
37.549 30.8739 433.871 0.648405 0.173116 -0.741351 1
43.6943 30.0739 443.871 0.877407 0.182862 -0.44353 1
28.764 35.1473 443.871 0.104321 0.981426 0.160999 1
21.7639 35.9628 443.871 0.104041 0.980449 0.167018 1
-43.6369 42.4744 433.794 -0.615279 0.404313 -0.67673 1
4.56392 -35.0535 443.871 0.0670776 -0.939203 -0.336748 1
26.1723 35.8017 441.266 -0.164656 0.981052 0.102104 1
-17.2423 -30.1479 434.074 0.0641954 -0.995325 -0.0721601 1
-16.8372 -30.1528 434.073 0.0576445 -0.988192 -0.14196 1
6.37937 40.0014 434.061 -0.0562415 0.993225 0.101689 1
38.1249 22.0739 434.071 0.885162 -0.105323 -0.453205 1
-12.4366 -32.8849 443.871 0.128147 -0.94774 -0.292177 1
11.7641 39.2324 434.072 0.0757294 0.956431 0.281966 1
-41.436 -27.1615 434.071 -0.263353 -0.964677 -0.00661796 1
13.164 39.0745 434.071 0.0960744 0.973058 0.209589 1
-30.6359 44.2318 434.071 -0.0440761 0.955288 0.292374 1
-21.4366 43.2859 434.07 -0.0291181 0.986561 0.160779 1
31.165 36.7879 434.072 -0.196425 0.967576 0.158791 1
31.7639 36.6566 434.071 0.367544 0.92083 -0.130317 1
-18.6359 -30.046 434.071 -0.089317 -0.970719 -0.222998 1
-24.436 -31.4906 443.871 -0.0742306 -0.965028 -0.251416 1
-1.63574 -34.2614 443.872 0.29294 -0.890988 -0.346881 1
-37.4323 -29.7703 443.847 -0.552129 -0.803233 -0.223543 1
-7.65116 -33.0818 443.67 -0.207051 -0.972594 -0.105783 1
12.5484 -35.7643 443.684 -0.111606 -0.972084 -0.206389 1
23.5641 35.794 443.671 0.0773809 0.975992 0.203597 1
20.964 36.1017 443.671 0.119582 0.960755 0.250301 1
21.3641 -36.9458 443.671 -0.155985 -0.938702 -0.30742 1
17.3641 -36.4497 443.672 -0.0429619 -0.969166 -0.242635 1
44.6995 -6.33657 443.692 0.928754 0.050337 -0.367263 1
43.1974 -4.32617 441.272 0.928362 0.00207847 -0.371672 1
39.0425 -1.92626 434.272 0.851368 0.278469 -0.444553 1
28.164 -35.6793 434.271 -0.063339 -0.969744 -0.235766 1
8.36367 -33.3554 434.271 -0.250322 -0.943012 -0.219245 1
-12.4219 -30.8127 434.282 -0.241133 -0.957982 -0.155323 1
37.8572 30.4742 434.27 0.8662 0.113067 -0.486738 1
-20.4549 43.0948 434.281 0.185235 0.947262 0.2615 1
-15.6359 42.6092 434.271 0.147966 0.973907 0.172082 1
18.1641 -34.4555 434.271 -0.34315 -0.939281 0.000108927 1
44.0169 22.4739 443.671 0.88115 -0.414793 -0.226982 1
44.0237 22.2739 443.673 0.918465 0.352277 -0.179788 1
22.764 -34.9642 434.271 -0.0814167 -0.987151 -0.137491 1
-21.0292 -29.7226 434.286 -0.363547 -0.854977 -0.369929 1
-8.43425 -33.1195 443.67 0.12368 -0.981698 -0.144821 1
-29.4667 42.0681 443.671 0.0356996 0.838265 0.544092 1
-43.7801 43.6497 434.427 -0.792618 0.57565 -0.200956 1
-44.2195 -27.2925 434.49 -0.164005 -0.982273 0.0907917 1
-41.6359 -27.205 434.471 -0.346554 -0.915889 -0.202605 1
-17.4582 -30.1781 434.475 -0.00205453 -0.946103 0.323859 1
-0.432152 -32.3331 434.467 0.256759 -0.945047 -0.202388 1
30.1455 -37.9364 443.696 -0.0453262 -0.981571 -0.185644 1
-7.82477 41.6414 434.437 -0.0128235 0.991042 0.132937 1
36.9682 35.8012 434.491 0.606382 0.756312 -0.245545 1
29.7641 -35.9135 434.471 -0.103577 -0.985718 -0.132785 1
8.96829 -33.5499 434.495 -0.0427928 -0.99774 0.0518115 1
31.3643 36.6832 434.471 -0.212081 0.957931 0.193367 1
39.5846 -34.7261 434.472 0.857242 -0.226079 -0.462629 1
-34.0359 42.4099 443.671 0.0369558 0.96756 0.249922 1
-5.63336 -31.5174 434.481 0.25322 -0.954034 0.160307 1
44.7609 -14.5243 443.656 0.99359 0.108742 0.0308764 1
6.16413 39.9521 434.472 0.145007 0.9879 0.0550075 1
8.08216 39.6818 434.452 0.153863 0.975703 0.15598 1
0.966287 -34.6606 443.679 0.0355395 -0.997944 0.0533425 1
12.5641 39.0415 434.472 0.0350629 0.920954 0.38809 1
-22.0394 -29.7859 434.471 -0.269049 -0.73987 -0.616607 1
38.2729 24.4737 434.474 0.821863 0.101953 -0.560489 1
-1.43559 -34.2502 443.672 -0.330462 -0.903827 -0.271831 1
42.9724 -25.1111 443.296 0.70972 -0.248722 0.659117 1
4.96398 -34.9758 443.471 -0.207464 -0.964565 -0.163013 1
-30.2361 -30.7096 443.471 -0.154196 -0.977929 -0.140988 1
-2.83591 -31.9862 434.671 -0.295948 -0.946628 -0.127709 1
-10.8054 41.9795 434.641 0.248129 0.967169 0.0549103 1
-17.4279 -30.1137 434.654 0.0967337 -0.995102 -0.0203572 1
-37.0192 -27.9738 434.647 -0.150232 -0.966014 -0.21035 1
-39.0359 44.764 434.671 0.0268542 0.998583 0.0459471 1
-10.6356 -31.1228 434.672 -0.136041 -0.979186 -0.150622 1
38.4864 22.2739 434.671 0.810868 -0.0732409 -0.580628 1
38.365 23.8835 434.65 0.818098 0.0211002 -0.574692 1
17.764 -34.4765 434.671 -0.0521916 -0.979909 -0.192494 1
39.37 -19.7255 434.651 0.898185 0.0542954 -0.436251 1
9.36397 -33.6225 434.671 -0.234656 -0.95142 -0.199339 1
39.2509 -1.52612 434.671 0.873116 0.173908 -0.455439 1
-38.8357 42.8275 443.472 -0.298853 0.754396 0.584443 1
44.5719 -5.91812 443.453 0.933208 0.122968 -0.337642 1
44.6077 -19.3269 443.477 0.999102 -0.039492 0.0153306 1
-44.2422 -27.3485 434.871 -0.299777 -0.770185 0.562983 1
0.764042 -32.5617 434.871 0.127425 -0.919753 -0.371237 1
39.5288 -7.9271 434.863 0.880674 -0.0376553 -0.472223 1
-26.8349 -29.221 434.874 -0.0867345 -0.933197 -0.348741 1
19.1639 38.1498 434.871 0.135602 0.977558 0.161221 1
-20.2117 42.8532 434.905 0.125458 0.971083 0.203121 1
39.4812 -2.95267 434.88 0.907698 0.108207 -0.405433 1
39.2281 0.880979 434.902 0.875434 -0.111378 -0.47033 1
25.9641 -37.468 443.472 -0.0990525 -0.955183 -0.27895 1
-36.0359 44.4893 434.871 0.075102 0.997174 -0.00216133 1
-14.0542 -30.6886 434.875 -0.181354 -0.982571 -0.0408095 1
-42.2287 44.9289 434.897 -0.28878 0.950068 -0.118222 1
12.7641 38.9118 434.872 -0.0682027 0.956551 0.283477 1
23.7642 37.6536 434.872 0.117545 0.976588 0.180165 1
44.1932 1.07743 443.27 0.903824 -0.0328085 -0.426644 1
22.1641 -36.963 443.272 -0.317156 -0.829036 -0.460555 1
25.7641 35.6306 443.272 0.153772 0.972622 0.174245 1
-1.8358 38.8432 443.271 0.183986 0.954327 0.235391 1
37.964 34.175 443.271 -0.0655643 0.922397 0.380638 1
-29.636 -28.9802 435.071 -0.194957 -0.948767 -0.248664 1
-22.2361 43.1829 435.071 0.0314069 0.985921 0.164234 1
38.6384 24.8739 435.072 0.779937 0.0714368 -0.621768 1
-8.43599 -31.4489 435.071 -0.0750346 -0.981168 -0.177985 1
37.164 -36.9147 435.071 0.0711993 -0.964054 -0.255989 1
17.764 -34.5367 435.071 0.053906 -0.997791 0.0388116 1
17.364 -34.5179 435.071 -0.161707 -0.950568 -0.265089 1
38.3499 31.0739 435.071 0.83417 0.152587 -0.529978 1
12.3642 37.1773 443.272 0.106325 0.978792 0.175105 1
42.9453 -32.3454 441.25 0.844345 -0.280399 0.456571 1
39.1641 8.87386 435.072 0.85077 0.0141012 -0.525349 1
-7.26819 -31.5717 435.052 -0.27573 -0.911328 -0.305703 1
40.8117 -30.7536 443.293 0.52081 -0.267933 0.810536 1
43.164 -31.9059 441.271 0.934518 0.0430584 0.353303 1
-20.2418 -30.059 435.087 -0.155387 -0.9433 -0.293326 1
4.764 -33.1162 435.071 -0.116833 -0.980222 -0.159733 1
16.3642 38.4308 435.072 0.0755869 0.97474 0.210165 1
5.36256 -33.1363 435.032 -0.0283985 -0.985628 -0.166528 1
2.35331 40.3608 435.068 0.0412547 0.957735 0.284678 1
-10.0278 41.8265 435.079 0.0650323 0.994003 0.0879145 1
43.8704 19.4739 443.271 0.872688 0.142322 -0.467077 1
-11.436 40.0906 443.271 0.15649 0.976303 0.149477 1
-18.436 40.9621 443.271 -0.0770717 0.986427 0.144992 1
10.1643 37.4644 443.272 0.0948974 0.977055 0.190678 1
-28.8361 -29.154 435.271 -0.098753 -0.964589 -0.244572 1
-4.83222 -31.6185 435.296 -0.236127 -0.971576 -0.016844 1
39.4148 3.47382 435.273 0.807224 0.130889 -0.57555 1
-12.6359 -32.7199 443.271 0.168729 -0.971303 -0.167632 1
1.16407 -32.6434 435.272 -0.0571588 -0.941081 -0.333314 1
31.9646 36.4229 435.272 0.0751442 0.980767 0.18014 1
-24.0359 43.3681 435.271 -0.175454 0.971203 -0.161188 1
-31.6357 -28.7904 435.272 0.0188758 -0.980183 -0.19719 1
39.0964 15.8739 435.271 0.735472 0.133208 -0.664331 1
30.5421 -36.4004 435.276 -0.247859 -0.95061 0.186834 1
39.8973 -13.7261 435.271 0.866812 -0.0113153 -0.498507 1
-7.04448 -31.6428 435.251 -0.245655 -0.952023 0.182499 1
38.7643 -35.3262 443.068 0.510347 -0.351008 0.785073 1
1.15859 40.0796 435.274 0.0257044 0.956885 0.289327 1
38.5641 34.1493 443.072 0.0140593 0.933588 0.358072 1
13.7639 -35.8428 443.071 -0.0757698 -0.97639 -0.202292 1
-13.4359 -32.6472 443.071 -0.0714987 -0.980857 -0.181128 1
18.564 38.0673 435.471 0.0968288 0.965112 0.243276 1
4.16622 40.0422 435.457 0.179652 0.950508 0.253495 1
-38.2359 44.5208 435.471 0.0585603 0.997321 0.0438395 1
-32.8359 44.1013 435.471 0.102293 0.991743 0.077345 1
-39.0356 -27.9468 435.472 -0.241004 -0.946785 -0.213344 1
-17.4244 -29.9882 435.476 0.0949143 -0.847229 -0.522679 1
-3.43596 -33.8303 443.071 -0.128025 -0.9696 -0.208534 1
-24.2359 43.348 435.471 -0.0451895 0.990729 -0.128119 1
-26.4357 -29.3876 435.469 -0.0815723 -0.954374 -0.287255 1
-10.8321 41.3712 435.47 0.325959 0.941928 0.0807611 1
39.0118 21.6738 435.472 0.832113 -0.0117425 -0.554481 1
21.964 -36.8933 443.071 0.0352973 -0.779266 -0.625699 1
39.9858 -23.7261 435.472 0.828284 -0.0498499 -0.558086 1
32.1455 -36.5565 435.459 -0.131169 -0.976371 -0.171739 1
14.3641 37.0313 443.071 0.122498 0.971618 0.202366 1
43.8874 16.0739 443.071 0.72935 -0.107645 -0.675619 1
44.1257 -7.12608 443.071 0.876658 -0.113317 -0.46758 1
2.1623 38.4753 443.084 0.0692311 0.979062 0.191427 1
30.9951 -37.898 443.06 0.0179266 -0.986036 -0.165563 1
44.0217 11.6739 443.072 0.865773 -0.0289842 -0.499597 1
-27.6359 -30.93 443.071 -0.0629071 -0.965179 -0.253912 1
43.4171 27.0738 443.072 0.889812 0.0562913 -0.452842 1
44.0939 -1.90776 443.066 0.80107 0.0640854 -0.59513 1
-20.6358 42.8215 435.672 0.122513 0.970196 0.209071 1
43.7711 -0.116744 442.72 0.922668 0.01174 -0.385416 1
-5.03398 -31.6115 435.674 -0.0598424 -0.990984 -0.119871 1
16.3641 -34.5388 435.672 -0.235338 -0.849434 -0.47231 1
39.3273 16.4739 435.671 0.667232 0.109523 -0.736753 1
16.964 -34.6028 435.671 -0.0874162 -0.929961 -0.357114 1
33.764 36.0399 435.671 0.245798 0.963057 0.110018 1
-31.2358 -28.9306 435.672 -0.20457 -0.904537 -0.374118 1
-13.836 40.4696 442.871 0.0712845 0.977595 0.198055 1
43.1548 29.2739 442.871 0.86138 0.187745 -0.471992 1
38.164 34.2264 442.871 -0.176005 0.947537 0.266825 1
-24.4502 41.685 442.859 0.105528 0.971811 0.210824 1
-7.2289 -33.3677 442.879 -0.0776613 -0.984105 -0.159709 1
-25.2127 41.6969 442.867 0.13973 0.975394 0.170534 1
43.7795 15.6739 442.872 0.863386 0.0105854 -0.504432 1
-41.4475 -27.4918 435.853 -0.246736 -0.928432 -0.277733 1
34.9639 -36.9018 435.871 -0.130738 -0.969313 -0.20818 1
23.564 -35.3686 435.871 -0.160889 -0.969746 -0.183594 1
-14.6582 -30.8588 435.877 0.0768401 -0.97711 -0.198373 1
43.8673 12.8739 442.871 0.822059 0.0464482 -0.567504 1
-2.03041 -32.3938 435.879 -0.142998 -0.953047 -0.266933 1
-6.23928 41.4047 435.867 0.313511 0.814967 0.48738 1
-19.2365 -30.3395 435.871 -0.067401 -0.991419 -0.112008 1
-23.8359 43.2218 435.872 0.00555988 0.994732 0.102358 1
-35.2359 44.2363 435.871 -0.00169107 0.994824 0.101602 1
40.1917 -24.2993 435.852 0.809077 -0.046631 -0.58585 1
5.76362 -33.4192 435.871 -0.0221079 -0.971959 -0.234108 1
10.964 -34.0624 435.871 -0.0830502 -0.984594 -0.153874 1
15.3654 38.3741 435.89 0.150042 0.936562 0.316765 1
32.7518 36.1345 435.862 0.0587966 0.994252 0.0894791 1
40.258 -14.1346 435.847 0.843319 -0.0220372 -0.536961 1
25.1642 37.2574 435.872 0.09201 0.974623 0.204068 1
0.764207 38.7059 442.872 0.0472069 0.944605 0.324796 1
0.134576 38.8632 442.831 0.132306 0.9496 0.284174 1
44.165 -18.5318 442.886 0.876294 -0.293028 -0.382418 1
7.78834 39.335 436.087 0.413721 0.807165 0.421094 1
26.7641 36.992 436.071 0.189448 0.975164 0.114741 1
-27.0359 -29.4735 436.072 -0.108416 -0.97458 -0.196059 1
-29.0359 -29.2777 436.072 -0.0319374 -0.982464 -0.183699 1
17.9641 37.9972 436.072 0.115504 0.962041 0.247256 1
-16.6485 -30.7081 436.094 -0.0199344 -0.942797 -0.332771 1
39.6368 14.2739 436.072 0.741235 -0.0266892 -0.670715 1
39.9986 1.47389 436.073 0.824089 -0.110806 -0.555517 1
39.62 14.8739 436.072 0.838929 0.0754998 -0.538979 1
14.7724 38.4994 436.051 0.255866 0.960227 0.111791 1
40.227 -5.12325 436.103 0.870907 -0.0117736 -0.491307 1
16.564 -34.6369 436.071 -0.0802523 -0.960312 -0.267133 1
-40.0361 44.5526 436.071 -0.171183 0.983413 0.0599567 1
-14.8309 42.0534 436.079 0.101898 0.976743 0.188652 1
-23.4207 -29.947 436.07 -0.126769 -0.97386 -0.188486 1
39.5641 -35.1261 442.619 0.606876 -0.29003 0.73999 1
-6.24801 41.2253 436.069 0.419509 0.842186 0.338725 1
38.4331 33.0719 436.066 0.864954 0.288567 -0.410588 1
-14.4302 -32.4266 442.658 -0.221213 -0.949969 -0.220509 1
-20.0365 -31.7118 442.67 -0.160171 -0.976806 -0.142113 1
-33.6306 -29.1223 435.918 0.113068 -0.804377 -0.58326 1
-18.4356 -30.4207 436.273 -0.131874 -0.947371 -0.291716 1
40.2102 -0.926212 436.272 0.982803 0.0125761 -0.18423 1
20.764 37.6289 436.271 0.141883 0.971994 0.187339 1
25.5642 -35.8345 436.272 -0.0959061 -0.960902 -0.259748 1
-40.836 -27.6438 436.271 -0.239261 -0.950427 -0.198601 1
39.2306 29.0739 436.272 0.847778 0.137283 -0.512275 1
-8.23596 -31.7562 436.271 -0.067355 -0.969905 -0.233983 1
39.797 13.0739 436.272 0.787697 0.113884 -0.605445 1
39.7855 13.4739 436.272 0.737809 -0.178644 -0.650941 1
39.6118 18.8738 436.272 0.834458 0.0290861 -0.550303 1
33.5645 34.7977 442.672 0.208246 0.96996 0.125741 1
17.964 36.6717 442.671 0.134557 0.981249 0.138001 1
-3.83118 -32.1899 436.472 -0.369905 -0.906151 -0.205086 1
33.764 -36.8954 436.471 -0.245431 -0.969121 0.0238509 1
39.8798 14.4739 436.471 0.927677 0.130232 -0.349935 1
39.8738 14.6739 436.471 0.975024 0.0935514 -0.201435 1
-38.236 44.3382 436.471 0.0877949 0.98513 0.147686 1
-3.23862 -32.4251 436.466 -0.292061 -0.926251 -0.238241 1
-22.4358 -30.0912 436.471 0.110503 -0.99386 0.00566687 1
40.3635 -34.1259 442.425 0.591679 -0.147885 0.792494 1
39.9633 11.074 436.469 0.845744 0.0662751 -0.529457 1
40.1645 0.672045 436.494 0.718224 -0.324914 -0.615293 1
40.3108 -0.726001 436.471 0.705895 -0.317884 -0.632978 1
39.5636 -36.1259 442.275 0.658969 -0.419186 0.624534 1
42.3638 -30.326 442.275 0.74957 -0.241525 0.616287 1
-25.0411 43.0804 436.47 0.0440191 0.971696 0.232096 1
40.5538 -26.5305 436.479 0.980085 0.194774 -0.0386715 1
-8.43083 -31.8092 436.486 -0.154351 -0.941619 -0.299213 1
23.7641 -36.9774 442.471 -0.0878639 -0.976808 -0.195258 1
-18.2362 -31.9035 442.471 0.0418137 -0.989906 -0.135416 1
2.96329 38.6581 442.479 -0.0923906 0.971586 0.217908 1
-41.8421 -27.7748 436.67 -0.3453 -0.93174 -0.112377 1
8.56379 38.6768 436.69 0.219031 0.974456 0.0496177 1
-18.4359 41.1217 442.471 -0.0901187 0.98422 0.152281 1
-1.03593 -33.209 438.871 -0.0499941 -0.99415 -0.0957401 1
-7.8359 41.1681 436.673 0.0741861 0.964612 0.253023 1
40.1429 9.27388 436.671 0.85885 0.00208622 -0.512223 1
-29.036 -30.6586 442.471 -0.209545 -0.950517 -0.229365 1
-8.03601 -31.8711 436.671 0.160499 -0.960401 -0.227751 1
40.5937 -5.71156 436.694 0.851914 0.0582947 -0.520426 1
40.9239 -27.1112 436.658 0.836124 0.116376 -0.536054 1
8.56406 38.0727 441.471 0.0300042 0.996033 0.0837704 1
-36.4531 -28.5892 436.68 -0.179184 -0.969811 -0.165407 1
11.9641 -34.3419 436.672 -0.164818 -0.951844 -0.25851 1
-34.4255 -28.9049 436.66 -0.287676 -0.952928 -0.0957638 1
34.5641 -38.1993 442.471 0.0795706 -0.922343 -0.37809 1
-28.0412 42.5214 442.485 0.127704 0.989153 -0.072587 1
19.9641 36.4835 442.471 0.107631 0.968236 0.225687 1
43.8173 6.0738 442.473 0.913794 0.0907087 -0.395919 1
-23.237 42.7724 436.874 0.113019 0.980697 0.15956 1
-38.4431 -28.2678 436.843 -0.254127 -0.954268 -0.157456 1
2.56391 -33.1936 436.871 -0.0937386 -0.972612 -0.212693 1
-25.8278 -29.7585 436.893 -0.0921985 -0.971598 -0.217937 1
39.9763 19.0739 436.872 0.74338 -0.0303775 -0.668179 1
40.7647 -34.3265 442.112 0.582443 -0.491521 0.647431 1
40.2989 7.6739 436.871 0.967067 0.00512569 -0.254472 1
-23.4427 -30.0376 436.852 -0.0742898 -0.963696 0.256459 1
-21.0361 -30.3649 436.871 -0.126098 -0.990609 0.0528509 1
7.35829 -33.7778 436.878 0.181531 -0.922441 -0.340806 1
34.5641 -37.0774 436.871 -0.219964 -0.962672 -0.157727 1
-35.0359 44.0385 436.872 0.0114511 0.9762 0.216569 1
40.893 -35.7214 436.87 0.846434 0.204893 -0.491497 1
40.8916 -35.3469 436.866 0.861375 -0.108018 -0.496352 1
41.0184 -22.7434 436.888 0.874851 -0.0173457 -0.484081 1
40.7908 -11.9446 436.863 0.77308 0.0697202 -0.630466 1
-30.436 -29.2919 436.871 -0.110129 -0.977571 -0.179515 1
43.8704 -11.5542 442.267 0.96963 -0.0496924 -0.239475 1
34.764 -38.1916 442.271 -0.493354 -0.857918 -0.143453 1
-16.4359 40.9576 442.271 0.265504 0.943726 0.197203 1
-17.636 41.0898 442.271 0.210094 0.964549 0.159705 1
40.971 -26.7259 436.799 0.796166 0.150284 -0.586118 1
-24.0359 41.8102 442.272 0.0839141 0.968759 0.233378 1
-32.836 42.6191 442.271 0.122099 0.979131 0.162464 1
7.76136 -33.944 437.089 -0.0567659 -0.918688 -0.390883 1
-20.436 42.5129 437.071 0.153947 0.955014 0.253474 1
39.8605 25.2739 437.071 0.811169 -0.0319316 -0.58394 1
24.564 -35.8972 437.071 -0.145829 -0.984463 -0.0978043 1
40.4568 7.2736 437.074 0.960163 0.0600497 -0.272911 1
-17.836 -31.8975 442.271 -0.121732 -0.991601 0.0436919 1
-31.836 43.63 437.071 0.280155 0.943427 0.177365 1
-12.0482 41.5508 437.07 -0.314204 0.906809 0.281021 1
-20.6358 -30.4485 437.072 -0.141379 -0.988323 -0.0568248 1
43.4263 -2.32253 442.273 0.888471 -0.296637 -0.350181 1
4.16429 -33.4555 437.072 -0.0929855 -0.973886 -0.207121 1
-37.0359 43.0156 442.271 -0.0693681 0.980786 0.18234 1
23.964 36.0443 442.271 0.190355 0.981066 0.035705 1
9.35243 38.4624 436.9 0.0937069 0.995576 0.00688105 1
44.0234 -21.1261 442.273 0.941653 -0.0323325 -0.335029 1
-22.2359 41.7226 441.471 0.343761 0.924071 0.167097 1
-20.236 -30.5089 437.271 -0.116919 -0.962365 -0.245322 1
0.355133 -34.3338 442.285 -0.310635 -0.921333 -0.233774 1
41.1765 -33.1228 437.268 0.912705 0.154635 -0.37823 1
-12.254 41.4963 437.286 0.0722561 0.997335 -0.0100929 1
41.145 -32.74 437.254 0.879948 -0.276418 -0.386373 1
-28.4446 43.4258 437.274 -0.468257 0.875606 -0.118533 1
-39.6461 44.5855 437.268 -0.0034444 0.986596 0.163147 1
-1.03825 -32.8201 437.265 -0.165067 -0.96019 -0.225363 1
0.163971 -33.0126 437.271 -0.0901637 -0.980398 -0.175189 1
14.3579 -34.7885 437.26 -0.0355476 -0.970577 -0.238153 1
-16.2359 41.9804 437.272 -0.0724319 0.963438 0.257956 1
36.7641 35.2352 437.271 0.288219 0.957373 0.0191622 1
1.7551 39.365 437.266 0.475347 0.800381 0.365289 1
27.3643 -36.2911 437.272 -0.012865 -0.984513 -0.174839 1
0.966649 39.806 437.258 0.221577 0.955308 0.195676 1
43.8148 -18.3294 442.073 0.847993 -0.114004 -0.517601 1
-11.2285 41.4754 437.148 0.150761 0.949337 0.275735 1
40.9561 33.7153 442.066 0.347534 0.936923 -0.0373622 1
-12.6361 -32.5031 442.071 -0.0521374 -0.982014 -0.181469 1
-16.2358 40.9655 442.072 -0.175492 0.896518 0.406766 1
-18.0359 41.1605 442.072 0.0585937 0.958501 0.279003 1
15.764 37.0767 442.071 0.109015 0.986513 0.122097 1
29.7391 35.3732 442.097 0.100614 0.980806 0.167025 1
40.4984 14.4739 437.471 0.833936 0.0600074 -0.548589 1
-7.23576 39.859 442.072 0.13118 0.973749 0.186023 1
-32.4679 -29.3379 437.488 -0.110713 -0.985185 -0.130971 1
40.8066 3.27385 437.473 0.865248 0.0275949 -0.500584 1
-4.03862 -32.1986 437.448 -0.280403 -0.856059 -0.434208 1
39.4719 33.2621 437.471 0.798614 0.327241 -0.505102 1
-22.005 42.6428 437.484 0.0509096 0.981068 0.186853 1
18.1641 37.814 437.472 0.148926 0.949196 0.277215 1
32.9642 35.9032 437.472 0.174624 0.980604 0.0890118 1
-17.4366 -30.9009 437.471 -0.109584 -0.970629 -0.214172 1
-12.4362 -31.0671 437.434 -0.295804 -0.885137 -0.359211 1
-9.23633 -31.8762 437.471 -0.0469738 -0.979551 -0.195638 1
39.9208 29.6737 437.472 0.848334 0.162271 -0.503981 1
41.4011 -37.1381 437.492 0.6689 -0.603449 -0.434077 1
41.049 -21.3142 437.49 0.834284 -0.110462 -0.540156 1
-37.8359 43.1318 442.072 0.00760957 0.966661 0.255947 1
43.8016 -10.7151 442.074 0.905246 0.0313824 -0.423728 1
-3.23576 39.4147 442.072 0.109626 0.98774 0.11114 1
43.4471 -0.91137 442.075 0.927361 0.00944479 -0.374048 1
-0.234842 39.0842 442.065 -0.0313697 0.997144 -0.0687031 1
18.3641 36.7577 442.072 -0.0183934 0.971386 0.236792 1
-14.8361 -31.2823 437.671 -0.150082 -0.962836 -0.224549 1
4.16405 -33.5623 437.671 -0.175222 -0.98129 -0.0797897 1
38.9515 34.8583 437.649 0.552484 0.82231 -0.136264 1
11.9637 -34.5514 437.671 -0.232449 -0.968946 0.0843231 1
41.5634 -33.5258 441.818 0.5986 -0.382548 0.703801 1
-33.436 -29.9931 441.871 -0.0248343 -0.992133 -0.122703 1
43.2948 -2.3291 441.878 0.958039 -0.182178 -0.221297 1
-34.4359 42.8579 441.871 0.00649113 0.987189 0.159424 1
3.93406 -33.5474 437.879 -0.0101074 -0.999942 -0.00369657 1
11.7639 -34.5657 437.871 0.182216 -0.978559 -0.0960207 1
41.0794 -10.9175 437.877 0.829995 0.0969668 -0.549278 1
-16.8359 41.9184 437.872 -0.0243878 0.960587 0.276906 1
-14.236 41.6425 437.871 0.0834867 0.978837 0.186836 1
40.2596 27.4739 437.871 0.848613 0.103197 -0.518851 1
41.0741 -15.9326 437.85 0.839134 -0.100731 -0.534516 1
40.1116 30.8739 437.871 0.85799 0.14646 -0.492345 1
40.8545 10.4739 437.871 0.855165 0.0951343 -0.509552 1
43.6208 -16.7219 441.885 0.822782 -0.0896769 -0.561238 1
37.3641 35.0532 437.872 0.310651 0.945624 0.0963917 1
-21.8361 41.5913 441.871 -0.0218334 0.9951 0.0964315 1
-40.8194 -28.1535 438.067 -0.105966 -0.979798 -0.169608 1
16.7641 -35.1369 438.072 -0.0506243 -0.981921 -0.182394 1
9.38174 38.631 438.071 0.133463 0.989773 0.0503721 1
5.564 -33.8642 438.071 -0.0829959 -0.971274 -0.22302 1
-0.635636 -33.0681 438.072 -0.0638203 -0.995067 -0.0759564 1
-36.236 43.8902 438.071 0.0933814 0.973888 0.206935 1
-29.2359 43.2786 438.071 0.0797757 0.995447 0.0521552 1
19.364 36.6807 441.871 0.103186 0.972393 0.209296 1
40.6929 19.6739 438.071 0.803839 0.0489346 -0.592831 1
-26.8359 -29.9434 438.072 -0.338459 -0.906968 -0.250708 1
-15.2802 -31.3172 438.073 0.0770514 -0.986188 -0.146617 1
28.5569 -36.5732 438.071 0.0687653 -0.972901 -0.220761 1
34.7637 35.4382 438.071 0.271416 0.952944 0.135022 1
-0.236125 39.8852 438.071 0.119269 0.957133 0.263952 1
42.565 -32.1266 441.551 0.685363 -0.206891 0.698193 1
43.3536 -9.91443 441.536 0.78478 -0.0642413 -0.616436 1
43.3628 -10.5174 441.63 0.79611 -0.00979662 -0.605073 1
43.321 4.47386 441.672 0.912083 -0.0904633 -0.399901 1
39.159 -38.2511 441.672 0.434077 -0.824385 0.363272 1
1.16393 38.9199 441.671 0.123793 0.985626 0.114966 1
43.2447 -7.11079 441.677 0.89255 -0.0386783 -0.449286 1
-11.6359 41.2605 438.272 0.234922 0.942613 0.23726 1
10.9583 38.1148 438.278 0.155966 0.981018 0.115233 1
20.1639 -35.5784 438.271 -0.213438 -0.954658 -0.207539 1
-22.6467 42.4132 438.252 0.0946688 0.936116 0.338711 1
38.7798 34.3392 441.676 0.234609 0.966569 0.103459 1
-26.036 -30.0701 438.271 -0.094645 -0.980141 -0.174256 1
10.3641 -34.5279 438.272 -0.179584 -0.976922 0.115643 1
27.5642 36.3924 438.272 0.175904 0.972816 0.150619 1
-13.4359 41.4535 438.271 0.123043 0.97655 0.176665 1
43.1472 12.4739 441.671 0.679461 -0.011649 -0.733619 1
23.5779 36.2326 441.695 0.270702 0.954897 0.122032 1
20.7638 36.542 441.671 0.170667 0.973247 0.153827 1
-27.2361 42.3043 441.671 -0.0903417 0.987606 -0.128344 1
42.8944 19.6739 441.671 0.879744 0.0934174 -0.466179 1
-27.6148 42.3369 441.676 0.101395 0.985557 -0.135631 1
-27.2359 -29.989 438.472 -0.0218215 -0.921398 -0.388008 1
5.12705 -34.6072 441.737 -0.654836 -0.742806 0.139385 1
4.93994 -34.533 441.67 -0.156808 -0.981233 0.112222 1
40.9928 18.2738 438.472 0.831546 -0.00570886 -0.555426 1
-16.8358 41.7893 438.472 0.0171435 0.997452 0.0692518 1
14.3423 37.4609 438.487 0.103178 0.910685 0.400009 1
24.1641 -36.1613 438.471 -0.109606 -0.976752 -0.184232 1
10.764 -34.6191 438.471 -0.308842 -0.881158 -0.358019 1
41.1128 14.6739 438.471 0.835011 -0.00154181 -0.550231 1
42.9802 17.6739 441.672 0.842591 -0.0908394 -0.530837 1
17.161 37.4509 438.446 0.0353586 0.935855 0.350606 1
-18.6362 -31.0275 438.468 0.00172276 -0.98669 -0.162603 1
39.7708 33.8573 438.472 0.819773 0.551484 -0.154394 1
39.3597 34.5802 438.459 0.440934 0.860554 0.254999 1
-21.0826 -31.4731 441.705 -0.119304 -0.982702 -0.141644 1
-31.836 43.3109 438.471 0.0581495 0.982648 0.17613 1
-1.84354 -33.5585 441.684 -0.0367471 -0.978466 -0.203109 1
43.1568 -31.725 441.33 0.906886 -0.24125 0.345479 1
42.6113 23.6738 441.472 0.9512 -0.0197621 -0.30794 1
0.564415 -33.9755 441.472 -0.0259096 -0.859214 -0.51096 1
-6.03589 39.8346 441.471 0.0980487 0.957453 0.271421 1
-6.8359 39.939 441.471 0.0360987 0.964646 0.261064 1
41.9854 -32.1443 438.65 0.913912 -0.108527 -0.391134 1
-15.8359 41.0404 441.472 0.039133 0.980549 0.192336 1
-19.4348 -31.2017 438.667 -0.101683 -0.975829 -0.193439 1
42.2505 -28.5203 438.674 0.878361 -0.0745888 -0.472142 1
41.3442 -37.6764 438.674 0.462173 -0.850631 -0.250646 1
41.7019 -9.30607 438.664 0.868218 -0.0502354 -0.493633 1
17.7561 37.3086 438.666 0.330197 0.898506 0.289234 1
41.7841 -5.52613 438.67 0.885547 0.0226839 -0.463996 1
40.869 24.2739 438.671 0.821032 -0.0534646 -0.568372 1
-14.436 41.4947 438.671 0.00238035 0.970014 0.243036 1
40.3017 32.4678 438.666 0.857955 0.286956 -0.42611 1
43.4133 -8.94452 441.488 0.623596 0.156602 -0.7659 1
27.3383 35.4731 441.461 0.23894 0.970844 0.0192401 1
43.6312 -25.5436 441.482 0.977681 -0.0552166 -0.20271 1
26.3641 -37.0876 441.471 -0.138183 -0.959905 -0.243902 1
25.7641 -37.005 441.471 0.0507382 -0.920606 -0.387183 1
43.4496 -18.1398 441.487 0.122641 0.0428134 -0.991527 1
-37.8359 43.8628 438.872 -0.0782434 0.956586 0.280751 1
-23.6156 42.5453 438.882 0.0224145 0.967006 0.253767 1
28.7641 -37.403 441.471 -0.182596 -0.970687 -0.156284 1
-12.8394 -31.6203 438.863 -0.467909 -0.861074 -0.199027 1
41.7244 1.27389 438.871 0.828023 0.0249375 -0.560139 1
41.1288 20.8738 438.872 0.841599 0.0364621 -0.538871 1
42.2824 -31.5336 438.871 0.987683 -0.152839 -0.0334946 1
-38.8357 -28.4814 438.872 -0.250438 -0.961684 -0.111556 1
42.0912 -35.526 438.871 0.957072 -0.1598 -0.241819 1
42.1163 -27.1082 438.855 0.869505 0.174848 -0.461941 1
6.78029 -34.2164 438.87 0.0081922 -0.980418 -0.196759 1
-24.6263 -30.3262 438.864 -0.0493886 -0.987538 -0.149432 1
43.6638 -21.527 441.465 0.943188 -0.00618476 -0.332203 1
12.2537 23.2942 393.007 0.198271 0.215571 -0.956147 1
-8.65545 28.6906 490.776 0.301967 0.710497 0.635618 1
-10.082 11.9313 402.939 -0.629638 0.402157 -0.6647 1
9.88057 -22.9456 387.601 0.349986 -0.780044 -0.518691 1
10.2445 -21.7251 387.563 0.770189 -0.0631834 -0.634679 1
-13.0189 6.44553 487.196 -0.266188 -0.24211 0.93302 1
10.3875 -13.1026 387.772 0.799641 0.24309 -0.549073 1
10.2715 -12.6278 387.778 0.870862 0.097622 -0.481735 1
-12.6171 5.99057 486.997 -0.00502564 -0.399872 0.916557 1
-12.1327 6.16932 486.853 0.772802 -0.43374 0.4633 1
9.458 2.07932 388.321 -0.018943 0.212544 -0.976968 1
-12.4379 4.17397 486.52 -0.0243662 0.235282 0.971622 1
-12.5286 4.15816 486.565 0.717259 -0.434786 0.544519 1
-12.2465 3.97522 486.343 0.788659 -0.563985 0.244822 1
-12.9353 0.169871 485.372 0.321158 -0.268644 0.908123 1
-12.9112 -0.370116 485.177 0.401381 -0.240021 0.883902 1
11.6828 -17.2278 389.86 0.80504 0.083617 -0.587298 1
11.8991 -16.0231 389.848 0.792205 0.202735 -0.575595 1
11.2782 1.18606 389.873 0.978919 0.116045 -0.16808 1
11.3739 1.36488 390.008 0.783278 -0.393779 -0.481055 1
-13.4281 -4.22438 484.719 0.177418 -0.216675 0.959987 1
10.4617 11.5259 390.427 -0.138916 0.280603 -0.949718 1
-13.1345 -4.92413 484.288 0.400948 -0.352555 0.845544 1
9.76436 11.3704 390.886 -0.00281919 0.228544 -0.973529 1
-14.8368 -10.5228 483.487 -0.143035 -0.0718863 0.987104 1
-15.2314 -12.3197 483.188 -0.162396 -0.349338 0.922817 1
11.6432 13.3755 391.453 0.672068 0.14735 -0.725681 1
-13.7443 -9.12417 483.362 0.194382 0.0828623 0.97742 1
10.2664 15.5774 391.588 -0.169921 0.371592 -0.912714 1
10.4517 15.8769 391.569 -0.367233 0.0630855 -0.927987 1
-14.843 -14.1415 482.418 0.10244 -0.337731 0.935652 1
-15.5911 -16.2139 482.285 -0.197985 -0.209007 0.957663 1
-14.1481 -14.3479 482.132 0.468216 -0.304031 0.829662 1
-14.5484 -15.4225 482.1 0.387732 -0.154849 0.908672 1
-14.5827 -16.0277 482.081 0.468584 -0.213826 0.857151 1
-14.1297 -15.2333 481.812 0.761956 -0.121966 0.63604 1
-14.1458 -15.1365 481.841 0.679652 -0.390295 0.621082 1
48.6968 18.9286 452.736 0.92108 0.0557797 0.385358 1
-14.5389 -17.3233 481.522 0.195819 0.294686 0.935315 1
-14.5439 -17.8302 481.386 0.269233 -0.175843 0.946886 1
13.9612 -24.2377 393.076 0.528401 -0.444507 -0.72333 1
-16.0334 -22.7156 480.888 -0.268246 -0.0630562 0.961284 1
12.6942 23.0924 393.357 0.565927 0.0818344 -0.820384 1
11.8865 24.9713 393.29 -0.0610084 -0.0598283 -0.996343 1
-14.3681 -19.1091 480.759 0.154095 -0.153275 0.976095 1
-15.3248 -21.9145 480.864 0.0319821 -0.058892 0.997752 1
26.8237 40.6155 417.829 0.504919 0.853242 -0.130514 1
-15.5321 -24.4033 480.417 0.238621 -0.137167 0.961377 1
-16.6339 -26.3356 480.221 -0.201693 -0.308675 0.929537 1
-14.9488 -24.5338 479.668 0.578639 -0.329539 0.746043 1
-15.7718 -27.0303 479.667 0.567485 -0.358365 0.741307 1
14.3518 7.56818 395.091 0.641501 -0.000805222 -0.767122 1
-15.5941 -27.143 479.371 0.697485 -0.179046 0.693871 1
-16.1403 -27.8242 479.29 0.115275 -0.378221 0.91851 1
-15.6166 -27.4229 479.274 0.696957 -0.170279 0.696603 1
-16.3261 -30.6173 478.925 0.0887762 -0.295853 0.951099 1
-15.5242 -28.4153 478.914 0.39176 -0.253969 0.884321 1
-16.1375 -28.6288 479.002 0.0556362 -0.34814 0.93579 1
-31.1338 -27.4598 428.372 -0.0465116 -0.974519 -0.219429 1
29.2254 21.9245 420.53 0.493212 0.208864 -0.844463 1
-16.1448 -32.5316 478.525 0.0351522 -0.260841 0.964741 1
29.3939 21.6804 420.626 0.630975 0.326365 -0.703816 1
28.9082 22.1206 420.634 -0.454859 0.245893 -0.855944 1
35.5394 25.6115 432.47 -0.76523 0.643599 -0.0142469 0.888457
-16.7804 -35.3955 477.866 -0.0044241 -0.196253 0.980543 1
-15.1349 -29.6764 478.236 0.169448 -0.310386 0.935386 1
-15.3355 -30.0267 478.295 0.430475 -0.131484 0.892975 1
-15.8978 -31.9163 478.166 0.333279 -0.0845588 0.939029 1
15.5071 -25.2543 396.106 0.415142 -0.762127 -0.49681 1
15.6182 -22.8279 395.974 0.830256 -0.0735429 -0.552509 1
15.8366 -21.7033 395.976 0.756135 -0.0318047 -0.653642 1
-16.5607 -33.2475 478.044 -0.168617 -0.313106 0.93463 1
-16.0502 -33.4265 477.729 0.34298 -0.506865 0.790856 1
-16.2272 -33.8194 477.689 0.478068 -0.417111 0.772961 1
-16.5284 -34.2374 477.758 0.21017 -0.0679892 0.975298 1
0.158868 12.5682 396.817 -0.541578 0.188848 -0.819164 1
32.4304 37.906 426.725 0.666943 0.70932 -0.228148 1
22.8325 28.5693 409.568 0.851328 0.0464154 -0.522577 1
-16.6982 -37.8481 477.261 0.262731 -0.582258 0.769382 1
-14.5871 -25.077 410.505 0.143126 -0.988867 -0.0406955 1
42.1076 -37.7044 440.115 0.784343 -0.543842 0.298397 1
15.8724 4.168 397.197 0.829058 0.0400314 -0.557727 1
-29.9778 -26.4584 423.458 -0.120412 -0.954053 -0.27438 1
-3.57077 6.09147 397.145 -0.573308 0.185739 -0.798009 1
-15.9229 -36.2347 476.629 0.520173 -0.294456 0.801696 1
-16.3189 -38.4274 476.282 0.355088 -0.859077 0.368646 1
-16.3827 -38.7219 476.18 0.463939 -0.768753 0.440203 1
-17.5173 -39.2381 476.083 -0.0535782 -0.847987 0.527301 1
15.8739 27.7699 475.812 0.27968 0.301092 0.911659 1
16.8356 -8.44165 398.488 0.928651 0.0147264 -0.370662 1
-5.32662 8.79774 399.167 -0.414088 0.255639 -0.873602 1
15.6578 -26.3132 400.074 0.122223 -0.766671 -0.6303 1
18.2506 -23.8262 400.24 0.833091 -0.189915 -0.519512 1
18.3157 -7.11796 400.569 0.851496 -0.00527792 -0.524334 1
17.9284 -1.21005 400.587 0.784616 0.233319 -0.574404 1
43.3378 -12.6127 441.28 0.854164 0.264055 -0.447971 1
-12.0186 1.45014 401.21 -0.458953 0.214759 -0.862114 1
-11.6291 2.87821 401.405 -0.441913 0.227965 -0.867609 1
19.4789 -25.8579 401.788 0.751604 -0.351127 -0.558392 1
19.2629 -15.7214 401.785 0.838035 0.416546 -0.352401 1
-20.9352 -38.0073 472.073 -0.819235 -0.487857 0.301413 1
-21.1286 -37.8396 471.771 -0.867454 -0.441597 0.229162 1
-20.9542 -37.9038 471.765 -0.752621 -0.652827 0.0858995 1
5.86006 44.1662 402.884 -0.463096 0.539494 -0.703199 1
20.0025 -8.99418 403.368 0.705584 0.251506 -0.662493 1
-21.0518 -37.7519 470.761 -0.888203 -0.402 -0.222465 1
-8.53615 18.5677 403.98 -0.50349 0.235565 -0.831268 1
-17.9772 -25.9466 415.635 0.134426 -0.951092 0.278124 1
-21.5454 -26.0807 417.553 -0.162824 -0.969221 -0.18466 1
-15.2349 5.70218 404.355 -0.467785 0.248244 -0.848264 1
-15.2382 6.26671 404.533 -0.596621 0.215535 -0.773038 1
13.201 34.1075 395.051 0.212719 0.349758 -0.912371 1
19.8879 42.3834 405.672 0.854009 0.206253 -0.477628 1
20.7085 30.1716 406.091 0.787124 -0.00258517 -0.616789 1
44.2899 -18.4332 443.174 0.99204 -0.0622709 -0.109447 1
20.104 36.365 405.97 0.890199 0.00582324 -0.455535 1
20.1749 36.9804 406.038 0.846234 0.151488 -0.510822 1
-15.0896 -24.7865 407.982 -0.289396 -0.94442 -0.155949 1
-13.1389 -25.0435 407.872 0.0170914 -0.938877 -0.343828 1
-3.34791 45.7785 410.567 0.0851911 0.95038 -0.2992 1
-23.9419 -36.6198 466.969 -0.556604 -0.799069 0.227334 1
13.7965 -0.42566 393.468 0.799346 0.00285754 -0.600864 1
24.5456 -20.9931 410.17 0.476174 -0.189987 -0.858582 1
24.2619 -15.1223 410.18 0.237227 0.404009 -0.883459 1
24.2163 -15.0384 410.082 0.838314 0.329334 0.434476 1
23.3318 5.27626 464.472 0.104316 -0.57969 0.808132 1
23.1863 5.07593 464.483 0.1042 -0.250896 0.96239 1
-25.9251 -35.8395 464.562 -0.71972 -0.69411 0.0146601 1
42.3804 -36.926 439.912 0.979634 -0.0542301 0.193329 1
-6.52744 45.7468 411.463 -0.197713 0.862952 -0.464998 1
-14.9368 12.8957 406.35 -0.588046 0.263348 -0.764755 1
-8.76549 22.572 405.324 -0.307477 0.460766 -0.832557 1
-26.0374 -35.6703 464.175 -0.702548 -0.711525 0.0126024 1
42.898 -34.3742 440.523 0.900702 -0.320193 0.293618 1
-5.52836 -26.7936 412.077 -0.100035 -0.909614 -0.403232 1
7.98289 -21.6778 384.412 0.831538 -0.395783 -0.389744 1
28.243 -30.548 451.221 0.143749 -0.464444 0.873858 1
-25.5229 -35.5091 463.457 -0.321855 -0.937148 -0.134772 1
29.0711 -0.432135 459.697 0.601017 -0.29578 0.742491 1
25.1252 22.3763 412.859 0.750744 -0.216743 -0.624024 1
26.1645 -29.3245 413.166 0.700106 -0.469542 -0.537942 1
-26.1366 -35.256 462.273 -0.395639 -0.906021 -0.150317 1
28.6716 -3.69998 459.077 0.539289 -0.238092 0.807762 1
16.8558 -26.0953 398.969 0.274768 -0.866807 -0.416111 1
-6.81331 3.96019 398.644 -0.634768 -0.0566247 -0.770625 1
25.4894 33.1569 414.483 0.871008 0.0236761 -0.490697 1
25.4645 37.0724 414.57 0.806212 0.402989 -0.433153 1
39.1213 34.7475 438.088 0.423612 0.90191 0.0843256 1
26.4148 30.8984 415.573 0.85229 0.149015 -0.501394 1
26.1268 33.9744 415.568 0.862105 0.267671 -0.430264 1
13.1128 34.6727 395.242 -0.0679821 0.631086 -0.772728 1
39.8295 6.7842 436.162 0.857826 -0.0514192 -0.511362 1
-28.5467 -34.3276 460.098 -0.638712 -0.738415 0.21631 1
15.0638 -35.621 457.716 0.434757 -0.374151 0.819144 1
29.1816 7.18443 418.776 0.893164 -0.190025 -0.407614 1
-28.5335 -34.039 458.204 -0.290556 -0.895434 -0.337306 1
-1.57688 -35.2674 469.229 0.548562 -0.419786 0.72309 1
5.46276 24.5803 481.543 0.474007 -0.161648 0.865556 1
11.6624 21.9606 476.914 0.522013 -0.180076 0.833712 1
31.8263 -31.4197 421.859 0.791101 -0.212244 -0.573683 1
-7.88882 -19.1912 477.165 0.612989 -0.114138 0.781804 1
32.0477 -30.8147 422.242 0.961724 0.0625627 -0.266782 1
-31.3496 -33.0082 455.563 -0.509935 -0.787248 0.346708 1
-50.1352 -3.92288 424.234 -0.912433 -0.185578 -0.364729 1
-14.5336 -35.1172 454.374 -0.122137 -0.992469 -0.00941217 1
-15.1291 -34.9964 453.98 -0.392881 -0.916979 -0.0692372 1
-12.3468 -28.7993 425.164 -0.191886 -0.869545 -0.45505 1
-11.3461 -29.2907 425.291 -0.1844 -0.944241 -0.272774 1
-11.1288 -29.2121 425.077 -0.163376 -0.933491 -0.319223 1
-10.3386 -29.0859 425.164 -0.0339553 -0.981446 -0.188708 1
-3.94354 -29.4929 425.069 -0.642245 -0.666793 -0.378033 1
33.8664 -30.7202 425.369 0.619634 -0.311017 -0.72064 1
-14.1346 -34.7722 453.172 0.1956 -0.973349 0.119715 1
-14.3431 -34.8724 453.279 0.315235 -0.944711 -0.0902674 1
-26.1361 -27.4741 425.873 -0.0944397 -0.972988 -0.210653 1
-31.5526 -27.1803 426.172 -0.136349 -0.988659 -0.0629425 1
-5.72285 -29.7738 427.055 -0.0456056 -0.96925 -0.241817 1
28.0723 33.3579 451.981 0.00500617 0.796362 0.604799 1
27.8814 33.5192 451.982 0.277168 0.322 0.905259 1
-12.2306 -34.6471 451.57 -0.0993603 -0.979044 -0.177768 1
26.1798 34.0698 451.182 -0.101821 0.867124 0.487573 1
-33.3361 -31.7639 450.872 -0.6495 -0.751967 0.112675 1
-32.558 -27.5264 430.219 -0.141778 -0.978228 -0.151554 1
-24.3304 -28.5621 430.272 0.0265431 -0.988429 -0.149345 1
-21.5343 -28.9021 430.173 -0.171943 -0.977366 -0.12325 1
46.8628 30.772 450.177 0.760888 0.633908 -0.138603 1
37.4388 -29.8287 431.183 0.798345 -0.0432703 -0.600644 1
-10.3322 -34.4549 449.582 -0.0163493 -0.988688 0.149092 1
-11.7316 -34.3583 449.367 -0.0981035 -0.972817 -0.20977 1
35.3749 24.3772 432.189 0.387954 -0.712802 -0.584299 0.717846
-1.10709 36.8941 448.848 0.224812 0.853644 0.469842 1
35.7551 25.5971 432.8 -0.331962 0.514043 0.790924 0.665066
5.67286 -32.5726 433.067 -0.364765 -0.877246 -0.312066 1
37.465 33.7698 434.368 0.868977 0.252199 -0.425764 1
-0.933876 -32.2109 434.419 -0.0803882 -0.995385 -0.0524089 1
10.2517 10.6517 390.379 -0.288214 0.186393 -0.93925 1
40.4372 -26.6312 436.263 0.560705 -0.0127073 -0.827918 1
40.4157 -26.135 436.181 0.661676 -0.0101176 -0.749722 1
-3.85094 -32.2616 437.567 -0.291638 -0.682816 -0.669858 1
41.4106 -22.9059 437.959 0.888098 -0.0489668 -0.457038 1
41.3699 -21.2372 437.968 0.931472 -0.357972 -0.0649286 1
41.4362 -21.2208 438.073 0.48599 -0.691819 -0.534042 1
41.6578 -20.2217 438.062 0.812829 -0.00334185 -0.582492 1
41.2972 -19.0288 437.959 0.871857 0.145847 -0.467541 1
-9.08071 -25.2343 409.475 0.151572 -0.937369 -0.313632 0.941838
3.05669 -33.4834 438.885 -0.108146 -0.984104 -0.140866 1
-8.32622 -32.6312 440.163 -0.242605 -0.863185 -0.442781 1
26.0649 35.7555 440.867 -0.532032 0.649823 -0.542837 1
1.16741 -34.1888 441.576 -0.0268282 -0.873769 -0.485601 1
-36.7147 -29.9917 444.284 -0.406652 -0.90035 -0.154934 1
43.3915 -6.22398 441.965 0.834256 -0.167945 -0.525177 1
-27.8271 42.4034 442.376 0.0270083 0.990907 -0.131809 1
3.46298 38.1542 443.48 0.225659 0.939965 0.256016 1
39.905 33.7739 443.879 0.242049 0.940362 0.239023 1
42.8531 33.1694 443.672 0.579652 0.772645 -0.258887 1
44.6301 -7.64211 443.983 0.885262 -0.204827 -0.41756 1
3.86716 -36.6244 464.204 0.465275 -0.399284 0.789995 1
-17.0406 -32.6334 444.974 -0.209554 -0.916903 -0.339671 1
-5.33912 38.785 445.866 0.0434306 0.972515 0.228752 1
39.6601 -21.1328 446.222 -0.110136 -0.53237 0.839316 1
40.8569 -21.2915 446.13 0.461897 -0.327632 0.824202 1
-34.7279 -29.889 441.366 -0.248273 -0.965899 -0.0734824 1
-9.72318 -33.972 446.799 -0.134476 -0.959656 -0.246934 1
1.658 -34.797 446.87 -0.00198317 -0.979848 -0.199733 1
46.0953 27.996 447.562 0.873833 0.185354 -0.449511 1
-2.98277 37.9741 447.976 0.240708 0.956874 0.16264 1
46.9355 10.2855 448.185 0.775375 0.0967363 -0.624048 1
46.8936 10.5646 448.169 0.896733 -0.390998 -0.20734 1
33.0625 -30.2045 448.272 0.713992 -0.214274 0.66656 1
-39.8406 -28.8679 440.369 -0.349651 -0.909374 -0.22535 1
-35.8275 -29.3924 439.77 -0.194663 -0.975925 -0.0983746 1
19.4634 34.9845 449.363 0.0355306 0.923975 0.380799 1
-41.8087 -28.474 439.583 -0.812136 -0.507962 0.287072 1
47.8479 24.1901 450.663 0.936314 0.00065309 -0.351164 1
-39.7501 -28.356 438.852 -0.0999253 -0.943166 -0.316943 1
-39.932 -28.3993 438.863 0.468621 -0.819121 -0.33081 1
-33.7344 -29.0397 438.572 -0.0716295 -0.989334 -0.12684 1
-40.5356 -28.3636 438.484 -0.148274 -0.964463 -0.218692 1
32.4641 30.3262 463.17 0.145233 0.919329 0.365706 1
-35.0573 -28.8188 437.783 -0.182433 -0.977911 -0.102018 1
48.49 29.1688 453.079 0.907295 0.200779 -0.369464 1
-35.2286 -28.8202 437.175 -0.134188 -0.987316 -0.0848507 1
33.8598 -10.5532 453.941 0.542451 -0.226625 0.808943 1
-42.3387 -27.6635 436.386 -0.499684 -0.863762 0.0650442 1
-34.235 -28.8649 435.771 -0.277985 -0.90401 -0.324793 1
24.5765 32.8511 455.956 0.439151 0.775901 0.452906 1
19.6653 36.6595 404.779 0.876041 0.00746658 -0.482179 1
-34.5405 -28.6008 435.176 -0.130625 -0.982847 -0.130187 1
-44.2578 -27.3593 435.01 -0.583834 -0.810587 0.0456747 1
-34.3299 -28.5863 434.75 -0.0912587 -0.958544 -0.269937 1
-35.0387 -28.3912 434.771 -0.167687 -0.959522 -0.22627 1
14.863 -36.4491 457.625 0.577827 -0.366658 0.729162 1
46.7973 29.395 456.903 0.624917 0.447362 0.639801 1
-37.53 -27.8906 434.33 -0.425738 -0.743014 -0.516409 1
-43.5381 -27.0798 434.377 -0.126845 -0.988164 -0.086263 1
-43.8358 -27.1299 434.378 0.220917 -0.973606 -0.0573369 1
-37.552 -27.8607 434.149 -0.391285 -0.913508 -0.111353 1
37.038 34.8841 433.979 0.760614 0.484052 -0.43262 1
-29.5352 -28.7833 433.406 -0.102224 -0.931562 -0.348915 1
37.0584 23.476 461.496 0.44706 -0.140441 0.88341 1
37.6578 24.1709 461.603 0.388916 -0.194189 0.900575 1
-34.942 -28.1512 432.68 -0.0615418 -0.966334 -0.249823 1
28.6541 6.47315 462.012 0.526863 -0.154506 0.835789 1
-28.2283 -28.5335 431.778 0.0765031 -0.836425 0.542715 1
-28.4317 -28.4832 431.379 -0.170065 -0.983376 -0.0636394 1
-27.7268 -28.7196 431.385 -0.124914 -0.991982 -0.0191956 1
7.37895 -32.2908 463.98 0.580482 -0.247923 0.775613 1
-26.7168 36.7885 464.787 -0.506167 0.698377 0.506028 1
-27.4184 -28.3664 430.57 -0.212768 -0.939218 -0.269443 1
-28.7393 -27.9834 430.364 -0.18309 -0.958424 -0.218862 1
34.3543 35.2698 429.567 0.825605 0.246701 -0.50746 1
-29.5364 -27.7994 429.569 -0.263106 -0.954825 -0.138144 1
-28.1218 -28.0053 429.368 -0.0905929 -0.970795 -0.22215 1
-46.3466 -25.7805 429.485 -0.411373 -0.863666 -0.291295 1
8.06892 32.0136 469.378 0.130673 0.95658 0.260535 1
-28.1521 -27.8913 428.771 -0.184367 -0.955597 -0.229876 1
-46.1256 -25.487 428.767 0.0225233 -0.98743 -0.156444 1
-2.04216 -31.5097 469.587 0.0956136 -0.435101 0.895291 1
-3.32608 -32.0216 470.443 0.506863 -0.311876 0.803632 1
-46.7219 -25.2579 428.169 -0.555073 -0.830646 0.0438362 1
-48.8258 -25.1271 426.744 -0.583964 -0.764857 0.271992 1
-48.636 -25.2866 426.76 -0.764584 -0.459357 0.452109 1
-21.1398 34.639 473.774 -0.235657 0.881313 0.409576 1
-47.5406 -24.838 426.465 -0.358047 -0.931109 0.0695613 1
32.5009 31.5778 425.695 0.608642 0.434901 -0.663639 1
31.9962 34.768 425.566 0.89027 -0.054671 -0.452139 1
-7.29834 -16.9211 476.828 0.972422 0.124564 0.197179 1
-34.7321 -26.4026 425.068 -0.173786 -0.966477 -0.188997 1
-17.9483 32.9342 478.284 0.312685 0.870026 0.381159 1
-35.7472 -26.0265 424.166 -0.268916 -0.954441 -0.12933 1
-38.138 -25.5662 424.247 -0.0411907 -0.951693 -0.304275 1
0.83301 10.9764 480.51 0.410899 -0.326577 0.851181 1
-16.3275 31.9793 480.875 -0.103354 0.823334 0.558067 1
-35.7385 -26.0619 423.782 -0.290981 -0.956108 -0.0344702 1
4.25629 24.1687 482.339 0.346198 0.0715423 0.93543 1
22.2647 38.0594 409.581 0.882786 0.194704 -0.427526 1
-0.13254 -8.61466 475.35 0.475589 -0.15239 0.866367 1
-36.5428 -25.5827 422.158 0.20005 -0.945406 -0.25727 1
8.06716 -10.8881 385.458 0.0791416 0.17437 -0.981495 1
9.93851 -21.6159 386.778 0.606329 -0.171909 -0.77641 1
13.8146 32.1679 395.556 0.622162 0.174826 -0.763119 1
15.6909 -32.8321 458.4 0.356586 -0.571152 0.739345 1
10.7934 -1.21912 388.877 0.753798 0.163001 -0.636568 1
10.6938 -0.815224 388.987 0.845217 0.131756 -0.517927 1
25.4896 -13.2262 458.43 0.854889 -0.172575 0.489267 1
46.7182 -1.27613 447.923 0.966289 -0.257449 0.00251133 1
-1.3683 -31.3605 469.452 0.532755 -0.360651 0.765574 1
10.8534 9.36011 390.001 0.49962 0.0777882 -0.862745 1
11.838 2.87338 390.771 0.81257 0.0395765 -0.581519 1
3.07357 -0.0188377 391.354 -0.523339 0.469276 -0.711264 1
28.8963 37.182 420.592 0.82622 0.186159 -0.5317 1
13.4393 -2.78067 392.762 0.819301 0.0841319 -0.567157 1
14.5713 -24.5105 394.158 0.580363 -0.522003 -0.625053 1
14.5518 -23.4775 394.18 0.72479 0.526105 -0.444851 1
-51.2171 -22.0394 419.714 -0.749684 -0.23274 -0.619521 1
-36.9445 -24.5651 419.279 -0.110848 -0.986268 -0.122427 1
7.57744 -21.7546 383.775 0.330341 -0.527147 -0.782937 1
-50.0633 -22.2291 418.97 -0.634512 -0.381613 -0.672135 1
7.91447 -16.2253 384.217 0.205864 0.022065 -0.978332 1
-36.1279 -24.2241 417.256 -0.0705884 -0.960673 -0.268561 1
16.7108 27.9758 399.972 0.917572 0.0589112 -0.39318 1
-9.62274 2.06172 400.171 -0.717784 0.26345 -0.6445 1
-9.71372 2.47276 400.581 -0.706007 0.190045 -0.68223 0.76581
25.7562 39.7875 415.783 0.811665 0.324101 -0.485962 1
-45.0335 -22.6036 415.757 -0.334597 -0.610727 -0.717675 1
-10.7345 12.7707 403.657 -0.484522 0.183378 -0.855343 1
25.2241 36.9643 414.18 0.628723 0.62242 -0.466156 1
7.82801 -21.6856 383.91 0.452679 -0.382005 -0.805701 1
-11.4365 -26.4299 414.165 -0.368211 -0.924537 -0.0982438 1
-25.6382 -24.6143 414.175 -0.200536 -0.935397 -0.291235 1
-8.74387 -24.6777 404.573 -0.141197 -0.967324 -0.210588 1
48.874 25.3299 454.732 0.780405 0.00496392 0.625255 1
22.3182 -25.2237 406.567 0.826691 -0.0826524 -0.556552 1
22.0567 -28.3229 406.733 0.534402 -0.726773 -0.431528 1
-30.2486 -22.7034 406.963 -0.408913 -0.675282 -0.613827 1
10.6672 45.9122 400.961 -0.0137449 0.968412 -0.248977 1
10.3133 -17.6148 387.461 0.7803 0.0309338 -0.624639 1
-0.427321 45.5768 407.346 -0.268614 0.720782 -0.638999 1
0.0507584 45.8457 407.483 -0.0648063 0.957008 -0.282728 1
-29.0174 -26.9175 424.027 0.0460829 -0.98787 0.148286 1
-13.9419 8.76843 404.474 -0.546088 0.193776 -0.815009 1
-12.2348 23.5737 408.002 -0.506808 0.275961 -0.816695 1
20.7586 43.2612 408.156 0.310227 0.780859 -0.542235 1
-31.734 -23.5979 411.567 -0.141914 -0.967374 -0.209875 1
28.8427 20.9974 418.788 0.823258 0.069174 -0.563437 1
-36.5074 -22.025 410.348 -0.465525 -0.38717 -0.795855 1
34.6649 -29.8247 426.376 0.742279 0.242459 -0.624688 1
34.6663 -29.924 426.375 0.383988 0.681434 -0.623058 1
22.0593 42.7486 410.672 0.534578 0.832311 -0.146575 1
-35.1675 -22.4173 409.663 -0.363056 -0.581499 -0.728045 1
10.1156 3.5258 388.656 0.278313 0.291031 -0.915338 1
-18.3297 -25.2943 411.882 -0.242208 -0.961033 -0.133233 1
-21.24 -24.3924 408.574 -0.123776 -0.96049 -0.249277 1
-33.1761 -22.4392 408.599 -0.513152 -0.851882 -0.104751 1
-32.9383 -22.0275 408.209 -0.435108 -0.487706 -0.756852 1
11.4836 -29.738 416.064 -0.0953398 -0.967898 -0.232559 1
35.4076 -13.758 451.558 0.591807 0.0902048 0.801017 1
-10.6355 29.5922 489.573 -0.217161 0.753609 0.620414 1
-11.1477 -26.2869 412.408 -0.19191 -0.965442 -0.176329 1
-25.0411 -24.8139 414.569 -0.179094 -0.94577 -0.271005 1
-11.5476 -26.3109 414.58 -0.188528 -0.95924 0.210513 1
-29.6266 -22.6582 406.565 -0.465161 -0.621552 -0.630316 1
28.3743 -27.021 416.158 0.731577 -0.124504 -0.670294 1
-23.2487 -23.2258 404.989 0.279381 -0.953086 -0.116501 1
-27.2342 -22.581 404.976 -0.417097 -0.685965 -0.596223 1
-27.534 -22.527 405.062 -0.203323 -0.490928 -0.847142 1
-15.8351 -23.9307 404.17 0.0519088 -0.991441 -0.119795 1
-25.3531 -22.6417 403.978 -0.427257 -0.686234 -0.588672 1
-13.5446 -23.9818 403.29 -0.293826 -0.830264 -0.473634 1
-15.7461 -24.0321 403.283 -0.0291496 -0.95084 -0.308309 1
-8.56941 -27.8111 474.673 0.774607 -0.268632 0.572557 1
28.2891 32.1651 418.85 0.827184 0.241842 -0.507227 1
13.1127 34.8661 395.315 -0.083377 0.338507 -0.937263 1
-23.6752 -21.8217 402.327 -0.461982 -0.379195 -0.801738 1
-19.8945 -22.8776 401.766 -0.137022 -0.929701 -0.341878 1
-13.7427 -27.6286 419.883 0.0740654 -0.989761 -0.122016 1
-2.98078 -33.1852 469.864 0.507079 -0.333563 0.794737 1
-13.1379 -23.5177 401.182 -0.095057 -0.984516 -0.147281 1
-38.942 8.47113 420.388 -0.5434 0.139057 -0.827876 1
-18.9382 -22.7624 401.175 -0.0662377 -0.812618 -0.57902 1
-17.639 -23.0155 401.174 -0.23892 -0.908862 -0.341887 1
-10.6596 -23.8057 400.969 -0.19641 -0.971066 0.135844 1
-13.3545 -27.6169 420.788 0.0523285 -0.903502 0.425378 1
-51.7156 -18.2284 420.753 -0.908163 0.183119 -0.37644 1
-40.7377 6.18162 420.917 -0.51255 0.24016 -0.824388 1
-10.4493 -23.8457 400.56 -0.0481482 -0.976265 -0.211158 1
-11.5274 -23.6738 400.571 -0.0934974 -0.991283 -0.0928202 1
-32.1319 -25.781 421.173 0.118718 -0.988545 0.0931879 1
29.6451 33.4651 421.164 0.790101 0.0345246 -0.612004 1
-20.1125 -22.0466 400.184 -0.389566 -0.606363 -0.693225 1
11.5151 -13.5901 466.257 0.455756 -0.148384 0.87765 1
14.0623 38.6472 435.374 0.134887 0.982579 0.127846 1
-8.94702 -28.516 422.969 -0.249384 -0.932082 -0.262739 1
5.0665 -21.0241 384.671 -0.340051 -0.271641 -0.90032 1
-2.93012 27.1779 487.325 0.39727 0.250167 0.882946 1
-16.8341 -21.4196 397.976 -0.44601 -0.449494 -0.773971 1
-14.9175 -22.1053 397.059 -0.437386 -0.51053 -0.740306 1
-19.1367 11.2123 408.563 -0.22723 -0.0160325 -0.973709 1
27.2612 35.6214 442.381 0.206776 0.976361 0.0629503 1
15.2111 31.5789 397.394 0.802488 0.0940828 -0.589204 1
-11.2425 -22.1365 394.973 -0.373235 -0.706202 -0.601643 1
-27.3512 -27.6904 427.853 -0.191187 -0.963549 -0.187138 1
-2.3392 -30.68 428.373 -0.44995 -0.832189 -0.324047 1
-9.15873 -22.0995 393.778 -0.308647 -0.728903 -0.611095 1
-3.7464 -22.4847 393.383 0.030229 -0.978567 -0.203697 1
-31.9486 -27.667 429.455 -0.0480259 -0.997734 -0.0471134 1
-22.9311 -28.5667 429.372 -0.228347 -0.959514 -0.164894 1
-10.2835 41.359 436.31 0.538903 0.834771 -0.112879 1
-6.83434 -22.2452 392.971 0.0878191 -0.976059 -0.198991 1
-7.34442 -22.1433 392.968 -0.234247 -0.882563 -0.407689 1
-8.45373 -21.8126 393.048 -0.401384 -0.4495 -0.798023 1
3.25664 0.564675 476.031 0.48818 -0.105295 0.866368 1
-6.31137 -34.2059 446.444 -0.0457213 -0.971691 -0.231788 1
-12.1272 -33.2284 475.679 0.357835 -0.407113 0.840365 1
-26.4491 -28.6181 430.959 -0.0252632 -0.993917 -0.107197 1
-25.5254 -28.4685 430.975 0.0891407 -0.992854 -0.0793447 1
31.9437 37.8256 425.997 0.678042 0.620355 -0.394233 1
4.14439 -1.42646 474.875 0.509713 -0.297489 0.807275 1
-14.181 -33.5509 447.76 -0.204879 -0.960282 -0.189431 1
39.3294 -17.9482 447.967 0.624345 -0.302764 0.720088 1
-4.93994 -21.9932 391.172 -0.304317 -0.732936 -0.608437 1
21.2235 28.9798 472.826 0.216924 0.59067 0.777208 1
-16.9256 -34.0551 450.584 -0.239638 -0.944131 -0.226253 1
6.4769 -32.8148 432.481 -0.0211155 -0.963109 -0.268283 1
5.44976 -32.4849 432.67 -0.25428 -0.928205 -0.27162 1
36.9298 32.1788 433.202 0.874056 0.0746863 -0.480051 1
6.45694 -32.8903 433.251 0.0648982 -0.98658 -0.149829 1
38.99 -12.2735 433.776 0.699416 -0.277962 -0.658449 1
-2.02925 -21.7632 388.971 -0.337591 -0.650257 -0.680587 1
-0.350515 -32.31 434.255 0.216105 -0.955603 -0.200304 1
-1.91381 -36.7351 454.971 -0.175925 -0.957555 -0.228341 1
31.3908 29.2911 466.153 0.456092 0.594102 0.662588 1
-11.5882 45.6273 414.759 -0.338022 0.875087 -0.346357 1
-0.0248026 40.1117 434.985 -0.00762107 0.935246 0.353917 1
0.412775 -21.4201 387.185 -0.486461 -0.521428 -0.701048 1
17.7153 -31.0862 457.652 0.255765 -0.135854 0.957146 1
3.00345 40.0518 435.576 0.032221 0.935401 0.352116 1
2.25935 -21.958 386.767 -0.391627 -0.464486 -0.79428 1
37.4732 35.4953 435.661 0.291395 0.956583 -0.00621381 1
-0.131082 -32.7242 435.994 -0.106979 -0.965821 -0.236106 1
40.474 -37.0291 436.166 0.652201 -0.616725 -0.440776 1
8.75959 -7.24437 386.026 0.0757789 -0.165357 -0.983318 1
-2.9297 -32.6061 437.087 -0.270759 -0.93748 -0.218681 1
5.44509 38.9295 436.743 0.121781 0.960394 0.250623 1
40.8636 0.987385 437.246 0.844335 -0.123965 -0.521279 1
-42.554 44.6943 437.055 -0.388125 0.836278 0.387297 1
6.15616 -21.8672 384.767 -0.346339 -0.694006 -0.631194 1
-18.1389 -25.7254 414.031 -0.105539 -0.950807 -0.291253 1
6.05834 -21.6329 384.539 -0.308389 -0.129676 -0.94238 1
7.66751 -15.9306 384.218 -0.0375749 0.190028 -0.981059 1
25.7218 -12.4738 458.413 0.65423 -0.426102 0.624836 1
7.08144 -17.8881 384.038 -0.20503 0.171174 -0.963671 1
7.25363 -17.9431 383.949 -0.508103 -0.263038 -0.820148 1
-24.544 -2.05046 408.197 -0.603444 0.330238 -0.725808 1
12.948 37.5894 438.164 0.07769 0.935131 0.34568 1
15.4655 37.6805 438.169 0.0911909 0.939185 0.331083 1
41.8635 19.5581 457.552 0.585826 -0.215053 0.781383 1
17.8921 37.7167 438.171 0.247671 0.918759 0.307476 1
42.4132 -34.0367 439.153 0.89582 -0.013097 -0.444225 1
42.3158 -33.8387 438.861 0.849439 0.0700804 -0.523012 1
42.2725 -31.6267 438.948 0.991296 0.0112599 -0.131168 1
-11.5536 29.8696 488.156 -0.00297718 0.913928 0.405865 1
-4.33497 -32.9901 439.265 -0.259151 -0.965789 -0.00961174 1
23.9558 36.1551 440.162 0.537186 0.276569 0.796831 1
14.2635 37.4939 440.152 0.641627 0.481393 0.59714 1
14.3526 37.4939 440.178 0.127392 0.897289 -0.422662 1
-2.70171 19.3687 484.954 0.358987 -0.0932609 0.928672 1
-10.1294 -32.899 441.268 -0.13952 -0.976795 -0.162501 1
-7.75095 -32.9559 441.253 -0.0600306 -0.961873 -0.266828 1
43.2842 0.261931 441.36 0.924407 0.0984299 -0.368487 1
43.354 -1.31841 441.777 0.918171 -0.0660107 -0.390646 1
-0.741059 39.0153 441.972 0.0934341 0.981475 -0.167265 1
44.0854 -15.8346 442.301 0.927278 -0.0909081 -0.363169 1
5.67339 28.582 482.134 0.596916 0.223995 0.770401 1
2.25358 38.6377 442.278 0.244169 0.969417 -0.0247541 1
2.65269 38.6745 442.369 0.198008 0.974824 -0.102527 1
2.86266 38.6694 442.36 0.141511 0.989738 -0.0198151 1
3.86821 38.3878 442.371 0.144139 0.932526 0.331088 1
4.2711 38.2058 442.476 -0.0030487 0.952618 0.304153 1
44.0035 -10.6346 442.564 0.99477 0.0412722 -0.0934291 1
43.9839 -5.632 442.492 0.88143 0.032626 -0.471187 1
44.5131 -15.1467 443.157 0.975528 -0.039557 -0.216289 1
-25.5405 41.8586 443.666 0.246351 0.867601 0.431948 1
-0.0386455 -34.7161 444.574 -0.12233 -0.979811 -0.158132 1
45.0182 5.96172 445.193 0.886811 0.0204012 -0.461682 1
38.7411 -26.1311 445.564 0.560291 -0.142267 0.815987 1
0.854432 -34.4312 445.461 -0.110367 -0.97964 -0.167704 1
17.5602 29.1111 474.788 0.312752 0.520848 0.794294 1
-9.81575 -34.4356 474.039 0.465742 -0.460357 0.755749 1
47.6958 14.9733 449.869 0.955432 -0.00905552 -0.295074 1
48.0732 13.5796 450.465 0.971694 -0.137366 -0.192201 1
-21.4515 34.5922 472.156 0.0494706 0.987149 0.151955 1
37.6638 -12.1267 450.683 0.525538 -0.271808 0.806182 1
-9.88369 41.1611 436.828 0.26459 0.887098 0.378219 1
27.8702 -30.4226 451.438 0.765807 -0.0646805 0.639809 1
25.8569 33.7748 451.458 0.128907 0.875847 0.465053 1
-10.7859 41.7339 436.72 0.18289 0.951863 0.245984 1
35.2229 -13.913 451.732 0.604172 -0.134814 0.785367 1
2.22239 36.3632 452.36 0.0480788 0.969116 0.241874 1
20.7637 -38.4942 452.973 0.368655 -0.818195 0.441193 1
11.2936 -6.12317 469.18 0.491388 -0.1884 0.85032 1
49.1621 25.0549 453.788 0.985648 -0.0856813 0.145455 1
-1.12837 -35.8205 467.772 0.700696 -0.510896 0.498006 1
38.2655 1.40448 454.662 0.619298 -0.247442 0.745146 1
6.41657 28.5229 481.606 0.241264 0.137346 0.960691 1
36.3959 26.0182 431.831 0.887184 0.450053 -0.101772 1
36.3396 25.9858 431.921 0.751409 0.649517 -0.116243 1
39.6673 12.4648 457.112 0.538734 -0.263305 0.800272 1
25.5645 -13.2197 458.285 0.561333 -0.40994 0.718926 1
26.2612 -11.7372 458.375 0.635757 -0.193735 0.747181 1
26.3664 -11.2297 458.293 0.622026 0.0413664 0.781903 1
-29.7507 38.609 458.862 -0.20271 0.957912 0.203254 1
37.6569 23.7738 461.369 0.468163 -0.282436 0.837289 1
26.0601 -2.51388 460.855 0.614448 -0.204287 0.76205 1
32.3046 7.9662 460.277 0.589244 -0.209153 0.780415 1
17.4859 -15.0236 462.461 0.452703 -0.340762 0.823979 1
18.1717 -30.4325 457.423 0.652373 -0.0159911 0.757729 1
36.1225 24.9317 431.863 0.267248 -0.514989 -0.814472 1
-2.11656 -37.0301 468.07 0.497826 -0.516403 0.696776 1
-1.44157 -36.0248 467.952 0.754182 -0.462071 0.466582 1
27.5393 29.3658 468.619 0.334273 0.597632 0.728765 1
33.5181 -14.2153 452.966 0.528118 -0.271733 0.80452 1
5.8644 -37.2838 452.774 -0.122264 -0.992492 0.00330171 1
3.85366 36.2274 450.978 0.142465 0.963443 0.226895 1
28.2457 33.41 450.164 -0.324242 0.819766 -0.472071 1
47.1819 27.8757 449.985 0.928192 0.155072 -0.33825 1
0.663818 -17.2157 472.316 0.352342 -0.451824 0.819579 1
46.0671 31.3996 449.374 0.485737 0.836393 -0.253979 1
20.9638 28.5946 472.961 0.474784 -0.0538717 0.878452 1
16.2601 19.1789 473.383 0.554601 -0.229371 0.799879 1
-8.42779 -26.2196 475.09 0.448669 -0.219715 0.866268 1
-8.48096 -26.0266 475.268 0.400165 -0.634691 0.661086 1
16.4654 35.9668 446.907 0.0375194 0.979098 0.199896 1
-16.6394 39.9993 446.565 0.0549789 0.913018 0.404197 1
-11.1291 -33.028 475.446 0.479774 -0.365755 0.797522 1
30.5868 38.7182 423.622 0.350441 0.919574 -0.177694 1
-30.5486 -31.2226 446.371 -0.690004 -0.717701 -0.0938061 1
-30.6363 -31.217 446.371 -0.560931 -0.774534 -0.292322 1
41.6857 -21.34 445.569 0.663976 -0.384747 0.641175 1
45.1033 8.57911 445.377 0.897835 0.237094 -0.371051 1
-18.0234 32.9827 478.173 0.552036 0.520595 0.651335 1
-6.14372 30.6221 478.363 0.690259 0.652656 -0.312383 1
-15.9518 -32.6908 444.16 -0.146515 -0.955066 -0.257647 1
-44.2824 -1.98716 421.685 -0.348942 0.933867 0.0783041 1
10.4248 -6.51048 469.754 0.464609 -0.337393 0.818721 1
44.0056 -11.5673 442.768 0.996771 -0.0203333 -0.077686 1
32.77 34.9363 442.371 0.236171 0.90351 0.357621 1
43.7557 -9.22235 442.165 0.913406 -0.0221691 -0.406445 1
37.9733 -38.3171 441.956 0.147095 -0.969555 0.19577 1
42.4681 -34.2896 440.971 0.584029 -0.567535 0.580357 1
43.0203 -29.3296 440.369 0.976004 0.205357 -0.0724164 1
42.9937 -30.4249 440.38 0.986014 -0.0137687 -0.166094 1
26.6367 36.2394 440.175 -0.0545653 0.961766 0.268382 1
19.9516 36.6993 440.163 0.169669 0.983572 0.0616397 1
22.781 36.526 439.756 -0.24655 0.899086 -0.361742 1
22.4564 36.4197 439.816 0.0300907 0.926452 -0.375208 1
36.1385 35.0241 438.568 0.233176 0.965906 0.112496 1
47.9312 9.99049 450.534 0.992141 -0.125074 0.00342389 1
8.83485 -13.4348 385.768 0.661084 -0.0270309 -0.749825 1
-20.3132 4.54741 407.351 -0.5523 0.199693 -0.809375 1
40.8551 0.468659 437.394 0.831148 -0.111837 -0.544688 1
-11.1226 -31.3662 436.777 -0.217692 -0.945556 -0.24194 1
3.6653 -33.1116 436.182 -0.0806206 -0.96928 -0.232373 1
-8.40332 -30.279 474.235 0.72429 -0.0107673 0.689412 1
11.9833 -1.41158 390.488 0.825647 0.125011 -0.550164 1
-11.949 41.8898 435.764 0.134535 0.976572 0.167952 1
0.0670972 -3.81827 476.724 0.401847 -0.273741 0.873833 1
1.0687 -1.9271 476.73 0.405755 -0.285594 0.868216 1
11.5627 18.3787 391.928 0.122928 0.266112 -0.956072 1
13.3088 -18.3144 392.369 0.861246 0.0450562 -0.506188 1
13.7692 -19.6294 392.743 0.88065 -0.0524506 -0.470854 1
-33.0726 -22.483 408.603 -0.646342 -0.761687 0.0455638 1
13.7903 -8.21555 393.263 0.877328 0.264983 -0.400099 1
13.9484 -8.20977 393.455 0.633762 0.418986 -0.650228 1
4.56855 24.5707 482.087 0.23883 -0.11986 0.963636 1
20.7184 43.3142 408.154 0.811861 -0.0200137 -0.583507 1
38.1788 -30.3252 431.967 0.901899 -0.0783532 -0.424782 1
38.1861 -31.2888 431.968 0.959982 0.180438 -0.214189 1
32.0293 -30.841 448.827 0.48976 -0.484812 0.724633 1
7.61437 -16.2497 384.156 -0.0501003 0.00849062 -0.998708 1
43.2548 -30.8155 441.423 0.966278 -0.0407487 0.254255 1
8.92125 -7.48045 386.035 0.0958186 0.205229 -0.974012 1
6.85827 -4.71967 387.862 -0.27683 0.271979 -0.921625 1
-1.44572 -21.2861 388.316 -0.382906 -0.461245 -0.800398 1
-1.72277 -32.0846 434.245 -0.141753 -0.975738 -0.166858 1
41.7839 -18.4297 438.768 0.912052 0.0862858 -0.400895 1
35.1831 23.0777 429.574 0.990453 0.117057 -0.072805 1
-23.1344 -28.4249 428.971 -0.0457476 -0.998707 -0.0221698 1
35.7922 -13.2507 428.563 0.888156 0.0643768 -0.45501 1
17.2422 -18.3335 398.564 0.750177 0.100176 -0.653605 1
16.95 -10.4263 398.594 0.872845 -0.0240966 -0.487402 1
15.6883 40.9898 398.766 0.771076 0.00154137 -0.636741 1
-0.546805 -31.4454 432.199 0.0570132 -0.954759 -0.291863 1
17.6215 -1.02783 400.084 0.81156 0.246258 -0.529837 1
-9.12364 5.25584 400.43 -0.674513 0.445064 -0.589025 1
-7.02667 9.36597 400.301 -0.538468 0.281163 -0.794355 1
18.3876 -11.0218 400.567 0.860982 0.0961688 -0.499461 1
-4.71772 -22.5655 393.569 -0.255469 -0.91382 -0.315704 1
18.295 26.7757 401.977 0.768742 0.216357 -0.601852 1
19.7017 -14.6278 402.462 0.890134 0.144434 -0.432204 1
19.4116 -5.61754 402.481 0.862827 0.0498252 -0.503038 1
19.3869 -10.8305 402.578 0.84813 -0.149065 -0.508384 1
19.2512 -4.42375 402.552 0.842016 -0.0153712 -0.539233 1
18.5949 30.5806 402.762 0.754898 0.0387002 -0.654699 1
31.3188 36.4889 424.161 0.826807 0.325974 -0.4584 1
-7.04305 41.8971 435.52 0.468808 0.803457 0.366982 1
-8.12945 -28.7124 422.989 -0.0633509 -0.963834 -0.258864 1
-12.2515 -23.2187 398.98 -0.246125 -0.929851 -0.273495 1
-12.5932 -23.7402 400.726 -0.208163 -0.971907 -0.109837 1
-18.7266 -22.6843 400.965 -0.391154 -0.724893 -0.567035 1
-38.9566 9.57474 420.7 -0.547615 0.217207 -0.808046 1
19.6112 34.7641 404.651 0.825933 0.0670625 -0.559765 1
19.4731 37.9736 404.573 0.863478 0.137092 -0.485397 1
-39.9339 11.0786 421.885 -0.639864 0.25029 -0.726588 1
21.7305 -16.6245 405.772 0.819298 0.043686 -0.571701 1
-41.1311 0.289967 419.513 -0.421999 0.183537 -0.887824 1
-20.5384 6.17117 407.968 -0.560442 0.333943 -0.757883 1
-14.2336 -25.028 408.371 -0.150862 -0.948992 -0.276865 1
-11.3295 -25.2632 408.451 -0.0959811 -0.936212 -0.338076 1
21.9489 37.1913 408.666 0.883195 0.0719861 -0.463448 1
21.3867 42.3572 408.563 0.78282 0.445354 -0.434572 1
24.1993 -26.1305 409.367 0.850639 -0.0337953 -0.524662 1
-26.5394 1.01153 410.176 -0.557341 0.150757 -0.816483 1
-20.3451 15.9574 410.678 -0.566879 0.210779 -0.796379 1
-19.1345 17.9698 410.591 -0.527987 0.24041 -0.814514 1
26.5163 38.7695 416.481 0.903465 0.0538713 -0.425263 1
26.5501 33.5665 416.469 0.883261 0.101746 -0.457709 1
26.0334 -20.824 412.664 0.880854 -0.0245107 -0.472753 1
17.9194 -19.0286 399.477 0.919187 0.0429247 -0.391476 1
4.25995 44.0874 414.578 0.104043 0.981446 0.161052 1
25.8545 -30.5418 413.352 -0.210779 -0.453898 -0.865765 1
26.3354 -28.236 413.36 0.803545 -0.0766269 -0.590291 1
26.1144 -23.2052 412.775 0.770684 0.195003 -0.606646 1
-38.6182 -21.6214 411.634 -0.534855 -0.401159 -0.743641 1
-11.0216 -26.815 415.77 0.207942 -0.913068 -0.35081 1
28.3018 -27.8113 416.381 0.76842 -0.124034 -0.62781 1
-13.3142 21.1631 407.837 -0.523163 0.169498 -0.835207 1
-24.8555 -25.7871 417.379 -0.230598 -0.916744 -0.326197 1
10.8168 10.2457 390.003 0.222321 0.0924353 -0.970582 1
-21.5396 10.6738 409.85 -0.558457 0.219378 -0.8 1
-22.3467 7.87942 409.694 -0.502666 0.304636 -0.809026 1
-2.145 13.4944 398.54 -0.834033 0.182621 -0.520614 1
12.9431 30.8084 394.513 0.149361 0.112067 -0.982411 1
12.5212 26.2693 393.603 0.281906 0.187824 -0.940878 1
23.9288 -25.1442 408.978 0.993997 -0.0550853 -0.0945255 1
23.5095 -28.5341 408.978 0.75371 -0.503386 -0.422521 1
-19.8434 -24.2397 407.772 -0.108001 -0.96612 -0.23441 1
8.45857 8.07123 390.36 -0.3545 0.254299 -0.899812 1
2.46191 20.1717 482.186 0.48853 -0.198489 0.849671 1
12.8428 29.199 476.763 -0.0442836 0.877639 0.477273 1
-34.3375 -25.6106 421.972 -0.167712 -0.949468 -0.265297 1
-13.5272 -24.5893 407.174 0.0463116 -0.939332 -0.339868 1
21.0878 31.6623 406.952 0.818632 -0.0277975 -0.573646 1
-12.7211 -27.9508 421.762 0.03285 -0.94629 -0.321647 1
-28.437 -22.4485 405.571 -0.424765 -0.509591 -0.748259 1
1.67346 20.8632 482.857 0.472992 -0.216023 0.854174 1
30.5874 38.7802 423.707 0.561501 0.680393 -0.470937 1
9.49881 -4.27173 387.206 0.297215 0.0988027 -0.949685 1
20.5874 -9.41484 404.778 0.81929 -0.0295557 -0.572617 1
20.2854 -6.12153 404.172 0.905422 -0.158206 -0.393932 1
20.6398 -12.1699 404.175 0.859396 0.100801 -0.501276 1
-29.9292 -26.93 424.069 0.384478 -0.920825 -0.065258 1
-29.1304 -26.9534 424.06 -0.0987762 -0.989807 0.102598 1
-28.3327 -26.8137 423.956 -0.0320155 -0.994535 -0.0993729 1
-39.5437 -25.5809 424.606 -0.160968 -0.961857 -0.22118 1
32.684 24.1811 425.263 0.793223 0.085343 -0.602921 1
-9.90726 6.97426 401.425 -0.487691 0.266015 -0.831501 1
-39.5357 -25.8331 425.794 -0.122013 -0.985922 -0.114331 1
-48.278 -25.1932 426.495 -0.318723 -0.934459 0.158753 1
-48.7466 10 427.148 -0.923734 0.128853 -0.36071 1
35.6966 -34.5226 428.34 0.614639 -0.665319 -0.423757 1
41.7038 -24.672 444.069 0.217082 0.00888302 0.976113 1
-4.23668 5.5806 397.719 -0.573705 0.0679594 -0.816238 1
14.973 35.1649 397.167 0.759272 0.126828 -0.638295 1
37.0042 -30.1219 430.569 0.826927 -0.134152 -0.546073 1
-6.72919 -4.11245 396.441 -0.441428 0.386355 -0.809858 1
45.4864 -10.54 446.103 0.880215 -0.473164 0.0365616 1
36.3787 32.3841 432.289 0.803747 0.18743 -0.564678 1
13.461 25.5715 394.588 0.701649 0.0133421 -0.712398 1
38.0815 -36.3861 433.168 0.437805 -0.760523 -0.479512 1
-17.1349 -29.9956 433.556 0.268433 -0.873812 -0.405459 1
-12.3291 -30.7776 433.754 -0.253968 -0.951598 -0.173093 1
39.2701 -36.8789 434.773 0.530181 -0.767866 -0.359569 1
-6.03661 41.4871 434.974 0.216177 0.934978 0.281218 1
-2.73502 40.7247 434.869 0.140248 0.952956 0.268711 1
30.2407 -36.2993 435.374 -0.092917 -0.979477 0.178863 1
37.5642 35.5161 435.578 -0.27177 0.961673 0.0364076 1
-7.7456 41.5679 435.765 -0.0073489 0.972283 0.233693 1
-3.13016 40.8379 435.679 0.0577732 0.358861 0.931601 1
-3.14412 40.8248 435.765 -0.20469 0.971535 0.119253 1
11.8563 19.4697 392.018 0.166519 0.247953 -0.954354 1
-7.74254 -33.2316 472.97 0.507132 -0.41136 0.757364 1
40.3884 -25.9195 435.971 0.896307 -0.16762 -0.410533 1
40.1986 -22.7411 435.968 0.86508 0.00824512 -0.501566 1
-11.1415 -31.3868 436.058 -0.185117 -0.979001 -0.0853689 1
37.9693 35.2376 436.364 0.584396 0.804535 -0.105853 1
3.45875 0.368136 391.16 -0.600795 0.241498 -0.762053 1
40.6376 -24.4273 436.662 0.87824 -0.00771135 -0.478158 1
10.4606 9.47129 389.857 -0.476233 0.0467078 -0.878078 1
10.473 9.29172 389.859 -0.420523 0.109623 -0.900635 1
10.4553 8.98825 389.826 -0.0461149 0.442399 -0.895632 1
10.465 8.09463 389.602 0.294954 0.210705 -0.93199 1
2.86282 -33.319 437.985 -0.0970919 -0.986894 -0.128894 1
10.5796 0.78196 388.884 0.674905 0.145056 -0.723507 1
-14.5303 -31.7905 439.57 -0.0848688 -0.979998 0.180004 1
-9.93292 -32.1862 439.666 -0.0024417 -0.948757 -0.315996 1
-26.9351 42.6175 439.785 -0.00294995 0.992766 0.120027 1
2.96301 -33.9033 439.971 -0.353505 -0.935387 -0.00928786 1
-22.5297 -31.0447 440.258 -0.0467968 -0.99889 -0.00530604 1
43.1979 -32.4202 440.677 0.953301 -0.302022 0.000314897 1
43.4352 -26.8252 440.774 0.961179 -0.0218692 -0.275058 1
43.4461 -26.248 440.758 0.945679 0.0135208 -0.32482 1
-9.61486 26.9788 491.183 0.115504 -0.00537508 0.993292 1
38.2959 -38.1829 442.261 0.196663 -0.836661 0.511197 1
13.6094 39.5448 396.599 0.246201 0.211511 -0.945859 1
-29.9351 42.3126 443.064 -0.135854 0.928643 0.345205 1
-27.0302 42.16 442.957 0.124171 0.949583 0.287879 1
-12.7379 30.5041 485.974 -0.0759797 0.800827 0.594056 1
12.0844 18.0764 475.703 0.628777 -0.0424753 0.776425 1
-2.73651 18.8999 484.792 0.516995 -0.102515 0.849827 1
44.6667 -17.0251 443.768 0.986757 -0.162188 -0.00239338 1
44.8317 -5.42727 444.173 0.880526 0.0854384 -0.466233 1
-5.76407 7.96836 483.169 0.598475 -0.206736 0.774008 1
-6.13407 6.78808 483.126 0.520175 -0.31309 0.794602 1
1.86066 38.2112 444.374 0.0485007 0.973668 0.22275 1
3.36938 37.9972 444.378 0.259518 0.940285 0.220259 1
44.7878 5.9665 444.572 0.935645 -0.0611104 -0.347613 1
46.0432 -6.2044 446.554 0.949561 -0.0863065 0.30147 1
46.1143 -5.63112 446.471 0.998092 -0.0404642 -0.0466299 1
46.0899 -3.40802 446.453 0.99479 -0.00171585 -0.101927 1
45.9136 1.35567 446.655 0.970841 0.00259874 -0.239712 1
9.84847 22.5751 478.322 0.455355 -0.1444 0.878522 1
46.2412 -2.9331 447.769 0.961023 0.0422534 0.273219 1
-8.14476 -16.7387 477.713 0.609029 -0.129098 0.782571 1
46.5338 2.39215 447.778 0.983971 -0.0997448 -0.147825 1
-11.8371 39.1003 448.976 0.0439979 0.981744 0.185046 1
26.468 34.0915 449.379 0.120721 0.969252 0.214422 1
26.3606 34.1003 449.971 0.00863212 0.998144 -0.060285 1
28.0706 33.3908 450.087 0.0851948 0.971317 0.222002 1
-5.72585 38.0761 450.061 0.0825573 0.957072 0.277843 1
14.9631 18.773 473.997 0.160045 -0.216527 0.963069 1
48.4422 26.3744 452.185 0.917598 0.11114 -0.381656 1
4.66333 35.7831 452.766 0.0385865 0.956064 0.290607 1
21.0625 28.1813 472.653 0.454597 -0.20842 0.865969 1
49.0441 26.7859 453.374 0.992838 0.0736549 -0.0940669 1
-2.20266 -31.6705 469.479 0.344081 -0.200027 0.917386 1
3.47163 -16.6383 470.786 0.524079 -0.287253 0.801765 1
36.8519 0.373672 454.919 0.274916 -0.160726 0.947939 1
24.8533 24.9881 469.799 0.750052 -0.211915 0.626509 1
20.2918 -32.8083 455.488 0.552932 -0.413014 0.723662 1
3.97237 -33.1339 465.577 0.194919 -0.535825 0.821522 1
3.56751 -33.119 465.828 0.273602 -0.652081 0.707059 1
-26.7466 37.0456 463.78 -0.460929 0.758974 0.459894 1
4.67347 -38.9842 462.367 0.336626 -0.934544 0.115367 1
29.372 30.6411 463.173 0.276965 0.901544 0.33243 1
30.9678 30.4958 463.165 0.0840384 0.855871 0.510317 1
23.4223 4.78148 464.02 0.451854 -0.394052 0.800344 1
4.6929 -34.8409 464.605 0.40289 -0.420789 0.812783 1
23.4653 6.17459 465.026 0.497731 -0.436938 0.749233 1
33.492 29.3851 465.191 0.409201 0.37559 0.831556 1
33.1533 29.1713 465.476 0.67455 0.415001 0.610538 1
15.8741 -30.6284 458.878 0.156467 0.0316284 0.987177 1
15.7579 -30.628 458.978 0.863135 -0.231846 0.448604 1
43.7555 23.1695 457.47 0.696362 0.0619532 0.715012 1
14.7832 -38.6598 456.567 0.446029 -0.830526 0.333592 1
7.73614 -10.7262 470.259 0.696682 -0.343549 0.629768 1
7.1462 -11.2154 470.868 0.422634 -0.376024 0.824613 1
12.4406 34.9085 452.583 0.273781 0.957971 -0.0856492 1
1.78234 36.2766 451.678 0.0640421 0.984296 0.1645 1
-1.32999 -13.4325 474.5 0.466337 -0.285328 0.837328 1
48.0678 11.1919 450.774 0.976848 -0.156543 0.145819 1
-8.60151 -27.719 474.92 0.690492 -0.609969 0.388791 1
-2.43441 37.3883 449.459 0.329393 0.916231 0.228081 1
43.5789 -3.10696 449.378 0.652906 -0.184709 0.734572 1
12.9659 29.0634 477.177 -0.049913 0.831391 0.553441 1
13.4429 28.9897 477.084 0.34859 0.563065 0.749295 1
-19.7195 40.3241 446.966 0.125792 0.95526 0.267685 1
44.5309 3.81565 444.369 0.854262 0.0651584 -0.515743 1
0.453906 -34.6631 444.178 0.0759526 -0.994823 -0.0675219 1
43.9991 2.56154 443.379 0.907572 -0.0130674 -0.419692 1
43.415 0.366944 442.286 0.908049 0.169892 -0.382863 1
10.2263 -0.834748 388.005 0.57531 0.0681053 -0.815095 1
26.761 35.5991 441.171 0.131881 0.957387 0.25694 1
-11.4412 4.62188 401.208 -0.535784 -0.0601332 -0.842211 1
-7.98788 -23.1607 476.262 0.36744 -0.19695 0.908955 1
3.49429 -1.1379 390.795 -0.391825 0.158804 -0.906231 1
11.7658 6.58202 391.086 0.797966 0.187183 -0.572899 1
11.7195 8.56301 391.086 0.91938 -0.0736339 -0.386418 1
11.3769 10.764 390.861 0.795993 -0.0391967 -0.604035 1
42.6143 -33.828 439.558 0.910901 -0.0639665 -0.407636 1
12.8601 12.5206 392.364 0.815396 0.103767 -0.569528 1
10.1545 38.509 438.564 0.196195 0.964858 0.174806 1
8.26668 38.7708 438.561 0.0508428 0.989811 0.133004 1
29.1634 -36.7556 438.368 0.5138 -0.711841 -0.478844 1
48.1995 29.0336 456.301 0.655474 0.277467 0.7024 1
-26.2393 42.9456 437.672 0.103236 0.890908 0.442296 1
-26.5713 43.0428 437.656 0.0602251 0.922391 0.381534 1
14.2402 -21.5246 393.402 0.750755 -0.266928 -0.604249 1
-45.2771 -27.1215 433.931 -0.523587 -0.84606 0.100191 1
-31.3365 43.4612 437.38 0.194038 0.980987 0.00359559 1
46.3416 21.8192 455.159 0.538025 -0.328295 0.776371 1
13.9852 25.5813 395.068 0.736319 0.0213945 -0.676296 1
-45.0789 -27.2531 433.995 -0.725364 -0.683889 -0.0783822 1
40.0927 -30.2379 434.985 0.906146 0.132666 -0.40162 1
-6.53372 -3.51704 396.616 -0.523856 0.0578022 -0.849843 1
16.7577 -25.2321 397.559 0.683548 -0.449191 -0.575317 1
-26.1546 -29.0883 433.57 0.553502 -0.785547 -0.276678 1
-45.2799 36.2402 432.946 -0.95967 0.0743286 -0.271126 1
17.6755 -19.224 399.069 0.794937 -0.263726 -0.546373 1
3.04559 -32.1039 431.428 0.0835593 -0.956253 -0.280355 1
-0.338336 -31.2019 431.382 -0.178724 -0.883758 -0.432469 1
18.3372 -12.0116 400.359 0.801774 0.0206916 -0.597269 1
-46.3354 26.885 430.89 -0.934444 0.208102 -0.288976 1
17.3302 26.9746 400.872 0.848958 0.164774 -0.502116 1
-24.9405 -28.3587 430.595 0.072951 -0.997331 0.00295457 1
15.2634 -26.5322 400.871 -0.0876541 -0.937967 -0.335462 1
8.56528 45.1801 401.286 -0.392794 0.648061 -0.65248 1
-33.4859 -29.4515 436.407 -0.12401 -0.926002 -0.356569 1
-15.4388 -2.63113 402.23 -0.595755 0.276592 -0.754037 1
-33.5535 45.2739 428.58 -0.26268 0.933024 -0.245896 1
20.4639 -27.7364 404.372 0.408527 -0.672832 -0.616768 1
-29.7375 -27.2578 426.375 -0.0947806 -0.976507 -0.193524 1
-31.3445 -27.2585 426.382 -0.292384 -0.929454 -0.225005 1
21.825 -26.8411 405.484 0.781249 -0.164917 -0.602041 1
-21.5379 -27.8609 425.562 -0.094425 -0.992374 0.0792344 1
49.0337 29.2793 456.002 0.636494 0.254883 0.727949 1
-11.1484 -24.5961 404.922 -0.0252998 -0.989954 -0.13911 1
-31.9427 -27.7157 429.953 -0.0411445 -0.993576 -0.105424 1
-50.7167 -7.3096 423.53 -0.991601 0.0376275 -0.123739 1
-9.74909 -28.5984 423.562 -0.315389 -0.90856 -0.273951 1
-34.723 -27.9272 432.159 0.0114147 -0.989467 -0.144311 1
-7.63369 -26.0119 409.776 0.0472648 -0.960183 -0.275345 1
-20.1299 -0.0369651 405.941 -0.539025 0.221163 -0.812736 1
45.9094 -6.2583 446.06 0.98191 0.0582867 -0.180156 1
-44.3973 -3.04351 420.582 -0.71071 0.435004 -0.552868 1
-25.1396 7.66157 411.348 -0.575257 0.276091 -0.769969 1
-45.3292 -4.24129 420.676 -0.619679 0.249704 -0.744074 1
23.8168 30.8928 411.758 0.846814 0.104478 -0.521527 1
28.3816 37.6749 419.775 0.71592 0.439547 -0.542455 1
28.608 36.7683 419.771 0.863629 -0.00135392 -0.504127 1
19.4774 -18.2453 401.956 0.808911 0.0767253 -0.582903 1
-20.7201 -25.3512 412.94 -0.281062 -0.938963 0.198377 1
24.9431 33.7714 413.32 0.854393 0.0472066 -0.517479 1
24.6562 35.6711 413.383 0.80101 0.102928 -0.589736 1
26.2637 -30.7945 414.165 0.190391 -0.823848 -0.533878 1
26.7911 -21.4196 414.185 0.821496 -0.181531 -0.540547 1
26.8938 -21.4173 414.293 0.169902 -0.302571 -0.937861 1
-16.4386 -26.1846 416.375 -0.0933288 -0.986254 -0.136352 1
44.8219 -16.3787 444.704 0.939939 -0.135245 0.313406 1
-6.31821 -27.8477 417.16 -0.0600717 -0.800686 -0.596065 1
-16.9339 -26.461 417.185 0.0433074 -0.962128 -0.269137 1
-17.4309 -26.5712 417.165 0.0901139 -0.93747 -0.3362 1
25.2707 41.2718 415.361 0.534644 0.830922 -0.154028 1
-25.7442 -29.3027 434.981 0.0474475 -0.938417 -0.34223 1
-26.4258 -25.3246 415.576 0.0136785 -0.963333 -0.267959 1
-13.1486 -26.4531 415.579 0.433583 -0.769685 -0.468605 1
-11.5395 -26.6311 415.575 -0.0293317 -0.954368 -0.29719 1
19.6637 27.5788 404.474 0.902424 0.239931 -0.35786 1
26.594 31.2879 415.961 0.854228 0.109769 -0.508178 1
27.0523 36.89 417.588 0.799351 0.222382 -0.558197 1
39.3784 34.5314 437.716 0.688378 0.677894 -0.258061 1
39.5956 34.4431 438.64 0.527541 0.843889 0.0977383 1
-13.5333 -27.6136 419.269 0.198455 -0.967621 -0.155967 1
-13.1325 -27.6442 419.07 0.0863219 -0.960249 -0.265463 1
29.8533 -34.4344 448.974 0.486056 -0.440265 0.754928 1
-24.739 -26.2643 419.596 -0.0233763 -0.989279 -0.144154 1
15.0609 14.7723 472.999 0.43152 -0.510814 0.743545 1
42.402 -37.0784 440.139 0.943343 0.238831 0.230354 1
-36.8211 14.5954 420.824 -0.52478 0.584553 -0.618792 1
29.3961 35.3656 420.957 0.879625 -0.0188988 -0.475292 1
24.8155 22.1813 412.377 0.921847 -0.107342 -0.372391 1
30.0315 36.7835 422.073 0.859844 0.196233 -0.471339 1
44.8238 31.8557 446.86 0.574612 0.74094 0.347604 1
40.2658 32.8038 447.061 0.285903 0.934762 0.210903 1
39.806 -20.7789 446.272 -0.0681356 -0.232578 0.970188 1
29.1693 39.3407 422.574 0.500058 0.839737 -0.211621 1
-8.10858 -23.009 476.388 0.540824 -0.526787 0.655747 1
-9.33814 -25.8375 410.565 -0.141564 -0.966093 -0.215925 1
-30.2269 -26.7263 424.176 -0.0667738 -0.997743 0.00702123 1
-31.3616 -26.621 424.776 -0.187056 -0.9621 -0.198429 1
-28.7327 -26.696 424.756 -0.304534 -0.933534 -0.189138 1
-28.4325 -26.7413 424.761 -0.000823392 -0.972355 -0.233507 1
23.0688 28.8585 409.967 0.820317 0.0874242 -0.565188 1
22.7881 31.1768 409.567 0.761228 0.0980822 -0.641024 1
-30.7332 45.4312 427.07 -0.0394669 0.936537 -0.348341 1
-1.64431 45.7238 408.219 -0.228183 0.884128 -0.407737 1
-8.93246 -25.3853 407.672 -0.255827 -0.939605 -0.227365 1
-47.7372 15.7663 428.519 -0.916708 0.274377 -0.290456 1
22.3453 -14.7451 406.786 0.855833 -0.0324282 -0.516234 1
-13.5364 -24.4766 406.374 -0.0490686 -0.975422 -0.214813 1
-18.245 4.87566 405.986 -0.486203 0.251461 -0.836884 1
37.5025 -17.4628 431.159 0.609114 0.362829 -0.70522 1
37.6975 -35.6297 431.355 0.599597 -0.548166 -0.583093 1
-28.5407 -31.2701 444.772 -0.216016 -0.969311 -0.117358 1
-42.6787 36.3669 431.476 -0.747937 0.405404 -0.525584 1
38.0671 -34.928 431.853 0.890632 0.358747 -0.27942 1
38.0693 -34.8278 431.883 0.698317 -0.293972 -0.652636 1
-36.9341 -27.5069 432.193 -0.173706 -0.973727 -0.147251 1
-25.523 -28.8991 432.258 0.280061 -0.959939 0.00914995 1
35.2779 36.4998 432.178 0.707071 0.707115 -0.0062481 1
38.6446 -32.7397 432.561 0.853766 -0.0800061 -0.514472 1
40.9428 30.77 439.204 0.900401 0.040385 -0.433182 1
38.3355 -8.63849 432.776 0.841598 -0.136843 -0.522481 1
-35.9531 -30.6735 447.175 -0.593289 -0.76093 0.262667 1
-6.52711 -31.7899 434.971 -0.152982 -0.987232 0.0443842 1
-7.13958 -31.5818 434.873 -0.592759 -0.736477 -0.325942 1
-1.62626 40.3712 435.366 0.0145022 0.953715 0.300361 1
39.6627 -37.1499 435.76 0.412054 -0.896781 -0.161232 1
-42.8888 44.7506 434.316 -0.350945 0.880894 -0.317591 1
-34.1708 -29.0603 436.173 -0.314343 -0.916256 -0.248323 1
40.1682 0.262747 436.564 0.753922 -0.113957 -0.647005 1
17.4695 37.6714 401.366 0.785409 0.0186099 -0.618698 1
-26.0576 43.0646 436.959 0.0985077 0.946492 0.307325 1
-23.9367 42.8782 437.269 0.0814621 0.971956 0.220604 1
16.8693 44.7859 401.187 0.689043 0.614613 -0.384019 1
-23.5393 -29.9043 437.87 -0.146995 -0.986434 -0.0730743 1
-23.1481 -30.0955 437.987 -0.377955 -0.889604 -0.256428 1
-22.1536 -30.5277 437.858 -0.131402 -0.976471 -0.170989 1
41.4547 -9.82064 438.162 0.852614 0.128804 -0.506418 1
42.0447 -30.8308 438.474 0.901402 -0.14019 -0.409659 1
41.882 -25.0434 438.524 0.914039 -0.0289332 -0.404593 1
-20.849 42.0542 438.766 0.124823 0.955609 0.266892 1
0.864666 -34.7854 442.572 -0.116724 -0.974109 -0.193614 1
-8.93589 -33.347 443.071 -0.115259 -0.982417 -0.146874 1
17.0269 -18.6396 398.173 0.840004 0.139258 -0.524404 1
0.666044 -34.7598 443.509 -0.104223 -0.984972 0.137724 1
39.2663 -27.7199 444.731 0.253976 -0.269028 0.929043 1
44.8834 -15.8194 444.926 0.920361 -0.0997901 0.378124 1
-8.03948 -33.9943 445.38 -0.0883677 -0.96757 -0.236644 1
0.0708015 -34.4572 445.355 -0.136896 -0.990136 -0.0298373 1
14.8696 5.07137 395.965 0.779647 0.0907339 -0.619612 1
15.2777 -25.2045 395.569 0.399259 -0.74036 -0.540796 1
39.2148 -22.0632 446.731 0.528961 0.0303217 0.848104 1
33.2777 -30.8292 447.659 0.610656 -0.251522 0.75089 1
14.6965 -5.23361 394.677 0.843568 -0.0286742 -0.536257 1
14.2567 -2.73917 394.582 0.717091 0.25078 -0.6503 1
31.0656 -32.497 448.1 0.356275 -0.476327 0.803854 1
-0.543252 36.9593 448.477 -0.0397419 0.861491 0.506216 0.8776
3.64852 -35.8434 449.054 0.182397 -0.976907 -0.111286 1
13.4964 -0.216787 393.062 0.842627 0.0461073 -0.53652 1
12.4704 -23.0175 391.055 0.701687 -0.213883 -0.679625 1
11.7036 -1.82345 390.07 0.848515 0.0374189 -0.527847 1
48.2528 14.1765 451.386 0.996196 -0.0861721 0.0129336 1
48.8803 21.1737 452.875 0.954909 -0.266261 0.131357 1
-7.29013 28.1842 490.033 0.428236 0.225556 0.875065 1
-10.4371 20.3707 489.997 0.33434 -0.187979 0.923516 1
49.2872 25.7666 453.936 0.970835 0.0752998 0.227617 1
37.6564 7.59974 456.592 0.507163 -0.236278 0.82883 1
26.5641 -12.8222 457.312 0.601144 -0.261832 0.75503 1
27.2808 -11.0223 457.411 0.434676 0.0509914 0.899142 1
28.659 -9.40287 457.324 0.387971 -0.235933 0.890962 1
-21.3442 38.2177 457.596 0.0565482 0.972321 0.226702 1
-18.5202 33.3844 477.976 -0.111073 0.861065 0.496215 1
14.1944 29.0816 476.533 0.490949 0.58987 0.64111 1
19.6645 -16.024 460.756 0.63392 -0.33933 0.694982 1
-8.16916 -25.4153 475.355 0.55202 -0.244956 0.797039 1
-29.1262 38.2021 461.38 -0.687986 0.52736 0.498565 1
-8.91781 -31.2134 474.758 0.341279 -0.336561 0.877642 1
19.2566 -14.8365 461.524 0.542202 -0.315311 0.778843 1
18.5474 29.0018 474.421 0.499797 0.435583 0.748646 1
36.4643 23.072 461.905 0.519046 -0.297638 0.801251 1
35.2751 29.7904 462.612 0.122721 0.872274 0.473368 1
15.8513 -16.7498 463.006 0.622729 -0.189998 0.759019 1
16.8857 -14.517 462.972 0.527763 -0.171306 0.831938 1
24.4645 2.57782 463.551 0.582848 -0.336153 0.73979 1
19.5617 3.67751 466.946 0.534028 -0.219817 0.816391 1
0.357612 -33.1562 467.665 0.647508 -0.485149 0.587676 1
-1.01942 -35.0243 468.373 0.78225 -0.40186 0.476019 1
-8.11612 -38.9818 470.662 0.259769 -0.50792 0.821302 1
5.57073 -33.5268 464.524 0.459598 -0.393957 0.79597 1
34.2576 29.8166 463.995 -0.125761 0.704424 0.698549 1
-15.7333 -34.5126 452.385 0.0615911 -0.92675 -0.370595 1
11.6015 -31.4262 461.064 0.236281 -0.381595 0.89362 1
9.76587 -35.0299 461.21 0.308119 -0.518237 0.797805 1
16.3995 -32.3082 458.012 0.444931 -0.397337 0.802596 1
11.4285 28.7589 478.448 0.362353 0.587195 0.723811 1
17.8613 -31.1319 457.571 0.245657 0.0227289 0.96909 1
17.7714 -31.0253 457.609 0.0690839 0.348758 0.934663 1
18.1479 -32.3252 457.219 0.490773 -0.31174 0.813609 1
18.6632 -30.5286 457.161 0.510749 -0.157926 0.8451 1
18.4371 38.9747 403.265 0.833461 0.203908 -0.513581 1
3.66536 22.3779 482.227 0.530619 -0.10998 0.840445 1
41.1585 11.9979 455.946 0.617087 -0.22684 0.75349 1
-14.1374 -5.62513 484.484 -0.0757345 -0.262811 0.96187 1
17.811 -38.2169 455.09 0.143761 -0.983389 0.110812 1
-13.1454 30.7754 485.652 -0.175639 0.958649 0.223927 1
7.35062 -22.0542 384.961 0.14401 -0.883893 -0.444965 1
35.9854 24.3987 432.704 0.604447 0.471303 0.642276 1
36.0179 24.4392 432.726 -0.0878012 -0.516021 0.852064 1
9.03214 -6.32316 386.382 0.315307 0.22334 -0.922334 1
11.3187 -22.8217 389.069 0.54963 -0.600557 -0.580722 1
11.2381 -22.0372 389.154 0.810468 -0.259814 -0.525013 1
36.0824 24.4966 432.227 0.733841 -0.3488 -0.582938 1
12.2594 -18.1702 390.771 0.79486 0.017198 -0.60655 1
12.4478 -16.9278 390.779 0.879575 0.077948 -0.469332 1
-8.72645 37.9627 450.589 0.063535 0.941184 0.331866 1
12.8908 -17.6053 391.369 0.869396 0.0759301 -0.488247 1
47.5477 8.48343 450.376 0.961816 -0.196793 0.190216 1
12.6663 -4.52412 391.759 0.833201 0.0427647 -0.551315 1
13.2356 -21.026 392.221 0.818719 -0.314328 -0.480518 1
13.548 -19.8373 392.289 0.865468 -0.00952506 -0.500873 1
28.5697 34.023 449.161 0.0840416 0.957806 0.274854 1
-13.1414 38.9834 448.761 -0.137699 0.949624 0.28152 1
-29.1327 -33.2567 455.38 -0.0794283 -0.955027 0.285682 1
-16.1336 39.5128 447.882 0.145309 0.94445 0.294787 1
-0.929938 -30.3935 426.174 -0.147574 -0.979789 -0.135039 1
-29.1287 -33.2917 455.572 -0.274234 -0.936993 -0.216426 1
-16.2344 -33.1317 446.57 0.0931197 -0.991427 0.0916625 1
15.0102 5.48684 396.181 0.832403 -0.0421511 -0.552565 1
15.2315 6.37037 396.07 0.824758 -0.106779 -0.555313 1
45.2813 8.4809 445.761 0.825279 0.385008 -0.41314 1
14.6553 30.1854 396.694 0.743036 -0.00410777 -0.669239 1
-20.3396 41.0783 445.37 0.681947 0.730721 0.0315259 1
45.4013 -8.61944 445.16 0.680064 -0.246092 -0.690617 1
44.6638 -15.197 445.208 0.897277 -0.0467464 0.438985 1
16.2487 -25.5135 397.173 0.476311 -0.692143 -0.542279 1
16.5935 -22.6375 397.286 0.846235 -0.100421 -0.523262 1
34.2541 -38.3007 444.571 -0.206466 -0.974745 0.08511 1
15.7004 29.3725 398.16 0.814853 -0.00732632 -0.579621 1
-26.2417 41.9053 443.568 0.0972268 0.948558 0.301305 1
-29.1386 42.1366 443.581 -0.180721 0.856486 0.483499 1
-30.1377 42.0762 443.588 -0.138603 0.840964 0.523038 1
17.7134 -25.7297 399.167 0.669656 -0.516081 -0.534061 1
-22.5953 35.0651 471.604 -0.266018 0.949561 0.166039 1
16.6177 26.7757 399.357 0.832819 0.144809 -0.534268 1
17.987 -19.6352 399.89 0.822129 -0.10146 -0.560187 1
43.2113 -31.0317 441.175 0.987218 -0.11761 -0.107555 1
43.4661 -22.6228 440.994 0.89738 -0.299104 -0.324416 1
40.8676 33.9533 440.78 0.486531 0.852282 -0.192104 1
17.5882 26.7867 401.036 0.524312 0.301983 -0.796181 1
-14.3409 -1.13137 401.76 -0.617703 0.247597 -0.746417 1
18.1459 31.3803 402.367 0.597416 0.0237343 -0.80158 1
18.1181 31.9641 402.369 0.626624 -0.103675 -0.772395 1
18.1686 37.2958 402.373 0.83317 0.0293251 -0.552239 1
18.0348 41.7794 402.554 0.847952 0.175507 -0.500174 1
19.6334 -11.4165 402.979 0.872761 0.0275513 -0.48737 1
20.3367 -23.8153 403.492 0.828721 0.120992 -0.546427 1
20.2354 -19.1746 403.434 0.767219 -0.21819 -0.603132 1
7.86869 38.7052 437.775 0.122651 0.986452 0.108944 1
40.4617 -17.5263 436.576 0.851023 0.128649 -0.509126 1
40.7306 -20.5177 436.581 0.837268 -0.110558 -0.535499 1
-1.54007 40.257 436.376 -0.020441 0.975751 0.217928 1
-6.42419 41.0597 436.356 0.438274 0.726608 0.529109 1
40.2687 -3.62423 436.247 0.545631 0.385407 -0.744143 1
26.4489 9.77999 414.378 0.902681 0.078104 -0.423164 1
-10.1376 -24.2135 404.772 -0.0262484 -0.994644 -0.0999675 1
19.7086 43.5733 406.061 0.743449 0.471846 -0.473967 1
-3.32278 -32.8249 470.237 0.496393 -0.243767 0.83317 1
-43.6612 43.9203 434.309 -0.812978 0.43964 -0.381816 1
-43.521 43.4815 434.073 -0.524661 0.523843 -0.671059 1
-44.5328 40.3958 433.616 -0.844079 0.369579 -0.388512 1
-23.5357 -4.61545 406.953 -0.608626 0.136996 -0.781541 1
-19.35 -29.7846 432.966 0.183371 -0.925878 -0.330342 1
0.478956 45.853 407.063 -0.311147 0.895089 -0.319379 1
-2.74351 -33.7231 469.673 0.367297 -0.329374 0.869831 1
-18.95 -0.514685 405.241 -0.784428 0.325006 -0.528246 1
-39.8672 44.7501 432.245 -0.405007 0.801174 -0.440555 1
-7.72749 -30.8781 431.964 -0.206723 -0.962436 -0.176019 1
-14.1312 -30.0588 431.867 -0.136856 -0.972594 -0.187964 1
17.0737 4.17704 468.818 0.600701 -0.0511771 0.797834 1
23.7579 -16.8287 409.077 0.797303 0.135878 -0.588085 1
-37.2259 45.0643 430.762 -0.279995 0.902553 -0.327111 1
-22.1143 8.77407 409.676 -0.57247 0.48009 -0.664674 1
-21.9524 8.77104 409.589 -0.744085 0.216122 -0.632162 1
-5.31964 45.8598 410.96 -0.162994 0.933669 -0.318898 1
-23.9402 9.17554 411.062 -0.866578 0.359352 -0.346279 1
18.458 2.7694 467.108 0.559122 -0.258109 0.787885 1
23.6474 38.9767 412.077 0.91512 0.124655 -0.383427 1
-10.7332 -29.3429 427.36 0.100348 -0.972847 -0.208565 1
-4.93549 -27.1136 413.277 -0.089584 -0.995872 0.0146081 1
31.4579 38.2809 425.758 0.591931 0.775525 -0.219496 1
0.225849 -31.9247 468.26 0.353878 -0.36588 0.860757 1
-18.7509 -38.3639 472.74 -0.308154 -0.901053 0.305197 1
-17.9207 -38.4606 472.965 -0.146403 -0.973158 0.177567 1
31.942 35.9733 425.219 0.870989 0.226633 -0.435907 1
-12.1364 -28.7691 424.977 -0.63784 -0.633469 -0.438037 1
-16.7725 -36.2766 477.593 0.153263 -0.171672 0.973159 1
-15.9234 45.608 417.362 -0.251865 0.89479 -0.368667 1
-18.2445 45.5953 418.977 -0.43267 0.900758 0.0378326 1
28.195 36.1688 419.271 0.794798 -0.0321797 -0.60602 1
29.2043 23.9746 419.468 0.845401 -0.237133 -0.478608 1
30.5924 -31.4205 420.188 0.793789 -0.303998 -0.526768 1
28.4281 38.021 419.967 0.738837 0.335928 -0.584186 1
10.8196 11.0397 390.348 0.273111 0.185165 -0.943994 1
-8.97516 -29.3612 475.15 0.772372 -0.0738499 0.630863 1
5.85927 42.9745 419.758 -0.0745682 0.993233 0.0890389 1
29.4444 22.0678 420.99 0.719416 0.442425 -0.535445 0.739041
30.035 22.2665 421.035 0.817763 0.202423 -0.538784 1
-42.0444 6.77352 421.41 -0.697599 0.129795 -0.704634 1
23.9228 28.6244 411.662 0.756152 -0.0606518 -0.651579 1
-18.5335 45.3444 421.969 0.0814725 0.984006 0.158413 1
-42.4898 6.48475 422.182 -0.65284 0.0754911 -0.753724 1
-42.1318 7.24749 422.208 -0.594238 0.323005 -0.736579 1
-10.1326 -28.6639 423.967 -0.174252 -0.93323 -0.314195 1
-5.94412 -27.8928 416.969 -0.188589 -0.957438 -0.218509 1
-49.3438 -2.23038 424.551 -0.812815 0.250068 -0.526115 1
-13.4262 -26.6896 416.179 -0.0194693 -0.875418 0.482975 1
-16.8341 -25.939 416.174 -0.468475 -0.871275 -0.146324 1
-17.1391 -25.8556 416.079 -0.325588 -0.944503 0.0436592 1
1.87251 -30.6478 425.356 -0.148939 -0.969047 -0.196889 1
-8.64009 -26.8139 475.651 0.391232 -0.269112 0.880066 1
-8.54875 -26.9143 475.572 0.583188 -0.192409 0.789221 1
-9.33629 -27.7137 475.612 0.4538 -0.117437 0.883331 1
34.8013 -31.9218 426.784 0.920063 0.06827 -0.385775 1
-24.1167 45.0092 428.579 0.115958 0.985218 0.126091 1
-23.1483 44.6632 428.66 0.191138 0.966433 -0.171681 1
-2.13774 -15.6259 474.361 0.751283 -0.643694 0.145713 1
24.0665 41.7949 414.457 0.363632 0.909655 -0.200748 1
34.5749 22.4881 428.39 0.828002 -0.123979 -0.546848 1
36.2192 -33.8271 428.733 0.805008 -0.371999 -0.462146 1
17.1277 40.8693 401.369 0.869724 0.152298 -0.469453 1
-7.42742 -30.8944 430.956 -0.0852002 -0.986465 -0.140096 1
25.8945 -29.4012 412.368 0.866171 -0.143183 -0.478797 1
25.8704 -29.8326 412.371 0.544665 -0.646054 -0.534746 1
-17.1517 -29.9178 433.275 0.276554 -0.917173 -0.2869 1
39.4489 -33.0158 434.164 0.811746 0.155087 -0.563043 1
-21.7411 -29.7992 434.392 -0.478831 -0.768046 -0.425237 1
-16.9468 42.7026 434.583 0.0998388 0.962342 0.252843 1
39.3087 4.77746 435.477 0.819002 0.108699 -0.563401 1
-24.5445 -28.3517 429.979 0.167398 -0.93521 -0.312025 1
40.1045 -20.4275 435.67 0.851743 0.0594678 -0.520574 1
40.8325 -21.1289 437.168 0.859084 -0.152364 -0.48863 1
14.0587 38.2849 437.369 0.132516 0.944613 0.300243 1
41.0427 -0.0142362 437.57 0.83327 -0.062607 -0.54931 1
23.6851 29.1982 471.163 0.380427 0.610436 0.694725 1
41.7599 -28.039 437.872 0.861284 -0.0982558 -0.498533 1
41.4636 -25.6219 437.971 0.855445 -0.0941936 -0.509255 1
41.5897 -24.8242 437.97 0.874074 0.00462333 -0.485771 1
29.2685 -36.7403 438.175 0.284622 -0.920776 -0.26676 1
-18.8419 -24.3586 408.574 0.0625642 -0.989762 -0.128288 1
24.0947 28.7833 471.076 0.46213 0.31576 0.828693 1
23.6756 28.5857 471.2 0.458237 0.0572464 0.886985 1
0.474758 -38.9935 465.27 0.491857 -0.829895 0.263346 1
-24.134 -3.22312 407.735 -0.630245 0.256546 -0.732786 1
42.9885 -13.7253 440.77 0.853729 0.0341211 -0.519598 1
43.4648 -27.4356 441.472 0.972425 -0.227529 0.0511903 1
22.7349 -24.02 407.185 0.849602 -0.031297 -0.526494 1
10.471 -5.74323 469.899 0.525849 -0.13112 0.840411 1
-22.5434 -5.53843 406.071 -0.615777 0.186599 -0.765506 1
40.4561 33.3605 444.082 0.287568 0.93665 0.199979 1
38.956 -28.2215 444.688 0.359215 -0.411162 0.837801 1
21.163 -8.02096 405.341 0.81261 0.0292065 -0.582076 1
19.8088 40.5658 405.175 0.936537 0.284281 -0.205142 1
19.8467 33.9841 405.181 0.734111 -0.241303 -0.634708 1
19.7176 33.3884 405.167 0.883431 -0.101083 -0.457528 1
19.2684 35.7811 404.455 0.832051 -0.0137226 -0.55453 1
-18.2346 -32.7671 446.169 -0.184082 -0.962639 -0.198595 1
-17.8327 -32.9213 446.165 -0.197941 -0.968969 -0.148052 1
47.2717 12.3783 448.765 0.914988 -0.0829987 -0.394851 1
46.9487 15.1808 448.737 0.847914 0.124963 -0.515194 1
19.2613 -26.8748 401.757 0.283418 -0.873455 -0.395916 1
-1.53621 -31.7742 432.169 -0.255514 -0.956759 -0.139014 1
-1.93447 -31.6398 432.167 -0.201902 -0.97012 -0.134544 1
25.8759 33.9881 450.964 -0.353011 0.931319 0.0896022 1
28.0404 33.7794 450.965 0.389835 0.911491 0.1312 1
-2.20468 37.1894 451.299 0.279712 0.952078 0.123726 1
48.2252 14.9701 451.87 0.965164 -0.103628 0.240249 1
16.3515 36.7834 399.774 0.878948 0.0128649 -0.476743 1
-5.73682 7.46553 398.993 -0.447003 0.139045 -0.88366 1
48.9124 28.9569 453.683 0.972667 0.16466 -0.163724 1
17.336 -25.126 398.372 0.804967 -0.193269 -0.560959 1
34.8603 -7.53135 454.193 0.553431 -0.199552 0.808637 1
46.9577 20.3685 454.387 0.538096 -0.349985 0.766788 1
-24.7888 -25.0227 415.828 -0.181088 -0.955519 -0.23279 1
36.5579 0.566542 455.236 0.565292 -0.0800874 0.820994 1
13.0718 34.5485 455.481 0.722448 0.681959 0.114022 1
-19.2128 45.1852 419.244 -0.348774 0.790525 -0.503415 1
-20.5121 42.9665 419.042 -0.419724 0.239267 -0.875547 1
20.5135 33.2786 456.365 0.169119 0.980945 0.0956322 1
15.1392 -5.02604 395.971 0.879247 -0.0146079 -0.476142 1
15.3351 -10.0324 395.968 0.86889 0.160368 -0.468307 1
15.5119 -22.9773 395.771 0.664162 -0.105347 -0.740129 1
-5.34731 -31.3098 433.141 -0.108375 -0.976867 -0.184351 1
-30.7386 38.9725 457.067 -0.223498 0.973394 0.050528 1
-25.1343 38.4061 456.972 0.340205 0.879229 0.333492 1
25.7614 -15.2254 457.227 0.461427 -0.298417 0.835483 1
26.1589 -15.0292 457.181 0.638527 -0.273669 0.719297 1
26.3677 -14.424 457.085 0.637326 -0.343172 0.689963 1
24.4504 6.27012 464.562 0.668556 -0.333564 0.664656 1
15.0673 -17.3215 394.949 0.767483 -0.115311 -0.630614 1
17.0679 -30.6454 458.105 0.437254 -0.423127 0.793582 1
14.2224 -9.74877 394.199 0.771666 0.0866632 -0.630096 1
14.3668 -13.1078 394.186 0.787597 0.0556789 -0.61367 1
25.9115 -30.4647 413.272 -0.112216 -0.992097 -0.0561329 1
13.661 -13.8331 464.945 0.425968 -0.403902 0.809576 1
13.4689 -14.6304 464.885 -0.140631 -0.425642 0.893897 1
24.7817 2.78927 463.363 0.619272 -0.254008 0.742955 1
12.8799 -2.21909 392.092 0.794018 0.0923548 -0.600838 1
-8.12731 -25.1664 406.093 -0.260738 -0.953258 -0.15269 1
12.2412 2.97523 391.571 0.986965 -0.0942061 -0.130478 1
12.3091 2.38642 391.554 0.967433 -0.196643 -0.15939 1
5.45868 2.84933 390.878 -0.46612 0.194767 -0.863017 1
39.7161 28.9656 461.455 0.415209 0.3892 0.822269 1
39.8447 29.2941 461.266 0.473496 0.46959 0.745176 1
10.4309 4.13165 389.189 0.433308 0.253789 -0.864775 1
10.5786 3.38662 389.19 0.591916 -0.0104346 -0.805932 1
9.66523 -0.826342 387.647 0.257432 -0.0248441 -0.965977 1
9.24929 -1.13268 387.62 -0.0476893 0.18571 -0.981447 1
2.67194 -38.869 463.57 0.253346 -0.929003 0.269759 1
3.17407 -38.9179 463.574 -0.113387 -0.903966 0.412297 1
27.2672 39.8858 418.575 0.953349 -0.00811998 -0.30176 1
-11.333 13.4734 488.357 0.0110302 -0.255061 0.966862 1
-11.8392 -31.0221 434.766 -0.343119 -0.907963 -0.240569 1
-3.75591 -39.0762 467.885 0.178619 -0.896574 0.405277 1
2.75637 29.3225 481.964 -0.0304856 0.998741 -0.0398385 1
2.27738 29.3794 481.959 0.450146 0.892814 0.0158341 1
27.2601 29.1767 468.989 0.511454 0.567533 0.64523 1
18.0738 -26.6373 400.764 0.271695 -0.821324 -0.501607 1
4.24443 19.7767 481.182 0.550224 -0.244882 0.798302 1
1.07761 7.08783 479.19 0.449251 -0.283374 0.847273 1
21.8762 27.1698 472.087 0.766609 -0.156928 0.622643 1
-21.6462 34.7028 472.559 -0.236333 0.940039 0.245915 1
-21.8941 34.4993 473.352 -0.712831 0.482338 0.509139 1
-4.61402 31.5798 476.56 0.0135778 0.977874 0.208755 1
40.43 -33.4228 435.561 0.917823 -0.116238 -0.379591 1
-7.25885 -21.3438 475.999 0.721362 -0.517749 0.459971 1
-21.2414 34.6159 474.176 -0.24665 0.899184 0.36143 1
-9.32981 -32.5219 474.342 0.506475 -0.341759 0.791634 1
-8.42507 -30.9231 474.382 0.638578 -0.151075 0.754582 1
39.9505 -24.8241 435.479 0.779182 -0.0536707 -0.624495 1
-7.94248 -26.7306 474.708 0.466492 -0.427465 0.774376 1
16.9793 26.9757 475.158 0.462046 0.103321 0.880817 1
13.1333 -32.5512 460.046 0.328898 -0.269547 0.90508 1
11.0864 19.3762 476.74 0.494244 -0.223987 0.839972 1
-8.54934 -21.0587 476.971 0.218563 -0.215101 0.95182 1
12.6397 -32.8115 460.23 0.419235 -0.320326 0.84949 1
-20.661 37.2783 460.169 0.0534274 0.986701 0.153511 1
17.0301 30.9901 400.195 0.957387 0.2525 -0.14019 1
-14.5364 -30.8583 435.758 -0.496149 -0.7193 0.486255 1
6.37504 -12.8267 470.29 0.513923 -0.218207 0.82962 1
24.0725 22.3546 469.298 0.583426 -0.211527 0.784137 1
3.44752 29.0364 483.274 0.489996 0.519738 0.69984 1
8.79594 -13.69 468.487 0.534368 -0.161695 0.829642 1
-2.42994 -36.6362 468.659 0.421619 -0.409263 0.809161 1
-2.53727 -37.0384 468.529 0.442533 -0.577605 0.685957 1
0.967479 28.9886 484.554 0.4799 0.76654 0.426747 1
-11.5294 13.9584 488.584 -0.0827994 -0.462281 0.882859 1
-10.5256 23.9767 491.195 0.639113 -0.0288455 0.768572 1
7.94228 -20.2059 384.37 0.278907 -0.0953883 -0.955569 1
-9.04125 2.96863 399.781 -0.488335 0.313966 -0.81422 1
15.8258 38.2884 398.989 0.710329 0.0710871 -0.700271 1
10.6549 -4.94858 388.594 0.689338 -0.0218334 -0.724111 1
40.8381 -27.8261 436.37 0.865395 -0.0107381 -0.500976 1
25.0713 2.68942 463.124 0.745674 -0.262747 0.612319 1
28.4558 9.25111 462.994 0.750371 -0.0349738 0.660091 1
11.7637 38.8013 436.575 0.0314265 0.983273 0.179407 1
1.28109 8.89118 395.075 -0.440849 0.466779 -0.766661 1
15.6048 -12.0219 396.084 0.854567 -0.0113246 -0.519218 1
24.6666 -14.2208 458.359 0.525064 -0.352818 0.774485 1
15.8242 -10.4284 396.874 0.900264 0.102946 -0.422998 1
-28.5372 43.4167 437.266 0.644394 0.676156 -0.357168 1
23.03 -29.2735 409.044 0.410507 -0.748848 -0.5203 1
17.2015 1.27191 399.408 0.770109 -0.18456 -0.610631 1
46.0558 21.2826 455.353 0.587294 -0.147611 0.795799 1
25.8553 33.0191 455.124 0.110205 0.961135 0.25313 1
-9.10579 4.03321 400.164 -0.532175 0.253214 -0.807881 1
22.2549 33.1517 455.168 0.0407877 0.999166 -0.00197648 1
27.056 -12.3203 457.093 0.4489 -0.230983 0.863212 1
18.8101 -11.8326 401.277 0.910741 -0.0475164 -0.410236 1
19.5793 -38.6501 453.567 0.255845 -0.884161 0.3909 1
5.76253 -37.2436 453.576 0.0733449 -0.981525 -0.176719 1
17.3629 44.5793 402.466 0.721125 0.64731 -0.246918 1
22.5632 -38.3439 451.977 0.219021 -0.827634 0.51677 1
16.8202 37.8632 437.969 0.0594661 0.964404 0.257659 1
1.33125 36.2522 450.768 -0.0027212 0.995284 0.0969675 0.9538
41.6647 -26.2178 438.164 0.848544 0.125735 -0.513969 1
-10.7439 38.2121 450.569 0.325142 0.931911 0.160699 1
-11.2419 38.3803 450.574 0.214176 0.973417 0.0811635 1
43.2151 -4.01881 449.361 0.550529 -0.291675 0.782204 1
22.0338 -23.2268 406.071 0.825186 0.057402 -0.561936 1
41.4578 -15.5176 438.35 0.813245 -0.160598 -0.559322 1
19.4713 44.0064 406.274 0.558724 0.814838 -0.154491 1
46.4732 31.1792 449.296 0.633381 0.70387 -0.321552 1
46.8843 26.5694 448.983 0.908529 0.0784655 -0.410387 1
21.2031 27.3889 406.677 0.932736 0.352346 -0.0765246 1
21.246 27.5637 406.861 0.689778 -0.0362127 -0.723115 1
47.2829 22.0649 454.898 0.718134 -0.299752 0.628038 1
-13.5401 39.251 448.155 -0.185149 0.906606 0.37919 1
22.589 -16.235 407.277 0.866704 -0.0749639 -0.493158 1
19.7797 33.2816 454.772 0.339498 0.921856 0.186874 1
27.0807 40.3459 418.32 0.785449 0.608131 -0.115097 1
23.1622 -26.8274 408.076 0.839273 -0.118802 -0.530572 1
46.2933 -4.21644 446.982 0.991679 -0.0642553 0.11155 1
23.4806 -24.5331 408.37 0.894872 -0.0398535 -0.444539 1
46.0794 -5.3184 446.942 0.881616 -0.274597 0.383863 1
23.5048 -22.9871 408.373 0.891964 -0.0192856 -0.451695 1
23.0624 -17.2194 408.364 0.789684 0.0746491 -0.608955 1
23.0423 -14.8422 408.377 0.864817 0.0591319 -0.498593 1
-26.85 42.6787 439.181 0.028837 0.989268 0.143236 1
-25.1318 42.3026 439.182 0.147104 0.868832 0.472748 1
-4.239 -17.6261 475.201 0.336143 -0.416762 0.844581 1
-25.0381 6.57204 410.861 -0.624548 0.0970857 -0.774928 1
-24.836 6.3899 410.712 -0.454636 0.23321 -0.859604 1
-24.9445 7.17311 410.754 -0.556257 0.238769 -0.79597 1
-23.9486 8.37194 410.787 -0.408494 0.312645 -0.857547 1
-23.5306 8.47231 410.7 -0.437589 0.383984 -0.813064 1
-23.5425 9.17733 410.802 -0.579609 0.392631 -0.714069 1
9.2622 -37.7095 454.172 -0.238234 -0.956692 -0.167288 1
-22.9485 -30.7648 439.575 -0.216435 -0.953829 -0.208245 1
15.4238 44.1677 398.789 0.63588 0.213837 -0.741572 1
-24.129 41.2742 443.866 0.12187 0.958811 0.256572 1
-25.8282 41.8417 443.976 0.365014 0.743588 0.560215 1
5.44837 38.2159 442.769 0.193797 0.953052 0.232667 1
-15.1484 -25.6129 411.964 0.392579 -0.918717 0.0429039 1
20.2506 35.9914 405.932 0.803629 0.152055 -0.575378 1
-24.3359 -24.9114 413.872 -0.149978 -0.952171 -0.266227 1
28.6702 33.131 452.767 0.324031 0.830932 0.452278 1
24.4613 41.469 414.37 0.518249 0.675155 -0.524961 1
24.9707 -32.719 452.394 0.558416 -0.418229 0.716419 1
-11.5592 -26.3173 414.771 -0.0235861 -0.954294 -0.297936 1
-0.787905 36.9606 448.445 0.0919552 0.874198 0.476783 0.676254
-17.0274 42.9823 416.967 -0.817313 0.311296 -0.484866 1
18.6723 37.0536 440.584 0.124192 0.9841 0.126983 1
-13.1253 -26.4005 415.378 0.263126 -0.954703 -0.13895 1
9.75879 38.501 438.96 0.232176 0.941594 0.243918 1
2.05685 -33.5276 438.565 -0.106903 -0.98802 -0.111302 1
27.5708 7.77138 416.001 0.810295 0.00903062 -0.585953 1
-32.9123 9.37242 416.713 -0.852283 0.0407959 -0.521488 1
26.8056 36.1767 417.074 0.786858 0.193213 -0.586109 1
41.0864 -36.8297 436.977 0.784671 -0.466859 -0.40784 1
0.680444 39.8628 436.128 0.100397 0.956275 0.274699 1
30.3081 -31.8377 419.579 0.46905 -0.391344 -0.791733 1
38.7651 0.384681 433.976 0.85619 0.020942 -0.516237 1
38.8251 -22.6326 433.581 0.944598 -0.131372 -0.300791 1
29.7131 21.0819 420.384 0.83517 0.164197 -0.52491 1
29.3999 29.5708 420.382 0.866608 0.139647 -0.47905 1
37.0247 26.1762 432.598 0.860843 0.0408938 -0.507225 1
0.469903 -31.6981 431.536 -0.335453 -0.930827 -0.145025 1
43.3463 -8.74089 441.381 0.790239 -0.13008 -0.598834 1
36.788 -32.7332 429.976 0.857861 -0.1251 -0.498422 1
30.6593 38.5913 424.665 0.58014 0.80614 -0.116518 1
-27.0176 45.4812 425.359 -0.280671 0.957759 -0.0626248 1
-12.0132 -29.1822 425.96 -0.179371 -0.966833 -0.181823 1
-0.128148 -31.2349 431.043 -0.485826 -0.844176 -0.226583 1
33.3038 -31.4362 424.028 0.866116 0.099476 -0.489845 1
-42.3299 36.7862 431.274 -0.695243 0.371239 -0.615482 1
0.672432 -31.8489 431.977 -0.122425 -0.992031 -0.0297882 1
-25.2372 45.4322 423.377 -0.268782 0.895234 -0.355406 1
-4.16516 41.2126 434.573 0.150618 0.948761 0.277789 1
-29.6541 42.4849 441.78 0.0231454 0.981916 0.187897 1
-21.1318 -27.1166 421.565 -0.0707538 -0.941111 -0.33061 1
-23.7188 -26.6564 421.571 -0.107242 -0.898905 -0.424816 1
-23.5228 -26.7095 421.565 -0.543545 -0.729466 -0.415257 1
-6.03829 41.0881 436.178 0.498086 0.765149 0.407993 1
-26.9341 43.4495 436.151 0.0246611 0.974668 0.222292 1
40.6807 -12.7173 436.78 0.793433 0.0664804 -0.605016 1
41.2632 -20.631 437.673 0.803327 -0.121221 -0.58307 1
0.648714 39.8277 437.974 0.150918 0.921554 0.357719 1
6.28756 38.8216 437.968 0.113817 0.969084 0.21891 1
29.2575 33.0951 420.827 0.704469 0.107 -0.701622 1
41.4553 -37.6212 438.071 0.546504 -0.778497 -0.308669 1
41.7069 -35.02 438.263 0.890547 -0.141306 -0.432387 1
41.8754 -20.8114 438.473 0.839885 -0.0638633 -0.538995 1
-41.7788 7.30249 421.613 -0.5642 0.364901 -0.740625 1
41.1018 30.7804 439.467 0.868864 0.0495278 -0.492568 1
2.67443 36.7503 449.872 0.059305 0.975958 0.209736 1
-14.5337 -31.8411 439.767 -0.240804 -0.507114 -0.827556 1
-19.9396 45.4974 419.957 -0.0666875 0.886348 -0.458192 1
42.7032 -23.6308 440.072 0.889547 -0.099334 -0.445914 1
42.9414 -21.016 440.097 0.897877 0.0359206 -0.438779 1
42.9474 -14.8224 440.568 0.827751 -0.0277845 -0.560407 1
39.8691 -38.1707 441.264 0.726392 -0.66732 -0.164436 1
-9.43336 -32.9159 441.582 -0.145083 -0.970068 -0.194727 1
-2.53528 -33.715 441.574 -0.0465852 -0.962043 -0.268894 1
42.8577 -31.0131 441.77 0.761167 -0.135979 0.63414 1
-19.6583 -31.7054 441.983 -0.142247 -0.980175 -0.137923 1
1.66967 -34.4859 443.165 0.189579 -0.976747 -0.100124 1
23.454 34.5416 449.605 0.128898 0.959137 0.251874 1
19.0743 34.9959 449.571 0.188291 0.974072 0.125417 1
-6.52061 38.1507 449.466 0.0532429 0.997099 0.054395 1
39.7635 34.2356 442.168 0.285746 0.955085 0.0785 1
45.6754 7.75164 446.38 0.946561 0.122107 -0.298516 1
45.6606 10.0841 446.374 0.954476 -0.18406 -0.23473 1
-7.076 38.8258 446.561 0.0568067 0.960477 0.272502 1
-6.14691 38.6552 446.656 0.217267 0.96423 -0.15184 1
-6.03972 38.5869 446.562 -0.0627274 0.996095 -0.0621247 1
39.7631 -18.0159 447.08 0.882977 0.0582532 0.465788 1
-21.7312 11.4889 410.313 -0.551228 0.190696 -0.81227 1
15.2617 35.7904 447.768 0.117304 0.874522 0.470586 1
34.8387 33.5167 447.966 0.208811 0.896529 0.390684 1
46.7874 30.8736 449.584 0.78816 0.573338 -0.223802 1
23.9826 -38.4709 450.968 0.215418 -0.924053 0.315787 1
35.6529 -11.75 452.025 0.718534 -0.407182 0.563836 1
35.7614 -11.8266 451.934 0.0631423 -0.406766 0.911348 1
48.6788 17.5205 452.174 0.973323 -0.11492 0.198585 1
30.8817 38.3413 424.37 0.756414 0.631442 -0.170644 1
46.8393 3.36478 448.156 0.997247 -0.0640396 0.0373749 1
38.4735 -1.42348 453.392 0.666402 -0.243475 0.704719 1
22.7644 -32.2768 454.216 0.453158 -0.451772 0.768473 1
17.8645 -38.408 454.868 0.438103 -0.634009 0.637258 1
20.4684 33.0816 455.667 0.587457 0.688339 -0.42554 1
24.1319 37.9756 412.359 0.883175 0.299349 -0.361098 1
24.1635 32.9835 455.771 0.227312 0.94329 0.241935 1
24.7566 32.8544 455.764 0.0202274 0.862547 0.505572 1
24.2908 28.1788 411.742 0.79855 0.131293 -0.587436 1
17.8659 -34.8286 456.347 0.278023 -0.29711 0.913471 1
18.2447 -33.7165 456.581 0.604502 -0.377932 0.701245 1
19.3704 -30.8198 456.542 0.802469 -0.223228 0.553365 1
43.6615 21.1677 456.867 0.600182 -0.227421 0.766852 1
22.8611 40.8718 410.973 0.745207 0.023127 -0.666432 1
16.3373 -31.0409 458.071 0.448433 -0.158368 0.879674 1
16.8603 -30.9375 457.938 0.38566 -0.216795 0.896809 1
-15.3446 -25.5549 410.367 -0.102955 -0.956322 -0.273585 1
24.0516 -15.0335 409.584 0.873543 0.155413 -0.461269 1
10.1682 -35.8256 460.56 0.364396 -0.676166 0.640324 1
-18.741 12.665 408.681 -0.543848 0.173553 -0.821041 1
22.9885 -18.6232 407.97 0.792 0.0579536 -0.607764 1
23.2032 -20.5165 407.956 0.675771 0.225823 -0.701668 1
31.3826 30.3599 463.367 -0.0203641 0.811335 0.584226 1
-19.8101 5.07489 406.972 -0.558205 0.23576 -0.795502 1
3.30429 45.8405 405.957 -0.190247 0.948768 -0.252279 1
20.8743 1.96907 465.387 0.477645 -0.144654 0.866562 1
14.6653 42.4711 397.56 0.400884 0.409931 -0.819298 1
14.7943 40.5652 397.562 0.779942 0.026582 -0.625287 1
17.2659 4.07747 468.667 0.339721 0.128352 0.931727 1
-9.93465 11.0731 402.708 -0.541425 0.133663 -0.830056 1
6.76062 -11.7361 470.584 0.494625 -0.396595 0.773343 1
-28.0532 42.2479 443.359 0.0539667 0.972911 0.224794 1
8.46152 46.0526 402.562 0.0738357 0.969519 -0.233627 1
-15.3801 -23.0893 480.604 0.171154 -0.308692 0.935636 1
5.45204 -10.1728 471.45 0.32328 -0.418439 0.848763 1
-22.7369 35.0722 471.57 0.0458422 0.783997 0.619069 1
-21.9312 34.7907 472.382 -0.13943 0.87721 0.459415 1
-16.3392 -24.9947 480.604 -0.184447 -0.0831266 0.979321 1
-7.23085 9.7771 400.675 -0.624697 0.347383 -0.699342 1
-6.21459 28.3189 489.404 0.512132 0.320789 0.796753 1
-9.35174 -29.7387 475.13 0.487777 -0.339373 0.804301 1
-8.89693 -28.9061 475.18 0.847512 0.0708418 0.526027 1
10.4688 13.7698 475.503 0.558836 -0.0827097 0.825144 1
17.0225 3.20805 398.625 0.784019 0.0906697 -0.614079 1
-10.1381 -24.7859 477.027 0.505132 -0.234791 0.830491 1
14.6114 40.9833 397.164 0.683877 0.0400895 -0.728495 1
14.4479 39.771 397.191 0.543817 0.127363 -0.829483 1
15.3663 -2.18688 396.365 0.874494 0.0730901 -0.479498 1
-15.1334 -13.8028 482.619 -0.19968 -0.28725 0.936811 1
-12.2771 -21.9911 395.406 -0.373447 -0.483509 -0.791679 1
13.0537 32.1609 394.612 0.203903 0.167466 -0.964561 1
12.7934 28.7737 394.271 0.325516 0.330043 -0.886065 1
-6.54805 -22.2434 393.172 -0.09624 -0.984829 -0.144398 1
-11.5541 11.5604 488.144 0.0604253 -0.244031 0.967883 1
-4.92337 1.09552 396.676 -0.0274823 0.613615 -0.789127 1
-5.33292 0.575455 396.7 -0.182846 0.400779 -0.897743 1
12.4576 -19.3086 391.012 0.844006 0.041114 -0.534755 1
9.85243 -4.01153 387.448 0.793497 -0.194437 -0.576678 1
10.0756 6.09395 389.083 0.0510496 0.203309 -0.977783 1
-5.64911 -2.41349 396.712 -0.50125 0.673828 -0.542867 1
-5.93579 -2.32951 396.797 0.0639215 0.330982 -0.94147 1
-14.9191 -27.7403 420.584 -0.30812 -0.949204 0.0638217 1
-25.9543 -26.2679 420.578 -0.102539 -0.979892 -0.171167 1
11.1825 6.57155 390.164 0.62349 0.332124 -0.707781 1
12.451 -20.969 390.529 0.801923 -0.241224 -0.546563 1
12.0485 -4.22728 390.924 0.797092 0.0676422 -0.600057 1
12.266 20.1777 392.468 0.364162 0.212829 -0.906691 1
13.1017 28.9 477.422 0.352009 0.618357 0.702656 1
-12.1566 3.97891 486.272 -0.00824512 0.00181648 0.999964 1
-1.73126 18.7756 484.249 0.4589 -0.158916 0.87416 1
16.0455 -24.6294 396.479 0.747121 -0.182484 -0.639148 1
16.2055 -24.0268 396.47 0.808883 -0.241071 -0.536277 1
14.0515 41.7667 396.972 0.258014 0.319066 -0.911935 1
14.731 37.1635 397.281 0.740808 0.405031 -0.535867 1
-11.7331 20.1783 490.37 -0.264272 -0.296927 0.917603 1
16.6677 -12.6242 398.057 0.921666 0.0121369 -0.387793 1
-10.7356 -30.9097 475.83 0.513317 -0.242046 0.823358 1
16.9427 29.1653 400.166 0.633819 0.112754 -0.765219 1
13.0378 45.7819 400.373 -0.0339583 0.952372 -0.303042 1
18.8074 -24.0422 401.077 0.799203 -0.18804 -0.570891 1
-16.8772 3.86823 404.888 -0.527368 0.163205 -0.833815 1
30.0875 29.1302 467.163 0.362949 0.542541 0.757573 1
21.0556 -28.3092 405.749 0.400705 -0.767701 -0.500071 1
-16.7363 -33.5483 445.974 -0.123674 -0.992267 0.0105626 1
-9.14182 -25.3087 407.368 -0.0431194 -0.947295 -0.317447 1
24.0659 2.77362 463.824 0.759352 -0.189233 0.622556 1
25.7678 5.77777 463.496 0.449559 -0.250525 0.857399 1
-7.07867 -20.3874 476.095 0.59114 0.406405 0.696699 1
10.1158 5.57562 389.053 0.143612 0.213005 -0.966439 1
15.0819 -31.029 459.349 0.647178 -0.246321 0.721448 1
14.8646 -31.5245 459.425 0.601014 -0.300347 0.740658 1
-6.94004 41.8426 435.618 0.529349 0.823695 0.203262 1
29.256 31.9442 457.385 -0.0989549 0.993551 0.055356 1
23.3767 35.1735 410.764 0.922586 0.154057 -0.353698 1
23.2392 35.9601 410.769 0.857662 0.0543944 -0.511329 1
21.08 41.566 407.768 0.719495 0.427623 -0.547235 1
21.2404 41.7645 407.889 0.582678 0.0530408 -0.81097 1
1.46593 -34.7728 445.264 -0.131739 -0.988552 -0.0735517 1
3.14015 37.7327 445.173 0.420326 0.851632 0.313127 1
-7.13729 -33.7666 444.794 -0.145098 -0.957696 -0.248526 1
42.3524 16.3494 456.331 0.659537 -0.209872 0.721779 1
44.925 -0.0279853 444.671 0.921601 0.0220658 -0.387512 1
45.2635 -4.38788 444.831 0.879852 -0.0268237 -0.474491 1
45.1895 -5.23102 444.674 0.922694 0.3018 -0.239902 1
48.0149 30.1289 453.057 0.666708 0.733514 -0.132124 1
-21.7271 41.0682 444.178 0.0952446 0.992692 0.0741019 1
28.6605 33.1427 452.555 0.749066 0.593218 0.294945 1
18.0148 36.987 439.224 0.493503 0.868103 0.053394 1
-23.1366 -26.1346 419.18 -0.0843006 -0.987431 -0.133693 1
-16.1392 -27.0932 419.166 -0.207987 -0.958917 -0.192925 1
24.9701 -35.6199 451.385 0.547024 -0.303578 0.780131 1
28.1971 39.7884 420.168 0.699552 0.690021 -0.185734 1
44.2861 1.47758 443.772 0.871863 0.097292 -0.479988 1
-3.34039 37.7753 449.786 0.199895 0.950857 0.23646 1
-4.49995 37.9246 449.572 0.101253 0.950747 0.292964 1
-8.83807 38.0419 449.578 0.196538 0.931097 0.307297 1
-12.5337 38.9794 449.571 -0.214438 0.894462 0.392369 1
-12.9196 38.8413 449.69 -0.233114 0.91724 0.322999 1
-16.5364 -33.1982 446.972 0.249895 -0.963062 -0.100321 1
30.8984 29.9664 422.9 0.716622 -0.0151252 -0.697298 1
29.822 39.1114 423.07 0.535228 0.80391 -0.259346 1
11.8638 36.2296 446.166 0.065825 0.932533 0.355034 1
-22.7458 -27.3414 423.481 -0.19911 -0.947211 -0.251288 1
-10.9372 -28.6815 424.169 -0.0948588 -0.826825 -0.554403 1
-10.5108 -28.6631 424.176 -0.197406 -0.844682 -0.497538 1
-20.2377 41.0296 445.572 0.789588 0.528183 0.312367 1
-49.0272 7.08765 426.771 -0.792129 0.102421 -0.601699 1
-48.7493 8.18832 426.704 -0.685732 0.192649 -0.701895 1
-49.0873 7.39297 426.967 -0.910784 0.0435169 -0.410583 1
44.437 -22.409 442.978 0.968636 -0.067233 0.239215 1
43.8658 -1.62351 442.669 0.92632 -0.0236014 -0.375998 1
-23.3434 -28.4731 428.163 -0.0765901 -0.991129 -0.10862 1
-48.345 14.1802 428.391 -0.956085 0.198062 -0.216037 1
48.9933 22.3726 453.626 0.916106 -0.212574 0.339944 1
-23.1404 -30.8625 440.375 -0.20541 -0.971034 -0.122068 1
41.7059 -7.83017 438.768 0.873238 -0.0348807 -0.486044 1
41.6326 -12.3208 438.755 0.874895 0.0589831 -0.480707 1
38.3647 -29.8253 432.227 0.948299 0.144227 -0.282714 1
37.9791 -28.6433 432.086 0.85427 -0.0440714 -0.517957 1
2.05872 39.3153 437.56 -0.135279 0.90722 0.39831 1
3.66288 39.4019 437.349 0.0627387 0.962277 0.264741 1
-16.4877 -32.9972 445.328 -0.0980535 -0.962059 -0.254613 1
0.751237 40.4944 434.556 0.0929515 0.964636 0.246653 1
-23.3385 -30.0759 436.947 -0.549756 -0.831592 -0.0788887 1
10.6422 38.735 436.701 -0.0383045 0.983547 0.176545 1
10.3474 38.284 437.164 0.0123751 0.983304 0.181548 1
39.7332 -22.0354 435.286 0.846179 -0.0474024 -0.530786 1
9.75547 38.2962 437.76 0.214082 0.976668 -0.016981 0.666868
-11.7331 -31.5983 438.072 -0.258327 -0.918942 -0.298014 1
-42.4505 44.9469 434.576 -0.137054 0.989776 -0.0394827 1
16.9779 37.3357 439.362 0.101657 0.954922 0.278909 1
17.6745 37.1603 439.366 0.303549 0.886086 0.3503 1
5.26991 -33.0045 434.174 -0.0708846 -0.973213 -0.218705 1
42.5696 -33.8281 440.993 0.811224 -0.175756 0.557696 1
43.3129 -7.80666 441.765 0.882773 0.0147318 -0.469568 1
41.5748 33.4792 442.581 0.520614 0.837848 -0.164228 1
40.2783 33.9919 442.491 0.274343 0.961447 0.0188607 1
36.6842 -38.037 443.344 0.254263 -0.883562 0.39328 1
2.66123 37.9077 445.28 0.260262 0.932729 0.249562 1
43.6682 33.0708 445.469 0.629811 0.776495 -0.0198303 1
44.7077 31.9942 445.963 0.842677 0.529724 -0.0963722 1
46.0609 3.98537 446.869 0.884941 -0.050235 -0.462986 1
-16.3389 39.5913 447.17 0.0340223 0.97699 0.210556 1
-7.21561 38.643 447.157 -0.0513937 0.95862 0.280011 1
-6.63277 38.5951 447.175 0.0649945 0.948134 0.311155 1
-5.62637 38.358 447.161 0.0190633 0.969741 0.243389 1
39.6316 -18.2266 447.354 0.826186 -0.171896 0.536534 1
40.0667 -16.7304 447.386 -0.0992314 -0.534257 0.839478 1
46.5089 14.6843 447.585 0.904849 -0.0021311 -0.425728 1
43.267 -4.40888 449.225 0.426974 -0.172769 0.887606 1
-25.526 -28.2095 429.586 0.040911 -0.955921 -0.290759 1
47.4297 13.5803 449.358 0.933021 -0.044248 -0.357091 1
47.4343 16.6958 449.406 0.933316 0.000242349 -0.359056 1
11.0169 -37.4321 452.122 -0.134427 -0.947402 -0.290448 1
3.27076 36.114 452.022 0.158801 0.957997 0.238797 1
0.752357 36.51 451.873 0.101382 0.991613 0.0801628 1
48.615 25.428 452.389 0.929902 -0.000280445 -0.367808 1
-48.7346 12.3874 428.08 -0.909971 0.106771 -0.400691 1
22.4884 -30.6344 454.842 0.512207 -0.253624 0.82056 1
20.5874 33.0521 455.578 -0.00890479 0.975142 -0.221404 1
-28.9406 38.472 458.371 -0.0921762 0.98689 0.132482 1
-11.643 -28.7147 424.373 -0.294758 -0.766924 -0.570041 1
27.0761 -6.90811 459.04 0.956282 -0.0677933 0.284481 1
2.86363 -30.4012 423.775 -0.233731 -0.930328 -0.282592 1
10.8606 -35.6432 460.156 0.491905 -0.595543 0.635105 1
-12.1341 -28.131 421.977 -0.011278 -0.93828 -0.345692 1
27.0809 -11.1288 457.552 0.744675 0.0874756 0.66167 1
33.2611 22.0657 463.546 0.529376 -0.287817 0.798074 1
34.0494 29.8797 463.888 0.359159 0.663195 0.656641 1
-38.7459 7.58936 420.038 -0.737643 -0.131296 -0.662302 1
-38.7368 7.35133 420.003 -0.718089 0.0162537 -0.695762 1
-38.8543 7.16209 420.012 -0.359391 0.208052 -0.909699 1
-1.83504 -31.6235 468.955 0.223948 0.473646 0.851767 1
-1.71648 -31.5182 468.946 -0.462438 -0.870131 0.170364 0.898037
8.46924 -9.50786 469.31 0.12827 -0.991617 0.0155745 1
9.07464 -9.23007 469.41 0.665578 -0.548847 0.50574 1
9.45426 -9.22226 469.382 0.260374 -0.620618 0.73962 1
-25.1461 -25.9712 418.453 -0.100422 -0.964293 -0.24506 1
9.87632 -5.91182 470.129 0.367462 -0.290527 0.883496 1
41.0647 33.7699 441.67 0.457814 0.888633 0.0271581 1
3.06862 -14.8434 471.672 0.532735 -0.227609 0.815099 1
19.2709 21.465 472.187 0.114976 0.0731129 0.990674 1
-21.5341 34.5644 473.374 -0.418204 0.795092 0.439242 1
0.269383 -13.0161 473.9 0.476041 -0.288864 0.830628 1
28.0403 -30.6358 416.024 0.662794 -0.546475 -0.511926 1
-19.5323 33.5997 475.479 0.140333 0.912939 0.383209 1
15.3655 27.5759 476.11 0.541203 0.378031 0.751127 1
-7.24451 -20.3244 476.375 0.859199 0.120683 0.497205 1
27.6254 -26.349 415.365 0.799723 -0.135588 -0.584859 1
39.8621 -38.2232 441.074 0.895697 0.118793 0.428504 1
-33.1205 0.986454 414.382 -0.584694 0.192518 -0.78808 1
32.6629 -35.4345 446.908 0.200414 -0.67095 0.713905 1
6.15051 28.5909 481.779 0.712245 0.367692 0.597921 1
13.4449 23.7215 394.145 0.606244 0.132563 -0.784153 1
26.7652 -25.3247 413.767 0.824701 -0.024883 -0.565022 1
26.8813 -27.8193 413.873 0.852167 0.0206622 -0.522862 1
32.3647 -34.0267 447.031 0.325571 -0.307922 0.893973 1
26.0297 -28.7157 412.786 0.849235 -0.162078 -0.502525 1
-12.1315 1.36746 485.344 0.479624 -0.265631 0.836302 1
-1.20095 28.3695 486.428 0.392163 0.552146 0.73576 1
-9.33873 -28.1179 421.573 -0.188373 -0.95995 -0.207392 1
9.57676 -17.9248 386.386 0.811273 0.0228994 -0.584219 1
9.5486 -16.6351 386.357 0.730006 -0.0781768 -0.678955 1
9.76807 -0.0276527 387.665 0.198796 0.206572 -0.958023 1
11.1607 -14.0264 388.769 0.797354 -0.00292065 -0.603505 1
11.0342 -13.432 388.668 0.864951 0.0368167 -0.500504 1
-29.1789 -26.883 423.817 -0.0973438 -0.99505 0.0199808 1
3.76016 31.5566 472.566 0.157061 0.976881 0.145037 1
11.1118 6.38337 389.872 0.560185 0.492646 -0.665952 1
11.216 11.2017 390.639 0.636392 0.0844981 -0.766724 1
11.4575 17.0496 391.595 0.126923 0.137151 -0.982385 1
12.8323 -23.8165 391.649 0.431465 -0.68056 -0.592179 1
-26.3355 -32.0746 447.068 -0.118135 -0.970206 -0.211527 1
-7.54922 -25.928 408.753 0.169467 -0.967804 -0.18611 1
12.8948 24.1517 393.754 0.505032 0.170291 -0.846135 1
4.26573 -37.6316 463.785 0.464471 -0.453361 0.760743 1
-25.5483 42.2906 439.67 0.2873 0.957182 -0.0355155 1
13.6803 26.5573 395.162 0.704085 0.229494 -0.67201 1
16.6332 -15.4235 397.672 0.672886 -0.124659 -0.729167 1
14.6972 42.9783 397.751 0.371683 0.389193 -0.842841 1
-16.8672 6.95701 406.035 -0.504387 0.187525 -0.842869 1
-10.1235 -24.3198 405.363 -0.0555328 -0.997941 0.0320907 1
-9.14165 1.07413 399.259 -0.561569 0.271708 -0.781546 1
15.9877 39.8865 399.362 0.725487 0.0560432 -0.68595 1
18.0756 44.5834 404.367 0.541362 0.819894 -0.186284 1
15.6119 44.9786 399.444 0.557849 0.650299 -0.51567 1
39.5069 -18.4272 447.668 0.536098 -0.350084 0.768141 1
28.668 -36.7022 438.974 -0.0997984 -0.962154 -0.253576 1
11.3681 45.8249 400.175 -0.368044 0.834701 -0.409655 1
-2.34768 -32.9156 438.152 -0.180109 -0.977822 -0.106884 1
10.9641 45.9054 400.564 -0.158133 0.964168 -0.213011 1
36.0639 33.3263 447.98 0.130456 0.981937 0.13704 1
19.8285 -18.2186 402.772 0.895397 -0.0488386 -0.442583 1
19.9002 -24.9994 402.773 0.83334 -0.047393 -0.550725 1
19.9494 -25.7261 402.777 0.746546 -0.366204 -0.555485 1
17.1644 38.9796 401.067 0.808584 0.111533 -0.577712 1
46.6757 0.570739 448.67 0.952321 -0.177704 0.248006 1
17.4565 -6.43143 399.496 0.773225 0.189765 -0.605072 1
15.9611 26.7752 398.547 0.836135 0.32142 -0.444486 1
16.6788 -6.02386 398.368 0.887891 0.0372498 -0.458544 1
8.26255 38.9218 436.466 0.380545 0.900846 0.208954 1
20.2699 43.6997 407.279 0.603552 0.781304 -0.159027 1
16.0067 -11.0377 396.779 0.907229 0.120111 -0.403123 1
23.3431 -21.0056 408.16 0.814932 0.0284037 -0.57886 1
23.4491 -27.9275 408.369 0.756406 -0.346745 -0.554633 1
20.854 43.3525 408.671 0.514511 0.853563 0.0819081 1
15.147 -1.90372 395.564 0.840256 -0.0390559 -0.540781 1
6.39206 39.5417 436.154 0.194611 0.956948 0.215356 1
7.86244 39.2885 436.163 0.196522 0.980468 0.00778622 1
6.86906 39.4812 436.151 0.0920665 0.974465 0.204799 1
14.0084 -0.33162 393.981 0.803353 0.0960489 -0.587706 1
47.8923 10.2337 450.91 0.885318 -0.156211 0.437961 1
35.5707 25.6839 432.412 -0.88654 0.45183 0.0994827 0.969477
28.263 33.7135 451.315 0.407119 0.83441 0.371502 1
36.1671 24.4991 432.317 -0.0881143 -0.497101 -0.863207 1
27.5628 34.3924 451.319 0.219085 0.951756 0.214856 1
-18.9214 -24.9592 411.493 -0.215296 -0.969675 -0.115666 1
-8.80247 -29.7101 427.765 -0.0569953 -0.975586 -0.212095 1
8.0474 -21.9588 384.621 0.640677 -0.55636 -0.529146 1
10.7783 -22.2465 388.566 0.72594 -0.443504 -0.525657 1
9.26933 -0.616659 387.715 -0.359717 0.284489 -0.888634 1
9.45318 -2.425 387.348 0.0959506 0.22262 -0.970172 1
36.6713 -3.42117 453.992 0.538178 -0.218816 0.813931 1
9.88248 -3.81092 387.361 0.798881 -0.259704 -0.542534 1
-5.74024 -31.5542 434.594 0.458646 -0.888294 0.0240427 1
-12.1186 -30.9164 434.562 -0.26974 -0.943643 -0.191778 1
8.86209 -6.82174 386.105 0.211035 0.0776449 -0.97439 1
-14.3501 -27.912 422.052 -0.278232 -0.92316 -0.26526 1
8.1692 -15.8266 384.479 0.388937 0.214944 -0.895839 1
-11.0251 13.9801 488.354 0.447221 -0.291723 0.845512 1
-5.54842 -27.6058 416.072 -0.00991718 -0.973086 -0.230229 1
27.7482 7.17435 416.175 0.813843 0.0245499 -0.580566 1
-9.54119 30.4681 484.37 0.0626792 0.965107 0.254245 1
26.0801 40.8635 417.288 0.485723 0.856291 -0.17561 1
38.8477 1.04937 434.176 0.81818 -0.093912 -0.56724 1
27.0445 36.1459 417.324 0.865656 0.138495 -0.481102 1
-7.03278 37.9674 450.371 0.033943 0.951055 0.307152 1
-16.9376 -27.0125 418.798 -0.111309 -0.993627 0.0177527 1
29.3515 6.56411 418.943 0.839435 -0.100637 -0.534061 1
-8.93169 -28.1346 475.488 0.669819 -0.445505 0.594027 1
-9.04714 -28.2322 475.474 0.71299 -0.253323 0.653814 1
-9.33736 -28.3129 475.494 0.588644 -0.387866 0.709266 1
30.2677 -32.8708 421.08 0.400181 -0.768506 -0.499253 1
29.5791 35.1857 421.573 0.984533 -0.149901 -0.0906893 1
29.5724 35.4794 421.57 0.978516 -0.191495 -0.0763922 1
6.24854 -8.61736 471.533 0.485532 -0.0985983 0.868641 1
6.25729 -8.92355 471.559 0.394208 0.0553508 0.917353 1
-11.2371 -29.1337 424.778 -0.0742125 -0.920585 -0.383426 1
-11.0358 -29.0649 424.795 0.267685 -0.745592 -0.610276 1
-10.9179 -28.974 424.768 0.161089 -0.776997 -0.608545 1
47.5655 9.37763 450.924 0.810822 -0.293341 0.506477 1
7.5822 -15.036 468.862 0.43096 -0.147508 0.890233 1
3.87598 -31.2697 427.146 0.0300603 -0.954089 -0.298011 1
33.2042 35.3792 427.661 0.868946 0.123526 -0.479243 1
-18.7419 -28.5658 427.766 -0.0519607 -0.990427 -0.127885 1
34.1847 33.6732 428.771 0.712187 0.00213052 -0.701986 1
35.0141 22.984 429.16 0.897197 0.140808 -0.418582 1
36.4647 -31.7571 429.587 0.777874 0.0481686 -0.626571 1
36.6528 -29.614 429.573 0.837285 -0.182338 -0.515468 1
-33.5354 0.168341 414.548 -0.570946 0.372025 -0.73186 1
35.9555 25.8199 432.582 -0.269822 0.948499 0.165968 0.568198
-7.72686 -31.0643 432.772 -0.128093 -0.97508 -0.181139 1
-36.1329 -27.7203 433.27 -0.198064 -0.970987 -0.133999 1
39.1211 -33.2093 433.482 0.853176 0.0178122 -0.521319 1
38.9051 -30.438 433.466 0.891892 -0.0318778 -0.451124 1
-0.825447 40.6988 434.183 0.0191723 0.977025 0.212262 1
10.6803 -34.8139 460.883 0.531273 -0.38237 0.756004 1
3.86259 -33.0268 435.384 -0.148249 -0.974934 -0.165907 1
40.6306 -26.6107 436.542 0.389802 0.734746 -0.555161 1
40.6795 -25.017 436.516 0.865744 0.0163351 -0.500221 1
-28.8423 37.8927 459.978 -0.380861 0.838132 0.390486 1
38.9004 32.9836 436.777 0.777719 0.306001 -0.549105 1
40.8362 -17.7463 436.958 0.747384 0.156558 -0.645683 1
40.5102 -14.9162 436.967 0.831384 -0.0411774 -0.554171 1
29.0645 -0.624612 459.636 0.747859 0.153064 0.645971 1
-8.70126 -25.4364 410.051 -0.0543532 -0.936229 -0.347161 0.908111
-23.3322 42.6895 437.773 0.0544101 0.976073 0.210526 1
27.3685 -6.21687 459.192 0.792056 -0.583934 0.177959 1
27.2594 -6.3378 459.196 0.818876 0.298385 0.490316 1
-22.137 -30.5876 438.169 -0.247916 -0.894053 -0.373105 1
42.194 -34.6302 439.225 0.936574 -0.285661 -0.203043 1
42.1415 -9.85885 439.758 0.979606 0.0655874 -0.189922 1
42.4004 -4.42243 439.789 0.851894 -0.0199968 -0.523333 1
42.3186 -10.8063 439.979 0.942444 0.00120805 -0.334363 1
42.5769 -8.233 440.065 0.888427 -0.128826 -0.44057 1
42.9745 -32.9248 440.37 0.971785 -0.224405 -0.0726426 1
43.1417 -0.982754 441.167 0.908895 0.00209541 -0.417021 1
1.8573 -34.3218 441.775 0.0603263 -0.945696 -0.319406 1
43.8117 -25.2204 441.989 0.938228 -0.313233 -0.147015 1
44.2067 -20.4257 442.672 0.937156 -0.025829 -0.347953 1
44.0785 -18.6288 442.664 0.917685 -0.254266 -0.305291 1
12.762 34.3274 456.371 0.323315 0.771127 0.548481 1
39.874 -30.1292 444.222 0.592738 -0.22854 0.77229 1
43.7045 31.9883 444.369 0.824798 0.402731 -0.396882 1
45.5226 10.6821 445.585 0.915748 -0.0903547 -0.391461 1
49.2965 27.3692 454.693 0.885457 -0.144137 0.441804 1
49.3218 27.1778 454.678 0.84391 0.369084 0.38935 1
40.4648 -19.1208 446.65 0.604513 -0.104158 0.789757 1
44.4629 32.1622 446.668 0.572226 0.735916 0.361918 1
29.4639 -38.5543 447.173 0.514143 -0.701731 0.493184 1
46.1733 -4.47053 447.341 0.837533 -0.220152 0.500071 1
-13.2309 39.401 447.777 0.08804 0.971198 0.221414 1
5.98314 -37.3034 453.155 0.122644 -0.953032 -0.276928 1
26.5198 34.3157 450.737 -0.0334082 0.973343 0.226908 1
28.8687 33.3887 450.681 0.349017 0.901035 0.257531 1
33.4442 32.9768 450.762 0.243534 0.966872 0.0764807 1
27.2621 -30.4348 451.723 0.599846 -0.379639 0.704314 1
-3.12463 37.3114 451.98 0.0867548 0.975061 0.20428 1
24.4571 -33.8305 452.129 0.542365 -0.40709 0.734927 1
35.4653 -14.1241 451.495 0.497597 -0.111745 0.860181 1
0.161894 36.5896 452.573 0.213847 0.968345 0.128755 1
47.8339 28.5755 451.07 0.873606 0.119432 -0.471751 1
-20.7816 -34.0006 453.381 -0.172501 -0.980266 -0.0965543 1
36.6605 -1.74482 454.374 0.477204 -0.279717 0.833087 1
38.7602 2.34644 454.365 0.669298 -0.23363 0.705306 1
38.9316 2.99803 454.396 0.610239 -0.190128 0.769064 1
19.8785 -36.439 454.575 0.522183 -0.350002 0.777704 1
47.4304 27.172 450.363 0.93413 0.0885555 -0.345774 1
22.823 -30.8072 454.629 0.501788 -0.159217 0.850211 1
-8.55111 37.9323 449.853 -0.0275395 0.998481 0.0477161 1
-8.73044 37.9627 450.12 -0.0821527 0.992011 0.0957353 1
21.1295 -32.3238 455.139 0.444741 -0.457715 0.769872 1
30.566 -31.5361 449.263 0.255112 -0.626149 0.736787 1
3.26958 -35.7322 449.492 0.375909 -0.918636 -0.121658 1
39.2495 7.652 455.781 0.604353 -0.2055 0.769758 1
19.0732 33.5445 456.151 0.1296 0.914143 0.384117 1
19.2727 33.5396 456.168 0.0068173 0.942037 0.33544 1
18.5298 -33.8168 456.192 0.654162 -0.2752 0.704512 1
27.778 -38.5868 448.367 0.259951 -0.925498 0.27546 1
31.8621 -33.9209 447.249 0.390905 -0.373524 0.841233 1
23.5745 -13.8275 459.054 0.432844 -0.36094 0.826056 1
-21.9229 -33.6215 452.158 -0.153449 -0.976855 -0.149023 1
16.4737 -14.2131 463.421 0.57997 -0.141813 0.802199 1
-16.2538 -32.3799 443.563 -0.210081 -0.93104 -0.298379 1
48.4413 19.0594 451.583 0.947204 0.0526482 -0.316279 1
48.4332 22.3844 451.567 0.952513 -0.0647463 -0.297535 1
11.8745 -14.8085 465.995 0.690074 -0.251208 0.678744 1
11.759 -14.4259 466.024 0.745036 0.463724 0.479459 1
11.8647 -14.4441 465.942 0.773619 0.364589 0.518256 1
-1.13234 39.2229 441.576 0.276137 0.95771 -0.0808734 1
-26.7298 42.5824 439.579 -0.0698327 0.948991 0.307474 1
40.4125 33.1579 439.383 0.763082 0.557193 -0.327478 1
41.8962 -14.7365 438.781 0.872375 0.0131527 -0.48866 1
-25.137 -28.8137 431.983 0.00452571 -0.995287 0.0968713 1
20.0453 20.1871 471.116 0.382288 -0.301122 0.873603 1
-40.3355 44.4922 437.772 -0.220296 0.920516 0.322677 1
-10.8703 1.77387 400.743 -0.397062 0.258448 -0.880651 1
-10.7287 -31.6218 437.183 -0.143697 -0.955382 -0.258063 1
-11.9421 -30.943 437.198 -0.274892 -0.444096 -0.852768 1
-6.94547 41.8715 435.568 0.551123 0.675801 0.489445 1
38.7054 22.8257 435.172 0.896151 0.112933 -0.429138 1
-4.5352 -17.6223 475.368 0.162057 -0.206298 0.964976 1
-3.9343 -17.0261 475.339 0.286039 -0.270924 0.91912 1
15.0646 25.0748 475.772 0.389238 -0.167481 0.905784 1
31.7548 -35.8939 433.981 0.0250451 -0.982401 -0.1851 1
-24.5436 -4.99576 407.383 -0.643027 0.141638 -0.752632 1
-40.5238 45.0132 433.063 -0.245806 0.887594 -0.38956 1
35.2596 25.3582 432.065 -0.900389 0.426392 -0.086537 0.513506
5.87901 1.01657 390.086 -0.345437 0.406527 -0.845818 1
-12.143 -2.58444 484.08 0.608828 -0.105691 0.78623 1
6.26777 -32.6233 431.752 -0.279174 -0.884125 -0.374681 1
-45.9302 29.9595 431.551 -0.93799 -0.0226105 -0.345925 1
-13.2246 30.8669 485.789 -0.243679 0.919861 0.307371 1
37.7106 -17.1631 431.384 0.633265 0.30229 -0.712458 1
-6.96398 28.5465 489.735 0.295257 0.42652 0.854929 1
10.1823 -9.92916 387.769 0.848433 -0.059581 -0.525938 1
-23.7291 44.8385 428.965 0.146989 0.971375 0.186616 1
-23.1355 44.5847 428.977 0.209191 0.974052 0.086387 1
-5.74253 30.8277 478.979 -0.377416 0.924222 0.0580504 1
-10.4843 -29.1431 427.22 -0.0789602 -0.970213 -0.229025 1
-11.5816 4.51908 401.285 -0.395506 0.0239135 -0.918152 1
8.21778 -12.8827 384.82 0.307851 -0.012832 -0.951348 1
-10.5451 -3.42254 398.948 -0.335017 -0.220315 -0.916092 1
48.6431 20.3877 452.584 0.98616 -0.0656159 0.152257 1
14.4284 -24.0261 393.77 0.750586 -0.289026 -0.59421 1
14.5087 -20.842 393.759 0.79264 -0.153406 -0.590075 1
13.6603 5.57103 393.976 0.696286 0.0779909 -0.713515 1
10.7929 -19.6372 387.982 0.723527 -0.0677727 -0.686962 1
14.6345 -15.6285 394.364 0.808032 -0.0431297 -0.587558 1
-23.7328 -27.5158 426.685 -0.0889893 -0.967902 -0.235045 1
-46.3256 25.9971 430.667 -0.906403 0.213445 -0.36452 1
14.4699 -11.4241 394.245 0.789453 0.00782651 -0.613761 1
15.202 -23.8306 395.273 0.826185 0.221148 -0.518181 1
-23.136 -27.8021 425.47 -0.183002 -0.98301 -0.0142132 1
15.2109 32.6975 397.363 0.829075 0.0239258 -0.558625 1
16.5636 -20.4181 397.285 0.855962 0.007093 -0.51699 1
16.4943 -15.2258 397.27 0.723867 -0.220094 -0.653893 1
31.6278 30.7544 424.238 0.810826 0.185529 -0.555105 1
16.0028 30.5846 398.762 0.873069 0.103858 -0.476408 1
15.7051 37.3745 398.689 0.733455 0.150966 -0.662761 1
30.6206 36.2598 423.38 0.852802 0.107656 -0.511018 1
30.7387 34.9719 423.451 0.724869 0.157454 -0.670652 1
30.9867 33.7894 423.452 0.844694 0.0947396 -0.526799 1
17.7592 -19.4269 399.476 0.809416 -0.340321 -0.478568 1
16.5479 -26.2679 400.378 -0.189395 -0.979861 0.0632572 1
5.07636 20.5559 480.664 0.575593 -0.198347 0.793316 1
18.2955 -19.8272 400.377 0.777603 -0.127643 -0.615663 1
17.9385 -18.6225 399.37 0.880694 0.0797513 -0.466925 1
16.699 40.4942 400.157 0.775693 0.0871486 -0.625064 1
31.8951 -32.1085 421.985 0.589561 -0.344891 -0.730389 1
31.8574 -32.3332 421.974 0.600388 -0.397148 -0.694124 1
17.4743 27.7694 474.863 0.390736 0.11644 0.913108 1
15.6488 15.3782 472.726 0.575475 -0.23104 0.784505 1
8.9116 46.0507 402.022 -0.152113 0.948014 -0.279519 1
-42.1949 6.67544 421.561 -0.568713 -0.0307826 -0.82196 1
19.7928 -24.135 402.38 0.867553 -0.000765876 -0.497345 1
-22.0444 -26.6912 420.97 -0.224901 -0.728924 -0.646599 1
-14.5364 -27.8523 420.967 -0.195451 -0.980701 -0.00485958 1
-31.9347 -25.7718 420.974 -0.108895 -0.993845 -0.0203546 1
9.06736 -2.12771 387.419 -0.0936855 0.09658 -0.990906 1
18.5482 41.5698 403.572 0.872499 0.212126 -0.440168 1
20.1044 -5.9121 403.766 0.885177 0.186563 -0.426211 1
29.5505 21.1688 419.983 0.90924 0.164949 -0.382197 1
2.06706 -37.4199 465.102 0.347556 -0.508531 0.787782 1
0.930194 -38.644 465.271 0.435476 -0.803739 0.405419 1
21.3842 -26.0108 405.086 0.824696 0.283356 -0.489476 1
20.6202 36.7732 406.422 0.807854 -0.0221678 -0.588965 1
22.068 -13.0273 406.461 0.813616 -0.00768184 -0.581352 1
27.1636 39.8871 418.384 0.976648 -0.17361 -0.126561 1
27.6134 37.9562 418.375 0.877847 0.214299 -0.428322 1
27.8347 32.1742 418.272 0.755241 0.154069 -0.637082 1
27.9526 31.1575 418.183 0.821047 0.0689944 -0.566676 1
39.1275 5.14688 454.965 0.58134 -0.247116 0.775227 1
-48.5231 7.56872 426.402 -0.618393 0.297723 -0.727291 1
21.2114 38.8684 407.567 0.822017 0.244765 -0.514177 1
-1.95578 -27.6952 414.357 -0.132195 -0.958693 -0.251859 1
23.9784 -28.6202 409.778 0.763403 -0.234295 -0.601932 1
-23.5455 -27.6243 425.176 -0.267495 -0.961249 -0.0666869 1
32.4558 24.4083 424.967 0.859847 -0.0341328 -0.509409 1
25.1041 -25.8275 411.273 0.861255 -0.0393659 -0.506646 1
32.6172 6.65129 424.36 0.782574 0.144697 -0.605508 1
23.3796 40.3826 411.37 0.877634 0.119955 -0.464079 1
-7.8626 45.5603 412.218 -0.49902 0.78567 -0.365652 1
25.6255 29.4832 414.384 0.87431 0.210499 -0.437347 1
26.0093 -19.6304 412.993 0.956737 -0.251448 -0.146385 1
26.0077 -19.9314 412.964 0.947675 0.201155 -0.247887 1
12.7354 27.3869 393.995 0.166612 0.257433 -0.951824 1
-10.1183 -26.7061 414.455 -0.0641318 -0.993407 -0.0950283 1
-7.53462 -26.9923 414.469 -0.0527684 -0.969798 0.238133 1
25.6089 -18.1395 412.199 0.848312 -0.0329245 -0.528472 1
25.9011 -27.4162 412.148 0.939275 0.129845 -0.317652 1
25.8777 -27.9343 412.172 0.731163 -0.0840514 -0.677005 1
23.6389 40.4771 411.97 0.936319 0.269432 -0.225198 1
23.3421 35.5878 411.086 0.881867 0.0734652 -0.46574 1
32.1449 -30.4229 422.204 0.859247 -0.26261 -0.439011 1
-23.2478 6.57841 409.892 -0.474185 0.308682 -0.824539 1
-14.9527 -25.1781 409.569 -0.318654 -0.869369 -0.3777 1
23.1305 42.3297 411.896 0.684778 0.726016 -0.0630857 1
-17.8805 -25.8803 415.727 -0.404829 -0.914177 0.0198549 1
27.9704 0.371308 460.633 0.406638 -0.679695 0.610459 1
28.462 1.47662 460.57 0.503975 -0.271879 0.819812 1
-43.9521 -4.02673 419.963 -0.587864 0.20867 -0.781584 1
-32.3254 -25.5988 420.356 -0.139501 -0.978478 -0.152051 1
-19.4834 45.4041 419.573 -0.237555 0.802415 -0.547446 1
28.3852 36.5761 419.372 0.843844 -0.0370895 -0.535305 1
28.302 35.978 419.468 0.94649 -0.101673 -0.306298 1
-18.816 42.6193 435.18 0.0967111 0.961549 0.257043 1
-24.3821 -3.41788 407.896 -0.503027 0.543897 -0.67167 1
-36.6353 14.476 420.569 -0.683266 0.599874 -0.416293 1
-21.9278 -26.7188 420.853 -0.669105 -0.646093 -0.367237 1
-32.5185 14.9724 418.038 -0.569983 0.215568 -0.792875 1
-17.6539 -39.003 476.556 -0.447823 -0.80581 0.38746 1
-14.1259 -27.677 421.466 -0.157235 -0.984776 -0.0741228 1
28.7109 -25.6285 416.979 0.837803 -0.018462 -0.545661 1
35.1361 25.0273 431.919 -0.86876 -0.382281 -0.314828 0.581933
29.6914 39.1373 422.787 0.662164 0.720886 -0.204603 1
31.5266 -30.6291 449.321 0.394565 -0.389818 0.832082 1
19.0702 44.1433 405.777 0.655243 0.751851 -0.0733225 1
8.79302 -12.7268 385.369 0.56246 0.161408 -0.810917 1
21.4797 -22.5222 405.367 0.675482 0.178232 -0.715512 1
36.2143 25.0506 431.785 0.290363 -0.403054 -0.867892 1
30.9957 34.9835 423.776 0.659823 0.202599 -0.723593 1
30.6142 38.3622 423.676 0.871274 0.372448 -0.31963 1
-8.54875 -21.7991 476.83 0.305106 -0.43334 0.848013 1
13.6707 -13.0424 465.596 0.415507 -0.399722 0.817054 1
28.034 -22.432 415.565 0.770367 0.186779 -0.60963 1
32.8245 22.2712 425.575 0.826905 0.0304837 -0.561515 1
32.845 23.3788 425.567 0.835872 0.0899501 -0.541505 1
-24.9402 -27.6554 426.68 -0.0322234 -0.982728 -0.18223 1
-23.9384 -27.426 426.581 0.595017 -0.803501 0.0184743 1
-1.54802 -30.375 426.653 -0.20178 -0.957477 -0.206208 1
26.2604 -24.7269 413.13 0.848356 -0.0690022 -0.52491 1
33.8467 30.7635 427.777 0.845801 0.10129 -0.523795 1
19.8982 -8.95047 403.173 0.938716 0.0550271 -0.340272 1
7.65114 -17.8278 384.121 0.101178 0.030791 -0.994392 1
19.2569 -27.0098 402.049 0.395119 -0.798291 -0.454546 1
19.2978 -23.8344 401.576 0.782807 -0.128272 -0.6089 1
36.3633 -32.3057 429.379 0.535953 -0.156899 -0.82954 1
-12.5197 -0.538239 401.118 -0.456376 0.200733 -0.866849 1
-7.22965 10.9585 400.96 -0.50419 0.194261 -0.84146 1
-24.7323 -28.0759 429.663 0.074515 -0.887028 -0.455664 1
16.7756 43.9769 400.776 0.774528 0.296968 -0.558495 1
15.4629 -26.3343 399.974 -0.0163579 -0.99056 -0.136098 1
6.47017 -15.7854 469.131 0.450363 -0.312102 0.83652 1
8.43944 -9.80275 469.261 0.925058 -0.338036 0.173202 1
36.9794 24.588 432.328 0.809057 -0.0128392 -0.58759 1
16.8587 2.06951 398.962 0.704817 -0.121176 -0.698963 1
17.2065 -1.63582 398.971 0.804606 0.186557 -0.563742 1
38.6935 -23.0518 433.164 0.981307 -0.0984894 -0.165336 1
6.45241 -33.0597 434.063 -0.0190278 -0.98721 -0.158286 1
40.0681 -31.827 435.289 0.913028 0.0119014 -0.407722 1
-2.75396 -32.1173 435.375 -0.266191 -0.935595 -0.231959 1
-21.0396 -30.2845 435.769 -0.129218 -0.971197 -0.200199 1
-17.3396 -30.3401 435.977 0.0117806 -0.831088 -0.556017 1
-22.1388 -30.124 436.564 -0.344299 -0.889434 -0.300608 1
15.6479 2.3789 396.97 0.813823 -0.0380519 -0.579865 1
15.8628 0.277338 397.038 0.876256 0.00445955 -0.481825 1
-39.5388 44.6125 436.78 -0.0765734 0.974833 0.209371 1
-44.27 -2.57458 421.532 0.565228 -0.823721 0.0447416 1
15.8569 -13.5794 396.482 0.853052 -0.030685 -0.520923 1
16.0107 -19.7335 396.582 0.819868 -0.0170634 -0.572299 1
-20.436 -25.3791 412.769 0.0207496 -0.999338 -0.0298967 1
-4.54592 -32.683 438.258 -0.201509 -0.948461 -0.244574 1
-24.215 -30.4504 439.183 -0.0964357 -0.989116 -0.111129 1
36.2824 25.692 431.434 0.868026 0.0674366 -0.491918 1
13.4558 35.1758 395.589 0.26345 0.45213 -0.852158 1
14.6634 2.5842 395.407 0.842005 -0.0958775 -0.530882 1
41.1871 32.8831 440.367 0.813255 0.399981 -0.422648 1
26.1744 35.7797 440.768 -0.825551 0.551154 -0.121223 1
14.2736 8.79006 394.677 0.611501 -0.00703177 -0.791212 1
43.4356 -18.0371 441.481 0.404715 -0.490544 -0.771733 1
43.5194 -15.2364 441.528 0.819124 -0.0667791 -0.569716 1
44.3438 -21.8339 443.069 0.980485 -0.136906 0.141091 1
44.5969 -19.6367 443.086 0.995563 -0.00892312 -0.0936749 1
44.9031 1.37597 444.463 0.907963 -0.0320122 -0.417826 1
42.2594 -20.3241 445.086 0.610787 -0.219154 0.760862 1
11.4693 14.0838 391.087 0.410435 0.214713 -0.886251 1
11.8455 8.46658 391.216 0.524349 0.197104 -0.828377 1
11.1556 13.7776 390.868 0.270122 0.299226 -0.915149 1
45.6898 -5.93241 445.943 0.907329 0.3154 -0.277987 1
45.6675 -5.72895 445.944 0.893533 0.371284 -0.25248 1
10.3751 13.1742 390.848 -0.265492 0.180834 -0.947002 1
11.2645 12.4773 390.753 0.329079 0.177168 -0.927534 1
10.2449 12.7785 390.858 -0.448014 -0.044608 -0.892913 1
9.85167 11.2639 390.816 -0.623064 0.407622 -0.667559 1
25.8583 -28.4234 412.172 0.6527 -0.108209 -0.749849 1
-25.5155 -25.0756 415.761 0.00998362 -0.995771 -0.0913292 1
25.8562 -29.1072 412.184 0.742147 -0.14343 -0.65471 1
45.9885 12.1536 446.964 0.928193 -0.150463 -0.340321 1
31.7464 -34.812 447.522 0.112443 -0.496431 0.860763 1
31.5846 -34.638 447.641 0.195808 -0.527372 0.826764 1
31.763 -34.4277 447.512 0.384931 -0.244646 0.88993 1
32.0711 -31.7032 447.485 0.490597 -0.44476 0.749335 1
19.5549 35.1955 447.984 0.13649 0.96999 0.201221 1
-49.0701 8.99708 427.334 -0.975428 0.151007 -0.160426 1
10.4475 -7.2659 388.368 0.641177 0.0627868 -0.76482 1
-11.1305 29.6353 488.278 0.0456682 0.985658 0.16246 1
30.0651 -30.2267 450.219 0.476728 -0.287668 0.830649 1
28.5828 -33.1475 450.235 0.593671 -0.0500905 0.803148 1
-10.1445 25.9625 491.248 0.0351239 -0.00264924 0.999379 1
26.2677 33.5558 452.065 0.516865 0.471951 0.714222 1
26.3624 33.5154 452.17 -0.0664128 0.991937 0.107933 1
8.2958 -9.63784 469.33 0.443598 -0.826744 -0.346 1
13.0621 34.7737 452.96 0.246422 0.966215 -0.0755255 1
20.2858 33.9609 453.779 0.147369 0.896719 0.417345 1
21.6475 33.505 454.362 -0.0725135 0.994474 -0.0759161 1
-13.9401 -35.219 454.771 0.367304 -0.850788 0.375829 1
-13.7272 -35.2103 454.769 -0.19473 -0.937577 0.288149 1
4.44693 19.2506 480.833 0.616657 -0.319819 0.71934 1
-22.7365 38.8501 455.268 0.18788 0.954546 0.231396 1
-19.4525 33.509 476.988 -0.340017 0.908457 0.243093 1
-7.25275 -17.0364 476.75 0.892685 0.0516149 0.447715 1
-7.23218 -17.2262 476.708 0.91899 0.178965 0.351326 1
26.8728 -8.33001 458.854 0.532595 -0.693715 0.484874 1
-9.14516 -25.1733 476.154 0.501317 -0.302207 0.810773 1
-19.7108 43.3785 418.82 -0.509242 0.333742 -0.793278 1
-0.217272 -17.207 472.908 0.476087 -0.352417 0.805694 1
-2.84631 -32.437 469.928 0.595038 -0.220718 0.772796 1
2.04364 -17.0257 471.531 0.414461 -0.344589 0.842307 1
-8.92911 -33.0276 473.707 0.508916 -0.436094 0.742177 1
-0.135454 -11.9248 474.521 0.529644 -0.140155 0.836561 1
0.0527897 -10.9928 474.604 0.354977 -0.286516 0.889887 1
15.8803 -14.4423 463.799 0.494617 -0.234982 0.836742 1
13.2172 34.6204 455.626 0.360137 0.927418 -0.100984 1
48.5011 29.906 454.165 0.720459 0.684699 0.110124 1
-9.52597 -31.0436 474.891 0.226982 -0.701489 0.675568 1
-8.93971 -30.9309 474.87 0.337139 -0.267204 0.90274 1
-8.93566 -29.9257 474.966 0.588307 -0.152732 0.794083 1
35.0578 29.5956 463.383 0.277503 0.64251 0.714264 1
10.4621 20.3664 477.336 0.49708 -0.203331 0.843545 1
-6.94043 31.3737 478.075 0.197613 0.920433 0.337273 1
-6.14713 30.5647 478.072 0.775783 0.579747 -0.249106 1
28.7556 -1.02364 459.624 0.543394 -0.0964596 0.833917 1
27.1822 -6.01788 459.448 0.565482 0.480937 0.670022 1
12.2491 -38.6745 457.981 0.223084 -0.875425 0.428795 1
-11.8134 6.58266 486.777 0.675809 -0.372458 0.636049 1
-11.0372 15.1748 488.687 0.293939 -0.285326 0.912244 1
28.6588 31.8593 457.066 0.218588 0.842901 0.491668 1
9.87328 -20.8194 386.768 0.679332 0.136676 -0.720991 1
14.8831 -38.7517 456.26 0.251848 -0.688116 0.680492 1
9.82147 -17.8262 386.868 0.774568 -0.0825258 -0.627083 1
48.3367 29.1812 456.239 0.105686 0.260244 0.959741 1
10.044 -9.83869 387.558 0.765894 -0.0664849 -0.63952 1
10.0786 -9.40011 387.554 0.645484 -0.0712791 -0.760441 1
10.2591 -18.3189 387.69 0.674263 -0.10318 -0.731248 1
-20.3158 7.38117 408.143 -0.588751 0.265996 -0.763294 1
24.1648 35.9666 440.423 0.393618 0.908064 0.143124 1
8.86152 11.3392 391.087 -0.263441 0.174041 -0.948846 1
12.688 -23.9627 391.553 0.629478 -0.531497 -0.566806 1
42.2121 -36.8805 439.483 0.986089 -0.151613 -0.0681335 1
38.425 0.0714729 453.966 0.696036 -0.212112 0.685961 1
13.0804 -8.72303 392.375 0.938037 -0.275489 -0.21022 1
13.6468 -8.64308 393.288 0.828967 0.139552 -0.541607 1
11.663 34.9156 453.396 0.16635 0.977086 0.132779 1
14.4971 -1.78008 394.929 0.564955 0.0823608 -0.821001 1
9.25425 35.1856 451.935 0.151511 0.987392 0.0458488 1
48.3616 28.1733 451.963 0.938094 0.156585 -0.308967 1
15.7508 35.8942 447.187 -0.0149182 0.977838 0.208829 1
8.15962 35.1755 451.917 0.388356 0.907699 0.158941 0.503146
6.65998 -13.9022 385.379 -0.242214 0.192271 -0.950981 1
17.1909 -22.8155 398.282 0.869272 0.0949266 -0.485134 1
17.0603 -22.6293 398.197 0.860218 -0.308671 -0.405891 1
16.9805 -22.0317 398.208 0.875265 0.0207567 -0.483199 1
46.1142 28.9734 448.07 0.760541 0.5668 -0.316726 1
35.5639 33.4417 447.773 0.187076 0.954602 0.231812 1
-11.2477 5.16493 401.55 -0.413042 0.275184 -0.868142 1
10.9773 36.5215 446.568 0.287166 0.949475 0.126617 1
31.6629 -35.819 434.728 -0.0870497 -0.966979 -0.239527 1
20.8906 -17.4346 404.571 0.850391 0.112275 -0.514033 1
40.792 -3.79035 436.72 0.78834 0.22155 -0.573965 1
20.6691 -5.95008 404.498 0.766819 0.174644 -0.617647 1
44.459 -19.4032 444.032 0.900877 -0.0333283 0.432792 1
21.2142 -17.0358 405.269 0.804751 0.103467 -0.584527 1
21.0761 -11.8477 405.367 0.911187 0.16876 -0.375844 1
40.6732 -30.201 443.704 0.445411 0.296927 0.844656 1
44.2475 -22.3026 443.314 0.74705 -0.319982 0.58269 1
22.0371 -9.1746 406.421 0.788205 -0.140046 -0.599266 1
44.1009 -13.7127 442.364 0.96011 0.0963569 -0.262496 1
3.46286 38.5616 442.167 0.0717895 0.987825 0.138018 1
-10.1314 -25.2983 407.178 -0.0833173 -0.970916 -0.224457 1
29.4536 35.4211 441.586 0.136945 0.918939 0.369862 1
22.2797 31.1767 408.877 0.806815 -0.0600635 -0.587743 1
23.4704 -20.4211 408.968 0.91844 -0.0820188 -0.386965 1
23.7161 -18.6315 408.98 0.863037 -0.00610186 -0.505103 1
43.0156 -28.9487 440.162 0.986383 -0.164449 0.002205 1
42.9401 -32.8449 440.162 0.88661 -0.41674 -0.200624 1
-22.4356 -31.0081 439.972 0.000719396 -0.998761 -0.0497597 1
2.44888 -15.7114 471.787 0.404864 -0.244685 0.88103 1
23.0917 33.4041 410.58 0.972659 0.188769 -0.135281 1
23.0858 33.5983 410.583 0.924041 -0.27976 -0.260542 1
22.4826 40.7681 410.57 0.646667 -0.0433144 -0.761542 1
-13.1279 -31.5763 438.765 -0.17523 -0.983833 -0.0369829 1
-3.52118 -32.631 438.563 -0.0146311 -0.990743 -0.134958 1
-9.94536 -38.6352 471.97 0.272638 -0.850721 0.449379 1
41.208 -14.7243 437.991 0.767239 0.0178499 -0.641112 1
-9.14876 38.3804 449.067 0.270372 0.898734 0.34522 1
25.6886 -27.6276 411.875 0.72084 -0.117363 -0.683092 1
1.3785 37.0151 448.969 0.0420242 0.973475 0.224902 1
46.663 27.9872 448.965 0.894254 0.148918 -0.422059 1
-11.736 -31.0014 437.078 -0.682989 -0.67657 -0.275281 1
-22.442 17.5914 412.563 -0.591434 0.203153 -0.780342 1
-1.55147 -32.5848 436.452 -0.137169 -0.957017 -0.255545 1
25.0538 30.1818 413.798 0.868312 0.196225 -0.455555 1
-17.7393 -29.8503 435.37 0.10988 -0.94528 -0.307201 1
-12.3393 -30.7708 435.251 -0.293644 -0.955553 -0.0263099 1
-11.3533 -31.2137 435.254 -0.169709 -0.977102 -0.128338 1
39.5876 -30.432 434.45 0.866156 -0.295887 -0.402771 1
39.6867 -30.4223 434.577 0.323944 -0.382816 -0.865166 1
39.7932 -33.0154 434.572 0.726121 0.10721 -0.679157 1
8.77287 38.255 437.627 0.0423843 0.999053 0.00979019 0.651584
0.461056 -9.62938 474.706 0.457955 -0.238163 0.856478 1
38.4637 -9.02686 432.957 0.773533 0.0138897 -0.633603 1
35.4567 31.2807 430.578 0.860093 0.125879 -0.494362 1
30.1599 -31.1277 419.369 0.464426 -0.386658 -0.796746 1
29.2163 23.5791 419.854 0.769234 -0.262368 -0.582617 1
-0.545773 -34.1175 468.172 0.739097 -0.339612 0.581721 1
-7.9338 -25.8337 409.474 -0.474256 -0.838355 -0.26878 1
-9.61318 -25.6793 409.364 -0.0698129 -0.955904 -0.285261 1
-13.5343 -25.2771 409.374 -0.0847935 -0.986223 -0.142037 1
-44.5357 -2.11351 421.613 -0.367085 0.856343 -0.363215 1
-48.5389 11.7786 427.7 -0.904829 0.202773 -0.374389 1
32.3888 -32.006 423.173 0.828827 -0.306977 -0.467772 1
33.4497 21.1844 426.346 0.844847 0.00558644 -0.534979 1
-6.72576 -28.9834 423.793 -0.0393599 -0.994485 0.0972167 1
-10.934 -29.1965 425.47 -0.0189876 -0.999058 0.0390225 1
-12.3386 -28.8885 425.478 -0.390258 -0.810256 -0.437246 1
-16.8345 -33.5981 446.117 0.0956565 -0.949913 -0.297516 1
33.1621 36.5818 427.772 0.824643 0.438945 -0.35678 1
32.8027 -31.8276 423.672 0.815078 -0.223686 -0.534427 1
-23.9362 44.7146 429.376 0.0744658 0.910907 0.405837 1
-20.146 44.0699 429.865 0.0703465 0.990275 0.120028 1
-7.35456 -26.0118 409.059 0.11493 -0.962249 -0.246714 1
30.4041 21.9806 421.366 0.861497 0.214102 -0.460417 1
39.8185 -29.4487 434.657 0.905561 -0.0437795 -0.421951 1
39.3569 -22.2192 434.662 0.861442 0.0210132 -0.507422 1
-10.8172 41.7965 435.005 -0.0137188 0.979587 0.200551 1
-10.5478 41.5066 435.27 -0.0176023 0.979545 0.200455 1
-11.0168 41.4006 435.974 0.191611 0.981404 -0.0114489 1
-9.93022 41.4708 435.971 0.214317 0.932563 0.290506 1
40.5153 -20.43 436.252 0.840792 -0.188265 -0.507567 1
30.4264 -30.4796 419.969 0.704807 -0.299912 -0.642883 1
-40.4222 44.3933 438.155 -0.0942683 0.978341 0.184288 1
2.55182 39.3923 438.366 0.603859 0.462801 0.648976 1
2.64988 39.4017 438.373 -0.613053 0.663227 0.429298 1
3.96503 39.2875 438.371 -0.00620733 0.972966 0.230865 1
42.4745 -11.8302 440.262 0.913576 0.133643 -0.384082 1
-44.2361 -2.62593 421.33 -0.712181 0.391624 -0.582605 1
-44.8898 -2.16343 421.444 -0.245674 0.44486 -0.861245 1
-26.142 -25.7537 418.109 -0.0651722 -0.973749 -0.218096 1
43.6286 -22.5721 441.164 0.858536 -0.208525 -0.468436 1
43.0255 -14.4218 441.17 0.851543 0.0519128 -0.521708 1
43.4021 -12.2299 441.446 0.838372 0.0685546 -0.540771 1
43.3619 -5.61942 441.561 0.86637 -0.120987 -0.484525 1
28.0619 -31.4715 416.865 0.441067 -0.764444 -0.470198 1
-9.33461 -33.4517 444.177 -0.164231 -0.953774 -0.251682 1
29.2583 22.6329 420.837 0.492534 0.651178 -0.577389 1
39.8681 -29.0739 444.393 0.512841 -0.109192 0.851511 1
29.0449 22.5154 420.731 0.154584 0.525979 -0.836331 1
39.6476 -28.6229 444.443 0.175556 -0.277389 0.944582 1
45.0227 8.20806 444.771 0.838159 0.230265 -0.494437 1
32.3019 35.1588 426.067 0.913296 0.184619 -0.363051 1
-36.7597 -30.3941 446.181 -0.716617 -0.682874 0.141926 1
38.9011 -24.1929 446.329 0.641038 -0.248407 0.726199 1
39.5431 -21.1275 446.361 0.448374 -0.196789 0.871914 1
28.9983 21.9284 420.817 -0.969241 -0.187716 0.159166 0.751542
-14.9513 -25.1475 409.171 -0.418377 -0.90296 -0.0981045 1
41.0717 -14.2177 448.161 0.654408 -0.328278 0.681163 1
-3.85641 38.3711 447.158 0.136039 0.979617 0.147794 1
-24.8264 35.9259 467.353 -0.487128 0.713942 0.502984 1
-48.0854 -7.26465 428.365 -0.91481 -0.00748267 0.403816 1
-48.576 12.9754 428.184 -0.951281 0.108271 -0.28869 1
-10.7385 27.8252 490.684 -0.858901 -0.0702503 0.5073 1
-20.99 22.8083 473.941 -0.83967 -0.0861936 0.536213 1
-22.8357 34.4195 471.495 -0.689783 0.505906 0.517937 1
-17.8375 -26.1068 478.9 -0.810917 -0.0931512 0.5777 1
-18.2137 -37.1411 477.17 -0.601142 -0.306221 0.738144 1
-42.3542 43.9242 438.092 -0.594235 0.63216 0.497251 1
-50.1815 -3.04113 424.79 -0.963347 0.162458 -0.213471 1
-28.1186 34.9613 462.357 -0.845844 -0.172551 0.504752 1
-10.4828 27.9869 491.25 -0.45332 0.294271 0.841372 1
-45.281 -26.0223 431.105 -0.426843 -0.900874 0.0789345 1
-17.8478 -38.6989 476.746 -0.394107 -0.801406 0.449921 1
-41.8284 -28.0077 438.055 -0.645378 -0.760871 -0.0675456 1
-25.572 35.7976 466.246 -0.657935 0.455278 0.599869 1
-17.3937 -24.9937 479.708 -0.745557 0.278188 0.605603 1
-20.2809 -30.7325 474.375 -0.80613 -0.115234 0.580409 1
-17.2973 -25.2053 479.915 -0.827017 0.285531 0.484267 1
-12.027 23.221 490.197 -0.38883 -0.0335181 0.9207 1
-41.8661 43.7581 439.028 -0.485745 0.730813 0.479545 1
-18.9699 -37.088 475.941 -0.698356 -0.541429 0.468139 1
-44.0876 42.7757 435.021 -0.950282 0.310982 -0.0159145 1
-41.5898 -27.9996 439.352 -0.676791 -0.181725 0.713393 1
-49.9663 0.810902 425.63 -0.953477 0.0130147 -0.301186 1
-23.4232 32.8844 470.166 -0.841555 -0.0280408 0.539444 1
-12.3247 29.9195 488.005 -0.341149 0.694215 0.633785 1
-29.877 38.3686 459.593 -0.625426 0.607567 0.489596 1
-51.4696 -19.8033 421.278 -0.993187 -0.0818874 -0.0829066 1
-37.9696 -29.5562 443.875 -0.941033 -0.316363 -0.119877 1
-49.4924 5.8739 426.905 -0.985648 0.106466 -0.131004 1
-19.2137 -21.6962 476.233 -0.855433 -0.100236 0.508121 1
-50.4188 -9.98942 423.896 -0.997869 -0.0237412 0.0607823 1
-50.243 -3.90032 424.507 -0.884536 -0.365015 -0.29045 1
-47.1287 0.523815 430.453 -0.871971 -0.028993 0.488698 1
-21.2937 31.2057 474.171 -0.705859 0.0436086 0.707009 1
-39.1413 42.3687 443.752 -0.489592 0.554125 0.673235 1
-13.9919 30.8509 485.276 -0.366917 0.855698 0.364902 1
-11.1442 28.1221 489.898 -0.698255 0.20562 0.685683 1
-10.7506 28.4188 490.466 -0.699362 0.451451 0.554152 1
-10.4927 28.491 490.975 -0.420443 0.423163 0.802596 1
-39.8715 -28.5992 441.255 -0.598949 -0.682074 0.419566 1
-51.2349 -14.5796 422.283 -0.992921 -0.0219811 0.116725 1
-42.8856 36.7903 437.23 -0.954283 0.174486 0.242692 1
-13.3789 4.15787 486.407 -0.214853 -0.10121 0.971388 1
-29.8267 -32.972 457.927 -0.774875 -0.607325 0.175285 1
-18.0931 -22.5304 477.964 -0.771003 -0.158376 0.616823 1
-19.9745 -25.0931 474.836 -0.793795 -0.030375 0.607427 1
-51.445 -14.5858 421.951 -0.955756 -0.1474 -0.254566 1
-25.219 -30.7169 466.005 -0.841283 -0.235505 0.4866 1
-11.9274 18.9677 489.532 -0.551276 -0.204737 0.808813 1
-37.837 -29.4599 444.129 -0.973728 -0.185384 0.132237 1
-28.1021 -33.6139 461.196 -0.740373 -0.535208 0.406695 1
-50.6407 -10.4525 423.391 -0.921932 0.300487 0.244436 1
-35.6476 39.2738 449.287 -0.793959 0.252331 0.553135 1
-20.3292 29.8188 475.862 -0.904287 -0.0274932 0.42604 1
-44.699 40.2101 434.289 -0.965365 0.260903 0.000177921 1
-16.9444 32.1331 480.631 -0.34116 0.776921 0.529154 1
-50.7062 -12.3957 423.053 -0.985196 0.118127 0.124233 1
-50.8293 -22.6164 422.835 -0.933666 0.0219648 0.35747 1
-47.9329 10.5381 429.416 -0.938069 -0.00275269 0.346437 1
-32.5063 39.5539 455.076 -0.375354 0.718845 0.585125 1
-46.1159 24.8209 432.035 -0.92991 0.0973396 0.354671 1
-42.7457 35.3091 437.611 -0.917661 0.000620341 0.397363 1
-15.3821 30.198 483.071 -0.531033 0.556854 0.638684 1
-17.7988 -30.7901 478.294 -0.527405 -0.224383 0.819449 1
-43.5409 42.527 436.216 -0.864186 -0.403732 0.300306 1
-41.8664 43.9156 438.909 -0.348542 0.450149 0.822122 1
-13.8537 2.61813 485.392 -0.551308 -0.00914358 0.834252 1
-45.4015 27.5521 433.197 -0.965199 0.0625886 0.253918 1
-19.1395 -25.9682 476.455 -0.66107 0.288362 0.6927 1
-12.4773 19.952 488.475 -0.901847 0.0768622 0.425164 1
-12.1453 18.3939 489.068 -0.713797 -0.158025 0.682292 1
-13.5344 30.4381 486.145 -0.588174 0.191444 0.785748 1
-10.799 28.0976 490.477 -0.857153 0.0323155 0.514047 1
-46.377 -24.6863 431.364 -0.951777 -0.109355 0.286641 1
-49.1689 7.34117 427.144 -0.998098 0.0142407 -0.0599858 1
-48.516 -12.3986 427.604 -0.985296 -0.170094 -0.0161087 1
-49.6574 -3.98425 425.7 -0.964326 -0.106306 0.242433 1
-49.7635 -1.01459 425.693 -0.987364 0.101546 -0.121656 1
-49.1862 7.87362 427.185 -0.984522 0.0825669 -0.154592 1
-46.4334 4.44126 431.757 -0.732824 0.167697 0.659429 1
-25.329 35.8942 466.655 -0.739951 0.550128 0.387081 1
-26.2269 36.4995 465.498 -0.580336 0.624985 0.522114 1
-27.1732 -31.4761 462.652 -0.83588 -0.127882 0.533808 1
-16.6369 -18.2786 480.697 -0.534877 -0.213924 0.8174 1
-46.6587 24.3523 431.006 -0.985909 0.0971279 -0.136196 1
-43.7558 38.7417 435.739 -0.848505 0.0119235 0.529052 1
-17.6764 -29.5257 478.408 -0.580513 -0.035721 0.813467 1
-41.1807 42.7723 440.037 -0.831903 0.353353 0.427878 1
-13.4392 30.3458 486.301 -0.756813 0.418574 0.502025 1
-50.5731 -14.1689 423.365 -0.956502 0.0946418 0.275948 1
-50.3592 -21.4222 423.685 -0.918092 0.029099 0.395299 1
-46.402 -6.90051 431.316 -0.892339 -0.0720309 0.445581 1
-40.7136 -17.7012 440.18 -0.832988 -0.0350869 0.552178 1
-19.3946 9.91867 476.734 -0.899511 0.0649743 0.43204 1
-23.9397 -25.0493 468.282 -0.753218 -0.215625 0.621425 1
-19.3467 -19.8787 476.188 -0.857719 -0.0750623 0.50861 1
-16.9924 18.7131 480.928 -0.91528 0.00457501 0.402793 1
-42.7327 33.1058 437.711 -0.913203 -0.112407 0.391695 1
-44.7485 32.8056 434.308 -0.839446 0.145196 0.523688 1
-14.2245 26.5967 485.13 -0.788586 0.237188 0.56734 1
-30.7516 -33.1243 456.285 -0.535813 -0.843709 0.0325522 1
-48.4515 -22.0969 427.667 -0.843823 -0.189293 0.502127 1
-47.7519 -20.1008 428.817 -0.757638 -0.257164 0.599876 1
-44.6314 -25.9922 434.705 -0.814136 -0.341342 0.469753 1
-47.3214 14.8297 430.401 -0.850132 0.0730107 0.521483 1
-45.7438 26.2825 432.622 -0.931238 0.14307 0.335151 1
-21.4889 32.3893 473.943 -0.785787 -0.0663289 0.61493 1
-38.7722 36.3516 444.138 -0.849933 0.0951541 0.518227 1
-27.06 -34.8908 462.915 -0.655217 -0.714557 0.24515 1
-43.0239 33.9436 437.242 -0.887849 -0.0679779 0.455086 1
-42.2429 36.0657 438.459 -0.891345 0.0197016 0.452897 1
-15.0824 30.4782 483.409 -0.714139 0.570689 0.405364 1
-18.9186 -28.6172 476.761 -0.856609 0.120008 0.501816 1
-40.7906 43.0222 440.783 -0.841983 0.482021 0.242324 1
-43.6696 42.667 436.092 -0.823278 -0.414874 0.387418 1
-16.4101 -15.7619 481.302 -0.763205 -0.065048 0.642874 1
-50.7162 -13.8897 423.065 -0.819554 -0.140299 0.555561 1
-18.9514 32.6512 478.57 -0.450236 0.597183 0.663822 1
-49.6913 2.68128 426.304 -0.93245 0.0939544 -0.348868 1
-20.2302 -17.7026 474.883 -0.656153 0.0650323 0.75182 1
-12.8985 12.2953 487.788 -0.661936 -0.32637 0.674777 1
-17.5381 -30.1291 478.674 -0.534086 -0.105915 0.838769 1
-50.541 -16.2199 423.603 -0.936853 0.0232515 0.348949 1
-50.1231 -3.96914 424.841 -0.90165 -0.420604 -0.10059 1
-50.8875 -22.0134 422.573 -0.959326 0.158821 0.233388 1
-48.6078 0.830853 428.019 -0.936818 0.0407365 0.347437 1
-24.3825 32.8411 468.283 -0.9363 0.0218233 0.350523 1
-40.6933 36.201 441.071 -0.870109 0.0453752 0.490766 1
-25.014 -35.8769 466.305 -0.723618 -0.601803 0.337949 1
-35.7916 -29.9209 447.983 -0.756613 -0.503958 0.416609 1
-28.8803 -26.9873 459.839 -0.855302 -0.0629108 0.514296 1
-29.3207 35.423 460.447 -0.898546 0.0502407 0.435994 1
-31.1449 -31.9869 456.023 -0.817676 -0.12081 0.56286 1
-17.235 -18.6567 479.7 -0.715781 -0.121567 0.687663 1
-38.6939 34.9842 444.249 -0.935116 -0.131875 0.328888 1
-17.3644 -28.0124 478.98 -0.576833 -0.237291 0.781637 1
-13.1504 26.1626 487.371 -0.866525 0.198451 0.457987 1
-38.1791 -22.6417 444.254 -0.902205 0.00544819 0.431273 1
-20.2264 33.2484 476.704 -0.698272 0.582898 0.415507 1
-49.7083 -21.9946 425.119 -0.912567 -0.0339127 0.407518 1
-45.805 4.00436 432.796 -0.85935 -0.0310221 0.510446 1
-26.2956 -24.7368 464.375 -0.875792 -0.0171739 0.482383 1
-47.5937 14.9259 429.938 -0.882416 0.0373151 0.468988 1
-23.7608 32.444 469.469 -0.878933 0.11187 0.46364 1
-20.4422 32.0661 476.022 -0.935596 0.230319 0.267607 1
-36.6465 38.6522 447.617 -0.855177 0.125163 0.502997 1
-38.0571 38.6888 445.378 -0.914121 -0.0187876 0.405006 1
-17.669 -27.3148 478.859 -0.70609 -0.290766 0.645672 1
-37.796 41.2998 445.962 -0.731422 0.519176 0.442129 1
-37.5895 -29.7045 444.587 -0.758185 -0.626586 0.180404 1
-25.1222 35.0497 467.004 -0.783146 0.125651 0.60901 1
-49.0158 -3.42157 426.878 -0.945992 -0.0149794 0.323843 1
-47.7135 -2.98304 429.294 -0.873251 0.0423568 0.485426 1
-39.9225 3.60207 442.581 -0.894015 0.0206686 0.44756 1
-46.4936 8.51982 431.759 -0.831691 -0.0126105 0.555095 1
-34.625 33.0343 451.659 -0.904156 -0.0314929 0.42604 1
-25.919 -25.606 465.025 -0.860221 -0.106265 0.498726 1
-31.8741 38.2212 456.189 -0.722582 0.603189 0.337695 1
-16.4817 17.9105 481.802 -0.843354 -0.155449 0.514383 1
-37.8676 35.7476 445.603 -0.873931 0.0718241 0.480715 1
-20.0102 28.2639 476.279 -0.90458 -0.0111237 0.426159 1
-19.6388 28.1311 476.969 -0.887334 -0.00724435 0.461071 1
-19.1127 -25.7092 476.464 -0.625115 -0.226934 0.746815 1
-15.5317 21.8073 483.681 -0.762079 -0.0118592 0.647375 1
-21.0627 -29.1521 473.231 -0.880811 0.0947369 0.463893 1
-49.8546 0.0625818 425.696 -0.994389 0.0717332 -0.0777488 1
-48.7268 7.42467 428.014 -0.902923 -0.0253203 0.429056 1
-31.3731 33.1003 457.038 -0.866281 0.0365559 0.498218 1
-26.2109 -29.8461 464.281 -0.884872 -0.0411605 0.464013 1
-15.144 19.8411 484.294 -0.715774 -0.0660001 0.695206 1
-19.7833 -25.9883 475.271 -0.738527 -0.246482 0.627554 1
-36.4946 39.9993 447.878 -0.782518 0.372041 0.499251 1
-42.0265 37.4545 438.717 -0.86363 0.147658 0.482017 1
-45.3178 32.9611 433.394 -0.959821 0.236401 0.151188 1
-45.0253 35.1676 433.371 -0.993784 0.0370107 0.10499 1
-25.6198 7.20624 466.463 -0.762965 -0.4696 0.444253 1
-24.0726 5.17345 469.039 -0.912537 0.230143 0.338098 1
-28.3594 35.3758 461.958 -0.912009 -0.126446 0.390193 1
-16.5983 31.2201 481.412 -0.525862 0.425955 0.736227 1
-14.5922 28.893 484.313 -0.791102 0.189848 0.581477 1
-51.5586 -20.327 420.942 -0.991498 0.129138 0.0159876 1
-50.3967 -8.17708 424.089 -0.99604 -0.0414081 0.0786776 1
-26.0447 35.1389 465.548 -0.852069 0.0324588 0.522423 1
-17.5239 -22.5151 478.928 -0.798989 -0.127939 0.587579 1
-30.1723 38.3493 459.285 -0.575916 0.53466 0.618433 1
-49.13 -21.8572 426.389 -0.910069 -0.0124902 0.414269 1
-51.2994 -16.6706 422.15 -0.989537 0.138503 -0.0404069 1
-49.4591 -5.68916 426.015 -0.973929 0.188824 0.125727 1
-42.0219 -13.7797 438.222 -0.775855 -0.0879848 0.624746 1
-43.9228 19.87 436.128 -0.957671 0.0599414 0.281556 1
-20.1858 26.087 475.701 -0.828995 -0.0259444 0.558655 1
-20.5551 22.6269 474.699 -0.904278 0.0236391 0.42629 1
-32.2662 39.242 455.312 -0.745671 0.463428 0.478758 1
-40.8574 35.0098 440.776 -0.89023 -0.194979 0.411671 1
-23.483 -31.2037 469.024 -0.895982 -0.0393927 0.442339 1
-23.1946 -33.1733 469.476 -0.879027 -0.173194 0.444202 1
-22.6678 -34.142 470.247 -0.785245 -0.3994 0.47315 1
-41.7763 41.761 439.087 -0.88259 0.18519 0.432134 1
-50.3247 -18.83 423.964 -0.944274 -0.0397715 0.32675 1
-32.7413 -28.1799 453.146 -0.77037 -0.0823104 0.632262 1
-35.8485 26.1389 449.541 -0.863419 0.0628976 0.500551 1
-25.6218 -26.2381 465.475 -0.84473 -0.0755706 0.529831 1
-39.6131 26.3092 443.241 -0.885443 -0.0259631 0.464022 1
-16.3148 -13.9889 481.636 -0.731235 -0.0132717 0.681996 1
-21.3679 32.5983 474.219 -0.82307 0.221583 0.522931 1
-21.976 34.2704 473.268 -0.754868 0.443358 0.483331 1
-39.9798 36.7934 442.236 -0.855958 0.0049029 0.517023 1
-25.117 -34.2995 466.244 -0.537283 0.332319 0.775172 1
-41.4771 36.2308 439.761 -0.867925 0.0682571 0.491983 1
-43.0825 36.4031 436.895 -0.94914 0.152018 0.275723 1
-27.0365 5.27511 464.117 -0.82451 0.0221118 0.565415 1
-15.4876 5.93602 482.992 -0.727671 0.0225092 0.685557 1
-19.1498 25.8387 477.643 -0.737646 -0.246282 0.628668 1
-44.774 27.5917 434.206 -0.872958 0.0484723 0.48538 1
-15.537 23.4421 483.554 -0.817441 0.0710007 0.57162 1
-19.1698 -28.8247 476.339 -0.667905 0.0393698 0.743204 1
-13.5556 26.3721 486.44 -0.841122 0.251679 0.478719 1
-12.2908 27.8627 488.704 -0.742781 0.244699 0.623217 1
-33.2058 -29.6073 452.284 -0.814832 -0.0961799 0.571663 1
-49.1819 6.80479 427.246 -0.988362 0.151568 0.0129659 1
-41.3422 -27.58 439.507 -0.615497 -0.15325 0.773096 1
-36.9639 -29.9245 446.018 -0.832916 -0.47738 0.279925 1
-28.2696 -23.1591 460.949 -0.832537 0.0669532 0.549909 1
-40.3849 22.5577 442.023 -0.828824 -0.0670796 0.555473 1
-46.4098 22.8008 431.62 -0.962831 0.0153665 0.269667 1
-45.394 28.5979 433.269 -0.977479 0.0392266 0.207354 1
-45.2563 31.8665 433.585 -0.946787 -0.0333365 0.320131 1
-43.2977 40.0054 436.572 -0.90298 0.0442318 0.427399 1
-47.1807 -24.495 429.971 -0.930935 0.362604 -0.0433434 1
-51.1974 -15.6997 422.432 -0.992168 -0.021317 -0.123077 1
-44.1071 -19.8755 434.933 -0.841061 0.217522 0.495279 1
-46.3178 -2.82607 431.649 -0.879646 0.0143308 0.475412 1
-39.6006 -20.9119 441.923 -0.842733 0.0149589 0.538125 1
-28.7232 -21.124 460.287 -0.734267 0.194833 0.650301 1
-27.3334 30.216 463.549 -0.915814 -0.0254685 0.400795 1
-45.0171 22.4938 434.098 -0.890741 0.115437 0.439607 1
-15.4549 15.0526 483.442 -0.868393 0.0330896 0.494771 1
-19.868 32.6348 477.131 -0.718048 0.326854 0.61447 1
-14.3542 19.0488 485.423 -0.758845 0.127523 0.638664 1
-19.7129 -26.3223 475.44 -0.887657 -0.0592684 0.456675 1
-17.1545 -22.3456 479.577 -0.800858 -0.0242045 0.598365 1
-15.492 24.4819 483.555 -0.849698 0.0270072 0.526577 1
-47.6471 -13.2392 429.152 -0.866037 0.0028652 0.499971 1
-42.5216 -17.3649 437.183 -0.945291 -0.0602328 0.320619 1
-39.7696 -23.2026 441.529 -0.88231 -0.0432652 0.468676 1
-34.5297 22.3541 451.684 -0.859904 -0.00888537 0.510378 1
-39.4433 22.9872 443.586 -0.86765 -0.0783523 0.490963 1
-29.1953 -29.4341 459.357 -0.856661 -0.071597 0.510887 1
-14.5508 8.22709 484.562 -0.845484 0.0867352 0.52691 1
-45.369 25.3806 433.292 -0.819299 0.0833351 0.567279 1
-45.1715 24.9784 433.65 -0.858091 0.184837 0.479077 1
-13.1742 7.55751 486.941 -0.413307 0.0132059 0.910496 1
-36.5819 35.6952 447.846 -0.843616 -0.0795567 0.53102 1
-35.795 40.2214 448.991 -0.545943 0.492237 0.677974 1
-42.9752 28.8941 437.248 -0.641228 0.0777227 0.763404 1
-20.4859 30.741 475.683 -0.949905 0.0803463 0.302036 1
-12.2298 19.363 488.938 -0.887372 -0.0681522 0.45599 1
-44.4795 38.0777 434.526 -0.951239 0.0955608 0.29328 1
-43.6828 39.9588 435.937 -0.885731 0.129279 0.445833 1
-41.7799 -8.93647 438.918 -0.847521 0.029556 0.529939 1
-22.5885 27.6579 471.32 -0.886169 0.058696 0.45963 1
-20.7468 -21.0843 473.805 -0.760178 0.0100015 0.649638 1
-30.4595 -30.208 457.145 -0.816045 0.0910258 0.570775 1
-24.5549 -24.789 467.292 -0.85461 -0.11073 0.507327 1
-47.8735 12.4293 429.477 -0.70052 -0.035538 0.712748 1
-30.5625 -30.8315 456.989 -0.852627 -0.0430054 0.520747 1
-27.4581 -32.2977 462.207 -0.788738 -0.137056 0.599257 1
-46.4319 7.91311 431.851 -0.843971 0.00175548 0.536386 1
-37.043 25.7413 447.577 -0.860066 -0.0319026 0.509184 1
-47.049 21.1953 430.564 -0.993172 0.113057 0.0287803 1
-48.5321 7.89091 428.352 -0.911988 0.0721407 0.403823 1
-16.9231 14.2856 480.698 -0.882666 -0.0517034 0.467148 1
-47.929 14.6011 429.363 -0.941029 0.0754078 0.329816 1
-22.3974 31.2681 472.011 -0.877453 0.120924 0.46417 1
-22.0583 31.593 472.712 -0.864831 0.0427925 0.500236 1
-49.0259 -22.8602 426.586 -0.841462 -0.246865 0.480625 1
-45.788 -25.3318 432.563 -0.784238 -0.554833 0.277725 1
-49.5599 -6.29262 425.814 -0.980684 0.133218 0.14322 1
-39.4404 7.96982 443.516 -0.832448 -0.0929729 0.546248 1
-21.269 -15.8031 473.135 -0.946958 0.110456 0.301778 1
-29.3171 36.35 460.596 -0.92023 0.169583 0.352729 1
-25.5942 -28.5188 465.352 -0.817208 -0.11335 0.565087 1
-25.4755 -30.452 465.569 -0.756241 -0.188171 0.62665 1
-12.9098 11.7854 487.79 -0.758 0.0129282 0.652127 1
-20.0991 -32.2786 474.555 -0.703494 -0.300356 0.644114 1
-37.3463 -29.1956 445.344 -0.858287 -0.32581 0.396473 1
-39.8742 38.5414 442.337 -0.867314 0.13727 0.478459 1
-48.3155 -4.19038 428.136 -0.917352 -0.0699519 0.391883 1
-20.39 -15.0705 474.645 -0.848115 -0.11733 0.516658 1
-15.4041 7.40853 483.072 -0.772002 -0.0894466 0.629294 1
-20.5929 -19.1539 474.219 -0.81156 -0.0951624 0.576467 1
-37.4102 39.0443 446.4 -0.851376 0.147259 0.503462 1
-18.8455 -31.3071 476.577 -0.720133 -0.195646 0.665681 1
-13.8507 26.9466 485.793 -0.752697 0.308069 0.581842 1
-15.105 -4.04629 484.104 -0.468013 -0.146769 0.871449 1
-48.1596 11.9656 428.994 -0.915854 -0.137412 0.377266 1
-40.1454 33.4947 441.865 -0.938448 -0.0442346 0.342576 1
-14.89 25.6706 484.275 -0.766082 0.095858 0.635555 1
-25.0011 -34.2365 466.439 -0.96211 0.178234 0.20634 1
-48.4209 -8.74905 427.794 -0.868751 -0.0204922 0.494826 1
-30.7475 33.5029 458.041 -0.560112 0.0316363 0.827813 1
-20.8953 -22.4211 473.454 -0.794744 -0.0739287 0.602426 1
-17.0627 19.544 480.877 -0.941591 0.00880799 0.336645 1
-17.9455 30.1483 479.906 -0.729137 0.0958371 0.677624 1
-15.2498 26.9633 483.657 -0.828605 0.264851 0.493222 1
-43.4945 39.0579 436.196 -0.35562 -0.136227 0.924649 1
-49.5583 -5.69621 425.833 -0.948908 0.312991 0.0401336 1
-46.1246 19.0233 432.384 -0.861754 -0.0382385 0.505884 1
-38.0299 40.5384 445.516 -0.868114 0.28905 0.40352 1
-25.8925 -33.9434 464.899 -0.864646 -0.183877 0.467522 1
-40.3163 34.4547 441.62 -0.83629 -0.0833443 0.541917 1
-13.9655 23.2296 485.836 -0.799902 -0.0936922 0.592772 1
-17.2486 30.5504 480.705 -0.76512 0.170152 0.620999 1
-20.7918 -33.2317 473.344 -0.800663 -0.34821 0.487533 1
-18.3504 -33.6628 477.232 -0.548572 -0.185225 0.815328 1
-37.9526 5.32491 445.927 -0.832485 -0.00416306 0.554033 1
-28.8062 14.1624 461.213 -0.886156 0.0355295 0.462023 1
-44.7573 22.6589 434.544 -0.868005 0.0100302 0.496454 1
-17.0486 -13.6893 480.482 -0.783952 0.0482759 0.618941 1
-22.1454 30.4943 472.413 -0.848877 -0.0254928 0.527975 1
-22.6118 -30.1542 470.542 -0.887707 -0.00907488 0.46032 1
-21.5868 -32.3353 472.124 -0.812412 -0.224257 0.538234 1
-37.1245 -27.1388 445.834 -0.956795 -0.0576618 0.284989 1
-36.4265 -4.57729 448.148 -0.806115 -0.0656168 0.58811 1
-42.2854 33.0314 438.435 -0.9131 -0.0468182 0.405039 1
-16.3804 30.0386 481.841 -0.635168 0.0122558 0.772276 1
-18.6183 -34.4003 476.706 -0.726232 -0.12164 0.676603 1
-31.5027 -29.8226 455.205 -0.951354 -0.143725 0.272521 1
-20.6004 -16.5208 474.264 -0.73523 -0.0163712 0.67762 1
-40.8282 21.3961 441.276 -0.798661 -0.107734 0.592059 1
-24.2162 33.5851 468.644 -0.973944 -0.0341694 0.2242 1
-23.1648 -25.0782 469.548 -0.834177 -0.210645 0.509683 1
-30.7258 38.266 458.402 -0.617248 0.638456 0.459759 1
-49.2986 -16.4209 425.837 -0.868063 0.132481 0.478452 1
-49.8667 -14.3051 424.786 -0.884134 0.0910603 0.458273 1
-40.454 -21.6622 440.467 -0.856983 -0.0262147 0.514677 1
-18.0907 11.1099 478.859 -0.832508 0.0414938 0.552458 1
-22.6033 28.4031 471.333 -0.883806 -0.00576287 0.467817 1
-28.9509 36.1861 461.096 -0.85605 0.12902 0.500531 1
-41.498 22.6794 440.216 -0.8483 -0.0101065 0.529419 1
-46.0869 22.1736 432.245 -0.858507 -0.0119224 0.512664 1
-19.4879 -22.6352 475.706 -0.809194 -0.061348 0.58433 1
-37.2892 36.4328 446.561 -0.882396 0.0560291 0.46716 1
-44.6193 30.6974 434.617 -0.820431 -0.0154632 0.571537 1
-17.0553 28.4315 481.154 -0.805094 0.00536988 0.593123 1
-41.4057 41.3147 439.807 -0.845513 0.0154725 0.53373 1
-49.3273 -23.7637 425.233 -0.782043 -0.587632 0.207599 1
-42.7646 -22.239 436.985 -0.798162 -0.0636236 0.599074 1
-43.4614 -13.9095 435.804 -0.823579 -0.027093 0.566554 1
-48.6243 9.23092 428.27 -0.889071 -0.00373672 0.457755 1
-27.9493 -27.3344 461.507 -0.747764 0.539133 0.387537 1
-42.8654 29.0277 437.429 -0.668175 -0.480025 0.568435 1
-18.9294 30.7647 478.496 -0.775788 0.148677 0.613228 1
-40.5389 37.2044 441.299 -0.882745 0.188929 0.430194 1
-48.955 -23.4589 426.722 -0.806732 -0.27247 0.524351 1
-51.3673 -18.2296 421.789 -0.994322 0.10633 0.0042538 1
-31.0909 -30.2922 455.989 -0.912978 0.000238491 0.408008 1
-12.4315 24.9624 489.09 -0.670709 0.100541 0.734875 1
-30.8833 -32.9949 456.16 -0.412243 -0.812087 0.413003 1
-15.5274 9.21309 482.906 -0.788307 -0.0420111 0.613846 1
-40.7751 31.5489 440.877 -0.941951 0.0627752 0.32983 1
-14.9375 13.1892 484.212 -0.701033 -0.113515 0.704036 1
-49.8246 -17.4898 424.949 -0.906355 0.0172422 0.422166 1
-43.3281 -11.9901 436.139 -0.861251 0.0060207 0.508145 1
-38.0162 -13.0159 445.018 -0.867697 -0.0747979 0.491433 1
-31.6633 21.1987 456.43 -0.891523 0.121916 0.436261 1
-21.7648 29.506 473.04 -0.806312 -0.0229827 0.591044 1
-19.2802 25.472 477.353 -0.690904 -0.0314832 0.722261 1
-34.8897 38.6817 450.58 -0.644021 0.508152 0.571855 1
-20.8092 -34.111 473.357 -0.746001 -0.304173 0.592419 1
-48.3144 -19.6961 427.775 -0.892798 -0.011261 0.450316 1
-21.5965 32.3142 473.718 -0.659413 -0.26891 0.702041 1
-21.1427 31.1383 474.457 -0.918265 0.223252 0.32703 1
-35.9015 39.2956 448.855 -0.755989 0.00308941 0.654577 1
-47.1175 -13.1133 430.048 -0.827414 0.0766619 0.556336 1
-23.5223 -11.6434 469.524 -0.886963 0.217295 0.407528 1
-20.4402 -17.83 474.523 -0.863695 -0.00010471 0.504014 1
-23.504 26.4132 469.798 -0.881976 0.00342012 0.471283 1
-16.3813 -13.6366 481.589 -0.645196 -0.0518692 0.762255 1
-44.777 20.9347 434.63 -0.872853 -0.0522765 0.485175 1
-44.433 -24.9313 434.816 -0.83748 -0.146852 0.526366 1
-41.4606 -24.1781 438.884 -0.83521 0.0207915 0.549538 1
-47.009 3.5824 430.767 -0.897865 0.0370146 0.438712 1
-40.0881 23.3839 442.532 -0.909774 -0.0339178 0.413715 1
-14.175 1.22977 485.123 -0.571817 -0.165475 0.803519 1
-15.9971 11.6292 482.187 -0.860165 -0.00044556 0.510016 1
-17.5478 -19.5898 479.087 -0.713544 -0.183148 0.676249 1
-43.3521 42.9347 436.672 -0.875787 0.0899224 0.474249 1
-51.0978 -16.5585 422.578 -0.953957 -0.217002 0.207064 1
-47.4711 -5.90033 429.542 -0.88905 -0.0503179 0.455037 1
-23.08 10.796 470.642 -0.821509 -0.0692435 0.565976 1
-28.1146 -28.133 461.21 -0.822201 -0.106325 0.559179 1
-31.4806 -31.9682 455.401 -0.867507 -0.109242 0.485281 1
-42.1444 23.7811 439.134 -0.862606 0.0505523 0.503345 1
-45.4975 20.7157 433.38 -0.911041 -0.00412107 0.412296 1
-22.0589 -25.175 471.347 -0.831271 -0.145389 0.536517 1
-13.3694 24.5672 486.815 -0.854352 -0.0918194 0.511519 1
-44.6747 35.1644 434.063 -0.922779 0.0544722 0.38146 1
-47.1148 -9.55898 429.993 -0.912934 -0.13688 0.384467 1
-44.4967 7.40099 435.089 -0.677137 0.0402367 0.734756 1
-19.48 6.87634 476.621 -0.806582 0.0513113 0.588891 1
-24.104 29.0896 468.801 -0.868368 -0.0405159 0.494263 1
-26.6852 28.2028 464.607 -0.917717 -0.0488857 0.394215 1
-35.2155 33.256 450.572 -0.89193 0.0454879 0.449879 1
-28.6716 -31.0855 460.094 -0.80373 -0.0778944 0.589873 1
-25.6944 -29.8263 465.17 -0.762464 -0.0691922 0.643321 1
-19.3649 27.427 477.405 -0.861418 -0.0673104 0.503417 1
-21.8974 29.0272 472.727 -0.841447 0.0329376 0.539334 1
-16.8024 20.6744 481.472 -0.977065 0.0599768 0.204319 1
-44.1676 29.0559 435.236 -0.842163 0.0869032 0.532175 1
-45.7812 -23.7016 432.576 -0.895674 0.143249 0.421009 1
-30.6014 -30.2941 456.891 -0.79286 0.160871 0.587787 1
-24.1957 32.161 468.628 -0.85834 0.0580788 0.509784 1
-13.9508 4.13353 485.303 -0.677583 0.296817 0.67289 1
-13.8807 24.8056 485.903 -0.847855 0.019341 0.529875 1
-49.6121 -7.53314 425.656 -0.923449 0.0213516 0.383127 1
-44.2976 -15.2451 434.48 -0.86237 0.033961 0.505138 1
-25.4659 -10.3333 466.317 -0.823519 -0.0200731 0.566933 1
-18.7781 18.1953 477.671 -0.80893 -0.0209518 0.587531 1
-40.9612 23.0068 441.084 -0.831166 0.101192 0.546739 1
-15.8453 6.74332 482.42 -0.89491 -0.0296847 0.445258 1
-24.1653 -26.2509 467.826 -0.813666 -0.318672 0.486205 1
-16.5372 22.7807 482.042 -0.847825 0.03995 0.52877 1
-15.9757 26.5249 482.727 -0.84169 0.130018 0.524073 1
-14.8968 27.4067 484.083 -0.840781 0.125155 0.52671 1
-40.0797 42.7353 442.276 -0.562054 0.678068 0.473624 1
-39.7681 -27.3841 441.34 -0.88694 -0.106956 0.449331 1
-26.8157 -3.13186 464.357 -0.845238 -0.0337313 0.533325 1
-28.6997 36.7163 461.531 -0.862558 0.119287 0.491696 1
-17.6504 -14.589 479.392 -0.81505 -0.107005 0.569424 1
-47.3957 -20.2025 429.507 -0.863366 -0.214975 0.456492 1
-42.4767 -11.0164 437.625 -0.967494 0.065452 0.244279 1
-39.3771 -25.9555 441.941 -0.690271 -0.0715862 0.720001 1
-34.7706 -26.188 449.845 -0.859628 0.0214113 0.510472 1
-23.8914 -8.41288 469.065 -0.834642 -0.0432159 0.549095 1
-43.53 21.8399 436.753 -0.891267 0.00453537 0.453455 1
-40.3631 33.7615 441.518 -0.892119 -0.112987 0.437445 1
-20.1647 -32.9208 474.41 -0.689546 -0.232272 0.685985 1
-40.3984 -23.7767 440.478 -0.859359 -0.0486166 0.509056 1
-16.3505 -10.6915 481.655 -0.66859 0.0155499 0.743468 1
-46.6714 4.34582 431.356 -0.843466 -0.0823221 0.530837 1
-40.7831 22.5833 441.371 -0.820607 0.0209705 0.571109 1
-24.2483 31.7288 468.539 -0.839275 0.0903018 0.536156 1
-26.3091 33.731 465.171 -0.840311 0.00938845 0.542023 1
-47.676 13.5964 429.806 -0.91704 0.0693364 0.392721 1
-41.6568 24.0847 439.907 -0.869276 0.0454022 0.492238 1
-47.5751 17.3241 430.004 -0.913726 0.382328 0.137587 1
-45.8715 22.3333 432.615 -0.900953 0.147331 0.408138 1
-23.5899 -33.8949 468.773 -0.832338 -0.29824 0.46719 1
-24.1584 -34.2505 467.836 -0.927775 -0.186747 0.323046 1
-12.8472 27.2354 487.915 -0.791895 0.263749 0.550763 1
-47.2669 -24.4749 429.828 -0.840583 0.052443 0.539139 1
-37.7963 -28.5643 444.494 -0.987135 -0.0424443 0.154153 1
-46.5016 -16.1514 431.121 -0.845473 0.0137202 0.533843 1
-45.7813 -14.851 432.201 -0.786983 0.369768 0.493893 1
-32.6991 -3.08105 454.508 -0.894309 0.275661 0.352452 1
-28.5427 6.57591 461.626 -0.816387 -0.0413002 0.576026 1
-20.0229 -8.62099 475.563 -0.860643 0.123714 0.493953 1
-26.9274 22.8941 464.24 -0.895286 -0.0332287 0.444251 1
-48.2737 12.6876 428.8 -0.938623 0.00453096 0.344916 1
-46.192 19.5201 432.248 -0.907141 0.0680221 0.415294 1
-20.2931 25.0644 475.375 -0.824334 -0.0470398 0.564146 1
-33.2459 36.3701 453.931 -0.808105 0.334239 0.485027 1
-21.5678 -23.8101 472.255 -0.769597 -0.0278025 0.637924 1
-18.5934 29.6452 479.047 -0.790611 -0.0519531 0.610111 1
-17.1927 27.8776 480.953 -0.804704 -0.0622513 0.590404 1
-42.4777 40.1715 437.931 -0.860936 0.153223 0.48509 1
-49.8437 -13.4129 424.877 -0.85557 -0.0155978 0.517452 1
-42.6502 -16.7462 437.003 -0.940012 -0.158541 0.302065 1
-39.8906 -22.8229 441.345 -0.876456 0.00482078 0.481457 1
-46.9653 5.34594 430.895 -0.8817 -0.0314944 0.470758 1
-37.6216 -28.3304 444.889 -0.989772 0.0489726 0.133992 1
-47.9204 11.3598 429.421 -0.888688 0.181821 0.420922 1
-30.6547 -21.6715 457.001 -0.86472 -0.0437358 0.500346 1
-32.9367 -30.5432 452.679 -0.844669 -0.291804 0.44876 1
-28.0136 -27.2533 461.391 -0.650236 0.244369 0.719359 1
-23.3377 31.2894 470.2 -0.851991 0.0483492 0.521318 1
-15.7096 12.8305 482.789 -0.935013 -0.00974074 0.354481 1
-36.7678 35.0982 447.578 -0.762721 0.0249752 0.646245 1
-19.5955 29.9817 477.246 -0.856399 0.0343102 0.515173 1
-39.4099 -27.2633 441.865 -0.821104 -0.0748107 0.565855 1
-47.842 17.1027 429.525 -0.904228 0.41522 0.0998181 1
-50.5755 -20.8089 423.263 -0.954309 -0.0103986 0.298642 1
-13.3668 17.5881 486.849 -0.909742 0.160485 0.382903 1
-44.0283 37.1048 435.2 -0.894433 0.0783087 0.440293 1
-23.7536 -24.7686 468.607 -0.842844 -0.245657 0.478818 1
-22.0563 33.5486 472.967 -0.791401 0.125528 0.59827 1
-46.4704 -14.1655 431.12 -0.805341 -0.0950405 0.585144 1
-47.8238 8.89957 429.572 -0.924488 0.0367813 0.379432 1
-14.6512 15.2829 484.901 -0.747732 -0.0767831 0.659546 1
-44.95 -22.94 433.926 -0.902256 -0.00834494 0.431121 1
-46.4948 -8.66485 431.062 -0.866089 -0.188037 0.463176 1
-33.2864 4.05873 453.722 -0.846376 -0.123691 0.518023 1
-42.9234 26.6483 437.497 -0.862935 0.0865847 0.497842 1
-27.9381 35.8517 462.634 -0.802422 0.0450582 0.595054 1
-41.6469 26.1315 439.739 -0.852837 0.0482061 0.519947 1
-23.6144 -24.2941 468.868 -0.856798 -0.130453 0.498878 1
-27.8725 -1.06591 462.633 -0.830893 0.0266512 0.555794 1
-17.8417 -12.8505 479.068 -0.813647 -0.0556657 0.578689 1
-43.046 19.1383 437.594 -0.873698 -0.00358407 0.486455 1
-29.3822 -31.7146 458.9 -0.852429 -0.231599 0.46875 1
-29.1005 31.0357 460.684 -0.823687 0.0480022 0.565009 1
-45.1086 21.4246 434.017 -0.893702 0.00266948 0.448653 1
-16.842 -15.5711 480.625 -0.751861 -0.144059 0.643391 1
-20.5289 28.6211 475.342 -0.900886 0.0236928 0.43341 1
-42.475 -19.4767 437.284 -0.890623 0.0862827 0.446481 1
-47.3589 -9.16047 429.586 -0.851789 -0.207649 0.480976 1
-41.7866 -28.082 438.998 -0.829244 -0.554554 0.069461 1
-42.3986 -17.9798 437.382 -0.936506 0.00324088 0.350636 1
-37.3785 37.6236 446.424 -0.909737 0.00778975 0.415112 1
-17.8993 23.5376 479.668 -0.859079 0.0819877 0.505234 1
-46.8402 -25.3193 430.576 -0.873236 -0.44831 0.190993 1
-43.4599 -14.1459 435.795 -0.876353 0.256644 0.407602 1
-20.5903 -13.4298 474.374 -0.870946 0.0623109 0.487413 1
-48.3407 -12.8244 427.916 -0.984765 -0.167447 0.0468998 1
-50.1509 -22.5761 424.093 -0.907083 -0.208195 0.365864 1
-31.6346 -29.2692 454.952 -0.904495 -0.126435 0.407313 1
-38.8893 32.9207 444.017 -0.808615 0.101203 0.579569 1
-39.4978 -24.3797 441.899 -0.810941 -0.141518 0.567756 1
-22.7488 29.5986 471.156 -0.882377 -0.0295913 0.469612 1
-49.2662 -5.36289 426.37 -0.928792 0.00765233 0.370522 1
-45.3567 24.311 433.375 -0.88054 -0.0493111 0.4714 1
-15.552 27.0592 483.24 -0.802473 0.288044 0.522559 1
-43.2028 -26.4127 436.654 -0.84247 -0.372907 0.388825 1
-41.9464 1.82342 439.144 -0.810167 -0.0195916 0.585871 1
-25.7507 31.6556 466.093 -0.855348 0.0417661 0.516368 1
-43.0666 -14.749 436.422 -0.854426 -0.038437 0.518149 1
-45.566 16.6596 433.361 -0.897609 0.0390084 0.439063 1
-18.9243 -18.2586 477.052 -0.874455 0.0513475 0.482382 1
-43.7013 28.1676 436.005 -0.862332 0.140586 0.486435 1
-24.3709 33.3205 468.314 -0.913175 0.0943464 0.396497 1
-49.7611 -15.9786 424.974 -0.877243 0.069378 0.475006 1
-23.2174 13.4459 470.391 -0.84944 0.20491 0.486275 1
-30.5289 9.56616 458.35 -0.791438 0.0262094 0.610688 1
-41.5863 23.2026 440.066 -0.872102 0.000389658 0.489324 1
-24.7828 -23.3903 467.003 -0.872474 0.0572797 0.485291 1
-15.9703 0.600574 482.517 -0.880815 -0.289939 0.3743 1
-17.8037 22.2806 479.763 -0.883463 -0.0641294 0.464092 1
-40.5858 34.5377 441.19 -0.953098 -0.175091 0.246875 1
-38.3882 16.0902 445.289 -0.865906 -0.0532897 0.49736 1
-22.1619 -23.4979 471.306 -0.877343 -0.0194156 0.47947 1
-28.0447 -22.3018 461.373 -0.773648 0.221703 0.593562 1
-29.235 32.1007 460.479 -0.834714 0.147825 0.530472 1
-35.062 27.7789 450.844 -0.779569 0.484645 0.396726 1
-16.5953 20.1314 481.803 -0.870321 -0.0668542 0.487925 1
-43.3285 -2.65277 436.681 -0.867379 -0.0454897 0.495564 1
-43.7186 -0.633032 436.105 -0.868618 0.000590418 0.495482 1
-21.6816 -8.75006 472.771 -0.918107 0.153096 0.365569 1
-41.3481 27.333 440.155 -0.864312 0.156066 0.47813 1
-13.4405 17.8625 486.741 -0.805225 0.221577 0.550015 1
-14.9947 17.1568 484.444 -0.862003 0.0762239 0.50114 1
-41.8286 40.7698 439.039 -0.869381 0.0874114 0.486349 1
-41.8229 -22.1825 438.317 -0.834038 -0.0816274 0.545635 1
-18.6387 17.4638 477.878 -0.973727 0.112065 0.198235 1
-27.4557 -30.5374 462.171 -0.836514 -0.0816238 0.541833 1
-47.5384 16.2282 430.07 -0.934265 0.137489 0.329006 1
-45.6339 6.58884 433.158 -0.89444 0.0416582 0.445243 1
-27.4473 -24.1945 462.335 -0.873732 0.0383771 0.484892 1
-18.9167 9.47613 477.525 -0.791922 -0.105726 0.601399 1
-22.8717 28.7405 470.876 -0.889189 -0.0615201 0.453385 1
-18.9864 19.0786 477.35 -0.871706 0.213968 0.440847 1
-47.9558 -2.49337 428.919 -0.874245 -0.0962144 0.475855 1
-25.5417 -18.2446 465.814 -0.92577 0.102747 0.363859 1
-20.1732 5.64533 475.5 -0.90871 -0.353003 0.222788 1
-24.9697 30.0551 467.375 -0.865176 -0.0593308 0.497946 1
-44.5465 23.4666 434.853 -0.90361 -0.0191261 0.427929 1
-48.9257 -8.10902 426.913 -0.930857 -0.012205 0.365179 1
-42.8673 29.779 437.407 -0.850815 0.0627166 0.521709 1
-12.2665 16.9221 488.643 -0.605991 -0.0682955 0.792534 1
-16.9993 8.84874 480.609 -0.850407 -0.0846089 0.519277 1
-40.343 21.8607 442.079 -0.741931 -0.172627 0.647872 1
-18.5756 22.3026 478.333 -0.869453 -0.187658 0.456986 1
-17.6862 23.0841 480.024 -0.878034 0.0989471 0.468259 1
-45.7188 -14.5629 432.29 -0.878014 0.0709391 0.473349 1
-41.8244 -17.2209 438.317 -0.893957 -0.0320679 0.447003 1
-26.8271 -25.8562 463.483 -0.848876 -0.0540992 0.525816 1
-24.8605 30.7321 467.54 -0.836224 -0.0164047 0.548143 1
-35.5567 30.2553 450.044 -0.791131 0.0581959 0.608872 1
-39.4886 33.4917 442.964 -0.81544 0.14405 0.560632 1
-39.2118 -27.851 442.166 -0.609679 -0.433645 0.663508 1
-35.2064 23.0443 450.572 -0.873517 0.0886871 0.478646 1
-48.6742 9.05283 428.167 -0.714804 0.205831 0.668348 1
-42.7107 23.9524 438.115 -0.860351 -0.0554618 0.506676 1
-20.9212 27.4434 474.439 -0.890181 0.03318 0.454398 1
-23.8104 34.6128 469.665 -0.676879 0.547362 0.492168 1
-21.2547 -30.3318 472.904 -0.853615 -0.0266805 0.520221 1
-16.3629 2.80383 481.798 -0.790839 -0.169047 0.588215 1
-18.2872 16.7723 478.446 -0.868178 0.0546272 0.493237 1
-17.3835 16.3867 480.018 -0.850578 0.0519947 0.523272 1
-23.1841 -30.5551 469.536 -0.835645 0.0256255 0.548671 1
-47.9496 -18.3826 428.488 -0.903721 -0.0495981 0.425239 1
-17.2165 -14.2378 480.139 -0.767165 -0.0754605 0.636996 1
-38.8124 35.055 444.057 -0.774197 -0.362318 0.518984 1
-20.6196 30.2999 475.366 -0.936932 0.0251503 0.348607 1
-12.8425 20.0198 487.792 -0.93527 0.0788726 0.345036 1
-43.4469 39.1965 436.284 -0.635223 -0.488266 0.598405 1
-20.0886 -13.393 475.219 -0.869354 0.0131546 0.494015 1
-33.6218 30.5089 453.276 -0.865341 0.00559573 0.501153 1
-12.7384 17.7622 487.849 -0.860715 0.0441321 0.50717 1
-44.5087 -16.8616 434.212 -0.86627 -0.0659118 0.495208 1
-42.8915 -8.83519 437.059 -0.912345 -0.0811632 0.401297 1
-18.4657 9.72648 478.264 -0.837317 -0.264096 0.478699 1
-21.3223 -25.7457 472.562 -0.851302 -0.092574 0.516445 1
-43.1237 40.9589 436.873 -0.899434 0.131338 0.416856 1
-44.1919 -14.1025 434.636 -0.830569 -0.07387 0.551994 1
-48.6421 4.53606 428.116 -0.989011 0.070524 0.129941 1
-39.3543 -22.7435 442.256 -0.849694 -0.024296 0.526716 1
-30.7027 32.9032 458.085 -0.709825 0.0221363 0.70403 1
-37.165 28.7907 447.369 -0.865898 0.00469623 0.500199 1
-41.016 -3.13021 440.497 -0.879233 0.0586009 0.472775 1
-41.0754 21.9502 440.887 -0.864472 -0.0781415 0.496571 1
-38.3768 39.1021 444.895 -0.893882 0.106375 0.4355 1
-20.3238 -28.5962 474.5 -0.800726 -0.00992963 0.598949 1
-26.1193 -0.346888 465.594 -0.872835 0.0314793 0.486999 1
-44.9039 24.2904 434.163 -0.915561 0.0124934 0.401986 1
-49.2492 -7.27321 426.352 -0.902652 0.0136657 0.430155 1
-17.9292 -16.1059 478.826 -0.811502 -0.0847245 0.578175 1
-16.802 20.8374 481.489 -0.959556 -0.184211 0.21288 1
-48.1354 -1.3888 428.677 -0.89847 -0.0279503 0.438145 1
-33.8469 -30.5281 451.146 -0.856558 -0.375138 0.354372 1
-34.9516 -1.84227 450.768 -0.838063 -0.0483377 0.543427 1
-30.604 -25.4041 456.905 -0.959968 -0.0625601 0.273035 1
-41.1847 25.3934 440.585 -0.85039 0.016888 0.525881 1
-19.6118 26.8075 476.872 -0.852732 -0.116669 0.509153 1
-16.9822 24.0713 481.276 -0.851668 0.127644 0.5083 1
-46.3038 -13.7772 431.367 -0.71904 0.0281991 0.694396 1
-38.6339 -7.14102 444.298 -0.89111 0.154826 0.426558 1
-40.7553 30.244 440.982 -0.923255 0.0942776 0.37244 1
-14.5032 17.7078 485.239 -0.75132 0.0967444 0.652808 1
-41.4082 -23.5372 438.899 -0.86717 0.0491487 0.495582 1
-24.5293 32.9259 468.037 -0.931923 0.11112 0.345212 1
-34.0722 36.6182 452.358 -0.760646 0.323741 0.56268 1
-41.3856 24.2574 440.342 -0.814739 0.0271759 0.57919 1
-34.8227 -27.9008 449.681 -0.874022 -0.201876 0.441964 1
-46.5013 -13.2276 431.034 -0.744154 0.132014 0.654833 1
-44.0513 -20.4604 435.065 -0.795394 0.0181437 0.605821 1
-41.6036 -17.922 438.679 -0.885994 -0.00645429 0.463651 1
-25.1913 18.4796 467.099 -0.912264 0.103929 0.396199 1
-28.5226 10.5104 461.67 -0.780867 -0.101429 0.616408 1
-23.6579 28.3769 469.538 -0.68959 -0.283056 0.666592 1
-23.5581 20.7119 469.757 -0.72471 -0.0255915 0.688579 1
-16.7395 29.8791 481.416 -0.65746 -0.0766576 0.74958 1
-42.2849 -11.6145 437.911 -0.90859 -0.0145542 0.417435 1
-23.0389 -18.1533 470.04 -0.768475 0.0585244 0.637198 1
-20.1258 22.8024 475.478 -0.877939 -0.00106456 0.478771 1
-15.8234 13.4771 482.637 -0.922866 -0.0801208 0.376694 1
-47.0201 -17.6298 430.252 -0.801146 -0.0684771 0.594539 1
-23.4302 -0.412056 470.118 -0.843511 -0.0707261 0.532435 1
-20.4856 -17.126 474.462 -0.77544 0.0354487 0.630426 1
-15.0214 9.94451 483.833 -0.670336 -0.00782749 0.742017 1
-39.43 28.965 443.386 -0.869984 0.048909 0.490648 1
-17.096 21.6349 481.003 -0.894076 -0.0576986 0.444184 1
-14.6373 3.11361 484.343 -0.78675 0.00982257 0.617194 1
-14.3167 4.33253 484.721 -0.713378 0.271775 0.645934 1
-35.7465 -20.4388 448.477 -0.887571 -0.05645 0.457199 1
-49.2239 -17.2285 426.038 -0.877812 0.00524798 0.478977 1
-29.4598 6.36971 460.102 -0.845019 0.03396 0.533657 1
-26.4496 -24.2003 464.102 -0.886041 0.0452745 0.461391 1
-22.8913 25.9064 470.809 -0.885655 -0.067456 0.459418 1
-28.6357 35.3272 461.51 -0.792913 -0.161205 0.587623 1
-43.3918 20.5037 437.026 -0.892585 0.0268449 0.450079 1
-17.2371 16.9801 480.33 -0.916287 -0.0886428 0.390589 1
-44.2905 33.3333 434.985 -0.902935 0.0323058 0.428561 1
-31.2421 37.3447 457.434 -0.846376 0.312251 0.431447 1
-45.8043 15.9845 432.96 -0.877384 0.0736532 0.474103 1
-19.8715 22.5478 475.934 -0.733632 -0.235032 0.637608 1
-19.9246 23.8986 475.954 -0.85638 -0.0186871 0.516008 1
-49.1508 -8.42321 426.506 -0.954447 -0.123112 0.2718 1
-41.7536 -25.1845 438.592 -0.83263 -0.00265997 0.553823 1
-41.6057 -26.7076 439.019 -0.825202 -0.0284817 0.564119 1
-34.8622 -24.5588 449.769 -0.915186 0.00380858 0.403014 1
-26.1357 -23.184 464.657 -0.813527 -0.0275839 0.580872 1
-32.9843 29.1516 454.296 -0.846661 -0.085859 0.52516 1
-24.0296 -21.38 468.286 -0.872423 -0.035693 0.487446 1
-42.2994 -11.9871 437.865 -0.927184 0.0107693 0.374452 1
-23.6821 32.4372 469.623 -0.994987 -0.0917837 0.0397072 1
-20.0165 27.8007 476.219 -0.924147 -0.0145434 0.381761 1
-18.5291 23.0186 478.498 -0.888202 0.0235845 0.458847 1
-32.0982 -21.7455 454.564 -0.78423 0.200765 0.587092 1
-42.2128 -27.304 438.213 -0.857192 -0.375083 0.352896 1
-43.7587 -19.366 435.417 -0.874849 0.127172 0.467405 1
-48.7507 -1.63152 427.584 -0.930585 0.0128086 0.365853 1
-47.9625 0.271131 429.054 -0.847521 -0.0472703 0.528653 1
-42.6119 -11.1539 437.39 -0.860977 0.116002 0.495239 1
-21.3503 -19.7811 472.914 -0.891983 0.0257479 0.451334 1
-18.8345 23.5409 477.981 -0.803066 0.0409265 0.594483 1
-44.8421 30.2965 434.243 -0.920836 -0.019221 0.389476 1
-13.5247 17.1551 486.659 -0.801347 0.0222874 0.597784 1
-37.9373 0.944636 445.827 -0.789164 -0.200068 0.580683 1
-44.6858 6.85607 434.758 -0.773624 0.00376047 0.633634 1
-22.3801 10.5456 471.799 -0.715165 -0.374886 0.589914 1
-34.2392 29.0286 452.207 -0.879783 0.0457859 0.473166 1
-39.7265 24.7172 443.105 -0.827828 0.156727 0.538644 1
-27.7095 -28.1193 461.906 -0.875763 -0.0707916 0.477522 1
-45.3153 1.92652 433.542 -0.86672 -0.0420067 0.497023 1
-27.5503 -5.10872 463.05 -0.859128 -0.0541125 0.508892 1
-33.2129 6.93227 453.865 -0.86613 -0.015602 0.499576 1
-29.7077 -28.5504 458.426 -0.866541 -0.0791737 0.492786 1
-21.9426 26.7921 472.448 -0.870952 0.0241808 0.490772 1
-24.6812 -24.001 467.139 -0.911393 -0.0102016 0.411411 1
-19.9736 26.4538 476.147 -0.878442 -0.102308 0.466769 1
-25.9536 -24.8085 464.965 -0.877071 0.0160373 0.480093 1
-30.4103 -32.6994 457.069 -0.676841 -0.677252 0.288471 1
-46.0528 18.6933 432.516 -0.728455 -0.268876 0.630126 1
-49.6632 -18.5913 425.275 -0.87845 -0.0772018 0.471556 1
-26.215 -20.5885 464.582 -0.911531 -0.0932348 0.400523 1
-47.8954 8.04595 429.424 -0.889149 0.0416099 0.455722 1
-20.6525 -15.5647 474.183 -0.834288 0.0683964 0.54707 1
-44.9333 10.8184 434.386 -0.888743 0.0494911 0.455727 1
-34.8888 30.1434 451.161 -0.770833 0.0800511 0.631988 1
-25.4334 32.3166 466.59 -0.783688 0.162578 0.599501 1
-16.6252 21.0371 481.834 -0.838883 -0.00154805 0.54431 1
-24.8353 -17.797 467.025 -0.873187 0.0285438 0.486548 1
-48.0322 2.82302 429.042 -0.951209 -0.000771134 0.308546 1
-39.393 26.8998 443.601 -0.887455 -0.0286071 0.460006 1
-42.4808 17.77 438.507 -0.89877 -0.0115754 0.438267 1
-24.4578 -26.1503 467.353 -0.724575 -0.358463 0.588638 1
-16.7817 28.013 481.551 -0.845938 0.071234 0.528502 1
-31.9091 36.2156 456.262 -0.86768 0.140385 0.476889 1
-36.0486 -8.49241 448.581 -0.836365 -0.104271 0.538164 1
-43.4293 19.7931 436.968 -0.902337 -0.014225 0.430796 1
-28.3537 -30.7243 460.642 -0.879775 -0.0933483 0.466134 1
-21.2316 -22.3248 472.917 -0.727256 -0.159214 0.667645 1
-36.223 -29.6143 447.281 -0.834066 -0.298824 0.463721 1
-43.2531 -8.33712 436.484 -0.838973 -0.170292 0.516842 1
-19.0295 15.4804 477.227 -0.903756 0.105862 0.414751 1
-26.318 33.0294 465.163 -0.836503 0.180102 0.517519 1
-18.4124 -19.0191 477.779 -0.841214 -0.108173 0.529771 1
-45.9022 -8.93074 432.053 -0.821804 -0.217738 0.526526 1
-32.8934 -6.28566 454.014 -0.875698 -0.0271021 0.482098 1
-20.1993 -9.55178 475.218 -0.868194 0.0291917 0.495366 1
-20.0562 -14.9932 475.214 -0.79251 -0.231289 0.564299 1
-40.5244 14.174 441.742 -0.57495 0.113333 0.810301 1
-19.7821 9.64269 476.1 -0.872919 0.161402 0.460393 1
-34.7256 30.2823 451.441 -0.919456 0.0527577 0.389638 1
-35.7027 36.5747 449.298 -0.853447 0.102897 0.510922 1
-42.2606 -15.8898 437.68 -0.911885 -0.0110949 0.410297 1
-42.1098 -14.238 438.044 -0.833085 0.117586 0.540503 1
-44.0849 13.0795 435.817 -0.785231 -0.289435 0.547393 1
-42.4428 14.8511 438.562 -0.894113 0.220516 0.389788 1
-14.834 8.31207 484.064 -0.625981 -0.149224 0.765428 1
-12.5018 15.1749 488.19 -0.569537 -0.175288 0.803058 1
-20.5288 31.4636 475.712 -0.92902 0.130958 0.346081 1
-39.2088 10.6211 443.921 -0.836619 0.13651 0.530503 1
-16.2856 3.96229 481.868 -0.783452 0.0328617 0.620583 1
-19.9463 31.5531 476.808 -0.874427 0.0957342 0.475618 1
-24.3426 -34.4089 467.535 -0.665326 0.0642848 0.74378 1
-30.9385 34.3431 457.783 -0.797262 0.0769436 0.59871 1
-39.6069 -25.2078 441.618 -0.76076 -0.0832252 0.643675 1
-36.7409 -28.0059 446.456 -0.904678 -0.125279 0.407262 1
-44.5724 14.4832 435.011 -0.881743 0.0237062 0.471135 1
-26.2244 -23.7899 464.498 -0.877264 0.0646704 0.475632 1
-18.8255 -13.0449 477.373 -0.84106 -0.0924112 0.53299 1
-44.7503 8.96441 434.683 -0.862002 -0.0226019 0.506401 1
-18.9472 -19.7942 476.838 -0.819363 -0.156699 0.551443 1
-48.7502 -9.58658 427.213 -0.936184 -0.0472193 0.348324 1
-22.9989 -8.41576 470.572 -0.781391 -0.0239947 0.623581 1
-40.961 3.04798 440.825 -0.812 -0.0817043 0.57791 1
-42.3806 -12.7539 437.684 -0.827062 -0.0396844 0.560708 1
-48.6987 5.25464 428.023 -0.931304 -0.190721 0.31032 1
-40.5341 -14.4853 440.678 -0.863933 0.02761 0.502849 1
-28.605 -15.1207 460.787 -0.766658 -0.129263 0.628909 1
-19.1983 5.31606 477.1 -0.837782 0.00187549 0.546001 1
-35.6986 22.7951 449.758 -0.87688 -0.073891 0.474996 1
-36.6491 30.3476 448.215 -0.847828 0.0302151 0.529409 1
-34.4213 32.3747 452.033 -0.91871 -0.051894 0.391508 1
-14.6037 23.2311 484.904 -0.746161 -0.0842989 0.660407 1
-48.0551 -16.2093 428.355 -0.918759 0.0240227 0.394086 1
-35.12 21.5978 450.705 -0.846916 -0.0599192 0.52834 1
-39.0238 -27.0832 442.462 -0.749533 -0.193489 0.633058 1
-33.5419 34.0471 453.487 -0.844013 0.0748096 0.53108 1
-20.1557 -1.61508 475.618 -0.833872 -0.235685 0.499109 1
-16.5475 15.0285 481.44 -0.89931 -0.0328897 0.436073 1
-23.8255 6.02006 469.444 -0.871749 -0.122541 0.474381 1
-30.2269 -28.7935 457.514 -0.860806 -0.112573 0.496326 1
-44.2089 5.84677 435.528 -0.776523 0.081713 0.624767 1
-35.2729 20.4009 450.447 -0.828659 0.0103343 0.559658 1
-15.4414 11.8209 483.2 -0.867137 -0.129686 0.480889 1
-21.8624 32.7908 473.251 -0.814451 0.172069 0.554131 1
-47.5294 10.0924 430.068 -0.768442 -0.120812 0.628412 1
-22.8619 -22.6615 470.205 -0.841158 -0.0368374 0.539533 1
-20.269 23.0588 475.228 -0.924926 0.0595594 0.375452 1
-43.8176 -22.721 435.545 -0.849709 -0.0265358 0.526584 1
-36.9846 -26.1628 446.118 -0.924512 0.108156 0.365487 1
-39.3433 -26.614 441.978 -0.751111 0.0621474 0.657244 1
-37.7442 -22.74 444.99 -0.835993 0.0951164 0.540434 1
-34.7629 -0.0726461 451.164 -0.80053 -0.0380371 0.598084 1
-44.8563 -20.6281 433.869 -0.907237 0.100059 0.408545 1
-20.0054 -0.0149488 475.845 -0.827298 -0.0509531 0.559447 1
-39.5339 -9.47774 442.66 -0.928431 -0.162908 0.333882 1
-28.0943 -25.0923 461.213 -0.850636 -0.061577 0.522137 1
-19.8319 6.45755 476.051 -0.917409 -0.010207 0.397816 1
-39.7783 24.0086 443.039 -0.847148 0.0351799 0.530191 1
-39.0182 32.331 443.841 -0.763993 -0.0151985 0.645046 1
-43.6979 -11.1355 435.573 -0.932058 0.0425937 0.359797 1
-46.2848 -20.2186 431.477 -0.629534 -0.194351 0.752273 1
-46.9731 -14.3858 430.307 -0.898486 -0.311376 0.309465 1
-18.4083 -9.40329 478.231 -0.789649 0.0687323 0.609697 1
-43.939 2.94659 435.875 -0.889271 0.0822835 0.449919 1
-34.2333 -29.5847 450.589 -0.911565 -0.11615 0.39441 1
-33.3306 31.5185 453.787 -0.862946 -0.0332147 0.504204 1
-46.4716 18.5837 431.805 -0.939219 0.0625383 0.337574 1
-27.0005 -19.1158 463.304 -0.880863 -0.116741 0.458751 1
-15.8201 2.65474 482.69 -0.798736 0.0020197 0.601678 1
-25.4108 -24.5913 465.892 -0.868594 -0.0148918 0.4953 1
-37.5533 31.3506 446.536 -0.867896 0.0401022 0.495124 1
-20.6268 -1.48278 474.833 -0.760152 -0.261572 0.594768 1
-48.0205 11.4913 429.24 -0.889435 -0.1612 0.427692 1
-24.833 -20.226 466.96 -0.868084 -0.0811703 0.489736 1
-38.6851 26.1657 444.855 -0.844896 -0.0158201 0.534697 1
-22.756 -21.2399 470.45 -0.651762 0.442453 0.615988 1
-38.7957 -22.8312 443.197 -0.727349 0.347713 0.591658 1
-46.8573 21.6116 430.893 -0.992318 0.0471768 0.114367 1
-39.2154 -4.47113 443.45 -0.856565 0.00618415 0.516002 1
-39.6621 4.68205 443.056 -0.878729 0.0347108 0.476057 1
-36.553 16.8862 448.332 -0.92908 -0.0454216 0.36708 1
-28.9479 -13.8989 460.27 -0.799953 -0.0691434 0.596066 1
-39.5682 19.1621 443.337 -0.880736 0.0896474 0.465046 1
-41.3681 23.4454 440.416 -0.816143 0.0919943 0.57048 1
-18.7236 27.4267 478.518 -0.736907 -0.0916208 0.669756 1
-14.7712 19.3931 484.834 -0.760927 0.161984 0.628293 1
-29.0908 -4.51611 460.487 -0.851645 -0.045336 0.522154 1
-26.0261 29.747 465.668 -0.721288 -0.114777 0.68306 1
-24.8986 -27.3904 466.555 -0.453723 -0.0541731 0.889495 1
-44.1479 13.5486 435.714 -0.721719 0.0533056 0.690131 1
-14.3203 16.9204 485.482 -0.712462 -0.00411562 0.701698 1
-41.6933 -19.7239 438.52 -0.851661 -0.0135005 0.523919 1
-48.3522 7.23405 428.634 -0.912273 -0.0235051 0.408909 1
-42.7763 -15.8606 436.837 -0.916022 -0.0806743 0.392933 1
-39.7278 -16.4567 441.932 -0.796593 0.0716495 0.600255 1
-43.8115 9.34352 436.253 -0.858541 -0.0976755 0.503356 1
-34.1127 -8.11782 451.864 -0.898792 0.113164 0.423518 1
-26.0741 9.24241 465.704 -0.864469 -0.0766259 0.496812 1
-28.9717 17.0206 460.935 -0.847985 -0.0449692 0.528109 1
-32.6869 32.1348 454.871 -0.833496 0.060378 0.549217 1
-21.937 -8.95432 472.331 -0.785187 0.102431 0.610729 1
-41.9357 4.6584 439.261 -0.875109 0.027943 0.483119 1
-23.6255 -23.0044 468.921 -0.861184 -0.0496331 0.505865 1
-44.0012 -13.4745 434.944 -0.830763 0.0481756 0.554537 1
-31.1983 -28.6756 455.753 -0.865177 -0.00577666 0.501434 1
-44.2227 13.0575 435.586 -0.759634 -0.154136 0.631821 1
-42.3401 5.97491 438.633 -0.823303 0.0356122 0.566484 1
-23.1021 29.9254 470.521 -0.870626 -0.0327978 0.490851 1
-42.0018 22.0438 439.388 -0.859863 0.00638658 0.510485 1
-21.9005 -22.6938 471.794 -0.837268 -0.0171461 0.546523 1
-24.0294 3.20348 469.119 -0.843168 0.118999 0.524316 1
-46.0341 -19.9941 431.899 -0.573203 -0.203776 0.793671 1
-24.8308 27.0858 467.633 -0.879823 -0.197207 0.432459 1
-35.7261 28.1698 449.755 -0.843114 -0.06082 0.534284 1
-30.584 -28.5919 456.864 -0.861079 -0.148167 0.486405 1
-42.9751 6.04549 437.588 -0.868728 0.000394183 0.495289 1
-36.0043 27.9542 449.297 -0.847767 -0.0868308 0.523213 1
-35.1926 30.3341 450.656 -0.800204 0.0526645 0.597411 1
-31.6017 -26.9424 455.136 -0.860339 -0.0801323 0.503383 1
-43.9633 9.9067 436.002 -0.822053 0.0400293 0.568003 1
-40.268 35.1073 441.723 -0.797756 -0.0272274 0.602365 1
-44.5027 5.25353 435.017 -0.808276 -0.241854 0.53684 1
-21.6684 16.1282 472.914 -0.787109 0.225283 0.574201 1
-33.4112 -4.73039 453.223 -0.882589 -0.107203 0.457759 1
-26.2822 -21.2588 464.435 -0.926003 -0.0206032 0.376955 1
-25.8085 27.1796 466.04 -0.855732 0.0242022 0.516853 1
-23.4317 -21.0661 469.3 -0.836375 0.0209897 0.547755 1
-38.3872 -5.41572 444.797 -0.859114 -0.0462951 0.509687 1
-35.5348 21.7441 450.022 -0.897632 -0.0234566 0.440121 1
-43.1447 3.58173 437.218 -0.887575 0.0136531 0.46046 1
-34.1306 19.0295 452.348 -0.84395 0.0726603 0.531478 1
-39.7633 30.8227 442.642 -0.881459 0.0610618 0.468296 1
-33.5429 -28.6912 451.781 -0.85995 -0.0853103 0.503199 1
-46.4481 -4.68567 431.344 -0.906554 -0.0151511 0.421818 1
-41.5112 -15.6021 438.949 -0.864793 0.0168184 0.501847 1
-32.9913 -4.8146 453.926 -0.883736 0.00352794 0.467973 1
-41.7194 18.6567 439.781 -0.859777 -0.0258812 0.510013 1
-36.8351 29.3724 447.912 -0.857706 -0.129345 0.497604 1
-44.5862 -13.2861 434.017 -0.89097 0.0450589 0.451821 1
-38.2248 1.46697 445.358 -0.906215 -0.123305 0.404439 1
-37.9954 22.6849 445.974 -0.883607 -0.465352 0.0518253 1
-17.9455 -17.5735 478.669 -0.820323 -0.00920072 0.571827 1
-21.0028 -20.8631 473.407 -0.735776 0.00454277 0.67721 1
-15.0975 11.2242 483.785 -0.665236 -0.116335 0.737514 1
-23.8413 -30.4483 468.331 -0.881976 -0.0450081 0.46914 1
-25.1825 -4.19414 467.071 -0.906828 -0.126023 0.402221 1
-34.5792 -30.3484 449.978 -0.912912 -0.361129 0.190202 1
-20.2341 -18.4516 474.851 -0.68952 -0.143861 0.709835 1
-37.4886 33.7417 446.417 -0.878756 0.0545972 0.474138 1
-22.8796 -21.0818 470.244 -0.625444 0.155833 0.76455 1
-23.5078 -19.5084 469.205 -0.827559 -0.00916979 0.561304 1
-19.5324 23.0858 476.612 -0.836743 -0.151807 0.526134 1
-23.8508 -11.4403 468.981 -0.779237 -0.152529 0.607886 1
-37.4987 -18.3271 445.618 -0.85981 0.0107887 0.5105 1
-21.9004 -17.4353 472.034 -0.854189 0.0333013 0.518894 1
-36.0581 -16.8604 448.124 -0.862889 -0.0647927 0.501223 1
-42.3988 -6.09762 438.047 -0.837507 -0.0213241 0.54601 1
-24.5633 -5.49642 468.063 -0.85811 -0.0596983 0.509984 1
-21.2675 -16.3821 473.135 -0.924354 0.0906631 0.370608 1
-47.9717 -11.8323 428.606 -0.917851 -0.00198832 0.39692 1
-31.9824 24.33 455.887 -0.85908 -0.0852697 0.504688 1
-46.4181 15.839 431.935 -0.882007 0.176994 0.436734 1
-16.6954 17.6184 481.379 -0.754634 -0.0812985 0.65109 1
-32.1494 -25.1129 454.314 -0.808911 0.173678 0.561693 1
-43.9543 24.9155 435.781 -0.904965 0.0408403 0.423522 1
-24.3127 22.2814 468.508 -0.849957 0.0778131 0.521074 1
-37.0525 -29.0862 445.921 -0.894213 -0.239016 0.378491 1
-33.2625 -21.406 452.616 -0.918825 0.0613194 0.389871 1
-34.0773 20.5959 452.43 -0.854208 0.154542 0.496433 1
-26.9663 32.3376 464.141 -0.878252 0.0565518 0.474843 1
-47.6533 -4.46999 429.305 -0.889843 -0.0540975 0.453048 1
-40.772 -14.4616 440.276 -0.789966 0.163711 0.590891 1
-27.5173 5.16238 463.32 -0.952635 -0.0410984 0.301327 1
-28.7491 9.54104 461.294 -0.988429 -0.105545 0.108938 1
-23.6089 28.0822 469.621 -0.863992 0.0779967 0.497428 1
-21.6665 -19.7889 472.376 -0.860704 0.00150397 0.509104 1
-35.5455 19.5813 449.993 -0.866159 0.105166 0.488579 1
-47.1631 -2.59892 430.244 -0.871141 -0.0155603 0.490786 1
-18.7557 17.6371 477.686 -0.857369 -0.267987 0.439433 1
-43.0576 20.1997 437.593 -0.848294 0.100094 0.519979 1
-21.2859 24.1431 473.497 -0.86422 0.00330158 0.503103 1
-24.8293 -27.1063 466.687 -0.686119 -0.401232 0.606839 1
-36.4781 6.93152 448.428 -0.885831 -0.0392826 0.462343 1
-46.9284 12.9988 431.056 -0.90206 0.0525675 0.428398 1
-45.1465 -7.30171 433.395 -0.77433 -0.177249 0.60745 1
-47.7824 0.821722 429.379 -0.846716 -0.0127267 0.531893 1
-29.7068 15.7413 459.748 -0.912341 -0.0208402 0.4089 1
-26.5657 31.5429 464.781 -0.863099 0.0298561 0.504151 1
-47.8107 12.197 429.584 -0.756319 0.0473881 0.652484 1
-26.6522 -18.2843 463.93 -0.875345 -0.0123483 0.48334 1
-46.0503 1.63236 432.299 -0.868556 -0.0945157 0.486495 1
-22.091 -4.62361 472.29 -0.808335 -0.0258101 0.588156 1
-24.1567 0.407475 468.898 -0.932854 0.0913287 0.348487 1
-42.5003 -16.2333 437.262 -0.903173 0.00541385 0.429242 1
-21.9957 -12.5425 472.05 -0.769051 -0.00907448 0.639123 1
-21.6571 -12.2134 472.636 -0.427729 0.240945 0.871202 1
-37.7121 11.3471 446.417 -0.656965 0.275763 0.701677 1
-30.5269 11.7125 458.37 -0.776227 -0.0184062 0.630185 1
-26.7581 -27.1135 463.543 -0.850088 -0.086851 0.51943 1
-47.6665 5.74042 429.733 -0.921861 -0.0460432 0.384775 1
-38.1312 0.799201 445.492 -0.829587 -0.262855 0.492638 1
-38.723 9.53679 444.72 -0.821687 -0.0993448 0.561214 1
-30.2446 -27.1627 457.474 -0.912218 0.0279423 0.40875 1
-35.2964 2.60482 450.341 -0.824798 -0.000450086 0.565428 1
-25.6211 2.78172 466.461 -0.898684 0.0904288 0.429174 1
-27.7672 19.7668 462.884 -0.810653 -0.108466 0.575393 1
-34.9979 -14.1976 450.051 -0.677375 0.305511 0.669199 1
-44.0902 9.25962 435.787 -0.802583 -0.11228 0.585878 1
-24.5778 31.2958 467.99 -0.824301 0.0342569 0.565115 1
-47.4778 9.6695 430.152 -0.902915 0.187104 0.386958 1
-47.4611 9.89721 430.179 -0.892614 0.069619 0.445414 1
-17.4171 3.9166 480.03 -0.827943 -0.0127836 0.560667 1
-44.066 19.5446 435.886 -0.901481 0.254504 0.350084 1
-20.7337 28.9323 474.98 -0.902856 0.110221 0.415575 1
-23.2404 -17.6127 469.715 -0.725551 0.111298 0.679109 1
-36.2927 20.8347 448.768 -0.896785 0.0240727 0.441811 1
-37.1582 27.3331 447.404 -0.780906 -0.196322 0.592996 1
-35.7291 32.7351 449.712 -0.899266 0.0498529 0.434552 1
-39.5256 -26.8937 441.689 -0.85165 -0.049698 0.52175 1
-38.8111 28.4667 444.518 -0.829745 0.0600265 0.554906 1
-17.0176 19.8322 480.989 -0.8693 -0.211928 0.446548 1
-16.0749 19.9545 482.736 -0.843227 -0.0637379 0.533765 1
-46.4131 4.62919 431.797 -0.779562 0.104468 0.617552 1
-25.5187 -19.5935 465.808 -0.883497 -0.0423364 0.466519 1
-40.2264 24.5971 442.265 -0.881232 0.0433614 0.47069 1
-21.4803 24.9177 473.19 -0.820038 -0.0751174 0.567357 1
-20.0566 -18.2573 475.159 -0.744495 0.00169573 0.667626 1
-44.1738 5.28561 435.568 -0.806397 -0.0928903 0.584034 1
-39.3693 -10.1023 442.901 -0.929375 -0.100271 0.355257 1
-45.4606 10.0907 433.5 -0.636757 -0.294994 0.712404 1
-42.3014 6.79391 438.719 -0.545414 0.579903 0.605175 1
-47.1014 8.66838 430.755 -0.861597 -0.014589 0.507383 1
-46.5312 -16.9767 431.097 -0.843756 -0.0937598 0.528474 1
-44.3415 17.7921 435.414 -0.905066 0.0120336 0.4251 1
-45.5227 15.0723 433.425 -0.855226 -0.0105718 0.518147 1
-24.4488 -0.801174 468.392 -0.87094 0.0495793 0.488882 1
-37.7972 22.7079 446.301 -0.737132 -0.279001 0.615463 1
-25.264 31.6996 466.874 -0.813794 0.0879002 0.574467 1
-24.2178 -23.898 467.9 -0.857184 -0.0119371 0.514872 1
-29.1585 14.9123 460.643 -0.880766 -0.123276 0.457224 1
-42.7574 -24.4357 437.159 -0.856248 -0.0364014 0.51528 1
-42.7518 -25.4086 437.245 -0.856126 -0.0470402 0.514622 1
-45.5901 -6.80525 432.685 -0.830397 -0.0464314 0.555234 1
-38.1564 11.0872 445.675 -0.806308 0.170971 0.566247 1
-38.4589 11.6203 445.175 -0.845826 0.144213 0.513597 1
-30.5265 12.4238 458.378 -0.813599 0.103809 0.572084 1
-47.1933 -5.23057 430.061 -0.873491 0.00910651 0.486756 1
-41.1153 11.7042 440.758 -0.83038 -0.0596072 0.554 1
-19.7423 7.88195 476.183 -0.85092 -0.0594722 0.521917 1
-30.7896 12.3065 457.942 -0.899006 0.111889 0.423402 1
-25.7954 30.322 466.035 -0.813649 -0.090864 0.574212 1
-19.1194 6.13594 477.217 -0.768964 0.0424639 0.63788 1
-45.8886 19.1549 432.783 -0.798885 -0.105938 0.592082 1
-23.746 -16.5239 468.908 -0.835238 0.017327 0.549616 1
-27.5508 30.6368 463.202 -0.818113 0.0537232 0.572542 1
-31.3246 -28.3417 455.536 -0.887109 -0.0645469 0.457024 1
-26.7512 29.069 464.495 -0.903421 -0.0139838 0.428526 1
-24.5069 3.74712 468.321 -0.918061 0.232921 0.3208 1
-29.0121 -28.7002 459.649 -0.764097 -0.0778157 0.64039 1
-46.0907 -23.6921 431.975 -0.866707 0.252435 0.430228 1
-27.2605 19.6375 463.713 -0.816919 0.0386657 0.575454 1
-44.0284 11.6598 435.903 -0.849308 0.0238767 0.527357 1
-31.6199 35.357 456.733 -0.867581 -0.0123416 0.497144 1
-23.7994 -18.3282 468.746 -0.834242 -0.0261605 0.550777 1
-25.8885 -21.828 465.109 -0.837835 -0.0726559 0.541066 1
-39.7502 28.1854 442.884 -0.920748 0.013801 0.389913 1
-22.7929 -8.36318 470.922 -0.89109 0.0553455 0.45044 1
-39.7218 12.7496 443.076 -0.83152 0.206284 0.515773 1
-38.9347 11.2018 444.381 -0.853967 0.185454 0.486155 1
-42.0538 20.1757 439.252 -0.856966 0.029501 0.514528 1
-29.6234 23.0052 459.801 -0.858002 0.112747 0.501119 1
-33.6921 20.1368 453.071 -0.753233 0.160566 0.637855 1
-47.0697 -14.5337 430.142 -0.814624 -0.0724851 0.575442 1
-45.3591 -8.07143 433 -0.729531 -0.211825 0.650319 1
-39.631 -8.55217 442.549 -0.904327 -0.041859 0.424782 1
-43.1623 8.01085 437.326 -0.895099 -0.0460623 0.443481 1
-29.2005 -28.2656 459.308 -0.847097 -0.0363815 0.530192 1
-41.6151 -23.7614 438.632 -0.859412 0.10479 0.50043 1
-38.9706 -5.48033 443.814 -0.856085 -0.0580108 0.513568 1
-29.3537 -1.2599 460.158 -0.850863 -0.0717178 0.520469 1
-28.5509 -4.56335 461.39 -0.815891 0.0914126 0.570934 1
-43.2108 -21.1767 436.303 -0.834717 0.0666302 0.546633 1
-40.0891 -12.0062 441.578 -0.90466 -0.234452 0.35584 1
-40.5678 21.4401 441.702 -0.746333 -0.253425 0.615437 1
-26.1439 13.4504 465.576 -0.880808 -0.0855489 0.46568 1
-27.7482 35.0514 462.96 -0.823311 -0.0574205 0.564678 1
-38.0819 -20.4653 444.527 -0.888853 -0.067692 0.453165 1
-31.6676 7.77655 456.445 -0.872767 0.000873904 0.488137 1
-34.4987 35.1459 451.749 -0.936826 0.0498525 0.346226 1
-22.544 -21.8333 470.78 -0.820332 0.188742 0.539844 1
-40.5235 27.0676 441.612 -0.815621 0.114732 0.567097 1
-12.995 20.4371 487.513 -0.853746 -0.0110461 0.520572 1
-36.1302 -7.21416 448.511 -0.799132 0.0724822 0.596769 1
-35.952 25.2824 449.362 -0.869385 0.0345761 0.492924 1
-37.8066 -23.7228 444.835 -0.881798 -0.153725 0.445871 1
-42.3119 -9.47501 437.993 -0.90846 -0.0606162 0.413553 1
-32.5195 -2.59356 454.834 -0.888705 0.218448 0.403092 1
-41.8102 -21.4353 438.337 -0.827334 -0.0740791 0.556804 1
-33.0773 22.5029 454.08 -0.818913 -0.0242233 0.573406 1
-32.8304 28.9272 454.547 -0.933059 -0.141835 0.330581 1
-44.8119 -15.7124 433.712 -0.884521 0.0505725 0.46375 1
-43.6577 2.13944 436.314 -0.862383 -0.0621061 0.502432 1
-28.4403 5.76043 461.793 -0.834049 0.018185 0.55139 1
-40.6592 14.1358 441.519 -0.835374 0.0914558 0.54202 1
-40.4041 12.0298 441.942 -0.916166 -0.0486985 0.397829 1
-30.8415 29.18 457.809 -0.794471 -0.0728915 0.602912 1
-37.1135 26.9861 447.475 -0.882234 0.239596 0.405285 1
-22.6118 25.5463 471.27 -0.931004 0.00312545 0.364995 1
-20.2996 21.7687 475.137 -0.826975 -0.0703709 0.557818 1
-20.3748 18.7153 475.013 -0.824277 -0.055325 0.563477 1
-30.5003 0.721432 458.313 -0.8859 0.0349712 0.462556 1
-29.8808 -4.57804 459.165 -0.979775 -0.0940857 0.176602 1
-28.3324 -22.1977 460.89 -0.791651 0.176344 0.584971 1
-35.3096 19.6594 450.385 -0.890618 0.00296672 0.454742 1
-35.5243 23.2727 450.049 -0.827167 0.0779753 0.55652 1
-25.08 -2.82875 467.281 -0.877235 -0.000723954 0.480061 1
-36.9342 -3.08764 447.357 -0.882974 0.0507991 0.466666 1
-29.9854 0.0455811 459.148 -0.888229 -0.00353747 0.459388 1
-30.2441 30.5757 458.801 -0.842704 0.00092648 0.538376 1
-46.5672 12.7956 431.66 -0.854887 0.00481344 0.518792 1
-41.208 -4.29243 440.125 -0.929304 0.0721465 0.362201 1
-19.1784 19.1104 477.019 -0.695395 0.164253 0.699605 1
-27.6237 6.72071 463.147 -0.651679 0.213676 0.727776 1
-38.7572 -7.23995 444.086 -0.788701 0.174757 0.589415 1
-46.3829 14.5801 431.981 -0.881577 0.0395129 0.470383 1
-37.0122 -19.9492 446.363 -0.852189 -0.0762071 0.517655 1
-16.2428 0.951003 482.064 -0.761401 -0.342252 0.550575 1
-32.1149 -24.6985 454.393 -0.780016 -0.0938192 0.618686 1
-46.0972 16.0837 432.472 -0.882917 0.251785 0.39631 1
-31.4008 -3.93384 456.648 -0.850527 -0.0507303 0.523478 1
-35.9891 32.0895 449.31 -0.811927 0.15188 0.563655 1
-23.8082 -3.51001 469.41 -0.850091 0.00835724 0.526569 1
-40.7017 1.20034 441.19 -0.899331 -0.165536 0.404724 1
-18.6755 0.230406 478.044 -0.821566 -0.10437 0.560479 1
-33.1659 -3.32009 453.711 -0.859175 0.221595 0.46121 1
-33.2775 19.6619 453.761 -0.775141 0.234925 0.586486 1
-33.3927 -8.38177 453.063 -0.855269 -0.0738216 0.512898 1
-37.2524 19.0758 447.174 -0.826442 -0.0785202 0.55752 1
-17.3091 20.2969 480.491 -0.905051 -0.149182 0.398282 1
-25.6174 -17.8239 465.699 -0.936207 -0.0772757 0.342848 1
-43.0463 -5.83577 436.977 -0.851134 0.008779 0.524875 1
-36.7476 10.8237 448.012 -0.75667 0.22984 0.612065 1
-34.7754 34.7248 451.27 -0.887811 0.155715 0.433065 1
-17.4153 -13.563 479.827 -0.800795 0.0643483 0.595472 1
-19.3443 3.32654 476.899 -0.908312 0.0909783 0.40828 1
-44.2671 -0.821506 435.18 -0.956733 -0.0436581 0.287674 1
-38.4348 -22.9 443.806 -0.876049 0.121764 0.466596 1
-24.5849 -16.4901 467.493 -0.871921 0.119343 0.47488 1
-38.6302 24.2157 444.941 -0.842579 0.0449758 0.536692 1
-39.992 1.7166 442.397 -0.864104 -0.0545893 0.500344 1
-40.1951 -16.1573 441.152 -0.823423 0.0895155 0.560323 1
-21.2257 -9.62971 473.491 -0.8871 -0.0194442 0.461168 1
-35.9724 4.49253 449.237 -0.906319 0.132362 0.40133 1
-33.3479 28.9942 453.69 -0.790363 -0.0638759 0.609299 1
-38.1101 14.3112 445.755 -0.899849 -0.184894 0.395078 1
-30.827 -25.8494 456.505 -0.897934 0.070801 0.434399 1
-38.6174 -24.0445 443.43 -0.849768 -0.171034 0.49864 1
-30.4862 -19.1248 457.411 -0.870208 -0.0158801 0.492429 1
-21.6183 -21.5555 472.343 -0.859475 -0.0324342 0.510148 1
-46.3559 -23.3046 431.464 -0.947194 0.0836121 0.309569 1
-36.7293 -18.5713 446.907 -0.852357 -0.0499086 0.520573 1
-43.764 11.6402 436.344 -0.824616 0.0439891 0.56398 1
-36.1687 23.4712 448.988 -0.887373 -0.0139374 0.460842 1
-42.0174 -6.81917 438.645 -0.900935 -0.0277274 0.433067 1
-21.5222 -12.2581 472.861 -0.928842 0.16352 0.332436 1
-36.6431 7.58324 448.158 -0.817659 -0.156136 0.554126 1
-23.7189 6.68613 469.617 -0.836215 -0.173154 0.520349 1
-17.1528 10.1679 480.317 -0.829543 -0.0481911 0.55636 1
-18.9253 28.3142 478.291 -0.76675 -0.0413736 0.640612 1
-40.0863 -4.7859 441.978 -0.860478 -0.0410561 0.507832 1
-25.634 17.282 466.385 -0.915582 0.0217498 0.401542 1
-25.3268 -4.14534 466.83 -0.695077 -0.331804 0.637788 1
-42.6523 12.2034 438.202 -0.890144 0.0348341 0.454345 1
-26.0918 30.2858 465.557 -0.868699 -0.00979921 0.495243 1
-40.1752 -12.2422 441.419 -0.646987 -0.0241196 0.762119 1
-40.9872 -1.19936 440.623 -0.863119 0.0181898 0.504674 1
-24.7818 2.61727 467.86 -0.860083 -0.0598699 0.506629 1
-32.223 16.938 455.536 -0.882077 0.015249 0.470858 1
-28.2593 8.90914 462.101 -0.837499 0.0468061 0.54443 1
-24.9061 26.8038 467.511 -0.572349 0.279474 0.770915 1
-38.2576 27.047 445.568 -0.823564 0.00269195 0.567216 1
-36.2098 3.06025 448.806 -0.876334 0.0396276 0.480071 1
-46.1076 10.9625 432.422 -0.842612 -0.00770992 0.538466 1
-18.7788 12.3326 477.696 -0.849271 0.0626697 0.524225 1
-33.596 -14.9251 452.379 -0.863783 -0.0908267 0.49561 1
-29.386 -21.5666 459.146 -0.82471 0.0655112 0.561749 1
-34.2019 27.2443 452.258 -0.843758 0.0448186 0.534849 1
-26.2565 -30.6682 464.233 -0.857391 -0.086993 0.50726 1
-38.7349 -22.8358 443.3 -0.946749 0.283414 0.152785 1
-21.9642 24.0286 472.337 -0.914448 -0.0553156 0.400906 1
-21.5539 5.72792 473.215 -0.778737 0.0299078 0.626637 1
-26.2127 -7.46022 465.206 -0.849042 -0.00517567 0.528301 1
-28.8915 9.82771 461.06 -0.967778 -0.160031 0.194412 1
-33.3119 -26.9837 452.258 -0.909011 -0.0796813 0.409085 1
-25.935 1.58476 465.932 -0.906039 0.108973 0.408923 1
-22.1214 2.52069 472.3 -0.812629 -0.00374239 0.582769 1
-34.9417 -21.1634 449.797 -0.850535 -0.157639 0.501738 1
-41.6641 -7.75543 439.183 -0.862851 -0.0717074 0.500346 1
-37.9559 3.24903 445.863 -0.855451 0.0025429 0.517878 1
-46.2433 3.13206 432.032 -0.860879 -0.046092 0.506718 1
-46.7021 -1.45081 431.072 -0.86271 0.0820909 0.498992 1
-46.6467 -2.20612 431.128 -0.860911 -0.0138387 0.508568 1
-34.011 23.9663 452.548 -0.849578 0.103551 0.517198 1
-22.7345 24.8594 471.073 -0.904505 -0.1135 0.411082 1
-38.7132 0.275248 444.49 -0.927277 0.0988186 0.361098 1
-23.3431 1.49179 470.268 -0.847446 0.0164448 0.530626 1
-42.8343 9.27357 437.88 -0.866143 0.0114438 0.499665 1
-31.918 10.9429 456.051 -0.852951 0.0917313 0.513868 1
-33.152 14.0548 454 -0.83466 0.0235654 0.550261 1
-29.8234 16.7573 459.538 -0.927106 -0.0230357 0.37409 1
-32.6227 31.0769 454.932 -0.869505 -0.0210762 0.493475 1
-37.9342 -7.02443 445.482 -0.883391 -0.026995 0.467859 1
-33.2557 19.9717 453.794 -0.68275 0.0609395 0.728106 1
-40.5904 14.5524 441.633 -0.675381 -0.136656 0.724697 1
-41.7807 13.4806 439.658 -0.884408 0.0127075 0.466542 1
-34.1679 -25.2671 450.902 -0.791233 -0.03511 0.610506 1
-47.7051 7.40427 429.72 -0.874963 0.0109056 0.484067 1
-24.2752 -2.51678 468.646 -0.822139 -0.00653639 0.569249 1
-37.4048 0.821404 446.719 -0.898461 -0.134111 0.41807 1
-25.984 -22.5447 464.93 -0.841983 0.00230595 0.539499 1
-37.2041 -13.771 446.349 -0.886749 -0.0515995 0.459363 1
-45.4863 5.1166 433.366 -0.840203 -0.053128 0.539663 1
-27.0302 -14.079 463.491 -0.824934 0.24586 0.508957 1
-29.0343 18.8964 460.81 -0.823433 -0.00195744 0.567411 1
-27.6889 5.20604 463.036 -0.650796 -0.00543716 0.759234 1
-27.5699 -20.1635 462.289 -0.910826 -0.412606 0.0123225 1
-37.9786 22.5591 446 -0.896464 -0.441652 0.0360058 1
-26.9965 -1.7045 464.087 -0.831382 -0.0279759 0.554997 1
-26.4432 15.0476 465.077 -0.867369 0.0311016 0.496693 1
-38.752 22.4124 444.72 -0.85115 -0.0261321 0.524271 1
-31.4819 15.8754 456.789 -0.841479 0.00151615 0.540288 1
-32.1628 -22.443 454.422 -0.740244 -0.206868 0.639723 1
-42.315 14.9376 438.774 -0.961096 0.16344 0.222668 1
-35.7897 5.19249 449.554 -0.629469 0.509918 0.586304 1
-34.1166 -3.61769 452.094 -0.873084 -0.032827 0.486464 1
-34.1446 11.2219 452.344 -0.865408 0.0513117 0.498434 1
-37.9186 23.2066 446.106 -0.707857 -0.0124551 0.706246 1
-26.1767 -10.295 465.122 -0.851496 -0.00118023 0.52436 1
-30.5124 11.0467 458.389 -0.733651 0.108745 0.670769 1
-27.2041 -15.596 463.123 -0.831839 -0.0262737 0.554395 1
-42.5474 6.92495 438.316 -0.733358 0.155217 0.661887 1
-25.5351 13.2345 466.58 -0.864487 0.0938104 0.493824 1
-27.6525 -20.2663 462.143 -0.606443 -0.0598165 0.792873 1
-32.9021 -21.8172 453.204 -0.859833 0.0391244 0.509074 1
-32.4452 -20.836 454.023 -0.802624 0.0390737 0.595204 1
-25.0927 2.11044 467.338 -0.818368 -0.0792553 0.569203 1
-31.5941 -5.89427 456.223 -0.907347 0.103353 0.407479 1
-41.5269 3.07605 439.885 -0.822818 -0.0710871 0.563842 1
-40.9142 0.760346 440.819 -0.827666 0.052851 0.558727 1
-27.2183 15.7411 463.803 -0.800954 -0.00629809 0.598692 1
-36.3705 19.765 448.633 -0.887344 -0.0752947 0.45492 1
-25.4277 -17.2261 466.043 -0.919802 0.149859 0.362639 1
-43.2629 -25.6489 436.521 -0.880233 -0.221473 0.419691 1
-32.0804 19.0662 455.755 -0.844174 0.0127606 0.535917 1
-39.2033 3.53484 443.784 -0.868327 0.000802164 0.495991 1
-33.9495 25.6561 452.661 -0.761609 -0.09072 0.641655 1
-32.7455 32.8712 454.806 -0.760616 0.0533517 0.647006 1
-33.3324 -3.74725 453.408 -0.812316 0.172363 0.557167 1
-31.9599 13.1639 455.989 -0.810694 0.0411703 0.584021 1
-31.2786 -17.6014 456.15 -0.936186 0.0476499 0.348261 1
-32.9535 5.28503 454.284 -0.826191 0.00650644 0.563352 1
-22.8932 12.005 470.939 -0.836375 0.00928807 0.548079 1
-37.561 -22.5202 445.313 -0.907405 -0.0373595 0.418594 1
-27.5713 7.01098 463.234 -0.582629 -0.012078 0.812649 1
-33.3664 11.7006 453.641 -0.842475 -0.0536519 0.536057 1
-27.1014 -26.4623 462.99 -0.882076 -0.032348 0.469996 1
-26.249 28.5391 465.315 -0.821634 0.0380213 0.568746 1
-19.1791 3.72927 477.163 -0.915607 -0.158531 0.369503 1
-42.0139 -11.8553 438.352 -0.857768 -0.0775893 0.508147 1
-39.537 -0.0257051 443.094 -0.895688 -0.0868545 0.436119 1
-22.9548 -13.0109 470.411 -0.850472 -0.0151837 0.525801 1
-37.8322 16.5793 446.212 -0.840722 -0.0649105 0.537562 1
-21.3606 22.5545 473.335 -0.931189 -0.12986 0.340623 1
-45.3563 7.91648 433.655 -0.886243 0.0525 0.460236 1
-23.998 18.4016 469.058 -0.809306 -0.100501 0.578725 1
-19.2947 15.4384 476.803 -0.80425 0.331459 0.493272 1
-38.5418 20.2882 445.047 -0.851025 0.0610246 0.521566 1
-46.4664 1.23416 431.587 -0.856679 -0.0502898 0.513392 1
-42.8227 -4.7145 437.416 -0.854787 0.0247411 0.518389 1
-34.4785 4.79673 451.739 -0.843478 -0.0568944 0.534142 1
-46.0655 -20.1746 431.85 -0.505567 0.0450127 0.861613 1
-28.2541 30.7265 462.064 -0.816184 0.12982 0.56302 1
-39.7167 9.22523 443.068 -0.844758 0.0487252 0.532925 1
-37.9115 9.85328 446.069 -0.889374 -0.0344484 0.455881 1
-33.4669 -22.8465 452.202 -0.890996 -0.00998486 0.453902 1
-32.6334 -19.5095 453.77 -0.853419 0.00876123 0.521152 1
-22.0185 20.8081 472.28 -0.858505 0.0159311 0.512557 1
-26.6017 24.9326 464.762 -0.46085 0.0119945 0.887397 1
-40.0869 11.5298 442.467 -0.877603 -0.032582 0.478279 1
-47.15 2.93873 430.509 -0.832625 -0.0425825 0.552198 1
-46.3751 19.9758 431.908 -0.956524 0.000969273 0.291653 1
-44.4393 7.75849 435.192 -0.684991 -0.198386 0.701021 1
-31.7733 3.14968 456.231 -0.926406 -0.0326625 0.375106 1
-25.1181 24.5847 467.176 -0.835084 -0.000126735 0.550123 1
-43.8619 -2.44588 435.795 -0.8719 -0.122944 0.473999 1
-33.1187 4.71416 454.005 -0.879193 0.0610244 0.472543 1
-30.5132 -2.08401 458.205 -0.888562 -0.0521211 0.455787 1
-37.8624 14.2903 446.167 -0.862693 -0.140466 0.485829 1
-31.8644 -22.3242 454.932 -0.823531 -0.193106 0.533392 1
-32.2066 26.3642 455.537 -0.873177 0.0111703 0.487275 1
-46.1251 0.96397 432.147 -0.852197 -0.106209 0.512327 1
-29.5419 5.38673 459.959 -0.809569 -0.0110819 0.58692 1
-37.8026 0.764221 446.047 -0.924218 -0.225412 0.308238 1
-35.1317 -24.6841 449.31 -0.865142 0.114384 0.48831 1
-40.4931 3.54062 441.624 -0.901947 0.170315 0.396843 1
-36.9507 -3.52819 447.31 -0.894964 0.124553 0.428398 1
-33.5535 23.9659 453.302 -0.842344 0.0907282 0.531249 1
-33.8084 23.4509 452.879 -0.836038 -0.0765283 0.543308 1
-42.0276 2.49621 439.033 -0.84178 -0.0978464 0.530879 1
-34.9484 -17.548 449.962 -0.747529 -0.179379 0.63955 1
-25.9102 -4.03928 465.853 -0.858302 -0.0459359 0.511085 1
-44.2143 0.677068 435.328 -0.898391 -0.0558307 0.435633 1
-27.0066 -19.7639 463.265 -0.91085 -0.0147892 0.412472 1
-40.5914 16.212 441.633 -0.804777 -0.0582103 0.590716 1
-29.3963 -17.6303 459.327 -0.849223 -0.0777725 0.522275 1
-24.7714 3.3971 467.879 -0.87974 0.233638 0.414091 1
-46.0953 5.79853 432.364 -0.886075 0.0306113 0.462529 1
-34.9977 19.7607 450.903 -0.824536 0.0663489 0.561907 1
-32.5913 -26.3794 453.505 -0.882516 -0.05926 0.466534 1
-27.0717 -17.5556 463.253 -0.868696 -0.0407441 0.493666 1
-40.6433 3.25654 441.362 -0.895574 0.0732454 0.438842 1
-30.7567 28.5348 457.942 -0.680702 -0.0427388 0.731312 1
-29.6268 -4.84376 459.578 -0.942371 -0.159052 0.294346 1
-24.2705 8.00688 468.695 -0.852821 -0.0779875 0.516347 1
-24.8741 16.7784 467.636 -0.815436 -0.0519703 0.57651 1
-23.9933 25.3873 469.007 -0.841019 -0.269053 0.469359 1
-32.6406 -27.5962 453.35 -0.846855 -0.160114 0.50715 1
-26.4786 25.0398 464.962 -0.941592 -0.0489461 0.33318 1
-34.6659 -14.7951 450.58 -0.857696 0.147301 0.492606 1
-22.4788 -23.5077 470.784 -0.883683 -0.0611325 0.464078 1
-30.57 -27.0816 456.902 -0.871764 -0.0527507 0.487079 1
-27.5263 -7.9922 462.965 -0.885505 -0.0314305 0.463565 1
-30.3404 12.9676 458.69 -0.809175 0.0222344 0.587146 1
-25.5688 24.0024 466.446 -0.852659 -0.0354728 0.521263 1
-24.21 12.1147 468.769 -0.848055 0.0389464 0.528475 1
-38.3139 -15.0596 444.402 -0.899587 -0.064606 0.431936 1
-36.4975 10.5159 448.426 -0.80416 0.245927 0.541153 1
-45.3026 -16.1474 432.983 -0.869313 -0.0463394 0.492085 1
-15.458 25.7612 483.491 -0.855516 0.0750815 0.512303 1
-40.9962 -22.783 439.556 -0.861274 -0.270048 0.430443 1
-40.9948 -23.056 439.544 -0.895391 0.185095 0.404987 1
-33.7885 20.6317 452.909 -0.846277 0.0675368 0.528445 1
-47.0559 -0.464778 430.529 -0.837103 -0.0325101 0.546079 1
-22.901 19.0899 470.852 -0.733763 -0.126086 0.667603 1
-21.4899 22.7368 473.123 -0.877192 -0.256778 0.405707 1
-33.8121 -26.3178 451.45 -0.812066 -0.0247258 0.583041 1
-37.74 6.6698 446.314 -0.881674 -0.089711 0.463252 1
-40.2433 -25.8633 440.685 -0.831891 -0.12178 0.541412 1
-42.3799 -10.0516 437.845 -0.92044 0.00342774 0.390869 1
-22.5156 0.996399 471.651 -0.804556 0.00259688 0.593871 1
-46.3691 6.47283 431.924 -0.900426 0.108855 0.42117 1
-31.3735 21.7366 456.907 -0.881603 -0.0209813 0.471525 1
-35.8248 -2.53701 449.26 -0.890891 -0.141813 0.431511 1
-22.7543 13.3774 471.155 -0.842089 0.154334 0.516786 1
-33.5334 -27.1008 451.88 -0.922809 -0.200391 0.32904 1
-24.024 5.5613 469.118 -0.9261 -0.168946 0.337338 1
-43.6197 -7.08566 435.944 -0.874357 -0.0846378 0.477846 1
-36.3767 -20.8645 447.394 -0.625445 -0.148861 0.765937 1
-22.242 25.0384 471.881 -0.897326 -0.146358 0.416395 1
-31.3739 -25.6239 455.596 -0.861474 0.0691399 0.503074 1
-37.8677 -17.2914 445.043 -0.847086 0.0373087 0.530145 1
-35.8349 -14.1317 448.641 -0.82171 0.0266268 0.569284 1
-33.6938 29.7067 453.126 -0.830988 0.105637 0.546169 1
-44.7969 1.89906 434.407 -0.898189 0.00583265 0.439571 1
-31.4696 24.263 456.736 -0.854034 -0.0322501 0.519217 1
-31.3189 24.7097 456.986 -0.834579 -0.0802392 0.545014 1
-32.2461 30.9346 455.548 -0.843537 0.0232541 0.536568 1
-25.7386 -16.8027 465.534 -0.83978 0.0640309 0.539137 1
-41.3036 -10.8242 439.606 -0.861714 -0.0348491 0.506196 1
-45.782 15.1662 432.992 -0.794733 -0.08349 0.60119 1
-29.384 -22.6327 459.097 -0.849571 -0.0912667 0.519519 1
-38.0642 13.895 445.833 -0.904922 -0.0325238 0.424333 1
-36.5697 25.0024 448.345 -0.892927 -0.023107 0.449608 1
-35.0416 27.4603 450.875 -0.874266 0.265496 0.406412 1
-32.5045 -22.5056 453.842 -0.778055 -0.140947 0.61218 1
-45.3356 -4.73605 433.211 -0.864777 -0.0122061 0.502007 1
-28.1396 16.972 462.295 -0.80873 0.0189064 0.587876 1
-36.1925 -3.10803 448.613 -0.855678 -0.0188316 0.517166 1
-25.621 -11.7782 465.982 -0.759457 -0.182677 0.624383 1
-45.383 10.1355 433.631 -0.790867 -0.417962 0.447032 1
-37.8642 19.6244 446.164 -0.768315 0.0274239 0.639484 1
-33.5077 18.2139 453.389 -0.806757 0.121381 0.578282 1
-41.2311 4.3817 440.423 -0.761636 -0.00774059 0.647959 1
-32.0642 -4.34885 455.51 -0.845687 0.0184769 0.533359 1
-40.502 8.11671 441.746 -0.875389 -0.007877 0.483356 1
-40.2108 26.8633 442.173 -0.898241 0.0605548 0.435311 1
-36.9857 9.36354 447.603 -0.872113 -0.0176547 0.488986 1
-34.0406 -23.8162 451.188 -0.870311 -0.0457995 0.490369 1
-28.8314 -9.77043 460.678 -0.843956 -0.00868116 0.536343 1
-33.5404 -14.2624 452.507 -0.905026 0.0216383 0.424805 1
-30.3642 13.6333 458.656 -0.865413 -0.0670954 0.496546 1
-23.3898 -14.1884 469.619 -0.814092 0.043786 0.579083 1
-29.0559 -22.5706 459.653 -0.807508 -0.0048451 0.589837 1
-22.3071 6.51409 471.957 -0.85127 0.101528 0.514813 1
-37.0217 -4.07912 447.165 -0.900673 0.0479487 0.431843 1
-42.1369 9.13061 439.038 -0.842937 -0.0381079 0.536661 1
-45.863 -2.01464 432.451 -0.865524 0.0900701 0.492703 1
-45.6108 -7.46561 432.616 -0.879823 -0.128704 0.457545 1
-39.7412 -11.3462 442.203 -0.878787 -0.0762897 0.471077 1
-40.1209 2.94115 442.226 -0.879863 -0.0171765 0.474917 1
-28.546 10.0005 461.63 -0.811848 0.178182 0.556017 1
-42.3745 6.86419 438.6 -0.442923 0.386008 0.809208 1
-41.5346 11.9933 440.062 -0.837059 -0.0161736 0.546873 1
-37.3033 -25.412 445.611 -0.908032 -0.146196 0.392561 1
-22.9411 -8.82763 470.647 -0.770318 -0.165448 0.615822 1
-35.1973 -18.2136 449.509 -0.724534 -0.25885 0.638786 1
-32.1749 16.0134 455.626 -0.876724 -0.014043 0.480789 1
-34.5012 -20.6962 450.561 -0.881089 -0.0276077 0.472144 1
-33.7172 9.55686 453.045 -0.771105 -0.0566208 0.634185 1
-26.2583 29.9307 465.289 -0.896879 0.0863757 0.433759 1
-40.9052 15.1732 441.112 -0.839517 -0.156424 0.52033 1
-26.1216 -5.73819 465.437 -0.91947 -0.0298173 0.392028 1
-26.3054 -5.84697 465.12 -0.851398 0.092327 0.51633 1
-39.3001 -7.51798 443.159 -0.904147 0.0789462 0.419863 1
-35.7159 1.24315 449.599 -0.884931 -0.046997 0.463345 1
-28.1147 -4.70871 462.117 -0.848625 0.0506997 0.526559 1
-27.7016 20.2243 462.988 -0.634534 0.288473 0.717043 1
-32.2964 29.6912 455.44 -0.855395 0.0177189 0.517673 1
-37.1826 -0.047662 447.062 -0.896724 -0.115272 0.427315 1
-28.8941 -12.0989 460.452 -0.827085 -0.0276124 0.561398 1
-28.7808 -20.7997 460.206 -0.720599 0.0442699 0.691938 1
-40.5717 12.2868 441.664 -0.854284 -0.0751091 0.514352 1
-23.641 21.7475 469.613 -0.83299 0.0876192 0.546307 1
-29.8568 -4.31376 459.216 -0.972471 -0.0147873 0.232553 1
-36.2995 0.581125 448.585 -0.87749 -0.0854297 0.471925 1
-25.588 11.8118 466.498 -0.902613 0.00593766 0.430412 1
-41.2369 -2.61978 440.15 -0.908659 -0.106551 0.403716 1
-43.0006 4.7896 437.501 -0.812857 0.00067922 0.582463 1
-36.8304 16.7683 447.872 -0.798217 -0.00357523 0.602359 1
-43.8732 -5.8496 435.593 -0.869604 -0.0550932 0.490667 1
-37.5969 11.0679 446.606 -0.655628 0.360773 0.663321 1
-22.9394 7.47719 470.902 -0.845056 0.110661 0.523101 1
-42.0957 10.6337 439.12 -0.831029 0.0541796 0.553584 1
-27.0861 23.2568 463.979 -0.719817 -0.324641 0.613573 1
-28.4492 29.1367 461.728 -0.85426 -0.0156866 0.51961 1
-35.8562 -12.2065 448.708 -0.84646 0.293339 0.444363 1
-38.5245 -8.78371 444.396 -0.751386 -0.0607817 0.657058 1
-35.3133 -8.12147 449.84 -0.831919 0.0652714 0.551045 1
-41.169 -3.47819 440.227 -0.940517 0.0016243 0.339742 1
-38.0837 -2.98164 445.419 -0.856233 -0.00806715 0.516527 1
-40.0469 12.3948 442.535 -0.815232 0.137587 0.562554 1
-31.3112 20.5781 457.019 -0.81272 0.0424606 0.581106 1
-39.1029 9.03069 444.085 -0.796513 -0.104551 0.595513 1
-46.6295 3.08213 431.384 -0.857103 -0.0756349 0.509562 1
-30.4304 25.2837 458.458 -0.645978 0.100945 0.756652 1
-31.9594 10.1604 455.978 -0.924891 -0.0306823 0.378992 1
-44.7587 12.9129 434.688 -0.891615 -0.00585744 0.452756 1
-43.242 4.82423 437.101 -0.930749 0.0284391 0.364551 1
-38.3876 10.0624 445.281 -0.846463 -0.0775217 0.526774 1
-41.1501 14.8674 440.706 -0.970407 -0.212762 0.114206 1
-34.4978 -25.4766 450.337 -0.860964 -4.62849e-05 0.508666 1
-35.8533 -28.1116 447.943 -0.84434 -0.175364 0.506298 1
-39.9377 -20.2522 441.376 -0.84355 0.0633536 0.533301 1
-25.4227 7.21492 466.79 -0.822505 -0.542444 0.170997 1
-19.4582 14.3869 476.554 -0.833159 0.0705654 0.548513 1
-19.0896 14.0201 477.155 -0.871386 0.0640341 0.486402 1
-33.7421 10.539 453.011 -0.806188 -0.0815711 0.586009 1
-42.5465 -20.4612 437.19 -0.855371 0.0928724 0.509623 1
-45.0461 6.12765 434.133 -0.84541 -0.0311302 0.53321 1
-38.4746 -17.7043 443.994 -0.888561 -0.0177331 0.458416 1
-23.8845 26.6786 469.174 -0.865132 0.0313095 0.500566 1
-28.8448 -6.05127 460.837 -0.898843 -0.140836 0.415026 1
-21.816 11.3245 472.721 -0.78328 -0.128089 0.60833 1
-35.1335 27.8456 450.727 -0.679709 0.397276 0.616577 1
-26.6139 13.5076 464.803 -0.876513 -0.0910355 0.472692 1
-35.8123 -20.1881 448.378 -0.648183 -0.292699 0.702984 1
-38.7777 -7.8393 444.02 -0.809537 0.0517651 0.584782 1
-39.5472 -2.49922 442.979 -0.891759 0.0790395 0.445554 1
-31.6448 -25.7894 455.13 -0.798968 0.178165 0.574376 1
-27.2275 13.2713 463.796 -0.838417 -0.0576677 0.54197 1
-47.2994 6.50883 430.37 -0.894321 0.0305816 0.446379 1
-28.2149 -18.3152 461.287 -0.838416 0.0807461 0.539016 1
-38.9894 -9.07144 443.598 -0.831953 -0.0912045 0.547298 1
-46.4942 6.67459 431.72 -0.922509 0.00484606 0.385944 1
-34.8935 12.4623 451.102 -0.868491 -0.0170589 0.495412 1
-39.6702 0.27887 442.883 -0.790299 -0.257315 0.556072 1
-35.0322 -11.1234 450.155 -0.854173 -0.0426786 0.518235 1
-37.4778 -10.271 446.077 -0.867145 -0.0542317 0.495095 1
-34.8993 -14.4617 450.204 -0.755149 0.18006 0.63034 1
-36.4015 -26.7547 447.078 -0.870165 -0.0567213 0.489485 1
-40.5091 -12.6407 440.833 -0.811263 -0.127775 0.570549 1
-31.518 0.387935 456.613 -0.92498 0.0201063 0.379483 1
-44.281 -1.64092 435.124 -0.948826 -0.0571119 0.310591 1
-27.6887 7.27945 463.041 -0.57892 0.0311802 0.814788 1
-31.3967 10.2664 456.914 -0.846016 0.0934774 0.524899 1
-36.5221 18.8244 448.378 -0.993877 0.08721 0.067841 1
-21.3274 15.1418 473.486 -0.806703 0.102768 0.581953 1
-45.6999 10.4734 433.102 -0.894516 -0.0288377 0.446105 1
-34.9332 24.0051 451.028 -0.866929 -0.014971 0.498207 1
-35.547 -12.5784 449.209 -0.833425 0.0761268 0.547365 1
-32.2561 16.687 455.483 -0.861257 0.332633 0.384177 1
-28.7067 -23.3297 460.21 -0.853071 0.0720304 0.5168 1
-35.1548 -21.5785 449.419 -0.881914 -0.0614498 0.467388 1
-28.6083 11.8443 461.531 -0.850719 -0.052557 0.522986 1
-43.8389 13.2374 436.229 -0.824264 -0.00797154 0.56615 1
-34.6157 -24.2044 450.201 -0.902305 -0.0197979 0.430643 1
-32.8145 23.5455 454.518 -0.860161 0.0903878 0.501949 1
-22.1097 13.4671 472.215 -0.865249 0.0235848 0.500787 1
-24.2578 17.7821 468.638 -0.713064 0.00176855 0.701097 1
-35.5927 -19.1423 448.798 -0.75841 -0.089163 0.645651 1
-41.2856 19.509 440.505 -0.844586 -0.00210665 0.535415 1
-22.4194 15.9901 471.68 -0.868938 0.158657 0.468801 1
-26.218 29.3027 465.359 -0.766337 0.0306237 0.641709 1
-35.4118 -15.3599 449.291 -0.83395 -0.00974057 0.551754 1
-24.0193 24.9412 468.967 -0.876174 0.0406767 0.480275 1
-41.041 -21.6387 439.533 -0.820912 -0.0572972 0.568173 1
-21.3607 -17.4433 472.969 -0.902112 0.0433721 0.429316 1
-37.4181 -24.1117 445.479 -0.91217 -0.107521 0.395455 1
-27.0573 15.326 464.068 -0.92421 0.140986 0.354907 1
-25.0153 24.0033 467.347 -0.831726 0.0547689 0.552478 1
-43.6455 11.3979 436.541 -0.906428 0.115943 0.406135 1
-21.9743 15.6016 472.416 -0.874403 0.10051 0.474676 1
-20.7958 13.4368 474.381 -0.849505 0.00587543 0.527548 1
-35.5384 -9.19627 449.404 -0.706904 -0.508773 0.491362 1
-38.7201 -12.3724 443.865 -0.917753 -0.0624638 0.392208 1
-41.4143 4.35767 440.117 -0.75189 -0.0132445 0.659156 1
-39.3063 -13.7439 442.799 -0.87836 0.0120099 0.477849 1
-26.0265 -12.545 465.26 -0.79984 -0.158112 0.579013 1
-41.5405 -1.69602 439.683 -0.874025 -0.0395588 0.484269 1
-39.8899 18.3318 442.801 -0.86589 0.0596255 0.496668 1
-27.1758 24.7983 463.824 -0.862086 0.147715 0.484755 1
-26.373 -22.871 464.245 -0.930423 0.0932916 0.354415 1
-32.3976 24.1302 455.206 -0.853842 -0.0518794 0.51794 1
-41.3569 5.58997 440.254 -0.860466 0.0215168 0.509054 1
-34.9716 25.9094 450.979 -0.864499 -0.00139097 0.502633 1
-35.3975 -18.5234 449.156 -0.734405 -0.131311 0.665888 1
-46.2876 7.3776 432.081 -0.901354 0.0442901 0.430812 1
-28.0634 24.7171 462.365 -0.865971 0.150588 0.476882 1
-28.7431 24.8084 461.243 -0.828715 0.162008 0.535709 1
-42.727 8.21125 438.047 -0.829511 -0.07985 0.552752 1
-32.2444 -21.7782 454.316 -0.75594 0.127148 0.642174 1
-37.389 10.7435 446.948 -0.821494 0.27394 0.500104 1
-35.8627 -27.0667 447.971 -0.850434 -0.0710681 0.52126 1
-24.5164 20.3148 468.188 -0.901388 0.0345416 0.431633 1
-39.9644 -3.13925 442.254 -0.853354 0.0712235 0.516444 1
-34.1794 14.1728 452.295 -0.859138 0.0501273 0.509284 1
-28.2194 19.7374 462.143 -0.813267 -0.0134219 0.581736 1
-27.6592 -11.4761 462.565 -0.861449 -0.0712728 0.502818 1
-34.6221 6.98978 451.518 -0.862807 -0.012111 0.505389 1
-32.4017 -16.6482 454.304 -0.852415 -0.242856 0.463043 1
-41.6034 16.6462 439.959 -0.864538 -0.019871 0.502174 1
-35.8686 -11.9255 448.702 -0.909883 0.170431 0.378241 1
-28.6166 0.781381 461.438 -0.811169 0.0102939 0.584722 1
-42.4074 18.3589 438.636 -0.886654 -0.0502116 0.459698 1
-31.3468 1.02661 456.91 -0.952207 -0.0780969 0.295302 1
-31.618 28.0325 456.522 -0.844056 0.0314077 0.535335 1
-28.3457 -19.0046 461.032 -0.839964 -0.0682008 0.53834 1
-34.0921 13.1063 452.438 -0.880922 0.0593143 0.469529 1
-29.892 19.295 459.386 -0.881339 0.00133122 0.472482 1
-34.4202 -8.71597 451.314 -0.892346 0.0220483 0.450813 1
-47.1105 9.40661 430.752 -0.859527 0.0268233 0.510385 1
-32.5762 23.1774 454.91 -0.721688 -0.0865413 0.686788 1
-43.1211 11.1349 437.414 -0.885494 0.0545363 0.461439 1
-37.6432 19.3113 446.528 -0.86159 0.0295032 0.506747 1
-43.9717 -11.7151 435.081 -0.947776 0.122992 0.294267 1
-35.448 -9.51872 449.539 -0.881951 -0.155515 0.444946 1
-29.5027 -24.8771 458.794 -0.878484 -0.0542399 0.474683 1
-28.6228 -15.9079 460.718 -0.807249 -0.0951053 0.582499 1
-37.1197 -20.6813 446.147 -0.812296 -0.0571142 0.580442 1
-30.3165 -17.8605 457.762 -0.83025 0.131862 0.541569 1
-36.0259 29.5383 449.263 -0.839021 0.00193288 0.544095 1
-31.7181 -5.5132 456.034 -0.789592 -0.281161 0.545429 1
-33.621 -26.9591 451.739 -0.806479 -0.240889 0.539966 1
-27.5471 25.0391 463.212 -0.827291 0.139301 0.544229 1
-39.7037 10.8945 443.1 -0.87487 0.0351027 0.483084 1
-23.3987 20.1802 470.024 -0.847817 -0.0236875 0.52976 1
-22.7314 19.3957 471.127 -0.829928 -0.389383 0.3995 1
-28.4798 -6.44891 461.433 -0.892703 -0.0913544 0.441289 1
-36.0328 13.8956 449.209 -0.91708 0.0627852 0.393729 1
-28.3376 20.9654 461.939 -0.787552 0.0990323 0.608239 1
-45.7651 7.03406 432.948 -0.895877 -0.0518625 0.441264 1
-38.4895 -13.0781 444.216 -0.915829 -0.0744643 0.394605 1
-43.4581 17.3175 436.881 -0.865905 -0.0845563 0.49301 1
-39.8498 -17.2673 441.68 -0.800164 -0.0790021 0.594556 1
-35.4063 15.5895 450.248 -0.894919 0.0107021 0.446101 1
-29.1482 -16.6797 459.794 -0.858884 -0.136052 0.493769 1
-31.6208 -14.7374 455.719 -0.793892 0.104559 0.599002 1
-35.1276 -26.813 449.217 -0.872773 -0.0902848 0.479705 1
-39.4477 17.354 443.531 -0.851907 -0.0831221 0.517054 1
-33.2004 18.2502 453.9 -0.811125 0.0411865 0.583421 1
-41.1442 3.51563 440.537 -0.810717 0.057351 0.582622 1
-23.9731 -0.197008 469.203 -0.883171 -0.00944441 0.468957 1
-40.6184 13.3526 441.586 -0.793062 0.0884793 0.602681 1
-34.3193 -26.9834 450.565 -0.82644 -0.100449 0.553992 1
-42.4131 0.81875 438.332 -0.844855 -0.0179632 0.534694 1
-30.1403 -17.5295 458.076 -0.936615 0.0747856 0.342285 1
-38.3444 -8.89716 444.692 -0.829403 -0.0546953 0.555967 1
-33.8527 -15.6146 451.91 -0.854507 -0.181203 0.486808 1
-36.7955 -5.34274 447.487 -0.854581 -0.0448928 0.517375 1
-33.4068 17.5064 453.562 -0.765153 0.0280353 0.643237 1
-30.9171 4.08162 457.659 -0.872823 -0.0212801 0.487573 1
-35.5501 12.8733 450.009 -0.887331 -0.0524938 0.458135 1
-39.1373 -13.7783 443.082 -0.964093 -0.0336869 0.26342 1
-30.9015 26.2764 457.685 -0.758375 0.0464687 0.65016 1
-38.7409 -15.264 443.67 -0.90119 0.0246511 0.432722 1
-29.0449 20.3821 460.777 -0.832839 0.0890275 0.546308 1
-23.994 20.7194 469.042 -0.852937 -0.104705 0.511405 1
-32.8882 14.9833 454.438 -0.824662 0.0196823 0.565283 1
-30.7904 -18.2816 456.94 -0.902071 0.0162562 0.431281 1
-28.3751 3.10936 461.882 -0.775686 0.0849933 0.625369 1
-36.7411 -23.4687 446.658 -0.862548 -0.0432515 0.504124 1
-25.5257 1.44583 466.612 -0.818439 -0.0384588 0.573304 1
-32.21 11.5631 455.567 -0.797967 -0.052468 0.600413 1
-26.7386 -8.21427 464.283 -0.864761 -0.00492873 0.502159 1
-30.3038 -9.81912 458.194 -0.889498 -0.0575812 0.453296 1
-32.347 12.4122 455.341 -0.812992 0.0345557 0.581249 1
-39.1274 -10.5525 443.283 -0.851604 -0.0371086 0.522871 1
-31.783 -16.0493 455.378 -0.829456 -0.0958931 0.550279 1
-39.8463 -5.69724 442.338 -0.868213 -0.0658042 0.491808 1
-39.2088 -7.23512 443.327 -0.842294 -0.0500483 0.536689 1
-21.622 23.5303 472.907 -0.909729 -0.11593 0.39869 1
-37.0571 1.5815 447.335 -0.890581 -0.0526389 0.451769 1
-33.5957 25.2562 453.241 -0.840829 -0.0714506 0.536565 1
-40.9414 -6.17199 440.481 -0.873649 -0.0207648 0.486113 1
-36.4111 -6.23408 448.09 -0.767118 0.028623 0.640868 1
-27.0534 -13.7806 463.467 -0.839252 -0.297599 0.455072 1
-30.7514 5.75301 457.949 -0.851646 0.000712215 0.524117 1
-33.1682 -19.2865 452.878 -0.883572 -0.00730819 0.468238 1
-27.9753 -18.5442 461.681 -0.883448 -0.0392294 0.466884 1
-34.8826 -16.4041 450.131 -0.77898 -0.088877 0.620719 1
-37.2172 19.7694 447.236 -0.84236 0.0470875 0.536855 1
-35.4185 17.9619 450.209 -0.892351 0.000638075 0.451341 1
-27.3093 -10.9395 463.182 -0.879592 -0.00142884 0.475727 1
-22.9294 16.2141 470.837 -0.835439 0.0278611 0.548876 1
-30.1553 25.0846 458.912 -0.76503 0.229766 0.601612 1
-32.9866 -23.6817 452.972 -0.843439 -0.0901775 0.529602 1
-42.2202 3.37285 438.745 -0.865847 -0.0597731 0.496725 1
-34.5639 -9.35873 451.038 -0.848478 -0.0404428 0.527683 1
-26.938 -12.3032 463.737 -0.852283 -0.101538 0.513132 1
-33.3794 6.44018 453.584 -0.733854 0.102732 0.671494 1
-18.8955 4.36656 477.612 -0.88724 -0.0636227 0.456899 1
-23.4811 7.64383 470.005 -0.826398 0.0306562 0.562251 1
-36.9533 -15.1728 446.697 -0.898317 -0.0686571 0.433951 1
-29.1092 23.4281 460.648 -0.743033 -0.0312505 0.668525 1
-20.3841 5.66126 475.153 -0.685225 -0.322436 0.65307 1
-37.0647 -8.7824 446.853 -0.861462 -0.0419879 0.506083 1
-37.4577 -6.85738 446.294 -0.906216 -0.0339579 0.421449 1
-31.3439 25.861 456.952 -0.818787 -0.0382001 0.572825 1
-34.7951 -11.6307 450.528 -0.875344 0.0272694 0.482731 1
-38.6789 0.695559 444.563 -0.895242 -0.190982 0.402576 1
-36.5518 18.899 448.33 -0.636258 -0.531585 0.5591 1
-34.901 23.5313 451.078 -0.793513 0.164356 0.585939 1
-25.2489 10.559 467.063 -0.87866 -0.0167176 0.477154 1
-20.8091 17.479 474.312 -0.798266 0.002981 0.602298 1
-43.8486 -8.26816 435.493 -0.889878 -0.0455998 0.453914 1
-38.1108 17.3976 445.748 -0.822139 0.0790612 0.56377 1
-46.8728 11.0809 431.147 -0.884138 0.0233823 0.466641 1
-31.4025 -25.7257 455.542 -0.35535 0.260003 0.897845 1
-35.7008 5.27512 449.704 -0.920772 0.356901 0.157483 1
-38.3249 -10.8491 444.617 -0.831221 -0.0811522 0.549987 1
-32.9755 13.0338 454.294 -0.842452 0.0545099 0.536006 1
-40.5489 -3.75861 441.25 -0.877462 0.0319197 0.478583 1
-29.1658 32.9645 460.605 -0.833372 0.0897831 0.545371 1
-26.9355 -0.874447 464.209 -0.876987 0.0804089 0.473739 1
-34.5735 -29.8294 450.011 -0.950068 -0.187152 0.249689 1
-41.1157 14.6418 440.762 -0.966508 -0.037108 0.253939 1
-34.792 -23.6416 449.931 -0.921298 0.0381647 0.38698 1
-30.0392 -14.0917 458.42 -0.881032 -0.0586558 0.469407 1
-34.1709 17.2954 452.293 -0.856114 0.00495658 0.516763 1
-32.4331 3.45699 455.137 -0.840272 -0.258001 0.476842 1
-33.9941 -14.4549 451.731 -0.90326 0.0900635 0.419535 1
-29.0771 23.1012 460.704 -0.618192 0.174236 0.766473 1
-36.9569 -25.7794 446.183 -0.863117 -0.00237132 0.504998 1
-42.8136 -0.492145 437.618 -0.859393 -0.0251122 0.510699 1
-28.1254 -13.3561 461.683 -0.624965 -0.267876 0.733254 1
-32.8721 -17.2308 453.481 -0.868746 -0.0997858 0.485102 1
-31.4103 -17.2487 455.946 -0.851852 -0.177949 0.492628 1
-31.9792 -14.1142 455.147 -0.761794 0.102891 0.639597 1
-22.3116 10.1193 471.916 -0.803131 -0.245459 0.542892 1
-36.7129 -22.1559 446.767 -0.809208 -0.0220028 0.58711 1
-32.5431 -16.5723 454.07 -0.651208 -0.252269 0.715743 1
-28.3386 24.3988 461.913 -0.882932 0.0544585 0.466331 1
-33.4468 16.0983 453.504 -0.836279 -0.00294246 0.548296 1
-31.0005 22.907 457.519 -0.841147 0.000277934 0.540806 1
-31.6781 31.6653 456.497 -0.839678 0.0144258 0.542894 1
-32.7903 11.4326 454.6 -0.84696 -0.0816806 0.525345 1
-37.5655 22.7742 446.684 -0.802319 -0.165309 0.573548 1
-30.8943 -7.84265 457.301 -0.87997 -0.0464731 0.472751 1
-30.2558 23.0683 458.753 -0.83998 -0.0041783 0.542602 1
-32.8854 -15.3758 453.554 -0.87246 -0.0999124 0.478362 1
-21.9654 4.46165 472.545 -0.7739 -0.0698291 0.629447 1
-27.9318 -7.92138 462.286 -0.826026 0.00329685 0.563623 1
-38.231 18.2712 445.55 -0.823564 -0.0334963 0.566234 1
-28.0987 23.8473 462.313 -0.843036 -0.0206071 0.537462 1
-35.8415 -25.4843 448.079 -0.873922 -0.0659828 0.481567 1
-36.6352 -12.7588 447.364 -0.83307 0.0360674 0.55199 1
-25.288 8.6261 467.007 -0.855275 -0.173218 0.488365 1
-28.1468 3.94599 462.268 -0.812816 -0.130963 0.567608 1
-41.7439 10.6344 439.705 -0.793736 -0.0184672 0.607983 1
-32.7696 3.18523 454.575 -0.859466 -0.342525 0.379467 1
-36.2656 -20.684 447.589 -0.658558 -0.423251 0.622222 1
-29.9702 1.71541 459.203 -0.862886 0.0340454 0.504251 1
-36.435 -19.8138 447.345 -0.816578 -0.10075 0.568375 1
-28.1432 -13.5651 461.643 -0.690009 0.0670944 0.720685 1
-29.0999 21.5098 460.677 -0.842124 0.0486411 0.537085 1
-32.7564 -13.7434 453.856 -0.825494 -0.0117676 0.564289 1
-21.3991 15.8848 473.36 -0.823361 0.0879461 0.560662 1
-38.1588 -11.4626 444.863 -0.891064 -0.0530689 0.450765 1
-33.6801 25.2391 453.102 -0.464536 -0.141338 0.874203 1
-36.7197 -6.31266 447.566 -0.867397 -0.0487085 0.495227 1
-36.538 13.4753 448.371 -0.890764 -0.00754064 0.454404 1
-37.1888 -11.5752 446.494 -0.852003 0.0295489 0.522703 1
-34.1299 -15.176 451.465 -0.853633 -0.0537478 0.518095 1
-39.3623 -6.87404 443.088 -0.863283 -0.136446 0.485927 1
-32.8572 4.39829 454.438 -0.802816 0.0825587 0.590483 1
-38.4764 17.0367 445.142 -0.885785 -0.0134929 0.463899 1
-33.6425 -9.17094 452.601 -0.796305 0.0192633 0.604589 1
-33.4167 -11.8012 452.843 -0.852041 -0.0209374 0.523056 1
-35.2016 9.4437 450.572 -0.864705 -0.00796641 0.502217 1
-43.4081 43.9886 436.327 -0.749486 0.568166 0.339792 1
-43.7424 43.537 435.581 -0.878377 0.457308 0.139007 1
-43.2571 44.4009 436.149 -0.737873 0.669641 0.0844079 1
-43.2775 44.2088 436.4 -0.895977 0.242778 0.371865 1
-31.6703 38.4431 456.388 -0.837811 0.468774 0.279862 1
-51.3685 -22.982 421.701 -0.937834 -0.339378 -0.0727311 1
-51.2148 -22.7331 420.67 -0.822511 -0.52823 -0.210828 1
