ply
format ascii 1.0
element vertex 5000
property float x
property float y
property float z
end_header
0.35586410694139614 0.18765902152412117 -0.004671407270918616
-0.22903433614210877 -0.45724490237451376 -0.018834979244513887
0.4141779549910567 -0.7966069001992739 -0.0009364422736891713
0.8871096629520798 -0.29209772019871894 -0.004869634987876065
0.9232927197621723 0.4186257354706915 0.011559414337724377
0.8047745610937576 -0.3640124022164615 0.009635565308520855
0.02685281692901631 -0.2988358589994571 0.02133092710671656
-0.7862776326254131 0.3495199873049475 -0.0019204765355370188
-0.4688024978077465 -0.20951960020211025 0.004825540742539107
-0.4961791315945383 -0.6969106756679282 0.0017117667136695993
-0.12466701564276184 0.1135861421333908 0.007760334431635714
-0.46554921284087625 0.7960235997651688 0.006149212259606058
-0.5502369237893285 -0.09079216149576208 -0.009542774385509758
-0.9287792049880474 -0.12517065233735725 0.0007276280774850411
-0.2923205079478923 -0.6071333220409976 -0.00023181661208774817
0.12162376936426256 -0.5861380710747894 -0.008151489989550665
-0.05334265332043242 0.8906548359813662 0.005085033885167174
-0.9612890097384268 -0.1262344596266618 -0.004699720548174659
0.014108848208570723 -0.4249878096742097 0.0030390581061166422
-0.8062147047465842 0.6855286587761689 -0.009529293872995863
0.43321711580731637 0.45766341427746915 0.0006117466187478938
0.44529060902555906 -0.04591727297674075 0.002782091542215775
0.9338353209222949 -0.8326515910083834 0.012278709059343765
-0.9161412393594206 -0.5779220351577492 -0.002198054260601174
0.1851569228527168 0.26048068145791836 0.019156848202352396
0.2827499146124144 0.7711150870859937 0.00046934315987947944
-0.7240611343146202 -0.6950191218703579 -0.008341739724435998
-0.8075584857777693 -0.3865569837070406 0.009229459752408447
-0.8878150974782615 -0.3783386391984487 0.002672842494456621
0.19268025057492255 -0.7056176516803747 -0.007770197026251829
0.7511207783809573 0.01922753861925308 -0.0070144086461253205
-0.7692771077003273 -0.6989268300499647 0.007635245638763505
-0.07955928425220749 0.5802980225620022 -0.003920808193686193
0.9976734236482525 0.6161017133501543 6.840285654293575e-05
0.5168065657295446 0.09198259151629129 0.011402855802598555
0.6536933663406501 0.35694651744008765 0.011772176991773136
-0.5011892759475232 -0.14731474853828863 -0.012792064863592625
0.05195884608265011 -0.3276790853264693 -0.014302118861468894
0.06268135452011392 0.3736505294485104 -0.0005986120613794503
-0.44938232327833205 -0.4062887024031929 -0.008855963370398305
0.7062349617520403 0.9786099565635835 -0.004204360762483643
0.3838403528408434 0.17712838723619195 0.006878976175289433
-0.2235843377315203 0.553057052741255 0.008671930645261467
-0.9827759171874071 -0.8993008508039682 -0.00275539490096209
-0.8859469795072563 0.7179332698455401 -0.00031332377368085523
-0.909846451605316 0.034181563162901885 0.0005443932248391996
-0.5700379764671704 0.30929138611400786 -0.00954726130735575
0.7704022932313801 0.940147464539469 0.0005957306272027005
0.22820504850834844 0.3186353069696206 -0.0075827980956981395
-0.9098082627935153 0.06632193199897785 0.009079403034406889
0.9099712286068011 0.17685993332762218 0.002206113151859796
-0.06596534529201703 0.8470412124249085 0.0012897601086780982
-0.31151670307970436 -0.6865294844145777 -0.0070371177967593155
0.8513152310103982 0.06367680288660904 -0.019167545816629036
0.35132819194239806 0.3181400370647738 0.003724167067681124
0.9345262310113853 0.835260982741864 0.013540110466193892
-0.6617584693328764 -0.33363112989652 -0.002256751608666918
0.2069948735511955 -0.9763460133476425 -0.019440111840667955
0.4949825898048117 0.9189610468188671 0.009926409304096362
-0.618519554475194 -0.13811437574135565 -0.009632494314237086
0.3969281947930601 0.787962716141343 0.0032155204290176876
0.24067846411822358 -0.577396072321332 -0.012376286017752092
0.06724278511588899 -0.4398915769961891 0.0007601152528029215
0.8842992904975686 0.48747703005805 -0.00319411849391054
0.27339744148014367 0.10950490981817818 -0.007069829741373261
-0.909155944939168 0.7617915116394427 0.019375473574490903
0.8259784429796555 -0.231077400567544 0.010271762358269317
0.3765147767105297 -0.9997955657530211 -0.00010735970457645603
0.3825781953691343 0.7912422808411461 0.014368698644212386
-0.9103295588915394 0.17044448124665235 0.006324758712639646
-0.4354157085681247 -0.9580218680159305 0.004542951007041888
-0.06552577680891236 -0.30627396310457344 0.010599964632588032
-0.9349860098261995 -0.45123582071458124 0.005751767073564039
0.11017620817517049 0.6694396101845883 -0.002847044127186292
-0.49212274982065796 -0.9665483800460006 -0.0019383244012274618
0.6529294842964608 -0.8649131536698766 -0.0021294952383040986
-0.8032198286985965 -0.44835780074063813 -0.005839056434652457
-0.8359069268262711 0.5855952042957928 -0.007493877877436898
0.21097505399445726 0.13898577556093272 -0.00823908960116403
-0.7160402729111506 -0.878768439625077 0.0021292082673091193
0.37934329102852593 0.15387906149502273 0.0025981790869540893
0.4075075950756095 -0.3631139468808713 0.0067461534535842894
-0.7729749313521848 0.8255728753674836 -0.012238888425333234
0.19888246007356147 0.8025090634471805 -0.015163960334563633
0.206014040609392 -0.32190157924422236 0.0024889221570162843
0.30112085866655214 0.3428363200593072 -0.002759005081075942
0.9788716371424848 -0.5712871051809265 0.0003018948487642485
-0.40306103335455745 -0.3761557446669137 0.011572274453107868
-0.1725587070994714 0.9283674920074856 -0.015296912897534725
0.8843136073169986 0.8479195145403984 -0.00023006278976078531
-0.2615727411353852 0.25432106829098244 -0.008107718555877916
-0.2684994918807886 -0.4285555856713441 -0.0004999735676683261
-0.9801304376078601 0.1307719441107853 -0.010132098388827187
-0.7952442889800222 -0.3038545260548464 0.011176031020382197
-0.14033930911056136 -0.9249323055414098 -0.009738087155931911
0.5172413241348024 0.9921194350772062 -0.000362621904173089
-0.30299127688180394 0.1197497192159862 -0.007694124476355786
-0.4776470814317264 0.46447632566425234 0.009655281382489075
-0.71950981584331 0.008086478279774933 0.009130613411349561
0.2683800072724172 0.5790230496945781 -0.011761798572072537
-0.8098231783243699 0.2077996610956221 -0.0007537929670396054
0.05609140126885759 -0.5798462914423501 0.004282324485679977
0.49303410458626806 0.2240811584971607 0.00197887284021567
0.6800225089423202 -0.26675558293422363 -0.015462391562061846
0.6993549044978222 -0.6788984121089696 0.01465691035419055
-0.399773831938405 0.6231846785498887 0.002795867667008512
-0.30304454142358983 0.6403109070835491 0.008363218756699927
-0.06503519076560083 0.7985254564261024 0.01464047056307324
0.6668368813970342 -0.1186694645905082 -0.0011175628072873848
-0.5655695554268041 0.05844775864910634 -0.00015552732752731777
-0.38959235881524856 -0.63973679341718 -0.006686377462611197
0.2790137478180432 -0.4688100961370161 -0.003286699696304885
-0.39420371770485496 -0.46955228009334316 -0.0078101491869827224
-0.1338241109312237 -0.9466990621841096 0.005602022819760848
-0.2908469830701932 -0.8427901431895772 -0.009897696816306773
-0.27558924583562683 0.04975865649933131 -0.006860861343988127
-0.8902799530948486 -0.4630845143665754 -0.015937683802323237
0.7862837747022018 -0.5870653150329219 0.008785164190210677
0.299226737228917 -0.9080290008615366 -0.02013030767588188
0.6762279974863343 -0.913312056562049 0.024123473861253672
0.30872495973589653 0.9699951368470354 -0.008442472664806478
-0.8165046517820684 -0.1757687822227263 0.012849390895185681
-0.6614527242767694 -0.3620820738852244 0.008754297386314829
0.9005603396814743 0.5515571608121979 0.0011657300737057696
0.12617254091238905 -0.6184644953371845 0.01361092098231653
0.5591215422309885 -0.8544139777157769 0.009437883884119166
0.2565227504221259 0.7579495442361601 0.0015702602254250655
-0.37397481382475317 -0.38461713138627274 0.004742767973418122
-0.6013139529823164 0.9511366733568765 0.010370894953478087
0.753392868864678 0.8659294166763918 0.00851971825957027
0.6006525545193995 -0.916937177005118 -0.007691698204479873
0.49877778137874107 -0.803278292681515 0.0003863455338093385
-0.9432068191146901 -0.9498906567302123 0.0005771486936441399
0.4218958781916875 0.5955762138952481 -0.02197919125337498
0.04790641461452361 -0.6482045531141842 0.002344781186620847
-0.30537746608498684 -0.7004985698740893 0.013262195393397645
-0.8740869576884149 0.003383310442824028 0.021804960905211692
0.13876155511774835 0.4611858157475781 0.0011359549832110538
0.16642458441730645 -0.7825351178741318 0.002536713489086823
0.6394408792411554 -0.6134024904917925 0.01705246829989267
0.7368733867454693 0.9104188039047281 -0.00021410200257635095
-0.9662813758512259 -0.5353699724216952 0.01176773044095256
0.36881421950502147 -0.3130778007333497 0.005913218947699749
-0.6226590310486995 0.28223124450876114 0.00705342741155654
0.9190622512283064 0.6722208791460886 0.011930864115745274
0.9426651592603263 -0.8325749186378895 -0.016920884799267063
-0.9125053043634073 -0.6385969545952328 0.0038607625007335846
-0.9613584357168108 0.5703563477901952 0.0011330472587921568
-0.308030756084154 -0.9995562927629991 0.010452708734424172
0.4780183670057605 0.3246363552909417 -0.0007301759391280232
-0.5551304513367064 -0.31649797405892177 0.006389413661449914
-0.5500804870822322 0.4458347715577142 0.019221938141156938
0.313044753231261 -0.29227076282984443 0.0006103185125504207
0.6441976567230516 -0.19544500408597365 -0.001601085239421355
-0.9285599746582431 0.07642657159187571 0.006994437937948495
0.8940060465036923 -0.10384147231722762 -0.0055471497539685225
0.5275849177393332 0.8975074974045547 0.01792723853584102
0.3952791112818759 -0.42037277323932787 -0.0006254267960083521
0.4825481273521517 0.47715518906842913 0.0034513049171159046
0.36667973253159025 -0.021587344185788337 -0.0016865936734224507
0.5457821711099611 -0.9957399070772812 -0.005550940324174957
-0.24666060953743396 -0.8638553943559899 -0.012039179975591886
-0.43396158506650506 0.17553484537073283 0.009864322038129094
-0.2718371017260184 0.6476804131592422 0.00024073523488911047
-0.9594115449789196 -0.11616815527276336 0.005406228677984265
-0.7643392044823674 -0.7863163726209819 0.003975406741660924
0.4135185789247835 -0.4832620878328824 0.020579331216140022
0.9081118826629981 0.6730199135414614 0.014010239240465558
-0.26019006693036983 -0.22151740233225636 -0.009852353645887017
0.4496810704553822 0.3739080377586126 -0.010742716366405372
-0.2577167871404886 0.34220941765800394 -0.005872735655434205
0.13643205863743835 0.7099306996381543 -0.011504481518131075
-0.14616165963392058 0.9601200712739861 -0.01050997813103826
-0.6979397431057679 0.7851611127061009 -0.008679533635757006
0.10152284009848933 0.009855478618154612 0.001494281297180102
-0.11719152461337146 0.6498610591987062 -0.01763761552865948
0.9901885409860969 0.37604069303682763 -0.008416462002293193
-0.22000017678333794 0.7109788215108026 -0.0009620377303451102
-0.051034887492021674 0.0683664927822294 -0.009956713523320452
-0.3562870905260309 -0.6012655287775668 0.004252713141134288
0.837160487775648 0.21832959204985158 -0.003996802347125614
0.7130949866709773 0.2619158938765711 0.005853197626024626
0.2669148313248766 0.9196891037826003 0.01155821486419014
-0.16971971484492543 -0.22251056623975018 0.006171831330057408
0.4349659122720586 -0.8205359297205048 0.0031759466751100423
-0.16171190262400903 -0.7460962358054426 0.014205264794443936
0.47643262989007895 0.6995464527478876 0.009598863240342181
0.8235509465208459 -0.6029033034453528 -0.0021307592761333856
0.2843376423471784 0.07990523140160954 0.009956371753132917
0.385248618975482 -0.8527181887044437 0.002437882906804269
0.8338892614443492 0.6514796110435945 -0.0035928768284281165
-0.37935328535672186 -0.31133907458569343 0.02702681876803459
0.10758268265451632 0.36134177249917965 -0.01180544723326161
0.34346743971878024 0.47519663107132093 0.013480610458055943
-0.6303170530236162 0.4060164707634293 -0.004596798877717513
-0.3455114972077318 -0.7152654024137344 -0.0021458832590966043
-0.5421288226426149 0.6891647728571493 0.013207568668112494
0.901174171207717 0.8499317663974735 0.008519986572299094
0.7733277184672633 0.22178002979980582 0.018656070977498402
-0.446265751785879 -0.7513822662939071 0.01035510001108404
0.7783795871568386 -0.6465531442282104 -0.010922240924373258
0.3595216405007473 0.9323858268668623 -0.004460038811738914
0.22875281957289162 0.06841350357526199 -0.009259008277279433
-0.8129877070491289 -0.3804722959645117 -0.0017015888140455321
-0.23317296188315417 0.45906308995531964 -0.0014964417643518813
0.4477834257484201 0.7965193040776262 0.001153883597129989
0.04501980400927841 -0.7237465278776463 0.0010387913494899791
-0.9707706853640821 -0.262182780885442 0.0072757536980511415
0.012969060765566365 -0.9916266686786486 0.01709894818456852
0.1838948483694096 0.9454754196232626 0.006314097598394455
0.29721237954934887 0.971158098568317 0.0011104485302651415
0.7292736920811445 -0.4679338483667297 0.011763600155893403
0.6239466811610959 0.9567299217172351 0.009512552592973827
0.0699792491396316 -0.918809014205396 0.015689899861308493
0.11913359668521717 0.2796475939990728 -0.02229184815675594
0.04796584825907413 -0.7487299574794839 0.003896425676616275
0.7533207365860923 -0.967972527290756 0.01006320983526361
0.5342341758328455 0.10067413213992937 0.004649088412604523
0.12795475160829217 0.6660862973521064 0.013933738183442186
-0.020636448306980304 -0.9361328773400968 0.013330430862426232
0.6894517094454256 0.2937900396341233 -0.015602480102699193
0.11694721747351355 0.9455878878564874 0.004260863405179827
0.7181835450355745 0.9484735099484178 -0.0057769383244867046
0.2310319108605996 0.8967959202261864 -0.0038470176931400535
0.10787761389242445 -0.1942198276881637 -0.005156683176157734
0.7405481547575172 0.6137001117893159 -0.0006983965798285264
0.2935156584770544 0.6527161515371771 -0.0028466868409512064
-0.03479323423651892 -0.05725438175492292 0.0109840099741429
0.648515885651745 -0.3611073694804452 0.004197461790590526
-0.7251426508188796 -0.10129032917292635 -0.012995711170696289
-0.1306732529704826 0.8501989295953682 0.000732285349135561
-0.7470674553222854 0.8143379801773916 -0.0006144688943784129
-0.13070078874969182 -0.6357915201682267 -0.007295998324662406
-0.011088947042857678 0.6994426001415335 -0.021116621159837687
0.5051527799348658 0.9385669353865878 -0.007058235754135721
0.6667729461510659 -0.8272379139161345 0.016686445213322937
-0.7251144556667408 -0.3430063571637616 -0.010586560494848227
-0.4501720452126101 0.662349369324911 0.0001450112470278511
-0.9335974512196279 -0.2382777038430508 -0.006229491106567425
-0.7210750727815298 -0.26153243684380234 0.008061750961733526
-0.716450181753826 0.15242282974712373 -0.0006601538010874688
-0.4729915535597604 0.4467722754114831 -0.0040090260196976495
-0.25045591321139504 -0.5094917801329992 -0.012761379157153386
0.3274877930506963 0.7662593736203729 0.014108615408514956
-0.4515891289754612 -0.7657537768581186 0.0021709049665708884
0.5289304642375146 -0.17044720570817007 0.010053393200568314
-0.5025528262033949 0.17076848264077094 -0.01373022682162973
-0.23310879082681657 0.0874164572445808 0.0005085382684672251
-0.3136015048172547 0.7288250827830971 0.004371024385908394
-0.8409480794617377 0.49356773992930814 -0.00654237923204845
0.03193411156131365 -0.42763877494450897 0.022682671495260074
0.9589864103376484 -0.37393058559596715 -0.006912660390481633
-0.42825972605441787 0.13906531390825672 -0.00046718636689827394
-0.5103274457660905 0.7893921533454917 -0.004298758314489139
-0.35878437723133927 -0.14213997911259013 0.0035749837975844172
-0.9014863620226015 -0.07733319262702576 -0.004668903307103554
-0.6001899500225474 -0.363526389864929 0.0007377025076431222
-0.48948340998300166 -0.5251990937740192 0.0034017497331681724
0.9787225869371308 -0.6541875315735568 0.006861233268673235
-0.3529503460782224 -0.9059993529119508 -0.00014705342312950484
-0.7511436952797406 -0.37310510117917306 0.012473637020116288
0.6651901934451916 0.24246040438975225 -0.007459312968002664
-0.9005184686429799 -0.21830906800244376 -0.00472958924466948
0.8668895768632023 0.2503571195801497 -0.0007014601371598515
0.07153458733506812 0.8713260468623931 0.003706798608947278
0.22921042480815879 0.960037419576024 -0.011311030208791595
0.23585513943120384 0.6023836367373259 -0.009283480733160836
0.8953973450935775 -0.9051398360288017 -0.015577758707392144
0.3428964219547299 -0.2556840060968022 0.01722899247971973
0.6517932345548303 -0.7290104822070662 -0.005661865941576272
0.9181662613898238 -0.14202533501916226 -0.0027469549526626413
0.09485076620749133 0.676791663267394 0.020523706846954645
-0.5122612543803493 0.44234271089094546 0.022180172257573638
0.5896433251571154 -0.35211230473382193 -0.00461989672098147
-0.4989484270654214 -0.849866833478397 0.004284251489117004
-0.022407966257402157 -0.5865504912488837 -0.007490451145207403
-0.1816997703631682 -0.6239881624707786 0.005946392438313634
-0.030778785548080556 0.38398964561156523 0.0008806122073655728
0.14152208543099043 0.7728522545346157 0.002990124551066727
0.2738176227975786 0.3469695117605176 -0.0035688836400123215
0.6005758908728394 0.5340557565287702 0.02014785611154513
0.9523079806368369 -0.3988407146245354 0.018763468515804353
0.6277991917583781 -0.39704139105407754 0.014223160378620267
0.21321195795361003 -0.5575842098991868 -0.0049412458065237995
-0.5918403793379059 -0.5840314685534715 -0.001850513492811329
-0.0366306144007873 -0.00751743188062326 0.0005585691295193599
-0.257813123776806 -0.3154179619478221 0.007418220236600223
0.12601809271248232 0.2163408493327823 0.009364891930595852
0.22213527015988888 -0.8768705636148983 -0.004431922096523465
0.19801198465292713 0.7555881898474925 -0.006905194740175667
0.4714613641983927 -0.7391079944583197 0.016827003890408417
-0.7545628889835485 -0.12779063520671952 -0.0013835604252531164
0.7745325908251433 -0.6707672202087476 -0.005798078753217434
0.7356217210401141 0.5673009275428171 0.010576678499012209
-0.4845830352257241 -0.5607216269023463 0.006101348450694314
-0.10431141807566569 0.515818368084175 -0.008618286445298672
-0.5793443169861714 -0.9652760772000109 -0.007445750623776955
-0.6258178729643356 -0.1923415804804609 0.01408885277953442
0.7818434815802591 0.22170467741396216 -0.007524770246560655
0.002799355892441513 -0.13789888128268135 0.00449712500514522
0.11785174230442341 -0.3772356127369412 0.013896219584708725
0.48659559258094087 -0.7460607411265623 -0.0012569167032239112
0.2889190944375286 0.14931408152547876 0.005184223850160897
-0.2822533723391667 0.23231094352774195 0.004700094370948579
-0.6827157468796881 -0.6125710190907461 -0.007536065304480672
-0.1518317782094365 -0.43037391371434564 -0.011526446755296607
0.5451025521715018 -0.9090894161811147 -0.0047992919494444465
-0.21486376302918986 -0.500568121579452 0.004657931565950997
-0.32273990431581834 -0.5244990013140742 0.0005816180062086794
-0.1261135637806423 0.22656425286613757 -0.007093687716205103
-0.42802320332722554 0.45507566985203574 -0.008148175084997884
-0.02072879693491303 0.8119513842263266 -0.017915925419370198
-0.5301378729456909 0.1278836280000677 0.0006936375756953832
-0.556835273180923 0.19667835122943256 -0.02258750245532795
-0.9615229829817453 -0.47413497434449803 -0.005051441894653465
-0.2692209325513675 -0.6308998964488581 0.004198865316454086
0.27849575441837615 0.300187312199079 0.01007569346418812
0.4935165976018574 -0.11902331121591425 -0.005359134643811273
0.7614669204140685 0.9033881976778875 -0.006717879231868078
-0.6458998370504372 -0.007827217541649611 -0.008054430661832725
0.41839489604057123 0.7847055605853523 0.004833572343335893
-0.25743175743325786 0.943797269761715 -0.006059649284505761
0.9398951801781767 -0.6624587754725721 -0.017585484049216237
-0.5885719195784336 -0.6214961989298124 -0.004230790991462078
-0.07573009456262425 -0.9462014321328831 0.0034071447148760446
0.23323309221463306 -0.7427184110895468 -0.003683098980038787
-0.2641964536928858 0.04397780386185235 -0.00045178487684309227
-0.559800129191738 -0.25569454385953083 0.004561284931580723
0.7275807479658523 0.27347530648325113 -0.004589466335471009
-0.2365587159617426 0.7148309585006787 -0.0035921921666218592
-0.10772570718701147 0.9841666890826546 0.02803776568971478
0.2753826054562738 0.6833844134919929 -0.013064753564339528
0.980862269271142 -0.09699920845704724 -0.014032230227682541
0.4871199920834659 -0.719774803098203 0.008216486660820827
0.931475764950644 0.2686790693877479 0.005864537560080627
0.6239450940437383 -0.7704204074300163 -0.024042178434948585
0.03524946793863548 0.20158012036285156 0.009049569112952375
0.5073269076819134 -0.5004199649573435 0.009928756184625284
0.3974492038671993 -0.2791038549756477 0.021639347470195573
0.7318930132853068 -0.959331974753795 -0.014072008041912595
-0.8748955551567938 -0.18520766801083632 0.010122407700756838
0.11576170165357458 0.023327667157432064 -0.01107830474115366
0.6752027165538885 -0.1991701463348634 0.007875320905631438
-0.8676297682523597 0.47056327275732146 -0.016343438751227103
-0.3985617849274914 0.910744451791681 -0.018551328663681758
-0.9937491175021422 0.7508390868915882 -0.009049815428602422
0.7163119335604529 -0.23197466340493023 0.0133909459767376
0.1592502280423127 0.5784863882689246 -0.009009002110592865
0.9823779615098582 0.07142457816574854 0.0011350532945285329
-0.4816593187504974 -0.7549432085177699 -0.0120825247414689
-0.11776068228932246 -0.8958237709919963 0.012183339646256596
-0.16238128084273784 -0.3861991350369236 0.006848343173816088
-0.936093266708832 0.21160892592302205 -0.0032281052891719093
-0.012648426377099398 0.23873482898791698 -0.008773783572104558
-0.7105021173383561 0.9361260456230165 0.0054081835815606985
0.7373467814011545 -0.6721860226091751 0.003224240975570281
0.6314393502931623 0.7585928282960432 0.002533958908485825
0.7690765696160093 -0.834672054091687 -0.00893258997428598
-0.15786007177349126 -0.5488905213667719 -0.005731558473093461
-0.7019989891416099 -0.6037016726095472 -0.006093897246665925
-0.8385741446784196 0.404770708740237 -0.0075664042891368235
-0.4151150495211249 0.05677531661866175 0.009796575554342964
0.8113324309944261 -0.853153681814887 -0.014906632094381669
-0.46748394500006474 0.9294630853270882 0.006541953638223253
0.46677017592347947 0.2698577123416199 -0.0005180611775625164
-0.7078491037135559 0.1741234209613478 -0.007652492392959528
-0.21919417117149753 -0.6923091426870236 -0.018523492914168455
-0.9302518185282007 0.2813333773544302 -0.00394194799679529
-0.7181567560790176 0.841425543113745 -0.006652035038908309
0.03286335773163329 -0.8226586694974065 0.0021522147819399364
0.992187411897576 0.6700590304973466 0.014532619091499848
-0.47055790824721755 -0.4958175967893286 -0.009268468294192533
0.15863888446319319 -0.6297487868199654 -0.005994500117022228
0.7251719306700319 0.2582001900436717 -0.0009825513053936675
-0.3085872917575765 -0.5007961443420346 -0.002134627231626069
-0.5972147682712825 0.5123695893402713 -0.005723645750686047
-0.6911856344665686 0.11194899478972786 0.00377173778225708
-0.1049235895082663 0.23984958360143716 -0.0065282794672493075
0.6475005876474065 0.6334754629981265 -0.00853294367014034
0.9799341820032561 0.7546006926709763 0.0064125190530693
-0.27888481414403077 0.18730056065393197 0.00358244631526948
-0.9571008441078164 0.0930343239611886 -0.0006678760275203797
-0.15702457214269883 -0.9256305247757592 -0.005429315862939861
-0.32964185205524865 -0.9064309081749327 0.0020316793765117504
0.13691152850841304 0.7868672980573506 0.0012301187878228429
0.2842490192460787 0.26151497524836653 -0.01187190329134601
-0.17914458046170645 0.5847618287319345 -0.015614389231313149
0.9810637376753839 0.9497561600861635 -0.018444599630755395
-0.10781615346119278 0.8194228878781726 -0.012304073616816623
0.14298756703998028 0.5972811978166013 -0.0003361125312953296
0.5499445678367176 -0.902678197695105 -0.0021798174099933727
-0.656498911819559 0.16340423374675872 0.00925424828019594
0.6498129776399091 0.6589778396144939 -0.0056972958136496926
-0.5221219924240537 -0.2826836620218256 -0.014503582688417652
0.46442951317785397 -0.17267116652580916 0.008460941893655026
-0.6795981287379893 0.39025121741166835 -0.0005805091115998156
0.11926263291258898 -0.4250489687225054 -0.008470156447861102
0.6554684757408327 0.45187683364993325 0.00028270501767165197
0.9774812946482214 -0.8053070864185621 -0.001695045110877098
0.44151335481537846 0.28873121257984247 0.011104838414121593
-0.11647595947948797 -0.3893221603857975 -0.013383157648611045
-0.6117476246675757 -0.004649693109940678 0.004710675392345686
-0.5354128751667906 0.8800835895376857 0.0008188991791951993
-0.9747419938556878 -0.058901100673153906 0.01772267689082262
0.9861789401541339 0.299418126419855 -0.004525559820029858
0.6694836335439993 0.6078915543597645 -0.006213938155865836
-0.2544404280622017 0.30449315758194184 0.009099624730680949
-0.333022009875525 0.8439147628700763 0.0029170828685060744
-0.9337952880243126 -0.3150278219454483 0.020416562779240456
-0.29939917153945816 0.6859248653577672 0.013180756597930323
0.38174703467990034 0.5681098021934332 0.002133947070249556
0.4076668712701901 0.6655979160142604 -0.0005332440515169462
-0.47870905266389996 0.6587978876471134 0.000850129345834333
-0.6854191764125324 -0.6020031016400929 0.004620683044283868
-0.6110496682136966 -0.9757528569857483 -0.001808827842212602
0.667429171041998 0.9473682860983883 -0.004393649610572775
0.5001468150586521 -0.72340934767842 -0.01540861691740286
-0.4423489381551624 0.3220317707778775 -0.009691671036393597
-0.2947571825422759 0.8005082932183889 -0.00686499360190171
0.2855452740969362 -0.8897801257406008 0.008168017561320786
0.13412828963807266 -0.11086834049246863 -0.002457890530182931
-0.9396773036673138 -0.07755999408460768 0.0039284525017305024
0.2889118088893523 -0.708483002260683 -0.023041338461714064
-0.6886856601595921 0.393906126329268 0.021629214650222002
-0.10306737639331254 -0.5776161114459213 -0.006245079109205893
0.774794450441973 -0.5163875574486856 0.008334550937801671
-0.9925895410382972 0.8810477654064781 -0.01497270399223772
0.8272892236597789 0.5033307793809931 -0.01627559344609897
0.5205853518293149 0.9191331979477773 0.008353873649657985
-0.02323497643357042 0.5620486472509727 -0.021223951779000185
0.684919141196425 -0.16467231823810158 0.018187510005326934
-0.9491448038988464 -0.902607377765628 -0.00036796716012701215
0.014483826916721787 0.9734781381075193 0.005953242812793101
0.7749769538832163 0.6435321731055883 -0.013529558723415372
0.5782989762487569 -0.11687328518444673 0.004853756856388716
-0.4155740143826836 0.281765108493256 -0.0018936888129124309
-0.20902772883148257 0.7418684779654532 -0.00031786411529140067
-0.4476045086432714 0.5253751363914128 -0.004331462074083791
0.4514150455964736 -0.2911135617199485 -0.013118041167969796
-0.9674473624382929 0.3443820172062657 -0.005783308320627098
0.08344713604527998 -0.3046370656565127 0.020225860144036788
0.17819732736076932 -0.3343221331215658 -0.006253605360364745
-0.5539111398063306 0.8259172136491593 0.00918219912059939
-0.3918310514200245 -0.36168188767664855 0.004131071654813081
-0.003321905560518479 0.9025749927357278 -0.004912581699003694
-0.9370353924617068 0.15721178518463086 -0.027297255106288058
-0.5548736085015151 0.33757458571933685 0.004401395132272464
-0.23024155629517362 -0.629745406715549 -0.004704810541513158
0.918982421085603 -0.9451769462623165 0.012852199695517352
0.6611752142215546 -0.1582513726056085 0.0013248878175197102
-0.9982226428815077 -0.7219099770614865 0.009074355279683479
-0.9207871260841693 -0.2041284630770417 0.0026162417354393674
-0.8897638058749637 -0.40000498483586866 0.003082182042124558
-0.17713231956337916 -0.30934469204397774 0.008874867772607913
-0.394337983165685 -0.16174191571505414 -0.006820627066268903
-0.12605957784522803 0.6059535907161384 0.012946090953043386
0.2380203751938672 0.7447499573906717 -0.0004797589027667399
-0.1576889565719657 -0.17979458594163056 0.012148812976647215
-0.4213812839452007 0.8058844064200243 0.008279301433090903
-0.6716047245721402 0.825031014585573 0.009608230727554002
-0.6457442901407455 0.10776944721809123 0.009244850332997738
-0.08181716369558822 -0.8242265370207766 -0.003800911190620509
0.9255157801693927 0.09355014878982115 -0.0029027995583353083
-0.029112934633201748 0.6343651374026142 0.001323189076245529
0.46073789365936757 -0.46564976127499946 -0.022620634895985977
-0.7830062609523991 -0.45907193170306004 -0.015347450975027233
0.6840211653473134 0.6868472709634208 0.009539573244582905
-0.36012573732086395 0.8278506591279227 0.01215992136989015
0.7212839526423875 -0.4996961168936116 -0.0037529796414780266
-0.3202335648194188 0.8046978764019062 0.019993572854263758
-0.21552639708102128 -0.03344156035222001 -0.008828080391269017
-0.6038706505629137 0.44471941414595473 0.0018255602839743683
0.9480431409349617 -0.5417204571810903 0.007781767703015641
-0.2705038545737555 0.5517915613180664 -0.004235347517795299
0.034415392452507465 -0.4879744563277695 -0.000692009867888856
-0.5770101796285141 -0.4808118550426559 0.004081896397769968
-0.5253748242398628 -0.011071016784840682 0.00392765279503742
0.19965641671538825 0.11347739401943602 -0.00997999700537189
-0.061849536503871816 0.4746883219728788 -0.010402156786757641
-0.16906769952899126 -0.8023687696406363 0.008004324298567738
0.604715061914938 -0.8161053610559745 -0.003554692306261794
-0.33437332546693965 -0.4436343738300417 0.0009966339547177437
-0.6028968943810762 -0.8756854359486979 -0.00929118663034513
-0.5766568328876636 -0.27597906452916243 -0.009957329404224785
-0.17752742867515403 0.22670313969752098 -0.006393216946538219
-0.668812163848528 -0.22351708298424655 0.012902043060714626
0.6373284819851772 0.5921354845257416 0.018538928341507787
0.4211374865873667 -0.8671515493392834 0.00924832625713333
0.4171764941738172 0.5782274489031549 -0.010150030060051208
-0.5744562880244002 -0.9425657010619579 0.007532969537382612
-0.39691287446156687 0.8175194179908785 0.005019952367883143
-0.2179190075255244 0.4090766072447716 -0.0008091473206420499
0.6639065933460857 0.7123434687811097 -0.010427879125120394
-0.5012674926125338 0.9849851711284117 0.006678612739868531
0.5579973248747065 -0.15558382819206718 0.003839423840836732
0.04528583281310783 -0.3445084641034246 -0.003734042339478508
-0.23062126135200578 -0.4109865318159758 0.0028199865596837616
-0.3558755350851033 -0.10852799496480636 0.018563246380322758
0.9632633978928873 0.06762156422811905 -0.01125197006305082
-0.3227553685805229 -0.927428166114304 0.0022869346157990463
-0.7174897217492884 0.16172805436201987 0.0051762897165000986
0.5381646982419237 -0.22631383019753137 -0.008480041529626996
0.2002755295249472 0.8434646515952449 0.016992835188796292
-0.8142510885081431 -0.258273578390797 0.008886397785882039
0.6764803538709061 0.29686793932082534 0.024982163657265667
0.3380642900942201 0.8313435755088276 0.008753175706628384
-0.04017399356037532 0.8990307702081488 -0.00859285138649202
0.9864704026309417 -0.23156040342259931 -0.0007785451663119386
-0.28106572425377263 0.16629529406649102 -0.0034733150462135033
-0.8261228134993801 -0.12296814537966294 -0.013627755221614683
0.3848216470801875 -0.3720476807154587 0.011584716019297643
-0.23515013327619894 -0.7733523998100251 -0.007506530785659882
-0.743894159439062 0.2825444100065766 -0.004554819791293079
-0.9540924623093723 0.7690444874972668 -0.023915534660401333
0.7120431842705974 -0.7889764345515395 0.0010891545603509093
-0.017178548210849298 -0.707516257032548 -0.004523996021153805
-0.9933905739998079 0.8435043337682482 0.00339898114368215
-0.12217042174725701 0.946268784148079 0.007731338825715072
-0.8494800524605224 0.5909517875629071 0.008054697519166232
0.8567436003961082 0.5034523685402394 0.007627187277631005
0.15299933780841468 0.08633685765491261 0.006469464367153153
0.493832927797361 -0.4447493664030786 -0.006196787643401675
-0.42436948622045745 -0.9130722988771214 0.007371983188970788
-0.4927543446237612 -0.9952865680863243 0.013124634804465114
-0.8705831503940633 -0.1032069831239093 0.004069731925993605
0.9503111564440774 -0.2120649637096581 -0.0005497334491864737
0.6426463430616174 -0.07443788065482893 -0.007665395865226739
0.17588359031932566 0.11274775505389956 -0.002816828942867848
-0.35842130216021606 0.7969731265576729 -0.005870811929081984
-0.20519668043819927 -0.7028694188539044 -0.006634077000308312
0.690220053996458 -0.7461733487980835 0.005444338744679332
0.7352414094625153 0.21405497597409928 -0.00325617552715246
-0.39306493069140513 -0.012912837958569012 -0.02103209702124905
0.3333088222393965 -0.6533911415240405 0.004781847247591783
0.8911743534663428 -0.1965653726063783 0.0021473867685501296
-0.5859367471038253 -0.9109249395181127 -0.0007152596543881737
-0.40350791522672935 -0.3302082566378748 0.016499476251584183
0.995063004912194 0.10966215511782784 -0.00039814326858311804
-0.19544590438852993 -0.28592936735123464 -0.007549349967807804
-0.8475656690057829 -0.8744280219893215 0.00960074940374011
-0.21637411286599795 0.1272042935481199 0.0016998590216516952
-0.6274436467045275 0.22100146429563172 -0.0028898338012547094
0.22404204177134202 -0.49691291083388034 -0.0019419527286570868
0.7950650220980133 0.19659301933544282 0.0006200288414952122
-0.906516149967755 -0.8449136165514823 -0.016856618742091017
-0.5780016349802621 -0.29852881188902725 0.001665798201308494
-0.17839912714252004 -0.3777717057681802 0.016141517897280064
-0.5488160732633971 0.7370883869974993 -0.01605541957709428
-0.422901922815877 0.36957427807955967 0.005303061689574399
0.5495860321577226 -0.3705784549933715 -0.007840399251164608
0.6392143723069923 -0.9520634085937696 0.007009108946229779
-0.5898816919320813 0.8208071640675025 -0.0024816691892063838
0.7016993690124838 -0.21924777463214462 0.006687877934814222
0.43777014000647596 0.02914047446066914 -0.004133533817269738
-0.39487351180601915 -0.8584953711424936 -0.008117262395382092
-0.6358091800386354 0.340432013196575 -0.008810883532031999
-0.9339390999615704 0.603443727105671 0.002573087710087691
0.280608292911362 -0.6503529248082343 -0.010024109566469293
0.6292873646831858 0.4861070215043197 0.006039835306879317
0.5309767038418243 0.7275140956240729 0.01875908195706655
0.690296767375359 0.9221409324104619 0.008265453914951027
-0.2205322546388555 0.36965752639952854 -0.00896097729544891
-0.4910672093829882 0.8823609570367963 0.002342126058022263
-0.8222062894886415 -0.9224997143049607 0.0007703345163135508
-0.4148754759243021 0.4336969234107 -0.009629236911550036
-0.8495357357352358 -0.29688306029833966 0.017625427503592715
0.9102577343252296 0.1827788997562092 -0.012270536295125561
-0.4194029425339001 0.49270932080319896 -0.014571683841297187
0.2985170302244171 0.8019658764962203 0.008103469274841383
-0.9443100619900833 -0.4040917191470219 -0.0014549198515746067
0.147004976671945 0.9614426136235619 0.011343215611542943
-0.4356319496342269 0.04803433695720205 0.001923322500579546
-0.9298217816498222 -0.5624474966587896 0.011590265358113085
0.17722884714885745 0.2582877271048014 0.01336722388419949
-0.10426869865512867 0.7053906614839092 0.012954080313489389
0.1494821399243671 -0.8480165442156022 0.002443855100560006
0.4555056688524608 -0.08818831342730937 -0.004334815090865193
-0.6475682004248826 0.8261189581950592 0.010688400891920581
-0.16147616046705493 -0.07677639233454947 -0.015620326815274617
0.7455067727761366 -0.6164870774657691 0.007474075540268949
0.9154250585244694 -0.8541315006718102 0.010814581767948606
0.4994490662937907 -0.934479741891912 0.005855806886428702
-0.9941969286801371 -0.6949747826921013 -0.012559529932032049
-0.9803040276029915 0.8883243820767126 -0.007898096514168272
0.8816264697365519 -0.6175376410536606 0.007457765247266449
-0.6657301346764519 -0.9745616816328586 0.007989913472575461
-0.9991744922682522 0.05007924147882048 -0.002141003015801682
-0.8283993328973984 -0.33810313905285594 0.012567822126517945
-0.08310564055181136 0.3685357836617167 0.00596948871342883
0.349395814167587 -0.312077323953978 0.005246376908724869
-0.6288436025413899 0.38514070960973723 -0.004084286738426261
-0.31813780738033626 0.8504200335527927 -0.0026447659961542098
0.3082265970874194 -0.32634747991020974 0.005113397766580921
-0.6727977545374366 0.9059258018172163 0.0014579761912011321
-0.36207906390542477 0.7880195844259474 0.011624561301350292
0.13614059063302153 -0.6484911856022078 0.0017583250899013828
0.8118784256491847 -0.473453081842627 0.00701063649919029
-0.28752863959407926 0.9857726350331337 0.011259085514447984
-0.24350053179510667 -0.11666842940194999 0.00016467796743049109
-0.9045013902513879 0.7720647504070652 -0.00756989921132448
-0.08406807192146104 -0.13508970925492592 0.002884133504795603
-0.8314312146843843 -0.05150995437476058 0.00024814827791321865
0.5681514038254047 0.22674875066902178 0.0014061830062989773
-0.20792689007159004 -0.6471248823639086 -0.004036969332170601
0.02679259114185628 -0.0029288104132876303 -0.006674799164355955
-0.2623470643494019 0.68244761602375 0.005246601493550308
-0.9368291605217276 0.3796461899718737 -0.00694371005896981
0.026409439937203016 0.9455634285847296 0.005528231035650548
-0.8919995401422143 0.24049053044436253 -0.00664630144818465
-0.19964968529533955 0.6761839385501509 -0.0033279774888269084
-0.5572076654691016 -0.4926584630283344 -0.0006211522295314904
0.7845985838291696 -0.8964800778836293 -0.009553473101619291
0.046653258395361163 -0.03278929358463034 0.0032896333277210275
-0.5266568732097596 -0.3234228316155976 -0.00203588321103033
-0.7564355072120454 -0.3405100014579723 -0.011554341275113001
-0.3484357254360313 0.5070199190985505 0.002990770448740859
0.39515545611351066 -0.5637317084367304 -0.0056206182897913905
0.6890098710627517 -0.5191973971339061 -0.006163438649695374
-0.7451678735885292 0.3203116107766353 0.0007885798303935489
0.00598009252816456 -0.3601522619633599 -0.002722906547330455
0.9461644224077264 -0.28231055265387806 -0.007841112785355158
-0.4760221056356313 0.1513237227437667 -0.004307890795417226
-0.15873987589004712 0.9805024502533926 -0.012766631806789669
0.13353681410032214 -0.9924875880696584 0.0036925028032364867
0.4477548132222877 -0.4456029243763715 0.0011281591811937537
0.5687270024804811 0.1387648242578441 -0.003892817436922475
0.5549119466940995 0.47350996683835667 -0.030878930167514182
-0.9389691331659853 0.4832099780673029 -0.01236102723349057
0.8286977520008263 0.6397174752692747 -0.0033923285870903286
-0.8601333539896052 -0.7418159097145336 -0.006289568930452552
0.46202544475020324 -0.6160999074325484 -0.001455849180251277
0.024067309923601288 0.7675235854694977 0.011243245566588537
0.2282411143095462 -0.7900198332745911 -0.008777080176153411
-0.9366980870212993 0.032324426522971406 0.0023534455554647398
0.5798230842447927 0.6195483890614808 -0.005904428416727341
-0.8780894823245853 0.693183758335078 0.010632536637106529
-0.3419534391679089 -0.6309034000630518 0.00313557593836007
0.0463167139936127 0.18547679464901856 0.003569291844964408
0.21674860078826708 0.9716202965733214 0.020082073546692863
0.622409863299342 0.07304881524402784 -0.004144459081860054
-0.26805780292983417 0.04076745123459857 -0.010685493451797621
0.938491467048093 0.3374534842017347 0.0008352480234060869
0.008526754727829156 0.4607035452715642 -0.01648365397803841
-0.19620941177029882 0.9514182956842385 -0.011979909108983928
-0.5818002680987084 0.006441756094982987 -0.004055644867953607
-0.4163859482153309 0.38261598106257155 0.010674007338625325
-0.2801651508415368 0.8174691561805161 0.003591212642703373
0.650524682953588 -0.6375227361955464 0.0045816821914331585
0.411973806862838 -0.8471948470505606 -0.0017301622632650763
0.6062665582102438 0.0038166577351985698 0.008741127371357972
0.13142604033581962 -0.04496249363218219 0.0026572214731756705
0.4364258422281362 0.8114805848798938 0.007775999742451872
0.30380288833615743 0.5837936878934955 -0.0008755846334472359
0.9158937577832778 0.608154275205868 -0.013289713425699876
-0.851998511882988 -0.5251070734668393 0.016162954751759186
0.5710147279365119 -0.7597512854204298 -0.02137272539871215
-0.9990710219038053 0.6406486703673311 -0.01120431394180318
-0.4190270295553129 -0.01856170137421742 0.0022653138880330314
-0.9202512135619403 -0.15260966926939545 -0.02142528341874772
-0.8313920655059719 0.8009163176054042 0.014717118645587342
0.744318131549937 0.9312730361071375 0.00922418867667669
-0.7353025257968575 0.11544573909592692 -0.01126702958944252
0.21231307015588974 -0.946151810014199 0.015400825553693088
0.5005750822533925 -0.039682220022855486 -0.012177031678842869
-0.9209486178951412 -0.9929076782382518 0.013235458698580213
0.2562882007637015 0.9864615168486317 -0.0025097002603610254
-0.6412256716286833 0.8653642890593081 0.002182061912630182
-0.32905758825932696 0.5966247964631326 -0.004279813195412902
-0.011208681011259047 0.3963067509806062 -0.0023290616039224783
0.12710098291530025 0.5457384762973974 0.009138279250653579
0.9333878171248267 0.7947317496074546 0.005578466774610102
-0.03642933191217024 0.20375905596883892 0.012584112292521314
0.713009853776972 -0.28206535687554357 -0.014978663508141227
-0.37103654252143903 0.638406057715944 -0.009982976427056665
-0.3502517599201973 -0.450873100773201 -0.006617287015441116
-0.40998449977139084 -0.8429115329268344 -0.01406025849547802
-0.7261295132468868 -0.4344787810702344 -0.005651284924298953
-0.77103009962294 0.7059382733987831 0.0032025468571229994
0.31457267906728226 -0.944973850438781 -0.022555876483471776
-0.7083476744677104 0.6346980065667738 -0.017699480665431738
0.32134108815118134 -0.8394495744101533 -0.012641230876283304
0.5304668883935766 -0.2853698456579139 0.007961694102560184
0.14083914611607384 -0.1505135456869493 -0.016035966082532258
0.0037104004508958788 0.23958009342829212 0.010951647515230478
-0.9885278473446604 -0.7581411059938703 -0.0052366757487206555
-0.039584620172882445 -0.6274104640996827 0.0163839242834655
-0.07120397991769645 0.35860159543321934 0.013301188148123373
-0.9909449873298599 0.5006147588637404 -0.009934106248239967
-0.16382313190353637 0.6243917882669119 0.007881453954916814
0.013428960613814933 -0.8194365226427962 -0.004214527823505259
-0.9424710839453276 -0.8184899879893539 0.002567016191440536
-0.9760331970170533 -0.7718777138328268 0.02169987560724441
0.550906943146799 0.13931694116986493 0.012782284976923672
-0.32622494052603046 0.4071278278413726 -0.009384722557788869
0.5858181281005688 -0.21684651178491587 -0.004813068252312713
0.19572695363208825 0.46388283605630076 0.012432610357547032
0.5941917666099146 0.5898452470556386 -0.02673884411773119
-0.20781967101462406 -0.47241334780862143 0.0186200467555218
-0.3960102258685927 -0.4381169836566414 -0.011775340937810616
0.2915503168735418 -0.034292725294402526 -0.004803808459063055
-0.5038558090536303 0.2201433856255186 0.013085744945076807
-0.4197854886056167 0.13736264332497328 -0.021585925729606447
0.10680241528398748 0.5555185544114936 -0.004256812923178773
-0.6599422879830019 0.6480169626074288 -0.010325522255731545
-0.09941327399808686 -0.7280246812612792 -0.0025639677022834956
-0.3620079801868872 -0.2533618439784169 0.005112920044879622
-0.33164192271045434 0.5908129274576408 -0.0009740122974662047
-0.17132715963612566 0.2657069338485343 0.006452209963026818
-0.9434091873043777 -0.4163547434829147 -0.0029123197590008266
0.7633391428503984 0.7179000095547803 0.02324409355120679
-0.791418106971038 0.3352740913339871 -0.018556851611465634
0.3754767104710135 -0.9280653675728952 0.0036829027791920334
-0.26125702958532826 -0.7094618653196054 -0.004039155021693214
-0.24178091751242592 0.5180288467435934 0.005620684048592423
0.935408445701241 0.932311061632864 0.0041690255732731805
0.7864007650647564 -0.5105422281824386 0.0026752834738507265
-0.6459837028265392 0.23604554384641308 0.01645746521775447
0.3657053800718215 0.10838072058605364 -0.0008545295895615657
0.5518987533108297 -0.06255135837227166 -0.0017861573864460037
-0.5263713500142062 0.8416849304813983 -0.004313483296006414
-0.0210566804153427 0.4812158592469824 -0.0068661749262871954
-0.7907255110483795 -0.04461980155574263 -0.01469884758574992
-0.8595599481103409 -0.026490074993094748 -0.0029648273423045998
-0.07992247366151117 0.4274137520190211 0.006169509121039005
-0.9552650973169847 0.18313497603502804 0.024821810188484648
-0.20475539484551053 0.6514251463108771 0.010936139766350635
-0.940544470264522 0.9306839357987309 -0.0002340920951912366
0.8799128586067226 -0.2797851876141286 -0.00702755951684271
0.12674192347754465 0.8908775540599876 0.00743805852391685
-0.5677972955262343 -0.8084026245593701 -0.00258530966754418
0.5166815214249669 0.3722397403786164 -0.009676433241328044
-0.20923428970117897 -0.22581874341849795 -0.004658391315339346
-0.21496466323539876 0.33841110043260425 0.006738154508970489
0.21821807423682493 -0.7662100332770887 -0.015738463142193897
0.1230779921078351 0.836540632501537 -0.0014508159345917016
0.6660810110059119 0.15556772724775025 0.02117363322246463
0.15278478204535517 -0.9220095087948401 -0.004380521760099928
-0.32089255539315054 -0.2262337283254543 0.020514888259710092
0.7310503734997902 0.642852327224509 -0.0026209314520085347
-0.713847891019932 -0.705609250175967 -0.01811975463964037
0.5045281940293123 0.6668735802269514 -0.011391619259259318
-0.9005066181839667 0.31635543525418575 0.0077288582264019605
0.5447174532226777 0.551117458417141 0.0033797682464481883
-0.13605542939969673 0.4543035735784602 -0.01103778797319935
-0.5184069858874574 -0.8524471040773722 -0.012724446328773327
-0.5143268260627829 -0.311832582199957 0.001697607053876284
-0.4548124033181631 0.6130882354036196 0.012515114347519016
-0.49844722576506406 -0.9208459307897288 0.0038062465220230018
0.348980778186464 0.8678370870651275 0.002350512491629768
0.7270653581400977 0.38399102571547283 -0.01142005411649241
0.1090350937477349 -0.17108439549235666 -0.004306099125652423
-0.9824087542222832 -0.6699370259822286 -0.004113230372551448
-0.8339751215100732 0.32236360448622636 0.019332592425610712
-0.9250343162418042 -0.4384911813874497 -0.0042020397537434265
0.2510809675785828 -0.09704479999677273 0.012638567527825186
0.35227802522780327 0.4008773507030212 -0.010424245031206597
0.652122403621892 -0.111128232937167 -0.015756304194548452
-0.5348575173689292 -0.6909108984669994 -0.01503701731281054
-0.02194075712659438 -0.43434013908828817 -0.004240360475701236
-0.4045604378712564 -0.6369547672018498 0.0018778789736043243
0.21795675546281856 -0.99286538785804 0.010620147916368639
-0.49399783129323693 0.622330268948915 -0.02618328507188672
-0.4965792575045418 0.6381767693131564 -0.008696963299498957
-0.15155817399567417 -0.3479542990830158 -0.0025162422406715683
-0.5275472814164166 -0.8994593406610596 0.0019516218074882067
0.6195147658550948 -0.7932296536337644 0.017345609004429233
0.9146824402941482 -0.3364717007743463 0.0034348756109656904
0.28749916844280365 -0.7035786984953947 0.009661900729285142
0.19165151059870844 0.045879536894832595 -0.0030826119665524772
0.7738301503413743 -0.012627851981737326 0.012854406876919784
0.9224868758024167 -0.4061584974023844 -0.01029307534800993
-0.7743626258187815 -0.536065805963093 -0.010581184645082646
0.7863974715372675 0.13881175394028933 0.003086336271128745
-0.8173691984294944 0.49278589247189886 -0.009152600766646828
0.234816711872041 0.8263970450952196 -0.004157831247945857
-0.06838501970409872 0.7589597455158004 -0.004404549927384206
0.1011860845311976 -0.2014098142065881 0.0035074522735289914
-0.2354054804949881 -0.1883834075479507 0.008591794388597163
0.09765408872795378 0.39100647078308537 -0.011707523208116782
-0.4329328505964447 -0.46400100287827506 -0.0053526704131368055
0.5444485935768788 -0.9348288404017946 0.017265151530506662
-0.5483525658960158 -0.6765489016951032 0.014737585727535713
-0.5849583123145237 0.734744850408902 0.009232141889655312
0.9212176736595343 0.5276524442168908 0.011475322391882375
-0.3483253917326039 -0.2578963335184843 0.00020297531307575533
0.9035510752002647 -0.026094123947423498 -0.005640109965993018
0.5544713114000452 0.6482185460583281 -0.013567808658626062
-0.32924532859655997 -0.9363547163444648 0.005901490278422943
-0.6324738793194871 -0.6786655645846476 -0.014366809751562999
0.5791128515204131 0.29467289904066063 -0.017481877784902414
0.2844081878772271 -0.03735944530004498 -0.009290022099701077
0.6002975762381024 0.006742688090501048 -0.00267398786173851
-0.04208659481934718 0.6442935286857416 -0.0014755252928803778
-0.4621244557562978 0.1547594447818914 -0.0059622478877920364
-0.4530935639570184 -0.4028872670376089 -0.0030694893044664745
-0.992096337814353 0.10671136951355242 -0.001540129461741039
0.6001415798866221 -0.47246032519043357 -0.014364679741989824
0.5364877987972794 0.48458632983992844 -0.010641438683958877
-0.44116482473392615 0.5344203549820083 0.009033254982942121
-0.9329815216527255 0.9485072073030898 -0.012287878155670966
0.5613079188395638 0.1347059173023475 0.013042909332718618
-0.3634705433108747 -0.4129900338291459 -0.010161660420671974
-0.30773935870489866 -0.30274534437001477 -0.0006798173541521088
-0.21639963231123271 -0.3129590351083289 0.0019028182286690363
-0.15214675718839787 -0.06313787317551278 0.003938032941580835
0.8234503489490606 0.6370933391978313 -0.005272417630961353
0.8514812367044273 0.4846744640302614 0.010903895241970305
-0.10183211549730187 0.5301138957074603 -0.0016685341008798168
-0.07176429346433966 0.4756055253180298 -0.005350837420571542
-0.06598537585771069 0.7027788986271621 0.021346596322635487
-0.5425459655631255 -0.16222292321366827 0.008079796112916595
0.4618487922596737 -0.5945337908985104 -0.006815981766256774
-0.24483769050937743 -0.7102338978222147 -0.013850953114603048
0.14322341096263558 0.8769061869213728 0.013152906354053426
0.29219377238140076 0.8441658021275982 -0.013588805245276335
0.40978873553704753 0.9081133335042799 0.004365075391883271
-0.4482358688298502 0.05176071062387777 -0.014600379730460165
-0.030705285338775257 0.11739940558603945 -0.0021545268847204166
-0.6899772383836693 -0.8923486691715976 0.001430520392596902
-0.8275649107018266 0.6298955114730407 0.0069610493180526966
-0.9258575579644392 0.1044198626509909 0.013082664589688073
0.7337832735770511 0.8728899112259934 -0.006269954804488386
-0.5110526057391396 -0.35252354897731863 0.012264847232019328
0.9561170706575295 0.17960863902133495 -0.024277604285046876
-0.0758240121268432 -0.05691084019173753 -0.011291956738996639
-0.734521373663874 0.8354141857076245 0.0031975659323549544
-0.4454903134567161 -0.1678825318524182 -0.0006242955558796429
0.9991993541736195 0.2958869313653436 -0.0016736467995327156
-0.2137078159065844 0.9699170492926645 0.0025306435120895925
-0.5042165527199769 -0.24583523460577816 -0.0038899667516710036
0.021558979171201642 0.2923530969939292 0.015931367780843152
0.9636357102231166 0.34761939627283533 0.00694045474141328
-0.3072417745114824 -0.8724167986163895 0.014038993766962223
-0.023577609727594817 0.8146740211368662 -0.001906830168302496
0.9329886881894738 -0.545644958884097 0.012114877853694733
0.48188233885239296 0.804340445973021 0.005625311094086337
-0.5438874498885582 -0.09418041743462102 0.003546097629336809
-0.5324997169168335 0.6316893123667124 -0.01761995013224997
-0.8818764578374345 0.3199766732954321 0.007433342376359139
-0.9820805977047766 -0.9416126849607473 0.007193770551877576
-0.9496381871359414 0.0016688922049492572 0.005357929031886337
-0.4142539727063157 0.5533533697860085 0.000789957501793434
0.8596371550477384 -0.8092354186145219 -0.0014758916694196968
-0.8364003361582197 -0.40060643364546 -0.0026821794719788547
-0.7668801054823375 -0.18601995549219175 -0.000997720498941715
0.2842201227720855 0.3561777424791184 0.011987907690036433
0.29661329342041576 -0.9488539262381526 -0.0071982741241986515
0.42244145748489403 0.10098195605128413 -0.008808273528938159
0.07221073954930168 0.6078455346197207 -0.013367469430632384
-0.5316377834250645 -0.12306534101822186 0.005624259448117608
-0.5287558607563076 0.4761940480536746 -0.013527250757631391
0.8376241660217214 0.17957696051625138 -0.015805100485501065
0.6867942837688448 0.7210514428136028 -0.013384260420544669
-0.9516628931922351 0.12344274232926744 -0.007227496092999859
0.10105210048670932 -0.23952256426830454 0.000980676836254462
0.05567654309415304 -0.5320454428146613 0.0042062617610756255
0.5662356208295372 0.937411647219472 0.009617805558343304
0.35860996397337375 -0.20364285927529613 -0.0038220765167615886
0.22055594966890713 -0.9471948586419197 -0.0005059669510345911
-0.6624992566835985 0.17114377881932819 0.007422987504115912
0.5940228967228338 -0.6127231992569748 0.01260869740624796
-0.9136633896356647 -0.014200214632327013 -0.0024026803978393517
0.9221568411058787 0.05634356453724276 0.01595530285872196
0.12761968643510269 0.5712445733537455 -0.0013298545819905407
-0.40288459091564244 0.2802024126376168 0.003972977839635468
0.5089207868325407 -0.7939923897072145 0.005311831640023244
-0.7509093204663237 0.9737611643960862 -0.015542221642266957
-0.7183131203979825 -0.8861417838490286 -0.006869308266173221
0.42089214263410746 -0.3274395223383053 -0.002949525299395041
0.8343627418408777 0.02209138300143798 -0.010460698931246971
-0.712192158498685 -0.6008977163888047 0.007645034427762918
0.6259486203989719 0.47836386784292695 -0.0034915008599915704
-0.40861066401190294 -0.5409254286993528 -0.009030529213907524
-0.4464746866682763 0.8046774962187464 0.00970542850831328
-0.5496650348480057 0.3959850048340694 -0.016616886055531483
-0.9817731436290293 -0.5251285458897239 0.004531809124826678
-0.46598322950255366 -0.1122699983459623 0.009149872573257847
-0.5841488143912623 -0.38946463181499946 -0.006741976664093375
-0.8437239760239716 -0.41794907237378753 0.001373547425628331
-0.21331991780465143 0.34948566845217033 -0.004644082757590891
-0.7837109924793826 -0.017028243715916158 0.009060637909294362
0.18535609086511884 -0.7080264919761612 -0.012015012766862272
-0.37011004968141337 -0.09527108207943669 -0.0028523765182516974
-0.5263025829701256 0.47461559310308776 -0.004168950502964509
-0.6445660551622159 0.04455882445832615 0.0009683705924786576
-0.7319764001321309 0.42334738991150833 0.012345035615444415
-0.5420484964800585 0.8726523109522324 -0.004262973780695366
-0.7842728499900427 -0.3752963948001282 -0.003046429737647973
-0.2523538690773941 -0.8842341514878833 0.01161273157421402
0.17345739918535963 -0.7336276877956065 0.004387393330836176
-0.8365349388617986 0.6076091365167235 -0.014883292128729773
-0.46413512806465107 -0.8586001464309152 -0.0075411002363082345
-0.027478749947433156 -0.8262010861649418 0.006158262699844025
0.5623477431263308 -0.5919610063688889 0.01924727831458573
-0.40689512590152854 0.5523038552702959 0.01529740257415692
-0.9422231057887747 -0.2354650283324049 -0.007891836349791353
0.6251876688095754 0.30949944550229747 -0.007998600894508162
-0.8945734178435105 0.9481577238846186 0.013154643850755793
0.08584609762732343 -0.3413115973064029 0.011623304514764416
-0.7829830953654822 -0.24082288767257443 0.008564489702451534
-0.9852144596525736 -0.16901354775842825 -0.022055555000261826
-0.681428908883241 -0.40742305401481493 -0.0062830321703206266
0.8997201890022704 0.9758854670645933 -0.006177600118303046
-0.7512630534320455 -0.5842674217618773 0.006083630978524548
0.5274120386206362 -0.7593591078067234 -0.0065244149733368105
-0.657308684109615 0.6732873888293733 0.0016941995964053894
0.7549363307433938 0.931485435405107 -0.002748631839141095
-0.16170488470697486 0.4010961015522696 0.006810528088607357
0.3903180600312519 -0.33861838704462843 0.011403262510276029
0.263757527033313 -0.3392798530678587 0.0017316072345303446
0.7325766576931501 -0.6585581740263562 0.018918560358813605
0.5597975511506117 0.3886491766965128 -0.007067577383337145
0.5106399057168096 0.8670433587413369 -0.01649496374722981
-0.5421261005646463 0.9032330146354681 0.0014065045356450993
-0.4796235938781177 0.6476306606597737 -0.012089462092034282
0.9674641059843412 0.251173632311223 -0.00888135118369487
-0.2546998785302308 -0.577885911746526 0.008636465754843396
0.076203481215257 0.34796835382614133 0.002423803460423318
0.06236907613526155 -0.6030003826595418 0.006230916089951385
-0.028148392898597274 0.9250530972690398 0.0024577186213423446
-0.8613907360994326 0.5276924735699047 0.010725217043292627
0.193795105720862 -0.8089544064321084 -0.017693671145608287
0.1413296759624525 -0.21293708892461938 0.016148499178415685
0.9400630502407628 -0.021180487698962747 0.004634373357190012
0.9661649086307413 0.7120330146940392 0.002090967418874113
0.4577483539123077 -0.6321490661782814 0.0218193823874441
-0.9398336918770229 -0.4305916317086933 -0.018667771540315445
-0.904178927446726 -0.4293323232473032 -0.005334282912836919
0.832734127333431 0.5278841881743048 -0.001836555872358573
0.9461822381650131 -0.6202927562879228 -0.010461676858276266
-0.36540050808116686 0.5187242414371265 -0.0010238316450660403
-0.1296476571192704 0.41878780684940464 -0.004726981790894604
0.9428387627776904 0.1473014828821162 -0.0073554026855178894
0.17417416383466788 -0.7645447280900377 -0.007983418085909974
0.23953032066986468 0.06450273486343727 0.00020638416536116822
-0.22228543632116504 -0.5574098193592298 -0.007469282600820915
-0.5304487932504764 -0.9351081469567235 -0.007430242740172288
-0.35873203819113164 0.42286183524970067 0.006559802792455666
0.6686747502403394 0.3361195962145116 0.02840067345962089
0.873573009395554 0.6108992025572397 -0.0036750121238197176
0.8271601090794227 -0.9453593117917594 -0.0012535432555706148
-0.198908639595889 -0.42758847757446694 -0.005422402237578067
0.3426758559219307 -0.8859121684122058 0.016965871075261537
-0.844981558518016 0.7980387746999844 -0.009201799878431798
0.6430355883418948 -0.1731020382614865 -0.025340713795534247
0.6152268013355349 -0.2324929687938213 -0.010000262894813958
0.7555557587102726 -0.19138202192606935 -0.006961012991532306
0.7506986789046179 0.6769516883229274 0.01415697609917469
-0.6518176871625236 -0.32228848392905984 0.0033400918791586017
0.5200837426221996 -0.677338080920558 0.015320840141122217
-0.6595950088699154 -0.014653597819612285 -0.016011955612725358
-0.42084563388818874 0.7881562196564125 0.004064547611310649
-0.8358417865926839 0.9353738081751823 -0.00014619891988377551
0.7628681546733089 -0.5484460117615146 -0.007315833923816017
0.3590459921187379 -0.29839123387964106 -0.011048636550049718
0.12091435995804112 -0.3783768075995233 -0.015229165167526695
-0.3982249318571034 0.3702096916752615 -0.020442430670948745
-0.7634562339145206 0.1177480447622048 -0.000758216563825881
0.09586828423421756 0.550928372774008 -0.017463956641820603
0.7948175934926702 0.6022349730974532 -0.0007176442976039177
0.07776256276633542 0.628421318544641 0.007412772671151403
-0.7732385345976762 0.5393295768864488 0.0062339632444223785
-0.9824160576586201 -0.8322482987318038 0.0008754680377334759
0.8996558939673305 0.703365087569259 0.011645774441929671
0.20657495898401868 -0.529261603090027 0.005761303648736654
0.4689893172225217 -0.9106388379887091 -0.013278062114828956
-0.8955839427840375 -0.7431220778319207 0.004239574097244154
-0.4058427954605237 -0.18786206960068563 0.0035639279863645913
-0.7877657965305778 0.9986542029511198 -0.004422108468898367
-0.222295265154008 -0.3868844844186585 -0.012431694363013454
0.19884817148921363 0.1943840548095308 0.013192944327854396
-0.7090882008282293 0.7561909780274314 0.0023518012436666044
0.8349635926294374 0.7544622686600237 0.01860538034419918
0.3590003337593437 0.3518280294000635 0.0010694591513036656
-0.2150035307448257 0.6753560361314255 -0.007138265085603929
-0.3810950610702506 0.4160218794794639 0.013495960077411917
0.09988500020580382 -0.9211830899362496 -0.0008971414828508745
0.1570445746196647 -0.24786224802390455 -0.0020713285760802923
0.7903786980213185 0.5934302500885593 -0.005056401093237379
-0.6650931784700966 0.07581099115603362 -0.01866376343981267
-0.655493104989566 -0.9520594177094936 0.016232461083847804
-0.7571475287646552 -0.9055044317337739 -0.001257762691493683
-0.40467592773469896 0.4871718211487517 -0.00638978497150581
-0.4041676516649848 0.779914819369933 0.023457841552035296
0.17168228595656632 0.6974104594474517 -0.013530131999677555
-0.9872318249032128 0.07198734719533295 -0.005354492098834589
-0.15910925639331341 0.8798802825618894 -0.006107852639981868
-0.3457999362080266 -0.3019222347247419 0.013570726330434163
-0.9889698543390877 -0.49637102375207687 0.0023638766142621017
0.30266237123210216 -0.2127955189053079 -0.010889291255586488
-0.4939746813610617 -0.4488471068044968 0.0028479627144051846
0.2054628908862155 -0.41876477300351644 0.009651239721547075
-0.9304044391302486 0.32461633550022984 0.010396416193742361
0.22339570083997717 0.8262780255181637 0.00015704045403673396
0.7315853196257776 0.4836760051372122 0.005565863859203968
-0.3865801911526543 0.031409329584018986 -0.0021375304529578578
0.8051300090298892 0.9790655818478462 0.0042104646564621795
0.5423566964778248 0.22702863748862856 -0.017820868777394167
0.07499586942416503 0.28155526239663664 0.0196950805853519
-0.8568307439824752 -0.544837875551867 0.004428873080243726
-0.54522294896002 -0.17291289271735866 0.002616825951306304
0.4537216272338809 -0.11583606378376898 -0.006683721354252986
0.4647872298034752 -0.8004629719315333 -0.014866643741859469
-0.09496504836485742 -0.10051989035092168 -0.002386453354185374
-0.4455027673522485 0.05930394242911574 0.0034149518664714374
-0.20696965842680237 0.6653797861075263 -0.009634116653881404
-0.008993174058824716 -0.4816560151500098 0.0205515856375548
0.23689650248785488 -0.1323993966592607 0.0025581174399059237
-0.5347438850765627 -0.4805679603844186 -0.007533262929198394
-0.9984918767648527 0.7941695449327653 0.001135896156354654
0.7201101132507863 0.25839329267441125 0.0019877630792420483
-0.5387635233071484 -0.07736637034511973 0.005280581858334779
0.4950561440049037 0.8517935983320022 0.0007704922650126409
-0.469309782203597 -0.9160660674805028 -0.022076862104754364
-0.38679129691522207 0.18600832483104446 0.009262974550532786
-0.31319821218643873 -0.48867851261110684 -0.010623298650955198
0.3050007582074348 0.03043476006108592 0.013374975776083415
0.612533056485913 0.28544206726073273 -0.0047142742184118
0.029207652254044092 -0.39738830837350925 0.002170745486397601
-0.903164358275347 -0.5042809071530556 0.009236311633243647
0.2616222651404596 0.8191503218471929 0.005817255159847164
0.5971026466309919 -0.7041627628767988 0.01630398871494668
0.8074211963158509 0.6373643622617322 -0.01214900464193579
0.2597223191302831 -0.3137361458044867 -0.004063388359521061
0.516148371319223 0.900236770749417 -0.009596320881063724
0.26941466821139004 0.5107689317584312 0.005164187574224661
0.6665840812671826 0.9216542982221418 -0.014302172808149764
-0.8377187102285601 0.15629677062081004 0.008615348403836697
0.05890328759363128 -0.21309053027804348 0.00710706525689925
0.021785869347837217 0.5989272398765937 0.016802263564632654
-0.4414577934875683 -0.9869150585672901 -0.014687275565431632
-0.28328571931587954 0.8011903056305951 0.00035880611424084235
0.9213507944469583 -0.45232244444925906 0.01669535760249243
-0.23774299195484838 -0.5773891488524332 -0.009774789179165215
-0.24070131824937113 0.16043174961752094 0.011279598886301237
-0.2947948143684871 -0.19635646990741762 -0.0041642201530864885
-0.006567900856553566 0.936205101502529 4.461058666490429e-05
-0.47182420866140484 -0.4543331824127681 0.014684583855227456
0.5580404953806077 0.4408677137129078 0.006532912021452127
0.5384670002374854 0.7452603795152701 -0.00037083611762633086
0.8437193195844404 0.23222127003103865 -0.010543028358327454
0.6685486158208791 0.38811443465166007 -0.007425292002494987
-0.5361799627969357 0.24842180215388932 0.01233055777183675
0.4016814286424024 -0.860090611420397 0.007376594974798022
-0.9205115263436228 0.8893479272658269 -0.010424552187446508
-0.9188588263539095 -0.9081538348332698 -0.00976291600742686
0.7300916225543654 -0.45965740439152825 0.008928509518920285
-0.9354690500435998 -0.20724290461190953 -0.014344305504011624
-0.9788071265283687 -0.4724932562964148 -0.002571855921611953
0.21378353686181106 -0.9393133419229434 0.018096624919983314
-0.43044714238749004 0.40341220505549424 -0.016271710884968867
-0.9425268211321154 0.7240214174265178 0.010268914684184128
0.09210622122281076 -0.6932677152907893 0.013886613874202465
-0.8157697536855659 0.6185975653570672 0.01142129053203737
-0.5077909973395149 0.7298347980776516 -0.0175449246854617
0.1748284033041767 -0.4574275114731763 -0.021554558063353792
0.6312662262274733 -0.07014345194748905 0.004680878877689228
0.4064503454179136 -0.6378039616763578 -0.010487831263178283
-0.4182614751316145 -0.8681313501742796 0.010974669315057155
-0.02621896696680337 -0.06186114367987128 -0.014552232976425215
-0.31948085413437766 0.28565936061000086 -0.02136013532334064
0.3778347823890067 0.9830159421021951 0.014981975285385585
0.6449695452249167 0.4454204520897058 -0.0006647581205460186
0.5838833208909187 -0.11502933597530074 -0.0015986644865568695
0.03696311335730673 0.023371595708519433 -0.001612107484732863
0.6469421365597647 -0.2887661579151455 -0.006716465743045309
-0.7447920246404387 0.9691810858506755 -0.0018969851957117757
-0.6760798894292257 -0.953758679129987 -0.003687073507423295
0.7098192586838257 0.07927336725397427 -0.008457139277191767
0.3082878218914422 0.4510283552820187 0.003823799931840825
0.43333940402527427 0.0831495973875549 0.01446844652815843
-0.10475405740283827 0.9427776583269061 0.01083931937156914
0.2459856389218842 -0.5329970804643227 0.0011676085696242895
-0.8366433204855341 -0.5510255145697045 0.004442849942996207
0.3157880924841403 -0.6791186819658619 -0.00373652770893534
-0.8851858015949696 0.004701842198979511 -0.002319217293826189
0.1753299496686751 -0.22547598918787481 -0.0016181686012967267
-0.12596251337913178 -0.11462618333420882 0.003374678569718222
-0.17757696384099697 -0.1351910246249337 0.0029661149604777877
0.07716745011834236 0.15839321978252485 0.007947960717974642
0.45752111512111426 -0.3678463015675937 0.0016004484175415183
0.11390291163113564 0.33361246946471934 0.007193576641084668
0.08788468947145223 -0.6070023646158651 -0.02107227936067348
-0.9912538863963443 -0.159032110582511 0.0077012446029449955
0.04676753883060725 0.11566857040122591 0.0050213116400857705
-0.31113092848772195 0.5019160833859675 0.015664107178881136
0.15936267984859032 0.7324799073331274 0.005686977485361481
0.20269172981622963 0.22665782513923882 0.020501104996578205
0.11698958322265773 0.12331994441155825 0.0035085752881151683
-0.7807891234933242 0.5182770146456641 0.0020072956438399177
0.7615341301875802 0.013594682062679553 -0.0010802998081047076
-0.6457547071452137 -0.1662129075534471 0.0032163028398549814
0.22233276237628652 0.2761593082764269 -0.002103867273071633
0.20636367770934982 0.8334557160743576 0.006708957811178207
0.7553256550012941 -0.9355449144296697 -0.005347209738673829
-0.01600997157191153 -0.6157749107553192 0.0009234802425611898
-0.04996335804783003 0.9967636658309076 -0.02207121548857906
-0.28168805388200613 0.684183593516771 -0.0011320986458456524
-0.9993316997852164 -0.5081363929028397 -0.00648299955803338
0.5858253326962863 -0.4151135849635068 0.0019539761984206814
-0.6799596403835861 -0.2432748274202694 0.00446472201281928
0.6813539648672629 -0.93983697243779 0.00023916143921373658
0.21265868178106584 0.7938014209176059 0.018395952743299054
-0.14072746119236568 -0.33518753434017423 0.010812095278920231
0.07289192328605831 0.8409054069139932 0.0064434795698447124
-0.4678222634233724 0.027043707128657113 0.0003908508972649127
0.8872249467760991 0.46068594502980864 -0.00453240315156584
-0.7305702475582376 -0.5016889131803404 0.005608622836562889
-0.8243033701255145 -0.3234660206751985 -0.00040387165827971474
0.3875284946123063 -0.4566496905197557 -0.009582723458284885
-0.5993170174397677 0.31886904648005143 -0.002223161143865177
-0.37910952411713894 -0.5855255216959945 0.017625090288455707
-0.07804417291312049 0.8033859078122401 0.01465905409742122
0.7583581481255532 0.042159117799386525 -0.012334856819366184
-0.41606621968039637 -0.7928198948586644 -0.0011754749278868827
0.9693992854151898 -0.9543062057790217 -0.018086872910590232
0.5933178447411998 0.13413108035363863 -0.0009732575440126978
0.8975234327600339 -0.5974953270674623 0.00035910052554982675
0.5373434683001979 -0.6345032670980597 0.015815704397606132
-0.5461132133467153 0.8803924770850313 -0.0035912319107732817
0.8661964971700205 -0.35293544939827126 -0.011619343182291091
0.46491280180898786 -0.13712539888428021 -0.0061178767769407795
0.268769323399479 0.579023405040713 -0.015246842675007042
0.42952873956291393 -0.7715779383203325 -0.008963861385103673
-0.7399674044580702 0.5675941352741507 -0.009417375579625267
-0.4035024643588214 0.17149632394864978 0.0020931678391926936
0.14110323219642718 0.8696101147674864 -0.006782798656996391
-0.891248013704967 -0.696974002115081 0.013155445828331197
-0.21567893329916243 0.9564929926981105 0.007098298945538571
0.8167544554593216 -0.9427175902522666 -0.008743418083542134
-0.0816622806024152 0.12959980578667696 0.010545816117328986
0.10835595769141837 -0.896090992634305 -0.02490660112366778
-0.6105234830014474 -0.4711184442626668 0.002437863415491008
-0.13957051007364396 -0.8405277939946321 0.004762821777257186
0.949953300432435 -0.9694221870102235 0.0011747825904974748
0.9797073757840313 -0.6654970201000197 0.004148199517571282
0.5711736478108833 0.09653084139284318 -0.007615188637646982
-0.17202653540060142 -0.6268837265422469 6.533323100444327e-05
-0.08681048063868735 0.6576327767885741 0.014407766598508683
-0.0555812305401544 -0.25986105800223935 -0.007613472772474341
0.050135839369998214 0.12435897758043057 -0.008711259221578808
0.916001563982086 0.40633134148942585 0.02021910518619036
-0.8108052620124917 -0.4992350592194912 -0.007984979569711158
0.7379025930661751 -0.3310693378023648 0.007882841104543547
0.6177633599310528 -0.4760108078845082 -0.022255064391789477
0.7141541830126987 0.3063752608388002 0.0077934656998388885
-0.9901258300221796 -0.8661290492195344 0.011883703738087796
-0.592731383465047 0.8877401653580426 0.014828850158512564
0.5360452882697211 -0.08856399850399588 -0.004910914329627707
-0.18122760685437123 0.6059219147185175 -0.00016566950207769823
0.7630831531167346 0.885693669344727 0.009623708734780885
0.8206132947520395 0.8471838275510675 0.004804087931899583
-0.9225507389911451 0.39884543396368755 -0.009702342702471398
-0.715040129083524 -0.5657753924727122 -0.0013641924174488088
-0.5769306717040918 -0.9600659870673911 0.010216087315836177
0.6741877593672565 0.173222686722184 -0.012856897352532252
0.25612831176706097 0.856873948699157 -0.0011055626384080931
0.8981215444651598 -0.7851804379876819 -0.00664047954934582
-0.3547518044467455 0.8736659294764271 -0.0010806443521689845
0.6714410142261922 0.4987160973788203 -0.01065106212624869
-0.6478096212511348 0.24658868109026955 -0.014391579084573666
-0.9064917180121859 0.9481026709663456 0.012477992363298732
0.8026532520583889 -0.4427888119496015 -0.006793273428251997
0.14371264500213998 -0.3566465455699086 -0.0010261821177722614
0.7621540772448199 0.7159281843569014 -0.008551030189563177
0.20145617362720936 0.9924440666298184 -0.002827717869925185
0.5337420563737538 -0.7704127001663899 0.014511148254307854
-0.8727272964522883 -0.8853468571786625 0.0010789920893354368
-0.8738541386497205 0.9622641328438166 -0.0032553792407138803
-0.17706815531403275 -0.6271288548778577 0.006485527272392727
0.1330081382046644 0.4678440292640438 0.01269060441501443
-0.18833328462545817 -0.8550033128498589 0.003648229585566748
0.4894839192046361 -0.33217582576062576 -0.008516049230594947
-0.14523949384908486 -0.8936232428839321 -0.020669469331363814
-0.495595616271308 -0.6727762254775818 0.011390933492498112
-0.3297134221393858 0.5679117255054675 0.0035285086727866134
0.8947210665864405 -0.3182118066690627 0.002722360240818081
-0.26395517283876524 0.020283063190764894 0.0060657892021841065
0.6399384805600752 0.06112349195739353 -0.019515120725306846
-0.9661074114261037 0.030080690301637514 0.011340618595336612
0.60164549599968 0.21009253659907157 0.006210900495667477
-0.29427036515303406 0.4729580125205959 -0.003636921173871835
-0.15672590802921116 -0.6502216065964446 0.005765083255013909
-0.815730750970445 0.7651832532526299 0.002085038536031362
-0.42326638778598835 -0.7790882611707266 0.003280206578178058
0.6524313207027079 0.24414443196576752 0.010177054249946468
0.17808670292980855 0.16310049513184088 0.003885884238518076
-0.6665309319819503 0.5220204443163807 -0.009473177467972311
-0.07055028505155425 -0.847966564939711 0.013278619374350764
-0.34894173898242276 0.5957795414237996 -0.0038244606278603787
0.3550421098286365 0.10011111017874086 -0.005192253071134228
0.10912795834392708 -0.8732616767585664 0.007828815527534538
0.8932633736458604 -0.5892302904963209 0.000511034260948163
-0.40513606131296975 -0.05211245864089187 -0.00974440576191078
-0.1886522516469087 0.7305325770941993 -0.002697971052550471
0.9030167119233674 0.6336358899693078 0.00213862952903186
-0.2008682890349729 0.8315591555088406 0.002112211776696829
0.32488956471195984 0.10432184945244827 0.004020787561038875
-0.4967320163362934 0.379794561314994 -0.01207895090180591
0.9013374155215228 -0.528770721933759 -0.015551098088262515
-0.7208380316890437 0.6857905169099836 -0.006740416547426157
-0.1024281363369215 0.3039419130149823 0.011716250093087357
-0.4835718876083914 0.409947887798092 0.011515808719269147
-0.0928015737624075 0.4014372029740756 -0.007905434799616168
0.6753519111429083 0.9018040326110361 -0.002911791696384207
-0.579371980611791 0.12189711155053207 0.012830008728414739
0.4845598621210705 0.6862413940137011 4.9885383698538966e-05
-0.8131397104527642 0.834954411123183 -0.005811807471247193
-0.7999380412322235 0.907669004424106 0.018903525490481365
-0.3866470287179684 -0.5239231247172171 -0.00040173715050325845
-0.11505941510277373 -0.6400715656204303 -0.000707828552847299
0.6100049854649048 0.5484500254552691 -0.0021875098331614277
-0.33892027415697923 -0.1824687943685206 0.006194191932683828
-0.2773751739667436 -0.9622247297822146 -0.011865854165167711
0.37005784793922025 0.3705940949578783 0.0063927695534877005
-0.3611966024960407 0.29041748693629277 0.0019706822362339817
0.44455332559627725 0.5399741224033323 0.012376603542013323
-0.5457733995481877 -0.051647398767233454 0.011593758887147467
-0.7677198302627051 -0.6216467336532832 -0.013313584664782796
0.36964046105102355 0.6932064381973457 -0.015160368144341586
-0.7650633592481633 -0.9153025023648411 0.009254842140251305
0.6434437691227206 0.6871051408396305 -0.0034600274985056986
0.2855480067880398 -0.6519041152906924 -0.0034170169813928686
0.9493094850245705 0.20773576831525342 0.012009696345267185
0.049412742006613275 0.7268784447945833 -0.0004949985601798599
-0.3409139098582368 0.887899124264157 0.016419492100673446
-0.6362651129211041 -0.07321424345861494 -0.0002810987594182634
0.0532522821496888 0.1159537167522422 0.02255722863639574
0.22827568127581332 -0.8552876494986319 0.0007078648015020398
-0.08193906508599369 0.9654676276723151 0.000581474671221227
0.240251475437665 0.9885921416703833 -0.00911484879028812
-0.5194751452334465 0.37384974607397425 0.017325003671713177
-0.39140318228252524 0.13697908493669542 0.0003290058286652679
0.8836636367571813 -0.12532367863992722 -0.010249805058806483
-0.6554023426925888 0.500172133467119 0.0012131033720983579
0.6016767669126202 -0.1763643408649449 -0.007403751438336127
0.05499274554862299 0.7548982459709166 0.016046086720425384
0.18541521571577713 -0.5568745233309589 0.0013557487862279605
-0.9856641060500069 0.564309024351654 0.01707430408590037
-0.43964961303828587 0.1845364930400777 -0.013207526002266226
-0.8138598567764341 0.10011003678709729 0.006163735242866136
-0.604505088807824 0.4526566847354818 -0.00950961378771397
0.04371583110618005 0.014849412330493417 -0.00843542748010406
-0.9154301404439569 0.27303544067402075 0.0011852420059088812
-0.9293164397782556 -0.16020376416254756 -0.007713446295853103
-0.4156814484750597 0.42932316639613055 0.017461862144585633
-0.23249026599951828 -0.9794844425431333 0.0010222417856340163
-0.8093200021092315 -0.6716036973485084 -0.017938685647474608
0.18167976714774214 -0.48447525036224226 -0.0031682182972184404
-0.5115280860186342 0.48625752952123724 0.0028462157480867727
-0.5523583758537218 0.3476678086219489 0.02743783824042383
-0.38247808685203744 -0.16888564746128143 0.007058684409456697
-0.526771739608616 -0.19692491916696797 0.003515628602914163
0.825786119000693 -0.26463043381609475 0.003194756553088984
-0.027914353501796052 0.46410187113913404 -0.016831664458958537
-0.6607172270700967 -0.6768735111730064 -0.007071058426614819
-0.01880162092332971 -0.17610811709983132 -0.004128861620056623
-0.32892164521059675 -0.37945575606033954 0.004783807435424715
-0.09563630789655364 -0.9764581017335867 -9.252287590470333e-05
-0.20443233963610963 0.2148718106837455 0.012038888219184217
-0.12068276111599263 0.391634371241377 -0.0019137950608566795
-0.7759961016743611 0.34055891597622456 -0.007149252513703757
-0.6841039054231317 0.5794079481441643 0.0032806229428051395
-0.4614746477230045 -0.7699660576490595 -0.010408447943218355
-0.77958623013956 -0.8985131853933539 -0.004843102464430295
-0.7526292598095907 0.6729551489344583 0.005399839521261147
0.33679292087482904 0.7355716818111313 0.014000944302787581
0.7394442711480254 -0.914260431394115 0.020666862199774094
-0.43915382579325146 -0.35731561285542046 0.017445318846736863
-0.8859993935441621 0.08885391728618375 0.0037907822414726933
0.04057066016694644 0.10431864902717192 -0.011145438448739851
-0.37613817542506345 0.9245711899922195 0.011380596767045767
0.41826123408043436 0.05153405582694992 0.012251441715520872
0.08361397072871557 0.012906762131513982 0.0011419914283117775
-0.7498893116880243 -0.7188507841640348 0.018413852620935648
0.06304994368387695 -0.27686617653811774 -0.0016378285674290096
0.34924361744274135 -0.004710445430929466 -0.012780930362635976
0.8682633555039543 -0.01783675001455287 0.016721223033211812
0.6313056570237607 -0.7237713706431792 -0.02050056944610051
-0.15043308270218247 -0.0980423944713511 0.015411560280535775
0.6978713905572131 0.457266463696673 -0.006857525900234402
-0.9767125962086018 0.8070680129120591 -0.018074594312804854
0.6078139910792697 0.8166205388793335 -0.004669894035745493
-0.8114740841664816 -0.7613799469161919 -0.0005116684131025451
0.6702284433635382 0.47469115471306034 -0.0008149028815770046
0.6411515595096682 0.3647628319056868 -0.01139961338886306
-0.19177180468785449 -0.683141840626853 0.0036127700724349395
0.8036634904657274 0.622237651158307 0.020707452830663255
0.4136800771082685 -0.3247108048633258 0.006638147366074505
0.6383082521020926 0.0873681313931518 0.0006570733692001694
0.2520307737625036 0.5506674577155315 -0.0024125874291164445
-0.49515961886703996 -0.8587478494778571 -0.008783207309308224
-0.2324477881906526 -0.34875818020312654 0.001934697178724673
0.4296485452639416 -0.030793459694067993 0.005434154927860292
-0.7774196473888217 0.6379682418443482 0.01605369018401863
-0.62357186417627 0.7531326677562429 -0.014698698819137282
-0.0883426259468183 0.6743480942627338 -0.008380870521433065
-0.8490715735714847 0.812128988033157 0.006962157985519745
-0.8357633981604162 0.8829774850932128 -0.00013456933369059156
0.7357014282632863 0.6990295930424808 0.010829413050676641
-0.718471029922437 -0.2533361626942352 0.004409139871370997
-0.3436695135910217 0.20454685027198405 0.009310556028326051
0.4040956703818812 -0.026935586920890042 0.006044763628596928
0.8864487473115195 0.2499208878601631 -0.0010491370072597396
0.6947091776464334 -0.7135607581470735 0.0025521438172246874
0.18381846727314488 -0.08737961827639884 -0.007167882070925508
-0.32666632039098964 0.719026159929669 0.007547651335460866
0.7893298196493574 0.9356058303674979 -0.001377014856838146
-0.9046414748477132 -0.06577970534910449 0.01021067250425278
-0.2759842022460628 0.9684479360275171 0.0028760832558899184
-0.2954260716368 0.02964019715517896 0.00855961959760987
-0.4955599628880325 -0.5095275929349805 0.021180828904951206
0.18902319375206456 0.13675640846542603 -0.019014476186779015
0.40294981340054625 -0.3191811562836824 0.0018051844799320197
-0.026648284248080634 0.42736937721840795 0.00034915655865604253
-0.35083070944449957 -0.9524037728469046 0.007712716833209077
0.7192270431000876 0.7875809365096842 0.014489355998885543
-0.06412800706265598 -0.8505160669525171 0.007742670314948557
0.7468583534897049 -0.32235410400913445 0.01686688234818942
-0.4304724598896401 -0.5993118192241145 0.004918157533483437
-0.5636256600066201 -0.25821408188789663 -0.02931099552811392
-0.5056308898030883 -0.5002333458974986 -0.0009796576616731695
-0.03291803055690057 0.997781059984415 0.00829760282895208
0.327563259863104 -0.7160871019132722 -0.007691734834034828
-0.4504770401847773 -0.24407324090433757 0.008374220720413777
-0.3983002313414761 -0.866259440787881 0.0020438459256627035
-0.285825323556673 0.002015904939052904 0.009485077817105706
0.14152793287325505 0.9435755258376524 -0.0017464249087588534
0.6223672790467729 0.125991032400238 0.008097347163293533
-0.1571312489670158 0.7585701262293627 0.012573317878988764
-0.17241215571123614 -0.7632949650565615 -0.006264777680133135
0.7498652602417055 -0.5484733196647249 0.007459348749260308
0.09766041046645113 -0.614975129047334 0.0029501459471766456
0.7662979775666936 -0.2700695698215716 0.0014780909173381371
-0.41236520387699827 -0.7834608120049305 -0.003422697298568809
0.21104622552026187 -0.04618099876061743 0.00820440619248105
-0.4656415079893552 0.8987343526407492 0.013302083599550936
0.35328324543016665 -0.6126641870579166 -0.015872139338103903
-0.6437893549316605 -0.5764834920467845 -6.645282893837621e-05
0.658518731220773 -0.08912301768750863 0.018139086619421027
-0.44943478750644283 -0.34387985727962 -0.006622750466274655
0.3328142812039132 -0.20307699222361442 0.0013287346269147998
-0.6426153558795324 0.5953901181519892 -0.003078121951261525
0.7924860588022651 0.18004509972530802 -0.0029466525229933918
-0.582167331115957 -0.6845870445271469 -0.0043673045993416525
-0.36642661181635794 0.5907462560719179 -0.002091221222098779
0.49590426614638217 0.7083631683898666 0.013352639107550723
-0.4254881502656285 -0.20350773854886506 -0.003617379773070772
0.432581442370922 0.23941764101893592 0.0051002952031981505
0.5220357505841964 0.7497700135063938 -0.023122835407797554
-0.9436980872551268 0.8111947825597889 -0.017670648873229163
-0.5002989058976062 0.17112244167773083 -0.0015760603303892064
0.9799910504369567 -0.1307259150017832 0.005664595161527537
-0.9450534001858235 -0.9890396506040575 -0.003051869654490446
0.9627725778470895 -0.7826305947510415 0.009093832133057542
-0.49203827033721637 0.9728243141665871 0.004029395267193255
-0.32448127566656026 0.8580467177273654 -0.0025678429862491478
-0.9215379978262832 0.8778212154330403 0.01121314299693731
-0.46345244416388764 0.01626487177008884 -0.0003405294979690269
-0.4501220566123565 0.08615730186932602 0.0007373546691892889
0.7882352082852861 -0.2975500487294829 -0.013268380390405135
0.09414582155731877 0.20887353835862754 0.00806890892192798
-0.30021256858948653 -0.33832653612907304 -0.004582035710966886
-0.95482217718844 -0.2807762770461535 -0.010441044659750215
0.44627854843838577 -0.21330927692210633 0.0020655192048841175
0.0029007020584648213 -0.2051749636095468 0.006186903590868125
0.06602575598725036 -0.9938698133745787 -0.009169754636416812
-0.1746436942310714 -0.5220709958559504 0.001226455340571837
-0.08755743114837133 -0.125466031401829 0.002086137401764021
0.9474799007812078 0.34538575972222096 -0.0019281234229141927
-0.08653881356002313 -0.3725280195991547 0.0006173776758940303
0.5683495239890453 0.5481115748318819 -0.007301419539671325
0.8194843163641377 0.1701635652047191 0.0001486410451582092
0.7427419836038807 0.6303106234900071 -0.008400688873692854
-0.078299509221601 0.011595341283137106 -0.0008730370052656903
0.07653057131412067 -0.9672449978050508 0.009828288072361581
0.7199223696146564 -0.14786464426213186 0.01721764517541519
0.3599431901399426 0.1423140187190568 0.003108073077651061
-0.02013944205272633 0.9320971741527491 0.0034754605536117733
0.7359297824410509 0.6064310826139936 0.006164229193155758
-0.8655044443400743 0.4016722424215027 -0.0030717105519688925
0.6805027221319278 0.07239901903582124 -0.012167205203070144
-0.8178752965992406 -0.2664460685928547 0.005781762491480347
-0.5794500765506767 0.2866506119622496 -0.012777453455081633
0.22879545246734034 -0.7254606588256147 0.005910460312711927
-0.6247604629140573 0.1699043383424168 -0.004610893677402637
-0.522563821471103 -0.35148184904254887 -0.002181312830080415
0.37167212968781316 0.34933576771839636 0.013437702322210577
0.9742864734592687 -0.8401891491345559 -0.001488354964423924
0.5157009226055507 0.737679849327695 0.0054522945946564785
0.24390437453489344 -0.08433423807577589 -0.01166938459278409
0.4307324437586011 0.08227022714070764 0.010886230205064852
0.5637321111251747 -0.4239028696015368 -0.009199658688766219
0.8501145911696322 0.7359070945088699 -0.01690784881060684
-0.09959679366894503 0.312899899172304 0.0011806572525115018
-0.8923787605365456 -0.62059348437986 -0.010654434492942278
0.912607611582738 -0.3175844259818723 0.0009005820550324131
0.8481141624162247 0.3543541199024125 0.016038144819755483
-0.2604712388604835 -0.08016139724535654 -0.001942853585153563
-0.7446525035284819 0.6609512276072111 -0.005362083540551106
0.5960109215684808 0.09094623318164552 -0.02397428887869833
0.5368442298768832 0.26775642605365335 -0.0005910728544852097
-0.7039669091974519 0.44135930265460854 -0.013676149578400281
0.6642769721676538 0.7026555049429442 -0.0008874239850510336
0.6798954501124683 0.5096784119934896 -0.0219684321396845
-0.8707378401677315 0.06698319801536012 -0.009649271558022985
-0.7260235904785135 0.8288786845036302 0.008129479717653628
0.18185635512693654 0.9049257601780121 -0.011632441408657554
-0.9304898871359073 -0.5816607939943872 -0.011331619951196472
0.018711655375862613 -0.5311338112232851 0.0009216889953962425
-0.1777829978536265 -0.28120379724163524 0.0019017004545654609
-0.034910273360854616 -0.6567714981450985 -0.005864385114716025
0.24735032759708275 0.09294467095770864 -0.013042175570621197
0.10145744382822008 0.4269214887265347 -0.0038494389046867666
0.06659298082071219 -0.0853876187843361 -0.02218891444934616
-0.4525587123428254 0.14135106002746967 -0.002287353205826043
-0.9365412866234399 0.8243765437802446 0.0001351216143013177
-0.654690059070899 -0.7193005913819217 -0.004284052677621614
-0.6687546393592232 0.24457958606378938 -0.0012031948006781632
0.33681877862634413 0.03721391772506899 0.0009891015084221885
0.14515528542697687 -0.27049813241838083 0.0019849452923710906
0.7529759026482994 0.08438571560180663 0.0037327182498726706
0.9813641615632784 0.12249711334057989 -1.4855751509566114e-05
-0.2442724860856602 -0.6361604049318759 0.00010278592070270327
-0.9333643787263337 0.48820264689889536 -0.005101538487521005
0.5288691523850713 0.14859633762367386 -0.006110407646798742
-0.4346852819958724 0.17505119715163509 0.018511178656123912
-0.34761627774581694 0.4871316177838212 0.0024133187658744856
-0.9436072062916543 0.005914435072057467 -0.0046138355474492874
0.12186548396580021 -0.9362895573715349 -0.009725533490100066
0.8137621791530831 0.31037017608397166 0.001467336261494005
0.8111677502808368 0.4680472196287604 0.014641890716604256
-0.028149747876206277 -0.8896689053684896 0.0033406301288680675
0.4789506091448368 -0.4917519863110116 0.013342527858437408
0.8107579476644249 0.20392523196404588 -0.0038658821007013016
0.9095238589635553 -0.14294676463751177 0.004067635035417297
0.7466928751548039 -0.6935150519665851 -0.014942285593694087
0.13269961215773463 -0.030093513558341556 0.011993298234532674
0.8876288008292199 0.912777172018923 0.013951459307035943
-0.6003542858464201 0.3200021813887872 0.0017275871563831341
0.9282545676198501 -0.587885560498363 0.012723530427639606
0.15593902002706095 0.6979421841660494 0.01432241472836062
0.41536725383141615 -0.36073573683474014 -0.0034667620307034437
0.07254493496001979 -0.0596474956587274 -0.003993170638673162
0.8392694810337851 0.12142690787864541 0.009112767271667401
0.818715326719097 0.7725829015891279 -0.010753715402789648
0.2391248371258008 -0.6586791499103457 -0.015490605786452148
0.6111768901924248 0.06084234731102156 -0.018391993925764853
-0.0972107273908065 0.31897152726337463 -0.018126459575781646
-0.1617355384967316 -0.722890626649519 0.010027625421165087
0.3394604472773459 0.3262973839541288 -0.0006632847994436338
-0.31374007984716945 0.1290930681897453 0.0038294204693828915
0.4292078920841229 -0.3865929710034042 0.01427658972273908
0.48240833903042946 -0.4263300517846915 0.015519288423783853
-0.17746150198249366 0.9529572977732692 -0.007278372732840487
-0.612206031075667 0.23199582658363704 0.007726861767299107
-0.8680109745025224 0.4692347471949927 0.012105361559628902
0.9790018208416282 0.23849729944049347 -0.007444334378512972
0.11964113905503448 -0.21263195781932764 0.02270104579928196
-0.5191066187256699 -0.9132407971280903 0.002608855187599596
-0.45086222854772817 0.6778063608584666 0.014857557452226208
0.6008043575438782 -0.25044754264900426 -0.0007579046218037275
-0.7971778122064033 0.3119582880311367 0.003768447181512245
0.786652043599799 0.22493613240327104 0.008586271396647766
-0.29023611237647695 0.664884894106379 -0.010510625862574086
0.7781744047256536 0.7966946501741643 -0.016369519896526956
0.4542500294564671 0.2639615296552018 -0.003198563856254842
0.8150109934975256 -0.5458540684342863 0.010501993693806557
-0.4378795684715042 0.4757285864320535 0.0067007519437725805
-0.8265769470530271 0.7711494040201621 0.005755156572501339
0.9622181382357777 0.38251521498844454 0.01959543540630917
-0.8622089558577102 -0.3035136161434657 -0.012415205885001892
-0.3225702577750953 0.18599954576170608 0.005483641509582588
-0.45203212375164226 -0.02994347442693779 0.0021029827035328485
-0.37213520744204587 0.6973700991714882 0.017599306727294622
-0.6633642666150918 -0.43218576096030126 -0.009539799038631508
0.9796796771404652 -0.06788217371228344 -0.003115181693454771
0.713643216896291 0.08397169701295204 -0.009257133923396714
0.43750560167998787 0.5416336768204919 0.004910743857785531
-0.9855048697006472 0.7196425289554056 -0.01147843440840614
-0.0019212762718052723 0.5404900244032678 -0.019404484762959775
0.04045085194112663 -0.2835571795600198 -0.017039379027430225
-0.8360556117839175 -0.32810876647612397 -0.007065523995763243
0.9076423211249451 -0.5466370891655146 -0.011271841143113102
-0.662863363246297 -0.06447801456197899 0.00202286434328945
-0.9608896404880025 -0.9837198850291917 0.012087050964342792
0.5408683452754866 -0.20000774306376456 0.0016789326973125898
0.7203711397130534 -0.3717236946977702 0.006916404882388251
-0.9306594661816701 -0.5726990998066448 0.0008023601203415642
-0.6937138616053484 -0.11660972569825323 0.012875957156382019
0.8752402721878136 -0.7195792090028101 -0.0032841670227918267
0.5390080430940811 0.37343685244588776 -0.0006605895722653052
-0.2999872907692076 0.7832531575345192 0.011531278069208895
-0.30748518105287337 -0.2900805036816776 -0.012956569953625421
-0.5513612183262369 -0.9816780931303255 0.010217214762876552
0.2612064974569217 -0.4860960227449802 -0.016913346165049158
0.617662756594868 0.7043232262063099 0.0034856897433089623
-0.4194457662848692 0.5891680521996017 0.004619364010493181
-0.8320066917088604 0.39941105014743217 0.01457561114254885
0.36937185538217254 0.1774139460065458 0.008354014860646667
-0.6545395318078786 0.5313434369383327 -0.018247819255532875
0.27738934209019583 0.22092082281344427 -0.007927869859207981
0.8390524308529073 -0.4403395075175218 -0.010429430948363398
-0.9302669489655049 0.7895916083227466 -0.0005786705581608491
-0.003935287704846413 -0.7902708729316252 0.0016065412380471596
-0.8436622259677231 -0.926943478748179 -0.00968975960860755
0.8357455599989176 0.28411151832685744 0.02145923354233666
0.3170427623673229 -0.5604680973470408 0.005075470171626799
0.5492366392945935 0.36120647231962577 -0.008639591122148375
0.8003708889840122 -0.13462445255028954 -0.014759901372903322
-0.16720096838945464 -0.14587779898465736 -0.013798962919244437
0.289015533993878 -0.1959194481263875 0.014515685228854679
0.14999689099023228 0.6611080527482767 -0.0028941650587920266
0.1177025292536018 0.2101451812168189 -0.014054449734596394
0.5169571689036623 0.18393238276645585 0.011391861860163279
0.2633391618165657 -0.18205721948128017 -0.0197249534460452
-0.10549795914032756 0.6716540082812217 0.0028438476550042896
-0.9550412286802274 -0.17250185188858813 -0.009790691402216143
0.4492273558895159 -0.17587504311410007 -0.0018480505891708588
-0.4863688413677476 -0.15316713693699469 -0.008979877827018458
0.18314030929831082 -0.8368487377262765 -0.002639737310737637
0.17212740575239915 0.37083844079478645 0.013826706308043649
-0.5971404399445159 0.6523615194061119 0.001424423113960994
-0.7788092361158261 -0.6856162749277355 0.009148770925206514
-0.36380301813609606 -0.6905984357977912 0.0062891851614847675
-0.9341863849562251 -0.015691337050695475 0.0026345474599847253
-0.15552918870418475 0.8384264810457187 0.01696655729798424
-0.912941779438555 0.024782654310841368 0.004945537088301595
0.8187738532418438 0.10613955835383582 0.002223955119299497
-0.418120292701611 -0.5287339227901264 -0.003125236771835207
-0.09742329017303519 -0.4700163759583036 -0.0015527470278205566
0.27384940224243826 -0.4387161935049906 -0.007662467132642578
0.40892514833955995 0.7861608362520167 0.005943984752670125
-0.634908409346709 0.9096481930423574 0.012809441255423484
0.4162261925473407 -0.41478421179634095 0.009643404363928023
0.5863306249837363 -0.08591825110185414 0.002524974989415018
-0.4353151548413836 -0.07076105084368134 0.010736748780005237
0.8834246789595253 -0.6378131007670502 -0.004015899557880716
-0.7494363192512361 -0.8104127160789214 -0.007607420219443435
0.9755342453781524 0.5663606277261743 0.0038321239653961985
0.0876375073755935 -0.24069078712837388 -0.005212039431414012
-0.6268041558193873 0.46688681321882686 0.009978231805588154
-0.6626774059271145 0.8034868834435134 0.002812372305902478
0.43304563346141833 0.48345174614030806 -0.014039199385532705
0.04555802120687025 -0.1292036741992395 0.0026394782186872686
-0.8772105281117968 0.29714544541458876 0.011015951438070241
0.8994164501871988 0.45149111180584356 0.0027959506647759935
-0.3808525355200132 -0.8930264682852247 0.0059583856201011086
0.687091717324877 0.09435143057162554 -0.011839560353795306
0.15093403680588602 0.8298285750524363 -0.01744290174439613
-0.9464290167113394 -0.691603747143279 -0.0034771772649970795
-0.2762284959934147 0.0005377008182694265 0.0005937122046339006
-0.2966740235491787 -0.07147312460759392 0.007995546764225285
0.8042890185267693 0.7770715607285852 -0.03621776167682664
0.04115776937315463 -0.3148978025527329 0.011872807558988957
-0.9740559783432627 0.7077954418990808 -0.004002000919707159
-0.7745063193109187 0.33989236199922135 0.003776096760309705
0.0793399478773793 -0.34424642305622144 -0.007981493652230815
0.28993195633867597 0.24059687530971785 -0.017396222566106116
0.5745559525878381 0.082679011451114 0.005727597593128658
0.254019517673439 0.024276889069882346 0.026555862060820737
0.9650053225351223 0.6231829036498653 -0.012627991517593886
0.6598143891616066 0.7603120799046985 -0.0007653877173641922
-0.7835948732875213 -0.826173363917797 -0.00762172476472554
0.6564586864984889 0.5384959752482303 0.007125779888786607
-0.29527779915006946 -0.20388204939137067 0.015757795615261572
0.1883798826026446 -0.46894692779542657 0.0015424325360634769
-0.7011635158161931 0.1770751992440467 -0.00934796225715063
0.07731065796378278 0.14263579630683365 -0.020631599442998975
-0.3763085533147721 -0.38654923727020685 0.001544524718291029
-0.6774407685251191 -0.25517938428987375 0.002353887575259362
-0.21206371156583614 -0.7626235194489857 -0.005356486332278591
0.879778174616914 0.6454956783290349 0.0018642089277654049
0.4188727850483942 0.4343271024570894 -0.005622577270198251
0.15332915886641607 -0.3315264736809207 0.008313419844360048
0.2388017003909666 0.38695849202798316 0.003990799156256471
-0.8740188075398998 0.24808257905592357 -0.007233202288583944
-0.6948056366617255 -0.031096902572711693 0.005998554652320473
-0.9922015598183667 -0.5269160112630689 0.02378547101233865
0.28002019485995366 -0.09713449900113846 -0.013368563408499247
-0.24864033887424286 -0.1273395572222653 -0.007776106823056309
-0.8074839483028591 0.9671216125238886 -0.005103010574715365
0.7898453719582894 -0.42829686933023114 0.008614493898604154
0.04809002149070607 0.2040435589682832 -0.002435447189004703
0.4477442697726617 -0.13036935329433685 -0.008597784786485305
-0.2937981266694727 -0.02388267004765532 0.0016376982490750012
-0.9175698624400201 -0.6467491126524842 -0.01365084730333218
0.9599715197555745 0.71160065079906 -0.01780567264000849
-0.989062817292516 -0.2387400183181725 -0.0018179941941647675
-0.2619154072323373 -0.79841805188525 -0.008680525329094533
0.7160066224429713 -0.6600818931680243 -0.0010710563461715501
-0.04745833991056858 0.5959863868276976 -0.004089696376063398
0.8444026339037927 0.2395403114005521 0.007606982736999434
-0.7112706991603184 -0.7426254171901276 0.007994347902789842
0.5675970306988616 -0.14791986347061958 -0.009305901178654315
-0.8415621020600208 -0.4136071187286272 -0.010833504725954212
0.2938182036016477 0.20479875056916796 -0.0031995600977441957
-0.16250814457484308 0.4452334546061345 0.004447646286362243
-0.1190607693718293 -0.27103853329951333 0.005383781736802996
-0.9563631677817763 -0.4765288359905273 0.0003790766637022814
0.3531569840132547 0.9752068460885281 -0.011679860317072828
-0.7598837474479454 -0.8987933785479045 0.0016139317159804562
0.753666059177958 -0.9070044942760951 0.00260563331671906
0.1886434967911883 -0.6193403863278788 -0.0027367548614048902
-0.2468753918212634 -0.6260249785252883 -0.0029793828617550432
0.14498602252458337 0.7940454587216115 -0.01147626555257379
0.46047327732367904 0.9638144004441327 0.007801942921306686
-0.5999446586249406 0.5206932514045102 0.019228501962398236
0.2691325016286412 0.7252884906595731 -0.021286094919726217
0.3468196879081984 -0.32949649474852993 0.004772453023533524
0.24757480128938303 0.40592126415809626 0.018962202304410487
-0.6059540098972682 -0.10648991307532651 -0.0050847939957066445
0.7623455710412697 0.3882740828965461 0.008335888653335202
-0.05351108411998684 0.9994024763731175 0.018954245381485414
-0.3112498194723978 -0.2644565915752852 -0.006327261847885466
-0.45120809620803204 -0.6432576635735949 0.003745757862192437
-0.9425813801406466 0.36561514351238444 -0.008804963395631386
-0.6239158795138395 0.7676474573404801 0.010511131347823525
-0.9194113084299089 -0.39618478310202554 -0.008133599430849356
-0.10082072773169659 -0.9929746826606611 0.01776078329941292
0.011936959876941655 0.5617751549822045 -0.02500349728185526
0.07977726890258308 -0.7970185262398499 -0.0025836846958374976
-0.9419492740173656 0.7974169898540329 -0.0002906271708419941
0.518895820979659 0.34070314716347694 -0.006487637057301198
-0.9633790542567133 0.4782288228090512 0.028481571123743058
-0.32910098869441673 -0.3041753450873399 0.00760803378641798
-0.17220755453048242 -0.09957404447059504 -0.00701659165172728
-0.08921050569455446 -0.09830816228225236 -0.0013196415076746494
0.26062975540213484 -0.6990658158534708 0.008785812220796094
-0.5352925935670012 0.3263091047081088 0.012178079605273465
0.14111438205389404 -0.7962756137784672 0.0030284186027412538
0.9076683803871239 -0.27547528206165706 -0.0091434876105761
0.2754965765011963 -0.8945555810776549 0.006757777025468055
0.31520776382141924 -0.7420241139940003 0.0038940709961316805
-0.49443228305259534 0.35293278469310674 0.005683478925610115
-0.5164538425845573 0.5683657551273587 0.010053295379387112
-0.6878821108359607 -0.9166642590156286 0.008340466937121586
-0.49897131699319197 0.5945842854590935 0.005183581052747323
0.0544357801016655 0.17727737831789336 0.004598953751055572
-0.11637696770274841 -0.07180880366314457 0.0014750318393488132
-0.24578999418699699 0.7784671299981527 -0.004380265200961593
0.7763563816124257 -0.9210610873974374 -0.0073871752558535096
-0.8107599808175421 -0.6798879479889184 -0.007950992393627567
0.46803699346163286 0.9764128183239067 0.00126504691684369
0.13900717963216436 0.21802239894552478 0.0019006838652323801
0.9331374708212197 0.48947955345968697 -0.007525972673088272
0.6801312405675235 0.8309281776180326 -0.016836628982360692
0.06934216023132644 0.3658254947736277 -0.007369583757981067
-0.16055536602436904 0.5072674789448184 0.001774263888253297
0.6115676641391146 0.8736233285897697 -0.007708239404571972
-0.5976190139402002 0.3974326085268616 0.007012061067580587
0.9418627326882711 -0.32949640839611627 0.011580189271649373
-0.48051432124949045 -0.3616371861077099 0.0005240444020780348
-0.13236154146207624 -0.8817294522393844 -0.0108809920058362
0.6386193110123533 0.5452276548177388 0.006512685707797119
0.11436780645994182 0.42430594560789925 -0.001940505626625332
0.7854198136898813 -0.01675809940195072 0.004723714657340625
-0.5666844997389189 -0.3251084770855497 -0.02918117834501212
0.04918114436434795 0.1248177056452453 0.001667442912864169
-0.2519478127265422 -0.978634402087722 -0.00017135459258153606
0.9672614737937444 -0.2808314615784864 -0.016272923935157693
-0.3789184647652315 -0.8422374819298784 -0.014540738709700487
0.44554681503971727 0.32572192157504 0.006584433494999866
0.4317246292478649 -0.8822504649967842 0.00037124499213680247
-0.8386046230205029 -0.38275560815498344 3.433941192261008e-05
0.06656811010738384 0.3240119865586677 -0.0007927566117403069
-0.5366498836641727 -0.7394815397933625 0.015498195328863021
0.8770568511598076 -0.003019190619887535 0.016333149971187982
0.787499182571672 -0.7616146911167208 8.496316358697637e-05
-0.6873048916425819 0.8241193531116058 -0.00031121728436512235
0.43626898665200575 -0.5524010909361066 -0.00447317465314598
-0.24179332095492856 0.03634959269213445 0.004544811267109518
0.6347291297705566 0.8294815677388698 0.011186831528576658
0.07571225488451239 -0.8384639995804957 -0.015794094666928053
-0.8758310721120037 0.21918565203355156 -0.007002203525154012
0.4873305233389027 -0.8611672428904553 0.0029758015731813133
-0.007100317093744035 -0.4804111897860639 -0.005028194217946205
-0.5011484555678689 0.3202021389491567 0.004231679601866389
-0.3879482334460942 0.057517250029700984 -0.005395008539203113
0.2869843615773322 0.893271963344838 -0.005207629394385675
-0.017807396658715335 0.28285044800178016 0.0076824524454146125
-0.9838737492904452 0.00011516126040223007 -0.002659665963934004
0.14171442320724448 0.5876036632226167 -0.007600434308362399
-0.552561609317672 -0.8994940857403966 0.0003791206275350431
0.1553213919856744 0.4805117602015685 0.001632429295919757
0.14910785994980436 -0.9530875805136079 -0.011974970004755354
-0.9571349674893297 0.6502197105955463 -0.0006735332862660296
0.07741639181981275 0.46969886852323794 -0.016970403589608798
-0.7807485382439561 0.2587245578314168 -0.026338086918835303
-0.10210515001268972 -0.39437393743407734 -0.0019361875212050622
-0.9666315083791275 0.7829913099415902 0.009841201971547671
-0.9135977125937009 0.05746846215956536 0.006595892885772532
-0.07215326386437182 -0.1343101569673104 0.007528386298515488
0.4117333732430031 0.6856722348440389 0.010632796016952694
0.6282390039259369 -0.6302739621682416 -0.00927132527317356
0.18902710116482124 -0.6269058845549285 -0.006168518313277804
-0.24793940968104744 0.12980415385991817 0.00044448234951933985
0.6390763792051892 0.7982491676599304 -0.008295451081531355
-0.37197448929266774 -0.1526823544731306 0.007167260615718014
-0.45229428903362345 0.47753139490563457 -0.006161819285505864
-0.36585505186050793 0.5850227963816552 0.004366964679865775
0.0702258082213092 -0.984323566903591 -0.0017715589592316719
-0.36494242536743826 -0.6029879192498113 -0.005916744971515761
0.7936163105777161 -0.6155276395100553 -0.005397379356081662
0.4262901781449737 0.7709652636003668 0.015239367723903299
-0.014451605305383364 0.4306077503857817 0.01756390646804124
-0.47069777551675385 -0.042496389366210696 0.008188618066164294
-0.3248299163380741 -0.05285650451375301 0.011338783025227386
0.5160904552051166 0.7493464899936908 0.020178138627705212
0.26691471719854354 -0.5515211989095627 0.006656413784490142
0.13446957259976888 -0.6086444994065561 0.012128266664108727
-0.7242631150831045 0.7332891623370053 0.00936426395625273
0.698331738951296 -0.1184173876129393 -0.007486530795360742
-0.1938337701404913 -0.3794078018668645 -0.005942293895332841
-0.03025852947614749 0.5934754691958877 -0.01608031097102599
-0.8271198773482018 -0.548349615960166 -0.011377440400044958
-0.19058839984320652 0.4874905621371013 -0.027343029419950104
0.154052210624394 -0.4669324720895598 0.008937554567315058
-0.9091536799964564 -0.008153466476300775 -0.008647760023903177
0.8333093116299182 -0.5091837117592921 0.007090339724408145
0.11053703001018 0.956479406960101 -0.007719536258923643
-0.7152145598102564 -0.21576425394731458 0.005716462924189172
0.8191117421838223 -0.29329124684766894 -0.008935971531951088
-0.4083432329951011 0.2765814910303328 0.005635706936410649
0.36046658612522275 -0.9464905365599738 -0.004092536978254657
0.2223626158784726 0.8194218985578656 -0.007435515372272031
-0.18111187265440498 -0.445518763604158 0.01677001630461081
-0.42457134666290686 -0.28079456705367534 0.010479402091013577
-0.18574221522431866 -0.2687599525409168 0.004005887063727896
-0.08253346012531981 -0.7311423831531136 -0.011070492962609275
0.2247539925952129 0.43517342627262146 0.003257885072880562
0.054086315807760244 -0.8106638284475742 0.002360676598823975
-0.17825244367848336 0.8426675301723519 0.006953893667564663
0.7498246777452335 -0.6558048488502013 -0.011512605490375487
-0.9498150880154388 0.6088717411371316 -0.0017975274615079219
0.9877214916850678 0.7398820429593385 0.004698391848185195
-0.15338424394294536 -0.438463962258302 0.001938941232367422
0.7793016334376526 -0.4858656186030472 -0.0041431313557287
-0.656283806910211 -0.8976740830612921 -0.01140059581596898
-0.46193598127746793 -0.817057820323003 -0.006658322375733139
0.02970026824210681 -0.7445576934123808 0.00931289745404982
0.5205672473286993 0.472427412689425 -0.00148072722766387
0.1885576778505642 -0.2414593248535306 0.011411165443688583
0.3603001497573568 0.3939262514458357 -0.0016699806275098242
-0.7670626080082794 0.10976379205592313 -0.017995131490308562
0.950771094736462 0.20064700263195578 0.0005764600311137213
0.10215908824913522 -0.3114286908451256 -0.004101874714924108
-0.33515244466098304 -0.5803288540230842 0.005534308427508073
-0.8437225578619403 -0.18417176524998902 -0.0015849429928507083
-0.29819834698807735 0.44524060555248934 -0.005888217591355378
0.582777780911574 0.21720632086773972 0.0005647058426305346
-0.2158351088229602 -0.21367760675053216 -0.0017451138019694706
-0.3220247829829288 -0.3054073089349434 -0.005140699514396114
-0.7401156190583169 -0.7209221799297056 0.003667846466977075
-0.2311861245370257 -0.7801665987291739 -0.0012129278334859631
0.6762959715001069 -0.36138576218850105 -0.009744584067604754
-0.7488164191053353 -0.9192737228384942 -0.013886967137812487
0.6375314894372754 0.5364771119519496 0.003457384756813962
-0.7231592383770595 0.6183956269578863 -0.0024952421655199818
-0.7006754987224242 -0.3438849593679718 0.02231531778772866
0.3777486595248374 0.41048896859413 -0.014781285014230785
-0.6946748439709669 0.08542237472721848 0.00161380048113427
-0.9612706605686712 0.1850987200530405 0.008863950472913648
-0.3870964132165349 0.5850930171188244 -0.020675360298528074
0.0526136441461873 -0.0023221284726262503 0.0010129050198167402
-0.16974562271030336 0.3376863841447346 0.017451170302970904
0.13406390159102077 -0.6311536785367997 -0.008399029383765678
0.3656395218879185 0.9008868981429798 -0.0032787496265241135
0.5803590564133778 -0.16230738696488323 -0.009383689899174395
-0.984023161428166 0.27188642306042543 0.008263578398031553
-0.6374197815711573 -0.6073744860088364 -0.013037359514256677
0.2753987619150715 0.002015432981817167 0.0018249771099998907
-0.5489351397552666 -0.7463544911304096 0.00991956578101169
0.1669506376966685 0.03404098759020169 -0.002876822417676474
-0.6759129677383096 -0.6084358833124854 0.017587658024012753
-0.9660729051847299 0.946711993654225 0.016679656046149443
0.6428355869672469 0.1685419138287121 -0.0031972612521442637
0.3449566330968221 -0.39121263645227744 0.00239344774713662
0.6969520460417331 -0.4908709602652259 -0.015905757171370608
0.41065097653199323 0.2514982160003356 0.0064290992481835715
-0.4674187843281197 0.7855228501222178 -0.00052949736157884
0.7675083242925025 0.34290779034632646 0.005489568387713619
0.6527042071798856 0.4010167364589021 -0.0029091509326090786
0.41803408646977136 -0.0016164111035799067 -0.01631239115455578
-0.5611392688829322 0.21758794859387942 0.01823187288372506
0.23387102981951324 -0.7753444946518206 0.006283346967456051
-0.868649181449604 -0.09518035035404093 0.011297558212684
-0.9391816289365893 -0.7963539832394801 0.0002542365538158148
0.12991048880179545 0.3767147605090717 -0.009134948533472723
0.23794148936166581 0.7994811727660405 -0.007909251305692012
0.21826514007142084 -0.9327030765343725 -0.008125966646132845
0.3068226212633296 -0.2109563282065825 -0.021152151181847403
0.747331773473707 -0.8411705064860702 0.002475824247325799
-0.3045619638031223 0.9822952797691327 -0.010705596816756322
-0.21889751051188266 -0.528533414088141 0.0010941510537900128
0.9130552107501018 -0.7614502484531704 -0.005300607444057519
0.6776665981027761 0.9303418780122499 -0.008700571376005346
0.7079937339757549 -0.9794190901751065 0.008639854204257238
0.964522593518246 0.9701980155919327 -0.004562127579007804
0.7234966517995056 -0.0626272370764347 -0.0009105201757794194
0.01580227557787195 -0.4871480881929684 0.009518369682654054
0.4609957933402 -0.6734971800366958 0.012637777844155299
-0.8162930174496332 -0.3088867500647383 -0.01596967630798251
-0.20283323374925555 -0.4684707627000795 0.010033246076989528
0.4036770873548956 -0.7012730372243845 0.010695631704251692
-0.824366138682846 -0.32747461072087436 0.023481658279238066
0.779130874228301 0.8009007617477679 0.013398321795822038
0.45789263858956897 0.703036888666595 0.0021921306545592497
0.7932969596916866 -0.2689563718056207 -0.0003770460768430683
-0.12850340702722085 0.09054854116417377 -0.001213937457973707
-0.16830060505871103 0.9767431661475265 -0.005387046213719659
-0.9382290863225229 0.5726094602317153 -0.014304806326008526
-0.14002240282590295 -0.14584534706166696 -0.004580122802910418
-0.30887483953895023 -0.6431902525866227 0.0006158850163039286
-0.4739146154447951 0.30209289850899435 -0.002831511966696826
0.6471967557984546 0.27014890345352227 0.005964512449521729
-0.3992688945734131 -0.7452037453476654 0.014652276630151615
-0.5085272176502811 0.32796077454133266 -0.010708846173466966
0.2889506484423663 0.029507976442118666 -0.0006496663543552351
-0.09951348810932847 0.374827609149712 -0.010856695205303739
-0.5964285337589503 -0.6386102899082631 -0.0031742194927868784
0.07449757700629767 0.9069391272836664 0.000668510162507492
0.3348826998657002 0.7651830663154242 0.014949500728040379
-0.9297239974254741 0.41596599388619304 0.010521295523091032
0.2858145082765169 -0.908229789367343 -0.009296450248375757
0.6739616843239875 -0.9992324856526755 -0.013284244471288351
-0.13355478286850753 -0.8867201261317084 0.004843233877542636
-0.5662833950321564 -0.9064409010546342 -0.010409725402063903
0.9615171329977015 -0.016992000201735857 -0.001060748857524199
-0.04918842348693375 0.2205020174671375 0.002070145914894848
-0.5874522642768405 0.5035585218683183 0.006772088788576161
-0.34230482557539177 0.050489122917890095 0.014670039736910188
0.3812331749561668 -0.7977046152782143 -0.0058035582211264074
0.6451429390424415 -0.21854937567941968 0.019271488885146796
-0.182458591843212 -0.5623876276072981 0.004649173866387901
-0.20643994875181693 -0.16701618094640946 -0.004294887894800906
-0.9493347734214836 0.2719260206898979 0.010768637956833527
-0.7054900786055958 0.5423864363127899 0.007097803268631625
0.042340263872625794 -0.6534662872075938 0.004247027504444335
-0.21995064183388102 0.06557611691251264 0.009672613806055115
-0.8033283798606614 -0.11636568731388142 0.0030402352066539328
0.9016586225203269 -0.5251548163307289 9.162334791930181e-06
-0.9488622889108409 -0.7625861789777519 0.00762863983091975
0.6420386539786345 -0.6062339342233098 0.009390934680604878
-0.91433699745882 -0.23061460464265826 -0.00841752300279953
0.30051551407806 -0.10122250280700174 -0.000986209769785293
0.16740645637351226 0.5767499294546912 -0.0021491935040654528
-0.5014523629063063 0.665394095358959 0.005924785581790357
0.9529433509151872 0.830961936703799 0.0013176456221850052
-0.042753500066162964 0.2703944489512218 -0.008538876156843686
-0.9696753197487988 0.32547456507630557 -0.01545057634380327
-0.052863591036998114 -0.9869375336650839 0.02155300208967865
-0.5506562401123192 -0.9741293660422208 -0.0073427431369897265
0.5605288273213365 0.9166164647086907 0.007147670538088164
-0.13496761279819713 0.9884404495029739 0.005125463369060371
-0.4563800657559629 0.02810764462288806 -0.004610826033450911
-0.7786611724805046 -0.7125976899775808 0.0016879597024650373
0.21505306348180175 -0.4038324107640714 -0.013930904486719381
0.04013666061825205 0.8877718230360785 -0.004460709169754387
-0.32561858618078166 0.044927088052438835 0.0008319665200608127
0.14437893237072474 -0.3120175787723056 0.016698776228340095
0.43841027383622166 -0.41438480213035356 0.001031002153956304
-0.81609496569427 0.6248972725782771 0.007286342853148775
-0.6882029361264139 -0.557916309668433 -0.004633143841353216
-0.3474286337614827 0.9957835914590611 0.010287539801598482
-0.34880987079257575 -0.5042689574648036 -0.012988773086483427
0.20518834293176713 -0.061884220190613126 0.005499353516815853
0.7683476122618027 0.21273030685024863 -0.004495748032712375
-0.023789055040560392 0.8292355567614249 0.027177140995255828
0.44163680392816174 -0.6935085916495838 0.001893672659386798
0.6399376443093796 -0.9672062891808413 -0.01260311912736515
0.03755567689654038 0.6255054899309929 -0.012017100815505862
-0.039634001134788654 -0.11687259039256515 -0.00733750670751065
-0.8593969337042664 0.09184181765731636 0.024804992020413
-0.09323243628118716 -0.5621672094760042 -0.00971727575239027
-0.29968842610476565 -0.7665879158694346 0.008488451950186994
-0.5695126151763976 -0.6859889951330991 -0.011136457265180899
-0.6711660617867674 -0.2622527476307619 0.0024295900146906403
0.8476154110071659 0.5991414356275995 -0.0013692251801673972
-0.7715257849321344 -0.5274391000274796 0.005221974999444599
-0.19011009799735867 0.6156271198852232 0.001813877711572776
-0.7367921034631735 0.16120232593594297 0.011812110964364684
-0.657607193998657 -0.7248731835209463 -0.0033780203204152397
-0.16928787035615578 -0.41913966738811026 0.010232095564730228
-0.5953616963419064 -0.9984405204968443 0.007331020176078124
-0.744270512009878 0.2398761153717015 0.010901229772840478
0.8081935115561623 0.2544370581413138 0.0012357675232850711
-0.22525324092583077 -0.037173355526632035 0.01112995971643785
0.3135445898646374 0.7618771380730285 0.006004933965031972
-0.32678330444721926 0.5519796036200775 -0.01264548130516719
0.24607307881706109 0.4997463262879056 -0.010589793405538043
0.556709877924003 -0.8233804114058154 0.0008881243500437454
0.3615682168283625 -0.29444571979808787 -0.007176497989324751
-0.23624142383852487 0.8409742724798104 0.001097241960385541
-0.3551695224487539 0.3833334964775228 -0.010925426414687842
0.563911385773503 -0.41763689617021305 -0.002976276774493257
-0.1467474044214505 0.7530917871371259 0.010076695978933717
-0.893642431531404 -0.6966766333762064 0.00823899995602622
-0.348082172001021 -0.04299068686549523 -0.009764205978646414
0.9818375834305704 0.2536295995318101 0.006182445518939095
0.8929811071865785 0.822081451849396 0.0017131154914964291
0.5207647963254374 -0.3947720539340389 0.005710004279527828
-0.23599781141472898 0.534986222903735 0.010730611974705564
0.3991844507614861 0.2866918253229209 -0.0033387722734743537
-0.9879492431045251 -0.3186154683759288 -0.005045683968790577
-0.6958512032067392 -0.6327995719643613 -0.0048764903964090296
0.8277057836908353 0.7073550556245816 -0.0014030386931031358
0.4288621506648913 -0.23907971236106795 -0.006133634173358437
0.5352103427229367 0.6891729656700227 -0.0031531683111169877
-0.9469266073517817 0.20975277329140463 -0.0035297972774491
-0.6127051134894388 -0.3917068676923472 0.007159244253925327
0.29019188581992417 -0.988576392390496 0.012738666160208887
0.9609164288044174 0.03430419428899256 -0.004209010634920905
-0.31776199474811406 -0.46719445923508296 0.005613239742856216
0.9687231787969883 0.7298325131460184 -0.0017734881158758275
-0.934803815054208 -0.6420927010491426 0.002698988268167991
0.9010087358120944 -0.4800129045792261 -0.014292175352085964
0.18773161328847054 -0.9492447031085018 0.00834199442340241
-0.3398216620727452 0.5020910773062435 -0.010756171192399695
-0.26714090550131564 -0.14162110890557278 -0.002743640731268847
0.07471382181295483 -0.02143100080895377 0.018947832602775553
0.8230315299849043 -0.5138917518531783 0.011234377853203602
-0.7750829664535208 -0.8782765060053983 -0.021635250402015825
-0.551435240207349 0.38761822762430476 -0.007409178147694957
-0.2981222745521026 0.8567206824349776 -0.0066060852847221255
0.6100168739257998 -0.22709455120977418 -0.027921306488764612
0.9345810854368857 -0.1990518703554509 -0.0057629504305725275
0.15730741563203665 -0.6638767119562641 0.0019949621792603794
0.327153717898913 0.16901240267562478 -0.0012929109171558636
0.5287009891214249 -0.3636500008166832 -0.003340506748201849
0.8874321590218901 0.8153815741889574 -0.0024670697746086395
-0.6999361302729832 0.11831015485693563 -0.002703760403607409
0.3736639633010672 -0.9959660238793879 -0.00260706053483405
0.9339376364394578 0.8358184395391939 -0.002192290227353129
0.6260565783667178 0.49033345897148517 -0.003005297483057938
-0.38676570615695116 0.8227706183148629 0.0010104214015935306
-0.6478317226208714 -0.5597725739124941 -0.004156567087666057
-0.08333565873766302 0.7942002376563269 0.01933375336546899
0.1512846134317063 -0.4776108992223347 -0.012521197271590529
0.22753002704452063 0.2856397685874623 0.02133612578674129
-0.7210879044474667 0.6114505027171697 0.0022684653617126497
-0.8915278405177789 -0.9929492685197621 0.023451029088686293
-0.9598538396555094 -0.407799422431369 0.00788561775026722
-0.0868346106831297 -0.12593739140161486 -0.005142514327009699
-0.467965574455784 0.49122057320695367 -0.001215443291264195
0.19101571115992266 0.2658884892657678 0.016148131144777866
-0.2648941014567048 0.1279657500081619 0.004712221746152447
0.1738337893235442 -0.6567336837113122 -0.014783893370472697
0.5386632663895492 0.11370539387854728 0.001417710608742799
0.3325536111611054 -0.9155922309479354 -0.011841351143120835
-0.1525800630008809 -0.04628176301748699 0.014869579872763826
0.8165589557522537 -0.7984806094368622 0.011496017215356725
-0.7556360708469132 -0.2304277398625656 -0.005912175623192403
-0.5959540164304136 -0.2743833016057182 -0.00489326943904337
0.4369442207918064 0.08301523458227456 -0.005181538849200207
0.07178110143215322 0.29697905343498876 -0.0014462996333822187
0.6065292202284129 0.02420880622070598 0.004006146200601826
-0.4139484434570937 0.5780128237254885 0.0047105440998314145
-0.522949116929825 0.3110609415100314 0.015366015107387127
0.6017027389740497 0.04568999755166847 -0.0065894669245076575
0.9604929298905449 0.2274362193557835 -0.00636489555558875
-0.7935968130336628 -0.4003307009710815 -0.0032690315755701444
-0.8333274434123794 0.17009813134455243 0.006676142426530565
0.9564389217768852 0.5609490810781403 0.014351412296536182
-0.13562793623281344 -0.05162835632281659 0.017368308073611803
0.584790654963268 -0.41766802552946647 -0.0015520994473727711
-0.6308595265999877 0.13533225812331828 0.012426167097505872
-0.2716939949923105 0.8419418305455515 -0.012170748018369369
0.1407050076524099 -0.14593673963238873 0.01278950612775853
0.34414639365396194 -0.10797258587495784 -0.005063962021751065
0.8533243659230909 0.48841966377725266 0.0016981990793604668
-0.9108822577390234 -0.2585413003896553 -0.004525272146405986
-0.8887072285206603 -0.7966601790666199 0.01802591886812201
-0.24986303277538613 0.8416647547871172 0.004474745324010738
-0.19679748658820473 0.6917776256479753 -0.020438078904126758
0.03843202583028771 -0.3677052812803927 -0.0045003233487774874
-0.5343480551098281 -0.10525706947595137 -0.007577705058253435
0.7032809042780948 0.2682732022648959 0.00479154981450113
0.2268569913723837 0.047234857523567264 -0.002629727660222084
-0.9662670467968195 0.6910216028749685 -0.008327056046997263
0.03521046165615682 -0.7143900499292009 0.004428426636770134
-0.7093002992404291 -0.713299445794056 -0.016813603068827395
-0.4968740653203514 0.5481454990194308 0.009713981715567666
0.9486439979276311 0.4072441560110289 0.004594226611919846
-0.33387697484907153 -0.24472591094572693 0.009293981845935537
-0.9070206613325706 -0.8186346051501483 0.005812225055491634
-0.36227910641805483 0.1504239173084796 -0.006544906277336354
0.11426284608675474 -0.6371002478858567 -0.005714628280166898
0.8992689416524402 0.3822212668855194 -0.007314426983686026
-0.18101511067261322 -0.026921008230368138 -0.006714969162947861
-0.10149631545978521 0.009589639807092265 0.004067046059828471
-0.16142614148824586 0.43782799254884397 0.012670402644367354
-0.8625480825757408 0.204974805615604 0.010347859534805236
0.8590077284498159 -0.6468350574254722 0.004908389201962331
0.4108657778581837 0.7696315284371866 -0.01602773963576139
0.5886952127955496 -0.3899629373069531 0.006432728172783567
-0.5462845815881836 0.7478428328725548 -0.0006422761529006947
-0.12359734737433414 0.46575573774879886 -0.0031222880692305132
-0.23438221571113993 -0.34479522651707195 0.0051313110261046865
0.46336422959320034 0.2652101275124483 -0.0033861077784178846
-0.643024084747134 0.39413777041331133 0.017791000728520866
-0.8773307589962689 -0.7573592961884432 0.0018223416130767108
0.5445521373657021 0.13311887324135863 -0.006442978579992369
0.3890993496210138 -0.7363473998754626 0.006672420019240053
0.47791472763493426 0.5105714145741347 -0.02207916450532569
0.4955169604785086 -0.7091761928734919 0.001104516892681365
-0.6634962078740967 0.7901045821220831 -0.009226748533777305
0.11284620755057073 -0.6897373432786416 -0.010222374103020236
-0.9407218774867359 -0.09303117947627326 -0.0056756973056827625
-0.46746760375143803 -0.3532584778219172 -0.001599260091859158
0.06836512318827648 0.3659663574573657 -0.010590429859243463
-0.34858074975829223 -0.057465336601823847 -0.01618766638123611
0.6701396880304704 0.5949658680629699 0.006846413383244123
0.6726862994533669 0.5924254054676281 0.01768831389772259
0.4916745864606147 0.5595472915311228 -0.0075888524053717415
-0.5456459512604241 0.7287085575553391 -0.0004111615176466501
0.5371481308145767 -0.4558023625169929 0.016230740112715747
0.1612940716602691 -0.3191547541638584 -0.0024649459982650315
0.6283989479652301 -0.9722086990832028 0.01771558810961585
-0.23505269161568432 -0.028641671389007417 -0.008916688510847122
0.7604031331537411 -0.9640332622747672 0.004554279494053069
0.461107617645917 -0.0790638718421115 -0.0023666226788501077
0.5998499065705429 0.018240824520356913 0.003690689886352867
-0.8239362144191376 0.8855030624188927 0.004004113194645947
-0.18610754441998556 0.9750014137174385 0.012316683767857741
0.7063831197244754 0.7534201153253923 -0.0002781538734008263
0.16719890232906165 0.9755953462785918 0.004546926596792422
0.025687561598915165 0.8293374121433139 -0.00044718159617539806
-0.9340657187102475 -0.9672860399812864 0.010976152570972526
-0.3188157580521387 0.7287259560130728 -0.011372058369662761
-0.42261369368030866 0.0048964506553943465 -0.0035203264554579494
-0.488090798159029 -0.5653470392290558 0.011780699831410963
0.5249695575195346 -0.6398959518709142 0.004803621192221672
-0.5300327081626708 0.9302012033905769 -0.007403664434352362
-0.7936955397387924 -0.8513281844717255 0.00506211915000034
-0.885435472603328 -0.15363630225596148 0.0068203065038545995
-0.8403810646467458 -0.5998595885883273 0.004981283630851058
-0.3986144891789669 -0.5638154392883898 0.0061967002105887
0.4687756354609236 0.5943294702796822 -0.005854791630302172
-0.6378962563042201 0.3837251305752156 -0.002703454343309586
-0.39387834376192554 -0.5921802075759892 -0.00707694190644474
0.7667550397103204 0.9779989097107114 -0.0028365860583485377
-0.6754101553918557 -0.880224834873732 -0.012955495099887575
-0.979774966728276 -0.8710002382950068 -0.010341602838664006
0.8982553556145796 0.4410107819986657 -0.0027349500107196434
0.29301921920847884 0.6969441883665255 0.0032164436053063183
0.3793755202322402 -0.1796182466392351 -0.0003321338371523119
-0.650499447068994 0.7238685821207831 0.001994044684928482
-0.6412638817020451 -0.5468611680985713 -0.014292472515958925
-0.2757282659344076 0.25276513413451474 -0.01813022053733874
0.6476491357973335 -0.12429483379075834 0.007718045565291737
0.24020776919127051 -0.541674755796524 -0.0055562925357008144
-0.8955723076907465 0.32397668933235235 -0.008179345948696553
0.2475101144435521 -0.38863916248707775 0.001479044166059946
0.5324460368992907 -0.6181293687700233 -0.003791485467657622
0.7064489138138499 0.18845416297017903 0.02928431575307883
-0.6600853938984581 0.8488957438477924 -0.007899474043958523
-0.31045849723615127 -0.40114507333736094 -0.015136051611359407
0.4679523902193743 -0.8918637100347506 0.006008556482128497
-0.11819489161435137 0.7176573578451557 0.010958975597699917
0.6541662253802587 0.19894685949550683 -0.0017929832089958225
0.5566404087392574 0.5706856978375712 0.003483023493682356
-0.3755483456670463 0.2594748183909541 0.002682575746819676
0.06701309033882952 0.5640504371057342 -0.004653667052503044
-0.1419704732265321 0.5491252857295765 0.00665199270911147
-0.7078839577899121 0.5248612513044781 0.006288561746645227
-0.9545936486732145 0.7093451579527152 -0.01365222659667152
-0.8981777371559787 0.4798410137706044 -0.020976683468812703
-0.2839042214751606 0.7028116774863657 -0.012374022353512917
-0.09915611948280167 -0.02066982099007042 0.007794371789993799
-0.3722731247908855 -0.31442270644119863 -0.0045564594078789065
0.9736300809803813 -0.08598962852805547 -0.007581708666927855
0.3307096181602782 0.25435405744144934 -0.016964322758147347
-0.9933220765284532 0.9635514505257305 0.003265997395490799
-0.704700742573307 -0.09616710802210227 -0.0041664168365642285
-0.17366971273980258 -0.8430022195619071 -0.005534074206927834
0.9838374033944735 0.801176471506627 -0.0021862395705878304
0.08795142477630757 0.1765538432850875 -0.0013975758719778617
0.21923928445953678 0.09511987937711108 -0.008397913124262874
0.7144307334406925 0.36478626269615466 0.0024947753129667375
-0.30568328332750205 -0.11793408949681305 -0.0011577951781580416
0.2621756857184516 0.2790227018719318 -0.004132038310602845
-0.4304271748274604 -0.24187965275972179 0.004314153811241102
0.42426562872181517 -0.8313187662782884 0.0071162473224646704
-0.3388466155086223 -0.6225124032478249 -0.005742101193664576
-0.14523232757164428 0.6666344753954068 -0.017450215209170422
0.4181223233255884 0.5326745077312551 -0.00113276438339883
-0.02980947003470069 -0.619903431305737 -4.4049606095693624e-05
0.38821505491518793 0.9000771761179713 -0.007549319663326066
-0.9329916989014175 0.7718634607761365 0.010106883440432209
0.7154020267795766 -0.6368351319430019 -0.000232186184400651
0.6187626761439278 -0.6905701373480375 0.00418279703244246
0.6698691414461293 -0.3096040825050983 0.0017414058577848515
0.42630629644493956 0.4882319946566507 -0.011610973504338339
0.21506060713106834 0.9288642502444171 0.0028657927913506836
0.817321198519823 0.8585725055837012 -0.009832250249560984
0.7718739224322408 -0.3516599775350362 0.010855741156316887
0.7021480634794914 -0.692916132372013 0.009259113713195558
-0.7482985637013118 0.39019465920954266 -0.017182353811737244
0.9344642223677395 0.08685377298277963 0.005595016487323379
-0.30254710955126196 -0.32044581807253514 -0.00625091799290685
0.7828552156655326 -0.1363891811429927 0.006732399751292202
-0.2676301549548008 0.1562264796463324 0.015763059849256834
0.3823129785008621 -0.825749457561098 -0.007818388841560909
-0.6581817902294229 -0.15181032039006293 -0.0007672060689106535
-0.3660129957217959 0.07190338175501765 -0.009935066768728181
0.3788913919849932 -0.3605833716382274 -0.015350157292817426
0.18601295922329952 -0.5805149382523844 -0.0016383705552357674
-0.5803548390641107 0.6357995800653338 0.010023003096767916
0.6969074985725097 0.9629967666827695 -0.004886629910314128
-0.017152740248275844 -0.31796674370352496 -0.0114275445012314
-0.7210729994717133 0.9322911175917059 0.009443232672224773
-0.12785300406262556 0.20692950453562386 0.0072966278656284664
-0.6930022439372785 0.8521696283689237 0.0047865992861312314
0.16104153315442438 0.29858280028999995 -0.008328974999599172
0.46520975374412643 -0.42697910310346243 -0.0034955046661973256
0.19352599495268796 -0.25792113422419694 0.014773738474745007
0.5959291233787773 -0.7854831130071847 -0.014742116177718203
0.18309991752257648 0.09955680146918189 0.004528776419480641
-0.7044405329143346 -0.6412917705012111 -0.01557741885771662
0.513703124844932 0.42925796152135187 0.008237936835853029
0.9581018979302922 -0.5012220478202907 0.00018365327613471328
0.6021303132720979 -0.6940890216386852 0.002461234540777295
0.14971441923032525 0.16706178374178782 0.0017481243987625145
0.8477508524291348 -0.7943866008814282 0.009299960720868045
0.5972439108830525 0.3910615422999242 0.009260939250909149
0.8676881756171511 0.17433379347379696 -0.0013704516317577956
0.31659780540661564 0.10071023839408011 0.0005645185074249907
-0.7568421265423568 -0.0974808765352666 0.004407493735951687
0.6961182952183955 -0.9983982461700962 -0.007088763714895568
0.184602525347642 -0.4265086564732645 -0.005590196820124042
-0.9757645965474424 0.820499505693675 -0.015832288719822153
0.07914349190253889 0.04337305499658073 0.004383165111416952
-0.5849822017279265 0.7107975542685987 -0.010484166891200066
0.9881143258223393 -0.8664743800600418 0.0006606991998388723
-0.9370818964043928 0.6151453074929043 -0.0010205297256038442
0.7041532254447616 0.3259179528758078 -0.0026170541092732846
-0.8223922896021785 -0.14372998026943762 -0.00940710154405915
0.19238741295707795 0.9005455336394557 -0.010868171295213567
-0.5968086181786392 -0.8399251397938396 0.0016202526405450096
0.96067169295071 0.5938478154763096 -0.009364073943928363
0.3574815839836538 0.7719785094169134 0.010362956768930651
0.5111060743244 0.6886585279366229 -0.003465585278178584
-0.5400133904990665 0.7420191832717071 -0.011888269098311966
0.7793308566165884 -0.20781815325227937 -0.002033939121624612
-0.021192279116990065 -0.15551639704973907 0.005642988236201668
-0.9482940378134563 0.9831266562555432 -0.0016921620874419969
-0.0127793380482224 -0.7492467945704469 0.0040778083399541825
0.9689117580630098 0.36317657406980697 -0.01384354857311833
0.03360507164117377 -0.3367385983323068 -0.005281585126321642
-0.31731404895080906 0.6047497426240369 -0.008517997992175473
0.6006769934347471 -0.5367795253078511 0.009181948312156773
-0.9561771924600844 -0.41368794880989146 -0.014461996601935055
-0.9790678998854239 0.8877300068621601 -0.019825076885867526
-0.05272442733133054 0.574908682665809 0.01600774193662881
-0.6290568052506182 -0.5755881710178747 0.008981652609268108
-0.5892839437822319 0.6634612391101813 0.010097499600856333
-0.4581202416548198 -0.383313965790647 0.0011530853739367274
-0.5835110078555843 -0.4962885330756033 -0.0018246590343091
0.3237624566814705 0.8882368086580501 0.011026163235692188
-0.06087680053938849 0.42830806436159796 -0.0010707457827979015
-0.04630064976911408 0.8776415016420422 0.002832877464457732
0.4349473435482205 0.08694105609379688 -0.003841155262654377
-0.5967967801320391 -0.26530155037452396 -0.003556755796392351
-0.17941554512291846 -0.06887038406902213 -0.0025230977649778543
0.9308590478443346 -0.5406448946275058 -0.015324015722123616
-0.1618889509476864 -0.5415310528744641 -0.0005605776006183283
-0.6657002871779321 -0.2372068938845162 0.013939276058904939
-0.6277670112477802 -0.09703999079529746 0.005847130759111517
0.14360327332520684 -0.6481017665460009 0.001530837563709808
-0.6556288923152385 -0.16593471105917867 -0.0015447154356419781
-0.3032350525837815 -0.7011723009996653 0.009695108740494607
-0.9824209286614516 -0.15661485908079142 -0.0021566048204361057
0.9619105768231921 0.1231882112162952 0.010150521749882546
-0.4477900414421603 0.0913707455733086 0.007606682023119795
-0.02872429243219332 -0.18121159254906427 0.009381961809610003
0.9712311353623426 -0.5651743213624125 0.012832067113943711
-0.4905269146481481 0.6043131840444753 -0.009508466514034124
0.4698785339211373 0.3538506194549178 -0.0009875684427857548
-0.5894190554063097 -0.5253001159796546 0.003157308815823482
0.8445215759141624 -0.19288807707270084 -0.01542696658408521
0.08090191993110829 -0.5939923129534681 -0.0015586173810100442
0.9822924067041121 0.393700357937943 -0.006180090971852534
-0.45897631317879783 -0.8090044089046402 -0.013574299384959486
-0.1754400299722465 -0.46967910596442963 0.0007026632704990255
-0.8586647735465396 0.5961171297006065 -0.0008824617891549189
-0.48052409854485933 -0.4707652519949588 -0.014598036248534223
-0.6348872215943411 -0.8342418412920027 0.0009564109818407118
0.4686083481019483 0.2716017962442745 -0.01075111938514031
-0.33919590248714004 -0.4726210894729719 0.0024475894000317937
0.6217002166834182 0.5484854703947761 -0.006066637629020818
0.6527523651665752 -0.28889600572622665 0.001955690010932187
0.30341450510339674 -0.31646146123161234 -0.012508201354893953
0.7620105679098244 0.040719150222296996 0.015152968060302308
-0.801610732458437 0.35074895628490355 -0.0015060400191331733
0.990315127886398 0.3676903622062766 -0.0018048503835211825
-0.9568218623668674 0.44050238244074835 0.014251819859422556
-0.13757102975713753 0.2799881122861674 -0.003914960135069602
0.2803857886631431 0.24278370432606122 -0.0024364144729380837
0.5315931310432551 -0.31650016757226407 0.0172008857228866
0.2093950129747284 0.818662897374729 0.001009447537615251
0.7156357522640604 -0.814662413998178 0.009966428510044313
-0.9104393105385666 0.25028500400945375 0.011365990356661573
-0.31985239733510995 0.6617485657504552 -0.005764973312024929
0.8906611087267533 0.3711298391326374 -0.0022302107736552686
0.7225367342506146 -0.5683708229932598 -0.003640248263823662
-0.1794613750158267 0.27323607804812666 0.0016529399979116706
-0.4821583967737826 -0.6664531388650154 -0.013491772027487716
0.24127220969043428 -0.41058058378050477 0.01360219601001483
0.8629146139472297 -0.7883465347702696 -0.0012951757378805615
0.17685414208037376 0.467781880880759 0.0034539468062711005
0.734856376077061 -0.5596230400934101 0.00738909961974998
-0.31615812101207386 -0.7740282196113419 0.008807668510640538
-0.003986055210541517 -0.5439673390255737 0.0074732769393259
0.2819615448648407 -0.2894598569668476 -0.00924968703251436
0.09355922671323391 -0.6044237260078278 -0.004210065927228256
0.5822327254916975 0.3558716558560262 -0.009408504250749225
0.4955045738269801 -0.5031154558061088 0.0017040825123473568
0.17791632821550651 -0.09773756507105902 -0.0031676782192071452
-0.6773611499912249 0.8183806830418741 -0.017919574285906594
-0.8256604853638332 0.3405093269419963 -0.0013556594770602257
0.5522803311151809 -0.5971884196531052 0.006695497754900593
-0.6282892787180361 -0.801624031351299 0.005893706650131236
0.12151803127830751 -0.2914444763974162 0.018945458481970674
0.9103608933561769 -0.5457826806934722 -0.0097737659093417
0.6767404280385176 0.10222336891162542 0.016767961904360192
-0.20077913392958502 0.78224987882559 -0.004455486882055034
-0.7113805804631104 -0.5336620971775881 -0.001981790024392392
0.7987929581935564 -0.9863590193964429 -0.005481155409310187
-0.5063341813612521 0.3262342221776653 0.00523308803097041
-0.692196681840495 0.34283233450731543 0.006621050591293265
-0.8740599898026638 -0.1299922707695178 -0.01623619078463807
0.027860286356757635 0.27475271917621935 -0.017650056445898107
0.08482967628293991 -0.2785357284501002 -0.0021397415664108107
0.5268585633017897 -0.8602805155538416 0.016238810425694784
-0.5782352172784748 0.13124412260790064 -0.004461782231516713
0.26145117271820517 0.0071956921978226784 -0.011788944720506778
0.7535822783927224 -0.4471209639001881 -0.015386940314274905
0.8518897404094217 0.9230991431065165 -0.013060377237451412
-0.054199809962452994 -0.22569932162839934 0.014027007915051912
0.2958848070102167 0.13956759506781924 0.010891208296705217
0.09190928742469939 0.6887647121240048 0.013548942526786378
-0.52714740069905 -0.9992269324591079 0.0060512023609415825
-0.1802736896097321 0.8944191491661959 -0.0008339357582099687
0.6503395120531688 0.2398639101045934 -0.004151243335934396
0.6139440461579624 0.794918088051946 0.010159224735941776
-0.01066998083005899 0.8892438473376538 -0.002501365878650851
-0.9582978777772471 -0.5834706162473255 0.017794059385983763
-0.7107229892760896 -0.3523881548084349 0.0005580260503335793
-0.8254355243490232 0.14532340169414293 -0.002803548107720236
0.3649172286762685 -0.6776353325336313 -0.010449104297067118
0.6716177256717453 0.37547230985881086 -0.019558842410095863
0.4404093079056557 -0.6924039945156062 -0.020822072619982798
0.3807037956752728 -0.2411240005920272 -0.01631950368505205
-0.4768365652065065 0.3532199835154617 0.005288330700971069
-0.333844926572451 -0.43561698724375164 0.006116116235402221
0.9628181957229747 0.8380046529966636 0.004520730155228589
-0.3400907095667285 -0.37266474986133113 0.012221898436137846
-0.7418244594420529 0.9117559782766913 -0.016551644120633095
0.4502550967675598 -0.5329779594609432 0.010167086717886416
-0.7940654425758424 0.6774855594467508 -0.004759316789669239
-0.2866405131427552 0.5403535336607512 -0.012754701286296403
0.29267191951503824 0.5505194950632883 -0.0032569870254436782
-0.7075514207013636 -0.5885214500293641 0.005843608442175081
-0.815307324991416 0.7589127741381723 -0.002453655361121282
0.0008006818082491041 -0.26487638416331394 -0.007673684658064466
-0.5802806098631521 0.4917791585878031 -0.0008920079699834742
-0.14613154703130427 -0.2710124517148851 -0.009601043464871499
0.46969043801965293 0.6513987981916174 -0.012177557880951822
-0.3196263490885738 -0.7930058340164958 -0.0012799109443757297
0.6628797941957738 -0.5658726097311384 -0.01351023485357517
-0.6116776296623565 0.16196887616950217 0.015154379929443119
0.11152692068511949 -0.5352417709937172 0.004226850603117002
0.8451629800285194 -0.009237776055291969 -0.00118190924121686
-0.7267127578701111 0.7158820079619357 -0.02460802298155165
-0.7314479015965529 -0.9215535350841937 0.006407381534436727
-0.7598036061183602 0.5803685052494991 -0.009936412050288375
-0.17754678291264603 0.9655731893739143 0.006959048840139779
0.2767206123335859 0.8326311533011548 -0.009082283417433001
0.80511161258611 0.6898104717939382 0.006927677646958554
-0.34471448614982103 0.3899345074973153 -0.0065988305007565065
0.7625865205183475 0.9062527483975491 -0.009894939101636009
0.6119760173198712 0.07773676959258213 -0.007560574982811096
-0.4854717957542636 -0.5856275073754282 0.003175841692957718
-0.5103257104206909 -0.9280828148011349 -0.0016075810514580644
-0.883192562953566 0.8759002311456829 -0.004878969685156125
0.773601838980553 0.27084181654245243 -0.005559376488604516
0.12226096507813988 0.6298185228233277 -0.019959444545466738
-0.19732501441152195 -0.7105854441371116 0.0034372842705926686
-0.536555817339988 -0.0011352422284733876 0.014189818108581538
-0.42998715070341476 0.07739589567575833 -0.009809075138038078
0.45877527583746125 0.7142514346426034 -0.011362687737378531
0.10430490549039906 -0.016501461917439064 -0.0011338837529497013
0.13796105276632198 -0.8434627097882477 -0.010142074521447466
-0.4801782098772318 0.5793303357798811 0.012848067219523807
0.19820461708117887 -0.1516313493430994 -0.004355415833181309
0.8795073822528681 -0.9004305598125395 -0.010478176491611806
-0.4490670073666645 -0.12321141787552436 -0.0019460440659616132
-0.8238280515332983 -0.44354648337292124 0.01223470936139156
-0.817369659993828 -0.5234707223462165 0.008887309682168205
0.05670618375913605 0.49040691039118034 0.022684876304537128
0.008180883253129378 0.782092069243985 0.01238537042925054
-0.7670159464002628 -0.29729026273911807 0.008050118856094734
0.6845066793612007 0.5306788326210434 0.012817204457578281
0.3627063824541159 0.30462887766830793 0.0217456027898802
-0.10615961999787249 -0.3631000391830299 -0.0023406492902200665
-0.44525413305125716 -0.04592927438354488 -0.002373211355084583
0.28893874143598475 0.6401042626566851 0.0065590645851427
-0.6395910396347404 0.6001623631814605 -0.006854395157593134
-0.8672894099232658 0.20045780860696083 -0.011026122614589288
-0.6136434220988758 -0.4516603259895269 -0.005046588658098435
-0.0729656766812401 -0.24819732478398104 -0.01823043345622246
0.7584488650668637 -0.19899921756836547 -0.000886390734126626
0.7635789142023726 0.7732858819555335 -0.0036751261158127187
-0.6813343040638347 0.677280436016972 -0.013488580597272653
-0.8476489341395896 -0.2899588754150064 0.011487270036126056
0.41938222666234615 0.1578350015447152 0.0009564138670822418
0.10832518183580642 0.7768575513189202 -0.0055988980805955334
-0.24763308455884148 0.6632521274696055 -0.00549976666496174
-0.19331489060123164 0.11818134305120354 -0.00815250493809306
-0.7497670656848372 -0.7049813800867806 -0.00021483694103767288
-0.7458122231301467 -0.4642119693887763 -0.010836820758225204
-0.07226619280736779 -0.7660552028587235 -0.005568658671225073
0.9737376119855425 -0.9927789683520827 0.0023948618087167133
-0.5172924550513989 0.22980189756306757 0.00406965237230887
0.31904825729456676 0.3222841329713879 -0.01249164668991809
0.41553506214079294 -0.9418416067644979 -0.002940315821641393
-0.6674321925914026 0.07538966529268287 -0.006041788425998465
0.7707753072721044 0.7775646172893635 0.0218357980793336
-0.8192577003705159 -0.17637055422247339 0.01513546486720293
-0.49042101208808897 0.044220863066513516 -0.0017623492911671829
0.48873329343018623 0.32755437685263855 0.008706772574086422
0.9304228532525629 -0.5866053873015391 -0.007400503897817895
0.2204557599893524 0.7347280030669137 0.0019302187734955385
-0.35606058303710864 0.866534965970452 0.0024094251994539635
0.7055355203051614 -0.32623862281137317 -0.017111357778731243
0.34524951020995087 -0.1885093604446848 0.0018251814395856296
0.18327667629097077 0.20274628447435217 -0.0073443729786472345
0.2155289121298931 -0.11632742673923424 -0.004783936677711749
-0.3664173640189936 -0.5780820768372079 -0.0013593346790484106
-0.6430112592211676 0.6483721502419739 0.011721544835507088
-0.2903121494735299 -0.3538953052457434 0.013350896924234404
0.8422401615644797 -0.7689363543452903 0.0001154078843670733
0.06831126704251567 -0.28343068123673865 -0.00014343522271672044
-0.6012821127375509 0.6572285934983149 -0.0008409190190380099
0.9274892926783143 -0.6589937146286349 -0.020071253502113136
-0.9703594113538332 0.07289719362733105 0.004600336638472032
-0.9454614452264338 -0.42368455192219034 0.0040461920612519225
-0.8450016983833613 0.8121509885749238 0.0008905975339628617
-0.0368039284881021 0.9537518422047679 -0.023051647816904514
0.9433135889723425 0.029348284699205474 -0.0034428405216888895
0.7966990920435397 0.16262464339891158 0.00421504030716744
0.8517871694112131 0.9441250009197513 0.008824515521634631
0.4842290695960081 -0.4261499331396277 -0.010485998463861144
0.4757883343199081 0.7986398845591498 0.01227612440096184
-0.07758115065714488 -0.10445587166489645 0.0061927945558065455
0.8485181586110802 -0.28450295105236867 -0.008823182883216256
-0.5387141176496546 -0.20275228384163602 -0.0031120135521081546
0.597847775555201 -0.8438003470004964 0.016202357985754347
-0.20453118140141435 -0.5856084136115416 0.00658780616473188
-0.39783145898274697 -0.7671170184443705 -0.011218693847114537
-0.49573771269703837 -0.3229434109919447 -0.0054922293818767945
0.803560333574213 0.43056698644032365 -0.007351198331410991
-0.6496247691155301 -0.8717924279141736 -0.00034438551863433156
0.8068254137610713 0.8372142330252981 0.011144874839493928
0.8198666349787906 0.821009700222169 -0.009207473385537039
-0.979139328656562 0.19341456565151072 0.005973758234605603
-0.960522559604317 0.4153505530703654 -0.0026663194403747058
0.20435934521722143 -0.3286904951410343 -3.366030684702445e-05
0.8366346068430088 -0.4885279213294793 0.004309332206583617
-0.875851095144855 -0.5780008535892753 0.00034435336026972187
0.8726041182556152 0.2502423947358934 -0.012694000652286716
0.4022409489182144 -0.2217356927028571 0.007956208278743094
-0.9620457679837378 -0.17234567532682865 0.007882611633222578
0.8745218258168599 -0.8457975466381653 -0.0005614705300859383
-0.9892039582453085 0.8809727489299701 0.0014924225758741593
0.044740180758285675 -0.19632909622033634 0.008233676121351272
-0.3160555291872946 -0.915367446032461 -0.0016883356153873802
-0.6440264764017645 0.10199113179263941 -0.0008260235991326961
-0.8138636847952041 -0.8934323630108951 0.0006979100341139985
-0.7046264110297702 -0.960826270900605 0.025254432142770167
-0.7592466505798356 -0.08062286706524358 -0.0023853974965452112
0.7300184530958911 -0.8770062091766406 -0.012319069073565206
0.7856588906450976 0.9726355472947941 -0.015435736975701591
-0.963416106666259 0.2453932725393746 0.003259877044567798
0.8250893015905867 0.5708325992549459 -0.0018590704736646394
0.6126839276036191 0.9772965491197065 0.010709777822023028
-0.5874896194114156 -0.6139982666179937 -0.0010297976028164789
0.6591865202195046 0.9186691577813315 -0.03273527757324989
0.07466660328148977 -0.8857559491708662 -0.00021944559059318967
0.9483917821826009 0.9022605526421066 0.01380433944502008
-0.6049324783008296 -0.9764643346036488 0.005562075021413817
0.37446193915765025 0.464076894151342 -0.0014327430245545283
0.3737604002743895 0.188373668604491 -0.0015734276409069456
0.855593063107069 -0.7274374801406882 -0.0041869599784862275
-0.4889839393720057 0.7011525559446263 -0.014811314903388724
-0.8706038777096106 -0.4162879886593549 -0.014152016601119439
-0.13497985605773244 0.5982291864350218 -0.005678197862017351
-0.03248213436401848 -0.007612009273048503 -0.0010493547305291102
0.9491496786488078 -0.9535731229045883 -0.0018247866423655155
-0.9284246607925972 0.863565793211817 -0.0050666216229124416
-0.7205958534403738 0.9620275254992434 0.010434434277839624
0.28513252270879885 -0.7466931681349078 -0.009885802890561712
0.002781883692451137 0.30584924404198355 -0.002209216704504802
0.42673959175962595 0.5252972157274056 -0.011577225744672511
-0.8395724600159715 -0.4430396833227477 -0.005778670691549066
-0.24878408238514926 0.054551987345680786 -0.012933770691944263
-0.15584997520958033 -0.45214905465971644 -0.003493916324250529
-0.8123707665585795 0.6448807638271681 -0.006338505963858234
0.512658156759209 0.30192817037857567 0.004848961618084462
-0.08349377790860646 0.28284328684622273 -0.0006763020056219003
-0.47962717796705956 0.5365349185519515 0.004778590546578934
-0.5543606151511751 -0.36621713453079097 -0.0036242975877382928
-0.5752403878251968 0.41355650966076074 0.011689939000199443
0.21583259447786984 -0.30721997837304005 -0.010788715583357337
-0.8315192687277806 0.0017610507377920914 0.006349097457126965
0.5754550706016577 -0.944632863536327 -0.013367550669762621
0.6407183551330471 0.07110029394423156 0.0011164637024314455
0.770288984810328 0.5799381379239921 -0.006078993786515684
-0.3487897915294478 0.3862522925706935 -0.006334323419816286
0.19498396503801407 0.1776864014954771 0.0009328773488589057
-0.5824420199054592 0.14958864290060725 -0.0064688431140246415
-0.5323176004103609 0.9794843605830752 0.00391540432420502
-0.5431239277803002 -0.8118103895827444 -0.008612169894132824
-0.06701436266352334 -0.026933098798588295 0.00474589262737481
0.8394947696463106 -0.19542847766685245 -0.002193411938611439
-0.7110962712156474 0.5284130140249323 0.01419040410268501
-0.5743543373242619 -0.08913327666647297 -0.026806406069205858
0.8430089601887383 0.5137185066048342 0.00390722399418995
0.7051414909920501 -0.013822155093367483 -0.006327196384399193
0.9448068865544985 0.5951002636064728 0.012937555895349402
-0.5721392918468289 0.6518518773601718 0.004881199512879596
0.6982894591096251 -0.36178750642363533 0.011223543401831588
0.23693602251192836 0.5071917968211259 0.017835285189911693
-0.9935411904229943 -0.7400198954858923 0.00359444695812391
0.2946790416745795 0.33955592630102593 -0.0063507441254333
-0.9301190803260475 -0.9611663166375108 0.004306928132844104
0.2977289901217426 -0.99397216404074 -0.015099804946038815
-0.451233273672466 -0.987589339864523 -0.0034417190881718147
-0.6242173616223814 0.47021306251933215 -0.010198679599652897
-0.1999795747072448 -0.6893434281394635 -0.009804606059754582
0.38565108912375456 -0.08472807699032558 -0.0034213434166788506
0.9754704332258406 0.10718994728912801 -0.01242772295772715
-0.45471363260002917 0.5646307364429912 0.003833240454620374
0.8057269133586362 0.4702763259007128 0.01780295535661337
0.43645683551468717 0.8485608359459667 -0.0069586059225020935
-0.34538076656300265 -0.998764525201695 0.007365157982707977
-0.08234698994198753 0.9289636546270776 0.010122576081212989
-0.2823161313405056 -0.9080452963333545 0.006359634207486205
0.1476341866372597 0.32479726925453645 -0.000727359061930972
-0.629998543931001 -0.8287946993406308 -0.002231024573475334
-0.43465781054982067 0.40018430482950795 0.00411998807093875
0.25360378756982604 -0.8405515440256697 0.013419700475558308
0.42665459918063675 0.679804145167632 -0.011305220967568079
0.8884345099083137 0.496309925762231 -0.0022168237706866154
-0.4405593442586486 0.39574751000586983 -0.016421536424999102
0.3637414937325929 -0.7412593630475335 0.008159575357774418
-0.5811048084521184 -0.17188363948191565 0.005529605962262172
0.260536872213301 0.6358933837758203 -0.008267412063883504
-0.3329564107250784 0.0319747292952719 -0.020251777144211194
-0.9707429090363793 -0.7260488911924565 -0.014068652040893614
0.47874841874226925 -0.4651280477033086 -0.009327974259239423
-0.20905365235591944 0.5693471124277529 -0.00014946216893013396
0.0687530999613204 0.8403783146550781 0.006814969808460659
-0.9871870243618175 0.26749751979151815 0.006551027839545788
-0.6005826913454415 -0.1396802669006314 0.004067979821220545
-0.9200195331452945 -0.6323695522873238 -0.010814782071002057
-0.596001072724657 -0.6604983375198523 -0.014576148337070247
0.9672342579986586 0.6627102070763309 -0.008388102420279677
-0.7894481059705651 -0.2642441057832636 -0.01833203741845535
-0.5935961031888715 -0.7620419811080821 -0.015204935559826625
0.30431111413813716 -0.13892543484643438 -0.0022020378124719886
0.06634606826318001 0.18800298596769638 -0.00843734567873842
-0.5075103439437365 0.03687068341929711 0.005260065065296094
0.219050664652781 0.3615293840428737 -0.006166714929337164
0.44413098166350795 -0.4498194315503101 -0.01533278997232333
-0.4764593412467193 0.8711827128901812 -0.005076177338507283
-0.6520667689191617 -0.6441816915051719 0.008816156912005978
-0.4449094402253728 0.024983999615102226 0.00490300643775829
0.04468730643685337 0.5971661132109136 -0.00525903579314287
0.23008865004245171 0.9023854490806884 -0.006530763432674004
-0.8701758520261731 -0.7213115034828566 -0.0163943405515479
-0.20242765579797117 0.18074788170879197 -0.009801707907567027
0.6933257228949852 -0.06568878213861606 0.00700022741486177
0.412716146519883 -0.19452941662263656 -0.0001545599206815078
-0.40855657233916065 0.8545552771038516 0.01982803895188573
0.8625288536644091 0.007221574948199416 -0.02252854042006886
0.23350215010944875 -0.7858524796593711 0.00875002599434149
-0.5711141253232577 0.13524411654656476 -0.001804294422226997
0.5207874419274803 0.8059841377328418 -0.01606903181638885
-0.9950294697479283 0.2740822041969846 0.010045119589245935
0.10205012433574923 -0.20628279132843752 -0.010123068712278256
0.5501659020211527 -0.9786462765308281 -0.010427977608990193
-0.5294083427597902 0.6705719092889526 -0.006025755413357921
0.5084522463254615 -0.4201018645440693 0.015402206112479345
-0.2706129282938503 0.8246061808213376 -0.019514394024752052
0.9897645069530348 -0.8557800886385718 0.013207348793541978
-0.8374082932557214 -0.9133670614627538 -0.007052461370290646
-0.42380928961906106 0.873162696269268 -0.01052626385713285
-0.1128818035955137 -0.38222271287156384 0.0028894461787113256
-0.9593182976327184 -0.13987298295900819 -0.011778739810013632
-0.8719091461805264 0.10242616717526598 -0.0048296513650541145
0.17738515091547624 -0.27986735683326436 -0.00016040723582006034
-0.6922521296814439 0.01901159691041676 -0.0035237383126633048
-0.689736625653564 -0.6494382194303387 0.004861336708522552
-0.7667788922406795 -0.17770824173571698 0.0011368893736317309
0.25104605454463735 -0.41762707273607313 -0.003852291706112852
0.3187526979397721 0.7295288166297167 -0.004850828975082541
0.27427492328380865 0.05845838001770076 0.0017686503966607729
0.2585282378809952 0.021716730242160587 0.013344526972227141
-0.846558795617135 -0.16149512790717213 0.013188319473224226
0.7553067400896458 -0.2922463801181743 -0.008346099899265262
-0.429734592471108 0.31175516559971084 -0.014533093863604086
-0.3295865315728974 0.25973480894119283 0.000537746648131483
0.6368652647564079 -0.8240480692716341 0.024156507013278875
0.3004735987467926 -0.225394827288377 0.013842465981854882
0.3874181239794505 0.047438532327474636 -0.009124608687680922
-0.19531917404476196 -0.29519392845882186 0.000514831012182415
-0.22612673135308614 0.628239621178478 0.007206035180576013
-0.7632105865428758 -0.49882972800092973 -0.012108263835432632
0.3983537724581132 -0.08083463523240475 0.01654385259128826
0.6460603412359012 0.6333720624551289 0.003840717882784202
0.9962516101022145 0.7122089154955604 -0.01674899566454732
0.7426331859255761 0.23360900533571716 -0.008984263449030895
-0.3164175400543474 -0.7254851577491901 -0.004762295866176753
-0.9731110362213884 0.08954229940040181 0.0031592093259285286
0.8126758985511171 -0.5802245016237564 0.012515894515587335
0.041669075046929516 -0.5025128463218436 -0.008503692571250618
0.170226681094926 0.2688853043939359 0.0027860560197374503
0.1840139887728065 -0.3056626934033668 -0.009887735825784396
-0.45790490829086217 0.19369704164100798 0.004768025274603062
-0.34480714656461164 0.980892627019645 -0.004645851231916925
-0.2632688302818711 0.20256733605709587 -0.0015186407875033873
0.542159705832286 -0.21134675102739764 0.006146263705820074
-0.7704366072147093 0.2103596759336117 0.006306211390264391
0.7689245035082624 0.20412713428737517 -0.008579462004662355
0.7101398962288066 0.25016322182767947 -0.0054590684281156
0.48995293901228165 0.2799477716041616 0.0008808076456636703
-0.5560043586503027 -0.19662048542400234 -0.002834092517284997
0.7476311484093672 -0.7943809191939588 0.008353128469877744
0.5671298932081217 -0.18297468752677482 0.008463735244216529
0.9053789987754113 0.5499945773896404 0.0014899477047969395
-0.8816036695321072 0.8123695584608668 0.017075121989230457
0.11923736134152785 0.9426127289091895 0.003735783403322272
-0.014058728350101912 0.20891430048431392 -0.0026081124375868753
-0.47431204418582085 0.9236402276447704 -0.020141900215026126
-0.08203319764857508 -0.10861152559847298 0.020191738373663365
-0.440065207399605 -0.6781191322178022 2.8456263208614307e-05
-0.637979365322568 0.07001789323097363 0.004380840303517083
0.31322277104140617 0.7986072964577486 0.0032307790722687574
0.1446449881241021 0.3067651396750022 -0.016309466526850426
0.03389410373709567 -0.4220019316096246 -0.0001007911024212106
0.8085265006083004 0.7584730644352169 -0.004860655579787072
0.5317825446286686 0.9707771716446156 0.016026834524764635
-0.34844907081162124 0.6160720397254686 0.0063936915829011665
-0.9032389651509254 0.8563427993510955 0.004053624620898306
0.4101590842379834 -0.08359924536823327 0.004524001217233789
0.6969975910580575 0.6490409309136349 0.004430472585298446
-0.42088230207151933 0.25191622185725504 -0.002628450895696839
0.6725882936899521 0.21033117911653232 0.004474420398945017
-0.8511723521122181 0.6154023385852385 -0.00951434688327864
0.07598002644502233 0.3480019792780906 0.0003286528901550885
0.014026349204173227 0.9556828549689813 -0.01825701515169105
0.23480630128423519 0.7129009875711596 0.003998670525166733
-0.4168614029800315 0.6343422815957069 0.015715078677606763
-0.32888887767643027 -0.38769037220016855 -0.007540504917960775
0.16684509274099035 -0.3497277819953273 0.0015943082470892959
0.5866924790381438 -0.11194900424228127 0.0014669536253494237
0.27445694320847625 0.7316744731353726 0.0022913663418815886
-0.41309312049541447 0.02954565643391005 -0.0012057331453871295
-0.08745125603207948 0.6961701811303849 0.017304767723817657
-0.7655131526345218 0.29288790942563936 -0.006905919088496116
-0.42229002089414314 -0.5737992803823975 4.5946779634997274e-06
0.19753731594450552 -0.830057373812285 -0.014406569397061855
0.4876605206459037 0.7019763468552835 0.005025151593984557
-0.1556566588876478 0.14257282398365168 -0.017510792174020212
-0.09832185361499901 0.7792702901184865 0.004179311464264458
-0.8327083114164067 -0.23833460803408046 -0.007474669110027313
0.3471721986454588 -0.810479539623981 0.012342322855072156
-0.823097676783128 -0.6596686516875101 -0.007546887772371792
-0.3866855425435065 0.2861206649188719 0.007932068974877408
-0.10632556495275947 0.9284621581276082 0.0077087699421899795
-0.1811354241830896 -0.6325789206276489 -0.006807977698569733
0.8588488364108717 -0.13494305028549758 -0.006265927239636534
-0.765376264710784 0.45560920609348443 -0.00818587584984773
0.6337364317472054 0.6597550470667772 0.009935573119512825
-0.6142021042314147 -0.7502285955829993 0.013240764031132507
-0.9303520495546915 0.8383096378201134 0.0035263035238130513
0.620281565346732 0.1806056804898295 -0.01843576759720876
-0.7818390906615738 -0.5981040868647758 -0.0074312147672209354
-0.5003926610769189 0.5098580092948781 -0.010495255365932894
-0.46302778987051285 -0.642593583947318 -0.02138569221128318
0.6586441470021274 0.540222277071055 0.01018083916801353
-0.6613752158530242 0.9141323427342227 0.012049773834844527
-0.9849342717834271 -0.8723905972650738 -0.009134863747308911
0.006428400938115475 -0.9367700147989202 -0.018919307785653493
-0.3151719550150891 0.8829827418154481 0.00900084232304994
-0.6680970582394172 0.6495734363581194 -0.003155100455670043
-0.7085614994904841 0.6312575227364883 0.0066325925775179775
0.3497004315643446 0.2597980077548574 -0.017544750555878973
-0.051417790205423364 0.6407138107921364 -0.014901036524278707
0.24014973714684928 -0.04601594625383276 -0.00010576756303204341
-0.18603295573724266 0.1294530158416114 -0.0033807561099627897
0.874995618474252 0.7145390166743923 -0.014695123848066207
0.8929736900093885 0.8081447152158214 -0.003404897171022359
-0.5756066088960883 0.8749355007360788 0.005815492211087533
-0.18145261231899235 0.15375863649756405 0.0018376821560046439
0.924243013749938 0.8160954611691087 -0.004997950258696181
-0.41519289151874617 0.22222480184880644 0.0007191499757378073
0.28737819378212226 0.4260779966242987 -0.007342959982444425
-0.39838591549842817 -0.007946846136908547 0.008703968214734124
0.08345998535277155 -0.7090873944866116 -0.0035520712603309417
0.7477086920489753 -0.328795129028985 0.004072476011872402
0.9032470566717594 0.6647534186582071 -0.012228855237199826
0.61674713329118 -0.04104024963492359 -0.008277410248513892
0.4559870300758462 -0.9072650940770983 -0.002626529218293197
-0.3217897109490695 -0.6470539470245986 -0.001835023213424299
-0.8143846512353028 0.060378209012474704 0.01351701482065839
0.05345673770357484 0.3204417360325724 -0.016973684108229744
-0.8128739792146553 0.8506203762630351 0.0023846351818592533
0.9561709763830717 0.9246175969355699 0.018279115784580188
-0.525355060755653 0.6969496154982746 -0.0028294544519918956
-0.6443616476407295 -0.8191886462563744 0.017873211987929936
0.9581543031259752 0.806507941033314 0.0054790315920176845
0.5621445688561868 0.7474750343929664 0.024237573249598347
0.6392906152546349 0.5185258882690775 -0.00522993231968533
-0.1999073827380775 -0.9748671587710278 -1.3985851559601155e-05
-0.21422672338683246 -0.5635332820577283 -0.013127420843697106
0.9014216983182031 -0.6192561067241653 -0.009879507863407489
0.824269747401225 0.9686146069542307 -0.006851095275395308
-0.7483642719634485 0.7874036803339235 0.0038188718324194556
-0.9451757620375794 0.7016400045358171 0.0007212083228885052
-0.14413154496676217 -0.4949241642754554 0.0005346847429456914
0.2580523947239728 0.5453945676155325 -0.018481485153589907
-0.7242785823403322 0.5267677021905648 -0.007588777316711021
-0.062125687771312554 0.05278528093040502 0.009541627245689714
0.2818363653980045 0.4269387498166577 -0.005864129172234406
0.9930977266979877 0.9979589645559939 0.0019370953191734778
-0.22425404356529777 -0.3338119588380377 -0.006681616675296816
-0.981134671442111 -0.03620731939345445 0.0003697025402195399
0.8086944848809421 -0.14745452799352043 0.002830828745730755
0.6118908917927943 -0.9287591194284635 0.01786716922836613
0.8910697936718714 -0.24842466307267697 0.019644896331548818
0.25535977065776505 -0.10970820624536204 0.01397142283628533
0.3512987759407309 -0.7566636609736472 -0.013358690306314355
-0.42743198710000563 0.8855879819720327 0.0035635166100039016
0.8229755349625545 0.08644925131095205 0.00736891059918997
0.0015192957989644817 -0.6829067930355435 -0.01526680922132746
0.4824034565939972 -0.4585645928812567 0.00221797614692711
-0.9398413514138815 0.7653067070088306 -0.007298586764994213
0.43444291895898957 -0.563197986459621 0.01722366847517841
-0.8968075002826741 0.8941514237984798 -0.006820687762030825
0.39453046621768895 -0.6652879419721245 -0.0031361262477171575
-0.15649162936266925 0.2831981358172877 -0.010649496265123846
-0.6525185907137536 0.8087657906270556 -0.008947636761357115
0.38489685527582496 -0.8621643202109242 0.014845562517378343
-0.6441710163158489 -0.18271707298189654 -0.0016396895037716459
0.37895338584406457 -0.7523954376247233 0.008190597092917739
-0.45372288427966456 0.9297974703460166 -0.004598943367927471
-0.18528437785551155 0.6355807677665419 0.009053646513891662
0.528360346251153 -0.725925109844507 0.001411323091640027
-0.431555405507124 0.9981334264410617 -0.019302802490593497
0.9813963370582681 -0.20317631490659283 -0.007431070624091894
0.7258147945258879 0.6579409399295981 0.0005977834157400939
0.36930424339507795 0.4791693688947565 -0.007715543985946589
-0.13088350655295544 0.8276578384863793 -0.004543903671140618
0.5400802816683199 -0.8494963063573455 -0.007441477227713567
-0.5855456184330994 -0.12858367699774886 0.007920902616801465
-0.8028613243433034 0.3781071895036616 -0.01003147409726817
-0.7573741866044499 -0.127945384651994 0.007004302429200788
0.2940197388378718 0.7481775687221448 0.013458982265626838
0.3524747697243549 0.5182978450767124 -0.001290218595036482
0.09000484280925147 0.11079394723942149 0.008943375917459617
-0.4305824959771376 -0.7906020395820348 -0.0024458091369746874
0.5932905749355164 0.8516436167385231 -0.00045924488263918915
0.843080237564449 0.5753022899505718 -0.01828023366339275
0.9474852018496536 0.7660887924680453 0.0018426297580673046
0.7932954570373223 0.4555615034277649 -0.005585765930696422
-0.5950018426114763 -0.7214863762072645 0.0007551425517507765
0.7550900240603229 -0.24520680476853784 -0.001146010793013349
0.38858649774024756 0.5717720511047146 -0.020000501944341935
-0.9300145059690352 -0.041351039712436144 0.007978972445875938
-0.2992964497183883 0.7305872181002881 -0.0035461477636289313
0.38252494820429694 -0.8944141581356935 -0.0015214674467016738
-0.7143127049509468 0.9110097994412689 -0.005443984962137252
-0.1826455312688382 -0.47274283657969973 0.005190205138582847
-0.5375200587216054 -0.4697279866589317 -0.007422538151390375
-0.8826743429362107 -0.991499243406095 -0.013578534301445361
-0.07543589838673115 0.0856557190519962 -0.0012434761261477885
-0.1037676761726154 0.08428078409448103 0.010924178461783538
0.34414313913314576 -0.24008759263733026 -0.006335960512591196
0.9505216244614836 -0.8945165586108426 0.0015646377251273132
0.32259086631931555 0.7973282828619808 0.004566704505723364
0.5672559917712603 0.9081789187691429 -0.006964772169476764
-0.7967238816583411 0.3204140410837557 -0.016970743415185417
0.3231812590391192 -0.460870759052159 -0.01647622348353279
-0.9916537706151776 0.2755713379960034 0.014290735773845983
0.8229550317236247 0.6422668211635361 0.010481650513419464
0.8866411274994497 0.5671780660225205 0.018856141620222002
-0.3368451777111141 -0.890751304222337 -0.019521703173362628
-0.0035248276296884207 -0.05251862399256124 0.009201285434196743
0.0458160867905677 -0.21558426121482333 -0.01601919548902012
-0.8130802263823103 0.9104677326171104 -0.004171792627158596
-0.8855261950360533 0.3743682152904455 0.013272579471564199
0.8843273883891638 -0.7309842041815631 -0.008293472376101833
0.8317024086121108 -0.702567162434985 -0.003934858268138091
0.97790824645694 -0.39467704237590717 -0.008738563148227817
0.5718035731671742 0.27740852480282174 0.004899681681068868
0.8960778611394524 0.9298883335226771 0.00031645092514025067
-0.6759940000922686 -0.6173759573028685 0.001137191864315631
0.7151945877889734 -0.4506778697162306 0.011064271603656013
-0.3427175838325418 -0.6778777762827828 -0.01604884071432024
0.4145514224261766 0.05884137787322352 -0.006688659169125733
-0.4903686939979075 -0.2766297036224681 -0.004050014223996961
-0.4097060398007841 -0.3792339666017457 -0.00957116116392616
-0.9639776233730284 -0.9572354783511294 -0.012516507477537686
0.9982836581072718 0.28039293139264676 0.003870206110274919
0.7807490311593239 0.2789015073876151 -0.004920499804779301
-0.2947538573280575 -0.7628402408178963 0.01617062259007051
0.973206047106772 0.6097888034611898 -0.009780659660851123
0.9421921536854221 0.24302525985868972 -0.005748183875206583
-0.42857854989195765 -0.21985912147966036 0.015284680179069903
-0.9332065239730936 0.4723660553996234 -0.008899902921970631
0.09467023758250415 -0.8279406705939918 0.00543670462868078
0.7329490061931838 0.2970647405628457 -0.012050620767524105
0.5897183024267678 -0.09264901282782367 0.013509249497566947
-0.8987486308682768 0.4272982427924572 0.012584433724744137
0.33601385604313116 0.8144136793136982 -0.003591596305934264
0.6359952240145741 -0.5954390849064068 -0.012952255918975706
-0.24861741734582044 -0.4670896705397911 -0.0052186220925440245
0.09863789348822061 -0.21737440559341414 -0.011912081336643773
-0.03432599604007658 -0.7356163821193307 -0.009544933995840362
-0.2545298706880226 -0.3678866374329284 -5.206104168878865e-05
-0.6401477780202358 -0.8080606209867385 -0.00757781211106233
-0.05419808950203553 -0.9616082122738911 0.008862875553789897
-0.7128859685650022 0.563459137799798 0.0024390226775805935
-0.24924222911400218 0.7410268228954555 -0.0060671043053895195
0.154660115879115 0.6168514538886465 0.002822332304936828
-0.590241424134049 -0.594687823948503 0.01708411761175968
0.03560000485412207 -0.7151865614025652 0.003901923821649458
0.6580155096059659 0.6393162453406509 0.00430238344761699
0.22418504974282816 0.19045325249824097 0.0009519335665841551
-0.21038960027632414 -0.5304092177523099 -0.01213613885260971
-0.8032138735716068 0.43946142947046196 0.004522964968808252
-0.07798372129238107 -0.8465176554623912 -0.0010024476820407863
-0.37141968876065845 0.775155383520445 0.008610038107670175
0.15898096725137112 -0.01840436435462145 0.00154515594044464
0.4924241111441403 0.6829106506564304 -0.012155052211120471
0.3338070649474283 0.6930171343984517 -0.007982915555580752
-0.987274414673279 0.8273033300967887 -0.017913983638484367
-0.8395559192480406 -0.9096887653961041 -0.006605215679662111
-0.9601339550551673 0.17961451931970163 0.004472483030561073
0.09687678847395298 0.5307923771053824 -0.006030943227742637
0.6074451202465851 -0.5523006732215843 -0.0007682915177687063
-0.8187813363777114 -0.4996722786256875 0.012997501216458308
0.23908875524701223 0.04752357754436387 -0.01073473195629012
-0.4667273651956174 0.8803974692638186 -0.006673399764658091
0.299036445792094 -0.4442882575914391 -0.010271762247805708
0.025345458368363882 0.3900431959229942 0.01665264698991027
0.8308151575996499 -0.03639371839488681 -0.0010756672445163037
-0.24368482509518818 -0.8906139998599061 0.007720868038438679
0.6087511172908115 -0.13044525864659962 -0.011540508373032828
-0.677242913033457 -0.7633726501183731 0.00756925073775478
0.35411203749301623 0.7236256672311134 -0.012935953115371563
0.6408589390419936 0.28320249785427776 0.013866723711107988
-0.8722989417114466 -0.588668700660141 -0.0053803883985445175
0.2220193040741696 0.5383169995338033 -0.006748677668280915
-0.35042558576619354 -0.9814755661225869 -0.006070090338195226
0.6313683254354365 -0.5219826578921836 0.010969147366438737
-0.5288169052331602 -0.17417024728235164 -0.002449868374436361
-0.49187430473343263 0.2687213454134707 0.0024925856159308947
0.8472979079954326 -0.8349039965546543 0.0006754220744109218
0.9572363431887585 0.7231750878000895 -0.008839676747487585
0.9942803336054888 -0.369430094088427 -0.009144641610909165
0.13917025885712708 0.9186891589528758 -0.009058592299992414
-0.15849250959530026 0.09929818396637446 0.0018714656291541438
0.5101902470202948 0.3240276141980494 -0.013789328617241896
-0.35794111870149914 -0.5380073875040112 0.0017338131004403002
0.48076918790757706 -0.8864603395979926 0.0001478832609385194
0.11463350904935554 0.7113299717226198 -0.0056973799887384755
0.7204407263574293 0.1252119613033007 -0.0028537258117586513
0.2216843631210117 -0.9236058917063921 -0.0031890494143717724
-0.40274153124467627 -0.31801215304273 -0.005785037980420954
-0.32054135873091094 0.1892219284768777 -0.007236923401655343
0.5802002647388245 0.7189817217660801 0.007803423863180986
-0.8071475171631359 -0.9039353303171624 -0.020199200641972528
0.7901630417968366 0.8435148106964017 -0.00402623981009191
-0.60958539203087 0.020934939833546995 0.0024948815483041707
-0.12106525062269524 0.07873910164190967 -0.00343789646695153
-0.7319977954865222 -0.7594589446469078 -0.012633369149151905
0.5820263887509585 0.97334990913633 -0.0037405457261672583
-0.48660277560408627 0.8383327989992946 -0.0021606068966272254
-0.5025155463262077 0.4095706388461846 0.013885886629055686
-0.7010028177305763 -0.9664264686835302 -0.007463399571974868
-0.8774773049570441 -0.006180934446644137 0.007668064412459137
0.41958030477498176 -0.8167032295464238 0.006867345120829986
0.4462131180973923 0.9284001200192782 0.00688800806878108
0.20695895292657607 0.16638260872564703 -0.0028544489356514525
-0.9130420654727891 0.5498708364011085 -0.012773869376584946
0.9748792352945748 -0.35668495022851787 -0.003365989826090444
-0.804318698029509 -0.24423059847649253 0.024766346985346407
0.9279914768698962 0.8401735237290482 0.012288713649427928
-0.8990097977214677 -0.8400095170355322 0.014173441439537443
-0.07680127747896548 -0.23059403466583106 -0.008352434117379865
-0.6614090286942786 0.8452369247307709 0.029475919734746354
0.5073474048128086 0.552264326696569 0.004982567920919617
-0.49003138104372135 0.15669102877159968 -0.002604060795646139
-0.09173935638432384 0.24854225146846343 0.0018050324550669594
0.5337662832382057 0.6653040934003822 0.01744314686748707
0.49005765352961106 0.48476912690334206 -0.02148968040368812
-0.12664953858897388 0.3178061444596496 -0.00216474118362124
0.1298783321647965 -0.6182236926100175 -0.012455500780168483
0.7974435981875625 -0.9868309014455297 0.0077283000243070655
0.13319822865355269 0.04565154442513486 0.001998917649564248
0.9531754702431958 -0.23434720380384033 -0.017329297985327865
0.6997526399110836 0.2337393471555571 0.008255656849838224
-0.25151754488050004 -0.9825174530729541 -0.01181967527568081
0.04701630773876464 -0.5915504816851611 -0.0154914292816956
0.10135646867532833 0.9482743680604333 0.014365060165518707
-0.7983606579675915 -0.06700270796351893 0.009268936726302269
0.8832002754916572 0.266237726568336 0.003979443735719795
-0.3473714763879314 -0.7042414920328983 -0.014171002470379862
0.5269641834061827 -0.07823487130881834 -0.005549343994725892
-0.16381874006268116 -0.03680917404974959 -0.0037269885887434686
0.1948899896505829 -0.6866876732623963 0.008512783627931633
0.7325382473551474 0.8350108243377605 -0.014963119570867213
-0.30498474790184993 -0.9888315945842747 -0.00382605696129632
0.048380119265221344 -0.6436327138798454 0.014785787545744906
-0.501972543701801 0.8368902053259928 -0.0009141753760892477
0.7880379740794694 0.45396793244936884 -0.008429303848757744
-0.22052399835561887 0.10343402153802628 -0.005179199710609718
-0.5126117205859384 -0.7660587099391376 -0.013436069915428075
-0.7179085422722697 -0.2520708446645208 0.005092227460599447
0.21032989456662476 0.6637907248765096 0.017796416963207537
0.9617719789368959 -0.542819847780875 0.003336763851041733
0.05367916450428978 -0.13830958865545795 -0.010524643937095558
-0.6816158205005167 -0.8031516555811733 -0.006915232129614059
-0.6952567665058706 -0.16094029893496553 -0.003686216054146539
-0.8467302156313159 0.43100371872489407 -0.00012703353041576088
0.8322105159596007 0.952640156253989 -0.0061259073716994515
-0.7165228377268842 0.6878339052262616 0.004926591224745834
0.8573117786423323 -0.9014225718506552 -0.006745948629266655
0.7871356683860427 -0.2343588173951261 -0.014536290051838778
0.8492180844413155 -0.44571448002511027 0.0033226915002531354
0.31443144142841506 0.19321575239844346 0.016849142441430442
0.16925285419733038 -0.8419925234913279 0.003803868281177912
0.33361494600945396 -0.6005335923343877 -0.011044578714443023
-0.9161958108850938 0.2942753765613684 -0.00041227861745824726
-0.2791110130571428 -0.24749472367382208 -0.016596178760861776
-0.4254449711852464 -0.3729422861655345 -0.0007273928863871063
0.9485370185369104 -0.47922916820129724 0.011068636977421345
0.984193000697964 -0.29372897706477374 -0.0004886523508529144
-0.6392874361049932 -0.09003782239703084 0.0004637766482863606
0.32526357804631756 0.7482269996528699 -0.00942525988122637
-0.48311610719056075 0.9928515518830925 0.006746841712134537
-0.08666153462321224 -0.8189252121167525 0.004547144822033014
0.13784323211124638 -0.7746771185200965 0.005238281869295852
0.31909044964265765 -0.726741799804909 -0.008410340600610848
0.542683293518939 0.5939965359851824 -0.005755753578280925
-0.6690328933242391 -0.6545744833178708 -0.00748239542969121
-0.4333194760426162 0.4346842138808775 -0.003889982890924427
0.4709969842288717 0.7300830597122498 0.009024702812458657
0.15481589295314202 0.6641997056978752 -0.003337886686272109
0.7445138467262726 -0.6763141175344691 -0.014269710992987978
-0.6683750005213411 0.8913002073315097 -0.003684916830489533
-0.2835797715717776 0.8486767935726389 0.0064230923593786085
0.7099704475323776 0.311093555648706 0.005396565313030993
0.12622479705507117 -0.6904234774251683 -0.010992696699077074
-0.4418630239569701 -0.3909970691331688 -0.013454702582559541
-0.0922593226359707 -0.5442765890359402 -0.0034990514530547473
-0.12696075086479408 0.13702739115830442 0.004467525833458868
-0.6467946111074583 -0.17628932923842688 -0.007717436976330542
0.045967103671456844 0.05500352214427928 0.006355065143248062
-0.9148591147641181 -0.41123906876620464 0.004028991749780234
0.3388238366774141 0.40329213580990175 0.01207268446283684
-0.1617243733806455 -0.10016607388039422 0.004155927293998861
-0.006801983707410475 0.032581778050084775 0.010044372353061522
-0.12371275816149252 -0.31399196117809147 0.0029817828213914988
0.8466948690926606 0.5735498356003665 -0.00791552559791876
0.4167724362796037 -0.29228029967465097 -0.0007097030434009134
0.310986495496296 -0.26793259113482715 -0.009525625527943034
-0.04465421702633021 -0.4520948454572602 -0.010499092412113773
-0.006602777841730578 -0.17254522121134386 0.0005128137973300958
0.7750909652709614 -0.7559779021856634 -0.010534910254553198
-0.03495255232813066 0.8109650150630876 0.01193935063489529
-0.8179253967409605 0.31156948473466395 0.0033698994896699886
-0.6271304678189451 0.9519126994031648 -0.0013017030525069011
0.9321685020072963 0.4987794619448711 0.02175373970023629
0.23999370234899686 -0.6909644816610812 -0.023381321025449237
-0.036113091439517575 -0.282864332177164 0.0081656216747483
0.6237470386399635 0.09326605053327697 0.012070084838267586
-0.7215656595836124 -0.11924755501458373 0.015564533394951053
0.3870674897341724 -0.5934894888977451 -0.004224216816740394
0.5080834542218662 0.8827144045715285 -0.004060170850726821
0.19554422855776732 0.5098271063841979 -0.020993757996001686
0.7531508586357893 -0.45464594991136775 -0.02394186615461415
-0.3778480229025496 0.10788555953594581 0.013831069505513209
0.18944845843091618 -0.12166353074554515 -0.0025182976030016986
-0.15617827583257293 0.6782464308181102 0.012367093733695256
-0.33277201995501327 -0.3735813601591762 0.01748937396283912
0.8710033170080143 -0.34806164721173416 0.009890094745924593
0.9514671411867424 -0.9425825826987735 0.011170266059661801
-0.28237193825343665 -0.581664382677819 0.007754063773137883
0.3250638960142327 -0.9686056951905406 -0.0004977144599913079
0.8641278193144981 0.04142497190852423 -0.008280263969233443
0.21771228407399978 -0.8944787970387686 0.000769955736269931
-0.2881146753578432 -0.8068089308892261 -0.0163552395413808
-0.3988852932997604 -0.3941701569392615 -0.018297605651536743
0.32238738382305554 0.1281191898335987 0.009788259111544344
0.7985650750250215 0.8921719586959957 -0.0014660587058002187
-0.058358971962615414 0.12239412701213248 -0.017594090533067687
-0.09812980884384959 0.2030414293291325 -0.00678505336349378
0.02073824215049558 0.6402467458669248 -0.011334114078095139
0.028641257595013236 0.5395241399697039 0.012611433234755201
0.0831914007392236 -0.6313711202902916 -0.006736534983479212
-0.28003780838824066 -0.9927883571967395 -0.0015447519402342557
-0.9202403911714494 0.2397134614628711 -0.021808698535668962
-0.5188807388687278 0.4825700129946111 0.019301034291462994
0.6960193309944092 0.9528394166586516 0.013688794540537721
-0.8641403840017423 0.6495961201482745 0.0030308846370514825
0.08944786502547752 0.0872708141350389 0.011501205480340622
0.21290179241405194 0.49243951188380164 0.023284048595433596
-0.8148145082850875 -0.20671399518172184 0.019422712082767465
-0.5974510254856249 0.9294475096644983 0.008373521536348235
-0.19452958752965932 -0.595344395628775 0.0006172480378635886
-0.5151921526793144 -0.03372291313201159 -0.02242427771601073
0.912068612705663 0.06295091964842858 0.007696268079637816
0.6733710531750636 -0.26541233716246415 -0.022552035864112387
-0.5203570924841956 -0.7223098857280579 0.004845245089818253
-0.9738587950366122 -0.08613711689346726 -0.016316451652667395
0.818187723997309 0.767954841902756 0.006998128944942547
-0.6635882702519018 -0.5135661694676164 -9.677725826852412e-05
-0.874747770835731 -0.9851750981214671 -0.014394870260815405
0.7330387217105401 -0.5575272415823076 -0.012659602811804463
0.43341779025424354 -0.34570348177120236 0.002797393505265331
0.03648866435871634 -0.33419946904314624 0.017644831693202866
-0.7509495316112493 -0.21309273316532296 -0.006777102099687078
0.5969456518518867 0.2888622074134781 0.011082893500383845
-0.38007641289577676 -0.5117604242528944 -0.003958086577640202
0.25684281223742333 0.9543079151781428 0.007590599708916611
0.6155033951918001 0.7522330307937561 -0.015919172020134317
-0.587368047317099 -0.34027473289446797 -0.008249327138424198
0.1905012153115193 -0.6841244727040747 -0.0027132879756022648
0.5235766450516159 0.4109709592958777 -0.013844508454698127
0.021516657791753824 -0.7990103620669615 -0.00936032102746391
-0.12906442418688435 -0.9210286237592391 0.001663880720613715
0.9271782616445177 -0.9432391800361593 -0.010388114163277633
0.3787271416780722 0.5706197585337154 -0.007733444632878731
0.06529759189612183 -0.5848857312262439 0.013343989541403286
0.3209583769767741 0.5634649948424035 0.00010842249084852315
-0.7824419437277454 -0.48908757566538696 0.005389944262861978
-0.3315447407661596 -0.15072364889876155 0.003117924321339491
0.043883913302962485 0.691781665353393 0.010820839391446322
0.506242152214615 0.8352726417850398 0.016650483738722584
0.7086659940600519 0.38455319026068935 -0.012328636294732676
0.9786842172562977 -0.7742417473025962 -0.014672814739474946
-0.2718999422976205 0.1302568321469908 -0.0017831852416803277
-0.7531898442887597 0.9263934476758118 -0.01824843496722433
0.8188617723390257 0.38701494482709564 0.003044612577534655
0.9134011416571306 0.39117947539668996 -0.01756838183478284
-0.7530199222271869 0.0847749032691667 -0.005133297058354224
-0.6571425419874042 -0.040172216314279474 -0.0049096558797691375
-0.9687462710434296 -0.187116743957763 -0.011627130347719459
-0.023060181012055647 -0.8481550411743555 0.0010221672132690613
0.08429720367039084 -0.737361281350104 -0.004266894987651394
0.8629630084290489 0.37163536541219244 0.001071357215128344
-0.04313392038851194 0.01080890596096884 -0.00023739231733075725
-0.6685669125149658 -0.758394036788367 -0.004218173842311028
0.5289883966624283 0.43021489971800553 0.0021908128248603323
-0.39197375045951 -0.4567746707762601 -0.004167330473568305
-0.18703941031322047 0.17771480352131097 -0.023910913244716062
0.164835148999239 0.9214839197534996 -0.012602290448639067
0.3218147044824382 0.05210604413699493 0.0020876981259603244
0.18861857150623806 -0.04110900321329369 0.007254363994368712
0.226065919781818 0.043477074242931124 -0.003380278178461104
-0.8473851031839992 -0.20798559858202692 0.0034536892115973983
0.742232660251047 -0.8047994553834781 -0.009993926710144232
-0.851153354637814 -0.35543930183824335 0.012288360486687775
0.5307619968607948 -0.18891787138903804 0.0038851299701859418
-0.6032287073907652 0.21601602588062185 0.0007420580746948125
0.7143717845532351 -0.4735917202012643 0.009205802417247685
0.653893713531039 -0.36006774426937893 -0.006331477489094628
0.7855291117005934 0.8325655965423129 -0.007224832532614404
0.34727301114149056 -0.9657334722390469 0.0019154272270669637
-0.7008974147252338 -0.17219070195850783 0.005831996532309749
-0.45447869642316374 0.5916728038472279 0.012132353755712923
-0.9757670546978765 -0.3039656468256413 0.0004112844371936511
-0.5976110917905868 -0.25970487246442353 0.005259823656272724
0.9066714583577651 0.8629539340780024 -0.0009449682041210993
0.23966323328751526 -0.5508603805427483 -0.010866776958403379
-0.8548092139878352 0.8566416511511583 0.008889292706868716
-0.2207300471714464 -0.3374858152999487 0.018306108083034844
-0.15097584133892017 -0.4972265634683539 0.0032977899113824666
-0.501676282743035 0.7989379050876297 0.0018997844529519512
0.20008582823352716 -0.24395976160798472 0.0038528645578614898
0.16114362615855682 -0.9413011779104072 0.00276704964559862
0.27929783068948977 -0.37617117100656605 -0.012220255063174357
0.6340219325275271 0.5501319285976485 0.0021241144830200062
0.389924034491701 0.8406269027952677 0.01237756754117724
0.3241112565268014 0.9816598774664185 0.016376873132404744
0.800283245672893 -0.02349036319450981 0.0015832250971085768
0.77583779672172 0.43429284369055 0.006898477265385341
0.9236749766178121 0.8435888190017835 -0.0033198550613724384
-0.5958013082929297 0.4389523261504329 -0.004944508389207325
0.9924244496102366 -0.4368493110827727 0.0003523615288368456
0.6506897544960826 0.10929232209091122 0.0035605642943586937
0.04855756748676643 0.5674880447611923 -0.00708672958672712
-0.3487354697849774 0.5804708325953143 -0.00029081731986767897
0.7482643896909442 0.8685865708770888 0.02614907100999721
-0.2706645885625134 0.41606911028404503 0.011491446105452208
0.32758323454679816 -0.771729771974369 -0.003966443320812324
0.39380986307884513 0.19099949696807372 -0.013933004395499079
0.04794645426003896 -0.112053329312507 0.006351446296325066
-0.011327717190654285 -0.9369351405578248 -0.010637329714326698
-0.5302844678909366 -0.8796140349230375 0.006292911390463014
-0.6494218214240313 -0.6454583453351077 -0.014337006456128657
0.9465698673329428 -0.7917152470717601 0.002869774135264446
-0.6975714849035894 0.3565107117372033 0.001326606530267646
-0.549284047639014 -0.2959070411358249 0.004286495970733541
0.5748374261705471 0.0830632761476211 0.021602569352210943
0.28279526945366573 0.7316959723853642 0.009240692861856942
0.5381115485146952 -0.40382088883167344 0.008785263194805838
0.8228138458265011 0.7545964827383396 -0.013657682768151642
-0.9132608677309075 0.6505604600387704 0.003908706105713912
0.6038004799946235 -0.03500851845047137 -0.0006594783434977709
0.8801503332864986 0.38097261911061286 0.004308573006658087
-0.22206346796266763 0.9507399863575325 0.00203895112766019
-0.17427552618520092 0.032490157458577196 -0.01401362025586974
0.7688135847541469 0.7242176683017847 -0.002693493286792071
-0.19956886007550234 0.5540335808634931 -0.0024272614185088747
-0.41457250717671634 -0.458266836768789 -0.011005923179712714
0.8960999556901759 0.1734174126386283 -0.002364096720964587
0.230169735729856 0.8687428919000773 -0.020960533544179306
-0.0703387031779441 0.42519894351302323 0.003317112160215606
-0.5481025956219514 0.6461970907021426 0.011821215819919701
-0.23150844545837312 -0.18063362145255546 -0.002578082246728938
0.15318396213205032 -0.610259784341793 -0.016398469151762466
-0.26904222649968945 -0.4935129121836339 0.0009022773187608315
0.17162564774689026 0.712477158315066 0.004687415024309821
-0.5549150654916488 -0.04685655507725195 0.011196097749526766
0.39362999915509955 0.6032257082426093 -0.015334295789138296
0.7366290363149979 -0.9372040171032974 -0.006067659157263645
-0.7414296793856479 -0.09233836762181435 -0.0278129574332
-0.4192899956191287 -0.9349758311044059 0.0030258200342619564
0.9580009256505755 0.7658728193037279 0.014499600920624023
0.32937119228694667 0.5311858329971375 0.005519972135375436
-0.3290472364463888 -0.15495103234396934 -0.014545078642098098
0.12313166153946575 0.4084877678342027 -0.0034414043685485323
0.3370877619993722 0.33859303884453684 -0.008175170746328541
-0.5389617779696965 0.2304045885106092 -0.009335868364627874
0.08286351897548361 -0.7250763836073932 0.008178600931408944
-0.03038050067473197 -0.2989803009153995 0.015922946735312554
0.9908386846993649 -0.17389629885523616 0.008592621752970372
0.23168859619116855 0.127395560751292 0.006336840876062918
-0.4572376904097373 0.39516834295155 -0.001841247784179842
0.11005555725078864 0.05958230157551747 -0.007952416124913613
0.5455456266213154 0.21662198946289224 0.007753361153391842
-0.5935408292588384 0.5730308186203092 0.0022910389538439335
-0.2298692359375245 -0.5087686791860628 0.0073001438192854705
0.8119786481921516 0.413989580795459 0.0015538062970874378
0.5186125327425439 0.17671534481435347 0.005341855279297401
-0.009058461647587501 0.06539664439936477 0.010244833027243728
-0.1435813550255256 0.6003087342338764 -0.0074655008814717705
-0.9487456263531218 -0.36995125356131453 -0.021566912897044696
0.82696224143919 -0.09424983553246458 0.008787838116101426
0.1274695191680808 -0.25762606401206023 -0.005025038578830928
-0.35661978328421373 0.8706133112349803 -0.002988836751202886
-0.27785477850408524 -0.7027319193717587 -0.01148662985518644
0.5072701574414777 0.3208139966134964 -0.005759740504000942
-0.2996278675402788 0.14979981413858168 0.001646066641881814
-0.49712019490018355 -0.3282736963260313 0.004980709530265552
-0.2631761914430102 -0.5073727145764548 -0.0021128653971728023
0.36189238814143665 -0.7903591650815904 -0.008253232541943387
-0.3366028734158584 0.8448635650235958 -0.0198358675113437
-0.925187479605631 -0.4920915310079508 -0.007451207085966732
-0.2650360779171439 -0.857920630641412 0.003089963071824232
0.3774369248324545 0.2683345481671535 -0.005476348582203388
-0.9619726705126408 -0.2771923175165396 0.0027033133911422364
0.18535499417576373 0.946932512318243 0.0010197357880642618
-0.5689070616992749 -0.37535357449488727 -0.006099096776811339
0.3411348765787072 -0.07478212115326865 -0.0103000219355735
0.8028940737689871 0.5527165038119686 0.015173329993094776
0.4980275151224678 -0.928283490923586 0.007255456125571842
0.19981988873230772 0.7182875593413296 -0.0032382914844687584
0.5241168090854809 0.9233086572496603 0.012251813675049303
-0.2129449043066809 -0.5138669800705269 0.016288524798100234
-0.9494638693626358 -0.6477834398896245 0.01468198811185858
-0.3280760193350569 0.15507513169834186 -0.013227003037278898
0.0566713461431847 0.2873423359884939 0.0009950086199738103
-0.03474390482587486 0.7582344230215441 -0.007103542039716764
0.61019116618023 0.4557521117652059 0.010159979302737772
-0.1942501928281759 -0.83918973018881 0.0024672836770535814
0.06297531647465648 0.7686419805740512 0.00797596616492798
-0.5029289683888087 -0.8524243140541772 0.006459851400115858
-0.13379390187480533 -0.8743126080115837 0.0007843690340946428
0.4521023785135525 0.03154647788038556 -0.0016214937398684385
-0.21535363585284317 0.970281837988022 0.015056221352357107
-0.29722826774945466 -0.671671280890273 0.014304009964667432
-0.3855470014444391 0.05974020502028732 -0.006609917039315999
0.09427254620084247 -0.6301680264161758 -0.007135552552947126
0.9673401244656918 0.011455611718138137 0.011073439848697764
-0.6126358917257244 0.5090219397289908 0.014287395916473475
0.11649276708332601 0.4466407347346013 -0.009934744995407778
-0.17654021227555527 -0.4634955579448805 -0.015417420389379934
-0.9083871278282667 -0.5885011808466267 -0.001766206539756217
-0.47740156780861054 -0.23679535394276208 -0.005339329712224521
0.6498131027299758 0.3926807338677283 0.002961907032606054
0.942278496876801 0.1519724518640917 -0.019879460324275944
-0.28010380204175234 0.057965507364013735 -0.011332797880408831
-0.508111029685149 0.5758990091681819 0.007526443088352052
-0.01681193041654283 0.9137533382710366 0.00876011586409102
-0.1455806842663998 0.33448885485737767 -0.0037502947845658723
0.884457996074353 0.6896107956758399 -0.012314201022111611
-0.6300870933561502 -0.1904043821852801 -0.009414592014820115
-0.02587224238683894 0.4824669016791008 0.0019272563612207515
-0.43078089291357835 0.4804459520150026 -0.0069507902878521415
0.23340185432521343 0.15590874217164008 -0.01757868836450081
0.7850261700804726 -0.49325291512377456 0.006349905188195573
-0.7539635242381955 0.6364285492179054 -0.0012116979454733618
0.911164760172442 0.5676339139928186 -0.008314936139551917
-0.3584751648165305 0.08101783717111855 0.00761121866963314
-0.1782218473595807 -0.5177190918963528 -0.014755330982631614
-0.3802917755027837 0.9537440110490525 0.009561830157977666
-0.50744202227139 -0.19320093803199256 0.003976808454312803
0.5307452693796226 0.23902028141838927 0.0023667465234789966
0.8681188219120892 0.12311453890675184 -0.0102006839526495
0.7574384613251024 0.42944072048890325 -0.00046205322794173713
-0.03153165388442036 0.42202944545846943 0.00970073197262879
0.11166665317384994 -0.38519942825074405 0.0029962846826339646
-0.8642408994394071 0.14842166931985878 0.00498213258661834
-0.371045526401405 0.0772361433142068 -0.005801617744365619
0.3592343339412374 -0.9759998990001075 0.012020187880654077
0.7103821372000492 -0.5729555410558396 0.000619713992433845
0.9349932014454365 0.28593454005731167 -0.014357425399940272
-0.1253577619078594 -0.8420687922014278 -0.005878603813665015
0.7699156591198641 -0.3918267973796168 0.021065965162487738
0.55276189192021 -0.7426997945613494 -0.0037390009260263694
0.06277888957560718 0.6473858198430527 0.0017624479893820317
-0.9021032803201203 -0.9330003881125113 -0.005910805839292956
-0.5989800783053896 -0.17501284560610486 -0.002660228272978844
-0.33897639509664335 0.05551856590342297 0.008982472533325677
0.4962174925725156 -0.4029401901523486 0.021609649057623997
-0.22849847373027177 0.9506926869748316 -0.015956850335914107
-0.8096666121563263 0.8937328124131196 -0.010904917522316615
0.025251505407481334 -0.3363795613642757 -0.014549833836794231
-0.14997907345542538 -0.3470900291012238 -0.009384262039130323
0.4824220048349197 -0.11563763568660712 0.003939016677506224
0.30427000380967284 -0.28398415474022354 0.00016361953803923845
0.8627191436605095 -0.009269219616613755 -0.016503107590074284
0.7846561725711274 -0.32740379689191434 0.003172909536104013
0.6256783762883864 -0.8479103067262046 0.011225978963858064
-0.6072529389977668 -0.0501306416231988 0.0019634980808751258
0.6760738343002095 0.25170824418141624 0.0017345616289450832
-0.10968706546928453 0.705385142173663 0.0022942730994837107
-0.6639391027761643 0.013743767957669073 0.003660344948976121
0.8971909526335031 -0.6073143170373088 0.018945786644541864
-0.3849228638810116 -0.10898056428483827 0.005573569499437243
0.3069678914717966 -0.16385525825252656 -0.003827532212684783
0.9766274388528837 0.3960433667326868 -0.015639727544845133
0.39498499828405453 -0.5800762172420972 -0.0012696821082375151
0.7321226298799299 -0.013193892472495472 -0.00991715497805907
0.23331510805524092 0.5509873663748437 0.011114269951435662
-0.8191058701429026 0.29321770967778016 0.002605077600518479
-0.26604171477406435 -0.68749704838282 0.007656752761815456
-0.12719437162928893 0.6600501832191332 -0.005475172239369131
0.8996208209634935 -0.7979071124797557 0.00016324617103098883
-0.6993564611418897 0.07504091920688216 -0.005067484694930544
-0.9472263628816151 0.602583964471574 -0.012368887732925798
0.11946006095568418 -0.719731922045368 0.0017480106231840171
-0.7537903846884149 0.12437773051366063 -0.0032720550517670523
-0.19996656904341537 -0.933567124708431 -0.0009293876692777563
-0.6649516044028507 0.22868293813308216 0.023463558473048044
0.9687270114115314 -0.08439738782576978 0.005227068034442022
-0.6650095732848753 -0.39168385626400415 0.013232337479581602
0.9535914429553562 0.8629490298793412 0.017397044253841795
-0.0522544466523549 0.38624956581844505 0.01065861090752264
-0.23446556328697032 0.2844937219448527 0.00032825561532357384
-0.9815775600292296 0.14069040412437372 -0.0034135998555462183
0.1657052781429218 0.3652783286409853 -0.010332160482363876
0.7175664492841749 -0.12673699026150875 0.018899906987138372
-0.411388691440431 0.8345449958481392 -0.012973200714087202
-0.24129709857600057 0.2394358446059024 0.002993057309629089
0.3485377729618331 0.39458685094748014 -0.004098507076575167
0.3092864388175607 -0.6860880606812685 0.00973976443563451
-0.04678702363004228 0.5323143523552043 -0.021395745494207412
-0.6493673446825368 0.35470923144209143 0.015490491110235146
-0.5870248777559273 0.940832756646941 -0.027223614542704257
0.8531437451897756 -0.6887058378500435 -0.002010256060929911
-0.7797447691184822 -0.729003038972253 0.01032241990335863
0.8307065337060004 0.4737099283365993 0.005515392186295202
-0.33736464114621034 0.1574057782030056 0.011919141841842236
0.6154062600340002 0.4394497349765891 -0.009594736089287436
-0.987925051929387 0.14217719099559534 -0.007157686684032136
-0.9182635976412914 0.9548406665768516 -0.007696044735006338
0.1501276454726097 0.3373607158898333 0.00789029485252269
0.7014970749416987 0.7345122320377873 0.0004235673348932036
-0.7690203460699219 0.8593411329286982 -0.0042577904859822735
-0.8083468017966442 -0.47549554439939334 0.006726809220296381
0.8129262557092027 0.40729602965253386 0.000631374560380584
-0.5495418620755268 0.21206747496578138 0.00948547824970784
0.6716325986715712 -0.42558574471051136 -0.014766387095542892
-0.6366735157548236 0.15462302612977585 -0.006438986312934681
0.6623658341485232 -0.31732214874418907 -0.006685603413723727
0.7150120993829476 -0.05174759708645893 0.002660533694673336
-0.7750918640122595 0.08089015094106933 -0.011280319735160442
0.06534974071322375 -0.8095675796974515 0.006788127827021864
0.02370583439776186 0.26499798027390065 -0.01122807973373823
-0.7105002156527622 -0.11993452717826236 -0.003890829170784962
-0.7733814742437801 0.7590281033987771 -0.008612611046240044
0.12658310648118687 0.8246523984715053 0.0013309258786290742
0.8649313715892128 0.19429680860873422 0.0017350517069649283
0.9641219748898735 0.3131492206849231 -0.005815304159667549
-0.6332973226953293 0.8506068483645874 -0.01336216332886378
0.18901241023984072 0.4890620548294684 -0.015773227947608163
-0.16746363826402755 0.2558666228060442 -0.0041593156318222215
-0.3968592007460716 -0.5679576339927215 0.0048744001618811535
0.7247558162779721 0.2662566411125147 -0.01031642523336093
0.6759001033754439 0.005205404232955679 -0.0002439387869966081
-0.2511314797466164 0.27869141810516385 0.004275013287738883
0.847860315188453 -0.40702558903028785 0.01711880205972626
0.7020126173523089 0.9088380914192769 -0.010911941979279671
0.6940001692502467 -0.9329180082445769 -0.010957111961056969
0.7018673959361819 0.7260683135844292 0.013753345343230564
-0.2028442226962266 0.9697210808711361 -0.01484519632578246
0.19183774125636832 -0.2832283577015342 -0.0005607840288032955
0.7310574346133982 -0.13923264212745678 -0.004394371949781541
0.9556184935460021 0.3403343945210271 -0.0028772139448493563
0.7194566716346438 -0.006115431205181654 0.011100193894526527
0.2975403361818816 0.3173835329138237 0.0070219489367909435
0.30154842298028783 0.9513811566767836 -0.010323479682811101
-0.43920864817716554 -0.4029424778338422 -0.012884137128224187
0.44284828398354437 0.6273016498459061 0.008409105086629787
0.22704688962351582 0.8377314823461302 -0.01300653726560851
0.2835670002722659 -0.971818074960739 -0.0008902543874999269
0.2759101711210563 0.33230839712903437 0.005631670509506767
0.3735228662438226 -0.2965012629392203 0.01753485396452025
-0.05843844336465298 -0.25130507469997077 0.009364883237041514
0.09609063817548402 -0.8933522316162334 -0.0009494190113915909
0.24209641117310055 0.3108088705812624 -0.013443388925715734
0.14617971809814034 0.026741224482598414 -0.0037888410064921604
0.5453174185032441 -0.10890403845734742 -0.0037017972183078507
-0.8607257121489185 0.44211582605124167 -0.0006191021294316364
0.6491294369111205 -0.30130155065060205 0.00769562391865806
0.28533770480793175 0.8966560774725909 0.0017488894415378005
0.01248054547569244 0.9103445990572676 0.006957215277022353
-0.014785700806779545 -0.9391876279542841 0.002422122082339889
0.273603172057596 0.07193584947465492 0.0038365165056476486
0.15906169764092426 0.8819457719004655 0.0035699029064278154
-0.31004932313124667 0.8247903980168281 -0.02708194220386564
-0.4362865852224349 0.3783722017268598 -0.0039192389296982275
-0.8565817814763967 0.7187039189720488 0.0013228940409622295
0.25119519478500996 -0.7781426447142428 0.0056747345824945524
-0.7749127706527847 -0.1769849306086897 -0.008714075339316793
-0.5442956348507664 0.7461343703432783 -0.005668614625178924
-0.9220660080784557 0.19366153935569197 0.008857364368265652
-0.936796444263347 0.2427207371966198 0.018218518956359838
0.7697836572450685 -0.3904981126799545 0.008772260686272251
0.32395098082291773 0.1291998243171577 -0.0057664933135445256
0.12121649029237536 -0.0777700676732056 0.006011743872046484
-0.4167913152554934 0.3113996396058236 0.003983302950455289
-0.040527294171401884 0.33198668176986246 -0.0006603764430693685
0.5979824749124425 0.24536777853093383 0.01747174610790171
0.40353636149864003 -0.1603217656171254 0.011887565358828532
0.8822894641243924 0.3705542133035693 0.006455530138941901
0.45639207905411205 -0.7212485273805553 -0.008889786186739449
0.03704771244842919 -0.4968702493775663 0.00619267980733261
-0.6722939434126611 0.2725635348616877 0.0008620490461948805
-0.5792811881214543 0.394299649591878 0.02727162430619027
-0.14101785036791759 0.27992793990070486 0.008436713945752678
-0.170477439054892 0.3627446919041406 -0.0020863630706920537
0.42761648106529004 -0.155951787799963 -0.005147219730287095
-0.7747710305991478 -0.26461699423473384 -0.015015349857222344
0.7797902524027867 0.8882521500862794 -0.009953464706122765
-0.19841323818992684 0.945121679859732 0.001088308325495088
-0.19334833953168862 -0.47266471060641213 -5.7958806255465673e-05
-0.3630185863623412 0.7570561730351864 -0.003475650508637708
-0.9157015315165591 -0.2432435154352386 0.008102055850794711
-0.8522037370265687 0.4437257127277372 -0.010955203742029131
0.535842991406762 -0.2770789459582208 0.0038372076531660235
-0.8200135391011227 0.5614774467727723 -0.013098737465677959
-0.20430686931990727 -0.3173310260273967 -0.002595600381179655
-0.47663683032391435 -0.17705375982918858 -0.018878868309892254
-0.6097771039645186 -0.6964391204113751 -0.00014998523729926113
0.9047098455411231 0.765573111298075 0.0010810454134854374
-0.3722809161242375 0.10869025364263663 -0.0014103867466966084
0.295268030147275 0.7419925498881526 0.004218368946364222
-0.22952936142044877 -0.8805458988988222 -0.008265531256096543
-0.7015711125100146 -0.9486633740855483 0.021938139129924834
0.29244480745507095 0.8875609923127712 0.010292736985793461
0.5243388309857666 -0.6928227773799527 -0.0010068630020510446
0.3779140569921151 -0.5730546957794507 0.012901519358560817
-0.39004266044158564 -0.8084712421959293 -0.008841229850439733
-0.8262314163659374 0.5412776928728391 -0.000361932441263632
-0.6214262955274226 0.08222848445930264 0.007963605515158224
-0.9679223262796142 -0.034242198926098366 0.003623378333610935
-0.8155363324812257 0.997417286175927 0.0011681932775137317
0.295630390382281 0.35183807972710124 0.01091394685135436
0.039813400339621996 -0.9417357236949475 -0.01641555486628549
-0.38396047203751293 0.37195446934702336 0.0044820631961939115
0.3204166443769991 -0.9761920465524956 0.001468255599827269
-0.6566912176695903 0.6574184025223311 -0.004735457323215709
0.9832494291904914 -0.9580032834351964 -0.004548046306756355
-0.0965867529643285 0.10564577880254711 0.011337424862892255
-0.9708432128091158 -0.5738576971751477 -0.008650157398051478
0.417172074317238 0.7380052513366022 -0.012134498291599514
-0.4296665860328208 0.07480214986210165 -0.008939265517352921
0.40073913875599354 -0.01966084637840826 0.016394049898252695
-0.2332228305104609 0.33767689387028965 -0.006547607766364263
0.18030787827645245 -0.5703135817140499 -0.0060770390726299075
0.5155438575357094 -0.08513761946509857 -0.005272270586613294
-0.2386324632111394 -0.779400548770049 0.006819948400511117
0.23664125002278258 -0.13419655453532142 0.0019919463696396575
0.8198094783976917 -0.7569381589730941 -0.006387828521639771
0.3181375597121894 0.1495643456445388 0.014250756673001568
-0.35240137207719857 -0.17893215511359295 0.0033212853113441317
-0.7946418360868583 0.25959984225352306 -0.004741087610456603
-0.7764385532609623 -0.3683757810449626 0.02003029319618377
0.5883242118229512 0.5473783423896521 0.010225557852874505
0.23900171636534973 -0.055964872675661415 0.0009932513015479755
-0.28294672282269717 0.7196655416263562 0.008149501619969994
-0.3586375975780218 -0.8356951181793377 0.0021954189604767604
0.3072889338538405 0.20756369535407426 -0.01895288998898397
0.6641968078311049 0.13701337654015422 0.009338221674228044
-0.8126376706153791 0.6498129521053164 0.0015234876472895776
0.44161773618858136 -0.050275587078003614 0.008668995045590058
0.5509310920681092 -0.07364246590695434 -0.010043656992380103
0.22573264582086372 0.7585673517705784 0.009549718067211234
0.5890618899335371 0.654287290618992 -0.011613643596505876
0.6651748119752932 -0.5038883875129354 0.011545885238307099
-0.6143519426617037 0.6248968471922902 -0.006081340528418794
-0.5666459465008378 -0.6129580295249124 0.00529046409850824
0.9616911599243585 -0.555241663813147 -0.0053071311541207635
-0.8039058287771941 0.6874567729122598 -0.0019198724419002239
0.45037957543385265 -0.341147657823883 0.002669580680428526
0.12004505780082275 0.8038842426863804 0.004628820921535268
-0.7639355263788654 -0.13897715201718963 -0.013129853279045634
-0.9939413659327072 0.7947381503250908 -0.005540343467903018
0.2936926954227401 -0.17285661424360677 0.0013517213969593963
-0.8963978970367632 -0.19269145969613444 0.0058781673069220755
0.734482841918658 0.5034255760768707 -0.012062738110916967
-0.26187410910876907 0.43251367598081725 0.007178152288249437
-0.07598322972341043 0.5252787965383074 0.008017243136442795
-0.30328151331591147 0.8686734783929426 -0.0030217779951711814
-0.509747333844168 0.9722334744926948 0.008893152790256532
0.4654429941146214 -0.7294861519601417 -0.002663482147657936
-0.17453983981446086 0.058868245991666734 -0.006117568326064807
-0.42015752190863 -0.36664937520654495 -0.01562856900980497
-0.2550568437008218 -0.8217136443049939 0.01716428576748686
-0.45295091056582093 0.45744632825128106 -0.001524301417548769
-0.6973098616728624 -0.9709181296375571 -0.008683699395442427
0.29330056721709563 -0.6913549310600089 -0.0073187280989872
-0.05573075871759614 0.4116615240800554 -0.00887450569092716
-0.8466312751975758 -0.7635705195281333 -0.004232908002564702
0.7324107700436382 -0.09324985126321095 -0.004365820802572903
-0.26822674575471783 -0.7297421351945037 -0.001094317423074656
0.7832330901455267 0.19140030222928694 -0.004288941399765359
-0.0052719237282450315 -0.3675644991292617 -0.017412622607191387
-0.019952195658396787 -0.3892290912483476 0.011129066991004686
-0.2240996176020873 -0.444923943931377 -0.0004366744241987345
0.5928837948907479 0.2858134256771754 0.006493106177775149
-0.9875001867183635 0.5403959436520864 -0.005585504466672605
-0.7114859581209159 0.9382825854211343 -0.006677295704702
0.5339060785762353 0.2806918528826794 -0.0035587136825651618
0.48608533399603226 -0.8345729272850781 0.0045569346267807075
0.3104350407532799 -0.21367999080446487 -0.008289955244517266
-0.045484464859663065 -0.5970182410462554 0.0017868688550090417
-0.657022799327015 -0.8326034338897035 0.015203832737649452
-0.7064690390722927 -0.8907248348983261 0.02052074573067487
0.8184350618302729 -0.3174931586979177 0.001429162329682151
-0.6577066479869087 0.21233010913272365 -0.0027187297029585096
0.20069660565014313 0.31387477893408766 0.0002995874074091557
-0.7995599681282697 0.20528310665781957 -0.001606719731281176
-0.6301627019402243 0.6869628981806728 0.0008341992611296279
-0.4264463578944415 -0.02979750010192661 -0.002706021186303987
-0.13810459268842434 -0.4689743152653254 0.005523084125379289
0.22212692847093907 0.6877812340463505 -0.0024454330524032184
-0.30948815881224645 -0.3171123764014159 -0.004311592951759845
0.26720513839540927 -0.8459352218479639 0.009217700683172044
0.3578132825703546 -0.7839716530589182 -0.003238857838000729
0.10985677570988162 -0.8495601575648273 0.009183800908195235
-0.9425966606794041 -0.8252572508190328 -0.0156395084799315
-0.31287642968967044 -0.0875964366388935 -0.004683798998552669
0.878828675269131 0.8883794149454869 0.007793609810325789
-0.1455427952012176 -0.7186091532217558 -0.012045540269772757
0.9620075121487646 0.4879114999193932 0.0004256208361121486
-0.2852092674353566 -0.9954040365035484 -0.00525032672273381
-0.07848890437607059 -0.41673634720571084 -0.00883054993034196
-0.7950476025810809 0.10584534195288153 0.007836272401465564
-0.5701130417353555 0.4675644166044908 -0.01141549198747312
0.27360618540879655 -0.15912972583408824 0.009708725998604902
0.26076576148806807 -0.5067224972424371 -0.0027708027846817234
-0.8234286762997653 0.5403690224211251 0.017241535362426955
0.707778742158274 -0.09708209548275759 -0.007092193593900413
-0.6945686967337852 0.26662125439813456 0.01705777800766242
-0.35309928132767343 -0.6630654323412608 -0.007144776927081993
0.41122478963378883 0.3673000422887758 0.005416745159449767
0.1474927609614467 0.49254657070551655 0.0022570301150102367
-0.412405424251995 -0.5929198893658452 0.015307324146509633
-0.7293652110455453 0.6660893005047055 -0.003192719727840308
-0.3012363367255364 0.5821286168197619 -0.019842993934662836
0.2951511537594034 -0.7057468019957256 0.020081538133137174
-0.7825301346678053 0.26601065991887407 -0.0010039867626867203
0.2362473380769794 0.3108413661252667 0.0032267653901149698
-0.29101224454253294 -0.6491705147921367 0.0024916889036297333
0.5065056012661555 0.5647952457233538 -0.0027763996282795566
-0.5802875089962123 0.9130880092286966 0.02782252537824234
-0.9035240470564765 0.9462403068226879 0.009382454241899126
-0.9943037296123307 0.06926486488162831 0.011589601768745515
0.32957799389354037 -0.6461375003404108 -0.0010948412508212787
-0.9860286152917259 0.36819199817823445 0.009569474218023307
-0.46111963827900015 0.7655656353812614 -0.009207448338258917
-0.7885738630596695 0.5527188634081197 -0.014167388688061595
-0.18383515687278518 -0.593527431814014 -0.007267792848890529
-0.5442796203927791 -0.1487498134963281 -0.006166147225505827
0.09296206910052152 0.9984608003297395 0.012018666862734055
-0.2408857290658295 0.9920985100265032 0.018105261214898322
-0.6311552303114292 -0.7704354177654966 0.013375006899390475
-0.21601260648887521 -0.5186587743063515 0.013649249857164477
-0.21603164731360147 0.5539533462151036 0.009854097312006156
0.1149514355733745 -0.16058565037735417 -0.0063317108492924315
0.6603689944244144 0.18118030612113545 0.0083671340098825
-0.5383276469225131 -0.15262908979547896 -0.018844129091002217
-0.7341961275012054 -0.7016723144869434 0.004217532061528901
-0.24471282553260365 0.2449319804731238 0.004289783829119503
0.3367598788690145 0.9422869968643321 -0.01096149713640984
0.37965274343409616 0.6023948320206807 0.00486867402605891
-0.457367134562612 -0.5551661105467565 -0.001438844386370229
0.14023977957223366 0.8288094294620942 -0.008089461627899397
0.5440554128045001 0.7627766701602863 0.00247994744288458
0.471125626290539 0.9125621739538601 0.02178419716988041
-0.06865413821247723 -0.33962892214858376 0.011423863063448884
0.7182135911743015 0.7920872520961446 -0.007879314490502632
-0.23700689762384042 -0.6387893733524395 0.007238123265521679
0.45610972200198363 -0.8497157348615396 0.0009869933744404654
-0.9060771500776872 -0.09644890639648596 -0.00921426584701193
-0.2761193921918006 0.15670446560043372 0.011373228065616444
0.34853983944844336 -0.47825544070152715 0.011389070939365274
0.9299403727770208 0.861015660665972 0.006919709797508305
0.7827465594325891 0.13835208581047254 0.004776938218348222
0.2884151276460869 0.4049617458495558 0.0050146713071062025
-0.2877670387409834 -0.5902953938082951 0.007429429194831349
0.8895933377015626 0.6788030926066164 0.003727277833760702
0.06877962585613884 0.11980743834855057 -0.008854603239927846
0.34340868415441106 0.07822079497235634 -0.0008655839729705103
0.6896799342464917 -0.36836373625568575 -0.0021001793671819964
-0.085701576391082 -0.4374276196465765 0.0009985293593396786
-0.5755494433890258 -0.04233477168502109 -0.004165097379317911
-0.6599216571046513 -0.8066483142834526 -0.01862550825971296
-0.4600062127299007 -0.35034644397455517 0.01904832088756624
-0.9870052021865159 -0.1903229935994557 -0.0022354105928605403
0.7587478412197375 0.3492298768278219 0.0061630354167251005
0.7317492119572402 -0.7711790473686793 -0.0006195130415464712
0.572664866730547 0.939424951988787 -0.013833389275427859
0.696630233914179 0.21688551576475668 -0.002247481850753076
0.5001322568656181 0.33367801306717526 -0.03429931731831141
-0.1289104564027188 -0.74911316644329 0.004204516418886027
0.7657501853896012 0.07290526969825595 -0.011985925978311907
-0.9676312607676316 0.9370169708882272 -0.0021892095243226423
-0.695715487590522 0.7427935634553062 -0.005759498557423066
-0.8217988192668169 0.7199490190786022 -0.008357318417740412
0.10415658865486366 -0.535067706693741 0.013823414905732252
-0.36342874987488005 0.5617324114759799 0.002241078487530148
-0.21588544963477463 -0.3640777901589747 0.001143900100320368
0.6760884371516704 -0.3132977027691497 3.2379988604909994e-06
0.45555615889947454 0.664859073081884 -0.00033979182624335405
-0.436380405562272 -0.7178848119593364 -0.012781299950759262
-0.575362338973497 -0.5191028919876814 -0.018253005534096003
-0.5662347778421744 0.1916777604496982 -0.013833091495796687
0.3631069237083602 0.5564912829006883 -0.014886129001795438
0.03496268947241887 -0.7691199264838249 0.012885321039936129
0.7521796405684236 -0.19647682321851279 0.009555623785535525
0.08002589670254312 0.9184606733250047 0.0011706512691361454
-0.5426249278713944 -0.3845095502090261 -0.0005861819986400778
0.4798644358841011 -0.16601020280167456 -0.002778495077515759
-0.5938612119136188 -0.05493904238664027 0.004806698355055858
0.46803026238453427 -0.8375932951223353 0.017860368229202207
0.47745104569479535 -0.9955339673849266 0.012569306478572424
0.42493767413550687 -0.9131798633063104 -0.020735330629484225
0.39754281367527433 0.6193684521864413 0.012832607014736923
0.525101704455706 -0.011676582225631726 -0.0011838016366409183
-0.6580818508785429 -0.44634165320987673 -0.013960022382143203
-0.7486167389540581 -0.09642681144951326 -0.01711168286359363
0.2575132877534847 -0.6972888793749716 -0.006723547656774991
-0.9746212249524047 -0.49364185226357926 0.005990822653245634
0.8220237241555048 -0.7725916850099144 0.013509466851696397
0.2508078581448754 0.9116665657120842 -0.004654009674536836
-0.13934798481982758 -0.8232334055992099 -0.02056011549074908
-0.08088132152449523 -0.653899893436384 0.005474823125273234
-0.18308638017121748 -0.30447635502304093 0.013926996390793792
-0.8006204016528444 0.821509051557245 0.0028916413702431178
-0.8674466130199827 0.49433935931294903 0.012440268067758251
0.2281731558545057 -0.8895235173942693 -0.014616862149361356
0.5423262232512449 0.28125937942735013 0.014635243954800493
0.5205337561031158 -0.3978032214187994 6.173376721302885e-05
-0.09955243820685289 0.6436683663217226 -0.009988843210815713
0.707438943597201 0.593692721256782 -0.017827708394594428
-0.9922261948071196 -0.9399344961587142 -0.0009222306706667331
0.0370091025953343 0.7765592694201819 0.007415342113724731
0.7700418412090053 -0.983475895410421 0.004609464845163148
0.6900144435673878 -0.924419998655617 0.004607210096885992
0.07280098539464275 0.1985059215404834 0.000758981687558683
0.712721110728477 0.32794663320991546 0.007199010693831741
-0.3760529775681205 0.7688597903774967 -0.02107697285805596
0.8602576051958835 0.48612206435222194 0.01026687772556597
0.6492154880870746 0.2830228243057107 -0.006373319804592524
-0.8608357216334261 0.6041689915644946 -0.00010807935919887764
-0.9279721858686629 -0.5063952757522205 -0.0018188949345261949
-0.43809197730119465 0.9578471176043539 -0.010525352979655867
0.14787825025334 -0.7835943633787577 -0.0003907429029268094
-0.5603490964952165 0.252568959646829 0.0025882843014284796
0.13490616344310769 -0.8488490210563253 -0.018094035975501396
-0.603737497106474 0.37720031976680635 0.01119717912410265
0.645552428888944 0.8362116994293256 -0.002512083372998537
0.9041603227508701 -0.07500572953545337 0.007744694860420801
-0.7341574984501467 0.5354639445519516 0.008973336280670374
0.18635392605631562 -0.49275154083612804 -0.012103990878039879
-0.8850363099337448 0.9408159919202725 -0.009012018209322202
-0.07827006081812926 -0.3593777704663923 -0.0032851961631732503
0.7747392341521782 0.6556323719062012 -0.007655898086939486
-0.3575337437659476 0.1826630438643284 -0.01001822129119724
0.9531339334872773 0.14353792729811365 0.012956034851772458
0.5142722418692192 -0.4912040948250809 0.005951139831250038
0.2720276188559627 -0.1276069754933704 0.0194051683365168
-0.7007349564687495 -0.298955650793165 0.010697197135274325
0.3249568334141062 -0.2184561379534895 -0.010968625592258792
-0.406564588329974 -0.9361674517201382 -0.009580222049482556
0.6450494670628435 -0.6478983458690257 -0.0012564768336635515
-0.5862702262804951 0.7375355609270824 0.0008972232882341302
-0.5110223393256685 0.2007026918158148 0.009420770299968064
0.9635080717100857 0.6692914996490602 0.01005551892498973
0.28056012864667323 -0.06699143329278923 0.013485763239594438
0.1496893572617064 -0.3818062555416717 -0.001810789563436709
-0.5922493946397356 -0.48238716296139605 0.0062404767797273495
-0.10125321654821073 -0.8495720799276651 -0.0030675005733785394
-0.7680763441257616 -0.3363931784298413 -0.0036729735971575157
-0.08716560041451382 0.6485737741326416 0.001871968096257663
0.9075609925337482 0.5807994108027497 0.000267734811447837
-0.5912478827100087 -0.07837058553938103 -0.006668810489375375
0.8833945018853924 0.6078477623002094 0.01399363267627069
0.7810863197227407 0.1525097873180612 0.02520333229239833
-0.3102846905103933 -0.864782624636178 0.001540326996486223
0.7908797291319356 -0.2660223983324703 0.0030676959722794046
-0.3200529050028529 -0.3782810604370004 0.00017654256377380056
0.8860733806915573 0.25681656687109444 0.009672319588834757
0.5444585782769824 -0.28246606213930203 0.0017121996223681526
-0.9066807276373556 -0.6688689373890102 0.005585726025537647
-0.6113533906750539 -0.8483953994276936 -0.012609682372335469
-0.05244992041159957 -0.3897710738492568 0.00048276829938359816
-0.8106133594026836 -0.2939260366331904 -0.01399412410869974
0.7252284735603325 0.12293164869902196 -0.0010732050682166362
-0.5542837449007156 -0.3486255400692817 -0.009711356971073063
0.14188735971285538 -0.0959688049634202 -0.010178103907591465
0.5728168196188463 0.9959234036302098 -0.013613632485516856
-0.9114153660108513 0.0854176405703182 -0.006014966474737693
-0.6354651022793869 -0.5641869137344118 0.015412364686133762
0.6394936155598139 -0.8798119786454963 0.0028414070029403773
-0.11637351453582379 0.8185476566184307 0.007308569859998738
-0.8292878419466474 0.243885100674895 -0.0006917945274383422
0.6782917997260214 -0.41244608419453765 0.008830942230815294
-0.8228849582099054 -0.40024927649220365 -0.005942373067051162
-0.3982013756660512 -0.003600658474133489 0.006894263784735052
0.4002735321437836 0.26846672471442323 0.0037652445074233577
-0.4458068911990698 0.8195249141098881 0.011428402933328146
0.06529728968079351 0.6822619011419786 0.006584217371656966
0.2081809528965406 0.617091874338167 -0.014348544133660376
0.5831962091453953 0.5190484943732276 -0.0033197452914269
-0.7539186144138377 0.5376267008285365 -0.0045734584014538475
-0.6027752521323095 0.16750402053788904 -0.01018651005798615
0.704625524950024 -0.06870670629004771 -0.005877350536699683
0.18729431598504664 -0.8849030989003184 0.013446919651481277
0.8954327084387541 0.36794965976076766 -0.00031424586246940085
0.11306956006490942 -0.07994658622346429 -0.009001068467672652
-0.471723186983912 -0.5284306127372471 -0.007264179509290816
0.5892967456882814 0.2984784516485477 -0.011686025156893175
0.11771206659679168 -0.2392569405174978 -0.02000055156821264
0.7661240579747302 0.13574977747187744 0.00021154030485020684
-0.8961036077604516 -0.8505322829161126 0.010689330911303847
-0.7530688969094632 -0.5709531104920442 0.002437309185146413
0.20596356141017025 0.5344323437472109 0.007742457459150526
-0.7923547449855 0.1670518804704053 -0.0072545483001421095
-0.13964857497047434 -0.4000482648354826 0.0026468635392806095
0.8270488598537431 -0.7014342997746692 0.007873167183750219
-0.7882445036950576 -0.1294768410998004 -0.013359918117305003
-0.6630494774771982 0.026082351523699865 0.002476696691971407
0.5207973396521042 0.849969561348773 0.013685274905262357
-0.8426735997123422 -0.7056799159229481 0.004920880663500441
-0.061337215434503545 -0.28109135333663504 -0.005310570206342469
-0.9997796358767097 -0.17829817918394442 0.0011542247085365128
-0.2749247672589892 -0.31359309361610466 -0.002550358079409506
-0.3184051689347731 0.8237356523070656 -0.0012258990409788862
0.103586976079586 -0.5209846908666829 -0.0009809562555157844
0.44417800560991894 0.7021831374988785 -0.003751674351655282
0.7100146394277758 0.37253273274771104 0.0010283850910334012
0.7167548021193926 -0.7172911007792515 -0.01011583359371668
0.02580701808679553 -0.7722183741992914 0.00664364671505913
0.3016728623144127 -0.41463329021035467 -0.023070280132691807
-0.008770985543409937 0.7863750155388523 -0.023724195962693685
-0.5753210926183003 0.45540440101313595 0.005167782798749493
0.5983131690989114 -0.34041091335303664 -0.00582583261878621
0.6461938906051197 0.06093171685628618 0.008069275791344737
-0.5534074473135702 0.31722646571030233 -0.007214534129999117
0.09435314973612474 0.4709717783209193 -0.0007050568055427822
-0.6309449235040949 -0.00290559294114745 0.02013441283960623
0.7812489937531275 -0.04852115666273704 -0.004424133183620646
0.061324839189962566 0.7472089463172071 0.007159667491215425
-0.7012094867529524 0.23202288676905747 -0.008280480092125156
0.6442867606375493 -0.5994548091298315 -0.01215549067222555
-0.8943310557905946 0.28209492585202045 0.019332388924365406
0.12335021347542252 0.641513851731567 0.00849438926070276
-0.19894538594492372 0.366244769060186 0.002615257161603244
-0.9830094107051233 -0.42290176899526344 -0.009312448101889028
-0.3493368021001102 0.028605651473071703 0.01864638918053936
-0.8539896129047315 -0.43749772065410353 -0.0010657804349216526
0.5938486571398345 -0.4136215240036196 -0.011501911802875044
0.9994284349365441 0.6859710914213935 -0.011590681032059348
-0.8743896647849962 0.725628603160043 0.00956502917638101
-0.491098905917172 0.7763998190402883 1.841315008130232e-06
-0.6069846717797298 -0.5557933510799811 -0.012253229068138036
-0.9520456128957178 0.28533109560710157 -0.016535829039080855
-0.6084922744604393 -0.10019909858954779 0.002755985948501788
-0.1044749333801065 -0.06082643288042533 0.012662051221466797
-0.15120512104299366 -0.9484171243720878 0.0046105092664227645
-0.7530199905451962 0.05940489176733066 0.000500633805477179
0.1381776471827898 -0.7741898867458656 0.002102994398190111
0.07541500598434037 -0.5906512234549983 0.00588210700485699
0.21046216398701922 -0.31890286717313354 -0.0075907092895129485
-0.22720502206382065 0.2130389138353821 -0.0031381686518910075
0.27986074018997087 0.7793877487623253 -0.004086148412941937
-0.8279266927547628 0.34315224083756046 -0.010825520900715964
-0.8286344568302331 -0.9063474844032717 0.0007712530130072603
0.13016187222729525 0.2917179350213053 -0.01701585222498694
-0.41490384439326244 -0.21581795190468944 0.00884044224863457
0.9843363647133601 0.3916167259583867 0.0021065247424148443
-0.6099500344931812 0.8925740965564322 0.011079747023607955
-0.13334112556806277 0.6783283851454474 -0.002816806139947852
0.9811362943973749 -0.8514442525489394 -0.016986645807753824
0.13781299976373984 -0.5538494870754338 0.0009546191132712789
-0.25566200038011044 -0.23897057153735335 0.006964897406382568
-0.6222151171719577 0.6790709670014636 0.01684933483326922
0.8313194058629734 -0.5399910393456975 -0.00027168204909521924
-0.5524511480354517 0.45178384180021536 0.01645702912025279
-0.3911271922841777 -0.6706064560312697 0.011660319908947074
-0.4632125495416586 0.9962493861738191 -0.0036533068517693506
0.5202381093782171 -0.5256743916869628 0.012618849094360623
0.7930180625268102 -0.6223602760823082 -0.01033115768400496
0.49229044801132726 -0.05633504332322792 0.003793594082960732
0.182173050086319 -0.9200074574248953 0.002430383838524062
-0.34798207576243523 -0.922720871340915 0.010177046526206188
0.15237622566143072 -0.9433172231158966 -0.001584196136175744
-0.20940433258308055 -0.17028363095642862 0.0028453157681280357
0.7720794937332427 -0.7700476182507674 0.002257941564515196
0.8129730253461449 0.06480925027038387 0.004209909037311195
0.2488191877142516 -0.5786718094911114 0.002150645310124339
-0.8671625903405971 -0.34199991399781404 0.0031286553221455977
-0.13261701104150747 0.16935659274699888 0.015973683583329793
0.5328402030728228 -0.20920151241729523 0.0012841501161488858
0.6492705588912033 0.10390918854976006 -0.0075481935957099665
-0.9130691274475498 0.8528012334940891 -0.0019483752121640559
0.48103084335011226 0.870676868089366 -0.0011843019187023828
0.43640693641564554 0.06860206678275094 0.029345290996604333
-0.6480974213391621 -0.3096334382701851 0.001904052592309195
0.4617525964840019 0.6286475734474724 0.001334372188280701
0.5925421747177853 0.24431577528801962 -0.01880780020384901
0.12144962128695291 -0.9169505697753928 -0.009723499423985718
0.007083475979892118 -0.5122059586486325 -0.006902198956672857
0.4560368182439263 -0.22137191681083168 0.002091194407824432
0.6531684027189817 0.8837554029782999 0.009477476901448996
0.9028951305083157 -0.29341572459459164 -0.0035224711390806143
-0.16454073025856286 0.7302293417943191 0.01718850224006674
-0.9022606039751613 -0.24186439715692232 -0.006532306041754281
0.5397427961311896 -0.7491440281809831 -0.013918250905187182
0.6484250115186312 -0.634428926136344 0.002426587826191958
-0.5168116594709173 0.6925367403487444 -0.009620925026444124
0.8149708460873664 -0.5815281893074646 -0.003043450792482848
0.33967031008906123 0.5780687572799013 -0.004924485235308584
0.11166024737944236 0.5572480729202258 -0.0264624622749908
-0.5846011894813132 0.024294248965299525 -0.006370822547696995
-0.6713004791125348 -0.28126877196991473 -0.009887767693849622
0.15444972619663666 -0.4617818912363172 0.009511659575788783
0.31786513003988137 -0.3816659466013834 -0.025283798137295525
0.969030370838315 -0.971431919166359 0.00931952652300041
0.8422693163178203 0.2522862802426533 -0.005267135139825368
-0.9400015506886477 0.3588129629890773 0.004918882922449984
0.7173224360900472 0.04627879107965738 -0.011039921964791118
0.9999888447606593 0.7971055646339116 -0.002262149455862445
0.86049086684883 -0.3251584582017193 0.0014813195269658549
-0.4183402631841273 -0.9701290150064577 0.0003232920463595891
-0.7031506264072007 -0.12935759838346206 0.002723880269704416
-0.7992724319512816 -0.2351805364856714 0.00021635182526910375
0.7475648353011006 0.1330238105521655 -0.019754740005477528
0.10054158021231752 0.03817525790184151 0.0048555961155057475
0.8388234725237382 0.5498499930036662 -0.006909938485980307
-0.7285048647684667 0.9394392789652102 -0.0016652963314888595
-0.8539448290694804 0.3568962380448337 0.023154345261001647
-0.8688210327066044 0.5782557340887553 -0.01244039859249608
0.898809322065397 0.916869532360215 -0.01244125755856179
-0.7333473495038412 -0.6638901557328094 0.0016544330589230976
0.02630908818375266 0.7445350985660468 -0.002020064748519706
0.5181735811506347 -0.551179409004624 0.008974658760842209
0.8514982548246777 -0.15374315356311086 0.020717047276862664
0.43168989279719683 -0.7073897133777165 0.018531685059962374
0.8750564001684358 -0.3288353734329057 0.004869846325222523
0.6849049350774878 0.17165242740337328 0.0163579999408271
-0.4567750458097335 -0.5327181147394331 -0.0009256131465262663
-0.14036911192478785 0.46131971877184563 0.005649486169052963
0.019623027222287703 -0.5173615085176253 0.0026677220101113813
0.7670683548145141 0.6156397044786712 -0.013244976215131366
0.8054505328213684 -0.2167584948299912 -0.0020676593126970097
0.48687651283938194 0.8934085276469961 -0.009733159467781749
0.7440621293978651 0.4618898963922611 0.007228721524269299
-0.6002348581805559 -0.15801460490212582 0.010110675171252892
-0.22105307238392258 0.6511305011430062 -0.010299989427529903
0.8684872602176705 0.06841707126692054 7.426770932301746e-05
0.8025863035558418 0.23641347705463178 -0.010645945426678198
-0.8825178316246058 0.1254590283606194 -0.002264697181015459
-0.9559760692202754 -0.8493280572862305 0.002227323834050602
0.016150726453310726 -0.3763856005774302 0.003145485808152167
-0.5197727385374193 0.32468315250864177 -0.001507489398993708
-0.4297954009232088 0.22495601406901589 -0.008652673421716339
-0.39092605099916367 -0.14847100320897688 -0.0017730188694522967
-0.44864405816041186 0.9640286305538865 -0.006214466695707014
-0.44118515302324335 -0.0921915869032841 -0.0211333751868628
-0.12611240618444475 0.43910384992368323 0.008456389250814086
-0.15583377231808115 -0.20942831240561643 0.008307701425115353
0.2343886108211901 -0.9817284754079614 -0.013193333064423232
-0.9415638883271753 -0.04576452344621851 0.0014497376023642145
-0.44889441965825716 0.9939905132120017 -0.009609334118697107
-0.19288042739439537 0.115838210125363 0.003993112440650287
-0.2783408766804987 0.870680221083999 0.010121872129911332
-0.9230977279881183 -0.8451691880773586 -0.02057514109963734
-0.32008095170431106 0.47720377355578414 -0.006280940063428976
-0.0744132201699177 0.8822640281720229 0.004643511042225288
0.8028415552312207 0.15250397664589155 -0.0015515568814420475
-0.9506798948395998 -0.5484351948588988 -0.0028449548173382867
-0.30719852049956575 0.23695105896874535 -0.0011317687552529802
-0.06148065173642969 -0.5292774573993704 0.008871982302697017
-0.2549969916308461 0.6666141450813035 -0.013664506053633372
-0.30955219887366425 -0.09414142983487306 0.0014001437788152922
0.9127718599612489 -0.34623412370930895 0.010243382672311422
-0.653245285987204 -0.9625913414626295 0.008686231357493288
-0.5618180998182407 0.988002304908344 -0.0036366243346763138
-0.4444223972840333 0.0036948262685430056 0.010416807806949247
0.7099737829591726 -0.09956342989984823 -0.001965440937477568
-0.7897230877283579 -0.8517791543141302 -0.008738592814484327
-0.6643066843702119 -0.8219665130348879 0.000534332756025937
-0.7971454985522688 0.7283277424704291 0.011323229755593014
0.5436726014168041 0.36204016229166625 0.009849774506807053
-0.8578246075189253 0.9358107982193935 -0.013075751118805521
-0.1376574741996408 -0.576301846578023 -0.0005408162737092632
0.0920188110973914 -0.4990712289504229 0.015080413626975903
-0.6359402344896232 0.004979750023906826 0.01170091852606069
0.542769119400091 -0.740332232506802 0.0036676701542544044
0.0918579960462238 0.1289569982020209 0.007315479687792161
-0.5039053683646311 -0.6953283643177444 -0.009966798640123621
-0.0002110166888102949 0.4008138446760723 -0.009060381280881978
0.2749142783052634 0.15101855474600012 0.0006372465132842483
0.9974238448749897 0.09138707430098081 0.0052347391106501075
0.9589091107261272 0.11149183882997815 0.011781371757771228
0.5102290178869382 -0.03430051041399795 0.02778615647047037
-0.17660017071213518 -0.9894817623235852 0.005230841974060887
-0.9023793150606272 -0.9227250602510699 0.006481294106809823
-0.15250293776875856 0.2810581048191736 -0.0035802212497575317
-0.32161666834721214 0.6018800903900825 0.012027110657277287
0.2651089542224805 -0.06941271252652426 -0.006113619249309624
-0.21957899092290334 0.7326999640537184 0.0010023038836980331
0.18147350035626575 -0.24215259522580124 0.0023939428571822306
0.8596834358775141 0.24244949812101524 -0.0038359551269156124
0.42100408508082365 0.011179973993856507 -0.005651578092536783
-0.13622576132945174 -0.6843088696869157 0.0016145121386506452
0.21552307221158107 0.8068312409567793 0.009447624478398059
0.33925922030441313 0.570354534153223 0.012374788006340625
-0.09289127400035224 -0.927114734738957 -0.011461070535444396
-0.282986914189417 0.7033372893739436 0.022560726212250734
0.45129743550505763 -0.44599747354364716 -0.010217981223067416
0.08864326344594287 -0.41411288066341956 0.00433502466521482
-0.16947012878527867 -0.11948765016324647 -0.007311285658303495
-0.021420726326077277 0.340179768054129 0.012994256916210357
0.8978997847710217 -0.31012366335444863 -0.012795457215399833
0.9672295221803209 -0.8392053851488559 0.0017906486215154686
-0.8069923189335135 0.4355706125038663 0.006448974798283956
0.3864260055240154 -0.2781753307128012 -0.0051424847208449325
0.9508197048583005 0.20806559056512652 -0.013823044355016547
-0.04676066518288202 0.18795387869061275 -0.002448170091899216
0.849111707538982 0.5642268500258865 -0.01061257365546955
-0.5654806611469902 -0.5629915363978186 -0.012610658762434801
-0.8398272873416837 0.6765577436240966 0.0013241992057079564
-0.6249304059767744 0.6510453021788947 -0.009315307953554291
-0.8973894046774094 0.8343673801916487 0.006889615654412047
0.4765309012747587 0.07893343438171319 0.009409057257398573
0.9571401342267178 -0.3896339957376771 0.019927736567609426
-0.6275865179413631 0.7068803100247636 0.003683067781725255
-0.3893303738750662 -0.5941691960433588 0.001455100561841794
-0.9930869236173614 0.97442032111499 0.001920463435217507
-0.2561567216151748 -0.58273155870267 -0.007569604947777624
-0.42922931687996746 -0.3044689419279816 -0.004196527567911182
0.12177772699023137 -0.35770092191831515 4.922182430405932e-05
0.022389274530814962 0.19262405790534798 0.008022714582966082
-0.8391628871923871 0.3979593080424484 0.0005219784377687713
-0.09720211116755628 -0.47930745181240164 0.005406189627328688
0.5007869197466002 0.6492416227075299 -0.005187044237967656
-0.16943688037403049 0.7772694395463717 0.007684306102769666
-0.007751497126343709 -0.15364805079657917 0.007073565565736745
0.9994532164857222 0.9082196047187638 0.003876533514266861
0.8564187241544199 -0.631862707722411 0.011981099122829781
-0.9195174581761549 0.4183856003328923 0.011443418255423788
-0.2891017132133633 0.8510538495418811 -0.007529323466957273
-0.2466030676890807 0.7565395208294532 0.01850503185106401
0.8732015976371388 -0.8659943517413058 -0.018213334238117242
0.3102199716390528 -0.39459245321140624 0.015674886156450317
0.4448917534022321 0.494160355229752 -0.0004520920942215132
0.7837239703591623 -0.09413421163686508 -0.0016947168882976357
-0.1029063143898914 0.6552571871352804 0.00928495247121457
-0.057829576218004775 0.08571539098323244 -0.0014648147738086687
0.012218456675772149 -0.08180318437063172 0.009710671925289361
-0.19810585186449603 0.9414955658695194 0.0015075442155214579
-0.12246829250977465 0.5942727659631235 -0.006677389591666889
0.8907540355140375 0.8173303940445846 -0.017459848717542522
0.2413714899554975 -0.29394121587957067 0.002593192359418617
-0.49885863311133627 -0.01965889325703496 0.006705212695788434
0.86284674955586 -0.6249215925638709 -0.01264941621244855
0.9274621916968264 0.8318568047348598 -0.005362057173624198
0.28604843518755874 -0.38014483971580915 -0.002116342158766357
0.48583434803029646 0.915720258880294 -0.007906489294705612
-0.4408455126460842 -0.26299857892931544 0.0015451272443898635
0.10739871297223713 -0.5247597968304103 0.002762684789065798
0.7183290068415269 0.7737921536012888 -0.01282790765922351
-0.17643504550237643 0.9936259005777057 0.0015797223947247427
0.8094620303807625 0.3585978061756965 0.008472114351450429
-0.0134710476655453 -0.276280182693033 0.011881996958657026
-0.23914938471260072 0.7039665227215455 0.010200652773230597
-0.8949975703684958 0.995062820641436 -0.007505656051607343
0.29002761292206025 0.6472498805540534 -0.004519774685126064
0.08819697067894805 -0.8259723487829354 0.019366253440300216
0.8248233575690294 -0.941369600931039 0.0016645727017640553
-0.5661376597054824 -0.3787105499190375 0.006366317093777011
-0.542770533943024 0.30369537658810986 0.003743121669436762
-0.3653102349244861 -0.8217744493620969 -0.006661592457650044
0.3569306679435753 0.618365653982573 0.0030511799376243902
-0.8050660091105759 -0.34727254600534296 -0.010198288272289758
-0.9594091827826647 0.6589656094934293 -0.01596011055732246
-0.7511505593003731 -0.7237785955680294 -0.0010476232996488848
-0.7438137333578501 0.6844774270485157 -0.018463715980270273
0.5214247698030188 0.16702576072886344 -0.007141461301220943
0.7084316015325682 -0.6626788965195634 -0.0016526485884953781
-0.6921876011252472 0.9529603362037227 0.0041643022483916605
-0.3107533522792991 -0.054960671482789714 0.008490791679671561
0.5246767476578933 -0.5254597173187054 -0.0020853449683516942
-0.8418663100317665 -0.8339460380573898 0.002453198270123869
0.3249225432459788 0.5826479709714962 -0.005113381346954093
0.7774028263304031 0.04198154841594448 -0.01024219888112502
-0.34383206742467975 -0.610171730925601 -0.0015284367676862188
0.5562234309930361 -0.3683717637083037 0.003954175307382497
0.8550807067225916 0.6023232723784187 0.003310180196211589
0.8183237414392743 -0.018900362327931353 -0.00115160790379594
-0.7018524531888246 -0.05299937020437406 0.013769908386489213
0.8601937915035802 -0.26440472774788404 0.007024791737741371
0.4567408703501863 -0.9305663731216709 0.004894358630874967
-0.7429569342921898 -0.3342920183489575 -0.009971986748444572
0.2843891381896233 -0.8311568916722112 0.009496741328452046
-0.12366887676391003 0.37786518600963936 -0.0025275441320867648
-0.5826381245268522 -0.7443523359810609 -0.012598048154828302
0.8319134979094438 0.6760724868646417 -0.007863780152611105
-0.5716943957258374 -0.07450872994481483 -0.004966216390571691
-0.07512780341240255 0.8800332841009066 -0.0020932978909771007
0.06203229255495857 0.6075316207648516 -0.0026580914174803116
0.6806291505661111 0.8472021503954206 -0.004943090081970828
0.22394616691331026 -0.3400820460343301 0.010590433191231246
0.5783619804348197 0.8431788111382681 -0.003326081932263087
0.5415811325349325 0.6862048548136335 -0.009437357461968788
-0.6059491445667204 -0.6872666023851517 0.00019531216614652964
-0.6488022450539106 0.09229966394649569 0.02405635469375029
-0.02104699683289102 0.7056734659200692 -0.0058925111158693545
-0.5555309605490326 -0.8909759993133806 0.002408065253779344
0.9102122854775199 0.28434970709728624 -0.0021030456470878416
-0.21244201103755822 0.5335037302099921 -0.00859252937284331
0.5515279884623723 0.7197830684195217 -0.0024818216895454563
0.6240851049267178 -0.8309801635962737 -0.016606743051895263
-0.2392586605213931 0.6952984030161837 0.005233149506720284
0.36764264662207125 0.45361441509112654 0.004989701403151348
0.8237821342779719 0.7670907924582506 -0.010839718455719032
0.4260162036720716 0.7153462578529777 -0.0012784260642772858
-0.2559740446955001 0.7061599855571679 0.009488183543210321
0.05804005214586927 0.4140800951532724 -0.0003948067906003379
0.271999611218414 -0.7594725269181635 0.007489583976714906
-0.11321841157482848 0.8264697881727472 -0.011954940476254899
-0.060281047270195565 0.019279338532158796 0.011086085564913554
-0.23909621996903385 -0.8872008368539459 -0.005164063553386392
-0.8445350822654125 0.36103568399090613 -0.000526392666934838
-0.6858828276645734 -0.4506528831100409 -0.011059867385768751
0.23334042801159516 -0.20442644946206934 -0.011960616401609607
-0.9267509994533787 0.44125274890247845 5.928870400528442e-05
0.188835333196121 0.23206365714127886 0.007068882419715361
0.6737529844378665 0.5417533005294344 0.002224251375930236
0.09472797651338061 0.37776492587865373 0.014053521054292247
0.6562539143924964 -0.06203976189937932 -0.0018648021277824142
-0.5144048612011993 0.2392746031782773 -0.011333869041749522
0.34348189190131295 -0.2585522771238953 -0.004698199681340228
-0.7997614411734504 -0.8995406948881599 0.010149333402992537
0.555893720038346 0.5557679601388279 -0.0006670960127935354
-0.7312928523334545 0.18366933782581296 0.010425818764090707
0.21030842426230967 -0.5466967023868994 -0.00017816214588752647
0.419076090515615 -0.382275772283482 -0.0025815693340706996
0.062475464548627846 -0.4124268775282416 0.013162951247532391
-0.8411814222211162 -0.6974918194628243 -0.00782620474973737
0.07726599243946386 0.4513764449197979 0.00838849829273756
-0.23817714054268713 0.7757502249440675 0.013302941764007117
-0.07114174003884677 0.400014192375723 0.012546229738391168
0.5886962100940007 0.4907996268313284 0.01249318001478671
-0.1419807832708735 -0.9263333470559496 -0.007101661780148493
-0.8066492635323437 -0.8363580372646098 -0.008380350496948928
-0.630474916675523 -0.3866182565640548 0.0026766149588982125
-0.27886774614730325 0.32954866574372854 0.011707699174165814
0.36367846982862795 0.5601241134896218 0.006379666831593767
-0.8188896943032269 0.5108886140544111 -0.0020843038606810057
0.04206841797414529 0.8107652485951948 -0.00934409546634689
-0.0007141841725721854 0.4789982198164726 0.019469730123587603
-0.6816980983158698 -0.6205777683150748 -0.002584831987611175
-0.5936767354135175 0.5308170065599418 -0.005542490088999806
-0.6276593124603584 -0.7806464891517146 -0.014014058572489028
0.7541849488284558 -0.7813114800578658 0.005006856295935735
0.464205808075141 0.7430645521330266 -0.020310863334770085
-0.9513454232244305 -0.6346198252288191 0.0019644225862590577
0.3909078849463947 0.8387169180801506 -0.0017208498566857002
-0.9953809329126644 -0.6906205404252057 -0.022475948246434823
-0.586146984817405 0.07441168045933333 0.02697601556944673
0.7732912201464417 0.8931031767793163 0.008446254627549738
0.8039567400679091 -0.40699644313889527 0.008673270307956124
-0.6032185180356737 0.7109134520564346 0.001033653500087446
-0.9809851211082339 0.7553108315376149 0.011714700990708852
0.4445741355475574 0.3096658171000466 -0.012141326556394674
-0.698430948197297 0.0014263978831907664 -0.006770103883052063
0.4116125391457728 0.6906122713040743 -0.01166508670280457
-0.7711826940654538 -0.8527479627708656 0.0005770808844647509
-0.93667295582699 0.960145760284048 0.004043242540765609
0.871663215802915 0.008744831762980132 0.009566490751363425
0.10804227284967483 -0.791750728413378 0.014203505605307545
-0.621780042686831 -0.7348020549559184 -0.02514642196191344
-0.7875889391590523 0.3652678338401796 0.01827832753219429
-0.8453667626291745 -0.743595477630143 -0.0031110754468430925
0.75343229770702 -0.645397284752464 0.0013947110954957865
0.8040965662382431 0.6685908344342881 0.0012893423157398721
0.17334676259367998 -0.4485745979530045 0.01563495271050879
-0.4967924474561538 -0.7805601932345867 0.009012388749481036
-0.2782364238293078 -0.41598919113874366 0.005763728552332817
-0.5910683328695865 -0.8406790071063397 0.007291316292230375
0.8425881629323362 -0.22742339323760108 -0.012577987172322542
0.6013467235703884 0.02520418161786231 0.0020937161682368405
-0.5228768109447366 0.8086890256599957 -0.00256878271398751
-0.4948888926526336 0.5427628514722929 -0.010436458163774628
0.11705622357551393 -0.774664277891157 0.007655544358526344
0.594879978019339 0.3770687848466949 0.002496237890652812
0.6858434347270224 0.2269102910501717 0.013320897310023816
0.9933597603599016 0.7818078657271947 0.005231088340004562
-0.17807828201105802 -0.864073091591417 0.014739418415768315
-0.40560408988229657 0.14302887625099392 0.0031728696147520115
-0.1771856803652332 -0.9308204726924041 0.006893033657286067
0.16689503875989864 -0.13493007118094114 0.0009523753298529566
-0.5294773505117631 -0.6264574782115997 -0.008456042115628427
0.8335758366025336 -0.27069135429130053 0.03546776712558451
0.5237563965561645 0.9558565685059313 -0.007513279158009358
-0.15945757997158894 -0.8810054925408572 0.0008422888511800768
0.12866737321797594 -0.18638251143769358 -0.0008357935702352175
-0.8602563732187474 -0.6491869816955724 0.021374256996952924
-0.3382570208148139 -0.9885770090424459 -0.001705685652327711
0.014321869848137325 -0.9952661725377969 -0.0057690850416810225
0.2612860395399077 -0.6473712070810498 -0.002807165699185719
0.8494629017087085 -0.43481528568390426 -0.0028054223021310404
-0.34183340799595063 0.4764046248182052 -0.003927483110386892
0.020748055961292033 0.21836809429274417 -0.016577099163473157
-0.6198406306865136 0.7782967648353531 0.014475563124722255
-0.15335999863735839 0.7220954936250328 -0.010298163745001818
-0.4408613972472233 -0.5714672226455755 0.018092624592233295
-0.05747200394015506 0.048516474432789725 -0.00891882435241895
0.7376277279324799 -0.379391588691953 0.015528149705097354
0.14225792555699868 0.26112619790410796 -0.005294064129089683
-0.938056946292392 -0.30465916883188515 -0.004790318962979879
0.2293645166221041 0.03377708704970073 -0.008275332455610565
-0.649395541221335 0.8704518607445844 -0.014772534825442479
-0.7637070391452732 -0.03332627590849979 0.0009271735168376724
0.6140843944182828 -0.871774921559572 -0.0009091092153372186
-0.046426624487162726 0.8448151143223093 -0.0127525755166876
-0.3039613820118956 -0.6103541250770546 0.010630593652217076
0.2281805232909928 0.3301040611215764 0.0035428028268352485
0.18836301707400938 -0.13565656931187053 0.021853567417490765
0.7010157478728773 -0.38315133892834097 -0.008475474564205264
0.3518556984726451 0.4685111089031495 -0.0028186869879052246
-0.2620502182539586 -0.10326800761210286 0.002512594577726025
0.66647131645497 0.12852431758302552 -0.0032168979785123777
0.9428739061221139 0.2735382091847762 -0.0007963681171788708
0.6242091179723359 0.7651388884858694 -0.00073708247666483
0.501047636581889 -0.8492197491690787 0.009846566682475502
0.7960179998260477 -0.3048912420029215 0.012291179166120745
0.7007218005263216 0.17653619962665235 -0.010447251446071552
-0.9860456933836956 0.5845936223077679 -0.0016433444172612875
0.6885911083178153 0.6719518944356941 0.01339714354975918
-0.7424603389797428 -0.12222802859398829 -0.0018009774894137747
0.5025065074704127 -0.7656967403215573 -0.0010838933818059211
0.09113201782122982 -0.5700384778337166 -0.008904971567714004
-0.42568807754984617 0.6225825542297518 0.0012778464454389332
-0.06304717693839512 -0.016035056963193073 0.011392683565423637
0.3225542450028498 0.08464718118107162 -0.0019100005931055341
-0.6838096198757586 -0.5727807295509586 -0.01044987124789706
-0.6212547589042126 0.5027693525153463 -0.00609110107762621
-0.9560600643036001 -0.656405369376075 -0.002429813264293693
0.1473487798740456 -0.3604470150249184 0.00799690580246489
-0.3616298232497712 -0.2201165176597275 -0.0075404927401438795
-0.5639555351961036 -0.5662393943906245 -0.012045069578860177
0.8211197396781651 -0.9272493922545602 -0.0007186035537187862
0.4309871457541663 -0.1194640440181971 -0.002623473652398567
0.7674850457976248 -0.1948503569690727 0.007615002927250116
0.8433250922799012 0.43588940071414095 -0.004863650173314087
-0.5151495504483985 -0.9974958690138596 0.0015911077481454755
-0.8103864156177603 -0.4662452145464333 -0.0047242473665487245
-0.5757913387343914 -0.7305327036720202 -0.033750657273311155
-0.06485984568351744 -0.13308914897752344 -0.01153170732388306
0.31884277026258423 -0.06790850272675009 -0.022352133941465287
0.7975720665328869 -0.8788933814039708 0.0008412625380828412
0.8831937422748772 -0.24292760865120977 0.0035667631064818816
0.6171928305667136 0.6600503705243395 -0.0009899397640222908
-0.7414892311924002 -0.7592879560611006 1.3859141251451371e-05
-0.8435712979630405 -0.9663986738842365 -0.0024451720753321388
-0.16887096130272328 0.6422140375129064 0.013095713510840228
-0.9017815942779481 -0.661048334324357 0.008746444016645573
-0.1183415240148713 0.684730961454673 -0.0010342508166310406
0.9765717199765931 0.07671854706904058 0.01822441987130484
0.6326600464465177 -0.6895644570291455 0.007068555760259396
0.17182054322156248 -0.67819263234537 0.016504116966570972
0.8027504496321078 0.11964348766444166 -0.007046109200454132
0.12908333700714625 0.16413727749074547 -0.010416340203833441
-0.7186433163932668 0.3201824568056486 0.005855329586884758
0.5487232436728717 -0.5364382949853672 -0.0001807608394349586
-0.1300428518236294 0.4052663755245416 0.003011962553741867
-0.7752048822717139 -0.5884213342094402 -6.394738210282e-05
0.22081066310858377 -0.32411885129212537 -0.0004983110389418932
0.5590994412431318 -0.7627508215997767 0.00909806813031313
-0.7748628956325243 0.6749379676696747 -0.013188690491605296
-0.885038910630837 0.007461576017464999 0.004272298648781184
0.46064954642424527 0.33013615064242763 0.009156205129818388
0.7504199669673082 -0.5500186107059395 0.009526640903041337
-0.35071852904895984 -0.7621316717638447 0.00026400010742987654
0.4229401465108127 0.829793952366163 -0.011800480831726917
-0.45890558645288415 0.9536457448479569 -0.0022664314186828104
0.18260263762748585 0.11005294737200466 0.00010651570543903807
-0.5991036764430058 0.7060016673662637 0.0012683554767750397
-0.027805997260422766 0.4221998216581053 0.010150662288362557
-0.7438760427750271 -0.5781765353997999 -0.0010091118417440157
0.03860080317247405 0.5066291340008306 0.006756030178248065
-0.3729843489409348 0.42103549448210664 -0.008703331291412209
-0.4295803308582813 -0.29124403664185183 0.0022012647019401792
-0.8677704124027905 -0.43962907184983613 0.013180101553430981
-0.28860643272162556 -0.9728003926921303 0.008566323672770599
0.2594983389384915 -0.037016493920527305 0.004394537525555163
-0.951752411658255 -0.4776375739219134 0.015609910392607583
0.9709913176501133 0.5469951732298508 0.0004987494248805842
-0.39364980113071035 -0.8915462255353119 -0.0042249663530454
0.9264759621049286 0.12888471691158787 0.00017494608631321308
-0.30593160028587874 0.3539143858105065 -0.00011631617532811549
0.27326555764623706 -0.19825442135588345 0.006414937476164267
-0.8024906387263775 0.18389275126905136 -0.006763365285225871
-0.42364647289248536 0.6519387331536588 -0.0030941596313188457
0.8097945849866877 -0.8978187907481949 -0.007293353927914902
0.25996514951538563 -0.7731916890360246 0.0042959067720943975
0.039568386026979985 -0.8600046781087087 -0.024355420402116208
-0.9311841345183949 0.3584472764610085 0.0021111239561605924
0.17506271812497864 0.044666536442501625 0.023955683650301936
0.25417273030342735 -0.48609030205892 -0.018716211938513756
0.5532224402208148 -0.36849476679662674 0.0005820061741384679
-0.9289337151914527 0.18065538369370882 0.0006409772922882097
-0.9604794392918949 0.5849743114233739 0.0029910652879703344
0.3297780504839458 -0.2286637267148659 0.011525320272474255
-0.3389737271455555 0.08018394220209024 0.018397203577558696
-0.7154285408370553 0.25307235115870474 -0.00016796596156027407
-0.4328184579211303 -0.742327407980506 0.003432509522203901
-0.6108296587463025 0.28729292686574226 0.00215485736089367
-0.6534375554218046 0.4072936958830531 -0.007793967871184342
-0.0945481550225824 -0.08837228530395835 -0.006394698291973762
0.4593693885592778 0.2856748059088181 0.0025631128791420775
0.6254643831488496 -0.8917559551477032 0.005970418616012247
0.1523150922284433 0.7127101372169622 0.0018088764750086048
-0.9962568405385333 0.8545119502118628 0.006474822031622114
0.8853833720619071 0.5084975782644547 -0.0034341508226744663
0.45555451182385487 0.5931214062352068 0.005097027531274841
0.5097884533493737 -0.22669711388878988 0.003992801030628443
-0.9373743748468688 -0.9261782195815726 0.0029850978698491787
0.4543848185333679 0.2853523083809164 -0.015907020765361716
0.17829853089047387 -0.10983327404138454 -0.018750457407003946
-0.43614988016824374 -0.8240501582020319 -0.012746428274726069
0.47307687835959955 0.09718406102743327 -0.003921241759646295
0.7110244298751529 -0.4584515589818108 -0.0007743305737488818
0.8154494382286737 -0.5209988759140574 -0.002399691505378762
0.7603903145684012 -0.20998239406890162 0.0021042280994381956
-0.44486559443604556 0.728939431960596 0.001311923971013949
-0.4938261757493314 -0.23835291451531626 -0.007349139690812065
0.14099565053979957 -0.3210182384205833 0.00386023549352232
-0.3865450488641433 0.803414269160212 -0.003121630863195418
-0.6871910214047032 0.2090161614197139 -0.021986953556652825
0.4948575827984165 -0.5943524830941787 0.011619663079507004
-0.39513112888765045 -0.6085780794182873 -0.005545522360530058
-0.001320987982851518 -0.24361580533649296 -0.0006455664427633039
0.6764008694160517 0.271443499037908 -0.009607570629638466
0.22948439811080146 -0.8195136496948441 -7.332511569048232e-05
-0.9130323581499615 -0.8195532317986356 -0.0025361649141036912
-0.5837036632244539 0.005813763457323207 0.010672256535814599
0.05311620022878327 -0.27878439127557186 -0.00018229372505426775
0.26548049341077484 0.13611224961874124 -0.005303352882166169
-0.2308250675624317 -0.9239992420411893 0.0058217346970007335
-0.377913138510207 -0.4144186964208745 0.01278403347103139
-0.5817145951768978 0.9324169570002345 -0.017969569221544714
0.06915976441154892 -0.8922802310192 0.004508746311490949
0.31201137412046465 0.10724136999293954 0.025485822459328455
-0.894900626828975 -0.5563965161136619 -0.0045876209080413744
0.4467853636067225 -0.8039575030656323 0.017495634535039925
0.8187151216860271 0.9808130763484848 -0.009630638704633576
-0.3284666030676664 0.9781110126943917 -0.016975838810329727
-0.24518955321152824 -0.5534374404554545 -0.0249637902518055
0.9228183978350022 -0.18637234527599955 0.007765015747019698
0.6100867178030334 0.2357811819735045 0.0018739488098230993
0.42963411258438144 -0.956994374976577 0.003498454646333883
0.22042832896366726 -0.5701725691364847 0.005429101613031154
-0.8372366835450551 0.43678195614861104 -0.0012705964444649177
-0.5600325662821408 -0.5795104015479318 0.004746264446856529
-0.5443330960455623 -0.9622743293573643 0.00014515259279225423
-0.423248882849409 -0.07184689725627713 -0.009698712924907697
0.18931681533028444 -0.7759860744693556 -0.008600709702511434
0.49192412132720054 -0.412884535329777 -0.013593513856813386
-0.8511419606047659 -0.8699996920630342 0.004689993308023902
0.16701087336643083 0.40405897336241603 0.006763692623507812
-0.8971665786306298 0.7331099169361841 0.014802428170459663
0.9688341877375584 -0.552424489893633 -0.00539501799026907
-0.2952405364455857 -0.3255768772278411 -0.006884923220726805
0.1566298077716206 0.969848904090431 -0.006907455916232704
0.7444801703052248 0.906599141723716 0.0018751588028638022
-0.25235941173418674 -0.3727430002443419 0.010934987757426596
0.7811896951606576 -0.661059094280815 0.0013891230773006185
-0.12970573962021237 -0.1412997054863172 0.021479178385366074
-0.17668313612791797 -0.13604320925158775 -0.003888146936502188
-0.5479661929147397 -0.3892531338241254 -0.013143401991284423
0.7719876550958549 0.5196755163309033 -0.009747641790349813
-0.5852327575031886 0.013864824298289724 -0.011760127880407742
0.6584499916331448 -0.443172057033663 -0.008218862253861649
-0.8977328263028008 -0.534154992368191 -0.01102422278388916
-0.936847024244708 0.4468202774073551 0.0064399773882177
0.512356570742122 0.43044071052829214 0.017237499872104142
0.5720103509461523 -0.807153154534787 -0.00033565771581750884
-0.7775846423676629 0.9129510285660829 0.015294679824723155
-0.6363241544957798 0.19696133468239463 -0.010749225849649009
-0.09640364145601943 -0.6894322426883641 -0.010065830197173827
0.3176639649473034 -0.5214070778352038 -0.003689140377274497
-0.73136418356445 -0.6551824276899971 0.008906905480366187
-0.5229084270396076 0.13292758891679357 0.014276015945822654
-0.1265014242573228 -0.89104065448114 -0.007825526066190254
-0.1143575275382378 0.5040314212506585 -0.012306839361660533
-0.2318451530721819 0.358092680183159 -0.017961712924966153
0.015957104002249256 -0.0021345812227964167 0.019690902173960124
0.8820332338882297 -0.6670110756871805 -0.012127231057140274
-0.33045403801701867 -0.4347843627964745 0.015339046359695392
0.8981094450786202 -0.2965391671865796 -0.002108958571017203
-0.7435631248067898 0.32706546202171727 0.01766106395323366
0.3382290113414079 -0.2119136984334804 -0.0031251621011350156
0.6225184845768454 -0.7631562161084 0.0012332116894256812
-0.4523223574483115 -0.939728388214911 -0.007030513629175474
0.10237465831284709 0.8216144439208763 -0.016498691594720897
0.06291221053018692 -0.7892104103218502 0.005763761799971035
0.1629185262266717 -0.06716943003982956 -0.002802464478674787
-0.6269034624915633 -0.676150774231749 0.02066497660282837
-0.9046335536916248 0.1336819732731538 -0.003643369347895991
0.8648954059102412 0.25514594559570924 -0.010212775396245167
0.6911038932841984 -0.25580139401060586 0.013799450475320446
0.7327036933438795 0.8823241995585474 -0.015803395636969954
0.654804829830671 0.8284650985383539 0.004155651332083528
-0.10784628458854129 0.0877587259026098 0.011652388197486943
-0.7235511687706011 0.46950745213568545 -0.010866593328980673
-0.32046630552733757 0.6218414927007769 -0.0064542297676994575
0.38847675880589505 0.2558363491504838 -0.007859034756097252
0.57567979122555 -0.8441322434261618 -0.0034264533780557385
-0.25617237819258354 0.45822606299623314 -0.005462946469961271
-0.10447809542452968 0.7318562435790352 -0.00544984022229145
0.749972582113092 -0.2313071483978013 0.0037649724489795923
-0.29672955171020665 0.5673304197783355 -0.00789271758957157
-0.803274626899322 -0.03838614715449107 0.01004911913312073
-0.09017157681957455 -0.7809387756790991 0.013300011602766072
0.8612457631411914 0.29059413424261193 0.00556823981459616
-0.3042128558344883 0.9934197378697136 0.002048349770437339
-0.5182931644714397 -0.34073596310123966 0.0064333096269260275
0.9867532732906528 -0.6539940193347245 0.011110633536555156
0.001656582987695776 0.20030133012218543 -0.023555374963185296
0.7470819956038286 -0.9071632279672421 -0.013459605426915636
-0.4017538290659155 -0.13203647579973166 0.00043437157027473533
0.4879421177017105 -0.8042608487501213 -0.001980676437436692
-0.41170491115553287 -0.5277998005478719 -0.0012130563831521859
0.026387635888384775 -0.796441612416664 0.0001577694476063803
-0.27920092650271955 0.8611125898103023 -0.005066050299544572
-0.30687867159816573 0.6058539025499305 0.013626200927955126
-0.8884326616266622 0.48745799912027077 0.005852606225892002
-0.41422426482546437 -0.36974858519112774 -0.008606811761356055
0.9217935732192102 -0.771414202400452 -0.00038836740353271454
-0.4969033018827751 -0.34936594502274576 0.0013482856688849573
-0.8443368648112 -0.31417115576885535 0.0020280648630100835
-0.9026849916655453 -0.21891562912907747 0.009884083646819575
0.5769814160648332 -0.5680148660806794 -0.00428215775116747
0.43397219948085053 0.24136652788095847 -0.0049882745616264094
-0.814913730192899 0.4554138348470087 -0.002415164132393979
-0.5829765915043224 -0.20146942340166474 0.02300023881988374
-0.922386223574821 -0.47770996936583177 0.004991669724242613
0.1278376098337881 0.17991024473780515 0.0036158713514817748
-0.14485287661718305 -0.42514573678619705 0.005803848156550294
0.575099350329402 0.9844529262464292 -0.018472579334016727
0.2401905639802293 -0.4587589851720646 -0.0005526517756013969
0.7347168396813251 -0.8530183441601848 0.029504774841654507
-0.009329895341674055 -0.6582511092572394 0.005557873811175094
-0.1950682835080091 -0.44414547359198675 0.00011898063796175837
-0.2642656305267057 0.7892533827511341 0.002128561677602669
0.13481698845581924 -0.13301172940920503 0.009926295743699656
-0.7140608610773029 -0.49983959981889003 -0.0054077487495753
-0.18433295959470986 -0.982573814200018 0.010812255434700132
-0.5954711879098067 0.7095933225964213 0.012540385632221826
-0.1989023140761812 0.2622100011145876 -0.008695328292633156
0.04746404080180655 0.413221103713749 -0.015215625232134591
-0.4756636273138073 -0.17080332616470173 -0.011708444832187852
0.07157015133064526 0.5576420279903929 0.0002041359455461602
0.4429945662915298 -0.42390978085148134 0.0058848190700142465
0.7788530234343971 0.673494683389511 -0.001721932690463682
-0.9464770536364078 -0.12907809079613952 -0.012670314748819796
0.43128876092251733 -0.40999636836978737 0.0030747228316495906
-0.7033490305404648 0.24190429268470792 -0.016251289930342118
0.09163624293710226 -0.008702548818360967 0.0029389963790856246
-0.43827247710462824 -0.5701621836510364 -0.008170009121765747
-0.29152930015315626 -0.25433679183502433 0.00869434485278736
0.07080734633988173 0.2696758260013692 -0.003452043263909315
0.22671207649237402 0.9836867722651579 -0.01035673544164011
-0.35655075321936813 0.7242833748014361 0.0005538213876182167
0.2550268550600303 0.515569164952391 -0.004507514178761171
0.5420309843304099 -0.3712159964319097 0.0004426024310885554
-0.9496790858237771 0.687231579839761 -0.002644945588111501
0.9517328981132922 -0.8307851518670837 -0.00851912115799721
0.8010606581037656 -0.025881550794182084 0.009242641683583753
-0.2580267362988835 -0.4631832930156874 0.009112451907923416
-0.4772128684741299 0.9913360330095959 -0.017359375785590766
0.2286932647946811 0.7473069895174627 0.008027304708096535
-0.4083528220940813 -0.40627626435703035 -0.002134925944116953
-0.5400739144175262 -0.860120888166479 -0.010149401578355288
-0.817758860273184 -0.8118891993897437 -0.011964889133252204
-0.27025294777447284 -0.022394209616322547 0.0012687339972777055
-0.7045875179888312 0.6475601307507968 -0.009878759406820465
-0.8255022558082372 0.6918163422826769 -0.006614899003569591
0.756544631609747 -0.3360284566202494 0.002999236684458147
0.8395742333332319 0.13768872912928543 0.007884190103470084
0.19077773389309316 0.60740790861737 -0.028908622720760346
-0.7705699476484964 -0.4155503343301028 0.014223750543829655
-0.9344800050305833 0.6237582013570584 -0.013753372635303423
0.6949839720612587 0.8861450868773773 -0.0040793030230134334
0.33714487760455136 -0.6563957651963876 0.0050184089188212745
0.15169062998103922 0.3881030189057273 -0.0024657170916344835
-0.5147959066595229 -0.48306843803356125 0.012968733465005287
0.9292605881800378 0.4135568370097886 0.008879276471138245
-0.6092715304324998 0.8190866773791747 -0.0024728398903549847
0.8364127082280159 -0.9256163525103824 -0.005652028435963894
0.7098460409176217 0.3473848569523741 0.002392505795770555
0.4331416690811749 0.6997856645443559 -0.0001342225717220562
-0.6965050018542522 0.4469279630368388 0.004193711787195992
-0.7157769853541747 0.4089917105580012 -0.00596646216696975
0.36055227871894835 -0.1760264611306699 -0.013127927638249803
0.6883773582096884 -0.502342981412147 0.01073183523540007
-0.4340372130053607 0.1604890110655277 0.0008270026336586007
-0.7182549974302181 -0.0651160318382562 -0.015276705974143467
-0.37094431656139215 0.5505019729083547 0.01543420337550012
0.6059879928556706 -0.3313023263841144 -0.005764646093830068
0.6361165556826842 0.6292664635401768 -0.004120038353525938
-0.5582709779343413 -0.1778033843435054 -0.0027963563535069185
-0.5200980192966942 -0.9066756891389387 0.01658201180119538
-0.7248310521559005 0.8944964753358613 -0.008807611761401912
0.24262723741756198 0.07398092295474279 -0.017817025805806935
0.5157671446664214 0.2171007432193941 0.0045266829224564105
-0.39044893263200464 0.3496366084586162 0.018266598819922104
-0.5748323399263822 0.5917039688072647 -0.00856307262607317
-0.1353959903879971 0.5115746348266004 0.018103399487772197
0.17313658950730804 0.6952431676152391 -0.002635715008967658
-0.9071480416210869 0.30398096292096577 -0.00025009932703045425
0.5893995972511366 -0.4819934618794357 0.003345023671873222
-0.6933173279140878 0.42693587436306757 -0.01344464492658448
0.9142846407369558 0.0524688150203978 -0.011402842988147824
0.9403472139344959 -0.6881133265106938 0.012432220022206187
-0.37915171769854616 -0.3703937576017988 0.013733243193868488
-0.6138732380118823 -0.34239463333320597 0.010935133029573892
-0.43914952289385756 -0.8238901319289462 -0.014406865071961919
-0.8868893396079554 -0.12312827782747271 -0.0036916122748571695
0.6278427409942684 -0.2974074314237096 -0.0028873645299612423
0.7152286662093621 -0.41500270407205275 0.013267930341950163
-0.5795200061265133 -0.7295436481527631 -0.009488299155926373
0.5913501810676387 -0.3726798650427601 -0.006632183835086907
0.5052959135933759 -0.43403114039674207 -0.01751558643889642
0.4430788379248425 -0.6059607657820758 -0.010214188668206099
0.5126858659285087 -0.18437514488360573 -0.008350314599158522
-0.38652680158361274 0.3924158732008618 0.01873545659765121
-0.5371317145689087 -0.6818265417758727 -0.0027724428357513583
-0.7233992139094654 0.32366234826389273 -0.003102823317798752
0.4525531866076775 0.37274962903298925 -0.011724557812378984
-0.09697382417311506 -0.1234865693615852 -0.0057783558801899546
-0.6319890684492584 -0.8766622449930472 0.00395374705783466
0.603742501280236 -0.9164620377754964 0.011836679264507422
-0.47527292946191024 0.7284675924902599 0.0024746961473202968
-0.6874183008578245 -0.0835562428074903 -0.00878873308069774
0.6764200443458908 -0.19195590980493993 0.01158635780187427
0.018604833388007336 0.8848541985433269 -0.016607449483348094
-0.9058814724202866 0.8379238767418531 -0.016597068087325098
-0.8593224140507381 -0.5659685973773112 0.0001435162236520616
0.23732513504376485 -0.5672512838634811 -0.00487359107116968
-0.15939140500540971 0.8432705069561381 0.006783800077373276
-0.32030000475101517 0.8092675680424097 -0.010643109296419553
-0.4162920908141414 -0.5137794814676464 0.004472818176731617
-0.8987161466980138 -0.4324612255455793 -0.0056800325129441834
0.17664132910224106 0.48830256487444834 0.006886897998349748
-0.19069889135497453 0.9285430055053985 0.012633690653695103
0.5017439923736764 -0.17182323926075727 0.0027465362407738426
-0.49236051679958703 0.34670767334147556 -0.0012515076138160759
-0.752225404482231 0.8485147877354438 0.005523589581900339
-0.42367218843378174 -0.9887568302514718 0.008835785904399006
-0.7832652756385503 0.9665193915679615 -0.011146997755387553
-0.10980557586407391 -0.641367374169707 0.0064572795815976735
-0.8163103007444932 -0.6412105624064635 -0.004052804425481132
-0.7223678532582454 -0.39549855648526844 0.009479058412127775
0.6794133956302488 0.11307395857584734 -0.002533976350323468
-0.9181876598143195 0.4761137397646722 -0.0098361056424562
0.046066931956499246 0.8210806583086476 -0.01667961456161371
0.12381764407895401 -0.20188109959632938 0.004799620780689675
0.7248653010549031 0.8490391310874119 0.011818980527471198
-0.39825139342596216 -0.4309751305429206 -0.0005991552234373592
-0.5232256922061711 0.13199099980487117 -0.03595092131633237
-0.9205527575488941 0.9169900234673662 0.007397203652933626
-0.8272335279624243 -0.7440086782505939 0.008795910892965494
0.06213069329665366 0.9657715163995657 -0.011070491658571225
-0.8792969457869508 -0.9243614652444496 0.002776255959255157
-0.1503885157019158 -0.3738765363539913 0.010697124185922538
-0.9851778380083445 0.5091580472621766 -0.0008919304647915829
0.7434851204827251 0.13497879571140237 -0.010757494503321186
0.6007346641717024 0.026760868744985844 -0.001777366984025217
-0.7510774657413852 0.3934443263647043 0.007673124768839395
0.8163481794156802 0.00964495270705834 0.010334626629877337
-0.23471209302275997 0.39046603825331294 0.009029016234064336
0.42086464068655816 -0.4872253507312372 0.001959563444012514
0.851112726845231 -0.6235739169440293 0.0015895772417828368
0.8847016980781142 -0.10923847482761073 -0.00169064760659979
-0.12304770811530075 -0.5829886249161662 -0.001456956478986699
0.4997741253432386 -0.48249762236670835 -0.005131608634329645
-0.7908235708138183 -0.12814400108206736 0.003205876873812412
0.3013138587683888 0.9131228468837151 -0.002007679926287133
0.7857470443272183 0.5250570409237862 -0.013322919838045488
0.393172262112341 0.3502641024752604 0.005617633417606338
-0.5051204461506227 -0.8694800681789971 -0.01727736297220204
0.6603209433954493 -0.2436485627593512 0.01837059361764667
-0.9401222891230083 -0.8677662537257602 0.003419664146873142
0.14045928959320375 0.8550918524520545 -0.012131311111024761
0.7440762472442299 -0.534312329467334 0.0031389667078215162
0.4992463320209144 0.5430474987236376 -0.0027827883343410865
-0.5550001463923218 -0.3280928279619859 -0.01534978940367765
0.04981761935782525 0.606248824771277 -0.0058269844471885894
0.6595763125610019 -0.9113266999510685 -0.009277538177065683
0.815544698895301 -0.7771274119813512 -0.0022929193796069423
0.8071793843885657 0.875761923107315 -0.008490989154897401
0.8178832481003662 -0.49497996652905396 0.011133189972537942
0.13658003792918416 0.37744392678338445 0.016775388225611945
0.435959572946381 -0.3378120695914504 0.005998117367974648
-0.25871291738188584 0.26281903832510634 -0.003462829382193105
-0.7346523832278444 -0.1252780372816671 -0.006763349341286381
0.7894076353506649 0.8296545001993822 -0.009500339456252645
0.5966106674285707 -0.5729201970590394 0.004363365603878054
-0.34165897377836174 0.2947144067848746 -0.008727303966038543
-0.7804940169660266 -0.9767325685979755 0.01390767218810989
0.4292597713773838 0.3682431311264833 0.000793646540340697
-0.7035738521700827 0.3074782254114623 -0.00016898328902323104
0.920821302917904 0.26995371073627195 -0.012278046881883883
0.9153435131602379 -0.5643143284538534 -0.012703243065949084
-0.5671865697695051 0.07894790904117488 0.008841507787278675
-0.8699784388221841 -0.4638432718342089 0.001885130621110948
-0.5782735294838206 -0.407810970788834 0.00772194509815796
-0.7703303242696395 0.9852653296672134 -0.0013757692016194828
-0.575941280334741 0.8813597939512858 0.0017291899912399444
0.4390673079439056 -0.24037600666022407 -0.011862036266236484
-0.2563001134454952 0.6623135884359321 0.0004377839661224762
0.27731037645171175 0.9500289415888044 -0.0002712666211076203
0.14504541395031212 -0.055445193911946467 0.002724869576472005
-0.35962036078041737 -0.013362297680698632 0.0025361163200862367
0.8129890742606372 0.04925165522116637 0.00028837846774992635
0.35296831132533524 0.7519033539002604 -0.012552235337191284
-0.7826175570063882 0.8118567716420053 -0.010609173903976454
-0.16468691765662413 -0.3226691795291716 -0.0030185473129946323
0.14102766089853658 0.5316622349513838 -0.017845077907136048
-0.6712620661696929 0.046772821313338264 0.010389336706401676
0.6874553114627175 0.056369981155010684 0.0053167156304260756
-0.5782921481338925 -0.6083945675719282 0.001723577569218218
-0.5256095650239192 0.9303456790631057 -0.004917901253481411
0.8496465561193436 0.7720172886259293 -0.00443407081499161
-0.9705163982686005 0.7199079694681088 0.01887568099858285
0.9773952518806779 -0.14598519371377372 -0.01049794264746298
-0.38423713825071726 -0.4404021294126992 -0.010495655120580408
-0.46965502721442665 0.9282557247559564 -0.005712311466021659
0.37696141696915997 -0.8208077316466096 -0.0006212043062516596
0.7402775437971922 0.646761409427449 -0.0014197739168308953
-0.8831136947859457 0.8314790402933314 -0.01046053695232447
0.36663883884919946 0.3776027981122396 0.012761495913712947
-0.3634156998345579 -0.7402232454482385 0.0027748783951563735
0.7579721446353183 0.05179392203474609 -0.004161736828321295
0.18103467595251677 0.28654179167833016 0.0004764758981564768
0.9941206290651716 0.6254733724777399 0.003738499589647731
0.9698226359961535 0.7409899492156398 -0.005933655712075528
0.8886860073499412 -0.03606639540684542 -0.008203789153585444
0.5568638403358208 0.5294308249942861 0.011755216500139117
0.34971565972450636 -0.7327394785942147 -0.004980353995567772
-0.8623515795497525 0.8689064885381841 0.002725857311722675
0.9684388245293203 -0.7226332342352288 0.006495923049685451
0.4543640764285475 -0.11269844955153974 0.01126970503089906
-0.2262065639883286 0.36786642182905105 0.01851192917447269
0.28988391820516135 -0.8003007620914235 0.0036884219859341393
0.36001593297875845 -0.7848889109417256 -0.009368255012553582
0.1362001898119405 0.5910473777959198 0.006431651884915015
-0.700807457587818 0.2783736403958019 -0.004669212273210883
-0.8898699591815493 -0.9120375059648869 0.0027374764041493793
-0.6406544804441892 0.3794265260704759 0.005603425779801188
0.38721041456166305 0.7838146360569633 0.021313356693056815
-0.7318166279980498 -0.4476237917134347 -0.003974536862319581
0.04410663780026147 -0.9797399619518972 0.0020708503930235897
0.8965609614009724 -0.6171179417439772 -0.015698515994303643
-0.6919539646630277 -0.6746906185607104 0.0048220085546159955
-0.4046541467851641 0.7899111239539536 -0.015939055158076684
-0.6083138128147039 -0.7199514995337555 -0.005781018138569897
-0.2381990105518157 0.8417336245556586 -0.012044474685375523
0.6850517608208855 0.13813978857616882 6.158357579833764e-05
-0.6622526292468942 -0.8556043997690697 0.004824069141321324
-0.08148619863546935 -0.5802534606144047 8.757396247586063e-05
-0.722586217638503 0.7880583990122589 0.015917840160760408
-0.9812820962096587 0.321132035670459 -0.011217338107132024
-0.7534371734245755 0.9587371030156542 0.0011636713058973294
-0.7588772209117121 -0.4188927160985634 -0.0025615369026837026
0.9873256537937181 0.0913918835069607 -0.010350603888242904
-0.18171066797685498 -0.8863342990360896 -0.008258455175171195
-0.022717540314827644 0.8757598515481688 -0.0191538405205392
-0.5267147741746363 0.7864893547956378 -0.0001622477310080054
0.3830665912396647 -0.07970822790835186 -0.005216197184638413
0.11539205968728217 0.4108541915403976 -0.010332560955679786
-0.3005425760525504 0.5739537536825869 0.011560257660090573
-0.43623904698909755 0.4465855213763159 -0.0034347239949425014
0.47027718536133145 -0.03899832486264754 0.0037898820039735043
0.26380837084680175 0.6243829904545746 0.014598817421286298
-0.04078657500578209 0.6086373500504834 -0.019247260114699134
-0.057107737398449876 0.21599074189265544 0.007480918483245489
-0.30599153276673907 -0.23230785966320489 0.0146140032906866
-0.5724357377864291 0.6075617978750303 0.018209213294006807
0.48275349513675736 0.1603561213733522 -0.0017087076869519184
-0.8839726630833447 -0.7863577862655624 -0.0011541851861948788
0.2427142567943552 0.7227361430278048 0.007732180969350653
0.77789881580688 -0.9327493859275042 0.002373030608813922
0.1333191169869674 0.24219055564328018 0.0038592313879810976
0.44014634448458345 -0.8223997476842022 0.002794250226031283
0.9362318234010187 -0.7950644569728458 0.009331586934453072
0.1873371786286253 -0.1984881066148918 0.0017555297115788618
0.6525510541727855 -0.561067809121718 -0.016451000476785146
-0.9000757260943488 -0.5656493998202614 0.0009668271287607827
0.18646176845839713 0.4531079943778329 -0.012619521566833403
0.26734554624271234 -0.193204421919698 0.003841355764433676
-0.9061588042831088 0.6254652595376913 0.011747625052793025
-0.23196311259224678 -0.8901352217248397 0.0015967928164066826
-0.313983369228082 0.03211846462139367 -0.0032170853561178043
0.06757426172772618 0.37123220156598635 -0.006042767792377001
-0.9855930125056043 -0.8732543142229607 0.013762830768577077
0.8778037827752905 -0.6183534913906856 3.786436977329979e-05
0.5387326957614489 -0.3363413135309734 0.0053045197844151905
-0.6735623284600039 0.3303588758103573 -0.0006776551763778457
0.3198680318391327 0.6743769815547853 0.014744174947354817
0.7341901069071484 0.7849221347082165 -0.005619424668593152
-0.5466719165657632 0.17644888368154854 0.009904135191921085
0.8767940431546002 -0.9934826363929414 -0.0010639544113362983
0.7887814847977968 -0.024396961487186175 -0.003943704394590892
-0.9397452294254598 -0.7569462420236848 -0.015600351232238931
0.46510780688820574 -0.46432025968150814 0.0012929469523899242
0.0811088793986372 -0.16808147495109527 -0.009860531863933125
-0.6267431655636546 -0.5770948279978689 -0.00803237451521392
0.6182900966208718 -0.7996492098435835 -0.01572203199138061
0.361001398375393 -0.3480725538905365 0.0037878990583687143
-0.06841004335115364 0.8211793825262588 -0.0005325078399730118
-0.4645548884110533 -0.8609967239685687 0.0034691015356943414
0.09752893220371006 -0.7361992728753131 0.017493718277640038
-0.9400514120613317 -0.977314877521245 0.005675450287256807
0.581266282099939 0.8772446270534238 0.0024436837356164487
0.0963997192117867 0.09211034454247291 0.014724843731734601
-0.46951728719766694 0.1660005603757959 0.008200938923152889
-0.002759173708163809 0.5374370350157471 0.0058397543478199655
-0.5072465536297295 0.5749911153432974 0.005705308254986631
0.21042587796853462 0.6611893414107157 -0.00634142357521967
-0.8577857903079198 -0.3137856332140305 -0.002623075045577503
0.7802076156203355 0.5159858014074203 -0.00328625154786021
-0.8673015302113516 -0.7128025876243524 -0.008658636009132019
-0.9357349068749874 0.03567293116358061 -0.008385675878409521
0.6235546206603386 0.35037639068459203 -0.011307517423045064
0.22580039974467048 0.425757679464134 -0.0077502427577996235
0.32216668135964044 0.18210992907374668 0.0019227711549258373
-0.4972905392601066 0.8145262731059775 0.006609101089883479
-0.3471382814520356 0.6366655475853897 -0.012187897561602908
0.018404138774993584 -0.9644122680123359 -0.0030233979072603885
-0.039319000382365576 0.40028255055249384 -0.0050125637471837015
-0.376975336484934 0.3683573340297337 -0.005495880750915773
0.7340228056409852 -0.32979521977832627 -0.0035018180250180058
-0.37011480872772773 -0.7517670419223992 0.011139854370922497
0.6205199346198513 0.644224386575454 -0.001947213777594562
-0.23570870920987064 0.8134069193285238 -0.007107731206184808
0.5302238663154546 0.7751646802293328 -0.004418700149969303
0.19719637272848978 -0.9498237786899146 0.004865549945229551
-0.9808793350547189 -0.02795696296517014 -0.00844017291775847
-0.7176037236494712 0.7825990606193933 -0.010777630732265118
-0.9770556501133789 -0.5630278089131764 -0.0037531411439301293
-0.6074765250995193 -0.09759276370093728 0.002877023229813024
0.7160447796581608 0.08513857181110418 -0.006637176490952446
0.429530235911209 0.5192416499652273 -0.012467447519539421
-0.687833900987622 0.8806203094369329 0.006864052514785928
0.2863182053668407 0.2000707440304259 -0.004389531571281864
-0.9912629647825295 -0.3077902127965819 -0.004670439615432127
0.5146704053668958 -0.3648487629266788 -0.018831099814895256
-0.5874630876397688 0.7817774177262571 0.016553229140386615
-0.4154280097491778 0.9740865993744823 -0.004990240416183571
0.8796127129842797 -0.0729305706628276 -0.003188189914987608
0.5370039212013575 0.6310135480338606 0.002635684723772091
-0.5394133710185223 -0.5189126359869523 -0.013874366041615563
-0.19879071802787607 -0.0538347699744266 0.014373337143168177
0.04124603974136143 0.9201874456832355 -0.01792331981937104
0.9633686597549915 0.6288814098448787 0.0038861154966154765
-0.24799756553814079 -0.1026130542640924 -0.001866651844313011
-0.8051748161588632 0.17292914960277783 -0.00902651116405412
0.693682763125322 -0.5073972487029743 -0.0024603927131119376
-0.8431273024376769 -0.7471800735873473 -0.011591675663923018
-0.024800895103743725 -0.5955081962167075 -0.011154163619257574
-0.7612762208723964 0.15741005070995007 -0.0005437941082369836
-0.7520652382074826 -0.31723560677605045 0.004912686367203625
-0.9875945309052716 -0.16838295954575844 0.01096498714565232
0.12415555785893062 0.10404763005818451 -0.0054349620040912705
0.2593826395754817 0.4409608633923472 0.0013414391962233302
-0.336473206965872 0.5064088660310981 -0.006613526373366432
0.08291550562714911 -0.23161389454472503 -0.00671064660778802
0.059272556925257236 -0.82811181401129 0.002748259879615515
-0.3989026085515619 -0.6166992327140091 0.0027122702416510496
0.08672818057991782 -0.9702330361315801 0.003774274014734789
0.9929599103376743 -0.7970125710684439 -0.005138527438624093
-0.9759133495698153 0.46180109592434904 0.00016487113260700716
0.3493547731259814 -0.5524323863266283 0.0011351404109280574
0.38262104299251365 -0.33408646948833987 -0.00333334573168291
-0.3476971360961749 -0.9646965331418165 0.002744159483487075
0.8642248381769508 0.23277645475371012 -0.009981094966407906
0.07780859780786598 -0.9904904646443184 0.00031968449277057227
-0.5900920452636402 -0.5983092686540206 -0.004411888384796094
-0.7993200165602687 0.7448405369772901 0.0015187813314394756
-0.3725257086000462 -0.6729903636950822 -0.005302095859680508
0.9997992909620381 -0.4301314520474757 0.013247374924497209
0.2943065675909997 0.7670378138124685 0.022848177483271594
-0.14847280326603007 -0.7637669610986488 -0.010812108789719178
0.6796399078949866 0.6607541896241897 0.007672340487088988
0.4103255465778377 0.46326913308255735 -0.006820708885363048
0.6661203453143931 0.271387231806387 0.017776150331277146
-0.25077538716293946 -0.8455063777581504 0.0002720914173410935
-0.6822468772410963 -0.5235056987458979 0.004961332369196715
-0.5497823509061626 0.4167439151484351 -0.0019332308836654856
-0.08607204415716896 0.1691637426446999 -0.0015695867750610427
-0.41435679921727697 0.930624988308367 -0.003481038795412925
-0.5340764378075442 -0.5409362107581173 0.007828097867328219
-0.6574276389733367 -0.691125750108027 0.00615940629595349
0.35587644146305064 -0.1754903790001563 0.01007942798640666
-0.16439318000409475 0.2337214621257817 -0.009953807644355555
0.36736412651701067 -0.09433273779026075 0.0039179315907935846
-0.3963841840808324 0.8623342169528936 -0.006979885471860748
0.35121667572217663 0.8735405397319236 0.00011191130504899475
-0.4573535399804194 0.3700745621120354 -0.01523146649317977
-0.750843016203893 0.6517420131963352 0.004352874401866667
0.058962883850057546 0.41226789017749677 0.005462097679221213
0.5435959635130285 0.9577271709435904 -0.008194626415134828
-0.36544371068795733 0.9390527315481425 -0.004739508273251005
-0.1163116681728773 0.06309193320503614 -0.009472937428957285
-0.49805540569124185 -0.24080699157835883 0.015799718829182227
-0.89256027367307 -0.8258611513072864 -0.001049977119686267
0.963876509894406 0.15074328130440118 0.015338776735887204
-0.41224993135537624 -0.9061609913281201 -0.025483443495467037
-0.5947922605796503 -0.01926593394847176 0.0025698395919443386
0.9602136195913404 0.028280616415709003 -0.0061422203801273605
-0.7279907253204823 0.004392480680371014 -0.00021267037581381944
0.9240357631397131 0.9768589857613941 0.008030673691173829
-0.06455847405069104 -0.6402059642351439 -0.010634771225226429
-0.13036105869332437 -0.5999866194974477 0.00026185241010575103
0.6520059809553167 -0.4385206946215521 0.0016874522697330968
-0.3459266851260834 0.4022191195474123 -0.01405447693045392
-0.5933647063886014 -0.48323743926914986 0.002611851247104077
-0.8297848582455063 -0.43492663499130346 0.027130339413362577
-0.3855626637626772 -0.7474824949835253 -0.013735970891253271
-0.3503149506399892 -0.5105793004668038 0.0014673636134723477
-0.2091553360821774 0.9954573760379397 0.009047093895368839
-0.6346353302269401 -0.04682175704136249 0.01704455861865116
0.7855917897074216 -0.6149044528722261 -0.012207273998971188
0.4468917634222107 0.36246542842496954 -0.0005857183034882993
-0.5552307375278864 0.6692729451533481 -0.0012398677455378298
-0.6178419880102795 -0.6772909534681939 -0.003859258062839371
0.2647623080543977 -0.026911031894866877 0.004930851933481233
0.7875359345185455 -0.5819246745304545 -0.010738193166152763
-0.7589448813961093 0.5874845450494468 -0.009692593653664356
0.6007812371637185 0.6076299455644598 0.02126678567020776
0.3631276203339451 -0.7170376305758759 0.006635697978888058
-0.20336444200399173 0.7958210540879287 0.003628546225970933
-0.5072275450103303 0.9029929956427469 0.026376889399753058
0.3126755010320712 0.9482161968808802 -0.010966078387135057
0.813727177778562 -0.3724899457611608 -0.0003099542059527547
0.5280875297770136 -0.433882763157984 0.008445493511597492
-0.5420570200409973 0.5573246541320138 -0.012175877656084638
-0.7527015301584996 -0.2729178083832142 -0.0020960559417331423
0.175026456516316 0.8409749533438964 -0.00771869798140839
-0.25246199628729005 -0.12799732145426912 -0.0025507628324575315
-0.2127474531533533 0.7343492531345639 0.004912602130081254
0.4768885560771423 -0.5493724404564486 0.02416423959271576
-0.8939766418412824 -0.9861825079486899 -0.008321849679766888
0.3004272618540431 -0.2583265645109136 0.008348742779175519
-0.21670763534595583 0.742999087317572 -0.0022814613617609387
0.048366154499645875 0.5642715940089131 0.01619475897094548
0.3739504680180006 -0.4296707892549654 0.007451070356116979
0.5033920418968361 0.40018777235296366 0.003788186717699636
-0.6898948113756573 -0.4425139063557919 -0.003669366173811188
0.38205058993494645 -0.2414549274490836 -0.017037543034204163
0.8980271135503057 0.8055626059547967 0.007453732906957306
-0.6562660471076045 0.3832265709896554 -0.012275269872797602
-0.9652535641300282 -0.8930139545888287 -0.004483252836804825
-0.86192342492677 0.6600816147357249 -0.015788513481385224
-0.9321758888299199 -0.3300420404304061 -0.01836862934952545
-0.4898089957728369 -0.972137535581238 -0.0051492315983545775
0.0023490292567178717 0.03885426490458799 0.010452993245502062
-0.49582281953902574 0.3821430384781175 -0.008373343557465874
-0.691449491185848 0.6718732865067951 0.009542826087573997
-0.2842468248337875 0.4978655007611055 -0.007706366320457006
-0.7555303298959184 -0.2672290235990924 0.0060121967384191765
-0.537266916933258 -0.6359850430483043 0.0001465534138467019
0.8464428060092615 -0.8610427001332552 0.019296298852797534
0.49686030039606965 0.49908459422799556 -0.0016915287286231046
-0.6713416727908978 0.9240274313798613 -0.007483908220334813
0.7507069250215921 -0.8289185802279728 -0.008181483603504108
-0.942581329077373 0.4507980949672472 -0.005818339472026106
-0.6483334545416992 -0.43261583958933625 0.0035577200305737812
0.5907271694995377 0.3231727016825934 0.021049605576848804
0.5513011574123587 0.2634453933180776 -0.00418759324728049
-0.9526449208872767 -0.15815314094994415 -0.004754090213305578
-0.6605076656536266 -0.872482644222405 0.006336585351175694
-0.7756958051111504 -0.37276002619681803 -0.0115410418972228
-0.5027094940657271 0.2808222489593559 -0.0008897289091667269
-0.8592677471372236 0.14037052517680904 -0.011446213036367446
-0.09445429400323935 0.02037092746320135 0.011860698331322053
0.6140151847715853 -0.25186130033038845 0.0032224172202061523
0.09066154549150252 0.07642616449523953 -0.0028180821827116444
-0.31614279089983666 0.2988650132008923 -0.00030162302250654296
-0.8433700141679512 0.40506712612500717 -0.014485396166984554
0.05054073265010017 0.33448814212862366 -0.0048243729649832924
-0.7334566562031457 0.4679658264260358 -0.000895071962642032
0.5499324636077436 0.1314588835617707 0.0013838035107441135
0.31868630055820457 -0.6036982019668753 -0.00594200531189758
0.44854990868104005 -0.2797794168891239 -0.007443941220264463
-0.6725286351265529 0.26239106497883924 -0.022702387309944
0.708083475778984 -0.563703341489199 0.0038828009580690417
0.13309336786081505 0.06821552988828183 -0.0008461263990379771
-0.9253058786726231 -0.594092234671225 -0.003836895360579408
0.20333360087712027 -0.7517840442217669 0.004067402715462001
0.7397526995940336 0.5121743744023155 -0.013181331429088481
0.27186015107926487 0.36728174383165624 -0.0022916510042204187
0.26070227542575064 -0.640232108122323 0.008710176619651
-0.4977893480419535 -0.6536046173142922 0.0026003041000781453
0.5583918260800793 -0.013114707162043882 0.015853400277060364
0.5773893093043896 0.20361054935416978 -0.0023994768249459425
0.4338142515507115 -0.7698364939936189 -0.011508139825043588
0.9660967996055816 0.5078997315494065 -0.0029392180291984496
0.8124549310268139 0.7982594529368188 0.0013217725177312447
-0.3633401047856888 0.6321888045191946 0.013132513552512033
-0.19795237382496245 0.9470057492223203 -0.011319712289476012
0.027336624402839238 -0.6778896307408715 -0.020845556384160347
-0.5034578611194769 -0.2545753414474632 -0.012522657873035515
0.2240805409440625 -0.3285174723908102 0.011082445523290834
-0.855522954735908 0.9601780605687313 0.01929395405415677
-0.9977864549613964 -0.19154943291216298 0.01589662846002799
0.32360017296512145 0.11514603701263337 0.0029181718701936973
0.4384145078425461 -0.05863908693230391 -0.0007647667472596974
0.5606446717242253 0.7936842316028208 0.0015548765249076655
0.7888494460537336 0.8854091153261243 -0.0007459290921024397
-0.07633594243603548 -0.6286880208881815 0.01329885656389715
0.7209337836355543 0.8891099602888126 -0.00032830325386108564
0.8693480390912154 -0.787269769913022 0.007403497220627294
-0.5852857338925643 -0.19542481410073398 0.006640879922620647
0.8490406351555697 -0.019722735318527862 0.0027649898001995228
-0.09663083428069452 -0.641460640043116 -0.006737853947548239
0.13898724663163353 0.14866203522272237 0.0180886568791395
0.23209730399674755 -0.31229352762044593 0.009299215407838141
0.6068136035354674 0.2637592877903594 -0.0042875902838743615
0.849671298336359 0.12375146318003849 -0.014274565434355593
-0.08108828799371048 0.492909112211682 0.008647077470794679
-0.36846847634300217 0.3249377320878748 0.012081873203906078
-0.04208904907786892 -0.25255503910533195 -0.0023188039742678772
0.956023045392751 0.2587110303915321 -0.009197629200185797
-0.2275616678690342 0.9777698118991904 -0.008560215893060807
0.08627481996444253 0.2501666983827573 -0.02215558459756457
-0.1190962693370683 0.2501827535427956 -0.018119653309981394
-0.20854793883526046 -0.34459699895165774 0.008441082466015942
0.9893755741829962 -0.2762377909054048 0.015623351683471379
-0.2973885843625781 -0.855591397131813 -0.007394944454326873
-0.36388734802857736 -0.6952013461512032 0.0015618656448183818
-0.585548253615986 0.9683269421371623 0.0037532117271002296
0.7620705371430145 0.9854016911140202 0.007932487328310518
0.44616278180308533 -0.6585628445833669 -0.006243706021800126
-0.42091870367922857 -0.7090273078155318 0.008837068186965419
0.640179250686491 -0.6685184258343502 0.006902216284497318
0.2557872591161796 -0.23112332954415193 -0.0027247580004535372
0.8273131381495396 -0.5507083306032972 -0.0017257133736631087
-0.2869474827221712 0.4226269091928898 -0.018397366248678857
-0.7162869136446954 -0.34534216845807 0.02082225179888383
-0.7031267481114161 -0.4151201700385887 -0.011025085038589729
-0.5592873451599014 0.2820541986686371 -0.0031253392885235575
0.6154373928502139 -0.9814844199640202 -0.008788516787036398
0.27462898242711486 0.26920182067076004 0.004843939259447045
-0.7870477308193804 -0.63263275974321 0.010481018955344203
-0.21569010458252347 -0.23932791965298006 0.000998586080281894
0.21786330478979998 -0.7855097949205732 -0.00041157099653151404
0.4790051711453289 0.7156523917248561 0.0001974186986627796
-0.0003363129804907494 0.732623096475449 -0.0005870432183528368
0.4143894825326542 0.9964314775288621 0.0054961642899627626
-0.14080064949026005 -0.538051501207415 0.012958152171378388
0.717916903689163 0.8506521627332726 0.020436169928925413
0.037222626155353655 -0.17197575124616504 0.006096744750592844
0.9236032196427004 0.22307233082296274 0.0011715478995138566
0.049322899474442794 0.9929834222236993 -0.009201556672303058
0.34415962644140485 0.16405010890945992 0.002580046108917355
-0.9810115778741935 -0.8674223392820535 -0.007574506031682654
-0.06027516674303901 0.0005541867462919292 0.004350720582099065
-0.1627404886092254 -0.5665781179433043 0.011056444858579881
0.7245266863292812 -0.7986229656658956 -0.009785045293498022
-0.5768279759487389 -0.7575951422157643 0.0005523727104691004
-0.6515758925649016 -0.14488564326177866 -0.009585457151906918
0.9372590464831196 -0.0002606981781603235 -0.020457267502580416
0.31380797033267194 -0.5915747783221275 -0.00025358287412496585
0.9685888503697881 -0.19456663990142786 -0.007980828349828288
-0.07760439261225871 -0.8508122175292601 0.030721517353091365
0.7416380528506972 0.048817440255791045 -0.004688417864786658
-0.4209641313359973 0.598563118683717 0.0023323241274597712
0.3293746482524187 -0.25809870111165534 0.007573708430784119
-0.9077213327564502 0.009335915402506556 0.0037255199498538592
0.8576510708626401 -0.6609636542682338 -0.0010000817017349446
-0.6694747630314211 -0.7980719058185295 -0.005405957955562665
-0.377250122260409 0.9083756411434967 0.020293547824337194
0.34321493890031496 -0.972096571196849 0.008809558240281986
-0.4190200673393045 0.500281713969376 -0.006642677264160529
0.5558955567526571 0.3694163572909326 0.005315259028010758
0.41645962249678425 -0.30138387089033447 -0.006771335169029164
0.8715025117968382 -0.7749375302677937 0.0030255095268173055
0.058208766407074064 -0.19498498852418433 0.006285558964303117
0.4217501763434266 -0.9559950063242448 0.0016316071082259202
0.4533629504716514 0.28013836124991864 -0.006138060095133408
-0.7138067744645589 -0.767656328240871 0.005742933713211734
0.9919961236395469 0.1861910277668939 -0.001263188050374151
0.9229885632867016 0.6792608825639173 -0.0015452995950117193
0.5304723702919907 -0.6344313801040606 0.004266231789563894
0.686391345553236 0.35762442895877977 -0.006865432822423771
-0.754370166649013 -0.2626993242245339 0.00422332668127985
-0.16480495628967162 0.4346891343456867 -0.016024629636134144
-0.5208230884408205 0.23368969093537229 0.0036735323601565827
-0.1097155975072861 -0.9599730782885598 -0.008830993418279977
-0.4795017971199387 -0.22159350647775122 0.006696743084470056
0.5851863379992497 -0.5266126622185714 0.001409389854102597
-0.04428882988902472 0.42456840771223603 0.01594383435942581
0.06238105831331353 -0.39521503346722553 0.012647599936738281
-0.6868919282620771 0.19117106926047844 -0.01784680412930799
-0.8256276694362954 -0.7435141236569871 0.009828458003647782
0.26324925577209957 -0.7818563364808737 -0.0029696245781612447
-0.7600743649450519 -0.5999902585476409 0.0018509659978297136
-0.5212669424809759 -0.20336570614656257 0.0003882655214315178
0.46284996258168887 0.5097296671469904 0.00459864415233022
0.6731563877642992 0.20721897689420543 -0.009224704206248055
0.22777837311363092 0.5009550052630558 0.00243382397855999
0.3882721072111215 0.5226144530849068 8.191793715589585e-05
0.12655616092483446 -0.973288808645443 -0.004310863173057596
-0.6911696666705185 -0.3150258981648735 0.00984654031136997
0.3485993378037473 0.8479434800637129 -0.008795042088892133
-0.613332984364171 0.7063741648254989 0.016689430463907133
-0.4384909452306418 0.6756269995489097 -0.007488001904251633
0.9703539565952948 -0.9280569391952418 0.00407613050912269
0.21540754988646738 0.2435421932207691 0.006624625247669451
-0.8610227605227982 0.19740781694807885 -0.0009183958629944487
0.22191662094455133 -0.9045316384825846 0.005288013871970628
-0.8318462259612622 -0.5616947276167916 -0.010301063881528651
-0.19511829044457318 0.14740577823211498 0.022167407627185925
-0.6333936384533498 -0.6403692951119988 -0.00639987560495549
-0.2989054665138706 -0.6547532020180458 0.0014270163833702877
0.9688319995849781 0.22084887222103267 0.0011043311601134068
0.575738972419995 0.9841501592182595 -0.01251912297862921
-0.18819976830554075 -0.966709816152135 -0.00917333373473438
-0.5918159945912609 -0.14299677762170226 0.020917304091058995
0.04036140613653738 0.32543822456322635 0.0042303162615264026
-0.062116047966366494 -0.2795935172398074 -0.014044280134961265
-0.9128054263977836 -0.6297447064534474 -0.018649850751912393
0.3551882238211972 0.6137517161365935 0.007968536226254182
0.6421303771381175 -0.1822021880178637 0.0011606428929805297
0.49069059592762665 0.573705895502362 0.0035155029225906248
0.6110693752331078 0.4709559541993844 0.012430348787031295
0.8066048777882262 0.37495319701624497 0.016492447536438068
0.5169336193206284 0.6192488820433824 -0.014542102402740833
-0.9824747812480763 0.8088321205020488 0.010578135234910026
0.14597715412830614 0.18807406921666558 0.006137992530005599
0.6717024436158294 0.3790629660618028 -0.006254734643074043
0.24198881330497723 -0.5613347036412983 0.004506956925528844
0.09772405760327585 0.9049986856574475 0.020725453227934856
0.6790008915146777 0.995120752911455 0.004048235906706274
-0.9295730644897464 0.4967420424296709 0.002684746075317518
0.7485482339770546 -0.7216804246082462 0.0030178409343039575
0.2752435344987456 0.28379118248014223 0.01047463997022167
-0.8590505476966144 -0.48655347434460894 0.0012557070322012569
-0.27460949377695076 0.0307043181866955 -0.0015916191702225926
0.4402590159689943 -0.9387244742030803 0.001745750363332201
0.5370282826607506 0.7110022168204579 -0.0016297309008405083
-0.4861553880450946 -0.7791238478676987 0.006567866829606476
0.9866046744137389 0.9290042842703361 -0.007907076353747135
0.6014939014899467 -0.6820130755844238 0.0018851251141835796
-0.20765806287755573 -0.7207524029204573 0.009153700654615241
0.6566544696367662 -0.2591272898113606 -0.009597629140197126
0.2413907509581188 -0.11210787510628295 0.014833439706099665
-0.4767826803789106 0.7604558934659387 0.0021083009368645326
0.2477306165385469 -0.6661930620389254 0.017308432240443292
0.19188386164445115 0.31139643991904054 -0.0020575587296297014
-0.03740467425400906 -0.503942944176369 -0.007110996561574078
-0.5313186403601149 0.5211427824997779 0.005361067697148795
-0.1586325937716926 0.6073190524422427 0.005761165133605448
0.03225150931116527 -0.975485343738018 0.005453724569294145
0.4753214282241012 0.815099548306742 -0.008851460595853662
0.9364055603621879 0.19015750653420338 0.03819356142382294
-0.6337776196564577 0.7201462409976771 0.01171529462422633
-0.13177398482422809 0.2375086935174755 0.011353526412319353
0.3640782077956497 0.10975293401287001 -0.0022120652173909343
0.05649225235797428 0.1025406925431449 0.0003994743349581701
-0.12958486044247164 0.3221200849489134 0.008115239700340534
-0.7132523104650341 0.37664308664285095 0.010421761030605181
0.30682555992813443 0.3391378630205242 -0.00033641775262421576
0.8031986411437231 -0.7072237979926761 0.013659906383941198
-0.9151792764752489 0.1716156244896787 -0.0007554345693510729
0.9173896824053689 0.11703861656943748 -0.0004725489807665146
-0.3279444051119562 -0.29651318333725096 -0.0017104834537384028
0.7895115990727439 0.4847444206014533 0.008032356014452029
-0.9432342092649013 -0.1788351616262216 -0.016944751749199984
-0.5577378820771361 -0.8011563018459666 0.011625162057681005
-0.3472268920730719 0.6697499393610427 -0.010890599245992467
-0.10179809614802404 -0.6534307662330281 0.0008893886750609976
0.7151631057186838 -0.30987600014944516 -0.006393585552794115
-0.10697899413970235 0.11522757665425121 0.0025381729615686034
-0.5578463231538493 0.9013777041601825 -0.007686446621893198
-0.018182334976757142 -0.9135932033057756 -0.007371220866389056
-0.8859628648760065 0.8357479023703689 -0.008696945469533588
-0.9608334821132145 0.9825184560459763 -0.01444886887559505
0.48370203823295777 -0.40398017305791334 -0.004016350055881133
0.1894160900769042 0.49572229442866833 -0.008715775091628263
0.3211798720965324 0.7541096427138538 -0.0063702600633102745
0.7362891572621659 -0.38249615877536947 0.00842486234845768
0.4686404646032576 -0.8889827943152919 0.011080366306196219
0.5728169190835286 -0.5906138052967094 0.0006568505154851348
0.8152620939611579 -0.26564127144294436 -0.008068416939836606
-0.4279053888106701 -0.7145932902333001 -0.0037614000951698714
-0.27025079267113106 0.2402220028477735 0.002372752748518107
-0.8697465088115717 0.3856351678061274 -0.004479562043463474
0.6071693370336131 -0.0787715627306691 0.006075487626671194
-0.05944828749771491 0.5746284251199434 0.00564682925859039
0.5895657701160149 -0.2641571906911184 -0.011604970951776726
0.06618674744607911 0.6429934190726687 -0.009043441990126124
0.5736163310922726 0.9783166113441735 0.007915305335364942
0.6376335229031049 -0.7411348113714236 -0.0038653489198161605
-0.6940294696551426 -0.772227440374393 0.017031276494477086
-0.6010840568031264 0.7182657220742936 -0.004727139758227819
0.2448929261748647 0.2777151673831477 -0.00477612003163191
-0.005389953958016003 -0.3560686134398845 0.0010086824499606609
-0.48686397228745326 0.28599798880616634 -0.01661794673344707
-0.4010040943679294 -0.4422274293118158 0.00796324611871752
0.42187960750546116 -0.10606714645303539 -0.003075116996178256
-0.8364404818580007 -0.01572088017593054 0.00925094570587799
-0.13217958709089106 0.8710821858224036 0.0026425462515345605
-0.684345907146682 0.7320016722023501 -0.00439179216021587
-0.7780050047643385 0.8584394461936229 0.0020516477986179857
-0.6403573972203789 -0.6999121467871616 0.0046516871225054995
-0.31999435772828955 -0.05762560958672491 -0.0009367774253697343
-0.9672154932762609 0.18306986802610314 0.0054048913685925196
-0.9034325911160126 -0.4148783123890305 -0.00702316478700042
0.6752900416413181 -0.2687010779938783 0.004047051079988584
0.9760587629973774 0.7012914117716262 0.008034858918313131
0.5215148388220152 0.14586678029491695 0.010117351734462406
0.6484497267459008 0.5284083959412793 -0.006154666132572596
0.4704224905282277 -0.557967816235089 0.005591613675189743
-0.6315404567643388 0.39408379834301654 0.0046330343560185994
0.6776754991704221 -0.5941796761632594 -0.00946011837655383
0.5335593109787176 -0.8114842750488349 0.014967210942684456
0.44026900475694974 0.19499857839210888 0.005104767924967981
0.5620987181192179 -0.10827148830009459 0.003501975565091131
-0.6024044777065034 0.41807229507747357 -0.004440256080126635
-0.9363746317052803 0.3148346403538258 0.003703581321061845
-0.252353972598961 0.013566643713123883 0.008828726104755937
-0.3760105765352322 0.9253394583646617 0.01474964530987143
0.8779310914084135 -0.6604021782217864 0.004953933338942658
0.6689258486700347 0.006890925457449848 -0.003679666318147954
-0.19235004988249438 -0.8601247511936294 -0.0024012574918515924
-0.2874559437869548 0.20010089065331194 -0.008823148710249133
0.2612991370963944 0.5012111446042262 -0.011265078176377912
-0.5297212381246137 -0.36268848751199867 -0.00416928418165523
-0.9608484266641086 -0.41921669474835044 -0.0005192340875569932
-0.2947122513936873 -0.584126297158172 0.007336739693694079
0.6811724931595986 0.40157849703286974 0.011622512110364707
-0.5251117941096155 0.9887395554933258 -0.00022567211723254103
-0.9947675760054986 -0.05666632088986501 0.006785211101212303
0.9425243385204312 -0.6592212405241269 0.0061483062996159216
0.3794040155360716 0.9167138873446237 -0.0030401923504418714
0.2531151141160233 0.23433465733814263 -0.009182090189597363
0.5877044091262074 -0.2825427781867076 0.00516733912673357
-0.7176800354487545 -0.8183570986152475 -0.025230753437264202
0.31863269781212034 -0.5175727451816992 -0.0007197522171403627
0.9181322268813563 0.758547095101141 -0.000713784197807298
0.5867242695976935 -0.750228837819553 -0.005682159234548586
-0.723926082096191 0.8286110926391215 0.006726155010893338
0.21403635623178907 0.5926634484066051 -0.010132359575139326
-0.0524800958285041 0.03390884963318985 -0.010499460226830142
0.005753432550954063 0.891227315127181 -0.014419847875961995
-0.554477158365646 0.3518040805531033 0.003529828895563062
-0.1905828308340478 0.7413802604065312 -0.005609173699273968
0.4063172533538275 -0.6110657319515387 0.019508491799234976
0.6180884331311316 0.4286107949847451 0.0017655177902635736
-0.8977352709374959 -0.44545392878351664 0.0003378066268599357
0.029975497703632614 -0.9447956804188173 -0.01567416270906898
-0.007609836854483465 -0.4431981745408582 -0.012848631152775606
0.07347847233533811 -0.6496532915801063 0.006344444508380689
-0.6697926796018179 -0.47095457701669474 -0.0029241665965088265
-0.9845495243884208 0.5194674602280382 0.006212065854186943
-0.35245086063988196 0.8457717131015168 -0.005093361143386654
-0.119852265589248 -0.1329426547237913 -0.008582308047989467
0.9919365506384845 -0.13064323694651625 0.002823656428959599
0.6527468985776101 0.22129458077214936 -0.003923450513189734
-0.7044155815136934 -0.604074739568508 0.0046591827064633865
0.9881741974720588 -0.6855463677515705 0.02159729136151645
-0.5478341061031369 0.10450967547180201 -0.004722856619572726
-0.3722358803336032 0.863888985191833 -0.02138288947634002
-0.19775476397371294 0.6602322953849145 -0.004533464408971165
-0.09806193039936861 0.7668816822615852 0.00919686679248712
-0.15060787622229577 -0.9268180932042904 -0.0028741345499582473
0.6951292934994635 0.2864893861817721 -0.025981260946093848
0.9766539401881695 0.5953391849133791 0.01404259350530374
0.4180903194942778 -0.7623704208399567 0.004478309477679329
-0.9153686882901386 -0.9296590158672062 0.02107915283475919
-0.7604570277131435 -0.5370087482035697 0.0006521013788091577
0.9712345443279851 0.9199954627513329 -0.002703775112487897
0.6294125996902558 0.1262279021447732 0.0007967299283189034
-0.6560358392487442 -0.9472201859305118 -0.0047107177371426626
-0.6370609447507274 0.3084601859136016 0.005147230453236038
-0.7554913440311304 0.7222514374791915 0.0018722000668459726
-0.5021638163401831 0.8033163888056212 -0.002215907830111103
-0.8121362116083868 0.5060111308528819 -0.0026428747545245834
-0.8594347970327283 -0.3030395728804922 0.0021340890877222813
0.8793724115800594 -0.698901581066045 -0.0021434469428884737
-0.37364027389400434 0.6284865171903755 -0.010865232416853707
0.8140952164634989 -0.6159917089099758 -0.012711580885718695
0.2932824327255137 -0.26550189258010004 0.01325286413653469
0.7738844024612628 -0.14148057349255505 0.025440849423552486
0.6071678407514745 0.24591875069980618 0.002539662204139816
0.8338470161185496 -0.522925094377864 -0.0033214084315931086
-0.4755328302183499 -0.8832818690125614 0.014802768330995421
0.9491204404946549 0.38242865792796854 -0.0200079007210501
-0.195269765425518 -0.5189435776287121 -0.036273674590699516
-0.9905418405330957 -0.6417118370110271 0.014891369691300489
-0.09528467392825046 0.6980352811453645 -0.0002319568653597051
0.12456744651740537 -0.28928659457342554 -0.00013839800455962188
0.7539711706480228 0.13340861007584093 0.0090150954497665
-0.1840860346843034 -0.9224594913653077 -0.00416565120895418
0.6688762073271355 0.6324405371655422 0.002607592517909297
0.8499341435722678 0.8405707868258123 -0.004898014163195085
0.8265915442369056 -0.4309245474066046 -0.005028729276093476
0.9775319484024385 -0.34441765764901944 -8.374918056387818e-05
0.4856485225204059 0.7585576283268503 -0.0004715209123421468
-0.1004775122536854 -0.2669077920315226 0.0012709641249757533
-0.28218387448535154 0.16988865002459375 0.0115421572113111
-0.17059795515442788 0.7630673860875208 -0.0060459772426470805
-0.8452248535428029 0.07676317598269056 -0.011516225523590147
0.12146346848589351 -0.9134633213021128 -0.00247319274032155
0.30939690436003864 0.7416670039852478 -0.0014950763967143514
-0.3589944345488707 0.6014293647288285 0.002335728856499818
-0.779584169386468 0.4136421286584029 -0.004091025846132307
-0.9600112117544395 -0.7442924318368596 0.004166516543004565
-0.016574914692573328 0.009032389023153176 0.010131255335573717
0.7173114551852156 -0.7578971482852879 0.00032859365386735297
0.3692619982128946 -0.5653442688193779 0.011473651587605858
0.99561839160597 -0.8309764069021806 -0.006901798140623589
-0.8318756623055619 0.9403931841839777 -0.012381528416354315
-0.8641680253899797 0.22147340462849519 -0.005399315454845912
-0.5516033282950161 0.2502282665888713 0.0009246774221190245
-0.6009384932671058 -0.9252737223597933 -0.011598936193326586
0.8000552717903375 -0.881945388308331 0.0014196291307701277
0.6218609291298847 0.7857886027214327 0.025196897102954138
-0.2159464164656557 -0.898088589952877 -0.00217260008912427
0.8155016477748036 -0.638123424734443 0.0015532542474081179
0.9515389933290155 0.21550279965523989 0.002979829816719414
0.8079200339652042 0.5898458532909394 0.007382209684315006
0.31925626048848543 -0.15249616960821366 -0.004582357911739622
-0.7125154174734818 -0.09977639950228778 0.003852709696253251
0.2060759578811282 0.9542787753778921 0.006212753333230364
-0.15816091827111212 -0.2727601352251774 -0.018647216207130467
-0.39475680689924064 -0.5134909691422793 0.009414730695753127
-0.5794342508625423 -0.36854635748215325 -0.015328483922632741
-0.30807450792731883 0.22205027064088978 -0.010479896008633074
