planner,object,initial_pose_seed,planner_seeds,final_recall@5,final_f@5,final_chamfer_mm,final_visibility_coverage,visibility_coverage_auc,recall@5_auc,f@5_auc,cumulative_active_gain_f@5,unseen_surface_discovery_ratio,unique_visibility_gain_per_action,selected_gain_f@5_per_action,oracle_gain_f@5_per_action,score_gain_correlation,correlation_valid_rate,oracle_regret_f@5,oracle_action_accuracy,zero_unique_gain_action_rate,consecutive_score_map_correlation,action_repetition_rate,representation_update_s,candidate_scoring_s,planning_time_s
ray_gpis,Bowl,0,1,0.9462666666666667,0.9618863297313357,4.049192165467591,0.48509721079437074,0.34124491701688137,0.7854066666666666,0.8608262639642627,0.44674081399187815,0.42272049980829624,0.07540886670439834,0.08934816279837562,0.09477190424187218,0.6,1.0,0.005423741443496555,0.6,0.0,0.8304539082169832,0.25,1.285501301198383,9.61487996391952e-05,1.285597449998022
ray_gpis,Bowl,1,1,0.7957333333333333,0.882278208500687,5.1757315644586015,0.3319932486359392,0.2516790188631083,0.71675,0.8248934624378302,0.3239274552389555,0.2497715988120242,0.04447955157155465,0.0647854910477911,0.10443941074439618,-0.6,1.0,0.039653919696605075,0.2,0.0,0.808814409761959,0.75,1.2035259558062534,8.908899908419699e-05,1.2036150448053378
ray_gpis,Bowl,2,1,0.9318,0.9554859701944706,4.1617990540672665,0.44438917613855744,0.32535141181053934,0.8042066666666667,0.8696038759452327,0.3610331965812772,0.3663414143608488,0.06424382456438738,0.07220663931625544,0.08193660393607098,-0.1,1.0,0.009729964619815545,0.2,0.0,0.7707910133897915,0.75,1.1531303025985835,8.600720320828259e-05,1.1532163098017918
ray_gpis,Bowl,3,1,0.7187666666666667,0.8360929493662437,5.525354567182119,0.3059683343213408,0.23209739947545435,0.6329533333333333,0.7654703956532212,0.4272250398486218,0.2504129450078878,0.04637073497304504,0.08544500796972436,0.1539633149562027,-0.4,1.0,0.06851830698647834,0.2,0.0,0.7424321211947813,0.75,0.8683487723988946,9.787820454221219e-05,0.8684466506034368
ray_gpis,Bowl,4,1,0.9415,0.9632533450642932,3.954478253227468,0.43220877481322273,0.32988524861685486,0.8235299999999999,0.8885574916078305,0.35304302355961426,0.35134637785318856,0.06150937373507705,0.07060860471192285,0.07817043450629498,0.4,1.0,0.007561829794372121,0.4,0.0,0.7902053172922865,0.75,1.393869840996922,8.380460494663566e-05,1.3939536456018686
ray_gpis,Bowl,5,1,0.9068,0.9437074975525432,4.212632065258019,0.40560081507818374,0.3021415027563663,0.7667499999999999,0.848797314845973,0.3488926306938346,0.3206793322353729,0.05611827896513275,0.06977852613876692,0.08598105112124502,0.2,1.0,0.016202524982478095,0.4,0.0,0.8237795762760356,0.75,1.1300845985970227,9.803239954635501e-05,1.130182630996569
ray_gpis,Bowl,6,1,0.9158,0.9478722167678665,4.387858590294117,0.3973841009162824,0.284272832854052,0.7323133333333333,0.8197541978412319,0.5061518760240477,0.3352174024738031,0.060773954412156175,0.10123037520480953,0.12516310563304184,0.2,1.0,0.023932730428232296,0.4,0.0,0.6783862511444265,0.5,1.0769713178044185,9.419059788342565e-05,1.077065508402302
ray_gpis,Bowl,7,1,0.5720666666666666,0.7172175093588082,6.468381832320154,0.2450940586172883,0.1915636809492705,0.4990566666666667,0.653683316814136,0.12821861464300743,0.14258706593571052,0.02510804746762204,0.025643722928601488,0.1639323044141325,-0.9,1.0,0.13828858148553103,0.0,0.0,0.8938860794804302,1.0,1.5919551368046085,0.0001202534040203318,1.5920753902086289
ray_gpis,Bowl,8,1,0.9220666666666667,0.9594533661683604,4.114966197765757,0.4272111717979788,0.29811896944637495,0.7422333333333333,0.839571326328499,0.3427067781934433,0.34629948700228036,0.060687263792215874,0.06854135563868866,0.1010374022484749,0.3,1.0,0.03249604660978624,0.4,0.0,0.8220852883955136,0.75,1.4824749808001798,8.9142398792319e-05,1.4825641231989721
ray_gpis,Bowl,9,1,0.9273333333333333,0.9556062484640558,4.129337800064927,0.4569092680710615,0.33140675026067035,0.8003300000000001,0.8749133372536935,0.3684679999416738,0.3787589059819165,0.06622242264879384,0.07369359998833476,0.08104635657939689,-0.1,1.0,0.007352756591062137,0.4,0.0,0.7370901522087432,0.5,1.614492370406515,8.772200089879334e-05,1.6145800924074138
ray_gpis,Bowl,10,1,0.8213333333333334,0.886412596118993,5.151827337418127,0.33628024858847544,0.24773002682501985,0.6731033333333333,0.7748410739762625,0.48432465769187116,0.2837674336158559,0.05259242858755653,0.09686493153837424,0.11291140713538295,-0.2,1.0,0.016046475597008714,0.2,0.0,0.6664745579652094,0.75,1.049962344398955,8.918240200728178e-05,1.0500515268009623
ray_gpis,Bowl,11,1,0.8223666666666667,0.897742339162634,4.514453314590068,0.3604738659184356,0.2799408290912051,0.7587533333333333,0.8539020056372604,0.37024338218420616,0.2770087964651633,0.04900595300297226,0.07404867643684124,0.11469515246876179,-0.4,1.0,0.04064647603192055,0.2,0.0,0.7339660462920575,0.75,1.900849783801823,0.00010657519742380827,1.9009563589992466
ray_gpis,Bowl,12,1,0.8906333333333334,0.9391117552561339,4.6471522642363325,0.4059120351282712,0.3082809232491152,0.7574133333333333,0.8502615791962652,0.3442968883974252,0.3213668343734254,0.05626608844968656,0.06885937767948505,0.09173382132922407,0.2,1.0,0.022874443649739028,0.4,0.0,0.728872274834058,0.25,1.652163788594771,9.598879551049322e-05,1.6522597773902816
ray_gpis,Bowl,13,1,0.6643666666666667,0.7883516480066803,6.067961849212797,0.3117716782415686,0.23983562745223758,0.5718533333333333,0.718327838633763,0.14800176470998194,0.20751329236866028,0.036042629756229856,0.029600352941996387,0.13543940270348248,-0.7,1.0,0.1058390497614861,0.0,0.0,0.8395190189402608,0.5,1.904208354203729,0.00010310120123904198,1.904311455404968
ray_gpis,Bowl,14,1,0.5401666666666667,0.698817963632045,6.572514880317849,0.25699003467825443,0.1989315231882925,0.4890533333333334,0.6549377937062268,0.07626005367084288,0.15289365204168193,0.02682107326316362,0.015252010734168575,0.18121586557066782,-1.0,1.0,0.16596385483649925,0.0,0.0,0.8222508726253146,1.0,1.83830378499988,0.00012139060127083212,1.838425175601151
ray_gpis,Corner,0,1,0.9598333333333333,0.978638349994146,3.8012861132180706,0.07794540940068302,0.047706357584852734,0.8131866666666667,0.8828224331243175,0.44839804428412955,0.06421991055768841,0.012655593767309911,0.08967960885682591,0.09162477692089074,0.4,1.0,0.0019451680640648395,0.8,0.0,0.32392531185625995,0.25,0.8328625038004247,7.950379804242403e-05,0.8329420075984671
ray_gpis,Corner,1,1,0.9978666666666667,0.99893219434063,3.4415416265090104,0.07948624128905643,0.05012980722938933,0.89506,0.9344684546937966,0.37672221914085036,0.06455794115073028,0.012705537986265414,0.07534444382817007,0.0753811820998509,0.5,1.0,3.673827168082511e-05,0.8,0.0,0.13676792458228426,0.5,1.3483988296007738,9.426420147065073e-05,1.3484930938022444
ray_gpis,Corner,2,1,0.9546666666666667,0.9733154745781118,3.6964603035264134,0.07422959979999458,0.04389271166427611,0.8289366666666667,0.893697891125915,0.407110011820925,0.06270132191433603,0.012386025765076147,0.081422002364185,0.08415900475399189,0.2,1.0,0.0027370023898068974,0.4,0.0,0.21397613155184247,0.5,0.6997926780051784,8.273939893115312e-05,0.6998754174041096
ray_gpis,Corner,3,1,0.9962666666666666,0.9968465462167387,3.546661931277676,0.08114636798277892,0.04820305917062113,0.8773299999999999,0.9228689842454084,0.3867328071910491,0.06812104620512513,0.013433777094652617,0.07734656143820981,0.07776597430294793,0.6,1.0,0.00041941286473812234,0.8,0.0,0.11841954680704965,0.25,0.8108438176015624,0.00010308100027032197,0.8109468986018328
ray_gpis,Corner,4,1,0.9961,0.9943340032988791,3.9684451672516805,0.08487977443342327,0.05029394511363354,0.8736700000000001,0.9202388545518293,0.3462943457954992,0.07105913260696188,0.014000385114359451,0.06925886915909985,0.06998488769485464,0.8,1.0,0.0007260185357548021,0.8,0.0,0.1640092126344701,0.5,0.8069230537948897,9.238840139005333e-05,0.8070154421962797
ray_gpis,Corner,5,1,0.9482,0.973411354070424,3.7536021240615787,0.07813043352761893,0.04652517378278124,0.78758,0.866553026547147,0.43918552712949477,0.06604335807967904,0.013037727694962548,0.08783710542589895,0.09354317040506654,0.4,1.0,0.005706064979167591,0.6,0.0,0.26276286049439224,0.5,0.8043188451993046,9.087259822990746e-05,0.8044097177975346
ray_gpis,Corner,6,1,0.9942666666666666,0.9971250919301999,3.1268025941567106,0.08157801678825191,0.04983999367403623,0.8807500000000001,0.9272559556672118,0.31265492156908703,0.06623315526911643,0.013028945321819616,0.0625309843138174,0.06448412736274331,0.4,1.0,0.0019531430489259094,0.4,0.0,0.3552336060883497,1.0,0.8092960747948382,9.103199699893594e-05,0.8093871067918371
ray_gpis,Corner,7,1,0.9994666666666666,0.9993194043540007,3.7538020142178037,0.08555954209262387,0.05134233085213861,0.88961,0.9324229434481772,0.3371418753121045,0.07185924502945953,0.014159705966516473,0.0674283750624209,0.06745509603422992,0.8,1.0,2.6720971809024442e-05,0.8,0.0,0.1273410677500572,0.5,1.3017664366023383,8.97447986062616e-05,1.3018561814009444
ray_gpis,Corner,8,1,0.9825333333333334,0.9911897235859842,3.709010577545324,0.07749802194150997,0.04734104305881275,0.8526966666666667,0.9067560405863562,0.4367290302089635,0.06443836502843404,0.012707771883654056,0.08734580604179269,0.08883764125069027,0.3,1.0,0.0014918352088975739,0.6,0.0,0.09405380951018538,0.5,0.7539178208040539,8.4419603808783e-05,0.7540022404078627
ray_gpis,Corner,9,1,0.9975,0.9974916106676984,3.5158351368693275,0.08330169109847485,0.050426488743257544,0.8810466666666666,0.9279555741355301,0.3241914448302191,0.06905562840078665,0.01359977667975768,0.06483828896604382,0.06557482405605479,0.6,1.0,0.0007365350900109702,0.6,0.0,0.16799306906614786,0.5,0.8514268634025939,0.00010230200132355094,0.8515291654039174
ray_gpis,Corner,10,1,0.9981333333333333,0.9990657947417589,3.2196720512915795,0.08029222133344381,0.04891307587771682,0.8655766666666667,0.91712077969795,0.35325362059320464,0.06516750599204257,0.012822631340127722,0.07065072411864093,0.07070164412398468,0.6,1.0,5.092000534374641e-05,0.8,0.0,0.15083578908216982,0.5,0.8379457865987205,0.00010049880074802786,0.8380462853994686
ray_gpis,Corner,11,1,0.9987,0.9993495772251965,3.0504275366620313,0.07991638837049303,0.048367818805063675,0.8750766666666667,0.9220776472297926,0.38094670350317383,0.06605340873692497,0.013014589793388065,0.07618934070063477,0.07619601581977672,0.7,1.0,6.675119141963393e-06,0.8,0.0,0.1691332041084916,0.25,0.7114100416016299,8.917739614844322e-05,0.7114992189977783
ray_gpis,Corner,12,1,0.9921,0.9960343356257216,3.4111745664448665,0.08122724885356031,0.048299922199707426,0.8124533333333332,0.8860358223007397,0.39018355606394917,0.06744290452858259,0.013289203039672053,0.07803671121278984,0.07803671121278984,0.8,1.0,0.0,1.0,0.0,0.29211686741817344,0.5,0.7448099576024105,0.00010076739708893001,0.7449107249994995
ray_gpis,Corner,13,1,0.9954666666666667,0.9977281838834692,3.5375218721954584,0.08078112041144875,0.04814624435563826,0.883,0.9255214050228384,0.40400015688304736,0.06644005634677046,0.013083884879611773,0.08080003137660947,0.08134808720903501,0.3,1.0,0.0005480558324255424,0.6,0.0,0.12365860559195627,0.25,0.7880930516024819,0.00010369420342613012,0.788196745805908
ray_gpis,Corner,14,1,0.9925666666666667,0.9949466457270958,3.445906924102373,0.07858236414090687,0.046505849961910053,0.8500499999999999,0.9045067722093417,0.43697702450040865,0.06685490726797472,0.013202939410008007,0.08739540490008173,0.0902615256411855,0.4,1.0,0.0028661207411037727,0.6,0.0,0.12121319953078508,0.5,0.8221162654022919,9.13995987502858e-05,0.8222076650010421
ray_gpis,Cross,0,1,0.9648666666666667,0.9821192277677875,3.9423785729883223,0.12834448859186373,0.07692838403323135,0.8343700000000001,0.8965243677352653,0.44193772366813056,0.10871535496565553,0.0212642142683506,0.08838754473362612,0.0906080754148143,0.2,1.0,0.002220530681188193,0.6,0.0,0.24474954646730324,0.5,0.7684248527977615,0.00010559940128587186,0.7685304521990475
ray_gpis,Cross,1,1,0.9913666666666666,0.9947398502419338,3.562609659619153,0.1294648013002664,0.07740426812199741,0.8612633333333333,0.9121799446438509,0.424264295109941,0.10925273068770056,0.021354732345378772,0.0848528590219882,0.08806170186714316,0.5,1.0,0.003208842845154947,0.6,0.0,0.226293202105745,0.5,0.7429696080012945,0.00010791519889608026,0.7430775232001906
ray_gpis,Cross,2,1,0.9748666666666667,0.9863261518636269,3.9231810327726904,0.12327373039629123,0.0723458950678795,0.8402833333333334,0.902943479131946,0.3649709440329245,0.10343123027995665,0.02022842636202552,0.0729941888065849,0.0735221219102727,0.6,1.0,0.0005279331036877943,0.8,0.0,0.3820191044099063,0.5,0.7835319772042567,9.745480201672763e-05,0.7836294320062734
ray_gpis,Cross,3,1,0.9927666666666667,0.9963702055768362,3.6704879915226645,0.1326168878041953,0.08001451218425454,0.8479866666666667,0.9046380627454728,0.4129680098502395,0.1113839789558114,0.02174450606954326,0.0825936019700479,0.08505317522436115,0.5,1.0,0.002459573254313252,0.8,0.0,0.19014487726024257,0.25,0.769947088797926,0.0001058033958543092,0.7700528921937803
ray_gpis,Cross,4,1,0.9896,0.9921455973463057,3.759740663246116,0.13425370956358745,0.08048683371863516,0.8742666666666666,0.9209800040915745,0.37215387739598604,0.11339585377731533,0.02214563064628916,0.07443077547919721,0.07684624774847919,0.7,1.0,0.002415472269281982,0.4,0.0,0.3487720659761958,0.5,0.8387715901975753,8.512000204063952e-05,0.8388567101996159
ray_gpis,Cross,5,1,0.9439,0.9702396886174538,3.927264797200328,0.12233266587853292,0.07530626854035853,0.8161000000000002,0.8863039303498639,0.3934908687298907,0.10214716576808812,0.019970139258832016,0.07869817374597814,0.07984951910975469,0.2,1.0,0.0011513453637765458,0.6,0.0,0.3398015492675669,0.75,0.7903080596006475,0.00010900000052060932,0.7904170596011681
ray_gpis,Cross,6,1,0.998,0.998535890199197,3.8005691299258904,0.13045898701725145,0.0789429249740522,0.86778,0.9155420856292691,0.42229366154369896,0.10978226134094508,0.021446478673349055,0.08445873230873979,0.08480184298566502,0.9,1.0,0.000343110676925229,0.8,0.0,0.17380765049210342,0.5,0.6295925359998364,7.447779644280672e-05,0.6296670137962792
ray_gpis,Cross,7,1,0.9836333333333334,0.9876298343776189,3.7592577799145954,0.12993166785002325,0.07739742464920378,0.85709,0.9096531131527141,0.384407932897034,0.10893439729752784,0.021273488524967847,0.0768815865794068,0.07871205503750292,0.4,1.0,0.0018304684580961127,0.6,0.0,0.30911374885557336,0.5,0.6315222063974943,8.552939689252526e-05,0.6316077357943868
ray_gpis,Cross,8,1,0.9867333333333334,0.992858045880831,3.835612230538348,0.12830262144233473,0.07472235717533383,0.7808833333333334,0.8582107599366587,0.5119607625428559,0.10934845043322267,0.021404275923249016,0.10239215250857119,0.10239215250857119,0.7,1.0,0.0,1.0,0.0,0.19749316920347904,0.5,0.6857176386081847,7.818300218787044e-05,0.6857958216103726
ray_gpis,Cross,9,1,0.9915,0.9952874481097126,3.700069777624703,0.13267895572732444,0.07961275403171372,0.8698233333333334,0.9182692760242762,0.3962400959102169,0.11237500225027029,0.02196089667346874,0.07924801918204338,0.08007155022592789,0.4,1.0,0.0008235310438845067,0.6,0.0,0.21002249513618673,0.25,0.5973624334088526,9.274180047214031e-05,0.5974551752093248
ray_gpis,Cross,10,1,0.9832,0.9915288422751108,3.8329112361167557,0.12687541262603988,0.07635471041047462,0.8416166666666666,0.9018154491087926,0.40879587900594816,0.10630300448811389,0.020771193681172494,0.08175917580118963,0.08357090754217081,0.5,1.0,0.0018117317409811705,0.8,0.0,0.2601583344762147,0.75,0.8116320300003281,0.00010561179660726339,0.8117376417969353
ray_gpis,Cross,11,1,0.9928333333333333,0.9936836972665711,3.725843287435806,0.1316335375439128,0.07915593925992008,0.8770199999999999,0.9242188557905037,0.3670899737332546,0.10964990925652363,0.021388508812350236,0.07341799474665092,0.0762977601082814,0.3,1.0,0.002879765361630482,0.6,0.0,0.10166898985036607,0.25,0.6824193792010191,9.840359562076628e-05,0.68251778279664
ray_gpis,Cross,12,1,0.9613,0.9798300068991779,3.926816458795615,0.1310679753145145,0.07938196987850132,0.8256666666666668,0.894999272593696,0.3580947715604693,0.11033824048219432,0.021553456620275975,0.07161895431209386,0.07711729432882827,0.4,1.0,0.005498340016734415,0.6,0.0,0.45066162165255197,0.25,0.7956678009970346,0.00010741059959400445,0.7957752115966287
ray_gpis,Cross,13,1,0.9466666666666667,0.9726027397260273,4.083019600491944,0.12266494736430349,0.07237156280600797,0.7903399999999999,0.8687609319330087,0.46173209542939264,0.10367504455498554,0.02029570863091656,0.09234641908587853,0.09984293072923327,0.2,1.0,0.007496511643354742,0.6,0.0,0.21536107679188965,0.75,0.8472556212014751,0.00011064699501730501,0.8473662681964924
ray_gpis,Cross,14,1,0.9743,0.9860840688271265,3.746541037589635,0.13028214878746505,0.07788723856786904,0.8643333333333333,0.9160295656143302,0.3659336652211196,0.11097285761823852,0.021712514875997787,0.07318673304422392,0.07582252938496534,-0.1,1.0,0.0026357963407414252,0.4,0.0,0.13203063033821022,0.75,0.8096002417965792,8.717479940969496e-05,0.8096874165959889
ray_gpis,Cube,0,1,0.9985,0.99880742744113,3.6876757324366154,0.15569202772950103,0.09033419971661563,0.8119366666666668,0.8727395091469855,0.5872856652892715,0.13579212704963586,0.026533055073466334,0.1174571330578543,0.11754553498518998,0.7,1.0,8.840192733567953e-05,0.8,0.0,0.2841746423825301,0.25,0.2313027806027094,6.270100129768252e-05,0.23136548160400708
ray_gpis,Cube,1,1,0.9974,0.9982548223011254,3.705756626179025,0.15181185364848934,0.09374556262146133,0.9013166666666667,0.9395828333337327,0.3253067763851277,0.12580042790564142,0.02441145824399825,0.06506135527702554,0.06530040160392125,0.2,1.0,0.00023904632689570883,0.6,0.0,0.1962162513965664,0.5,0.3135883335984545,8.63433990161866e-05,0.31367467699747065
ray_gpis,Cube,2,1,0.9436,0.9709816834739659,4.062124103742285,0.13399812302493533,0.08057351476402239,0.7901999999999999,0.8674518683827444,0.44576292425658304,0.1143939806570854,0.02237234160562456,0.08915258485131661,0.09643500696076628,0.1,1.0,0.007282422109449671,0.4,0.0,0.2264950861181048,1.0,0.7297394693974638,9.572739945724606e-05,0.7298351967969211
ray_gpis,Cube,3,1,0.9809,0.9898856921386238,3.480050217169968,0.14076723108522676,0.08501266377574472,0.8609666666666665,0.9137361609525076,0.3694814705755417,0.11664728914360858,0.022692447083814772,0.07389629411510834,0.07628255965667326,0.1,1.0,0.002386265541564914,0.4,0.0,0.2568368762874799,0.5,0.807020310004009,8.911059703677892e-05,0.8071094206010457
ray_gpis,Cube,4,1,0.9939333333333333,0.9952060200079932,3.388631851199795,0.15277156557738641,0.09243629546559032,0.9130600000000001,0.9460572176069377,0.3206456241433647,0.12711750904090446,0.024676303921297185,0.06412912482867295,0.06529347627316173,0.2,1.0,0.001164351444488787,0.4,0.0,0.24434081025406262,0.25,0.8010078546009026,8.491439803037792e-05,0.801092768998933
ray_gpis,Cube,5,1,0.9989333333333333,0.9989971790177066,3.3538374863493376,0.1462887472943189,0.08313482702215394,0.7840733333333334,0.8591992643731107,0.5499458426169415,0.12790887516675417,0.02504262294187757,0.10998916852338829,0.10998916852338829,0.8,1.0,0.0,1.0,0.0,0.3000600823987182,0.5,0.7111097216024064,9.024500322993845e-05,0.7111999666056363
ray_gpis,Cube,6,1,0.9997666666666667,0.9989930554669103,3.5273920890296213,0.15271390824331785,0.0942365450371389,0.89724,0.9363247979580722,0.31003861430007984,0.12635974148378867,0.024509596592771334,0.06200772286001597,0.06205239965404814,0.5,1.0,4.4676794032172394e-05,0.6,0.0,0.24933676899748222,0.25,0.8616948410024634,0.00010851919651031495,0.8618033601989736
ray_gpis,Cube,7,1,0.9899333333333333,0.9949412040604375,3.783122852322203,0.1495543404383424,0.09290373643229657,0.88307,0.9278267379221774,0.3417727827715198,0.12577384261710037,0.024470514325563762,0.06835455655430396,0.06958575566754255,0.1,1.0,0.0012311991132385903,0.4,0.0,0.16268686341268024,0.5,0.920033065599273,0.00010896599851548672,0.9201420315977884
ray_gpis,Cube,8,1,0.9845,0.9921894683799445,3.623248825421815,0.14734334235445762,0.08729097224771404,0.85814,0.9091053313617546,0.44733461910872974,0.12556119177761002,0.02448669594816518,0.08946692382174595,0.0916829457796007,0.4,1.0,0.0022160219578547524,0.6,0.0,0.21693214980544745,0.25,0.8248894434014801,9.198260377161205e-05,0.8249814260052517
ray_gpis,Cube,9,1,0.9857333333333334,0.992355030950135,3.8339243891272607,0.14147469089860173,0.08994617916493328,0.9117833333333334,0.9468176055127691,0.3038017752835922,0.11559258599244718,0.022441955833298378,0.06076035505671844,0.06351437938957423,-0.2,1.0,0.0027540243328557867,0.4,0.0,0.12731889448386358,0.75,0.8173205831990344,8.76215985044837e-05,0.817408204797539
ray_gpis,Cube,10,1,0.9977333333333334,0.9983936395903339,3.7854875021836345,0.14715825439822805,0.08743465061334652,0.8438400000000001,0.9057824172123528,0.36382989647440833,0.12211434313025045,0.02372614445702654,0.07276597929488167,0.07276597929488167,0.6,1.0,0.0,1.0,0.0,0.4021592112039367,0.5,0.8298018694011262,0.00010108659917023033,0.8299029560002964
ray_gpis,Cube,11,1,0.9973666666666666,0.9977958371339186,3.612393167862749,0.15062362507137603,0.09110257800460494,0.91243,0.9463080561720691,0.32805479421089634,0.12483251661641998,0.02423074267497662,0.06561095884217927,0.0666362983252486,0.0,1.0,0.0010253394830693318,0.4,0.0,0.039066255149919876,1.0,0.6582252202002564,8.535819943062961e-05,0.6583105783996871
ray_gpis,Cube,12,1,0.9698666666666667,0.9847028563692974,3.9072026411014207,0.1480735795533749,0.09281759617017324,0.8481633333333335,0.9084065023861638,0.3381575494734458,0.12294582350030188,0.023884680816752442,0.06763150989468916,0.07036744729646685,0.3,1.0,0.0027359374017776883,0.6,0.0,0.30087727454795143,0.25,0.7565654553996864,9.988019883166999e-05,0.7566653355985181
ray_gpis,Cube,13,1,1.0,1.0,3.437455435588817,0.14842754339879102,0.08807257382931657,0.8713366666666665,0.9163282747504292,0.43187838579576643,0.12507725758855162,0.024347829207424062,0.08637567715915329,0.08654600349229549,0.5,1.0,0.00017032633314220113,0.8,0.0,0.1562138790341039,0.5,0.8852873083989834,0.00010383220214862376,0.8853911406011321
ray_gpis,Cube,14,1,0.9984,0.9987518472875467,3.488721742758431,0.1512790235823863,0.0897885926968219,0.8693033333333334,0.9187263038193751,0.35446958685416896,0.1284282176267812,0.025012219181070362,0.0708939173708338,0.07185962530235154,0.6,1.0,0.0009657079315177564,0.8,0.0,0.13130382381551842,0.75,0.7203513426007703,8.89032002305612e-05,0.7204402458010009
ray_gpis,Cylinder,0,1,0.9776333333333334,0.9886901852382477,3.7337585364726094,0.2360253566848793,0.14495784086600078,0.82225,0.8857082000447022,0.4908683435678256,0.2084969826534077,0.04024909683576504,0.09817366871356512,0.09827786114091468,0.3,1.0,0.00010419242734955869,0.6,0.0,0.2063004262989242,1.0,0.8803561189997708,0.00010944379901047795,0.8804655627987813
ray_gpis,Cylinder,1,1,0.9995,0.999297470281725,3.4391163205201356,0.25478370775129927,0.15948159138395307,0.8948266666666669,0.934101383280525,0.3732698534368236,0.22489910451355455,0.04324558977330585,0.07465397068736472,0.07467444961390815,0.6,1.0,2.0478926543421315e-05,0.8,0.0,0.07127274547951475,1.0,0.8203180606011301,9.960540337488056e-05,0.820417666004505
ray_gpis,Cylinder,2,1,0.9889666666666667,0.9920788725156343,3.7108658952625655,0.2548503772058997,0.1676419005319543,0.84446,0.9028883058538313,0.40520683125229795,0.22610550335424712,0.04354144686810186,0.08104136625045959,0.0816656662089309,0.6,1.0,0.0006242999584713082,0.8,0.0,0.35669525349050124,0.5,0.9087688783998601,0.00010861740447580815,0.908877495804336
ray_gpis,Cylinder,3,1,0.9977333333333334,0.9988653807648669,3.7725355230841062,0.25746675915761885,0.15402321561850657,0.8532033333333334,0.9076883624765795,0.4274708237516046,0.22412662455690271,0.04289913126513927,0.08549416475032093,0.0873233877474477,0.5,1.0,0.0018292229971267782,0.8,0.0,0.14755307278553442,0.5,0.7069052860024385,9.133440034929663e-05,0.7069966204027878
ray_gpis,Cylinder,4,1,0.9997333333333334,0.9998666488865182,3.684940487519377,0.23872986708679148,0.1581706440806588,0.8898833333333334,0.9305980435910817,0.37946242732343616,0.20936163737034708,0.04031698157872146,0.07589248546468723,0.07589248546468723,0.8732050807568876,1.0,0.0,1.0,0.0,0.18766254434653237,0.5,0.9035511453985237,9.741759567987174e-05,0.9036485629942035
ray_gpis,Cylinder,5,1,0.9998,0.9998999899989999,3.637336605996306,0.24301810464123935,0.12999771910561322,0.8162733333333334,0.8843742117019839,0.46067809780442426,0.21532805345738773,0.04154588137075296,0.09213561956088485,0.09213561956088485,1.0,1.0,0.0,1.0,0.0,0.4138303959716182,0.5,0.9700153068028158,0.00010575979831628501,0.9701210666011321
ray_gpis,Cylinder,6,1,0.9996333333333334,0.9979654596435289,3.522717687305728,0.25658808134088307,0.1625712727913941,0.8793900000000001,0.921781106715521,0.386468653200874,0.198535649180835,0.03683102504282429,0.0772937306401748,0.07733104060213362,0.4,1.0,3.7309961958831295e-05,0.6,0.0,0.22564517051956967,0.25,0.7819980948028388,9.808159957174212e-05,0.7820961764024105
ray_gpis,Cylinder,7,1,0.9871666666666666,0.9930982406231945,3.8576185332810073,0.25828471134243447,0.1612989025367121,0.8554400000000001,0.9079901003890374,0.3789395617919208,0.20444640668167027,0.03812213955678032,0.07578791235838415,0.0783456829793778,0.4,1.0,0.002557770620993649,0.4,0.0,0.11608688344014645,0.75,0.8592225478001637,0.00010195960057899356,0.8593245074007427
ray_gpis,Cylinder,8,1,0.9994666666666666,0.9974250238400902,3.750337693486687,0.2567278390074084,0.1468688550995551,0.8123733333333334,0.8769925245889401,0.5104369262003888,0.2299092305331757,0.0443805165276427,0.10208738524007777,0.10208738524007777,0.7,1.0,0.0,1.0,0.0,0.21727672951476307,0.5,0.9746124748024159,9.944260236807167e-05,0.9747119174047839
ray_gpis,Cylinder,9,1,0.9984666666666666,0.9992327451045802,3.797199701667241,0.2592299221398987,0.1538992933300302,0.8868333333333334,0.9295154078608151,0.368033219622078,0.23084307024012463,0.0444646943943227,0.0736066439244156,0.0736066439244156,0.8,1.0,0.0,1.0,0.0,0.22190852031584216,0.5,0.9625263747991994,0.00010492600267753005,0.962631300801877
ray_gpis,Cylinder,10,1,0.9898,0.994873856669012,3.4785774242740826,0.2477974523576798,0.15476708147112356,0.8529333333333333,0.9102936066728559,0.3855010295239696,0.21823466441331188,0.04199640559206069,0.07710020590479391,0.07831882558280176,0.6,1.0,0.0012186196780078484,0.6,0.0,0.1739378290226596,0.5,0.846166315197479,0.00011282020423095674,0.84627913540171
ray_gpis,Cylinder,11,1,0.9994,0.9974560828886853,3.79852414194037,0.2480374074624568,0.1511945482960098,0.9051966666666666,0.9397124587539858,0.37483493094084197,0.21780508076973726,0.04187735542047075,0.0749669861881684,0.07567986991901846,0.5,1.0,0.0007128837308500557,0.8,0.0,0.04660409275577934,0.75,0.9623958988056984,9.63438011240214e-05,0.9624922426068224
ray_gpis,Cylinder,12,1,0.9990333333333333,0.999516432942589,3.321801728546834,0.254456889552488,0.1662370160332129,0.8509666666666666,0.907385420805447,0.399717128375601,0.22562703975669887,0.043445392248309435,0.07994342567512021,0.07994342567512021,0.8732050807568879,1.0,0.0,1.0,0.0,0.30807768511100936,0.5,0.9558855202019914,9.336160146631301e-05,0.9559788818034576
ray_gpis,Cylinder,13,1,0.9897333333333334,0.9943761808182433,3.636654150240106,0.2443579106538367,0.16056094011567984,0.8219099999999999,0.8837206145648805,0.49067284657050647,0.21708973206194276,0.04190573183895552,0.09813456931410129,0.09902629884769525,0.3,1.0,0.0008917295335939546,0.8,0.0,0.22669446669718468,0.25,0.914250471201376,0.00011027360451407731,0.9143607448058901
ray_gpis,Cylinder,14,1,1.0,1.0,3.4375125511794367,0.23640285434496175,0.1572946719048504,0.8815266666666666,0.9249932549754114,0.36780194227875807,0.1780953901836178,0.03309219341862858,0.07356038845575161,0.07356038845575161,0.875,0.8,0.0,1.0,0.0,0.26489811026550697,0.25,0.9485759514005622,0.00010087199916597456,0.9486768233997281
ray_gpis,L_Shaped,0,1,0.9874,0.9936600583677166,3.700281852749796,0.14226920278085112,0.0846193214125863,0.8433033333333333,0.9001637057516273,0.4434607107780102,0.12302475902470782,0.02406501796301665,0.08869214215560203,0.09005917414198561,0.3,1.0,0.001367031986383571,0.6,0.0,0.1978234435797665,1.0,0.8533831662003649,9.579279867466539e-05,0.8534789589990396
ray_gpis,L_Shaped,1,1,0.9986,0.9992995096567597,3.4610697932592176,0.1621656542621029,0.09677251204868796,0.8804866666666668,0.9248141355445118,0.3696631127994603,0.1376612817966179,0.0267498947995299,0.07393262255989205,0.0741834906068682,0.4732050807568878,1.0,0.00025086804697613816,0.6,0.0,0.2370629720759899,0.5,1.3170811435964425,9.398280235473067e-05,1.3171751263987972
ray_gpis,L_Shaped,2,1,0.9832,0.9911004618507355,3.785833932839488,0.15101062518325603,0.09086921053961435,0.8574466666666666,0.9085141713268248,0.43737149304198075,0.12635121360242285,0.02455697060737206,0.08747429860839614,0.08924617020364996,0.2,1.0,0.0017718715952538045,0.6,0.0,0.22322478158850978,0.5,0.8637029731995426,8.689660171512514e-05,0.8637898698012577
ray_gpis,L_Shaped,3,1,0.9998,0.9998999899989999,3.668156102034355,0.1486142553580673,0.08642759526886286,0.8284033333333334,0.8905636514969668,0.4394738761287055,0.12611085944467718,0.024572679300605964,0.0878947752257411,0.0878947752257411,0.7,1.0,0.0,1.0,0.0,0.2722582041084916,0.5,0.7119443968054838,7.972540042828768e-05,0.7120241222059122
ray_gpis,L_Shaped,4,1,0.9379,0.9670123800072733,3.8580634107831244,0.13370170153866168,0.08509408627200257,0.7963666666666667,0.8770505365513257,0.3169955052182082,0.10972213873817074,0.02135335634600522,0.06339910104364163,0.09560583288725537,0.3,1.0,0.03220673184361374,0.2,0.0,0.6208909719043259,0.25,0.8108525487972656,9.725260315462947e-05,0.8109498014004203
ray_gpis,L_Shaped,5,1,0.9995666666666667,0.9993311983110102,3.8157775425253484,0.1467430311253679,0.08747158809364278,0.8152700000000002,0.881479960830682,0.4824972634714394,0.12339358083683137,0.02402136933104615,0.09649945269428788,0.09649945269428788,0.9,1.0,0.0,1.0,0.0,0.4062375427408497,0.5,0.7884963861986762,9.17802011827007e-05,0.7885881663998588
ray_gpis,L_Shaped,6,1,0.9991333333333333,0.9959332616415477,3.6857041363853784,0.1458053725104167,0.08517725359459431,0.8373433333333334,0.8952090169717772,0.3958725976036561,0.12314130506441659,0.02399169713788555,0.07917451952073122,0.08728922280947864,0.4,1.0,0.008114703288747416,0.6,0.0,0.26452134355687795,0.25,0.9185269590001554,9.662579977884889e-05,0.9186235847999342
ray_gpis,L_Shaped,7,1,0.9915333333333334,0.9917271314738367,3.7665602132949862,0.14919446794005764,0.08968812305111272,0.8564266666666667,0.9016533776571647,0.4597966200962982,0.12734716599158807,0.0248317931473662,0.09195932401925963,0.09205677107932755,0.6,1.0,9.744706006791226e-05,0.8,0.0,0.13142488269626912,0.5,0.9080945713998517,8.90122028067708e-05,0.9081835836026585
ray_gpis,L_Shaped,8,1,0.9084666666666666,0.9494233750171871,4.353086592809445,0.13023698357748942,0.08003019559231264,0.79077,0.8707780798729864,0.3672262531570297,0.10829140042637594,0.02112525440093304,0.07344525063140595,0.0874220471459444,0.1,1.0,0.013976796514538448,0.4,0.0,0.4226297851338978,0.75,0.8513578468002378,8.785139943938703e-05,0.8514456981996773
ray_gpis,L_Shaped,9,1,0.9773666666666667,0.9881196629765643,3.756385033782755,0.14851407551070606,0.09076365559441249,0.8514966666666666,0.9090574582519615,0.3700349976303945,0.1219289621443836,0.023647470552514024,0.07400699952607889,0.07624296886211798,0.9,1.0,0.0022359693360390898,0.8,0.0,0.2701738725982623,0.25,0.8830814440036192,0.00010112400341313332,0.8831825680070324
ray_gpis,L_Shaped,10,1,0.9961,0.9961232171852361,3.644660307003711,0.13741825242337916,0.08143100223616093,0.82197,0.8871038762469506,0.4430220307282091,0.11463184709454179,0.022336321601417353,0.08860440614564183,0.09318991807825291,0.7,1.0,0.004585511932611097,0.4,0.0,0.25165226596475165,0.0,1.0754935708013362,0.00010397820151410996,1.0755975490028504
ray_gpis,L_Shaped,11,1,0.9905,0.9943492432662465,3.9960898444532336,0.14696184036751886,0.08877414952661081,0.8648166666666667,0.9162370604515269,0.3786877601782487,0.12425744262727295,0.024207191779602906,0.07573755203564973,0.07731002213571245,0.2,1.0,0.0015724701000627173,0.4,0.0,0.1845786721789883,0.75,1.1653756361978593,0.00011037979857064784,1.16548601599643
ray_gpis,L_Shaped,12,1,0.9993333333333333,0.9992041152702783,3.7509372274289015,0.14288246473306937,0.08748689618958923,0.86304,0.9160570106673509,0.3440131523870077,0.11892170654332593,0.023137530627898736,0.06880263047740154,0.07150540900178501,0.4,1.0,0.0027027785243834757,0.6,0.0,0.21641894598306244,0.75,0.9691592260001926,0.00010100440122187137,0.9692602304014144
ray_gpis,L_Shaped,13,1,0.9902666666666666,0.9951095330608963,3.5915049248769573,0.14973598791707626,0.08868674706060846,0.8409433333333333,0.9004442585220758,0.37572114400454437,0.12423911792669806,0.024124404966778583,0.07514422880090887,0.07746569325295113,0.5,1.0,0.0023214644520422657,0.6,0.0,0.21214701590753032,1.0,1.0938001784001243,9.170800040010363e-05,1.0938918864005245
ray_gpis,L_Shaped,14,1,0.9965,0.9943627685450859,3.9239649679648023,0.15148225549424796,0.08991154824180746,0.8893633333333334,0.9325918639247408,0.3052651063209215,0.12586001168692637,0.024434176371716305,0.061053021264184305,0.06180574916238195,0.3,1.0,0.000752727898197647,0.6,0.0,0.19436030127031353,0.5,1.0144135801965604,9.616939933039248e-05,1.0145097495958908
ray_gpis,Thin_Irregular,0,1,0.9924333333333333,0.9946286861237352,3.835478955212718,0.999444365630251,0.9046705933325774,0.8622099999999999,0.9106344666754307,0.4485397067692717,0.9989474451852215,0.10546710277216065,0.08970794135385433,0.09049082510525111,0.7,1.0,0.0007828837513967679,0.6,0.2,0.16542526178759437,0.25,1.8613130571990042,8.832220337353646e-05,1.8614013794023776
ray_gpis,Thin_Irregular,1,1,0.9969333333333333,0.9981979663956231,3.7478863238050297,0.9996948462776047,0.9127257807664929,0.8876999999999999,0.9302508072441885,0.38055903910781563,0.9993907392119764,0.10011076051265615,0.07611180782156313,0.07775910973516573,0.5,1.0,0.0016473019136026058,0.8,0.4,0.2543786925089007,0.5,1.6667880440014415,9.108140075113625e-05,1.6668791254021926
ray_gpis,Thin_Irregular,2,1,0.9414333333333333,0.9698332846865718,4.189380994284588,0.9996020608969222,0.9047143521321092,0.8097566666666667,0.8808528256480672,0.44635656453695083,0.9992329207531774,0.10367477777486551,0.08927131290739017,0.09388726210350973,0.0,1.0,0.004615949196119562,0.4,0.4,0.3636589107919432,0.5,1.566446682397509,9.202559886034578e-05,1.5665387079963693
ray_gpis,Thin_Irregular,3,1,0.9691333333333333,0.9767711870430151,4.1379383600477375,0.9996486432042818,0.9023565470918913,0.7998233333333336,0.8689250184113364,0.4832868673603878,0.9994271791755778,0.12260571412814666,0.09665737347207756,0.09958795420324126,0.1,1.0,0.002930580731163701,0.6,0.4,0.28875547178988326,0.5,1.7151757131970953,9.849479829426855e-05,1.7152742079953895
ray_gpis,Thin_Irregular,4,1,0.9996666666666667,0.9990672773772995,3.7478147042542256,0.9996020608969222,0.9054881496536888,0.8958999999999999,0.935247293644802,0.3656853531790487,0.9992656655179973,0.10830129659396397,0.07313707063580974,0.07367689160837534,0.7,1.0,0.0005398209725655967,0.8,0.2,0.17745658331425954,0.5,1.6250314760021864,8.795759931672365e-05,1.6251194336015033
ray_gpis,Thin_Irregular,5,1,0.9462,0.9680800944132715,4.20726793913463,0.9994935184488258,0.8819967751175757,0.8087133333333332,0.8790593443642386,0.39603954036500644,0.9990403833772121,0.10545784869555634,0.07920790807300129,0.08744527355837155,-0.1,1.0,0.008237365485370263,0.2,0.4,0.40073672465094984,0.75,1.7175489028042648,8.374679600819945e-05,1.717632649600273
ray_gpis,Thin_Irregular,6,1,0.9948,0.9940716801459031,3.5389238012424284,0.9997439990961794,0.8845011051741947,0.80359,0.8757008304269174,0.40255544737048576,0.999491500281215,0.10063750990635367,0.08051108947409716,0.08051108947409716,0.8,1.0,0.0,1.0,0.4,0.41881902323186077,0.5,1.2716436354006873,7.938439957797528e-05,1.2717230198002654
ray_gpis,Thin_Irregular,7,1,0.997,0.9901936531281436,4.112215532497982,0.9995892535747598,0.8796503950359293,0.8487066666666667,0.9003172093011615,0.41530409918771316,0.9991864198506356,0.10089042866221287,0.08306081983754263,0.08560498305725683,0.5,1.0,0.0025441632197142016,0.8,0.2,0.42259670405127026,0.5,1.061744119800278,0.00010504679521545768,1.0618491665954934
ray_gpis,Thin_Irregular,8,1,0.9952,0.9968265253814047,3.7163331808800435,0.9996020608969222,0.9044493514988812,0.8882933333333332,0.9301022602006249,0.3689450764242148,0.9992738267112202,0.1095193492998697,0.07378901528484297,0.07473257075591391,0.3,1.0,0.0009435554710709448,0.6,0.2,0.13119009641794457,1.0,1.6509617098025047,9.356219379696995e-05,1.6510552719963016
ray_gpis,Thin_Irregular,9,1,0.9973,0.9951068096873446,3.7244474038421127,0.9995529080783475,0.7597833954694271,0.7670466666666667,0.8499939134514987,0.4755282363201261,0.9993024425886855,0.12809843093117682,0.09510564726402522,0.09510564726402522,1.0,1.0,0.0,1.0,0.2,0.5045877203021285,0.5,1.6937140801979695,8.576479740440845e-05,1.693799844995374
ray_gpis,Thin_Irregular,10,1,0.9903333333333333,0.9935535970820752,3.816081646004964,0.9997931519147542,0.8784741579409289,0.8530833333333334,0.9062974087539393,0.4189687492451427,0.9996612698804348,0.12209012876358598,0.08379374984902854,0.08720680613177507,0.4,1.0,0.0034130562827465296,0.6,0.2,0.12427543488212403,0.5,1.7351620519999416,9.735879430081696e-05,1.7352594107942423
ray_gpis,Thin_Irregular,11,1,0.9904,0.9898626299408159,3.873869932692138,0.9997931519147542,0.8788178029360468,0.8040700000000001,0.8734597969391487,0.4184000457166307,0.9996036315065188,0.10433023844349161,0.08368000914332614,0.0873004590722477,0.7,1.0,0.003620449928921565,0.8,0.2,0.34158792772945745,0.5,1.6581244069966488,9.757639782037586e-05,1.6582219833944691
ray_gpis,Thin_Irregular,12,1,0.9980666666666667,0.9969976014483346,3.8691180641561584,0.9999016943628507,0.8932447863017622,0.8852366666666667,0.9268618649216995,0.37361799837388243,0.9998220947946257,0.11049496596564976,0.07472359967477649,0.07472359967477649,0.8,1.0,0.0,1.0,0.4,0.20596121108949414,0.5,1.522017339002923,9.110820246860385e-05,1.5221084472053916
ray_gpis,Thin_Irregular,13,1,0.9940666666666667,0.9956735113546153,3.4955457043213207,0.9999016943628507,0.8816354295055147,0.8623766666666665,0.9140971172618142,0.3657554879262136,0.9998255096768112,0.11265780470874842,0.07315109758524271,0.07361901569864146,0.3,1.0,0.00046791811339874645,0.6,0.2,0.26593596217669946,0.25,1.3942655905993888,7.834899588488042e-05,1.3943439395952737
ray_gpis,Thin_Irregular,14,1,0.9955333333333334,0.9947189095364415,3.948657118875343,0.9998525415442759,0.9009563370027334,0.7568233333333333,0.8393884370061906,0.5520683008723877,0.999759503773022,0.12259900654093189,0.11041366017447754,0.11041366017447754,0.8,1.0,0.0,1.0,0.4,0.23645159790569917,0.5,1.3274891017994377,8.554419910069555e-05,1.3275746459985385
ray_gpis,green_Pepper,0,1,0.9846,0.9917989482041306,3.6397627920577564,0.14796506268656928,0.08911816833444965,0.8803366666666668,0.9243556947556522,0.404594163537668,0.12441822764596112,0.02421445492360258,0.0809188327075336,0.08245760223560235,0.7,1.0,0.0015387695280687508,0.8,0.0,0.2294779268711375,0.25,0.55843096380122,9.410600177943707e-05,0.5585250698029995
ray_gpis,green_Pepper,1,1,0.9995666666666667,0.9988482379012973,3.253715861064943,0.1463738637083673,0.08741153092898934,0.8642133333333334,0.9150703922411815,0.3839217622208799,0.12349806497142347,0.024054978506718803,0.07678435244417599,0.07773855022942078,0.8,1.0,0.0009541977852447925,0.8,0.0,0.33983394310605475,0.5,0.7890873218013439,9.00324055692181e-05,0.7891773542069132
ray_gpis,green_Pepper,2,1,0.9737666666666667,0.9867089997129009,3.6106512120193837,0.13698700684246093,0.08277246438632162,0.8436199999999999,0.9027635580539378,0.41293733886999995,0.11514564341111702,0.022460687598885525,0.08258746777399999,0.084830598235344,0.2,1.0,0.002243130461344012,0.6,0.0,0.23917372396429387,1.0,0.6721993487968575,9.903160098474472e-05,0.6722983803978423
ray_gpis,green_Pepper,3,1,0.9724666666666667,0.9851628564823167,3.8078863092708795,0.14441505054177703,0.08898037856344632,0.83959,0.9008462035285396,0.371324344295647,0.1201299520995552,0.023362854376228558,0.07426486885912939,0.07622310481103658,0.5,1.0,0.0019582359519071833,0.8,0.0,0.3233497010185397,1.0,0.8505903058015974,0.00010640459950082005,0.8506967104010983
ray_gpis,green_Pepper,4,1,0.9837666666666667,0.990886253207508,3.7539021866153894,0.1380659228121267,0.08515825496669398,0.8661233333333334,0.9157018172848896,0.37191097355000213,0.11507480850414056,0.022417013286269796,0.07438219471000043,0.0761748738061763,-0.2,1.0,0.0017926790961758643,0.4,0.0,0.2076773146028839,0.75,0.891639221002697,0.00010316920233890414,0.8917423902050359
ray_gpis,green_Pepper,5,1,0.9948666666666667,0.996969741348071,3.7099641062967446,0.14610095552183128,0.08764862067709887,0.8342033333333333,0.8943116681864535,0.42925829974963703,0.12407632487426919,0.024191298456978764,0.08585165994992741,0.08585165994992741,0.9,1.0,0.0,1.0,0.0,0.23019847085357686,0.5,0.9201675635995343,0.00010950519936159253,0.9202770687988959
ray_gpis,green_Pepper,6,1,0.9929,0.9959825248335039,3.5749548186618445,0.1404496394663509,0.08585973705365672,0.86779,0.9163250009714506,0.43035976604794335,0.11831762300560163,0.023069522123973542,0.08607195320958867,0.0867370789008934,0.6,1.0,0.0006651256913047243,0.6,0.0,0.30393182078278774,1.0,0.8425179404002847,0.00010885939700528979,0.84262679979729
ray_gpis,green_Pepper,7,1,0.9687,0.983650526330718,3.6284894412711437,0.14565993214222114,0.08711788999509082,0.84139,0.901192953287681,0.3769256517254793,0.12121589815543504,0.023568837542277957,0.07538513034509586,0.07850214295700512,0.4,1.0,0.0031170126119092643,0.6,0.0,0.4314685139620049,0.5,0.7750907916022698,0.00010978299542330205,0.7752005745976931
ray_gpis,green_Pepper,8,1,0.9934,0.9966890739440153,3.9454932555901805,0.1412919922799585,0.08431709816663838,0.8225300000000001,0.8880326131390774,0.46164012016322076,0.11897388991787748,0.02319201004668549,0.09232802403264415,0.09261363504141766,0.5,1.0,0.000285611008773512,0.8,0.0,0.3599858377203021,0.5,0.7826755397982197,9.491459641139955e-05,0.7827704543946311
ray_gpis,green_Pepper,9,1,0.9979666666666667,0.9989822986703148,3.519641416669823,0.14723908273622144,0.08684156556743579,0.8441266666666667,0.9023173964169218,0.41758969907225363,0.12647471119410536,0.024693661903249748,0.08351793981445073,0.08356653729173362,0.9,1.0,4.859747728289676e-05,0.8,0.0,0.2836742174982833,0.5,0.7343159687996377,9.881580190267414e-05,0.7344147846015403
ray_gpis,green_Pepper,10,1,1.0,1.0,3.451463567730249,0.14482792974590922,0.08422261541746189,0.8605799999999999,0.9145470526261088,0.39547864917666764,0.12360855633818349,0.02412314401043697,0.07909572983533353,0.07997270985037297,0.8,1.0,0.0008769800150394413,0.8,0.0,0.2692070553902494,0.5,0.8311030801967718,9.595919982530177e-05,0.8311990393965971
ray_gpis,green_Pepper,11,1,0.9820333333333333,0.990935234859824,3.5546381368498636,0.14433253045774386,0.08879435039555848,0.86958,0.9204670165718742,0.36139273925670856,0.12091670746829954,0.023539178592920436,0.07227854785134172,0.07320654608540081,0.2,1.0,0.0009279982340590909,0.6,0.0,0.2550048995765621,0.75,0.8632603493984788,9.310579916927963e-05,0.8633534551976482
ray_gpis,green_Pepper,12,1,0.9869,0.9929572200738488,3.796564484263654,0.14437137777416173,0.08822750928758503,0.8499033333333333,0.9054171561734924,0.3829400769519473,0.12122532449607117,0.02360647393894769,0.07658801539038947,0.08174931581059004,0.5,1.0,0.005161300420200576,0.4,0.0,0.20168928101396194,1.0,0.7685985114017967,9.997780143748969e-05,0.7686984892032342
ray_gpis,green_Pepper,13,1,0.9978333333333333,0.9989154917827646,3.3812292404668143,0.13821346364210255,0.07969210126060193,0.8010933333333334,0.8740379276226629,0.4704775549127772,0.11595913241672921,0.022608008916526003,0.09409551098255545,0.09409551098255545,0.7,1.0,0.0,1.0,0.0,0.4175379806591896,0.5,0.6090863475983497,8.701640181243419e-05,0.6091733640001621
ray_gpis,green_Pepper,14,1,0.9981,0.9981571395858082,3.5921724170594125,0.1501286607419149,0.09074532318270914,0.8724866666666667,0.9196968676075808,0.39529301104930803,0.12655929412646885,0.024628830800197187,0.0790586022098616,0.0790586022098616,0.9,1.0,0.0,1.0,0.0,0.3541769784275578,0.5,0.7051254977995995,9.151900303550065e-05,0.705217016802635
ray_gpis_hit_only,Bowl,0,1,0.9768333333333333,0.9728227602336929,4.207904349231426,0.48770021175970674,0.33043774914920804,0.78941,0.8606063009970377,0.4576772444942353,0.42563883532282304,0.07592946689746553,0.09153544889884706,0.10583848176003255,0.5,1.0,0.014303032861185483,0.4,0.0,0.6822318242615261,0.25,1.6034686545986916,8.805819670669735e-05,1.6035567127953982
ray_gpis_hit_only,Bowl,1,1,0.8775,0.9332245906127846,4.230927255192572,0.4624397427461716,0.2989052652069868,0.6567866666666666,0.7764477818214168,0.3748738373510532,0.39627410723287176,0.07056885039360114,0.07497476747021063,0.1336048864453691,0.3,1.0,0.058630118975158484,0.4,0.0,0.5514593548495166,0.25,1.0090167211979861,8.998899429570883e-05,1.0091067101922817
ray_gpis_hit_only,Bowl,2,1,0.8772,0.9284672627401712,4.56286949669706,0.4358784113810613,0.30701157851310523,0.70296,0.8105337123222794,0.33401448912697784,0.356635125485009,0.06254167161288815,0.06680289782539557,0.12889426725279154,0.2,1.0,0.06209136942739597,0.2,0.0,0.540518383524049,0.0,0.8899567885993747,9.772420162335038e-05,0.890054512800998
ray_gpis_hit_only,Bowl,3,1,0.7251333333333333,0.840669320245778,5.400455061043357,0.3387542460510922,0.24072438342872893,0.6333233333333333,0.7657446694805122,0.43180141072815614,0.28582328178942956,0.05292791731899532,0.08636028214563123,0.17481723575164015,-0.5,1.0,0.08845695360600894,0.2,0.0,0.5327498654219699,0.25,0.9879926541936583,0.00010103560052812099,0.9880936897941865
ray_gpis_hit_only,Bowl,4,1,0.9478,0.9665709285374028,3.823091141148837,0.44391258720395993,0.33105562985592857,0.82416,0.8888892499551414,0.3563606070327239,0.3647169971291048,0.06385013621322448,0.07127212140654478,0.07817043450629498,0.4,1.0,0.006898313099750197,0.6,0.0,0.5986300372817829,0.5,1.462298825601465,9.065219783224165e-05,1.4623894777992974
ray_gpis_hit_only,Bowl,5,1,0.9068,0.9437074975525432,4.212632065258019,0.40560081507818374,0.3021415027563663,0.7667499999999999,0.848797314845973,0.3488926306938346,0.3206793322353729,0.05611827896513275,0.06977852613876692,0.08598105112124502,0.1,1.0,0.016202524982478095,0.4,0.0,0.62963496423699,0.75,0.8404373525991105,0.00010544420219957829,0.84054279680131
ray_gpis_hit_only,Bowl,6,1,0.8605333333333334,0.9186921636393728,4.378604855836664,0.38026113448547333,0.2625914687278056,0.7015866666666667,0.8080940294194006,0.47697182289555395,0.3163280068927454,0.057349361125994355,0.0953943645791108,0.1208626229860826,0.1,1.0,0.0254682584069718,0.6,0.0,0.39761756574725193,0.5,1.427330056001665,9.935220296029002e-05,1.4274294082046253
ray_gpis_hit_only,Bowl,7,1,0.7080666666666666,0.8096727461733078,5.783429008719572,0.27888226221063706,0.19829975956581455,0.5304033333333333,0.6753501904020887,0.22067385145750695,0.1809632942730733,0.0318656881862918,0.04413477029150139,0.1569720810279853,-0.7,1.0,0.11283731073648391,0.0,0.0,0.6333051533358327,0.5,1.3512747111992212,9.173860307782888e-05,1.351366449802299
ray_gpis_hit_only,Bowl,8,1,0.8908,0.9379260747847586,4.6416623270058155,0.45590386522686255,0.27067828716201464,0.6446599999999999,0.7704535337580005,0.32117948680984154,0.37904528700788426,0.06642580247799262,0.0642358973619683,0.12394437265666478,-0.1,1.0,0.05970847529469647,0.4,0.0,0.7214751914130735,0.25,0.7733570171985775,8.200899756047875e-05,0.773439026196138
ray_gpis_hit_only,Bowl,9,1,0.9315666666666667,0.9614033813667262,4.18974241985381,0.45388731845771535,0.33341346974420505,0.8081533333333333,0.8800615146062162,0.37426513284434415,0.3753021000128756,0.06561803272612463,0.07485302656886883,0.08034102493588309,0.1,1.0,0.0054879983670142575,0.6,0.0,0.523621331640145,0.5,0.62481332400057,0.00010042900103144348,0.6249137530016015
ray_gpis_hit_only,Bowl,10,1,0.7337666666666667,0.8372345962678465,5.702973017807156,0.37559209267977756,0.2542960772775695,0.5818066666666667,0.7163068043665664,0.4351466578407246,0.3261895898390612,0.06045479740581696,0.08702933156814492,0.14398564253546092,-0.3,1.0,0.056956310967315994,0.2,0.0,0.5027667212518174,0.25,1.1103582800016738,0.00010407340014353394,1.1104623534018174
ray_gpis_hit_only,Bowl,11,1,0.9246333333333333,0.9608410259962936,4.065750040971802,0.4152519696341925,0.2982269638781472,0.80708,0.882034623871036,0.43334206901786576,0.3389360344969403,0.05996157374612363,0.08666841380357315,0.10904124720456927,0.0,1.0,0.022372833400996116,0.4,0.0,0.43665763088367104,0.25,1.2900783748016693,9.781440312508493e-05,1.2901761892047943
ray_gpis_hit_only,Bowl,12,1,0.8905,0.9311561999740823,4.906786733093075,0.44581659262024553,0.323295244691222,0.7743599999999999,0.857466801867595,0.3363413331153736,0.36695024587975544,0.06424699994808145,0.06726826662307472,0.09022569902285624,-0.3,1.0,0.02295743239978152,0.2,0.0,0.5264280279099378,0.25,1.3182462145981844,8.991520153358578e-05,1.318336129799718
ray_gpis_hit_only,Bowl,13,1,0.8881,0.92659683640391,4.536776396071913,0.42837513782908015,0.28565165241753565,0.6453466666666666,0.7666038791801891,0.2862469531072116,0.34178078596850353,0.059363321673732164,0.05724939062144232,0.13232026395031163,-0.1,1.0,0.0750708733288693,0.2,0.0,0.558009199344369,0.5,1.4574968566012103,8.697400044184178e-05,1.4575838306016522
ray_gpis_hit_only,Bowl,14,1,0.8516666666666667,0.9153300438246845,4.63891887094834,0.38056220080791303,0.21779103154775176,0.5475633333333334,0.698292159927291,0.29277213386348244,0.29377839281910156,0.05153550648909534,0.05855442677269649,0.17258956835001477,-0.5,1.0,0.11403514157731828,0.2,0.0,0.5146186583987549,0.5,1.5993277521978597,0.00010044440277852118,1.5994281966006383
ray_gpis_hit_only,Corner,0,1,0.9928666666666667,0.9946476018808393,3.581737593047161,0.07815417797008856,0.04642688927847322,0.7043166666666667,0.805333764851879,0.4644072961708229,0.06443178680942323,0.012697347481191019,0.09288145923416458,0.13927763094055012,0.8,1.0,0.04639617170638555,0.6,0.0,0.6534240381612544,0.5,0.7669908345997101,9.328000887762756e-05,0.7670841146085877
ray_gpis_hit_only,Corner,1,1,0.9978666666666667,0.99893219434063,3.4415416265090104,0.07948624128905643,0.05012980722938933,0.89506,0.9344684546937966,0.37672221914085036,0.06455794115073028,0.012705537986265414,0.07534444382817007,0.0753811820998509,0.5,1.0,3.673827168082511e-05,0.8,0.0,0.1476787112532525,0.5,1.3359654285974103,8.967680623754859e-05,1.3360551054036478
ray_gpis_hit_only,Corner,2,1,0.9546666666666667,0.9733154745781118,3.6964603035264134,0.07422959979999458,0.04389271166427611,0.8289366666666667,0.893697891125915,0.407110011820925,0.06270132191433603,0.012386025765076147,0.081422002364185,0.08415900475399189,0.2,1.0,0.0027370023898068974,0.4,0.0,0.18653719741360375,0.5,0.8564479339984246,0.00010489360138308257,0.8565528275998077
ray_gpis_hit_only,Corner,3,1,0.9962666666666666,0.9968465462167387,3.546661931277676,0.08114636798277892,0.04820305917062113,0.8773299999999999,0.9228689842454084,0.3867328071910491,0.06812104620512513,0.013433777094652617,0.07734656143820981,0.07776597430294793,0.6,1.0,0.00041941286473812234,0.8,0.0,0.038782075743859674,0.25,0.8408946276031202,0.00010789359803311526,0.8410025212011533
ray_gpis_hit_only,Corner,4,1,0.9961,0.9943340032988791,3.9684451672516805,0.08487977443342327,0.05029394511363354,0.8736700000000001,0.9202388545518293,0.3462943457954992,0.07105913260696188,0.014000385114359451,0.06925886915909985,0.06998488769485464,0.8,1.0,0.0007260185357548021,0.8,0.0,0.12891001768943944,0.5,0.8102958657982526,8.804620301816612e-05,0.8103839120012708
ray_gpis_hit_only,Corner,5,1,0.9482,0.973411354070424,3.7536021240615787,0.07813043352761893,0.04652517378278124,0.78758,0.866553026547147,0.43918552712949477,0.06604335807967904,0.013037727694962548,0.08783710542589895,0.09354317040506654,0.5,1.0,0.005706064979167591,0.6,0.0,0.21668325439791464,0.5,0.8874966536008287,9.666140249464661e-05,0.8875933150033234
ray_gpis_hit_only,Corner,6,1,0.9942666666666666,0.9971250919301999,3.1268025941567106,0.08157801678825191,0.04983999367403623,0.8807500000000001,0.9272559556672118,0.31265492156908703,0.06623315526911643,0.013028945321819616,0.0625309843138174,0.06448412736274331,0.4,1.0,0.0019531430489259094,0.4,0.0,0.3192067034383792,1.0,0.7420637000002899,8.916820224840194e-05,0.7421528682025382
ray_gpis_hit_only,Corner,7,1,0.9994666666666666,0.9993194043540007,3.7538020142178037,0.08555954209262387,0.05134233085213861,0.88961,0.9324229434481772,0.3371418753121045,0.07185924502945953,0.014159705966516473,0.0674283750624209,0.06745509603422992,0.8,1.0,2.6720971809024442e-05,0.8,0.0,0.04008073622782002,0.5,1.3053350919974036,9.779960091691465e-05,1.3054328915983207
ray_gpis_hit_only,Corner,8,1,0.9825333333333334,0.9911897235859842,3.709010577545324,0.07749802194150997,0.04734104305881275,0.8526966666666667,0.9067560405863562,0.4367290302089635,0.06443836502843404,0.012707771883654056,0.08734580604179269,0.08883764125069027,0.3,1.0,0.0014918352088975739,0.6,0.0,0.059734472231248545,0.5,0.9022450832009781,0.00010890580015257,0.9023539890011307
ray_gpis_hit_only,Corner,9,1,0.9975,0.9974916106676984,3.5158351368693275,0.08330169109847485,0.050426488743257544,0.8810466666666666,0.9279555741355301,0.3241914448302191,0.06905562840078665,0.01359977667975768,0.06483828896604382,0.06557482405605479,0.6,1.0,0.0007365350900109702,0.6,0.0,0.11212404434034917,0.5,0.9482567939994624,0.00011021500104106963,0.9483670090005034
ray_gpis_hit_only,Corner,10,1,0.9992333333333333,0.999616519665872,3.319802652635184,0.07934598796411187,0.047028354201918636,0.79904,0.8721046559754491,0.35380434551731765,0.0642057116905432,0.01263338466626133,0.07076086910346353,0.0984221342228498,0.8,1.0,0.02766126511938627,0.8,0.0,0.5451425969084209,0.5,1.0619077210023533,0.00010602360125631095,1.0620137446036098
ray_gpis_hit_only,Corner,11,1,1.0,1.0,3.1196992432014867,0.08188452844192055,0.048041557006588104,0.8238933333333334,0.8908722175754352,0.38159712627797737,0.06805120294563018,0.01340821780767357,0.07631942525559547,0.08806352486574073,0.6,1.0,0.011744099610145265,0.6,0.0,0.2651795836883901,0.0,1.09716245320451,0.00010824379569385201,1.0972706970002037
ray_gpis_hit_only,Corner,12,1,0.9486,0.9736220876526738,3.576485762455381,0.07602800124382234,0.04561328138333328,0.67713,0.7953698987454362,0.3677713080909013,0.06216565262540644,0.012249353517724462,0.07355426161818027,0.11302609943939254,0.6,1.0,0.03947183782121229,0.6,0.0,0.6332085583934707,0.5,1.2501835332019255,0.00011012339673470706,1.2502936565986602
ray_gpis_hit_only,Corner,13,1,0.9959,0.9979457888671777,3.5055699117118864,0.08241143903259178,0.049983700245126085,0.7425633333333332,0.833902110955081,0.40421776186675584,0.0680958101545821,0.013409948603840382,0.08084355237335117,0.12190017058230385,0.7,1.0,0.04105661820895268,0.8,0.0,0.42085703369954774,0.25,1.105206871998962,0.00010555440676398575,1.105312426405726
ray_gpis_hit_only,Corner,14,1,0.9925666666666667,0.9949466457270958,3.445906924102373,0.07858236414090687,0.046505849961910053,0.8500499999999999,0.9045067722093417,0.43697702450040865,0.06685490726797472,0.013202939410008007,0.08739540490008173,0.0902615256411855,0.4,1.0,0.0028661207411037727,0.6,0.0,0.10620173710599828,0.5,0.7691189188044518,0.00010258139809593558,0.7692215002025478
ray_gpis_hit_only,Cross,0,1,0.9648666666666667,0.9821192277677875,3.9423785729883223,0.12834448859186373,0.07692838403323135,0.8343700000000001,0.8965243677352653,0.44193772366813056,0.10871535496565553,0.0212642142683506,0.08838754473362612,0.0906080754148143,0.2,1.0,0.002220530681188193,0.6,0.0,0.2419588910654547,0.5,0.8304280159965856,9.839459962677211e-05,0.8305264105962123
ray_gpis_hit_only,Cross,1,1,0.9913666666666666,0.9947398502419338,3.562609659619153,0.1294648013002664,0.07740426812199741,0.8612633333333333,0.9121799446438509,0.424264295109941,0.10925273068770056,0.021354732345378772,0.0848528590219882,0.08806170186714316,0.4,1.0,0.003208842845154947,0.6,0.0,0.17003999364295913,0.5,0.8359282198041911,9.963979828171432e-05,0.8360278596024727
ray_gpis_hit_only,Cross,2,1,0.9748666666666667,0.9863261518636269,3.9231810327726904,0.12327373039629123,0.0723458950678795,0.8402833333333334,0.902943479131946,0.3649709440329245,0.10343123027995665,0.02022842636202552,0.0729941888065849,0.0735221219102727,0.6,1.0,0.0005279331036877943,0.8,0.0,0.37269450745406474,0.5,0.8046046131959883,0.00010174059716518968,0.8047063537931536
ray_gpis_hit_only,Cross,3,1,0.9927666666666667,0.9963702055768362,3.6704879915226645,0.1326168878041953,0.08001451218425454,0.8479866666666667,0.9046380627454728,0.4129680098502395,0.1113839789558114,0.02174450606954326,0.0825936019700479,0.08505317522436115,0.4,1.0,0.002459573254313252,0.8,0.0,0.11121448331663417,0.25,0.7306857628020225,9.551800321787596e-05,0.7307812808052404
ray_gpis_hit_only,Cross,4,1,0.9133666666666667,0.9547220431699797,4.154126490062048,0.12803011506118173,0.07557972053419323,0.7545366666666666,0.8501540439027815,0.33473032321966,0.10702231830717183,0.020900911745808014,0.066946064643932,0.09522691678870923,0.2,1.0,0.028280852144777224,0.2,0.0,0.5987196152052242,0.75,0.7371093561989255,0.00010162420221604407,0.7372109804011415
ray_gpis_hit_only,Cross,5,1,0.9439,0.9702396886174538,3.927264797200328,0.12233266587853292,0.07530626854035853,0.8161000000000002,0.8863039303498639,0.3934908687298907,0.10214716576808812,0.019970139258832016,0.07869817374597814,0.07984951910975469,0.2,1.0,0.0011513453637765458,0.6,0.0,0.29468707535729444,0.75,0.698886726598721,7.721360016148538e-05,0.6989639401988825
ray_gpis_hit_only,Cross,6,1,0.9828,0.9881479040784583,3.8341579938281476,0.12775532555650027,0.07511230309028454,0.76278,0.8508330215841609,0.4119056754229603,0.10701430979437748,0.02090574638119882,0.08238113508459206,0.10917779269744524,0.7,1.0,0.02679665761285317,0.6,0.0,0.4142986163608626,0.5,0.6296275975968456,8.620599692221731e-05,0.6297138035937678
ray_gpis_hit_only,Cross,7,1,0.9641666666666666,0.9807769338728767,4.045307175023626,0.12075977739817909,0.0704454889768045,0.7476700000000001,0.842406112665748,0.3775550323922918,0.09954116254641543,0.019439110434599012,0.07551100647845836,0.10758524562245733,0.7,1.0,0.03207423914399896,0.4,0.0,0.5133847807139384,0.25,0.6598902141995495,0.0001074957981472835,0.6599977099976968
ray_gpis_hit_only,Cross,8,1,0.9867333333333334,0.992858045880831,3.835612230538348,0.12830262144233473,0.07472235717533383,0.7808833333333334,0.8582107599366587,0.5119607625428559,0.10934845043322267,0.021404275923249016,0.10239215250857119,0.10239215250857119,0.7,1.0,0.0,1.0,0.0,0.19426313688832297,0.5,0.7427026954042958,9.274180047214031e-05,0.7427954372047679
ray_gpis_hit_only,Cross,9,1,0.9848666666666667,0.992375642360528,3.763722558708951,0.12611566826284434,0.07490382023371735,0.7617466666666667,0.8505982781410786,0.3933282901610323,0.10565806846968231,0.020648239180572722,0.07866565803220646,0.11664309038098197,0.4,1.0,0.03797743234877551,0.4,0.0,0.48778882293197845,0.5,0.809079677000409,9.271500457543879e-05,0.8091723920049845
ray_gpis_hit_only,Cross,10,1,0.9832,0.9915288422751108,3.8329112361167557,0.12687541262603988,0.07635471041047462,0.8416166666666666,0.9018154491087926,0.40879587900594816,0.10630300448811389,0.020771193681172494,0.08175917580118963,0.08357090754217081,0.5,1.0,0.0018117317409811705,0.8,0.0,0.20910940685522467,0.75,0.8208681685966439,8.390719885937869e-05,0.8209520757955033
ray_gpis_hit_only,Cross,11,1,0.9801333333333333,0.9899670055888492,3.794485785977414,0.12876890841718047,0.07658081491926387,0.7643233333333335,0.8550312713866999,0.36337328205553265,0.10671275897124126,0.020815582987003773,0.07267465641110653,0.11147919502537569,0.7,1.0,0.038804538614269156,0.4,0.0,0.4248441557625606,0.5,0.8595602739980677,0.00010116780176758767,0.8596614417998353
ray_gpis_hit_only,Cross,12,1,0.9980666666666667,0.9985730946360549,3.7289671152902497,0.13074335793486086,0.07808304807785994,0.8190633333333335,0.8866354246537865,0.37683785929734637,0.11000587884636066,0.021488533144345245,0.07536757185946927,0.08686907988346657,0.7,1.0,0.011501508023997298,0.8,0.0,0.42848169595708097,0.25,0.8696822191996034,0.00010103399981744587,0.8697832531994208
ray_gpis_hit_only,Cross,13,1,0.9548333333333333,0.9768948759485038,4.028351466053832,0.1238069154638946,0.07342826914332903,0.7973966666666666,0.8725699151372746,0.4660242316518691,0.1048417305353423,0.020524102250834786,0.09320484633037382,0.09732158839171039,0.6,1.0,0.004116742061336565,0.8,0.0,0.19953191741796342,0.5,0.8602165982010774,0.00010272900108247996,0.8603193272021599
ray_gpis_hit_only,Cross,14,1,0.9743,0.9860840688271265,3.746541037589635,0.13028214878746505,0.07788723856786904,0.8643333333333333,0.9160295656143302,0.3659336652211196,0.11097285761823852,0.021712514875997787,0.07318673304422392,0.07582252938496534,-0.1,1.0,0.0026357963407414252,0.4,0.0,0.060915243984111904,0.75,0.8026644851983292,9.479639993514866e-05,0.8027592815982644
ray_gpis_hit_only,Cube,0,1,0.9985,0.99880742744113,3.6876757324366154,0.15569202772950103,0.09033419971661563,0.8119366666666668,0.8727395091469855,0.5872856652892715,0.13579212704963586,0.026533055073466334,0.1174571330578543,0.11754553498518998,0.7,1.0,8.840192733567953e-05,0.8,0.0,0.26929275753625276,0.25,0.23426414059940726,6.127619999460877e-05,0.23432541679940186
ray_gpis_hit_only,Cube,1,1,0.9974,0.9982548223011254,3.705756626179025,0.15181185364848934,0.09374556262146133,0.9013166666666667,0.9395828333337327,0.3253067763851277,0.12580042790564142,0.02441145824399825,0.06506135527702554,0.06530040160392125,0.2,1.0,0.00023904632689570883,0.6,0.0,0.15510017594618564,0.5,0.23430181659932714,5.826279520988464e-05,0.234360079394537
ray_gpis_hit_only,Cube,2,1,0.9436,0.9709816834739659,4.062124103742285,0.13399812302493533,0.08057351476402239,0.7901999999999999,0.8674518683827444,0.44576292425658304,0.1143939806570854,0.02237234160562456,0.08915258485131661,0.09643500696076628,0.2,1.0,0.007282422109449671,0.4,0.0,0.16713956093857585,1.0,0.939645893801935,0.00010029920085798948,0.939746193002793
ray_gpis_hit_only,Cube,3,1,0.9809,0.9898856921386238,3.480050217169968,0.14076723108522676,0.08501266377574472,0.8609666666666665,0.9137361609525076,0.3694814705755417,0.11664728914360858,0.022692447083814772,0.07389629411510834,0.07628255965667326,0.0,1.0,0.002386265541564914,0.4,0.0,0.20560287102865188,0.5,0.8907714751985623,0.00010837839799933135,0.8908798535965616
ray_gpis_hit_only,Cube,4,1,0.9939333333333333,0.9952060200079932,3.388631851199795,0.15277156557738641,0.09243629546559032,0.9130600000000001,0.9460572176069377,0.3206456241433647,0.12711750904090446,0.024676303921297185,0.06412912482867295,0.06529347627316173,0.2,1.0,0.001164351444488787,0.4,0.0,0.22318210748207884,0.25,0.9499112980003701,9.429320052731783e-05,0.9500055912008974
ray_gpis_hit_only,Cube,5,1,0.9477333333333333,0.9731653888280394,3.8955781384543244,0.1347821570044789,0.07424289603068039,0.62896,0.7452914439069812,0.5241140524272743,0.11615455514688981,0.022741304883909567,0.10482281048545486,0.1499914167722058,0.5,1.0,0.04516860628675092,0.8,0.0,0.33677089867717586,0.25,0.21836634619976394,8.493800414726138e-05,0.2184512842039112
ray_gpis_hit_only,Cube,6,1,0.9997666666666667,0.9989930554669103,3.5273920890296213,0.15271390824331785,0.0942365450371389,0.89724,0.9363247979580722,0.31003861430007984,0.12635974148378867,0.024509596592771334,0.06200772286001597,0.06205239965404814,0.5,1.0,4.4676794032172394e-05,0.6,0.0,0.16631605864784116,0.25,0.7870715608005412,9.624139929655939e-05,0.7871678021998377
ray_gpis_hit_only,Cube,7,1,0.9899333333333333,0.9949412040604375,3.783122852322203,0.1495543404383424,0.09290373643229657,0.88307,0.9278267379221774,0.3417727827715198,0.12577384261710037,0.024470514325563762,0.06835455655430396,0.06958575566754255,0.1,1.0,0.0012311991132385903,0.4,0.0,0.16421446031652148,0.5,0.7512792637979147,9.589139954186976e-05,0.7513751551974565
ray_gpis_hit_only,Cube,8,1,0.9998666666666667,0.9999333288885925,3.499138473775476,0.14426366036414456,0.08389816176789999,0.7326300000000001,0.8237803808727385,0.4550784796173778,0.12240283556803146,0.02387075955010257,0.09101569592347555,0.1337706429634947,0.7,1.0,0.04275494704001914,0.6,0.0,0.46930888595789605,0.0,0.6582954063953366,9.081339812837541e-05,0.658386219793465
ray_gpis_hit_only,Cube,9,1,0.9857333333333334,0.992355030950135,3.8339243891272607,0.14147469089860173,0.08994617916493328,0.9117833333333334,0.9468176055127691,0.3038017752835922,0.11559258599244718,0.022441955833298378,0.06076035505671844,0.06351437938957423,-0.2,1.0,0.0027540243328557867,0.4,0.0,0.08372393946228807,0.75,0.7114942380023421,9.560359758324921e-05,0.7115898415999254
ray_gpis_hit_only,Cube,10,1,0.9977333333333334,0.9983936395903339,3.7854875021836345,0.14715825439822805,0.08743465061334652,0.8438400000000001,0.9057824172123528,0.36382989647440833,0.12211434313025045,0.02372614445702654,0.07276597929488167,0.07276597929488167,0.5,1.0,0.0,1.0,0.0,0.3656541535149907,0.5,0.7483926871966105,8.823560201562942e-05,0.7484809227986261
ray_gpis_hit_only,Cube,11,1,0.9973666666666666,0.9977958371339186,3.612393167862749,0.15062362507137603,0.09110257800460494,0.91243,0.9463080561720691,0.32805479421089634,0.12483251661641998,0.02423074267497662,0.06561095884217927,0.0666362983252486,0.0,1.0,0.0010253394830693318,0.4,0.0,0.015864966183287886,1.0,0.6563994381955126,8.38294014101848e-05,0.6564832675969228
ray_gpis_hit_only,Cube,12,1,0.9698666666666667,0.9847028563692974,3.9072026411014207,0.1480735795533749,0.09281759617017324,0.8481633333333335,0.9084065023861638,0.3381575494734458,0.12294582350030188,0.023884680816752442,0.06763150989468916,0.07036744729646685,0.3,1.0,0.0027359374017776883,0.6,0.0,0.2673361705523168,0.25,0.7823348521982553,8.869079756550491e-05,0.7824235429958207
ray_gpis_hit_only,Cube,13,1,1.0,1.0,3.437455435588817,0.14842754339879102,0.08807257382931657,0.8713366666666665,0.9163282747504292,0.43187838579576643,0.12507725758855162,0.024347829207424062,0.08637567715915329,0.08654600349229549,0.5,1.0,0.00017032633314220113,0.8,0.0,0.08683669092778039,0.5,0.7476937343977624,9.17349971132353e-05,0.7477854693948757
ray_gpis_hit_only,Cube,14,1,0.9953,0.9967262941591627,3.475207885803958,0.1442455282248572,0.08466878138004783,0.7870733333333334,0.8670117383727787,0.3524440337257849,0.1212053537464156,0.02360552010956454,0.07048880674515698,0.09212710525058956,0.4,1.0,0.021638298505432575,0.4,0.0,0.4587247697546067,0.5,0.7842287259962177,0.000107581599149853,0.7843363075953675
ray_gpis_hit_only,Cylinder,0,1,0.9776333333333334,0.9886901852382477,3.7337585364726094,0.2360253566848793,0.14495784086600078,0.82225,0.8857082000447022,0.4908683435678256,0.2084969826534077,0.04024909683576504,0.09817366871356512,0.09827786114091468,0.2,1.0,0.00010419242734955869,0.6,0.0,0.0942427377533833,1.0,0.806755451799836,0.00010701459541451186,0.8068624663952505
ray_gpis_hit_only,Cylinder,1,1,0.9995,0.999297470281725,3.4391163205201356,0.25478370775129927,0.15948159138395307,0.8948266666666669,0.934101383280525,0.3732698534368236,0.22489910451355455,0.04324558977330585,0.07465397068736472,0.07467444961390815,0.6,1.0,2.0478926543421315e-05,0.8,0.0,-0.0005131107347422711,1.0,0.7433338598028059,9.690779843367636e-05,0.7434307676012395
ray_gpis_hit_only,Cylinder,2,1,0.9793,0.9895417571868843,3.603975232278101,0.25314955882017937,0.13371024214434196,0.7386466666666667,0.8373116680567374,0.40266971592354794,0.2243390742395583,0.04320128319095779,0.08053394318470959,0.10673605716673998,0.7,1.0,0.026202113982030383,0.4,0.0,0.6309003712193382,0.5,0.8578255609987536,0.00010492719593457878,0.8579304881946882
ray_gpis_hit_only,Cylinder,3,1,0.9977333333333334,0.9988653807648669,3.7725355230841062,0.25746675915761885,0.15402321561850657,0.8532033333333334,0.9076883624765795,0.4274708237516046,0.22412662455690271,0.04289913126513927,0.08549416475032093,0.0873233877474477,0.4,1.0,0.0018292229971267782,0.8,0.0,0.10484397693407248,0.5,0.9535663385991938,0.0001199541991809383,0.9536862927983748
ray_gpis_hit_only,Cylinder,4,1,0.9998666666666667,0.9999333288885925,3.667787215484307,0.23781110350540152,0.14538737297761345,0.8070433333333333,0.8799691279903372,0.3795291073255105,0.20840742978722004,0.04013322886244347,0.0759058214651021,0.09871330565951068,0.7,1.0,0.02280748419440859,0.6,0.0,0.3496162874193425,0.5,0.9184549961995799,0.00010117579950019717,0.9185561719990801
ray_gpis_hit_only,Cylinder,5,1,0.9613333333333334,0.9802855200543847,3.9425980722605223,0.24661271514035354,0.12731962974724448,0.65282,0.7730624708189758,0.4410636278598091,0.21905415316293705,0.042264803470575804,0.08821272557196183,0.13674914188658097,0.3,1.0,0.048536416314619135,0.2,0.0,0.5857320236840879,0.25,0.916281835603877,8.333359728567302e-05,0.9163651692011626
ray_gpis_hit_only,Cylinder,6,1,0.9939333333333333,0.9964852638936527,3.5223724801953438,0.2486060351917924,0.1688131225690009,0.8109866666666665,0.8822405287171451,0.38498845745099775,0.18993029153923524,0.03523461581300615,0.07699769149019955,0.08951098734392107,0.6,1.0,0.012513295853721518,0.6,0.0,0.4525661438586876,0.5,0.7078499574010493,0.00010969520080834627,0.7079596526018577
ray_gpis_hit_only,Cylinder,7,1,0.9871666666666666,0.9930982406231945,3.8576185332810073,0.25828471134243447,0.1612989025367121,0.8554400000000001,0.9079901003890374,0.3789395617919208,0.20444640668167027,0.03812213955678032,0.07578791235838415,0.0783456829793778,0.2,1.0,0.002557770620993649,0.4,0.0,0.14928726764905084,0.75,0.8257752562029055,0.00010386219946667552,0.8258791184023722
ray_gpis_hit_only,Cylinder,8,1,0.9994666666666666,0.9974250238400902,3.750337693486687,0.2567278390074084,0.1468688550995551,0.8123733333333334,0.8769925245889401,0.5104369262003888,0.2299092305331757,0.0443805165276427,0.10208738524007777,0.10208738524007777,0.8,1.0,0.0,1.0,0.0,0.1241359137642356,0.5,1.0365223692002474,9.735080238897354e-05,1.0366197200026364
ray_gpis_hit_only,Cylinder,9,1,0.9996333333333334,0.9956223642292001,3.712643989230642,0.2520561138647774,0.1444895796988506,0.7744566666666667,0.8535581185193276,0.364422838746698,0.22339435637803426,0.043029932739298435,0.0728845677493396,0.11311544108949009,0.8,1.0,0.0402308733401505,0.6,0.0,0.5712399632597617,0.0,0.9075987918011379,9.871120273601264e-05,0.9076975030038739
ray_gpis_hit_only,Cylinder,10,1,0.9898,0.994873856669012,3.4785774242740826,0.2477974523576798,0.15476708147112356,0.8529333333333333,0.9102936066728559,0.3855010295239696,0.21823466441331188,0.04199640559206069,0.07710020590479391,0.07831882558280176,0.6,1.0,0.0012186196780078484,0.6,0.0,0.12518256011185613,0.5,0.9268116027960787,0.00032499160151928664,0.927136594397598
ray_gpis_hit_only,Cylinder,11,1,0.9994,0.9974560828886853,3.79852414194037,0.2480374074624568,0.1511945482960098,0.9051966666666666,0.9397124587539858,0.37483493094084197,0.21780508076973726,0.04187735542047075,0.0749669861881684,0.07567986991901846,0.5,1.0,0.0007128837308500557,0.8,0.0,0.007478029128808711,0.75,0.8847744033992058,9.143140050582588e-05,0.8848658347997116
ray_gpis_hit_only,Cylinder,12,1,0.9873333333333333,0.9936262998993626,3.6578407405045015,0.25716325467969187,0.14600434728685047,0.7660766666666667,0.8462719308562707,0.39382699533237464,0.22843805892605867,0.0439866652737502,0.07876539906647492,0.11425060732634522,0.5,1.0,0.035485208259870296,0.4,0.0,0.42443123950762085,0.25,0.9928041458013468,0.00010451660200487823,0.9929086624033516
ray_gpis_hit_only,Cylinder,13,1,0.9545,0.9762689012795495,3.6411435523924895,0.22992243779999993,0.12888437045497667,0.6918599999999999,0.7906943366660409,0.47256556703181263,0.20213333924164748,0.03901863726818817,0.09451311340636252,0.13936186008975868,0.4,1.0,0.044848746683396154,0.6,0.0,0.3256541499221154,0.5,1.0756091364019085,0.00011552760552149265,1.07572466400743
ray_gpis_hit_only,Cylinder,14,1,1.0,1.0,3.4375125511794367,0.23640285434496175,0.1572946719048504,0.8815266666666666,0.9249932549754114,0.36780194227875807,0.1780953901836178,0.03309219341862858,0.07356038845575161,0.07356038845575161,0.875,0.8,0.0,1.0,0.0,0.23853742101453262,0.25,0.9459698254009709,8.955759694799781e-05,0.9460593829979189
ray_gpis_hit_only,L_Shaped,0,1,0.9874,0.9936600583677166,3.700281852749796,0.14226920278085112,0.0846193214125863,0.8433033333333333,0.9001637057516273,0.4434607107780102,0.12302475902470782,0.02406501796301665,0.08869214215560203,0.09005917414198561,0.3,1.0,0.001367031986383571,0.6,0.0,0.23112303847975535,1.0,0.7138812382007018,9.317419899161905e-05,0.7139744123996934
ray_gpis_hit_only,L_Shaped,1,1,0.9986,0.9992995096567597,3.4610697932592176,0.1621656542621029,0.09677251204868796,0.8804866666666668,0.9248141355445118,0.3696631127994603,0.1376612817966179,0.0267498947995299,0.07393262255989205,0.0741834906068682,0.4732050807568878,1.0,0.00025086804697613816,0.6,0.0,0.17609577155381098,0.5,1.3243403608008522,9.448299533687532e-05,1.324434843796189
ray_gpis_hit_only,L_Shaped,2,1,0.9832,0.9911004618507355,3.785833932839488,0.15101062518325603,0.09086921053961435,0.8574466666666666,0.9085141713268248,0.43737149304198075,0.12635121360242285,0.02455697060737206,0.08747429860839614,0.08924617020364996,0.2,1.0,0.0017718715952538045,0.6,0.0,0.21870992638618775,0.5,0.7435685578006087,8.543299918528646e-05,0.743653990799794
ray_gpis_hit_only,L_Shaped,3,1,0.9998,0.9998999899989999,3.668156102034355,0.1486142553580673,0.08642759526886286,0.8284033333333334,0.8905636514969668,0.4394738761287055,0.12611085944467718,0.024572679300605964,0.0878947752257411,0.0878947752257411,0.7,1.0,0.0,1.0,0.0,0.18276510232590162,0.5,0.7366950800002087,9.401819843333215e-05,0.736789098198642
ray_gpis_hit_only,L_Shaped,4,1,1.0,0.9995717344753747,3.2697843516577336,0.1551482430575826,0.09185423475117512,0.7989566666666666,0.8772398226525064,0.3495548596863096,0.13176233107011961,0.02564266464978941,0.06991097193726192,0.10633089808255611,0.6,1.0,0.03641992614529419,0.4,0.0,0.3892018476936132,0.0,0.5947605426015798,7.976999622769654e-05,0.5948403125978075
ray_gpis_hit_only,L_Shaped,5,1,0.9739333333333333,0.9863525360397605,3.946281060999937,0.14446027375647363,0.08724331235675335,0.8127066666666668,0.8801820946035571,0.4695186012001896,0.12104835561634007,0.023564817857267294,0.09390372024003793,0.09649945269428788,0.9,1.0,0.002595732454249955,0.8,0.0,0.34886024399764354,0.25,0.7220226809964515,0.00010011419944930822,0.7221227951959008
ray_gpis_hit_only,L_Shaped,6,1,0.999,0.9994997498749374,3.4584554167642447,0.14875462885866317,0.08788859118738038,0.8213033333333334,0.8893205505381043,0.3994390858370458,0.12616881306941796,0.02458154840753484,0.07988781716740916,0.09040758049466764,0.6,1.0,0.01051976332725848,0.4,0.0,0.2654847849287653,0.5,0.9211782194004627,9.963320044334978e-05,0.921277852600906
ray_gpis_hit_only,L_Shaped,7,1,0.9976666666666667,0.9969827260253064,3.8817236280269816,0.1445418656913947,0.08321258739358706,0.76268,0.8424760843688486,0.4650522146477678,0.12257509248616619,0.023901272697633615,0.09301044292955356,0.12336272504949923,0.8,1.0,0.030352282119945673,0.8,0.0,0.2836646944893542,0.25,0.9682158915966284,8.520660048816353e-05,0.9683010981971165
ray_gpis_hit_only,L_Shaped,8,1,0.9961666666666666,0.9980796526676129,3.7684610082407883,0.1429444447883114,0.08485514388584896,0.7945,0.8683624894278648,0.4158825308074555,0.12131949224734814,0.023666746643097432,0.08317650616149111,0.09706555877550602,0.2,1.0,0.013889052614014918,0.2,0.0,0.3498308684733716,0.25,0.9737905511981808,0.00010617279913276434,0.9738967239973135
ray_gpis_hit_only,L_Shaped,9,1,0.9773666666666667,0.9881196629765643,3.756385033782755,0.14851407551070606,0.09076365559441249,0.8514966666666666,0.9090574582519615,0.3700349976303945,0.1219289621443836,0.023647470552514024,0.07400699952607889,0.07624296886211798,0.9,1.0,0.0022359693360390898,0.8,0.0,0.25797165553508866,0.25,0.8874063188006402,0.00011752999853342772,0.8875238487991737
ray_gpis_hit_only,L_Shaped,10,1,0.9961,0.9961232171852361,3.644660307003711,0.13741825242337916,0.08143100223616093,0.82197,0.8871038762469506,0.4430220307282091,0.11463184709454179,0.022336321601417353,0.08860440614564183,0.09318991807825291,0.7,1.0,0.004585511932611097,0.4,0.0,0.23741154417209276,0.0,0.7564954159985063,9.890240035019815e-05,0.7565943183988566
ray_gpis_hit_only,L_Shaped,11,1,0.9985,0.9983579191254507,3.703224368270152,0.15184573103921514,0.08725830305347713,0.7500366666666667,0.8383969360256506,0.38269643603745285,0.12927132255569584,0.025183969913942162,0.07653928720749056,0.11786751032645504,0.4,1.0,0.04132822311896447,0.8,0.0,0.5508483666563766,0.25,0.8682180414005416,9.038900316227227e-05,0.8683084304037039
ray_gpis_hit_only,L_Shaped,12,1,0.9993333333333333,0.9992041152702783,3.7509372274289015,0.14288246473306937,0.08748689618958923,0.86304,0.9160570106673509,0.3440131523870077,0.11892170654332593,0.023137530627898736,0.06880263047740154,0.07150540900178501,0.4,1.0,0.0027027785243834757,0.6,0.0,0.27264604118760993,0.75,0.8831873218005057,0.00010181440447922795,0.883289136204985
ray_gpis_hit_only,L_Shaped,13,1,0.9852333333333333,0.9925617475695552,3.7394846135412134,0.14106709061486358,0.08605002623244948,0.7554066666666667,0.8476444984122626,0.3731733585132032,0.1153102663698851,0.022390625506336047,0.07463467170264064,0.08834102485203876,0.8,1.0,0.01370635314939812,0.6,0.0,0.4653846381973121,0.5,0.7712974595982814,8.78941995324567e-05,0.7713853537978139
ray_gpis_hit_only,L_Shaped,14,1,0.9965,0.9943627685450859,3.9239649679648023,0.15148225549424796,0.08991154824180746,0.8893633333333334,0.9325918639247408,0.3052651063209215,0.12586001168692637,0.024434176371716305,0.061053021264184305,0.06180574916238195,0.3,1.0,0.000752727898197647,0.6,0.0,0.1340053715695408,0.5,0.8277431261987658,8.972619834821672e-05,0.827832852397114
ray_gpis_hit_only,Thin_Irregular,0,1,0.9924333333333333,0.9946286861237352,3.835478955212718,0.999444365630251,0.9046705933325774,0.8622099999999999,0.9106344666754307,0.4485397067692717,0.9989474451852215,0.10546710277216065,0.08970794135385433,0.09049082510525111,0.7,1.0,0.0007828837513967679,0.6,0.2,0.12985842363143008,0.25,2.140438646802795,0.00010455120063852519,2.1405431980034337
ray_gpis_hit_only,Thin_Irregular,1,1,0.9969333333333333,0.9981979663956231,3.7478863238050297,0.9996948462776047,0.9127257807664929,0.8876999999999999,0.9302508072441885,0.38055903910781563,0.9993907392119764,0.10011076051265615,0.07611180782156313,0.07775910973516573,0.5,1.0,0.0016473019136026058,0.8,0.4,0.2440825764784034,0.5,2.172644462794415,8.334400481544436e-05,2.17272780679923
ray_gpis_hit_only,Thin_Irregular,2,1,0.9980333333333333,0.997947140506889,3.9009441886124536,0.9997931519147543,0.8343642690428787,0.7734833333333334,0.8502718404895585,0.47447042035726805,0.9996012734807667,0.10371299597843195,0.09489408407145361,0.11977302042899926,0.6,1.0,0.024878936357545657,0.6,0.0,0.33062400165245626,0.25,2.1801805726019667,0.00010610100289341063,2.18028667360486
ray_gpis_hit_only,Thin_Irregular,3,1,0.9691333333333333,0.9767711870430151,4.1379383600477375,0.9996486432042818,0.9023565470918913,0.7998233333333336,0.8689250184113364,0.4832868673603878,0.9994271791755778,0.12260571412814666,0.09665737347207756,0.09958795420324126,0.2,1.0,0.002930580731163701,0.6,0.4,0.26592613829959266,0.5,2.279841772801592,9.928919898811727e-05,2.27994106200058
ray_gpis_hit_only,Thin_Irregular,4,1,0.995,0.9974937343358395,3.8048055142930104,0.9998033887257013,0.8287405822042911,0.8182600000000001,0.8870202082244141,0.36411181013758875,0.9996371845914329,0.1083415621597198,0.07282236202751775,0.09854808909456148,0.5,1.0,0.025725727067043725,0.6,0.2,0.3008426498719735,0.25,2.1434046348003903,0.00010012440034188331,2.143504759200732
ray_gpis_hit_only,Thin_Irregular,5,1,0.9934666666666667,0.9928266713110919,3.901111497002653,0.9978369131869416,0.8466266159984169,0.8258133333333333,0.8875455399883896,0.4207861172628269,0.9959016590880122,0.1051265276431795,0.08415722345256538,0.08474680987862829,0.3,1.0,0.0005895864260629047,0.6,0.2,0.3195314418293756,0.5,2.21586084139999,8.593520033173263e-05,2.2159467766003216
ray_gpis_hit_only,Thin_Irregular,6,1,0.9948,0.9940716801459031,3.5389238012424284,0.9997439990961794,0.8845011051741947,0.80359,0.8757008304269174,0.40255544737048576,0.999491500281215,0.10063750990635367,0.08051108947409716,0.08051108947409716,0.8,1.0,0.0,1.0,0.4,0.2817446035323374,0.5,2.1911151208012596,9.80281998636201e-05,2.1912131490011233
ray_gpis_hit_only,Thin_Irregular,7,1,0.9957666666666667,0.9884252147005889,4.071849475019976,0.9994498858867178,0.8119339108220233,0.7640166666666667,0.8358680535878564,0.41353566076015846,0.9989103692815102,0.10086255512460447,0.0827071321520317,0.1174854863036265,0.5,1.0,0.034778354151594804,0.6,0.4,0.48542040575338036,0.25,2.321067318401765,9.592160058673471e-05,2.3211632400023516
ray_gpis_hit_only,Thin_Irregular,8,1,0.9952,0.9968265253814047,3.7163331808800435,0.9996020608969222,0.9044493514988812,0.8882933333333332,0.9301022602006249,0.3689450764242148,0.9992738267112202,0.1095193492998697,0.07378901528484297,0.07473257075591391,0.3,1.0,0.0009435554710709448,0.6,0.2,0.15023859874864387,1.0,2.022098342998652,8.757479954510928e-05,2.022185917798197
ray_gpis_hit_only,Thin_Irregular,9,1,0.7942333333333333,0.8829403964559484,5.870869984421129,0.7184210654356411,0.6463728337981773,0.68936,0.8048292254243009,0.3633618230887299,0.5606776522612344,0.07187206240263552,0.07267236461774598,0.11020899352020463,0.3,1.0,0.03753662890245866,0.4,0.4,0.48595569878081546,1.0,2.293008915396058,8.376899641007184e-05,2.293092684392468
ray_gpis_hit_only,Thin_Irregular,10,1,0.9903333333333333,0.9935535970820752,3.816081646004964,0.9997931519147542,0.8784741579409289,0.8530833333333334,0.9062974087539393,0.4189687492451427,0.9996612698804348,0.12209012876358598,0.08379374984902854,0.08720680613177507,0.3,1.0,0.0034130562827465296,0.6,0.2,-0.07275624847732093,0.5,2.1991971104027472,9.880719881039113e-05,2.1992959176015576
ray_gpis_hit_only,Thin_Irregular,11,1,0.9904,0.9898626299408159,3.873869932692138,0.9997931519147542,0.8788178029360468,0.8040700000000001,0.8734597969391487,0.4184000457166307,0.9996036315065188,0.10433023844349161,0.08368000914332614,0.0873004590722477,0.7,1.0,0.003620449928921565,0.8,0.2,0.24812352509727964,0.5,2.2358611645991915,8.847579883877187e-05,2.2359496403980303
ray_gpis_hit_only,Thin_Irregular,12,1,0.9991,0.9955966125872799,3.748943253745296,0.9993515802495684,0.8263658089864936,0.8091333333333333,0.8779696362852347,0.37221700951282777,0.998826544924437,0.1103849431429933,0.07444340190256556,0.09965548703595335,0.8,1.0,0.025212085133387796,0.8,0.2,0.4914862555742005,1.0,2.3492215457954444,0.00010302779846824706,2.3493245735939126
ray_gpis_hit_only,Thin_Irregular,13,1,0.9940666666666667,0.9956735113546153,3.4955457043213207,0.9999016943628507,0.8816354295055147,0.8623766666666665,0.9140971172618142,0.3657554879262136,0.9998255096768112,0.11265780470874842,0.07315109758524271,0.07361901569864146,0.3,1.0,0.00046791811339874645,0.6,0.2,0.2527419917018085,0.25,2.1650191818014717,0.00010476339957676828,2.1651239452010484
ray_gpis_hit_only,Thin_Irregular,14,1,0.9565333333333333,0.9756170152596081,4.202379580148966,0.9999508471814254,0.900975998130163,0.73867,0.8295792521052651,0.5329664065955543,0.9999198345910073,0.12261866766836178,0.10659328131911086,0.11464828990842109,0.7,1.0,0.008055008589310231,0.8,0.2,0.36501688607438104,0.5,2.3579254922020483,9.28082037717104e-05,2.3580183004058197
ray_gpis_hit_only,green_Pepper,0,1,0.9983,0.9991492768853525,3.4906151693710137,0.1462010991724263,0.08630418572740857,0.8004066666666667,0.8756973624654727,0.41194449221888985,0.12260551524129008,0.023861662220773985,0.08238889844377797,0.11259788944089795,0.7,1.0,0.03020899099711998,0.4,0.0,0.4166359559489277,0.0,0.7799972514010733,9.778719977475703e-05,0.7800950386008481
ray_gpis_hit_only,green_Pepper,1,1,0.9675,0.9834815756035579,3.800957000898638,0.14131451745946608,0.0847761160998252,0.7450733333333334,0.8421636457191418,0.3685550999231405,0.11830313643232532,0.02304310925693856,0.0737110199846281,0.11489694848912649,0.5,1.0,0.041185928504498384,0.0,0.0,0.5564798557953297,0.75,0.9475195019942475,0.00011139119451399892,0.9476308931887616
ray_gpis_hit_only,green_Pepper,2,1,0.9982666666666666,0.9981736317653469,3.4153876202828752,0.13781467471238085,0.08083586147324709,0.8037366666666665,0.8744359963258365,0.4244019709224459,0.11599425812064502,0.022626221172869505,0.08488039418448919,0.10321832101698561,0.8,1.0,0.01833792683249642,0.6,0.0,0.461215726035409,0.25,0.7837302087980789,9.668600396253168e-05,0.7838268948020414
ray_gpis_hit_only,green_Pepper,3,1,0.9724666666666667,0.9851628564823167,3.8078863092708795,0.14441505054177703,0.08898037856344632,0.83959,0.9008462035285396,0.371324344295647,0.1201299520995552,0.023362854376228558,0.07426486885912939,0.07622310481103658,0.4,1.0,0.0019582359519071833,0.8,0.0,0.2689251526776518,1.0,0.8146437938034069,9.95976006379351e-05,0.8147433914040448
ray_gpis_hit_only,green_Pepper,4,1,0.9837666666666667,0.990886253207508,3.7539021866153894,0.1380659228121267,0.08515825496669398,0.8661233333333334,0.9157018172848896,0.37191097355000213,0.11507480850414056,0.022417013286269796,0.07438219471000043,0.0761748738061763,-0.2,1.0,0.0017926790961758643,0.4,0.0,0.15075792669266036,0.75,0.7752517287997762,9.986859804484993e-05,0.775351597397821
ray_gpis_hit_only,green_Pepper,5,1,0.9948666666666667,0.996969741348071,3.7099641062967446,0.14610095552183128,0.08764862067709887,0.8342033333333333,0.8943116681864535,0.42925829974963703,0.12407632487426919,0.024191298456978764,0.08585165994992741,0.08585165994992741,0.9,1.0,0.0,1.0,0.0,0.17289622295221344,0.5,0.8962996289978037,0.00011442339746281505,0.8964140523952665
ray_gpis_hit_only,green_Pepper,6,1,0.9929,0.9959825248335039,3.5749548186618445,0.1404496394663509,0.08585973705365672,0.86779,0.9163250009714506,0.43035976604794335,0.11831762300560163,0.023069522123973542,0.08607195320958867,0.0867370789008934,0.6,1.0,0.0006651256913047243,0.6,0.0,0.25153894861922943,1.0,0.8177208528039046,9.36038006329909e-05,0.8178144566045376
ray_gpis_hit_only,green_Pepper,7,1,0.9687,0.983650526330718,3.6284894412711437,0.14565993214222114,0.08711788999509082,0.84139,0.901192953287681,0.3769256517254793,0.12121589815543504,0.023568837542277957,0.07538513034509586,0.07850214295700512,0.4,1.0,0.0031170126119092643,0.6,0.0,0.3114500316755626,0.5,0.899903274801909,0.00010666800371836871,0.9000099428056274
ray_gpis_hit_only,green_Pepper,8,1,0.9969333333333333,0.9984643119449824,3.6010255920706027,0.13842667343139198,0.08311839560168705,0.8044900000000001,0.8765366460302193,0.4634153581641879,0.11603410049399619,0.022618946276972186,0.09268307163283758,0.10971517953113563,0.8,1.0,0.017032107898298055,0.8,0.0,0.37607879736134375,0.25,0.910252618000959,0.00011324700026307254,0.9103658650012221
ray_gpis_hit_only,green_Pepper,9,1,1.0,1.0,3.420562857169224,0.14252875873183576,0.08271623865878015,0.7652300000000001,0.849356238549011,0.4186074004019388,0.12164969277100189,0.023751597102372613,0.08372148008038775,0.11946554334878803,0.7,1.0,0.035744063268400274,0.6,0.0,0.4852512622836424,0.0,0.7794159812037833,8.512739441357553e-05,0.7795011085981969
ray_gpis_hit_only,green_Pepper,10,1,0.9932333333333333,0.9966051808619161,3.6517280389633626,0.14096998486523865,0.08396842749920722,0.7715366666666666,0.8576234839005753,0.3920838300385837,0.11965488432158689,0.023351555034302855,0.07841676600771674,0.11162181902655655,0.5,1.0,0.0332050530188398,0.4,0.0,0.4693221223501401,1.0,0.8775385462038685,0.00010152719623874873,0.8776400734001072
ray_gpis_hit_only,green_Pepper,11,1,0.9820333333333333,0.990935234859824,3.5546381368498636,0.14433253045774386,0.08879435039555848,0.86958,0.9204670165718742,0.36139273925670856,0.12091670746829954,0.023539178592920436,0.07227854785134172,0.07320654608540081,0.2,1.0,0.0009279982340590909,0.6,0.0,0.2567072759047293,0.75,0.8411678128031781,0.00010486079845577479,0.8412726736016338
ray_gpis_hit_only,green_Pepper,12,1,0.9869,0.9929572200738488,3.796564484263654,0.14437137777416173,0.08822750928758503,0.8499033333333333,0.9054171561734924,0.3829400769519473,0.12122532449607117,0.02360647393894769,0.07658801539038947,0.08174931581059004,0.5,1.0,0.005161300420200576,0.4,0.0,0.18619008006632443,1.0,0.7285472061979817,0.00010796239948831498,0.72865516859747
ray_gpis_hit_only,green_Pepper,13,1,0.9965,0.9968401094435614,3.5402200471468595,0.14132507413156406,0.08293819567580749,0.7583666666666666,0.8439312663999367,0.46840217257357397,0.1191510955312961,0.023230331014418307,0.09368043451471479,0.11938714090110722,0.7,1.0,0.02570670638639243,0.4,0.0,0.3907751396083238,0.25,0.6706086357968161,9.74415976088494e-05,0.6707060773944249
ray_gpis_hit_only,green_Pepper,14,1,0.9981,0.9981571395858082,3.5921724170594125,0.1501286607419149,0.09074532318270914,0.8724866666666667,0.9196968676075808,0.39529301104930803,0.12655929412646885,0.024628830800197187,0.0790586022098616,0.0790586022098616,0.9,1.0,0.0,1.0,0.0,0.27927517244791816,0.5,0.523309940402396,9.329179883934557e-05,0.5234032322012354
ray_gpis_novelty_only,Bowl,0,1,0.9462666666666667,0.9618863297313357,4.049192165467591,0.48509721079437074,0.34124491701688137,0.7854066666666666,0.8608262639642627,0.44674081399187815,0.42272049980829624,0.07540886670439834,0.08934816279837562,0.09477190424187218,0.6,1.0,0.005423741443496555,0.6,0.0,0.7196955825131608,0.25,1.744647061996511,9.557859739288688e-05,1.7447426405939042
ray_gpis_novelty_only,Bowl,1,1,0.7957333333333333,0.882278208500687,5.1757315644586015,0.3319932486359392,0.2516790188631083,0.71675,0.8248934624378302,0.3239274552389555,0.2497715988120242,0.04447955157155465,0.0647854910477911,0.10443941074439618,-0.6,1.0,0.039653919696605075,0.2,0.0,0.7152249871252002,0.75,1.345838975199149,8.962440479081124e-05,1.3459285996039398
ray_gpis_novelty_only,Bowl,2,1,0.9318,0.9554859701944706,4.1617990540672665,0.44438917613855744,0.32535141181053934,0.8042066666666667,0.8696038759452327,0.3610331965812772,0.3663414143608488,0.06424382456438738,0.07220663931625544,0.08193660393607098,-0.1,1.0,0.009729964619815545,0.2,0.0,0.666572728313115,0.75,1.3693872242001817,8.74305987963453e-05,1.369474654798978
ray_gpis_novelty_only,Bowl,3,1,0.7187666666666667,0.8360929493662437,5.525354567182119,0.3059683343213408,0.23209739947545435,0.6329533333333333,0.7654703956532212,0.4272250398486218,0.2504129450078878,0.04637073497304504,0.08544500796972436,0.1539633149562027,-0.4,1.0,0.06851830698647834,0.2,0.0,0.6262143439574273,0.75,0.9995862773997942,9.110699757002294e-05,0.9996773843973642
ray_gpis_novelty_only,Bowl,4,1,0.9415,0.9632533450642932,3.954478253227468,0.43220877481322273,0.32988524861685486,0.8235299999999999,0.8885574916078305,0.35304302355961426,0.35134637785318856,0.06150937373507705,0.07060860471192285,0.07817043450629498,0.4,1.0,0.007561829794372121,0.4,0.0,0.6831332970931562,0.75,1.701187255801051,0.00010124800028279423,1.7012885038013337
ray_gpis_novelty_only,Bowl,5,1,0.9068,0.9437074975525432,4.212632065258019,0.40560081507818374,0.3021415027563663,0.7667499999999999,0.848797314845973,0.3488926306938346,0.3206793322353729,0.05611827896513275,0.06977852613876692,0.08598105112124502,0.2,1.0,0.016202524982478095,0.4,0.0,0.6860295905813687,0.75,0.8334981568012154,8.256139990407974e-05,0.8335807182011195
ray_gpis_novelty_only,Bowl,6,1,0.9158,0.9478722167678665,4.387858590294117,0.3973841009162824,0.284272832854052,0.7323133333333333,0.8197541978412319,0.5061518760240477,0.3352174024738031,0.060773954412156175,0.10123037520480953,0.12516310563304184,0.2,1.0,0.023932730428232296,0.4,0.0,0.605137760357061,0.5,0.9043544587970246,9.452300146222115e-05,0.9044489817984868
ray_gpis_novelty_only,Bowl,7,1,0.5720666666666666,0.7172175093588082,6.468381832320154,0.2450940586172883,0.1915636809492705,0.4990566666666667,0.653683316814136,0.12821861464300743,0.14258706593571052,0.02510804746762204,0.025643722928601488,0.1639323044141325,-0.9,1.0,0.13828858148553103,0.0,0.0,0.8401223463607231,1.0,2.657296822199714,0.0001333439984591678,2.6574301661981736
ray_gpis_novelty_only,Bowl,8,1,0.9220666666666667,0.9594533661683604,4.114966197765757,0.4272111717979788,0.29811896944637495,0.7422333333333333,0.839571326328499,0.3427067781934433,0.34629948700228036,0.060687263792215874,0.06854135563868866,0.1010374022484749,0.3,1.0,0.03249604660978624,0.4,0.0,0.7430667415312426,0.75,3.1876024844008497,0.00011276980221737176,3.1877152542030673
ray_gpis_novelty_only,Bowl,9,1,0.9273333333333333,0.9556062484640558,4.129337800064927,0.4569092680710615,0.33140675026067035,0.8003300000000001,0.8749133372536935,0.3684679999416738,0.3787589059819165,0.06622242264879384,0.07369359998833476,0.08104635657939689,-0.2,1.0,0.007352756591062137,0.4,0.0,0.6616622439345387,0.5,2.855938375799451,0.00011294120049569756,2.8560513169999466
ray_gpis_novelty_only,Bowl,10,1,0.8213333333333334,0.886412596118993,5.151827337418127,0.33628024858847544,0.24773002682501985,0.6731033333333333,0.7748410739762625,0.48432465769187116,0.2837674336158559,0.05259242858755653,0.09686493153837424,0.11291140713538295,-0.2,1.0,0.016046475597008714,0.2,0.0,0.6240751602197299,0.75,0.8989192878012545,0.00010093059972859919,0.8990202184009831
ray_gpis_novelty_only,Bowl,11,1,0.8223666666666667,0.897742339162634,4.514453314590068,0.3604738659184356,0.2799408290912051,0.7587533333333333,0.8539020056372604,0.37024338218420616,0.2770087964651633,0.04900595300297226,0.07404867643684124,0.11469515246876179,-0.3,1.0,0.04064647603192055,0.2,0.0,0.6633425841153581,0.75,1.4969147829979192,9.034700342454016e-05,1.4970051300013438
ray_gpis_novelty_only,Bowl,12,1,0.8906333333333334,0.9391117552561339,4.6471522642363325,0.4059120351282712,0.3082809232491152,0.7574133333333333,0.8502615791962652,0.3442968883974252,0.3213668343734254,0.05626608844968656,0.06885937767948505,0.09173382132922407,0.2,1.0,0.022874443649739028,0.4,0.0,0.6597740603990887,0.25,1.4841894012031844,0.0001052241976140067,1.4842946254007985
ray_gpis_novelty_only,Bowl,13,1,0.6643666666666667,0.7883516480066803,6.067961849212797,0.3117716782415686,0.23983562745223758,0.5718533333333333,0.718327838633763,0.14800176470998194,0.20751329236866028,0.036042629756229856,0.029600352941996387,0.13543940270348248,-0.7,1.0,0.1058390497614861,0.0,0.0,0.8028494435225451,0.5,1.4997567029960919,9.496479469817132e-05,1.49985166779079
ray_gpis_novelty_only,Bowl,14,1,0.5401666666666667,0.698817963632045,6.572514880317849,0.25699003467825443,0.1989315231882925,0.4890533333333334,0.6549377937062268,0.07626005367084288,0.15289365204168193,0.02682107326316362,0.015252010734168575,0.18121586557066782,-0.9,1.0,0.16596385483649925,0.0,0.0,0.8051323958571754,1.0,1.452466287597781,9.751619363669306e-05,1.4525638037914177
ray_gpis_novelty_only,Corner,0,1,0.9598333333333333,0.978638349994146,3.8012861132180706,0.07794540940068302,0.047706357584852734,0.8131866666666667,0.8828224331243175,0.44839804428412955,0.06421991055768841,0.012655593767309911,0.08967960885682591,0.09162477692089074,0.3,1.0,0.0019451680640648395,0.8,0.0,0.22474519544165084,0.25,1.9841468180005903,0.00010948879935313016,1.9842563067999435
ray_gpis_novelty_only,Corner,1,1,0.9978666666666667,0.99893219434063,3.4415416265090104,0.07948624128905643,0.05012980722938933,0.89506,0.9344684546937966,0.37672221914085036,0.06455794115073028,0.012705537986265414,0.07534444382817007,0.0753811820998509,0.5,1.0,3.673827168082511e-05,0.8,0.0,0.13814821040283815,0.5,2.827829815002042,0.00010446499509271234,2.8279342799971348
ray_gpis_novelty_only,Corner,2,1,0.9669333333333333,0.9796411249475082,3.496444108205884,0.07440095788364608,0.04376461469211872,0.8319099999999999,0.8952497084597608,0.41343566219032135,0.0628748138571019,0.012420297381806446,0.08268713243806428,0.08341392155817692,0.3,1.0,0.0007267891201126586,0.6,0.0,0.1318270413710231,0.5,1.6618915089988149,0.00010883020295295864,1.662000339201768
ray_gpis_novelty_only,Corner,3,1,0.9870333333333333,0.9934743587592895,3.5472998784782734,0.07809247597451834,0.04735024047395911,0.8730533333333333,0.9208340782932025,0.3833606197335998,0.06502386337807062,0.012822998693000498,0.07667212394671996,0.07754536416551008,0.5,1.0,0.0008732402187901167,0.6,0.0,0.09321998741130692,0.25,1.1072972752008354,9.482940076850354e-05,1.107392104601604
ray_gpis_novelty_only,Corner,4,1,0.9652,0.9763350711656795,4.327022253933375,0.07997913132486707,0.046659245300132844,0.7505866666666667,0.8420521326083289,0.32829541366229964,0.06608447732904209,0.013020256492648211,0.06565908273245993,0.10679236228956783,0.6,1.0,0.0411332795571079,0.4,0.0,0.4602705138475623,0.5,0.9079865458013956,9.862320148386061e-05,0.9080851690028794
ray_gpis_novelty_only,Corner,5,1,0.9812666666666666,0.9905447693394799,3.669560537260472,0.07851710614114564,0.04642249220355388,0.7808733333333333,0.8605275434953666,0.45631894239855064,0.06643510054389105,0.01311506221766789,0.09126378847971013,0.1120578010053805,0.3,1.0,0.02079401252567037,0.4,0.0,0.26816062836137605,0.5,1.0938514103996568,0.00011405340628698469,1.0939654638059437
ray_gpis_novelty_only,Corner,6,1,0.9939666666666667,0.9969742055199853,3.300435279231801,0.08062128413615235,0.049538463807040446,0.8795466666666666,0.9266472146495056,0.3125040351588724,0.06526043766638887,0.012837598791399705,0.06250080703177448,0.06469954469045151,0.2,1.0,0.0021987376586770414,0.6,0.0,0.324425104428931,0.5,0.9864390948001528,0.0001162535947514698,0.9865553483949043
ray_gpis_novelty_only,Corner,7,1,0.9991,0.999549797408834,3.6627988988846254,0.08216900003599409,0.05056603862226326,0.8896266666666668,0.9324727037254696,0.3373722683669378,0.06841790531511535,0.013481597555190517,0.06747445367338756,0.06747445367338756,0.9732050807568878,1.0,0.0,1.0,0.0,0.09606066891737237,0.5,1.5837989024003036,0.00010333960235584528,1.5839022420026594
ray_gpis_novelty_only,Corner,8,1,0.9913333333333333,0.995647807164379,3.627966217229023,0.08007453392172059,0.04797368124573211,0.8583033333333334,0.9096093879111258,0.4411871137873582,0.06705135212012876,0.013223074279696184,0.08823742275747164,0.08884483675924355,0.3,1.0,0.000607414001771911,0.6,0.0,0.09459544518196383,0.75,0.8592051360028563,0.00010001159971579909,0.8593051476025722
ray_gpis_novelty_only,Corner,9,1,0.9994,0.9996999099729919,3.5038850358890854,0.08458002351750779,0.05101164679528455,0.8824299999999999,0.9287752558797824,0.32639974413551254,0.07035382690183718,0.013855443163564268,0.0652799488271025,0.0652799488271025,0.7,1.0,0.0,1.0,0.0,0.012685254062714577,0.5,0.8208079170028213,8.957740210462362e-05,0.820897494404926
ray_gpis_novelty_only,Corner,10,1,0.9823333333333333,0.9910879435009248,3.3279248094124125,0.07658619168723382,0.047886392019179956,0.8640966666666667,0.9163739145792104,0.3452757693523705,0.061400530201039735,0.012081425410885723,0.06905515387047409,0.06995367605819591,0.5,1.0,0.0008985221877218175,0.8,0.0,0.10205227883955137,0.5,1.0321357206004904,0.00010292500082869083,1.032238645601319
ray_gpis_novelty_only,Corner,11,1,0.9987,0.9993495772251965,3.0504275366620313,0.07991638837049303,0.048367818805063675,0.8750766666666667,0.9220776472297926,0.38094670350317383,0.06605340873692497,0.013014589793388065,0.07618934070063477,0.07619601581977672,0.7,1.0,6.675119141963393e-06,0.8,0.0,0.13601188773174638,0.25,1.008669289998943,0.00011850080045405775,1.008787790799397
ray_gpis_novelty_only,Corner,12,1,0.9921,0.9960343356257216,3.4111745664448665,0.08122724885356031,0.048299922199707426,0.8124533333333332,0.8860358223007397,0.39018355606394917,0.06744290452858259,0.013289203039672053,0.07803671121278984,0.07803671121278984,0.9,1.0,0.0,1.0,0.0,0.25685064517051953,0.5,1.0468184725992615,0.00012222680379636586,1.046940699403058
ray_gpis_novelty_only,Corner,13,1,0.9961,0.997645023344372,3.5917407595264175,0.08431503302474513,0.049337835283561116,0.88189,0.9248268654827901,0.4039169963439502,0.07002910280066957,0.013790667402271051,0.08078339926879004,0.08155693848217864,0.2,1.0,0.0007735392133886076,0.6,0.0,0.10048352025635156,0.5,1.6775531096034684,0.00010587740107439458,1.6776589870045426
ray_gpis_novelty_only,Corner,14,1,0.9999333333333333,0.9990833321971548,3.33425433858988,0.07906323976617567,0.04609163464374059,0.8551733333333335,0.9071658452189544,0.4411137109704677,0.06734190329721357,0.013299114535061768,0.08822274219409354,0.08951948900975179,0.3,1.0,0.0012967468156582563,0.6,0.0,0.098870951590753,0.5,1.0432549704011762,9.78963973466307e-05,1.0433528667985228
ray_gpis_novelty_only,Cross,0,1,0.9648666666666667,0.9821192277677875,3.9423785729883223,0.12834448859186373,0.07692838403323135,0.8343700000000001,0.8965243677352653,0.44193772366813056,0.10871535496565553,0.0212642142683506,0.08838754473362612,0.0906080754148143,-0.125,0.8,0.002220530681188193,0.6,0.0,0.12070267795834284,0.5,0.9037240838020807,7.313400274142623e-05,0.9037972178048221
ray_gpis_novelty_only,Cross,1,1,0.9913666666666666,0.9947398502419338,3.562609659619153,0.1294648013002664,0.07740426812199741,0.8612633333333333,0.9121799446438509,0.424264295109941,0.10925273068770056,0.021354732345378772,0.0848528590219882,0.08806170186714316,0.5,1.0,0.003208842845154947,0.6,0.0,0.13060769054703594,0.5,0.8239559635985643,9.422180592082441e-05,0.824050185404485
ray_gpis_novelty_only,Cross,2,1,0.9754,0.9870996667194947,3.697954080029869,0.12725536138742746,0.07606020674615202,0.7891166666666667,0.8662190191311415,0.36574445888879226,0.10750297550188984,0.021024752560252765,0.07314889177775845,0.10348859591229125,0.0,0.8,0.030339704134532797,0.4,0.0,0.12880879491874567,0.5,0.8269757058034883,9.09349968424067e-05,0.8270666408003308
ray_gpis_novelty_only,Cross,3,1,0.9927666666666667,0.9963702055768362,3.6704879915226645,0.1326168878041953,0.08001451218425454,0.8479866666666667,0.9046380627454728,0.4129680098502395,0.1113839789558114,0.02174450606954326,0.0825936019700479,0.08505317522436115,0.6,1.0,0.002459573254313252,0.8,0.0,0.09935965753032729,0.25,0.7796976856014226,8.791439759079367e-05,0.7797855999990133
ray_gpis_novelty_only,Cross,4,1,0.9896,0.9921455973463057,3.759740663246116,0.13425370956358745,0.08048683371863516,0.8742666666666666,0.9209800040915745,0.37215387739598604,0.11339585377731533,0.02214563064628916,0.07443077547919721,0.07684624774847919,0.7,1.0,0.002415472269281982,0.4,0.0,0.22870508125429156,0.5,0.8743450627982383,0.00010524839744903147,0.8744503111956874
ray_gpis_novelty_only,Cross,5,1,0.9439,0.9702396886174538,3.927264797200328,0.12233266587853292,0.07530626854035853,0.8161000000000002,0.8863039303498639,0.3934908687298907,0.10214716576808812,0.019970139258832016,0.07869817374597814,0.07984951910975469,0.2,1.0,0.0011513453637765458,0.6,0.0,0.1467020842870222,0.75,0.886713133394369,0.00010108139540534466,0.8868142147897743
ray_gpis_novelty_only,Cross,6,1,0.9829666666666667,0.9904605126173522,3.881449673034829,0.12237916425884021,0.07762121221382251,0.8626099999999999,0.9128793436494285,0.41421828396185423,0.10151030931411006,0.01983051412166681,0.08284365679237085,0.08638401781441843,0.5,1.0,0.003540361022047578,0.4,0.0,0.09138139448386357,0.25,0.8544054727972252,9.439419372938573e-05,0.8544998669909546
ray_gpis_novelty_only,Cross,7,1,0.9874,0.9913280434965935,3.6895172268198917,0.12749017436781004,0.07709822517496574,0.8559066666666666,0.9094678985843732,0.3881061420160087,0.10643398350146813,0.020785189828525202,0.07762122840320174,0.07963683586447379,0.4,1.0,0.002015607461272051,0.6,0.0,0.2019115501258869,0.5,0.825923324195901,9.417459659744054e-05,0.8260174987924984
ray_gpis_novelty_only,Cross,8,1,0.9867333333333334,0.992858045880831,3.835612230538348,0.12830262144233473,0.07472235717533383,0.7808833333333334,0.8582107599366587,0.5119607625428559,0.10934845043322267,0.021404275923249016,0.10239215250857119,0.10239215250857119,0.8,1.0,0.0,1.0,0.0,0.08167504720759898,0.5,1.6289434439997421,0.00010093660093843937,1.6290443806006807
ray_gpis_novelty_only,Cross,9,1,0.9948333333333333,0.9974099757707412,3.718512803098455,0.13083234390228857,0.07906708568682008,0.8666766666666668,0.9168179276588007,0.3983626235712455,0.11048516131090208,0.021591574308461568,0.0796725247142491,0.08206206621355314,0.3,1.0,0.0023895414993040376,0.6,0.0,0.011278682192721462,0.5,1.65144134160073,0.0001264043996343389,1.6515677460003644
ray_gpis_novelty_only,Cross,10,1,0.9683666666666667,0.9839291459924472,3.803002263442398,0.1260318860164061,0.07650621487505395,0.8414666666666667,0.9017736911854618,0.4011961827232845,0.10543960285269395,0.02060248835924574,0.0802392365446569,0.08479819760151933,0.2,1.0,0.00455896105686242,0.6,0.0,0.11365426155870907,0.25,1.643895555997733,0.00010839960305020213,1.6440039556007833
ray_gpis_novelty_only,Cross,11,1,0.9762333333333333,0.9875274367669846,3.7251215778927653,0.1282307553910251,0.0786537040101109,0.8711,0.9217613426121929,0.3609337132336681,0.10616098202407993,0.0207079523817727,0.07218674264673361,0.07643980382349394,0.5,1.0,0.00425306117676032,0.6,0.0,0.04634141107804989,0.5,0.9298189046006883,9.21922008274123e-05,0.9299110968015156
ray_gpis_novelty_only,Cross,12,1,0.9613,0.9798300068991779,3.926816458795615,0.1310679753145145,0.07938196987850132,0.8256666666666668,0.894999272593696,0.3580947715604693,0.11033824048219432,0.021553456620275975,0.07161895431209386,0.07711729432882827,0.4,1.0,0.005498340016734415,0.6,0.0,0.37909293459601734,0.25,0.7690447947999928,9.691960294730962e-05,0.7691417144029401
ray_gpis_novelty_only,Cross,13,1,0.9762666666666666,0.9875087841251518,3.912678887867023,0.12379074224333413,0.07244257315363678,0.7404,0.8299165978084491,0.4766381398285171,0.10482520724568835,0.02052086760672269,0.09532762796570342,0.11873393619047823,0.5,0.8,0.023406308224774807,0.6,0.0,0.13648193713282977,0.25,0.720296851202147,9.947139769792557e-05,0.720396322599845
ray_gpis_novelty_only,Cross,14,1,0.9938,0.9964330238014761,3.5708971398405818,0.12934523004955195,0.07695127272268225,0.8737166666666667,0.9210891719297374,0.3762826201954692,0.1100151376093304,0.021525131128415167,0.07525652403909384,0.07577219834538765,0.5,1.0,0.0005156743062938007,0.6,0.0,0.15465924696726938,0.25,0.7564104089979082,9.924079931806773e-05,0.7565096497972263
ray_gpis_novelty_only,Cube,0,1,0.9985,0.99880742744113,3.6876757324366154,0.15569202772950103,0.09033419971661563,0.8119366666666668,0.8727395091469855,0.5872856652892715,0.13579212704963586,0.026533055073466334,0.1174571330578543,0.11754553498518998,0.7,1.0,8.840192733567953e-05,0.8,0.0,0.21333097203435147,0.25,0.47716260399320165,6.468940118793398e-05,0.4772272933943896
ray_gpis_novelty_only,Cube,1,1,0.9967666666666667,0.9979327313199406,3.6624690415851355,0.15282232309946353,0.09373533689292002,0.8998133333333334,0.9390627047945163,0.324984685403943,0.12684188547075337,0.024613552134193088,0.0649969370807886,0.06587736093303498,0.4732050807568878,1.0,0.0008804238522463814,0.6,0.0,0.22523424982833598,0.25,0.22625220519839787,5.609560175798833e-05,0.22630830080015585
ray_gpis_novelty_only,Cube,2,1,0.9571,0.9780798119666854,3.9976707391897555,0.13833446177474196,0.08100714863900305,0.79155,0.8681616812320163,0.45286105274930255,0.11882848339991174,0.02323960935558589,0.0905722105498605,0.09643500696076628,0.0,1.0,0.005862796410905769,0.4,0.0,0.07338771245509355,0.75,0.33517072100075895,6.49446010356769e-05,0.33523566560179463
ray_gpis_novelty_only,Cube,3,1,0.9859333333333333,0.9915077577214569,3.4833861556943444,0.13931871363377227,0.0854961644865769,0.8642233333333333,0.9152022489713438,0.3711035361583749,0.11515810965260614,0.022402743593523875,0.07422070723167498,0.07473985240249363,0.5,1.0,0.0005191451708186579,0.8,0.0,0.12056177042801558,0.75,0.235625103401253,6.282060057856142e-05,0.23568792400183156
ray_gpis_novelty_only,Cube,4,1,0.9991,0.9982206172812503,3.4169962249374137,0.1485062350281327,0.09181667811407397,0.9139500000000002,0.9466511882438338,0.3236602214166219,0.12272302438561333,0.023823237811446442,0.06473204428332438,0.06547293379933475,0.8,1.0,0.0007408895160103679,0.8,0.0,0.16952266680018307,0.5,0.30960875560413115,7.90806021541357e-05,0.30968783620628526
ray_gpis_novelty_only,Cube,5,1,0.9989333333333333,0.9989971790177066,3.3538374863493376,0.1462887472943189,0.08313482702215394,0.7840733333333334,0.8591992643731107,0.5499458426169415,0.12790887516675417,0.02504262294187757,0.10998916852338829,0.10998916852338829,0.9,1.0,0.0,1.0,0.0,0.23025685225452044,0.5,0.22403635919908993,6.198959599714726e-05,0.22409834879508708
ray_gpis_novelty_only,Cube,6,1,1.0,0.9986939486286461,3.4842934536895602,0.14861916786079218,0.0932781077362569,0.89731,0.9362138591385311,0.30973950746181567,0.12213763742572536,0.0236906485162662,0.061947901492363136,0.06205015345855254,0.4,1.0,0.00010225196618940391,0.8,0.0,0.16945203421835656,0.75,0.2430456703994423,6.392420327756554e-05,0.2431095946027199
ray_gpis_novelty_only,Cube,7,1,0.9899333333333333,0.9949412040604375,3.783122852322203,0.1495543404383424,0.09290373643229657,0.88307,0.9278267379221774,0.3417727827715198,0.12577384261710037,0.024470514325563762,0.06835455655430396,0.06958575566754255,0.0,1.0,0.0012311991132385903,0.4,0.0,0.09599110923552301,0.5,0.23534942860424052,6.875159742776304e-05,0.2354181802016683
ray_gpis_novelty_only,Cube,8,1,0.9778333333333333,0.9883420970220848,3.5376441459347707,0.14542351164756695,0.0864866761866248,0.8562866666666666,0.9081146209155524,0.44348724775087,0.12359231666208831,0.024102729806787047,0.088697449550174,0.09253500466422968,-0.1,1.0,0.0038375551140556797,0.4,0.0,0.09677879663538566,0.25,0.3582282501971349,7.657060341443866e-05,0.3583048208005494
ray_gpis_novelty_only,Cube,9,1,0.9857333333333334,0.992355030950135,3.8339243891272607,0.14147469089860173,0.08994617916493328,0.9117833333333334,0.9468176055127691,0.3038017752835922,0.11559258599244718,0.022441955833298378,0.06076035505671844,0.06351437938957423,-0.2,1.0,0.0027540243328557867,0.4,0.0,0.15853402523460747,0.75,0.2259368695988087,6.850640056654811e-05,0.22600537599937526
ray_gpis_novelty_only,Cube,10,1,0.9977333333333334,0.9983936395903339,3.7854875021836345,0.14715825439822805,0.08743465061334652,0.8438400000000001,0.9057824172123528,0.36382989647440833,0.12211434313025045,0.02372614445702654,0.07276597929488167,0.07276597929488167,0.6,1.0,0.0,1.0,0.0,0.2674140607118334,0.5,0.23133251820108852,7.037539617158473e-05,0.23140289359726013
ray_gpis_novelty_only,Cube,11,1,0.9970666666666667,0.9985311790626252,3.547464006792713,0.147472989881224,0.09004640623171206,0.9102466666666666,0.945298248086932,0.32879013613960295,0.12158621314976564,0.023600615636946213,0.0657580272279206,0.06733913703583397,0.0,1.0,0.0015811098079133723,0.6,0.0,0.1155967469672694,0.5,0.23115765120310244,6.648539856541902e-05,0.23122413660166785
ray_gpis_novelty_only,Cube,12,1,0.9698666666666667,0.9847028563692974,3.9072026411014207,0.1480735795533749,0.09281759617017324,0.8481633333333335,0.9084065023861638,0.3381575494734458,0.12294582350030188,0.023884680816752442,0.06763150989468916,0.07036744729646685,0.3,1.0,0.0027359374017776883,0.6,0.0,0.25491434310463507,0.25,0.44952860080229584,8.068920287769288e-05,0.4496092900051735
ray_gpis_novelty_only,Cube,13,1,0.9981666666666666,0.9990824922845942,3.5149475043256726,0.1478730348823431,0.0880171229776718,0.8711533333333332,0.9162365239788887,0.43096087808036065,0.12450754433850421,0.02423692750413448,0.08619217561607213,0.08654600349229549,0.4,1.0,0.000353827876223356,0.6,0.0,0.11637299010070953,0.25,0.2323394107981585,7.895000162534415e-05,0.23241836079978384
ray_gpis_novelty_only,Cube,14,1,0.9869,0.992966448726548,3.7004181707750803,0.15020141460801714,0.09008881212064515,0.8680866666666667,0.9181154156582048,0.34868418829317027,0.1273215953085057,0.02479669738619653,0.06973683765863406,0.07073489389522229,0.5,1.0,0.0009980562365882405,0.6,0.0,0.06708092526894024,0.75,0.2481018536054762,7.861519698053599e-05,0.24818046880245676
ray_gpis_novelty_only,Cylinder,0,1,0.9942,0.9970915655400662,3.6235069566695937,0.24059787819294656,0.14402103716334316,0.8221666666666667,0.8856195274541449,0.4992697238696441,0.2132342662821061,0.04116360113737849,0.09985394477392881,0.1009180435023685,0.6,1.0,0.0010640987284396886,0.8,0.0,0.14690200619822374,0.5,0.25098079060262535,9.032420057337731e-05,0.2510711148031987
ray_gpis_novelty_only,Cylinder,1,1,1.0,0.9986078886310905,3.4045451060201284,0.24987665956738905,0.1629120634566938,0.89467,0.9337915057953611,0.37258027178618913,0.21979527428184156,0.042264180136523805,0.07451605435723782,0.07502408814919492,0.5,1.0,0.0005080337919570965,0.6,0.0,0.137794695328974,0.25,0.4143056164000882,6.644960667472333e-05,0.4143720660067629
ray_gpis_novelty_only,Cylinder,2,1,0.9889666666666667,0.9920788725156343,3.7108658952625655,0.2548503772058997,0.1676419005319543,0.84446,0.9028883058538313,0.40520683125229795,0.22610550335424712,0.04354144686810186,0.08104136625045959,0.0816656662089309,0.6,1.0,0.0006242999584713082,0.8,0.0,0.2021905041199359,0.5,0.243039999800385,7.395579887088388e-05,0.24311395559925586
ray_gpis_novelty_only,Cylinder,3,1,0.9977333333333334,0.9988653807648669,3.7725355230841062,0.25746675915761885,0.15402321561850657,0.8532033333333334,0.9076883624765795,0.4274708237516046,0.22412662455690271,0.04289913126513927,0.08549416475032093,0.0873233877474477,0.7,1.0,0.0018292229971267782,0.8,0.0,0.11462881237125198,0.5,0.22625943400198595,6.600100023206324e-05,0.226325435002218
ray_gpis_novelty_only,Cylinder,4,1,0.9997333333333334,0.9998666488865182,3.684940487519377,0.23872986708679148,0.1581706440806588,0.8898833333333334,0.9305980435910817,0.37946242732343616,0.20936163737034708,0.04031698157872146,0.07589248546468723,0.07589248546468723,0.8732050807568876,1.0,0.0,1.0,0.0,0.07160570210574502,0.5,0.24820920619531534,7.231800409499556e-05,0.24828152419941035
ray_gpis_novelty_only,Cylinder,5,1,0.9998,0.9998999899989999,3.637336605996306,0.24301810464123935,0.12999771910561322,0.8162733333333334,0.8843742117019839,0.46067809780442426,0.21532805345738773,0.04154588137075296,0.09213561956088485,0.09213561956088485,0.9,1.0,0.0,1.0,0.0,0.25561216096360717,0.5,0.4237357133970363,8.137359691318125e-05,0.4238170869939495
ray_gpis_novelty_only,Cylinder,6,1,0.9972666666666666,0.9981876421688683,3.59228458689471,0.254566739985692,0.1656743187291973,0.8771533333333335,0.9215412072192525,0.38669083572621343,0.19635646292304113,0.03642675677178608,0.07733816714524269,0.07821392259197202,-0.1,1.0,0.0008757554467293316,0.4,0.0,0.14561845531013962,1.0,0.2360979238030268,8.12807964393869e-05,0.23617920459946617
ray_gpis_novelty_only,Cylinder,7,1,0.9984666666666666,0.9992327451045802,3.696420118660527,0.22772890914460742,0.1531140106012476,0.8606299999999999,0.9108914668401411,0.3850740662733064,0.17167267448693285,0.03201097911721491,0.07701481325466128,0.07716826423374526,0.7,1.0,0.00015345097908396886,0.8,0.0,0.14414518482490268,0.25,0.22829547540168277,6.658199999947101e-05,0.22836205740168225
ray_gpis_novelty_only,Cylinder,8,1,0.9994666666666666,0.9974250238400902,3.750337693486687,0.2567278390074084,0.1468688550995551,0.8123733333333334,0.8769925245889401,0.5104369262003888,0.2299092305331757,0.0443805165276427,0.10208738524007777,0.10208738524007777,0.8,1.0,0.0,1.0,0.0,0.19337862464983144,0.5,0.22907895100070164,6.578339962288737e-05,0.2291447344003245
ray_gpis_novelty_only,Cylinder,9,1,0.9924,0.996185504918691,3.9455901668791378,0.2262274022756796,0.1451850096789536,0.88538,0.9287845350110386,0.3649859794361888,0.1965758696447248,0.037864190421478885,0.07299719588723777,0.07400274219160588,0.4,1.0,0.00100554630436811,0.6,0.0,0.1656010631547633,0.75,0.23789668559620622,7.025440281722694e-05,0.23796693999902346
ray_gpis_novelty_only,Cylinder,10,1,0.9673333333333334,0.9833954591663843,3.799444528983731,0.2432659642964598,0.15384826401304508,0.8496533333333334,0.90860606232409,0.3740226320213419,0.21352508147452706,0.041090107979816694,0.07480452640426838,0.0776763277244085,0.3,1.0,0.0028718013201401104,0.4,0.0,0.06597172180533459,0.75,0.24352824440284165,7.921939832158386e-05,0.24360746380116324
ray_gpis_novelty_only,Cylinder,11,1,0.9994,0.9974560828886853,3.79852414194037,0.2480374074624568,0.1511945482960098,0.9051966666666666,0.9397124587539858,0.37483493094084197,0.21780508076973726,0.04187735542047075,0.0749669861881684,0.07567986991901846,0.3,1.0,0.0007128837308500557,0.8,0.0,0.031676753940386854,0.75,0.23050309519749135,6.683259853161872e-05,0.23056992779602298
ray_gpis_novelty_only,Cylinder,12,1,0.9998333333333334,0.9999166597216435,3.413144589801424,0.2574484937084052,0.16796487394698817,0.8501133333333334,0.9069458190917393,0.4001173551546555,0.22873432803236038,0.044043713079492876,0.0800234710309311,0.08050309542254426,0.6732050807568878,1.0,0.00047962439161315374,0.8,0.0,0.21298530842298002,0.25,0.23869620059849694,6.417999684344977e-05,0.23876038059534038
ray_gpis_novelty_only,Cylinder,13,1,0.9897333333333334,0.9943761808182433,3.636654150240106,0.2443579106538367,0.16056094011567984,0.8219099999999999,0.8837206145648805,0.49067284657050647,0.21708973206194276,0.04190573183895552,0.09813456931410129,0.09902629884769525,0.3,1.0,0.0008917295335939546,0.8,0.0,0.21242203593499653,0.25,0.22832879700290504,6.840419955551624e-05,0.22839720120246057
ray_gpis_novelty_only,Cylinder,14,1,1.0,1.0,3.489938365665989,0.23698564437958336,0.15837866942452178,0.8814399999999999,0.9249499122511544,0.36780194227875807,0.17872268144411574,0.03320875142555291,0.07356038845575161,0.07360373118000854,0.5,1.0,4.3342724256922874e-05,0.8,0.0,0.08792254377431905,0.25,0.23736600520496723,7.432199781760573e-05,0.23744032720278482
ray_gpis_novelty_only,L_Shaped,0,1,0.9874,0.9936600583677166,3.700281852749796,0.14226920278085112,0.0846193214125863,0.8433033333333333,0.9001637057516273,0.4434607107780102,0.12302475902470782,0.02406501796301665,0.08869214215560203,0.09005917414198561,0.3,1.0,0.001367031986383571,0.6,0.0,0.15258533131151292,1.0,0.8926880713988794,0.0001102273992728442,0.8927982987981522
ray_gpis_novelty_only,L_Shaped,1,1,0.9968666666666667,0.9980146475363725,3.6762973870905475,0.15335042182616623,0.094137000363927,0.8775599999999999,0.9231985449022764,0.36837825067907304,0.12858822782343002,0.024986848312342567,0.0736756501358146,0.07476235343598599,0.4,1.0,0.0010867033001713765,0.8,0.0,0.2946852111467155,1.0,0.9149935534049292,0.00011027859873138368,0.9151038320036605
ray_gpis_novelty_only,L_Shaped,2,1,0.9858666666666667,0.9928830401503961,3.7946633962800624,0.14618363249653235,0.08842804569852918,0.7442933333333333,0.829787268196528,0.4391540713416413,0.12138401798396604,0.023591572070027322,0.08783081426832826,0.13320004180451464,0.5,0.6,0.04536922753618637,0.6,0.0,0.2073419500313701,0.25,0.9289581963967066,0.00011352759902365506,0.9290717239957302
ray_gpis_novelty_only,L_Shaped,3,1,0.9751666666666666,0.9874272213315333,3.8648543586257476,0.13789332665033843,0.08409882790627106,0.8210200000000001,0.8867717472974098,0.42700110746123887,0.11510656059035192,0.022428493559060188,0.08540022149224777,0.08794484882505815,0.4,1.0,0.0025446273328103785,0.8,0.0,0.16324566548409244,0.5,1.750665456597926,0.00011495939979795366,1.750780415997724
ray_gpis_novelty_only,L_Shaped,4,1,0.9379,0.9670123800072733,3.8580634107831244,0.13370170153866168,0.08509408627200257,0.7963666666666667,0.8770505365513257,0.3169955052182082,0.10972213873817074,0.02135335634600522,0.06339910104364163,0.09560583288725537,0.3,1.0,0.03220673184361374,0.2,0.0,0.3990415426871137,0.25,1.8009857168013697,0.00012417359976097942,1.8011098904011305
ray_gpis_novelty_only,L_Shaped,5,1,0.8635333333333334,0.9247896504875914,4.8429448549841,0.1390982206486641,0.08337556564013335,0.5668066666666667,0.7012411377850593,0.4079557156480206,0.11553956946438039,0.022492407235705385,0.08159114312960411,0.1701374291333075,0.0,0.4,0.0885462860037034,0.4,0.0,0.22234746694411772,0.5,1.5758333751989995,0.0001115687977289781,1.5759449439967284
ray_gpis_novelty_only,L_Shaped,6,1,0.9991333333333333,0.9959332616415477,3.6857041363853784,0.1458053725104167,0.08517725359459431,0.8373433333333334,0.8952090169717772,0.3958725976036561,0.12314130506441659,0.02399169713788555,0.07917451952073122,0.08728922280947864,0.4,1.0,0.008114703288747416,0.6,0.0,0.2167801556420233,0.25,0.9188329665979836,8.657639846205711e-05,0.9189195429964456
ray_gpis_novelty_only,L_Shaped,7,1,0.9949333333333333,0.9932817735359364,3.580835742343675,0.14562365712813624,0.09010885049095477,0.8567933333333333,0.9018601341939645,0.46135126215839783,0.12368466256711391,0.02411763098498192,0.09227025243167956,0.09231640716115766,0.7,1.0,4.6154729478087296e-05,0.8,0.0,0.15525059367132066,0.25,0.640467948996229,8.787760161794722e-05,0.640555826597847
ray_gpis_novelty_only,L_Shaped,8,1,0.9853,0.9898070870390476,3.9790199154596895,0.13976676955628625,0.08145533655758881,0.8063533333333334,0.8790525081474698,0.40760996517889025,0.11806163892690705,0.023031211596692407,0.08152199303577805,0.0875152209148468,0.6,1.0,0.005993227879068752,0.8,0.0,0.2642193222133211,0.25,0.8184112015995197,9.165180090349167e-05,0.8185028534004232
ray_gpis_novelty_only,L_Shaped,9,1,0.9972,0.998598037252153,3.7695914425426578,0.15087475927088326,0.09015188147772049,0.7985466666666666,0.8694817996542472,0.3805133719059832,0.12436335122790364,0.024119607304549463,0.07610267438119664,0.11430075984483716,0.375,0.8,0.03819808546364052,0.4,0.0,0.2939269092851147,0.5,0.7431404097995256,8.441460377071053e-05,0.7432248244032962
ray_gpis_novelty_only,L_Shaped,10,1,0.9969333333333333,0.996602624099605,3.649096171912665,0.14174011720430865,0.08186318871425388,0.8220533333333332,0.8871518169383876,0.443501437642578,0.11906788048957813,0.023200694557603253,0.0887002875285156,0.09318991807825291,0.8,1.0,0.004489630549737322,0.6,0.0,0.16761218957427326,0.0,0.7818875215976732,7.91053957073018e-05,0.7819666269933805
ray_gpis_novelty_only,L_Shaped,11,1,0.9811666666666666,0.9900595174698037,3.878867221730982,0.14381953505963538,0.08847389158480475,0.86371,0.915824221824025,0.37439803438180586,0.12103150196412915,0.02357873071802621,0.07487960687636117,0.07680974695334715,0.3,1.0,0.0019301400769859756,0.4,0.0,0.1515712620164797,0.75,0.7684768412000267,8.972660289146006e-05,0.7685665678029181
ray_gpis_novelty_only,L_Shaped,12,1,0.9993333333333333,0.9992041152702783,3.7509372274289015,0.14288246473306937,0.08748689618958923,0.86304,0.9160570106673509,0.3440131523870077,0.11892170654332593,0.023137530627898736,0.06880263047740154,0.07150540900178501,0.3,1.0,0.0027027785243834757,0.6,0.0,0.1114312128061341,0.75,0.6125067892018705,8.746319508645684e-05,0.612594252396957
ray_gpis_novelty_only,L_Shaped,13,1,0.9991,0.9990853157693125,3.525376381350017,0.14300143954399736,0.086975911414552,0.8410066666666667,0.9001847091216726,0.3796969267129605,0.11730262062731842,0.0227774952921628,0.0759393853425921,0.0788148452679928,0.4,1.0,0.002875459925400703,0.6,0.0,0.11571226253147171,0.5,0.5981907587993192,8.258740126620978e-05,0.5982733462005854
ray_gpis_novelty_only,L_Shaped,14,1,0.9996333333333334,0.9998166330493924,3.5460124504281265,0.15435389693715657,0.0904758197743368,0.87135,0.9234556320556049,0.31071897082522804,0.12881836657531545,0.025008504660298025,0.062143794165045604,0.07298091324884688,0.5,1.0,0.010837119083801272,0.6,0.0,0.21975942006179905,0.25,0.6015875990007771,0.0001004683959763497,0.6016880673967535
ray_gpis_novelty_only,Thin_Irregular,0,1,0.9914666666666667,0.994135462092989,3.8621541307395386,0.9974524790529825,0.9033520555039878,0.8622533333333333,0.9106514317836476,0.44804648273852543,0.995174154831812,0.10506872545670695,0.08960929654770508,0.09031843492042184,0.7,1.0,0.0007091383727167555,0.8,0.2,0.059683367991881175,0.75,4.6898571317957245,0.00010014459840022028,4.689957276394125
ray_gpis_novelty_only,Thin_Irregular,1,1,0.9969333333333333,0.9981979663956231,3.7478863238050297,0.9996948462776047,0.9127257807664929,0.8876999999999999,0.9302508072441885,0.38055903910781563,0.9993907392119764,0.10011076051265615,0.07611180782156313,0.07775910973516573,0.4,1.0,0.0016473019136026058,0.8,0.4,0.18781686312657356,0.5,4.163211082998896,0.00011102299904450775,4.16332210599794
ray_gpis_novelty_only,Thin_Irregular,2,1,0.9981666666666666,0.9985579697897738,3.914738016438061,0.9982891806215863,0.9040579119944411,0.8157433333333334,0.883665463452614,0.47508124964015286,0.9967021736992083,0.10341220171979834,0.09501624992803057,0.09792302211846507,0.5,1.0,0.002906772190434492,0.8,0.6,0.2477461947814145,0.5,3.091094920199248,9.53944050706923e-05,3.0911903146043187
ray_gpis_novelty_only,Thin_Irregular,3,1,0.9495333333333333,0.9667480374081687,4.277512106856252,0.9996486432042818,0.9023565470918913,0.7978633333333335,0.8679227034478517,0.4732637177255414,0.9994271791755778,0.12260571412814666,0.09465274354510828,0.09958795420324126,0.0,1.0,0.004935210658132983,0.4,0.4,0.14969708457312886,0.5,2.6065495321992787,0.00010318740096408874,2.6066527196002425
ray_gpis_novelty_only,Thin_Irregular,4,1,1.0,0.9994802494802495,3.6296439839247734,0.999540100756185,0.9054695616114679,0.8972533333333332,0.9359520974255495,0.3660983252819987,0.9991513277524924,0.10828890456581655,0.07321966505639974,0.07321966505639974,0.8,1.0,0.0,1.0,0.2,0.09016722934309909,0.5,2.7807215017965063,0.00011206120252609253,2.7808335629990326
ray_gpis_novelty_only,Thin_Irregular,5,1,0.9619333333333333,0.9735933406522379,4.1632856118772,0.9996020608969222,0.8820076293623853,0.8102866666666666,0.8796106689881352,0.40155278660397287,0.9992460357592781,0.10547955718517561,0.08031055732079458,0.08744527355837155,0.4,1.0,0.0071347162375769765,0.4,0.2,0.23047894254978252,0.75,2.438978610999766,8.804639801383019e-05,2.4390666573977797
ray_gpis_novelty_only,Thin_Irregular,6,1,0.9524666666666667,0.9722463531803478,3.7348362110650952,0.9997931519147542,0.8845060204560522,0.7993566666666666,0.8735182977303619,0.3807301204049305,0.99958913350848,0.10064734047006862,0.0761460240809861,0.08051108947409716,0.5,1.0,0.004365065393111056,0.8,0.2,0.31441977569237806,0.25,2.7317967679991852,0.00010332079837098718,2.7319000887975564
ray_gpis_novelty_only,Thin_Irregular,7,1,0.9989666666666667,0.99444178839994,4.154915363104344,0.999540100756185,0.8796356491903567,0.8520033333333334,0.9032861860480554,0.4195522344595096,0.9990890611031934,0.10088059809849792,0.08391044689190193,0.0840674629746111,0.5,1.0,0.00015701608270917155,0.8,0.4,0.171103406099794,0.25,2.4997262844000945,0.00010227460006717592,2.4998285590001617
ray_gpis_novelty_only,Thin_Irregular,8,1,0.9952,0.9968265253814047,3.7163331808800435,0.9996020608969222,0.9044493514988812,0.8882933333333332,0.9301022602006249,0.3689450764242148,0.9992738267112202,0.1095193492998697,0.07378901528484297,0.07473257075591391,0.2,1.0,0.0009435554710709448,0.6,0.2,0.09420902237354084,1.0,2.5286168334016113,0.00011103939905297012,2.528727872800664
ray_gpis_novelty_only,Thin_Irregular,9,1,0.9973,0.9951068096873446,3.7244474038421127,0.9995529080783475,0.7597833954694271,0.7670466666666667,0.8499939134514987,0.4755282363201261,0.9993024425886855,0.12809843093117682,0.09510564726402522,0.09510564726402522,1.0,1.0,0.0,1.0,0.2,0.44020281385900656,0.5,2.1739763824036347,9.203500230796635e-05,2.1740684174059424
ray_gpis_novelty_only,Thin_Irregular,10,1,0.9852,0.9890899563850466,3.8809697952472333,0.9995426712674004,0.8784491098761935,0.8536166666666667,0.9059481482446149,0.41450510854811407,0.9992510879852236,0.12204003263411523,0.08290102170962281,0.08682038459120864,0.1,1.0,0.00391936288158583,0.4,0.4,0.09102912565804533,0.75,2.2759202808025294,9.461599693167954e-05,2.276014896799461
ray_gpis_novelty_only,Thin_Irregular,11,1,0.9904,0.9898626299408159,3.873869932692138,0.9997931519147542,0.8788178029360468,0.8040700000000001,0.8734597969391487,0.4184000457166307,0.9996036315065188,0.10433023844349161,0.08368000914332614,0.0873004590722477,0.6,1.0,0.003620449928921565,0.8,0.2,0.1319965595674067,0.5,2.6669416426011594,0.0001107438001781702,2.6670523864013376
ray_gpis_novelty_only,Thin_Irregular,12,1,0.9836,0.9899736265180773,3.8569440491074984,0.9785457233226867,0.886828164425998,0.8817433333333333,0.9251864397979535,0.3665940234436251,0.961173869483822,0.10622377175761696,0.07331880468872502,0.07535012747912284,0.2,1.0,0.002031322790397816,0.6,0.4,0.16842097734035247,0.5,2.5736815105978166,9.501799941062928e-05,2.5737765285972274
ray_gpis_novelty_only,Thin_Irregular,13,1,0.9940666666666667,0.9956735113546153,3.4955457043213207,0.9999016943628507,0.8816354295055147,0.8623766666666665,0.9140971172618142,0.3657554879262136,0.9998255096768112,0.11265780470874842,0.07315109758524271,0.07361901569864146,0.5,1.0,0.00046791811339874645,0.6,0.2,0.20609693293659873,0.25,2.631663328196737,0.0001120281987823546,2.6317753563955195
ray_gpis_novelty_only,Thin_Irregular,14,1,0.9955333333333334,0.9947189095364415,3.948657118875343,0.9998525415442759,0.9009563370027334,0.7568233333333333,0.8393884370061906,0.5520683008723877,0.999759503773022,0.12259900654093189,0.11041366017447754,0.11041366017447754,0.8,1.0,0.0,1.0,0.4,0.07335721131837948,0.5,2.368441820604494,9.063539910130203e-05,2.368532456003595
ray_gpis_novelty_only,green_Pepper,0,1,0.9999,0.9994927958444744,3.531831379441156,0.14649727521603012,0.08897138958739573,0.8818666666666667,0.9251250795196866,0.4122880111780117,0.12290987640517044,0.02392089742949475,0.08245760223560235,0.08245760223560235,0.8,1.0,0.0,1.0,0.0,0.08610997938028432,0.5,0.22307056799763814,7.037839968688786e-05,0.223140946397325
ray_gpis_novelty_only,green_Pepper,1,1,0.9995666666666667,0.9988482379012973,3.253715861064943,0.1463738637083673,0.08741153092898934,0.8642133333333334,0.9150703922411815,0.3839217622208799,0.12349806497142347,0.024054978506718803,0.07678435244417599,0.07773855022942078,0.6,1.0,0.0009541977852447925,0.8,0.0,0.25257585402838173,0.5,0.23050996339588892,6.64135965052992e-05,0.23057637699239422
ray_gpis_novelty_only,green_Pepper,2,1,0.9938,0.9968903601163607,3.543970764511514,0.14472275171247814,0.08553040345765212,0.8515633333333333,0.9068540500241934,0.4231186992734597,0.1230771665793265,0.024007836572888967,0.08462373985469193,0.08485796407536927,0.9,1.0,0.00023422422067733705,0.8,0.0,0.08635387090649893,0.5,0.22823914820037317,6.423620216082782e-05,0.228303384402534
ray_gpis_novelty_only,green_Pepper,3,1,0.9944666666666667,0.9967807089965887,3.590721386999007,0.15037749204958245,0.09115028471098556,0.8479566666666667,0.905223620368598,0.3829421968099189,0.1262616327683168,0.02455534267778964,0.07658843936198378,0.07718717870136249,0.5,1.0,0.0005987393393787066,0.8,0.0,0.2303292730029755,0.5,0.3603122187982081,0.00010609199525788427,0.3604183107934659
ray_gpis_novelty_only,green_Pepper,4,1,0.9837666666666667,0.990886253207508,3.7539021866153894,0.1380659228121267,0.08515825496669398,0.8661233333333334,0.9157018172848896,0.37191097355000213,0.11507480850414056,0.022417013286269796,0.07438219471000043,0.0761748738061763,-0.2,1.0,0.0017926790961758643,0.4,0.0,0.07825017166399632,0.75,0.23586105779977515,6.85659993905574e-05,0.2359296237991657
ray_gpis_novelty_only,green_Pepper,5,1,0.9926,0.9958352877890653,3.6912286700905206,0.1439447210598484,0.08743299723090059,0.8339766666666666,0.8941982228305528,0.42812384619063126,0.12186447462500816,0.023760051564582187,0.08562476923812626,0.08585165994992741,0.6,1.0,0.00022689071180115317,0.8,0.0,0.18747639620050352,0.25,0.2587391815992305,7.851659902371466e-05,0.25881769819825423
ray_gpis_novelty_only,green_Pepper,6,1,0.9915,0.995286649882234,3.5941010663648796,0.14684853371053885,0.08718941793988802,0.8672633333333334,0.9160588447320009,0.42966389109667347,0.12488127831469688,0.024349300972811135,0.08593277821933469,0.08679447265496214,0.4,1.0,0.000861694435627447,0.6,0.0,0.18589494163424122,0.5,0.23861609760206193,7.944479875732213e-05,0.23869554240081925
ray_gpis_novelty_only,green_Pepper,7,1,0.9948666666666667,0.9974267286034154,3.4294733593192963,0.14606879435898612,0.08738770284901905,0.8439,0.9025152069439576,0.3907018539981767,0.1216364585733011,0.02365060998563095,0.07814037079963534,0.08131274998253783,0.3,1.0,0.003172379182902496,0.6,0.0,0.17072359950789653,0.5,0.34254260459565555,0.0001064092037267983,0.3426490137993824
ray_gpis_novelty_only,green_Pepper,8,1,0.9934,0.9966890739440153,3.9454932555901805,0.1412919922799585,0.08431709816663838,0.8225300000000001,0.8880326131390774,0.46164012016322076,0.11897388991787748,0.02319201004668549,0.09232802403264415,0.09261363504141766,0.4,1.0,0.000285611008773512,0.8,0.0,0.18012381265735863,0.5,0.2593255076004425,7.698780100326986e-05,0.2594024954014458
ray_gpis_novelty_only,green_Pepper,9,1,0.9979666666666667,0.9989822986703148,3.519641416669823,0.14723908273622144,0.08684156556743579,0.8441266666666667,0.9023173964169218,0.41758969907225363,0.12647471119410536,0.024693661903249748,0.08351793981445073,0.08356653729173362,0.9,1.0,4.859747728289676e-05,0.8,0.0,0.175,0.5,0.23008263759838882,7.130380545277149e-05,0.2301539414038416
ray_gpis_novelty_only,green_Pepper,10,1,0.9975666666666667,0.9978521529122807,3.631635366772671,0.14187613199988547,0.08357355382923089,0.8510766666666667,0.9095671836363781,0.39333080208894833,0.12058351567324829,0.02353278446123222,0.07866616041778966,0.08430822471378789,0.4,1.0,0.005642064295998228,0.6,0.0,0.1222036650263218,0.25,0.9314113035972695,9.408000041730702e-05,0.9315053835976869
ray_gpis_novelty_only,green_Pepper,11,1,0.9789333333333333,0.9893545344293221,3.6285153201593148,0.14109626004315487,0.08872389336967708,0.8705766666666668,0.9209785195714171,0.3598120388262066,0.11759187468822233,0.02289192451000264,0.07196240776524132,0.07301768145765315,0.22679491924311224,1.0,0.0010552736924118288,0.6,0.0,0.13547304448897124,0.75,0.8462267306022113,0.00010502939694561065,0.8463317599991569
ray_gpis_novelty_only,green_Pepper,12,1,0.9975666666666667,0.998329850465318,3.645579548935084,0.14670319388954087,0.08830784682587382,0.8541166666666667,0.9075538108163345,0.3883127073434165,0.1236202197776204,0.024072837162023516,0.0776625414686833,0.080223314987852,0.5,1.0,0.002560773519168702,0.8,0.0,0.17380711404211488,0.5,0.8379599570005667,0.00010377540020272136,0.8380637324007694
ray_gpis_novelty_only,green_Pepper,13,1,0.9978333333333333,0.9989154917827646,3.3812292404668143,0.13821346364210255,0.07969210126060193,0.8010933333333334,0.8740379276226629,0.4704775549127772,0.11595913241672921,0.022608008916526003,0.09409551098255545,0.09409551098255545,0.8,1.0,0.0,1.0,0.0,0.21930057650492096,0.5,0.8102538724051556,8.946680172812193e-05,0.8103433392068837
ray_gpis_novelty_only,green_Pepper,14,1,0.9981,0.9981571395858082,3.5921724170594125,0.1501286607419149,0.09074532318270914,0.8724866666666667,0.9196968676075808,0.39529301104930803,0.12655929412646885,0.024628830800197187,0.0790586022098616,0.0790586022098616,0.9,1.0,0.0,1.0,0.0,0.16342662794689858,0.5,0.8014621266018367,9.872899972833693e-05,0.801560855601565
ray_gpis_pointwise,Bowl,0,1,0.9462666666666667,0.9618863297313357,4.049192165467591,0.48509721079437074,0.34124491701688137,0.7854066666666666,0.8608262639642627,0.44674081399187815,0.42272049980829624,0.07540886670439834,0.08934816279837562,0.09477190424187218,0.6,1.0,0.005423741443496555,0.6,0.0,0.644144648374914,0.25,1.4963046908029356,8.788699633441866e-05,1.49639257779927
ray_gpis_pointwise,Bowl,1,1,0.7957333333333333,0.882278208500687,5.1757315644586015,0.3319932486359392,0.2516790188631083,0.71675,0.8248934624378302,0.3239274552389555,0.2497715988120242,0.04447955157155465,0.0647854910477911,0.10443941074439618,-0.6,1.0,0.039653919696605075,0.2,0.0,0.5812453507667658,0.75,1.501753355798428,0.00010412440169602633,1.5018574802001239
ray_gpis_pointwise,Bowl,2,1,0.9318,0.9554859701944706,4.1617990540672665,0.44438917613855744,0.32535141181053934,0.8042066666666667,0.8696038759452327,0.3610331965812772,0.3663414143608488,0.06424382456438738,0.07220663931625544,0.08193660393607098,-0.2,1.0,0.009729964619815545,0.2,0.0,0.5531512860494392,0.75,1.4753631934028817,9.516419959254563e-05,1.4754583576024742
ray_gpis_pointwise,Bowl,3,1,0.7187666666666667,0.8360929493662437,5.525354567182119,0.3059683343213408,0.23209739947545435,0.6329533333333333,0.7654703956532212,0.4272250398486218,0.2504129450078878,0.04637073497304504,0.08544500796972436,0.1539633149562027,-0.5,1.0,0.06851830698647834,0.2,0.0,0.5471754761834973,0.75,0.7244735202024458,8.800660143606364e-05,0.7245615268038819
ray_gpis_pointwise,Bowl,4,1,0.9415,0.9632533450642932,3.954478253227468,0.43220877481322273,0.32988524861685486,0.8235299999999999,0.8885574916078305,0.35304302355961426,0.35134637785318856,0.06150937373507705,0.07060860471192285,0.07817043450629498,0.4,1.0,0.007561829794372121,0.4,0.0,0.5583518110551613,0.75,1.3899872242007405,9.93923982605338e-05,1.390086616599001
ray_gpis_pointwise,Bowl,5,1,0.9068,0.9437074975525432,4.212632065258019,0.40560081507818374,0.3021415027563663,0.7667499999999999,0.848797314845973,0.3488926306938346,0.3206793322353729,0.05611827896513275,0.06977852613876692,0.08598105112124502,0.2,1.0,0.016202524982478095,0.4,0.0,0.6068540426871137,0.75,0.6792651578027289,9.363639983348549e-05,0.6793587942025624
ray_gpis_pointwise,Bowl,6,1,0.9158,0.9478722167678665,4.387858590294117,0.3973841009162824,0.284272832854052,0.7323133333333333,0.8197541978412319,0.5061518760240477,0.3352174024738031,0.060773954412156175,0.10123037520480953,0.12516310563304184,0.2,1.0,0.023932730428232296,0.4,0.0,0.5405072717019866,0.5,0.6862183140008711,8.698260353412479e-05,0.6863052966044052
ray_gpis_pointwise,Bowl,7,1,0.5720666666666666,0.7172175093588082,6.468381832320154,0.2450940586172883,0.1915636809492705,0.4990566666666667,0.653683316814136,0.12821861464300743,0.14258706593571052,0.02510804746762204,0.025643722928601488,0.1639323044141325,-0.9,1.0,0.13828858148553103,0.0,0.0,0.6341223320553901,1.0,1.4321223359991564,9.767960000317544e-05,1.4322200155991596
ray_gpis_pointwise,Bowl,8,1,0.9220666666666667,0.9594533661683604,4.114966197765757,0.4272111717979788,0.29811896944637495,0.7422333333333333,0.839571326328499,0.3427067781934433,0.34629948700228036,0.060687263792215874,0.06854135563868866,0.1010374022484749,0.3,1.0,0.03249604660978624,0.4,0.0,0.6366701639960919,0.75,1.4239517202047864,8.645300404168666e-05,1.424038173208828
ray_gpis_pointwise,Bowl,9,1,0.9273333333333333,0.9556062484640558,4.129337800064927,0.4569092680710615,0.33140675026067035,0.8003300000000001,0.8749133372536935,0.3684679999416738,0.3787589059819165,0.06622242264879384,0.07369359998833476,0.08104635657939689,-0.1,1.0,0.007352756591062137,0.4,0.0,0.5597768010414281,0.5,1.143133338802727,8.604100439697504e-05,1.143219379807124
ray_gpis_pointwise,Bowl,10,1,0.9593,0.96454577967688,4.4677912526445605,0.43718880064154464,0.29970734149222383,0.7143733333333333,0.808032415928797,0.5624578412497582,0.392659765135859,0.07277413899817038,0.11249156824995163,0.11710044971439285,0.6,1.0,0.0046088814644412055,0.8,0.0,0.5372009079020906,0.25,0.7381079048034735,8.725539955776185e-05,0.7381951602030312
ray_gpis_pointwise,Bowl,11,1,0.8223666666666667,0.897742339162634,4.514453314590068,0.3604738659184356,0.2799408290912051,0.7587533333333333,0.8539020056372604,0.37024338218420616,0.2770087964651633,0.04900595300297226,0.07404867643684124,0.11469515246876179,-0.4,1.0,0.04064647603192055,0.2,0.0,0.5443488570038909,0.75,1.2476798154006246,9.464880276937038e-05,1.247774464203394
ray_gpis_pointwise,Bowl,12,1,0.8906333333333334,0.9391117552561339,4.6471522642363325,0.4059120351282712,0.3082809232491152,0.7574133333333333,0.8502615791962652,0.3442968883974252,0.3213668343734254,0.05626608844968656,0.06885937767948505,0.09173382132922407,0.0,1.0,0.022874443649739028,0.4,0.0,0.4927255593385213,0.25,1.706128040398471,0.00011607380001805722,1.7062441141984892
ray_gpis_pointwise,Bowl,13,1,0.6643666666666667,0.7883516480066803,6.067961849212797,0.3117716782415686,0.23983562745223758,0.5718533333333333,0.718327838633763,0.14800176470998194,0.20751329236866028,0.036042629756229856,0.029600352941996387,0.13543940270348248,-0.7,1.0,0.1058390497614861,0.0,0.0,0.6243759298466467,0.5,1.6419000426016281,0.00011023739643860609,1.642010279998067
ray_gpis_pointwise,Bowl,14,1,0.5401666666666667,0.698817963632045,6.572514880317849,0.25699003467825443,0.1989315231882925,0.4890533333333334,0.6549377937062268,0.07626005367084288,0.15289365204168193,0.02682107326316362,0.015252010734168575,0.18121586557066782,-0.8,1.0,0.16596385483649925,0.0,0.0,0.6199469987411306,1.0,1.5701599567983067,9.067780047189444e-05,1.5702506345987786
ray_gpis_pointwise,Corner,0,1,0.9970333333333333,0.996353573776686,3.5472318044378746,0.08206958771210753,0.04916942641071024,0.8225066666666667,0.8872339231458086,0.46611326806666953,0.06840548046698455,0.013480429429594811,0.0932226536133339,0.09344224528990912,0.8,1.0,0.00021959167657521484,0.8,0.0,0.20002129843444083,0.5,0.7917533170053502,0.00010188119777012616,0.7918551982031203
ray_gpis_pointwise,Corner,1,1,0.9979333333333333,0.9989655977843772,3.4235377198245733,0.07956577677146705,0.0501377607776304,0.8950666666666667,0.9344717950381713,0.3767556225845976,0.06463876648844381,0.01272144508274754,0.07535112451691953,0.0753811820998509,0.7,1.0,3.005758293137539e-05,0.8,0.0,0.09239439087891964,0.5,1.364539779999177,0.00010255679953843355,1.3646423367987155
ray_gpis_pointwise,Corner,2,1,0.9546666666666667,0.9733154745781118,3.6964603035264134,0.07422959979999458,0.04389271166427611,0.8289366666666667,0.893697891125915,0.407110011820925,0.06270132191433603,0.012386025765076147,0.081422002364185,0.08415900475399189,0.2,1.0,0.0027370023898068974,0.4,0.0,0.10572177557793543,0.5,0.7246816814003978,8.918499806895853e-05,0.7247708663984668
ray_gpis_pointwise,Corner,3,1,0.9987333333333334,0.9989436105404293,3.4779892002499535,0.08239999866833427,0.04832842223917666,0.8775766666666666,0.9230786906777777,0.3888298715147397,0.0693924478854295,0.013684503231763684,0.07776597430294793,0.07776597430294793,0.7,1.0,0.0,1.0,0.0,0.08450356918059052,0.5,0.5755640357994707,0.00010234260116703808,0.5756663784006377
ray_gpis_pointwise,Corner,4,1,0.9908666666666667,0.990188113728425,4.147686185826838,0.08018298610871383,0.04912833820304997,0.8773466666666667,0.9218222146713874,0.3421484562250451,0.06629141083836496,0.013061027449417562,0.06842969124500901,0.06919961988622839,0.5,1.0,0.000769928641219364,0.8,0.0,0.07572171976018047,0.25,0.6459773180016782,9.955859859474003e-05,0.6460768766002729
ray_gpis_pointwise,Corner,5,1,0.9979333333333333,0.9989655977843772,3.4742930785352963,0.08086029001247393,0.046780001894268806,0.78614,0.8631999201923142,0.464739770843448,0.06880900702639038,0.013583698991933546,0.09294795416868959,0.11053193053455124,0.7,1.0,0.01758397636586164,0.8,0.0,0.22085878490501257,0.0,0.912367303200881,0.00010075860482174903,0.9124680618057027
ray_gpis_pointwise,Corner,6,1,0.9986,0.9992995096567597,3.1613186170553873,0.0785553160418,0.04875020973613452,0.8837566666666665,0.9287738355723072,0.3148293392956468,0.06315995167624319,0.012424405172529232,0.06296586785912936,0.06320363895934707,0.9,1.0,0.00023777110021769854,0.8,0.0,0.2550401264591439,0.5,0.9796911551966332,0.00010578999645076692,0.9797969451930839
ray_gpis_pointwise,Corner,7,1,0.9971333333333333,0.9948144087061934,3.6898881488456436,0.08034779035221423,0.04966517507521821,0.8836833333333333,0.9290978997035545,0.3326368796642972,0.0665694099688669,0.013117355618434546,0.06652737593285944,0.06839133408133227,0.5,1.0,0.001863958148472822,0.6,0.0,0.14889205195696956,1.0,1.0067710900009843,0.00010941039945464582,1.0068805004004389
ray_gpis_pointwise,Corner,8,1,0.9821,0.990969174108269,3.6936426617971327,0.07600641874272185,0.04689630016385138,0.8537866666666668,0.9073126850897719,0.43650848073124826,0.06292564553234799,0.012409451243896434,0.08730169614624965,0.08953984231085461,0.2,1.0,0.0022381461646049593,0.6,0.0,0.03853964007782101,0.75,0.8907241740002064,0.000107219596975483,0.8908313935971819
ray_gpis_pointwise,Corner,9,1,0.9994,0.9996999099729919,3.5143317593855423,0.08465583825945996,0.051019228269479765,0.8824299999999999,0.9287752558797824,0.32639974413551254,0.07043081985210148,0.013870606111954703,0.0652799488271025,0.0652799488271025,0.9732050807568877,1.0,0.0,0.8,0.0,0.051002625028610644,0.25,0.8821336409979267,0.0001129673997638747,0.8822466083976905
ray_gpis_pointwise,Corner,10,1,0.9756333333333334,0.9876664023351162,3.5677847625670163,0.07775047702413093,0.04895715902699721,0.8590266666666666,0.9137769246825151,0.34185422818656186,0.06258396236337989,0.012314282478265142,0.06837084563731237,0.0703541004466407,0.5,1.0,0.0019832548093283277,0.4,0.0,0.14034479428931104,0.5,0.9097765483980765,9.904380422085524e-05,0.9098755922022974
ray_gpis_pointwise,Corner,11,1,0.9990666666666667,0.9995331154538785,3.1015380843791567,0.07809010193608987,0.04776051211932971,0.8721266666666667,0.9205927472799221,0.38113024173185583,0.06419960548630513,0.012649332506507432,0.07622604834637117,0.07761908361913875,0.7,1.0,0.0013930352727675732,0.6,0.0,0.1263965581368734,0.75,0.8410949848010205,9.423640440218151e-05,0.8411892212054226
ray_gpis_pointwise,Corner,12,1,0.9921,0.9960343356257216,3.4111745664448665,0.08122724885356031,0.048299922199707426,0.8124533333333332,0.8860358223007397,0.39018355606394917,0.06744290452858259,0.013289203039672053,0.07803671121278984,0.07803671121278984,1.0,1.0,0.0,1.0,0.0,0.16630711843753912,0.5,0.7953892927995184,0.00011574920208659023,0.795505042001605
ray_gpis_pointwise,Corner,13,1,0.9987,0.9989301316769742,3.5082318699143356,0.08027329174887311,0.0482900148810467,0.8825033333333334,0.9252283429281359,0.4052021046765524,0.06592430486674013,0.01298231914709665,0.08104042093531047,0.08154099353661359,0.3,1.0,0.0005005726013031176,0.8,0.0,0.11239154046496273,1.0,1.4223952139989706,9.976220026146621e-05,1.422494976199232
ray_gpis_pointwise,Corner,14,1,0.9731666666666666,0.986400878452572,3.4587053784473647,0.07838023550748527,0.046709982609459105,0.8438633333333334,0.9014880564743757,0.4284312572258848,0.0666502060173826,0.01316251368332369,0.08568625144517697,0.09051913417926565,0.3,1.0,0.004832882734088684,0.6,0.0,0.06581349014834643,0.5,0.8021216289984295,0.00010187020234297961,0.8022234992007725
ray_gpis_pointwise,Cross,0,1,0.9871333333333333,0.9930626713526901,3.724698964490231,0.13187794899092237,0.07812292332332178,0.8398766666666665,0.8992555717913303,0.4528811672530332,0.11232838666946504,0.021970906348162327,0.09057623345060664,0.09118518278743788,0.4,1.0,0.0006089493368312438,0.8,0.0,0.10708050418103657,0.5,0.6275224378012354,8.018980151973665e-05,0.6276026276027551
ray_gpis_pointwise,Cross,1,1,0.9913666666666666,0.9947398502419338,3.562609659619153,0.1294648013002664,0.07740426812199741,0.8612633333333333,0.9121799446438509,0.424264295109941,0.10925273068770056,0.021354732345378772,0.0848528590219882,0.08806170186714316,0.5,1.0,0.003208842845154947,0.6,0.0,0.12120620723998284,0.5,0.7931962394010043,9.600519842933863e-05,0.7932922445994336
ray_gpis_pointwise,Cross,2,1,0.9748666666666667,0.9863261518636269,3.9231810327726904,0.12327373039629123,0.0723458950678795,0.8402833333333334,0.902943479131946,0.3649709440329245,0.10343123027995665,0.02022842636202552,0.0729941888065849,0.0735221219102727,0.5,1.0,0.0005279331036877943,0.8,0.0,0.20315145081023786,0.5,0.6857652841979871,9.342539706267417e-05,0.6858587095950497
ray_gpis_pointwise,Cross,3,1,0.9952,0.9975942261427425,3.7049751349066002,0.13243352618772647,0.0800714824331718,0.8527566666666667,0.9071192874165224,0.41419203041614583,0.11119612878009574,0.021707833746249492,0.08283840608322916,0.08299641831246884,0.8,1.0,0.00015801222923967907,0.8,0.0,0.0436566577019913,0.25,0.6690469060005853,8.899920212570577e-05,0.669135905202711
ray_gpis_pointwise,Cross,4,1,0.9896,0.9921455973463057,3.759740663246116,0.13425370956358745,0.08048683371863516,0.8742666666666666,0.9209800040915745,0.37215387739598604,0.11339585377731533,0.02214563064628916,0.07443077547919721,0.07684624774847919,0.3,1.0,0.002415472269281982,0.4,0.0,0.16938980636262035,0.5,0.6526542859966866,0.00010209360043518245,0.6527563795971218
ray_gpis_pointwise,Cross,5,1,0.9604333333333334,0.9775368929208453,3.8471574258595287,0.12583476375375127,0.0755709159206496,0.8118533333333333,0.8835395869252183,0.40078807303328223,0.10572980850842643,0.020670558833875686,0.08015761460665645,0.08231552800396483,0.5,1.0,0.0021579133973083755,0.6,0.0,0.12396608205539023,0.25,0.7898202922049677,8.4468798013404e-05,0.7899047610029811
ray_gpis_pointwise,Cross,6,1,0.9966666666666667,0.9969456511485125,3.9631478150131785,0.12995797021771832,0.07889282329409888,0.8676466666666667,0.9153830617242006,0.4207034224930145,0.10926933091483369,0.02134627531344243,0.0841406844986029,0.08480184298566502,0.8,1.0,0.000661158487062119,0.6,0.0,0.1134793788624399,0.25,0.728319086402189,0.00010587419965304434,0.728424960601842
ray_gpis_pointwise,Cross,7,1,0.9749,0.9868468233672754,3.690229671669356,0.13240432426404963,0.07876750688069692,0.8519966666666667,0.9076528528730536,0.3836249218866905,0.11146672607726414,0.021768019807773122,0.0767249843773381,0.07992487596508253,0.4,1.0,0.0031998915877444302,0.4,0.0,0.1753665741588464,0.5,0.6359348990023136,0.00010190339817199856,0.6360368024004857
ray_gpis_pointwise,Cross,8,1,0.9709666666666666,0.9843613857289969,3.909957069731568,0.1276057222428219,0.07465266725538254,0.7793066666666666,0.8573610939214753,0.5034641023910218,0.108636397870939,0.021264896083346453,0.10069282047820435,0.10239215250857119,0.8,1.0,0.001699332030366829,0.8,0.0,0.10801326040268472,0.25,0.7495931074023247,0.00010836499859578907,0.7497014724009204
ray_gpis_pointwise,Cross,9,1,0.9901666666666666,0.9950590402813835,3.7955537655142,0.12969731745619084,0.07865081114885852,0.86965,0.9183405927529501,0.3960116880818878,0.1093235639377999,0.02136456901924202,0.07920233761637756,0.08023605943653496,0.4,1.0,0.001033721820157396,0.6,0.0,0.1409774476424811,0.75,0.8326295895996736,0.00011231920507270843,0.8327419088047463
ray_gpis_pointwise,Cross,10,1,0.9749666666666666,0.986398043921535,3.9400529558933823,0.12371194788012997,0.07595757936363416,0.8393133333333334,0.9003160241787047,0.4036650806523723,0.10306500274161562,0.020138500731990513,0.08073301613047446,0.08442677739541263,0.2,1.0,0.0036937612649381667,0.4,0.0,0.17048559452964063,1.0,0.7159935695963213,0.00010402680200058967,0.7160975963983219
ray_gpis_pointwise,Cross,11,1,0.9917,0.9958327057287745,3.7310136443956337,0.1269220266527826,0.07867013082108078,0.8808333333333334,0.9268916449112868,0.3692389821954579,0.10481912141426655,0.020446206634124196,0.07384779643909159,0.07429824898146427,0.3,1.0,0.0004504525423726813,0.4,0.0,0.054984335660334165,0.75,0.7754888209979981,0.0001009800034807995,0.7755898010014789
ray_gpis_pointwise,Cross,12,1,0.9800333333333333,0.9894282203670124,4.117768176527512,0.11860934676380995,0.07395199824854401,0.8309333333333333,0.8978911870818731,0.36769298502830383,0.097582391828083,0.019061730910135063,0.07353859700566076,0.07594988481794196,0.3,1.0,0.002411287812281193,0.6,0.0,0.26169096105007605,0.5,0.9381497166003101,0.00011338719923514873,0.9382631037995453
ray_gpis_pointwise,Cross,13,1,0.9548333333333333,0.9768948759485038,4.028351466053832,0.1238069154638946,0.07342826914332903,0.7973966666666666,0.8725699151372746,0.4660242316518691,0.1048417305353423,0.020524102250834786,0.09320484633037382,0.09732158839171039,0.5,1.0,0.004116742061336565,0.8,0.0,0.0997571743654245,0.5,0.6800301312003285,0.00011621779995039106,0.6801463490002788
ray_gpis_pointwise,Cross,14,1,0.9743,0.9860840688271265,3.746541037589635,0.13028214878746505,0.07788723856786904,0.8643333333333333,0.9160295656143302,0.3659336652211196,0.11097285761823852,0.021712514875997787,0.07318673304422392,0.07582252938496534,0.0,1.0,0.0026357963407414252,0.4,0.0,0.1199078378919661,0.75,0.8813514826033497,9.200400090776384e-05,0.8814434866042575
ray_gpis_pointwise,Cube,0,1,0.9616333333333333,0.9804414688439905,3.886552012764625,0.14784584070728898,0.08800062527106775,0.79303,0.8629302145683699,0.568919706692132,0.12776100947176677,0.024963817669023926,0.1137839413384264,0.11817165468974258,0.1,1.0,0.004387713351316181,0.6,0.0,0.13396155824512698,0.5,0.2494721630035201,6.659280334133654e-05,0.24953875580686144
ray_gpis_pointwise,Cube,1,1,0.9986333333333334,0.9984245623707012,3.687189077833376,0.151852903696581,0.09300054297046541,0.9016866666666667,0.9396158502555819,0.32547651645470355,0.12584273683748695,0.02441966825361658,0.06509530329094071,0.06516078906671915,0.7,1.0,6.548577577845106e-05,0.8,0.0,0.13144598306248567,1.0,0.2295125046017347,6.122280319686979e-05,0.22957372740493157
ray_gpis_pointwise,Cube,2,1,0.9661666666666666,0.9827922353140629,3.912158468313583,0.13974459998614994,0.08151636629844948,0.7964699999999999,0.8707590363855049,0.4575734760966801,0.12027054365558981,0.023521636997867485,0.09151469521933601,0.09446076513723492,0.3,1.0,0.002946069917898897,0.8,0.0,0.16555010800299216,0.5,0.9564961163996486,0.0001192171941511333,0.9566153335937997
ray_gpis_pointwise,Cube,3,1,0.9843,0.9911757068047176,3.5630914403167777,0.14242851674804075,0.08539643909582631,0.86176,0.9141000671497682,0.3707714852416355,0.11835520956615841,0.02302470421637757,0.0741542970483271,0.07553852218147353,0.2,1.0,0.0013842251331464216,0.6,0.0,0.13301778152895397,1.0,0.8098745575989597,9.215259924530984e-05,0.809966710198205
ray_gpis_pointwise,Cube,4,1,0.9972666666666666,0.9976941828475576,3.3902645229765107,0.13973600385398333,0.09090028339674336,0.9137133333333333,0.9466764321349693,0.32313378698292916,0.11368723082328351,0.02206919157661657,0.06462675739658583,0.065756323949795,-0.1,1.0,0.0011295665532091714,0.4,0.0,0.0818738913366903,0.75,0.6011635533999652,8.731819689273834e-05,0.6012508715968579
ray_gpis_pointwise,Cube,5,1,0.9989333333333333,0.9989971790177066,3.3538374863493376,0.1462887472943189,0.08313482702215394,0.7840733333333334,0.8591992643731107,0.5499458426169415,0.12790887516675417,0.02504262294187757,0.10998916852338829,0.10998916852338829,0.8,1.0,0.0,1.0,0.0,0.13634412490258152,0.5,0.7090099895955063,7.638020033482463e-05,0.7090863697958412
ray_gpis_pointwise,Cube,6,1,0.9977,0.9979248799208088,3.5886402008605156,0.1479371192332919,0.09213952938642102,0.8952600000000001,0.9353052906185546,0.30897043875397834,0.12143437421268881,0.023554238790766145,0.061794087750795666,0.06263068209358107,0.6,1.0,0.0008365943427854017,0.6,0.0,0.10821430104142823,0.5,0.7687236770056188,9.51697991695255e-05,0.7688188468047883
ray_gpis_pointwise,Cube,7,1,0.9996,0.9997999599919984,3.5059713380374724,0.1469573683268854,0.09113050837902215,0.8825166666666666,0.927543089203596,0.3466315387030807,0.12310425294455175,0.023951119903272367,0.06932630774061614,0.0710006699169963,0.3,1.0,0.001674362176380151,0.6,0.0,0.10809574559395742,1.0,0.7721299025957705,0.00010099940118379891,0.7722309019969543
ray_gpis_pointwise,Cube,8,1,0.9955333333333334,0.997761667724585,3.4684524027452177,0.14739622378912318,0.0869045084412351,0.86287,0.9115070345000458,0.4529068184533702,0.1256154241327924,0.024497272235098292,0.09058136369067404,0.0908134827988603,0.5,1.0,0.00023211910818625724,0.8,0.0,0.10109919522334936,0.5,0.7302963790018111,9.444939787499607e-05,0.7303908283996862
ray_gpis_pointwise,Cube,9,1,0.9989666666666667,0.9990361013154271,3.645671582702778,0.14657113644769348,0.09045582371984247,0.9131066666666667,0.9474857125492984,0.3104828456488843,0.12084267493090872,0.023461244943116726,0.06209656912977686,0.06351437938957423,0.1,1.0,0.0014178102597973696,0.6,0.0,0.09615061369878689,1.0,0.7430740772018908,8.089079929050059e-05,0.7431549680011813
ray_gpis_pointwise,Cube,10,1,0.9977333333333334,0.9983936395903339,3.7854875021836345,0.14715825439822805,0.08743465061334652,0.8438400000000001,0.9057824172123528,0.36382989647440833,0.12211434313025045,0.02372614445702654,0.07276597929488167,0.07276597929488167,0.7,1.0,0.0,1.0,0.0,0.19100158789196608,0.5,0.7053778280038386,9.099819289986044e-05,0.7054688261967386
ray_gpis_pointwise,Cube,11,1,0.9973666666666666,0.9977958371339186,3.612393167862749,0.15062362507137603,0.09110257800460494,0.91243,0.9463080561720691,0.32805479421089634,0.12483251661641998,0.02423074267497662,0.06561095884217927,0.0666362983252486,0.2,1.0,0.0010253394830693318,0.4,0.0,0.02089705167086289,1.0,0.8602957212016917,0.00010703060543164611,0.8604027518071234
ray_gpis_pointwise,Cube,12,1,0.9999333333333333,0.9999666655555185,3.4752496437468445,0.15691962520677544,0.09466804757549127,0.8515766666666668,0.9101441513387118,0.35342135865966684,0.1320527852045234,0.025653889947432545,0.07068427173193337,0.07068427173193337,0.7,1.0,0.0,1.0,0.0,0.23264101482032498,0.25,0.8035381765977945,0.00010046780225820839,0.8036386444000527
ray_gpis_pointwise,Cube,13,1,1.0,1.0,3.437455435588817,0.14842754339879102,0.08807257382931657,0.8713366666666665,0.9163282747504292,0.43187838579576643,0.12507725758855162,0.024347829207424062,0.08637567715915329,0.08654600349229549,0.7,1.0,0.00017032633314220113,0.8,0.0,0.11730069094758523,0.5,0.7201048022019677,7.516960322391242e-05,0.7201799718051916
ray_gpis_pointwise,Cube,14,1,0.9987333333333334,0.9984354791670669,3.5639594249956064,0.14566661832117023,0.08800411081149027,0.8711633333333333,0.9193562967370287,0.3541532187336891,0.12266470500857532,0.023889738128827144,0.07083064374673782,0.07247074942961503,0.5,1.0,0.001640105682877202,0.6,0.0,0.11784733348592352,0.25,0.7874558934010565,9.951240208465606e-05,0.7875554058031412
ray_gpis_pointwise,Cylinder,0,1,0.9776333333333334,0.9886901852382477,3.7337585364726094,0.2360253566848793,0.14495784086600078,0.82225,0.8857082000447022,0.4908683435678256,0.2084969826534077,0.04024909683576504,0.09817366871356512,0.09827786114091468,0.6,1.0,0.00010419242734955869,0.6,0.0,0.07828021929906125,1.0,0.9012962030014023,0.00010267799952998758,0.9013988810009324
ray_gpis_pointwise,Cylinder,1,1,0.9995,0.999297470281725,3.4391163205201356,0.25478370775129927,0.15948159138395307,0.8948266666666669,0.934101383280525,0.3732698534368236,0.22489910451355455,0.04324558977330585,0.07465397068736472,0.07467444961390815,0.8,1.0,2.0478926543421315e-05,0.8,0.0,0.055282236132926266,1.0,0.8281591273960658,8.501980046276003e-05,0.8282441471965285
ray_gpis_pointwise,Cylinder,2,1,0.9638333333333333,0.981583637443775,3.6763029249884056,0.25322155318708434,0.16746402710021724,0.83748,0.9003436154355564,0.3947115961804386,0.22441384585942215,0.04321568206433878,0.07894231923608772,0.08061882564183571,0.4,1.0,0.0016765064057479907,0.8,0.0,0.12671270599679557,0.75,0.7286834409984294,8.908279414754361e-05,0.728772523792577
ray_gpis_pointwise,Cylinder,3,1,0.9963333333333333,0.9981632993822007,3.824641049226281,0.24380170599178833,0.1503584845139572,0.85667,0.9094473773354397,0.42676874236893847,0.20984800328823836,0.04016612063197317,0.0853537484737877,0.08553424754569934,0.5,1.0,0.00018049907191164394,0.8,0.0,0.1359665220426575,0.5,0.6068544327979908,8.490519830957055e-05,0.6069393379963003
ray_gpis_pointwise,Cylinder,4,1,1.0,1.0,3.392867850229324,0.24970621017983824,0.15890311080177236,0.8896966666666668,0.9305045589747547,0.37959577843691794,0.2207614251139406,0.04251225019733081,0.07591915568738358,0.07602597541505887,0.6,1.0,0.00010681972767527803,0.8,0.0,0.1094813959143969,1.0,0.6808612433989765,0.00010562660172581672,0.6809668700007023
ray_gpis_pointwise,Cylinder,5,1,0.9998,0.9998999899989999,3.637336605996306,0.24301810464123935,0.12999771910561322,0.8162733333333334,0.8843742117019839,0.46067809780442426,0.21532805345738773,0.04154588137075296,0.09213561956088485,0.09213561956088485,0.7,1.0,0.0,1.0,0.0,0.17448135805687157,0.5,0.6145262108009775,8.919980027712881e-05,0.6146154106012546
ray_gpis_pointwise,Cylinder,6,1,0.9944666666666667,0.9967646190383935,3.444035404837519,0.26246150850193384,0.16390593035404527,0.8765133333333333,0.921353036546722,0.3852678125957386,0.20486772749242002,0.03800571047503444,0.07705356251914772,0.07756879626502129,0.5,1.0,0.0005152337458735667,0.6,0.0,0.12893843699931332,0.5,0.855960659799166,0.00011055059731006623,0.856071210396476
ray_gpis_pointwise,Cylinder,7,1,0.9871666666666666,0.9930982406231945,3.8576185332810073,0.25828471134243447,0.1612989025367121,0.8554400000000001,0.9079901003890374,0.3789395617919208,0.20444640668167027,0.03812213955678032,0.07578791235838415,0.0783456829793778,0.3,1.0,0.002557770620993649,0.4,0.0,0.1044093686038996,0.75,0.894106909603579,8.818660280667246e-05,0.8941950962063856
ray_gpis_pointwise,Cylinder,8,1,0.9994666666666666,0.9974250238400902,3.750337693486687,0.2567278390074084,0.1468688550995551,0.8123733333333334,0.8769925245889401,0.5104369262003888,0.2299092305331757,0.0443805165276427,0.10208738524007777,0.10208738524007777,0.7,1.0,0.0,1.0,0.0,0.08690114299610893,0.5,0.7964696606009966,9.417520486749708e-05,0.7965638358058641
ray_gpis_pointwise,Cylinder,9,1,0.9984666666666666,0.9992327451045802,3.797199701667241,0.2592299221398987,0.1538992933300302,0.8868333333333334,0.9295154078608151,0.368033219622078,0.23084307024012463,0.0444646943943227,0.0736066439244156,0.0736066439244156,0.8,1.0,0.0,1.0,0.0,0.11848606660563053,0.5,0.8029930276010419,0.00010629479947965592,0.8030993224005215
ray_gpis_pointwise,Cylinder,10,1,0.9666,0.9830163734363876,3.721756367209444,0.24157184966278422,0.1540976451945274,0.85198,0.9098173049123947,0.3736435462913452,0.21176438537044065,0.04075128505308158,0.07472870925826905,0.07569193899010478,0.8,1.0,0.0009632297318357353,0.6,0.0,0.16010832713435566,0.5,0.7984146394010168,0.00010590680176392198,0.7985205462027807
ray_gpis_pointwise,Cylinder,11,1,0.9994,0.9974560828886853,3.79852414194037,0.2480374074624568,0.1511945482960098,0.9051966666666666,0.9397124587539858,0.37483493094084197,0.21780508076973726,0.04187735542047075,0.0749669861881684,0.07567986991901846,0.4,1.0,0.0007128837308500557,0.8,0.0,0.0666873497940032,0.75,0.6283652292040642,9.734580235090106e-05,0.6284625750064151
ray_gpis_pointwise,Cylinder,12,1,0.9990333333333333,0.999516432942589,3.321801728546834,0.254456889552488,0.1662370160332129,0.8509666666666666,0.907385420805447,0.399717128375601,0.22562703975669887,0.043445392248309435,0.07994342567512021,0.07994342567512021,0.8732050807568879,1.0,0.0,1.0,0.0,0.19209612468528264,0.5,0.6671263594005723,7.980239752214402e-05,0.6672061617980944
ray_gpis_pointwise,Cylinder,13,1,0.9897333333333334,0.9943761808182433,3.636654150240106,0.2443579106538367,0.16056094011567984,0.8219099999999999,0.8837206145648805,0.49067284657050647,0.21708973206194276,0.04190573183895552,0.09813456931410129,0.09902629884769525,0.4,1.0,0.0008917295335939546,0.8,0.0,0.14477364445398333,0.25,0.7129151167959208,8.677979931235314e-05,0.7130018965952332
ray_gpis_pointwise,Cylinder,14,1,0.9984666666666666,0.9992327451045802,3.733700616847584,0.26014451667234817,0.16633128838981381,0.8808466666666666,0.9246529592348891,0.3670346873833382,0.20364994054124602,0.03784052588410587,0.07340693747666764,0.0735738009953482,0.4,1.0,0.00016686351868056004,0.4,0.0,0.14228817378118558,0.5,0.5809115085983649,7.853639835957438e-05,0.5809900449967245
ray_gpis_pointwise,L_Shaped,0,1,0.9934666666666667,0.9967226272490135,3.5520604454569162,0.1441808829272437,0.08528394455623445,0.8366366666666666,0.8966791731906456,0.44652327965930705,0.12497933050854132,0.024447353992295168,0.0893046559318614,0.09343810053725672,0.7,1.0,0.0041334446053953085,0.6,0.0,0.1330272588120851,0.25,0.7889482564030914,9.000019927043467e-05,0.7890382566023618
ray_gpis_pointwise,L_Shaped,1,1,0.9968666666666667,0.9980146475363725,3.6762973870905475,0.15335042182616623,0.094137000363927,0.8775599999999999,0.9231985449022764,0.36837825067907304,0.12858822782343002,0.024986848312342567,0.0736756501358146,0.07476235343598599,0.7,1.0,0.0010867033001713765,0.8,0.0,0.16168030441748682,1.0,0.893101708200993,0.00011287420347798616,0.893214582404471
ray_gpis_pointwise,L_Shaped,2,1,0.9959333333333333,0.9975293223710113,3.5238248379447787,0.1521167309944553,0.09071160554638938,0.8584466666666666,0.9090182990684965,0.44380035356225656,0.12748944692812278,0.024778191769611914,0.08876007071245132,0.09067070061806093,0.1,1.0,0.0019106299056096177,0.6,0.0,0.10536497161340552,0.5,0.9936967336019734,0.00010333099926356226,0.9938000646012369
ray_gpis_pointwise,L_Shaped,3,1,0.9998,0.9998999899989999,3.668156102034355,0.1486142553580673,0.08642759526886286,0.8284033333333334,0.8905636514969668,0.4394738761287055,0.12611085944467718,0.024572679300605964,0.0878947752257411,0.0878947752257411,0.8,1.0,0.0,1.0,0.0,0.15722805384352703,0.5,1.095358915804536,9.261799859814346e-05,1.0954515338031343
ray_gpis_pointwise,L_Shaped,4,1,0.9899,0.9949243680586964,3.7261528448016112,0.14765103066772342,0.09102561838857783,0.8824200000000001,0.9285701941875179,0.3449074932696313,0.12405759215544726,0.024143222171817573,0.06898149865392626,0.06962366706527849,0.5,1.0,0.0006421684113522286,0.8,0.0,0.11981378032730601,0.5,0.9202390471997205,9.931399545166641e-05,0.9203383611951722
ray_gpis_pointwise,L_Shaped,5,1,0.9995666666666667,0.9993311983110102,3.8157775425253484,0.1467430311253679,0.08747158809364278,0.8152700000000002,0.881479960830682,0.4824972634714394,0.12339358083683137,0.02402136933104615,0.09649945269428788,0.09649945269428788,1.0,1.0,0.0,1.0,0.0,0.2515744323754196,0.5,0.9683962984010577,0.00010306360200047493,0.9684993620030582
ray_gpis_pointwise,L_Shaped,6,1,0.999,0.9967195982772439,3.636397423765881,0.14311824020000688,0.08490854036355333,0.83733,0.8952876506353469,0.3966589342393523,0.12038287594885308,0.023454270675803586,0.07933178684787046,0.08728922280947864,0.8,1.0,0.007957435961608184,0.6,0.0,0.20890846732661933,0.25,1.092468323803041,0.0001076757995178923,1.092575999602559
ray_gpis_pointwise,L_Shaped,7,1,0.9868333333333333,0.9893670180269173,3.7622012132533573,0.1459954255873556,0.09014602733687671,0.8559833333333333,0.9014686586430626,0.45743650664937874,0.12406597743556243,0.02419198467682579,0.09148730132987574,0.09231640716115766,0.4,1.0,0.0008291058312819066,0.6,0.0,0.0971329167145844,0.25,0.9616575433989055,9.914319962263107e-05,0.9617566865985282
ray_gpis_pointwise,L_Shaped,8,1,0.9853,0.9898070870390476,3.9790199154596895,0.13976676955628625,0.08145533655758881,0.8063533333333334,0.8790525081474698,0.40760996517889025,0.11806163892690705,0.023031211596692407,0.08152199303577805,0.0875152209148468,0.5,1.0,0.005993227879068752,0.8,0.0,0.19196989805110326,0.25,0.9975721436028835,0.00010618000524118543,0.9976783236081246
ray_gpis_pointwise,L_Shaped,9,1,0.9773666666666667,0.9881196629765643,3.756385033782755,0.14851407551070606,0.09076365559441249,0.8514966666666666,0.9090574582519615,0.3700349976303945,0.1219289621443836,0.023647470552514024,0.07400699952607889,0.07624296886211798,0.9,1.0,0.0022359693360390898,0.8,0.0,0.13097682562667964,0.25,1.1088802753976779,9.649679996073245e-05,1.1089767721976387
ray_gpis_pointwise,L_Shaped,10,1,0.9997333333333334,0.9998666488865182,3.499623972758767,0.14397029004010317,0.0812819200421983,0.8178266666666666,0.8865385461622337,0.4467654624294912,0.12135696672382161,0.023646729124762157,0.08935309248589825,0.08935309248589825,0.9,1.0,0.0,1.0,0.0,0.20814156425316313,0.5,0.943318946598447,0.00011216979473829269,0.9434311163931852
ray_gpis_pointwise,L_Shaped,11,1,0.9999666666666667,0.9995594387471771,3.6661557894269237,0.15467318048560447,0.09015092251018661,0.8700566666666665,0.9190421179682635,0.3838979556591793,0.1321740271780657,0.02574945980322003,0.07677959113183586,0.07677959113183586,1.0,1.0,0.0,1.0,0.0,0.10834573128862439,0.5,1.0259671434003395,9.578539757058025e-05,1.02606292879791
ray_gpis_pointwise,L_Shaped,12,1,0.9997333333333334,0.9998666488865182,3.742997098368625,0.14915927698079845,0.08963747761653124,0.86876,0.918989596637456,0.3446756860032476,0.12537398735199562,0.024392893077444553,0.06893513720064952,0.06893513720064952,0.8,1.0,0.0,1.0,0.0,0.1332209172579537,0.5,0.9063240496005165,0.00010177459917031229,0.9064258241996868
ray_gpis_pointwise,L_Shaped,13,1,0.9902666666666666,0.9951095330608963,3.5915049248769573,0.14973598791707626,0.08868674706060846,0.8409433333333333,0.9004442585220758,0.37572114400454437,0.12423911792669806,0.024124404966778583,0.07514422880090887,0.07746569325295113,0.5,1.0,0.0023214644520422657,0.6,0.0,0.09737532351009935,1.0,1.0063972377975006,9.986100194510072e-05,1.0064970987994457
ray_gpis_pointwise,L_Shaped,14,1,0.9999333333333333,0.9995406181134971,3.629238056549855,0.15159417147157156,0.09019984722777831,0.87138,0.9234280305620153,0.3104429558893328,0.1259753071321226,0.02445655956718102,0.06208859117786656,0.07298091324884688,0.5,1.0,0.01089232207098032,0.6,0.0,0.09645764190890363,0.25,0.7197009915980743,8.868600125424563e-05,0.7197896775993285
ray_gpis_pointwise,Thin_Irregular,0,1,0.9924333333333333,0.9946286861237352,3.835478955212718,0.999444365630251,0.9046705933325774,0.8622099999999999,0.9106344666754307,0.4485397067692717,0.9989474451852215,0.10546710277216065,0.08970794135385433,0.09049082510525111,0.5,1.0,0.0007828837513967679,0.6,0.2,0.08440879634927899,0.25,2.2120175247982843,0.0001018168026348576,2.212119341600919
ray_gpis_pointwise,Thin_Irregular,1,1,0.9999333333333333,0.9964651477253016,3.6843865301255048,0.9996948462776047,0.9124755967395732,0.89216,0.9320531708498532,0.37882622043749414,0.9993907392119764,0.10011076051265615,0.07576524408749882,0.07605507861666332,0.7,1.0,0.00028983452916448994,0.8,0.4,0.18219057564660102,0.5,2.1819730565999635,9.981740149669349e-05,2.1820728740014603
ray_gpis_pointwise,Thin_Irregular,2,1,0.9692666666666667,0.9841209300188922,3.84532359229435,0.9996512137154969,0.854900081069804,0.7242066666666667,0.8227055724520905,0.46064420986927124,0.9993276691876987,0.10368460833858048,0.09212884197385425,0.1204919624088873,0.7,1.0,0.02836312043503304,0.6,0.0,0.3791611811588597,0.75,2.477659297399805,9.286519780289381e-05,2.477752162597608
ray_gpis_pointwise,Thin_Irregular,3,1,0.9939333333333333,0.9929049648959829,3.937100815588375,0.9996486432042818,0.9022563548329497,0.8076500000000001,0.87369529704238,0.49942064521335555,0.9994271791755778,0.12260571412814666,0.0998841290426711,0.0998841290426711,0.9,1.0,0.0,1.0,0.4,0.14007662897887407,0.5,2.7368330186000094,9.775480139069259e-05,2.7369307734014
ray_gpis_pointwise,Thin_Irregular,4,1,0.9995666666666667,0.9997832863787154,3.7477512916796876,0.9993024274309937,0.905345602020007,0.8957566666666666,0.9352519738192442,0.3664013621804646,0.9987127387402784,0.10824136990077829,0.07328027243609292,0.07388701413435794,0.6,1.0,0.0006067416982650231,0.6,0.4,0.08914886844815748,0.75,2.7600745828036453,0.000143456002115272,2.7602180388057604
ray_gpis_pointwise,Thin_Irregular,5,1,0.9462,0.9680800944132715,4.20726793913463,0.9994935184488258,0.8819967751175757,0.8087133333333332,0.8790593443642386,0.39603954036500644,0.9990403833772121,0.10545784869555634,0.07920790807300129,0.08744527355837155,0.2,1.0,0.008237365485370263,0.2,0.4,0.2149206411650263,0.75,2.4134507240029053,0.00010000959737226367,2.4135507336002773
ray_gpis_pointwise,Thin_Irregular,6,1,0.9524666666666667,0.9722463531803478,3.7348362110650952,0.9997931519147542,0.8845060204560522,0.7993566666666666,0.8735182977303619,0.3807301204049305,0.99958913350848,0.10064734047006862,0.0761460240809861,0.08051108947409716,0.5,1.0,0.004365065393111056,0.8,0.2,0.28109696580018295,0.25,2.6602532260032605,9.279779624193907e-05,2.6603460237995025
ray_gpis_pointwise,Thin_Irregular,7,1,0.9989333333333333,0.9952268688134859,4.121225374517811,0.999540100756185,0.8796356491903567,0.8520000000000001,0.9033646940894101,0.4203373148730555,0.9990890611031934,0.10088059809849792,0.0840674629746111,0.0840674629746111,0.7,1.0,0.0,1.0,0.4,0.20923105258640415,0.25,2.07542146119813,9.693879692349583e-05,2.0755183999950533
ray_gpis_pointwise,Thin_Irregular,8,1,0.9915333333333334,0.9947190538012732,3.785834209066864,0.9996020608969222,0.9044493514988812,0.8879266666666666,0.9298915130426119,0.36683760484408334,0.9992738267112202,0.1095193492998697,0.07336752096881667,0.07473257075591391,0.0,1.0,0.0013650497870972389,0.4,0.2,0.0739606286821378,0.75,2.3810033588088118,0.00010669940384104848,2.381110058212653
ray_gpis_pointwise,Thin_Irregular,9,1,0.9973,0.9951068096873446,3.7244474038421127,0.9995529080783475,0.7597833954694271,0.7670466666666667,0.8499939134514987,0.4755282363201261,0.9993024425886855,0.12809843093117682,0.09510564726402522,0.09510564726402522,0.8,1.0,0.0,1.0,0.2,0.3684491174820356,0.5,2.763977060993784,9.04544023796916e-05,2.764067515396164
ray_gpis_pointwise,Thin_Irregular,10,1,0.9951333333333333,0.9954160486905749,3.744126461140439,0.9996948462776047,0.8785251973812956,0.8613833333333334,0.910316872886845,0.42083120085364234,0.9995002866149333,0.1220704676361561,0.08416624017072846,0.08444192813839502,0.6,1.0,0.00027568796766654915,0.8,0.4,0.14710757087979953,0.25,2.581078727199929,9.465740295127034e-05,2.58117338460288
ray_gpis_pointwise,Thin_Irregular,11,1,0.9904,0.9898626299408159,3.873869932692138,0.9997931519147542,0.8788178029360468,0.8040700000000001,0.8734597969391487,0.4184000457166307,0.9996036315065188,0.10433023844349161,0.08368000914332614,0.0873004590722477,0.6,1.0,0.003620449928921565,0.8,0.2,0.19342160554026538,0.5,2.7792483550001634,0.00010675800149329007,2.7793551130016567
ray_gpis_pointwise,Thin_Irregular,12,1,0.9940666666666667,0.9952651023164655,3.8208746142981984,0.9996512137154969,0.888938713465279,0.88279,0.9257155873777924,0.3718854992420133,0.999368796160875,0.110444869836179,0.07437709984840266,0.07535012747912284,0.5,1.0,0.0009730276307201802,0.8,0.4,0.11836411364156554,0.5,2.253070013393881,7.996080094017089e-05,2.253149974194821
ray_gpis_pointwise,Thin_Irregular,13,1,0.9857666666666667,0.9889278712627099,3.659391425868401,0.9999016943628507,0.8817356217644562,0.85846,0.9104289889428163,0.3590098478343081,0.9998255096768112,0.11265780470874842,0.07180196956686162,0.07461333537526685,0.1,1.0,0.0028113658084052196,0.6,0.2,0.17361212399710815,0.5,2.185933856401243,9.119660244323313e-05,2.1860250530036867
ray_gpis_pointwise,Thin_Irregular,14,1,0.9955333333333334,0.9947189095364415,3.948657118875343,0.9998525415442759,0.9009563370027334,0.7568233333333333,0.8393884370061906,0.5520683008723877,0.999759503773022,0.12259900654093189,0.11041366017447754,0.11041366017447754,0.8,1.0,0.0,1.0,0.4,0.10009896851655319,0.5,2.2924073406000387,9.646980033721775e-05,2.292503810400376
ray_gpis_pointwise,green_Pepper,0,1,0.9999,0.9994927958444744,3.531831379441156,0.14649727521603012,0.08897138958739573,0.8818666666666667,0.9251250795196866,0.4122880111780117,0.12290987640517044,0.02392089742949475,0.08245760223560235,0.08245760223560235,0.8,1.0,0.0,1.0,0.0,0.16578718671320666,0.5,0.7521130445966264,0.00010193699854426086,0.7522149815951706
ray_gpis_pointwise,green_Pepper,1,1,0.9995666666666667,0.9988482379012973,3.253715861064943,0.1463738637083673,0.08741153092898934,0.8642133333333334,0.9150703922411815,0.3839217622208799,0.12349806497142347,0.024054978506718803,0.07678435244417599,0.07773855022942078,0.8,1.0,0.0009541977852447925,0.8,0.0,0.198513914689823,0.5,0.8459383073990466,0.00010488380212336779,0.84604319120117
ray_gpis_pointwise,green_Pepper,2,1,0.9690666666666666,0.9842903575297942,3.6282277810787713,0.13747462778974925,0.08282122648105045,0.84315,0.9025216938356271,0.4105186966868932,0.11564560519963359,0.022558211788343187,0.08210373933737865,0.084830598235344,0.1,1.0,0.002726858897965356,0.4,0.0,0.1143779420745866,0.75,0.7861645620025228,0.00010436079755891115,0.7862689228000818
ray_gpis_pointwise,green_Pepper,3,1,0.9739333333333333,0.9863588647704105,3.695573062938928,0.1469150221659776,0.09036838691226394,0.8454433333333334,0.9039551622758684,0.3725203525837407,0.12270088343036926,0.02386284870106867,0.07450407051674815,0.07701063386982657,0.5,1.0,0.002506563353078417,0.6,0.0,0.19701109963190766,0.5,0.6844436501996825,8.81143962033093e-05,0.6845317645958857
ray_gpis_pointwise,green_Pepper,4,1,0.9925333333333334,0.9957903938798017,3.628572323625841,0.1384962069777317,0.08512129225193897,0.8674533333333334,0.9165342273371356,0.37681511422229585,0.11551657001203677,0.022503070119390796,0.07536302284445917,0.07651177286687835,0.3,1.0,0.0011487500224191872,0.4,0.0,0.16752199170989862,0.75,0.7736709341959795,9.124019707087427e-05,0.7737621743930504
ray_gpis_pointwise,green_Pepper,5,1,0.9897333333333334,0.9939313534431887,3.7752236463672726,0.14537140012931912,0.08757566513784767,0.83369,0.8940078293959651,0.4262199118447547,0.12332795204875845,0.02404538737847633,0.08524398236895095,0.08585165994992741,0.6,1.0,0.0006076775809764623,0.8,0.0,0.20529887417029064,0.25,0.766123176200199,0.00010339799628127367,0.7662265741964802
ray_gpis_pointwise,green_Pepper,6,1,0.9915,0.995286649882234,3.5941010663648796,0.14684853371053885,0.08718941793988802,0.8672633333333334,0.9160588447320009,0.42966389109667347,0.12488127831469688,0.024349300972811135,0.08593277821933469,0.08679447265496214,0.4,1.0,0.000861694435627447,0.6,0.0,0.15904454680704966,0.5,0.7089625918015372,8.964759763330221e-05,0.7090522393991705
ray_gpis_pointwise,green_Pepper,7,1,0.9964666666666666,0.9973143379793246,3.524020058068786,0.14627565350619615,0.08772867313460501,0.8547733333333334,0.9077658420188003,0.39058946337408584,0.12184923629113086,0.023691981815072958,0.07811789267481717,0.07843340205302105,0.5,1.0,0.000315509378203882,0.8,0.0,0.18226514219501028,0.25,0.7722593663958832,0.0001057956018485129,0.7723651619977318
ray_gpis_pointwise,green_Pepper,8,1,0.9934,0.9966890739440153,3.9454932555901805,0.1412919922799585,0.08431709816663838,0.8225300000000001,0.8880326131390774,0.46164012016322076,0.11897388991787748,0.02319201004668549,0.09232802403264415,0.09261363504141766,0.5,1.0,0.000285611008773512,0.8,0.0,0.15139406915769274,0.5,0.6847971849987516,9.837699763011187e-05,0.6848955619963817
ray_gpis_pointwise,green_Pepper,9,1,0.9979666666666667,0.9989822986703148,3.519641416669823,0.14723908273622144,0.08684156556743579,0.8441266666666667,0.9023173964169218,0.41758969907225363,0.12647471119410536,0.024693661903249748,0.08351793981445073,0.08356653729173362,0.7,1.0,4.859747728289676e-05,0.8,0.0,0.09218016851682305,0.5,0.7110140709963162,8.962080173660069e-05,0.7111036917980528
ray_gpis_pointwise,green_Pepper,10,1,1.0,1.0,3.451463567730249,0.14482792974590922,0.08422261541746189,0.8605799999999999,0.9145470526261088,0.39547864917666764,0.12360855633818349,0.02412314401043697,0.07909572983533353,0.07997270985037297,0.7,1.0,0.0008769800150394413,0.8,0.0,0.0930021887159533,0.5,0.7918644899997161,0.00010789360094349831,0.7919723836006597
ray_gpis_pointwise,green_Pepper,11,1,0.9820333333333333,0.990935234859824,3.5546381368498636,0.14433253045774386,0.08879435039555848,0.86958,0.9204670165718742,0.36139273925670856,0.12091670746829954,0.023539178592920436,0.07227854785134172,0.07320654608540081,0.2,1.0,0.0009279982340590909,0.6,0.0,0.12466346704051268,0.75,0.8046016254025744,0.00010238059621769935,0.8047040059987921
ray_gpis_pointwise,green_Pepper,12,1,0.9968333333333333,0.9979628965605317,3.7420833037478833,0.14424782142530718,0.08821515365269958,0.8508966666666667,0.9059177238221606,0.38794575343863025,0.1210984257603923,0.02358176266917678,0.07758915068772605,0.08174931581059004,0.3,1.0,0.00416016512286399,0.6,0.0,0.15119074015793085,0.75,0.7086024777992861,8.400180377066135e-05,0.7086864796030568
ray_gpis_pointwise,green_Pepper,13,1,0.9978333333333333,0.9989154917827646,3.3812292404668143,0.13821346364210255,0.07969210126060193,0.8010933333333334,0.8740379276226629,0.4704775549127772,0.11595913241672921,0.022608008916526003,0.09409551098255545,0.09409551098255545,0.7,1.0,0.0,1.0,0.0,0.1493528716424962,0.5,0.8290691667993088,0.00010378260049037635,0.8291729493997991
ray_gpis_pointwise,green_Pepper,14,1,0.9981,0.9981571395858082,3.5921724170594125,0.1501286607419149,0.09074532318270914,0.8724866666666667,0.9196968676075808,0.39529301104930803,0.12655929412646885,0.024628830800197187,0.0790586022098616,0.0790586022098616,0.9,1.0,0.0,1.0,0.0,0.21954573414969097,0.5,0.7673924937960692,9.662039810791612e-05,0.7674891141941771
ray_gpis_uncertainty_only,Bowl,0,1,0.9712333333333333,0.9784043214077223,4.198956131320774,0.46668408565484787,0.3373568722755585,0.7750166666666667,0.8564533720311209,0.4632588056682647,0.40207675908607204,0.07172624167649376,0.09265176113365295,0.10128364122545833,0.3,1.0,0.008631880091805377,0.6,0.0,0.8816171673709605,0.5,1.4079662575997645,9.013499948196113e-05,1.4080563925992464
ray_gpis_uncertainty_only,Bowl,1,1,0.7774666666666666,0.8651768975508036,5.405874006843474,0.3206247584184063,0.24035086211768125,0.6203166666666666,0.7485653044433073,0.3068261442890722,0.23700381731519832,0.04220585352804807,0.06136522885781444,0.13599858716429253,-0.2,1.0,0.0746333583064781,0.2,0.0,0.8626305006304703,0.5,1.6480981437984155,0.00011799579951912164,1.6482161395979347
ray_gpis_uncertainty_only,Bowl,2,1,0.948,0.9638792126887812,3.9721401808751593,0.4600026940185564,0.32691276359853927,0.8058266666666667,0.8704432001946637,0.3694264390755878,0.3841481942718878,0.06736652814038717,0.07388528781511756,0.08193660393607098,-0.1,1.0,0.008051316120953422,0.4,0.0,0.8192861768120172,0.5,1.3626117109990445,8.999459678307175e-05,1.3627017055958277
ray_gpis_uncertainty_only,Bowl,3,1,0.7258666666666667,0.8411619283065513,5.41135253331849,0.3237483435817441,0.23387540040149474,0.6336633333333334,0.7659772935472519,0.4322940187889295,0.26961619673013554,0.049926736825125696,0.08645880375778589,0.1539633149562027,-0.37320508075688774,1.0,0.0675045111984168,0.2,0.0,0.8472396762244081,0.5,0.8897047361999284,9.48363944189623e-05,0.8897995725943474
ray_gpis_uncertainty_only,Bowl,4,1,0.8943,0.9404181497712818,4.168955590484546,0.4654987909146377,0.31388445552627164,0.6816766666666666,0.7982617390577774,0.3302078282666029,0.38937741561430433,0.06816737695536004,0.06604156565332057,0.12664865543475323,0.15849364905389032,0.8,0.06060708978143266,0.4,0.0,0.9017934654458755,0.0,1.5207028250035364,9.060140291694552e-05,1.5207934264064533
ray_gpis_uncertainty_only,Bowl,5,1,0.9068,0.9437074975525432,4.212632065258019,0.40560081507818374,0.3021415027563663,0.7667499999999999,0.848797314845973,0.3488926306938346,0.3206793322353729,0.05611827896513275,0.06977852613876692,0.08598105112124502,0.3,1.0,0.016202524982478095,0.4,0.0,0.899421748375066,0.75,0.7356966413994087,0.00010075680329464376,0.7357973982027033
ray_gpis_uncertainty_only,Bowl,6,1,0.9705666666666667,0.9764195734173562,4.002693858748055,0.42407826422066075,0.28694224918448985,0.7377900000000001,0.8226089335061809,0.5346992326735374,0.3646653729758357,0.06611278707303184,0.10693984653470748,0.12516310563304184,0.37320508075688774,1.0,0.018223259098334353,0.6,0.0,0.7224541349605582,0.25,0.8230439828068483,9.666139667388051e-05,0.8231406442035223
ray_gpis_uncertainty_only,Bowl,7,1,0.6890666666666667,0.8031762428633902,5.630513641339509,0.2704739041243978,0.19410166549998145,0.5107566666666667,0.6622791901645944,0.21417734814758937,0.17141318401141536,0.03018401656904395,0.042835469629517876,0.1639323044141325,-0.9732050807568877,1.0,0.12109683478461464,0.0,0.0,0.9378008729104413,0.75,1.43022479560168,0.0001388388016493991,1.4303636344033293
ray_gpis_uncertainty_only,Bowl,8,1,0.9220666666666667,0.9594533661683604,4.114966197765757,0.4272111717979788,0.29811896944637495,0.7422333333333333,0.839571326328499,0.3427067781934433,0.34629948700228036,0.060687263792215874,0.06854135563868866,0.1010374022484749,0.3,1.0,0.03249604660978624,0.4,0.0,0.8927267219545113,0.75,1.4134831599949393,0.00010159500234294683,1.4135847549972822
ray_gpis_uncertainty_only,Bowl,9,1,0.9183,0.9517388099561094,4.144322765320342,0.4464145783570399,0.33035728128926817,0.7994266666666668,0.874526593402899,0.3646005614337273,0.3667540380362558,0.06412348470598953,0.07292011228674547,0.08104635657939689,-0.17320508075688773,1.0,0.00812624429265143,0.4,0.0,0.8292890075750279,0.75,1.3789905350015033,8.956579840742051e-05,1.3790801007999107
ray_gpis_uncertainty_only,Bowl,10,1,0.6371333333333333,0.7685060095400135,6.143537222339698,0.3217913931434504,0.24156691246204423,0.5543833333333333,0.6960223833061061,0.3664180711128916,0.2681322350289679,0.04969465749855152,0.07328361422257831,0.1433806069747704,-0.3,1.0,0.07009699275219208,0.0,0.0,0.757540374813849,0.75,1.358691568399081,8.466599974781275e-05,1.3587762343988288
ray_gpis_uncertainty_only,Bowl,11,1,0.8223666666666667,0.897742339162634,4.514453314590068,0.3604738659184356,0.2799408290912051,0.7587533333333333,0.8539020056372604,0.37024338218420616,0.2770087964651633,0.04900595300297226,0.07404867643684124,0.11469515246876179,-0.3,1.0,0.04064647603192055,0.2,0.0,0.8358814884094345,0.75,1.382625894996454,0.00011081440607085824,1.382736709402525
ray_gpis_uncertainty_only,Bowl,12,1,0.8906333333333334,0.9391117552561339,4.6471522642363325,0.4059120351282712,0.3082809232491152,0.7574133333333333,0.8502615791962652,0.3442968883974252,0.3213668343734254,0.05626608844968656,0.06885937767948505,0.09173382132922407,0.5915063509461097,0.8,0.022874443649739028,0.4,0.0,0.7861843821266452,0.25,1.5104961442033527,9.078260336536914e-05,1.510586926806718
ray_gpis_uncertainty_only,Bowl,13,1,0.6643666666666667,0.7883516480066803,6.067961849212797,0.3117716782415686,0.23983562745223758,0.5718533333333333,0.718327838633763,0.14800176470998194,0.20751329236866028,0.036042629756229856,0.029600352941996387,0.13543940270348248,-0.7732050807568878,1.0,0.1058390497614861,0.0,0.0,0.877949415809665,0.5,1.5767629893991397,0.0001214515999890864,1.576884440999129
ray_gpis_uncertainty_only,Bowl,14,1,0.5401666666666667,0.698817963632045,6.572514880317849,0.25699003467825443,0.1989315231882925,0.4890533333333334,0.6549377937062268,0.07626005367084288,0.15289365204168193,0.02682107326316362,0.015252010734168575,0.18121586557066782,-0.9,1.0,0.16596385483649925,0.0,0.0,0.8575172532846786,1.0,1.6334710249997442,0.00010560779774095863,1.6335766327974852
ray_gpis_uncertainty_only,Corner,0,1,0.9467333333333333,0.9713936551750314,3.748276612304731,0.07908948894915621,0.04834572060067287,0.8120166666666668,0.8821793331525967,0.44115334946501494,0.06538102061897393,0.012884409677004549,0.08823066989300299,0.09134464037503594,0.2,1.0,0.0031139704820329463,0.6,0.0,0.7084777945708245,0.5,1.0267120537988377,9.511839598417283e-05,1.0268071721948218
ray_gpis_uncertainty_only,Corner,1,1,0.9994,0.9996999099729919,3.3489608277668053,0.08131581516332456,0.05007354486387995,0.8951533333333334,0.9345151526215861,0.37748993477321224,0.06641718587745646,0.01307145276111904,0.07549798695464245,0.07552806059008921,0.8,1.0,3.0073635446759005e-05,0.8,0.0,0.3424851810346606,1.0,1.2480688161973377,8.688680245541036e-05,1.248155702999793
ray_gpis_uncertainty_only,Corner,2,1,0.9669333333333333,0.9796411249475082,3.496444108205884,0.07440095788364608,0.04376461469211872,0.8319099999999999,0.8952497084597608,0.41343566219032135,0.0628748138571019,0.012420297381806446,0.08268713243806428,0.08341392155817692,0.22679491924311224,1.0,0.0007267891201126586,0.6,0.0,0.5331240919225934,0.5,0.8998167136014672,0.00011302600032649934,0.8999297396017937
ray_gpis_uncertainty_only,Corner,3,1,0.9934666666666667,0.9967226272490135,3.4761711473102546,0.07695159394320548,0.046464602310801545,0.8739233333333335,0.9212729379803359,0.38660888822332384,0.06386680863431436,0.012594822286737927,0.07732177764466477,0.0786285414256768,0.3,1.0,0.0013067637810120214,0.6,0.0,0.3739114457832755,1.0,1.0581756630010204,0.00011092520435340703,1.0582865882053738
ray_gpis_uncertainty_only,Corner,4,1,0.9614333333333334,0.9769562308371244,4.344107681410963,0.0763234767803884,0.04867116029389461,0.8631233333333335,0.9149796275832317,0.32891657333374447,0.062373613107529736,0.012289125583752475,0.06578331466674889,0.07126545547960006,0.2,1.0,0.0054821408128511665,0.4,0.0,0.526057770784601,0.75,1.485799716602196,0.00010721739963628351,1.4859069340018323
ray_gpis_uncertainty_only,Corner,5,1,0.9648333333333333,0.982101959453728,3.721343779539998,0.0780423171023221,0.046712701073630035,0.7895166666666666,0.8675660354168404,0.4478761325127988,0.0659540863175325,0.013020104409903177,0.08957522650255975,0.09720853327301111,0.22679491924311224,1.0,0.007633306770451353,0.6,0.0,0.4813053655703238,0.5,1.039657278600498,9.405659802723676e-05,1.0397513351985253
ray_gpis_uncertainty_only,Corner,6,1,0.9922666666666666,0.9961183241868559,3.075340955216138,0.08099743990368508,0.05018454231733564,0.88073,0.9272478950712711,0.31164815382574296,0.06564287819002274,0.012912829944906248,0.062329630765148594,0.06294223490758706,0.8,1.0,0.0006126041424384665,0.6,0.0,0.6299729369907536,0.5,1.6648702510021394,0.00010370340314693748,1.6649739544052864
ray_gpis_uncertainty_only,Corner,7,1,0.9876,0.993761320185148,3.8491021774944887,0.07897987041331311,0.049412583867223234,0.8832233333333332,0.9292429828407436,0.33158379114325176,0.06518099562887109,0.01284377163065432,0.06631675822865035,0.06869687019614387,0.4,1.0,0.0023801119674935257,0.4,0.0,0.6444240224916925,0.75,0.7946733872027835,9.109560051001608e-05,0.7947644828032935
ray_gpis_uncertainty_only,Corner,8,1,0.9952,0.9975942261427425,3.6881031781890696,0.07757692990356993,0.047053351279936186,0.8550966666666667,0.9079751902932193,0.44313353276572176,0.0645183900730984,0.012723553476066051,0.08862670655314435,0.08953984231085461,0.6732050807568878,1.0,0.0009131357577102595,0.8,0.0,0.5236370960099417,1.0,1.0362028817966347,9.622499928809702e-05,1.0362991067959229
ray_gpis_uncertainty_only,Corner,9,1,0.9968666666666667,0.9984308750375589,3.6709254625435834,0.08474261515229585,0.05117291373862813,0.8740633333333333,0.924527686498007,0.3251307092000796,0.07051894531190214,0.013887961490521883,0.06502614184001591,0.06680824758175492,0.7,1.0,0.001782105741739004,0.8,0.0,0.4844267622680428,0.5,1.898930754198227,0.00010500019998289644,1.89903575439821
ray_gpis_uncertainty_only,Corner,10,1,0.9756333333333334,0.9876664023351162,3.5677847625670163,0.07775047702413093,0.04895715902699721,0.8590266666666666,0.9137769246825151,0.34185422818656186,0.06258396236337989,0.012314282478265142,0.06837084563731237,0.0703541004466407,0.4732050807568878,1.0,0.0019832548093283277,0.4,0.0,0.42989379924399984,0.5,1.0365799068007617,9.912800160236657e-05,1.0366790348023642
ray_gpis_uncertainty_only,Corner,11,1,0.9987666666666667,0.9993829528209063,3.029067321495667,0.08016982285871592,0.048393162253885964,0.8750833333333334,0.9220809847893635,0.38098007909888365,0.06631066174457835,0.013065276691032643,0.07619601581977672,0.07619601581977672,0.8,1.0,0.0,1.0,0.0,0.3896609290267653,0.5,1.1102489128039452,9.710940648801624e-05,1.110346022210433
ray_gpis_uncertainty_only,Corner,12,1,0.9921,0.9960343356257216,3.4111745664448665,0.08122724885356031,0.048299922199707426,0.8124533333333332,0.8860358223007397,0.39018355606394917,0.06744290452858259,0.013289203039672053,0.07803671121278984,0.07803671121278984,0.8,1.0,0.0,1.0,0.0,0.3935549082872971,0.5,1.057098253199365,0.00010802600299939514,1.0572062792023644
ray_gpis_uncertainty_only,Corner,13,1,0.9969333333333333,0.9984643119449824,3.6229958472800003,0.07891253452719114,0.0481539391588785,0.8823266666666665,0.9251817609549366,0.4047362849445606,0.06454231798265028,0.012710167702760256,0.08094725698891211,0.08154099353661359,0.3,1.0,0.0005937365477014733,0.6,0.0,0.45833022284702984,0.75,1.5263746971992078,9.848220215644688e-05,1.5264731794013642
ray_gpis_uncertainty_only,Corner,14,1,0.9731666666666666,0.986400878452572,3.4587053784473647,0.07838023550748527,0.046709982609459105,0.8438633333333334,0.9014880564743757,0.4284312572258848,0.0666502060173826,0.01316251368332369,0.08568625144517697,0.09051913417926565,0.4,1.0,0.004832882734088684,0.6,0.0,0.499406275975093,0.5,0.7813403791951714,8.977479883469641e-05,0.7814301539940061
ray_gpis_uncertainty_only,Cross,0,1,0.9871333333333333,0.9930626713526901,3.724698964490231,0.13187794899092237,0.07812292332332178,0.8398766666666665,0.8992555717913303,0.4528811672530332,0.11232838666946504,0.021970906348162327,0.09057623345060664,0.09118518278743788,0.2,1.0,0.0006089493368312438,0.8,0.0,0.4809386227120733,0.5,0.7122531103959773,9.400179842486978e-05,0.7123471121944022
ray_gpis_uncertainty_only,Cross,1,1,0.9773,0.986721737519784,3.6403013893324068,0.12818354444425095,0.07727614243639587,0.8598566666666667,0.9113781333716359,0.4162461823877912,0.10794172563300766,0.02109848097417568,0.08324923647755825,0.08806170186714316,0.37320508075688774,1.0,0.004812465389584908,0.4,0.0,0.5068167939463977,0.75,0.8130488801980391,0.00010098959610331804,0.8131498697941424
ray_gpis_uncertainty_only,Cross,2,1,0.9494,0.9731473712969224,3.947517653591446,0.12059804241175578,0.07210557186179967,0.8363366666666667,0.9008894731242811,0.35179216346622,0.10069498480902535,0.01969328876511843,0.070358432693244,0.07217641656141867,0.5,1.0,0.0018179838681746663,0.6,0.0,0.5591102190548897,1.0,0.705042841998511,9.23815998248756e-05,0.7051352235983359
ray_gpis_uncertainty_only,Cross,3,1,0.9944,0.9971921379863617,3.583626772172155,0.13298413001100523,0.08012654281549968,0.8526766666666667,0.9070790786008842,0.41378994225976506,0.11176021098521854,0.021817954510905242,0.08275798845195301,0.08299641831246884,0.4,1.0,0.00023842986051583192,0.6,0.0,0.37794635985725583,0.5,0.7230091791978339,9.528279770165682e-05,0.7231044619955356
ray_gpis_uncertainty_only,Cross,4,1,0.9962333333333333,0.9971881069647446,3.805406730063912,0.12837548806810517,0.07563872134741703,0.7911766666666666,0.8695772596647464,0.3771963870144249,0.1073760121587243,0.020969986347192705,0.07543927740288499,0.0968528264032942,0.6464101615137755,1.0,0.021413549000409215,0.6,0.0,0.7536377980576789,0.25,0.7737867904012091,0.00010002820054069161,0.7738868186017498
ray_gpis_uncertainty_only,Cross,5,1,0.9550333333333333,0.9743454456390608,3.864940085611732,0.12578334878375969,0.07565133683088121,0.8172133333333333,0.8867145060520245,0.3975966257514977,0.1056772110438357,0.020660275839877368,0.07951932515029954,0.07984951910975469,0.17320508075688776,1.0,0.0003301939594551495,0.6,0.0,0.5095055032575209,1.0,0.6412237673997879,8.795639732852578e-05,0.6413117237971164
ray_gpis_uncertainty_only,Cross,6,1,0.9883,0.9931919581636266,3.87324001661388,0.12807104438395178,0.07902886934183598,0.8654166666666665,0.9142045526225699,0.4169497295081286,0.10733753606712323,0.02096889014668912,0.08338994590162571,0.08511143224099955,0.8464101615137756,1.0,0.0017214863393738345,0.6,0.0,0.28458466337109184,0.75,0.7307350512011908,9.415180538780987e-05,0.7308292030065786
ray_gpis_uncertainty_only,Cross,7,1,0.9975333333333334,0.9978632151727023,3.5822197408445517,0.12968358880388647,0.07762824625746677,0.8586266666666666,0.9107528999669323,0.3946413136921174,0.10868033138500637,0.021223872715740492,0.07892826273842349,0.07892826273842349,1.0,1.0,0.0,1.0,0.0,0.3841516759393449,1.0,0.8252414715971099,8.500520198140293e-05,0.8253264767990913
ray_gpis_uncertainty_only,Cross,8,1,0.9867333333333334,0.992858045880831,3.835612230538348,0.12830262144233473,0.07472235717533383,0.7808833333333334,0.8582107599366587,0.5119607625428559,0.10934845043322267,0.021404275923249016,0.10239215250857119,0.10239215250857119,0.8,1.0,0.0,1.0,0.0,0.3879555182850007,0.5,0.7645924754004227,0.00024082399904727935,0.76483329939947
ray_gpis_uncertainty_only,Cross,9,1,0.9990333333333333,0.999516432942589,3.683615932325557,0.12835642706772446,0.07851672211001189,0.8705366666666666,0.9187863320190706,0.4004690807430933,0.10795128335507381,0.021096390941548745,0.08009381614861866,0.08023605943653496,0.8732050807568879,1.0,0.00014224328791629938,0.8,0.0,0.6701785370084528,1.0,0.7731112918001599,8.092319767456501e-05,0.7731922149978345
ray_gpis_uncertainty_only,Cross,10,1,0.9588333333333333,0.9776297250942432,3.9888866692667313,0.12684892361058916,0.07651694100503606,0.8339733333333333,0.8973870589858113,0.3948967618250805,0.10627589134313468,0.020765895878082353,0.0789793523650161,0.08424274449856398,0.05358983848622449,1.0,0.005263392133547873,0.4,0.0,0.5813479186286155,0.5,0.784708343798411,9.777580271475017e-05,0.7848061196011258
ray_gpis_uncertainty_only,Cross,11,1,0.9955333333333334,0.997761667724585,3.6400486115650406,0.13124753884871918,0.07934526007796747,0.8826700000000001,0.9278188494853131,0.3711679441912684,0.10925413859039212,0.02131130907331151,0.07423358883825368,0.07442091685336474,0.4732050807568878,1.0,0.00018732801511105456,0.8,0.0,0.37623742427997164,0.5,0.7844384273979813,0.00010081759828608483,0.7845392449962674
ray_gpis_uncertainty_only,Cross,12,1,0.9737333333333333,0.9866918867797069,3.6890611764916006,0.1334212341109759,0.07985704194628426,0.8331633333333335,0.8991123313688153,0.3649566514409983,0.11274763995417073,0.022024108379568252,0.07299133028819967,0.07506279951786769,0.5,1.0,0.0020714692296680327,0.8,0.0,0.52535338059516,0.5,0.7739860825997311,8.449119632132351e-05,0.7740705737960525
ray_gpis_uncertainty_only,Cross,13,1,0.9548333333333333,0.9768948759485038,4.028351466053832,0.1238069154638946,0.07342826914332903,0.7973966666666666,0.8725699151372746,0.4660242316518691,0.1048417305353423,0.020524102250834786,0.09320484633037382,0.09732158839171039,0.7,1.0,0.004116742061336565,0.8,0.0,0.40213380452136305,0.5,0.7336053665989312,0.00010261780116707086,0.7337079844000982
ray_gpis_uncertainty_only,Cross,14,1,0.9837333333333333,0.990871101723315,3.702630767129568,0.13042753226186307,0.07760007965731748,0.8662166666666667,0.9169849055447594,0.3707206981173081,0.1111214688656832,0.02174159157087739,0.07414413962346163,0.07728919872891009,-0.07320508075688777,1.0,0.0031450591054484668,0.4,0.0,0.5954650445370748,0.5,0.701275976197212,9.481059678364545e-05,0.7013707867939957
ray_gpis_uncertainty_only,Cube,0,1,0.9447333333333333,0.9715813650543348,3.8316853292862576,0.14544994238147063,0.08810886263760553,0.79014,0.8614613958087729,0.5600596029024763,0.12530864106596726,0.024484638003860255,0.11201192058049525,0.11650781246673891,0.033493649053890295,0.8,0.004495891886243664,0.4,0.0,0.5956005056637652,0.5,0.2392512577964226,5.9441401390358806e-05,0.23931069919781295
ray_gpis_uncertainty_only,Cube,1,1,0.9989666666666667,0.999042410482254,3.6038136946340393,0.15614813392676968,0.09417919064928937,0.9014733333333333,0.9396615921518456,0.3260943645662563,0.13026968909498948,0.025278714299654316,0.06521887291325126,0.06530040160392125,0.3267949192431122,1.0,8.152869066999636e-05,0.8,0.0,0.48686703489893823,0.5,0.23622814459668007,5.8662201627157626e-05,0.23628680679830721
ray_gpis_uncertainty_only,Cube,2,1,0.9364666666666667,0.9649148673023625,4.215685805218945,0.13526070517981975,0.0802382261254388,0.79152,0.8667495310849358,0.4396961080849797,0.1156851445517715,0.02262485803660145,0.08793922161699594,0.09499908954270497,-0.07320508075688774,1.0,0.0070598679257090294,0.4,0.0,0.5566025882231722,0.5,0.8636675093992381,8.427940192632378e-05,0.8637517888011643
ray_gpis_uncertainty_only,Cube,3,1,0.9828333333333333,0.9908833343658651,3.324337328155756,0.14325564217995404,0.08521609776097687,0.8632333333333332,0.9148975527437422,0.370479112802783,0.11920555363930369,0.02319012930276023,0.0740958225605566,0.07465332485584404,0.5732050807568878,1.0,0.0005575022952874376,0.8,0.0,0.4357520454499841,0.5,0.8188354790006998,0.00010793599940370769,0.8189434150001034
ray_gpis_uncertainty_only,Cube,4,1,0.9935,0.9958777445628647,3.499571034603549,0.15586004233913572,0.09388235399676433,0.9128299999999999,0.9462496333839734,0.32131734869823625,0.1302995048044228,0.02529399927364705,0.06426346973964725,0.06545526524876984,0.02679491924311226,1.0,0.001191795509122584,0.4,0.0,0.5320740642746705,0.5,0.7061447337997379,8.754180162213742e-05,0.70623227560136
ray_gpis_uncertainty_only,Cube,5,1,0.9675333333333334,0.9834987971402432,3.455642129030231,0.13741833587117502,0.08113285080860755,0.7680400000000001,0.8506429763875325,0.5344474607394782,0.11884748930446642,0.023268540657248794,0.10688949214789564,0.11434480542530194,0.7,1.0,0.0074553132774063165,0.6,0.0,0.5103470840101328,0.25,0.6753121033980278,9.105499775614589e-05,0.675403158395784
ray_gpis_uncertainty_only,Cube,6,1,0.9977,0.9979248799208088,3.5886402008605156,0.1479371192332919,0.09213952938642102,0.8952600000000001,0.9353052906185546,0.30897043875397834,0.12143437421268881,0.023554238790766145,0.061794087750795666,0.06263068209358107,0.4,1.0,0.0008365943427854017,0.6,0.0,0.5526767443314646,0.5,0.8520269714004826,8.22119996882975e-05,0.8521091834001708
ray_gpis_uncertainty_only,Cube,7,1,0.9944,0.9971921379863617,3.7016511462479023,0.1538501865030844,0.0934607417429274,0.8833966666666665,0.9279912044437012,0.344023716697444,0.1301898108281952,0.025329683538512164,0.0688047433394888,0.06985778609331976,0.2,1.0,0.0010530427538309572,0.6,0.0,0.4717694459013807,0.5,0.7850416212051641,9.534840064588934e-05,0.78513696960581
ray_gpis_uncertainty_only,Cube,8,1,0.9954666666666667,0.9977281838834692,3.6030981199678513,0.14400252869546196,0.08683225103401729,0.86025,0.9101762463306798,0.45287333461225443,0.12213503297351179,0.023818533216366046,0.09057466692245089,0.09135163030820567,0.42679491924311225,1.0,0.0007769633857547919,0.8,0.0,0.5748851408108054,1.0,0.9161471348023043,0.00010287279728800058,0.9162500075995922
ray_gpis_uncertainty_only,Cube,9,1,0.9989666666666667,0.9990361013154271,3.645671582702778,0.14657113644769348,0.09045582371984247,0.9131066666666667,0.9474857125492984,0.3104828456488843,0.12084267493090872,0.023461244943116726,0.06209656912977686,0.06351437938957423,0.1,1.0,0.0014178102597973696,0.6,0.0,0.32864558844571967,1.0,0.7803158904018346,8.972279902081936e-05,0.7804056132008554
ray_gpis_uncertainty_only,Cube,10,1,0.9829,0.9913762670835645,3.7312487732508672,0.14226245167762486,0.08654254824298306,0.8343633333333333,0.9008186125567106,0.35681252396763896,0.11707477393766974,0.0227469839129059,0.07136250479352779,0.07584449726154126,0.1535898384862245,1.0,0.004481992468013463,0.6,0.0,0.5789971803669335,0.5,0.9267543345951708,0.00010960500221699477,0.9268639395973878
ray_gpis_uncertainty_only,Cube,11,1,0.9998333333333334,0.9999166597216435,3.6556842316482157,0.14871890437601767,0.09091210593506911,0.9126766666666667,0.9465201384308415,0.3301756167986212,0.12286995953723882,0.023849798535904947,0.06603512335972424,0.0666362983252486,0.3,1.0,0.0006011749655243648,0.6,0.0,0.38539135358895826,0.75,0.6510911211982602,8.414160402026027e-05,0.6511752628022804
ray_gpis_uncertainty_only,Cube,12,1,0.9946666666666667,0.9973262032085561,3.7742239105147886,0.1550194974716391,0.09351218796199967,0.8506433333333334,0.9096688370700896,0.3507808963127045,0.13009661278635778,0.02527386440040528,0.07015617926254089,0.07036744729646685,0.3,1.0,0.00021126803392594872,0.8,0.0,0.5056731569395312,0.5,1.4554098525986774,0.00011052899935748428,1.4555203815980349
ray_gpis_uncertainty_only,Cube,13,1,0.9981666666666666,0.9986370812024622,3.5285293330808596,0.1507076330105274,0.0899762809140799,0.87052,0.9158739476314965,0.4305154669982286,0.12741986771007466,0.024803847129771333,0.08610309339964572,0.08683402900021094,0.12679491924311223,1.0,0.0007309356005652079,0.6,0.0,0.6057025784037282,0.75,1.6740612415946088,0.00010506619873922318,1.6741663077933482
ray_gpis_uncertainty_only,Cube,14,1,0.9984,0.9987518472875467,3.488721742758431,0.1512790235823863,0.0897885926968219,0.8693033333333334,0.9187263038193751,0.35446958685416896,0.1284282176267812,0.025012219181070362,0.0708939173708338,0.07185962530235154,0.6,1.0,0.0009657079315177564,0.8,0.0,0.5657519036889618,0.75,1.4895902560005196,0.000117155205225572,1.4897074112057453
ray_gpis_uncertainty_only,Cylinder,0,1,0.9998666666666667,0.9999333288885925,3.4426094566249343,0.2523859916991033,0.14861107480038505,0.8263666666666666,0.8878035428620837,0.5021114872181704,0.22544714205041697,0.04352122383860984,0.1004222974436341,0.1004222974436341,0.8732050807568879,1.0,0.0,1.0,0.0,0.5615393707365269,0.5,1.7260459479992278,0.00011025440180674195,1.7261562024010346
ray_gpis_uncertainty_only,Cylinder,1,1,1.0,1.0,3.364862515427599,0.24192575746870018,0.15723372840692312,0.8945633333333334,0.9341232532052961,0.3739723831550986,0.21152552575283046,0.04067399971678603,0.07479447663101972,0.07484285967807613,0.8464101615137756,1.0,4.838304705641061e-05,0.8,0.0,0.3950625036920229,0.5,1.70879797799862,0.00010486219835001976,1.70890284019697
ray_gpis_uncertainty_only,Cylinder,2,1,0.9623666666666667,0.980822476261657,4.021062653040381,0.24418556505626066,0.165526503630581,0.8390533333333334,0.9011701646508623,0.3939504349983206,0.21502928566870583,0.04140848443817405,0.07879008699966412,0.08142683376883411,0.2,1.0,0.0026367467691699844,0.6,0.0,0.6405215072898203,0.5,1.6421302579983603,0.00010525220423005522,1.6422355102025903
ray_gpis_uncertainty_only,Cylinder,3,1,0.9981333333333333,0.9990657947417589,3.876909776051279,0.24863603978888732,0.15084191789366708,0.85685,0.9095376268713954,0.4276712377284967,0.21489940122554635,0.04113298739139297,0.08553424754569934,0.08553424754569934,0.5,1.0,0.0,1.0,0.0,0.37560317538265175,0.25,0.8853816358023323,9.445140312891454e-05,0.8854760872054612
ray_gpis_uncertainty_only,Cylinder,4,1,1.0,1.0,3.392867850229324,0.24970621017983824,0.15890311080177236,0.8896966666666668,0.9305045589747547,0.37959577843691794,0.2207614251139406,0.04251225019733081,0.07591915568738358,0.07602597541505887,0.6732050807568878,1.0,0.00010681972767527803,0.8,0.0,0.5878283471795396,1.0,0.7519945163978263,0.00012309140292927624,0.7521176078007556
ray_gpis_uncertainty_only,Cylinder,5,1,0.9998,0.9998999899989999,3.637336605996306,0.24301810464123935,0.12999771910561322,0.8162733333333334,0.8843742117019839,0.46067809780442426,0.21532805345738773,0.04154588137075296,0.09213561956088485,0.09213561956088485,1.0,1.0,0.0,1.0,0.0,0.5704530168828047,0.5,0.8083930319990031,0.00010151880269404501,0.8084945508016972
ray_gpis_uncertainty_only,Cylinder,6,1,1.0,0.9981132075471698,3.2690475069555203,0.24045831924515285,0.1609582965818211,0.8794266666666667,0.9217958815058852,0.3866164011045149,0.18114632708032435,0.03360507262367825,0.07732328022090298,0.07733104060213362,0.5,1.0,7.76038123064815e-06,0.8,0.0,0.4148826813400511,0.5,0.8297936328046489,0.00010141400271095336,0.8298950468073599
ray_gpis_uncertainty_only,Cylinder,7,1,0.9871666666666666,0.9930982406231945,3.8576185332810073,0.25828471134243447,0.1612989025367121,0.8554400000000001,0.9079901003890374,0.3789395617919208,0.20444640668167027,0.03812213955678032,0.07578791235838415,0.0783456829793778,0.27320508075688776,1.0,0.002557770620993649,0.4,0.0,0.36914081181373837,0.75,0.805743943201378,9.658019989728927e-05,0.8058405234012753
ray_gpis_uncertainty_only,Cylinder,8,1,0.9530666666666666,0.9759694156198799,4.088014416255629,0.24317465647100137,0.1467037925500832,0.7988066666666667,0.8712754466924881,0.4889813179801785,0.21586702457426038,0.041669880020361295,0.0977962635960357,0.1032976408259795,0.5,1.0,0.005501377229943793,0.6,0.0,0.5138249865072052,0.75,0.6343684584018774,9.088520018849522e-05,0.6344593436020659
ray_gpis_uncertainty_only,Cylinder,9,1,0.9984666666666666,0.9992327451045802,3.797199701667241,0.2592299221398987,0.1538992933300302,0.8868333333333334,0.9295154078608151,0.368033219622078,0.23084307024012463,0.0444646943943227,0.0736066439244156,0.0736066439244156,0.7,1.0,0.0,1.0,0.0,0.45328610985359796,0.5,0.7868893257982563,9.892719972413034e-05,0.7869882529979805
ray_gpis_uncertainty_only,Cylinder,10,1,0.9995666666666667,0.9997832863787154,3.503952735217642,0.25735983621804104,0.15837334231481082,0.8599433333333334,0.9138959658069414,0.390410459233673,0.22817286556808744,0.043908882364132935,0.0780820918467346,0.0780820918467346,0.9,1.0,0.0,1.0,0.0,0.5390089024566864,0.5,0.8546615711966297,0.00010809939994942397,0.854769670596579
ray_gpis_uncertainty_only,Cylinder,11,1,0.9991,0.999549797408834,3.8552363064644637,0.2418003880179973,0.15343916252678086,0.9055199999999999,0.9406347139368508,0.3769286454609907,0.21131730469016716,0.04062995153157885,0.07538572909219814,0.07544243072061638,0.4,1.0,5.6701628418243113e-05,0.8,0.0,0.44879353264458716,0.5,0.8827876451978227,9.31257993215695e-05,0.8828807709971442
ray_gpis_uncertainty_only,Cylinder,12,1,0.9990333333333333,0.999516432942589,3.321801728546834,0.254456889552488,0.1662370160332129,0.8509666666666666,0.907385420805447,0.399717128375601,0.22562703975669887,0.043445392248309435,0.07994342567512021,0.07994342567512021,0.9732050807568878,1.0,0.0,1.0,0.0,0.5853998097104893,0.5,0.8305905083980178,0.00011146699835080653,0.8307019753963687
ray_gpis_uncertainty_only,Cylinder,13,1,0.9897333333333334,0.9943761808182433,3.636654150240106,0.2443579106538367,0.16056094011567984,0.8219099999999999,0.8837206145648805,0.49067284657050647,0.21708973206194276,0.04190573183895552,0.09813456931410129,0.09902629884769525,0.5732050807568878,1.0,0.0008917295335939546,0.8,0.0,0.47363328200714483,0.25,0.7585334161965875,9.396720270160586e-05,0.7586273833992891
ray_gpis_uncertainty_only,Cylinder,14,1,0.9998333333333334,0.9999166597216435,3.6834090384805473,0.2505567269745884,0.16336932420625008,0.8810633333333333,0.9247614040837107,0.3677186020004015,0.19333003744132174,0.03592296794455392,0.07354372040008031,0.07365383967197665,0.5,1.0,0.0001101192718963473,0.8,0.0,0.477933795902328,0.5,0.7758237616013502,9.864680469036102e-05,0.7759224084060407
ray_gpis_uncertainty_only,L_Shaped,0,1,0.9941,0.9970412717516675,3.9689625657088206,0.1374043292599304,0.08358190609180553,0.8452533333333333,0.9011490357342398,0.446841924161961,0.11805073495776772,0.023092043258832507,0.0893683848323922,0.08958609895654442,0.7,1.0,0.0002177141241522129,0.8,0.0,0.5922093245459451,0.5,0.5940701615967555,8.248480153270066e-05,0.5941526463982882
ray_gpis_uncertainty_only,L_Shaped,1,1,0.9761,0.986583610498704,4.005874188358285,0.14472924077506763,0.08573055981872069,0.7271700000000001,0.832693037944247,0.3569472136414046,0.11971490070951701,0.023262612102122847,0.07138944272828092,0.10899624987523508,0.6196152422706632,1.0,0.03760680714695417,0.2,0.0,0.8349761835812397,0.5,0.9368497732008109,9.501339809503406e-05,0.9369447865989059
ray_gpis_uncertainty_only,L_Shaped,2,1,0.997,0.99849774661993,3.5494093674186615,0.14936945769117566,0.09063342940268357,0.8588866666666666,0.9093872757239948,0.4447687778111752,0.12466237740463103,0.024228737108955987,0.08895375556223503,0.0905922512372384,0.4,1.0,0.0016384956750033596,0.8,0.0,0.7313678065368899,1.0,0.8463171804003651,0.00010166119609493763,0.84641884159646
ray_gpis_uncertainty_only,L_Shaped,3,1,0.9751666666666666,0.9874272213315333,3.8648543586257476,0.13789332665033843,0.08409882790627106,0.8210200000000001,0.8867717472974098,0.42700110746123887,0.11510656059035192,0.022428493559060188,0.08540022149224777,0.08794484882505815,0.4732050807568878,1.0,0.0025446273328103785,0.8,0.0,0.5205933186835114,0.5,1.0466524343995842,0.00010241159470751882,1.046754845994292
ray_gpis_uncertainty_only,L_Shaped,4,1,1.0,0.9995635093845482,3.523237257848399,0.1509137109172887,0.08787222511167112,0.81103,0.8847227813587046,0.3495466345954831,0.1274105849983552,0.024795758221730628,0.06990932691909661,0.09167740067732721,0.8196152422706632,1.0,0.0217680737582306,0.6,0.0,0.7877573336704948,0.5,1.0166216816054656,0.00010122519743163138,1.0167229068028973
ray_gpis_uncertainty_only,L_Shaped,5,1,0.9843666666666666,0.9912293558622078,3.8496505995446046,0.14526135072334784,0.08569488611729784,0.7958966666666666,0.8709191155638976,0.474395421022637,0.12187135412326333,0.023725033250642135,0.0948790842045274,0.1023661330975073,0.8732050807568879,1.0,0.007487048892979908,0.8,0.0,0.5675086469849319,0.5,0.9533345186035149,0.00010920240019913763,0.953443721003714
ray_gpis_uncertainty_only,L_Shaped,6,1,0.9993666666666666,0.9987820906866935,3.4739104184089613,0.14430508461397112,0.08639104234512063,0.8766866666666665,0.9202013685130865,0.39872142664880195,0.12160121051855038,0.023691639558596433,0.07974428532976038,0.07974906382805066,0.6732050807568878,1.0,4.778498290280986e-06,0.8,0.0,0.6278833846134209,0.5,0.7967507410008693,0.00010501039796508848,0.7968557513988344
ray_gpis_uncertainty_only,L_Shaped,7,1,0.9989333333333333,0.9946321137404975,3.741909057831726,0.15211057141020576,0.09169303619581878,0.85724,0.9020413229438988,0.462701602362959,0.13033815025484885,0.02541501384139582,0.0925403204725918,0.0925403204725918,0.6,1.0,0.0,1.0,0.0,0.4355567894759875,0.5,0.8142840652028098,0.00012269580038264393,0.8144067610031925
ray_gpis_uncertainty_only,L_Shaped,8,1,0.9694333333333334,0.9840220722777316,3.8964745574916364,0.14002456974706418,0.0832035007047427,0.8184466666666665,0.8870675412993034,0.40182495041757427,0.11832594384991234,0.02308277163484799,0.08036499008351486,0.08323338592649865,0.8,1.0,0.0028683958429837953,0.8,0.0,0.4916735337634911,0.25,0.9948271587985801,0.00010890880366787314,0.994936067602248
ray_gpis_uncertainty_only,L_Shaped,9,1,0.9759666666666666,0.9878371767404983,3.788086983088558,0.15233127903711674,0.09114537594705356,0.8513566666666665,0.9090292096283548,0.3697525113943285,0.1258653464882022,0.02441091125779616,0.07395050227886571,0.07624296886211798,0.7732050807568878,1.0,0.002292466583252284,0.8,0.0,0.2865968881139421,0.25,0.9307085898006335,0.00010438059689477086,0.9308129703975283
ray_gpis_uncertainty_only,L_Shaped,10,1,0.9997333333333334,0.9998666488865182,3.499623972758767,0.14397029004010317,0.0812819200421983,0.8178266666666666,0.8865385461622337,0.4467654624294912,0.12135696672382161,0.023646729124762157,0.08935309248589825,0.08935309248589825,0.8,1.0,0.0,1.0,0.0,0.39300016881379607,0.5,0.7735835430008592,9.528600494377316e-05,0.773678829005803
ray_gpis_uncertainty_only,L_Shaped,11,1,0.9999666666666667,0.9995594387471771,3.6661557894269237,0.15467318048560447,0.09015092251018661,0.8700566666666665,0.9190421179682635,0.3838979556591793,0.1321740271780657,0.02574945980322003,0.07677959113183586,0.07677959113183586,0.8732050807568879,1.0,0.0,1.0,0.0,0.5101794271483777,0.5,0.9645651624043239,8.652180258650333e-05,0.9646516842069104
ray_gpis_uncertainty_only,L_Shaped,12,1,0.9997333333333334,0.9998666488865182,3.742997098368625,0.14915927698079845,0.08963747761653124,0.86876,0.918989596637456,0.3446756860032476,0.12537398735199562,0.024392893077444553,0.06893513720064952,0.06893513720064952,0.8732050807568879,1.0,0.0,1.0,0.0,0.41355568160533196,0.5,0.935748417006107,0.00010161559912376106,0.9358500326052308
ray_gpis_uncertainty_only,L_Shaped,13,1,0.996,0.9975414064472226,3.881525990763435,0.14588886837740794,0.08634480710658861,0.8070566666666668,0.8801958287184034,0.3781530173908706,0.12027663479954816,0.02335498105884492,0.07563060347817412,0.09506407355572528,0.6464101615137755,1.0,0.01943347007755116,0.6,0.0,0.44451306752405134,0.5,1.0968998730008024,0.00011017680517397821,1.0970100498059765
ray_gpis_uncertainty_only,L_Shaped,14,1,0.9975666666666667,0.9979006089733153,3.7697511549099567,0.14727556808985479,0.08805353068019602,0.8838633333333334,0.9301832681722122,0.308802946749151,0.12152629715670764,0.023592838890837665,0.0617605893498302,0.06437928880323365,0.2,1.0,0.00261869945340345,0.8,0.0,0.42990306873973205,0.75,0.9674510779965203,0.00010373640106990934,0.9675548143975903
ray_gpis_uncertainty_only,Thin_Irregular,0,1,0.9991,0.9979554880759688,3.8064452959889925,0.9996948462776047,0.9046956413973127,0.8628766666666667,0.910967146870654,0.45186650872150524,0.9994219381714997,0.1055171989016314,0.09037330174430105,0.09049082510525111,0.8464101615137756,1.0,0.00011752336095005589,0.8,0.0,0.5740545807115266,0.5,2.923012809199281,0.00010431879782117904,2.923117127997102
ray_gpis_uncertainty_only,Thin_Irregular,1,1,0.9999333333333333,0.9964651477253016,3.6843865301255048,0.9996948462776047,0.9124755967395732,0.89216,0.9320531708498532,0.37882622043749414,0.9993907392119764,0.10011076051265615,0.07576524408749882,0.07605507861666332,0.6,1.0,0.00028983452916448994,0.8,0.4,0.6330908283281313,0.5,2.7118553561973386,9.911100205499679e-05,2.7119544671993934
ray_gpis_uncertainty_only,Thin_Irregular,2,1,0.9489666666666666,0.973815184114659,4.137017156850276,0.999400733068143,0.8505758771284395,0.70161,0.8098050886896049,0.45033846396503796,0.9988448352444401,0.10363451220910971,0.0900676927930076,0.12969776274181344,0.7196152422706633,1.0,0.03963006994880584,0.0,0.0,0.8117239126647839,0.25,2.411545824803761,0.00011344439699314534,2.4116592692007544
ray_gpis_uncertainty_only,Thin_Irregular,3,1,0.9795666666666667,0.9866874718510702,4.001014772522625,0.9998525415442759,0.9023769369258906,0.80166,0.8713439440273939,0.49320315216844285,0.9997595968678983,0.12264649379614549,0.09864063043368856,0.10014391402960014,0.5464101615137755,1.0,0.0015032835959115642,0.8,0.2,0.5575225977710785,0.5,2.2586262669967256,0.000113971799146384,2.258740238795872
ray_gpis_uncertainty_only,Thin_Irregular,4,1,0.9995666666666667,0.9997832863787154,3.7477512916796876,0.9993024274309937,0.905345602020007,0.8957566666666666,0.9352519738192442,0.3664013621804646,0.9987127387402784,0.10824136990077829,0.07328027243609292,0.07388701413435794,0.5732050807568878,1.0,0.0006067416982650231,0.6,0.4,0.643976856223079,0.75,2.263330314602354,0.00010075779864564538,2.263431072400999
ray_gpis_uncertainty_only,Thin_Irregular,5,1,0.9462,0.9680800944132715,4.20726793913463,0.9994935184488258,0.8819967751175757,0.8087133333333332,0.8790593443642386,0.39603954036500644,0.9990403833772121,0.10545784869555634,0.07920790807300129,0.08744527355837155,-0.12679491924311226,1.0,0.008237365485370263,0.2,0.4,0.6836391314162271,0.75,2.2361832820024574,9.378319955430925e-05,2.2362770652020116
ray_gpis_uncertainty_only,Thin_Irregular,6,1,0.9447,0.9708127767564546,3.9389666227450078,0.9997439990961794,0.8844912746104798,0.7719799999999999,0.8598763515138144,0.3792965439810373,0.999491500281215,0.10063750990635367,0.07585930879620746,0.08700440705371651,0.02679491924311226,1.0,0.011145098257509044,0.6,0.4,0.6627152926598465,0.75,2.335611857799813,8.250359969679266e-05,2.33569436139951
ray_gpis_uncertainty_only,Thin_Irregular,7,1,0.9989333333333333,0.9952268688134859,4.121225374517811,0.999540100756185,0.8796356491903567,0.8520000000000001,0.9033646940894101,0.4203373148730555,0.9990890611031934,0.10088059809849792,0.0840674629746111,0.0840674629746111,0.6,1.0,0.0,1.0,0.4,0.6222531140167304,0.25,2.144289926000056,8.812939922790975e-05,2.144378055399284
ray_gpis_uncertainty_only,Thin_Irregular,8,1,0.9946,0.9965218857195167,3.815335659706839,0.9998525415442759,0.9044743995636164,0.8882333333333333,0.9300717962344361,0.36864043676232683,0.9997309126172239,0.10956944542934047,0.07372808735246536,0.07473257075591391,0.37320508075688774,1.0,0.0010044834034485417,0.4,0.0,0.4673789477738193,0.75,2.164783750200877,0.00011711920087691397,2.164900869401754
ray_gpis_uncertainty_only,Thin_Irregular,9,1,0.9973,0.9951068096873446,3.7244474038421127,0.9995529080783475,0.7597833954694271,0.7670466666666667,0.8499939134514987,0.4755282363201261,0.9993024425886855,0.12809843093117682,0.09510564726402522,0.09510564726402522,0.9732050807568878,1.0,0.0,1.0,0.2,0.5959531554596036,0.5,2.32330937780207,9.521579777356237e-05,2.323404593599844
ray_gpis_uncertainty_only,Thin_Irregular,10,1,0.9946,0.9956639831903474,3.7430403319863186,0.9996948462776047,0.8785251973812956,0.8605833333333333,0.910174159809198,0.4210791353534149,0.9995002866149333,0.1220704676361561,0.08421582707068298,0.08438333359830716,0.7732050807568878,1.0,0.00016750652762418384,0.8,0.4,0.5557082666175095,0.5,2.1406429075985214,9.065099875442684e-05,2.140733558597276
ray_gpis_uncertainty_only,Thin_Irregular,11,1,0.9876,0.9929362853408503,3.9264269433816725,0.9999016943628507,0.8478107499604699,0.7881433333333334,0.8659218889558561,0.42147370111666516,0.9998116237950607,0.10435194693311092,0.08429474022333303,0.09682481601309596,0.8928203230275511,1.0,0.012530075789762929,0.4,0.2,0.6815323263963966,0.5,2.327258457004791,0.00010289940109942108,2.3273613564058904
ray_gpis_uncertainty_only,Thin_Irregular,12,1,0.9907,0.9895592142179012,3.7612263967760864,0.9785457233226867,0.886828164425998,0.8753933333333332,0.9197997498963462,0.366179611143449,0.961173869483822,0.10622377175761696,0.0732359222286898,0.077993572715328,0.4732050807568878,1.0,0.004757650486638209,0.6,0.4,0.5597541628837562,0.75,2.1372330418002092,9.725399722810834e-05,2.1373302957974376
ray_gpis_uncertainty_only,Thin_Irregular,13,1,0.9768,0.9838908859980724,3.6621542687834188,0.9999016943628507,0.8817356217644562,0.8575633333333332,0.9099252904163524,0.35397286256967064,0.9998255096768112,0.11265780470874842,0.07079457251393413,0.07461333537526685,0.0,1.0,0.003818762861332714,0.4,0.2,0.5686672664269019,0.5,2.3574372917995787,9.196120081469416e-05,2.3575292530003935
ray_gpis_uncertainty_only,Thin_Irregular,14,1,0.9955333333333334,0.9947189095364415,3.948657118875343,0.9998525415442759,0.9009563370027334,0.7568233333333333,0.8393884370061906,0.5520683008723877,0.999759503773022,0.12259900654093189,0.11041366017447754,0.11041366017447754,0.9,1.0,0.0,1.0,0.4,0.5490145147855577,0.5,2.3389166289998684,9.978319867514074e-05,2.3390164121985437
ray_gpis_uncertainty_only,green_Pepper,0,1,0.9999,0.9994927958444744,3.531831379441156,0.14649727521603012,0.08897138958739573,0.8818666666666667,0.9251250795196866,0.4122880111780117,0.12290987640517044,0.02392089742949475,0.08245760223560235,0.08245760223560235,0.7732050807568878,1.0,0.0,1.0,0.0,0.4029920565333795,0.5,1.7170354530011536,0.00010810699604917318,1.717143559997203
ray_gpis_uncertainty_only,green_Pepper,1,1,0.9995666666666667,0.9988482379012973,3.253715861064943,0.1463738637083673,0.08741153092898934,0.8642133333333334,0.9150703922411815,0.3839217622208799,0.12349806497142347,0.024054978506718803,0.07678435244417599,0.07773855022942078,0.5,1.0,0.0009541977852447925,0.8,0.0,0.4256525984997004,0.5,1.6836488842003745,8.706660009920597e-05,1.683735950800474
ray_gpis_uncertainty_only,green_Pepper,2,1,0.9690666666666666,0.9842903575297942,3.6282277810787713,0.13747462778974925,0.08282122648105045,0.84315,0.9025216938356271,0.4105186966868932,0.11564560519963359,0.022558211788343187,0.08210373933737865,0.084830598235344,0.2,1.0,0.002726858897965356,0.4,0.0,0.4160398782890472,0.75,1.3313263704010752,0.00010997499921359122,1.3314363454002887
ray_gpis_uncertainty_only,green_Pepper,3,1,0.9822333333333333,0.990587133498749,3.6319552801865638,0.14455753758021173,0.08911240886705972,0.8378866666666667,0.8999837124057812,0.3767486213120793,0.12027648351927234,0.023391351783915496,0.07534972426241586,0.07871287903872456,0.4732050807568878,1.0,0.0033631547763087076,0.6,0.0,0.6873648827059369,0.5,1.4134258153993868,0.00010097540216520428,1.413526790801552
ray_gpis_uncertainty_only,green_Pepper,4,1,0.9874,0.9927372862537759,3.675648715912057,0.14265592160428467,0.08561725484590979,0.8664866666666668,0.9158869205895165,0.37376200659627,0.11978724031025745,0.02333501304470139,0.07475240131925401,0.0761748738061763,0.0,1.0,0.0014224724869222882,0.6,0.0,0.5474409997817195,0.5,0.7898168075975264,9.869139757938683e-05,0.7899154989951057
ray_gpis_uncertainty_only,green_Pepper,5,1,0.9897333333333334,0.9939313534431887,3.7752236463672726,0.14537140012931912,0.08757566513784767,0.83369,0.8940078293959651,0.4262199118447547,0.12332795204875845,0.02404538737847633,0.08524398236895095,0.08585165994992741,0.6,1.0,0.0006076775809764623,0.8,0.0,0.325837236904162,0.25,0.6658833107998362,8.969420159701257e-05,0.6659730050014332
ray_gpis_uncertainty_only,green_Pepper,6,1,0.992,0.9955012175245362,3.4607432765701556,0.13810662903741694,0.08501113690929973,0.8703,0.917590222658909,0.4298784587389757,0.11591428388883061,0.02260092003818675,0.08597569174779514,0.08626099075750193,0.375,0.8,0.00028529900970679644,0.8,0.0,0.4840716691284134,0.5,0.8430416079994757,0.00011691740364767611,0.8431585254031233
ray_gpis_uncertainty_only,green_Pepper,7,1,0.9964666666666666,0.9973143379793246,3.524020058068786,0.14627565350619615,0.08772867313460501,0.8547733333333334,0.9077658420188003,0.39058946337408584,0.12184923629113086,0.023691981815072958,0.07811789267481717,0.07843340205302105,0.5267949192431123,1.0,0.000315509378203882,0.8,0.0,0.5381289279814221,0.25,0.8638342950027436,9.928580257110298e-05,0.8639335808053147
ray_gpis_uncertainty_only,green_Pepper,8,1,0.9709333333333333,0.985252333919632,3.86107125026199,0.14437181588300985,0.08531171448316216,0.8198366666666665,0.8866532289004041,0.45020338013883743,0.12213375914506659,0.023807974767295757,0.09004067602776748,0.09056199727277606,0.4,1.0,0.0005213212450085658,0.6,0.0,0.5444812975246355,0.5,0.6347979718004353,8.709020330570638e-05,0.6348850620037411
ray_gpis_uncertainty_only,green_Pepper,9,1,0.9826666666666667,0.9912575655682582,3.4957122327030214,0.14312407806875974,0.08541478598201961,0.8403166666666667,0.9003584966133307,0.40986496597019695,0.12225950788469969,0.023870660969757408,0.08197299319403939,0.08282330446794917,0.5,1.0,0.0008503112739097762,0.8,0.0,0.3837619948275577,0.5,0.9397509222035296,0.00011439859808888286,0.9398653208016186
ray_gpis_uncertainty_only,green_Pepper,10,1,0.9802333333333333,0.9876787296904015,3.837363092993054,0.13869328855076213,0.08256998778340405,0.8555166666666667,0.9117738619294908,0.38315737886706913,0.11732169637120074,0.022896215771407553,0.07663147577341382,0.07725423024330039,0.3267949192431122,1.0,0.000622754469886555,0.8,0.0,0.5360515670404195,0.5,0.7947824875969672,0.00010238620452582837,0.7948848738014931
ray_gpis_uncertainty_only,green_Pepper,11,1,0.9725666666666667,0.9856547558605031,3.593152617477349,0.14234306301099967,0.08859540365088406,0.8686333333333334,0.9199389686719421,0.3561122602573876,0.1188727971226087,0.0231412851035716,0.07122245205147752,0.07320654608540081,0.3,1.0,0.0019840940339232783,0.6,0.0,0.4483299661253219,0.75,0.8986906808015191,9.384619770571589e-05,0.898784526999225
ray_gpis_uncertainty_only,green_Pepper,12,1,0.9968333333333333,0.9979628965605317,3.7420833037478833,0.14424782142530718,0.08821515365269958,0.8508966666666667,0.9059177238221606,0.38794575343863025,0.1210984257603923,0.02358176266917678,0.07758915068772605,0.08174931581059004,0.625,0.8,0.00416016512286399,0.6,0.0,0.4202276115775111,0.75,0.9640749605983728,0.00010471120185684413,0.9641796718002297
ray_gpis_uncertainty_only,green_Pepper,13,1,0.9729333333333333,0.9862810029059945,3.541738800939102,0.13592604526903504,0.07917501671462492,0.78373,0.8646056485586466,0.4578430660360071,0.11361264493086216,0.0221505252419125,0.09156861320720142,0.09767218835595011,0.5267949192431123,1.0,0.006103575148748685,0.8,0.0,0.5507192759211805,0.5,0.7847105362016009,7.803379849065095e-05,0.7847885700000916
ray_gpis_uncertainty_only,green_Pepper,14,1,0.9981,0.9981571395858082,3.5921724170594125,0.1501286607419149,0.09074532318270914,0.8724866666666667,0.9196968676075808,0.39529301104930803,0.12655929412646885,0.024628830800197187,0.0790586022098616,0.0790586022098616,0.9,1.0,0.0,1.0,0.0,0.5964448343620882,0.5,0.8173320845991838,9.897399868350477e-05,0.8174310585978674
