j_pos_0,j_pos_1,j_pos_2,j_pos_3,j_pos_4,j_pos_5,j_pos_6,j_pos_7,j_pos_8,j_pos_9,j_pos_10,j_pos_11,j_pos_12,j_pos_13,j_pos_14,j_pos_15,j_pos_16,j_pos_17,j_pos_18,j_pos_19,j_pos_20,j_pos_21,action_0,action_1,action_2,action_3,action_4,action_5,action_6,action_7,action_8,action_9,action_10,action_11,action_12,action_13,action_14,action_15,action_16,action_17,action_18,action_19,action_20,action_21,target_0,target_1,target_2,target_3,target_4,target_5,target_6,target_7,target_8,target_9,target_10,target_11,target_12,target_13,target_14,target_15,target_16,target_17,target_18,target_19,target_20,target_21,pip_1_fsr,pip_2_fsr,pip_3_fsr,thumb_pip_fsr,dip_1_fsr,dip_2_fsr,dip_3_fsr,thumb_dip_fsr,tip_1_fsr,tip_2_fsr,tip_3_fsr,thumb_tip_fsr,palm_1_fsr,palm_2_fsr,palm_3_fsr,palm_4_fsr
2.590756e-05,1.1574464,-1.520844,3.140727,2.7420137,-1.5690053,0.051836483,0.0052063544,-0.059433255,-0.10393605,1.3684881,0.04509706,0.20837823,0.08647221,-0.016546153,-0.053878862,-0.049588162,-0.13141769,-0.030929796,0.030920515,-0.054967977,-0.013700965,-0.18430765,0.7934603,0.18689573,-0.23414,-0.7204108,0.68055725,0.4838061,0.054269683,-0.77502054,-0.6319985,-0.08006015,-0.3900828,0.6568253,0.520555,-0.11107959,-0.673896,-0.44440636,-0.8,-0.18790007,0.37914845,-0.8,-0.081661455,0.0,1.1830001,-1.541,3.1416,2.742,-1.569,0.094903804,0.010645586,-0.15202866,-0.12397334,1.3657954,0.010281034,0.2547434,0.1021125,-0.021789463,-0.127392,-0.087175116,-0.15692866,-0.036858633,0.07437407,-0.15692866,-0.016018778,0.0,1.0,0.0,0.0,0.0,0.0,0.0,0.0,0.0,0.0,0.0,0.0,0.0,0.0,0.0,0.0
2.7766453e-05,1.1574459,-1.5208443,3.1407263,2.7420137,-1.5690053,8.64856e-05,-0.057404872,-0.023835292,-0.27797124,1.4360346,0.09487669,0.21320839,0.026008068,0.06782245,-0.15037367,-0.014864398,-0.25107867,0.061187524,0.16416936,-0.019477757,-0.060736798,0.3945385,-0.15210003,0.6716507,0.3272394,0.23455594,0.29119194,-0.7032388,-0.36786088,0.6358105,-0.9145184,0.4200141,0.6724602,-0.27781993,-0.46910548,0.6478932,-0.26319188,0.35243124,-0.571845,0.5905123,0.6925285,0.6161293,-0.26153582,1e-05,1.183,-1.541,3.14161,2.7421,-1.569,-0.04431417,-0.062178675,-0.026159257,-0.30501768,1.4489442,0.14340585,0.19974425,0.009245165,0.10647191,-0.17949526,-0.017405413,-0.27013502,0.08004323,0.21147177,-0.03495548,-0.067794204,0.0,0.0,1.0,0.0,0.0,0.0,0.0,0.0,0.0,0.0,0.0,0.0,0.0,0.0,0.0,0.0
2.8469218e-05,1.1574478,-1.5208467,3.140724,2.7420137,-1.5690093,-0.13996002,-0.12754045,0.10684267,-0.35921714,1.543869,0.22774996,0.1488744,-0.12870161,0.20010445,-0.1648555,0.0019213735,-0.3497959,0.218569,0.26215428,0.08894685,-0.09740895,0.66003716,-0.12260506,0.87961113,0.3036394,0.4097117,0.26748282,-0.9406478,-0.34815586,0.90870035,-0.9759893,0.5630212,0.93449205,-0.41953987,-0.8114679,0.7039274,-0.1771491,0.15466839,-0.69244474,0.81972337,0.81422204,0.8708072,-0.16901448,1e-05,1.183,-1.541,3.14161,2.7421,-1.569,-0.22983387,-0.13084388,0.1530596,-0.366,1.5599864,0.3277115,0.117000304,-0.15079698,0.24530433,-0.21443358,0.013099134,-0.366,0.24171357,0.37205708,0.13678989,-0.10112817,0.0,1.0,0.0,0.0,0.0,0.0,0.0,0.0,0.0,0.0,0.0,0.0,0.0,0.0,0.0,0.0
2.8717679e-05,1.1574495,-1.5208489,3.140718,2.7420137,-1.5690074,-0.25431833,-0.110658355,0.25247157,-0.36447427,1.6684878,0.39556623,0.08899413,-0.32109025,0.32452896,-0.21775064,-0.0028743283,-0.365465,0.40027922,0.41093683,0.2763288,-0.14372429,0.59758925,-0.26928616,0.9759222,0.3741862,0.08025301,0.47645503,-0.98812956,0.11919716,0.65864885,-0.8535236,0.6672035,0.96020377,-0.24950612,-0.9622936,0.5711601,-0.52371746,-0.055936195,-0.93848896,0.90731984,0.92553383,0.9081922,-0.24010688,1e-05,1.183,-1.541,3.14161,2.7421,-1.569,-0.314,-0.1064809,0.28768235,-0.366,1.6963576,0.52396977,0.06600317,-0.34748238,0.36204505,-0.3214774,0.0016662069,-0.366,0.42716277,0.56122905,0.32241738,-0.15020417,0.0,0.0,0.0,0.0,0.0,0.0,0.0,0.0,0.0,0.0,0.0,0.0,0.0,0.0,0.0,0.0
3.4451674e-05,1.1574509,-1.5208509,3.140718,2.7420137,-1.5690107,-0.29761943,-0.046675153,0.32917017,-0.36590987,1.7479163,0.5406477,0.12893037,-0.51638246,0.48006064,-0.27148685,-0.017503206,-0.36581942,0.56861025,0.583616,0.42027274,-0.19314109,0.33226174,-0.26099944,0.9662933,0.44404328,-0.2711996,0.73194104,-0.9846232,0.30895773,0.272881,-0.7618807,0.8211541,0.8979991,0.45416883,-0.94188863,0.8218113,-0.5624917,-0.22804865,-0.9445765,0.79323447,0.98510677,0.46008962,-0.23780474,1e-05,1.183,-1.541,3.14161,2.742,-1.569,-0.314,-0.042774178,0.3439501,-0.366,1.8656785,0.7091361,0.15965225,-0.5416987,0.53150153,-0.43746254,-0.045357153,-0.366,0.5907268,0.7643569,0.41728732,-0.19923922,0.0,0.0,1.0,0.0,0.0,0.0,0.0,0.0,0.0,0.0,0.0,0.0,0.0,0.0,0.0,0.0
4.235052e-05,1.1574513,-1.5208497,3.1407187,2.7420137,-1.5690107,-0.30927974,-0.033258975,0.30765226,-0.36598346,1.8432999,0.7147014,0.26801065,-0.71179694,0.63405603,-0.26318225,-0.04155529,-0.36588567,0.72276396,0.7161474,0.48294213,-0.26595786,-0.17237273,-0.08626485,0.8092943,0.807569,-0.6912796,0.93111604,-0.50201684,0.038957402,-0.23683523,-0.9523761,0.94063514,0.96296704,0.85820496,-0.9504785,0.72366047,0.29520053,-0.5603826,-0.9889153,0.7349096,0.9826559,0.27783796,-0.3720237,0.0,1.183,-1.541,3.14161,2.742,-1.569,-0.314,-0.034731127,0.29505366,-0.366,2.0598798,0.90794796,0.33683515,-0.7379322,0.6809067,-0.37651616,-0.16105238,-0.366,0.7424544,0.96723366,0.47464907,-0.27604634,0.0,0.0,0.0,0.0,0.0,0.0,0.0,0.0,0.0,0.0,0.0,0.0,0.0,0.0,0.0,0.0
5.382693e-05,1.1574483,-1.5208393,3.1407268,2.7420137,-1.5690107,-0.25577077,-0.037859887,0.22013205,-0.36598474,1.8125668,0.79267424,0.35951644,-0.6969537,0.72286886,-0.24487041,-0.051995266,-0.36591235,0.7946609,0.7938837,0.5755454,-0.35467556,-0.5009774,-0.37545046,0.2523932,0.9211715,-0.92756,0.96839625,0.46986288,-0.016355706,-0.4838741,-0.98763597,0.38738212,0.10838894,0.95612466,0.25979382,0.40353024,0.85904014,-0.20686883,-0.80169487,0.6732645,0.66993326,0.51996076,-0.51306236,0.0,1.183,-1.541,3.14161,2.742,-1.569,-0.21568598,-0.03815339,0.19380793,-0.366,2.094,0.9306272,0.5368945,-0.683573,0.76534134,-0.19677074,-0.20433758,-0.366,0.8833282,1.047,0.58344555,-0.366,0.0,0.0,0.0,0.0,0.0,0.0,0.0,0.0,0.0,0.0,0.0,0.0,0.0,0.0,0.0,0.0
5.0378716e-05,1.1574509,-1.520844,3.140726,2.7420135,-1.5690106,-0.12475806,-0.054784827,0.18661435,-0.36598527,1.7237239,0.7803489,0.42361775,-0.5348953,0.7472132,-0.11718125,-0.055373553,-0.3659426,0.8967373,0.7963179,0.67781955,-0.3631554,-0.13080095,-0.49635494,-0.44192186,0.12895814,-0.53774816,0.557328,0.8584085,-0.08870683,-0.04949161,-0.68040764,-0.72252357,-0.49417555,0.6910278,0.85195875,0.093414396,0.9718081,0.40530235,-0.066185944,0.7539098,0.12467124,0.6517121,-0.68357265,0.0,1.183,-1.54101,3.14161,2.742,-1.569,-0.040140897,-0.056293994,0.18368687,-0.366,1.9462435,0.829568,0.67821014,-0.5093469,0.78444463,0.0019646287,-0.121452995,-0.366,1.0375032,1.047,0.71672106,-0.366,0.0,0.0,0.0,0.0,0.0,1.0,0.0,0.0,0.0,0.0,0.0,0.0,0.0,0.0,0.0,0.0
4.256388e-05,1.1574526,-1.5208504,3.140727,2.742103,-1.5690109,0.05115336,-0.09652732,0.22582516,-0.36598554,1.6007231,0.6614092,0.5139395,-0.33521453,0.75598,0.128128,0.025773296,-0.28572813,1.0819733,0.7819542,0.7868195,-0.36572117,-0.15309738,-0.84769064,-0.77762973,-0.5278562,-0.29391012,0.4147321,0.9716817,-0.21353008,0.28137785,-0.5189806,-0.94450474,-0.8988351,0.5361315,0.9466359,-0.021186644,0.9759498,0.75189376,0.47319332,0.94444805,-0.39990982,0.5918263,-0.75035435,0.0,1.183,-1.54101,3.1416,2.742,-1.569,0.1567632,-0.099564284,0.240706,-0.366,1.7548466,0.6474258,0.7868532,-0.31751814,0.7801513,0.19973363,0.030912705,-0.27011088,1.2288886,0.9659613,0.83665025,-0.366,0.0,0.0,0.0,0.0,0.0,1.0,0.0,0.0,0.0,0.0,0.0,0.0,0.0,0.0,0.0,0.0
9.648349e-06,1.1574256,-1.5208308,3.1407218,2.7421043,-1.5690112,0.24747802,-0.19678928,0.2992061,-0.36598572,1.5376213,0.47380927,0.6545866,-0.22355145,0.6953727,0.2553848,0.17909214,-0.12409953,1.2855219,0.74906576,0.8637423,-0.36586353,0.048279066,-0.9628607,-0.5511835,-0.71611,-0.42715138,0.39205712,0.9941306,-0.59874314,0.40247464,-0.16690072,-0.20116836,-0.979767,0.89631164,0.31792337,-0.1543426,0.7661489,0.9503788,0.8456489,0.8428072,-0.8796368,0.4898016,-0.83230007,1e-05,1.183,-1.54101,3.1416,2.742,-1.569,0.36232376,-0.22336891,0.32392737,-0.366,1.7132502,0.44483525,0.9721873,-0.2517798,0.74823725,0.35815346,0.2274265,-0.095252514,1.4031594,0.7840751,0.93792856,-0.366,0.0,1.0,1.0,0.0,0.0,1.0,0.0,0.0,0.0,0.0,0.0,0.0,0.0,0.0,0.0,0.0
3.674516e-05,1.1574647,-1.5208613,3.140721,2.7420137,-1.5690107,0.44037402,-0.28949723,0.37765473,-0.34880272,1.5693823,0.41840512,0.6890941,-0.3194083,0.63578826,0.33010608,0.39500412,-0.043167114,1.3594024,0.5449018,0.9565155,-0.36588922,0.5764965,-0.97312593,-0.2537739,-0.12292905,-0.3403496,0.7029611,0.99882615,-0.7855793,0.48149207,0.1002567,0.55247045,-0.60286796,0.97926235,-0.65231156,-0.31706405,0.54873496,0.96992403,0.3071611,0.17527053,-0.97592735,0.33179182,-0.9024984,1e-05,1.183,-1.54101,3.1416,2.742,-1.569,0.56823224,-0.38531643,0.4231872,-0.34533203,1.8271422,0.32055375,1.1740627,-0.38625413,0.6828743,0.47127542,0.42737678,-0.031931117,1.4392915,0.58288723,1.0063276,-0.366,0.0,0.0,0.0,0.0,0.0,0.0,0.0,1.0,0.0,0.0,0.0,0.0,0.0,0.0,0.0,0.0
4.2639516e-05,1.1575011,-1.5208759,3.1407337,2.742013,-1.5690112,0.6151469,-0.3733231,0.48101285,-0.2830687,1.7188685,0.29363665,0.79843664,-0.54772866,0.51203454,0.37935773,0.50143087,-0.08599046,1.264844,0.3660484,1.0636115,-0.36590648,0.8545621,-0.77590406,0.14719604,0.1690201,-0.25024948,0.89921504,0.9939232,-0.6871353,0.74807775,0.37912315,0.8285975,-0.3427779,0.98823893,-0.9077003,-0.4475888,0.23284777,0.67582166,-0.32851505,-0.29978415,-0.9951855,0.42500076,-0.9291234,1e-05,1.183,-1.541,3.14161,2.742,-1.569,0.7624637,-0.5195957,0.56937575,-0.27124417,1.9890659,0.25356847,1.3671833,-0.56363595,0.595407,0.5167783,0.55944514,-0.09612918,1.380708,0.38840914,1.0893809,-0.366,0.0,0.0,0.0,0.0,0.0,0.0,0.0,1.0,0.0,0.0,0.0,0.0,0.0,0.0,0.0,0.0
2.4029405e-05,1.157506,-1.520874,3.1407619,2.7420132,-1.5690122,0.7537092,-0.47052863,0.6446342,-0.16123435,1.7799044,0.2506261,0.9720528,-0.74740976,0.34655574,0.3949848,0.59933996,-0.24729809,1.0982921,0.22685733,1.0847585,-0.3659128,0.97091246,-0.8210702,0.46802375,0.39130697,-0.28545892,0.979843,0.99878466,-0.41584772,0.77109694,0.6211088,0.8534768,-0.0012181699,0.9976478,-0.48955464,-0.64094305,0.14745222,0.53755146,-0.86570305,-0.8475566,-0.97956586,-0.04033368,-0.9733996,1e-05,1.183,-1.541,3.14161,2.742,-1.569,0.9714147,-0.6065932,0.7306933,-0.14130495,2.094,0.25331363,1.5758965,-0.66605335,0.46131837,0.5476261,0.6719037,-0.2772388,1.2033947,0.18347882,1.0809429,-0.366,0.0,0.0,0.0,0.0,0.0,0.0,0.0,1.0,0.0,0.0,0.0,0.0,0.0,0.0,0.0,0.0
4.508604e-05,1.1574665,-1.5208547,3.140737,2.7420137,-1.569011,0.8354344,-0.46610272,0.78954256,-0.13917598,1.7969624,0.24157096,1.0437477,-0.7233982,0.22747847,0.36561096,0.74063957,-0.35062605,0.9718567,0.22340953,1.0450702,-0.3659229,0.7986675,-0.16640282,0.8611467,0.24309015,-0.3737945,0.43667915,0.94308823,0.40036646,0.5127679,-0.00031284243,0.5581349,0.4230614,0.7007235,0.55923146,-0.79888505,-0.13574529,0.65107834,-0.9731406,-0.96565807,0.26128322,-0.47007138,-0.9317009,1e-05,1.183,-1.541,3.14161,2.742,-1.569,1.1526084,-0.5296716,0.82921034,-0.14136507,2.094,0.33459556,1.7105252,-0.55860937,0.3078302,0.5215456,0.7969941,-0.366,1.0178647,0.23367864,0.990629,-0.366,0.0,0.0,0.0,0.0,0.0,1.0,0.0,1.0,0.0,0.0,0.0,1.0,0.0,0.0,0.0,0.0
5.003212e-05,1.1574817,-1.5208514,3.14076,2.742014,-1.5690117,0.9030849,-0.38349864,0.86810625,-0.27855822,1.7441998,0.28644496,0.9862196,-0.5567187,0.09148825,0.3144375,0.9186921,-0.36278772,0.839555,0.31573784,0.9010381,-0.36594096,0.6577812,0.5032968,0.9456355,0.2986675,-0.06282792,-0.5822663,0.37093717,0.8800733,0.37173083,-0.8000626,-0.39868724,0.8751749,-0.0052345097,0.9118463,-0.78683436,-0.69084924,0.85771644,-0.99462813,-0.7895869,0.7455116,-0.8940143,-0.71432567,1e-05,1.1830001,-1.541,3.14161,2.742,-1.56901,1.228746,-0.34902987,0.9055109,-0.305584,2.0121665,0.51423186,1.7094507,-0.37144598,0.14632648,0.37974352,0.9730469,-0.366,0.855796,0.38670057,0.8071258,-0.366,0.0,0.0,1.0,0.0,0.0,0.0,0.0,1.0,0.0,0.0,0.0,1.0,0.0,0.0,0.0,0.0
4.3131316e-05,1.1574591,-1.5208513,3.1407316,2.7420132,-1.5690107,0.9195243,-0.26302746,0.9384788,-0.35505387,1.6745069,0.4318607,1.0074676,-0.36141124,-0.024448732,0.22711776,1.080909,-0.36600313,0.5986897,0.43853298,0.82476425,-0.36594316,0.9315562,0.34994844,0.9843727,0.22120696,0.21374641,-0.91645324,-0.07628874,0.9760147,0.53274846,-0.928681,-0.87973744,0.975035,-0.4466909,0.9823693,-0.5640227,-0.7862499,0.8637146,-0.9446403,-0.7941387,0.704797,-0.07463038,-0.31205463,1e-05,1.1830001,-1.541,3.14161,2.7421,-1.56901,1.2140665,-0.1612246,1.0080227,-0.366,1.8428869,0.7018486,1.6234982,-0.18241796,0.03779693,0.2284529,1.1392434,-0.366,0.7029874,0.522318,0.7927654,-0.366,0.0,0.0,0.0,0.0,0.0,0.0,0.0,0.0,0.0,0.0,0.0,1.0,0.0,0.0,0.0,0.0
3.8253034e-05,1.1574575,-1.5208529,3.14073,2.7420137,-1.5690112,0.98712915,-0.032442182,1.0160725,-0.36575732,1.5635594,0.7187503,1.0357375,-0.1366478,-0.07762991,0.1708664,1.0957854,-0.36600295,0.40759942,0.5171357,0.92111754,-0.34197676,0.98631126,-0.35450107,0.9968746,0.4204019,0.026276818,-0.61645573,-0.0581244,0.99520296,0.16867268,-0.7662045,-0.86122847,0.96033156,-0.3365032,0.9886062,0.052349865,-0.33019426,0.22129072,-0.11082587,-0.95882773,0.7221682,0.78507394,0.13526568,1e-05,1.183,-1.541,3.14161,2.7421,-1.56901,1.2018925,0.04721737,1.0433506,-0.366,1.6625055,0.9029869,1.5530187,0.024642348,0.048761435,0.15929481,1.1855919,-0.366,0.50216407,0.67357373,0.95719653,-0.33766904,0.0,0.0,1.0,0.0,0.0,0.0,0.0,0.0,0.0,0.0,0.0,1.0,0.0,0.0,0.0,0.0
2.220283e-05,1.1574554,-1.5208508,3.140711,2.742014,-1.569011,1.1234666,0.07426653,0.9644097,-0.36584732,1.478309,0.9744555,1.116152,0.10714268,0.0025530227,0.12641144,1.0638704,-0.3418412,0.23147959,0.6048894,1.1152952,-0.3402294,0.8363534,-0.43104506,0.52235174,0.5414538,0.117057845,-0.5099115,0.03745532,0.5915229,-0.5310953,-0.8389151,-0.5046737,0.48801377,-0.5546626,0.99772125,0.75949335,-0.10428262,-0.20973083,0.29114395,-0.9482216,0.34789473,0.92818606,-0.018877842,1e-05,1.183,-1.541,3.14161,2.7421,-1.56901,1.2092693,0.16371804,0.9387511,-0.366,1.5631098,0.9991014,1.4437777,0.22114398,0.19834396,0.1387563,1.1442853,-0.30865908,0.31541142,0.7420918,1.1400032,-0.34138703,0.0,0.0,0.0,0.0,0.0,0.0,0.0,0.0,0.0,0.0,0.0,0.0,0.0,0.0,0.0,0.0
3.339668e-05,1.1574537,-1.5208539,3.1407156,2.742014,-1.5690107,1.2498868,0.19422796,0.8236597,-0.36593464,1.5599364,1.0335315,1.212924,0.33348918,0.19076534,0.07831926,0.96668845,-0.33249155,0.17703946,0.56229085,1.2681338,-0.36248204,0.46913823,-0.08556937,-0.102604754,0.3322144,0.2091584,-0.18981913,0.53331864,0.44838712,-0.90621907,-0.7500748,0.31034094,-0.6374682,-0.32826167,0.99954426,0.6062802,-0.3165036,-0.8419462,-0.11636983,-0.4584015,-0.13019863,0.7035525,-0.3460113,1e-05,1.183,-1.54101,3.14161,2.7421,-1.56901,1.3128408,0.25079572,0.76276153,-0.366,1.6233786,0.8753038,1.3800286,0.41525745,0.3160848,0.07729067,0.9807777,-0.33125833,0.22638893,0.71680695,1.2766345,-0.366,0.0,0.0,0.0,0.0,0.0,0.0,0.0,0.0,0.0,1.0,0.0,0.0,0.0,0.0,0.0,0.0
2.1831318e-05,1.1574547,-1.5208536,3.140691,2.7420135,-1.5690049,1.3383385,0.2440504,0.65911525,-0.36594984,1.6548319,0.9939679,1.1357222,0.5034348,0.24901983,-0.053117815,0.7965695,-0.36036372,0.17789306,0.5404504,1.2490377,-0.36504802,0.18832138,0.20243415,0.01280785,0.26805007,-0.10813971,-0.2715635,0.36318728,0.19683962,-0.9528592,-0.7806058,0.60382324,-0.9274937,-0.35362485,0.86185074,0.044935115,-0.8266786,-0.9487409,-0.23566407,0.04986854,-0.14102906,-0.19298047,-0.72162914,1e-05,1.1830001,-1.541,3.14161,2.742,-1.56901,1.3849123,0.28985685,0.5736748,-0.366,1.7432022,0.6912506,1.3098547,0.58628434,0.32500178,-0.08675662,0.7925082,-0.366,0.23628491,0.68882096,1.2383392,-0.366,0.0,0.0,1.0,0.0,0.0,0.0,0.0,0.0,0.0,1.0,0.0,0.0,0.0,0.0,0.0,0.0
2.6345782e-05,1.1574539,-1.5208539,3.1407073,2.742014,-1.5690091,1.3365265,0.2068774,0.5350854,-0.36595967,1.6864527,0.8545994,1.0921654,0.56885713,0.2732929,-0.18179294,0.7484594,-0.350612,0.25235918,0.5619777,1.1270744,-0.3658306,-0.22919743,0.35227177,-0.06271942,-0.09854066,-0.2537683,-0.029204704,-0.12441941,-0.30143222,-0.3989067,-0.7838297,0.12001175,-0.9301665,-0.5136776,0.081281595,-0.17761011,-0.6434198,-0.21499825,0.09041932,0.7103542,0.13694425,-0.78344,-0.94432586,0.0,1.1830001,-1.54101,3.1416,2.742,-1.56901,1.3598411,0.22911671,0.49329305,-0.366,1.7673852,0.50381726,1.206346,0.602663,0.2892124,-0.21640903,0.7491849,-0.34778005,0.37942496,0.71641594,1.080472,-0.366,0.0,0.0,0.0,0.0,0.0,0.0,0.0,0.0,0.0,0.0,0.0,0.0,0.0,0.0,0.0,0.0
3.452778e-05,1.1574533,-1.5208536,3.1407173,2.7420137,-1.5690106,1.2733535,0.024681572,0.48326486,-0.3627338,1.687105,0.7201842,1.0994003,0.48232082,0.21992695,-0.16843426,0.8479923,-0.36084405,0.41681433,0.55439746,0.9513749,-0.36586228,-0.057375427,0.5944702,0.29697967,-0.27060348,0.03733091,0.4788228,-0.4124559,-0.65171254,-0.008963168,-0.60449344,-0.35441905,-0.93900895,-0.082269125,-0.587001,-0.4816766,0.20616321,0.56628823,-0.07912964,0.93878573,-0.23757185,-0.95668805,-0.9888652,0.0,1.1830001,-1.541,3.1416,2.7421,-1.569,1.2787398,0.10097036,0.49153063,-0.366,1.6976957,0.31917977,1.1901695,0.48724085,0.19450024,-0.17587112,0.86053425,-0.36333933,0.56401855,0.6697022,0.89235824,-0.366,0.0,0.0,0.0,0.0,0.0,0.0,0.0,0.0,0.0,0.0,0.0,0.0,0.0,0.0,0.0,0.0
3.1656975e-05,1.1574528,-1.5208533,3.1407154,2.7420137,-1.5690103,1.1971194,-0.10368349,0.5160188,-0.3638564,1.6966683,0.6135316,1.18992,0.3799531,0.073722005,-0.09872151,1.0241508,-0.33586398,0.56242144,0.44872567,0.72848004,-0.3658741,0.32303038,0.5613005,0.33059508,-0.85412073,0.5819853,0.8957646,-0.80401886,-0.41125727,0.24627227,-0.04121106,0.08918081,-0.28647164,0.71271884,-0.42490208,-0.8833134,0.49561432,0.86686677,0.1684035,0.9651407,-0.7930348,-0.96468496,-0.88506407,1e-05,1.1830001,-1.541,3.1416,2.7421,-1.569,1.1222694,0.020935431,0.53945774,-0.366,1.7150513,0.26342943,1.328872,0.4045505,0.022598282,-0.079419434,1.0292355,-0.33056626,0.75184494,0.51536936,0.70462054,-0.366,0.0,0.0,0.0,0.0,0.0,0.0,1.0,0.0,0.0,0.0,0.0,0.0,0.0,0.0,0.0,0.0
3.2553908e-05,1.1574527,-1.5208532,3.1407168,2.7420137,-1.5690053,1.1702499,-0.16488793,0.6453198,-0.36599672,1.7250308,0.55004805,1.3153975,0.38013655,-0.085519284,-0.011517219,1.2133588,-0.3603354,0.62575024,0.38539365,0.71553695,-0.36588794,-0.34747127,0.18425462,0.18407786,-0.9708242,0.35868517,0.71822655,-0.6618181,-0.43779826,0.6429166,-0.05310827,0.4484023,0.6263483,0.19965044,-0.09922733,-0.80537957,0.43005162,0.96305275,-0.49325642,-0.06710167,-0.95860696,0.12827487,-0.7521537,0.0,1.1830001,-1.541,3.1416,2.7421,-1.569,0.99257004,-0.06486178,0.6654529,-0.366,1.8029267,0.38617763,1.3679984,0.38510448,-0.13523543,0.004859641,1.2179691,-0.366,0.7386947,0.32750702,0.7297591,-0.366,0.0,0.0,0.0,0.0,0.0,0.0,1.0,0.0,0.0,0.0,0.0,0.0,0.0,0.0,0.0,0.0
3.1056425e-05,1.1574523,-1.5208521,3.140716,2.7420137,-1.5690053,1.1047776,-0.16433506,0.78313124,-0.36599764,1.6911541,0.6099205,1.2669852,0.43900836,-0.19076759,0.0729546,1.361632,-0.36587295,0.5124186,0.2948189,0.81136864,-0.3659853,-0.653344,0.3829053,0.34438294,-0.447495,-0.18528174,0.89585245,-0.46988204,-0.13134515,0.8148833,-0.49440274,-0.35179684,0.8771929,-0.74902505,0.32189488,-0.43137008,0.43162498,0.7482072,-0.8986513,-0.7594977,-0.5395611,0.7848289,-0.48632032,0.0,1.1830001,-1.541,3.1416,2.742,-1.569,0.9005786,-0.09057595,0.8249871,-0.366,1.7340535,0.55791056,1.2213576,0.44812363,-0.21968713,0.08936125,1.3644497,-0.366,0.59000367,0.22187416,0.8834094,-0.366,0.0,0.0,0.0,0.0,0.0,0.0,1.0,0.0,0.0,0.0,0.0,0.0,0.0,0.0,0.0,0.0
4.2868232e-05,1.1574497,-1.520847,3.1407304,2.7420137,-1.5690104,1.018488,-0.17375988,0.96032906,-0.36599702,1.5837225,0.6974297,1.1152152,0.4703416,-0.2056403,0.14546397,1.465932,-0.36594903,0.33232757,0.23258251,0.97846437,-0.36598536,-0.7953693,-0.041067086,0.4176981,-0.085144304,-0.044091064,0.96865237,-0.45860565,-0.056694627,0.9067921,-0.71717775,-0.87035936,0.9754386,-0.949805,0.103047706,0.07785875,0.354622,0.52158815,-0.97973025,-0.9271411,-0.1662818,0.9569658,-0.010101132,0.0,1.183,-1.541,3.1416,2.742,-1.569,0.8095298,-0.101831764,1.0050162,-0.366,1.5612575,0.7515684,1.032789,0.46858212,-0.20422952,0.15976581,1.4680028,-0.366,0.40593457,0.18886156,1.0733997,-0.366,0.0,0.0,0.0,0.0,0.0,0.0,1.0,0.0,0.0,0.0,0.0,0.0,0.0,0.0,0.0,0.0
2.8035869e-05,1.1574503,-1.52085,3.1407146,2.7420137,-1.5690106,0.96137875,-0.17136177,1.1342552,-0.36599693,1.4488977,0.8646937,1.0066304,0.37925652,-0.13533212,0.145173,1.4043306,-0.36600152,0.27847794,0.28953776,1.1310127,-0.26595086,-0.29286152,0.7266734,0.44615692,-0.60002565,0.09332444,0.7014088,-0.19039798,0.04603276,0.9813584,-0.56649643,-0.97407186,0.99508774,-0.97464937,-0.7495496,0.8092743,-0.10815807,-0.24445713,-0.99594605,-0.43445292,0.5422362,0.7322221,0.596752,0.0,1.1830001,-1.541,3.1416,2.7421,-1.569,0.7699733,-0.09226813,1.2089005,-0.366,1.3588871,0.95830494,0.83029866,0.31285787,-0.03609702,0.1372952,1.4172151,-0.366,0.3156739,0.30151498,1.225524,-0.24202052,0.0,0.0,0.0,0.0,0.0,0.0,0.0,0.0,0.0,0.0,0.0,0.0,0.0,0.0,0.0,0.0
2.5076912e-05,1.1574519,-1.5208507,3.1407146,2.7420135,-1.5690053,1.0041081,-0.18563174,1.1801561,-0.30328587,1.3943372,0.94511396,0.9686774,0.2851653,0.014147981,0.13417527,1.2834756,-0.36600044,0.31383008,0.31153503,1.1660243,-0.14322852,0.026712459,0.9453347,0.812352,-0.24683389,0.19213633,0.56193787,0.37093544,0.07897329,0.017102465,0.3774066,-0.47116184,-0.21414044,-0.23107943,-0.49991542,0.9618549,-0.07827135,-0.6131831,-0.8616694,0.42019433,0.10846971,0.33622715,0.67901385,1e-05,1.1830001,-1.541,3.1416,2.7421,-1.569,0.8447037,-0.076357804,1.212346,-0.28996593,1.2639647,0.9151632,0.78374434,0.21214259,0.15768273,0.12152629,1.2936804,-0.366,0.4003282,0.3233678,1.2932618,-0.10522324,0.0,0.0,0.0,0.0,0.0,0.0,0.0,0.0,0.0,1.0,0.0,0.0,0.0,0.0,0.0,0.0
2.1158581e-05,1.1574535,-1.520851,3.1407127,2.7420137,-1.5690092,1.102665,-0.18616547,1.1139208,-0.16601779,1.3832924,0.97505915,0.9108888,0.27299622,0.17680359,0.07608695,1.1375697,-0.36599967,0.41258386,0.30546746,1.1566929,-0.08131214,-0.0872421,0.8714187,0.87985516,0.17324433,-0.030456197,0.5819638,0.84002423,-0.018232526,-0.67999214,0.74275833,0.009520553,-0.82785416,0.34501514,0.26448175,0.99237096,-0.35606936,-0.5771364,-0.70184845,0.8057552,-0.10084982,-0.041760094,0.3098871,0.0,1.1830001,-1.541,3.14161,2.742,-1.569,1.0163945,-0.08008431,1.0733638,-0.13815509,1.2659105,0.7459598,0.8542613,0.26619947,0.36051136,0.048750013,1.1757207,-0.366,0.56501484,0.30275533,1.2847265,-0.041886054,0.0,0.0,0.0,0.0,0.0,0.0,0.0,0.0,0.0,1.0,0.0,0.0,0.0,0.0,0.0,0.0
1.7955857e-05,1.1574535,-1.5208491,3.1407077,2.74204,-1.5690109,1.1331545,-0.22572128,0.96737725,-0.09783294,1.3660274,0.99958163,0.9120598,0.3795376,0.30940786,0.010411408,0.94075197,-0.36600268,0.44980386,0.3165861,1.1189535,-0.108889215,-0.2267824,0.9525439,0.7440175,-0.059338294,-0.17906031,0.80872995,0.39353633,-0.4142276,-0.93599844,0.23639761,-0.057434674,-0.5457104,0.77276915,0.8097036,0.69779503,-0.33912337,-0.91542727,-0.9370473,-0.011651829,0.26392063,-0.6931374,-0.28436178,0.0,1.1830001,-1.541,3.1416,2.742,-1.569,1.0974108,-0.16536033,0.8806721,-0.08948849,1.2540866,0.6336158,1.0133493,0.43289113,0.5041647,-0.021064475,0.9872639,-0.366,0.5626161,0.35708803,1.142032,-0.10042691,0.0,0.0,0.0,0.0,0.0,0.0,0.0,0.0,0.0,1.0,0.0,0.0,0.0,0.0,0.0,0.0
2.3389717e-05,1.1574545,-1.520852,3.140716,2.7420137,-1.5690109,1.1283946,-0.20753032,0.77921927,-0.17942984,1.3077626,0.9458036,0.97764343,0.55965453,0.31361243,-0.077124506,0.7718507,-0.3659982,0.46530208,0.34989107,1.0987802,-0.16752417,-0.26754308,0.44206443,0.46267125,-0.18945496,-0.2026883,0.79135907,0.15504698,-0.056482024,-0.91979676,-0.54528344,-0.22933614,-0.4546926,0.33991322,0.853335,-0.06970447,-0.42205286,-0.68998545,-0.9874095,-0.33522946,0.33764556,-0.43392015,-0.3485571,0.0,1.1830001,-1.541,3.1416,2.742,-1.569,1.1296264,-0.17709616,0.68955696,-0.20278734,1.2064352,0.53913987,1.0839764,0.6101968,0.4896815,-0.1087585,0.84389895,-0.366,0.49296224,0.42724395,1.0518723,-0.17285001,0.0,0.0,0.0,0.0,0.0,0.0,0.0,0.0,0.0,1.0,0.0,0.0,0.0,0.0,0.0,0.0
2.002942e-05,1.1574535,-1.52085,3.1407132,2.7420135,-1.5690106,1.1522194,-0.189315,0.6049311,-0.29845288,1.344648,0.8163408,1.0261621,0.66547227,0.3124638,-0.18447182,0.70267445,-0.36599907,0.4564622,0.36151254,1.072217,-0.19647391,-0.12222786,0.48968038,0.037682723,-0.0862838,-0.29727057,0.67240536,0.1676846,0.2920573,-0.8101452,-0.59400505,0.32787317,-0.46862638,-0.02853202,0.3952341,-0.54838467,-0.6562138,-0.5938902,-0.62377846,0.0750862,0.061468594,-0.29213336,-0.13275367,0.0,1.1830001,-1.541,3.1416,2.742,-1.569,1.1628067,-0.119305626,0.5292503,-0.32032546,1.2713127,0.44641092,1.0783306,0.68840337,0.38117048,-0.23860613,0.72638357,-0.366,0.50781983,0.439407,0.99406666,-0.19911851,0.0,0.0,0.0,0.0,0.0,0.0,0.0,0.0,0.0,1.0,0.0,0.0,0.0,0.0,0.0,0.0
2.666924e-05,1.1574532,-1.5208519,3.1407216,2.742014,-1.5690055,1.192782,-0.18033288,0.47369435,-0.3554266,1.4516,0.5978485,1.1130413,0.6209641,0.23059241,-0.19757125,0.74830765,-0.36599907,0.56853515,0.39052302,0.9636995,-0.21474224,-0.13581276,0.18086767,-0.17721936,-0.37973443,-0.04430695,0.7638772,-0.19940045,0.1872361,-0.6036126,-0.3456636,0.8253019,-0.40595502,0.37492526,-0.38612986,-0.8661,-0.15240918,0.13895634,-0.08590023,0.7501344,-0.1240133,-0.60572433,-0.08552893,0.0,1.1830001,-1.54101,3.1416,2.742,-1.569,1.121474,-0.08049438,0.40413046,-0.366,1.4423854,0.36226252,1.156047,0.6083644,0.2016409,-0.2701983,0.75518715,-0.366,0.6633115,0.41370088,0.86850905,-0.21684738,0.0,0.0,0.0,0.0,0.0,0.0,0.0,0.0,0.0,1.0,0.0,0.0,0.0,0.0,0.0,0.0
2.9384792e-05,1.1574538,-1.5208533,3.1407192,2.742014,-1.5690051,1.212626,-0.2009285,0.49731678,-0.36599794,1.6057045,0.4834805,1.2094213,0.4555602,0.062253397,-0.1250432,0.9134759,-0.36376435,0.64365524,0.35610768,0.9267789,-0.22386721,-0.47522235,0.20104256,-0.40526518,0.018795855,-0.33531213,0.7469713,-0.54354906,0.13780358,0.48763615,-0.32872668,0.90399444,0.23168102,0.44484353,-0.877226,-0.97322,0.7695182,0.8277913,0.0132993795,0.59607303,-0.7660824,0.09531725,-0.03891636,0.0,1.1830001,-1.54101,3.14161,2.742,-1.569,1.0106261,-0.052391596,0.50357586,-0.366,1.6267403,0.40951008,1.2467655,0.4294685,0.0031686127,-0.11326763,0.92400163,-0.3632878,0.7848708,0.2574709,0.88794744,-0.22478373,0.0,0.0,0.0,0.0,0.0,0.0,0.0,0.0,0.0,0.0,0.0,0.0,0.0,0.0,0.0,0.0
3.3548517e-05,1.1574539,-1.5208535,3.1407208,2.7420137,-1.5690053,1.1790934,-0.19632559,0.60383415,-0.36599812,1.7070191,0.5147305,1.2106476,0.339525,-0.13320339,0.03165872,1.1040059,-0.3655327,0.58797914,0.2638717,1.0004404,-0.28591585,-0.86890537,0.08306432,-0.5034451,0.43992975,0.075513534,0.6464721,-0.49029997,0.04416991,0.8232769,-0.4377237,0.73620033,0.7900224,-0.25907838,-0.51236624,-0.99464405,0.91759235,0.9207226,-0.5140501,-0.29860437,-0.6322098,0.8190635,-0.3576344,0.0,1.1830001,-1.54101,3.14161,2.7421,-1.569,0.9128697,-0.043584965,0.6677214,-0.366,1.7735245,0.5670253,1.1951102,0.32731256,-0.19514425,0.06968261,1.107576,-0.366,0.7253348,0.13142045,1.051253,-0.29608914,0.0,0.0,0.0,0.0,0.0,0.0,0.0,0.0,0.0,0.0,0.0,0.0,0.0,0.0,0.0,0.0
3.2855813e-05,1.1574544,-1.5208534,3.1407192,2.7420137,-1.5690079,1.0782964,-0.21265893,0.7741632,-0.3639285,1.6833994,0.6287846,1.1458911,0.28453362,-0.1830256,0.15680104,1.3038797,-0.36594218,0.49432212,0.18723214,1.1665968,-0.3518387,-0.9356662,-0.19961554,0.4360731,0.459445,0.2914298,0.48608148,-0.4120112,-0.17828783,0.9646554,-0.5920504,-0.33458504,0.8847314,-0.7423836,-0.35085624,0.03896348,0.53344166,0.96886647,-0.86539197,-0.66530573,-0.13735585,0.9638127,-0.3020088,0.0,1.183,-1.541,3.14161,2.7421,-1.569,0.82647777,-0.08096896,0.8699936,-0.366,1.7033676,0.7525388,1.0394447,0.25374383,-0.18697426,0.18153647,1.3107312,-0.366,0.5858313,0.10261921,1.2533485,-0.35941538,0.0,0.0,0.0,0.0,0.0,0.0,0.0,0.0,0.0,0.0,0.0,0.0,0.0,0.0,0.0,0.0
2.5888934e-05,1.1574538,-1.5208523,3.1407099,2.7420137,-1.5690054,0.9897207,-0.2211791,0.9491483,-0.36599776,1.6141121,0.8187401,1.0524415,0.16882655,-0.1225499,0.16008572,1.4444827,-0.36595795,0.42092338,0.18460198,1.3068326,-0.33814064,-0.9176019,0.24303973,0.7637267,0.14266148,0.32196555,0.6319132,-0.12170618,-0.34554383,0.9929311,-0.6562733,-0.85953575,0.95924574,-0.94847673,-0.8274134,0.77328485,-0.018264294,0.9936719,-0.9490016,-0.7225227,0.14560051,0.7346364,0.1394481,0.0,1.1830001,-1.541,3.14161,2.7421,-1.569,0.80239916,-0.14933202,1.066437,-0.366,1.5333154,0.94231784,0.8517962,0.09004676,-0.03398609,0.17792302,1.5073211,-0.366,0.442886,0.1314251,1.3986903,-0.3318267,0.0,0.0,0.0,0.0,0.0,0.0,0.0,0.0,0.0,0.0,0.0,0.0,0.0,0.0,0.0,0.0
1.4944588e-05,1.1574521,-1.520847,3.1406841,2.7420127,-1.5690044,0.9740576,-0.20607275,1.0577552,-0.36410692,1.4712365,0.9931729,0.96472967,0.04809653,-0.029937405,0.16785887,1.3815011,-0.3659917,0.42688137,0.2166821,1.379326,-0.24269047,-0.5589435,0.84860796,0.89219767,0.07387082,-0.061188288,0.65232867,0.24192111,-0.11435482,0.45054486,-0.04707201,-0.97190714,0.5787585,-0.7147911,-0.6621314,0.95465696,0.065517426,-0.39865106,-0.98980033,-0.20057806,0.34631604,0.40348345,0.52349246,0.0,1.1830001,-1.541,3.14161,2.742,-1.569,0.85218465,-0.17286535,1.1591556,-0.366,1.3333045,1.0614219,0.7046977,-0.046214744,0.1624749,0.191406,1.4252819,-0.366,0.4016086,0.20269425,1.4817241,-0.224096,0.0,0.0,0.0,0.0,0.0,0.0,0.0,0.0,0.0,0.0,0.0,0.0,0.0,0.0,0.0,0.0
3.27438e-05,1.1574553,-1.5208541,3.1407263,2.7420137,-1.5690107,1.0432636,-0.1746345,1.0941627,-0.30812594,1.2250181,0.9803227,0.8191339,0.062304437,0.20879196,0.15650824,1.2644967,-0.36600226,0.51203114,0.22119306,1.3868338,-0.1467193,-0.43858868,0.9697216,0.93751305,0.52959204,-0.43266115,0.6556386,0.82282096,0.1797825,-0.43506116,0.3337215,-0.98318017,-0.6604333,0.39366394,0.6400702,0.9909314,-0.12118478,-0.8797302,-0.9931985,0.6654305,0.084383436,-0.19161376,0.47782367,0.0,1.1830001,-1.541,3.14161,2.742,-1.569,1.0138474,-0.13754281,1.0736775,-0.3004325,1.1401355,0.9316641,0.7820423,0.07954222,0.35716686,0.16759637,1.2524381,-0.366,0.53234816,0.21927337,1.4440771,-0.13021621,0.0,0.0,0.0,0.0,0.0,0.0,0.0,0.0,0.0,1.0,0.0,0.0,0.0,0.0,0.0,0.0
2.8868744e-05,1.1574724,-1.5208645,3.140714,2.7420132,-1.5690048,1.1398146,-0.15051982,0.97821325,-0.26927468,1.2133695,0.9207735,0.8485447,0.21302727,0.41019753,0.119151294,1.0673046,-0.36600077,0.59176385,0.25275698,1.29947,-0.15644388,-0.42743266,0.5486876,0.77197343,0.23382767,-0.38438657,0.75482684,0.7885139,0.07897602,-0.88701224,0.18365225,-0.012560755,-0.86479795,0.8732934,0.9007729,0.9981863,-0.28748462,-0.9464801,-0.8699736,0.6277405,0.19251727,-0.83832276,-0.14635092,0.0,1.1830001,-1.541,3.14161,2.742,-1.569,1.1639233,-0.1225115,0.90485466,-0.2654784,1.1377449,0.7670692,0.94825417,0.25098416,0.54714924,0.11288012,1.0722969,-0.366,0.6518245,0.25591472,1.2845212,-0.15807083,0.0,0.0,0.0,0.0,0.0,0.0,0.0,0.0,0.0,0.0,0.0,1.0,0.0,0.0,0.0,0.0
1.9710029e-05,1.1574478,-1.5208477,3.140716,2.7421036,-1.5690054,1.1634047,-0.13740388,0.76822466,-0.34921134,1.1991849,0.91956043,0.86692643,0.36576122,0.44902447,0.0447926,0.8985875,-0.36599842,0.5100014,0.35253072,1.1674343,-0.2572278,-0.8049821,0.12428636,0.84224087,-0.28308392,-0.30154544,0.90115345,0.15701175,-0.08299683,-0.97740245,-0.76326954,-0.103960425,-0.1993788,0.4730106,0.98015463,-0.23294207,-0.45803633,-0.8338526,-0.9638495,-0.45390934,0.8071496,-0.89622176,-0.58925116,0.0,1.1830001,-1.541,3.1416,2.742,-1.569,1.1945318,-0.13869125,0.7143158,-0.366,1.1174784,0.7282015,1.0404648,0.44205955,0.50173855,0.023588628,0.9097422,-0.366,0.5633375,0.4132638,1.1098081,-0.2729419,0.0,0.0,0.0,0.0,0.0,0.0,0.0,0.0,0.0,0.0,0.0,0.0,0.0,0.0,0.0,0.0
2.7268448e-05,1.1574564,-1.5208539,3.140722,2.7420137,-1.5690054,1.1791136,-0.043685857,0.56002676,-0.363158,1.275029,0.9087452,0.8914137,0.4652802,0.35630965,-0.092609346,0.82788444,-0.36599842,0.51001614,0.45471445,1.0767897,-0.32597026,-0.669626,0.30530584,0.26245248,0.22515437,-0.19545507,0.9190302,0.442346,0.49495387,-0.99548054,-0.7822773,0.72383463,-0.39983386,0.4145509,0.569573,-0.8414579,-0.7009381,-0.38338876,-0.72708744,0.0036572143,0.6380585,-0.36596382,-0.28094053,0.0,1.1830001,-1.541,3.14161,2.742,-1.569,1.2873677,-0.03481447,0.5053927,-0.366,1.2693907,0.6442877,1.1274673,0.56159675,0.32514042,-0.12351839,0.8292798,-0.366,0.56410503,0.54717416,1.0330026,-0.33190334,0.0,0.0,0.0,0.0,0.0,0.0,0.0,0.0,0.0,0.0,0.0,0.0,0.0,0.0,0.0,0.0
2.7530925e-05,1.1574564,-1.5208547,3.1407185,2.7420135,-1.569006,1.2300106,0.021360485,0.37754086,-0.3594287,1.4072584,0.85159624,0.9456522,0.46872768,0.18441208,-0.19644895,0.8372488,-0.36599842,0.56637233,0.49455544,1.0403116,-0.36214846,-0.13638408,0.17959093,-0.036661435,0.57572246,-0.4791467,0.8236547,0.32571188,0.43059963,-0.99909616,-0.66739786,0.9338179,-0.6206555,0.685242,0.015410826,-0.9682916,-0.56090796,0.053995863,-0.33138824,0.5807575,0.28801355,-0.31043732,-0.8247296,0.0,1.1830001,-1.54101,3.14161,2.742,-1.569,1.3502933,0.048374765,0.31237334,-0.366,1.4497987,0.5243808,1.2598519,0.564574,0.13807236,-0.2318824,0.8397114,-0.366,0.67630386,0.60281664,0.973028,-0.366,0.0,0.0,0.0,0.0,0.0,1.0,0.0,0.0,0.0,0.0,0.0,0.0,0.0,0.0,0.0,0.0
3.2815784e-05,1.1574556,-1.5208547,3.1407206,2.7420137,-1.5690109,1.1807867,-0.0017253072,0.347756,-0.35608596,1.493513,0.76572657,0.9892217,0.37421134,0.0024002246,-0.20843405,0.97404844,-0.32819068,0.66663885,0.4870634,0.9182147,-0.36508206,0.068304956,0.22729594,0.091303855,0.08351523,0.2200692,0.47622877,-0.6742622,0.1159223,0.051898092,-0.24474114,0.8659396,-0.9241311,0.93704844,-0.31238765,-0.9936583,-0.096191235,0.7795668,0.22927466,0.8981387,-0.51760685,-0.79534847,-0.8905058,1e-05,1.1830001,-1.541,3.14161,2.7421,-1.569,1.2173957,0.07122314,0.32260248,-0.366,1.620476,0.34223384,1.4445449,0.50300217,-0.057778463,-0.25084177,0.99336463,-0.32080978,0.8533277,0.50079596,0.8162642,-0.366,0.0,0.0,0.0,0.0,0.0,0.0,0.0,0.0,0.0,0.0,0.0,0.0,0.0,0.0,0.0,0.0
2.9586838e-05,1.1574551,-1.5208548,3.1407154,2.7420137,-1.5690101,1.1163142,-0.050203547,0.43399093,-0.36523,1.5922602,0.5978105,1.1215861,0.32516897,-0.19054721,-0.153842,1.1547229,-0.23782304,0.8679616,0.43303743,0.71421814,-0.36579916,-0.11445103,0.7116791,0.68314916,-0.776719,0.8324292,0.080036506,-0.34232736,-0.50829846,0.8103796,-0.7430392,0.30156994,-0.5954436,0.4146398,-0.38128337,-0.9987317,0.55823654,0.95356214,0.512657,0.970762,-0.080437824,-0.93233854,-0.95378256,0.0,1.1830001,-1.541,3.1416,2.7421,-1.569,1.1510577,-0.027277455,0.47964185,-0.366,1.6789157,0.22684583,1.5248959,0.42911518,-0.25131762,-0.14266393,1.1781507,-0.22146457,1.0414468,0.48520833,0.63559103,-0.366,0.0,0.0,0.0,0.0,0.0,0.0,0.0,0.0,0.0,0.0,0.0,0.0,0.0,0.0,0.0,0.0
2.672608e-05,1.157454,-1.5208545,3.140719,2.742061,-1.5690112,1.0907966,-0.10866764,0.618925,-0.36590055,1.7243236,0.514546,1.1551449,0.33441967,-0.29012498,-0.114410095,1.3743218,-0.3299538,0.88316846,0.39759484,0.7067462,-0.36587405,-0.8228902,0.20946467,0.13133769,-0.63224787,0.52749616,0.018088775,-0.110840574,-0.24845314,0.96207595,-0.82214105,0.860314,0.611554,-0.41247612,-0.016066331,-0.6179161,0.16328977,0.99071246,-0.618289,-0.18749566,-0.8160876,0.193304,-0.49348557,0.0,1.1830001,-1.541,3.1416,2.7421,-1.569,1.1279259,-0.07912824,0.68042177,-0.366,1.8584585,0.35447377,1.4388144,0.42576224,-0.314,-0.10858626,1.3849069,-0.35049805,1.0023175,0.3148954,0.6759325,-0.366,0.0,0.0,0.0,0.0,0.0,0.0,0.0,0.0,0.0,0.0,0.0,0.0,0.0,0.0,0.0,0.0
2.8422344e-05,1.1574556,-1.5208561,3.1407104,2.742014,-1.5690051,1.0153645,-0.1343623,0.82000124,-0.36593643,1.7381884,0.51889986,1.2495368,0.45165125,-0.3113534,-0.07033117,1.5741761,-0.3629967,0.8837049,0.2935999,0.80466574,-0.3624968,-0.8578057,0.24981818,0.097401336,-0.33622456,0.13189003,0.24787317,-0.6059054,-0.028292086,0.9768795,-0.93844134,-0.08094339,0.9138824,-0.8824952,0.18235385,-0.41807646,0.23817368,0.95879865,-0.92365783,-0.8127901,-0.634157,0.83866084,-0.567939,0.0,1.1830001,-1.541,3.1416,2.7421,-1.569,1.0059668,-0.08482299,0.87705207,-0.366,1.842166,0.5384238,1.2611822,0.46246716,-0.314,-0.060645685,1.5778978,-0.366,0.8387158,0.18724968,0.8447416,-0.366,0.0,0.0,0.0,0.0,0.0,0.0,0.0,0.0,0.0,0.0,0.0,0.0,0.0,0.0,0.0,0.0
2.4833043e-05,1.1574544,-1.5208536,3.140708,2.7420135,-1.5690084,0.8764866,-0.13940099,1.0110207,-0.36594817,1.6578866,0.61779577,1.1328038,0.40150723,-0.3139954,-0.025972994,1.6014211,-0.36600634,0.7903799,0.2848501,0.9748861,-0.3530595,-0.5712192,0.108827166,0.21800432,-0.43460602,-0.06957404,0.4064734,-0.814612,-0.011662134,0.9652984,-0.8043399,-0.8150357,0.9265466,-0.9764991,-0.3676263,0.23974642,0.2708854,0.67320335,-0.98473155,-0.96255803,-0.092972614,0.91106856,-0.32827577,0.0,1.1830001,-1.541,3.1416,2.742,-1.569,0.8407343,-0.08718849,1.0728492,-0.366,1.6768476,0.72636056,1.0631132,0.3878994,-0.26537085,-0.005700428,1.7144475,-0.366,0.6434746,0.1683915,1.0295389,-0.366,0.0,0.0,0.0,0.0,0.0,0.0,0.0,0.0,0.0,1.0,0.0,0.0,0.0,0.0,0.0,0.0
2.5430747e-05,1.1574527,-1.5208527,3.1407082,2.7420135,-1.56901,0.7856388,-0.14078899,1.1986272,-0.3659573,1.5475441,0.7541276,1.0389419,0.28936216,-0.2934168,0.038273495,1.5828643,-0.3660132,0.7240685,0.26539686,1.1632639,-0.35122788,-0.05005762,0.13841708,0.29196444,-0.57369596,-0.35686177,0.3051209,-0.480888,-0.02833773,0.9796148,-0.5669854,-0.9265518,0.9497335,-0.9505899,-0.87352526,0.84794927,0.33327156,-0.0011225641,-0.99694633,-0.49936783,0.01739552,0.98221374,-0.12433712,0.0,1.1830001,-1.541,3.1416,2.742,-1.569,0.74674875,-0.092726864,1.2643068,-0.366,1.4957607,0.9119781,0.8773283,0.21717612,-0.099646196,0.059434738,1.7142282,-0.366,0.5458773,0.1717913,1.2215044,-0.366,0.0,0.0,0.0,0.0,0.0,0.0,0.0,0.0,0.0,1.0,0.0,0.0,0.0,0.0,0.0,0.0
2.7831247e-05,1.157453,-1.5208524,3.1407151,2.742014,-1.5690107,0.7249451,-0.14802161,1.3587403,-0.3659629,1.3768145,0.8786241,0.8942261,0.16852726,-0.15867364,0.07320143,1.4763238,-0.3660113,0.71271515,0.24643952,1.2958101,-0.34265214,0.2705042,0.066803835,0.48779863,-0.2630497,-0.073071994,-0.106743485,-0.28438345,0.030490896,0.7003277,-0.010602839,-0.9853104,0.39033276,-0.8924289,-0.5596341,0.9695899,0.19666877,-0.72838366,-0.9610634,0.07831452,0.016310383,0.60924506,-0.40243527,1e-05,1.1830001,-1.541,3.1416,2.742,-1.56901,0.6925596,-0.08691684,1.3977538,-0.366,1.3080103,0.98635584,0.7072764,0.11053814,0.08510865,0.096909866,1.575435,-0.366,0.5608001,0.17489924,1.3375958,-0.366,0.0,0.0,0.0,0.0,0.0,0.0,0.0,0.0,0.0,0.0,0.0,0.0,0.0,0.0,0.0,0.0
2.6005771e-05,1.157454,-1.5208529,3.1407182,2.7420137,-1.569007,0.7125721,-0.11026757,1.3929574,-0.30643585,1.2776997,0.88604355,0.71520376,0.14508463,0.04592854,0.10002711,1.3476849,-0.36600465,0.7964991,0.22206306,1.3504336,-0.32831874,0.19040246,0.22359504,0.58646756,0.041661162,-0.12219058,0.019736333,0.08132376,0.077407494,-0.0427946,0.36254933,-0.42157656,-0.65870166,-0.22376223,0.228724,0.99163824,0.16773461,-0.7704574,-0.70457727,0.6692931,-0.022752449,0.044519477,-0.30152148,1e-05,1.1830001,-1.541,3.14161,2.742,-1.569,0.70837617,-0.07186196,1.3894308,-0.29548824,1.2260184,0.8582458,0.6637572,0.15502238,0.2779711,0.12953235,1.4255898,-0.366,0.69097,0.17047414,1.3462543,-0.366,0.0,0.0,0.0,0.0,0.0,0.0,0.0,0.0,0.0,1.0,0.0,0.0,0.0,0.0,0.0,0.0
2.7103528e-05,1.1574564,-1.5208548,3.1407194,2.7420137,-1.5690053,0.7907551,-0.15239985,1.3088408,-0.21867716,1.321843,0.79848266,0.7655233,0.29205468,0.24860707,0.120092936,1.2200968,-0.36599904,0.8821247,0.23363787,1.2995608,-0.3450844,0.14507438,0.4119468,0.2552663,0.579887,-0.65768605,0.2782796,0.27158117,-0.3411136,-0.6402069,0.43721312,0.29186875,-0.85282415,0.7552476,0.8181039,0.97273546,-0.04956835,-0.8538442,-0.7118144,0.6665064,0.21595943,-0.4223295,-0.6231543,1e-05,1.1830001,-1.541,3.14161,2.742,-1.569,0.7617198,-0.13886309,1.2636821,-0.20961136,1.2833469,0.6907351,0.812102,0.31571338,0.4690346,0.119796194,1.2578788,-0.366,0.8218844,0.21289264,1.2633009,-0.366,0.0,0.0,0.0,0.0,0.0,0.0,0.0,0.0,0.0,1.0,0.0,0.0,0.0,0.0,0.0,0.0
2.6829952e-05,1.1574562,-1.5208538,3.1407206,2.7420137,-1.5690054,0.791209,-0.23911957,1.1574626,-0.3207324,1.2235281,0.81892824,0.8231725,0.43171337,0.28216922,0.079779744,1.0290066,-0.36599842,0.7683685,0.3030901,1.1696573,-0.36232537,0.059114628,0.42937374,-0.07959125,0.21653096,-0.465824,0.7639059,0.10110376,-0.7657054,-0.9280414,-0.6989677,-0.6992506,-0.514169,0.95104957,0.9593389,-0.06481807,-0.28968778,-0.97076887,-0.90507054,-0.4438056,0.81609124,-0.81150556,-0.85840344,1e-05,1.1830001,-1.54101,3.14161,2.742,-1.569,0.7812825,-0.2870202,1.0841144,-0.3448553,1.1480482,0.59124804,0.9961215,0.5013368,0.4564929,0.06374422,1.0700437,-0.366,0.736012,0.37079895,1.1062819,-0.366,0.0,0.0,0.0,0.0,0.0,0.0,0.0,0.0,0.0,1.0,0.0,0.0,0.0,0.0,0.0,0.0
3.0581963e-05,1.1574534,-1.5208505,3.1407278,2.7420135,-1.5690051,0.8151612,-0.29034498,0.98814857,-0.36501682,1.173212,0.7434197,0.921348,0.6256014,0.17679527,-0.062183958,0.83040583,-0.36599892,0.59623235,0.40646678,1.0059679,-0.36505887,0.11903463,0.19887719,-0.42989856,-0.028936803,-0.52032113,0.51712275,0.26510176,-0.27233872,-0.9856083,-0.9231379,-0.13991897,-0.48303536,0.55071867,0.9588281,-0.8129636,-0.80568093,-0.9624849,-0.9742043,-0.78671575,0.60019606,-0.9583914,-0.61870915,1e-05,1.1830001,-1.54101,3.1416,2.742,-1.569,0.835274,-0.34248558,0.88338226,-0.366,1.1195518,0.4928715,1.1082827,0.69661486,0.2909221,-0.10034335,0.87402093,-0.366,0.57578695,0.4930368,0.9110928,-0.366,0.0,0.0,0.0,0.0,0.0,0.0,0.0,0.0,0.0,0.0,0.0,0.0,0.0,0.0,0.0,0.0
2.820053e-05,1.1574503,-1.5208491,3.140723,2.7420135,-1.5690056,0.8724349,-0.26437542,0.8022781,-0.36577663,1.2942921,0.6489652,1.0755881,0.6845302,0.03127779,-0.22163226,0.6540726,-0.36599907,0.57089365,0.40557346,0.8538698,-0.36585966,0.13606384,0.19244984,-0.54586256,-0.08913463,-0.62386703,0.80210143,0.3717869,0.3990275,-0.96058226,-0.8913685,0.7720162,-0.27682126,0.8016681,0.104691915,-0.9625927,-0.9404456,-0.9777844,-0.99484086,-0.0020265281,-0.19051588,-0.94181454,-0.3155194,1e-05,1.1830001,-1.54101,3.1416,2.742,-1.569,0.9120192,-0.26011732,0.68509644,-0.366,1.2789133,0.43572935,1.2737651,0.71822566,0.09222129,-0.29447252,0.6721842,-0.366,0.57536864,0.45371005,0.71668106,-0.366,0.0,0.0,0.0,0.0,0.0,0.0,0.0,0.0,0.0,0.0,0.0,0.0,0.0,0.0,0.0,0.0
2.6757396e-05,1.1574455,-1.5208468,3.140717,2.742103,-1.5690106,0.84981036,-0.11201328,0.57443684,-0.36591062,1.4306008,0.50685906,1.1968957,0.5446525,-0.10124894,-0.21758173,0.6838004,-0.36599863,0.6679153,0.28527826,0.61692894,-0.3659154,0.36636555,0.5306796,-0.079675786,0.16397826,-0.9247734,0.60735244,-0.20870915,0.8798055,-0.99211645,-0.31580102,0.9441469,-0.7656824,0.69935447,-0.7601715,-0.9549198,-0.20637909,-0.025322258,-0.9709142,0.7995947,-0.83476937,-0.9883629,-0.23822024,1e-05,1.1830001,-1.54101,3.14161,2.742,-1.569,0.86902344,-0.0788703,0.48071247,-0.366,1.4734151,0.2779926,1.4178377,0.56162417,-0.10449989,-0.33698827,0.66696763,-0.366,0.74009156,0.28174084,0.51307034,-0.366,0.0,0.0,0.0,0.0,0.0,0.0,0.0,0.0,0.0,0.0,0.0,0.0,0.0,0.0,0.0,0.0
3.2718955e-05,1.157452,-1.5208486,3.1407266,2.7420137,-1.5690055,0.795479,-0.078746624,0.56263036,-0.36578867,1.5712602,0.43402547,1.2764243,0.42453322,-0.21161626,-0.1719527,0.7999706,-0.36599863,0.67286974,0.21121667,0.5614931,-0.365775,-0.054309182,0.8530175,0.005827045,-0.061417833,-0.45603716,0.19833834,-0.11605181,0.62196267,0.5720757,-0.66738725,0.9888294,0.63646305,0.13370351,-0.68839926,-0.75456005,0.7381352,0.7533863,-0.77158225,0.22137998,-0.8855562,0.2760337,-0.3393109,0.0,1.1830001,-1.541,3.1416,2.742,-1.569,0.8460043,0.04449746,0.59418505,-0.366,1.6695517,0.40423656,1.4443581,0.42507857,-0.25416866,-0.19057742,0.81640357,-0.366,0.7840028,0.10608868,0.5678223,-0.366,0.0,0.0,0.0,0.0,0.0,0.0,0.0,0.0,0.0,0.0,0.0,0.0,0.0,0.0,0.0,0.0
2.9003528e-05,1.1574497,-1.5208497,3.1407163,2.7420137,-1.5690054,0.804878,-0.0535,0.715946,-0.36483642,1.665897,0.43859577,1.3211002,0.36412072,-0.29287022,-0.1271123,0.9857806,-0.36599863,0.68768066,0.21810916,0.64479434,-0.3511783,-0.50992346,0.30570227,-0.5023657,0.5274429,-0.013358951,-0.020454094,0.008474495,0.025534496,0.90546197,-0.6880375,0.3381304,0.8985509,-0.7732593,-0.59345675,-0.6433381,0.38444462,0.9239285,-0.94597244,-0.030404355,-0.29483187,0.8306133,-0.44905156,0.0,1.1830001,-1.54101,3.14161,2.742,-1.56901,0.84763116,0.0493993,0.7680061,-0.366,1.7344624,0.57673085,1.295916,0.311153,-0.314,-0.116775796,0.9937696,-0.366,0.77816606,0.049489975,0.72727466,-0.366,0.0,0.0,0.0,0.0,0.0,0.0,0.0,0.0,0.0,0.0,0.0,0.0,0.0,0.0,0.0,0.0
3.0098212e-05,1.157451,-1.520851,3.140716,2.7420137,-1.5690107,0.811365,-0.05111721,0.90906906,-0.36574286,1.6067845,0.5433324,1.3478645,0.32376724,-0.31166515,-0.05386982,1.1914133,-0.36599863,0.70268124,0.23717162,0.79301816,-0.3654393,-0.5065557,-0.12345553,-0.011112273,0.40556803,0.4873878,0.14834408,-0.2939751,-0.03849961,0.9591571,-0.60495496,-0.73237395,0.9797102,-0.9182703,-0.4696386,-0.10481258,0.38144994,0.98478574,-0.9891945,-0.25192136,0.24884069,0.9272965,-0.09661332,0.0,1.183,-1.54101,3.14161,2.7421,-1.569,0.78685707,0.041440196,0.9662947,-0.366,1.5830572,0.77926844,1.1060799,0.21406361,-0.314,-0.037917838,1.1973565,-0.366,0.72608584,0.10093334,0.91897666,-0.366,0.0,0.0,0.0,0.0,0.0,0.0,0.0,0.0,0.0,0.0,0.0,0.0,0.0,0.0,0.0,0.0
2.3285362e-05,1.1574395,-1.520847,3.140695,2.742103,-1.5690049,0.7932571,-0.059060868,1.0980368,-0.3657314,1.5284253,0.7456255,1.3000394,0.25274938,-0.25897983,0.014533328,1.329597,-0.3659993,0.7027437,0.24284413,0.962128,-0.3659878,-0.62321854,-0.29247445,0.4467476,0.09830681,0.37509963,0.5705017,-0.3084709,-0.08555331,0.98750216,-0.7644414,-0.78749764,0.99594206,-0.9836541,-0.5503945,0.7790375,0.3850758,0.9726428,-0.9978389,-0.44403705,0.24957292,0.97926736,-0.08059123,0.0,1.183,-1.541,3.14161,2.7421,-1.569,0.72654593,0.024713108,1.1593677,-0.366,1.4290884,0.9739916,0.9137593,0.10645239,-0.1616853,0.037370853,1.3875242,-0.366,0.63926923,0.14972898,1.1104397,-0.366,0.0,0.0,0.0,0.0,0.0,0.0,0.0,0.0,0.0,1.0,0.0,0.0,0.0,0.0,0.0,0.0
2.5215848e-05,1.1574525,-1.5208516,3.1407118,2.7420137,-1.5690109,0.76466197,-0.120804615,1.2484021,-0.36587003,1.3611665,0.9092887,1.0504826,0.16807418,-0.16130285,0.047944464,1.2741807,-0.3660058,0.71029586,0.21470156,1.129788,-0.3654504,-0.4551201,-0.015413888,0.6584825,0.6151647,0.13212773,-0.019567534,0.122787796,-0.22375289,0.94601667,-0.4619757,-0.94687617,0.006312236,-0.9388002,-0.11376728,0.9558075,0.25279695,-0.14258145,-0.9995678,-0.07328563,-0.0054399297,0.69769615,-0.22751112,0.0,1.183,-1.541,3.14161,2.7421,-1.56901,0.7512266,-0.0202618,1.3495195,-0.366,1.2387638,0.9752604,0.725058,0.083584875,0.030434474,0.08818369,1.358865,-0.366,0.62453866,0.14863554,1.2506784,-0.366,0.0,0.0,0.0,0.0,0.0,0.0,0.0,0.0,0.0,1.0,0.0,0.0,0.0,0.0,0.0,0.0
2.805492e-05,1.1574551,-1.5208539,3.1407216,2.7420137,-1.5690107,0.8254214,-0.14408703,1.4099901,-0.36158335,1.235359,0.88011324,0.754735,0.19738956,0.01738979,0.07603688,1.1625196,-0.36599827,0.8005778,0.20486589,1.244678,-0.36230376,-0.3984938,0.084687516,0.42824173,0.85874325,-0.1639466,-0.102112114,0.42277884,-0.106227756,0.61629623,0.03018672,-0.27816498,-0.6989173,-0.6693578,0.6682985,0.9647284,0.15323222,-0.7313008,-0.7408107,0.5133709,-0.28401342,0.21444027,-0.46985468,0.0,1.1830001,-1.541,3.14161,2.742,-1.56901,0.83544517,-0.041422624,1.4722872,-0.35998672,1.1833527,0.83603436,0.59172034,0.21671154,0.2226107,0.11870792,1.2131882,-0.366,0.72680336,0.09205938,1.2933954,-0.366,0.0,0.0,0.0,0.0,0.0,0.0,0.0,0.0,0.0,1.0,0.0,0.0,0.0,0.0,0.0,0.0
2.5466332e-05,1.1574562,-1.5208557,3.1407151,2.742103,-1.5690053,0.91500604,-0.17467158,1.4315313,-0.24549882,1.3334213,0.77546084,0.669597,0.3647881,0.18435855,0.11401748,1.0702676,-0.36599827,0.9233015,0.20288086,1.2360332,-0.3588911,-0.12497016,0.34367657,0.34334263,0.6990959,-0.5152861,0.016860234,0.23706973,-0.13666783,0.07995252,0.80181444,0.64823395,-0.84771085,0.4496768,0.9026819,0.98604167,0.10423606,-0.51995593,-0.6198664,0.65956825,-0.18438743,-0.3733601,-0.4967497,0.0,1.1830001,-1.541,3.14161,2.742,-1.569,0.88059324,-0.06744993,1.4875135,-0.2072875,1.3068037,0.6745945,0.67735773,0.38862014,0.41039455,0.13855885,1.1141667,-0.366,0.85241294,0.056944255,1.222292,-0.366,0.0,0.0,0.0,0.0,0.0,0.0,0.0,0.0,0.0,0.0,0.0,0.0,0.0,0.0,0.0,0.0
3.3414493e-05,1.1574566,-1.5208582,3.1407144,2.742103,-1.5690045,0.91952306,-0.1939369,1.3645697,-0.21300778,1.3244739,0.72816926,0.7284408,0.51530427,0.29615408,0.118048444,0.91916406,-0.36599827,0.89377636,0.22743829,1.1357741,-0.36568195,-0.12843552,0.61042,0.08070022,0.0744284,-0.5300514,0.5755399,-0.30568597,-0.61604697,-0.7840095,0.0064448565,-0.091521606,-0.45635426,0.8803122,0.9259563,0.6047931,0.03818594,-0.67527485,-0.92397326,-0.23268132,0.6970401,-0.87467206,-0.673903,0.0,1.1830001,-1.541,3.14161,2.742,-1.569,0.82056177,-0.1884309,1.3335476,-0.20602185,1.2888304,0.5849744,0.8502358,0.570462,0.52916545,0.1460579,0.9815544,-0.366,0.80671835,0.19383089,1.0505215,-0.366,0.0,0.0,0.0,0.0,0.0,0.0,0.0,0.0,0.0,0.0,0.0,1.0,0.0,0.0,0.0,0.0
3.130374e-05,1.1574557,-1.5208527,3.1407323,2.742014,-1.5690109,0.8631548,-0.22668786,1.2325851,-0.339344,1.2631867,0.7133219,0.76218796,0.66691786,0.28012648,0.023085672,0.7920751,-0.36599827,0.6913721,0.32111996,0.9420606,-0.36585504,-0.38212118,0.25764027,0.07050342,-0.15043846,-0.4296239,0.65973026,-0.09384675,-0.38942286,-0.9568019,-0.7594403,-0.31696513,-0.32437703,0.6422241,0.9851913,-0.67776376,-0.7479972,-0.841239,-0.9847947,-0.815763,0.8562437,-0.97493446,-0.47912717,0.0,1.1830001,-1.541,3.1416,2.742,-1.569,0.8012051,-0.26875255,1.1361994,-0.3626626,1.2234538,0.518069,0.98269975,0.7736657,0.38937116,-0.008222625,0.808042,-0.366,0.6384606,0.37043816,0.8494333,-0.366,0.0,0.0,0.0,0.0,0.0,0.0,0.0,0.0,0.0,0.0,0.0,0.0,0.0,0.0,0.0,0.0
2.8193597e-05,1.1574514,-1.5208496,3.1407251,2.7420137,-1.5690053,0.8566419,-0.22413367,1.0580895,-0.36361971,1.3098474,0.6601928,0.8204928,0.7348978,0.1414291,-0.13746925,0.6188888,-0.36599827,0.56490654,0.36614442,0.7625773,-0.36590907,0.102721296,0.01233571,-0.19081682,0.11108959,-0.5026807,0.90432656,0.32911277,0.16427061,-0.9913604,-0.7728804,0.51473475,-0.40814638,0.7112862,0.26111084,-0.89949685,-0.8291822,-0.9574247,-0.92559457,-0.41404462,0.255814,-0.90887713,-0.42401615,1e-05,1.1830001,-1.54101,3.14161,2.742,-1.569,0.86421853,-0.23730054,0.94638896,-0.366,1.3220072,0.43992347,1.1188859,0.8236592,0.21714936,-0.16698165,0.62472904,-0.366,0.5591857,0.41941747,0.6754155,-0.366,0.0,0.0,0.0,0.0,0.0,1.0,0.0,0.0,0.0,0.0,0.0,0.0,0.0,0.0,0.0,0.0
3.7416623e-05,1.1574429,-1.520848,3.1407163,2.742103,-1.5690044,0.86019844,-0.15720278,0.83335406,-0.36560982,1.3854218,0.5259222,0.89938706,0.6902935,0.030656934,-0.2519046,0.503065,-0.36599827,0.56779003,0.37868363,0.59302086,-0.36593685,0.50758207,-0.73117894,-0.21388237,0.66765153,-0.4443548,0.719113,0.012347776,0.44236898,-0.98032916,-0.46490675,0.83490336,-0.4311386,0.9422573,-0.19789773,-0.88876784,-0.8787603,-0.6626046,-0.88331187,0.6059188,-0.13339452,-0.87668586,-0.73526126,1e-05,1.183,-1.54101,3.14161,2.742,-1.569,0.8667921,-0.14510165,0.742068,-0.366,1.4960184,0.35006523,1.3152719,0.7824132,0.031911656,-0.35013357,0.48662847,-0.366,0.6854718,0.39161527,0.49269593,-0.366,0.0,0.0,0.0,0.0,0.0,1.0,0.0,0.0,0.0,0.0,0.0,1.0,0.0,0.0,0.0,0.0
3.82386e-05,1.1574417,-1.5208447,3.1407237,2.742014,-1.5690051,0.7462161,-0.09519383,0.6410799,-0.3450915,1.4779927,0.41289723,0.9287395,0.5907198,-0.10388923,-0.2508819,0.53794324,-0.36599827,0.62049764,0.354809,0.3806992,-0.36593866,0.39643717,-0.732532,0.5490703,0.6867988,-0.3122246,0.38532537,-0.74411005,0.56276524,-0.7331015,0.12851462,0.86554635,-0.2562944,0.97148573,-0.3246982,-0.9777536,-0.19570147,0.2942597,-0.7604505,0.92118376,-0.689035,-0.97361875,-0.77516913,1e-05,1.183,-1.541,3.14161,2.742,-1.569,0.7215511,-0.03525693,0.5989758,-0.34091556,1.6649622,0.30003977,1.5048937,0.71903616,-0.15893358,-0.38833204,0.5440643,-0.366,0.86527526,0.25712427,0.30265775,-0.366,0.0,0.0,0.0,0.0,0.0,1.0,0.0,0.0,0.0,0.0,0.0,0.0,0.0,0.0,0.0,0.0
4.661387e-05,1.1574451,-1.5208405,3.140738,2.7420135,-1.5690107,0.6354229,-0.07904375,0.67700505,-0.36142823,1.6058463,0.2931581,0.96630085,0.50722086,-0.26466203,-0.21268517,0.6818911,-0.36599827,0.67646384,0.29288802,0.32371876,-0.36594018,-0.30588743,0.16967653,0.4517572,-0.006225243,-0.08828584,0.056681365,-0.3083768,0.2563077,0.5073384,-0.37446684,0.9518852,0.68611693,0.10611739,-0.42587963,-0.992676,0.6626387,0.85885197,-0.76240623,0.056669444,-0.8259997,0.22879547,-0.76099277,0.0,1.1830001,-1.541,3.1416,2.742,-1.569,0.66268116,0.013672903,0.6958281,-0.366,1.8466797,0.43102133,1.5251517,0.6377346,-0.314,-0.2618325,0.70802146,-0.366,0.8760936,0.0994387,0.34633544,-0.366,0.0,0.0,0.0,0.0,0.0,1.0,0.0,0.0,0.0,0.0,0.0,0.0,0.0,0.0,0.0,0.0
4.6504723e-05,1.1574398,-1.5208399,3.1407306,2.7420201,-1.5690105,0.6581797,-0.039248545,0.8304437,-0.36513466,1.7144065,0.31394824,1.0560887,0.49950013,-0.30900273,-0.1265791,0.89141506,-0.36599827,0.64445853,0.23232652,0.43019164,-0.363967,-0.4797193,0.067409426,0.22238809,0.27217704,-0.15178472,0.1016563,0.34399804,0.12696034,0.82687426,-0.53232634,0.32332003,0.93722343,-0.60154986,-0.26571125,-0.8566328,0.75195855,0.9717704,-0.95248127,-0.68280315,-0.35250264,0.8457591,-0.81242126,0.0,1.1830001,-1.541,3.14161,2.742,-1.569,0.73232716,0.03937735,0.8632374,-0.366,1.9121392,0.620772,1.4033617,0.5839386,-0.314,-0.109590635,0.90476656,-0.366,0.737853,0.028070852,0.51756823,-0.366,0.0,0.0,0.0,0.0,0.0,0.0,0.0,0.0,0.0,0.0,0.0,0.0,0.0,0.0,0.0,0.0
3.6518108e-05,1.1574509,-1.5208492,3.1407237,2.7420135,-1.5690107,0.6778603,-0.039326508,1.0079468,-0.36483786,1.6759201,0.45922765,1.1274676,0.42352718,-0.31314567,0.008654616,1.0776961,-0.36599827,0.63838404,0.23582338,0.58213,-0.3650457,-0.42143297,-0.07765672,-0.051929303,0.36161786,0.26200262,-0.3019986,-0.18366665,0.16918336,0.92767006,-0.73757255,-0.7117105,0.9874447,-0.92030996,-0.85314226,-0.58703476,0.75662404,0.89481497,-0.9904963,-0.20387007,0.16283935,0.96915185,-0.32774925,0.0,1.183,-1.54101,3.14161,2.7421,-1.56901,0.6963293,0.07253656,1.0450567,-0.366,1.772647,0.81430686,1.2229849,0.4167264,-0.314,0.038704395,1.0801464,-0.366,0.69789535,0.05998666,0.7075178,-0.366,0.0,0.0,0.0,0.0,0.0,0.0,0.0,0.0,0.0,0.0,0.0,0.0,0.0,0.0,0.0,0.0
2.91255e-05,1.1574506,-1.5208507,3.1407123,2.7420135,-1.5690058,0.66350645,-0.04490024,1.2096305,-0.3659115,1.5930781,0.7547324,1.0758842,0.24498664,-0.2547445,0.16154924,1.2727691,-0.36599827,0.67258054,0.24199308,0.77585006,-0.36054197,-0.5024354,-0.1815571,0.17176235,0.13354239,0.27091998,-0.3224464,-0.3801412,-0.07875803,0.985534,-0.5592532,-0.9423421,0.97651136,-0.97370905,-0.9706285,0.40039432,0.7535032,0.96310997,-0.99809927,-0.026126582,0.3488866,0.95066255,0.031716533,0.0,1.183,-1.541,3.14161,2.7421,-1.56901,0.61790913,0.05628939,1.2483647,-0.366,1.5782492,1.0157535,1.0221163,0.2164933,-0.23140177,0.19414625,1.2788285,-0.366,0.69250566,0.13195926,0.9036321,-0.35945714,0.0,0.0,0.0,0.0,0.0,0.0,0.0,0.0,0.0,0.0,0.0,0.0,0.0,0.0,0.0,0.0
3.069935e-05,1.1574506,-1.520851,3.140716,2.7420135,-1.5690107,0.6601063,-0.05238102,1.3947853,-0.3659972,1.4285661,0.91748714,0.89966816,0.040135384,-0.13885741,0.21248367,1.4191077,-0.36600447,0.66976273,0.24848588,0.96577036,-0.36354133,-0.3533787,0.053644653,0.38198388,0.46014717,0.08543505,-0.5004041,-0.2665456,-0.122186586,0.81441295,-0.35873938,-0.8628304,-0.018534735,-0.9947418,-0.9941257,0.88007885,0.48350948,0.9689103,-0.8315792,-0.09042422,0.09267193,0.92773443,-0.12580618,0.0,1.1830001,-1.541,3.14161,2.7421,-1.56901,0.5634922,0.031344246,1.4146321,-0.366,1.4020971,1.0119696,0.8190336,0.013536409,-0.05172825,0.29285768,1.4766375,-0.366,0.67404497,0.1508788,1.0930347,-0.366,0.0,0.0,0.0,0.0,0.0,0.0,0.0,0.0,0.0,0.0,0.0,0.0,0.0,0.0,0.0,0.0
3.297255e-05,1.1574421,-1.5208498,3.1407096,2.7421033,-1.5690048,0.6774348,-0.039422005,1.5366074,-0.36048427,1.3692883,0.8964775,0.7779498,0.058215097,0.014053541,0.21513298,1.4270227,-0.36600497,0.7630568,0.2380602,1.0451945,-0.36384055,-0.084464855,0.26171586,0.027555961,0.7544133,-0.09468232,-0.25615492,0.15848517,-0.089853436,0.4989123,0.063106604,-0.3018326,-0.80370694,-0.40391678,0.289614,0.9734025,-0.03110201,0.16092388,-0.89387506,0.39282304,-0.17764248,0.19063304,-0.35817665,0.0,1.1830001,-1.541,3.14161,2.742,-1.56901,0.5953624,0.013275364,1.5149598,-0.35330972,1.3414007,0.8503499,0.7378089,0.071775705,0.14401601,0.28660327,1.5089982,-0.366,0.7530389,0.11515617,1.1313697,-0.366,0.0,0.0,0.0,0.0,0.0,0.0,0.0,0.0,0.0,1.0,0.0,0.0,0.0,0.0,0.0,0.0
2.0796153e-05,1.1574444,-1.520841,3.1407647,2.742105,-1.5690125,0.72491705,-0.11364339,1.5097184,-0.26653573,1.3767011,0.8131782,0.7724725,0.19490893,0.19053607,0.20567483,1.3551387,-0.3660009,0.861358,0.22256581,1.0270474,-0.3659601,0.29546282,0.22813943,-0.15120053,0.701261,-0.4841727,0.07833047,0.3234578,-0.34601304,-0.23480868,0.52706087,0.1247588,-0.9535291,0.60477453,0.84103096,0.9295832,-0.3521463,-0.62603766,-0.76862997,0.6685534,0.2235481,-0.288678,-0.62123,1e-05,1.1830001,-1.54101,3.14161,2.742,-1.569,0.66303337,-0.05911438,1.4658352,-0.24304277,1.3675016,0.6508611,0.8643344,0.24772866,0.33849508,0.21293038,1.3780242,-0.366,0.8929076,0.1619249,1.0709751,-0.366,0.0,0.0,0.0,0.0,0.0,0.0,0.0,0.0,0.0,1.0,0.0,1.0,0.0,0.0,0.0,0.0
2.7790049e-05,1.1574465,-1.520847,3.1407368,2.7421043,-1.5690113,0.7068613,-0.22262077,1.386448,-0.33382544,1.2612965,0.8148549,0.793537,0.32189485,0.24914853,0.161209,1.1998165,-0.3659983,0.7974667,0.26262102,0.96192956,-0.36596647,0.5679498,0.2968221,-0.026973097,-0.15199256,-0.64009625,0.7844199,-0.1900301,-0.7961266,-0.84696174,-0.61968786,-0.77504826,-0.275034,0.8804808,0.92366165,0.22636887,-0.30432084,-0.9086204,-0.93375635,-0.57107145,0.79777384,-0.85773563,-0.82867175,1e-05,1.1830001,-1.54101,3.1416,2.742,-1.569,0.62611884,-0.2137668,1.3013078,-0.3634209,1.2169437,0.59743404,1.0353732,0.42715555,0.3824686,0.15381421,1.2015193,-0.366,0.78197354,0.3168973,0.9043547,-0.366,0.0,0.0,0.0,0.0,0.0,0.0,0.0,0.0,0.0,1.0,0.0,0.0,0.0,0.0,0.0,0.0
3.4047687e-05,1.1574651,-1.5208566,3.1407285,2.7420137,-1.5690109,0.66715443,-0.27634478,1.2335739,-0.36278197,1.2033312,0.7620219,0.8685752,0.48928922,0.19747119,0.018707464,0.99153775,-0.3659983,0.61713135,0.35325515,0.8077311,-0.36596784,0.89608276,-0.061374936,-0.6238515,-0.14058064,-0.72419274,0.56925714,0.3431804,-0.55844086,-0.9666769,-0.92375886,-0.24743532,-0.45143402,0.41216516,0.8507892,-0.58853287,-0.86086416,-0.9817241,-0.7882614,-0.8122096,0.5302955,-0.9519439,-0.7033086,1e-05,1.183,-1.54101,3.1416,2.742,-1.569,0.6931525,-0.32284743,1.1124861,-0.366,1.168612,0.5092552,1.1158817,0.59334075,0.2675101,-0.014338955,1.0097585,-0.366,0.6233241,0.42048028,0.71841085,-0.366,0.0,0.0,0.0,0.0,0.0,1.0,0.0,0.0,0.0,0.0,0.0,0.0,0.0,0.0,0.0,0.0
3.2415104e-05,1.1574517,-1.5208493,3.1407275,2.7420137,-1.5690106,0.76373863,-0.29266387,1.0358634,-0.36546588,1.282677,0.69601184,0.9295147,0.5557177,0.036004715,-0.1608856,0.7866543,-0.3659983,0.54878503,0.39875773,0.6149955,-0.36596954,0.94884074,-0.1943544,-0.644353,0.06916255,-0.8315363,0.6101761,0.79579335,-0.05885929,-0.99333537,-0.97351193,0.75051296,-0.22726798,0.71995986,0.32689568,-0.8819181,-0.9295591,-0.9963448,-0.9292015,-0.0987885,0.08707933,-0.9729713,-0.53611904,1e-05,1.183,-1.54101,3.14161,2.742,-1.569,0.85812545,-0.33504933,0.9065615,-0.366,1.324198,0.4621411,1.2651339,0.66110826,0.08468294,-0.20704238,0.80320996,-0.366,0.6028446,0.43853238,0.5167078,-0.366,0.0,0.0,0.0,0.0,0.0,1.0,0.0,0.0,0.0,0.0,0.0,0.0,0.0,0.0,0.0,0.0
3.8234644e-05,1.1574512,-1.5208485,3.1407313,2.7420137,-1.5690105,0.8271844,-0.23374936,0.83183104,-0.36590764,1.371274,0.5731208,0.97536904,0.45921078,-0.07995837,-0.2629452,0.65377235,-0.3659983,0.6347485,0.37264103,0.421516,-0.36597064,0.8699431,0.27042207,-0.48773307,0.803069,-0.9663073,0.5949468,0.20098862,0.61040735,-0.9986671,-0.65362823,0.7238191,-0.81724304,0.91109,-0.3477273,-0.9763836,-0.7819349,-0.8678069,-0.71698254,0.7802423,-0.36102897,-0.9945943,-0.7927599,1e-05,1.1830001,-1.54101,3.14161,2.742,-1.569,0.8989616,-0.211029,0.70365596,-0.366,1.4712609,0.29609662,1.4502459,0.5904583,-0.11369513,-0.3659131,0.6268921,-0.366,0.7613714,0.36517984,0.31462973,-0.366,0.0,0.0,0.0,0.0,0.0,0.0,0.0,0.0,0.0,0.0,0.0,0.0,0.0,0.0,0.0,0.0
4.1259096e-05,1.1574486,-1.520846,3.1407337,2.7420137,-1.5690106,0.74009585,-0.11183659,0.698201,-0.36593622,1.4631215,0.414412,0.968247,0.3812643,-0.24848095,-0.24541256,0.6846251,-0.3659983,0.74292755,0.30296105,0.19378895,-0.36597097,0.5885402,0.2646264,0.0454097,0.3533244,-0.03398022,0.20613521,-0.754649,0.79286575,-0.31209308,-0.37028247,0.8859932,-0.31804362,0.48824418,-0.15914598,-0.99527675,0.2606396,0.21281923,-0.4377383,0.9560485,-0.34055465,-0.8988503,-0.9540904,1e-05,1.1830001,-1.541,3.14161,2.742,-1.569,0.7525685,-0.057222277,0.64311355,-0.366,1.6431333,0.23439987,1.5449595,0.5595858,-0.30676723,-0.31535205,0.66817653,-0.366,0.9468336,0.2991162,0.14026324,-0.366,0.0,0.0,0.0,0.0,0.0,0.0,0.0,0.0,0.0,0.0,0.0,0.0,0.0,0.0,0.0,0.0
4.52621e-05,1.1574475,-1.520844,3.140735,2.7420135,-1.5690104,0.6611155,-0.1515894,0.7569465,-0.3659877,1.5974182,0.26755983,0.95722806,0.4410058,-0.3060925,-0.23587549,0.81797767,-0.3659983,0.76294607,0.2537256,0.15418957,-0.36597133,-0.09996311,-0.07150328,0.32919514,-0.27706572,0.79320395,0.35702774,-0.4847172,-0.07557371,0.7375814,-0.2548708,0.97719866,0.7056663,0.1790823,0.44870803,-0.81754875,0.13335173,0.84256387,-0.46095327,0.18626618,-0.67792624,0.10838114,-0.97861844,0.0,1.183,-1.541,3.1416,2.7421,-1.569,0.65458274,-0.07249953,0.7922159,-0.366,1.8406743,0.37705055,1.5811611,0.6502923,-0.314,-0.28839496,0.8385011,-0.366,0.98448735,0.16207318,0.16217253,-0.366,0.0,0.0,0.0,0.0,0.0,0.0,0.0,0.0,0.0,0.0,0.0,0.0,0.0,0.0,0.0,0.0
3.0576433e-05,1.1574504,-1.5208498,3.1407194,2.7420137,-1.5690106,0.6221646,-0.1317733,0.9270746,-0.36598796,1.6894937,0.20737156,0.9589774,0.56649345,-0.31290007,-0.20555255,0.9991662,-0.3659983,0.7200082,0.20290345,0.24867442,-0.36597168,-0.2747312,-0.18687776,0.16557989,-0.06227067,0.14193065,0.07225396,0.14757237,0.025348958,0.9475163,-0.48451006,0.5273088,0.94113326,-0.7641835,0.35426697,-0.9276203,0.34325263,0.9268354,-0.87814677,-0.5569679,-0.35974213,0.7764996,-0.9957237,0.0,1.183,-1.541,3.1416,2.7421,-1.569,0.68385124,-0.06747199,0.98014,-0.366,1.9452572,0.56370866,1.4295981,0.72055525,-0.314,-0.22031653,1.0223235,-0.366,0.87402207,0.09072432,0.3161783,-0.366,0.0,0.0,0.0,0.0,0.0,0.0,0.0,0.0,0.0,0.0,0.0,0.0,0.0,0.0,0.0,0.0
3.804389e-05,1.157449,-1.520848,3.140729,2.7420137,-1.569007,0.61825967,-0.12018979,1.0990069,-0.36559433,1.6635566,0.3250228,1.0058963,0.5571375,-0.31366608,-0.11314448,1.1968845,-0.3659983,0.69693977,0.20140392,0.40634155,-0.36597204,-0.20937285,-0.081645966,0.16114491,0.23239231,-0.09450623,-0.22488251,0.07668298,0.023054847,0.98950326,-0.87909204,-0.6756542,0.9395025,-0.9223124,-0.6617882,-0.68534684,0.67448795,0.96178794,-0.87918454,-0.3758782,-0.0024246573,0.9461876,-0.549693,0.0,1.183,-1.541,3.14161,2.742,-1.56901,0.6987927,-0.06297982,1.1729417,-0.366,1.813608,0.7467679,1.2498883,0.5916078,-0.314,-0.08889459,1.2097249,-0.366,0.80078334,0.090251885,0.5005401,-0.366,0.0,0.0,0.0,0.0,0.0,0.0,0.0,0.0,0.0,0.0,0.0,0.0,0.0,0.0,0.0,0.0
3.098272e-05,1.1574512,-1.5208539,3.1406999,2.7421026,-1.5690044,0.6530736,-0.13120808,1.2958091,-0.3659613,1.6095532,0.58035994,1.0604231,0.44870433,-0.3082234,0.021288572,1.3985162,-0.3659983,0.7202553,0.20783879,0.6090645,-0.3659729,-0.10502125,0.13489851,0.2778994,0.37292007,-0.12472238,0.071610436,-0.13889202,-0.060816444,0.9560357,-0.9225081,-0.93513083,0.916328,-0.9844625,-0.9123819,0.041702166,0.7073578,0.9923576,-0.87364036,-0.29875702,0.16078058,0.927184,-0.2707111,0.0,1.1830001,-1.541,3.14161,2.742,-1.569,0.6717402,-0.07482527,1.3591524,-0.366,1.631469,0.9252446,1.0581408,0.41389966,-0.3058775,0.048880234,1.4030102,-0.366,0.7425933,0.12156774,0.6811313,-0.366,0.0,0.0,0.0,0.0,0.0,0.0,0.0,0.0,0.0,0.0,0.0,0.0,0.0,0.0,0.0,0.0
2.8230079e-05,1.1574517,-1.5208519,3.1407127,2.742026,-1.5690051,0.69484216,-0.16125828,1.458328,-0.36599812,1.503909,0.7977814,0.99748826,0.28446496,-0.27687123,0.12766914,1.4974654,-0.36600372,0.7360295,0.20284845,0.78683925,-0.36597377,0.019931654,0.2068487,0.4321284,0.3117868,-0.08481031,0.1259186,-0.20966947,-0.144535,0.8720677,-0.5660599,-0.87392426,0.37767825,-0.9968925,-0.9824764,0.7669556,0.6053263,0.9435115,-0.84712857,-0.19012205,0.059051163,0.9827957,-0.22410561,1e-05,1.1830001,-1.541,3.14161,2.742,-1.569,0.63043946,-0.1032958,1.5309324,-0.366,1.4593233,0.99963975,0.8617727,0.2203713,-0.15480247,0.1681175,1.5888633,-0.366,0.70514303,0.13319965,0.87472254,-0.366,0.0,0.0,0.0,0.0,0.0,0.0,0.0,0.0,0.0,0.0,0.0,0.0,0.0,0.0,0.0,0.0
1.6910677e-05,1.1574435,-1.5208402,3.1407514,2.7421048,-1.5690122,0.7142099,-0.2017872,1.5265167,-0.3659972,1.4318851,0.889416,1.0448744,0.28246328,-0.2238908,0.15961821,1.490612,-0.36600557,0.76308787,0.18809226,0.9295929,-0.36597446,-0.0812384,0.6088239,0.59091634,0.45154396,-0.15715599,0.105912924,-0.14241448,-0.1794648,0.5411781,-0.35660052,-0.8287416,-0.2162965,-0.9993785,-0.5198457,0.9177646,0.24775578,0.08592575,-0.9346245,-0.007860567,-0.054987516,0.7734429,-0.2688649,0.0,1.1830001,-1.541,3.14161,2.742,-1.569,0.6005921,-0.14090826,1.6443532,-0.366,1.2856346,0.9543081,0.65232176,0.111421406,0.037543744,0.22004245,1.6068717,-0.366,0.7034956,0.1216753,1.0368216,-0.366,0.0,0.0,0.0,0.0,0.0,0.0,0.0,0.0,0.0,0.0,0.0,0.0,0.0,0.0,0.0,0.0
1.1770773e-05,1.1574394,-1.5208353,3.1407504,2.7421048,-1.5690124,0.73687565,-0.21522105,1.5238836,-0.31442916,1.383848,0.94610244,1.0221115,0.32715303,-0.10472549,0.16608195,1.385497,-0.36600488,0.78496575,0.1756825,0.98835164,-0.3659757,-0.16019128,0.9217648,0.34858948,0.19838117,-0.5533616,0.4112076,0.25819218,-0.049270388,-0.2067003,0.37934637,-0.3518742,-0.5234935,-0.076107346,0.27751175,0.981629,-0.0045445785,-0.6466317,-0.9627718,0.36994827,-0.09573332,0.1660184,-0.2285789,0.0,1.1830001,-1.541,3.14161,2.742,-1.569,0.65402174,-0.15110415,1.6015791,-0.28749898,1.2128186,0.8459776,0.6365723,0.16884902,0.2406797,0.21910201,1.4730593,-0.366,0.7800518,0.10186447,1.071177,-0.366,0.0,0.0,0.0,0.0,0.0,0.0,0.0,0.0,0.0,1.0,0.0,0.0,0.0,0.0,0.0,0.0
2.1154341e-05,1.1574454,-1.5208423,3.140762,2.742105,-1.5690124,0.7827327,-0.22905356,1.461891,-0.17766182,1.2984302,0.9532167,0.94627416,0.3721363,0.111625314,0.17876038,1.2361171,-0.36600843,0.83471376,0.19552208,0.9552698,-0.36597702,0.11565806,0.76198876,0.32165086,0.019052329,-0.7201035,0.57046324,0.3702645,-0.19163747,-0.80906284,0.69295675,0.0009132698,-0.59498703,0.7534184,0.6532588,0.99632585,-0.03046594,-0.91694486,-0.9079705,0.43546712,0.3114429,-0.40955493,-0.42998332,1e-05,1.1830001,-1.541,3.14161,2.742,-1.569,0.7289742,-0.18989725,1.4378008,-0.147224,1.2130035,0.72553456,0.7890865,0.30108798,0.4423656,0.2129348,1.2874424,-0.366,0.8682033,0.16490975,0.98827094,-0.366,0.0,0.0,0.0,0.0,0.0,0.0,0.0,0.0,0.0,0.0,0.0,0.0,0.0,0.0,0.0,0.0
2.537032e-05,1.157452,-1.5208536,3.140698,2.7421029,-1.5690044,0.8343225,-0.276191,1.3532139,-0.17032923,1.2196366,0.8978313,0.9080797,0.42239302,0.2784864,0.1366706,1.0369686,-0.36599854,0.8555176,0.27915114,0.86919755,-0.3659782,0.32013002,0.9392124,0.1768777,-0.53577685,-0.71884584,0.81958747,0.28064418,-0.43246043,-0.94576716,-0.19931021,-0.58285946,-0.46066505,0.9506837,0.86660266,0.20975617,-0.37237766,-0.983389,-0.9815941,-0.17141055,0.8476908,-0.86313254,-0.32159024,1e-05,1.1830001,-1.541,3.1416,2.742,-1.569,0.7855923,-0.2771433,1.2469984,-0.18743351,1.0954155,0.6325984,0.9808807,0.47591937,0.4846825,0.13781007,1.0890502,-0.366,0.83362234,0.3359258,0.8141396,-0.366,0.0,0.0,0.0,0.0,0.0,0.0,0.0,0.0,0.0,1.0,0.0,1.0,0.0,0.0,0.0,0.0
2.5659478e-05,1.1574413,-1.5208468,3.1407096,2.7421033,-1.5690049,0.8054827,-0.29629707,1.1700326,-0.31526884,1.1667863,0.90079325,0.94729125,0.54863715,0.3301803,0.047811385,0.884924,-0.36599615,0.78375566,0.39111137,0.7070374,-0.36597893,0.6200535,0.4001683,-0.11221979,-0.31463972,-0.68325067,0.693631,0.3721719,-0.21448076,-0.98915344,-0.76368225,-0.36370352,-0.39409938,0.59998006,0.7731125,-0.61101854,-0.5776226,-0.9966778,-0.9350842,-0.30051643,0.6902648,-0.93246824,-0.30109662,1e-05,1.1830001,-1.54101,3.1416,2.742,-1.569,0.86070234,-0.32042882,1.047372,-0.34155637,1.0220145,0.55306304,1.1019659,0.6319454,0.36136952,0.021236911,0.8879052,-0.366,0.7729735,0.4752319,0.62595314,-0.366,0.0,0.0,0.0,0.0,0.0,0.0,0.0,0.0,0.0,0.0,0.0,0.0,0.0,0.0,0.0,0.0
3.062978e-05,1.1574535,-1.5208517,3.1407251,2.7420137,-1.5690107,0.8657381,-0.28411007,0.9784007,-0.3649457,1.2003547,0.8463389,1.0726991,0.62152845,0.18194878,-0.10646509,0.68824065,-0.36599615,0.79108566,0.4457395,0.52240777,-0.3659802,0.6261797,0.38653335,-0.32663843,-0.024242628,-0.8446505,0.74362624,0.72860736,0.22856268,-0.9674129,-0.9023702,0.6392219,-0.35599536,0.68389547,0.17011662,-0.91242963,-0.78827494,-0.9993356,-0.98701686,0.12512216,0.1463876,-0.9286619,-0.4168924,1e-05,1.1830001,-1.54101,3.1416,2.742,-1.569,1.0037307,-0.2755611,0.8574652,-0.366,1.1474962,0.4831798,1.2362171,0.6653399,0.18225615,-0.13350444,0.6917318,-0.366,0.7975354,0.5039683,0.44365332,-0.366,0.0,0.0,0.0,0.0,0.0,1.0,0.0,0.0,0.0,0.0,0.0,1.0,0.0,0.0,0.0,0.0
2.2597023e-05,1.1574527,-1.52085,3.1407154,2.7420135,-1.5690107,0.9403328,-0.19770582,0.7634569,-0.36562136,1.2875806,0.7158006,1.1469208,0.5300218,0.028309721,-0.1778982,0.6513254,-0.36599618,0.8353072,0.40843695,0.30458537,-0.36598054,0.46431762,0.6376782,0.05035749,0.47918954,-0.9440347,0.7623779,0.14313596,0.4984404,-0.9934826,-0.23980346,0.9278444,-0.5141959,0.7683512,-0.5665242,-0.9737936,-0.37017658,-0.21384504,-0.9974034,0.82155186,-0.27240106,-0.9530005,-0.7581459,1e-05,1.1830001,-1.541,3.14161,2.742,-1.569,1.031494,-0.17888102,0.6647642,-0.366,1.3274657,0.3834437,1.3852504,0.55545396,-0.006625876,-0.20530578,0.6502533,-0.366,0.95688784,0.451132,0.25880444,-0.366,0.0,0.0,0.0,0.0,0.0,0.0,0.0,0.0,0.0,0.0,0.0,0.0,0.0,0.0,0.0,0.0
2.6408505e-05,1.1574537,-1.520851,3.1407173,2.7420611,-1.5690056,0.8747154,-0.08792791,0.7052496,-0.3659328,1.3800119,0.644087,1.1625496,0.3955503,-0.14726852,-0.16866857,0.78260595,-0.36599618,0.8764259,0.36991176,0.17803024,-0.3659809,-0.1270099,0.66159654,0.3418879,0.17055458,-0.14378509,0.42613536,-0.7713728,0.87185955,0.22341728,-0.30757478,0.8555136,-0.14863056,0.23109627,-0.7339281,-0.9947587,0.09282301,0.757231,-0.89508736,0.8776053,-0.8424318,-0.29217762,-0.94013697,0.0,1.1830001,-1.541,3.14161,2.742,-1.569,0.87536216,-0.0024098903,0.7099856,-0.366,1.5006282,0.35335973,1.4320261,0.40690124,-0.20797275,-0.18651769,0.8035227,-0.366,1.134522,0.2806173,0.19966543,-0.366,0.0,0.0,0.0,0.0,0.0,0.0,0.0,0.0,0.0,0.0,0.0,0.0,0.0,0.0,0.0,0.0
2.8309658e-05,1.1574546,-1.5208532,3.1407168,2.742014,-1.569005,0.8201163,-0.11960892,0.8316289,-0.36594194,1.4935967,0.5788566,1.1628153,0.33093458,-0.27797955,-0.1871107,0.97683066,-0.36599618,0.88482094,0.34862554,0.21834405,-0.3659813,-0.77028537,0.12872645,-0.07383215,-0.05451564,0.46267262,0.23454846,-0.10883884,-0.13834758,0.80704814,-0.15853442,0.8864121,0.7702739,-0.20901999,-0.31956947,-0.68848777,-0.14190604,0.95144624,-0.6144607,-0.052697092,-0.9157349,0.6958047,-0.69332194,0.0,1.1830001,-1.54101,3.1416,2.7421,-1.569,0.853281,-0.030477762,0.87371904,-0.366,1.680463,0.5096324,1.3896203,0.34206718,-0.314,-0.21530749,0.9965515,-0.366,1.1238308,0.09483357,0.34082985,-0.366,0.0,0.0,0.0,0.0,0.0,0.0,0.0,0.0,0.0,0.0,0.0,0.0,0.0,0.0,0.0,0.0
3.101654e-05,1.1574514,-1.5208521,3.1407185,2.7420135,-1.5690055,0.78925276,-0.13918452,1.0192771,-0.36594775,1.5790951,0.5477262,1.1241251,0.3465086,-0.31018326,-0.17938174,1.1608416,-0.36599618,0.8681542,0.31905773,0.34084123,-0.36598542,-0.95374554,-0.44946986,0.021970537,0.13377963,0.35260218,0.018187433,-0.22566102,-0.1332566,0.9391877,-0.39843762,0.24979132,0.92848635,-0.83801687,0.05423423,-0.5749321,-0.0011368357,0.9902893,-0.92289215,-0.47762462,-0.3065397,0.8955389,-0.6996906,0.0,1.183,-1.541,3.14161,2.7421,-1.569,0.8099191,-0.056083683,1.0541886,-0.366,1.7284616,0.6880457,1.2285912,0.35248855,-0.314,-0.21552594,1.1868405,-0.366,1.0320529,0.035930432,0.51291215,-0.366,0.0,0.0,0.0,0.0,0.0,0.0,0.0,0.0,0.0,0.0,0.0,0.0,0.0,0.0,0.0,0.0
1.8011018e-05,1.1574589,-1.5208533,3.1407,2.7420137,-1.5690109,0.7001486,-0.18397063,1.1950861,-0.3653994,1.6406938,0.7278892,1.0614561,0.26508,-0.2880226,-0.13298453,1.3635141,-0.36599618,0.9689517,0.36160806,0.5482673,-0.36315683,-0.7817225,-0.16487664,0.12099148,-0.17928751,0.301837,0.14569204,-0.40251213,-0.14834405,0.91898024,-0.58374524,-0.3728196,0.98569727,-0.9676034,-0.51953864,0.17554182,0.44050494,0.9276675,-0.95212126,-0.42635077,0.23417178,0.9791078,-0.31075615,0.0,1.183,-1.541,3.1416,2.7421,-1.569,0.7282249,-0.08619174,1.2407057,-0.366,1.6527938,0.8881038,1.0322055,0.24704248,-0.27837187,-0.12612063,1.3751209,-0.366,0.9455203,0.08345817,0.71163285,-0.366,0.0,0.0,0.0,0.0,0.0,0.0,0.0,0.0,0.0,0.0,0.0,0.0,0.0,0.0,0.0,0.0
2.5284515e-05,1.1574543,-1.5208545,3.1407058,2.7420135,-1.5690107,0.611419,-0.18670788,1.3246715,-0.36558715,1.543242,0.8518954,1.0029039,0.15003864,-0.20387013,-0.047399208,1.5159035,-0.3660066,0.9390079,0.33429828,0.7514874,-0.3585088,-0.9563445,0.33505163,0.16858588,-0.12247361,0.1063098,0.24543774,-0.37881252,-0.1345633,0.76807576,-0.2808779,-0.7116004,0.6138585,-0.934809,-0.82533336,0.8319171,0.56263655,0.97076946,-0.9904243,-0.51392144,0.32283744,0.84846306,-0.06866165,0.0,1.1830001,-1.541,3.1416,2.7421,-1.569,0.65152526,-0.11343728,1.3962209,-0.366,1.5087134,1.0123941,0.84293115,0.079934105,-0.109930456,-0.012201473,1.5716763,-0.366,0.84146464,0.14882429,0.8834244,-0.366,0.0,0.0,0.0,0.0,0.0,0.0,0.0,0.0,0.0,1.0,0.0,0.0,0.0,0.0,0.0,0.0
2.5398642e-05,1.1574559,-1.520854,3.1407104,2.7420135,-1.5690109,0.6315303,-0.20846052,1.4226325,-0.36355153,1.4642121,0.910765,0.9235549,0.15270317,-0.12733011,0.0032837642,1.4618601,-0.3660004,0.9161695,0.2562671,0.9328267,-0.36587194,-0.24070513,0.3545823,0.41497955,0.6056614,-0.058771387,-0.60213596,-0.11703515,-0.20371863,0.45405352,-0.2754672,-0.7426806,-0.21692291,-0.98696184,-0.07915111,0.9651629,0.29376262,-0.11199735,-0.9615911,-0.15364672,-0.009754129,0.61678815,-0.37476218,0.0,1.1830001,-1.541,3.14161,2.742,-1.56901,0.6279099,-0.15454364,1.4878398,-0.366,1.3588552,0.96862334,0.64378196,0.063962996,0.08482014,0.04707396,1.5490774,-0.366,0.8104618,0.1468561,1.00788,-0.366,0.0,0.0,0.0,0.0,0.0,0.0,0.0,0.0,0.0,1.0,0.0,0.0,0.0,0.0,0.0,0.0
2.0307856e-05,1.1574541,-1.520852,3.1407063,2.7420137,-1.5690093,0.67686653,-0.20694509,1.4213554,-0.33730254,1.4385886,0.9100252,0.790965,0.24239533,0.02582256,0.03194283,1.3342994,-0.36600786,0.9555469,0.19051287,1.0207235,-0.3658066,0.30511668,0.17375293,0.3618939,0.720172,-0.5189339,-0.6606993,0.104280785,-0.011445135,-0.17584917,0.15347588,-0.07301786,-0.7812222,-0.23689106,0.70410925,0.96979403,-0.021666948,-0.69705534,-0.9585744,0.508108,-0.13302255,0.15259954,-0.63527197,1e-05,1.1830001,-1.541,3.14161,2.742,-1.56901,0.6483332,-0.15678516,1.4533999,-0.33594185,1.3445548,0.8156215,0.597387,0.2018623,0.27475363,0.042830504,1.4125596,-0.366,0.90997446,0.12080373,1.0377665,-0.366,0.0,0.0,0.0,0.0,0.0,0.0,0.0,0.0,0.0,0.0,0.0,0.0,0.0,0.0,0.0,0.0
2.5461026e-05,1.1574551,-1.5208535,3.1407177,2.742014,-1.5690056,0.6704074,-0.21673179,1.3393413,-0.24904409,1.375129,0.8861893,0.7198356,0.360307,0.216218,0.07782322,1.1315627,-0.3660063,0.95281005,0.191001,0.96220356,-0.3659468,0.31510133,0.7027332,-0.14647466,0.31673205,-0.8163202,0.099673405,0.040812418,-0.45293152,-0.83516985,0.5214212,-0.1721053,-0.7773328,0.7063328,0.9305512,0.99395883,0.29474455,-0.9394111,-0.9917149,0.17469627,0.35569683,-0.58794445,-0.7391785,1e-05,1.1830001,-1.54101,3.14161,2.742,-1.569,0.6565,-0.24741948,1.2862774,-0.23160234,1.3101155,0.66007257,0.7387284,0.38807118,0.47365075,0.10181065,1.2245779,-0.366,0.9449322,0.1919808,0.92011523,-0.366,0.0,0.0,0.0,0.0,0.0,0.0,0.0,0.0,0.0,0.0,0.0,0.0,0.0,0.0,0.0,0.0
2.6954993e-05,1.1574533,-1.5208523,3.1407197,2.7420137,-1.5690106,0.6646318,-0.29911458,1.1939085,-0.2938718,1.2680349,0.8106766,0.79912126,0.54116946,0.28771597,0.07643568,0.95295084,-0.3660056,0.8360816,0.28364024,0.8110362,-0.36595726,0.6110495,0.57518,-0.2475464,-0.11116048,-0.90979445,0.38611314,0.043683097,-0.66230506,-0.967034,-0.38062984,-0.6150434,-0.5914898,0.92540777,0.98611027,-0.09066972,-0.13415563,-0.95697236,-0.99437416,-0.6345825,0.80114853,-0.9031591,-0.68475676,1e-05,1.1830001,-1.54101,3.1416,2.742,-1.569,0.66523457,-0.37984997,1.0929152,-0.30771077,1.1871351,0.54180187,0.9237673,0.58524776,0.455521,0.074985705,1.0332276,-0.366,0.81804496,0.35217357,0.7395251,-0.366,0.0,0.0,0.0,0.0,0.0,0.0,0.0,0.0,0.0,1.0,0.0,0.0,0.0,0.0,0.0,0.0
1.9670624e-05,1.1574495,-1.5208466,3.1407137,2.7420137,-1.5690107,0.71169513,-0.3537463,1.0215575,-0.3580041,1.25639,0.74047554,0.9250226,0.7218203,0.23711993,-0.044328272,0.81629175,-0.365999,0.6923693,0.38202453,0.6133766,-0.36596003,0.7663927,-0.069182865,-0.38656637,-0.3470711,-0.63170636,0.27068353,0.39824474,-0.26946902,-0.9566295,-0.87515664,-0.19497463,-0.42811838,0.44046026,0.8325662,-0.81813395,-0.7462434,-0.94866395,-0.9106976,-0.7165688,0.496848,-0.9806318,-0.7021333,1e-05,1.183,-1.54101,3.1416,2.742,-1.569,0.74556017,-0.43420163,0.89996386,-0.366,1.1478089,0.45545077,1.0126078,0.7531756,0.29050407,-0.07553095,0.8418829,-0.366,0.67351365,0.4523874,0.5417325,-0.366,0.0,0.0,0.0,0.0,0.0,0.0,0.0,0.0,0.0,0.0,0.0,0.0,0.0,0.0,0.0,0.0
2.5307478e-05,1.1574512,-1.5208492,3.1407194,2.742015,-1.5690107,0.81690156,-0.36508715,0.8425366,-0.36478367,1.3410504,0.6347757,1.0863199,0.7333319,0.13221386,-0.18636653,0.65757406,-0.365999,0.73513436,0.38658196,0.44301522,-0.36596575,0.72598124,-0.047463607,-0.36399406,-0.33511028,-0.80701596,0.30676797,0.7343839,0.1811697,-0.9505125,-0.6480268,0.7610051,-0.14904602,0.88809204,-0.10475473,-0.88708216,-0.81723094,-0.9897328,-0.84992766,0.39439654,-0.21442573,-0.9961264,-0.4482803,1e-05,1.183,-1.54101,3.1416,2.742,-1.569,0.88609207,-0.39953294,0.7180735,-0.366,1.2934351,0.4269293,1.1825533,0.73312974,0.12075178,-0.23191649,0.65248734,-0.366,0.74898547,0.41135484,0.35111344,-0.366,0.0,0.0,0.0,0.0,0.0,0.0,0.0,0.0,0.0,0.0,0.0,0.0,0.0,0.0,0.0,0.0
2.3053446e-05,1.1574515,-1.5208496,3.1407132,2.7420135,-1.5690053,0.831359,-0.26954702,0.72403896,-0.36587685,1.4737695,0.49255693,1.2310611,0.5926529,0.010857407,-0.20129937,0.75002986,-0.365999,0.9016499,0.29529518,0.3247143,-0.36598533,0.5554277,0.74559075,0.3381647,-0.23565179,-0.9614032,0.5547204,-0.27019453,0.79755217,-0.40417737,-0.3768871,0.952201,-0.3120284,0.5405037,-0.820951,-0.718092,-0.15028162,0.59213966,-0.44839364,0.8788793,-0.80293036,-0.54328007,-0.16953409,1e-05,1.1830001,-1.541,3.1416,2.742,-1.569,0.83233166,-0.24084464,0.63765466,-0.366,1.4828937,0.36484525,1.2900969,0.5697858,-0.022126406,-0.2618179,0.77030486,-0.366,0.92385536,0.25159645,0.24301745,-0.366,0.0,0.0,0.0,0.0,0.0,0.0,0.0,0.0,0.0,0.0,0.0,0.0,0.0,0.0,0.0,0.0
2.1210071e-05,1.1574517,-1.5208503,3.140708,2.7420142,-1.5690107,0.7646164,-0.15838486,0.760116,-0.36595353,1.6563783,0.48939654,1.2747331,0.48508227,-0.12436864,-0.15378432,0.9477592,-0.365999,0.9872219,0.23527116,0.38954818,-0.36598572,-0.32780674,0.22123006,-0.07047673,-0.32590857,-0.56625134,0.85592556,-0.219326,0.8191889,0.6929415,-0.619178,0.9884075,0.7279523,-0.060944192,-0.46340263,-0.7066314,0.54731035,0.91842794,-0.35421154,0.15033375,-0.9286895,0.691344,-0.2546883,0.0,1.1830001,-1.54101,3.1416,2.742,-1.569,0.78673255,-0.07053058,0.7817212,-0.366,1.6883893,0.5161907,1.2774262,0.47344172,-0.16903913,-0.14802894,0.96125126,-0.366,0.9551106,0.05851659,0.38675183,-0.366,0.0,0.0,0.0,0.0,0.0,0.0,0.0,0.0,0.0,0.0,0.0,0.0,0.0,0.0,0.0,0.0
-2.8553045e-06,1.1574377,-1.5208137,3.1406806,2.7420142,-1.5690105,0.6915494,-0.11855398,0.9105368,-0.3659603,1.6694388,0.50199467,1.2862748,0.4738238,-0.23488566,-0.12622195,1.1524724,-0.365999,0.9488957,0.19438916,0.512985,-0.36598444,-0.83474946,-0.17996833,-0.40139508,0.22925903,-0.15564069,0.065331884,-0.3906912,-0.08653207,0.9008663,-0.6607195,0.15517724,0.8908454,-0.81218886,-0.29875743,-0.4905681,0.13175459,0.9836856,-0.7151631,-0.22914128,-0.2506261,0.93826884,-0.21165252,0.0,1.183,-1.54101,3.14161,2.742,-1.569,0.708608,-0.08783397,0.96186304,-0.366,1.7194194,0.6943287,1.1150168,0.41370067,-0.26713562,-0.12168262,1.1579541,-0.366,0.9092904,0.00840012,0.5743729,-0.366,0.0,0.0,0.0,0.0,0.0,0.0,0.0,0.0,0.0,0.0,0.0,0.0,0.0,0.0,0.0,0.0
7.091371e-05,1.1574234,-1.5207659,3.1407511,2.7420912,-1.5690054,0.64516777,-0.13655834,1.1057622,-0.36596936,1.6077836,0.64716065,1.1747923,0.41077715,-0.25198892,-0.10337,1.3366096,-0.36583388,0.84065807,0.14584772,0.6924535,-0.36258882,-0.65651274,-0.5839249,0.071950756,0.07366793,0.24612647,0.17604662,-0.5448881,-0.15493187,0.94768465,-0.76495546,-0.64664274,0.9410489,-0.9458024,-0.4197702,0.31398582,0.099995136,0.98201567,-0.92338514,-0.42341137,0.042858765,0.93964076,-0.21311691,0.0,1.183,-1.541,3.14161,2.7421,-1.569,0.6000896,-0.11868976,1.1506013,-0.366,1.5906358,0.88174534,0.9266535,0.33010042,-0.20460309,-0.101767875,1.3535296,-0.366,0.82496494,0.01693575,0.76150906,-0.366,0.0,0.0,0.0,0.0,0.0,0.0,0.0,0.0,0.0,0.0,0.0,0.0,0.0,0.0,0.0,0.0
2.8527082e-05,1.1574538,-1.520853,3.140715,2.7420135,-1.5690053,0.5917682,-0.1326129,1.2913624,-0.36599675,1.4380373,0.8705956,0.89690566,0.19484717,-0.17783216,-0.059259366,1.4679435,-0.36600402,0.8234453,0.08025248,0.9204546,-0.35811716,-0.51634806,-0.10849557,0.35560358,-0.16034245,-0.07557936,0.12927195,-0.40262577,-0.053941358,0.92038924,-0.67016304,-0.92932856,0.7843953,-0.9891605,-0.88395405,0.8627972,0.31105623,0.8784999,-0.9846771,-0.35768417,0.03924775,0.8739146,-0.060765415,0.0,1.183,-1.541,3.1416,2.742,-1.569,0.51847345,-0.12962419,1.3371731,-0.366,1.4022518,1.0407498,0.7261411,0.15091439,-0.029705748,-0.038713768,1.53161,-0.366,0.75245893,0.024891648,0.93866,-0.366,0.0,0.0,0.0,0.0,0.0,0.0,0.0,0.0,0.0,0.0,0.0,0.0,0.0,0.0,0.0,0.0
3.741252e-05,1.1574546,-1.5208528,3.1407278,2.742014,-1.5690105,0.5921725,-0.1533241,1.4144101,-0.361216,1.304224,0.92083824,0.68814164,0.15539207,-0.05055933,-0.0041994215,1.4140476,-0.3660031,0.860601,0.077454336,1.0206329,-0.36083993,0.08827574,-0.035003632,0.12497628,0.7679315,-0.20121509,-0.349019,0.13947809,0.038404018,0.49678826,-0.26504424,-0.823575,-0.64312094,-0.60117155,0.06634408,0.946149,0.40420896,-0.22022025,-0.7590932,0.14316306,-0.23192917,0.2734406,-0.34510127,1e-05,1.183,-1.541,3.14161,2.742,-1.56901,0.54514545,-0.12228029,1.4321725,-0.366,1.2447618,0.9177675,0.6111807,0.16360119,0.15122373,0.038582005,1.4894979,-0.366,0.7798356,-0.01945953,0.99094933,-0.366,0.0,0.0,0.0,0.0,0.0,0.0,0.0,0.0,0.0,1.0,0.0,0.0,0.0,0.0,0.0,0.0
2.0565309e-05,1.1574569,-1.5208528,3.1407118,2.7420137,-1.5690078,0.6597547,-0.15954421,1.413719,-0.28534228,1.3308328,0.828937,0.69749486,0.30500522,0.13248704,0.02578903,1.2661812,-0.36600128,0.98242754,0.084555514,1.0235772,-0.36593977,0.6963824,-0.3156629,-0.21942157,0.8637344,-0.5970476,-0.08295275,0.39216724,0.021424348,-0.10303014,0.41045132,0.26987255,-0.9202319,0.57167476,0.80188984,0.9892298,0.19522917,-0.8361143,-0.6663936,0.69367707,0.024974447,-0.029130545,-0.5357961,1e-05,1.183,-1.54101,3.14161,2.742,-1.56901,0.62640715,-0.117840916,1.4108235,-0.28094965,1.3006825,0.72708464,0.72963846,0.32976222,0.35620382,0.07903579,1.3162452,-0.366,0.9235737,-0.014284531,0.9849131,-0.366,0.0,0.0,0.0,0.0,0.0,0.0,0.0,0.0,0.0,0.0,0.0,0.0,0.0,0.0,0.0,0.0
1.5709453e-05,1.157451,-1.5208458,3.1407096,2.7420137,-1.5690106,0.62805676,-0.22602269,1.3022425,-0.2824131,1.2390721,0.7995041,0.79679954,0.48357415,0.2925572,0.11921557,1.080784,-0.36599958,0.89673007,0.14926286,0.86826533,-0.36502188,0.4132654,0.5339196,-0.47512114,0.27716202,-0.81321377,0.4928714,-0.20324782,-0.6806334,-0.82060605,-0.028556034,-0.73012716,-0.6266852,0.8659214,0.960378,0.58085996,0.32778335,-0.8955078,-0.93327874,-0.32636344,0.76951796,-0.8058261,-0.673169,1e-05,1.1830001,-1.54101,3.14161,2.742,-1.569,0.5840192,-0.25978914,1.2396835,-0.2869051,1.1484122,0.5963875,0.9102291,0.53005207,0.47734398,0.14739603,1.1294843,-0.366,0.8555096,0.14620084,0.81685555,-0.366,0.0,0.0,0.0,0.0,0.0,0.0,0.0,0.0,0.0,0.0,0.0,0.0,0.0,0.0,0.0,0.0
2.710223e-05,1.1574522,-1.5208497,3.1407251,2.7420137,-1.5690053,0.6510998,-0.3115556,1.1517032,-0.35354984,1.1402398,0.6780182,0.9266246,0.66078484,0.2572375,0.08353199,0.9003502,-0.36600107,0.76181495,0.26495028,0.6948977,-0.3638377,0.43971938,0.5216799,-0.16512609,-0.04954728,-0.9626428,0.3948047,0.49664357,-0.61795694,-0.9641212,-0.8057112,-0.44384718,-0.5904756,0.82575077,0.90409815,-0.6599858,-0.40433845,-0.9791016,-0.8064831,-0.61611754,0.9539036,-0.9602953,-0.53939986,1e-05,1.1830001,-1.54101,3.1416,2.742,-1.569,0.6794795,-0.37856722,1.0543689,-0.366,1.0631,0.48289165,1.0689474,0.7038296,0.3504875,0.06967776,0.94129026,-0.366,0.73708504,0.32955152,0.6322763,-0.366,0.0,0.0,0.0,0.0,0.0,0.0,0.0,0.0,0.0,1.0,0.0,0.0,0.0,0.0,0.0,0.0
2.2153827e-05,1.1574503,-1.5208474,3.1407182,2.7420135,-1.5690106,0.7445328,-0.38372323,0.96064824,-0.3639641,1.2733316,0.53692377,1.0976897,0.690887,0.20759708,-0.05651372,0.7296295,-0.36600003,0.7220657,0.34661207,0.50926626,-0.36558062,0.57535565,0.64898366,-0.14142522,-0.80990946,-0.96167845,0.5628609,0.61005175,-0.42212456,-0.99282426,-0.6286155,0.7112306,-0.533117,0.67863005,-0.06258519,-0.56073964,-0.77541083,-0.9563896,-0.6216979,-0.06863217,0.37105244,-0.9920591,-0.23931822,1e-05,1.1830001,-1.54101,3.1416,2.742,-1.569,0.8045288,-0.46509492,0.85085833,-0.366,1.208889,0.37361255,1.208054,0.69100076,0.23554629,-0.08926705,0.74524814,-0.366,0.72301674,0.40561038,0.4289226,-0.366,0.0,0.0,0.0,0.0,0.0,0.0,0.0,0.0,0.0,0.0,0.0,0.0,0.0,0.0,0.0,0.0
2.6405007e-05,1.1574508,-1.5208497,3.1407158,2.7420135,-1.569005,0.8006637,-0.27279565,0.74669135,-0.3657968,1.4045434,0.4312559,1.2968746,0.6194567,0.15677088,-0.12840885,0.7552294,-0.36599693,0.8460267,0.300907,0.32850856,-0.3659174,0.64812016,0.44885844,0.36385408,-0.9619819,-0.9923357,0.7546134,0.108829826,0.7155751,-0.8780551,-0.78240603,0.9321494,-0.07797294,0.93572605,-0.42318255,-0.44990015,-0.23381926,0.08167261,-0.50518095,0.7862736,-0.6938241,-0.99841183,-0.1335267,1e-05,1.1830001,-1.541,3.1416,2.742,-1.569,0.8261323,-0.32304788,0.6765578,-0.366,1.3939277,0.35813433,1.3938026,0.6069958,0.14623772,-0.13568194,0.7614608,-0.366,0.879098,0.26788107,0.23073031,-0.366,0.0,0.0,0.0,0.0,0.0,0.0,0.0,0.0,0.0,1.0,0.0,0.0,0.0,0.0,0.0,0.0
2.8051474e-05,1.1574521,-1.5208511,3.1407177,2.7420137,-1.5690107,0.77763116,-0.2614728,0.7575182,-0.3659762,1.5700823,0.4725497,1.303814,0.49772123,0.055449836,-0.029859625,0.9219038,-0.3235958,0.90574855,0.22349147,0.35528994,-0.36594042,0.11473879,0.24589936,0.5528379,-0.20974939,-0.99846715,0.1370928,-0.4453196,0.6070693,0.624389,-0.8148428,0.9864299,0.76349455,-0.58647156,-0.6278235,-0.6184087,0.67064995,0.81633455,0.24870846,0.2082378,-0.5319116,0.53087527,-0.12774521,1e-05,1.1830001,-1.541,3.1416,2.742,-1.569,0.7354385,-0.1994122,0.8037208,-0.366,1.594824,0.5136276,1.2743618,0.47913334,0.020292655,0.00090257823,0.9277154,-0.31534806,0.9215077,0.15955198,0.33884832,-0.366,0.0,0.0,0.0,0.0,0.0,0.0,0.0,0.0,0.0,0.0,0.0,0.0,0.0,0.0,0.0,0.0
3.275195e-05,1.1574496,-1.5208502,3.140719,2.7420137,-1.5690069,0.7600823,-0.24041288,0.874353,-0.36597702,1.6736087,0.5302456,1.2866933,0.4209945,-0.102366425,0.075123996,1.1165335,-0.28008437,0.83136195,0.15631525,0.47805014,-0.36594805,-0.4154037,-0.30170453,0.3870108,0.03651757,-0.749269,-0.16258022,-0.29092872,0.2192563,0.8734071,-0.8866899,0.4355857,0.95269895,-0.9172943,-0.69923455,-0.8480359,0.43846506,0.9326934,0.20425603,-0.36165702,-0.27077594,0.9061751,-0.25525343,0.0,1.183,-1.541,3.14161,2.742,-1.56901,0.6750675,-0.153914,0.98496276,-0.366,1.685213,0.71132356,1.0840127,0.33403414,-0.15568452,0.091889106,1.12126,-0.2729626,0.84645975,0.103362866,0.52689004,-0.366,0.0,0.0,0.0,0.0,0.0,0.0,0.0,0.0,0.0,0.0,0.0,0.0,0.0,0.0,0.0,0.0
2.3053659e-05,1.1574513,-1.5208496,3.140707,2.7420826,-1.5690054,0.74713385,-0.2392805,1.0382522,-0.36597744,1.6471175,0.7017289,1.1753075,0.28592342,-0.14379816,0.11155941,1.2835782,-0.36578032,0.7630572,0.16093244,0.6480617,-0.36595336,-0.20554331,-0.57949203,0.08725729,-0.024376146,-0.3421145,0.091736615,-0.2634565,-0.111714855,0.9275597,-0.88995355,-0.41922337,0.92928755,-0.9756768,-0.7489138,0.29002655,0.16543002,0.95485765,-0.5621306,-0.46411517,0.031286124,0.8658278,-0.1347372,0.0,1.183,-1.541,3.1416,2.742,-1.569,0.6206852,-0.17697401,1.1764282,-0.366,1.5986775,0.9031457,0.88261503,0.17944448,-0.09581767,0.12603693,1.3183603,-0.366,0.7506578,0.1098209,0.7056129,-0.366,0.0,0.0,0.0,0.0,0.0,0.0,0.0,0.0,0.0,0.0,0.0,0.0,0.0,0.0,0.0,0.0
1.3605337e-05,1.1574436,-1.5208386,3.1407576,2.742105,-1.5690129,0.7516939,-0.24462649,1.2245083,-0.3659479,1.5260876,0.90534043,0.9965048,0.15568475,-0.1419705,0.11788039,1.3554373,-0.3660008,0.7634423,0.15331218,0.81891745,-0.36595488,0.35820287,-0.19978319,0.056621987,0.052614704,-0.5686925,-0.1382888,0.018438783,-0.037703622,0.98551196,-0.8521877,-0.8838447,0.70861596,-0.95906574,-0.6015313,0.85800534,0.19003385,0.9063057,-0.9124261,-0.3459875,-0.24518697,0.9731656,-0.13316043,1e-05,1.183,-1.541,3.14161,2.742,-1.56901,0.62447673,-0.18472686,1.3790753,-0.366,1.4169358,1.0488557,0.68540597,0.05575385,0.08061075,0.16511288,1.5047206,-0.366,0.6795137,0.059404027,0.9057213,-0.366,0.0,0.0,0.0,0.0,0.0,0.0,0.0,0.0,0.0,1.0,0.0,0.0,0.0,0.0,0.0,0.0
3.0664032e-05,1.1574553,-1.520854,3.1407232,2.7420135,-1.5690109,0.85347223,-0.2576296,1.3491834,-0.3659372,1.293501,0.963119,0.695766,0.117278434,0.036604177,0.1621651,1.3066901,-0.3659983,0.7149434,0.12793188,0.9475214,-0.36595705,0.29323167,0.27916414,0.09612808,0.5827464,-0.22896796,-0.27478623,0.46060348,-0.08826574,0.36203286,-0.2239253,-0.93435454,-0.41074526,-0.81569827,0.34979445,0.97160107,0.3077854,-0.5654713,-0.9074595,0.125233,-0.31515455,0.32188582,-0.42746085,1e-05,1.1830001,-1.541,3.14161,2.742,-1.56901,0.7174873,-0.20255053,1.4521812,-0.366,1.2282598,0.96591306,0.52069044,0.12638852,0.27680802,0.22726458,1.3905339,-0.366,0.7048022,-0.0042357333,0.97072035,-0.366,0.0,0.0,0.0,0.0,0.0,0.0,0.0,0.0,0.0,0.0,0.0,0.0,0.0,0.0,0.0,0.0
2.7726563e-05,1.1574571,-1.5208554,3.1407213,2.7420137,-1.5690055,0.98348725,-0.26056418,1.3400149,-0.24384005,1.2906352,0.88326687,0.6270824,0.26848084,0.22980969,0.18518376,1.1900932,-0.3659983,0.8104911,0.14398734,0.9624522,-0.36595935,0.51900995,0.12638262,0.1919457,0.30143404,-0.30806273,0.36233717,0.51305974,0.11272271,-0.5093127,0.727847,0.1056094,-0.88214904,0.6244214,0.8203192,0.9943202,0.15205461,-0.75980985,-0.6944737,0.6209626,0.16864832,-0.04953756,-0.18155462,1e-05,1.1830001,-1.541,3.14161,2.742,-1.569,0.8219147,-0.17960712,1.3485165,-0.2178551,1.2497554,0.78636175,0.64778423,0.29335508,0.47919047,0.25821355,1.2358834,-0.366,0.831192,0.030090697,0.96063757,-0.366,0.0,0.0,0.0,0.0,0.0,0.0,0.0,0.0,0.0,0.0,0.0,0.0,0.0,0.0,0.0,0.0
2.1826736e-05,1.1574554,-1.5208464,3.140774,2.742015,-1.5690125,0.98230034,-0.27624434,1.2211945,-0.14795212,1.2485518,0.83271205,0.70359725,0.42323995,0.32816002,0.20378684,1.0513439,-0.3659983,0.82677215,0.20359203,0.9019076,-0.36596113,0.32591507,0.45990428,0.5864968,-0.29690304,-0.6042974,0.7888392,-0.022356257,-0.28226152,-0.90186256,0.4119414,-0.28713956,-0.53830224,0.85597587,0.9147166,0.51152015,0.0010623187,-0.85203314,-0.93889475,-0.1826112,0.80753446,-0.66443276,-0.30450597,1e-05,1.1830001,-1.541,3.1416,2.742,-1.569,0.81747615,-0.23564641,1.1694636,-0.13606958,1.1927476,0.67948896,0.8177269,0.47495997,0.58074605,0.25842446,1.0667235,-0.366,0.79493695,0.19041598,0.82872325,-0.366,0.0,0.0,0.0,0.0,0.0,0.0,0.0,0.0,0.0,0.0,0.0,0.0,0.0,0.0,0.0,0.0
2.6755513e-05,1.1574569,-1.5208508,3.1407347,2.742014,-1.5690112,0.89239186,-0.266303,1.0751659,-0.227401,1.1825936,0.81252337,0.75581425,0.5607527,0.34366557,0.120908745,0.8910435,-0.3659983,0.6824128,0.31555206,0.7311174,-0.36596337,0.04891721,0.2742445,0.5024526,-0.083020024,-0.30496025,0.65875936,0.17271993,-0.088887036,-0.97842205,-0.5532995,-0.36063313,-0.45909515,0.7971622,0.94031185,-0.697696,-0.7773663,-0.8754757,-0.95267,-0.6024302,0.9353551,-0.8971329,-0.3833108,1e-05,1.1830001,-1.541,3.1416,2.742,-1.569,0.85203314,-0.25343052,0.97370553,-0.24677114,1.1205938,0.58763534,0.97721934,0.66309315,0.44115433,0.10289267,0.8915624,-0.366,0.6744056,0.37755746,0.6492291,-0.366,0.0,0.0,0.0,0.0,0.0,0.0,0.0,0.0,0.0,0.0,0.0,1.0,0.0,0.0,0.0,0.0
2.4720533e-05,1.1574516,-1.5208489,3.1407208,2.7420135,-1.5690051,0.8815942,-0.21691325,0.8873714,-0.34695685,1.2157782,0.7232276,0.823545,0.6573135,0.22005747,-0.04374728,0.68334895,-0.3659983,0.6260106,0.38867512,0.5428216,-0.3659659,0.21283798,0.0534094,0.020183615,0.4749742,-0.09206799,0.804385,0.43523988,0.30695108,-0.9855422,-0.83624536,0.270196,-0.57546866,0.4742172,0.41641176,-0.9381993,-0.9554733,-0.97509515,-0.990534,-0.17995284,0.33974373,-0.96543026,-0.4759316,1e-05,1.1830001,-1.541,3.14161,2.742,-1.569,0.93956757,-0.19169724,0.77549565,-0.366,1.174935,0.47189844,1.0725927,0.7468409,0.2524659,-0.08926985,0.6954536,-0.366,0.6382139,0.4458859,0.45506406,-0.366,0.0,0.0,0.0,0.0,0.0,0.0,0.0,0.0,0.0,0.0,0.0,0.0,0.0,0.0,0.0,0.0
3.5798224e-05,1.1574473,-1.5208474,3.1407344,2.7421033,-1.5690107,0.94475144,-0.16473158,0.6784539,-0.36258048,1.301135,0.63717145,0.8997159,0.6362487,0.06455344,-0.18291314,0.5387674,-0.3659983,0.69103354,0.42095017,0.3446659,-0.36597073,0.7847157,-0.45792982,-0.7653447,0.8676543,-0.514826,0.75714636,0.6548486,0.1161085,-0.99710846,-0.9253239,0.7770294,-0.6164312,0.89484346,-0.07628821,-0.9876399,-0.6427381,-0.77772474,-0.6738843,0.51139706,0.24061832,-0.96965325,-0.8951863,1e-05,1.183,-1.54101,3.14161,2.742,-1.569,1.0676931,-0.16897984,0.5804047,-0.366,1.326966,0.35128954,1.2476748,0.7319146,0.05922754,-0.21502586,0.54328656,-0.366,0.73827213,0.49296448,0.26534492,-0.366,0.0,0.0,0.0,0.0,0.0,0.0,0.0,0.0,0.0,0.0,0.0,0.0,0.0,0.0,0.0,0.0
4.5621433e-05,1.157452,-1.520845,3.1407392,2.7420135,-1.5690107,0.9323066,-0.16057143,0.55786127,-0.36599627,1.3995473,0.5565118,0.92831135,0.5479863,-0.08132194,-0.19776295,0.6219302,-0.3659983,0.72973466,0.37567616,0.18918526,-0.36597136,0.47707722,-0.15871114,0.076024726,0.32992017,-0.063673496,0.47623217,-0.6690303,0.66834927,-0.1643356,-0.30597493,0.9554059,-0.32459024,0.97896874,-0.21858215,-0.96222734,-0.15417579,0.50988966,-0.5501716,0.90227944,-0.75187635,-0.97582793,-0.94877094,1e-05,1.183,-1.541,3.14161,2.742,-1.569,0.9307455,-0.032171592,0.5467659,-0.366,1.5225335,0.2848473,1.4480655,0.68717176,-0.1377363,-0.24658498,0.6476588,-0.366,0.9229649,0.33905858,0.06559709,-0.366,0.0,0.0,0.0,0.0,0.0,0.0,0.0,0.0,0.0,0.0,0.0,0.0,0.0,0.0,0.0,0.0
4.9406382e-05,1.1574479,-1.5208411,3.1407387,2.7420135,-1.5690051,0.8519772,-0.16956243,0.6366651,-0.36413547,1.5003967,0.5208149,0.95889896,0.54309344,-0.25868228,-0.19490156,0.79780626,-0.3659983,0.7085795,0.27999485,0.12905417,-0.3659717,-0.15539134,0.17120466,0.48571718,-0.34097964,0.47436833,0.23056889,-0.8560097,0.31082028,0.7671329,-0.35767108,0.9564503,0.6768033,0.19122788,-0.08676302,-0.9204735,0.05712039,0.89808494,-0.48634052,0.4821521,-0.9432303,0.053518623,-0.8453802,0.0,1.1830001,-1.541,3.1416,2.7421,-1.569,0.7648927,0.028050154,0.6953987,-0.366,1.7078468,0.4159786,1.4851161,0.67036134,-0.314,-0.23551784,0.8216637,-0.366,1.0163823,0.15630674,0.07596637,-0.366,0.0,0.0,1.0,0.0,0.0,0.0,0.0,0.0,0.0,0.0,0.0,0.0,0.0,0.0,0.0,0.0
3.43457e-05,1.1574525,-1.5208526,3.1407201,2.7420137,-1.5690107,0.8571852,-0.21568447,0.81004167,-0.36367247,1.7353265,0.55155706,1.1006877,0.58842987,-0.30838245,-0.15709382,0.99506694,-0.3659983,0.81279796,0.17385828,0.1837649,-0.3659721,-0.54676837,-0.14272997,0.48893812,-0.2007524,-0.10957484,-0.060285974,0.12509188,-0.15588543,0.9427691,-0.2783746,0.9912901,0.8601934,-0.4624227,-0.09776159,-0.8034325,0.4062767,0.979617,-0.75954074,-0.22263402,-0.6386149,0.81070375,-0.9615611,0.0,1.183,-1.541,3.1416,2.742,-1.56901,0.7893428,-0.002418775,0.8796697,-0.366,1.9016016,0.5841096,1.3947322,0.6512531,-0.314,-0.15610814,1.0131369,-0.366,0.9728669,0.031484865,0.23442426,-0.366,0.0,0.0,1.0,0.0,0.0,0.0,0.0,0.0,0.0,0.0,0.0,0.0,0.0,0.0,0.0,0.0
3.23337e-05,1.1574541,-1.5208542,3.1407156,2.7420137,-1.5690107,0.90799314,-0.24990839,0.9651976,-0.36568585,1.7071371,0.6299003,1.1867784,0.5007079,-0.3130907,-0.056634024,1.2018981,-0.3659983,0.8721825,0.14185852,0.36400765,-0.36597288,-0.39188802,-0.14686005,0.039315242,0.3336074,-0.32035527,-0.8120572,0.13485841,-0.35917515,0.9885538,-0.8173132,-0.60174197,0.96700495,-0.89248455,-0.8195523,-0.5718286,0.6077152,0.9501159,-0.9519082,-0.13420162,-0.047000386,0.9621408,-0.41613224,0.0,1.183,-1.541,3.14161,2.742,-1.56901,0.81702316,-0.07614119,1.0825751,-0.366,1.7780912,0.782592,1.2115455,0.48303607,-0.314,-0.031371683,1.2081528,-0.366,0.9453214,0.02183781,0.43190828,-0.366,0.0,0.0,0.0,0.0,0.0,0.0,0.0,0.0,0.0,0.0,0.0,0.0,0.0,0.0,0.0,0.0
3.111624e-05,1.1574563,-1.5208553,3.140709,2.7420137,-1.569005,0.90056545,-0.2977083,1.1447394,-0.36586142,1.6047924,0.8132709,1.0770795,0.31355953,-0.27808154,0.07483401,1.3966271,-0.36599916,0.8121912,0.16868162,0.58240515,-0.36597344,-0.6347908,0.017553415,0.23056726,0.021916416,-0.2247363,-0.3215455,-0.17861956,-0.38148323,0.99771076,-0.8213925,-0.8770124,0.9761906,-0.9784969,-0.94536805,0.30829588,0.6502636,0.9900232,-0.9793657,-0.4098789,0.17960775,0.98023593,-0.13133954,0.0,1.1830001,-1.541,3.14161,2.742,-1.56901,0.7798369,-0.15556097,1.2902853,-0.366,1.5955088,0.98582196,1.0078354,0.28622293,-0.24981688,0.10400461,1.4142625,-0.366,0.85999,0.05922977,0.6359805,-0.366,0.0,0.0,0.0,0.0,0.0,0.0,0.0,0.0,0.0,1.0,0.0,0.0,0.0,0.0,0.0,0.0
5.2739364e-05,1.1574514,-1.5208414,3.1407375,2.7420135,-1.5690054,0.9826477,-0.37878907,1.281296,-0.35972998,1.4416393,0.94679743,0.9094657,0.14627416,-0.18508194,0.1324191,1.4726473,-0.36600322,0.71827734,0.20537898,0.73768634,-0.34919193,-0.6892806,0.23336749,0.7853498,0.0862335,0.015812699,-0.30056247,0.06476246,-0.32446814,0.8070534,-0.59954107,-0.9494169,0.19081801,-0.88976353,-0.84151864,0.86165917,0.26198244,0.580796,-0.95125926,-0.23550901,0.09166445,0.76551634,0.10369191,0.0,1.1830001,-1.541,3.14161,2.7421,-1.56901,0.79231787,-0.21809229,1.4458202,-0.366,1.4125377,1.0225964,0.8363607,0.12404594,-0.083758414,0.15449372,1.5261933,-0.366,0.81460285,0.07689529,0.7835103,-0.34601656,0.0,0.0,0.0,0.0,0.0,0.0,0.0,0.0,0.0,1.0,0.0,0.0,0.0,0.0,0.0,0.0
3.443231e-05,1.1574588,-1.5208558,3.1407273,2.742014,-1.5690109,1.1265672,-0.39821336,1.395237,-0.34731698,1.2776774,0.9373036,0.74489,0.12671041,-0.020456437,0.18071653,1.4688655,-0.3659807,0.62949747,0.20791826,0.82320637,-0.36248305,0.15374464,0.44693902,0.63434654,-0.023841573,0.10073242,-0.15833603,0.2784431,-0.3427621,0.2921522,0.03192714,-0.98467803,-0.65235996,-0.8175355,0.034113765,0.90115035,0.31779745,-0.099528894,-0.79236674,-0.05147274,0.075431466,0.73244905,-0.21296647,1e-05,1.1830001,-1.541,3.1416,2.7421,-1.56901,0.84701705,-0.28542674,1.5032125,-0.359728,1.2191011,0.8944425,0.67575866,0.13074747,0.09326948,0.21692394,1.5066411,-0.366,0.8044912,0.09171354,0.92739743,-0.366,0.0,0.0,0.0,0.0,0.0,0.0,0.0,0.0,0.0,1.0,0.0,0.0,0.0,0.0,0.0,0.0
3.1307896e-05,1.1574564,-1.5208559,3.1407263,2.7420137,-1.5690107,1.1596123,-0.38828954,1.3735704,-0.23033096,1.2667805,0.85551816,0.6835507,0.2598759,0.15790968,0.21798754,1.3691422,-0.36599627,0.6836097,0.1922975,0.9037993,-0.36549258,0.7800495,0.5063667,0.5951434,-0.5822055,-0.06947096,0.48420963,0.17205265,-0.17878886,-0.43380895,0.80638546,-0.012496322,-0.74275297,0.043520883,0.8068228,0.9606902,0.22439858,-0.6466295,-0.61044693,0.2813105,0.19653593,0.5104871,-0.18388115,1e-05,1.1830001,-1.541,3.1416,2.742,-1.569,0.88055015,-0.3202727,1.418663,-0.20256333,1.2166655,0.7496798,0.6842409,0.28799736,0.28050816,0.26065928,1.380613,-0.366,0.8593187,0.13001843,1.0268915,-0.366,0.0,0.0,0.0,0.0,0.0,0.0,0.0,0.0,1.0,0.0,0.0,0.0,0.0,0.0,0.0,0.0
3.4406887e-05,1.157458,-1.5208557,3.1407316,2.7420437,-1.5690055,1.1448171,-0.40570098,1.3085673,-0.09367899,1.2869787,0.83404595,0.72640723,0.36458144,0.28149664,0.20687953,1.2363435,-0.36600792,0.6659784,0.25019097,0.9349262,-0.34272584,0.67540306,0.8636289,0.28964525,-0.9164411,-0.5184392,0.85575336,0.0045469366,-0.40546277,-0.8824229,0.58145916,0.27655992,-0.029762857,0.8087042,0.6001852,0.50152266,-0.16475299,-0.7403266,-0.6117852,-0.30507916,0.6746061,-0.08250556,0.13345818,1e-05,1.1830001,-1.541,3.1416,2.742,-1.569,0.881481,-0.4032808,1.2380097,-0.08352453,1.2732841,0.7435866,0.84980226,0.41086984,0.38318202,0.22693035,1.2290502,-0.366,0.7968616,0.26812667,1.0100006,-0.33867788,0.0,0.0,0.0,0.0,0.0,0.0,0.0,0.0,0.0,1.0,0.0,0.0,0.0,0.0,0.0,0.0
2.6617416e-05,1.1574553,-1.5208534,3.1407223,2.7420135,-1.5690051,1.0193714,-0.38688827,1.182257,-0.19328503,1.2683585,0.8159715,0.79867727,0.50273037,0.2563918,0.14566606,1.034056,-0.36599004,0.64355236,0.2782602,0.9163907,-0.33936033,0.54964757,0.9727258,0.114532314,-0.66512704,-0.87979966,0.6200906,0.19317071,-0.09983989,-0.9764846,-0.67249155,-0.22307643,-0.47858346,0.47447905,0.7531452,-0.21238369,-0.4244985,-0.8944565,-0.89327955,-0.81773156,0.8628088,-0.50125384,-0.00717034,1e-05,1.1830001,-1.541,3.1416,2.742,-1.569,0.9207188,-0.42356077,1.0396613,-0.22012436,1.2279717,0.64637434,0.9461808,0.5638524,0.34004158,0.1407041,1.0473636,-0.366,0.63075984,0.4433847,0.9081834,-0.34013435,0.0,0.0,0.0,0.0,0.0,0.0,0.0,0.0,0.0,0.0,0.0,0.0,0.0,0.0,0.0,0.0
2.2842194e-05,1.1574532,-1.5208511,3.1407185,2.7420137,-1.5690054,0.99001896,-0.29558125,0.96832347,-0.34469205,1.3471795,0.7635742,0.8564779,0.53793144,0.19190706,0.0069817593,0.8369342,-0.36599004,0.66159254,0.40100762,0.79751897,-0.36189938,0.35900834,0.9810888,-0.13208503,-0.6534012,-0.97595996,0.12644006,0.7419376,0.48774487,-0.99529696,-0.8336381,0.58137465,-0.8842683,0.56531733,0.16240285,-0.4139278,-0.8310427,-0.9788913,-0.303452,0.19095479,0.47703138,-0.9002508,-0.1323649,1e-05,1.1830001,-1.54101,3.1416,2.742,-1.569,1.0632883,-0.3298365,0.8484066,-0.366,1.3396877,0.4764548,1.0548112,0.5950595,0.2605019,-0.01898773,0.85926145,-0.366,0.6674534,0.5350503,0.73519266,-0.36556938,0.0,0.0,0.0,0.0,0.0,0.0,0.0,0.0,0.0,0.0,0.0,0.0,0.0,0.0,0.0,0.0
3.101447e-05,1.1574547,-1.5208533,3.1407223,2.7420137,-1.5690107,1.0322492,-0.22670652,0.7599828,-0.36257154,1.4407141,0.7154225,0.96360517,0.53641397,0.11072788,-0.11978029,0.66645646,-0.36599025,0.7318911,0.47128657,0.6275954,-0.36535195,0.4061494,0.5524822,-0.5690762,-0.21542868,-0.995192,-0.105060995,0.68971586,0.6445891,-0.99905944,-0.92546153,0.605758,-0.44270203,0.8352031,0.03685013,-0.8710557,-0.625256,-0.97836286,-0.22773431,0.5602837,0.23095761,-0.9800502,-0.59894603,1e-05,1.1830001,-1.54101,3.1416,2.742,-1.56901,1.199298,-0.20272562,0.6513953,-0.366,1.4591413,0.3891554,1.2195106,0.6023262,0.08873254,-0.14228618,0.66633147,-0.366,0.77793956,0.58059436,0.54192996,-0.366,0.0,0.0,0.0,0.0,0.0,0.0,0.0,0.0,0.0,0.0,0.0,1.0,0.0,0.0,0.0,0.0
2.9776188e-06,1.1574433,-1.5208273,3.1406863,2.7420144,-1.5690105,1.067158,-0.2293003,0.5861269,-0.35804585,1.4794034,0.6313837,1.0558299,0.4839747,-0.038434,-0.13605833,0.6678906,-0.36599055,0.7892556,0.46721783,0.4281096,-0.36578497,0.5962198,0.394327,-0.21756065,-0.07907085,-0.33015713,0.36159882,-0.41543654,0.6927605,-0.7500207,-0.7420153,0.36988437,-0.37359804,0.7618526,-0.23901486,-0.9330196,0.058260247,0.021085441,-0.31788543,0.91205674,-0.5251415,-0.941534,-0.8259328,1e-05,1.1830001,-1.54101,3.1416,2.742,-1.569,1.1189157,-0.068684116,0.5062746,-0.366,1.5307097,0.3168683,1.3669206,0.5560795,-0.09179643,-0.13101347,0.6704113,-0.366,0.95441246,0.4789853,0.35975355,-0.366,0.0,0.0,0.0,0.0,0.0,0.0,0.0,0.0,0.0,0.0,0.0,0.0,0.0,0.0,0.0,0.0
3.190511e-05,1.1574565,-1.5208551,3.1407182,2.7420137,-1.5690079,1.1013151,-0.23796362,0.6044,-0.35933694,1.6366264,0.5784273,1.1507051,0.4123035,-0.15094346,-0.055691175,0.82045907,-0.36599085,0.85591346,0.3990159,0.42340025,-0.36580732,-0.6235882,0.667121,-0.024632273,-0.44804823,0.44729248,0.26494616,-0.7997405,0.39863658,0.6437102,-0.8330817,0.8739769,0.71881795,-0.024249718,-0.5170957,-0.46320271,0.49510142,0.8042171,-0.22996052,0.5258997,-0.9050283,0.3167119,-0.94925797,0.0,1.1830001,-1.54101,3.1416,2.7421,-1.569,0.9638162,0.008626357,0.63111395,-0.366,1.7002064,0.45627385,1.3622177,0.4557954,-0.18162867,-0.03499487,0.82637894,-0.366,1.056404,0.30346662,0.42117578,-0.366,0.0,0.0,0.0,0.0,0.0,0.0,0.0,0.0,0.0,0.0,0.0,0.0,0.0,0.0,0.0,0.0
3.7699487e-05,1.1574564,-1.5208551,3.140719,2.7420278,-1.5690051,1.1216055,-0.25161356,0.7025353,-0.36145964,1.7440463,0.60337836,1.2137201,0.37859946,-0.2042878,0.045973256,1.0111226,-0.36599103,0.81022525,0.30062497,0.5488171,-0.36583108,-0.92471766,0.21362835,0.09494773,0.31827438,0.14365217,0.20036751,-0.24227402,-0.25194213,0.8514693,-0.5443121,0.73363954,0.9437636,-0.76085097,-0.43074977,-0.1831851,0.5101365,0.96084344,-0.80433446,-0.69482005,-0.56660044,0.8494718,-0.69195926,0.0,1.1830001,-1.541,3.14161,2.7421,-1.569,0.91606015,-0.04103549,0.7989522,-0.366,1.8448186,0.64230484,1.2122416,0.3708877,-0.2177374,0.065561235,1.0157766,-0.366,0.9194438,0.19178057,0.5886203,-0.366,0.0,0.0,0.0,0.0,0.0,0.0,0.0,0.0,0.0,0.0,0.0,0.0,0.0,0.0,0.0,0.0
3.562795e-05,1.1574544,-1.5208535,3.1407187,2.7420137,-1.5690107,1.0553546,-0.23277669,0.88479847,-0.3652874,1.6772685,0.7131577,1.0937052,0.2968247,-0.1343156,0.16449928,1.2135954,-0.36599115,0.67645603,0.22201037,0.7133723,-0.36589178,-0.9769019,-0.09060967,0.7360436,0.73420376,0.14898738,0.34570262,-0.1101595,-0.39667472,0.95337725,-0.8169641,-0.6454878,0.967638,-0.9057042,-0.42094603,0.55891997,0.6062005,0.9921687,-0.9017965,-0.8882077,-0.0985646,0.96219695,-0.055060364,0.0,1.183,-1.541,3.14161,2.7421,-1.569,0.8934783,-0.12235094,0.9943877,-0.366,1.7124983,0.8406637,1.0265788,0.2845968,-0.103162855,0.18982795,1.219164,-0.366,0.73736763,0.17157553,0.78586376,-0.366,0.0,0.0,0.0,0.0,0.0,0.0,0.0,0.0,0.0,0.0,0.0,0.0,0.0,0.0,0.0,0.0
4.3205313e-05,1.1574746,-1.5208597,3.1407058,2.742012,-1.5690072,1.0702955,-0.24988924,1.0565892,-0.36599818,1.5818499,0.88757026,0.9621867,0.15967354,-0.012510248,0.18066014,1.365639,-0.3659673,0.5354946,0.21351977,0.88203496,-0.25244844,-0.9889664,0.13810052,0.9328083,0.25033665,-0.004637653,0.10913149,0.030292066,-0.33650357,0.88216525,-0.5773424,-0.90259135,0.9344455,-0.9332572,-0.87219274,0.88758177,0.065953255,0.99843377,-0.9781027,-0.6886176,0.05597998,0.9924394,0.6705568,0.0,1.1830001,-1.541,3.14161,2.742,-1.569,0.8994627,-0.18883005,1.1686668,-0.366,1.5341839,1.0252712,0.842206,0.112287804,0.072186366,0.20285757,1.416413,-0.366,0.60132545,0.18263485,0.98192847,-0.23352587,0.0,0.0,0.0,0.0,0.0,0.0,0.0,0.0,0.0,0.0,0.0,0.0,0.0,0.0,0.0,0.0
2.1490961e-05,1.1574551,-1.520853,3.1407077,2.7420137,-1.5690107,1.1350087,-0.2591174,1.1077884,-0.35559347,1.4936093,0.98323655,0.9285764,0.17323472,0.0694709,0.17916295,1.337565,-0.36600605,0.56059694,0.22121291,1.0248789,-0.17720133,-0.26683253,0.8276201,0.9350725,0.03367886,0.32154295,-0.03737445,0.42504695,0.009773597,-0.024404109,0.094435625,-0.94438714,-0.5071601,-0.51302695,0.02545105,0.97751635,-0.009362068,-0.14585729,-0.86467785,0.0023235679,0.032580238,0.7429587,0.33293295,0.0,1.1830001,-1.541,3.14161,2.7421,-1.56901,0.98200244,-0.18693212,1.1639278,-0.34766158,1.3507936,0.9267859,0.7425814,0.11723013,0.26200998,0.20103955,1.388089,-0.366,0.60177666,0.1889616,1.1262034,-0.16887373,0.0,0.0,0.0,0.0,0.0,0.0,0.0,0.0,0.0,1.0,0.0,0.0,0.0,0.0,0.0,0.0
1.7854569e-05,1.1574551,-1.5208513,3.1407049,2.742014,-1.5690055,1.1609528,-0.28229228,1.0151836,-0.24295987,1.3942865,1.0553274,0.9288916,0.30523646,0.21742938,0.18960759,1.1761409,-0.3660045,0.60717773,0.23924121,1.0477679,-0.2287499,0.25144818,0.8953249,0.92099035,-0.20837039,0.21402335,0.32561332,0.49120703,0.005677758,-0.80488086,0.6673968,-0.84739184,-0.90143204,0.21514449,0.79395884,0.9955033,0.04065566,-0.8196755,-0.81679535,0.45699275,0.19007014,-0.006684661,-0.34650102,1e-05,1.1830001,-1.541,3.1416,2.7421,-1.569,1.0807052,-0.18579124,1.0021957,-0.21355546,1.1805195,0.7456529,0.7858124,0.27676755,0.46204555,0.20920886,1.223384,-0.366,0.6936044,0.22715412,1.1248602,-0.23849934,0.0,0.0,0.0,0.0,0.0,0.0,0.0,0.0,0.0,1.0,0.0,0.0,0.0,0.0,0.0,0.0
2.1485479e-05,1.1574563,-1.520854,3.140709,2.7420137,-1.5690051,1.1820707,-0.2992205,0.8804459,-0.13795231,1.2904878,1.0787314,0.9807665,0.45382527,0.3549698,0.18770958,0.9809377,-0.36600155,0.60127366,0.25856158,1.0146414,-0.3217772,0.014462434,0.979065,0.9350134,-0.5631839,-0.5074281,0.8130354,0.2684716,-0.2835684,-0.9427864,0.44081336,-0.33960974,-0.30205998,0.8430289,0.91408104,0.5699984,-0.15402657,-0.9534923,-0.9633591,-0.15489018,0.551773,-0.55284315,-0.47537115,1e-05,1.1830001,-1.541,3.1416,2.742,-1.569,1.1343486,-0.24245119,0.8138171,-0.1254763,1.1126618,0.68529814,0.95425844,0.45941055,0.5759372,0.17843273,1.0328662,-0.366,0.6626557,0.3374042,1.0143963,-0.33348352,0.0,0.0,0.0,0.0,0.0,0.0,0.0,0.0,0.0,1.0,0.0,0.0,0.0,0.0,0.0,0.0
2.2415541e-05,1.1574564,-1.5208541,3.1407135,2.742014,-1.5690106,1.2289693,-0.26789588,0.72760344,-0.16074753,1.2558188,1.0137656,1.0243752,0.5472178,0.40606347,0.09678644,0.82975644,-0.36599803,0.63307947,0.32640764,0.9537091,-0.3632823,-0.050927017,0.995813,0.59536743,-0.6313489,-0.86620194,0.46690643,0.518682,-1.8537045e-05,-0.94598776,-0.21251859,0.13783138,-0.40518466,0.5548039,0.57611096,-0.11494097,-0.61597526,-0.81706786,-0.99267185,-0.038520712,0.44599637,-0.5232986,-0.17393902,0.0,1.1830001,-1.541,3.1416,2.742,-1.569,1.2365098,-0.24245484,0.6274926,-0.16733457,1.1398095,0.6054918,1.0635343,0.572883,0.5532981,0.05710846,0.8719342,-0.366,0.6550686,0.42524892,0.91132593,-0.366,0.0,0.0,0.0,0.0,0.0,0.0,0.0,0.0,0.0,0.0,0.0,0.0,0.0,0.0,0.0,0.0
2.8043798e-05,1.1574589,-1.5208572,3.1407213,2.7420137,-1.5690074,1.3373452,-0.19077337,0.52679425,-0.28530392,1.2991853,0.77194834,1.1294497,0.57573533,0.42504984,-0.028539374,0.7672241,-0.36599803,0.72030085,0.4025486,0.84504145,-0.36548728,-0.07219034,0.975256,0.3365527,-0.4218049,-0.870239,0.25676727,0.65922457,0.37384665,-0.98919755,-0.68648446,0.5781921,-0.37865528,0.60233045,0.02689004,-0.5985937,-0.5441014,-0.5095475,-0.85266924,0.4942714,0.3074934,-0.5855074,-0.3907735,0.0,1.1830001,-1.541,3.1416,2.742,-1.569,1.3703054,-0.16657929,0.42672604,-0.3066628,1.2571588,0.52864033,1.1857827,0.5783406,0.4318081,-0.053321823,0.7685169,-0.366,0.7553854,0.4876575,0.7924919,-0.366,0.0,0.0,0.0,0.0,0.0,0.0,0.0,0.0,0.0,1.0,0.0,0.0,0.0,0.0,0.0,0.0
3.2083004e-05,1.1574601,-1.5208589,3.1407216,2.7420137,-1.5690054,1.417929,-0.20775051,0.4117535,-0.3509446,1.4429233,0.59065163,1.2473748,0.46317673,0.31886163,-0.021705875,0.9051389,-0.34575826,0.8449856,0.403024,0.7898084,-0.3659215,0.32886598,0.65422606,0.27832812,-0.3372709,-0.76189196,0.29115903,-0.13161092,0.26283053,-0.35487944,-0.549877,0.9031908,-0.4744335,0.52888757,-0.66726196,-0.7650508,0.21438527,0.6980905,0.11812104,0.8860366,-0.39890096,-0.29651266,-0.5988707,1e-05,1.1830001,-1.541,3.1416,2.742,-1.569,1.3433475,-0.11274378,0.35403615,-0.366,1.4421592,0.43146223,1.2941146,0.44166547,0.2751029,-0.009409338,0.9115066,-0.34180528,0.93687207,0.4059507,0.7317573,-0.366,0.0,0.0,0.0,0.0,0.0,0.0,0.0,0.0,0.0,1.0,0.0,0.0,0.0,0.0,0.0,0.0
3.0206678e-05,1.1574608,-1.5208592,3.1407166,2.7420137,-1.5690051,1.3996706,-0.25302416,0.41134256,-0.3534214,1.6049119,0.540137,1.3113507,0.3245151,0.15758024,0.110949844,1.0841842,-0.208576,0.91411453,0.334215,0.7147142,-0.36593676,-0.29081383,0.098247975,0.526188,-0.019757565,-0.3080288,0.2814524,-0.7636623,-0.02336723,0.18933988,-0.6113065,0.98063815,0.48361772,0.19182263,-0.695258,-0.87845635,0.788944,0.91521347,0.8236242,0.4884512,-0.8797802,-0.3686735,-0.6755,0.0,1.1830001,-1.541,3.1416,2.742,-1.569,1.1957318,-0.117260665,0.39063552,-0.366,1.6317164,0.52494544,1.3311939,0.3072722,0.105297446,0.1430934,1.0884172,-0.18259886,1.0312896,0.23588933,0.6604928,-0.366,0.0,0.0,0.0,0.0,0.0,0.0,0.0,0.0,0.0,0.0,0.0,0.0,0.0,0.0,0.0,0.0
3.3919783e-05,1.1574585,-1.5208573,3.1407185,2.7420137,-1.5690084,1.3137697,-0.2725403,0.4924482,-0.35376492,1.6561542,0.6154339,1.2388971,0.28698218,-0.01868356,0.22129554,1.2512529,-0.17385085,0.8433287,0.27868554,0.72420734,-0.3659399,-0.83182496,0.117073566,0.5581032,0.6100228,-0.10893167,0.17919698,-0.6354932,-0.08498653,0.83244264,-0.8784575,0.20707986,0.8838379,-0.7274719,-0.10640016,-0.9368938,0.7104004,0.93131256,0.058620572,-0.4574705,-0.3301527,0.52920926,-0.7981095,0.0,1.1830001,-1.541,3.14161,2.742,-1.569,1.0734432,-0.1336147,0.5508232,-0.366,1.6715649,0.6950232,1.1912059,0.28679752,-0.07498987,0.2797964,1.2676305,-0.17131846,0.9432581,0.17235775,0.762329,-0.366,0.0,0.0,0.0,0.0,0.0,0.0,0.0,0.0,0.0,0.0,0.0,0.0,0.0,0.0,0.0,0.0
3.4452365e-05,1.1574568,-1.5208555,3.1407208,2.7420137,-1.5690051,1.202316,-0.25995502,0.6478002,-0.3554939,1.5450661,0.7618545,1.0854946,0.22475319,-0.07652974,0.23475851,1.4281418,-0.25673485,0.7103366,0.23071143,0.8248913,-0.3659425,-0.89041424,0.014780113,0.8664658,0.5382632,-0.05080767,0.33276668,-0.5945414,-0.05135218,0.9501669,-0.9756915,-0.758584,0.9489412,-0.91798806,-0.3830562,-0.053212836,0.0941578,0.98626256,-0.53358346,-0.7369467,-0.14214352,0.7345931,-0.55182666,0.0,1.1830001,-1.541,3.14161,2.742,-1.569,0.9600161,-0.14341171,0.73209685,-0.366,1.5268416,0.876063,1.0160713,0.21371773,-0.08514186,0.2977599,1.4557905,-0.27311596,0.8026628,0.14523949,0.9024753,-0.366,0.0,0.0,0.0,0.0,0.0,0.0,0.0,0.0,0.0,0.0,0.0,0.0,0.0,0.0,0.0,0.0
3.524726e-05,1.1574562,-1.5208545,3.140725,2.7420137,-1.5690097,1.1531855,-0.24791618,0.85817325,-0.35468724,1.3722752,0.94347197,0.90152603,0.059954856,-0.043154407,0.23434871,1.5066924,-0.36380774,0.58084625,0.18631618,1.0058635,-0.36447984,-0.63429034,0.6748424,0.9732932,-0.34137893,-0.07583623,0.43122673,-0.21767236,-0.25103393,0.96475023,-0.9584259,-0.92429286,0.98978823,-0.9521531,-0.87661123,0.7866434,-0.028441185,0.67226493,-0.9067167,-0.8996059,0.0588144,0.8743756,0.009147882,0.0,1.1830001,-1.541,3.1416,2.742,-1.569,0.9151569,-0.19514623,0.93091816,-0.366,1.3363581,1.0800443,0.8198461,0.033060595,0.076974176,0.29189858,1.5943348,-0.366,0.6172668,0.1573603,1.0826716,-0.36411476,0.0,0.0,0.0,0.0,0.0,0.0,0.0,0.0,0.0,0.0,0.0,0.0,0.0,0.0,0.0,0.0
3.085032e-05,1.1574574,-1.5208558,3.1407256,2.7420135,-1.5690053,1.1837863,-0.22697014,0.95614845,-0.35519668,1.2121934,1.0046892,0.76341295,-0.021123638,0.09367751,0.23856018,1.4408014,-0.36600116,0.546351,0.1979338,1.1584624,-0.28212208,0.025316805,0.9079374,0.71086204,-0.25289673,0.0357309,0.4170041,0.39642,0.11395208,0.221724,-0.24030496,-0.94262177,-0.1956713,-0.5081003,-0.28377563,0.9573287,0.10529762,-0.665547,-0.93869674,-0.21348026,0.121875025,0.6990095,0.45517686,1e-05,1.1830001,-1.541,3.1416,2.7421,-1.569,0.9979081,-0.17135917,0.97720224,-0.366,1.1395893,1.0391986,0.7137821,-0.026176509,0.27681297,0.31387907,1.4554044,-0.366,0.57270354,0.18280126,1.2285873,-0.26909828,0.0,0.0,0.0,0.0,0.0,0.0,0.0,0.0,0.0,0.0,0.0,0.0,0.0,0.0,0.0,0.0
3.270509e-05,1.1574585,-1.5208577,3.1407244,2.742014,-1.5690107,1.2681757,-0.209295,0.8951831,-0.23498462,1.2832117,0.9311627,0.7641306,0.09153496,0.2622718,0.22081949,1.3038737,-0.36599907,0.6088991,0.21327895,1.1752869,-0.24112776,0.07617076,0.63867533,0.7049317,-0.11336059,0.42656985,0.64914817,0.5175318,0.20956096,-0.6636804,0.751939,0.5184774,-0.8391343,0.34075266,0.6989175,0.99146575,-0.19890025,-0.9331094,-0.8142659,0.26794788,0.018438805,0.035406537,0.11848411,1e-05,1.1830001,-1.541,3.1416,2.7421,-1.569,1.1019044,-0.12924859,0.84383786,-0.21490036,1.2437756,0.8705774,0.7822552,0.11426863,0.4760447,0.27391073,1.2678992,-0.366,0.6265468,0.18650648,1.235702,-0.2452893,0.0,0.0,0.0,0.0,0.0,0.0,0.0,0.0,0.0,0.0,0.0,0.0,0.0,0.0,0.0,0.0
2.9803648e-05,1.1574603,-1.5208584,3.1407228,2.7420135,-1.5690054,1.2787076,-0.17437245,0.7454097,-0.18113974,1.3028469,0.87201285,0.776687,0.21705781,0.37821802,0.17863627,1.0692046,-0.36596724,0.58344525,0.25770503,1.1032141,-0.33728588,-0.21050313,0.4494642,0.7021353,-0.2564693,-0.15386668,0.8562379,0.43221176,-0.047272254,-0.9327361,0.19685239,0.35019523,-0.7920619,0.8309724,0.8977605,0.54816663,-0.3645874,-0.95522755,-0.96129405,-0.24400604,0.5369097,-0.780311,-0.54820913,0.0,1.1830001,-1.541,3.1416,2.742,-1.569,1.1903291,-0.13891986,0.6530126,-0.174627,1.3154209,0.70853215,0.952261,0.29793838,0.5881922,0.19932103,1.0724725,-0.366,0.5766264,0.29635102,1.0760609,-0.35744554,0.0,0.0,0.0,0.0,0.0,0.0,0.0,0.0,0.0,0.0,0.0,1.0,0.0,0.0,0.0,0.0
3.226741e-05,1.1574569,-1.5208548,3.1407278,2.7420137,-1.5690107,1.2413988,-0.11318561,0.5402811,-0.28724873,1.305255,0.8293293,0.8283526,0.391623,0.3598733,0.060681008,0.84788424,-0.36599934,0.5029415,0.33276013,1.026175,-0.36377302,-0.5844882,-0.2939907,0.8867785,0.106365114,0.09620737,0.70937407,0.10265049,0.15513182,-0.9143766,-0.7058685,-0.023832098,-0.3734186,0.46366978,0.9509716,-0.47229195,-0.8729175,-0.99104553,-0.9912192,-0.45771918,0.6820051,-0.59981936,-0.6586811,0.0,1.183,-1.541,3.14161,2.7421,-1.569,1.2099178,-0.109316155,0.47852266,-0.30932742,1.310873,0.6372729,1.0407428,0.4794117,0.49806505,0.03274274,0.88335186,-0.366,0.48928016,0.42649764,0.96159774,-0.366,0.0,0.0,0.0,0.0,0.0,0.0,0.0,0.0,0.0,0.0,0.0,0.0,0.0,0.0,0.0,0.0
2.4738452e-05,1.1574552,-1.5208536,3.140716,2.7420132,-1.5690053,1.2489326,-0.011872881,0.33219782,-0.3584142,1.4138206,0.7744639,0.9594501,0.5096454,0.23751606,-0.12945232,0.6546445,-0.36599907,0.5058402,0.41469482,0.96051216,-0.36554447,-0.38097095,-0.44891265,0.23240142,0.821273,0.24513048,0.9015976,0.34300447,0.5176216,-0.98287535,-0.9247091,0.5228301,-0.5258488,0.59973747,0.41439223,-0.8944584,-0.9619315,-0.93491215,-0.688897,0.101919204,0.4448517,-0.40050468,-0.6828157,0.0,1.183,-1.541,3.14161,2.7421,-1.569,1.2814761,-0.0013288334,0.27347308,-0.366,1.419947,0.5275692,1.1658612,0.5658631,0.3114612,-0.16793747,0.6883085,-0.366,0.51054275,0.51930356,0.8780436,-0.366,0.0,0.0,0.0,0.0,0.0,0.0,0.0,0.0,0.0,0.0,0.0,0.0,0.0,0.0,0.0,0.0
6.844114e-06,1.1574447,-1.5208335,3.1406841,2.7420504,-1.569003,1.2752986,0.0013308711,0.14924036,-0.3626213,1.5219958,0.6448291,1.137721,0.50743705,0.14798686,-0.19230887,0.67217374,-0.36599907,0.57299626,0.45887065,0.8489315,-0.36598155,-0.12695365,-0.35530356,-0.32878637,0.8030568,-0.1432287,0.7576494,0.10535622,0.22488798,-0.88530695,-0.92432404,0.7802174,-0.36689183,0.83915734,-0.18068787,-0.96455646,-0.47394836,-0.05343686,-0.2646588,0.82038385,0.018798627,-0.63482744,-0.93656313,0.0,1.183,-1.54101,3.14161,2.742,-1.569,1.3019195,0.042308472,0.10168797,-0.366,1.5713406,0.45637742,1.3286915,0.53080237,0.1242985,-0.2599025,0.6779396,-0.366,0.6697302,0.52295125,0.7548616,-0.366,0.0,0.0,0.0,0.0,0.0,0.0,0.0,0.0,0.0,0.0,0.0,0.0,0.0,0.0,0.0,0.0
3.7001908e-05,1.1574541,-1.5208539,3.140719,2.742033,-1.5690049,1.2772441,-0.005289284,0.21530223,-0.35962045,1.6887219,0.52259415,1.3360415,0.37752467,0.008041644,-0.13921104,0.8129021,-0.36599907,0.724301,0.40850338,0.74481213,-0.365982,-0.310489,0.48743713,-0.085990235,0.47969446,-0.22370987,0.29843304,-0.6885239,0.32722634,0.62293863,-0.8956418,0.8761165,-0.4332866,0.79591036,-0.8361376,-0.86946106,0.7052103,0.78931266,-0.31844288,0.93639374,-0.79624027,-0.4844994,-0.9873127,0.0,1.1830001,-1.54101,3.14161,2.742,-1.569,1.1707437,0.10465079,0.22036862,-0.366,1.738256,0.37382877,1.4803263,0.3715036,-0.04134898,-0.12554766,0.8283174,-0.366,0.8481295,0.3712536,0.66255605,-0.366,0.0,0.0,0.0,0.0,0.0,0.0,0.0,0.0,0.0,0.0,0.0,0.0,0.0,0.0,0.0,0.0
3.6437297e-05,1.1574519,-1.5208527,3.1407206,2.7420135,-1.5690109,1.237614,-0.0007759593,0.35425237,-0.3648672,1.7456232,0.5092594,1.3763332,0.25075656,-0.14976348,-0.036337495,1.013655,-0.36599907,0.7850704,0.3293269,0.7667598,-0.36598212,-0.82622164,0.7879443,-0.28296536,0.29065812,-0.24786256,-0.042082816,-0.37873095,0.0056164414,0.8884575,-0.93012136,0.58255357,0.6998994,-0.64081794,-0.70092785,-0.79803807,0.56710654,0.95786256,-0.47886273,0.03505881,-0.90243906,0.70310014,-0.71368927,0.0,1.1830001,-1.54101,3.14161,2.742,-1.56901,1.095755,0.10576285,0.39628327,-0.366,1.8536016,0.5124089,1.3534443,0.23271982,-0.19936058,-0.013260528,1.0179743,-0.366,0.8550712,0.19257061,0.8017699,-0.366,0.0,0.0,0.0,0.0,0.0,0.0,0.0,0.0,0.0,0.0,0.0,0.0,0.0,0.0,0.0,0.0
3.4649383e-05,1.1574534,-1.5208533,3.1407192,2.7420142,-1.5690109,1.1425346,-0.0202544,0.53226435,-0.3659964,1.6982734,0.58115333,1.2590976,0.22553791,-0.25431034,0.0403626,1.20317,-0.36599907,0.7010386,0.3142905,0.88724566,-0.3659823,-0.9549201,0.30838582,-0.12251496,0.7428681,0.24985696,0.22959447,-0.71285206,-0.033500064,0.9473645,-0.83955646,-0.6202823,0.914401,-0.89276284,-0.063382745,-0.43568027,0.3402276,0.98853755,-0.40360802,-0.46513447,0.21806851,0.92351216,-0.60536414,0.0,1.1830001,-1.54101,3.14161,2.7421,-1.569,0.9589124,0.099332005,0.5781441,-0.366,1.7345291,0.68794185,1.1820651,0.22055256,-0.28299594,0.052051246,1.2077389,-0.366,0.76578164,0.23443213,0.9790519,-0.366,0.0,0.0,0.0,0.0,0.0,0.0,0.0,0.0,0.0,0.0,0.0,0.0,0.0,0.0,0.0,0.0
3.322687e-05,1.1574528,-1.5208528,3.1407175,2.7420137,-1.5690107,1.0376849,-0.029758427,0.7179045,-0.3659964,1.6107681,0.741723,1.1452848,0.13242584,-0.17760873,0.12274584,1.4028678,-0.36599907,0.63659394,0.3217274,1.0715326,-0.3659827,-0.97291917,-0.06323083,0.43451282,-0.115271345,0.09999236,0.46524122,-0.44380653,-0.08776575,0.9894729,-0.855002,-0.8703969,0.91847086,-0.9700097,-0.73078763,0.712864,0.44086114,0.99770755,-0.8807216,-0.38683525,0.3504182,0.98470247,-0.28324485,0.0,1.183,-1.541,3.1416,2.7421,-1.569,0.8698585,0.08172099,0.77669096,-0.366,1.559876,0.8722415,0.9874237,0.07391326,-0.13995318,0.1405141,1.4079381,-0.366,0.6881596,0.3047468,1.1766416,-0.366,0.0,0.0,0.0,0.0,0.0,0.0,0.0,0.0,0.0,0.0,0.0,0.0,0.0,0.0,0.0,0.0
5.2010564e-05,1.1574433,-1.5208485,3.140701,2.7421021,-1.5690036,0.98799175,-0.0424808,0.9286652,-0.3659964,1.5012834,0.9677284,1.0486524,0.01112272,-0.12303342,0.16932122,1.4519858,-0.36601004,0.6576332,0.3692501,1.2543874,-0.36598307,-0.92217964,0.039520096,0.82225734,-0.27692103,0.03299127,0.36105222,-0.3841508,-0.19984104,0.9978946,-0.72352344,-0.9706335,0.91020685,-0.994002,-0.8018292,0.8983465,0.32475495,0.69935507,-0.97214234,-0.45518774,0.25294524,0.7973617,-0.37349984,0.0,1.1830001,-1.541,3.1416,2.7421,-1.569,0.792502,0.041478965,0.9776372,-0.366,1.3644193,1.0555301,0.78726137,-0.08755125,0.04094702,0.20591007,1.5487673,-0.366,0.59649837,0.35568243,1.3372065,-0.366,0.0,0.0,0.0,0.0,0.0,0.0,0.0,0.0,0.0,1.0,0.0,0.0,0.0,0.0,0.0,0.0
3.225403e-05,1.1574562,-1.5208552,3.140723,2.7420137,-1.5690057,0.9559285,-0.0629565,1.0916933,-0.3659964,1.2776797,1.0137378,0.77516365,0.0007553338,0.06605489,0.17926034,1.3745854,-0.36600816,0.69222915,0.34386474,1.3477619,-0.35915884,-0.48325673,0.2028779,0.8040651,0.73325384,0.14467168,-0.13921191,0.34953266,-0.01395683,0.69382566,-0.11911042,-0.81237584,-0.35547218,-0.88363,0.44023815,0.97966933,0.120545805,-0.660129,-0.8755461,0.31150725,-0.25053385,0.21878219,-0.6251173,0.0,1.1830001,-1.541,3.14161,2.7421,-1.56901,0.86406976,0.038621265,1.1196998,-0.366,1.1980832,0.9827462,0.60633576,0.0025886893,0.24153695,0.23059215,1.4136041,-0.366,0.66028035,0.30438495,1.3820027,-0.366,0.0,0.0,0.0,0.0,0.0,0.0,0.0,0.0,0.0,1.0,0.0,0.0,0.0,0.0,0.0,0.0
2.8643553e-05,1.1574585,-1.520857,3.1407197,2.7420137,-1.5690053,0.96486384,-0.117596336,1.1164947,-0.23640117,1.3269259,0.91300976,0.67249125,0.15495501,0.2864056,0.21140428,1.245193,-0.36600396,0.8494931,0.343537,1.3103112,-0.36441895,-0.34063137,0.34682208,0.9040639,0.87856126,-0.34647393,0.26920688,0.47693288,-0.055299997,-0.10444899,0.7562063,0.52861536,-0.87109447,0.31847066,0.8728956,0.9767991,0.049048405,-0.7362267,-0.8183238,0.7831298,-0.49136811,-0.18603095,-0.46081728,0.0,1.1830001,-1.541,3.14161,2.742,-1.569,0.962356,0.027225059,1.098175,-0.21016122,1.3070201,0.8032313,0.6719661,0.18247478,0.44283542,0.24070002,1.2618828,-0.366,0.82166755,0.20312394,1.3436655,-0.366,0.0,0.0,0.0,0.0,0.0,0.0,0.0,0.0,0.0,1.0,0.0,0.0,0.0,0.0,0.0,0.0
2.747025e-05,1.1574589,-1.5208567,3.1407206,2.7420137,-1.5690053,0.95332575,-0.15539153,0.99909115,-0.20770134,1.2941445,0.83973855,0.712231,0.31112024,0.40698454,0.18790567,1.0793748,-0.365999,0.88078105,0.32215828,1.2530376,-0.35114378,0.10798724,0.7347469,0.68468773,0.25455827,-0.5122236,0.8036429,-0.053833857,-0.81106,-0.82088983,-0.010506183,-0.16653514,-0.55030656,0.86369413,0.93807805,0.7162569,-0.115469225,-0.8040503,-0.96366477,-0.04073143,0.25886065,-0.8372062,-0.7536819,1e-05,1.1830001,-1.541,3.14161,2.742,-1.569,0.9515639,-0.13536817,0.9336112,-0.2122674,1.2736348,0.6929113,0.8451109,0.37053132,0.58642346,0.2175519,1.1006948,-0.366,0.81350213,0.25501776,1.1758307,-0.366,0.0,0.0,0.0,0.0,0.0,0.0,0.0,0.0,0.0,0.0,0.0,0.0,0.0,0.0,0.0,0.0
3.417728e-05,1.1574534,-1.520853,3.140729,2.7420137,-1.56901,0.9515012,-0.21293265,0.8106458,-0.3411539,1.2430034,0.80385256,0.7715669,0.47116253,0.36426067,0.11597366,0.9215657,-0.365999,0.72025365,0.3548114,1.0891386,-0.36013716,-0.2040603,0.60210395,0.17418186,-0.06869443,-0.66389924,0.79001504,0.021194719,-0.4768651,-0.96417797,-0.80210125,-0.23149526,-0.52584225,0.8411517,0.96348816,-0.41125205,-0.5806637,-0.66534233,-0.992733,-0.63669306,0.69801897,-0.96744126,-0.5823885,0.0,1.1830001,-1.541,3.1416,2.742,-1.569,0.9558843,-0.23257354,0.7370708,-0.366,1.2264463,0.5857223,1.0165733,0.5669311,0.5025928,0.09918798,0.9650698,-0.366,0.683717,0.39730367,0.9786251,-0.366,0.0,0.0,0.0,0.0,0.0,0.0,0.0,0.0,0.0,0.0,0.0,1.0,0.0,0.0,0.0,0.0
2.930207e-05,1.1574535,-1.5208521,3.1407242,2.7420135,-1.5690056,1.0121939,-0.20289434,0.6421838,-0.3619101,1.3141571,0.766278,0.8254064,0.54833406,0.22921322,-0.042634875,0.7597043,-0.365999,0.6261543,0.38477823,0.9097859,-0.36531457,-0.052953035,0.47821507,-0.02634541,-0.16512817,-0.6743155,0.9235712,0.52052045,0.13355187,-0.99283564,-0.829978,0.57795966,-0.34378695,0.45652658,0.38618675,-0.8759415,-0.8727913,-0.9330685,-0.9723768,-0.3437286,0.19432811,-0.99348825,-0.38542974,0.0,1.1830001,-1.54101,3.1416,2.742,-1.569,1.0552541,-0.20707786,0.54753375,-0.366,1.3367815,0.5200918,1.1037264,0.640656,0.33537143,-0.067431994,0.7869426,-0.366,0.6180976,0.4344018,0.78896356,-0.366,0.0,0.0,0.0,0.0,0.0,0.0,0.0,0.0,0.0,0.0,0.0,0.0,0.0,0.0,0.0,0.0
3.763509e-05,1.15745,-1.5208484,3.1407354,2.7420142,-1.5690054,1.120338,-0.15184426,0.4295666,-0.36568874,1.4054055,0.6741022,0.9305777,0.5597455,0.06851716,-0.20734635,0.5724891,-0.365999,0.63682806,0.4057709,0.72441393,-0.36595505,0.14460532,0.22200337,-0.25674513,0.545594,-0.86065614,0.74726665,0.75521857,0.25969705,-0.99856716,-0.93481594,0.64509016,-0.5396301,0.6788795,-0.006759733,-0.9506706,-0.9016491,-0.9833945,-0.9293818,0.2311945,0.13453797,-0.99869764,-0.877086,1e-05,1.1830001,-1.54101,3.14161,2.742,-1.569,1.2047135,-0.15568325,0.34991515,-0.366,1.4644462,0.4132978,1.2380781,0.6393182,0.14723167,-0.24587029,0.5923267,-0.366,0.6638515,0.46102718,0.59131914,-0.366,0.0,0.0,0.0,0.0,0.0,1.0,0.0,0.0,0.0,0.0,0.0,0.0,0.0,0.0,0.0,0.0
-1.1335359e-06,1.1574824,-1.5208429,3.140723,2.7420142,-1.5690126,1.0773498,-0.03729352,0.2771919,-0.36598152,1.4562,0.53592575,1.0860537,0.5851047,-0.061248206,-0.21353035,0.5922618,-0.365999,0.76829076,0.37664545,0.5089238,-0.36596045,0.60879123,0.2210311,0.27574795,0.8080414,-0.10304852,0.344669,-0.6489563,0.6640557,-0.52170867,-0.2532456,0.25522035,-0.6534995,0.8194044,0.06632384,-0.9901341,-0.523862,0.17632285,-0.3823432,0.78905714,-0.26477513,-0.9997395,-0.9754172,1e-05,1.1830001,-1.541,3.14161,2.742,-1.569,1.0795795,-0.027637735,0.24931748,-0.366,1.5136586,0.28728777,1.3960785,0.652107,-0.043689415,-0.34688318,0.6263259,-0.366,0.8160002,0.4099723,0.39854592,-0.366,0.0,0.0,0.0,0.0,0.0,0.0,0.0,0.0,0.0,0.0,0.0,0.0,0.0,0.0,0.0,0.0
2.9991825e-05,1.1574533,-1.5208527,3.1407192,2.7420137,-1.5690051,1.0009725,-0.026423289,0.34687397,-0.36598256,1.6251127,0.4600862,1.3103704,0.6215393,-0.18713573,-0.2168409,0.75695616,-0.365999,0.8840604,0.25606662,0.40070614,-0.3659669,-0.26076517,0.4309704,0.33600697,-0.048315465,0.22804135,0.23442748,-0.62558734,0.47545677,0.69477487,-0.59023046,0.80994284,0.6693001,0.38869828,-0.060281493,-0.81847537,0.31595463,0.83526456,-0.76167375,0.48504964,-0.85295504,-0.05922146,-0.651706,0.0,1.1830001,-1.541,3.1416,2.7421,-1.569,0.95700705,0.065519355,0.38544595,-0.366,1.6723522,0.4184249,1.4722369,0.6402959,-0.20405474,-0.2849776,0.78998077,-0.366,0.91103685,0.24285132,0.38694257,-0.366,0.0,0.0,0.0,0.0,0.0,0.0,0.0,0.0,0.0,0.0,0.0,0.0,0.0,0.0,0.0,0.0
2.8302884e-05,1.1574537,-1.5208532,3.1407146,2.7420137,-1.5690106,0.99467546,-0.03213032,0.5227513,-0.36596972,1.6490858,0.5184588,1.3119,0.50601405,-0.280825,-0.17910483,0.95613253,-0.365999,0.8824761,0.22561067,0.4833846,-0.36498868,-0.8456851,0.565122,-0.3181209,0.7516125,-0.012496185,-0.43059906,0.08969222,-0.1478238,0.938955,-0.8860403,-0.027998269,0.91226923,-0.7164392,-0.71872973,-0.6924762,0.50759953,0.96705294,-0.93919086,-0.07660799,-0.46822262,0.75748044,-0.42069906,0.0,1.1830001,-1.54101,3.14161,2.742,-1.56901,0.9746374,0.03646235,0.57001173,-0.366,1.6668487,0.59774524,1.3314099,0.49901873,-0.314,-0.18520124,0.98006964,-0.366,0.8959784,0.15081507,0.5358368,-0.366,0.0,0.0,0.0,0.0,0.0,0.0,0.0,0.0,0.0,0.0,0.0,0.0,0.0,0.0,0.0,0.0
3.0763087e-05,1.1574545,-1.520854,3.1407158,2.7420137,-1.5690101,0.9602752,-0.051115345,0.70920575,-0.36597174,1.5342581,0.67225784,1.213357,0.37446177,-0.31064653,-0.09704864,1.1646998,-0.365999,0.8753845,0.22834,0.64095354,-0.3647311,-0.818799,-0.036792584,0.117136784,0.8306117,0.25159496,-0.16287282,-0.15849912,-0.116170086,0.9603382,-0.6883586,-0.7882189,0.96752256,-0.9123667,-0.7370534,-0.03503272,0.55836725,0.9934106,-0.9668366,-0.10887425,-0.037277207,0.9176318,-0.22888795,0.0,1.183,-1.541,3.14161,2.7421,-1.56901,0.9435691,0.013691239,0.7582527,-0.366,1.5123457,0.78739446,1.1525722,0.354545,-0.314,-0.07575273,1.1747932,-0.366,0.87463737,0.14350817,0.7157067,-0.366,0.0,0.0,0.0,0.0,0.0,0.0,0.0,0.0,0.0,0.0,0.0,0.0,0.0,0.0,0.0,0.0
3.1169657e-05,1.1574554,-1.520855,3.1407175,2.7420137,-1.5690051,0.93498665,-0.07855801,0.9113894,-0.36558005,1.3814319,0.85016346,1.0360134,0.19149885,-0.24223909,-0.014078416,1.326542,-0.36599678,0.8650477,0.22454458,0.8072484,-0.36493173,-0.96198934,-0.14481899,0.58038497,-0.034199595,0.12925655,0.14462665,-0.17590073,-0.07551358,0.99206764,-0.83807725,-0.8082736,0.9935045,-0.9824734,-0.9474107,0.7929935,0.40996557,0.9688213,-0.9933673,-0.22879122,-0.08570147,0.9555423,-0.28215677,0.0,1.183,-1.541,3.1416,2.7421,-1.569,0.90842474,-0.0013961243,0.9564645,-0.366,1.3508552,0.98589337,0.95627725,0.16525547,-0.15556253,0.0061570406,1.3683605,-0.366,0.8289256,0.1263853,0.9066209,-0.366,0.0,0.0,0.0,0.0,0.0,0.0,0.0,0.0,0.0,1.0,0.0,0.0,0.0,0.0,0.0,0.0
2.8211669e-05,1.157457,-1.5208559,3.1407177,2.7420137,-1.5690106,0.96474564,-0.10266277,1.1081961,-0.36600238,1.3067638,0.88416636,0.84180164,0.09875948,-0.12319062,0.04960251,1.3333873,-0.36599922,0.91555226,0.23426071,0.9617292,-0.36339054,-0.18305027,0.032854535,0.31943107,0.53006935,-0.025392678,-0.29324704,0.2507696,-0.16445908,0.95751804,-0.6112713,-0.41652614,-0.557532,-0.9964947,-0.37405556,0.8912051,0.362127,0.14399704,-0.41873813,0.1779114,0.076723605,0.72474855,-0.52830243,0.0,1.1830001,-1.541,3.14161,2.742,-1.56901,0.95795906,-0.03388159,1.1456022,-0.366,1.2685791,0.87576455,0.7594405,0.091368586,0.02047646,0.07768769,1.3968041,-0.366,0.86406827,0.14154045,1.0497799,-0.366,0.0,0.0,0.0,0.0,0.0,0.0,0.0,0.0,0.0,1.0,0.0,0.0,0.0,0.0,0.0,0.0
2.5631534e-05,1.1574591,-1.5208573,3.1407158,2.7420137,-1.5690104,1.006832,-0.13749702,1.2471938,-0.33063138,1.3522948,0.8178058,0.7124617,0.18163498,0.049733173,0.06085545,1.2548175,-0.36600545,0.9896432,0.22230409,1.0275397,-0.35763636,0.17348595,-0.044624716,0.22022194,0.6448682,-0.1538786,-0.05523919,0.21658564,-0.20087668,0.6018812,0.23944192,0.25367865,-0.88472086,-0.46762875,0.55911225,0.978241,-0.0032062307,-0.48054683,-0.56807786,0.39279494,-0.1957369,0.20239055,-0.49444458,1e-05,1.183,-1.541,3.14161,2.742,-1.56901,0.9999827,-0.07285726,1.2623839,-0.3195416,1.3177998,0.70410407,0.6687075,0.19985193,0.21028247,0.07706559,1.3035647,-0.366,0.94028145,0.10356204,1.0890493,-0.366,0.0,0.0,0.0,0.0,0.0,0.0,0.0,0.0,0.0,1.0,0.0,0.0,0.0,0.0,0.0,0.0
2.3573588e-05,1.1574589,-1.5208569,3.1407146,2.7420137,-1.5690107,1.00257,-0.20014071,1.207552,-0.23423843,1.3839608,0.7113086,0.75886863,0.36036795,0.17826639,0.066530675,1.0693756,-0.3659986,1.0254122,0.21595846,1.0145512,-0.3332219,0.18024135,0.1372399,0.30733213,0.16210224,-0.25944775,0.72313064,-0.36337003,-0.63489604,-0.46913886,0.514384,0.20425637,-0.639262,0.64434177,0.91182244,0.9956482,0.062669255,-0.88314396,-0.9136156,-0.13112044,0.10898395,-0.41137865,-0.7375949,1e-05,1.1830001,-1.541,3.14161,2.742,-1.569,0.9257388,-0.20257944,1.1665293,-0.21444249,1.3595335,0.5734898,0.8003596,0.3861558,0.41371366,0.08987019,1.1231204,-0.366,0.9134909,0.12582968,1.0049963,-0.366,0.0,0.0,0.0,0.0,0.0,0.0,0.0,0.0,0.0,0.0,0.0,0.0,0.0,0.0,0.0,0.0
3.080005e-05,1.1574559,-1.5208552,3.1407213,2.7420135,-1.5690049,0.92137325,-0.26250455,1.0822119,-0.29865426,1.3245989,0.6697737,0.80263543,0.5005171,0.23022981,0.07422917,0.87424976,-0.36599857,0.8516776,0.25257504,0.9173252,-0.35482717,-0.10946775,0.3109166,0.5205093,-0.39946383,-0.32674316,0.7264671,-0.5554409,-0.535217,-0.8938278,-0.49087602,-0.34495708,-0.36690173,0.905514,0.98236454,0.13216776,0.0009402167,-0.8585856,-0.9827231,-0.8262241,0.7184511,-0.88227576,-0.8111557,0.0,1.1830001,-1.541,3.1416,2.742,-1.569,0.8102578,-0.31385574,0.98069465,-0.31649992,1.2878139,0.4972077,0.98862386,0.590398,0.4411925,0.09006567,0.944613,-0.366,0.7417117,0.27520195,0.8215635,-0.366,0.0,0.0,0.0,0.0,0.0,0.0,0.0,0.0,0.0,0.0,0.0,0.0,0.0,0.0,0.0,0.0
3.046208e-05,1.1574539,-1.5208513,3.1407292,2.7420137,-1.5690107,0.87613946,-0.28658774,0.9017037,-0.35984975,1.3092211,0.65427387,0.8124374,0.6066461,0.17412934,-0.027887246,0.73792166,-0.36599857,0.63666886,0.33337265,0.7311853,-0.36561233,-0.09537355,0.27191204,0.24957228,-0.7244795,-0.62456936,0.5836345,0.24514472,-0.04614491,-0.9751531,-0.82066417,0.12532845,-0.3244738,0.7614299,0.7276838,-0.71206415,-0.75921535,-0.92796004,-0.9962968,-0.68939936,0.64146465,-0.97645515,-0.49058676,0.0,1.1830001,-1.541,3.1416,2.742,-1.569,0.8582351,-0.32288677,0.78984714,-0.366,1.3123419,0.43370485,1.1376436,0.73281324,0.30183423,-0.058520585,0.7630017,-0.366,0.6067891,0.4007432,0.63046116,-0.366,0.0,0.0,0.0,0.0,0.0,0.0,0.0,0.0,0.0,0.0,0.0,0.0,0.0,0.0,0.0,0.0
9.92179e-06,1.1574483,-1.5208375,3.1407053,2.742028,-1.5690109,0.89046574,-0.24601121,0.7121486,-0.36509538,1.3969622,0.5908909,0.9787702,0.68543035,0.040353972,-0.2026606,0.554604,-0.36599907,0.6247314,0.38171357,0.5267277,-0.3657691,0.15559329,-0.1180581,-0.070201956,-0.3285037,-0.69129723,0.51302856,0.3861268,0.5098244,-0.99503064,-0.7108122,0.5962696,-0.33814305,0.8971417,0.16616833,-0.94241285,-0.9292646,-0.95943254,-0.99925935,0.21515065,0.0855833,-0.9645955,-0.51829123,1e-05,1.183,-1.54101,3.1416,2.742,-1.569,0.9361449,-0.22001825,0.58907735,-0.366,1.4326527,0.3654769,1.318662,0.76634145,0.11168128,-0.24602057,0.5694146,-0.366,0.6502006,0.41801155,0.43583238,-0.366,0.0,0.0,0.0,0.0,0.0,0.0,0.0,0.0,0.0,0.0,0.0,0.0,0.0,0.0,0.0,0.0
2.0317555e-05,1.1574566,-1.5208493,3.1407144,2.7420135,-1.569011,0.8517921,-0.09837898,0.5118519,-0.36587816,1.478941,0.45777187,1.266876,0.706799,-0.046737295,-0.19710037,0.55309105,-0.36599907,0.74193466,0.39105967,0.3109951,-0.36596006,0.6710512,-0.08277212,0.53356767,0.5216652,-0.3159153,0.17147073,-0.5725721,0.9019649,-0.7015736,-0.0729055,0.24645308,-0.5580593,0.92026067,-0.15418501,-0.9884826,-0.03685026,-0.17795353,-0.8798929,0.7996743,-0.5560803,-0.9845071,-0.8723954,1e-05,1.183,-1.541,3.14161,2.742,-1.569,0.8202625,-0.037470326,0.44708645,-0.366,1.4825321,0.25253177,1.5049129,0.7351361,-0.08837688,-0.25347868,0.53339875,-0.366,0.81204605,0.30546692,0.2365788,-0.366,0.0,0.0,0.0,0.0,0.0,0.0,0.0,0.0,0.0,0.0,0.0,0.0,0.0,0.0,0.0,0.0
2.2761693e-05,1.1574519,-1.5208498,3.1407106,2.7420137,-1.5690054,0.8172687,-0.04912726,0.5482331,-0.3659448,1.5855616,0.41525835,1.3731225,0.6129419,-0.19215222,-0.16212536,0.66348976,-0.36599907,0.8887867,0.374667,0.30811664,-0.36596066,-0.58733,0.7834456,0.44348273,0.45298043,-0.25085852,0.070335686,-0.27598095,0.5526587,0.65968525,-0.7104314,0.7544353,0.67655927,-0.31792644,-0.67270356,-0.78892386,0.45594838,0.7644093,-0.8970003,0.5935422,-0.7590973,0.2570691,-0.603164,0.0,1.1830001,-1.541,3.14161,2.742,-1.569,0.76777965,0.06762787,0.5725377,-0.366,1.6260018,0.38119194,1.4444534,0.60720915,-0.23840524,-0.16677171,0.67876524,-0.366,0.924919,0.16111062,0.2854652,-0.366,0.0,0.0,0.0,0.0,0.0,0.0,0.0,0.0,0.0,0.0,0.0,0.0,0.0,0.0,0.0,0.0
2.8936027e-05,1.1574506,-1.5208508,3.1407144,2.7420137,-1.5690107,0.7127282,-0.10680102,0.7163308,-0.36594808,1.6672606,0.48205873,1.311684,0.5406392,-0.28795186,-0.10785549,0.868423,-0.36599907,0.93989736,0.34513652,0.38502258,-0.36598602,-0.917466,0.092183396,-0.3046615,0.5795239,-0.13681746,-0.14759095,-0.14817736,-0.13559115,0.8979844,-0.73334193,0.3360303,0.90586585,-0.8635853,-0.38072187,-0.48516822,0.34141797,0.9528819,-0.9794001,-0.18514131,-0.3606387,0.80316067,-0.6747212,0.0,1.1830001,-1.54101,3.14161,2.742,-1.56901,0.736882,0.039354675,0.7597836,-0.366,1.6960702,0.5700813,1.2643802,0.5278218,-0.314,-0.095579915,0.8774583,-0.366,0.88631374,0.08591096,0.45293868,-0.366,0.0,0.0,0.0,0.0,0.0,0.0,0.0,0.0,0.0,0.0,0.0,0.0,0.0,0.0,0.0,0.0
2.4321316e-05,1.1574508,-1.5208503,3.1407087,2.7420135,-1.5690053,0.5800363,-0.12042648,0.8932715,-0.36595106,1.5871097,0.6093979,1.1914103,0.5363146,-0.3111999,-0.04751894,1.0508578,-0.36599907,0.9133998,0.33840513,0.52760696,-0.3659852,-0.9751308,-0.7365319,-0.010451641,0.26018298,0.18463583,-0.14740196,-0.5272903,-0.19879104,0.90662915,-0.7322499,-0.65593123,0.9520087,-0.97271705,-0.05993871,-0.077037014,0.31032097,0.9168649,-0.9379158,-0.32553458,0.15688062,0.96063215,-0.4373412,0.0,1.183,-1.54101,3.14161,2.7421,-1.56901,0.63552153,0.0011412911,0.9340639,-0.366,1.5699812,0.7530849,1.0773959,0.51629984,-0.314,-0.035927255,1.0537062,-0.366,0.8237366,0.116067946,0.63759995,-0.366,0.0,0.0,0.0,0.0,0.0,0.0,0.0,0.0,0.0,0.0,0.0,0.0,0.0,0.0,0.0,0.0
2.516487e-05,1.1574503,-1.5208496,3.1407108,2.7420135,-1.5690054,0.4349641,-0.10787694,1.0803268,-0.36595345,1.4338076,0.79207206,1.0309585,0.47014773,-0.20587195,0.027786268,1.2387117,-0.36599907,0.8375223,0.3125778,0.7160758,-0.36164457,-0.98713124,-0.5383829,0.039236076,-0.41026124,-0.21324307,0.22432372,-0.54681087,-0.05371572,0.98132586,-0.811531,-0.8790066,0.964702,-0.99454343,-0.45458022,0.7220215,0.38263887,0.9126528,-0.98758316,-0.5001208,0.18045981,0.9838018,-0.1994173,0.0,1.183,-1.541,3.1416,2.742,-1.569,0.5215821,-0.010051494,1.1385435,-0.366,1.386822,0.9541006,0.8701621,0.42157862,-0.16355184,0.043803494,1.2438763,-0.366,0.71952605,0.15367049,0.84259546,-0.366,0.0,0.0,0.0,0.0,0.0,0.0,0.0,0.0,0.0,0.0,0.0,0.0,0.0,0.0,0.0,0.0
2.3771117e-05,1.1574507,-1.5208496,3.140712,2.7420135,-1.5690103,0.384816,-0.110867135,1.27766,-0.36599657,1.3034703,0.90978533,0.8607728,0.3297459,-0.09943783,0.11398253,1.3271303,-0.36600867,0.8120775,0.26015663,0.8591263,-0.3627176,-0.48565084,0.1253802,0.0016054315,-0.10360463,-0.4979991,-0.4374035,-0.2678698,-0.09833727,0.9553396,-0.37124452,-0.861669,0.09088408,-0.9490252,-0.76957667,0.93035823,0.52093124,0.66527635,-0.9050604,-0.12644044,-0.04832444,0.56745934,-0.35527802,0.0,1.1830001,-1.541,3.1416,2.742,-1.56901,0.46606004,-0.030434126,1.3365593,-0.366,1.2082216,0.9729384,0.6734551,0.2620664,0.029286012,0.15177831,1.3817699,-0.366,0.6933184,0.14365415,0.96021426,-0.366,0.0,0.0,0.0,0.0,0.0,0.0,0.0,0.0,0.0,1.0,0.0,0.0,0.0,0.0,0.0,0.0
2.2963988e-05,1.157454,-1.5208505,3.1407137,2.742013,-1.5690107,0.39890862,-0.12055812,1.3695297,-0.34035337,1.2550906,0.86930937,0.68098897,0.3104952,0.053640485,0.14524022,1.2755553,-0.3659996,0.8939755,0.23952763,0.9254824,-0.3646239,0.1553849,0.34970343,0.05220687,0.48710743,-0.3054033,-0.81379884,0.12281136,0.022267066,0.3705541,0.15765518,0.0032211542,-0.76705915,-0.2291409,0.29350895,0.97796583,0.19403133,-0.25119072,-0.8810655,0.34506077,-0.13018209,-0.10069885,-0.35512018,1e-05,1.1830001,-1.541,3.14161,2.742,-1.56901,0.49097556,-0.02591667,1.4117359,-0.33401552,1.2088751,0.81732035,0.6269679,0.32161236,0.227692,0.19114265,1.3308092,-0.366,0.76332307,0.117243305,0.9397849,-0.366,0.0,0.0,0.0,0.0,0.0,0.0,0.0,0.0,0.0,1.0,0.0,0.0,0.0,0.0,0.0,0.0
1.4452058e-05,1.1574544,-1.5208445,3.1407528,2.7420144,-1.5690122,0.5032856,-0.13905303,1.3687806,-0.2856884,1.3279439,0.77282226,0.70784175,0.44300845,0.19765776,0.14868034,1.1995003,-0.36600003,0.9543024,0.23427092,0.88480455,-0.36592928,0.31048414,0.17020148,-0.20604447,0.8974215,-0.64029044,-0.36222965,0.17643714,-0.2379331,-0.14983058,0.30411267,0.4772737,-0.8836374,0.7211245,0.7912695,0.9800991,-0.0205748,-0.48209882,-0.9762131,0.57070655,0.15954329,-0.45987454,-0.4531369,1e-05,1.1830001,-1.54101,3.14161,2.742,-1.56901,0.5245566,-0.0712021,1.3832189,-0.27613425,1.2997139,0.64913905,0.7642184,0.47221342,0.41423267,0.18722668,1.2390522,-0.366,0.8719447,0.14760892,0.8522577,-0.366,0.0,0.0,0.0,0.0,0.0,0.0,0.0,0.0,0.0,1.0,0.0,0.0,0.0,0.0,0.0,0.0
3.4575707e-05,1.1574552,-1.5208516,3.1407325,2.7420137,-1.5690087,0.46611655,-0.21397331,1.2539858,-0.353506,1.2407228,0.78719556,0.7382389,0.572099,0.27885714,0.1034978,1.0236343,-0.36599874,0.84409446,0.29055753,0.75926507,-0.3659557,0.5997289,0.34739584,-0.758126,0.27927908,-0.55220795,0.12982838,0.2079629,-0.715763,-0.8299661,-0.71328676,-0.6112627,-0.54448795,0.9398633,0.9582539,-0.0033995807,-0.37475643,-0.89641976,-0.9848489,-0.37674108,0.7780108,-0.8793627,-0.7170254,1e-05,1.1830001,-1.54101,3.14161,2.742,-1.569,0.5674707,-0.21890326,1.2119514,-0.366,1.1735768,0.5367813,0.95816374,0.66995376,0.41353115,0.10989387,1.0540717,-0.366,0.7942024,0.30815524,0.670797,-0.366,0.0,0.0,0.0,0.0,0.0,0.0,0.0,0.0,0.0,1.0,0.0,0.0,0.0,0.0,0.0,0.0
2.591788e-05,1.1574496,-1.520848,3.1407194,2.7420135,-1.5690051,0.56408334,-0.3024591,1.11188,-0.36393273,1.2409083,0.7410847,0.8199485,0.6969959,0.23057762,-0.03240826,0.8419461,-0.3659949,0.6478303,0.35403314,0.57008994,-0.36585617,0.9199458,0.21872286,-0.68874615,-0.025434151,-0.9104416,0.34069192,0.75336796,-0.78958184,-0.9659932,-0.8266041,0.2219273,-0.51976097,0.79582316,0.6353891,-0.6364139,-0.8730297,-0.979284,-0.72766346,-0.82006174,0.40443814,-0.9758726,-0.6118282,1e-05,1.1830001,-1.54101,3.1416,2.742,-1.569,0.7191217,-0.37784398,1.0174994,-0.366,1.2182502,0.4321548,1.1183609,0.7978559,0.28542274,-0.0658447,0.8569444,-0.366,0.62912613,0.38956755,0.4743564,-0.366,0.0,0.0,0.0,0.0,0.0,0.0,0.0,0.0,0.0,0.0,0.0,1.0,0.0,0.0,0.0,0.0
4.2198124e-05,1.157449,-1.5208448,3.1407387,2.7420144,-1.5690107,0.77685153,-0.3584913,0.9306286,-0.36577508,1.3135599,0.67231876,0.90068215,0.70978916,0.07559715,-0.20596546,0.65843856,-0.3659949,0.5417271,0.3558383,0.3778472,-0.36589563,0.76237065,-0.04149952,-0.42135018,0.48457316,-0.7794305,0.6567866,0.89299107,-0.20383082,-0.99319863,-0.7755844,0.8408788,-0.046183858,0.86045885,0.036519684,-0.8325323,-0.974606,-0.9922062,-0.7197927,-0.15030338,-0.17940934,-0.9951745,-0.6492818,1e-05,1.183,-1.54101,3.14161,2.742,-1.569,0.8946824,-0.4179168,0.8222381,-0.366,1.3835657,0.42307514,1.2875258,0.80503565,0.121748134,-0.2574508,0.6618781,-0.366,0.5995767,0.35429594,0.27870658,-0.366,0.0,0.0,0.0,0.0,0.0,0.0,0.0,0.0,0.0,0.0,0.0,1.0,0.0,0.0,0.0,0.0
3.786921e-05,1.15745,-1.5208478,3.1407328,2.7420137,-1.5690105,0.9069061,-0.36426213,0.7588621,-0.36595374,1.411134,0.46844846,1.003026,0.6104586,-0.03961928,-0.28381816,0.58302486,-0.3659949,0.59381324,0.38454324,0.1985753,-0.36590594,0.4065088,0.42350355,-0.34408927,0.89691466,-0.8535393,0.50151026,0.46929955,0.15194066,-0.9300569,-0.6324667,0.74135876,-0.6511909,0.5140363,-0.63684213,-0.9499536,-0.72876006,-0.5291067,-0.1225338,0.70382005,0.18423134,-0.93861824,-0.92985636,1e-05,1.1830001,-1.54101,3.14161,2.742,-1.569,0.98797727,-0.3877116,0.6373465,-0.366,1.5309448,0.293621,1.3897141,0.67843395,-0.067098856,-0.4023254,0.5566938,-0.366,0.73949337,0.3909204,0.092113,-0.366,0.0,0.0,0.0,0.0,0.0,0.0,0.0,0.0,0.0,0.0,0.0,0.0,0.0,0.0,0.0,0.0
4.2762582e-05,1.1574441,-1.520844,3.1407342,2.7420137,-1.5690051,0.82051635,-0.28207335,0.7069895,-0.36596045,1.5478709,0.3195005,1.0321174,0.4512554,-0.20547661,-0.24954008,0.68574256,-0.3659949,0.7223758,0.32731214,0.08613707,-0.36591083,0.31708682,0.5988334,0.47758943,-0.011619225,-0.35664433,0.357903,-0.7061401,0.8303881,0.0611068,-0.915788,0.93784964,0.026585743,0.109466426,-0.8871049,-0.97909164,0.41237164,0.6941787,-0.27989763,0.940764,-0.7556877,-0.2578607,-0.97601914,1e-05,1.1830001,-1.541,3.1416,2.742,-1.569,0.8456733,-0.22036877,0.64966094,-0.366,1.7199438,0.29897866,1.4117742,0.49966133,-0.26440898,-0.31922275,0.6965872,-0.366,0.92907953,0.23863146,0.040147975,-0.366,0.0,0.0,0.0,0.0,0.0,0.0,0.0,0.0,0.0,0.0,0.0,0.0,0.0,0.0,0.0,0.0
3.5217192e-05,1.1574527,-1.5208502,3.140731,2.7420142,-1.569011,0.79373324,-0.19140132,0.7853968,-0.36596462,1.6905749,0.23185705,1.0665387,0.35704288,-0.29413056,-0.21639143,0.8632004,-0.36599496,0.8070126,0.271117,0.12851214,-0.3629291,-0.22936007,0.15236895,0.06391099,-0.10132891,-0.007746309,0.4876067,-0.24751431,0.5655567,0.8019349,-0.64987725,0.9295155,0.80531716,-0.2397185,-0.34300745,-0.613894,0.37504205,0.93883574,-0.49852374,-0.00068567693,-0.7860595,0.6591957,-0.69642353,0.0,1.1830001,-1.541,3.1416,2.742,-1.569,0.7963197,-0.10759853,0.80956423,-0.366,1.9052863,0.4595564,1.363975,0.43126673,-0.314,-0.24444053,0.8837881,-0.366,0.9289428,0.08189365,0.17158954,-0.366,0.0,0.0,0.0,0.0,0.0,0.0,0.0,0.0,0.0,0.0,0.0,0.0,0.0,0.0,0.0,0.0
3.4609755e-05,1.1574514,-1.5208504,3.1407235,2.7420135,-1.5690106,0.76383024,-0.15198654,0.9657752,-0.36596718,1.7105609,0.3519306,1.1316185,0.37503302,-0.3117985,-0.176816,1.0637275,-0.365995,0.77516085,0.24123234,0.2763253,-0.3629519,-0.6505899,0.019566394,0.13936456,0.5384235,0.52990645,0.19748408,-0.4291913,0.118125394,0.960387,-0.8428803,-0.4226311,0.9550202,-0.8479437,-0.20907815,-0.52014107,0.27217454,0.98776716,-0.58030295,-0.5388094,-0.016690508,0.9263841,-0.3678041,0.0,1.1830001,-1.541,3.14161,2.7421,-1.569,0.70656484,-0.08289548,1.0104058,-0.366,1.8169034,0.6592756,1.1866482,0.3875431,-0.314,-0.18752185,1.0903555,-0.366,0.8162639,0.07840324,0.3653202,-0.366,0.0,0.0,0.0,0.0,0.0,0.0,0.0,0.0,0.0,0.0,0.0,0.0,0.0,0.0,0.0,0.0
2.9578556e-05,1.1574509,-1.520851,3.140717,2.742014,-1.5690054,0.69042224,-0.1373657,1.1516391,-0.36533213,1.6410264,0.602008,1.0487962,0.29641816,-0.31052706,-0.09795114,1.2795601,-0.36599502,0.73021996,0.26867038,0.4899474,-0.351605,-0.7150543,-0.00016135722,0.14694077,0.6551887,0.63518614,0.12483036,-0.4256377,0.07907998,0.9049882,-0.91097987,-0.8194736,0.90552896,-0.96958876,-0.5288736,0.022297718,0.5378589,0.9846757,-0.74988353,-0.3663012,0.52692485,0.9852768,0.08156151,0.0,1.183,-1.541,3.14161,2.7421,-1.569,0.6198494,-0.066784464,1.1947796,-0.366,1.6499515,0.84375966,0.9891133,0.27979532,-0.30945727,-0.07794348,1.2909641,-0.366,0.7416371,0.185754,0.56605136,-0.3493834,0.0,0.0,0.0,0.0,0.0,0.0,0.0,0.0,0.0,0.0,0.0,0.0,0.0,0.0,0.0,0.0
2.1496135e-05,1.1574446,-1.5208467,3.1407056,2.742014,-1.5690053,0.66211385,-0.15177388,1.331318,-0.36416537,1.516796,0.8310842,0.8732714,0.1277692,-0.23012945,0.016374175,1.4428788,-0.36598742,0.69932485,0.27526948,0.6905572,-0.331905,-0.18219733,0.08281503,0.15024632,-0.0059937686,0.24716349,-0.015977036,-0.16202061,-0.037173428,0.92483735,-0.48403847,-0.79357326,0.782421,-0.99391776,-0.9057747,0.78922355,0.63546246,0.9969351,-0.8254532,-0.17470008,0.24518287,0.9970554,0.102951795,0.0,1.1830001,-1.541,3.1416,2.7421,-1.56901,0.58823127,-0.07403881,1.3752605,-0.366,1.4950867,0.99644816,0.7951515,0.103034526,-0.1554413,0.046066217,1.4855148,-0.366,0.7075446,0.23360112,0.7606255,-0.3292925,0.0,0.0,0.0,0.0,0.0,0.0,0.0,0.0,0.0,0.0,0.0,0.0,0.0,0.0,0.0,0.0
3.0106603e-05,1.1574541,-1.5208532,3.1407197,2.7420135,-1.5690087,0.7196062,-0.16152878,1.473372,-0.3607775,1.3899292,0.87816286,0.68470705,0.04613304,-0.11880426,0.12595068,1.4976969,-0.3660075,0.7426698,0.26032627,0.8438832,-0.3556489,0.12612304,0.43800217,0.26438078,0.5402688,0.0063412115,-0.39633584,0.25138143,-0.11870445,0.57023585,-0.24880746,-0.6504253,-0.56580365,-0.91895694,-0.30400726,0.95784473,0.6683776,0.53073996,-0.74095464,0.11275086,-0.1542044,0.7024173,-0.19164366,1e-05,1.1830001,-1.541,3.14161,2.7421,-1.56901,0.63993394,-0.09845327,1.4925433,-0.366,1.3613108,0.8800769,0.6061456,0.04050804,0.041562766,0.18353432,1.5946743,-0.366,0.7307346,0.20188524,0.9050947,-0.366,0.0,0.0,0.0,0.0,0.0,0.0,0.0,0.0,0.0,1.0,0.0,0.0,0.0,0.0,0.0,0.0
3.2372438e-05,1.1574564,-1.5208554,3.1407218,2.7420137,-1.5690093,0.7989733,-0.18941055,1.4930651,-0.2605257,1.4517615,0.7966102,0.6692133,0.16277175,0.04773241,0.15550677,1.4378953,-0.3660051,0.84706396,0.24306221,0.8814971,-0.36218825,0.6412907,0.20050241,0.16235422,0.6518615,-0.61819047,-0.015136108,0.2924388,-0.079399526,-0.07985069,0.58474,0.50073797,-0.84532595,0.41236854,0.7338073,0.9464033,0.070106946,-0.5199536,-0.7879235,0.6193147,-0.27710047,0.14562413,-0.468503,1e-05,1.1830001,-1.541,3.14161,2.742,-1.56901,0.6980425,-0.114230216,1.4766767,-0.24981025,1.4608091,0.71210784,0.6880846,0.18631795,0.22961621,0.19746481,1.4913578,-0.366,0.85379446,0.14682446,0.93403065,-0.366,0.0,0.0,0.0,0.0,0.0,0.0,0.0,0.0,0.0,1.0,0.0,0.0,0.0,0.0,0.0,0.0
3.2442393e-05,1.1574553,-1.5208542,3.1407254,2.7420135,-1.5690109,0.7669569,-0.26637894,1.3823935,-0.1901582,1.379765,0.72098714,0.7415926,0.32066858,0.18628676,0.15057454,1.2569158,-0.36598825,0.82150775,0.23905495,0.85312647,-0.3656924,0.8156315,0.84010047,0.005802639,-0.11534259,-0.6266437,0.6535544,-0.19601904,-0.81587994,-0.8159701,0.30857012,-0.498209,-0.4993838,0.8706003,0.9365879,0.94980985,-0.12224483,-0.8885604,-0.95758474,-0.2561623,0.2569716,-0.47483918,-0.66617167,1e-05,1.1830001,-1.541,3.1416,2.742,-1.569,0.6586907,-0.27802235,1.3128664,-0.1878632,1.3607911,0.61185396,0.8628621,0.3743428,0.42029545,0.17292354,1.3129747,-0.366,0.8023686,0.19841284,0.8387042,-0.366,0.0,0.0,0.0,0.0,0.0,0.0,0.0,0.0,0.0,0.0,0.0,0.0,0.0,0.0,0.0,0.0
2.8644747e-05,1.1574539,-1.5208517,3.1407247,2.7420135,-1.5690107,0.7129917,-0.32537007,1.2368332,-0.30130178,1.2557172,0.7177433,0.8294013,0.48283324,0.1575416,0.06553592,1.0633918,-0.3659992,0.7067104,0.29211125,0.74392414,-0.36587057,0.72168136,0.7166648,-0.19111066,-0.5055955,-0.8416513,0.4320233,0.11015628,-0.58821297,-0.9628849,-0.72061825,-0.8996418,-0.37957165,0.952111,0.9873176,-0.2984729,-0.6836926,-0.963953,-0.99151695,-0.62934047,0.6800385,-0.89496785,-0.39955044,1e-05,1.1830001,-1.54101,3.1416,2.742,-1.569,0.6800058,-0.3918407,1.1265496,-0.32730177,1.1867117,0.5384074,1.0470942,0.5653873,0.36254138,0.040630028,1.1264513,-0.366,0.6805921,0.3299993,0.66552925,-0.366,0.0,0.0,0.0,0.0,0.0,0.0,0.0,0.0,0.0,0.0,0.0,1.0,0.0,0.0,0.0,0.0
3.6223824e-05,1.1574517,-1.5208493,3.1407323,2.7420137,-1.5690107,0.76681155,-0.33479458,1.0668647,-0.3624711,1.2647675,0.7069431,0.9243745,0.55238265,0.087772466,-0.09354524,0.8947741,-0.36599907,0.62212974,0.32303736,0.5679442,-0.365911,0.9443363,0.25028569,-0.22690956,-0.42800835,-0.96833026,0.48140854,0.70420825,-0.007375695,-0.9785834,-0.76470023,0.37377727,-0.2848956,0.6321347,0.28589073,-0.808794,-0.89819705,-0.9885066,-0.9983034,-0.30573606,0.061503224,-0.9789936,-0.21339187,1e-05,1.1830001,-1.54101,3.1416,2.742,-1.569,0.8145249,-0.3932496,0.9396189,-0.366,1.2581112,0.48398614,1.1678457,0.61999863,0.20804414,-0.13094513,0.937625,-0.366,0.6221899,0.34174776,0.47852018,-0.366,0.0,0.0,0.0,0.0,0.0,0.0,0.0,0.0,0.0,0.0,0.0,1.0,0.0,0.0,0.0,0.0
3.1731645e-06,1.1574434,-1.520827,3.1406958,2.7420137,-1.5690053,0.8762505,-0.32091707,0.8810094,-0.3650304,1.3793069,0.58770335,1.0593363,0.5226857,0.011860689,-0.22478431,0.75480634,-0.36599907,0.6662427,0.33551067,0.3813197,-0.36596915,0.8291526,0.053886693,-0.11514944,0.47392797,-0.99366605,0.50412476,0.70116955,0.22506922,-0.9957167,-0.7133011,0.78799796,-0.529046,0.7524335,-0.23668131,-0.96175885,-0.7622194,-0.99770135,-0.97974837,0.544378,0.061369494,-0.9649528,-0.5890815,1e-05,1.1830001,-1.54101,3.14161,2.742,-1.569,0.9523798,-0.34899938,0.7438539,-0.366,1.4130372,0.37997195,1.3157794,0.5734654,0.018955544,-0.28080288,0.74146986,-0.366,0.7292184,0.35381344,0.28880364,-0.366,0.0,0.0,0.0,0.0,0.0,0.0,0.0,0.0,0.0,0.0,0.0,0.0,0.0,0.0,0.0,0.0
2.6877784e-05,1.1574566,-1.5208529,3.1407213,2.742014,-1.5690054,0.83512235,-0.2423581,0.7129685,-0.3659123,1.4616497,0.50628126,1.1112795,0.45319253,-0.12881914,-0.25019097,0.71280503,-0.36599907,0.7823814,0.33497512,0.18223454,-0.3659702,0.9523021,0.10979723,0.38515377,0.8947856,-0.34721678,0.3868764,-0.3978657,0.84501386,-0.71283895,-0.4776725,0.64208233,-0.42977452,0.619774,-0.14817482,-0.9923518,-0.24396455,-0.32450452,-0.7490094,0.9088756,-0.24889092,-0.9722278,-0.8307843,1e-05,1.1830001,-1.541,3.14161,2.742,-1.569,0.8729117,-0.18021965,0.6014743,-0.366,1.5412842,0.29413047,1.4395707,0.54386955,-0.1792529,-0.3295314,0.6766546,-0.366,0.91075367,0.30410096,0.094614685,-0.366,0.0,0.0,0.0,0.0,0.0,0.0,0.0,0.0,0.0,0.0,0.0,0.0,0.0,0.0,0.0,0.0
2.5672212e-05,1.1574548,-1.5208523,3.1407132,2.7420137,-1.5690053,0.78845096,-0.15756981,0.71973646,-0.36592734,1.6525244,0.48602754,1.2305866,0.495441,-0.27089506,-0.23208874,0.8121703,-0.36599907,0.938157,0.2616158,0.09964482,-0.36562708,0.11059559,0.09529714,0.5824697,0.26713008,0.5398781,0.45292875,-0.8082541,0.90014595,0.62170744,-0.50031406,0.8826302,0.5666773,0.014994763,0.06375544,-0.93520844,0.21767299,0.7350991,-0.6975695,0.76334953,-0.78536856,-0.19131796,-0.7563287,1e-05,1.1830001,-1.541,3.14161,2.7421,-1.569,0.7172523,-0.0068630725,0.72120714,-0.366,1.7112675,0.40326524,1.4424585,0.55614805,-0.314,-0.28761038,0.81822526,-0.366,1.057765,0.15284905,0.0577693,-0.366,0.0,0.0,0.0,0.0,0.0,0.0,0.0,0.0,0.0,0.0,0.0,0.0,0.0,0.0,0.0,0.0
2.9863832e-05,1.1574525,-1.5208523,3.140715,2.7420137,-1.5690051,0.7911731,-0.16253932,0.81543773,-0.3659319,1.7067513,0.5223607,1.290633,0.4853257,-0.30965516,-0.21410455,0.9733849,-0.36599907,0.94476193,0.24614038,0.15805393,-0.36552665,-0.74261755,-0.14943874,-0.31259155,0.53055155,0.10153634,-0.17081545,-0.07665553,-0.064034656,0.8776745,-0.48853213,0.38380742,0.91333544,-0.7829797,-0.41125977,-0.58516794,0.13792191,0.944655,-0.93466246,-0.2886549,-0.45790488,0.7617364,-0.6481129,0.0,1.183,-1.54101,3.14161,2.7421,-1.56901,0.70244104,-0.019235743,0.89079,-0.366,1.7854261,0.5797384,1.2911725,0.4766851,-0.314,-0.26096132,1.00075,-0.366,1.0019916,0.064373426,0.20495075,-0.366,0.0,0.0,0.0,0.0,0.0,0.0,0.0,0.0,0.0,0.0,0.0,0.0,0.0,0.0,0.0,0.0
2.7588005e-05,1.157452,-1.5208519,3.140712,2.7420137,-1.5690107,0.7118136,-0.19157393,1.0040121,-0.36593857,1.6335253,0.64694774,1.1665745,0.40723947,-0.31330067,-0.17616469,1.1758106,-0.36599907,0.9156791,0.252972,0.2861882,-0.36565438,-0.87008774,-0.467711,-0.074121594,0.50546134,0.24253723,-0.37241843,-0.35656372,-0.36657694,0.9755349,-0.8127096,-0.7232385,0.9549221,-0.95659596,-0.39774933,-0.18853284,0.4016381,0.988931,-0.96480125,-0.34587377,0.20715684,0.9523473,-0.23684594,0.0,1.183,-1.54101,3.14161,2.7421,-1.56901,0.62995124,-0.09376127,1.0891174,-0.366,1.6383909,0.7738752,1.0966954,0.3958222,-0.314,-0.17930782,1.2018008,-0.366,0.9316751,0.10648866,0.3985641,-0.366,0.0,0.0,0.0,0.0,0.0,0.0,0.0,0.0,0.0,0.0,0.0,0.0,0.0,0.0,0.0,0.0
2.2852015e-05,1.15745,-1.5208502,3.1407056,2.7420137,-1.5690107,0.5746597,-0.19210821,1.1971519,-0.36594653,1.5445272,0.8241021,1.0231563,0.3123007,-0.21515785,-0.11217424,1.3791847,-0.36599907,0.9035018,0.30936822,0.49257216,-0.36583412,-0.74329716,-0.28552502,0.023191925,-0.086017855,-0.041873034,0.33568314,-0.4068147,-0.20271266,0.995107,-0.67806315,-0.6616054,0.9760087,-0.96340406,-0.6332428,0.711344,0.416839,0.9559385,-0.9647245,-0.31418553,0.3060849,0.99046946,-0.02416258,0.0,1.183,-1.541,3.1416,2.742,-1.569,0.55111724,-0.13304365,1.2819527,-0.366,1.5101826,0.9630096,0.9100036,0.27311018,-0.17615326,-0.09853129,1.387046,-0.366,0.8707911,0.16580287,0.5905008,-0.366,0.0,0.0,0.0,0.0,0.0,0.0,0.0,0.0,0.0,0.0,0.0,0.0,0.0,0.0,0.0,0.0
2.1928376e-05,1.157452,-1.5208508,3.1407058,2.7420135,-1.5690053,0.5063103,-0.20292674,1.357589,-0.36599743,1.4349612,0.94408417,0.93591017,0.2343262,-0.13412897,-0.015885225,1.4516193,-0.36600313,0.89192164,0.31266496,0.6566945,-0.36598718,-0.2701471,0.00927823,-0.003444884,0.20662652,-0.29154223,-0.21204256,-0.25604725,-0.17100255,0.73944116,-0.4113527,-0.88354397,0.1789817,-0.99268085,-0.6426168,0.9354106,0.62676066,0.7471373,-0.88717765,-0.23366803,0.08433734,0.9267413,-0.1276547,0.0,1.1830001,-1.54101,3.14161,2.742,-1.56901,0.4992369,-0.16769221,1.4317784,-0.366,1.3311588,0.9992749,0.7088665,0.14290307,0.013379782,0.02846305,1.538431,-0.366,0.8234452,0.18289131,0.7782772,-0.366,0.0,0.0,0.0,0.0,0.0,0.0,0.0,0.0,0.0,1.0,0.0,0.0,0.0,0.0,0.0,0.0
2.589198e-05,1.1574532,-1.5208523,3.1407132,2.7420137,-1.5690107,0.53212273,-0.21068567,1.4251592,-0.36599118,1.344297,0.94779354,0.806049,0.27975792,-0.013100356,0.036939308,1.3939184,-0.36600497,0.8957606,0.26806566,0.75722337,-0.36598703,0.36738163,0.20107694,0.22271444,0.84132534,-0.24595398,-0.79401875,0.10969229,-0.06887166,0.2921102,-0.10447159,-0.409,-0.5755226,-0.568465,0.47237384,0.77039623,0.28525576,-0.4302463,-0.8909478,0.28184456,-0.22281721,0.31794766,-0.45593128,1e-05,1.1830001,-1.541,3.14161,2.742,-1.56901,0.5203328,-0.18093754,1.4879568,-0.366,1.2525003,0.888591,0.5995399,0.23374952,0.16154158,0.08332314,1.4556866,-0.366,0.87764925,0.14003934,0.8394246,-0.366,0.0,0.0,0.0,0.0,0.0,0.0,0.0,0.0,0.0,0.0,0.0,1.0,0.0,0.0,0.0,0.0
2.1848837e-05,1.1574547,-1.5208521,3.1407118,2.7420137,-1.5690074,0.54554445,-0.24056874,1.399924,-0.27961254,1.3155683,0.86450016,0.7252081,0.38888508,0.20544644,0.095404625,1.261192,-0.36600307,0.95925003,0.26705265,0.8362804,-0.36598665,0.5467899,0.57844007,-0.111209095,0.94263864,-0.7391479,-0.2077117,-0.07287569,-0.4090552,-0.62410796,0.50471395,0.11974404,-0.5797246,0.686307,0.8944748,0.8850237,0.26436707,-0.8099452,-0.9731516,0.2989614,0.21709782,0.041786283,-0.539639,1e-05,1.1830001,-1.54101,3.14161,2.742,-1.56901,0.50539637,-0.26477647,1.3600411,-0.26255506,1.2770427,0.76977205,0.7402036,0.41707885,0.34293383,0.13750717,1.2896821,-0.366,0.93892366,0.18453518,0.847989,-0.366,0.0,0.0,0.0,0.0,0.0,0.0,0.0,0.0,0.0,0.0,0.0,0.0,0.0,0.0,0.0,0.0
2.143712e-05,1.1574345,-1.5208422,3.1407096,2.7421033,-1.5690051,0.5702894,-0.31400764,1.2756269,-0.3267476,1.2752297,0.8294091,0.8005375,0.56764185,0.2695905,0.080790006,1.0688232,-0.36599573,0.9214332,0.28120995,0.74365026,-0.36359897,0.66867334,0.8674244,-0.7205011,0.26763892,-0.92260224,-0.04559119,0.37208933,-0.70282483,-0.9248216,-0.38504845,-0.38299322,-0.75634605,0.8859071,0.97889495,0.13585867,-0.30275556,-0.961284,-0.93604124,-0.13628271,0.66105515,-0.7916428,-0.33086276,1e-05,1.1830001,-1.54101,3.14161,2.742,-1.56901,0.5809887,-0.4075598,1.1721578,-0.3407801,1.1992352,0.6161155,0.9201813,0.6159476,0.3705344,0.076000445,1.0943911,-0.366,0.91123694,0.31883276,0.68716174,-0.366,0.0,0.0,0.0,0.0,0.0,1.0,0.0,0.0,0.0,0.0,0.0,0.0,0.0,0.0,0.0,0.0
2.3656783e-05,1.1574513,-1.5208502,3.1407156,2.7420137,-1.5690051,0.67585295,-0.41460443,1.0984892,-0.3633546,1.2198148,0.7842054,0.9063091,0.6903115,0.19390568,-0.05555322,0.88374835,-0.36599573,0.84430265,0.35038736,0.5874992,-0.3650555,0.48759106,0.9446287,-0.6667924,-0.27302706,-0.98452044,0.20299953,0.8744179,-0.52780133,-0.9849644,-0.85386795,-0.2231416,-0.6242373,0.82433784,0.6348144,-0.49559796,-0.8398747,-0.94701165,-0.93493557,-0.41097116,0.503065,-0.90281975,-0.38446146,1e-05,1.1830001,-1.54101,3.1416,2.742,-1.569,0.7494107,-0.5092198,0.9824434,-0.366,1.1562558,0.4958809,1.0789573,0.73821944,0.27507704,-0.08576817,0.9119868,-0.366,0.83207965,0.4157283,0.51326925,-0.366,0.0,0.0,0.0,0.0,0.0,1.0,0.0,0.0,0.0,0.0,0.0,0.0,0.0,0.0,0.0,0.0
2.5907653e-05,1.1574515,-1.5208505,3.1407185,2.7420137,-1.5690106,0.8338442,-0.4269091,0.91466326,-0.365418,1.304833,0.68705857,1.0482861,0.71283376,0.044128314,-0.22029887,0.69471794,-0.36599573,0.8301357,0.37797406,0.4088779,-0.36584228,0.4808741,0.521994,-0.36583525,-0.5288315,-0.99690413,0.5867796,0.8928003,0.17412576,-0.9969929,-0.8580581,0.75451136,-0.12767033,0.8357491,0.040233843,-0.78872097,-0.96797496,-0.9852265,-0.9869871,-0.00061036646,-0.032428727,-0.95848525,-0.412421,1e-05,1.1830001,-1.54101,3.1416,2.742,-1.569,0.9290877,-0.47417682,0.7817975,-0.366,1.308102,0.4701871,1.2471527,0.74631655,0.116346106,-0.28057417,0.71370894,-0.366,0.8319568,0.40920198,0.32037306,-0.366,0.0,0.0,0.0,0.0,0.0,0.0,0.0,0.0,0.0,0.0,0.0,0.0,0.0,0.0,0.0,0.0
2.9993296e-05,1.157454,-1.520853,3.1407228,2.7420287,-1.5690109,0.89106065,-0.3943317,0.84898347,-0.36591032,1.3999866,0.5890699,1.0803971,0.6440941,-0.06584189,-0.21543206,0.7009059,-0.36599573,0.90407234,0.31101835,0.26603717,-0.36593977,0.6603363,0.6346024,0.44038376,0.08573528,-0.9993808,0.8621393,-0.12149434,0.7677578,-0.20106035,-0.93259937,0.90103054,-0.30518034,0.30503562,-0.32156962,-0.7693889,-0.21508723,-0.016363129,-0.9886977,0.76933086,-0.7095042,-0.7760884,-0.25927937,1e-05,1.1830001,-1.541,3.14161,2.742,-1.569,0.90565515,-0.32609957,0.74301904,-0.366,1.4818835,0.41132703,1.3059849,0.6842955,-0.032045737,-0.322058,0.710553,-0.366,0.98033744,0.2723601,0.17068908,-0.366,0.0,0.0,0.0,0.0,0.0,0.0,0.0,0.0,0.0,0.0,0.0,0.0,0.0,0.0,0.0,0.0
-8.433497e-06,1.1574391,-1.5207897,3.1406753,2.7420132,-1.5690104,0.8514662,-0.24090913,0.91475236,-0.3659268,1.6033791,0.5176713,1.1674567,0.622687,-0.12214704,-0.19033934,0.8402621,-0.36599967,1.0410079,0.16005181,0.24759054,-0.36579207,0.2089369,0.44454515,0.44763708,0.066738375,-0.27544367,0.73064494,-0.4597891,0.94750494,0.7597879,-0.6506252,0.9397068,0.40083522,-0.2029156,-0.26763418,-0.46789765,0.54971766,0.7884434,-0.9298596,0.54638827,-0.82224905,0.4661982,-0.27788687,1e-05,1.1830001,-1.541,3.14161,2.742,-1.569,0.8142659,-0.13777032,0.894037,-0.366,1.6686628,0.4909984,1.2656527,0.6310996,-0.12504664,-0.21279427,0.86726665,-0.366,1.0889394,0.108927116,0.2633522,-0.366,0.0,0.0,0.0,0.0,0.0,0.0,0.0,0.0,0.0,0.0,0.0,0.0,0.0,0.0,0.0,0.0
3.337499e-05,1.1574562,-1.5208551,3.140719,2.7420137,-1.5690107,0.8399826,-0.20985013,0.99864095,-0.36595747,1.6786032,0.5500696,1.143315,0.55039865,-0.20319377,-0.13971932,1.0326519,-0.36599907,1.0212352,0.095244095,0.39016044,-0.36594528,-0.7582126,-0.23826596,-0.5633725,0.5916537,-0.01473961,-0.14561875,-0.100953855,-0.037987158,0.8945181,-0.5412085,0.33102912,0.88016707,-0.82222426,-0.5490729,-0.52637607,0.4287175,0.9208172,-0.8858968,-0.21078306,-0.31843883,0.8520254,-0.3197462,0.0,1.183,-1.54101,3.14161,2.742,-1.56901,0.79457533,-0.14517954,1.0685086,-0.366,1.7332284,0.6626709,1.1052816,0.5240055,-0.22771385,-0.12917492,1.0468678,-0.366,1.0478271,0.046817098,0.4295358,-0.366,0.0,0.0,0.0,0.0,0.0,0.0,0.0,0.0,0.0,1.0,0.0,0.0,0.0,0.0,0.0,0.0
2.871596e-05,1.1574557,-1.5208559,3.1407104,2.7420137,-1.5690106,0.8233179,-0.23654804,1.1367455,-0.36596748,1.6502588,0.7062874,0.9933079,0.42565203,-0.2303341,-0.045211777,1.1951799,-0.36599794,0.9714621,0.088390656,0.5593331,-0.365966,-0.9516425,-0.7566649,-0.0037546828,0.48042566,0.28065822,0.073062465,-0.06269567,-0.5672253,0.9075374,-0.75995356,-0.3639298,0.97603345,-0.9644449,-0.5915946,0.14944676,0.6187418,0.94928706,-0.6553595,-0.44806185,0.12852934,0.81686616,-0.5264876,0.0,1.183,-1.54101,3.14161,2.7421,-1.569,0.7825644,-0.25384557,1.2423699,-0.366,1.6635087,0.84965426,0.92051834,0.4106709,-0.19908363,-0.01063963,1.2287272,-0.366,0.9619898,0.07144007,0.5860267,-0.366,0.0,0.0,0.0,0.0,0.0,0.0,0.0,0.0,0.0,0.0,0.0,0.0,0.0,0.0,0.0,0.0
2.6512262e-05,1.1574563,-1.5208557,3.1407115,2.7420135,-1.5690074,0.83705264,-0.25625154,1.3142791,-0.36599684,1.5219201,0.8797247,0.8015308,0.25561637,-0.18322782,0.01732657,1.3208431,-0.36601263,0.9460402,0.09632416,0.71137625,-0.36568,-0.99032855,-0.50674087,0.5530679,0.13171299,0.15567096,0.29398352,-0.048732944,-0.12244124,0.86744815,-0.848279,-0.8098122,0.74280024,-0.992889,-0.8881317,0.80165344,0.2940488,0.95826113,-0.93107194,-0.28986058,-0.023871267,0.7110221,-0.28784752,0.0,1.183,-1.541,3.14161,2.7421,-1.569,0.7726835,-0.27867123,1.41825,-0.366,1.4993145,1.0002613,0.7192044,0.23059711,-0.036543787,0.04898045,1.4230201,-0.366,0.9032189,0.06660003,0.7301905,-0.366,0.0,0.0,0.0,0.0,0.0,0.0,0.0,0.0,0.0,1.0,0.0,0.0,0.0,0.0,0.0,0.0
2.9878813e-05,1.157459,-1.5208576,3.140721,2.7420135,-1.5690053,0.88790447,-0.274007,1.4301956,-0.3660003,1.3483877,0.8977134,0.60674864,0.17839287,-0.057951,0.04846309,1.2648325,-0.36600855,1.003159,0.09863007,0.8017202,-0.36122,-0.4008301,-0.09424935,0.2697066,0.17707863,0.111707896,-0.24817172,0.28109896,-0.04854706,0.44119447,-0.49737248,-0.96196246,-0.5922815,-0.9705671,-0.28645355,0.9584807,0.19900112,-0.14208643,-0.7402034,0.19695129,-0.090423375,0.38745898,-0.5216571,0.0,1.183,-1.541,3.14161,2.7421,-1.56901,0.82862973,-0.2883334,1.5060594,-0.366,1.3078582,0.88238144,0.5260356,0.17358519,0.15421951,0.08858699,1.3947412,-0.366,0.9424175,0.048603363,0.8073052,-0.366,0.0,0.0,0.0,0.0,0.0,0.0,0.0,0.0,0.0,1.0,0.0,0.0,0.0,0.0,0.0,0.0
2.2535325e-05,1.1574594,-1.5208575,3.140714,2.7420137,-1.5690106,0.96958065,-0.27843493,1.4216881,-0.28877357,1.3695549,0.809173,0.5563734,0.27490276,0.11663729,0.07898121,1.1722744,-0.36600003,1.105246,0.107493415,0.84245455,-0.35132787,0.304689,-0.25085956,0.027742771,0.21804392,-0.4279567,0.3147118,0.37692484,0.00019406062,-0.18353587,0.47879398,0.17780161,-0.9184563,0.14723636,0.5915423,0.95059973,0.073969126,-0.7443784,-0.7126392,0.5721088,-0.16175492,0.0531903,-0.58295286,1e-05,1.183,-1.541,3.14161,2.742,-1.569,0.9057108,-0.2882937,1.4685264,-0.26808667,1.3442186,0.69455725,0.5561454,0.29455552,0.34861702,0.10371367,1.2425159,-0.366,1.0594137,0.015524503,0.81818265,-0.366,0.0,0.0,0.0,0.0,0.0,0.0,0.0,0.0,0.0,1.0,0.0,0.0,0.0,0.0,0.0,0.0
3.2124502e-05,1.1574465,-1.5208507,3.140735,2.7421043,-1.5690112,0.9863042,-0.32033795,1.3455572,-0.22347645,1.3683505,0.7012521,0.6673969,0.45145065,0.32657114,0.12261352,0.9934072,-0.3659981,1.1213956,0.12031193,0.74298275,-0.3607769,0.31520495,0.26251295,-0.15074448,-0.40549573,-0.4528112,0.65423316,-0.33166227,-0.4343959,-0.8367072,0.28119066,-0.045933466,-0.52108765,0.82944727,0.86745816,0.99011993,0.1849914,-0.94887567,-0.8798344,-0.029963262,0.36429644,-0.6271399,-0.6004818,1e-05,1.1830001,-1.54101,3.1416,2.742,-1.569,0.8362458,-0.3792758,1.293282,-0.20919265,1.3345981,0.585418,0.7298691,0.47624043,0.55599284,0.14245923,1.0437785,-0.366,1.053138,0.091824636,0.68683124,-0.366,0.0,0.0,0.0,0.0,0.0,0.0,0.0,0.0,0.0,0.0,0.0,0.0,0.0,0.0,0.0,0.0
1.113443e-05,1.1574528,-1.520844,3.140705,2.7420137,-1.5690067,0.89578485,-0.35347056,1.2243733,-0.33034086,1.2546616,0.6951532,0.70332146,0.58792865,0.3675655,0.109270774,0.83135074,-0.3659981,0.94040775,0.22664545,0.5529204,-0.36585313,-0.1464985,0.25974402,0.21430597,-0.6364338,-0.53256524,0.1958699,-0.37963164,-0.20489319,-0.9673414,-0.73065543,-0.7389289,-0.35007173,0.8089763,0.9720129,-0.25654757,-0.29137847,-0.81399775,-0.97596693,-0.76640683,0.8580429,-0.92542803,-0.6346635,0.0,1.1830001,-1.541,3.1416,2.742,-1.569,0.76213694,-0.4192735,1.104445,-0.35182565,1.1903499,0.51707965,0.88779134,0.6659894,0.5059116,0.08557853,0.8848761,-0.366,0.9035259,0.25932527,0.50617623,-0.366,0.0,0.0,0.0,0.0,0.0,1.0,0.0,0.0,0.0,0.0,0.0,1.0,0.0,0.0,0.0,0.0
2.5168003e-05,1.1574532,-1.5208509,3.140719,2.7420137,-1.569005,0.7959505,-0.3285279,1.0536329,-0.36580357,1.2213336,0.663177,0.74710596,0.7100119,0.26368043,-0.023837514,0.68637747,-0.3659981,0.75496364,0.30739233,0.3818246,-0.3659074,0.20131649,-0.40630847,0.278095,-0.4533611,-0.4266088,0.30865052,-0.036672816,0.2771808,-0.9934683,-0.771816,-0.03449119,-0.2856371,0.5480083,0.7311277,-0.85130954,-0.8014586,-0.95069945,-0.94098014,-0.87990344,0.51550794,-0.9824641,-0.46604162,1e-05,1.183,-1.541,3.1416,2.742,-1.569,0.75510633,-0.36613482,0.91398597,-0.366,1.1837376,0.46231982,0.99285066,0.8061548,0.342706,-0.068070084,0.70261633,-0.366,0.7348385,0.35815394,0.31782684,-0.366,0.0,0.0,0.0,0.0,0.0,0.0,0.0,0.0,0.0,0.0,0.0,0.0,0.0,0.0,0.0,0.0
2.627091e-05,1.1574514,-1.5208496,3.140722,2.7420137,-1.5690107,0.80075127,-0.25348827,0.8251874,-0.36591223,1.3405613,0.5811699,0.90696645,0.734197,0.09725257,-0.21442121,0.48441112,-0.3659981,0.7281138,0.34841326,0.20716305,-0.36595377,0.5245323,-0.8069436,0.03508412,0.077593826,-0.5821679,0.8617301,0.4502462,0.531847,-0.9986937,-0.5989106,0.7551247,-0.5092625,0.892613,-0.093265444,-0.97026193,-0.96029174,-0.9901399,-0.9366963,-0.002474755,0.18864778,-0.9919635,-0.6072143,1e-05,1.183,-1.541,3.14161,2.742,-1.569,0.8493232,-0.25484246,0.705003,-0.366,1.3417523,0.35575342,1.1796355,0.7866384,0.13967255,-0.26901722,0.49542332,-0.366,0.73432064,0.39762968,0.1102522,-0.366,0.0,0.0,0.0,0.0,0.0,0.0,0.0,0.0,0.0,0.0,0.0,0.0,0.0,0.0,0.0,0.0
2.9801637e-05,1.157444,-1.5208458,3.1407285,2.742014,-1.5690109,0.75477886,-0.18885908,0.69817257,-0.36593965,1.4470187,0.50122327,1.0215117,0.64345205,-0.015118632,-0.21648498,0.5043167,-0.3659981,0.7738517,0.376607,0.007965882,-0.36595687,0.7461558,-0.7504144,0.27568427,0.44863987,-0.68884367,0.59984994,-0.28791773,0.8573507,-0.313885,-0.3675985,0.90315145,-0.34350312,0.9785226,-0.30750826,-0.94348603,0.07020277,0.12017794,-0.89688724,0.79950505,-0.6148861,-0.9595734,-0.70099735,1e-05,1.183,-1.541,3.14161,2.742,-1.569,0.7904432,-0.07951163,0.6408126,-0.366,1.5264496,0.28550598,1.3797464,0.723752,-0.053273216,-0.25466055,0.5200001,-0.366,0.89782184,0.2718836,-0.085983485,-0.366,0.0,0.0,0.0,0.0,0.0,0.0,0.0,0.0,0.0,0.0,0.0,0.0,0.0,0.0,0.0,0.0
1.1683214e-05,1.1574538,-1.5208417,3.1407006,2.7420137,-1.5690109,0.75432867,-0.1597894,0.74380976,-0.36594242,1.6338013,0.5875687,1.0979908,0.53940487,-0.1496796,-0.18148197,0.65157765,-0.3659981,0.788285,0.37581578,0.0066261194,-0.36598584,-0.5188459,0.06267944,0.084496275,0.039836653,-0.2580157,0.025438413,-0.16875847,0.644689,0.73371005,-0.539841,0.9276805,0.7111127,0.19223683,-0.5860585,-0.7302456,0.40196338,0.8240356,-0.792391,0.2990114,-0.9229772,0.60808533,-0.5442234,0.0,1.1830001,-1.541,3.14161,2.742,-1.569,0.75758284,0.046021014,0.78367925,-0.366,1.7070857,0.4239725,1.4171784,0.60963583,-0.19546527,-0.17639099,0.68045473,-0.366,0.9560448,0.09216322,0.032421753,-0.366,0.0,0.0,0.0,0.0,0.0,0.0,0.0,0.0,0.0,0.0,0.0,0.0,0.0,0.0,0.0,0.0
6.127178e-05,1.1573957,-1.5207013,3.1407337,2.7421036,-1.5690109,0.7287068,-0.13674106,0.90305984,-0.36594513,1.729209,0.7316999,1.1429471,0.47412094,-0.27344474,-0.1355738,0.8522693,-0.36599803,0.9117002,0.36893508,0.09584476,-0.36598605,-0.85074985,-0.25888145,-0.42020482,0.2657407,-0.06697434,-0.79401594,-0.34159547,-0.043889627,0.91614664,-0.7586588,0.35364825,0.9308756,-0.76155263,-0.5164274,-0.64238864,0.26711288,0.96480715,-0.9548036,0.21582662,0.05454597,0.8694901,-0.5532947,0.0,1.183,-1.54101,3.14161,2.742,-1.56901,0.691954,0.037588745,0.95969343,-0.366,1.7750303,0.60281646,1.2708654,0.51041746,-0.314,-0.12507206,0.8658178,-0.366,0.9975104,0.102642834,0.19947207,-0.366,0.0,0.0,0.0,0.0,0.0,0.0,0.0,0.0,0.0,0.0,0.0,0.0,0.0,0.0,0.0,0.0
2.6760557e-05,1.1574527,-1.5208521,3.1407056,2.742014,-1.5690106,0.56414133,-0.14015752,1.0832623,-0.36594886,1.7111766,0.80060065,1.137988,0.49695006,-0.2965383,-0.026054615,1.0596789,-0.36599806,0.9888992,0.37422907,0.2724121,-0.36598662,-0.9336449,-0.6347946,-0.23346376,-0.3173248,0.050540857,-0.69051564,-0.67847276,-0.28386542,0.96289486,-0.84954923,-0.27403957,0.907017,-0.95231056,-0.122296,0.09158826,0.6199953,0.99296147,-0.98531413,-0.13691248,0.55823034,0.97389805,-0.33680996,0.0,1.183,-1.54101,3.1416,2.7421,-1.56901,0.5551746,-0.019638248,1.153812,-0.366,1.7197841,0.7856702,1.0788805,0.48576272,-0.2955359,-8.161366e-05,1.0659978,-0.366,0.96990895,0.21518153,0.395809,-0.366,0.0,0.0,0.0,0.0,0.0,0.0,0.0,0.0,0.0,0.0,0.0,0.0,0.0,0.0,0.0,0.0
2.5235016e-05,1.1574515,-1.5208517,3.1407025,2.7420137,-1.5690107,0.39356276,-0.1343712,1.2525512,-0.36595201,1.6365716,0.91990775,1.0430813,0.51422286,-0.18452741,0.060471684,1.2542568,-0.36599806,0.9613469,0.34468865,0.46559393,-0.34578097,-0.986729,-0.45933956,-0.061383814,-0.74273443,-0.12587443,-0.20201397,-0.6123062,-0.2428292,0.8632264,-0.92436427,-0.76133716,0.9301546,-0.9904621,-0.040521957,0.7630805,0.36360392,0.948377,-0.9334022,-0.34493616,0.35541242,0.82825965,0.13791287,0.0,1.183,-1.54101,3.1416,2.742,-1.56901,0.43079394,-0.068965286,1.3291633,-0.366,1.5651301,0.9746169,0.87768334,0.4775313,-0.14052777,0.07377896,1.2586461,-0.366,0.8998405,0.28737813,0.5640573,-0.3379851,0.0,0.0,0.0,0.0,0.0,0.0,0.0,0.0,0.0,0.0,0.0,0.0,0.0,0.0,0.0,0.0
5.9345213e-05,1.1574378,-1.5208108,3.140767,2.7420154,-1.569012,0.3161655,-0.14462979,1.3966594,-0.36599708,1.4720198,1.0529525,0.8550222,0.48595676,-0.0858124,0.10310119,1.3612711,-0.36599693,0.8739849,0.2964237,0.6175115,-0.35539377,-0.8999347,0.32565823,-0.124408826,-0.4103064,-0.38015434,-0.16251284,-0.49010307,-0.2260834,0.65158004,-0.42934018,-0.95226747,0.35477763,-0.94933426,-0.11858603,0.90118283,0.26233095,0.7988269,-0.8925567,-0.51987356,0.10123698,0.70953673,-0.104354456,0.0,1.1830001,-1.54101,3.1416,2.742,-1.56901,0.3336929,-0.11375776,1.4582567,-0.366,1.3764634,1.0449067,0.6895977,0.45403662,0.038017884,0.12575293,1.4169127,-0.366,0.7968412,0.30743557,0.7046333,-0.3586602,0.0,0.0,0.0,0.0,0.0,0.0,0.0,0.0,0.0,1.0,0.0,0.0,0.0,0.0,0.0,0.0
3.5447167e-05,1.1574526,-1.5208511,3.1407242,2.7420135,-1.5690107,0.34587967,-0.1471825,1.4178258,-0.3647728,1.3222625,1.0044372,0.7028895,0.5845358,0.03270351,0.12897457,1.2813126,-0.3660014,0.8792593,0.27006683,0.71329767,-0.36535028,0.44052923,0.115350686,0.057655603,0.39667636,-0.028210659,-0.8325026,0.12415311,-0.019311428,-0.095612586,-0.13974798,-0.6275387,-0.7095038,-0.36571515,0.68031895,0.722246,0.118036844,-0.48816,-0.6637986,0.11544031,-0.14058296,0.13167806,-0.5808534,1e-05,1.1830001,-1.541,3.14161,2.742,-1.56901,0.35937443,-0.1177524,1.438479,-0.366,1.2466547,0.89814323,0.6139482,0.5947631,0.18741713,0.15016928,1.315935,-0.366,0.82072043,0.27835548,0.73187137,-0.366,0.0,0.0,0.0,0.0,0.0,0.0,0.0,0.0,0.0,1.0,0.0,0.0,0.0,0.0,0.0,0.0
2.8173492e-05,1.1574485,-1.5208509,3.1407082,2.742103,-1.5690047,0.42554742,-0.16594929,1.329927,-0.3651579,1.2881285,0.9150487,0.69043976,0.69228077,0.1885601,0.13679129,1.1444705,-0.3660019,0.9270176,0.27841735,0.6943068,-0.3648282,0.8431332,0.17977211,0.14397289,0.5592471,-0.5408468,-0.5526448,0.54008824,-0.15784238,-0.7005277,0.0030431747,0.004796058,-0.87887216,0.726857,0.61301976,0.79817736,0.034028903,-0.7050953,-0.62060815,0.4066823,0.15114482,-0.045591712,-0.79418844,1e-05,1.1830001,-1.541,3.14161,2.742,-1.56901,0.46567258,-0.14881836,1.3006036,-0.36540106,1.2475986,0.7251669,0.7570055,0.71541536,0.34451145,0.15686673,1.1771607,-0.366,0.90076214,0.30810323,0.7228982,-0.366,0.0,0.0,0.0,0.0,0.0,0.0,0.0,0.0,0.0,1.0,0.0,0.0,0.0,0.0,0.0,0.0
2.2349557e-05,1.1574354,-1.5208431,3.140701,2.742103,-1.5690048,0.47910368,-0.23251268,1.178041,-0.36594433,1.2507427,0.9151372,0.77135134,0.758937,0.27993348,0.078719094,0.97984153,-0.36599883,0.90187615,0.33362865,0.6141429,-0.36302188,0.9686267,0.44125047,-0.3952496,0.56027275,-0.5820279,-0.18215407,0.7429851,-0.52450925,-0.94010556,-0.6401336,-0.34439558,-0.6093828,0.88829863,0.49806228,0.021262407,-0.41765422,-0.91977924,-0.68385,-0.1557571,0.40248796,-0.7373246,-0.9531986,1e-05,1.1830001,-1.54101,3.14161,2.742,-1.56901,0.6149679,-0.25421315,1.111699,-0.366,1.1783959,0.60271764,0.9355001,0.8154959,0.3487839,0.07294337,0.99234045,-0.366,0.86946434,0.38897908,0.5747403,-0.366,0.0,0.0,0.0,0.0,0.0,0.0,0.0,0.0,0.0,0.0,0.0,1.0,0.0,0.0,0.0,0.0
2.5006337e-05,1.1574533,-1.5208507,3.1407177,2.7420137,-1.5690101,0.5753703,-0.3289414,1.0035591,-0.36594912,1.2946647,0.9093071,0.87612474,0.7415513,0.2708531,-0.040178534,0.8162224,-0.36599886,0.81712556,0.36859268,0.46699485,-0.36424658,0.99372536,0.5230546,-0.6663442,0.60662824,-0.89991456,0.16839921,0.8917477,-0.5650492,-0.98802114,-0.5444679,0.49159938,-0.33491555,0.9518551,-0.032652944,-0.4420635,-0.7306745,-0.93153125,-0.8121191,-0.20708191,-0.010421582,-0.94746494,-0.859424,1e-05,1.1830001,-1.54101,3.14161,2.742,-1.569,0.7864088,-0.36284536,0.9217493,-0.366,1.2729071,0.53832924,1.1184968,0.8092183,0.26379603,-0.06753076,0.8132511,-0.366,0.8296523,0.3869755,0.3925876,-0.366,0.0,0.0,0.0,0.0,0.0,0.0,0.0,0.0,0.0,0.0,0.0,1.0,0.0,0.0,0.0,0.0
3.129823e-05,1.1574548,-1.5208527,3.1407223,2.742014,-1.569011,0.75368,-0.41936898,0.806614,-0.36595455,1.3995183,0.82748234,1.0170084,0.64076954,0.13487834,-0.17419463,0.6421455,-0.36599886,0.73174334,0.3946723,0.28444493,-0.36591893,0.95464206,0.68912834,-0.5755717,0.9052421,-0.9476761,0.14573729,0.96523684,-0.49191737,-0.99760425,-0.9088936,0.85784787,-0.5281807,0.76303506,-0.6293866,-0.8884127,-0.64058226,-0.8357364,-0.32206318,-0.058261715,0.10206858,-0.989493,-0.9544536,1e-05,1.1830001,-1.54101,3.14161,2.742,-1.569,0.98871845,-0.4659492,0.71265554,-0.366,1.4527085,0.42762476,1.2784258,0.67730147,0.077588394,-0.20179415,0.6380842,-0.366,0.81744087,0.40836865,0.18519396,-0.366,0.0,0.0,0.0,0.0,0.0,0.0,0.0,0.0,0.0,0.0,0.0,0.0,0.0,0.0,0.0,0.0
2.7952883e-05,1.1574532,-1.5208523,3.140719,2.7420137,-1.5690053,0.9178234,-0.40806636,0.711827,-0.36595774,1.4715644,0.6049009,1.0505161,0.48218477,-0.097048044,-0.19514327,0.7158506,-0.36562544,0.9332291,0.42500296,0.13453,-0.36592725,-0.029871434,0.9378257,0.16615798,0.5895225,-0.58327043,0.029638391,0.097445,0.122258596,-0.5581686,-0.9511435,0.32308215,-0.8372283,-0.39121693,-0.92587733,-0.96757567,-0.11853863,0.5763063,0.0030276403,0.78834766,0.43040568,-0.9332816,-0.94512904,0.0,1.1830001,-1.541,3.14161,2.742,-1.569,1.0075538,-0.44231752,0.6047656,-0.366,1.5151579,0.26579463,1.2028065,0.49833614,-0.109436944,-0.2247068,0.74948,-0.36541477,0.96982276,0.49156293,0.004797414,-0.366,0.0,0.0,0.0,0.0,0.0,1.0,0.0,0.0,0.0,0.0,0.0,1.0,0.0,0.0,0.0,0.0
2.8052498e-05,1.1574545,-1.5208551,3.140712,2.742014,-1.5690104,0.87639564,-0.369897,0.7695766,-0.36596265,1.6194332,0.52579975,1.0689647,0.37176833,-0.23586747,-0.20504723,0.8793469,-0.3658209,1.1028922,0.39707255,0.10615838,-0.36593488,0.05594589,0.0741134,0.29580757,-0.6509879,0.2381283,0.76415306,-0.780511,0.74718404,0.6883663,-0.97438926,0.78587645,0.5420241,0.2774285,-0.3890184,-0.37416017,-0.08511749,0.8548361,-0.59020776,0.73933154,-0.71391886,-0.032793254,-0.5241748,1e-05,1.1830001,-1.541,3.1416,2.7421,-1.569,0.8486361,-0.2901854,0.744922,-0.366,1.6751682,0.3761547,1.259293,0.41912913,-0.1856187,-0.24203734,0.9235309,-0.366,1.1203561,0.34620383,-0.0018795319,-0.366,0.0,0.0,0.0,0.0,0.0,1.0,0.0,0.0,0.0,0.0,0.0,1.0,0.0,0.0,0.0,0.0
3.3483146e-05,1.1574545,-1.520855,3.1407144,2.7420135,-1.5690053,0.8468944,-0.23790252,0.8738512,-0.36596847,1.715731,0.5322145,1.0747896,0.34647745,-0.29433897,-0.19925915,1.0272322,-0.36587945,1.0788366,0.27959952,0.13583544,-0.36595038,-0.34329498,-0.071297355,0.001934249,-0.87152696,0.062296327,0.50764185,-0.19662127,0.4772281,0.8914912,-0.42104128,0.9437772,0.9084048,0.02890226,-0.10629106,-0.047187008,-0.014670387,0.97096723,-0.7463465,-0.20383194,-0.938104,0.78626287,-0.28101262,0.0,1.183,-1.541,3.1416,2.7421,-1.569,0.8105144,-0.19765858,0.9177677,-0.366,1.8581513,0.5522797,1.2648966,0.398521,-0.19476749,-0.24488169,1.1117857,-0.366,1.0808364,0.16432065,0.15056412,-0.366,0.0,0.0,0.0,0.0,0.0,1.0,0.0,0.0,0.0,0.0,0.0,0.0,0.0,0.0,0.0,0.0
3.087305e-05,1.1574593,-1.5208594,3.1407042,2.7420132,-1.5690048,0.87203205,-0.24646652,1.0207281,-0.3647291,1.7029039,0.6012804,1.071048,0.2941823,-0.31090197,-0.18530793,1.1820276,-0.3658918,1.0614839,0.19179542,0.28838518,-0.36595207,-0.76935214,-0.43684825,0.03388069,0.0030931383,-0.123142034,-0.0870718,-0.09374869,-0.18293169,0.96074224,-0.6098788,-0.3072815,0.981681,-0.79421955,-0.5139722,0.050067585,-0.077241585,0.99419343,-0.9353969,-0.37621486,-0.56257975,0.9190744,-0.3634794,0.0,1.183,-1.541,3.14161,2.742,-1.56901,0.7919791,-0.23382649,1.1077186,-0.366,1.7973979,0.74637043,1.1078694,0.2969022,-0.1848685,-0.26015332,1.3083502,-0.366,1.006454,0.053091526,0.33227676,-0.366,0.0,0.0,0.0,0.0,0.0,1.0,0.0,0.0,0.0,0.0,0.0,1.0,0.0,0.0,0.0,0.0
2.8454291e-05,1.1574453,-1.5208565,3.140668,2.7421021,-1.5690031,0.9122132,-0.26452857,1.2114961,-0.36435723,1.6230682,0.77685505,0.9726,0.19887704,-0.3069304,-0.15962747,1.3575535,-0.36499023,1.0667992,0.23821948,0.4750856,-0.36144286,-0.9538704,-0.3220325,-0.084649526,-0.053780053,-0.25234136,-0.23494907,-0.004806976,-0.06919071,0.9639129,-0.9219758,-0.85530645,0.9865267,-0.938269,-0.5524109,0.3617746,0.23423938,0.9848534,-0.9870794,-0.15563607,-0.050699677,0.9838149,-0.20779835,0.0,1.183,-1.54101,3.1416,2.742,-1.56901,0.7909982,-0.24794471,1.3044031,-0.366,1.6228744,0.94766915,0.91641754,0.18418393,-0.111049145,-0.21235727,1.5093075,-0.366,0.97469676,0.04274636,0.53302217,-0.366,0.0,0.0,0.0,0.0,0.0,1.0,0.0,0.0,0.0,0.0,0.0,0.0,0.0,0.0,0.0,0.0
2.5313773e-05,1.1574607,-1.5208597,3.140709,2.7420135,-1.5690107,0.9096055,-0.30191714,1.3999104,-0.36557016,1.4703884,0.93794537,0.8023956,0.055093627,-0.22959161,-0.07553461,1.4468877,-0.36599916,1.1357803,0.23964201,0.67855453,-0.34929585,-0.9907741,0.4736387,-0.22736306,-0.34520838,-0.3273465,-0.10810764,0.09690643,-0.29877138,0.94567424,-0.4835092,-0.92523086,0.44952714,-0.9781889,-0.7703296,0.8723549,0.66908306,0.15198968,-0.9974159,0.053822063,0.20972024,0.97304076,-0.25953954,0.0,1.1830001,-1.54101,3.1416,2.742,-1.56901,0.809834,-0.30601716,1.4882146,-0.366,1.4430364,1.0350441,0.7262862,0.0344543,0.058511227,-0.082307026,1.5388498,-0.366,0.9851582,0.08350986,0.72215295,-0.366,0.0,0.0,0.0,0.0,0.0,0.0,0.0,0.0,0.0,0.0,0.0,0.0,0.0,0.0,0.0,0.0
2.8051823e-05,1.157463,-1.5208615,3.140718,2.7420135,-1.5690109,0.97085917,-0.3448315,1.5242426,-0.3614988,1.3175368,0.96863765,0.64326096,0.05888354,-0.071675435,0.006354204,1.2984967,-0.36599877,1.1938511,0.2109721,0.80624366,-0.35038146,-0.7500454,0.7073915,-0.26172197,0.15397656,-0.14270523,-0.035654053,0.344031,-0.12894045,0.42889914,-0.3537097,-0.8212344,-0.35105821,-0.70704603,0.15972741,0.974471,0.5505166,-0.7271091,-0.9994832,0.4394751,0.063410476,0.5704178,-0.5505784,0.0,1.1830001,-1.54101,3.14161,2.742,-1.56901,0.8808191,-0.33262187,1.5767108,-0.366,1.2735884,0.96260905,0.58039904,0.06741139,0.25957707,0.031282894,1.388823,-0.366,1.0758365,0.09659356,0.8398492,-0.366,0.0,0.0,0.0,0.0,0.0,0.0,0.0,0.0,0.0,0.0,0.0,0.0,0.0,0.0,0.0,0.0
2.3205066e-05,1.1574625,-1.5208611,3.1407106,2.7420137,-1.5690107,1.0431527,-0.35766944,1.540978,-0.30758193,1.3541944,0.9019115,0.65269226,0.20895848,0.116996415,0.06669422,1.1114196,-0.36599877,1.2887304,0.20254809,0.85371864,-0.35938877,-0.1837869,0.39522108,-0.39855713,0.093349,-0.4145788,0.47333157,0.24201609,-0.125124,-0.29046828,0.28657976,0.24839416,-0.85770494,0.5002102,0.8319455,0.9948942,0.4332415,-0.9454218,-0.9682298,0.5338362,0.080678955,0.042354263,-0.5652219,0.0,1.1830001,-1.54101,3.14161,2.742,-1.569,0.92910385,-0.35758543,1.5187593,-0.30882427,1.3231457,0.7914878,0.6801963,0.23339337,0.45806906,0.11771918,1.2002013,-0.366,1.1823425,0.11268987,0.8482993,-0.366,0.0,0.0,0.0,0.0,0.0,0.0,0.0,0.0,0.0,0.0,0.0,0.0,0.0,0.0,0.0,0.0
2.2771515e-05,1.1574655,-1.5208594,3.1407092,2.742013,-1.5690105,0.98582274,-0.35889798,1.44087,-0.3518693,1.273939,0.81070447,0.7770284,0.39209437,0.379365,0.13813753,0.9684673,-0.3659987,1.204061,0.2322365,0.7562006,-0.3599884,-0.46633664,0.8025318,-0.6170711,-0.56151783,-0.10393253,0.6702843,-0.1331758,-0.4099095,-0.84480816,-0.46520978,-0.6032357,-0.7835945,0.90004206,0.9476782,0.786506,0.24715959,-0.98908436,-0.9598943,-0.25559017,0.7402001,-0.7915292,-0.74995476,0.0,1.1830001,-1.54101,3.1416,2.742,-1.569,0.9020585,-0.44082987,1.3471956,-0.366,1.2006406,0.6323554,0.8629769,0.42584792,0.6177927,0.16791236,0.999338,-0.366,1.1304373,0.26300973,0.68755555,-0.366,0.0,0.0,0.0,0.0,0.0,0.0,0.0,0.0,0.0,0.0,0.0,0.0,0.0,0.0,0.0,0.0
4.2551823e-05,1.1574562,-1.520852,3.1407413,2.742014,-1.5690109,0.92020136,-0.36664528,1.2708622,-0.36425993,1.1555495,0.7906985,0.858966,0.55822414,0.38649365,0.06222162,0.75973624,-0.36599985,0.98905486,0.36203367,0.5573828,-0.36544773,-0.4581643,0.48641604,-0.37089294,-0.5586834,-0.106413364,0.2056188,0.07567674,-0.0912281,-0.96896166,-0.85699445,-0.8143016,-0.6556275,0.87832946,0.9895357,-0.45994437,-0.7139525,-0.9550718,-0.9919789,-0.8242849,0.9144728,-0.95830584,-0.87769514,0.0,1.1830001,-1.54101,3.1416,2.742,-1.569,0.9174775,-0.4594174,1.1497717,-0.366,1.0347283,0.49877262,1.0419347,0.6274638,0.52408,0.022445992,0.804744,-0.366,0.96249086,0.4493317,0.4923027,-0.366,0.0,0.0,0.0,0.0,0.0,0.0,0.0,0.0,0.0,0.0,0.0,0.0,0.0,0.0,0.0,0.0
2.8673e-05,1.1574597,-1.520855,3.1407235,2.742013,-1.5690105,0.94873625,-0.35544875,1.0883996,-0.36554167,1.2082622,0.7214711,0.9490092,0.64256495,0.2369225,-0.13190787,0.57192713,-0.36599904,0.8948073,0.4325092,0.35455504,-0.3658001,0.01012788,-0.2300393,-0.2590416,-0.91173667,-0.32742944,0.473247,0.2915267,0.20486195,-0.99379236,-0.4144829,0.6371397,-0.19945621,0.8240346,0.41991594,-0.8572846,-0.9427905,-0.9899478,-0.9060656,-0.3694175,0.23933789,-0.9916612,-0.7707534,1e-05,1.183,-1.54101,3.1416,2.742,-1.569,0.9769531,-0.41762266,0.947024,-0.366,1.1647139,0.4580807,1.2100495,0.7131326,0.34918177,-0.16989665,0.6027806,-0.366,0.8871244,0.49816003,0.28998974,-0.366,0.0,0.0,0.0,0.0,0.0,1.0,0.0,0.0,0.0,0.0,0.0,1.0,0.0,0.0,0.0,0.0
2.7792947e-05,1.157453,-1.5208521,3.1407218,2.7420135,-1.5690107,0.9050573,-0.26548785,0.8620011,-0.36596808,1.3204354,0.62823737,1.0947245,0.6496507,0.17068893,-0.21198274,0.5366501,-0.36599904,0.86366034,0.42545807,0.23815413,-0.36586344,0.42616528,-0.47408158,0.009277165,-0.2648509,-0.4667828,0.71372753,-0.40037477,0.8409724,-0.9987585,-0.16598088,0.92742795,-0.25958538,0.8830173,0.01719077,-0.89498425,-0.47709814,-0.34477568,-0.93647945,0.22939658,-0.35848343,-0.8367125,-0.76794803,1e-05,1.183,-1.541,3.1416,2.742,-1.569,0.8967458,-0.24915023,0.7469422,-0.366,1.350506,0.40607783,1.3869448,0.71657646,0.16988914,-0.26547396,0.5337115,-0.366,0.93307954,0.42634487,0.12237072,-0.366,0.0,0.0,0.0,0.0,0.0,0.0,0.0,0.0,0.0,0.0,0.0,0.0,0.0,0.0,0.0,0.0
3.2442986e-05,1.1574676,-1.5208576,3.140726,2.7420137,-1.569011,0.8255631,-0.16361123,0.76384175,-0.3659701,1.4063642,0.59110355,1.1245247,0.5607095,0.026287418,-0.18900111,0.65718424,-0.36599904,0.85915554,0.37313387,0.19956146,-0.365874,0.48466167,-0.4929659,0.32963482,0.36716753,-0.569147,0.5786117,-0.6044085,0.9681945,-0.030564353,-0.04375098,0.83779395,-0.25481468,0.4429605,-0.47775587,-0.9789969,0.2740507,0.7310449,-0.9872959,0.8458793,-0.6885921,-0.042984247,-0.8404194,1e-05,1.183,-1.541,3.14161,2.742,-1.569,0.77553153,-0.05497864,0.74081254,-0.366,1.5185257,0.3549747,1.4757806,0.6207624,-0.026448876,-0.21051304,0.6803227,-0.366,1.1027209,0.2882476,0.11375022,-0.366,0.0,0.0,0.0,0.0,0.0,0.0,0.0,0.0,0.0,0.0,0.0,1.0,0.0,0.0,0.0,0.0
3.552785e-05,1.1574483,-1.5208497,3.1407235,2.742014,-1.5690107,0.8210762,-0.13374944,0.8438144,-0.35964435,1.5416747,0.6206587,1.1638755,0.5156865,-0.16177504,-0.16466734,0.845799,-0.36599904,0.8609652,0.35381013,0.24431944,-0.36587867,-0.2045389,-0.5229165,0.38879701,0.23088732,-0.07859114,-0.16950801,0.23521528,0.15267172,0.79388714,0.03894189,0.91787905,0.732947,-0.020904586,-0.39358604,-0.9957994,0.21719006,0.946209,-0.97567785,0.18589658,-0.82378024,0.6673132,-0.88465786,0.0,1.183,-1.541,3.14161,2.742,-1.56901,0.8217933,-0.024951393,0.8969531,-0.35834098,1.6990528,0.4991296,1.4716691,0.5433525,-0.22230121,-0.16779643,0.8664217,-0.366,1.1392827,0.12622772,0.24499638,-0.366,0.0,0.0,0.0,0.0,0.0,0.0,0.0,0.0,0.0,0.0,0.0,0.0,0.0,0.0,0.0,0.0
2.8975137e-05,1.1574546,-1.5208546,3.1407123,2.7420137,-1.5690079,0.85825866,-0.14913954,1.0335982,-0.3645592,1.6739025,0.6743,1.1728662,0.43761694,-0.28196707,-0.11821449,1.0490698,-0.36599904,0.920203,0.30259138,0.36259416,-0.3636421,-0.8409078,-0.60722816,0.04800298,0.17320412,0.032648467,-0.4761378,0.10878138,-0.154243,0.9205824,-0.30783412,0.47433195,0.92350984,-0.75021553,-0.50534517,-0.778278,0.3183828,0.96501356,-0.9951356,-0.2847953,-0.27742365,0.9334627,-0.6050185,0.0,1.183,-1.541,3.14161,2.7421,-1.56901,0.84295577,-0.054957997,1.0760442,-0.366,1.7913299,0.6787902,1.3257213,0.44504207,-0.314,-0.105857894,1.0541565,-0.366,1.0838783,0.07225742,0.42659324,-0.366,0.0,0.0,0.0,0.0,0.0,0.0,0.0,0.0,0.0,0.0,0.0,0.0,0.0,0.0,0.0,0.0
2.5697975e-05,1.157455,-1.5208547,3.140705,2.7420135,-1.5690066,0.8224199,-0.16239472,1.1993024,-0.36589256,1.6616822,0.76593524,1.1671827,0.3980354,-0.310579,-0.05215515,1.2377576,-0.36599904,0.9569203,0.2599387,0.5122457,-0.36180487,-0.9418466,-0.8948086,0.071166664,-0.08815386,0.20243865,-0.4923999,-0.44353545,-0.23940489,0.9394671,-0.7736181,-0.55134493,0.9703693,-0.95004314,-0.31218344,-0.18607397,0.34068456,0.9561748,-0.99902713,-0.45995346,0.16453889,0.98669255,-0.37346274,0.0,1.183,-1.541,3.1416,2.7421,-1.56901,0.7557403,-0.102033846,1.2607782,-0.366,1.6829151,0.86960065,1.1389077,0.38365528,-0.314,-0.038866714,1.2421758,-0.366,0.9934344,0.104611844,0.62061346,-0.366,0.0,0.0,0.0,0.0,0.0,0.0,0.0,0.0,0.0,0.0,0.0,0.0,0.0,0.0,0.0,0.0
3.0015779e-05,1.1574562,-1.5208564,3.1407099,2.7420137,-1.5690107,0.7064907,-0.18737595,1.3284304,-0.36595213,1.5465164,0.9351422,1.020204,0.29260552,-0.20514537,0.0012959995,1.4261129,-0.36599904,0.9313729,0.24590842,0.6947052,-0.36177212,-0.98836935,-0.30230683,0.5646953,-0.44587046,0.19162525,-0.23073426,-0.5921684,-0.19720449,0.7201412,-0.74864024,-0.78500116,0.9802806,-0.9737689,-0.53660864,0.7627852,0.24953297,0.9504553,-0.98022604,-0.34913158,0.3840404,0.8627678,0.023662083,0.0,1.183,-1.541,3.1416,2.7421,-1.56901,0.63825923,-0.14115751,1.4036479,-0.366,1.5271777,1.0640798,0.9457204,0.2771968,-0.16267005,0.0106384605,1.4307379,-0.366,0.9241698,0.18080212,0.7917791,-0.36130565,0.0,0.0,0.0,0.0,0.0,0.0,0.0,0.0,0.0,0.0,0.0,0.0,0.0,0.0,0.0,0.0
3.0112305e-05,1.1574558,-1.5208554,3.1407156,2.7420137,-1.56901,0.63793004,-0.19872425,1.4606472,-0.36296898,1.3759389,1.0329247,0.8300257,0.1587596,-0.13900304,0.033371296,1.4802847,-0.36600363,0.9529144,0.22967322,0.8831529,-0.36517707,-0.7138634,0.32576063,0.44370222,-0.1067453,-0.06834158,-0.28713033,-0.32132748,-0.08948653,0.6226394,-0.25923377,-0.95700026,0.101909935,-0.9947538,-0.69346446,0.9525571,0.28858876,0.8804996,-0.99604523,-0.30678326,0.10209,0.8143711,-0.11171947,0.0,1.1830001,-1.541,3.1416,2.742,-1.56901,0.5747707,-0.15883845,1.5266703,-0.366,1.3380916,1.0842153,0.74917483,0.14018063,0.025538176,0.06765843,1.6047088,-0.366,0.8635549,0.20097327,0.9526843,-0.366,0.0,0.0,0.0,0.0,0.0,0.0,0.0,0.0,0.0,1.0,0.0,0.0,0.0,0.0,0.0,0.0
2.7800226e-05,1.1574565,-1.5208553,3.1407168,2.7420137,-1.5690107,0.69970596,-0.22964968,1.473758,-0.3204746,1.3315033,0.99304265,0.68023753,0.2209494,0.0063405363,0.07363583,1.4268411,-0.36600795,0.98399353,0.21689725,0.9531073,-0.36593935,0.4849798,0.13650766,0.4142849,0.28808898,-0.16186322,-0.44638658,0.35804516,-0.06087365,-0.029937297,0.24991654,-0.25460914,-0.7709797,-0.60553205,0.4814943,0.9905114,0.264552,-0.28649634,-0.54573715,0.27365804,-0.1690698,0.12228811,-0.45706093,1e-05,1.1830001,-1.541,3.14161,2.742,-1.56901,0.64850837,-0.1713751,1.520505,-0.31453088,1.2856561,0.92543566,0.6244684,0.2393421,0.22952929,0.12214166,1.5457063,-0.366,0.9199135,0.16615415,0.9778689,-0.366,0.0,0.0,0.0,0.0,0.0,0.0,0.0,0.0,0.0,1.0,0.0,0.0,0.0,0.0,0.0,0.0
3.088294e-05,1.1574585,-1.5208573,3.140722,2.7420137,-1.5690051,0.7265362,-0.25395727,1.4067578,-0.22897257,1.3016882,0.9128336,0.62403286,0.3706206,0.1801369,0.12181764,1.3036625,-0.36601368,1.0564573,0.22530903,0.92393804,-0.3659472,0.82122767,0.16842324,0.17998466,0.2067607,-0.41711882,-0.07875923,0.30167744,-0.25484914,-0.69356287,0.47036314,0.02195438,-0.8838044,0.4260868,0.8838015,0.97575116,0.21326387,-0.7259174,-0.90914744,0.48807406,-0.016645482,-0.310256,-0.62106013,1e-05,1.1830001,-1.541,3.14161,2.742,-1.56901,0.7092309,-0.22267188,1.3809025,-0.2198548,1.2900752,0.7475409,0.7102324,0.41723627,0.4259314,0.16506805,1.3995914,-0.366,1.0181545,0.1628037,0.9154197,-0.366,0.0,0.0,0.0,0.0,0.0,0.0,0.0,0.0,0.0,1.0,0.0,1.0,0.0,0.0,0.0,0.0
3.7531674e-05,1.1574571,-1.5208545,3.1407323,2.7420137,-1.5690107,0.6677413,-0.33899644,1.2832797,-0.23640132,1.2053192,0.83901256,0.6869353,0.5375577,0.28969568,0.15101045,1.1437405,-0.36601415,0.96441776,0.26356345,0.84773153,-0.3659534,0.8225946,0.40862575,0.02912704,-0.10316636,-0.7403964,0.7842482,-0.27175206,-0.85096985,-0.9387126,-0.11344192,-0.6449456,-0.36299574,0.83377624,0.9767603,0.27162734,0.067431346,-0.9451835,-0.9818295,-0.64521325,0.58939844,-0.7905305,-0.6272775,1e-05,1.1830001,-1.541,3.1416,2.742,-1.569,0.65718246,-0.3856574,1.2011117,-0.24158223,1.1665493,0.6780166,0.86992484,0.6043143,0.47795594,0.1779831,1.2185613,-0.366,0.8945774,0.27569067,0.7640101,-0.366,0.0,0.0,0.0,0.0,0.0,0.0,0.0,0.0,0.0,1.0,0.0,0.0,0.0,0.0,0.0,0.0
2.451379e-05,1.1574452,-1.5208465,3.1407225,2.7421036,-1.5690109,0.67382735,-0.4177956,1.1144234,-0.34635207,1.1689072,0.7950621,0.77140546,0.7190342,0.27214837,0.080995165,0.97984815,-0.36595938,0.7786352,0.31797785,0.67330796,-0.36590752,0.94812846,0.15379001,-0.48486632,-0.07701753,-0.7160538,0.3764766,0.4626749,-0.5097128,-0.98774254,-0.8226884,-0.34076482,-0.59636134,0.5319771,0.9375708,-0.562227,-0.54892534,-0.9782682,-0.94252527,-0.70198715,0.43379363,-0.945414,-0.5212592,1e-05,1.1830001,-1.54101,3.1416,2.742,-1.569,0.75252485,-0.49069285,0.9975697,-0.366,1.0963286,0.5551257,0.9795482,0.79751754,0.36209902,0.06486723,1.0169716,-0.366,0.74992037,0.3650816,0.5691906,-0.366,0.0,0.0,0.0,0.0,0.0,0.0,0.0,0.0,0.0,1.0,0.0,0.0,0.0,0.0,0.0,0.0
3.0295207e-05,1.1574522,-1.5208504,3.1407347,2.7420144,-1.5690112,0.8071995,-0.4326354,0.9356332,-0.36277106,1.2191241,0.7231263,0.85897577,0.76537776,0.118472055,-0.07662221,0.806432,-0.36596122,0.74153936,0.33278728,0.4666228,-0.3659512,0.9896257,0.21344817,-0.54813594,-0.12905069,-0.9432108,0.23192948,0.8781229,0.10947769,-0.97645646,-0.78360254,0.60476136,-0.4268361,0.70015705,0.17241365,-0.9124454,-0.9097851,-0.9956536,-0.9659665,-0.028583407,-0.03392788,-0.9890828,-0.2991443,1e-05,1.1830001,-1.54101,3.1416,2.742,-1.569,0.9250388,-0.4691851,0.8057373,-0.366,1.2151387,0.4712705,1.1170994,0.83138955,0.18284214,-0.113867015,0.8213678,-0.366,0.74430496,0.35841623,0.37487775,-0.366,0.0,0.0,0.0,0.0,0.0,0.0,0.0,0.0,0.0,0.0,0.0,0.0,0.0,0.0,0.0,0.0
1.3254738e-05,1.1574397,-1.5208359,3.1407452,2.7421048,-1.5690117,0.9008728,-0.35487264,0.7530085,-0.36574635,1.303943,0.6239127,0.89989865,0.6762166,0.010653294,-0.19915737,0.7169309,-0.3659662,0.8066169,0.34125248,0.26885024,-0.36596134,0.77010113,0.4133375,-0.51271886,0.14946997,-0.98864216,0.6336931,0.50414443,0.6738356,-0.9952913,-0.6180763,0.87222743,-0.4573678,0.8154765,-0.42368236,-0.9824891,-0.6665873,-0.5711189,-0.7326578,0.79428333,-0.1143272,-0.99781656,-0.28535208,1e-05,1.1830001,-1.54101,3.14161,2.742,-1.569,1.0241784,-0.336676,0.6100142,-0.366,1.3866614,0.38132954,1.2774621,0.7480728,-0.01036343,-0.24495079,0.7090578,-0.366,0.90050006,0.3359339,0.17865807,-0.366,0.0,0.0,0.0,0.0,0.0,0.0,0.0,0.0,0.0,0.0,0.0,0.0,0.0,0.0,0.0,0.0
3.847204e-05,1.1574526,-1.5208498,3.1407328,2.7420137,-1.5690107,0.88424546,-0.22761203,0.59571624,-0.36596924,1.432312,0.58418393,0.9124157,0.56581104,-0.15277027,-0.18621083,0.78190345,-0.36596996,0.8582114,0.2578485,0.0669476,-0.36598527,0.70758677,0.06245494,-0.04199927,-0.08966875,-0.08770216,0.7728645,-0.6285394,0.9347671,-0.29938206,-0.46268687,0.9744455,-0.12976465,0.7952851,-0.295511,-0.99649787,0.2132511,0.41870838,-0.425121,0.9588567,-0.47265804,-0.9430272,-0.49213526,1e-05,1.1830001,-1.54101,3.1416,2.742,-1.569,0.89677304,-0.14719807,0.5493293,-0.366,1.5841821,0.35502616,1.4386669,0.6881725,-0.21235423,-0.20172465,0.7939303,-0.366,1.094861,0.24012578,-0.0124941915,-0.366,0.0,0.0,0.0,0.0,0.0,0.0,0.0,0.0,0.0,0.0,0.0,0.0,0.0,0.0,0.0,0.0
4.2126838e-05,1.1574512,-1.5208488,3.140732,2.7420137,-1.5690054,0.83934736,-0.16580997,0.6563507,-0.36597046,1.5614505,0.5557645,0.8591844,0.54671013,-0.2793621,-0.16826326,0.9511626,-0.36597314,0.886531,0.22107054,0.053041574,-0.36598533,-0.07142508,0.1268493,0.15993072,-0.115387626,0.46182707,0.43007082,-0.3374312,0.4820854,0.69285786,-0.5523631,0.99488914,0.70539874,-0.22675279,0.09136145,-0.70137507,0.15205844,0.8283699,-0.4734776,0.18496677,-0.66181374,0.47197396,-0.7417657,0.0,1.1830001,-1.541,3.1416,2.7421,-1.569,0.8260187,-0.04611183,0.69461143,-0.366,1.7927958,0.5029379,1.3911202,0.7073297,-0.314,-0.16984022,0.9676273,-0.366,1.1336459,0.10135315,0.08647182,-0.366,0.0,0.0,0.0,0.0,0.0,0.0,0.0,0.0,0.0,0.0,0.0,1.0,0.0,0.0,0.0,0.0
4.3441552e-05,1.157446,-1.520848,3.140723,2.742014,-1.569005,0.8316494,-0.16037366,0.80055094,-0.36597192,1.6861503,0.5136895,0.8263465,0.55440325,-0.31031314,-0.14343071,1.1407768,-0.3659754,0.83517414,0.24151422,0.15537024,-0.3659852,0.26156488,-0.15307766,0.7293036,-0.14594573,0.29551077,-0.49622226,0.05488714,-0.12870246,0.9169698,-0.030663088,0.8333877,0.45431584,-0.40820938,-0.19597043,-0.5074634,0.14047353,0.9110613,-0.8364173,-0.24490348,0.09774239,0.8943948,-0.7981745,1e-05,1.183,-1.541,3.1416,2.7421,-1.56901,0.837313,-0.072595365,0.88329935,-0.366,1.9642848,0.596424,1.3071216,0.6670042,-0.314,-0.14093451,1.1550994,-0.366,1.0832512,0.12146594,0.27051443,-0.366,0.0,0.0,0.0,0.0,0.0,0.0,0.0,0.0,0.0,0.0,0.0,0.0,0.0,0.0,0.0,0.0
2.902861e-05,1.1574527,-1.5208538,3.140712,2.7420406,-1.5690106,0.81292224,-0.18203384,0.99787194,-0.3659733,1.7261579,0.6013239,0.88423914,0.50962776,-0.31332,-0.09474235,1.33249,-0.36597785,0.8784489,0.24666145,0.35452023,-0.3659852,-0.3246958,-0.3064503,0.3507237,-0.024492083,0.054276913,-0.790881,0.14143391,-0.13450614,0.98339397,-0.5508828,-0.22238725,0.8710861,-0.83996433,-0.6427971,-0.37385327,0.29934564,0.9401531,-0.9672835,-0.46441942,0.12422973,0.9294642,-0.57264054,0.0,1.183,-1.541,3.1416,2.7421,-1.56901,0.8646388,-0.09858269,1.0732965,-0.366,1.9213183,0.76472265,1.144836,0.5428123,-0.314,-0.083099276,1.3367422,-0.366,0.9935228,0.1454678,0.45009205,-0.366,0.0,0.0,0.0,0.0,0.0,0.0,0.0,0.0,0.0,0.0,0.0,0.0,0.0,0.0,0.0,0.0
2.8032477e-05,1.1574572,-1.5208495,3.1407588,2.7420146,-1.5690123,0.80794525,-0.17890248,1.1707231,-0.36597544,1.6991001,0.73958665,0.92334294,0.38101244,-0.27943987,-0.055961873,1.4977541,-0.3659991,0.91927916,0.21937868,0.5465464,-0.3659852,-0.78821045,-0.12706253,0.41519067,-0.12341279,-0.17593144,-0.3427251,-0.1958737,-0.14784098,0.9966788,-0.71777093,-0.8444775,0.9518848,-0.9679929,-0.9285594,0.3919108,0.18298449,0.9697379,-0.9627379,-0.39998648,0.17103718,0.87703156,-0.12079324,0.0,1.183,-1.541,3.1416,2.742,-1.56901,0.82741284,-0.12668002,1.2627163,-0.366,1.7608244,0.9456293,0.96086794,0.36633864,-0.23951697,-0.04832289,1.5210419,-0.366,0.91750497,0.1779736,0.6167728,-0.366,0.0,0.0,0.0,0.0,0.0,0.0,0.0,0.0,0.0,0.0,0.0,0.0,0.0,0.0,0.0,0.0
2.9762785e-05,1.1574551,-1.5208559,3.1407108,2.7420137,-1.569005,0.8228894,-0.19178495,1.3361689,-0.36597678,1.583139,0.90813273,0.82952607,0.19841191,-0.2447997,-0.038446352,1.5389184,-0.3660056,0.91451794,0.22837955,0.73507124,-0.3659852,-0.38144308,0.36722475,0.68941593,-0.039590802,-0.044126797,0.08107913,-0.33473402,-0.17091142,0.83461124,-0.19490382,-0.9674255,0.5469282,-0.9935986,-0.98571193,0.83223933,0.09384452,0.6407424,-0.98990417,-0.35533187,0.035853025,0.97540635,-0.031925816,0.0,1.1830001,-1.541,3.1416,2.742,-1.569,0.7611687,-0.1605035,1.4278865,-0.366,1.5693703,1.0538667,0.76423407,0.17126556,-0.07481623,-0.029750993,1.6478453,-0.366,0.84718454,0.18506894,0.80980635,-0.366,0.0,0.0,0.0,0.0,0.0,0.0,0.0,0.0,0.0,0.0,0.0,0.0,0.0,0.0,0.0,0.0
2.7310607e-05,1.1574571,-1.5208567,3.1407146,2.7420135,-1.569009,0.82401335,-0.21025364,1.4566545,-0.33698237,1.4065944,0.95590925,0.6411088,0.1335567,-0.13982962,0.0034206198,1.4861399,-0.36600557,0.9603675,0.21642417,0.8821149,-0.3659852,0.19220543,0.62020904,0.44861344,0.49708298,0.11533632,-0.28160694,-0.097329184,-0.08307202,0.42641133,0.16780058,-0.9934851,-0.48937753,-0.99871975,-0.19106412,0.9664479,0.28542587,-0.07125302,-0.97617567,-0.020764425,-0.17398499,0.7672146,-0.26891932,1e-05,1.1830001,-1.541,3.14161,2.7421,-1.56901,0.741051,-0.17767426,1.5160246,-0.33131605,1.3640195,0.9527137,0.55780137,0.13177311,0.12494597,0.029245773,1.6331174,-0.366,0.8428926,0.14910671,0.96838754,-0.366,0.0,0.0,0.0,0.0,0.0,0.0,0.0,0.0,0.0,0.0,0.0,0.0,0.0,0.0,0.0,0.0
2.679537e-05,1.1574587,-1.5208576,3.140714,2.7420137,-1.569009,0.86029786,-0.23971047,1.4493983,-0.20337498,1.4088784,0.87712,0.6259217,0.2623292,0.051653903,0.054783933,1.376026,-0.36600718,1.0247042,0.2115889,0.8985844,-0.3659852,0.5729238,0.27447176,0.2240493,0.4880386,-0.40213716,0.18011457,0.11737628,-0.16069597,-0.32388446,0.7737902,0.13473247,-0.8928058,0.44070205,0.7617872,0.9932896,0.2871634,-0.77486706,-0.9911912,0.52998024,-0.08820702,-0.040632546,-0.4735126,1e-05,1.1830001,-1.541,3.14161,2.742,-1.569,0.764968,-0.21041815,1.4500289,-0.17364627,1.391473,0.77079296,0.6476001,0.28699714,0.32734162,0.08775904,1.4752282,-0.366,0.9508829,0.13113339,0.96010816,-0.366,0.0,0.0,0.0,0.0,0.0,0.0,0.0,0.0,0.0,0.0,0.0,0.0,0.0,0.0,0.0,0.0
3.0849515e-05,1.1574583,-1.5208567,3.1407244,2.7420137,-1.5690084,0.8374375,-0.33601472,1.318094,-0.10083609,1.2839038,0.85488063,0.63461006,0.4009296,0.1776711,0.08493413,1.1547278,-0.36601007,0.9523561,0.2259219,0.8334775,-0.3659852,0.42332608,0.8100246,-0.08138579,-0.18906507,-0.39419487,0.6517562,-0.16210593,-0.7139433,-0.8647769,0.43391496,-0.7730535,-0.7074614,0.88814044,0.9523575,0.92060184,0.18132243,-0.95497346,-0.99472225,-0.23617935,0.50998145,-0.76598614,-0.55120283,1e-05,1.1830001,-1.54101,3.1416,2.742,-1.569,0.73102176,-0.3599232,1.2689382,-0.08278123,1.2295898,0.62264526,0.83358335,0.4864279,0.5201225,0.12572931,1.2752496,-0.366,0.9014252,0.23792732,0.7997049,-0.366,0.0,0.0,0.0,0.0,0.0,0.0,0.0,0.0,0.0,1.0,0.0,1.0,0.0,0.0,0.0,0.0
2.3661838e-05,1.1574557,-1.5208517,3.1407263,2.7420137,-1.569011,0.73791313,-0.39231247,1.183236,-0.14726384,1.1641257,0.8154128,0.7016203,0.595333,0.2114816,0.06784703,0.9805471,-0.36600667,0.77279943,0.31961942,0.6982948,-0.3659852,0.7054515,-0.055990994,0.2466551,-0.5050731,-0.67235076,0.6253761,-0.2506938,-0.59843206,-0.9729554,-0.40122575,-0.8052096,-0.37644744,0.38966542,0.9904715,-0.5248,-0.4025531,-0.9909947,-0.950461,-0.84723586,0.82296914,-0.92157966,-0.55809206,1e-05,1.183,-1.541,3.1416,2.742,-1.569,0.68214244,-0.47660327,1.079235,-0.16101074,1.0725931,0.5492469,0.9095589,0.67954636,0.41779897,0.047240995,1.0820291,-0.366,0.7362343,0.39838678,0.6200187,-0.366,0.0,0.0,0.0,0.0,0.0,0.0,0.0,0.0,0.0,1.0,0.0,1.0,0.0,0.0,0.0,0.0
2.5224255e-05,1.1574386,-1.520842,3.1407316,2.7421038,-1.569011,0.73602444,-0.3914582,1.0384841,-0.29032066,1.1605428,0.7249451,0.7624144,0.7370034,0.16618758,-0.060097296,0.84935427,-0.36599898,0.6478475,0.3673052,0.5135771,-0.3659852,0.8827673,-0.14887297,-0.1590425,-0.27818567,-0.6622485,0.42555583,0.38842887,-0.00087848306,-0.97915053,-0.7943427,0.22430274,-0.26930255,0.43278003,0.6654382,-0.8616319,-0.8337584,-0.998199,-0.9900922,-0.41220117,0.11016263,-0.98431593,-0.41977406,1e-05,1.183,-1.54101,3.1416,2.742,-1.569,0.7567412,-0.47677198,0.8911865,-0.3135664,1.115671,0.49752665,0.9926754,0.8073455,0.25232026,-0.112884544,0.8903223,-0.366,0.65707,0.4195438,0.4309782,-0.366,0.0,0.0,0.0,0.0,0.0,0.0,0.0,0.0,0.0,0.0,0.0,0.0,0.0,0.0,0.0,0.0
3.0859974e-05,1.1574522,-1.5208498,3.140731,2.742014,-1.5690055,0.78885424,-0.36399052,0.8343189,-0.36011916,1.2278733,0.68979394,0.75471306,0.6702008,0.08802014,-0.20930889,0.7024786,-0.36599898,0.6915799,0.35772663,0.31681278,-0.3659852,0.9533023,-0.29017904,-0.43808565,-0.016968615,-0.7067323,0.47632948,0.82505155,0.35608914,-0.9939428,-0.7954683,0.80170006,-0.15521492,0.886556,-0.05739121,-0.9341146,-0.84593725,-0.9996398,-0.8046314,0.55986845,-0.008381562,-0.9553834,-0.5860974,1e-05,1.183,-1.54101,3.1416,2.742,-1.569,0.9263738,-0.4035592,0.6868295,-0.366,1.2805024,0.46561408,1.1749535,0.79554576,0.060264096,-0.28681123,0.684794,-0.366,0.77218026,0.41782054,0.23454912,-0.366,0.0,0.0,0.0,0.0,0.0,0.0,0.0,0.0,0.0,0.0,0.0,1.0,0.0,0.0,0.0,0.0
4.2602464e-05,1.1574519,-1.5208471,3.1407387,2.7420278,-1.5690107,0.81622356,-0.29561427,0.6202399,-0.36519775,1.3385943,0.6538916,0.7380086,0.5426946,-0.06342771,-0.27687013,0.6496998,-0.36599898,0.75992763,0.32325593,0.1543869,-0.3659852,0.9906605,-0.3675026,-0.53467745,0.70314384,-0.94134647,0.6007457,0.4443347,0.63907146,-0.9987886,-0.45903957,0.9237882,-0.5951358,0.9483173,-0.24978118,-0.9308777,-0.6572669,-0.35159838,-0.75453925,0.61227095,-0.10893809,-0.83263737,-0.62449527,1e-05,1.183,-1.54101,3.14161,2.742,-1.569,1.0108484,-0.2820623,0.49694508,-0.366,1.4561281,0.35246998,1.3552425,0.7480587,-0.11670947,-0.41176736,0.61794996,-0.366,0.888582,0.3971098,0.07625249,-0.366,0.0,0.0,0.0,0.0,0.0,0.0,0.0,0.0,0.0,0.0,0.0,1.0,0.0,0.0,0.0,0.0
5.447564e-05,1.1574528,-1.5208405,3.1407325,2.7421024,-1.569005,0.8057884,-0.28721023,0.5367586,-0.36589506,1.5682819,0.44949389,0.95480293,0.60986036,-0.25035694,-0.28660813,0.70220923,-0.36599898,0.8759871,0.34801483,0.2072768,-0.3659852,0.99193466,0.0003675744,0.68670124,0.44396323,-0.27126515,0.4896123,-0.6543303,-0.006180167,-0.13468523,-0.094640195,0.95768833,-0.8379528,0.61102045,-0.16841167,-0.98617554,0.17427693,0.4238827,-0.018569887,0.24246475,0.29271817,0.5436963,-0.60370415,1e-05,1.1830001,-1.541,3.14161,2.742,-1.569,0.88215,-0.28327784,0.47045422,-0.366,1.6444931,0.18765539,1.4754224,0.71493423,-0.3106776,-0.37748933,0.70132226,-0.366,0.9362717,0.45468372,0.18319058,-0.366,0.0,0.0,0.0,0.0,0.0,0.0,0.0,0.0,0.0,0.0,0.0,0.0,0.0,0.0,0.0,0.0
2.8572109e-05,1.1574534,-1.5208529,3.140715,2.7420135,-1.5690094,0.7656351,-0.27700087,0.5810031,-0.36595747,1.7360915,0.3798182,1.1895475,0.6847277,-0.30695242,-0.2847551,0.8486358,-0.36599898,0.9203051,0.31879902,0.2708038,-0.3659852,-0.21648586,0.19639832,0.3024821,-0.39354408,0.42758766,0.641127,-0.47995037,0.32686344,0.66451514,-0.5946254,0.9873483,0.5738311,-0.1255885,0.09294118,-0.38861126,0.028045528,0.82700294,-0.6517129,0.051482413,-0.7275387,0.599607,-0.55047905,0.0,1.1830001,-1.541,3.1416,2.7421,-1.569,0.7899092,-0.22045854,0.59816617,-0.366,1.8342497,0.29793894,1.4512857,0.73279643,-0.314,-0.3720993,0.86026245,-0.366,0.94616604,0.3148594,0.29842797,-0.366,0.0,0.0,0.0,0.0,0.0,0.0,0.0,0.0,0.0,0.0,0.0,0.0,0.0,0.0,0.0,0.0
2.6729005e-05,1.157453,-1.520852,3.1407127,2.7420137,-1.5690053,0.76991785,-0.26306072,0.6832301,-0.3659622,1.7494391,0.41119996,1.2620497,0.6452252,-0.31294003,-0.2664834,1.0362132,-0.36599898,0.88943106,0.20604612,0.42191893,-0.3659852,-0.7016011,-0.104946434,-0.058208756,-0.12492597,-0.10284034,0.06796943,-0.15184249,0.08811915,0.93290305,-0.8538705,0.14447178,0.91467965,-0.8251177,-0.42278278,-0.46416673,0.08108157,0.90643454,-0.76828665,-0.2694596,-0.82793367,0.8950177,-0.26945314,0.0,1.183,-1.54101,3.1416,2.742,-1.569,0.75829226,-0.2021102,0.792417,-0.366,1.864332,0.48839524,1.2794782,0.6447638,-0.314,-0.35521635,1.0490019,-0.366,0.89005864,0.1424655,0.4847902,-0.366,0.0,0.0,0.0,0.0,0.0,0.0,0.0,0.0,0.0,0.0,0.0,0.0,0.0,0.0,0.0,0.0
2.9873992e-05,1.1574537,-1.5208529,3.1407173,2.7420135,-1.5690106,0.7531657,-0.2634065,0.86401236,-0.36596557,1.674016,0.5313171,1.1513977,0.56011707,-0.3136686,-0.23288077,1.2325351,-0.36599898,0.7874748,0.14685437,0.63684136,-0.3659852,-0.3972627,-0.25052944,-0.0688307,0.15992688,-0.06628261,0.051678866,-0.3564695,-0.07571152,0.9729773,-0.8583532,-0.77110565,0.98293597,-0.9650236,-0.4878925,-0.48972976,0.305864,0.97164816,-0.7109283,-0.38093054,-0.2555773,0.97900355,-0.23262021,0.0,1.183,-1.54101,3.14161,2.742,-1.569,0.6864382,-0.21737148,0.9885413,-0.366,1.7088991,0.68652695,1.0849571,0.54641867,-0.314,-0.29356295,1.2448584,-0.366,0.81327397,0.09094845,0.68212926,-0.366,0.0,0.0,0.0,0.0,0.0,0.0,0.0,0.0,0.0,0.0,0.0,0.0,0.0,0.0,0.0,0.0
3.1065774e-05,1.1574557,-1.520856,3.1406972,2.7420127,-1.5690042,0.67892206,-0.2299318,1.0572296,-0.3659742,1.5477558,0.7312754,0.97700536,0.4413299,-0.28302327,-0.1953556,1.4090163,-0.3659995,0.6961075,0.15371747,0.82448614,-0.3659852,-0.13800666,-0.16631366,0.2791151,0.17424591,0.040658556,0.7798476,-0.43965763,0.028638259,0.97652864,-0.5694704,-0.90792805,0.9965872,-0.99300474,-0.6383884,0.37238428,0.4371755,0.98141813,-0.888556,-0.50828004,0.061122127,0.9085434,-0.018923964,0.0,1.183,-1.541,3.14161,2.7421,-1.569,0.59581214,-0.21146831,1.189832,-0.366,1.521749,0.8919523,0.8802703,0.41482848,-0.23724091,-0.2034485,1.4471569,-0.366,0.7085028,0.103547476,0.8694062,-0.366,0.0,0.0,0.0,0.0,0.0,0.0,0.0,0.0,0.0,1.0,0.0,0.0,0.0,0.0,0.0,0.0
1.4304674e-05,1.1574683,-1.5208496,3.140767,2.7420151,-1.5690134,0.64701784,-0.2353941,1.261441,-0.36546835,1.4153047,0.8655291,0.86134845,0.30145857,-0.22035496,-0.062486082,1.4693432,-0.3660081,0.64829576,0.15764935,0.98806995,-0.36573943,0.08113943,0.041780483,0.46247578,0.18646371,-0.10646223,0.038936652,0.010736778,-0.058924403,0.9426755,-0.45065644,-0.941154,0.11040643,-0.9769474,-0.9276777,0.8697896,0.88036007,0.4864534,-0.9433478,-0.1445764,0.017580573,0.85032314,-0.068954624,1e-05,1.1830001,-1.541,3.14161,2.742,-1.569,0.59796983,-0.22331002,1.3792764,-0.366,1.3326104,0.91414005,0.68393844,0.2283981,-0.062443987,-0.0265273,1.5449169,-0.366,0.67944807,0.10708055,1.0402911,-0.366,0.0,0.0,0.0,0.0,0.0,0.0,0.0,0.0,0.0,1.0,0.0,0.0,0.0,0.0,0.0,0.0
3.0108396e-05,1.1574762,-1.5208652,3.1407113,2.7420127,-1.569005,0.65554833,-0.2464633,1.3755733,-0.35524684,1.2849108,0.85695887,0.6501829,0.22390261,-0.07671865,0.040954605,1.4089516,-0.3660054,0.70105374,0.16169609,1.1073849,-0.3580287,0.40289032,0.0539443,0.53749514,0.5422494,-0.30881125,0.19513246,0.16948478,-0.03291621,0.31810117,0.062413238,-0.49778038,-0.5435525,-0.5453592,-0.017750517,0.97395796,0.534712,-0.33274138,-0.9690605,0.19319828,-0.08029457,0.4318052,-0.3750753,1e-05,1.1830001,-1.541,3.14161,2.742,-1.569,0.6329917,-0.23011173,1.4450079,-0.3531031,1.2297504,0.8018219,0.571247,0.22473018,0.13881193,0.08396408,1.4761602,-0.366,0.71937,0.0904887,1.129518,-0.366,0.0,0.0,0.0,0.0,0.0,0.0,0.0,0.0,0.0,1.0,0.0,0.0,0.0,0.0,0.0,0.0
9.766335e-06,1.15747,-1.5208504,3.1407607,2.742015,-1.5690131,0.7077436,-0.25676775,1.3560115,-0.2184729,1.3534853,0.79388624,0.6497021,0.32755455,0.096586876,0.084550634,1.3058232,-0.36600265,0.79392475,0.18731919,1.151354,-0.36438364,0.6935349,-0.11343888,0.32465038,0.59729785,-0.70804346,0.45215526,0.0821946,-0.14334412,-0.30772027,0.81248266,0.43224686,-0.65000993,0.52984697,0.6086255,0.9947916,0.08479255,-0.57782066,-0.7126123,0.59563774,0.17350453,0.21445379,-0.47366342,1e-05,1.183,-1.541,3.14161,2.742,-1.569,0.6494733,-0.25885504,1.3833039,-0.19018431,1.3164244,0.6714821,0.6774917,0.3467716,0.33828726,0.100966655,1.3602958,-0.366,0.8388071,0.12527978,1.1725203,-0.366,0.0,0.0,0.0,0.0,0.0,0.0,0.0,0.0,0.0,0.0,0.0,0.0,0.0,0.0,0.0,0.0
1.918635e-05,1.1574547,-1.5208517,3.1407073,2.7420135,-1.5690051,0.6822024,-0.3204246,1.2680539,-0.17695807,1.2816588,0.79834557,0.76091653,0.49502844,0.24251358,0.09383631,1.1345795,-0.36599892,0.76480216,0.25204015,1.1034607,-0.36568716,0.191677,0.503696,0.52617025,0.25603586,-0.8560867,0.8400826,-0.24906515,-0.57847416,-0.8615441,0.061872415,-0.61908907,-0.24893187,0.88645864,0.9100084,0.4312572,-0.019680066,-0.90844667,-0.93921345,-0.4613743,0.7940827,-0.53200114,-0.5279652,1e-05,1.1830001,-1.541,3.14161,2.742,-1.569,0.59735465,-0.37990496,1.2030196,-0.17723706,1.1868755,0.6193913,0.8629896,0.5371974,0.42853093,0.09684846,1.1701968,-0.366,0.7422612,0.29144734,1.0611951,-0.366,0.0,0.0,0.0,0.0,0.0,0.0,0.0,0.0,0.0,1.0,0.0,0.0,0.0,0.0,0.0,0.0
2.5459953e-05,1.1574519,-1.5208495,3.1407237,2.7420137,-1.5690081,0.6301388,-0.36992538,1.1252557,-0.3137992,1.1779281,0.78239334,0.8155139,0.64129215,0.21290717,-0.012057787,0.94533104,-0.36599892,0.61024755,0.36731616,0.9610749,-0.36588183,0.20859224,0.34936216,0.13533112,0.019260827,-0.7280093,0.73934555,0.30882245,-0.2245154,-0.9723088,-0.78762555,-0.4689083,-0.44331354,0.6519202,0.89872026,-0.66525954,-0.7519988,-0.98168933,-0.97609186,-0.7708832,0.74264884,-0.90640026,-0.3697669,1e-05,1.1830001,-1.541,3.14161,2.742,-1.569,0.6612688,-0.42637083,1.0017899,-0.34024462,1.0898299,0.52764285,0.99791145,0.7231972,0.2908483,-0.05878575,0.96702564,-0.366,0.5827186,0.4451465,0.87360585,-0.366,0.0,0.0,0.0,0.0,0.0,0.0,0.0,0.0,0.0,0.0,0.0,1.0,0.0,0.0,0.0,0.0
2.609773e-05,1.1574507,-1.5208484,3.1407235,2.7420135,-1.5690106,0.7197066,-0.32967103,0.9472415,-0.36473674,1.2109716,0.749473,0.9023858,0.6965951,0.06459843,-0.17836994,0.762711,-0.36599892,0.5464617,0.41394094,0.7865576,-0.36593515,0.3473935,0.08931315,-0.16600965,-0.059254147,-0.7228688,0.82633007,0.8617645,0.50145495,-0.9944618,-0.95752513,0.4193796,-0.20006761,0.7735232,0.24483171,-0.90194714,-0.93875396,-0.98330545,-0.9952184,-0.13166834,0.14520733,-0.9812801,-0.25151727,1e-05,1.1830001,-1.54101,3.1416,2.742,-1.569,0.828105,-0.32928997,0.80926377,-0.366,1.1710211,0.48891008,1.1476643,0.77059627,0.11623281,-0.24052699,0.7766593,-0.366,0.55722785,0.4732584,0.6836316,-0.366,0.0,0.0,0.0,0.0,0.0,0.0,0.0,0.0,0.0,0.0,0.0,1.0,0.0,0.0,0.0,0.0
3.3704942e-05,1.1574526,-1.5208502,3.1407304,2.7420135,-1.5690107,0.82066077,-0.22996202,0.7160938,-0.3657775,1.2886702,0.6967454,0.94133466,0.6050233,-0.05263221,-0.30238295,0.6208509,-0.36599892,0.6286094,0.42705646,0.60780615,-0.3659461,0.66920644,0.09095958,-0.3417091,0.7801293,-0.94457376,0.5392956,0.82263535,0.38381624,-0.99889237,-0.77168965,0.83903617,-0.42875513,0.7529691,-0.3600574,-0.9803895,-0.92735946,-0.9183735,-0.71060795,0.67075974,0.06681308,-0.9951728,-0.74890846,1e-05,1.1830001,-1.54101,3.14161,2.742,-1.569,0.9932549,-0.25223613,0.608729,-0.366,1.3394636,0.40283442,1.2988282,0.69831216,-0.08058739,-0.426701,0.59228927,-0.366,0.6918877,0.4866716,0.48384356,-0.366,0.0,0.0,0.0,0.0,0.0,0.0,0.0,0.0,0.0,0.0,0.0,0.0,0.0,0.0,0.0,0.0
3.7323654e-05,1.1574527,-1.52085,3.1407301,2.7420137,-1.5690051,0.77077276,-0.1633465,0.54282755,-0.3658686,1.3779285,0.6141082,0.9554738,0.46364927,-0.21317501,-0.31229472,0.6264524,-0.36599892,0.79621524,0.38196456,0.39480436,-0.3659496,0.326932,0.5081423,-0.03965248,0.9036949,-0.3872491,0.5850272,-0.2785933,0.6491277,-0.6512367,-0.65679413,0.43696183,-0.88383317,0.3731376,-0.628886,-0.9960779,-0.35925066,0.06678425,-0.26268166,0.93415195,-0.066746704,-0.92908293,-0.9497817,1e-05,1.1830001,-1.54101,3.14161,2.742,-1.569,0.94004864,-0.12826449,0.4843546,-0.366,1.4229153,0.2340383,1.3700907,0.57820636,-0.2708202,-0.49531138,0.6050438,-0.366,0.87029374,0.4739242,0.30640554,-0.366,0.0,0.0,0.0,0.0,0.0,0.0,0.0,0.0,0.0,0.0,0.0,1.0,0.0,0.0,0.0,0.0
3.666934e-05,1.1574516,-1.5208497,3.140727,2.7420137,-1.5690106,0.67026037,-0.16982603,0.5830801,-0.3658976,1.4456043,0.51192015,0.9728278,0.42002693,-0.29559588,-0.3437395,0.7604112,-0.36599892,0.8423381,0.3216968,0.25425258,-0.36595154,0.20454249,0.19632794,0.6165742,-0.17577711,0.64537096,0.9170055,-0.8557187,0.028734915,0.6408329,-0.3723812,0.8771178,0.33228427,0.7591495,0.059263512,-0.3110122,-0.036848817,0.8099571,-0.38221794,0.5550733,-0.8023915,-0.5117041,-0.4142081,1e-05,1.1830001,-1.541,3.1416,2.7421,-1.569,0.76585364,-0.12241504,0.61480623,-0.366,1.6014664,0.30168,1.5246276,0.5902704,-0.314,-0.50281256,0.7699233,-0.366,0.98328763,0.31058475,0.20224011,-0.366,0.0,0.0,0.0,0.0,0.0,0.0,0.0,0.0,0.0,0.0,0.0,1.0,0.0,0.0,0.0,0.0
3.6631078e-05,1.157445,-1.5208403,3.1407545,2.7421045,-1.5690117,0.56924057,-0.16196474,0.72535264,-0.3659067,1.5364597,0.44443846,0.94636285,0.4610258,-0.3118259,-0.3315899,0.9407162,-0.36599892,0.7877288,0.24417911,0.30865884,-0.36595267,-0.35793293,0.01795505,0.48376852,-0.1931571,0.42231643,0.76849,-0.31951767,0.08569964,0.9281666,-0.34322777,0.88174766,0.85894275,-0.03246291,0.17986509,-0.39288342,0.15302223,0.928264,-0.84505117,-0.0107427165,-0.83290434,0.64137894,-0.68145776,0.0,1.1830001,-1.541,3.1416,2.7421,-1.569,0.7017641,-0.10522522,0.80098,-0.366,1.7783294,0.47396863,1.5181161,0.62634814,-0.314,-0.47211903,0.95611656,-0.366,0.9811328,0.14351895,0.3308893,-0.366,0.0,0.0,0.0,0.0,0.0,0.0,0.0,0.0,0.0,0.0,0.0,0.0,0.0,0.0,0.0,0.0
3.7662565e-05,1.1574295,-1.5208275,3.1407664,2.7421043,-1.5690119,0.59939533,-0.1652087,0.9020227,-0.36592796,1.5551715,0.45963427,0.9227638,0.46948144,-0.31400004,-0.30677894,1.0529118,-0.36599815,0.8331707,0.16739933,0.4361334,-0.36595622,-0.37318724,-0.3766292,0.17781758,-0.07134906,-0.05852393,-0.08154173,0.19729456,0.0026153317,0.9315251,-0.6269069,0.025289953,0.8443515,-0.79076564,-0.45596364,-0.57983696,0.5714621,0.9856528,-0.9401281,-0.33411434,-0.30856162,0.9282758,-0.5013095,0.0,1.183,-1.541,3.1416,2.742,-1.56901,0.74061507,-0.104710214,0.98441446,-0.366,1.7833095,0.64023703,1.3623997,0.5365605,-0.314,-0.35958758,1.1502098,-0.366,0.9153395,0.082757466,0.513684,-0.366,0.0,0.0,0.0,0.0,0.0,0.0,0.0,0.0,0.0,0.0,0.0,1.0,0.0,0.0,0.0,0.0
1.9499763e-05,1.1574627,-1.5208468,3.1407778,2.7420154,-1.5690132,0.644098,-0.18986325,1.0334587,-0.3659363,1.5014378,0.51630217,0.9456886,0.4058719,-0.3139944,-0.2481138,1.145204,-0.36599684,0.8188048,0.20264351,0.55495155,-0.36595753,-0.021561611,-0.33975217,0.39992267,-0.1808292,-0.21964175,-0.36398557,0.06675906,-0.061670713,0.9197206,-0.6117609,-0.42892325,0.7592176,-0.9094207,-0.84602547,-0.20733665,0.6307559,0.7970882,-0.95010984,-0.39894342,-0.036631387,0.8587101,-0.4764524,0.0,1.183,-1.541,3.1416,2.742,-1.56901,0.753686,-0.11678487,1.1644888,-0.366,1.6993295,0.78888613,1.184342,0.37091506,-0.314,-0.23609033,1.3062737,-0.366,0.83722943,0.07558531,0.68181294,-0.366,0.0,0.0,0.0,0.0,0.0,0.0,0.0,0.0,0.0,0.0,0.0,0.0,0.0,0.0,0.0,0.0
2.5806867e-05,1.1574557,-1.5208536,3.1407106,2.7420137,-1.5690106,0.6690496,-0.17410983,1.2537056,-0.36599788,1.555343,0.7348141,0.9777133,0.20301597,-0.3139576,-0.12960573,1.3368726,-0.3659981,0.8707387,0.15773812,0.77231073,-0.3659593,-0.15779746,0.2810384,0.41041124,0.047764048,-0.4396432,0.23705629,-0.22078672,-0.06442926,0.94245535,-0.3958041,-0.6627478,0.69095427,-0.9818842,-0.96920514,0.4371283,0.7951403,0.94742113,-0.990022,-0.3633173,0.06469341,0.7669556,-0.2734759,0.0,1.1830001,-1.541,3.14161,2.742,-1.569,0.70982003,-0.1295857,1.3517362,-0.366,1.5676545,0.92616516,0.9892609,0.17835304,-0.22715122,-0.078111574,1.4945077,-0.366,0.7650454,0.08843862,0.8341919,-0.366,0.0,0.0,0.0,0.0,0.0,0.0,0.0,0.0,0.0,0.0,0.0,0.0,0.0,0.0,0.0,0.0
2.9893748e-05,1.1574552,-1.5208547,3.1407173,2.742014,-1.5690109,0.73940796,-0.2402911,1.3346946,-0.3660001,1.4190521,0.83710104,0.8649706,0.06078232,-0.24619289,-0.010498258,1.4493037,-0.36599797,0.80249155,0.18184285,0.9573943,-0.3659606,0.10018091,0.69138587,0.20893222,0.6424083,-0.19952482,-0.046992984,-0.35938853,-0.118779875,0.7425617,0.037977137,-0.9325496,-0.22681426,-0.9963769,-0.69542414,0.8637369,0.434954,0.29305452,-0.99800444,-0.079258494,-0.103004664,0.95339113,-0.3674317,1e-05,1.1830001,-1.541,3.14161,2.742,-1.56901,0.6405491,-0.15248011,1.4948624,-0.35868004,1.3879087,0.8824475,0.7972127,0.044312432,-0.060668886,0.005724311,1.550993,-0.366,0.7497686,0.06858483,1.0179548,-0.366,0.0,0.0,0.0,0.0,0.0,0.0,0.0,0.0,0.0,0.0,0.0,0.0,0.0,0.0,0.0,0.0
2.7146454e-05,1.157456,-1.5208548,3.1407197,2.7420137,-1.5690107,0.805539,-0.28479058,1.4017694,-0.31743538,1.353496,0.8015395,0.7634723,0.090808555,-0.15111819,0.00999107,1.3798625,-0.36599797,0.85170346,0.16899246,1.0666997,-0.36596182,0.26208997,0.64780325,-0.10189535,0.6957887,-0.643836,0.020451065,-0.035082467,-0.20680895,0.2240541,0.37319434,-0.38963062,-0.7823735,-0.3406517,0.29607564,0.9727474,0.17996871,-0.37120515,-0.8681175,0.26483473,-0.2167463,0.5616181,-0.5446657,1e-05,1.1830001,-1.54101,3.14161,2.742,-1.569,0.6336269,-0.1932864,1.5390714,-0.2850436,1.3110292,0.7280743,0.7299974,0.102732286,0.13126774,0.04123465,1.477749,-0.366,0.8020242,0.02581776,1.1287699,-0.366,0.0,0.0,0.0,0.0,0.0,0.0,0.0,0.0,0.0,0.0,0.0,0.0,0.0,0.0,0.0,0.0
2.0388661e-05,1.1574544,-1.520852,3.140712,2.7420137,-1.5690054,0.835005,-0.3162055,1.3625051,-0.15437207,1.3474972,0.77857125,0.7687816,0.21806955,-0.01596459,0.066591665,1.2164263,-0.36599672,0.88550556,0.20687205,1.0228461,-0.36596367,0.111756966,0.7570145,-0.37966755,0.04774365,-0.5886511,0.8040902,-0.034158107,-0.43680578,-0.6801404,0.8479987,-0.0674821,-0.7062214,0.71327513,0.8241633,0.9945495,0.32657102,-0.87424105,-0.78063,0.25871634,0.3713852,-0.52436537,-0.71446157,1e-05,1.1830001,-1.54101,3.14161,2.742,-1.569,0.6265657,-0.2835835,1.3984718,-0.10974415,1.2970792,0.5820832,0.87744665,0.27310446,0.3368624,0.10874386,1.2970247,-0.366,0.85550636,0.102591015,1.0203724,-0.366,0.0,0.0,0.0,0.0,0.0,0.0,0.0,0.0,0.0,0.0,0.0,0.0,0.0,0.0,0.0,0.0
3.7992835e-05,1.157455,-1.5208546,3.1407192,2.7420127,-1.5690048,0.79211354,-0.36237806,1.2454615,-0.13752782,1.2151908,0.7689707,0.8190326,0.3684071,0.098778926,0.08613626,1.0043983,-0.3659991,0.80756164,0.26867396,0.91749096,-0.36596847,-0.39014018,0.649314,-0.29450622,-0.60501605,-0.4499337,0.9280243,0.007784013,-0.44828713,-0.9360281,-0.10287365,-0.8134964,-0.32247266,0.868566,0.96483266,0.44811133,0.0616586,-0.9748482,-0.91845024,-0.50544345,0.87427706,-0.89909273,-0.60102814,0.0,1.1830001,-1.54101,3.1416,2.742,-1.569,0.6281424,-0.37438768,1.2088717,-0.13058203,1.132299,0.51676375,1.0533817,0.46853915,0.42763096,0.121233314,1.0995613,-0.366,0.7531247,0.27968293,0.83825386,-0.366,0.0,0.0,0.0,0.0,0.0,0.0,0.0,0.0,0.0,0.0,0.0,0.0,0.0,0.0,0.0,0.0
2.6005944e-05,1.1574522,-1.5208497,3.1407216,2.7420132,-1.5690054,0.7395479,-0.33630383,1.1382228,-0.27102584,1.1701986,0.7143875,0.86687106,0.50655615,0.09543944,0.010533951,0.81772184,-0.36599886,0.67097074,0.36842185,0.7304369,-0.36597013,-0.3144548,0.15089004,-0.091430075,-0.45339987,-0.59527624,0.9856049,0.48342374,0.07554345,-0.9717196,-0.79578054,-0.2734561,-0.2529519,0.5212966,0.67573345,-0.7010149,-0.705246,-0.99496967,-0.97697204,-0.44126484,0.8129253,-0.94359344,-0.48510522,0.0,1.1830001,-1.54101,3.1416,2.742,-1.569,0.7290963,-0.35861188,1.0059465,-0.29676569,1.0751928,0.46393955,1.1622446,0.60965323,0.28123733,-0.026043892,0.89178085,-0.366,0.6609749,0.44944692,0.64120233,-0.366,0.0,0.0,0.0,0.0,0.0,0.0,0.0,0.0,0.0,0.0,0.0,0.0,0.0,0.0,0.0,0.0
2.5169042e-05,1.157452,-1.5208496,3.140721,2.7420135,-1.569009,0.7883699,-0.28777146,0.9511186,-0.35789466,1.2873195,0.60375607,1.011498,0.5921617,0.03856155,-0.14734678,0.66911054,-0.3659739,0.6703145,0.42051363,0.552477,-0.36597157,0.2941262,-0.1371235,0.102248624,-0.108807325,-0.354303,0.997121,0.5037754,0.3715412,-0.99434394,-0.621307,0.64048827,-0.28620896,0.565013,0.2629482,-0.9180537,-0.85103244,-0.99899393,-0.9649453,0.23926798,0.21103655,-0.9705112,-0.38264748,1e-05,1.183,-1.541,3.1416,2.742,-1.569,0.82763666,-0.285937,0.8114491,-0.366,1.2004747,0.407956,1.2727633,0.6610869,0.101662576,-0.19250904,0.6963739,-0.366,0.70777667,0.49072647,0.4513667,-0.366,0.0,0.0,0.0,0.0,0.0,0.0,0.0,0.0,0.0,0.0,0.0,1.0,0.0,0.0,0.0,0.0
2.9731913e-05,1.1574471,-1.5208484,3.1407225,2.7420137,-1.5690105,0.80145264,-0.24651709,0.7199736,-0.34034866,1.3258241,0.5305579,1.0906372,0.5341175,-0.0767764,-0.21712324,0.57907784,-0.365968,0.7466365,0.43202853,0.3698078,-0.3659727,0.6855654,-0.0353899,0.34244454,0.38007388,-0.5054921,0.9994242,0.020207763,0.86913997,-0.944703,-0.24559073,0.6588933,-0.4232067,0.8420799,-0.19755055,-0.98361075,-0.5000609,-0.6710414,-0.99298906,0.8478536,-0.30884048,-0.99410224,-0.06137412,1e-05,1.183,-1.541,3.14161,2.742,-1.569,0.83166623,-0.112624094,0.6230684,-0.366,1.3318629,0.32356548,1.4406801,0.6216939,-0.094476655,-0.29222488,0.5625633,-0.366,0.87684494,0.4291414,0.25313538,-0.366,0.0,0.0,0.0,0.0,0.0,0.0,0.0,0.0,0.0,0.0,0.0,1.0,0.0,0.0,0.0,0.0
3.5598718e-05,1.1574458,-1.5208489,3.1407297,2.742014,-1.5690053,0.7803384,-0.19752741,0.6542584,-0.3431783,1.4286741,0.4328629,1.1700896,0.46104416,-0.19266133,-0.20319395,0.6795145,-0.36597085,0.8576839,0.36905584,0.32005408,-0.36597323,0.33224154,0.018188786,0.36103815,-0.06522515,0.09122087,0.5839481,-0.4162701,0.76067835,0.30882764,-0.1746512,0.93177867,0.39618704,0.4967078,-0.3298565,-0.6719522,0.18242088,0.65719914,-0.9185301,0.5788256,-0.7849557,-0.08262274,-0.3874124,1e-05,1.1830001,-1.541,3.1416,2.7421,-1.569,0.7449256,0.04588291,0.6874206,-0.366,1.5260231,0.4061213,1.5441821,0.5529598,-0.23449527,-0.25421277,0.6995077,-0.366,0.9974582,0.2655756,0.2359188,-0.366,0.0,0.0,0.0,0.0,0.0,0.0,0.0,0.0,0.0,0.0,0.0,0.0,0.0,0.0,0.0,0.0
3.6274872e-05,1.1574558,-1.5208527,3.1407251,2.7420137,-1.5690107,0.81234634,-0.18878299,0.7356301,-0.36600018,1.6299143,0.44952676,1.2816458,0.3909762,-0.2873976,-0.16214475,0.868804,-0.36597434,0.89654964,0.24864084,0.41916943,-0.36597407,-0.7335517,0.013464631,-0.13824151,0.25700602,-0.21077526,-0.037579425,0.31038207,-0.052516922,0.86176556,-0.3524503,0.9285053,0.8792374,-0.5864601,-0.6961614,-0.69058585,0.4756852,0.9314399,-0.95460665,-0.23175985,-0.62207836,0.78347546,-0.43209818,0.0,1.1830001,-1.54101,3.14161,2.742,-1.56901,0.8081838,0.035179567,0.8630549,-0.366,1.7152596,0.58531654,1.4246571,0.41107687,-0.314,-0.15726455,0.8893422,-0.366,0.9502238,0.13879134,0.39559698,-0.366,0.0,0.0,0.0,0.0,0.0,0.0,0.0,0.0,0.0,0.0,0.0,0.0,0.0,0.0,0.0,0.0
3.1047806e-05,1.1574527,-1.5208528,3.140716,2.7420835,-1.5690051,0.84871954,-0.21756025,0.9023585,-0.36599863,1.6338782,0.61074317,1.2677169,0.2961699,-0.31115237,-0.07002499,1.072563,-0.36597633,0.85072607,0.16022354,0.55957484,-0.36597517,-0.9203377,-0.6610679,-0.09304297,0.4290729,-0.12604505,-0.55184907,-0.094202146,-0.5464447,0.9380419,-0.62679374,-0.42303967,0.92393917,-0.91729206,-0.67138684,-0.36072445,0.5762818,0.986288,-0.9909214,-0.26397687,-0.052276224,0.9566951,-0.18636684,0.0,1.183,-1.54101,3.14161,2.742,-1.56901,0.79023933,-0.068912074,1.0417414,-0.366,1.6346751,0.76131666,1.2499232,0.28318515,-0.314,-0.047489278,1.0772191,-0.366,0.8999391,0.1288333,0.57783675,-0.366,0.0,0.0,0.0,0.0,0.0,0.0,0.0,0.0,0.0,0.0,0.0,0.0,0.0,0.0,0.0,0.0
3.0292724e-05,1.1574538,-1.5208535,3.1407142,2.742014,-1.5690106,0.85854703,-0.23647113,1.1012672,-0.36599788,1.5356936,0.813636,1.1268427,0.17806791,-0.22134827,0.031801585,1.2632704,-0.36597732,0.79615027,0.16986193,0.7475146,-0.31006753,-0.9790716,-0.41035348,0.5299004,0.24514301,-0.12025,-0.06654589,-0.065537095,-0.44799042,0.98760843,-0.59050465,-0.58294666,0.9512383,-0.9834584,-0.6100609,0.6464091,0.49272442,0.957113,-0.9981843,-0.2837206,0.1988074,0.9821145,0.32722664,0.0,1.183,-1.541,3.14161,2.742,-1.56901,0.7771776,-0.15819807,1.2385751,-0.366,1.5184919,0.9509016,1.0539167,0.16159797,-0.18516849,0.050712362,1.267975,-0.366,0.84339267,0.16845629,0.7735755,-0.30078262,0.0,0.0,0.0,0.0,0.0,0.0,0.0,0.0,0.0,0.0,0.0,0.0,0.0,0.0,0.0,0.0
3.348595e-05,1.1574552,-1.5208544,3.140722,2.7420137,-1.5690106,0.88184714,-0.22862314,1.2690877,-0.36517748,1.3730519,0.93658245,0.9397863,0.020187587,-0.100801036,0.07858802,1.4044462,-0.36600438,0.760304,0.16064356,0.8959607,-0.27635324,-0.9958143,0.16998771,0.88591886,-0.13517828,-0.050267376,0.26223135,-0.01681257,-0.1798674,0.68228996,-0.44574943,-0.9165893,0.32391965,-0.9966917,-0.84288013,0.92128766,0.2063716,0.9713242,-0.9996369,-0.26445425,-0.07216436,0.81875,0.13807738,0.0,1.1830001,-1.541,3.1416,2.742,-1.569,0.77391005,-0.19315538,1.3711785,-0.366,1.3403523,1.0138556,0.8602092,-0.0022161752,-0.006115809,0.090820774,1.4567523,-0.366,0.7919959,0.1544311,0.9326999,-0.2739472,0.0,0.0,0.0,0.0,0.0,0.0,0.0,0.0,0.0,0.0,0.0,0.0,0.0,0.0,0.0,0.0
3.3045875e-05,1.1574564,-1.5208548,3.140726,2.7420137,-1.5690109,0.9069545,-0.2215838,1.3352066,-0.33986863,1.261155,0.92119837,0.7864641,0.05039561,0.069992475,0.113976024,1.3975862,-0.36600354,0.7544288,0.15653124,1.0054563,-0.29924658,-0.1719351,0.36835584,0.96494377,0.07678594,0.2577751,0.13017537,0.01038494,0.046598226,0.073726416,0.18992013,-0.65880126,-0.7343729,-0.6827506,0.34440127,0.9842576,0.16789283,-0.09195219,-0.81427574,0.05125426,-0.12376155,0.52231693,-0.15558231,0.0,1.1830001,-1.541,3.14161,2.7421,-1.569,0.77591795,-0.18414564,1.3854334,-0.3292791,1.2129736,0.87186515,0.72819996,0.06437352,0.18418957,0.123282716,1.4389734,-0.366,0.8019059,0.13050191,1.0336895,-0.30402893,0.0,0.0,0.0,0.0,0.0,0.0,0.0,0.0,0.0,1.0,0.0,0.0,0.0,0.0,0.0,0.0
2.238044e-05,1.1574525,-1.5208492,3.1407413,2.7421043,-1.5690114,0.9409921,-0.22611208,1.3030705,-0.19282994,1.2936444,0.8121,0.76348466,0.2188695,0.26023215,0.15305293,1.2476032,-0.36599725,0.8265369,0.159527,1.02012,-0.357884,0.5397118,0.34406483,0.79604113,-0.015578684,-0.07467438,0.460165,0.16848132,-0.03693278,-0.5339974,0.82765514,0.18391977,-0.88286,0.20680885,0.8688803,0.99685156,0.19934863,-0.8183904,-0.8269301,0.36206672,0.050527245,-0.02927626,-0.3344323,1e-05,1.1830001,-1.541,3.1416,2.742,-1.569,0.8108612,-0.19180554,1.2746818,-0.15762246,1.2511188,0.68875897,0.77109236,0.2445803,0.39093775,0.16462785,1.2692384,-0.366,0.8769989,0.14098132,1.0276176,-0.366,0.0,0.0,0.0,0.0,0.0,0.0,0.0,0.0,0.0,0.0,0.0,0.0,0.0,0.0,0.0,0.0
2.908384e-05,1.1574553,-1.5208538,3.1407247,2.7420137,-1.5690093,0.87102485,-0.25096753,1.1914281,-0.12569378,1.2337439,0.81707895,0.77343124,0.3605435,0.31022516,0.16776536,1.0604188,-0.36599725,0.75405115,0.22718982,0.9236319,-0.36396745,0.45690918,0.82580435,0.8566983,-0.6386631,-0.19610903,0.892033,-0.21242896,-0.4208425,-0.9067995,0.17726721,-0.35236043,-0.17915332,0.84136176,0.9737761,0.31561092,0.11126708,-0.93980724,-0.96538603,-0.6540515,0.72090393,-0.794381,-0.57056737,1e-05,1.1830001,-1.541,3.1416,2.742,-1.569,0.7696389,-0.27347088,1.0987155,-0.123223394,1.1827425,0.6539939,0.9343603,0.43354353,0.45218268,0.18621945,1.0868669,-0.366,0.75007886,0.2808742,0.8734663,-0.366,0.0,0.0,0.0,0.0,0.0,0.0,0.0,0.0,0.0,0.0,0.0,0.0,0.0,0.0,0.0,0.0
2.9984489e-05,1.1574539,-1.520851,3.1407282,2.7420137,-1.5690054,0.8298103,-0.25692275,1.0183207,-0.23153232,1.1743606,0.7676402,0.85722923,0.5151454,0.23939258,0.06155206,0.8640178,-0.36599532,0.62468934,0.3313682,0.7634184,-0.36587524,0.29803512,0.7757799,0.546592,-0.47758192,-0.46440786,0.7245892,0.3824314,-0.024078935,-0.9813599,-0.6369268,-0.22557586,-0.38457048,0.82576245,0.84774184,-0.5949899,-0.7356827,-0.9481376,-0.9930772,-0.7004323,0.6462605,-0.9211559,-0.3186752,1e-05,1.1830001,-1.541,3.1416,2.742,-1.569,0.8497351,-0.27851397,0.8931801,-0.25662097,1.135498,0.5734497,1.1073076,0.6110941,0.32756835,0.03213848,0.88828945,-0.366,0.60338074,0.41622663,0.68053997,-0.366,0.0,0.0,0.0,0.0,0.0,0.0,0.0,0.0,0.0,0.0,0.0,1.0,0.0,0.0,0.0,0.0
2.7011181e-05,1.1574514,-1.5208492,3.1407232,2.7420137,-1.5690106,0.8976213,-0.18395402,0.8024503,-0.35089397,1.2852124,0.69805384,0.98583347,0.6049725,0.07654513,-0.12319355,0.65900725,-0.36599532,0.585215,0.38510108,0.5789369,-0.3659529,0.31242213,0.2296707,0.10119584,0.086054966,-0.606361,0.81200427,0.65106523,0.53231335,-0.99627197,-0.81899434,0.63128155,-0.44950783,0.60336316,0.30236596,-0.918998,-0.9471366,-0.98962754,-0.94140244,-0.09304899,0.1460853,-0.98423123,-0.3739256,1e-05,1.1830001,-1.541,3.14161,2.742,-1.569,0.97687083,-0.17456731,0.6986346,-0.366,1.2587706,0.4856727,1.2251284,0.6701382,0.14811245,-0.15281214,0.6950415,-0.366,0.58521074,0.4447532,0.48834574,-0.366,0.0,0.0,0.0,0.0,0.0,0.0,0.0,0.0,0.0,0.0,0.0,0.0,0.0,0.0,0.0,0.0
2.494411e-05,1.15745,-1.5208482,3.1407194,2.742014,-1.5690109,0.9339876,-0.124612726,0.5699739,-0.36372036,1.41465,0.6137541,1.1382581,0.52944106,-0.020704508,-0.19105287,0.5945966,-0.36599532,0.683815,0.38982606,0.40005803,-0.36596623,0.3900046,0.061969943,-0.29438886,0.76518947,-0.9173134,0.5669085,0.24607542,0.37101364,-0.9992544,-0.5420803,0.6406882,-0.866051,0.92067266,-0.41103575,-0.98379964,-0.4767102,-0.5648911,-0.7431991,0.74524343,-0.12224759,-0.9713766,-0.7925563,1e-05,1.1830001,-1.54101,3.14161,2.742,-1.569,1.0247843,-0.10232709,0.5040694,-0.366,1.3835193,0.31704357,1.404393,0.59010524,-0.043443576,-0.24563257,0.5850513,-0.366,0.73031735,0.42095032,0.2992086,-0.366,0.0,0.0,0.0,0.0,0.0,0.0,0.0,0.0,0.0,0.0,0.0,0.0,0.0,0.0,0.0,0.0
3.185612e-05,1.1574543,-1.5208541,3.1407163,2.7420137,-1.5690105,0.8852846,-0.026928948,0.5893432,-0.36581528,1.4795831,0.60402954,1.1952574,0.43917438,-0.17868705,-0.19115835,0.69153094,-0.36599532,0.78759307,0.2979734,0.24859647,-0.36596745,-0.023352914,0.359208,0.39461893,0.3044466,0.06566633,0.2669751,-0.74684614,0.6683283,0.5407697,-0.58074397,0.7928271,0.22857675,0.4514566,-0.34250864,-0.9538627,0.12382732,0.65126854,-0.5583387,0.87755364,-0.82177484,-0.4875392,-0.7839265,0.0,1.1830001,-1.541,3.14161,2.7421,-1.569,0.87445915,0.03219402,0.6129155,-0.366,1.5430995,0.3630515,1.4952621,0.52116513,-0.23543705,-0.22070861,0.7161386,-0.366,0.9069513,0.2555435,0.20107673,-0.366,0.0,0.0,0.0,0.0,0.0,0.0,0.0,0.0,0.0,0.0,0.0,0.0,0.0,0.0,0.0,0.0
2.4189294e-05,1.1574501,-1.5208501,3.1407077,2.7420137,-1.5690104,0.8427067,-0.015927412,0.74525553,-0.36449638,1.6365848,0.6192798,1.1739272,0.42158622,-0.28627527,-0.19662686,0.8737551,-0.36599535,0.8489293,0.27142042,0.28864452,-0.36596793,-0.78610796,0.2862885,0.24342781,0.17584492,0.32952884,0.17821942,-0.2509104,0.1127316,0.90815395,-0.49677154,0.9210075,0.84571534,-0.553594,-0.13925748,-0.76731867,-0.12165411,0.9152697,-0.68696404,0.24836373,-0.732187,0.70014,-0.698757,0.0,1.1830001,-1.541,3.14161,2.7421,-1.569,0.82363635,0.05502821,0.7968654,-0.366,1.7296529,0.5343542,1.3831297,0.49295804,-0.314,-0.2453501,0.9015298,-0.366,0.9572583,0.107236385,0.34289262,-0.366,0.0,0.0,0.0,0.0,0.0,0.0,0.0,0.0,0.0,0.0,0.0,0.0,0.0,0.0,0.0,0.0
2.762421e-05,1.1574576,-1.5208555,3.1407108,2.7420137,-1.5690106,0.82813907,-0.052134555,0.94102836,-0.36593416,1.6722851,0.7273617,1.1635263,0.4206722,-0.31108513,-0.18580964,1.0715466,-0.36599535,0.9317542,0.24360241,0.4390514,-0.36598572,-0.6946299,-0.085819244,-0.083213985,0.36523646,0.2049362,-0.20681195,-0.10883231,-0.09004143,0.96821034,-0.5092711,-0.22083375,0.9386931,-0.9107188,-0.27808928,-0.45776492,0.15417585,0.9568474,-0.90697813,0.07748656,-0.16718896,0.940028,-0.6301554,0.0,1.183,-1.54101,3.14161,2.7421,-1.56901,0.8012923,0.036542043,0.9956461,-0.366,1.6843141,0.7270748,1.1961524,0.43586427,-0.314,-0.21369666,1.0979776,-0.366,0.9731668,0.07291126,0.53588724,-0.366,0.0,0.0,0.0,0.0,0.0,0.0,0.0,0.0,0.0,0.0,0.0,0.0,0.0,0.0,0.0,0.0
2.5788147e-05,1.1574544,-1.5208539,3.1407075,2.7420137,-1.5690107,0.7538456,-0.095055975,1.1377081,-0.36595818,1.5657147,0.85644937,1.0772777,0.31318226,-0.25968784,-0.13480535,1.2671365,-0.36599535,0.93591005,0.2515723,0.58574367,-0.36598554,-0.865926,0.033739552,0.12800086,0.0066088587,0.029402591,0.07120563,-0.25402144,-0.22900485,0.9936421,-0.7356336,-0.8304703,0.96559227,-0.98214376,-0.7922144,0.39582187,0.4520298,0.9759625,-0.98139566,-0.3018365,0.12345421,0.98800564,-0.2555152,0.0,1.1830001,-1.541,3.14161,2.7421,-1.569,0.7529286,-0.0070587024,1.1848278,-0.366,1.526199,0.9109161,1.0091599,0.2850328,-0.2386386,-0.12763369,1.2837933,-0.366,0.9156995,0.09641599,0.72399586,-0.366,0.0,0.0,0.0,0.0,0.0,0.0,0.0,0.0,0.0,0.0,0.0,0.0,0.0,0.0,0.0,0.0
3.110076e-05,1.1574631,-1.520862,3.140697,2.7420132,-1.5690047,0.6914104,-0.12118184,1.3213001,-0.3651944,1.4479176,0.9627459,1.0081301,0.178021,-0.15921767,-0.04623529,1.4337717,-0.36600012,0.89970917,0.22587833,0.7690257,-0.3659869,-0.7604254,0.44775155,0.36512655,0.08550229,-0.19861057,-0.037169073,-0.22822149,-0.13450354,0.9488617,-0.36210638,-0.9660941,0.25874564,-0.9964288,-0.93122447,0.8791644,0.5405361,0.9567764,-0.9962791,-0.32924324,0.04743598,0.91787523,-0.24593517,0.0,1.1830001,-1.541,3.14161,2.742,-1.56901,0.70543957,-0.035046633,1.38227,-0.366,1.325171,0.9647567,0.8018198,0.09126061,-0.05569923,-0.015157193,1.4828825,-0.366,0.8471895,0.10628662,0.9149903,-0.366,0.0,0.0,0.0,0.0,0.0,0.0,0.0,0.0,0.0,1.0,0.0,1.0,0.0,0.0,0.0,0.0
3.0635838e-05,1.1574541,-1.5208544,3.1407187,2.7420137,-1.5690109,0.70970625,-0.16139066,1.4289675,-0.33231562,1.346933,0.9728935,0.84852606,0.17978418,-0.029737309,-0.01002901,1.3483357,-0.36600167,0.88978535,0.21136406,0.9098332,-0.3659852,0.22683133,0.24732241,0.36172292,0.54643637,-0.1820965,-0.36597887,-0.25453326,-0.1645785,0.3354579,0.1997464,-0.37980396,-0.5383872,-0.6849699,0.3215903,0.9758329,0.14677253,-0.39208138,-0.72218114,0.04678511,0.082877725,0.47216094,-0.48920077,1e-05,1.1830001,-1.541,3.14161,2.742,-1.56901,0.65459496,-0.06792223,1.4492798,-0.3260994,1.2493027,0.8572105,0.66499275,0.15550031,0.13922955,0.014161546,1.4045618,-0.366,0.8565351,0.12284197,1.0093074,-0.366,0.0,0.0,0.0,0.0,0.0,0.0,0.0,0.0,0.0,1.0,0.0,0.0,0.0,0.0,0.0,0.0
1.3156484e-05,1.157464,-1.5208485,3.14077,2.7420151,-1.5690131,0.7206706,-0.20153782,1.3996248,-0.19577298,1.3389555,0.83751297,0.7292214,0.3006539,0.13943028,0.020132009,1.2142291,-0.36600202,0.9489102,0.21825458,0.9515832,-0.3659852,0.42743933,0.3014407,0.25563174,0.55421346,-0.64557236,-0.13981196,-0.05154576,-0.20359337,-0.3770173,0.76519793,0.31948295,-0.79079705,0.28648633,0.8643181,0.948834,0.081135504,-0.74184734,-0.69446963,0.22845459,0.14299397,-0.08470552,-0.64019024,1e-05,1.1830001,-1.541,3.14161,2.742,-1.56901,0.6442418,-0.10881457,1.3735547,-0.17240712,1.3134718,0.6983766,0.72253436,0.32910115,0.32980567,0.030457852,1.2555596,-0.366,0.9024209,0.15156274,0.992294,-0.366,0.0,0.0,0.0,0.0,0.0,0.0,0.0,0.0,0.0,1.0,0.0,0.0,0.0,0.0,0.0,0.0
2.6811567e-05,1.1574639,-1.5208586,3.1407104,2.7420132,-1.5690048,0.64218456,-0.2412364,1.2826693,-0.13710733,1.3142821,0.7787624,0.76931876,0.47198424,0.2520613,0.021425888,1.0186063,-0.36600444,0.85528666,0.23760912,0.8995158,-0.3659852,0.4110782,0.42743412,0.12844755,0.12171528,-0.8482616,0.3186001,-0.24078488,-0.6076075,-0.8552785,0.18983766,-0.260157,-0.5613186,0.8368539,0.9728636,0.55452627,0.0042947764,-0.9483695,-0.9388939,-0.41992402,0.6089522,-0.7503701,-0.6959335,1e-05,1.1830001,-1.541,3.14161,2.742,-1.569,0.5952526,-0.23243627,1.1995428,-0.13378341,1.2605412,0.58417267,0.89279777,0.5270366,0.44262767,0.03133165,1.0626076,-0.366,0.8169846,0.27545804,0.8396263,-0.366,0.0,0.0,0.0,0.0,0.0,0.0,0.0,0.0,0.0,1.0,0.0,0.0,0.0,0.0,0.0,0.0
2.8885624e-05,1.1574423,-1.5208457,3.1407218,2.7421033,-1.5690051,0.5826503,-0.3044018,1.1210335,-0.2611782,1.2329338,0.76762515,0.82850164,0.6415026,0.2584512,-0.0173166,0.82987577,-0.3659985,0.66114503,0.36812985,0.73884845,-0.3659852,0.5194449,0.12285237,-0.39314526,-0.33070013,-0.8300665,0.62858534,0.13737717,-0.55981684,-0.95688045,-0.73647237,-0.4676572,-0.44122475,0.68504065,0.99457276,-0.56210876,-0.33671188,-0.9896739,-0.7722497,-0.8765593,0.9129808,-0.950074,-0.7440388,1e-05,1.1830001,-1.54101,3.1416,2.742,-1.569,0.6237063,-0.34838605,1.0013528,-0.28632224,1.1636796,0.49278578,1.0346841,0.7330334,0.32620317,-0.03840843,0.8576255,-0.366,0.6354308,0.46455547,0.6428461,-0.366,0.0,0.0,0.0,0.0,0.0,1.0,0.0,0.0,0.0,0.0,0.0,0.0,0.0,0.0,0.0,0.0
2.2692388e-05,1.1574433,-1.5208452,3.1407168,2.7421033,-1.5690053,0.6391684,-0.30975318,0.9367859,-0.35586753,1.2578768,0.7519681,0.94010514,0.7193817,0.1440178,-0.16394962,0.6568606,-0.3659985,0.61871177,0.42475072,0.534637,-0.3659852,0.5511023,-0.15047215,-0.44478986,-0.14318904,-0.9110542,0.64469695,0.6713971,0.09625497,-0.9913761,-0.9211783,0.29200792,-0.31898597,0.7863611,0.30787832,-0.91242176,-0.8661962,-0.99363935,-0.95444995,-0.05157493,0.0957954,-0.9900148,-0.4356008,1e-05,1.183,-1.54101,3.1416,2.742,-1.569,0.75713414,-0.32925713,0.804335,-0.366,1.2217108,0.42939317,1.1909589,0.7942186,0.14487608,-0.21054904,0.6601579,-0.366,0.62518126,0.48359305,0.4460988,-0.366,0.0,0.0,0.0,0.0,0.0,1.0,0.0,0.0,0.0,0.0,0.0,1.0,0.0,0.0,0.0,0.0
2.6544687e-05,1.1574475,-1.5208474,3.1407194,2.7420137,-1.5690051,0.7570206,-0.26588336,0.7462783,-0.3644964,1.3144089,0.65042406,1.0412787,0.6813917,-0.008078893,-0.27698177,0.4992866,-0.3659985,0.64726704,0.42452767,0.33990112,-0.3659852,0.43641546,-0.15905428,-0.4877341,0.39241356,-0.9822109,0.74902505,0.6223812,0.41778433,-0.9982752,-0.69758534,0.748313,-0.37255725,0.9269589,-0.28887868,-0.94914925,-0.84238285,-0.9252409,-0.8307788,0.5624574,-0.13826631,-0.99460983,-0.50466824,1e-05,1.183,-1.54101,3.14161,2.742,-1.569,0.8823911,-0.24517618,0.60342765,-0.366,1.3723121,0.35441437,1.3775134,0.73608047,-0.046144426,-0.38008234,0.47394907,-0.366,0.7383783,0.45576635,0.24592915,-0.366,0.0,0.0,0.0,0.0,0.0,0.0,0.0,0.0,0.0,0.0,0.0,1.0,0.0,0.0,0.0,0.0
3.0455349e-05,1.1574463,-1.5208472,3.1407213,2.7420142,-1.5690106,0.6977591,-0.18674013,0.55336714,-0.36580014,1.3838147,0.5958532,1.136699,0.56512636,-0.1810799,-0.27226782,0.52730846,-0.3659985,0.72231966,0.41108286,0.18055058,-0.3659852,0.023365267,0.13878724,0.029718019,0.85766417,-0.3727495,0.89602876,-0.48460674,0.5774146,-0.57187206,-0.13965522,0.32374102,-0.8082532,0.5355238,-0.6863918,-0.9898299,-0.089460164,0.24428089,-0.69184977,0.88700986,-0.23919168,-0.7300113,-0.8648036,1e-05,1.1830001,-1.541,3.14161,2.742,-1.569,0.7873463,-0.13192922,0.49126774,-0.366,1.4358066,0.19589357,1.4825444,0.6014601,-0.24027742,-0.39762795,0.5218593,-0.366,0.9123454,0.40885425,0.10275376,-0.366,0.0,0.0,0.0,0.0,0.0,0.0,0.0,0.0,0.0,0.0,0.0,0.0,0.0,0.0,0.0,0.0
9.556045e-06,1.1574429,-1.5208343,3.1406975,2.7420142,-1.5690107,0.5762608,-0.17138572,0.5685524,-0.36587545,1.5014863,0.5465541,1.206498,0.43551654,-0.28720847,-0.25187162,0.6652747,-0.3659985,0.8009405,0.366811,0.20061456,-0.3659852,-0.79532695,0.71294343,0.029172251,-0.048125446,0.44989556,0.5257961,-0.7699562,0.31302112,0.661334,-0.43052408,0.86474824,0.63834935,-0.08253611,-0.7173889,-0.5429424,0.34226316,0.8488562,-0.65465194,0.19227625,-0.81403834,0.29651213,-0.5907433,0.0,1.1830001,-1.541,3.1416,2.7421,-1.569,0.6387231,-0.07150732,0.61892384,-0.366,1.6027274,0.319113,1.4666126,0.46298382,-0.314,-0.3315615,0.68571246,-0.366,0.94946015,0.25172192,0.15998895,-0.366,0.0,0.0,0.0,0.0,0.0,0.0,0.0,0.0,0.0,0.0,0.0,0.0,0.0,0.0,0.0,0.0
2.9039751e-05,1.1574492,-1.5208497,3.1407115,2.742014,-1.5690105,0.5390598,-0.15661387,0.7133208,-0.36588967,1.6916015,0.5096867,1.275554,0.39589703,-0.31112075,-0.2528379,0.85165596,-0.3659985,0.8338405,0.22702344,0.2977201,-0.3659852,-0.95906544,-0.2814622,-0.2587158,-0.10575909,-0.06114377,0.72649074,0.0035186708,0.105097435,0.93226683,-0.4917203,0.9060625,0.9152194,-0.34695795,-0.2772154,-0.4563085,0.022210192,0.94877744,-0.8968967,-0.4747954,-0.75993764,0.85618806,-0.7221261,0.0,1.183,-1.54101,3.1416,2.742,-1.569,0.6394039,-0.051172733,0.7993018,-0.366,1.7780353,0.49619257,1.399482,0.4093473,-0.314,-0.32726422,0.8692849,-0.366,0.8575952,0.10468677,0.32564694,-0.366,0.0,0.0,0.0,0.0,0.0,0.0,0.0,0.0,0.0,0.0,0.0,0.0,0.0,0.0,0.0,0.0
2.8520493e-05,1.1574502,-1.5208505,3.1407135,2.7420137,-1.5690093,0.5382738,-0.18307237,0.9025884,-0.36591136,1.6437328,0.58598506,1.2801096,0.3494683,-0.31351703,-0.22976552,1.0432286,-0.3659985,0.8562321,0.14520481,0.4625021,-0.3659852,-0.6207242,-0.65457,-0.3020584,0.06932854,-0.14634956,-0.009129152,-0.1607576,-0.16931903,0.96261966,-0.8667176,-0.6187875,0.93307334,-0.81676525,-0.37725878,-0.4231643,0.25152314,0.9897555,-0.96198833,-0.2853505,-0.22634505,0.88799417,-0.4476971,0.0,1.183,-1.54101,3.14161,2.742,-1.56901,0.6066027,-0.08572076,0.99571574,-0.366,1.6517773,0.68657786,1.2328284,0.33237103,-0.314,-0.27594316,1.0712357,-0.366,0.799372,0.058503088,0.5068342,-0.366,0.0,0.0,0.0,0.0,0.0,0.0,0.0,0.0,0.0,0.0,0.0,0.0,0.0,0.0,0.0,0.0
2.7740334e-05,1.1574503,-1.5208491,3.1407182,2.7420137,-1.569011,0.5077003,-0.18158887,1.0651056,-0.365917,1.5199246,0.75547177,1.1366562,0.25186145,-0.27558768,-0.18511365,1.2529067,-0.3659985,0.7947044,0.14649312,0.64547783,-0.3659852,-0.5670339,-0.23858187,-0.13012227,-0.07943176,-0.27998897,0.43177202,-0.20502302,-0.10420023,0.95042557,-0.7361339,-0.7903971,0.97647965,-0.96335304,-0.5163736,0.26289627,0.40758583,0.99768984,-0.97075236,-0.29223153,0.036821973,0.97759885,-0.07931908,0.0,1.183,-1.54101,3.1416,2.742,-1.569,0.5648155,-0.10695856,1.1894288,-0.366,1.4906808,0.88560116,1.0364804,0.22712523,-0.26041722,-0.19287017,1.274582,-0.366,0.7398102,0.06600804,0.7060856,-0.366,0.0,0.0,0.0,0.0,0.0,0.0,0.0,0.0,0.0,0.0,0.0,0.0,0.0,0.0,0.0,0.0
2.6918033e-05,1.1574574,-1.5208554,3.1406958,2.7420127,-1.5690043,0.4844057,-0.18833259,1.2444495,-0.36593395,1.3753891,0.86595005,0.9916464,0.1373321,-0.20329824,-0.098909006,1.3832959,-0.36600152,0.7688261,0.12949981,0.8520953,-0.3659852,-0.30222338,0.13671403,-0.07940533,0.15193337,-0.23414806,0.1661045,-0.21397233,-0.10701227,0.7840458,-0.1991074,-0.95163405,0.15815908,-0.99267066,-0.7021185,0.85257924,0.54224795,0.87599534,-0.9729314,-0.247055,-0.026426924,0.96018875,-0.265944,0.0,1.1830001,-1.54101,3.14161,2.742,-1.569,0.52014416,-0.12929967,1.3531153,-0.366,1.2920067,0.9186203,0.829239,0.08054286,-0.08242294,-0.07966423,1.4574649,-0.366,0.6882322,0.06049085,0.9065457,-0.366,0.0,0.0,0.0,0.0,0.0,0.0,0.0,0.0,0.0,0.0,0.0,0.0,0.0,0.0,0.0,0.0
2.5798783e-05,1.1574526,-1.5208507,3.140718,2.7420137,-1.5690106,0.4847713,-0.2193716,1.3176303,-0.29047367,1.281893,0.84015965,0.7963593,0.15373884,-0.06561366,-0.0023098208,1.3380827,-0.36600322,0.7921929,0.12342636,1.000592,-0.36387938,0.49857065,0.1688334,0.11955691,0.6838886,-0.09154979,-0.15593037,-0.092577875,-0.085934855,0.16975869,0.46711716,-0.44086933,-0.7016753,-0.59355295,0.4239323,0.97051585,0.56620157,-0.21817248,-0.6886518,0.032114074,-0.13468516,0.4706564,-0.3929337,1e-05,1.1830001,-1.541,3.14161,2.742,-1.56901,0.5018532,-0.14627813,1.3866551,-0.27371,1.2049026,0.7799878,0.71196866,0.16430068,0.10932532,0.03220222,1.4143598,-0.366,0.6945771,0.03388063,0.99953496,-0.366,0.0,0.0,0.0,0.0,0.0,0.0,0.0,0.0,0.0,1.0,0.0,0.0,0.0,0.0,0.0,0.0
1.4719319e-05,1.1574507,-1.5208428,3.1407497,2.7420194,-1.569012,0.54419297,-0.2465816,1.2860018,-0.15249832,1.3310807,0.76295704,0.7818144,0.31310716,0.10535164,0.08287985,1.2280061,-0.36600116,0.8406184,0.14769031,1.0198431,-0.3657601,0.63373375,0.14336555,-0.05729908,0.81645536,-0.728826,-0.084526986,0.101071686,-0.20011199,-0.13178366,0.8273395,0.35287538,-0.91219574,0.46455485,0.8847865,0.9905537,0.4385206,-0.67518425,-0.504956,0.42631838,0.2259273,-0.084623374,-0.6919859,1e-05,1.1830001,-1.54101,3.14161,2.742,-1.56901,0.52176005,-0.18569165,1.3606993,-0.11075945,1.274404,0.60032415,0.80346614,0.33856586,0.3044221,0.118572064,1.2813773,-0.366,0.7785436,0.07837866,0.9828678,-0.366,0.0,0.0,0.0,0.0,0.0,0.0,0.0,0.0,0.0,1.0,0.0,0.0,0.0,0.0,0.0,0.0
2.2175762e-05,1.1574472,-1.5208459,3.1407216,2.7421033,-1.5690109,0.529991,-0.27701053,1.2419019,-0.13282849,1.2250937,0.75981987,0.8187389,0.4487618,0.20602691,0.127429,1.0587103,-0.36599925,0.71796817,0.21842977,0.8926315,-0.36588115,0.37930602,0.34989372,0.0301015,0.1900133,-0.9037339,0.6792394,-0.15120794,-0.6486246,-0.8138799,-0.11243318,-0.69407123,-0.3217247,0.86976665,0.91477567,0.26945347,0.21801549,-0.9350369,-0.87316245,-0.43969238,0.84518546,-0.8169247,-0.8981937,1e-05,1.1830001,-1.541,3.14161,2.742,-1.569,0.49171394,-0.3145781,1.1989754,-0.13310075,1.136487,0.53639513,0.9762951,0.5203384,0.3579645,0.16189334,1.0955787,-0.366,0.6911735,0.24632317,0.8205389,-0.366,0.0,0.0,0.0,0.0,0.0,0.0,0.0,0.0,0.0,1.0,0.0,0.0,0.0,0.0,0.0,0.0
2.6801701e-05,1.1574506,-1.5208478,3.1407247,2.7420135,-1.5690054,0.48507917,-0.3433271,1.1111714,-0.2725361,1.1596792,0.710068,0.8932873,0.5889051,0.18763019,0.080526605,0.87224853,-0.36599857,0.576097,0.3357515,0.7038832,-0.36591062,0.718179,0.26482233,-0.09274265,-0.1276755,-0.93406975,0.77005655,0.46442285,-0.3933781,-0.9611594,-0.80529594,-0.2802283,-0.4203916,0.6043119,0.72629935,-0.5095017,-0.51037925,-0.95970887,-0.9389018,-0.5849763,0.78216034,-0.963385,-0.6940495,1e-05,1.1830001,-1.54101,3.1416,2.742,-1.569,0.58789706,-0.39604768,0.9999169,-0.29987955,1.078451,0.449331,1.1014496,0.6707568,0.2524454,0.05619251,0.89682055,-0.366,0.5700234,0.40831053,0.6210194,-0.366,0.0,0.0,0.0,0.0,0.0,0.0,0.0,0.0,0.0,1.0,0.0,1.0,0.0,0.0,0.0,0.0
2.8048897e-05,1.1574444,-1.520845,3.1407237,2.7421036,-1.5690051,0.56511915,-0.3485877,0.94071674,-0.3582858,1.2521634,0.6951125,0.9847927,0.6300898,0.054675166,-0.06850287,0.70299983,-0.36599857,0.5426663,0.3838041,0.5217734,-0.36594567,0.9254366,-0.10876781,-0.35783398,0.33021817,-0.8154813,0.8264556,0.72494674,0.15039337,-0.9922319,-0.8812828,0.67067474,-0.25937498,0.6969254,0.16013864,-0.8794413,-0.9020759,-0.9410815,-0.92229736,-0.1071219,0.10715987,-0.99267703,-0.4215138,1e-05,1.183,-1.54101,3.14161,2.742,-1.569,0.72969633,-0.3666308,0.8058368,-0.366,1.2096348,0.39859736,1.2377679,0.7020799,0.080427065,-0.12025314,0.7127454,-0.366,0.5490704,0.42927095,0.42685223,-0.366,0.0,0.0,0.0,0.0,0.0,0.0,0.0,0.0,0.0,0.0,0.0,1.0,0.0,0.0,0.0,0.0
8.340005e-06,1.1574451,-1.5208343,3.1407056,2.742014,-1.5690109,0.70892155,-0.2961126,0.74415565,-0.36488634,1.3773983,0.6247568,1.1211351,0.58291113,-0.0899321,-0.23120885,0.56303126,-0.36599857,0.57946074,0.40612328,0.32102168,-0.36595708,0.693774,0.07371778,-0.41216332,0.8367883,-0.96309626,0.8577109,0.7371949,0.4333443,-0.9984464,-0.88451874,0.8470026,-0.52531904,0.8733027,-0.366975,-0.97588825,-0.9540889,-0.83125883,-0.8671956,0.50335705,0.07649024,-0.9884114,-0.8460939,1e-05,1.1830001,-1.54101,3.14161,2.742,-1.569,0.8766153,-0.28026766,0.6068519,-0.366,1.3784378,0.29390416,1.4118124,0.6289438,-0.11406213,-0.31039786,0.5470801,-0.366,0.6493867,0.44451505,0.22986723,-0.366,0.0,0.0,0.0,0.0,0.0,0.0,0.0,0.0,0.0,0.0,0.0,0.0,0.0,0.0,0.0,0.0
2.7949056e-05,1.1574478,-1.5208473,3.140718,2.7420137,-1.5690107,0.6914119,-0.17580098,0.5907224,-0.3658342,1.4833943,0.5854221,1.2029301,0.4514921,-0.2540483,-0.23025768,0.5918032,-0.36599857,0.6686557,0.338085,0.11334605,-0.36595875,0.13982122,0.35291663,0.4146568,0.64452964,-0.4753319,0.78402776,-0.45966905,0.876977,-0.31150955,-0.625769,0.8973181,-0.3798446,0.3688079,-0.7511598,-0.9951777,-0.2340366,0.21498127,-0.71611273,0.9006714,-0.43828064,-0.9820615,-0.8085384,1e-05,1.1830001,-1.541,3.14161,2.742,-1.569,0.78257275,-0.10084912,0.5431209,-0.366,1.5620178,0.21619269,1.487266,0.47526592,-0.314,-0.3582788,0.5910626,-0.366,0.8336528,0.35484833,0.028949738,-0.366,0.0,0.0,0.0,0.0,0.0,0.0,0.0,0.0,0.0,0.0,0.0,0.0,0.0,0.0,0.0,0.0
1.9883282e-05,1.1574469,-1.5208459,3.140706,2.7420228,-1.5690054,0.6247535,-0.13345876,0.64176726,-0.3658934,1.6583954,0.5275364,1.2421038,0.35734442,-0.307923,-0.25319755,0.736728,-0.36599857,0.78594184,0.2819182,0.10848411,-0.36595985,-0.681818,0.40892786,0.23417702,0.11829362,0.07821396,0.6689626,-0.61367595,0.4102273,0.69935733,-0.64280546,0.97946364,0.6993535,-0.14823876,-0.4164928,-0.5847088,-0.021727439,0.84299624,-0.8308565,0.3630929,-0.8067046,0.53822637,-0.6115972,0.0,1.1830001,-1.541,3.14161,2.7421,-1.569,0.65839297,-0.017837994,0.6846387,-0.366,1.7602161,0.35770965,1.4572692,0.39098695,-0.314,-0.36267546,0.7616463,-0.366,0.90712607,0.19160844,0.137862,-0.366,0.0,0.0,0.0,0.0,0.0,0.0,0.0,0.0,0.0,0.0,0.0,0.0,0.0,0.0,0.0,0.0
1.8942339e-05,1.1574503,-1.5208474,3.140708,2.7420142,-1.569011,0.5804641,-0.15639015,0.78691685,-0.3659055,1.7014543,0.50507265,1.226009,0.3357704,-0.31302437,-0.26597267,0.93511885,-0.36599857,0.7978729,0.23440608,0.20811355,-0.36596072,-0.93636364,-0.28386027,-0.53812414,0.10129755,-0.2734499,0.21470074,-0.10695528,-0.035908,0.9398715,-0.6335304,0.4737743,0.9398707,-0.8296478,-0.24759698,-0.7061617,-0.0044848076,0.96859926,-0.93821067,-0.13900828,-0.51157624,0.88680136,-0.6124287,0.0,1.183,-1.54101,3.14161,2.742,-1.569,0.63787335,-0.024727017,0.86495495,-0.366,1.8511107,0.53802574,1.2980996,0.34348497,-0.314,-0.36353588,0.947474,-0.366,0.88045704,0.09346151,0.30799663,-0.366,0.0,0.0,0.0,0.0,0.0,0.0,0.0,0.0,0.0,0.0,0.0,0.0,0.0,0.0,0.0,0.0
4.9875875e-05,1.1574479,-1.520841,3.1407325,2.7420137,-1.5690104,0.55109394,-0.17060035,0.9700367,-0.36591816,1.6761018,0.59799623,1.1887078,0.31841886,-0.31371847,-0.24637726,1.1209912,-0.36599857,0.8161624,0.15314034,0.40970778,-0.36596406,-0.7576803,-0.29742098,-0.2366013,0.046440747,-0.19588602,0.1655757,-0.22124046,-0.24745941,0.9705775,-0.6665979,-0.70524514,0.97927034,-0.96592957,-0.29631495,-0.3191207,0.31087452,0.9937199,-0.98764217,-0.29275525,-0.067089334,0.9773603,-0.18574578,0.0,1.183,-1.54101,3.14161,2.742,-1.569,0.59367335,-0.074165106,1.0588595,-0.366,1.710215,0.73366696,1.1051236,0.28428638,-0.314,-0.30142856,1.1460019,-0.366,0.8219696,0.08005823,0.50325626,-0.366,0.0,0.0,0.0,0.0,0.0,0.0,0.0,0.0,0.0,0.0,0.0,0.0,0.0,0.0,0.0,0.0
2.6717364e-05,1.1574517,-1.5208509,3.1407115,2.7420135,-1.5690109,0.5058293,-0.1924865,1.1273841,-0.365933,1.5569316,0.7459064,1.0600809,0.26400822,-0.25148642,-0.19378403,1.3208355,-0.36599857,0.7629737,0.14475533,0.6380586,-0.36596552,-0.590079,-0.12254791,-0.15343972,-0.059748624,-0.27555552,0.570795,-0.36609218,-0.11450977,0.9127496,-0.5892682,-0.93190503,0.8004674,-0.99318594,-0.28287005,0.434809,0.45281366,0.9722412,-0.98236275,-0.51981723,-0.020228874,0.9954721,-0.07178824,0.0,1.183,-1.54101,3.1416,2.742,-1.569,0.5202635,-0.09712693,1.2418866,-0.366,1.5233467,0.894179,0.9059671,0.22756445,-0.22681086,-0.21062905,1.3409586,-0.366,0.7177344,0.07600188,0.7028712,-0.366,0.0,0.0,0.0,0.0,0.0,0.0,0.0,0.0,0.0,0.0,0.0,0.0,0.0,0.0,0.0,0.0
3.3265685e-05,1.1574482,-1.5208488,3.1407242,2.742015,-1.5690109,0.42363375,-0.2054503,1.2760277,-0.36595833,1.3605161,0.8424927,0.8094612,0.18366235,-0.16783218,-0.13631944,1.3558993,-0.36600426,0.7157327,0.11520682,0.85195595,-0.3657612,0.014180489,0.18744399,-0.03154946,0.5535097,-0.25231043,0.114598416,-0.43708855,-0.112248614,0.7369002,-0.14014745,-0.98638105,-0.007996798,-0.9986372,-0.23564304,0.72681856,0.45656627,0.3466136,-0.98191273,-0.4081642,-0.17670627,0.9433307,-0.30036834,1e-05,1.1830001,-1.54101,3.14161,2.742,-1.569,0.42891172,-0.12058696,1.3958992,-0.366,1.3171924,0.8925077,0.6972513,0.17831491,-0.07490532,-0.115206406,1.413401,-0.366,0.6324278,0.03907016,0.90002793,-0.366,0.0,0.0,0.0,0.0,0.0,0.0,0.0,0.0,0.0,0.0,0.0,0.0,0.0,0.0,0.0,0.0
2.694854e-05,1.1574497,-1.5208504,3.1407187,2.7420135,-1.5690054,0.43935898,-0.23497225,1.3328521,-0.29868612,1.3447802,0.81422997,0.7014505,0.28449625,-0.0478199,-0.03596283,1.3276579,-0.36600378,0.7389914,0.09615273,0.97368807,-0.36593282,0.5834019,0.074070856,-0.15924057,0.8840533,-0.5570406,-0.07452353,0.11300846,-0.052833084,0.2312567,0.4567923,-0.05938077,-0.8015994,-0.09206598,0.6600331,0.91731775,0.5337042,-0.13424112,-0.65625274,0.2257128,-0.12789325,0.37392002,-0.46365067,1e-05,1.1830001,-1.54101,3.14161,2.742,-1.56901,0.4506086,-0.13073058,1.440299,-0.27829877,1.3057917,0.7386057,0.6795752,0.30503708,0.10121387,-0.012738571,1.3876276,-0.366,0.67576325,0.014515463,0.9718182,-0.366,0.0,0.0,0.0,0.0,0.0,0.0,0.0,0.0,0.0,0.0,0.0,0.0,0.0,0.0,0.0,0.0
1.9081066e-05,1.1574554,-1.5208498,3.1407092,2.7421033,-1.5690107,0.5135177,-0.24973285,1.294644,-0.14663637,1.3505361,0.7445564,0.7780361,0.4655793,0.12741406,0.0651932,1.2069982,-0.36600575,0.7532186,0.14885752,0.99559677,-0.3659454,0.7395737,0.55571306,-0.33903956,0.54931116,-0.73103064,0.23127264,0.06979206,-0.46488553,-0.6193093,0.8913585,-0.14427371,-0.87099016,0.741655,0.91812843,0.9834636,0.56322753,-0.69641244,-0.49827898,0.22761354,0.5778174,-0.09937372,-0.45508847,1e-05,1.1830001,-1.54101,3.14161,2.742,-1.569,0.46476194,-0.2250061,1.3147075,-0.09753755,1.2765341,0.561975,0.82997763,0.49122706,0.30065337,0.10148001,1.2464001,-0.366,0.7219217,0.13169275,0.95166594,-0.366,0.0,0.0,0.0,0.0,0.0,0.0,0.0,0.0,0.0,1.0,0.0,0.0,0.0,0.0,0.0,0.0
1.9550796e-05,1.1574582,-1.5208496,3.1407113,2.7420132,-1.569005,0.4608239,-0.30923432,1.2031996,-0.16282013,1.207304,0.7506349,0.8370797,0.6161361,0.17900313,0.10367067,1.0362586,-0.3659878,0.6500325,0.26672304,0.8590988,-0.365967,0.6423528,0.57183987,-0.29169703,-0.15039179,-0.732294,0.52542686,0.06372538,-0.75288355,-0.92386186,-0.358119,-0.82885474,-0.39574438,0.9233055,0.9836257,0.1325615,0.1304225,-0.90919006,-0.7244135,-0.4781762,0.91556346,-0.81335765,-0.74937546,1e-05,1.1830001,-1.54101,3.1416,2.742,-1.569,0.47778824,-0.37890518,1.1258583,-0.17074168,1.1071055,0.48107976,1.0187131,0.6922928,0.32775065,0.12814005,1.06055,-0.366,0.6241763,0.3188457,0.78540516,-0.366,0.0,0.0,0.0,0.0,0.0,0.0,0.0,0.0,0.0,0.0,0.0,0.0,0.0,0.0,0.0,0.0
2.9766883e-05,1.1574526,-1.5208492,3.140727,2.742014,-1.5690107,0.5029574,-0.36063415,1.0606445,-0.30333635,1.1985914,0.71105945,0.92565066,0.65592074,0.13042898,0.030687697,0.85873276,-0.36598805,0.6112374,0.34739438,0.6838825,-0.36597,0.5475662,0.6137575,-0.21848266,-0.3507395,-0.9464588,0.7350854,0.7389503,-0.19239533,-0.9847724,-0.81668323,0.11351174,-0.2728227,0.6754455,0.13342807,-0.6446052,-0.6892195,-0.98183805,-0.9384918,-0.0134054795,0.47261673,-0.9626715,-0.38121897,1e-05,1.1830001,-1.54101,3.1416,2.742,-1.569,0.62003887,-0.41594198,0.936286,-0.3279562,1.1289569,0.42856038,1.1487389,0.7179782,0.20366177,-0.0045372397,0.8715426,-0.366,0.62159574,0.40982616,0.60008734,-0.366,0.0,0.0,0.0,0.0,0.0,1.0,0.0,0.0,0.0,0.0,0.0,0.0,0.0,0.0,0.0,0.0
3.069049e-05,1.1574473,-1.5208466,3.1407266,2.7420137,-1.5690107,0.64707553,-0.35510108,0.8756376,-0.3625952,1.2949567,0.6471564,1.0334027,0.5754088,-0.0021774576,-0.15253511,0.66043705,-0.36598817,0.69384545,0.40107366,0.48769718,-0.36597216,0.5048861,0.53153783,-0.20839345,0.07528646,-0.9872378,0.6186457,0.9477901,0.15384993,-0.956832,-0.9474556,0.7980728,-0.34993115,0.79254454,-0.40760297,-0.9009931,-0.91104805,-0.99636763,-0.98585314,0.4970331,0.20347625,-0.99253434,-0.38847637,1e-05,1.1830001,-1.54101,3.14161,2.742,-1.569,0.81555027,-0.3842056,0.73890936,-0.366,1.2935845,0.3563761,1.312226,0.6338973,0.017803699,-0.19246946,0.6660105,-0.366,0.7241244,0.4517995,0.39534602,-0.366,0.0,0.0,0.0,0.0,0.0,1.0,0.0,0.0,0.0,0.0,0.0,0.0,0.0,0.0,0.0,0.0
2.0362344e-05,1.1574494,-1.5208465,3.1407132,2.742014,-1.5690109,0.7081298,-0.2596965,0.723213,-0.36505768,1.4351693,0.5122745,1.2498107,0.4932124,-0.13651773,-0.20299259,0.60068834,-0.3659935,0.863584,0.3350505,0.2837825,-0.36597332,0.7500089,0.3541907,0.26421282,0.51305413,-0.76055694,0.5800575,-0.19974427,0.83077,-0.6829498,-0.832307,0.73730564,-0.3740656,0.8064449,-0.5755471,-0.96186125,-0.3935658,-0.42080903,-0.8126508,0.8972465,-0.43070048,-0.9897664,-0.51586473,1e-05,1.1830001,-1.541,3.14161,2.742,-1.569,0.775187,-0.21632802,0.6009025,-0.366,1.4425752,0.28078693,1.4751881,0.5175938,-0.1765641,-0.27199915,0.58097565,-0.366,0.90543514,0.36476585,0.19533929,-0.366,0.0,0.0,0.0,0.0,0.0,1.0,0.0,0.0,0.0,0.0,0.0,0.0,0.0,0.0,0.0,0.0
3.1015134e-05,1.1574514,-1.520851,3.14072,2.7420137,-1.5690101,0.6974083,-0.1294263,0.71328634,-0.3659183,1.5529969,0.4599961,1.3215053,0.44222498,-0.25406042,-0.1973421,0.6986011,-0.36599907,0.91187155,0.21808325,0.2877562,-0.36597556,-0.28384316,0.25940397,-0.09831468,0.24786502,-0.20824465,0.66277844,-0.21193065,0.74384916,0.66341007,-0.69648826,0.86767924,0.7251869,-0.16238016,-0.26735127,-0.45169008,0.09738618,0.6825919,-0.8028185,0.20285498,-0.85116047,0.6020467,-0.26324552,0.0,1.1830001,-1.54101,3.14161,2.742,-1.569,0.73131454,-0.062341273,0.73823726,-0.366,1.6221964,0.43091035,1.4415733,0.4622485,-0.27007002,-0.2518389,0.72228134,-0.366,0.9474288,0.18856423,0.31997102,-0.366,0.0,0.0,0.0,0.0,0.0,0.0,0.0,0.0,0.0,0.0,0.0,0.0,0.0,0.0,0.0,0.0
3.678982e-05,1.1574532,-1.5208579,3.1406815,2.7421007,-1.5690033,0.67433333,-0.12596886,0.85361624,-0.36599663,1.6786908,0.51075596,1.2978176,0.42439207,-0.30347866,-0.19565974,0.8944924,-0.3659947,0.908146,0.14910573,0.45797092,-0.36597654,-0.85676867,-0.30359343,-0.3771559,0.447656,0.26608568,0.40553927,-0.19926071,-6.6310167e-06,0.9051238,-0.5325268,0.47979233,0.9360243,-0.832476,-0.23950063,-0.33197075,0.11395955,0.93651843,-0.9605637,-0.30171567,-0.405276,0.8877425,-0.45371985,0.0,1.183,-1.54101,3.14161,2.7421,-1.569,0.6900266,-0.062342647,0.92578405,-0.366,1.7216121,0.6248599,1.2690794,0.4126226,-0.314,-0.22822583,0.9163333,-0.366,0.8849116,0.10458873,0.5039163,-0.366,0.0,0.0,0.0,0.0,0.0,0.0,0.0,0.0,0.0,0.0,0.0,0.0,0.0,0.0,0.0,0.0
3.072911e-05,1.1574513,-1.5208553,3.1406837,2.7420468,-1.5690037,0.6575045,-0.13260193,1.051839,-0.3655976,1.5992845,0.6720867,1.150541,0.2942083,-0.30606148,-0.1694991,1.0533674,-0.3660025,0.88745785,0.14960383,0.65328467,-0.36597702,-0.5084904,-0.5615125,0.145313,0.32424313,0.50861734,0.38048407,-0.2846604,-0.10434784,0.96071374,-0.6735159,-0.65872073,0.91794515,-0.9664952,-0.69839865,0.2650769,0.32629097,0.98730373,-0.95555997,-0.28247753,-0.08717804,0.97754854,-0.040251005,0.0,1.183,-1.541,3.14161,2.7421,-1.569,0.63352585,-0.0830541,1.116471,-0.366,1.5908661,0.80705804,1.0772449,0.27400112,-0.26138628,-0.16346204,1.112298,-0.366,0.82884413,0.08728522,0.6979448,-0.366,0.0,0.0,0.0,0.0,0.0,0.0,0.0,0.0,0.0,0.0,0.0,0.0,0.0,0.0,0.0,0.0
2.1626e-05,1.1574519,-1.5208532,3.1406763,2.742012,-1.5690037,0.68807155,-0.16574496,1.2133752,-0.36599764,1.4395094,0.83646953,0.95590806,0.10652633,-0.29084256,-0.07834673,1.1765141,-0.36600706,0.9097352,0.12880251,0.8387871,-0.35326403,-0.63817906,-0.20069702,0.35235068,-0.07675759,0.10272183,0.3089768,-0.05114476,-0.08235281,0.9376974,-0.7080556,-0.8638082,0.6678864,-0.99329907,-0.93967974,0.8177247,0.60978067,0.9974608,-0.9459703,-0.2317947,-0.002388848,0.9252917,0.071064614,0.0,1.183,-1.541,3.1416,2.7421,-1.569,0.6229735,-0.1000454,1.3099397,-0.366,1.4126425,0.9448585,0.87230426,0.080123395,-0.09267071,-0.037650153,1.3180974,-0.366,0.7810195,0.08679234,0.88885397,-0.35133773,0.0,0.0,0.0,0.0,0.0,0.0,0.0,0.0,0.0,1.0,0.0,0.0,0.0,0.0,0.0,0.0
2.3080403e-05,1.1574483,-1.5208527,3.140685,2.7421026,-1.5690039,0.7636419,-0.18552524,1.3280278,-0.36599803,1.3410354,0.84502625,0.758025,0.045234613,-0.16171576,0.0034142695,1.1732444,-0.3660046,0.97089875,0.1285511,0.96360403,-0.36293128,-0.14405425,0.01992524,-0.044752814,0.5078706,-0.26935983,-0.4338964,0.53316426,-0.18461592,0.7141185,-0.2196852,-0.5582585,-0.6519146,-0.99865985,-0.18397649,0.96354496,0.4851981,-0.09521678,-0.46725255,0.3663462,-0.05032393,0.48280376,-0.50640243,0.0,1.1830001,-1.54101,3.14161,2.742,-1.56901,0.72760934,-0.13627708,1.4500886,-0.366,1.3030818,0.8169174,0.6763129,0.044017203,0.0964292,0.057572097,1.2994107,-0.366,0.85291654,0.076916054,0.98360634,-0.366,0.0,0.0,0.0,0.0,0.0,0.0,0.0,0.0,0.0,1.0,0.0,0.0,0.0,0.0,0.0,0.0
3.5117442e-05,1.1574608,-1.5208632,3.1406977,2.7420125,-1.5690039,0.8551347,-0.2168681,1.3923204,-0.30010092,1.4048684,0.7421544,0.7074448,0.15680677,0.021265449,0.03996059,1.0597569,-0.36599848,1.0682774,0.12125728,1.0010525,-0.36406094,0.48136586,-0.20950878,-0.49975196,0.5873034,-0.853872,0.18040375,0.4957763,-0.13399844,0.29811144,0.4491997,0.4697117,-0.93038297,0.15356654,0.65734076,0.99270904,0.13892315,-0.79052293,-0.4629197,0.68484366,-0.1261854,-0.009736203,-0.7447986,1e-05,1.183,-1.54101,3.14161,2.742,-1.569,0.82855475,-0.16356061,1.5107874,-0.27453807,1.3987201,0.62748134,0.70758075,0.17785889,0.2985555,0.08585835,1.1384517,-0.366,0.9923581,0.051223338,0.98162395,-0.366,0.0,0.0,0.0,0.0,0.0,0.0,0.0,0.0,0.0,0.0,0.0,0.0,0.0,0.0,0.0,0.0
2.8308374e-05,1.1574627,-1.5208615,3.1406991,2.7420125,-1.5690043,0.8622852,-0.2599962,1.3477196,-0.26363474,1.3918612,0.64140546,0.81837136,0.34221262,0.17931959,0.07336584,0.84942365,-0.36599842,1.0726049,0.16376993,0.9298931,-0.36560336,0.034607153,0.210925,-0.5115683,0.060709216,-0.8898137,0.7887771,-0.38742584,-0.57678884,-0.7403777,0.117158145,-0.18645832,-0.4155056,0.83003324,0.9127869,0.9673818,0.12555538,-0.9581046,-0.891528,-0.27876946,0.439768,-0.6998316,-0.755685,1e-05,1.1830001,-1.54101,3.14161,2.742,-1.569,0.7472234,-0.28464448,1.3553617,-0.24994335,1.3595774,0.54025525,0.8818276,0.369478,0.50163555,0.112215884,0.93731916,-0.366,0.9338367,0.14354275,0.83471,-0.366,0.0,0.0,0.0,0.0,0.0,0.0,0.0,0.0,0.0,0.0,0.0,0.0,0.0,0.0,0.0,0.0
2.5484374e-05,1.1574528,-1.5208522,3.1407125,2.7420135,-1.5690048,0.7743695,-0.3048347,1.2516738,-0.34754437,1.2678157,0.6228667,0.89160633,0.49395666,0.24721476,0.07650617,0.69665396,-0.36599842,0.84586245,0.25297415,0.7387447,-0.36582837,-0.23570532,0.07446355,-0.19342494,-0.3707051,-0.60433966,0.7055595,-0.29489434,-0.4191149,-0.94807553,-0.76890075,-0.75761265,-0.27682406,0.87565386,0.9825574,-0.2803964,-0.17392398,-0.96022516,-0.9095897,-0.80782473,0.8464346,-0.9180701,-0.7691563,0.0,1.1830001,-1.54101,3.1416,2.742,-1.569,0.6877054,-0.36923367,1.1640134,-0.366,1.2066699,0.48438436,1.0585592,0.56778574,0.44504368,0.07711314,0.7435187,-0.366,0.7707949,0.31437707,0.64941764,-0.366,0.0,0.0,0.0,0.0,0.0,0.0,0.0,0.0,0.0,0.0,0.0,0.0,0.0,0.0,0.0,0.0
3.115672e-05,1.1574521,-1.5208496,3.1407287,2.7420137,-1.5690106,0.7367803,-0.30259237,1.0914394,-0.36286804,1.2507606,0.6190018,0.8979331,0.584942,0.1832682,-0.03308564,0.5325593,-0.36599842,0.65245706,0.3506936,0.5240462,-0.36587957,-0.007178046,-0.1173577,-0.0989716,-0.5820624,-0.34222046,0.9221556,0.16661131,0.12916538,-0.9774755,-0.75391525,0.08950707,-0.23436505,0.5560854,0.59795386,-0.8385631,-0.800625,-0.99204504,-0.9382413,-0.684013,0.4759944,-0.983614,-0.59636784,0.0,1.183,-1.54101,3.1416,2.742,-1.569,0.72135454,-0.34314716,0.9666004,-0.366,1.224747,0.4370515,1.1708673,0.6885497,0.2756858,-0.08458273,0.5431633,-0.366,0.63265026,0.41050988,0.45076495,-0.366,0.0,0.0,0.0,0.0,0.0,0.0,0.0,0.0,0.0,0.0,0.0,0.0,0.0,0.0,0.0,0.0
3.1064756e-05,1.1574504,-1.5208488,3.1407259,2.742014,-1.5690107,0.74329334,-0.22590353,0.8849312,-0.36573,1.341276,0.554085,1.0140541,0.6002619,0.013284776,-0.21018384,0.35101017,-0.36599842,0.70405006,0.32978043,0.35370094,-0.3659499,0.50639945,-0.45686415,-0.05511076,-0.26968133,-0.4415998,0.77133137,0.1675578,0.5581669,-0.99149007,-0.15227136,0.750776,-0.45364347,0.9099006,-0.05763291,-0.9652676,-0.82789075,-0.9343305,-0.9370166,0.48157895,-0.49177253,-0.9967228,-0.19626136,1e-05,1.183,-1.54101,3.1416,2.742,-1.569,0.75322556,-0.23697874,0.77801,-0.366,1.3675513,0.3507644,1.3439387,0.6775874,0.09208311,-0.24205507,0.36544514,-0.366,0.724251,0.3169703,0.2611792,-0.366,0.0,0.0,0.0,0.0,0.0,0.0,0.0,0.0,0.0,0.0,0.0,0.0,0.0,0.0,0.0,0.0
3.6553884e-05,1.1574498,-1.5208545,3.1406982,2.742012,-1.5690037,0.65262765,-0.11303652,0.7667968,-0.3659968,1.41943,0.47958088,1.0643463,0.5354568,-0.0737781,-0.20425569,0.37532705,-0.36599842,0.7778119,0.23836772,0.18369459,-0.36595273,0.63113374,-0.5219993,0.594432,0.39250734,-0.76411533,0.62743974,-0.3955781,0.9106583,-0.26908034,-0.115034826,0.7511282,-0.458146,0.7238766,-0.25434434,-0.97175884,-0.03785427,0.07349113,-0.952515,0.88916814,-0.82302177,-0.9253876,-0.19328144,1e-05,1.183,-1.541,3.14161,2.742,-1.569,0.67636114,-0.06002958,0.7257253,-0.366,1.5135024,0.26174247,1.4845945,0.62816596,-0.09673843,-0.2494105,0.37972513,-0.366,0.8970244,0.1570497,0.081368014,-0.366,0.0,0.0,0.0,0.0,0.0,1.0,0.0,0.0,0.0,0.0,0.0,1.0,0.0,0.0,0.0,0.0
2.6890973e-05,1.1574495,-1.5208479,3.1407228,2.742014,-1.569011,0.62171495,-0.12290654,0.8133191,-0.36024716,1.5426322,0.3979773,1.1446811,0.4875645,-0.2007397,-0.19905816,0.504111,-0.36599845,0.7838343,0.1970028,0.1833173,-0.36595413,-0.41563216,-0.2225709,0.400235,0.11962874,-0.26690271,0.40867335,0.060149305,0.3410589,0.68030256,-0.44920337,0.9221683,0.7083708,0.18236652,-0.42733976,-0.7773996,0.18617763,0.7901586,-0.9810396,0.10780289,-0.4302032,0.4734224,-0.4763456,0.0,1.183,-1.541,3.14161,2.742,-1.569,0.6878504,0.005117014,0.85567176,-0.366,1.6896483,0.39705032,1.5194287,0.54653865,-0.24523164,-0.2138482,0.5306555,-0.366,0.9176161,0.074875414,0.17179772,-0.366,0.0,0.0,0.0,0.0,0.0,0.0,0.0,0.0,0.0,0.0,0.0,0.0,0.0,0.0,0.0,0.0
3.9480918e-05,1.1574471,-1.5208462,3.1407292,2.7420137,-1.5690053,0.57557833,-0.10971477,0.94842756,-0.3659971,1.6235056,0.33729905,1.1993979,0.39692095,-0.29017088,-0.16887732,0.6868428,-0.3659985,0.77697957,0.18013932,0.2739325,-0.36595517,-0.8429311,-0.36377248,-0.28625455,0.19538526,-0.27560148,-0.130646,0.3995617,-0.11871315,0.8915805,-0.8239612,0.4376307,0.9144268,-0.69644415,-0.88546795,-0.8492263,0.15498209,0.919261,-0.9891206,-0.090438336,-0.27157122,0.8946845,-0.5522586,0.0,1.183,-1.54101,3.14161,2.742,-1.56901,0.76650864,-0.018253012,1.0311894,-0.366,1.7758008,0.5770656,1.3823258,0.37222427,-0.314,-0.18333822,0.7116224,-0.366,0.89981234,0.02141355,0.3479265,-0.366,0.0,0.0,0.0,0.0,0.0,0.0,0.0,0.0,0.0,0.0,0.0,0.0,0.0,0.0,0.0,0.0
3.2946275e-05,1.1574502,-1.5208509,3.1407142,2.7420132,-1.5690049,0.5762194,-0.12215111,1.1348838,-0.3653235,1.5528102,0.32021523,1.2558776,0.37840626,-0.31142825,-0.12866725,0.8984347,-0.3659985,0.7582502,0.19624709,0.43977696,-0.3659562,-0.6959598,-0.8012454,-0.1757888,0.003365077,0.12644574,-0.18746339,-0.22522137,-0.15281963,0.93653643,-0.8106785,-0.5271465,0.98288536,-0.93928885,-0.42967692,-0.40556642,0.2987396,0.9415289,-0.99782413,-0.196454,0.01607475,0.95232254,-0.47010198,0.0,1.183,-1.54101,3.14161,2.7421,-1.56901,0.71959054,-0.050088383,1.2262886,-0.366,1.6659857,0.7818202,1.1866533,0.282714,-0.314,-0.12110482,0.90776163,-0.366,0.8588871,0.02476224,0.54631424,-0.366,0.0,0.0,0.0,0.0,0.0,0.0,0.0,0.0,0.0,0.0,0.0,0.0,0.0,0.0,0.0,0.0
1.7247909e-05,1.1574482,-1.520845,3.140704,2.7420135,-1.5690106,0.6067212,-0.15362184,1.3410686,-0.36359987,1.5289983,0.6189177,1.0815866,0.24094403,-0.2571993,-0.062856875,1.1066679,-0.36599854,0.7524327,0.18327557,0.6661321,-0.365958,-0.6777912,-0.5756482,0.0013543256,0.12782508,0.31678542,0.3316574,-0.42277497,-0.09568924,0.9797789,-0.8919972,-0.6305845,0.9965771,-0.9878578,-0.3420144,0.37888372,0.35230765,0.9883058,-0.97751194,-0.3823328,0.12819314,0.9904645,-0.32053715,0.0,1.183,-1.541,3.14161,2.7421,-1.569,0.63118005,-0.07009887,1.4311794,-0.366,1.5341182,0.9902239,0.980073,0.21119213,-0.23476803,-0.047430426,1.1144357,-0.366,0.7789338,0.051569924,0.75343966,-0.366,0.0,0.0,0.0,0.0,0.0,0.0,0.0,0.0,0.0,0.0,0.0,0.0,0.0,0.0,0.0,0.0
2.426226e-05,1.1574522,-1.5208505,3.140716,2.742014,-1.5690111,0.6521328,-0.19058381,1.5255252,-0.36590865,1.4164004,0.82914287,0.8695535,0.084118955,-0.14446779,0.008330745,1.2682902,-0.36600086,0.7289908,0.15604222,0.87000483,-0.36596,-0.29409066,0.2520484,0.31510627,0.46753153,0.29149687,-0.37682143,-0.37117767,-0.026545787,0.8803376,-0.7836261,-0.7237859,-0.048875213,-0.9975716,-0.74247783,0.87577677,0.44660515,0.9976612,-0.6584324,-0.0744002,-0.06358659,0.97275174,-0.22765703,0.0,1.1830001,-1.541,3.14161,2.7421,-1.56901,0.5584825,-0.075298026,1.6035991,-0.366,1.3923601,0.9806514,0.7846923,0.06577316,-0.063241616,0.040040016,1.3098339,-0.366,0.7643621,0.03911609,0.94395924,-0.366,0.0,0.0,0.0,0.0,0.0,0.0,0.0,0.0,0.0,1.0,0.0,0.0,0.0,0.0,0.0,0.0
2.5897149e-05,1.1574546,-1.5208529,3.1407177,2.7420259,-1.5690107,0.7163853,-0.22956431,1.6268836,-0.36338377,1.3356807,0.84868723,0.69222903,0.09005023,-0.0010361638,0.055693917,1.2614759,-0.3660049,0.7806273,0.14877838,0.9827125,-0.36597732,0.15625136,0.54309,-0.05381871,0.8935063,0.060085613,-0.6504389,0.32430965,-0.19728543,0.5800484,-0.40805584,-0.5625967,-0.80977505,-0.8474565,0.16986959,0.9062589,0.3410102,0.019475684,-0.36094028,0.35209286,-0.08928353,0.3614232,-0.5615581,1e-05,1.1830001,-1.54101,3.14161,2.7421,-1.56901,0.6205583,-0.11306025,1.7146256,-0.366,1.2846739,0.8256531,0.6224814,0.09828775,0.11022456,0.10531247,1.3135617,-0.366,0.8317559,0.022026408,1.0131389,-0.366,1.0,0.0,0.0,0.0,0.0,0.0,0.0,0.0,0.0,0.0,0.0,0.0,0.0,0.0,0.0,0.0
2.3341641e-05,1.1574563,-1.5208538,3.1407158,2.7420137,-1.5690109,0.8010598,-0.23823625,1.6372428,-0.23663725,1.3945069,0.77716285,0.704709,0.24277022,0.16813071,0.0999885,1.1836301,-0.36599854,0.8633199,0.16632767,0.9806388,-0.3659778,0.38413915,0.48098284,-0.3524931,0.3926977,-0.5215127,0.45456028,0.28326494,-0.20076376,-0.18522179,0.71838886,0.38826728,-0.7159675,0.5605145,0.83397394,0.9812518,0.20464647,-0.45718586,-0.6189153,0.40490577,0.14191481,-0.23297217,-0.6406209,1e-05,1.1830001,-1.54101,3.14161,2.742,-1.569,0.6781232,-0.15385929,1.676985,-0.22000964,1.3635772,0.6801548,0.7363887,0.2677672,0.30963367,0.14690055,1.2206528,-0.366,0.91404045,0.050866216,0.9657945,-0.366,0.0,0.0,0.0,0.0,0.0,0.0,0.0,0.0,0.0,0.0,0.0,0.0,0.0,0.0,0.0,0.0
3.3305787e-05,1.1574556,-1.5208539,3.1407275,2.7420137,-1.5690054,0.75108427,-0.26335484,1.5696574,-0.16125385,1.3205832,0.725238,0.778784,0.39950228,0.27069205,0.13262624,0.9920563,-0.36599854,0.8510427,0.20786785,0.8747383,-0.3659788,0.20311499,0.8961966,-0.3018985,-0.4577073,-0.77394605,0.8054543,-0.32578558,-0.574643,-0.8354392,0.27293533,-0.565155,-0.43272084,0.85959655,0.94264877,0.6884768,-0.008036427,-0.8914372,-0.88284314,-0.41384143,0.82838297,-0.81085896,-0.6850414,1e-05,1.1830001,-1.54101,3.1416,2.742,-1.569,0.61176944,-0.27089852,1.5068287,-0.1644201,1.2484704,0.5920213,0.9114653,0.45975924,0.44985777,0.14526375,1.0390911,-0.366,0.82975215,0.21958543,0.80064446,-0.366,0.0,0.0,0.0,0.0,0.0,0.0,0.0,0.0,0.0,0.0,0.0,1.0,0.0,0.0,0.0,0.0
2.8475131e-05,1.1574503,-1.5208489,3.1407263,2.7420187,-1.5690109,0.6514581,-0.3067369,1.4333682,-0.2223619,1.2030953,0.7203516,0.8610789,0.56774116,0.24688242,0.05102018,0.8128997,-0.36599854,0.6790577,0.33388114,0.68689,-0.36597946,0.40519974,0.31475705,0.13983488,-0.5061881,-0.53238034,0.9480153,-0.12341629,-0.37190887,-0.96708786,-0.4085666,-0.62222964,-0.36308002,0.70481706,0.9345449,-0.5759204,-0.607529,-0.97828746,-0.9501898,-0.87458324,0.9656766,-0.9621718,-0.60088176,1e-05,1.1830001,-1.541,3.1416,2.742,-1.569,0.58673084,-0.3463511,1.3106267,-0.24730974,1.122233,0.5183599,1.0544579,0.6493589,0.33301553,0.022008784,0.840617,-0.366,0.65231746,0.41550106,0.6054399,-0.366,0.0,0.0,0.0,0.0,0.0,0.0,0.0,0.0,0.0,0.0,0.0,1.0,0.0,0.0,0.0,0.0
2.9892812e-05,1.15745,-1.5208485,3.1407251,2.7420137,-1.5690109,0.67841804,-0.2896193,1.2466652,-0.34708282,1.2717544,0.6686658,0.9986875,0.67110944,0.10539379,-0.1306585,0.61488503,-0.36599854,0.6330183,0.41382217,0.49054834,-0.3659805,0.55488145,0.23862052,-0.17205322,-0.11759198,-0.43147913,0.98960304,0.62752986,0.23397428,-0.9934176,-0.7668792,0.51261944,-0.30495277,0.57450074,0.2854424,-0.9151841,-0.9215058,-0.98067725,-0.990038,-0.088205665,0.3177731,-0.9618064,-0.533673,1e-05,1.1830001,-1.54101,3.1416,2.742,-1.569,0.7180099,-0.29740372,1.1028041,-0.366,1.2294729,0.45456386,1.1746433,0.7090734,0.14155929,-0.17076996,0.6354596,-0.366,0.6338649,0.4819791,0.4042303,-0.366,0.0,0.0,0.0,0.0,0.0,0.0,0.0,0.0,0.0,0.0,0.0,1.0,0.0,0.0,0.0,0.0
2.1673195e-05,1.1574478,-1.5208458,3.1407146,2.7420137,-1.5690051,0.6819112,-0.252479,1.0373936,-0.36299294,1.3687891,0.59186816,1.0766817,0.5671396,-0.024996564,-0.21694781,0.53345966,-0.36599854,0.6995537,0.4186948,0.3065312,-0.3659816,0.5791749,0.1533306,-0.09282854,0.14131719,-0.88629586,0.89087236,0.37854135,0.53040797,-0.9986836,-0.40029854,0.86329556,-0.5398124,0.8399432,-0.47811246,-0.9830368,-0.7049514,-0.6122709,-0.95684505,0.63329077,-0.34211913,-0.9721723,-0.47575706,1e-05,1.1830001,-1.54101,3.14161,2.742,-1.569,0.7940303,-0.19088472,0.9022438,-0.366,1.402844,0.3461562,1.3433245,0.61305666,-0.055858746,-0.31234157,0.5125005,-0.366,0.7610453,0.41327316,0.20899412,-0.366,0.0,0.0,0.0,0.0,0.0,0.0,0.0,0.0,0.0,0.0,0.0,1.0,0.0,0.0,0.0,0.0
1.7503471e-05,1.1574503,-1.520845,3.1407084,2.7420137,-1.5690058,0.67788476,-0.31542537,0.8921959,-0.3481806,1.5009234,0.44835582,1.1645114,0.40433484,-0.19550331,-0.19729777,0.62864697,-0.36599854,0.80876625,0.3636346,0.1651295,-0.36598182,0.127855,0.44681865,0.54409885,0.045788396,-0.6933092,0.5141598,-0.37106335,0.9060816,0.01307261,-0.42525202,0.90895844,-0.10091198,0.46536005,-0.8412025,-0.99115574,0.293055,0.6409652,-0.991369,0.67130435,-0.8299634,-0.43742368,-0.4601893,1e-05,1.1830001,-1.541,3.14161,2.742,-1.569,0.71726924,-0.003445536,0.9049481,-0.366,1.5908782,0.32528076,1.4395926,0.43903887,-0.26089704,-0.2517179,0.64509565,-0.366,0.8999166,0.24158038,0.11850521,-0.366,0.0,0.0,0.0,0.0,0.0,0.0,0.0,0.0,0.0,0.0,0.0,0.0,0.0,0.0,0.0,0.0
2.7083492e-05,1.1574523,-1.5208513,3.1407125,2.7420137,-1.5690109,0.72028637,-0.28884295,0.93321127,-0.35268742,1.7135314,0.4507816,1.3436146,0.32880303,-0.29079238,-0.1728642,0.79878926,-0.36599854,0.8504939,0.3128432,0.21452077,-0.36598188,-0.742425,0.09300318,-0.24174315,-0.09057647,-0.1699041,0.11808215,-0.10477676,0.05288981,0.8026145,-0.19411701,0.932634,0.7606749,-0.20572425,-0.6163807,-0.7768582,0.33431315,0.87965107,-0.99827385,-0.09887819,-0.520553,0.7125153,-0.5725895,0.0,1.1830001,-1.54101,3.1416,2.742,-1.569,0.69561034,0.0074875513,1.0708601,-0.366,1.7836672,0.48252323,1.3970665,0.31162408,-0.314,-0.18261054,0.8269322,-0.366,0.879477,0.13397457,0.26579243,-0.366,0.0,0.0,0.0,0.0,0.0,0.0,0.0,0.0,0.0,0.0,0.0,0.0,0.0,0.0,0.0,0.0
3.2440956e-05,1.1574512,-1.5208508,3.1407192,2.7420137,-1.5690054,0.7492197,-0.25278446,1.1277264,-0.35389203,1.6902969,0.52680445,1.2825913,0.28192818,-0.31144464,-0.15627944,1.0008309,-0.36599854,0.72007793,0.23071277,0.36895636,-0.36598206,-0.948485,-0.78139937,-0.46167472,0.29364616,0.122103795,-0.35881218,-0.5276543,-0.58557427,0.9605229,-0.2520534,-0.15454465,0.95213497,-0.84114486,-0.16188605,-0.40137175,0.13390484,0.9313138,-0.8660493,-0.3462313,-0.091796175,0.9425031,-0.5634364,0.0,1.183,-1.54101,3.14161,2.7421,-1.56901,0.5905283,-0.10912922,1.2621477,-0.366,1.7528898,0.67214036,1.229553,0.27938455,-0.314,-0.15594347,1.0124028,-0.366,0.81052524,0.11569341,0.4534914,-0.366,0.0,0.0,0.0,0.0,0.0,0.0,0.0,0.0,0.0,0.0,0.0,0.0,0.0,0.0,0.0,0.0
2.9095594e-05,1.1574508,-1.5208509,3.1407146,2.7420137,-1.5690054,0.73435104,-0.2651985,1.3407784,-0.35146898,1.6342908,0.68791974,1.1182661,0.1958389,-0.22977734,-0.07505449,1.1927365,-0.36599854,0.65439445,0.2237444,0.55136186,-0.30162072,-0.8786262,-0.57785666,-0.23477975,-0.026621588,-0.2812526,0.055569224,-0.27341157,-0.5348238,0.92286676,-0.38090673,-0.60273093,0.944829,-0.968229,-0.5129446,0.612348,0.53342885,0.9718539,-0.9723319,-0.24956773,0.21869594,0.93535674,0.39312798,0.0,1.183,-1.54101,3.1416,2.742,-1.569,0.5382296,-0.21143144,1.4386755,-0.366,1.6375982,0.8528693,1.0443481,0.18126744,-0.19686879,-0.053908072,1.1983011,-0.366,0.7627874,0.15752603,0.6324084,-0.29080164,0.0,0.0,0.0,0.0,0.0,0.0,0.0,0.0,0.0,0.0,0.0,0.0,0.0,0.0,0.0,0.0
3.021287e-05,1.1574517,-1.5208514,3.1407175,2.7420137,-1.5690109,0.7039033,-0.30428398,1.4773643,-0.361132,1.4999514,0.8627127,0.9235403,0.06898678,-0.0726037,0.052126814,1.3812448,-0.36599854,0.5978991,0.23752925,0.7291703,-0.2542203,-0.5631248,-0.06956287,0.16860345,-0.12139202,-0.30219662,0.41095176,-0.17064919,-0.29319012,0.77410555,-0.2307955,-0.7861158,0.58519083,-0.9936458,-0.63133544,0.9224696,0.65086275,0.9312459,-0.9616797,-0.32222712,0.15817699,0.9870714,0.19814909,0.0,1.183,-1.541,3.1416,2.742,-1.569,0.50303316,-0.27190197,1.598335,-0.366,1.4754616,0.97356504,0.83940846,0.05105436,-0.0066092163,0.080332525,1.3903707,-0.366,0.696328,0.19015007,0.8359921,-0.24993335,0.0,0.0,0.0,0.0,0.0,0.0,0.0,0.0,0.0,1.0,0.0,0.0,0.0,0.0,0.0,0.0
2.994759e-05,1.1574543,-1.5208532,3.1407213,2.7420137,-1.5690051,0.79710037,-0.30990434,1.5092087,-0.35993317,1.3743591,0.8783046,0.75231546,0.089646645,0.02309023,0.120889425,1.3392061,-0.36599854,0.661885,0.24129188,0.8260432,-0.2970257,0.06196241,0.12818466,0.30768722,0.17788489,0.032371707,-0.14736483,0.5018611,-0.1024955,0.040526927,-0.00067555904,-0.67277825,-0.55629796,-0.7663354,0.2449647,0.86564004,0.37670478,-0.16676556,-0.66067165,0.24125466,-0.04460356,0.48287266,-0.27827638,1e-05,1.1830001,-1.541,3.14161,2.7421,-1.56901,0.6037892,-0.29247946,1.6064714,-0.366,1.3403914,0.86187994,0.6855552,0.10023466,0.16718088,0.1559616,1.3568901,-0.366,0.74476343,0.18119524,0.93293595,-0.30580145,0.0,0.0,0.0,0.0,0.0,0.0,0.0,0.0,0.0,0.0,0.0,0.0,0.0,0.0,0.0,0.0
2.26565e-05,1.1574552,-1.5208523,3.140715,2.7420297,-1.5690051,0.89300454,-0.31866756,1.4538414,-0.2497789,1.352828,0.8151251,0.77091503,0.24392366,0.18318452,0.17025304,1.214611,-0.36599854,0.74653894,0.24027577,0.8907622,-0.3586736,0.5934306,0.32057127,0.7640447,0.3177867,-0.2161763,0.47258696,0.44625607,0.0056820884,-0.7771093,0.6901377,-0.15778397,-0.70058686,0.602723,0.84899294,0.9711172,0.30524325,-0.6039825,-0.7617995,0.37062818,0.18542337,0.2937668,-0.3502478,1e-05,1.1830001,-1.541,3.14161,2.742,-1.569,0.6921289,-0.29135466,1.452637,-0.22938217,1.3091569,0.72319365,0.8048687,0.26829904,0.35942066,0.21638675,1.2373273,-0.366,0.818132,0.21790117,0.9910892,-0.366,0.0,0.0,0.0,0.0,0.0,0.0,0.0,0.0,0.0,0.0,0.0,0.0,0.0,0.0,0.0,0.0
3.3876506e-05,1.1574588,-1.5208547,3.1407309,2.7420914,-1.5690103,0.8668104,-0.33995456,1.351172,-0.19347632,1.2334522,0.8254051,0.84069943,0.3931571,0.24007292,0.18371774,1.0302877,-0.3659982,0.7196987,0.29300123,0.8918248,-0.3642266,0.45362878,0.67935646,0.7737672,-0.35350937,-0.41646618,0.518017,0.012377292,-0.3153447,-0.95542186,0.2530126,-0.78755605,-0.32608643,0.88329726,0.96613723,0.26875326,0.029953893,-0.9207965,-0.9025387,-0.44107473,0.8172149,-0.4796403,-0.63110656,1e-05,1.1830001,-1.541,3.1416,2.742,-1.569,0.6945193,-0.35225672,1.2681177,-0.18051821,1.1570573,0.66021705,0.9754586,0.45488775,0.4113246,0.22217171,1.0594952,-0.366,0.7329478,0.37572873,0.898457,-0.366,0.0,0.0,0.0,0.0,0.0,0.0,0.0,0.0,0.0,0.0,0.0,1.0,0.0,0.0,0.0,0.0
1.12726e-05,1.1574485,-1.5208398,3.140706,2.742014,-1.5690107,0.8240393,-0.3192452,1.209489,-0.2418314,1.156427,0.7587173,0.9381978,0.56172866,0.20168585,0.10470009,0.8545911,-0.365992,0.64438105,0.3956985,0.78663135,-0.36587617,0.38874078,0.43475053,0.5314618,-0.4279275,-0.57356155,0.499513,0.3658408,0.10799348,-0.9910844,-0.3788228,-0.40720206,-0.3547132,0.6815433,0.9082035,-0.6367191,-0.7693366,-0.98415935,-0.94109774,-0.5001092,0.6851557,-0.8959281,-0.49406707,1e-05,1.1830001,-1.541,3.1416,2.742,-1.569,0.7645499,-0.3315842,1.0784006,-0.25303388,1.0791092,0.5923165,1.1059222,0.6287395,0.28944144,0.074902415,0.87110376,-0.366,0.637215,0.5068838,0.72695506,-0.366,0.0,0.0,0.0,0.0,0.0,0.0,0.0,0.0,0.0,0.0,0.0,1.0,0.0,0.0,0.0,0.0
2.9756515e-05,1.15745,-1.52085,3.1407223,2.742014,-1.5690074,0.849311,-0.2598336,1.0231849,-0.3280049,1.2390026,0.6860212,1.0617812,0.654364,0.07921644,-0.054640405,0.6570569,-0.36597723,0.6218051,0.46252128,0.60763705,-0.36594972,0.6617756,-0.03174074,0.1700247,-0.21110025,-0.18822451,0.79823077,0.5631709,0.43812868,-0.99821687,-0.4473734,0.7185596,-0.24298923,0.6027774,0.31339413,-0.90620863,-0.9053579,-0.9968319,-0.94950277,0.0032092705,0.14674196,-0.97918564,-0.49773353,1e-05,1.183,-1.541,3.1416,2.742,-1.569,0.87518716,-0.24551198,0.88229674,-0.34092224,1.2202733,0.5445803,1.2243403,0.6903071,0.11141299,-0.1029589,0.675272,-0.366,0.6378455,0.5357119,0.53459,-0.366,0.0,0.0,0.0,0.0,0.0,0.0,0.0,0.0,0.0,0.0,0.0,0.0,0.0,0.0,0.0,0.0
2.955542e-05,1.1574506,-1.5208498,3.1407216,2.7420137,-1.5690057,0.8918889,-0.19988498,0.79061586,-0.35922763,1.3972548,0.5452443,1.2341365,0.56772906,-0.046456818,-0.18450555,0.6144865,-0.36597872,0.71683747,0.40936556,0.38731083,-0.365954,0.73630774,0.384943,-0.052318852,0.39136058,-0.83764493,0.59796524,0.14768869,0.5845098,-0.9996001,-0.46555337,0.94371194,-0.7842176,0.79960847,-0.67066306,-0.98124176,-0.7232678,-0.30682996,-0.9445534,0.7812426,-0.512672,-0.99583715,-0.72426945,1e-05,1.1830001,-1.54101,3.14161,2.742,-1.569,0.90376437,-0.13241163,0.68887806,-0.366,1.4028778,0.39283726,1.3790615,0.5605364,-0.07845345,-0.24290839,0.6159016,-0.366,0.7890129,0.43651187,0.34189942,-0.366,0.0,0.0,0.0,0.0,0.0,0.0,0.0,0.0,0.0,0.0,0.0,0.0,0.0,0.0,0.0,0.0
2.9129682e-05,1.1574523,-1.5208513,3.1407168,2.7420137,-1.5690105,0.92268175,-0.19223458,0.782153,-0.35731056,1.5702296,0.4967032,1.3967671,0.4453915,-0.14068097,-0.17441235,0.7209408,-0.36598045,0.799193,0.37768486,0.35566843,-0.36595646,0.105040506,0.23232642,0.17010719,0.15582094,-0.50247425,0.36181828,-0.3184711,0.8305781,0.58667743,-0.5027842,0.98003775,0.44098788,0.33487093,-0.6924673,-0.47691774,0.094235584,0.6526984,-0.78900933,0.38834026,-0.88701475,0.3064329,-0.77498627,1e-05,1.1830001,-1.541,3.14161,2.742,-1.569,0.842506,0.027351215,0.8017263,-0.366,1.5913894,0.47766188,1.4434743,0.42733935,-0.17018923,-0.22478205,0.741449,-0.366,0.8637107,0.26589334,0.40084222,-0.366,0.0,0.0,0.0,0.0,0.0,0.0,0.0,0.0,0.0,0.0,0.0,0.0,0.0,0.0,0.0,0.0
3.1565552e-05,1.1574525,-1.5208522,3.140716,2.7420137,-1.5690107,0.8967537,-0.21515292,0.89727014,-0.35825083,1.6853933,0.55801547,1.357234,0.33868858,-0.27030975,-0.12134267,0.9093892,-0.36598238,0.7857948,0.35370407,0.46500248,-0.3659579,-0.7675434,-0.24618119,-0.6233309,0.35942915,0.039743178,-0.34219044,-0.22855924,-0.20687337,0.8881222,-0.338889,0.6660295,0.8881976,-0.73302585,-0.55949414,-0.8357733,0.5866056,0.9121779,-0.9569239,-0.15760207,-0.29023075,0.8612866,-0.5722046,0.0,1.183,-1.54101,3.14161,2.7421,-1.56901,0.79769206,-0.013210721,0.97586155,-0.366,1.7219787,0.65181196,1.2997489,0.31763858,-0.314,-0.10976551,0.92030096,-0.366,0.83280945,0.20898741,0.56971586,-0.366,0.0,0.0,0.0,0.0,0.0,0.0,0.0,0.0,0.0,0.0,0.0,1.0,0.0,0.0,0.0,0.0
3.3960463e-05,1.1574519,-1.520852,3.1407175,2.7420137,-1.5690107,0.81283844,-0.2443877,1.0443543,-0.36144093,1.6976174,0.55589294,1.3493787,0.3387998,-0.2964786,0.027836077,1.1155834,-0.36598307,0.7653702,0.3787039,0.63875353,-0.36595982,-0.9535087,-0.82666314,-0.16894586,0.15380362,0.26576814,0.08501584,-0.55564183,-0.40557167,0.89650697,-0.4972283,-0.08767292,0.97763956,-0.94525945,-0.3010156,0.089842215,0.8485136,0.9824356,-0.9913848,-0.2598207,0.32158428,0.92176265,-0.2977059,0.0,1.183,-1.54101,3.14161,2.7421,-1.569,0.6838946,-0.0962733,1.1594695,-0.366,1.7040229,0.8520362,1.1061562,0.25598946,-0.2956,0.06401322,1.1215074,-0.366,0.7795972,0.27484906,0.7584963,-0.366,0.0,0.0,0.0,0.0,0.0,0.0,0.0,0.0,0.0,0.0,0.0,1.0,0.0,0.0,0.0,0.0
2.8555503e-05,1.157452,-1.5208513,3.1407115,2.742014,-1.5690109,0.6923198,-0.27450034,1.1812776,-0.36034992,1.6367662,0.6586109,1.256736,0.31118843,-0.21153702,0.13505849,1.2859356,-0.36599758,0.75260997,0.39004844,0.84874487,-0.36488995,-0.99070174,-0.5351139,0.06555891,-0.005664699,0.14223935,0.34026426,-0.4980551,-0.3324104,0.78661615,-0.5829586,-0.576987,0.9955279,-0.98905194,-0.2478797,0.78879064,0.44120377,0.99648714,-0.95390606,-0.32524598,0.38156524,0.9843525,0.0071634315,0.0,1.183,-1.541,3.1416,2.7421,-1.569,0.58867663,-0.15982339,1.3098544,-0.366,1.5937147,1.0423608,0.9170697,0.20859993,-0.14479934,0.14836237,1.3120154,-0.366,0.7174168,0.34779653,0.94668436,-0.3646305,0.0,0.0,0.0,0.0,0.0,0.0,0.0,0.0,0.0,0.0,0.0,1.0,0.0,0.0,0.0,0.0
2.7384078e-05,1.1574521,-1.5208521,3.1407092,2.7420137,-1.569006,0.6454192,-0.279251,1.3197548,-0.365145,1.4971179,0.9363106,1.0297606,0.2190979,-0.17683575,0.15857093,1.3038461,-0.36600482,0.7399867,0.42131516,1.0158273,-0.3649386,-0.830541,0.19719721,0.36345938,0.26788557,-0.1585226,0.14337438,-0.39324564,-0.20127267,0.66172785,-0.49862963,-0.9153974,0.6499031,-0.9978104,-0.29976344,0.9577581,0.10139759,0.6102391,-0.973867,-0.3906898,0.22799312,0.95201635,-0.01686664,0.0,1.1830001,-1.541,3.14161,2.742,-1.569,0.512818,-0.19864969,1.4375043,-0.366,1.417131,1.1677296,0.72458804,0.15077436,0.03995602,0.16792236,1.4297329,-0.366,0.6420512,0.3917773,1.1303321,-0.366,0.0,0.0,0.0,0.0,0.0,0.0,0.0,0.0,0.0,1.0,0.0,0.0,0.0,0.0,0.0,0.0
2.9185578e-05,1.1574544,-1.5208538,3.1407166,2.742014,-1.5690107,0.66144496,-0.34311748,1.3949958,-0.36146381,1.3077351,1.0311286,0.74290425,0.20383626,-0.023168096,0.16009511,1.2070903,-0.366004,0.8103532,0.42540798,1.1096175,-0.36591336,-0.8034479,0.36288092,0.4261214,0.76418585,-0.20102468,-0.43313667,0.47940114,-0.20279215,0.44127512,-0.20731272,-0.7975623,-0.6012837,-0.65316784,0.3441836,0.99155164,0.058980413,-0.6779522,-0.9089755,0.3498503,-0.34553614,0.36734813,-0.411445,0.0,1.1830001,-1.541,3.14161,2.742,-1.56901,0.60699636,-0.23848823,1.5241928,-0.366,1.2604498,1.0496074,0.5962732,0.21838924,0.2347464,0.17950907,1.2965492,-0.366,0.7107793,0.3238967,1.2024977,-0.366,0.0,0.0,0.0,0.0,0.0,0.0,0.0,0.0,0.0,0.0,0.0,0.0,0.0,0.0,0.0,0.0
2.0938724e-05,1.1574566,-1.5208539,3.1407099,2.7420137,-1.5690051,0.80161816,-0.327004,1.3743173,-0.35145906,1.3231268,0.98031604,0.6486025,0.35139057,0.18772836,0.17750025,1.1012486,-0.36599845,0.92948216,0.39807624,1.0863295,-0.36366388,-0.62287575,0.31761894,-0.2780558,0.5587739,-0.6852199,0.11867097,0.8841721,-0.060621124,-0.2246759,0.12606005,0.18417034,-0.92025673,0.3829525,0.80304265,0.9983103,0.11033266,-0.69742966,-0.8038708,0.8699701,-0.6019448,-0.28970033,-0.33964688,0.0,1.1830001,-1.54101,3.14161,2.742,-1.569,0.7896147,-0.25100902,1.4777879,-0.33996335,1.2984886,0.85953605,0.6753688,0.38425097,0.440939,0.20229736,1.152501,-0.366,0.8904643,0.19957006,1.1426625,-0.366,0.0,0.0,0.0,0.0,0.0,0.0,0.0,0.0,0.0,1.0,0.0,0.0,0.0,0.0,0.0,0.0
2.9076364e-05,1.1574591,-1.5208578,3.1407201,2.7420137,-1.5690053,0.830801,-0.33952674,1.3247696,-0.32438046,1.302608,0.9937853,0.56954366,0.47473568,0.31530645,0.20914522,0.9337867,-0.36599874,0.9834096,0.37989822,1.0644051,-0.36342615,0.232228,0.20488256,-0.8383838,-0.19715926,-0.29367614,0.41076487,0.5236213,-0.5113891,-0.8449352,0.13597654,0.027768988,-0.89580065,0.6564059,0.96060854,0.9996621,0.14351283,-0.8752263,-0.95589876,0.67444617,0.3313218,-0.7303115,-0.38753507,1e-05,1.1830001,-1.54101,3.1416,2.742,-1.569,0.8892577,-0.3483243,1.3170002,-0.31408757,1.3037729,0.6890688,0.8002802,0.56705093,0.6311707,0.22960727,0.9859489,-0.366,1.0188087,0.26261926,1.0036871,-0.366,0.0,0.0,0.0,0.0,0.0,0.0,0.0,0.0,0.0,1.0,0.0,0.0,0.0,0.0,0.0,0.0
4.538701e-05,1.1574582,-1.5208521,3.1407378,2.7420135,-1.5690053,0.88973176,-0.38130006,1.2116011,-0.35988232,1.2285771,0.93363833,0.6079575,0.66643906,0.32914856,0.18204279,0.7426501,-0.36598486,0.9864373,0.39138645,0.9419526,-0.36520395,0.12556279,0.4249024,-0.96767676,-0.64244366,-0.28273177,0.38567585,0.34717923,-0.52221066,-0.96898705,-0.7728047,-0.5297583,-0.6030743,0.41561514,0.98152506,-0.0527066,-0.35760483,-0.8766943,-0.9717027,-0.15447183,0.7310842,-0.8597323,-0.58166385,1e-05,1.1830001,-1.54101,3.1416,2.742,-1.569,0.9599588,-0.45466954,1.1196715,-0.366,1.1958907,0.5662561,0.88491786,0.76693296,0.62043726,0.15678307,0.80741507,-0.366,0.9873514,0.41150042,0.82860756,-0.366,0.0,0.0,0.0,0.0,0.0,0.0,0.0,0.0,0.0,1.0,0.0,1.0,0.0,0.0,0.0,0.0
2.7260996e-05,1.1574578,-1.5208557,3.1407218,2.7420135,-1.5690104,0.9066812,-0.4096593,1.0595697,-0.36477807,1.2731429,0.886641,0.6333943,0.81008625,0.31515613,0.050967243,0.5846642,-0.3659971,0.86516684,0.416487,0.75688225,-0.3646808,0.28297004,0.21182752,-0.8845359,-0.7704521,-0.3124964,0.6202012,0.24431592,-0.20979768,-0.99274296,-0.841382,0.15123656,-0.3221957,0.1018779,0.8306369,-0.7213715,-0.7940014,-0.97063047,-0.99434054,-0.72071886,0.28749532,-0.90333897,-0.20752117,1e-05,1.1830001,-1.54101,3.1416,2.742,-1.569,1.0076267,-0.4956026,0.92598003,-0.366,1.2253981,0.50339335,0.904795,0.9289963,0.4796924,0.0018675625,0.61803794,-0.366,0.84673387,0.46759287,0.6523595,-0.366,0.0,0.0,0.0,0.0,0.0,0.0,0.0,0.0,0.0,1.0,0.0,1.0,0.0,0.0,0.0,0.0
2.779238e-05,1.1574557,-1.5208536,3.1407216,2.7420137,-1.5690051,0.99800473,-0.40921974,0.8611457,-0.3659203,1.4071534,0.7786273,0.7379461,0.944286,0.22897688,-0.14510047,0.39289445,-0.36599907,0.75399,0.43769354,0.5576768,-0.36553553,0.6869604,0.19951725,-0.9453752,-0.38316613,-0.8624993,0.5982516,0.59408945,0.14349104,-0.9985486,-0.6726435,0.7336157,-0.26137152,0.1964051,0.43160477,-0.9285791,-0.9497724,-0.9941261,-0.9988681,-0.4727984,0.056715686,-0.9713916,-0.21031772,1e-05,1.1830001,-1.54101,3.1416,2.742,-1.569,1.1272047,-0.4667208,0.72499263,-0.366,1.3730599,0.45078462,0.9443273,1.0158695,0.29278845,-0.18930218,0.41794074,-0.366,0.7515692,0.4790086,0.45683825,-0.366,0.0,0.0,0.0,0.0,0.0,0.0,0.0,0.0,0.0,0.0,0.0,1.0,0.0,0.0,0.0,0.0
2.8056293e-05,1.1574571,-1.5208545,3.140723,2.7420154,-1.5690107,1.0343069,-0.35957617,0.66091806,-0.3659444,1.4998462,0.666823,0.8241357,0.8788552,0.101457395,-0.23682074,0.43100968,-0.36591947,0.8511754,0.42644456,0.41942993,-0.36557928,0.30888155,0.023938237,-0.5798126,0.68182516,-0.9696566,0.7867204,0.062369253,0.5404974,-0.9997097,-0.26567698,0.7439178,-0.35498425,0.46499604,-0.5008457,-0.98571587,-0.6283228,0.1751013,-0.7958145,0.69093627,0.00827994,-0.52904546,-0.84206355,1e-05,1.1830001,-1.54101,3.14161,2.742,-1.569,1.1393193,-0.36173457,0.530809,-0.366,1.5175585,0.38183248,1.0346482,0.91858524,0.10132298,-0.3113476,0.45195243,-0.366,0.8857767,0.48061687,0.35407645,-0.366,0.0,0.0,0.0,0.0,0.0,1.0,0.0,0.0,0.0,0.0,0.0,0.0,0.0,0.0,0.0,0.0
5.912805e-05,1.1574532,-1.5208315,3.1407497,2.742014,-1.5690109,1.001627,-0.25314242,0.49554753,-0.3596184,1.623918,0.5184824,1.0511167,0.7599162,-0.052067015,-0.26973853,0.575748,-0.3659358,1.0317938,0.411679,0.30335492,-0.36509696,0.16190809,-0.34561023,-0.35522485,0.3332258,-0.33947653,0.90482515,-0.7723647,0.8972041,-0.5037561,0.037075967,0.5335301,-0.27325088,0.8813942,-0.7547624,-0.9971432,-0.32243824,0.77464855,-0.41511214,0.93818724,-0.55773795,-0.4046397,-0.94253016,1e-05,1.183,-1.54101,3.14161,2.742,-1.569,0.9796558,-0.17626423,0.42667234,-0.35833564,1.6278499,0.32534596,1.2168503,0.7625605,-0.10480681,-0.37800217,0.6120881,-0.366,1.0797191,0.3653211,0.2704292,-0.366,0.0,0.0,0.0,0.0,0.0,1.0,0.0,0.0,0.0,0.0,0.0,0.0,0.0,0.0,0.0,0.0
3.2057582e-05,1.1574578,-1.5208566,3.1407168,2.7420137,-1.5690109,0.97972697,-0.22534733,0.52704376,-0.34246403,1.7102331,0.4816148,1.2835507,0.6310251,-0.162635,-0.28048044,0.7782322,-0.3659474,1.0597131,0.35999954,0.38155156,-0.36545795,-0.65420073,-0.27836412,-0.29704413,-0.21237011,-0.15975964,0.68708205,-0.5871872,0.60523576,0.69403875,0.09829532,0.87947494,0.7453498,0.97627884,-0.72508657,-0.4573987,0.034973957,0.9444561,-0.1993519,0.21528941,-0.9014762,0.7190721,-0.6281894,0.0,1.183,-1.54101,3.1416,2.742,-1.569,0.8664148,-0.059542477,0.56052005,-0.33937907,1.7974596,0.46908918,1.405129,0.6227251,-0.19301769,-0.37125733,0.7942296,-0.366,1.1212384,0.19146839,0.40910465,-0.366,0.0,0.0,0.0,0.0,0.0,0.0,0.0,0.0,0.0,0.0,0.0,0.0,0.0,0.0,0.0,0.0
2.7205491e-05,1.1574564,-1.5208552,3.14071,2.7420135,-1.5690051,0.9218182,-0.18031858,0.66728556,-0.36131838,1.6997216,0.5445791,1.2892761,0.51952094,-0.27560285,-0.26627904,0.97595704,-0.36595628,0.9787534,0.29054132,0.5423867,-0.36587724,-0.93084013,-0.23619893,-0.20746063,0.6427294,0.040146027,0.09746347,-0.15399194,-0.06589089,0.8905447,-0.4457885,-0.15484174,0.90361595,-0.5999317,-0.5460192,-0.5914347,0.12860683,0.96912605,-0.8398704,-0.6112633,-0.41944999,0.9317002,-0.50382525,0.0,1.183,-1.54101,3.14161,2.7421,-1.569,0.83527577,-0.07286641,0.7405989,-0.366,1.7661488,0.6518112,1.2838156,0.5123135,-0.3126129,-0.3452515,0.99019855,-0.366,0.9976336,0.10665057,0.5975056,-0.366,0.0,0.0,0.0,0.0,0.0,0.0,0.0,0.0,0.0,0.0,0.0,1.0,0.0,0.0,0.0,0.0
2.8937191e-05,1.157454,-1.5208545,3.14071,2.7420137,-1.5690105,0.80961436,-0.14728981,0.8554177,-0.36514997,1.6409991,0.6823053,1.1729124,0.48366416,-0.30981407,-0.20351234,1.1604695,-0.36596224,0.93229216,0.24062388,0.7142327,-0.36592203,-0.9756155,-0.58676296,0.030753009,0.67797,0.34990945,0.22630678,-0.49670434,-0.2367591,0.97810894,-0.8891577,-0.602146,0.9807232,-0.91998637,-0.17316031,-0.058724638,0.5989165,0.9812356,-0.96797407,-0.329898,0.35428694,0.97875226,-0.39128897,0.0,1.183,-1.541,3.14161,2.7421,-1.569,0.73872536,-0.118888125,0.9307257,-0.366,1.6491024,0.84244615,1.1049868,0.47865424,-0.314,-0.22883292,1.1809331,-0.366,0.9335073,0.17551757,0.78775746,-0.366,0.0,0.0,0.0,0.0,0.0,0.0,0.0,0.0,0.0,0.0,0.0,0.0,0.0,0.0,0.0,0.0
3.334973e-05,1.1574539,-1.5208544,3.1407175,2.7420137,-1.569011,0.7375588,-0.15860367,1.0676215,-0.36489433,1.5228002,0.88630146,0.99270743,0.3818755,-0.28495052,-0.1443346,1.2822051,-0.36600405,0.88770807,0.26302317,0.8882941,-0.36598238,-0.9853045,-0.26092923,0.22323154,0.12584038,0.12865154,0.3348603,-0.4698655,-0.0670527,0.9340623,-0.8753732,-0.7645358,0.9413556,-0.9839973,-0.58835316,0.7709671,0.59845185,0.96735334,-0.9935948,-0.52436656,0.40902448,0.8187818,-0.073921494,0.0,1.183,-1.541,3.14161,2.7421,-1.569,0.64797723,-0.13183844,1.1111271,-0.366,1.5014428,1.0242562,0.9149411,0.36502182,-0.1650982,-0.113250084,1.3677642,-0.366,0.8322331,0.25451508,0.945894,-0.366,0.0,0.0,0.0,0.0,0.0,0.0,0.0,0.0,0.0,1.0,0.0,0.0,0.0,0.0,0.0,0.0
2.8368593e-05,1.1574565,-1.5208561,3.140714,2.7420135,-1.5690106,0.7522783,-0.17119011,1.2298688,-0.36587557,1.3604248,0.96846026,0.798047,0.2479797,-0.22602609,-0.036408473,1.3264457,-0.36600214,0.9230909,0.28592396,1.0411923,-0.36598524,-0.79243344,0.0027272701,0.35126615,0.19748896,-0.2031345,-0.18986039,0.16882119,-0.21072082,0.86730283,-0.38361204,-0.88620234,-0.06826399,-0.99679947,-0.6770986,0.9541935,0.7172998,0.502394,-0.998719,-0.13821995,0.023054533,0.53578043,-0.26563093,0.0,1.1830001,-1.541,3.14161,2.742,-1.56901,0.6816851,-0.1739122,1.284298,-0.366,1.3244984,1.0106262,0.71591425,0.22982834,0.025421664,0.029970206,1.4680752,-0.366,0.8046353,0.2591183,1.0528711,-0.366,0.0,0.0,0.0,0.0,0.0,0.0,0.0,0.0,0.0,1.0,0.0,0.0,0.0,0.0,0.0,0.0
2.3442792e-05,1.157457,-1.5208553,3.1407137,2.742014,-1.569009,0.8404632,-0.20852461,1.3195084,-0.36403337,1.3407499,0.9340518,0.65242606,0.25947973,-0.05809518,0.041017406,1.2845333,-0.366007,0.9923475,0.28690058,1.1040725,-0.36544672,-0.17262593,-0.46940205,0.17007737,0.44137955,-0.4066125,0.07030129,0.4511232,-0.015865268,0.3345893,-0.14748383,-0.112755306,-0.810656,-0.58505833,0.19456486,0.9908387,0.3192312,-0.36278257,-0.78968763,0.5199186,-0.30320024,0.28489393,-0.6392633,0.0,1.183,-1.541,3.14161,2.742,-1.569,0.7714287,-0.17706834,1.350859,-0.366,1.3020676,0.8493594,0.5995264,0.26853386,0.22253287,0.09347605,1.3959055,-0.366,0.9080646,0.19880155,1.1095461,-0.366,0.0,0.0,0.0,0.0,0.0,0.0,0.0,0.0,0.0,1.0,0.0,0.0,0.0,0.0,0.0,0.0
2.0723772e-05,1.1574725,-1.5208623,3.1407268,2.742014,-1.5690116,0.8950746,-0.22932443,1.2813469,-0.28104377,1.3915229,0.8328956,0.6558451,0.39245027,0.11020537,0.08717403,1.1425174,-0.36600584,1.0797701,0.2750366,1.0757401,-0.35316288,0.35948688,0.024033315,0.16525441,0.2604565,-0.62415284,0.36078197,0.13017581,-0.25938177,-0.36365843,0.47890988,0.36883608,-0.8304103,0.50298154,0.7361246,0.9280393,0.18164414,-0.71361417,-0.94111997,0.5332642,-0.17345636,-0.27251273,-0.60218984,1e-05,1.1830001,-1.541,3.14161,2.742,-1.569,0.7986466,-0.23130137,1.2748233,-0.26586676,1.379186,0.67573243,0.70469266,0.422447,0.41657263,0.13145524,1.246699,-0.366,1.0195625,0.1625343,1.0525675,-0.366,0.0,0.0,0.0,0.0,0.0,0.0,0.0,0.0,0.0,1.0,0.0,1.0,0.0,0.0,0.0,0.0
2.8238921e-05,1.1574583,-1.5208565,3.1407218,2.7420137,-1.5690097,0.83763134,-0.31953773,1.1967658,-0.28574538,1.3004112,0.7687375,0.6936822,0.5359795,0.21880046,0.12445804,0.94754755,-0.3660064,1.0314558,0.2996028,1.0075103,-0.34712204,-0.035668217,0.16585167,-0.032195654,-0.19014256,-0.6484339,0.6212932,-0.41182292,-0.8518764,-0.8727317,-0.18639842,-0.67315924,-0.4268902,0.6901016,0.94414115,0.5193047,0.13811395,-0.9275777,-0.988224,-0.5321862,0.67679226,-0.85450256,-0.6726385,0.0,1.1830001,-1.54101,3.1416,2.742,-1.569,0.71879244,-0.39648384,1.1055969,-0.3020102,1.2486576,0.5929566,0.8385063,0.60552,0.517268,0.15823612,1.0668378,-0.366,0.9163693,0.2937672,0.8868758,-0.366,0.0,0.0,0.0,0.0,0.0,0.0,0.0,0.0,0.0,1.0,0.0,1.0,0.0,0.0,0.0,0.0
2.6256772e-05,1.1574546,-1.5208522,3.1407242,2.7420137,-1.5690109,0.80264515,-0.39715135,1.0332814,-0.35036913,1.1943161,0.71255094,0.7460379,0.71597075,0.25879472,0.052367087,0.8087468,-0.36599907,0.8162281,0.38379446,0.81557846,-0.3580655,-0.21401401,0.10274214,-0.349625,-0.6072364,-0.8470235,0.46513256,0.19155312,-0.4215244,-0.95589906,-0.8372797,-0.60782486,-0.4351544,0.43742108,0.9482942,-0.4659191,-0.61342347,-0.9663213,-0.9538889,-0.88782406,0.7982014,-0.97090054,-0.3283782,0.0,1.1830001,-1.54101,3.1416,2.742,-1.569,0.75715524,-0.48090357,0.9141567,-0.366,1.126927,0.50580716,0.9261097,0.7954372,0.42395726,0.035384312,0.87331027,-0.366,0.73856264,0.45362493,0.6924312,-0.366,0.0,0.0,0.0,0.0,0.0,1.0,0.0,0.0,0.0,1.0,0.0,1.0,0.0,0.0,0.0,0.0
3.0710155e-05,1.1574519,-1.5208502,3.1407285,2.7420137,-1.5690053,0.864704,-0.40578136,0.84254426,-0.36437935,1.2296172,0.66445297,0.8000941,0.77405345,0.16508158,-0.093590744,0.678682,-0.36599907,0.6825715,0.42109457,0.6120102,-0.36545545,0.4656391,-0.13569568,-0.38569397,-0.5783302,-0.9694047,0.6040893,0.8162843,0.10678397,-0.9911798,-0.69573736,0.4275508,-0.14879996,0.64281636,0.27289453,-0.8931838,-0.8660031,-0.94460434,-0.96232045,-0.2957825,0.16611564,-0.97275686,-0.31726286,1e-05,1.183,-1.54101,3.1416,2.742,-1.569,0.9208732,-0.45948645,0.71536076,-0.366,1.2126787,0.47596312,1.0550361,0.85017025,0.24481593,-0.13830552,0.6838558,-0.366,0.67923903,0.4869419,0.4973303,-0.366,0.0,0.0,0.0,0.0,0.0,0.0,0.0,0.0,0.0,0.0,0.0,1.0,0.0,0.0,0.0,0.0
2.3958313e-05,1.1574521,-1.5208501,3.140718,2.7420137,-1.5690082,0.97041166,-0.29282036,0.61306983,-0.36565942,1.3860626,0.6345542,0.89691854,0.7121617,-0.008805254,-0.23011515,0.54318255,-0.36599907,0.7155348,0.4201011,0.41778293,-0.36543462,0.5824806,-0.4558349,-0.1480521,-0.12730479,-0.993881,0.8217982,0.57659876,0.57652014,-0.998236,-0.53419757,0.88551015,-0.1387841,0.79882914,-0.3124074,-0.9786368,-0.9732006,-0.8339741,-0.9900183,0.26548147,-0.17366111,-0.9945514,-0.4389654,1e-05,1.183,-1.54101,3.1416,2.742,-1.569,1.0326599,-0.34771496,0.52183014,-0.366,1.3843548,0.44905668,1.2099072,0.789603,0.055085033,-0.3269825,0.522171,-0.366,0.7307086,0.45327377,0.304514,-0.366,0.0,0.0,0.0,0.0,0.0,0.0,0.0,0.0,0.0,0.0,0.0,1.0,0.0,0.0,0.0,0.0
2.2601569e-05,1.1574566,-1.5208501,3.1407158,2.7420132,-1.5690056,1.004889,-0.2738705,0.43875363,-0.365852,1.5140189,0.5317045,1.0565237,0.63345444,-0.14009455,-0.24603105,0.5497974,-0.36599907,0.81357527,0.3855716,0.17834209,-0.36438993,0.4945705,-0.6640219,0.07580357,0.58929294,-0.9911768,0.96435964,-0.4520109,0.82338035,-0.8865581,-0.08179742,0.8143438,-0.64717895,0.5587753,-0.50251323,-0.99572736,-0.55262285,0.07014543,-0.99800366,0.8430247,-0.5320801,-0.9623198,-0.65648973,1e-05,1.183,-1.541,3.14161,2.742,-1.569,0.9435773,-0.18544263,0.3471067,-0.366,1.5448463,0.32151023,1.3200309,0.6905674,-0.14115357,-0.43589377,0.5359953,-0.366,0.89685243,0.34841108,0.11485937,-0.366,0.0,0.0,0.0,0.0,0.0,0.0,0.0,0.0,0.0,0.0,0.0,1.0,0.0,0.0,0.0,0.0
2.7521606e-05,1.157453,-1.5208522,3.140715,2.7420137,-1.5690054,0.9976729,-0.2454481,0.4801771,-0.3658626,1.6866295,0.4699591,1.2387707,0.5454617,-0.23862469,-0.24807407,0.6776005,-0.36599907,0.88756406,0.3914433,0.1340896,-0.36598617,-0.397303,-0.13950616,0.04518555,0.2461118,-0.07727297,0.44457465,-0.66650474,0.73333305,0.6226884,-0.2564459,0.9576292,0.35301554,0.18601495,-0.6862391,-0.68872255,0.39439705,0.8140291,-0.8286186,0.6079941,-0.73844755,0.25057757,-0.83641523,0.0,1.183,-1.541,3.14161,2.742,-1.569,0.8110955,-0.039677247,0.47087914,-0.366,1.7351953,0.3916795,1.3570054,0.5541629,-0.27805167,-0.35749906,0.69780076,-0.366,1.017704,0.20162909,0.16466694,-0.366,0.0,0.0,0.0,0.0,0.0,0.0,0.0,0.0,0.0,0.0,0.0,0.0,0.0,0.0,0.0,0.0
3.1028132e-05,1.1574535,-1.5208532,3.1407151,2.7420137,-1.5690053,0.93435776,-0.25941417,0.5617217,-0.3658742,1.7543268,0.5183065,1.2541497,0.4351116,-0.29998934,-0.21551207,0.86470276,-0.36599907,0.8854045,0.39464766,0.24982017,-0.36598694,-0.87946063,-0.23950912,-0.6355993,0.84922236,0.06241292,0.05976431,-0.21648669,-0.11151981,0.88283956,-0.1653882,0.68516266,0.867042,-0.5447861,-0.66338956,-0.48106337,0.5347951,0.9503262,-0.94580066,-0.24927342,-0.2372307,0.85011554,-0.91324705,0.0,1.183,-1.54101,3.14161,2.7421,-1.569,0.7685759,-0.06158054,0.6442752,-0.366,1.8697661,0.56197274,1.2500055,0.42386845,-0.314,-0.25246146,0.8844516,-0.366,0.96874493,0.15503527,0.3316357,-0.366,0.0,0.0,0.0,0.0,0.0,0.0,0.0,0.0,0.0,0.0,0.0,0.0,0.0,0.0,0.0,0.0
3.0201027e-05,1.1574541,-1.5208539,3.1407115,2.7420135,-1.5690058,0.8794969,-0.28051043,0.731349,-0.36560628,1.7064922,0.5984069,1.1344849,0.38778642,-0.31399238,-0.14133637,1.0217681,-0.36599907,0.8680438,0.43673262,0.45081407,-0.3659866,-0.9579364,-0.8228701,-0.29017353,0.9281597,0.45455876,0.16109818,-0.45682776,-0.31989133,0.9714822,-0.6076689,-0.4767641,0.9734084,-0.86665696,-0.1919368,-0.022828966,0.6231747,0.9900653,-0.8957565,-0.3996053,0.4707561,0.9606712,-0.84096706,0.0,1.183,-1.54101,3.14161,2.7421,-1.569,0.6729658,-0.12853101,0.84759796,-0.366,1.7699835,0.7656986,1.0686218,0.38369775,-0.314,-0.12203644,1.0916636,-0.366,0.88511103,0.25356042,0.5326958,-0.366,0.0,0.0,0.0,0.0,0.0,0.0,0.0,0.0,0.0,0.0,0.0,0.0,0.0,0.0,0.0,0.0
3.2951026e-05,1.1574538,-1.5208546,3.140714,2.742014,-1.5690107,0.8593088,-0.33204928,0.8989711,-0.36599743,1.6224165,0.77831775,0.9563911,0.35413858,-0.31324095,-0.046564832,1.1768286,-0.36600047,0.8849587,0.46078613,0.63098437,-0.3659869,-0.9915873,-0.6559445,-0.08541048,0.6364338,0.19165096,0.3590933,-0.19908947,-0.40881324,0.82905316,-0.61725795,-0.77281016,0.9946817,-0.9733314,-0.17611735,0.77946335,0.5614569,0.9980131,-0.9586986,-0.33395723,0.421445,0.9921343,-0.056923963,0.0,1.183,-1.54101,3.14161,2.7421,-1.569,0.6342462,-0.20803851,1.0088352,-0.366,1.6196846,0.95914793,0.8793247,0.34944582,-0.16240713,-0.012842253,1.2857609,-0.366,0.8201618,0.3355246,0.72564965,-0.366,0.0,0.0,0.0,0.0,0.0,0.0,0.0,0.0,0.0,0.0,0.0,0.0,0.0,0.0,0.0,0.0
3.3336273e-05,1.1574557,-1.5208563,3.1407168,2.7420135,-1.5690053,0.8688466,-0.39075968,1.057534,-0.3647714,1.4555714,0.9487316,0.76253533,0.24332064,-0.2922261,0.07344912,1.2855374,-0.36599997,0.9148338,0.45764637,0.8092757,-0.36383268,-0.9983175,-0.09451367,-0.21435104,0.44352326,-0.059391577,0.2538339,0.061599303,-0.51650417,0.85639286,-0.3727641,-0.95456207,0.45640403,-0.9826991,-0.61633176,0.9558927,0.73800397,0.6734424,-0.99173975,-0.12665007,0.049642578,0.86982965,0.066764936,0.0,1.183,-1.54101,3.14161,2.742,-1.569,0.646705,-0.31250456,1.1820457,-0.366,1.4266187,1.0514584,0.6805679,0.22478905,0.030927852,0.13642344,1.4219686,-0.366,0.79454607,0.34556508,0.9015779,-0.3524964,0.0,0.0,0.0,0.0,0.0,0.0,0.0,0.0,0.0,0.0,0.0,0.0,0.0,0.0,0.0,0.0
2.931089e-05,1.1574574,-1.5208575,3.1407168,2.7420137,-1.5690094,0.9107836,-0.42785415,1.1826774,-0.33787546,1.3182459,0.9786121,0.62666804,0.1764665,-0.13034087,0.18956338,1.20887,-0.36599982,1.0315659,0.44458944,0.91648066,-0.36086023,-0.99966353,0.63687634,-0.84287024,0.38533822,-0.022685397,0.37201515,0.6151037,-0.32664064,0.612248,0.11185215,-0.71819025,-0.396961,-0.49116293,-0.25986403,0.9906688,0.7147012,-0.52397627,-0.998348,0.5862717,-0.11860997,0.29692057,-0.090600096,0.0,1.1830001,-1.54101,3.14161,2.742,-1.569,0.77399933,-0.38010213,1.3087491,-0.34285244,1.2779908,0.96930814,0.5789228,0.17101075,0.23594463,0.2843293,1.3135328,-0.366,0.91587377,0.321019,0.963025,-0.366,0.0,0.0,0.0,0.0,0.0,0.0,0.0,0.0,0.0,0.0,0.0,0.0,0.0,0.0,0.0,0.0
2.3819563e-05,1.1574607,-1.5208591,3.140712,2.7420137,-1.5690053,1.0013161,-0.44211814,1.2123322,-0.28228197,1.3247951,0.9392416,0.64026,0.2133446,0.08539862,0.25303558,1.0839005,-0.36599946,1.1920304,0.42853352,0.9256922,-0.3478872,-0.76908094,0.9273753,-0.96857405,-0.038381763,0.30959356,0.87440306,0.84591275,-0.2538634,0.075550295,0.31707066,-0.024074517,-0.710268,0.4437473,0.26547277,0.9981338,0.399296,-0.88723314,-0.9996696,0.9172543,0.029806392,-0.24940464,-0.21595976,0.0,1.1830001,-1.54101,3.1416,2.7421,-1.569,0.9378889,-0.42928636,1.3233864,-0.28142226,1.2733265,0.8316988,0.6648957,0.2224442,0.42932597,0.36169004,1.1416377,-0.366,1.0935853,0.32679376,0.9147046,-0.366,0.0,0.0,0.0,0.0,0.0,0.0,0.0,0.0,0.0,0.0,0.0,0.0,0.0,0.0,0.0,0.0
3.0471812e-05,1.1574643,-1.5208629,3.1407192,2.7420137,-1.5690051,1.0564269,-0.4393142,1.166588,-0.30048722,1.2705032,0.8809387,0.66590255,0.3052526,0.29985484,0.2741626,0.9055134,-0.36600214,1.2535787,0.4201408,0.8782166,-0.35513338,-0.36657473,0.95642716,-0.9937148,-0.5205168,0.2942584,0.71495515,0.5999031,-0.33457252,-0.78488994,-0.12634021,-0.16888388,-0.9151008,0.8887495,0.81801474,0.99962676,-0.058859497,-0.96418333,-0.96268237,0.46124858,0.36178178,-0.6102091,-0.37576196,0.0,1.1830001,-1.54101,3.1416,2.7421,-1.569,1.0597945,-0.4972745,1.1638898,-0.3070957,1.2390078,0.6457421,0.8454975,0.38867208,0.63245904,0.34972927,0.945707,-0.366,1.1873151,0.40031105,0.7907047,-0.366,0.0,0.0,0.0,0.0,0.0,0.0,0.0,0.0,0.0,0.0,0.0,1.0,0.0,0.0,0.0,0.0
3.1491498e-05,1.1574657,-1.5208623,3.1407297,2.7420137,-1.5690107,1.0577775,-0.45601073,1.048634,-0.35826328,1.1677288,0.81236553,0.64250314,0.43945768,0.39651385,0.22973171,0.7457171,-0.36600095,1.0976092,0.44389114,0.7357955,-0.36563653,-0.6808715,0.03809175,-0.56383747,-0.5966758,0.16653761,0.6015077,0.11445073,-0.2742235,-0.956978,-0.7456112,-0.34566784,-0.45495576,0.5341884,0.9501319,-0.03571613,-0.8117719,-0.8558217,-0.9645739,-0.5498628,0.6571494,-0.67391264,-0.80867916,0.0,1.1830001,-1.54101,3.1416,2.7421,-1.569,1.0826248,-0.5519756,0.9729953,-0.366,1.1700553,0.5549892,0.95205545,0.5782009,0.6253345,0.18779999,0.77499086,-0.366,1.0776305,0.5313968,0.6562751,-0.366,0.0,0.0,0.0,0.0,0.0,0.0,0.0,0.0,0.0,0.0,0.0,1.0,0.0,0.0,0.0,0.0
3.0245816e-05,1.1574584,-1.5208564,3.1407268,2.7420137,-1.5690051,1.0649815,-0.45449364,0.87752414,-0.3648581,1.2461796,0.7109655,0.72110134,0.5906844,0.37595522,0.05449082,0.54619455,-0.36600035,0.9292456,0.46473464,0.6454061,-0.36598718,0.28790826,-0.72335625,0.07175777,-0.91743296,0.011261748,0.6843931,0.055521484,0.1896516,-0.9913956,-0.23610613,0.5659516,-0.23910014,0.48462072,0.65031993,-0.5115573,-0.9623544,-0.9394579,-0.9929148,-0.8446738,0.18829483,-0.1968794,-0.81411433,1e-05,1.183,-1.541,3.1416,2.7421,-1.569,1.0933597,-0.51530683,0.7813109,-0.366,1.2794809,0.5087597,1.0457559,0.70393896,0.5264259,0.0017306507,0.5933485,-0.366,0.9143145,0.56780326,0.6182088,-0.366,0.0,0.0,0.0,0.0,0.0,0.0,0.0,0.0,0.0,0.0,0.0,0.0,0.0,0.0,0.0,0.0
2.5181393e-05,1.1574557,-1.5208538,3.1407182,2.7420137,-1.5690067,1.060551,-0.37888628,0.66649526,-0.29306164,1.4184192,0.59556395,0.9403974,0.69223505,0.35074592,-0.14769799,0.49021357,-0.3659993,0.8276785,0.47283405,0.5796587,-0.3659854,0.6183664,-0.9446713,0.1453155,-0.36961874,-0.07242258,0.845911,-0.15008004,0.5393008,-0.99827915,0.45479497,0.8534077,-0.27406636,0.7802502,0.1840044,-0.7490703,-0.9924709,-0.4642381,-0.5545109,-0.40077186,-0.21650353,-0.20725611,-0.960662,1e-05,1.183,-1.541,3.1416,2.742,-1.569,1.0646355,-0.4120885,0.5902474,-0.27895546,1.4428171,0.45630533,1.1950902,0.73915607,0.38305917,-0.18822122,0.50449663,-0.366,0.83760965,0.52636606,0.57854146,-0.366,0.0,0.0,0.0,0.0,0.0,0.0,0.0,0.0,0.0,0.0,0.0,0.0,0.0,0.0,0.0,0.0
6.0043505e-05,1.1574377,-1.5208232,3.140749,2.742015,-1.5690109,0.9724149,-0.314647,0.533839,-0.18636465,1.5953928,0.4779772,1.1819619,0.62693226,0.24121569,-0.21163681,0.62126064,-0.36599904,0.9293019,0.4503053,0.61252743,-0.3566973,0.92365605,-0.6993369,0.37777758,0.3779347,-0.52628386,0.8295766,-0.60251087,0.90786016,-0.46080485,0.5430617,0.97068155,-0.28697872,0.8250832,-0.58594906,-0.9498141,-0.39447576,0.6872796,-0.45878395,0.5263142,-0.67870045,0.2948291,-0.7044994,1e-05,1.183,-1.541,3.14161,2.742,-1.569,0.943759,-0.22995248,0.49780017,-0.17000577,1.6375564,0.3987313,1.3606194,0.62160224,0.1925063,-0.26736143,0.6423795,-0.366,0.94319946,0.39020434,0.6376904,-0.366,0.0,0.0,0.0,0.0,0.0,0.0,0.0,0.0,0.0,0.0,0.0,0.0,0.0,0.0,0.0,0.0
3.2193097e-05,1.1574538,-1.5208541,3.1407175,2.7420137,-1.5690109,0.8130498,-0.2708524,0.5938295,-0.18013336,1.7312871,0.5002078,1.3231993,0.45503348,0.04963205,-0.15652132,0.8133226,-0.36599904,1.035951,0.3284814,0.7554972,-0.35540405,0.11656581,-0.1588194,0.100540325,0.46045256,-0.8579764,0.5587343,-0.42628622,0.76128966,0.660534,-0.08118453,0.8554831,0.6913947,-0.0024586916,-0.91046864,-0.9879837,0.57716024,0.93745595,-0.14828563,0.10818825,-0.9184037,0.804996,-0.00439021,1e-05,1.183,-1.541,3.14161,2.742,-1.569,0.8550272,-0.07148939,0.63529086,-0.1869044,1.8156259,0.5426457,1.3601077,0.43208742,-0.013143346,-0.14722504,0.8375118,-0.366,0.9657189,0.19903784,0.805251,-0.366,0.0,0.0,0.0,0.0,0.0,0.0,0.0,0.0,0.0,0.0,0.0,0.0,0.0,0.0,0.0,0.0
2.337459e-05,1.1574525,-1.5208517,3.1407053,2.7420137,-1.5690054,0.7087929,-0.23954134,0.6854168,-0.30478936,1.7092317,0.55841947,1.298351,0.29729795,-0.13511088,-0.046155136,1.0228319,-0.36599907,1.0224082,0.2744621,0.93827987,-0.32226315,-0.77668685,0.39837834,-0.29850483,0.72251636,-0.69604754,-0.22194053,0.07575789,-0.10834403,0.9272263,-0.7975121,-0.25365385,0.8749743,-0.80049175,-0.97064406,-0.92061913,0.65642625,0.9874912,-0.3830625,-0.36685604,-0.6190293,0.96099925,0.17274062,0.0,1.1830001,-1.54101,3.14161,2.742,-1.56901,0.86974144,-0.09253271,0.8153831,-0.34180266,1.7663596,0.71258914,1.2046307,0.2435623,-0.19195229,-0.01972945,1.029309,-0.366,0.8944656,0.07880574,0.9919028,-0.33244914,0.0,0.0,0.0,0.0,0.0,0.0,0.0,0.0,0.0,0.0,0.0,1.0,0.0,0.0,0.0,0.0
2.6547885e-05,1.1574527,-1.5208527,3.1407082,2.7420137,-1.5690105,0.67730314,-0.20731747,0.8708561,-0.36308828,1.6480998,0.6795375,1.2367487,0.247817,-0.19632831,0.07272645,1.2280082,-0.36599907,0.896948,0.18029006,1.0690665,-0.32553774,-0.83872443,0.01774656,0.23005351,0.24630949,-0.29584643,0.17781544,-0.40675735,-0.2641681,0.89435655,-0.95950246,-0.7231114,0.90839446,-0.9083933,-0.339878,-0.06814205,0.550664,0.98541546,-0.6599883,-0.5147181,-0.27911237,0.67238474,0.043683358,0.0,1.1830001,-1.541,3.14161,2.742,-1.569,0.7852495,-0.14740592,1.0011595,-0.366,1.6161543,0.90128154,1.0159385,0.17296258,-0.20610681,0.09465491,1.2340003,-0.366,0.78754795,0.020828295,1.131571,-0.3233752,0.0,0.0,0.0,0.0,0.0,0.0,0.0,0.0,0.0,0.0,0.0,0.0,0.0,0.0,0.0,0.0
1.9723851e-05,1.1574512,-1.5208491,3.1407015,2.742014,-1.5690054,0.6237615,-0.2001178,1.0565665,-0.36599687,1.5287112,0.89858377,1.0717366,0.13262875,-0.10020774,0.12658465,1.4262723,-0.36599907,0.7968332,0.12819503,1.2316027,-0.3232416,-0.8353766,0.07627126,0.43452007,-0.43674278,-0.29611546,0.2373026,-0.40364736,-0.044370003,0.9058398,-0.7150917,-0.9151398,0.8374203,-0.98167866,-0.6297779,0.7411118,0.19047986,0.9970831,-0.93199766,-0.4038811,0.025719423,0.8085308,-0.0031309351,0.0,1.1830001,-1.541,3.1416,2.742,-1.569,0.7055845,-0.1561629,1.1799386,-0.366,1.4355398,1.0665572,0.8221917,0.048667878,-0.05983895,0.13224854,1.4307874,-0.366,0.70783687,0.025904352,1.291145,-0.32399312,0.0,0.0,0.0,0.0,0.0,0.0,0.0,0.0,0.0,1.0,0.0,0.0,0.0,0.0,0.0,0.0
2.9967847e-05,1.157456,-1.5208545,3.1407201,2.7420137,-1.5690109,0.6240217,-0.20263965,1.2100123,-0.3649617,1.3077737,0.9861816,0.791963,0.041222136,0.02334881,0.15692581,1.3746437,-0.36599892,0.80719537,0.13149522,1.3709638,-0.33557546,-0.13428606,0.26425615,0.23755953,-0.09253832,-0.09541498,-0.21801612,-0.13774852,-0.043285385,0.64846563,-0.13295946,-0.93593323,-0.2599765,-0.9421406,-0.09839779,0.9482224,0.30163425,-0.2143582,-0.7319409,0.1502428,-0.051559113,0.46601802,-0.38982865,0.0,1.1830001,-1.541,3.1416,2.742,-1.56901,0.67779565,-0.16489515,1.3107576,-0.366,1.246728,1.0141104,0.63212764,0.028817458,0.13145205,0.19309916,1.3875436,-0.366,0.7381463,0.0155030005,1.3851578,-0.366,0.0,0.0,0.0,0.0,0.0,0.0,0.0,0.0,0.0,0.0,0.0,0.0,0.0,0.0,0.0,0.0
2.3340799e-05,1.1574554,-1.5208534,3.1407158,2.7420137,-1.5690051,0.6829886,-0.2044074,1.2564752,-0.25639814,1.2959943,0.9397884,0.6733078,0.15657468,0.18447685,0.1973674,1.2696604,-0.36599892,0.9088097,0.12826617,1.3904108,-0.35442743,0.340989,0.25121284,-0.07921632,0.44073913,-0.29040873,0.15595472,0.12769723,-0.04800453,-0.07235956,0.6453944,-0.0076703727,-0.7964906,0.14322074,0.7555584,0.9896445,0.4413233,-0.6701807,-0.54104644,0.61081034,0.04297337,-0.03584075,-0.32860786,1e-05,1.1830001,-1.54101,3.14161,2.742,-1.569,0.7037314,-0.17464505,1.2960612,-0.23491797,1.2451701,0.8523402,0.6612163,0.18227421,0.3324526,0.2827336,1.2514273,-0.366,0.8622042,0.024231054,1.3778784,-0.366,0.0,0.0,0.0,0.0,0.0,0.0,0.0,0.0,0.0,0.0,0.0,0.0,0.0,0.0,0.0,0.0
3.5616828e-05,1.1574566,-1.5208564,3.1407225,2.7420132,-1.5690049,0.7337519,-0.21380937,1.2143835,-0.13261,1.2884012,0.8647548,0.7268541,0.33251682,0.3406768,0.25884023,1.0913575,-0.36599892,0.9658382,0.157463,1.2856774,-0.36484116,0.38910538,0.48747265,-0.26767084,0.36711568,-0.28575647,0.6369357,0.111713246,-0.32144713,-0.5597889,0.5763288,0.047105324,-0.67911714,0.7760153,0.9511117,0.9485562,0.3726003,-0.82180095,-0.9082093,0.29596174,0.4815638,-0.7371876,-0.41583017,1e-05,1.1830001,-1.54101,3.14161,2.742,-1.569,0.7269827,-0.24154902,1.1795503,-0.11496457,1.2549744,0.7109931,0.8227312,0.3802325,0.52987903,0.36028424,1.0803828,-0.366,0.9238038,0.124460675,1.2244449,-0.366,0.0,0.0,0.0,0.0,0.0,0.0,0.0,0.0,0.0,0.0,0.0,1.0,0.0,0.0,0.0,0.0
2.9571167e-05,1.1574548,-1.5208529,3.1407259,2.7420137,-1.5690088,0.72172856,-0.26086715,1.101256,-0.21242027,1.2002373,0.8338894,0.75864744,0.47435588,0.35584298,0.25803787,0.9194143,-0.36599892,0.8279078,0.24733779,1.1124132,-0.3657654,0.12921919,0.38417733,0.16748184,0.20598403,-0.286939,0.8243265,0.17319648,-0.29577228,-0.8854187,-0.653219,-0.51451916,-0.45760933,0.74047494,0.9654684,-0.29905963,-0.46284777,-0.9312202,-0.9816419,-0.64588165,0.8963128,-0.9474375,-0.78697896,1e-05,1.1830001,-1.541,3.14161,2.742,-1.569,0.760157,-0.29820165,1.0099559,-0.24008307,1.1564226,0.623342,0.96456283,0.5651597,0.47259673,0.27162972,0.90201557,-0.366,0.80009073,0.2961417,1.0429714,-0.366,0.0,0.0,0.0,0.0,0.0,0.0,0.0,0.0,0.0,0.0,0.0,1.0,0.0,0.0,0.0,0.0
2.6231295e-05,1.1574512,-1.52085,3.140725,2.7420144,-1.569011,0.7679054,-0.24724962,0.92255735,-0.346814,1.2509614,0.79370016,0.8479997,0.5991717,0.23262905,0.14171436,0.7233479,-0.36599892,0.7042095,0.35026756,0.93103564,-0.36593494,0.35270974,0.012004577,0.112270236,0.56482404,-0.14725357,0.9648653,0.5592347,0.28186896,-0.97708374,-0.7272141,0.34444568,-0.3739155,0.6900123,0.59479046,-0.8307946,-0.89256954,-0.89694643,-0.99026316,-0.52703816,0.5833745,-0.95950764,-0.68009895,1e-05,1.1830001,-1.541,3.14161,2.742,-1.569,0.8751274,-0.24025355,0.8090819,-0.366,1.2272356,0.54647046,1.1064192,0.6874398,0.30179763,0.08813059,0.7176166,-0.366,0.69173944,0.4160749,0.84571075,-0.366,0.0,0.0,0.0,0.0,0.0,0.0,0.0,0.0,0.0,0.0,0.0,0.0,0.0,0.0,0.0,0.0
-1.3646704e-05,1.1574302,-1.5207744,3.1406913,2.7420552,-1.5690112,0.88254,-0.22671649,0.7161341,-0.3630571,1.3918608,0.70565397,1.0889219,0.67113984,0.12945598,-0.035080593,0.5373606,-0.36599904,0.6693445,0.40724707,0.7352857,-0.3659683,0.62697303,-0.0897513,-0.23014432,0.906233,-0.55935496,0.7003463,0.84918654,0.19376847,-0.99541676,-0.6781284,0.6400892,-0.5415645,0.72002876,0.0158633,-0.9661589,-0.75272024,-0.9031091,-0.89675415,-0.017660297,0.2845956,-0.95583177,-0.9110893,1e-05,1.183,-1.54101,3.14161,2.742,-1.569,1.0441977,-0.20167488,0.61089766,-0.366,1.3546753,0.4386467,1.2497746,0.69059813,0.109438494,-0.06173359,0.5378105,-0.366,0.6882233,0.47273698,0.6554077,-0.366,0.0,0.0,0.0,0.0,0.0,0.0,0.0,0.0,0.0,0.0,0.0,0.0,0.0,0.0,0.0,0.0
2.5680873e-05,1.1574513,-1.52085,3.1407177,2.742014,-1.5690109,0.9687418,-0.18821691,0.54912215,-0.36382183,1.3953443,0.49799585,1.3018224,0.5517346,-0.02297609,-0.14138775,0.6544871,-0.36599904,0.801599,0.43297315,0.5391894,-0.36595595,0.069399916,0.42661,0.08739188,0.98062384,-0.46040303,0.02395314,-0.27194977,0.35504308,-0.6263503,-0.46001288,0.019029818,-0.84757984,0.67714083,-0.7666438,-0.89933336,-0.4654481,0.59314156,-0.22997107,0.79646796,-0.1661886,-0.943117,-0.9603374,1e-05,1.1830001,-1.541,3.14161,2.742,-1.569,0.98738694,-0.12750584,0.4800521,-0.366,1.3586507,0.26158598,1.3912303,0.5304451,-0.07843362,-0.1589664,0.66171867,-0.366,0.8546067,0.43801993,0.45838916,-0.366,0.0,0.0,0.0,0.0,0.0,0.0,0.0,0.0,0.0,0.0,0.0,0.0,0.0,0.0,0.0,0.0
2.510429e-05,1.1574527,-1.5208511,3.1407135,2.7420137,-1.5690053,0.8908726,-0.14308764,0.5790143,-0.36354733,1.5019243,0.43635172,1.4378167,0.3965382,-0.14799985,-0.14821555,0.82622844,-0.36599904,0.94975775,0.41026977,0.5012904,-0.36595798,-0.65147185,0.38570243,0.22084159,-0.28156173,0.41034812,0.3413288,-0.85438997,0.5221481,0.67472994,-0.60496217,0.78501344,0.61110854,0.4980865,-0.76186216,-0.52527773,0.04665239,0.8836774,-0.3579512,0.6174569,-0.81103456,-0.13395403,-0.8017903,0.0,1.1830001,-1.541,3.1416,2.7421,-1.569,0.81717396,-0.023482636,0.6144729,-0.366,1.5150423,0.38333204,1.4904599,0.37866566,-0.18308032,-0.14967224,0.83776635,-0.366,0.9776175,0.2764443,0.4317026,-0.366,0.0,0.0,0.0,0.0,0.0,0.0,0.0,0.0,0.0,0.0,0.0,0.0,0.0,0.0,0.0,0.0
2.8753071e-05,1.1574516,-1.5208516,3.1407144,2.7420137,-1.5690107,0.74577594,-0.16586828,0.7090213,-0.36599767,1.6519841,0.49538377,1.400209,0.37833777,-0.25049332,-0.1074982,1.017566,-0.36599904,0.91019344,0.29325986,0.5658413,-0.36595917,-0.9003474,-0.10652255,-0.3129532,-0.016281445,0.235917,0.3462378,-0.63766766,-0.013978228,0.8936505,-0.5727288,0.83437276,0.89650524,-0.666714,0.017331928,-0.5088558,0.27135152,0.9468391,-0.8345399,-0.5305856,-0.6566442,0.7732092,-0.72450835,0.0,1.183,-1.54101,3.1416,2.7421,-1.569,0.69299513,-0.026204742,0.7885016,-0.366,1.6775273,0.55791664,1.3606247,0.38204086,-0.28217444,-0.09682949,1.0221529,-0.366,0.8742917,0.14856997,0.5822767,-0.366,0.0,0.0,0.0,0.0,0.0,0.0,0.0,0.0,0.0,0.0,0.0,0.0,0.0,0.0,0.0,0.0
3.1369877e-05,1.1574515,-1.5208511,3.1407163,2.7420137,-1.5690082,0.5953079,-0.19864668,0.85690945,-0.36599657,1.5774843,0.63591754,1.2468557,0.3743073,-0.28701538,-0.039482757,1.2145466,-0.36599904,0.80525196,0.27611998,0.6822673,-0.36596134,-0.9800695,-0.68272144,-0.22844636,0.20095363,0.15853003,0.41826653,-0.6038658,-0.19292377,0.9578283,-0.8489594,-0.58069205,0.9491,-0.9333428,-0.047969095,-0.05686867,0.360329,0.98936784,-0.91724956,-0.5948732,0.13776323,0.9546419,-0.2900547,0.0,1.183,-1.54101,3.14161,2.7421,-1.569,0.572599,-0.06466905,0.9794693,-0.366,1.5617515,0.7471441,1.1745389,0.372477,-0.29351267,-0.024988651,1.2194088,-0.366,0.7556885,0.17603661,0.77260906,-0.366,0.0,0.0,0.0,0.0,0.0,0.0,0.0,0.0,0.0,0.0,0.0,0.0,0.0,0.0,0.0,0.0
2.8754872e-05,1.1574514,-1.5208501,3.1407158,2.7420137,-1.5690107,0.48980987,-0.20999967,1.0306267,-0.3630776,1.4467723,0.78478855,1.1665334,0.33258364,-0.18243097,0.053834725,1.4183527,-0.36599904,0.71845317,0.28181016,0.8577226,-0.33188918,-0.83961713,-0.4038827,-0.08495559,-0.38698995,-0.38482004,0.5743776,-0.38654482,-0.16613673,0.9915657,-0.8189672,-0.90153986,0.98328483,-0.96863765,-0.5585836,0.7514037,0.48112458,0.9978736,-0.98344994,-0.48201025,0.33599532,0.9849114,0.23567003,0.0,1.183,-1.54101,3.1416,2.742,-1.569,0.4933545,-0.098728284,1.1827475,-0.366,1.3769293,0.9487246,0.97596115,0.2579633,-0.13946949,0.07364536,1.42398,-0.366,0.6568729,0.24491808,0.974523,-0.31768593,0.0,0.0,0.0,0.0,0.0,0.0,0.0,0.0,0.0,1.0,0.0,0.0,0.0,0.0,0.0,0.0
1.7814331e-05,1.1574494,-1.520845,3.1407053,2.742014,-1.5690109,0.48315865,-0.20507637,1.1651446,-0.3629459,1.3669777,0.8780902,1.1223043,0.29825193,-0.11982607,0.12069698,1.4120834,-0.3660034,0.72119564,0.27607998,0.96492696,-0.34035268,0.02631639,-0.1027482,0.00894467,0.015718564,-0.35801706,-0.25494587,0.07032952,-0.18347055,0.6343149,-0.30767623,-0.753974,0.22048756,-0.962878,-0.4247605,0.8521477,0.4325251,0.19975105,-0.6909379,-0.14514807,0.096417926,0.5285803,-0.12034428,1e-05,1.183,-1.541,3.14161,2.742,-1.56901,0.50674707,-0.13366581,1.3035374,-0.366,1.2333531,0.99071115,0.7926043,0.17707795,0.022801414,0.1560093,1.4620178,-0.366,0.629233,0.26327854,1.0751784,-0.34060258,0.0,0.0,0.0,0.0,0.0,0.0,0.0,0.0,0.0,1.0,0.0,0.0,0.0,0.0,0.0,0.0
1.8721857e-05,1.1574496,-1.5208471,3.140708,2.7420137,-1.5690109,0.4934304,-0.20169167,1.2302396,-0.35658416,1.297035,0.927902,0.982242,0.31908068,0.018676316,0.18141782,1.3151222,-0.366006,0.77249056,0.25096247,1.0597157,-0.3622265,0.3100163,-0.03466115,0.26121578,0.43307316,-0.28432244,-0.19566728,0.2163842,0.00043572485,0.2394959,0.043772824,-0.53396195,-0.47554287,-0.63443947,0.28256822,0.9302891,0.33781,-0.5929914,-0.7419351,0.19807915,-0.22547486,0.22892922,-0.46254885,1e-05,1.183,-1.541,3.14161,2.742,-1.56901,0.54943824,-0.13357985,1.3507884,-0.3573639,1.128006,0.8968897,0.6674336,0.23282678,0.20634127,0.22265697,1.3450245,-0.366,0.6683127,0.21879385,1.1203446,-0.366,0.0,0.0,0.0,0.0,0.0,0.0,0.0,0.0,0.0,1.0,0.0,0.0,0.0,0.0,0.0,0.0
2.0372909e-05,1.1574525,-1.5208493,3.1407115,2.7420135,-1.5690053,0.5362452,-0.20143698,1.1869047,-0.3125924,1.2706093,0.93507135,0.8410791,0.37799186,0.20712167,0.21270832,1.1725296,-0.366001,0.8101034,0.2328755,1.0816792,-0.36497036,0.35205877,0.24908379,0.28266272,0.67982185,-0.6107447,-0.19780895,0.4172431,-0.11646836,-0.43321258,0.36250743,0.19619074,-0.7104504,0.39649332,0.68504626,0.9207081,0.16294226,-0.76990557,-0.68515944,0.592646,-0.024867648,-0.03789758,-0.54085636,1e-05,1.1830001,-1.541,3.14161,2.742,-1.56901,0.63346714,-0.1570355,1.2635434,-0.28435826,1.167517,0.7538116,0.7472837,0.37078875,0.39176333,0.25547203,1.1899726,-0.366,0.78766614,0.21378574,1.1127124,-0.366,0.0,0.0,0.0,0.0,0.0,0.0,0.0,0.0,0.0,1.0,0.0,0.0,0.0,0.0,0.0,0.0
2.3556098e-05,1.1574532,-1.520851,3.1407168,2.7420137,-1.5690072,0.60068864,-0.2303759,1.11412,-0.3154091,1.2404009,0.890333,0.81930137,0.45947284,0.30925834,0.22154081,1.0065914,-0.36600077,0.807308,0.2536276,1.0440538,-0.36595234,0.5671751,0.4868524,-0.019072,0.42262012,-0.92214894,0.4526385,0.535855,-0.52460194,-0.8668974,-0.12238132,0.03629032,-0.7131401,0.8792987,0.66982615,0.3951279,-0.010630108,-0.800913,-0.77624893,0.08651337,0.38118413,-0.50713533,-0.7280791,1e-05,1.1830001,-1.54101,3.14161,2.742,-1.569,0.74230117,-0.26358402,1.0874734,-0.30921435,1.1748877,0.60897034,0.9258723,0.50683284,0.4720152,0.25331303,1.0273044,-0.366,0.8052373,0.29120559,1.0097114,-0.366,0.0,0.0,0.0,0.0,0.0,0.0,0.0,0.0,0.0,1.0,0.0,0.0,0.0,0.0,0.0,0.0
2.3273666e-05,1.1574531,-1.5208507,3.1407151,2.7420137,-1.5690051,0.7516222,-0.30705214,0.97449386,-0.36116257,1.2811394,0.76786834,0.96073294,0.5667058,0.30859187,0.17762074,0.86868757,-0.36599964,0.7424839,0.33718643,0.90336484,-0.36596543,0.62855375,0.47232217,-0.27040774,0.13495976,-0.98442984,0.6208774,0.8261631,-0.5989445,-0.9167651,-0.8244763,0.19159071,-0.6263591,0.7650054,0.4253021,-0.5140743,-0.45014924,-0.7904709,-0.7408315,-0.35544974,0.5432577,-0.9014271,-0.902339,1e-05,1.1830001,-1.54101,3.14161,2.742,-1.569,0.9130334,-0.38736,0.8980176,-0.366,1.2144812,0.47952893,1.0839659,0.5947244,0.3657782,0.1602866,0.86394817,-0.366,0.7317812,0.40347353,0.8234253,-0.366,0.0,0.0,0.0,0.0,0.0,0.0,0.0,0.0,0.0,1.0,0.0,0.0,0.0,0.0,0.0,0.0
2.818818e-05,1.1574525,-1.5208515,3.1407216,2.7420135,-1.5690051,0.93701184,-0.36855686,0.8146898,-0.3648883,1.389434,0.6080001,1.107521,0.5684561,0.25371185,0.04528621,0.73780555,-0.36599836,0.74901026,0.37905493,0.7263279,-0.3659687,0.71387076,0.89446443,0.2733371,-0.4289833,-0.996886,0.25948113,0.6229782,-0.2560139,-0.96215963,-0.844355,0.8350224,-0.36364692,0.5316774,-0.14432877,-0.44120955,-0.7360792,-0.57659405,-0.2155202,0.11356675,0.17881016,-0.97883034,-0.7873477,1e-05,1.1830001,-1.541,3.1416,2.742,-1.569,1.0325538,-0.43647707,0.71342427,-0.366,1.3746829,0.40976214,1.1859698,0.5670345,0.2811308,0.019067511,0.7533268,-0.366,0.7535693,0.43777883,0.63563365,-0.366,0.0,0.0,0.0,0.0,0.0,0.0,0.0,0.0,0.0,0.0,0.0,0.0,0.0,0.0,0.0,0.0
2.8056214e-05,1.1574565,-1.5208539,3.1407192,2.7420137,-1.5690054,0.98058426,-0.32426783,0.6479151,-0.3659029,1.5358018,0.49353918,1.2209575,0.48916757,0.20848794,-0.08181946,0.79938316,-0.3659983,0.8874739,0.35192478,0.5515574,-0.36597022,0.5773176,0.9349005,0.841989,-0.7498138,-0.99937725,0.31827137,-0.19448459,0.5822303,-0.99243194,-0.968871,0.9670045,-0.019548655,0.526773,-0.43291825,-0.34548786,-0.65167063,0.31211954,-0.0037777796,0.8118301,-0.34811044,-0.9957661,-0.542433,1e-05,1.1830001,-1.541,3.1416,2.742,-1.569,0.9950271,-0.32413316,0.52193016,-0.366,1.5612707,0.40599015,1.287613,0.48350102,0.21446739,-0.10667519,0.8135516,-0.366,0.9102155,0.3706094,0.44349623,-0.366,0.0,0.0,0.0,0.0,0.0,0.0,0.0,0.0,0.0,1.0,0.0,0.0,0.0,0.0,0.0,0.0
3.1561485e-05,1.1574533,-1.5208529,3.1407223,2.7420154,-1.5690107,0.895959,-0.21421462,0.57817286,-0.36594483,1.7009662,0.5161868,1.2020856,0.38138914,0.08804113,-0.102810085,0.9650828,-0.265815,0.9640653,0.2226752,0.48301268,-0.36597347,0.34610057,0.24527837,0.7046812,-0.40497476,-0.9998755,0.26052168,-0.81910354,0.65674436,0.2677088,-0.89191467,0.9910093,0.7960903,-0.6009064,-0.60529935,-0.8690976,0.044305757,0.8076017,0.6119372,0.29762453,-0.8696221,0.24687897,-0.46539915,1e-05,1.1830001,-1.541,3.1416,2.742,-1.569,0.83463174,-0.19553064,0.57435244,-0.366,1.7553284,0.56187916,1.1699446,0.36497235,0.044282243,-0.09799932,0.9716947,-0.24617153,0.9684958,0.20032154,0.49183962,-0.366,0.0,0.0,0.0,0.0,0.0,0.0,0.0,0.0,0.0,1.0,0.0,0.0,0.0,0.0,0.0,0.0
2.7881553e-05,1.1574514,-1.5208435,3.1407695,2.7420146,-1.5690125,0.84632564,-0.20174217,0.65542465,-0.36596766,1.7220731,0.5897305,1.0615454,0.2795993,-0.058170836,-0.079045504,1.1528261,-0.24614578,0.88101405,0.12534538,0.5993224,-0.3659755,-0.1560381,-0.43206874,0.3449887,-0.102894224,-0.33579707,0.1579525,-0.31522346,0.16863002,0.66695386,-0.65701586,0.35586423,0.8700758,-0.8712353,-0.48260313,-0.6754718,0.12944846,0.9615204,0.028251044,-0.44840026,-0.61180604,0.7224398,-0.33278742,0.0,1.183,-1.541,3.1416,2.742,-1.569,0.7707264,-0.16134422,0.7095642,-0.366,1.8274729,0.7382699,0.9933188,0.26713407,-0.092656374,-0.07175619,1.1666241,-0.24044418,0.87759143,0.0762899,0.63830006,-0.366,0.0,0.0,0.0,0.0,0.0,0.0,0.0,0.0,0.0,1.0,0.0,0.0,0.0,0.0,0.0,0.0
2.4287427e-05,1.1574597,-1.5208542,3.1407182,2.7420137,-1.5690113,0.8339881,-0.21944815,0.78043926,-0.36599693,1.6789887,0.7104864,0.884004,0.1357436,-0.09490506,-0.06285139,1.2977502,-0.352757,0.7775176,0.10584316,0.7435984,-0.3659764,-0.07424593,-0.76338387,0.43012002,0.16691856,0.39526972,0.08023646,-0.06970114,-0.019171927,0.8947925,-0.48209935,-0.56316423,0.83966595,-0.9742471,-0.8024841,0.15489058,0.12469888,0.82009804,-0.7943498,-0.52609223,-0.23061205,0.6803022,-0.059173483,0.0,1.183,-1.541,3.14161,2.7421,-1.569,0.7574493,-0.16499619,0.8800092,-0.366,1.7201984,0.8982141,0.8077389,0.114272535,-0.06315197,-0.04800287,1.3228408,-0.366,0.7773785,0.03236166,0.7678877,-0.366,0.0,0.0,0.0,0.0,0.0,0.0,0.0,0.0,0.0,0.0,0.0,0.0,0.0,0.0,0.0,0.0
3.0331921e-05,1.1574503,-1.5208529,3.1407177,2.7420144,-1.5690107,0.88271254,-0.23509118,0.96727645,-0.36599818,1.550943,0.8494489,0.6901032,0.05176014,-0.06939576,-0.041312236,1.4209543,-0.36578172,0.7740079,0.1393578,0.9319418,-0.3659767,0.56249917,-0.36330628,0.076370575,0.0702121,0.22067302,-0.2022984,-0.028846785,0.068250015,0.9789585,-0.27644098,-0.9126329,0.27406305,-0.96060693,-0.33558467,0.8124038,0.30612037,0.8995818,-0.9438428,-0.11592751,-0.17405753,0.9360604,-0.27788654,1e-05,1.183,-1.541,3.14161,2.7421,-1.56901,0.7514488,-0.15079933,1.0836449,-0.366,1.5303593,0.95522267,0.6079206,0.044466704,0.105838224,0.015674017,1.5099652,-0.366,0.7532641,-0.0038444921,0.96260005,-0.366,0.0,0.0,0.0,0.0,0.0,0.0,0.0,0.0,0.0,1.0,0.0,0.0,0.0,0.0,0.0,0.0
3.1038082e-05,1.1574587,-1.5208571,3.1407244,2.7420137,-1.5690107,0.9665586,-0.2556708,1.0705124,-0.3578305,1.3961442,0.84308195,0.5543279,0.17171994,0.07257439,-0.0070591616,1.3725604,-0.3658248,0.8300794,0.15269606,1.0401179,-0.36598602,0.75755435,-0.0023471415,0.11482385,0.7356951,0.14525495,-0.34368426,0.3268057,-0.027427178,0.27244943,0.039234385,-0.8120412,-0.71939194,-0.48801818,0.7328831,0.95641136,0.12831867,-0.3522805,-0.6472689,0.31566495,-0.07751156,0.46045923,-0.4885223,1e-05,1.183,-1.541,3.14161,2.7421,-1.56901,0.81930006,-0.15649375,1.1402107,-0.35785416,1.3617636,0.8058628,0.5065984,0.19662762,0.30440798,0.04231549,1.4368248,-0.366,0.81880236,-0.019937413,1.0582005,-0.366,0.0,0.0,0.0,0.0,0.0,0.0,0.0,0.0,0.0,0.0,0.0,0.0,0.0,0.0,0.0,0.0
2.5171797e-05,1.1574589,-1.5208565,3.140719,2.7420137,-1.5690107,1.0020344,-0.2529599,1.0292817,-0.2194348,1.3727587,0.7766877,0.5958948,0.35644013,0.20407136,0.06308077,1.2076644,-0.36584848,0.86330914,0.18616287,1.0276527,-0.36598587,0.561525,0.31492662,0.6492517,0.26084283,-0.37709123,0.72718155,-0.17935912,-0.47718644,-0.7153381,0.8078469,-0.12098431,-0.62482125,0.665141,0.94657665,0.98290014,0.5011108,-0.81192017,-0.890236,-0.06395876,0.4907662,-0.2272,-0.39191952,1e-05,1.1830001,-1.541,3.14161,2.742,-1.569,0.78441036,-0.24931812,1.0010601,-0.20070828,1.3382292,0.68431985,0.63598454,0.3807598,0.49560598,0.13979372,1.2788866,-0.366,0.80636084,0.075528555,1.0140046,-0.366,0.0,0.0,0.0,0.0,0.0,0.0,0.0,0.0,0.0,0.0,0.0,0.0,0.0,0.0,0.0,0.0
1.4753312e-05,1.1574522,-1.5208461,3.140712,2.742014,-1.5690107,0.91963184,-0.30206254,0.9165238,-0.23982838,1.2942561,0.76386154,0.6973012,0.5226648,0.24812908,0.12843053,1.0622011,-0.36586016,0.7315004,0.23360237,0.9251346,-0.36598614,0.029346459,0.54835993,0.68490195,-0.26089025,-0.6058127,0.9002688,-0.05678817,-0.57665575,-0.94083357,-0.28391272,-0.8241969,-0.35282254,0.9330282,0.98931533,-0.2639557,0.020918913,-0.83708066,-0.97804725,-0.71286756,0.89815325,-0.84544003,-0.33641416,1e-05,1.1830001,-1.541,3.1416,2.742,-1.569,0.7733287,-0.3618468,0.8174658,-0.25611106,1.1773953,0.61547005,0.81805575,0.5738149,0.44409764,0.14387584,1.1155386,-0.366,0.66725177,0.2507943,0.8490253,-0.366,0.0,0.0,0.0,0.0,0.0,0.0,0.0,0.0,0.0,0.0,0.0,0.0,0.0,0.0,0.0,0.0
2.0227719e-05,1.1574517,-1.5208482,3.1407166,2.7420137,-1.5690107,0.9086114,-0.31050193,0.7421535,-0.34929252,1.2765977,0.73095524,0.80217475,0.5877879,0.17132384,0.025586395,0.8988736,-0.36589122,0.6292658,0.33504587,0.74448836,-0.34861946,-0.27330604,0.8183445,0.019143246,-0.2782801,-0.92116255,0.75226337,0.7784625,0.0982909,-0.98816675,-0.8352661,-0.12904163,-0.57778794,0.9735564,0.36783957,-0.85279113,-0.79581624,-0.9125156,-0.99560946,-0.2474033,0.76414937,-0.95750767,0.101512246,0.0,1.1830001,-1.541,3.1416,2.742,-1.569,0.93079793,-0.3419643,0.61757714,-0.366,1.1512926,0.49859378,1.014989,0.6482224,0.2715931,-0.017103717,0.93095285,-0.366,0.61720645,0.4053682,0.65533847,-0.34546587,0.0,0.0,0.0,0.0,0.0,0.0,0.0,0.0,0.0,0.0,0.0,1.0,0.0,0.0,0.0,0.0
1.8254803e-05,1.1574509,-1.5208465,3.140706,2.7420135,-1.568993,1.0075918,-0.26599792,0.5413762,-0.36307833,1.3430041,0.67702496,0.98489636,0.60081816,0.048689276,-0.15570281,0.7152643,-0.3659106,0.63664377,0.3983192,0.5386373,-0.36257392,0.12612611,-0.13580039,-0.064378336,-0.09258925,-0.7187129,0.6560714,0.8057905,0.45414162,-0.93990123,-0.87251204,0.6264623,-0.21836695,0.9947113,-0.0024064034,-0.9705582,-0.95916325,-0.96571875,-0.99760884,0.31695145,0.23571306,-0.978721,-0.19765379,1e-05,1.183,-1.54101,3.1416,2.742,-1.569,1.0940135,-0.24997644,0.4271971,-0.366,1.2781845,0.45436284,1.2164711,0.64773494,0.07500337,-0.21138535,0.73534334,-0.366,0.681406,0.45311266,0.45709532,-0.366,0.0,0.0,0.0,0.0,0.0,0.0,0.0,0.0,0.0,0.0,0.0,1.0,0.0,0.0,0.0,0.0
1.7371834e-05,1.1574491,-1.5208445,3.1407096,2.7421036,-1.5690053,1.041463,-0.1802539,0.3191993,-0.3651479,1.3836132,0.56406724,1.1697558,0.52031446,-0.088053174,-0.2130147,0.70147705,-0.36593577,0.74408185,0.41100565,0.32940298,-0.36520538,0.43685547,0.42194843,0.071360394,0.7728961,-0.7594675,0.66531324,-0.16808946,0.8908283,-0.900824,-0.5773238,0.45125175,-0.7002614,0.98085546,-0.43591082,-0.96680045,-0.38816157,-0.19770421,-0.9995218,0.8633903,-0.28432345,-0.9957442,-0.7323099,1e-05,1.1830001,-1.541,3.14161,2.742,-1.569,1.0591985,-0.065466836,0.24061717,-0.366,1.3716484,0.30932373,1.4196272,0.5574485,-0.1252417,-0.29178193,0.6943946,-0.366,0.86023265,0.39422318,0.2508554,-0.366,0.0,0.0,0.0,0.0,0.0,0.0,0.0,0.0,0.0,0.0,0.0,0.0,0.0,0.0,0.0,0.0
-1.0766658e-05,1.1574149,-1.5207529,3.1406698,2.7420142,-1.5690051,1.0329758,-0.1701365,0.33989957,-0.36069208,1.5214064,0.5359994,1.3431453,0.47364166,-0.216027,-0.19325183,0.8300008,-0.3659554,0.8620963,0.37629855,0.3206362,-0.36581594,-0.49598253,0.4939049,0.26976633,0.19565664,0.23555738,0.19930542,-0.55878055,0.70266205,0.5863313,-0.7377186,0.8388639,0.65994775,0.24488553,-0.3400913,-0.63862085,0.28284666,0.7604592,-0.69933987,0.4918853,-0.83291984,0.103137836,-0.90911067,0.0,1.1830001,-1.541,3.14161,2.7421,-1.569,0.9437279,0.079736516,0.36178106,-0.366,1.5449976,0.4457003,1.4702321,0.4871695,-0.2572111,-0.23333238,0.8515416,-0.366,0.9618795,0.22210237,0.27216858,-0.366,0.0,0.0,0.0,0.0,0.0,0.0,0.0,0.0,0.0,0.0,0.0,0.0,0.0,0.0,0.0,0.0
3.227499e-05,1.1574541,-1.5208535,3.1407177,2.7420135,-1.5690053,0.971686,-0.20286877,0.4759886,-0.36488423,1.659152,0.568768,1.3606151,0.42796618,-0.2938125,-0.16313529,1.0248952,-0.3659661,0.87725693,0.3104228,0.42035237,-0.3658669,-0.87503934,0.16837227,-0.4969569,0.784474,-0.10563274,-0.31262386,-0.28742677,-0.2500502,0.91726625,-0.74772346,0.6989245,0.93081045,-0.70975065,-0.3709776,-0.43492696,0.32558978,0.9520919,-0.82685745,-0.2775209,-0.24733612,0.78079957,-0.93296885,0.0,1.1830001,-1.54101,3.14161,2.742,-1.56901,0.88466483,0.028353933,0.55026925,-0.366,1.6886189,0.6369717,1.3243861,0.41093767,-0.314,-0.16642722,1.047186,-0.366,0.904852,0.1712775,0.4326144,-0.366,0.0,0.0,0.0,0.0,0.0,0.0,0.0,0.0,0.0,0.0,0.0,0.0,0.0,0.0,0.0,0.0
3.311322e-05,1.157453,-1.5208529,3.1407185,2.7420135,-1.5690056,0.90632665,-0.20193908,0.6428136,-0.3651925,1.6390054,0.5783186,1.3640401,0.40237203,-0.2804788,-0.062083807,1.2443217,-0.36596978,0.83927155,0.2919585,0.5653471,-0.3659456,-0.96071506,-0.21951148,0.093859255,0.6564888,0.0041035023,0.045655273,-0.25865242,-0.36736614,0.9834533,-0.7542886,-0.5231515,0.9861621,-0.9417307,-0.48202124,0.20951717,0.6216541,0.9904184,-0.9651344,-0.30267248,0.40141612,0.95615995,-0.07630963,0.0,1.183,-1.541,3.14161,2.7421,-1.569,0.8304129,-0.048700508,0.756547,-0.366,1.5788888,0.8438176,1.1268597,0.3098345,-0.27005413,-0.036036313,1.2549247,-0.366,0.84136695,0.25547385,0.6331674,-0.366,0.0,0.0,0.0,0.0,0.0,0.0,0.0,0.0,0.0,0.0,0.0,0.0,0.0,0.0,0.0,0.0
2.457062e-05,1.1574515,-1.5208517,3.1407092,2.742014,-1.5690107,0.88824743,-0.20887707,0.8266589,-0.36599022,1.4715945,0.7934898,1.1899644,0.29864207,-0.2767587,0.051308803,1.3743715,-0.36590946,0.81576043,0.32022944,0.7383863,-0.33647656,-0.9583874,-0.2098571,0.45438707,0.39976203,0.100468405,0.4642006,-0.1271975,-0.28614497,0.97087675,-0.78524756,-0.9046303,0.99723244,-0.97710484,-0.38371184,0.83829516,0.5921626,0.9980837,-0.9220136,-0.6210996,0.3306771,0.99123204,0.173428,0.0,1.183,-1.541,3.14161,2.7421,-1.569,0.80510867,-0.10562532,0.9496902,-0.366,1.3989244,1.042204,0.93247736,0.23350003,-0.10328624,0.081766725,1.4534804,-0.366,0.7178073,0.32125774,0.83036005,-0.33149874,0.0,0.0,0.0,0.0,0.0,0.0,0.0,0.0,0.0,0.0,0.0,0.0,0.0,0.0,0.0,0.0
3.172669e-05,1.1574552,-1.5208546,3.1407213,2.7420137,-1.569006,0.88965636,-0.22094361,0.99890226,-0.36599672,1.255481,0.9704059,0.89866066,0.16188022,-0.2322489,0.08417626,1.3953855,-0.3658995,0.83448917,0.32735538,0.90009916,-0.31344768,-0.54926753,0.18812278,0.8908774,0.2735845,-0.120612726,-0.20568807,-0.0667046,-0.13770534,0.8321441,-0.47960466,-0.9598481,0.1743361,-0.9503117,-0.4306094,0.96765906,0.3029173,0.34642732,-0.9844027,-0.28308722,-0.00980664,0.78931916,0.097972214,0.0,1.1830001,-1.541,3.14161,2.742,-1.56901,0.7911788,-0.13438211,1.1234657,-0.366,1.1984807,1.0786104,0.7340252,0.1435765,0.098788574,0.14502451,1.5258243,-0.366,0.65869063,0.31920984,0.9951924,-0.31103936,0.0,0.0,0.0,0.0,0.0,0.0,0.0,0.0,0.0,0.0,0.0,0.0,0.0,0.0,0.0,0.0
2.6023057e-05,1.1574521,-1.5208523,3.140717,2.7420416,-1.5690054,0.976163,-0.22264358,1.0758449,-0.35758832,1.2576451,0.95102525,0.7026754,0.25673532,-0.059800293,0.14572367,1.3357285,-0.3659057,0.876825,0.29119307,0.99595904,-0.34192514,-0.25618994,0.19455747,0.47039956,0.53761756,-0.1935605,-0.027457867,0.40653515,0.061773032,0.30587757,-0.016639844,0.06300901,-0.7627747,-0.47194797,0.6653925,0.9466765,0.3384261,-0.4693246,-0.91796947,0.55220824,-0.48715577,0.29175273,-0.17737854,0.0,1.1830001,-1.541,3.14161,2.742,-1.56901,0.8751193,-0.12162735,1.1866226,-0.366,1.2114906,0.9211143,0.6365784,0.28096533,0.29425633,0.21490201,1.4289192,-0.366,0.7727094,0.21862295,1.0554329,-0.3476641,0.0,0.0,0.0,0.0,0.0,0.0,0.0,0.0,0.0,0.0,0.0,0.0,0.0,0.0,0.0,0.0
2.8423905e-05,1.15746,-1.5208579,3.1407228,2.7420254,-1.5690054,1.1022174,-0.2120537,1.0615131,-0.29478386,1.3032914,0.8407609,0.69843084,0.43903697,0.17592773,0.19016649,1.1989249,-0.36591208,0.8949772,0.27179632,1.0006089,-0.36416554,0.3268683,0.38702774,0.28553241,0.13857208,-0.16915898,0.5385965,0.37569427,-0.16214858,-0.35155103,0.48532578,0.28554595,-0.9313319,0.44091317,0.9226243,0.9378762,0.3247941,-0.85613614,-0.98359394,0.5664501,-0.1550712,-0.29608935,-0.34243712,1e-05,1.1830001,-1.541,3.14161,2.742,-1.569,0.9505123,-0.15416673,1.1160747,-0.2686066,1.268793,0.7342181,0.7250592,0.46611416,0.48246586,0.2800805,1.257113,-0.366,0.8863826,0.18750384,0.9960148,-0.366,0.0,0.0,0.0,0.0,0.0,0.0,0.0,0.0,0.0,0.0,0.0,0.0,0.0,0.0,0.0,0.0
4.202254e-05,1.1574577,-1.520853,3.140738,2.7420137,-1.5690054,1.0258179,-0.21611132,0.99018914,-0.30274197,1.1968021,0.83010787,0.6912247,0.5776061,0.2738006,0.19544964,1.045743,-0.3659171,0.83858865,0.2979809,0.90320635,-0.3656011,0.1633951,0.7775193,0.34557772,-0.46037948,-0.31654602,0.63740796,-0.082284726,-0.51370436,-0.81809914,-0.19177487,-0.46939957,-0.55872214,0.8825412,0.98452485,0.04715447,-0.24093853,-0.81118834,-0.9967188,-0.31546485,0.6187867,-0.79618895,-0.5373657,1e-05,1.1830001,-1.541,3.1416,2.742,-1.569,0.93329513,-0.26165354,0.9448967,-0.3087333,1.1705765,0.61731184,0.90972096,0.67211485,0.4923324,0.22966683,1.087381,-0.366,0.82037514,0.31697795,0.8294213,-0.366,0.0,0.0,0.0,0.0,0.0,0.0,0.0,0.0,0.0,0.0,0.0,0.0,0.0,0.0,0.0,0.0
5.102382e-05,1.1574508,-1.5208414,3.1407478,2.7420137,-1.5690109,0.9782519,-0.25152194,0.84281063,-0.35438707,1.1836382,0.75725543,0.7784712,0.7274379,0.20803154,0.09323971,0.88174456,-0.36592335,0.7213885,0.3635826,0.7335702,-0.36590886,0.053496428,0.44186348,0.06311172,-0.35608035,-0.36287075,0.5561459,0.23369215,-0.071520485,-0.9636198,-0.8041046,-0.15443839,-0.5134089,0.7178222,0.7312842,-0.7905691,-0.84818774,-0.82005954,-0.9521687,-0.56835645,0.5828764,-0.9444064,-0.64055204,1e-05,1.1830001,-1.541,3.1416,2.742,-1.569,0.980149,-0.27599296,0.7516968,-0.366,1.1396126,0.5143765,1.0536399,0.81873286,0.33382815,0.05961041,0.9229641,-0.366,0.70642316,0.43384108,0.6400736,-0.366,0.0,0.0,0.0,0.0,0.0,0.0,0.0,0.0,0.0,0.0,0.0,0.0,0.0,0.0,0.0,0.0
-1.4941703e-06,1.1574416,-1.5208186,3.1406987,2.7420137,-1.5690109,0.99425215,-0.23288201,0.67058575,-0.36380368,1.3090318,0.65506864,0.99836737,0.7740787,0.11224631,-0.100484736,0.70978135,-0.36593053,0.72548735,0.3972566,0.53566605,-0.36595297,0.14363816,0.3242848,-0.41887856,-0.070370294,-0.5428044,0.5858079,0.4430861,0.29036835,-0.9583375,-0.76461875,0.7097148,-0.40575922,0.808799,-0.060070217,-0.95811385,-0.9696376,-0.9640119,-0.9380453,0.14710006,0.023584068,-0.9888813,-0.6298624,1e-05,1.1830001,-1.54101,3.1416,2.742,-1.569,1.0702667,-0.21693595,0.55678385,-0.366,1.283959,0.43185055,1.2181387,0.8065154,0.13896069,-0.13760082,0.72689706,-0.366,0.73634136,0.43863776,0.43894845,-0.366,0.0,0.0,0.0,0.0,0.0,0.0,0.0,0.0,0.0,0.0,0.0,0.0,0.0,0.0,0.0,0.0
1.3760599e-05,1.1574483,-1.5208423,3.1407042,2.7420213,-1.5690053,0.96308535,-0.14454234,0.4854012,-0.36400115,1.4003648,0.62760496,1.0814817,0.6076229,-0.006347668,-0.16124216,0.72317857,-0.3659547,0.7764388,0.34816793,0.32895538,-0.36595833,0.50769603,0.39048547,-0.089416936,0.3420426,-0.6782502,0.5362724,-0.12433328,0.8580737,-0.62817585,-0.5099555,0.781547,-0.5054368,0.9617598,-0.7225869,-0.9643655,-0.3052662,-0.007658422,-0.8572772,0.7872042,-0.5340445,-0.99777627,-0.7751741,1e-05,1.1830001,-1.54101,3.14161,2.742,-1.569,1.0453935,-0.045275807,0.43111545,-0.366,1.4403098,0.33073646,1.4105415,0.66195977,-0.053963423,-0.19867021,0.725365,-0.366,0.89382386,0.3318006,0.23934041,-0.366,0.0,0.0,0.0,0.0,0.0,0.0,0.0,0.0,0.0,0.0,0.0,0.0,0.0,0.0,0.0,0.0
4.025587e-05,1.15745,-1.520849,3.1407292,2.742014,-1.5690106,0.99023044,-0.17094702,0.5207399,-0.35535067,1.5049347,0.62014866,1.1069609,0.47846186,-0.19534439,-0.13020502,0.87944496,-0.36596262,0.80268985,0.26128298,0.2831712,-0.3659591,-0.32921827,0.79824084,0.20463999,0.023170475,-0.019385524,-0.047410272,-0.19058652,0.6008927,0.6743648,-0.8031227,0.8544272,0.6850447,-0.030579254,-0.5744149,-0.9907413,0.33222923,0.7876426,-0.70251304,0.49126127,-0.8989163,0.32979608,-0.57603425,0.0,1.1830001,-1.541,3.14161,2.742,-1.56901,1.006206,0.078276806,0.56977504,-0.366,1.6159929,0.47159198,1.404254,0.5438514,-0.25767478,-0.13035887,0.88731617,-0.366,0.9948346,0.14696985,0.30715147,-0.366,0.0,0.0,0.0,0.0,0.0,0.0,0.0,0.0,0.0,0.0,0.0,0.0,0.0,0.0,0.0,0.0
3.1645806e-05,1.1574553,-1.5208554,3.1407142,2.7420137,-1.5690105,1.0410725,-0.18058318,0.6614236,-0.35542378,1.710131,0.65411955,1.1985463,0.45167184,-0.29181096,-0.09111137,1.0627437,-0.36596787,0.89376915,0.21514319,0.4134499,-0.36596075,-0.86584365,0.38562864,-0.0025922693,0.27091265,0.22468843,-0.29960668,-0.03460218,-0.24617621,0.91529787,-0.7001786,0.8316379,0.937009,-0.77881444,-0.4869695,-0.7196252,0.25775582,0.9258784,-0.92302257,-0.075422324,-0.19479698,0.82694787,-0.58721423,0.0,1.1830001,-1.54101,3.14161,2.7421,-1.56901,0.9995077,0.03062195,0.7469587,-0.366,1.7769816,0.6529784,1.2534908,0.44958368,-0.314,-0.08046243,1.066548,-0.366,0.9802343,0.109261006,0.46723226,-0.366,0.0,0.0,0.0,0.0,0.0,0.0,0.0,0.0,0.0,0.0,0.0,0.0,0.0,0.0,0.0,0.0
3.4126446e-05,1.1574564,-1.5208561,3.1407166,2.7420137,-1.5690092,1.0543005,-0.19374393,0.8325353,-0.35157657,1.6541562,0.7429302,1.1251864,0.32508492,-0.2739583,0.012973706,1.2534789,-0.36597097,0.88388246,0.20647585,0.60435677,-0.36596453,-0.9491106,-0.05340457,0.21881472,0.26275054,-0.05266817,-0.38789463,-0.20267786,-0.50778955,0.9830596,-0.94003576,-0.52542716,0.98740184,-0.9557629,-0.7420212,0.2665494,0.5962635,0.9706918,-0.9318469,-0.24189292,0.2564455,0.9356324,-0.2196455,0.0,1.183,-1.541,3.14161,2.742,-1.56901,0.9594443,-0.069753155,0.9412807,-0.366,1.67312,0.84815884,1.0645645,0.30290782,-0.261311,0.037401386,1.2584252,-0.366,0.9324192,0.15995276,0.65217936,-0.366,0.0,0.0,0.0,0.0,0.0,0.0,0.0,0.0,0.0,0.0,0.0,0.0,0.0,0.0,0.0,0.0
2.8360872e-05,1.1574558,-1.5208554,3.1407118,2.742014,-1.5690053,1.001434,-0.21559155,0.9894944,-0.35431033,1.5610012,0.9131958,1.0074555,0.18128647,-0.14998887,0.11454497,1.4429245,-0.36597237,0.8196487,0.21513967,0.7661416,-0.34729278,-0.98982215,0.42346773,0.81273013,-0.2678451,-0.04939255,0.032744803,-0.22138806,-0.41248447,0.84880024,-0.6617494,-0.90120816,0.9549215,-0.9911526,-0.905366,0.8261677,0.5007313,0.99413836,-0.9863694,-0.48413298,0.18815789,0.98712647,0.1149628,0.0,1.1830001,-1.541,3.1416,2.742,-1.569,0.91735625,-0.14817053,1.102646,-0.366,1.5017915,1.0296988,0.87613654,0.1307888,-0.10424836,0.13259536,1.4474207,-0.366,0.8403807,0.19572343,0.83984184,-0.34414443,0.0,0.0,0.0,0.0,0.0,0.0,0.0,0.0,0.0,0.0,0.0,0.0,0.0,0.0,0.0,0.0
2.6185606e-05,1.1574538,-1.520854,3.14071,2.7420135,-1.5690107,0.9809826,-0.23140295,1.1171328,-0.36595774,1.4121969,1.0173527,0.89070576,0.10002239,-0.05117728,0.13807268,1.4672017,-0.3660082,0.7744363,0.21429634,0.9122465,-0.3394548,-0.73557836,0.7084568,0.94704354,-0.09039827,0.06411056,0.02665624,-0.08304979,-0.2790986,0.67936826,-0.06011519,-0.98024166,-0.035477147,-0.8400662,-0.43925035,0.8999542,0.05479042,0.39478526,-0.97337043,-0.34566364,0.0029349811,0.7835845,0.025881588,0.0,1.1830001,-1.541,3.1416,2.7421,-1.569,0.90145034,-0.2016243,1.2327605,-0.366,1.3140527,1.0229042,0.7152446,0.046662293,0.068113506,0.14308898,1.5230311,-0.366,0.7741782,0.19628555,0.9899162,-0.3391875,0.0,0.0,0.0,0.0,0.0,0.0,0.0,0.0,0.0,1.0,0.0,0.0,0.0,0.0,0.0,0.0
2.9005478e-05,1.157457,-1.5208561,3.1407206,2.7420137,-1.5690054,1.027706,-0.20991676,1.1877587,-0.30066755,1.321731,0.9524889,0.71213543,0.1611732,0.14352646,0.14485049,1.3836973,-0.36600313,0.7993681,0.20302899,0.98681897,-0.3620758,0.30723995,0.38600248,0.98940873,0.080307156,0.07349366,-0.07932135,0.31967434,0.024260603,0.014595024,0.41262,-0.18203695,-0.80709547,-0.29644945,0.7121499,0.95881975,-0.013311972,-0.61993396,-0.7124865,0.2773667,-0.16536313,0.3157239,-0.3396892,1e-05,1.1830001,-1.541,3.14161,2.7421,-1.56901,0.9629313,-0.19695841,1.2355676,-0.2866434,1.2790427,0.86768055,0.6582303,0.18362564,0.2525173,0.14052877,1.4038031,-0.366,0.8275224,0.1644823,1.0506374,-0.366,0.0,0.0,0.0,0.0,0.0,0.0,0.0,0.0,0.0,1.0,0.0,0.0,0.0,0.0,0.0,0.0
3.8191552e-05,1.1574578,-1.5208595,3.1407108,2.7420127,-1.5690043,0.9840684,-0.22744,1.1267036,-0.16273594,1.3094877,0.86551833,0.6903392,0.3191423,0.30347863,0.16358326,1.2286425,-0.36599988,0.8598634,0.2071068,0.965551,-0.36492997,0.64432955,0.28887022,0.9604733,-0.17540412,-0.37719613,0.45090276,-0.022034362,-0.3013426,-0.797081,0.7443039,0.001438871,-0.88529384,0.53541464,0.9081458,0.91153073,0.21288055,-0.8564606,-0.94193214,0.22980249,0.08791232,-0.19109166,-0.6965757,1e-05,1.1830001,-1.541,3.1416,2.742,-1.569,0.9586094,-0.2560646,1.0792259,-0.14065357,1.2793249,0.6940366,0.763248,0.36175185,0.43130746,0.18228374,1.2358146,-0.366,0.8725965,0.18172567,1.0131562,-0.366,0.0,0.0,0.0,0.0,0.0,0.0,0.0,0.0,0.0,1.0,0.0,0.0,0.0,0.0,0.0,0.0
3.876955e-05,1.1574429,-1.5208492,3.1407208,2.742103,-1.5690048,0.89160293,-0.2780211,0.99889886,-0.18948528,1.212626,0.82465595,0.7237015,0.46040452,0.353539,0.15273407,1.0520178,-0.36599907,0.7578042,0.24800284,0.89020187,-0.36590433,0.5068249,0.42082357,0.57428265,-0.49734947,-0.55451345,0.50343025,-0.24483722,-0.40100443,-0.94876134,-0.29716146,-0.5670179,-0.42162514,0.8278095,0.9437031,-0.0159304,-0.14536142,-0.8530537,-0.9660343,-0.566131,0.54154587,-0.8176275,-0.78850335,1e-05,1.1830001,-1.541,3.1416,2.742,-1.569,0.9081275,-0.33874595,0.8836049,-0.201924,1.162414,0.6071035,0.9339305,0.5563299,0.42802283,0.1523123,1.0599271,-0.366,0.7558684,0.29338467,0.8445731,-0.366,0.0,0.0,0.0,0.0,0.0,0.0,0.0,0.0,0.0,0.0,0.0,0.0,0.0,0.0,0.0,0.0
3.2300275e-05,1.1574552,-1.5208528,3.140731,2.742014,-1.5690055,0.9008524,-0.2912728,0.81472325,-0.31305927,1.2207831,0.76773655,0.74143535,0.53122425,0.3113838,0.028312622,0.895854,-0.36599907,0.6623213,0.30084157,0.75782096,-0.36592823,0.557959,0.46625838,0.21529323,-0.5761604,-0.8950239,0.42628795,0.46455893,0.083027326,-0.9805528,-0.6672033,0.29281098,-0.39825594,0.6564045,0.53677535,-0.6942758,-0.81191903,-0.8538014,-0.9700953,-0.2677229,0.2778817,-0.9296024,-0.28740782,1e-05,1.1830001,-1.541,3.1416,2.742,-1.569,0.9994096,-0.32243174,0.69093406,-0.33302414,1.219949,0.52884936,1.0629088,0.661802,0.29160315,-0.0072233677,0.8921619,-0.366,0.7032629,0.34798622,0.6619136,-0.366,0.0,0.0,0.0,0.0,0.0,0.0,0.0,0.0,0.0,0.0,0.0,0.0,0.0,0.0,0.0,0.0
3.5568642e-05,1.1574538,-1.5208507,3.1407342,2.7420135,-1.5690107,0.97227347,-0.25741464,0.62348986,-0.36288667,1.300682,0.7242466,0.75701886,0.5182494,0.15429564,-0.16428569,0.7020928,-0.36599907,0.592595,0.3481523,0.55945545,-0.36593255,0.53311205,-0.015401147,-0.19153546,0.2332986,-0.6550633,0.47066826,0.7014411,0.33431706,-0.9580507,-0.8357055,0.8032821,-0.34621197,0.81034654,0.09752671,-0.9388552,-0.9623838,-0.94768405,-0.718531,-0.014939576,0.16838785,-0.9859205,-0.48280668,1e-05,1.183,-1.54101,3.14161,2.742,-1.569,1.1445345,-0.25326312,0.4927178,-0.366,1.3861444,0.45721972,1.2305657,0.68197984,0.097358376,-0.20633611,0.69609046,-0.366,0.700172,0.3828249,0.45793122,-0.366,0.0,0.0,0.0,0.0,0.0,0.0,0.0,0.0,0.0,0.0,0.0,0.0,0.0,0.0,0.0,0.0
3.4232686e-05,1.1574535,-1.5208508,3.1407285,2.7420137,-1.569007,0.94870883,-0.1604376,0.43081683,-0.36523324,1.4043815,0.6673779,0.7544231,0.47208977,-0.03350122,-0.19718239,0.72889626,-0.32877466,0.66224694,0.4194067,0.39982143,-0.36593583,0.7817392,0.14010467,0.04154432,0.8466597,-0.33640826,0.08279555,-0.06897284,0.5007884,-0.6901345,-0.78622746,0.80875766,-0.6936012,0.7248871,0.03220602,-0.9761754,-0.33512062,0.2655506,0.22813874,0.60097325,0.5031274,-0.59943336,-0.8965613,1e-05,1.1830001,-1.541,3.14161,2.742,-1.569,1.1310754,-0.15554142,0.3580479,-0.366,1.5439619,0.32187337,1.372017,0.68826437,-0.09312832,-0.27173012,0.7479089,-0.32148197,0.8174434,0.48100305,0.34096035,-0.366,0.0,0.0,0.0,0.0,0.0,0.0,0.0,0.0,0.0,0.0,0.0,0.0,0.0,0.0,0.0,0.0
4.163378e-05,1.157457,-1.5208511,3.140734,2.7420135,-1.5690054,0.8637671,-0.1772594,0.43044937,-0.36584866,1.531656,0.5074678,0.73860526,0.49522528,-0.23627946,-0.19431844,0.89902425,-0.1746252,0.8499974,0.49684536,0.32544482,-0.365939,0.789747,0.4465387,0.8083089,-0.18403275,0.48282266,-0.4763181,-0.81379455,-0.12796737,0.45173335,-0.61680406,0.7350272,-0.36774796,0.24781802,0.13567223,-0.9952351,0.23899625,0.85311013,0.84020257,0.87544847,0.6925205,-0.38922867,-0.85116243,1e-05,1.1830001,-1.541,3.1416,2.7421,-1.56901,0.96098465,-0.18228781,0.45246443,-0.366,1.6975895,0.24501058,1.4238133,0.71662116,-0.3011418,-0.22177766,0.92621696,-0.14587173,1.0004203,0.62574637,0.2596079,-0.366,0.0,0.0,0.0,0.0,0.0,0.0,0.0,0.0,0.0,0.0,0.0,0.0,0.0,0.0,0.0,0.0
4.320902e-05,1.1574545,-1.5208507,3.1407297,2.7420137,-1.5690051,0.75221294,-0.20048112,0.56262213,-0.36587563,1.6648192,0.3764699,0.7054329,0.53255427,-0.30384707,-0.18253462,1.0789133,-0.19204417,0.8909028,0.44078314,0.28344122,-0.36594546,0.12585077,-0.2357689,0.9270557,-0.83680654,0.83792466,-0.12459827,-0.58917964,-0.20747894,0.8903467,-0.76537615,0.94700545,0.72645044,0.31917155,0.19129868,-0.57663935,0.06342515,0.8917323,-0.2633484,0.028980732,-0.6614959,-0.117169976,-0.6133117,1e-05,1.183,-1.541,3.1416,2.7421,-1.56901,0.8396105,-0.22502957,0.6358806,-0.366,1.8926777,0.3946632,1.4895644,0.7560297,-0.314,-0.20871174,1.1099185,-0.2001229,1.0063906,0.4894747,0.23547028,-0.366,0.0,0.0,0.0,0.0,0.0,0.0,0.0,0.0,0.0,0.0,0.0,0.0,0.0,0.0,0.0,0.0
4.721009e-05,1.1574523,-1.5208461,3.1407342,2.7420137,-1.5690051,0.69717556,-0.17408438,0.7289075,-0.36588737,1.6573778,0.3784342,0.7271646,0.5333333,-0.3126229,-0.17952701,1.199241,-0.33848378,0.8474093,0.33875233,0.3366889,-0.36594933,-0.16790952,0.08800955,0.62019974,-0.7544742,0.09469387,-0.21393235,0.08786028,0.22928412,0.94500774,-0.93713295,0.14495607,0.9452901,-0.6326005,-0.0300048,-0.7069134,-0.038626473,0.56352496,-0.8526697,-0.4929002,-0.8970773,0.5185658,-0.6318723,0.0,1.1830001,-1.541,3.1416,2.7421,-1.56901,0.8566435,-0.18057954,0.819084,-0.366,1.9207795,0.57792133,1.3669257,0.75021285,-0.314,-0.21620004,1.2191659,-0.36542523,0.9108348,0.31556332,0.33600172,-0.366,0.0,0.0,0.0,0.0,0.0,0.0,0.0,0.0,0.0,0.0,0.0,1.0,0.0,0.0,0.0,0.0
4.6132038e-05,1.1574526,-1.5208465,3.1407347,2.7420135,-1.56901,0.6778603,-0.14435571,0.8809854,-0.36589777,1.5835636,0.44175822,0.7616095,0.5727708,-0.31371465,-0.17414185,1.2481335,-0.36518916,0.79849404,0.29348773,0.46777362,-0.3659555,-9.2700124e-05,-0.078823134,0.47025782,-0.6334251,-0.1937731,-0.8359896,0.054912508,0.27973893,0.6768333,-0.98742664,-0.7224974,0.7387101,-0.79040694,-0.13522018,-0.3312573,0.083904296,0.21666312,-0.9235215,-0.5588897,-0.40014923,0.86520284,-0.5246765,0.0,1.183,-1.541,3.1416,2.742,-1.56901,0.86737806,-0.12589495,0.9513943,-0.366,1.7795424,0.72232765,1.2124135,0.72377944,-0.314,-0.19979806,1.2615201,-0.366,0.80158055,0.23734039,0.5051354,-0.366,0.0,0.0,0.0,0.0,0.0,0.0,0.0,0.0,0.0,0.0,0.0,0.0,0.0,0.0,0.0,0.0
1.2955675e-05,1.1574405,-1.5208367,3.140762,2.7421057,-1.5690131,0.67428243,-0.18033166,1.0014262,-0.3659983,1.5773734,0.6812871,0.9204147,0.56623983,-0.2341728,-0.11550917,1.2965688,-0.36583066,0.75948507,0.24674198,0.63581073,-0.36595702,0.35000756,0.032761324,0.7660109,-0.4655628,-0.03417091,-0.94309556,-0.20809695,0.10086616,0.7692492,-0.44819412,-0.93968356,0.82467407,-0.9062902,-0.77301097,0.55116093,0.49726373,0.20012096,-0.9761877,-0.64050823,-0.19377932,0.95796496,-0.17284009,1e-05,1.1830001,-1.541,3.1416,2.742,-1.56901,0.8253017,-0.10550022,1.1069334,-0.366,1.5895423,0.8890734,1.0291654,0.5674798,-0.20255753,-0.09925337,1.3019838,-0.366,0.6720724,0.19815901,0.69883204,-0.366,0.0,0.0,0.0,0.0,0.0,0.0,0.0,0.0,0.0,0.0,0.0,1.0,0.0,0.0,0.0,0.0
2.9513221e-05,1.1574525,-1.5208515,3.1407187,2.7420137,-1.569009,0.7111151,-0.19832534,1.0970505,-0.3659996,1.4165902,0.82783836,0.8782271,0.46727443,-0.1481179,-0.022157112,1.2426516,-0.36593872,0.693911,0.2316475,0.8212206,-0.3659647,-0.09222099,0.45787045,0.44778225,0.39095518,0.021021184,-0.55573195,-0.5064289,0.09522697,0.72054625,-0.060108803,-0.98793674,0.12955894,-0.9739078,-0.5644629,0.9102322,0.55141747,-0.1162601,-0.9952376,-0.31096953,-0.051805414,0.9488712,-0.3457716,0.0,1.1830001,-1.541,3.14161,2.7421,-1.56901,0.72148585,-0.085979074,1.2546425,-0.366,1.3870192,0.9156324,0.8295182,0.45176718,-0.0159636,0.01378499,1.278151,-0.366,0.6083249,0.1875391,0.8933468,-0.366,0.0,0.0,0.0,0.0,0.0,0.0,0.0,0.0,0.0,0.0,0.0,0.0,0.0,0.0,0.0,0.0
2.8143995e-05,1.1574527,-1.5208514,3.1407213,2.7420137,-1.5690053,0.75423855,-0.22052409,1.1626948,-0.29572302,1.3289965,0.8160629,0.7538459,0.4554989,-0.048811484,0.005420238,1.1162479,-0.36594173,0.68043715,0.22394158,0.9663359,-0.36596566,-0.10181433,0.7954899,0.075147994,0.74486697,-0.36721104,0.09851478,-0.26181513,-0.15957958,0.11220178,0.3979981,-0.5207875,-0.6892446,-0.6167896,0.03513971,0.9660392,0.31790322,-0.47679648,-0.85243917,-0.038904287,-0.047504883,0.699751,-0.65716934,0.0,1.1830001,-1.541,3.14161,2.742,-1.569,0.6668487,-0.1192811,1.2780575,-0.28294337,1.2783381,0.7717967,0.7008028,0.45910034,0.18563528,0.08012695,1.1786503,-0.366,0.6002061,0.17762549,1.0393751,-0.366,0.0,0.0,0.0,0.0,0.0,0.0,0.0,0.0,0.0,0.0,0.0,0.0,0.0,0.0,0.0,0.0
2.9572426e-05,1.1574622,-1.5208585,3.1407113,2.742013,-1.569005,0.8267926,-0.23342271,1.1432408,-0.14569013,1.3400092,0.7773708,0.7705039,0.5512199,0.06397593,0.013784411,0.9643621,-0.36594373,0.70315975,0.23614818,0.9884259,-0.36596766,-0.1434581,0.7898259,0.1519273,0.47304982,-0.63350326,0.7315273,0.07458159,-0.43040618,-0.708267,0.86893135,0.09339585,-0.6959134,0.6766421,0.5935607,0.9932079,0.00013356656,-0.6502465,-0.6987545,0.25487414,0.25302607,-0.21217744,-0.6017113,0.0,1.1830001,-1.541,3.14161,2.742,-1.569,0.6822314,-0.20805395,1.1319748,-0.10372312,1.2976013,0.62826204,0.84036267,0.5815244,0.39048803,0.0801545,1.0445346,-0.366,0.6527748,0.22981304,0.9956127,-0.366,0.0,0.0,0.0,0.0,0.0,0.0,0.0,0.0,0.0,0.0,0.0,0.0,0.0,0.0,0.0,0.0
2.1937956e-05,1.1574517,-1.5208489,3.1407182,2.7420135,-1.5690051,0.78258103,-0.27434573,1.0265291,-0.12031842,1.240011,0.76738954,0.8250749,0.68321705,0.13955106,0.02964648,0.7928464,-0.36594516,0.6644858,0.32497326,0.88770133,-0.3659704,-0.31362128,0.79249287,0.10335545,-0.4774897,-0.60328627,0.91926825,0.261004,-0.48853534,-0.9104932,-0.07409458,-0.57111377,-0.568951,0.9353284,0.88230884,0.08801715,-0.029327575,-0.9195807,-0.9397509,-0.07190634,0.85060525,-0.8189127,-0.15394393,0.0,1.1830001,-1.541,3.1416,2.742,-1.569,0.73630995,-0.30927566,0.9433259,-0.1190751,1.1792698,0.51037866,1.0341573,0.7643337,0.40872467,0.07407799,0.8540027,-0.366,0.6378762,0.40605354,0.8259387,-0.366,0.0,0.0,0.0,0.0,0.0,0.0,0.0,0.0,0.0,0.0,0.0,0.0,0.0,0.0,0.0,0.0
3.0051331e-05,1.157452,-1.52085,3.1407275,2.7420137,-1.5690106,0.8217033,-0.25552785,0.8649757,-0.22783966,1.2097518,0.7416763,0.9007921,0.74162513,0.11534721,-0.023062577,0.6164126,-0.36594835,0.65618074,0.39700755,0.7251883,-0.36597225,-0.24795932,0.4393649,-0.0982089,-0.3863499,-0.67986166,0.59952533,0.7192156,0.22402877,-0.9435697,-0.6694406,0.040133797,-0.3725994,0.7143245,0.30160862,-0.7527444,-0.73030293,-0.96546316,-0.9395938,0.18900456,0.37928933,-0.96378255,-0.29250854,0.0,1.1830001,-1.54101,3.1416,2.742,-1.569,0.8757521,-0.26584077,0.76038575,-0.24886686,1.1870509,0.43813875,1.1726512,0.8228099,0.26278192,-0.06751379,0.66681784,-0.366,0.6745206,0.4795905,0.6390797,-0.366,0.0,0.0,0.0,0.0,0.0,0.0,0.0,0.0,0.0,0.0,0.0,0.0,0.0,0.0,0.0,0.0
2.6072652e-05,1.1574516,-1.5208498,3.14072,2.7420137,-1.5690053,0.8504655,-0.220082,0.6762734,-0.34034845,1.3160869,0.6358246,1.0064692,0.68148315,0.0843504,-0.1833898,0.49100757,-0.36595932,0.7517762,0.36889863,0.5324837,-0.36597356,0.19182175,0.26972103,0.08341078,0.057595573,-0.52113014,0.6103624,0.42056635,0.4642439,-0.98027796,-0.51508987,0.6835575,-0.46860301,0.74657714,-0.28334063,-0.9153167,-0.76679236,-0.86708015,-0.9879188,0.59898615,-0.2421175,-0.970203,-0.47280082,1e-05,1.1830001,-1.541,3.14161,2.742,-1.569,0.962608,-0.16996455,0.55793756,-0.35524386,1.3282201,0.3413623,1.3268352,0.764294,0.07374959,-0.2258727,0.48774737,-0.366,0.798224,0.4295881,0.43871218,-0.366,0.0,0.0,0.0,0.0,0.0,0.0,0.0,0.0,0.0,0.0,0.0,0.0,0.0,0.0,0.0,0.0
3.3522716e-05,1.1574513,-1.5208503,3.1407263,2.7420137,-1.569011,0.86457276,-0.100183725,0.5720496,-0.36512092,1.421829,0.4944007,1.1653639,0.61969954,-0.04294734,-0.20431457,0.5631076,-0.3659673,0.87225455,0.26961067,0.30821028,-0.36597437,0.11505993,0.3529796,0.81668216,0.18154286,0.17259425,0.58592993,-0.5342884,0.8928488,-0.03485693,-0.29187155,0.70743895,-0.20722412,0.60875523,-0.5785589,-0.8398347,-0.0871813,0.50919765,-0.58943784,0.89625704,-0.8484235,-0.99389476,-0.57611763,1e-05,1.1830001,-1.541,3.14161,2.7421,-1.569,0.86026514,0.0010604709,0.5512607,-0.366,1.46373,0.30166855,1.4434421,0.6534712,-0.08712059,-0.24257226,0.5852841,-0.366,0.96990186,0.26707274,0.24833182,-0.366,0.0,0.0,0.0,0.0,0.0,0.0,0.0,0.0,0.0,0.0,0.0,0.0,0.0,0.0,0.0,0.0
3.5364137e-05,1.1574513,-1.5208503,3.1407268,2.7420137,-1.5690075,0.81148076,-0.08982223,0.6727036,-0.3611284,1.5296613,0.43496025,1.1936338,0.52342075,-0.15087818,-0.18493864,0.7358196,-0.3659724,0.86285764,0.16585475,0.32773864,-0.3659749,-0.74533063,0.41738015,0.075313695,0.19907483,-0.16918649,0.30721632,-0.08269721,0.22398528,0.79302865,-0.60888344,0.91173613,0.7585552,-0.23246005,-0.5105986,-0.47458225,0.22508915,0.90183955,-0.91788757,-0.073175475,-0.9680057,0.5739087,-0.52346754,0.0,1.1830001,-1.541,3.14161,2.742,-1.569,0.84371257,0.04589313,0.70999247,-0.366,1.6462221,0.45350015,1.3969132,0.5512703,-0.18211247,-0.19751866,0.76579535,-0.366,0.95525515,0.07331774,0.36320478,-0.366,0.0,0.0,0.0,0.0,0.0,0.0,0.0,0.0,0.0,0.0,0.0,0.0,0.0,0.0,0.0,0.0
3.422088e-05,1.1574515,-1.5208509,3.1407242,2.7420137,-1.5690109,0.7811839,-0.13047847,0.8407505,-0.36351067,1.582083,0.41974986,1.2211012,0.49097744,-0.2606414,-0.12172025,0.9338521,-0.3659768,0.8442236,0.12432073,0.46273956,-0.36597538,-0.94906616,-0.1681577,-0.053971257,0.4023377,-0.010024874,-0.2898809,-0.062263794,-0.250936,0.95860577,-0.8517522,0.112233154,0.95171106,-0.83751667,-0.5199007,-0.59606117,0.4641259,0.95317817,-0.9435854,-0.28194115,-0.29541844,0.842543,-0.4752303,0.0,1.183,-1.54101,3.14161,2.742,-1.56901,0.8318066,-0.0020903945,0.8932953,-0.366,1.6676831,0.6354846,1.2367648,0.45185584,-0.2960902,-0.10876936,0.94806033,-0.366,0.90134287,0.016828362,0.5243143,-0.366,0.0,0.0,0.0,0.0,0.0,0.0,0.0,0.0,0.0,0.0,0.0,0.0,0.0,0.0,0.0,0.0
2.7639919e-05,1.1574525,-1.5208517,3.140715,2.7420137,-1.5690106,0.7752674,-0.17003088,1.0194932,-0.36599666,1.560107,0.6025306,1.158484,0.36218122,-0.257506,-0.006522821,1.1438011,-0.36597818,0.8152605,0.12338935,0.6742504,-0.3659764,-0.71184707,-0.45133588,0.23840962,-0.058818467,0.09577453,0.101218745,-0.32130504,-0.21917176,0.98884547,-0.95158285,-0.5071237,0.99034226,-0.92564553,-0.69219697,0.23928645,0.6284939,0.99063563,-0.9857413,-0.36171168,0.21227537,0.9685086,-0.3005852,0.0,1.183,-1.541,3.1416,2.7421,-1.569,0.7660582,-0.046939325,1.0956419,-0.366,1.5639108,0.83813745,1.0473508,0.31021217,-0.24712521,0.01983881,1.1507733,-0.366,0.8273261,0.06026609,0.7224994,-0.366,0.0,0.0,0.0,0.0,0.0,0.0,0.0,0.0,0.0,0.0,0.0,0.0,0.0,0.0,0.0,0.0
2.9857996e-05,1.1574504,-1.5208536,3.1407032,2.7421029,-1.5690047,0.78634197,-0.16001964,1.1749773,-0.36599442,1.450575,0.82003796,1.008912,0.19289972,-0.18791781,0.084801584,1.2833894,-0.36600223,0.7983681,0.15268579,0.8560685,-0.3659771,-0.919325,-0.20996478,0.60916096,-0.21406057,-0.07137468,0.17133087,-0.24163824,-0.123502955,0.9678338,-0.99031657,-0.81746054,0.83527595,-0.9383613,-0.87559384,0.8478573,0.4582411,0.9867571,-0.9860368,-0.34837833,0.23089108,0.8494174,-0.11290449,0.0,1.183,-1.541,3.1416,2.742,-1.569,0.71950305,-0.07073398,1.2821093,-0.366,1.4064151,0.99906564,0.8665617,0.14151616,-0.08377306,0.10812568,1.3408865,-0.366,0.7602059,0.10475064,0.8861521,-0.366,0.0,0.0,0.0,0.0,0.0,0.0,0.0,0.0,0.0,1.0,0.0,0.0,0.0,0.0,0.0,0.0
3.191047e-05,1.1574483,-1.5208532,3.140706,2.7421029,-1.5690044,0.8473563,-0.17786966,1.3539983,-0.36590037,1.3075366,0.8757087,0.765773,0.11884876,-0.040155727,0.12895475,1.2693495,-0.3660051,0.8377616,0.15297425,0.96652263,-0.3659776,-0.32699114,0.17603152,0.28569078,0.5344288,-0.072975576,-0.28395614,0.28163064,-0.14096849,0.8069062,-0.57569754,-0.6768676,-0.5814216,-0.98767227,-0.11590131,0.9695715,0.2186855,-0.0070308596,-0.58054703,0.18150721,-0.070891365,0.3915225,-0.37757626,0.0,1.1830001,-1.541,3.14161,2.742,-1.56901,0.77805054,-0.10003956,1.449855,-0.366,1.2657028,0.8781954,0.661237,0.11742173,0.11778869,0.15358765,1.3394248,-0.366,0.797939,0.09001321,0.9675447,-0.366,0.0,0.0,0.0,0.0,0.0,0.0,0.0,0.0,0.0,1.0,0.0,0.0,0.0,0.0,0.0,0.0
2.563302e-05,1.1574563,-1.5208551,3.1407118,2.7420135,-1.569005,0.9248753,-0.2058849,1.4170206,-0.27657253,1.3418349,0.78489745,0.67519534,0.23874491,0.12693158,0.136417,1.210367,-0.3659986,0.9339093,0.1556818,1.0031399,-0.36597776,0.29697257,0.13003659,0.1124823,0.31587106,-0.44129008,0.10189091,0.36957732,-0.1182412,0.19062899,0.56502134,0.21623863,-0.9162843,-0.0022438318,0.69038457,0.97369033,-0.0031164587,-0.43422478,-0.5918398,0.5006965,-0.112813465,0.019566506,-0.4152285,1e-05,1.1830001,-1.541,3.14161,2.742,-1.569,0.85516596,-0.12471157,1.4896313,-0.24810354,1.3108228,0.687005,0.6607688,0.26147628,0.32095736,0.15293738,1.2488202,-0.366,0.90241355,0.06647374,0.9716274,-0.366,0.0,0.0,0.0,0.0,0.0,0.0,0.0,0.0,0.0,1.0,0.0,0.0,0.0,0.0,0.0,0.0
1.903167e-05,1.1574697,-1.52085,3.1407883,2.7420154,-1.5690136,0.9037245,-0.22643858,1.3502512,-0.16481365,1.3508667,0.728854,0.74642366,0.4142559,0.26366934,0.121979244,1.0278703,-0.3659986,0.90814894,0.1887783,0.9273918,-0.365978,0.31429532,0.45383474,0.3181119,-0.22711909,-0.4520219,0.8203782,-0.3185864,-0.5095538,-0.73580503,0.50226974,-0.007820748,-0.43044248,0.79955125,0.9205781,0.91470134,0.16501603,-0.8368044,-0.89919406,-0.30799595,0.4253646,-0.60432315,-0.62178016,1e-05,1.1830001,-1.541,3.1416,2.742,-1.569,0.7893639,-0.22995675,1.3376553,-0.14436284,1.3092076,0.59809977,0.82591116,0.451616,0.5098833,0.18702042,1.0759834,-0.366,0.8387989,0.15433016,0.8468082,-0.366,0.0,0.0,0.0,0.0,0.0,0.0,0.0,0.0,0.0,0.0,0.0,0.0,0.0,0.0,0.0,0.0
2.8939292e-05,1.1574565,-1.5208532,3.1407275,2.7421033,-1.5690056,0.84591717,-0.24234909,1.2546232,-0.25650358,1.2531868,0.73331815,0.8034273,0.55333185,0.27100497,0.09426557,0.8305907,-0.3659986,0.7268681,0.28861877,0.75877184,-0.36597908,0.09594832,0.63509125,0.30684403,-0.6874195,-0.7043694,0.5280653,0.03471329,-0.37758136,-0.947161,-0.6872984,-0.56204,-0.38496044,0.9599103,0.9531674,-0.34834853,-0.3381044,-0.9467368,-0.9699484,-0.68388593,0.88507295,-0.92086464,-0.46022892,1e-05,1.1830001,-1.541,3.1416,2.742,-1.569,0.79654646,-0.308082,1.1416785,-0.2865716,1.192916,0.5184477,1.024526,0.64883566,0.43780658,0.11706332,0.8800943,-0.366,0.6972962,0.3374604,0.6562723,-0.366,0.0,0.0,0.0,0.0,0.0,1.0,0.0,0.0,0.0,0.0,0.0,1.0,0.0,0.0,0.0,0.0
3.026258e-05,1.1574526,-1.5208503,3.1407275,2.7420135,-1.5690106,0.86088985,-0.26597774,1.0651206,-0.35587764,1.2693951,0.6976926,0.8832543,0.6598313,0.16881607,-0.022215342,0.66362876,-0.3659986,0.6295805,0.3516015,0.55476743,-0.36598015,0.25794575,0.03775098,0.17197132,-0.525565,-0.65684134,0.5127849,0.4227134,0.1238495,-0.9894322,-0.6934826,0.3327738,-0.29508367,0.6170885,0.47107673,-0.84385717,-0.85573083,-0.95300794,-0.9611765,-0.40594733,0.30062097,-0.9357843,-0.30467713,1e-05,1.1830001,-1.541,3.1416,2.742,-1.569,0.87981397,-0.2836857,0.94677675,-0.366,1.258467,0.46032113,1.1460822,0.74162996,0.27158073,-0.051501445,0.69236755,-0.366,0.6173313,0.39667773,0.4719383,-0.366,0.0,0.0,0.0,0.0,0.0,1.0,0.0,0.0,0.0,0.0,0.0,1.0,0.0,0.0,0.0,0.0
3.392239e-05,1.1574516,-1.5208496,3.1407304,2.742014,-1.5690109,0.91915226,-0.20470102,0.8406366,-0.36451477,1.3757254,0.6129709,1.0205142,0.6372532,0.06670116,-0.20391229,0.48916593,-0.3659986,0.64128065,0.3807842,0.3655108,-0.36598107,0.18444099,-0.27960598,0.039188776,0.2479158,-0.8442553,0.856735,0.5157347,0.31979096,-0.9978865,-0.7327002,0.6841697,-0.46803603,0.9056981,-0.14459148,-0.94849604,-0.97114617,-0.97273886,-0.9922353,0.35900593,0.13448559,-0.98715687,-0.7986832,1e-05,1.183,-1.541,3.14161,2.742,-1.569,0.98625904,-0.21768244,0.7408179,-0.366,1.3996762,0.3637208,1.3330138,0.711787,0.07581583,-0.2519412,0.49159905,-0.366,0.69142836,0.4244349,0.26819402,-0.366,0.0,0.0,0.0,0.0,0.0,0.0,0.0,0.0,0.0,0.0,0.0,1.0,0.0,0.0,0.0,0.0
1.7926042e-05,1.1574512,-1.5208455,3.1407113,2.7420828,-1.5690053,0.86766124,-0.1103893,0.66154987,-0.36583692,1.4171195,0.54094523,1.1225041,0.5393867,-0.06020111,-0.21117155,0.5082048,-0.3659986,0.74209905,0.3593519,0.19239761,-0.36598146,0.1873731,-0.12482689,0.43806836,0.84958315,-0.26220405,0.5312945,-0.6004583,0.73457307,-0.71977985,-0.06841415,0.25036818,-0.683237,0.68521804,-0.47691634,-0.98969924,-0.4381468,0.17678565,-0.8012263,0.8718012,-0.41496825,-0.9974314,-0.95973665,1e-05,1.183,-1.541,3.14161,2.742,-1.569,0.8710292,-0.07671553,0.60268986,-0.366,1.4477227,0.23260544,1.4645092,0.62026525,-0.11411062,-0.33602297,0.5255248,-0.366,0.8587298,0.3448012,0.07678376,-0.366,0.0,0.0,0.0,0.0,0.0,0.0,0.0,0.0,0.0,0.0,0.0,0.0,0.0,0.0,0.0,0.0
2.164258e-05,1.1574525,-1.5208476,3.1407156,2.7420135,-1.5690109,0.7789382,-0.06898193,0.7045457,-0.36576623,1.4701498,0.4955936,1.1622765,0.42833707,-0.22190192,-0.20927846,0.66296,-0.3659986,0.731252,0.33062866,0.19246182,-0.36598155,-0.364297,0.16165072,0.48232463,-0.09039956,0.12952653,0.058389973,-0.6671261,0.47759867,0.656044,-0.36737677,0.78708977,0.6633526,0.35414582,-0.6275927,-0.77465296,0.37273252,0.8353571,-0.7911006,0.26956356,-0.8313255,0.13646394,-0.7778866,0.0,1.1830001,-1.541,3.1416,2.7421,-1.569,0.7349878,0.020677134,0.73647135,-0.366,1.6082273,0.36787733,1.5367272,0.49228555,-0.27207905,-0.26001477,0.6958721,-0.366,0.9136996,0.175276,0.1046117,-0.366,0.0,0.0,0.0,0.0,0.0,0.0,0.0,0.0,0.0,0.0,0.0,0.0,0.0,0.0,0.0,0.0
3.3672768e-05,1.157449,-1.5208489,3.1407242,2.7420251,-1.5690054,0.7636232,-0.049559552,0.8720224,-0.36583862,1.6193116,0.42491248,1.1848755,0.34230635,-0.29701874,-0.18767464,0.85366845,-0.3659986,0.7459401,0.22965522,0.25536814,-0.36598164,-0.63016874,-0.10138926,0.081730574,0.05077137,-0.2585864,-0.11877905,0.16609879,-0.050860614,0.91846967,-0.59433377,0.8536082,0.93267053,-0.6007396,-0.56078845,-0.79712164,0.3023663,0.9670714,-0.9582201,-0.29352522,-0.46573693,0.8018335,-0.6816087,0.0,1.183,-1.541,3.14161,2.742,-1.56901,0.76662177,0.010990585,0.9113965,-0.366,1.7707994,0.5455071,1.4223146,0.38548177,-0.314,-0.20242825,0.88005364,-0.366,0.8577969,0.08657507,0.25732318,-0.366,0.0,0.0,0.0,0.0,0.0,0.0,0.0,0.0,0.0,0.0,0.0,0.0,0.0,0.0,0.0,0.0
3.0987983e-05,1.1574509,-1.520851,3.1407166,2.7420137,-1.5690054,0.7474397,-0.09702551,1.0501809,-0.36599678,1.6818639,0.52688426,1.2218399,0.289238,-0.31204498,-0.11385378,1.0690293,-0.3659986,0.77267474,0.20424707,0.3924402,-0.36598203,-0.31515795,-0.43059915,0.2634852,0.06166109,0.05211673,-0.17533845,-0.12418617,-0.11356673,0.98369396,-0.69291204,-0.16599526,0.97052634,-0.86975485,-0.5739586,-0.3827881,0.53655,0.9934143,-0.9892,-0.19439444,0.10541699,0.95269024,-0.3147186,0.0,1.183,-1.541,3.14161,2.7421,-1.56901,0.74156636,-0.011922256,1.1098633,-0.366,1.7373087,0.7413172,1.2468358,0.2696818,-0.314,-0.094175726,1.0804815,-0.366,0.8185765,0.107843645,0.44953477,-0.366,0.0,0.0,0.0,0.0,0.0,0.0,0.0,0.0,0.0,0.0,0.0,0.0,0.0,0.0,0.0,0.0
2.8423283e-05,1.1574513,-1.5208515,3.1407115,2.7420135,-1.5690072,0.73741746,-0.10868292,1.2441347,-0.3659981,1.6057007,0.75384015,1.1317123,0.12644798,-0.24491993,-0.00815297,1.2634763,-0.3660023,0.7625298,0.21942097,0.57140476,-0.36598238,-0.6166784,-0.30138275,0.3612137,0.03656902,0.379244,0.11142644,-0.19780685,-0.11054046,0.9967388,-0.75728095,-0.71697134,0.9668554,-0.8928027,-0.8528515,0.5494394,0.55790603,0.99868286,-0.99784005,-0.2754873,0.22243412,0.9634168,-0.11883131,0.0,1.183,-1.541,3.14161,2.7421,-1.569,0.7028736,-0.03354496,1.3048344,-0.366,1.5970627,0.9304428,1.0721956,0.1028564,-0.20652473,0.014955699,1.2758329,-0.366,0.76468873,0.15135375,0.63798773,-0.366,0.0,0.0,0.0,0.0,0.0,0.0,0.0,0.0,0.0,1.0,0.0,0.0,0.0,0.0,0.0,0.0
3.1441123e-05,1.1574526,-1.5208526,3.1407185,2.7420135,-1.5690091,0.7993283,-0.15465258,1.4010546,-0.36599642,1.4349711,0.88634217,0.9548564,-0.02636785,-0.15457648,0.014308178,1.2984607,-0.36600593,0.7388626,0.21750008,0.72837996,-0.3659831,-0.3137386,-0.05027898,0.57397455,0.17672607,0.2192643,-0.28829387,0.009910729,-0.17120087,0.8996322,-0.66227573,-0.9433943,0.14379364,-0.967538,-0.7306789,0.8930127,0.20226237,0.5035251,-0.89785063,-0.034347773,0.117872775,0.7726393,-0.13685238,0.0,1.183,-1.541,3.14161,2.7421,-1.56901,0.70488155,-0.06823103,1.4871039,-0.366,1.4059267,0.9595761,0.8761681,-0.045182467,-0.025596306,0.055934973,1.3778493,-0.366,0.7577297,0.1752353,0.79452795,-0.366,0.0,0.0,0.0,0.0,0.0,0.0,0.0,0.0,0.0,0.0,0.0,0.0,0.0,0.0,0.0,0.0
3.2457214e-05,1.1574537,-1.5208566,3.1407046,2.7421026,-1.5690043,0.911018,-0.14871757,1.539349,-0.36600018,1.3387678,0.8547137,0.7961235,0.03986474,0.0060818954,0.051898215,1.3076502,-0.3660079,0.8135192,0.20952806,0.85006,-0.36598358,0.23620608,0.07782321,0.17882273,0.44392148,-0.16801256,-0.22005388,0.3974704,-0.14989392,0.3759706,-0.04136067,-0.49560544,-0.74901867,-0.67571574,0.49824208,0.9786025,0.12654705,-0.0069562867,-0.5365753,0.39254454,-0.15444414,0.53036267,-0.45040768,1e-05,1.1830001,-1.541,3.14161,2.742,-1.56901,0.78819156,-0.09964887,1.5659076,-0.366,1.3020476,0.80258137,0.7345377,0.05924932,0.17951927,0.0824593,1.3763913,-0.366,0.84000725,0.14286374,0.9056922,-0.366,0.0,0.0,0.0,0.0,0.0,0.0,0.0,0.0,0.0,0.0,0.0,0.0,0.0,0.0,0.0,0.0
2.9354165e-05,1.1574552,-1.5208515,3.1407423,2.7420228,-1.5690116,0.98980486,-0.18546133,1.5338882,-0.24858446,1.3897951,0.7509501,0.8095717,0.20903422,0.19054948,0.07820734,1.1867816,-0.36600444,0.9018841,0.19629623,0.83571416,-0.36598435,0.48522162,0.3518489,0.24847242,-0.012011163,-0.313375,0.4226121,0.18913816,-0.26413813,-0.321409,0.7859783,0.36865374,-0.81211346,0.5411907,0.8996484,0.9957205,0.061637066,-0.76834613,-0.64528257,0.40620112,0.06763391,-0.2529433,-0.5036192,1e-05,1.1830001,-1.541,3.1416,2.742,-1.569,0.8246796,-0.15060571,1.5039022,-0.2143711,1.3731673,0.64591056,0.8389428,0.23280716,0.3716111,0.09435017,1.228164,-0.366,0.9183705,0.15591149,0.856895,-0.366,0.0,0.0,0.0,0.0,0.0,0.0,0.0,0.0,0.0,1.0,0.0,0.0,0.0,0.0,0.0,0.0
1.9038636e-05,1.1574439,-1.5208399,3.1407657,2.7421052,-1.5690124,0.9607783,-0.25717697,1.4381574,-0.16904524,1.3185601,0.7269899,0.8174815,0.33410916,0.27584508,0.101877324,0.98882943,-0.36599845,0.7718342,0.27404723,0.73767644,-0.36598474,0.2569013,0.6345457,0.3789381,-0.7521381,-0.5876054,0.88452244,-0.31071812,-0.6854439,-0.86428183,0.23776415,-0.4811198,-0.3597166,0.9062819,0.9644671,0.22493993,0.10897403,-0.95366925,-0.905364,-0.67403984,0.7790378,-0.8480515,-0.74483234,1e-05,1.1830001,-1.541,3.1416,2.742,-1.569,0.7598317,-0.2936601,1.3235238,-0.16474894,1.272756,0.57083654,1.0280868,0.4340946,0.41855678,0.11709341,1.0291301,-0.366,0.77769613,0.3184992,0.6799039,-0.366,0.0,0.0,0.0,0.0,0.0,0.0,0.0,0.0,0.0,1.0,0.0,1.0,0.0,0.0,0.0,0.0
2.9601957e-05,1.1574527,-1.5208509,3.1407247,2.7420137,-1.5690053,0.8581413,-0.30458593,1.2841522,-0.22235623,1.2755524,0.70228237,0.8780324,0.52489,0.24664856,0.048356265,0.8110612,-0.36599845,0.57617,0.37911823,0.5950679,-0.36598483,0.54466474,-0.04481533,0.31602693,-0.85196877,-0.3941796,0.6473832,-0.20792723,-0.3268926,-0.93887484,-0.40668488,-0.50444585,-0.28215894,0.47689915,0.99289346,-0.6394369,-0.42005864,-0.99073386,-0.97968984,-0.9223796,0.66383606,-0.7883284,-0.6595258,1e-05,1.183,-1.541,3.1416,2.742,-1.569,0.7177227,-0.35986176,1.1333846,-0.24710998,1.1705966,0.5136942,1.1246675,0.6351735,0.28905922,0.032023937,0.8284886,-0.366,0.59089756,0.45293802,0.5202532,-0.366,0.0,0.0,0.0,0.0,0.0,1.0,0.0,0.0,0.0,0.0,0.0,0.0,0.0,0.0,0.0,0.0
