planner,object,initial_pose_seed,planner_seed,step,recall@5,f@5,surface_coverage,visibility_surface_coverage,chamfer_mm
pb_nbv,green_Pepper,8,0,0,0.36523333333333335,0.5350489537807945,0.36523333333333335,0.025331942046531053,12.868983621088702
pb_nbv,green_Pepper,8,0,1,0.42396666666666666,0.5954727404667712,0.42396666666666666,0.04810642549256547,11.783967363818267
pb_nbv,green_Pepper,8,0,2,0.5952,0.7462387161484453,0.5952,0.07130203847492426,7.9784244851621064
pb_nbv,green_Pepper,8,0,3,0.6083333333333333,0.7564766839378237,0.6083333333333333,0.09373471523034699,7.711543646185422
pb_nbv,green_Pepper,8,0,4,0.6148666666666667,0.7615076580109813,0.6148666666666667,0.11325015751990689,7.520980565650254
pb_nbv,green_Pepper,8,0,5,0.6218333333333333,0.7668276641660672,0.6218333333333333,0.13174512963904617,7.384010879289365
pb_nbv,green_Pepper,13,0,0,0.3591,0.5284379368699874,0.3591,0.025173419059472523,14.995070579845732
pb_nbv,green_Pepper,13,0,1,0.6458666666666667,0.7848347375243033,0.6458666666666667,0.04469689866202939,5.6964230578129795
pb_nbv,green_Pepper,13,0,2,0.7037666666666667,0.8261303386613973,0.7037666666666667,0.062238510869377456,5.0887346814828
pb_nbv,green_Pepper,13,0,3,0.859,0.9241527703066165,0.859,0.08706076174916964,3.2529781579524704
pb_nbv,green_Pepper,13,0,4,0.9727,0.9861610990013686,0.9727,0.1113210266485888,2.3805425865413836
pb_nbv,green_Pepper,13,0,5,0.9792666666666666,0.9895247398026205,0.9792666666666666,0.13177987117737291,2.215203187978184
pb_nbv,green_Pepper,4,0,0,0.4482,0.6189752796575059,0.4482,0.025980856380777725,12.612250569430781
pb_nbv,green_Pepper,4,0,1,0.4732,0.6424110779256041,0.4732,0.04972039783790935,12.102113780996834
pb_nbv,green_Pepper,4,0,2,0.4877,0.6556429387645358,0.4877,0.07087582195237786,11.446005982909329
pb_nbv,green_Pepper,4,0,3,0.6215333333333334,0.7665995148624759,0.6215333333333334,0.09262784177647126,6.680986863684085
pb_nbv,green_Pepper,4,0,4,0.6543,0.7910294384331741,0.6543,0.1135790307570407,6.283303598402399
pb_nbv,green_Pepper,4,0,5,0.7105666666666667,0.8307968119726405,0.7105666666666667,0.1351323942729067,5.382061881328748
pb_nbv,green_Pepper,1,0,0,0.4439666666666667,0.6149264756804174,0.4439666666666667,0.026098971174773278,12.250528730115123
pb_nbv,green_Pepper,1,0,1,0.7012,0.8243592758053139,0.7012,0.052722120194072526,5.683498630933847
pb_nbv,green_Pepper,1,0,2,0.9564,0.9777141688816193,0.9564,0.0764954428676971,2.693675997536592
pb_nbv,green_Pepper,1,0,3,0.9884,0.9941661637497485,0.9884,0.09905133778905337,2.370082512395627
pb_nbv,green_Pepper,1,0,4,0.9904666666666667,0.9952105033995378,0.9904666666666667,0.1223284319640842,2.2141642582950096
pb_nbv,green_Pepper,1,0,5,0.9964333333333333,0.9982134807072612,0.9964333333333333,0.14507733889804975,2.078447770831954
pb_nbv,green_Pepper,12,0,0,0.4388666666666667,0.6100171431219015,0.4388666666666667,0.026339008079423288,12.471256091036384
pb_nbv,green_Pepper,12,0,1,0.5710333333333333,0.7269525365470709,0.5710333333333333,0.05016673014709298,8.96112689390758
pb_nbv,green_Pepper,12,0,2,0.7955333333333333,0.8861248282775778,0.7955333333333333,0.07672434428423362,4.506564121974676
pb_nbv,green_Pepper,12,0,3,0.8096666666666666,0.8948240928347762,0.8096666666666666,0.10084614443438164,4.164208494458837
pb_nbv,green_Pepper,12,0,4,0.8227333333333333,0.9027467905343624,0.8227333333333333,0.12298419387469967,3.9686260157631517
pb_nbv,green_Pepper,12,0,5,0.8235333333333333,0.9032281651007202,0.8235333333333333,0.14203074115574588,3.919733109895407
pb_nbv,green_Pepper,7,0,0,0.43546666666666667,0.6067248746052387,0.43546666666666667,0.027815744430831364,13.01843863536694
pb_nbv,green_Pepper,7,0,1,0.4728,0.6420423682781098,0.4728,0.05276528026711699,12.325980585335975
pb_nbv,green_Pepper,7,0,2,0.48183333333333334,0.6503205488696434,0.48183333333333334,0.07602005914030519,12.071689173026618
pb_nbv,green_Pepper,7,0,3,0.49646666666666667,0.6635185102686328,0.49646666666666667,0.09610438361641263,11.413720615856274
pb_nbv,green_Pepper,7,0,4,0.5038666666666667,0.670094866566185,0.5038666666666667,0.11533682441443409,11.127363153128307
pb_nbv,green_Pepper,7,0,5,0.5074333333333333,0.6732414921610685,0.5074333333333333,0.13303556812855685,10.965275696489554
pb_nbv,green_Pepper,14,0,0,0.4315,0.6028641285365002,0.4315,0.02698450674092895,12.708708679396299
pb_nbv,green_Pepper,14,0,1,0.7278666666666667,0.8425032795740413,0.7278666666666667,0.05424777965992533,4.910882034163452
pb_nbv,green_Pepper,14,0,2,0.7521333333333333,0.8585343581158207,0.7521333333333333,0.07881710417098046,4.558900592004471
pb_nbv,green_Pepper,14,0,3,0.7672333333333333,0.8682875304147726,0.7672333333333333,0.10116919692593347,4.390349987057832
pb_nbv,green_Pepper,14,0,4,0.7793333333333333,0.8759835144248783,0.7793333333333333,0.1212380467675693,4.190087001887249
pb_nbv,green_Pepper,14,0,5,0.7862,0.8803045571604524,0.7862,0.13943877905593646,4.103022127269674
pb_nbv,green_Pepper,2,0,0,0.4023,0.573771660842901,0.4023,0.024683568848033317,12.085366653609423
pb_nbv,green_Pepper,2,0,1,0.5845333333333333,0.7377987209693706,0.5845333333333333,0.04707904193960475,7.254375985563197
pb_nbv,green_Pepper,2,0,2,0.7869666666666667,0.8807849428267641,0.7869666666666667,0.06733857889773769,4.121163811377912
pb_nbv,green_Pepper,2,0,3,0.8691333333333333,0.9299853764668117,0.8691333333333333,0.09203878661111026,3.090763999957937
pb_nbv,green_Pepper,2,0,4,0.986,0.9929506545820745,0.986,0.11822933589058128,2.2408151728245023
pb_nbv,green_Pepper,2,0,5,1.0,1.0,1.0,0.13968984921278987,2.008434610253476
pb_nbv,green_Pepper,6,0,0,0.3943333333333333,0.5656227587855606,0.3943333333333333,0.025102028846483184,14.880376036351883
pb_nbv,green_Pepper,6,0,1,0.42533333333333334,0.5968194574368569,0.42533333333333334,0.04813444364159448,13.823698338276959
pb_nbv,green_Pepper,6,0,2,0.4444666666666667,0.6154059168320488,0.4444666666666667,0.06963925614896026,13.322594582188449
pb_nbv,green_Pepper,6,0,3,0.4530666666666667,0.6236006606716828,0.4530666666666667,0.08889828524767414,13.059948757776946
pb_nbv,green_Pepper,6,0,4,0.4654333333333333,0.6352159770716284,0.4654333333333333,0.10606428227451146,12.754800357617697
pb_nbv,green_Pepper,6,0,5,0.5598,0.7177843313245287,0.5598,0.12662051359811313,8.174075471694456
pb_nbv,green_Pepper,3,0,0,0.44283333333333336,0.6138385121866697,0.44283333333333336,0.027600778660634248,12.72929795842355
pb_nbv,green_Pepper,3,0,1,0.6810333333333334,0.8102555967559636,0.6810333333333334,0.05444075065400561,5.696994689308607
pb_nbv,green_Pepper,3,0,2,0.964,0.9816700610997963,0.964,0.0804004718686946,2.6309186611916973
pb_nbv,green_Pepper,3,0,3,0.9781,0.9889287700318488,0.9781,0.10450114744050733,2.429219388259354
pb_nbv,green_Pepper,3,0,4,0.9783,0.989030986200273,0.9783,0.12694805670161247,2.3286047140365684
pb_nbv,green_Pepper,3,0,5,0.9784,0.9890820865345734,0.9784,0.14716881345165134,2.276315709797876
pb_nbv,green_Pepper,9,0,0,0.4098333333333333,0.5813925995980612,0.4098333333333333,0.0237707732199727,12.201452464412887
pb_nbv,green_Pepper,9,0,1,0.45626666666666665,0.6266251602270646,0.45626666666666665,0.04527506413978725,11.226434823204148
pb_nbv,green_Pepper,9,0,2,0.4775,0.6463620981387478,0.4775,0.0650014829967448,10.87994530076564
pb_nbv,green_Pepper,9,0,3,0.5032333333333333,0.6695345588398341,0.5032333333333333,0.08304406671398105,9.918445323433748
pb_nbv,green_Pepper,9,0,4,0.5161,0.6808258030472923,0.5161,0.09896480970842932,9.69639411558751
pb_nbv,green_Pepper,9,0,5,0.5254666666666666,0.6889257931998951,0.5254666666666666,0.11377148186856711,9.572994249426444
pb_nbv,green_Pepper,10,0,0,0.4332,0.6045213508233324,0.4332,0.02421220969372436,12.265874013302112
pb_nbv,green_Pepper,10,0,1,0.47333333333333333,0.6425339366515836,0.47333333333333333,0.04675085481890427,11.615680523641304
pb_nbv,green_Pepper,10,0,2,0.4965333333333333,0.6635780470420528,0.4965333333333333,0.06666715640074873,11.102822015051743
pb_nbv,green_Pepper,10,0,3,0.5067,0.6725957390323224,0.5067,0.08435057463600612,10.952628069782554
pb_nbv,green_Pepper,10,0,4,0.5221666666666667,0.6860834337019599,0.5221666666666667,0.10077687436108416,10.104082129588072
pb_nbv,green_Pepper,10,0,5,0.5264666666666666,0.6897846879503865,0.5264666666666666,0.11586122121476672,9.982043451684909
pb_nbv,green_Pepper,5,0,0,0.39636666666666664,0.567711441598434,0.39636666666666664,0.02514446323693746,13.301528368266233
pb_nbv,green_Pepper,5,0,1,0.4329,0.6042291855677298,0.4329,0.048218660178312375,12.553811211915223
pb_nbv,green_Pepper,5,0,2,0.4507,0.6213552078307024,0.4507,0.06871967879721472,11.90142441109954
pb_nbv,green_Pepper,5,0,3,0.46523333333333333,0.6350296881042837,0.46523333333333333,0.08735148705010956,10.1696433418611
pb_nbv,green_Pepper,5,0,4,0.5836,0.7370548118211669,0.5836,0.10861704454582483,6.799415611677144
pb_nbv,green_Pepper,5,0,5,0.7712,0.8708220415537489,0.7712,0.1303288480196999,4.28236836858317
pb_nbv,green_Pepper,11,0,0,0.45936666666666665,0.6295424956031155,0.45936666666666665,0.026636637493141675,10.568728323197364
pb_nbv,green_Pepper,11,0,1,0.5011,0.6676437279328492,0.5011,0.05117600661405665,9.898222402543027
pb_nbv,green_Pepper,11,0,2,0.5218333333333334,0.68579564122221,0.5218333333333334,0.07275312386803333,9.445084199155296
pb_nbv,green_Pepper,11,0,3,0.5981333333333333,0.7485399632905056,0.5981333333333333,0.09240397275317329,8.229978305632583
pb_nbv,green_Pepper,11,0,4,0.7804666666666666,0.8766989927734302,0.7804666666666666,0.11623393367002886,4.056317887729205
pb_nbv,green_Pepper,11,0,5,0.9048,0.9500209995800084,0.9048,0.13905452189370082,2.7872322408940713
pb_nbv,green_Pepper,0,0,0,0.41563333333333335,0.5872047846664626,0.41563333333333335,0.026892788068556377,11.589115254350103
pb_nbv,green_Pepper,0,0,1,0.45016666666666666,0.6208481783703023,0.45016666666666666,0.05068064371934197,10.612682098267285
pb_nbv,green_Pepper,0,0,2,0.4664,0.6361156573922532,0.4664,0.07213997660074768,10.366069650757526
pb_nbv,green_Pepper,0,0,3,0.477,0.6459038591740014,0.477,0.0915367576899426,10.174771896790922
pb_nbv,green_Pepper,0,0,4,0.49816666666666665,0.6650350428301257,0.49816666666666665,0.10950033194090562,9.47538497869454
pb_nbv,green_Pepper,0,0,5,0.7923333333333333,0.8841361353914823,0.7923333333333333,0.13453408958452961,4.026284501427801
pb_nbv,Corner,8,0,0,0.38356666666666667,0.5544606933770208,0.38356666666666667,0.01395916252323968,11.70388509831981
pb_nbv,Corner,8,0,1,0.4170333333333333,0.5886005974924137,0.4170333333333333,0.02668595528147557,10.746843551494493
pb_nbv,Corner,8,0,2,0.6393666666666666,0.7800166731054675,0.6393666666666666,0.04144181749338432,6.0839723685884515
pb_nbv,Corner,8,0,3,0.7455,0.8541965052993412,0.7455,0.05299168094610277,4.9638099981603485
pb_nbv,Corner,8,0,4,0.9695333333333334,0.9845310225772603,0.9695333333333334,0.0656416482845687,2.760237542930295
pb_nbv,Corner,8,0,5,0.9892333333333333,0.9945875295339912,0.9892333333333333,0.07886105970209983,2.5390957508611067
pb_nbv,Corner,13,0,0,0.4222,0.5937280270004218,0.4222,0.015361696013389875,12.936697017315383
pb_nbv,Corner,13,0,1,0.4576,0.6278814489571899,0.4576,0.029571263900050895,12.080617110099473
pb_nbv,Corner,13,0,2,0.5623,0.7198361390257954,0.5623,0.040795506819686876,10.261344689947647
pb_nbv,Corner,13,0,3,0.5728,0.728382502543235,0.5728,0.051914574159241625,8.462227181183527
pb_nbv,Corner,13,0,4,0.6972,0.8215884987037474,0.6972,0.06413542411423316,5.5936219215099205
pb_nbv,Corner,13,0,5,0.7021333333333334,0.8250039166536113,0.7021333333333334,0.07477646602240091,5.483439627366256
pb_nbv,Corner,4,0,0,0.47933333333333333,0.6480396575033799,0.47933333333333333,0.01487784886162602,8.610552917578
pb_nbv,Corner,4,0,1,0.8148333333333333,0.8979704288731748,0.8148333333333333,0.029658974204679733,4.484755381257187
pb_nbv,Corner,4,0,2,0.8255666666666667,0.9044497598919058,0.8255666666666667,0.04407146278247156,4.221628555539081
pb_nbv,Corner,4,0,3,0.8275666666666667,0.9056486767468582,0.8275666666666667,0.05709779964856528,4.13097690553798
pb_nbv,Corner,4,0,4,0.9587,0.9789145862051362,0.9587,0.0692852262441519,2.9066204713466064
pb_nbv,Corner,4,0,5,0.9995333333333334,0.9997666122095156,0.9995333333333334,0.08064342468713856,2.5602951158694576
pb_nbv,Corner,1,0,0,0.4516,0.6222099751997796,0.4516,0.01595855135772935,9.70997395613225
pb_nbv,Corner,1,0,1,0.5284666666666666,0.6914991058577223,0.5284666666666666,0.030513184667651537,7.668374990869865
pb_nbv,Corner,1,0,2,0.5506333333333333,0.7102044325974333,0.5506333333333333,0.0437629333573123,6.942648259258774
pb_nbv,Corner,1,0,3,0.5573,0.7157259359147242,0.5573,0.055631702783612846,6.8293784707845235
pb_nbv,Corner,1,0,4,0.5828333333333333,0.7364430872907234,0.5828333333333333,0.06654736374019363,6.349221795829108
pb_nbv,Corner,1,0,5,0.8424333333333334,0.9144790403994717,0.8424333333333334,0.0799997957391579,3.783537844376663
pb_nbv,Corner,12,0,0,0.43456666666666666,0.6058507795617725,0.43456666666666666,0.014781233655200033,11.826784065384734
pb_nbv,Corner,12,0,1,0.5662333333333334,0.7230510566752506,0.5662333333333334,0.026838537698163193,10.206952887700426
pb_nbv,Corner,12,0,2,0.7898333333333334,0.8825775211844679,0.7898333333333334,0.04027501701896793,4.459646506050027
pb_nbv,Corner,12,0,3,0.8213,0.9018832701916214,0.8213,0.052483820202619165,4.1777128390503835
pb_nbv,Corner,12,0,4,0.8363,0.9108533464030932,0.8363,0.06380870629260935,4.04736961470773
pb_nbv,Corner,12,0,5,0.8472333333333333,0.9172997455654401,0.8472333333333333,0.07396547443088106,3.960457009427036
pb_nbv,Corner,7,0,0,0.49496666666666667,0.6621775290418962,0.49496666666666667,0.0147610122600415,12.125409223859066
pb_nbv,Corner,7,0,1,0.5624,0.7199180747567845,0.5624,0.024448074756937232,9.176629002263294
pb_nbv,Corner,7,0,2,0.5847666666666667,0.7379845613444671,0.5847666666666667,0.03353409823338464,8.354733614550314
pb_nbv,Corner,7,0,3,0.6522,0.789492797482145,0.6522,0.047715851523339736,5.753642027419851
pb_nbv,Corner,7,0,4,0.7047,0.8267730392444419,0.7047,0.05898943493162655,4.601812190518996
pb_nbv,Corner,7,0,5,0.734,0.8465974625144175,0.734,0.06917358635606065,4.326988586560038
pb_nbv,Corner,14,0,0,0.38693333333333335,0.5579696212266871,0.38693333333333335,0.012567667090866827,12.521160153597835
pb_nbv,Corner,14,0,1,0.4059,0.5774237143466818,0.4059,0.02372025169530048,12.069103882028191
pb_nbv,Corner,14,0,2,0.5674333333333333,0.7240286668226188,0.5674333333333333,0.038238071055211695,7.328394917151669
pb_nbv,Corner,14,0,3,0.8280333333333333,0.905928046534527,0.8280333333333333,0.052844688793742066,4.259310324815061
pb_nbv,Corner,14,0,4,1.0,1.0,1.0,0.06643231604488614,2.545976527761822
pb_nbv,Corner,14,0,5,1.0,1.0,1.0,0.07906054381742375,2.446500106618496
pb_nbv,Corner,2,0,0,0.3949,0.5662054627571869,0.3949,0.012299470974613846,10.501081016980441
pb_nbv,Corner,2,0,1,0.4387666666666667,0.609920533790515,0.4387666666666667,0.023654995554977958,8.736703213166603
pb_nbv,Corner,2,0,2,0.4668333333333333,0.6365185774343824,0.4668333333333333,0.03376193417799425,8.105245068962898
pb_nbv,Corner,2,0,3,0.47236666666666666,0.6416427067532997,0.47236666666666666,0.04247662480146291,8.016487575741225
pb_nbv,Corner,2,0,4,0.7487666666666667,0.856336846920687,0.7487666666666667,0.05755573085567542,4.657665903267809
pb_nbv,Corner,2,0,5,0.7687,0.8692259851868605,0.7687,0.07146323811092657,4.383358371046903
pb_nbv,Corner,6,0,0,0.5203,0.6844701703611129,0.5203,0.016433290179153834,8.031489218554862
pb_nbv,Corner,6,0,1,0.5583333333333333,0.7165775401069518,0.5583333333333333,0.03170033499695153,7.030383666752168
pb_nbv,Corner,6,0,2,0.5689,0.725221492765632,0.5689,0.04563312059069458,6.84448610026618
pb_nbv,Corner,6,0,3,0.5826,0.7362567926197396,0.5826,0.05828904273613651,6.60924512756312
pb_nbv,Corner,6,0,4,0.5855,0.738568274992116,0.5855,0.06998692368680093,6.548194685306866
pb_nbv,Corner,6,0,5,0.5897666666666667,0.7419537458327218,0.5897666666666667,0.08060527223012698,6.4730506108491035
pb_nbv,Corner,3,0,0,0.43896666666666667,0.6101137390256897,0.43896666666666667,0.013977482509515853,10.84321144462836
pb_nbv,Corner,3,0,1,0.49693333333333334,0.6639351563195868,0.49693333333333334,0.026508176098462545,9.62369990024953
pb_nbv,Corner,3,0,2,0.6889,0.815797264491681,0.6889,0.03915546068651464,6.187322248021827
pb_nbv,Corner,3,0,3,0.7007,0.8240136414417594,0.7007,0.05117636397706286,5.977973680020548
pb_nbv,Corner,3,0,4,0.7054,0.8272546030256831,0.7054,0.06257353590001832,5.865134841162278
pb_nbv,Corner,3,0,5,0.7119333333333333,0.8317302075625997,0.7119333333333333,0.07085191504346465,5.730251270430169
pb_nbv,Corner,9,0,0,0.5075,0.6733001658374793,0.5075,0.015302807699686444,11.693090626552518
pb_nbv,Corner,9,0,1,0.5242666666666667,0.6878936319104269,0.5242666666666667,0.02950834996586913,11.351526703422781
pb_nbv,Corner,9,0,2,0.5316,0.6941760250718202,0.5316,0.04222380518959485,11.122900255363957
pb_nbv,Corner,9,0,3,0.6284,0.7718005404077621,0.6284,0.05565384570367138,6.954303553116912
pb_nbv,Corner,9,0,4,0.6429333333333334,0.7826651517610778,0.6429333333333334,0.06796428705991706,6.7874879809666115
pb_nbv,Corner,9,0,5,0.6512333333333333,0.7887841411470214,0.6512333333333333,0.07978924890720471,6.673478438683225
pb_nbv,Corner,10,0,0,0.4769,0.6458121741485543,0.4769,0.016179064632805214,9.349066289738877
pb_nbv,Corner,10,0,1,0.5322666666666667,0.694744169857292,0.5322666666666667,0.026251845275095977,7.776096790798711
pb_nbv,Corner,10,0,2,0.5470333333333334,0.7072030337635475,0.5470333333333334,0.03614047237919379,7.358427985370003
pb_nbv,Corner,10,0,3,0.5495333333333333,0.7092888181387945,0.5495333333333333,0.04435296704092699,7.277145413500695
pb_nbv,Corner,10,0,4,0.7381,0.8493182210459698,0.7381,0.057821580719387186,4.978939185600275
pb_nbv,Corner,10,0,5,0.7819333333333334,0.877623554940327,0.7819333333333334,0.0699945386710889,4.5489650977670095
pb_nbv,Corner,5,0,0,0.36446666666666666,0.5342258269409292,0.36446666666666666,0.0129417950528062,10.475861600924848
pb_nbv,Corner,5,0,1,0.4479,0.6186891359900546,0.4479,0.02503322040307081,8.670924115420961
pb_nbv,Corner,5,0,2,0.5028333333333334,0.6691804369524232,0.5028333333333334,0.03579415315253896,7.826219780024868
pb_nbv,Corner,5,0,3,0.8003333333333333,0.8890946121088688,0.8003333333333333,0.050520439539521116,4.4692572409307285
pb_nbv,Corner,5,0,4,0.9758333333333333,0.9877688738928722,0.9758333333333333,0.06533048941953563,2.7907517080056476
pb_nbv,Corner,5,0,5,0.9775333333333334,0.9886390452752588,0.9775333333333334,0.07694549253921355,2.710673344983856
pb_nbv,Corner,11,0,0,0.4476,0.6184028737220226,0.4476,0.014843439403552703,12.073294184450113
pb_nbv,Corner,11,0,1,0.5085666666666666,0.6742382393883819,0.5085666666666666,0.028140864094341703,9.426470680963645
pb_nbv,Corner,11,0,2,0.5408666666666667,0.7020291610781813,0.5408666666666667,0.04009095753781615,8.904913728479645
pb_nbv,Corner,11,0,3,0.7331333333333333,0.8460206946955418,0.7331333333333333,0.055556650824458174,5.4150564241650825
pb_nbv,Corner,11,0,4,0.7462,0.8546558240751345,0.7462,0.06990024754716924,5.1389731370099145
pb_nbv,Corner,11,0,5,0.7524333333333333,0.8587297662298138,0.7524333333333333,0.08229000353709774,5.008884536603472
pb_nbv,Corner,0,0,0,0.3607666666666667,0.5302403057100165,0.3607666666666667,0.014667440564133464,12.919465906677631
pb_nbv,Corner,0,0,1,0.42873333333333336,0.6001586486864822,0.42873333333333336,0.027586621421297742,11.937072594948784
pb_nbv,Corner,0,0,2,0.4588,0.6290101453249245,0.4588,0.03872266635874208,11.581747542642553
pb_nbv,Corner,0,0,3,0.4801666666666667,0.6488008107195136,0.4801666666666667,0.04874820659227595,11.1265806009855
pb_nbv,Corner,0,0,4,0.4910333333333333,0.658648364668798,0.4910333333333333,0.05789698260933487,10.95625786919422
pb_nbv,Corner,0,0,5,0.5024,0.6687965921192758,0.5024,0.06558744347387105,10.682799699029442
pb_nbv,L_Shaped,8,0,0,0.41063333333333335,0.5821971218601574,0.41063333333333335,0.02461071157282423,10.734097685788102
pb_nbv,L_Shaped,8,0,1,0.6551333333333333,0.791638135900431,0.6551333333333333,0.04666959840018918,4.870772108285128
pb_nbv,L_Shaped,8,0,2,0.8916666666666667,0.9427312775330398,0.8916666666666667,0.07100049634514352,3.043931636612598
pb_nbv,L_Shaped,8,0,3,0.8987,0.9466477063253805,0.8987,0.09266917718907453,2.89052496890567
pb_nbv,L_Shaped,8,0,4,0.9040333333333334,0.9495982213196548,0.9040333333333334,0.11238785845199915,2.786771686400704
pb_nbv,L_Shaped,8,0,5,0.9047,0.9499658738909014,0.9047,0.13023698357748942,2.737786631193881
pb_nbv,L_Shaped,13,0,0,0.44863333333333333,0.619388389056352,0.44863333333333333,0.029113963083183352,10.403311603524827
pb_nbv,L_Shaped,13,0,1,0.5250333333333334,0.6885532556665428,0.5250333333333334,0.05606213265115029,9.246602137953895
pb_nbv,L_Shaped,13,0,2,0.7010333333333333,0.8242440869275539,0.7010333333333333,0.07860339670568374,5.256299435197217
pb_nbv,L_Shaped,13,0,3,0.7195333333333334,0.8368937308572093,0.7195333333333334,0.1003980815160834,4.991289802400035
pb_nbv,L_Shaped,13,0,4,0.8950666666666667,0.9446281573207627,0.8950666666666667,0.12367204868839958,2.764118009545985
pb_nbv,L_Shaped,13,0,5,0.9663333333333334,0.98287845397525,0.9663333333333334,0.1464274556434501,2.30860847396809
pb_nbv,L_Shaped,4,0,0,0.4815,0.6500168747890651,0.4815,0.026934919808635556,9.098689014806908
pb_nbv,L_Shaped,4,0,1,0.5353666666666667,0.697379561885326,0.5353666666666667,0.05216140420917073,8.408666382679536
pb_nbv,L_Shaped,4,0,2,0.6776,0.8078206962327134,0.6776,0.07657648175047138,5.773309510945756
pb_nbv,L_Shaped,4,0,3,0.6857,0.8135492673666725,0.6857,0.10000984867416414,5.546190900621037
pb_nbv,L_Shaped,4,0,4,0.7385333333333334,0.8496050310606642,0.7385333333333334,0.12383415534090056,4.952229530684982
pb_nbv,L_Shaped,4,0,5,0.7823333333333333,0.8778754441743033,0.7823333333333333,0.1448601552143895,4.376173243064699
pb_nbv,L_Shaped,1,0,0,0.4594666666666667,0.6296363968572994,0.4594666666666667,0.02841618026445339,10.290814407946678
pb_nbv,L_Shaped,1,0,1,0.5166333333333334,0.6812896986746961,0.5166333333333334,0.05444232802761745,9.476743875223786
pb_nbv,L_Shaped,1,0,2,0.542,0.7029831387808042,0.542,0.0779486031796882,9.232139243226163
pb_nbv,L_Shaped,1,0,3,0.5572666666666667,0.7156984459951197,0.5572666666666667,0.099303413087573,8.904684353012671
pb_nbv,L_Shaped,1,0,4,0.5686666666666667,0.725031874203145,0.5686666666666667,0.11937045468467047,8.772246567903908
pb_nbv,L_Shaped,1,0,5,0.5738,0.7291904943448977,0.5738,0.13796821675200344,8.660582503816425
pb_nbv,L_Shaped,12,0,0,0.4872,0.6551909628832706,0.4872,0.02719481159357569,9.297874051625177
pb_nbv,L_Shaped,12,0,1,0.6386,0.7794458684242647,0.6386,0.05252511914363802,6.39815785157827
pb_nbv,L_Shaped,12,0,2,0.8085,0.8941111418302461,0.8085,0.07818313016553849,3.8979803969974944
pb_nbv,L_Shaped,12,0,3,0.9832666666666666,0.9915627416047598,0.9832666666666666,0.10228556852315539,2.3465848718212876
pb_nbv,L_Shaped,12,0,4,0.9857333333333334,0.9928154166386893,0.9857333333333334,0.12420250952765378,2.2416672614933395
pb_nbv,L_Shaped,12,0,5,0.9877333333333334,0.9938288167426885,0.9877333333333334,0.1441904500459794,2.1692771262657553
pb_nbv,L_Shaped,7,0,0,0.36233333333333334,0.5319305113775386,0.36233333333333334,0.025035502203226638,15.180749479319928
pb_nbv,L_Shaped,7,0,1,0.3821333333333333,0.5529616052479258,0.3821333333333333,0.04723076163292683,14.8847871369528
pb_nbv,L_Shaped,7,0,2,0.3964,0.5677456316241765,0.3964,0.0668283165035017,14.546270942824874
pb_nbv,L_Shaped,7,0,3,0.4056666666666667,0.5771875741048139,0.4056666666666667,0.08517415064450043,14.187077894823084
pb_nbv,L_Shaped,7,0,4,0.4189333333333333,0.5904905093027626,0.4189333333333333,0.10128022803147316,13.76409788829726
pb_nbv,L_Shaped,7,0,5,0.42446666666666666,0.5959657415640942,0.42446666666666666,0.11588287476756318,13.66164025732694
pb_nbv,L_Shaped,14,0,0,0.5256666666666666,0.6890976622241644,0.5256666666666666,0.029311373635666445,9.765737866222075
pb_nbv,L_Shaped,14,0,1,0.7863666666666667,0.8804090239032674,0.7863666666666667,0.05166782540155579,3.9329434679712514
pb_nbv,L_Shaped,14,0,2,0.8243333333333334,0.9037091174858396,0.8243333333333334,0.07201139831640443,3.6486529990570102
pb_nbv,L_Shaped,14,0,3,0.8604666666666667,0.9250008958325868,0.8604666666666667,0.09804045236689145,3.191468235623806
pb_nbv,L_Shaped,14,0,4,0.9813666666666667,0.9905957167611581,0.9813666666666667,0.12128556915825826,2.333470915405747
pb_nbv,L_Shaped,14,0,5,0.9977666666666667,0.998882084994911,0.9977666666666667,0.14698263822143515,2.106874691041671
pb_nbv,L_Shaped,2,0,0,0.3828666666666667,0.5537289688087548,0.3828666666666667,0.028225772146395732,13.852032606010587
pb_nbv,L_Shaped,2,0,1,0.4838,0.6521094487127646,0.4838,0.05239843274299505,10.641996389022205
pb_nbv,L_Shaped,2,0,2,0.7008333333333333,0.8241058304752573,0.7008333333333333,0.07416608784350202,5.308250111017841
pb_nbv,L_Shaped,2,0,3,0.7235333333333334,0.8395930839747805,0.7235333333333334,0.09440606049628959,5.051860431309514
pb_nbv,L_Shaped,2,0,4,0.8219333333333333,0.902264993230634,0.8219333333333333,0.11733034043856232,3.903479007501351
pb_nbv,L_Shaped,2,0,5,0.8327666666666667,0.9087536147536511,0.8327666666666667,0.14196517965152297,3.767202242727171
pb_nbv,L_Shaped,6,0,0,0.4286333333333333,0.6000606640378916,0.4286333333333333,0.02584688682098895,13.131749229881322
pb_nbv,L_Shaped,6,0,1,0.7118666666666666,0.8316847106472467,0.7118666666666666,0.05081346977704087,5.669391667145522
pb_nbv,L_Shaped,6,0,2,0.9967666666666667,0.9983807154900421,0.9967666666666667,0.07789023674772538,2.519158689383509
pb_nbv,L_Shaped,6,0,3,0.9978,0.9988987886675343,0.9978,0.1021377659047747,2.345137167774676
pb_nbv,L_Shaped,6,0,4,0.9999333333333333,0.9999666655555185,0.9999333333333333,0.13141508322998385,2.120261902777722
pb_nbv,L_Shaped,6,0,5,0.9999333333333333,0.9999666655555185,0.9999333333333333,0.1495879040865607,2.0550639875939427
pb_nbv,L_Shaped,3,0,0,0.3893,0.5604261138702944,0.3893,0.025750858855037487,14.058405910839323
pb_nbv,L_Shaped,3,0,1,0.6145333333333334,0.7612519613510612,0.6145333333333334,0.05127271050252563,7.151136604211951
pb_nbv,L_Shaped,3,0,2,0.6756333333333333,0.8064214525850922,0.6756333333333333,0.0737604082475881,6.543375802782006
pb_nbv,L_Shaped,3,0,3,0.9706,0.9850806860854562,0.9706,0.09869683846119197,2.4595801902247363
pb_nbv,L_Shaped,3,0,4,0.9999,0.999949997499875,0.9999,0.12565871189322209,2.117034533875668
pb_nbv,L_Shaped,3,0,5,1.0,1.0,1.0,0.15040300616832,1.9671269784682075
pb_nbv,L_Shaped,9,0,0,0.44726666666666665,0.6180846653461698,0.44726666666666665,0.030276722748135927,11.709368026849775
pb_nbv,L_Shaped,9,0,1,0.49683333333333335,0.6638458968934416,0.49683333333333335,0.058394266999780245,10.594549915303867
pb_nbv,L_Shaped,9,0,2,0.6762333333333334,0.8068486885278502,0.6762333333333334,0.07663663151049911,5.726834784615154
pb_nbv,L_Shaped,9,0,3,0.8066666666666666,0.8929889298892989,0.8066666666666666,0.09766658006442802,4.137957658617351
pb_nbv,L_Shaped,9,0,4,0.8175333333333333,0.8996075266845174,0.8175333333333333,0.11693969800689213,3.969274570519219
pb_nbv,L_Shaped,9,0,5,0.8206333333333333,0.9014811695563815,0.8206333333333333,0.13352688826739828,3.9126576145713314
pb_nbv,L_Shaped,10,0,0,0.38226666666666664,0.553101186457027,0.38226666666666664,0.025736644416292396,15.435041314296681
pb_nbv,L_Shaped,10,0,1,0.3989,0.570305239831296,0.3989,0.049295731136547456,14.941948447384961
pb_nbv,L_Shaped,10,0,2,0.40576666666666666,0.5772887866644536,0.40576666666666666,0.06992370046160191,14.731506611731724
pb_nbv,L_Shaped,10,0,3,0.41386666666666666,0.5854394568087514,0.41386666666666666,0.08836810889693238,14.507154414530607
pb_nbv,L_Shaped,10,0,4,0.41523333333333334,0.5868054737734649,0.41523333333333334,0.10521360733335962,14.44490179655511
pb_nbv,L_Shaped,10,0,5,0.5905666666666667,0.7425864995703837,0.5905666666666667,0.12927132665312688,8.306742035096434
pb_nbv,L_Shaped,5,0,0,0.34846666666666665,0.5168339348395709,0.34846666666666665,0.026636184470137155,15.50518701302228
pb_nbv,L_Shaped,5,0,1,0.5106666666666667,0.676081200353045,0.5106666666666667,0.05258390973936976,10.156607056456885
pb_nbv,L_Shaped,5,0,2,0.5341333333333333,0.6963323483399966,0.5341333333333333,0.0770789972337776,9.844848556627884
pb_nbv,L_Shaped,5,0,3,0.5509,0.7104262041395318,0.5509,0.099513490885826,9.560841942331262
pb_nbv,L_Shaped,5,0,4,0.7868666666666667,0.8807223072044175,0.7868666666666667,0.12402633287535057,4.206083204146285
pb_nbv,L_Shaped,5,0,5,0.7983,0.8878385141522549,0.7983,0.1461032554453526,4.000355353030762
pb_nbv,L_Shaped,11,0,0,0.4447333333333333,0.6156614830879978,0.4447333333333333,0.025925881469504326,12.572793490972092
pb_nbv,L_Shaped,11,0,1,0.4721,0.6413966442497113,0.4721,0.04978511009788418,12.093923738539841
pb_nbv,L_Shaped,11,0,2,0.48633333333333334,0.6544068176721238,0.48633333333333334,0.07271395380086827,11.716589217698251
pb_nbv,L_Shaped,11,0,3,0.4957,0.6628334559069332,0.4957,0.09283977115425417,11.544215266966365
pb_nbv,L_Shaped,11,0,4,0.49916666666666665,0.6659255141745415,0.49916666666666665,0.11110099413310877,11.425419709163133
pb_nbv,L_Shaped,11,0,5,0.5027,0.6690623544286951,0.5027,0.12783322682538337,11.351384530328465
pb_nbv,L_Shaped,0,0,0,0.3795,0.5501993475897065,0.3795,0.021944112965767877,10.949849726334758
pb_nbv,L_Shaped,0,0,1,0.6835333333333333,0.8120223339801211,0.6835333333333333,0.0480026756652394,4.889764577183396
pb_nbv,L_Shaped,0,0,2,0.7301333333333333,0.844019728729963,0.7301333333333333,0.0712050340482903,4.271040069516947
pb_nbv,L_Shaped,0,0,3,0.8650333333333333,0.9276331075405265,0.8650333333333333,0.09567684219471408,3.265578414526333
pb_nbv,L_Shaped,0,0,4,0.9692,0.9843591306114158,0.9692,0.11674472220801817,2.358940209677905
pb_nbv,L_Shaped,0,0,5,0.9695,0.9845138359989846,0.9695,0.1359189533025383,2.293544280768447
pb_nbv,Cylinder,8,0,0,0.3218666666666667,0.4869880976397014,0.3218666666666667,0.034825256369194896,16.460488369487525
pb_nbv,Cylinder,8,0,1,0.4463,0.6171610315978704,0.4463,0.0665388009108804,11.546473012509889
pb_nbv,Cylinder,8,0,2,0.5787666666666667,0.7331883537782657,0.5787666666666667,0.09672318272508945,7.007930929132562
pb_nbv,Cylinder,8,0,3,0.8046,0.8917211570431121,0.8046,0.12874791665253799,3.9596310470977856
pb_nbv,Cylinder,8,0,4,0.9586333333333333,0.9788798311747988,0.9586333333333333,0.19771298445175894,2.401066605863117
pb_nbv,Cylinder,8,0,5,0.9636666666666667,0.9814971991172976,0.9636666666666667,0.23822207419218894,2.2690671546137544
pb_nbv,Cylinder,13,0,0,0.33663333333333334,0.5037033342477368,0.33663333333333334,0.0348292514590591,15.66963798567849
pb_nbv,Cylinder,13,0,1,0.36146666666666666,0.5309959847223582,0.36146666666666666,0.06499889231951478,15.267903704652959
pb_nbv,Cylinder,13,0,2,0.5313,0.6939201985241299,0.5313,0.13340363367433256,10.05182005864622
pb_nbv,Cylinder,13,0,3,0.7108,0.8309562777647884,0.7108,0.16876717954084447,5.529488856324466
pb_nbv,Cylinder,13,0,4,0.7145333333333334,0.8335018275138036,0.7145333333333334,0.200135589146713,5.385349834025182
pb_nbv,Cylinder,13,0,5,0.9273333333333333,0.9622967831200276,0.9273333333333333,0.23127212719625762,2.6388187933622174
pb_nbv,Cylinder,4,0,0,0.4497,0.6204042215630821,0.4497,0.03714495919318417,12.37535092847984
pb_nbv,Cylinder,4,0,1,0.6134,0.7603818024048593,0.6134,0.06680415110697079,6.963147293718922
pb_nbv,Cylinder,4,0,2,0.7236666666666667,0.8396828466447496,0.7236666666666667,0.09931124242478734,5.098304953454495
pb_nbv,Cylinder,4,0,3,0.9075,0.9515072083879423,0.9075,0.1649334934829455,2.9620611248053788
pb_nbv,Cylinder,4,0,4,0.9239333333333334,0.9604629405038291,0.9239333333333334,0.2125945922237436,2.714407934967342
pb_nbv,Cylinder,4,0,5,0.9306666666666666,0.9640883977900552,0.9306666666666666,0.24929153832584294,2.596663369971284
pb_nbv,Cylinder,1,0,0,0.45563333333333333,0.6260276168449014,0.45563333333333333,0.038555758884770044,12.427296506581092
pb_nbv,Cylinder,1,0,1,0.48806666666666665,0.6559741947045383,0.48806666666666665,0.07281902453665605,11.336907666341897
pb_nbv,Cylinder,1,0,2,0.49883333333333335,0.6656288224174358,0.49883333333333335,0.10154017446594835,10.832217334249217
pb_nbv,Cylinder,1,0,3,0.6024333333333334,0.751898154889439,0.6024333333333334,0.13215848377880873,7.886208322365165
pb_nbv,Cylinder,1,0,4,0.6161666666666666,0.7625038671754151,0.6161666666666666,0.16034503519845256,7.4545873208554365
pb_nbv,Cylinder,1,0,5,0.6225,0.7673343605546996,0.6225,0.18537732754716169,7.181367926829962
pb_nbv,Cylinder,12,0,0,0.4283666666666667,0.5997993045669879,0.4283666666666667,0.037229928310940866,13.223156253210027
pb_nbv,Cylinder,12,0,1,0.4608333333333333,0.6309184255561894,0.4608333333333333,0.06936877332937708,12.509337358964
pb_nbv,Cylinder,12,0,2,0.48056666666666664,0.6491658599184996,0.48056666666666664,0.0978251306011852,11.727254939097225
pb_nbv,Cylinder,12,0,3,0.4936,0.660953401178361,0.4936,0.12346013165541089,11.340541954250911
pb_nbv,Cylinder,12,0,4,0.7731333333333333,0.8720532390871151,0.7731333333333333,0.17144805925751763,4.423394578668006
pb_nbv,Cylinder,12,0,5,0.8469,0.9171043369971303,0.8469,0.19996832480871843,3.321094244543714
pb_nbv,Cylinder,7,0,0,0.44316666666666665,0.6141586788312737,0.44316666666666665,0.06767401355853285,12.800699698783243
pb_nbv,Cylinder,7,0,1,0.4820333333333333,0.6505026877488136,0.4820333333333333,0.11832239619762952,11.596925370842886
pb_nbv,Cylinder,7,0,2,0.5024,0.6687965921192758,0.5024,0.15620992998817226,11.04330715187508
pb_nbv,Cylinder,7,0,3,0.5119,0.6771611879092533,0.5119,0.18742997681245055,10.770201946500054
pb_nbv,Cylinder,7,0,4,0.5797,0.7339368234474901,0.5797,0.21163288161290794,8.794786175858313
pb_nbv,Cylinder,7,0,5,0.7704666666666666,0.870354332191136,0.7704666666666666,0.24767428415,4.41257220071755
pb_nbv,Cylinder,14,0,0,0.4622,0.6321980577212419,0.4622,0.07094188725181882,12.257721178061203
pb_nbv,Cylinder,14,0,1,0.4861333333333333,0.6542257312040194,0.4861333333333333,0.12265979708235307,11.72855777357486
pb_nbv,Cylinder,14,0,2,0.5006666666666667,0.6672589960017771,0.5006666666666667,0.15907195317936476,11.11786184942307
pb_nbv,Cylinder,14,0,3,0.5873,0.7399987399987401,0.5873,0.18515829926184424,6.809330413667329
pb_nbv,Cylinder,14,0,4,0.7009,0.8241519195719913,0.7009,0.2146659537199987,5.569990296883074
pb_nbv,Cylinder,14,0,5,0.9115666666666666,0.953737771810208,0.9115666666666666,0.2449023957371781,2.6748781132032113
pb_nbv,Cylinder,2,0,0,0.4153,0.5868720412633364,0.4153,0.037143142865390416,12.51684769195079
pb_nbv,Cylinder,2,0,1,0.4816,0.6501079913606911,0.4816,0.06945310202891214,11.496086438690979
pb_nbv,Cylinder,2,0,2,0.5009666666666667,0.6675253725376978,0.5009666666666667,0.09793767949439024,11.05548220580253
pb_nbv,Cylinder,2,0,3,0.5095666666666666,0.6751164793428577,0.5095666666666666,0.12234662026057004,10.861175432885556
pb_nbv,Cylinder,2,0,4,0.5154333333333333,0.6802454743417724,0.5154333333333333,0.14454028777570269,10.747968491367349
pb_nbv,Cylinder,2,0,5,0.5952333333333333,0.7462649142236245,0.5952333333333333,0.17176689069245984,8.157473880401373
pb_nbv,Cylinder,6,0,0,0.4404,0.6114968064426549,0.4404,0.07243295612676162,12.632372419743351
pb_nbv,Cylinder,6,0,1,0.47683333333333333,0.645751043900237,0.47683333333333333,0.12174782403333022,11.730855734613892
pb_nbv,Cylinder,6,0,2,0.6107666666666667,0.7583552345673903,0.6107666666666667,0.16074741330037806,7.48876930451161
pb_nbv,Cylinder,6,0,3,0.6233666666666666,0.7679924436869879,0.6233666666666666,0.19279730810661286,7.314866898357554
pb_nbv,Cylinder,6,0,4,0.6365,0.7778796211426826,0.6365,0.218676640748959,7.15204704583159
pb_nbv,Cylinder,6,0,5,0.6428333333333334,0.7825910520442325,0.6428333333333334,0.23955833871916707,6.8199451781859635
pb_nbv,Cylinder,3,0,0,0.3999666666666667,0.5713945570132622,0.3999666666666667,0.042971102831922486,12.371023112914303
pb_nbv,Cylinder,3,0,1,0.4407333333333333,0.6118180556198233,0.4407333333333333,0.07926154755250613,11.896563136784211
pb_nbv,Cylinder,3,0,2,0.45743333333333336,0.6277245385723761,0.45743333333333336,0.10987251315043231,11.634397938490089
pb_nbv,Cylinder,3,0,3,0.6611,0.7959785684185179,0.6611,0.13962433829016244,6.146924697079266
pb_nbv,Cylinder,3,0,4,0.8346333333333333,0.9098639146786824,0.8346333333333333,0.17265209394610587,3.537647518435604
pb_nbv,Cylinder,3,0,5,0.93,0.9637305699481865,0.93,0.20570397250579192,2.5558110228996616
pb_nbv,Cylinder,9,0,0,0.46113333333333334,0.6311995254825021,0.46113333333333334,0.03690645016828521,11.814755628574291
pb_nbv,Cylinder,9,0,1,0.49156666666666665,0.6591279862337139,0.49156666666666665,0.07136409016032991,11.054353084107268
pb_nbv,Cylinder,9,0,2,0.5114666666666666,0.6767819336626675,0.5114666666666666,0.10083322522614972,10.68728460951721
pb_nbv,Cylinder,9,0,3,0.6576,0.7934362934362934,0.6576,0.15292961929939464,6.550979927856817
pb_nbv,Cylinder,9,0,4,0.6673666666666667,0.8005037884088683,0.6673666666666667,0.19541195664550182,6.316676568983007
pb_nbv,Cylinder,9,0,5,0.6747,0.8057562548516152,0.6747,0.22611312766604566,6.140982198326829
pb_nbv,Cylinder,10,0,0,0.4382,0.6093728271450424,0.4382,0.037815424397376354,12.737200085037252
pb_nbv,Cylinder,10,0,1,0.4638,0.6336931274764313,0.4638,0.07138751589502901,12.228798335547692
pb_nbv,Cylinder,10,0,2,0.4957666666666667,0.6628930537294141,0.4957666666666667,0.10059282325924224,11.140238709748969
pb_nbv,Cylinder,10,0,3,0.5068,0.6726838332890894,0.5068,0.12700757911862035,10.915757159369473
pb_nbv,Cylinder,10,0,4,0.5116333333333334,0.6769278264129309,0.5116333333333334,0.15100713164771726,10.819213223536488
pb_nbv,Cylinder,10,0,5,0.5156,0.6803906043811031,0.5156,0.1715552205872557,10.739050327447515
pb_nbv,Cylinder,5,0,0,0.3691333333333333,0.5392218921945756,0.3691333333333333,0.03528869778747454,13.270884564329231
pb_nbv,Cylinder,5,0,1,0.4348666666666667,0.6061422664126748,0.4348666666666667,0.06734112539669235,11.85580271400925
pb_nbv,Cylinder,5,0,2,0.47433333333333333,0.6434546687768483,0.47433333333333333,0.0929284162776579,11.225374943456954
pb_nbv,Cylinder,5,0,3,0.4908,0.6584384223235846,0.4908,0.11638248078176423,11.044417165096633
pb_nbv,Cylinder,5,0,4,0.5148,0.679693688935833,0.5148,0.13778467971492803,10.636528003034082
pb_nbv,Cylinder,5,0,5,0.5610666666666667,0.7188247352237787,0.5610666666666667,0.16489276231065814,9.25771880716034
pb_nbv,Cylinder,11,0,0,0.45203333333333334,0.6226211519478433,0.45203333333333334,0.038650630360103064,12.642000645729896
pb_nbv,Cylinder,11,0,1,0.7931666666666667,0.884654707686588,0.7931666666666667,0.09817418889217348,4.6267109348155095
pb_nbv,Cylinder,11,0,2,0.811,0.8956377691882939,0.811,0.15807432653326364,4.312495708928639
pb_nbv,Cylinder,11,0,3,0.91,0.9528795811518325,0.91,0.1952236361705647,2.8869956281197817
pb_nbv,Cylinder,11,0,4,0.917,0.9567031820552947,0.917,0.22828760364147546,2.7482240851402135
pb_nbv,Cylinder,11,0,5,0.9204333333333333,0.9585683786645375,0.9204333333333333,0.25413985093289615,2.6586575542998836
pb_nbv,Cylinder,0,0,0,0.3314,0.4978218416704221,0.3314,0.034779872506054105,15.220241163083129
pb_nbv,Cylinder,0,0,1,0.3684,0.5384390529085062,0.3684,0.06663859504471983,13.625394938512922
pb_nbv,Cylinder,0,0,2,0.38706666666666667,0.5581082380082668,0.38706666666666667,0.0934241386823841,13.14025647961405
pb_nbv,Cylinder,0,0,3,0.38906666666666667,0.5601842964100595,0.38906666666666667,0.11589042884814266,12.979219632534681
pb_nbv,Cylinder,0,0,4,0.40273333333333333,0.5742122522693788,0.40273333333333333,0.13531770618116165,12.631048243639254
pb_nbv,Cylinder,0,0,5,0.4091,0.5806543183592364,0.4091,0.15298911155993936,12.413707561606374
pb_nbv,Cross,8,0,0,0.31656666666666666,0.48089728333797505,0.31656666666666666,0.021281241826089644,15.720210935325804
pb_nbv,Cross,8,0,1,0.4598,0.6299493081244006,0.4598,0.04168806277769512,10.584195515041948
pb_nbv,Cross,8,0,2,0.47523333333333334,0.6442822604333778,0.47523333333333334,0.06022581295188924,8.94868905416724
pb_nbv,Cross,8,0,3,0.4901333333333333,0.6578382247673586,0.4901333333333333,0.07716351865433385,8.644343082690565
pb_nbv,Cross,8,0,4,0.4968666666666667,0.66387565136062,0.4968666666666667,0.09243575996218271,8.496347180889892
pb_nbv,Cross,8,0,5,0.4983666666666667,0.6652132321861582,0.4983666666666667,0.10667590299570588,8.461661073529948
pb_nbv,Cross,13,0,0,0.3430666666666667,0.5108706442966346,0.3430666666666667,0.02118640420972068,14.631837297319915
pb_nbv,Cross,13,0,1,0.5155333333333333,0.6803325561958385,0.5155333333333333,0.0420288990040026,8.589980884492144
pb_nbv,Cross,13,0,2,0.5544666666666667,0.7133850838444054,0.5544666666666667,0.061362399587913764,8.15714277979135
pb_nbv,Cross,13,0,3,0.5765666666666667,0.7314205975008986,0.5765666666666667,0.07907147282223417,7.857748678181202
pb_nbv,Cross,13,0,4,0.5869,0.7396811393282501,0.5869,0.09492403285228668,7.758594495006482
pb_nbv,Cross,13,0,5,0.589,0.7413467589679044,0.589,0.10980206162951581,7.698271087038114
pb_nbv,Cross,4,0,0,0.44926666666666665,0.6199917199503197,0.44926666666666665,0.023525556332141647,10.683475351378076
pb_nbv,Cross,4,0,1,0.4906333333333333,0.6582884232652787,0.4906333333333333,0.045393556939939614,10.118322613237154
pb_nbv,Cross,4,0,2,0.5105,0.6759351208209202,0.5105,0.06546575930228685,9.756365129922884
pb_nbv,Cross,4,0,3,0.5563,0.7149007260810898,0.5563,0.08493160575149279,8.280155665680818
pb_nbv,Cross,4,0,4,0.5691,0.7253839780766044,0.5691,0.10349614087414043,7.989367100231439
pb_nbv,Cross,4,0,5,0.5763333333333334,0.7312328187777543,0.5763333333333334,0.11991134740059907,7.888012851872753
pb_nbv,Cross,1,0,0,0.3990666666666667,0.5704755551319928,0.3990666666666667,0.022691139573372553,12.535284677580638
pb_nbv,Cross,1,0,1,0.44053333333333333,0.6116253239540911,0.44053333333333333,0.043146344476489504,12.053328911408988
pb_nbv,Cross,1,0,2,0.4518333333333333,0.6224314085638847,0.4518333333333333,0.06148264606576643,11.90336890598401
pb_nbv,Cross,1,0,3,0.7226333333333333,0.8389868225004353,0.7226333333333333,0.08318639393533026,5.031486946575199
pb_nbv,Cross,1,0,4,0.7403,0.8507728552548411,0.7403,0.10250632939203487,4.711317837486002
pb_nbv,Cross,1,0,5,0.7450666666666667,0.8539119804400978,0.7450666666666667,0.12061726119445998,4.568217169908199
pb_nbv,Cross,12,0,0,0.4511,0.6217352353387086,0.4511,0.023300692213134636,10.745136766016257
pb_nbv,Cross,12,0,1,0.48806666666666665,0.6559741947045383,0.48806666666666665,0.044378722148193064,10.155689343268023
pb_nbv,Cross,12,0,2,0.49816666666666665,0.6650350428301257,0.49816666666666665,0.06477778999487235,9.99864219350105
pb_nbv,Cross,12,0,3,0.5012,0.667732480682121,0.5012,0.08294065828595987,9.898628635532653
pb_nbv,Cross,12,0,4,0.7466333333333334,0.8549399797706063,0.7466333333333334,0.10421734311452187,4.50072677263008
pb_nbv,Cross,12,0,5,0.8497,0.9187435800400066,0.8497,0.12462777557016208,3.3471729771093623
pb_nbv,Cross,7,0,0,0.4318666666666667,0.6032219014805849,0.4318666666666667,0.023564225225184025,12.191820278969622
pb_nbv,Cross,7,0,1,0.4603,0.6304184071766076,0.4603,0.04513417886957211,11.377660299022393
pb_nbv,Cross,7,0,2,0.4859,0.6540144020458981,0.4859,0.06503819124661722,10.523400640386178
pb_nbv,Cross,7,0,3,0.5822333333333334,0.7359639328375503,0.5822333333333334,0.08391011356657509,6.405010461240148
pb_nbv,Cross,7,0,4,0.6924666666666667,0.8182928270374601,0.6924666666666667,0.10385508249847562,5.089714155380552
pb_nbv,Cross,7,0,5,0.7171,0.8352454720167725,0.7171,0.12243300725913012,4.828713238784238
pb_nbv,Cross,14,0,0,0.44943333333333335,0.6201504036060069,0.44943333333333335,0.021719574407476117,11.191512981938907
pb_nbv,Cross,14,0,1,0.7199666666666666,0.8371867671854105,0.7199666666666666,0.04466691179383532,5.028487613703938
pb_nbv,Cross,14,0,2,0.9721666666666666,0.9858869263922927,0.9721666666666666,0.06782715587882834,2.612042108113257
pb_nbv,Cross,14,0,3,0.9879666666666667,0.9939469139321585,0.9879666666666667,0.08982034143918491,2.3820135045793807
pb_nbv,Cross,14,0,4,0.9879666666666667,0.9939469139321585,0.9879666666666667,0.10899817158366852,2.284202579816547
pb_nbv,Cross,14,0,5,0.9879666666666667,0.9939469139321585,0.9879666666666667,0.12965124272452133,2.2117538995093966
pb_nbv,Cross,2,0,0,0.4507,0.6213552078307024,0.4507,0.022131598586163634,10.93803722269386
pb_nbv,Cross,2,0,1,0.7012333333333334,0.8243823108725042,0.7012333333333334,0.04266970648094148,4.6943638036654205
pb_nbv,Cross,2,0,2,0.9191666666666667,0.9578810247503257,0.9191666666666667,0.0629938221768631,2.968604393644629
pb_nbv,Cross,2,0,3,0.9433333333333334,0.9708404802744426,0.9433333333333334,0.08500270088705722,2.66288344587801
pb_nbv,Cross,2,0,4,0.9441,0.9712463350650686,0.9441,0.10497128781605777,2.536686041372924
pb_nbv,Cross,2,0,5,0.9448333333333333,0.9716342445796554,0.9448333333333333,0.12345886033813681,2.459182259889824
pb_nbv,Cross,6,0,0,0.40473333333333333,0.576242228655498,0.40473333333333333,0.023226593650506173,12.484083891282635
pb_nbv,Cross,6,0,1,0.42896666666666666,0.6003872262007511,0.42896666666666666,0.04496913046039662,11.972875649262553
pb_nbv,Cross,6,0,2,0.44053333333333333,0.6116253239540911,0.44053333333333333,0.06425788015485992,11.764755438331566
pb_nbv,Cross,6,0,3,0.6187,0.7644406004818682,0.6187,0.0819645377203111,6.761782755949668
pb_nbv,Cross,6,0,4,0.8201,0.9011592769628043,0.8201,0.10425855382663116,3.8949237597839073
pb_nbv,Cross,6,0,5,0.9346666666666666,0.9662301860785665,0.9346666666666666,0.1228903317643451,2.672833560194453
pb_nbv,Cross,3,0,0,0.41183333333333333,0.5834021957265967,0.41183333333333333,0.023894357456479012,11.499500323457491
pb_nbv,Cross,3,0,1,0.44006666666666666,0.6111754085459007,0.44006666666666666,0.04568446611246274,11.124294949767357
pb_nbv,Cross,3,0,2,0.45553333333333335,0.6259332203545093,0.45553333333333335,0.06483515229998704,10.869358789595159
pb_nbv,Cross,3,0,3,0.4663333333333333,0.6360536485564902,0.4663333333333333,0.08244062689719345,10.660161578250989
pb_nbv,Cross,3,0,4,0.6281666666666667,0.7716245265636197,0.6281666666666667,0.10078308497359295,6.838371092169593
pb_nbv,Cross,3,0,5,0.6449666666666667,0.7841698919937587,0.6449666666666667,0.11855184816325777,6.559026066281985
pb_nbv,Cross,9,0,0,0.4276,0.5990473521994957,0.4276,0.02287447235998073,11.494608612145486
pb_nbv,Cross,9,0,1,0.5469666666666667,0.7071473205628219,0.5469666666666667,0.04054629717668565,7.258353721634737
pb_nbv,Cross,9,0,2,0.7457,0.8543277768230509,0.7457,0.06167887198518172,4.28132474394067
pb_nbv,Cross,9,0,3,0.8640333333333333,0.9270578137014717,0.8640333333333333,0.08508376866064042,3.1483871727712627
pb_nbv,Cross,9,0,4,0.9664333333333334,0.9829301781567306,0.9664333333333334,0.10731515886171224,2.383183860996098
pb_nbv,Cross,9,0,5,0.9927,0.9963366286947357,0.9927,0.1284217062959011,2.1696531616824797
pb_nbv,Cross,10,0,0,0.4111666666666667,0.5827329632691627,0.4111666666666667,0.023019444220177408,12.58877125809274
pb_nbv,Cross,10,0,1,0.43596666666666667,0.6072100095173983,0.43596666666666667,0.04407151556363456,12.162375569118971
pb_nbv,Cross,10,0,2,0.4503333333333333,0.6210066651344518,0.4503333333333333,0.06359284572716153,11.987747863092045
pb_nbv,Cross,10,0,3,0.4629333333333333,0.6328837039737513,0.4629333333333333,0.08143817735260324,11.814932508937465
pb_nbv,Cross,10,0,4,0.5634,0.7207368555711909,0.5634,0.09944731559896892,9.18073169336957
pb_nbv,Cross,10,0,5,0.5680666666666667,0.7245440244887548,0.5680666666666667,0.11635133843474675,9.081409871213161
pb_nbv,Cross,5,0,0,0.40523333333333333,0.5767488198875631,0.40523333333333333,0.022481969584372846,11.57173876578376
pb_nbv,Cross,5,0,1,0.6629333333333334,0.7973059653624118,0.6629333333333334,0.04458933544223951,5.363298779867014
pb_nbv,Cross,5,0,2,0.7455,0.8541965052993412,0.7455,0.06628031785986806,4.092468805061911
pb_nbv,Cross,5,0,3,0.7557,0.8608532209375178,0.7557,0.08711277217964035,3.9031768824172324
pb_nbv,Cross,5,0,4,0.8837666666666667,0.9382973829030489,0.8837666666666667,0.10683564377885486,3.003148676652893
pb_nbv,Cross,5,0,5,0.8881,0.940734071288597,0.8881,0.12525968420186093,2.874642507537289
pb_nbv,Cross,11,0,0,0.4562333333333333,0.6265937235333165,0.4562333333333333,0.024690993482161618,10.680338835964092
pb_nbv,Cross,11,0,1,0.4830333333333333,0.6514126452540964,0.4830333333333333,0.04717858371402603,10.218989627242474
pb_nbv,Cross,11,0,2,0.4963,0.6633696451246408,0.4963,0.06864045014553087,9.826810279626255
pb_nbv,Cross,11,0,3,0.5065333333333333,0.6724488892822373,0.5065333333333333,0.08823479744532003,9.66754118217419
pb_nbv,Cross,11,0,4,0.7641,0.8662774219148575,0.7641,0.10989872148492781,4.551821843396775
pb_nbv,Cross,11,0,5,0.7731666666666667,0.8720744430867563,0.7731666666666667,0.13018687138021107,4.359949159183617
pb_nbv,Cross,0,0,0,0.3700333333333333,0.5401815040996569,0.3700333333333333,0.022023417250110734,13.440193573178574
pb_nbv,Cross,0,0,1,0.40373333333333333,0.5752279635258359,0.40373333333333333,0.042031237053705234,12.814565753720945
pb_nbv,Cross,0,0,2,0.4154333333333333,0.5870051574311753,0.4154333333333333,0.06022094478975504,12.629007652064587
pb_nbv,Cross,0,0,3,0.42656666666666665,0.5980325723765685,0.42656666666666665,0.07703682735518026,12.354879563844312
pb_nbv,Cross,0,0,4,0.43466666666666665,0.6059479553903345,0.43466666666666665,0.09132059360727775,12.026183465484463
pb_nbv,Cross,0,0,5,0.436,0.6072423398328691,0.436,0.104421922839713,11.970430769519872
pb_nbv,Bowl,8,0,0,0.4458666666666667,0.6167465879749171,0.4458666666666667,0.12377485283689942,7.142722070614226
pb_nbv,Bowl,8,0,1,0.4908,0.6584384223235846,0.4908,0.17329494018840183,6.512028384699147
pb_nbv,Bowl,8,0,2,0.49443333333333334,0.6617000869894943,0.49443333333333334,0.2050170427641375,6.425024122467588
pb_nbv,Bowl,8,0,3,0.4957,0.6628334559069332,0.4957,0.2271475198737696,6.3723504212215225
pb_nbv,Bowl,8,0,4,0.4967,0.6637268657713636,0.4967,0.23990715296307946,6.338982178115464
pb_nbv,Bowl,8,0,5,0.4987,0.6655101087609261,0.4987,0.2511273851314148,6.284167891947911
pb_nbv,Bowl,13,0,0,0.47096666666666664,0.6403498832966984,0.47096666666666664,0.13155852946041932,6.663549011768882
pb_nbv,Bowl,13,0,1,0.5783333333333334,0.7328405491024288,0.5783333333333334,0.20373821816329502,5.433013064255985
pb_nbv,Bowl,13,0,2,0.5964,0.7471811576046105,0.5964,0.24872667558834458,5.224759067789571
pb_nbv,Bowl,13,0,3,0.6665,0.7998799879987998,0.6665,0.29643814451223804,4.720816749469592
pb_nbv,Bowl,13,0,4,0.6745,0.8056136160047774,0.6745,0.328574547322794,4.609671428322249
pb_nbv,Bowl,13,0,5,0.6796333333333333,0.8092639266506578,0.6796333333333333,0.3507004272628731,4.538690787631123
pb_nbv,Bowl,4,0,0,0.43906666666666666,0.6102103215046789,0.43906666666666666,0.1246619061378375,7.04804523076436
pb_nbv,Bowl,4,0,1,0.4717,0.6410273832982265,0.4717,0.19048617250297303,6.542986791927111
pb_nbv,Bowl,4,0,2,0.4886666666666667,0.6565158978952084,0.4886666666666667,0.23691554388767017,6.263122385897904
pb_nbv,Bowl,4,0,3,0.5572333333333334,0.715670954898645,0.5572333333333334,0.27728819316260134,5.3976365165434395
pb_nbv,Bowl,4,0,4,0.5645,0.721636305528923,0.5645,0.30133463038694014,5.294359602212281
pb_nbv,Bowl,4,0,5,0.5658,0.7226976625367225,0.5658,0.3186621754753051,5.257766274623379
pb_nbv,Bowl,1,0,0,0.3873,0.5583507532617314,0.3873,0.10959549077816597,8.740584776533044
pb_nbv,Bowl,1,0,1,0.4231,0.5946173845829527,0.4231,0.17747536461128363,8.243390988919334
pb_nbv,Bowl,1,0,2,0.4474666666666667,0.6182756079587325,0.4474666666666667,0.22608516848435384,7.969658289693435
pb_nbv,Bowl,1,0,3,0.46513333333333334,0.6349365245483914,0.46513333333333334,0.25649147818638107,7.733464242322361
pb_nbv,Bowl,1,0,4,0.6014666666666667,0.7511447839480477,0.6014666666666667,0.3266726096796302,5.070948504731355
pb_nbv,Bowl,1,0,5,0.7165333333333334,0.8348609600745689,0.7165333333333334,0.3952275661865677,4.159367308535776
pb_nbv,Bowl,12,0,0,0.4233,0.5948148668587087,0.4233,0.12458159287983836,7.74260161082471
pb_nbv,Bowl,12,0,1,0.5998666666666667,0.7498958246520543,0.5998666666666667,0.20161594715247594,5.559963378973052
pb_nbv,Bowl,12,0,2,0.7772333333333333,0.8746553632049816,0.7772333333333333,0.315706625668399,3.8811349184118287
pb_nbv,Bowl,12,0,3,0.7882333333333333,0.8815777210282029,0.7882333333333333,0.37041190381166156,3.6863019305882485
pb_nbv,Bowl,12,0,4,0.9053666666666667,0.9503332691870331,0.9053666666666667,0.41132313466564874,2.8964714228964366
pb_nbv,Bowl,12,0,5,0.9183666666666667,0.9574464388107939,0.9183666666666667,0.4594446903472535,2.7252372842353934
pb_nbv,Bowl,7,0,0,0.4174333333333333,0.5889988947158008,0.4174333333333333,0.11955382127917809,7.111474465747925
pb_nbv,Bowl,7,0,1,0.4508333333333333,0.6214819069500287,0.4508333333333333,0.1546827932160946,6.588884181671495
pb_nbv,Bowl,7,0,2,0.6333666666666666,0.7755351931593233,0.6333666666666666,0.2234300263528124,5.007910647001417
pb_nbv,Bowl,7,0,3,0.6444,0.7837509121868158,0.6444,0.26600025414410283,4.865953186824781
pb_nbv,Bowl,7,0,4,0.6458333333333334,0.7848101265822784,0.6458333333333334,0.29731354887958306,4.812839152179534
pb_nbv,Bowl,7,0,5,0.6493333333333333,0.7873888439773645,0.6493333333333333,0.3160841312687791,4.739034549563965
pb_nbv,Bowl,14,0,0,0.4519666666666667,0.6225579099612021,0.4519666666666667,0.12288466836243635,6.867170081065483
pb_nbv,Bowl,14,0,1,0.6375333333333333,0.7786508162683711,0.6375333333333333,0.1928346992607612,5.2219010489037085
pb_nbv,Bowl,14,0,2,0.7545666666666667,0.8601174079069855,0.7545666666666667,0.2919945978710066,4.0748883581303215
pb_nbv,Bowl,14,0,3,0.8547,0.9216584892435434,0.8547,0.3556342163111819,3.295746639994631
pb_nbv,Bowl,14,0,4,0.9248666666666666,0.9609669933848232,0.9248666666666666,0.44087198350779894,2.739277032513619
pb_nbv,Bowl,14,0,5,0.9281333333333334,0.9627273355922827,0.9281333333333334,0.48337321490215385,2.6269016501699265
pb_nbv,Bowl,2,0,0,0.42293333333333333,0.5944527736131934,0.42293333333333333,0.12317005331662058,8.84524862926609
pb_nbv,Bowl,2,0,1,0.6323333333333333,0.7747600571778639,0.6323333333333333,0.20567643482575035,5.183252262960993
pb_nbv,Bowl,2,0,2,0.6947,0.8198501209653626,0.6947,0.2639354021154345,4.499542716764383
pb_nbv,Bowl,2,0,3,0.7396666666666667,0.8503544740371719,0.7396666666666667,0.32982278079355054,4.103050717479925
pb_nbv,Bowl,2,0,4,0.7486,0.8562278394143886,0.7486,0.3748066783334724,3.9764117614330874
pb_nbv,Bowl,2,0,5,0.7511666666666666,0.8579042543066526,0.7511666666666666,0.40179220089841583,3.9217969423218193
pb_nbv,Bowl,6,0,0,0.28346666666666664,0.44172034074381883,0.28346666666666664,0.09351432885550154,14.852552937568978
pb_nbv,Bowl,6,0,1,0.31903333333333334,0.48373809102625664,0.31903333333333334,0.14496700806328439,13.236619079761297
pb_nbv,Bowl,6,0,2,0.3291,0.49522233090060946,0.3291,0.17388938762499728,12.943107629799464
pb_nbv,Bowl,6,0,3,0.3345666666666667,0.5013862177485826,0.3345666666666667,0.1951578491785838,12.727619404225955
pb_nbv,Bowl,6,0,4,0.3396666666666667,0.5070913162478229,0.3396666666666667,0.21122132287265724,12.64927744957817
pb_nbv,Bowl,6,0,5,0.344,0.5119047619047619,0.344,0.22351703580386692,12.603646870716204
pb_nbv,Bowl,3,0,0,0.2569666666666667,0.40886790951762186,0.2569666666666667,0.0741146594561156,18.688768387161527
pb_nbv,Bowl,3,0,1,0.26953333333333335,0.4246179698576905,0.26953333333333335,0.11969285899219678,17.97025560797902
pb_nbv,Bowl,3,0,2,0.27923333333333333,0.43656356671964974,0.27923333333333333,0.14797819146897473,17.628314467025454
pb_nbv,Bowl,3,0,3,0.3644,0.534154206977426,0.3644,0.18536922554778135,10.1077739685356
pb_nbv,Bowl,3,0,4,0.3737,0.5440780374171944,0.3737,0.21038041230462914,9.850873176520626
pb_nbv,Bowl,3,0,5,0.37703333333333333,0.5476023335189175,0.37703333333333333,0.22563734921634576,9.647070171056571
pb_nbv,Bowl,9,0,0,0.41556666666666664,0.5871382485223821,0.41556666666666664,0.12579715482709228,8.133295833997655
pb_nbv,Bowl,9,0,1,0.4598,0.6299493081244006,0.4598,0.18433973597073475,7.041811062229814
pb_nbv,Bowl,9,0,2,0.4649,0.634719093453478,0.4649,0.22276395248695097,6.931524098414266
pb_nbv,Bowl,9,0,3,0.4657,0.6354642832776148,0.4657,0.2511363149942236,6.870614695094348
pb_nbv,Bowl,9,0,4,0.4674,0.637045113806733,0.4674,0.26950705742920644,6.8324714529206965
pb_nbv,Bowl,9,0,5,0.5203333333333333,0.68449901337426,0.5203333333333333,0.2939826006363869,5.691592315034868
pb_nbv,Bowl,10,0,0,0.2516333333333333,0.40208793842712187,0.2516333333333333,0.07331810565069277,19.19574409912293
pb_nbv,Bowl,10,0,1,0.2616,0.41471147748890297,0.2616,0.11745149216736339,18.231401755750362
pb_nbv,Bowl,10,0,2,0.27503333333333335,0.4314135578154819,0.27503333333333335,0.14794773095830158,17.443912957814756
pb_nbv,Bowl,10,0,3,0.2865666666666667,0.4454750369199679,0.2865666666666667,0.16761605979731892,16.84789298722978
pb_nbv,Bowl,10,0,4,0.2909,0.45069331474165314,0.2909,0.18123282417380385,16.63704531199922
pb_nbv,Bowl,10,0,5,0.29146666666666665,0.45137311583729095,0.29146666666666665,0.19064706869617543,16.613999409777623
pb_nbv,Bowl,5,0,0,0.4233,0.5948148668587087,0.4233,0.12500942025251996,7.764339363142671
pb_nbv,Bowl,5,0,1,0.4685,0.6380660537963908,0.4685,0.1805237815712326,6.647766083158093
pb_nbv,Bowl,5,0,2,0.48923333333333335,0.6570271056695839,0.48923333333333335,0.22110078192313345,6.3112084812114375
pb_nbv,Bowl,5,0,3,0.7054,0.8272546030256831,0.7054,0.3330198814708588,4.341077637542159
pb_nbv,Bowl,5,0,4,0.7196666666666667,0.8369839116107773,0.7196666666666667,0.38353098495489213,4.119729273648849
pb_nbv,Bowl,5,0,5,0.7242333333333333,0.8400641831152009,0.7242333333333333,0.4149411200815614,4.013072340437933
pb_nbv,Bowl,11,0,0,0.35823333333333335,0.5274989569784279,0.35823333333333335,0.11544410090357433,11.301938550446334
pb_nbv,Bowl,11,0,1,0.38193333333333335,0.552752182932124,0.38193333333333335,0.17129725210165186,10.872632788515636
pb_nbv,Bowl,11,0,2,0.39676666666666666,0.5681216142042336,0.39676666666666666,0.20841522835092968,10.353988872978952
pb_nbv,Bowl,11,0,3,0.4008,0.5722444317532838,0.4008,0.23169326277013422,10.258275784742532
pb_nbv,Bowl,11,0,4,0.40376666666666666,0.5752617956450502,0.40376666666666666,0.2478336388443363,10.171394906296166
pb_nbv,Bowl,11,0,5,0.4085,0.5800496982605609,0.4085,0.2594241455135251,10.055813237808024
pb_nbv,Bowl,0,0,0,0.3469333333333333,0.5151455157394575,0.3469333333333333,0.10805287727237904,12.567917626153356
pb_nbv,Bowl,0,0,1,0.5189333333333334,0.6832865168539326,0.5189333333333334,0.19282281867334408,6.07871746731964
pb_nbv,Bowl,0,0,2,0.7345333333333334,0.8469521100776386,0.7345333333333334,0.29606294144661366,4.015886353435512
pb_nbv,Bowl,0,0,3,0.9674666666666667,0.9834643534833288,0.9674666666666667,0.414665350277995,2.574091613905653
pb_nbv,Bowl,0,0,4,0.9708666666666667,0.9852180089977336,0.9708666666666667,0.4490959190132852,2.510560572366564
pb_nbv,Bowl,0,0,5,0.9745666666666667,0.9871195367760015,0.9745666666666667,0.47007920290515914,2.4448655754024085
pb_nbv,Cube,8,0,0,0.37443333333333334,0.5448548492712147,0.37443333333333334,0.02490986261363172,15.332180355615469
pb_nbv,Cube,8,0,1,0.7451333333333333,0.8539557626924399,0.7451333333333333,0.049098292598626955,4.568024353003082
pb_nbv,Cube,8,0,2,0.8181333333333334,0.8999706658844236,0.8181333333333334,0.07531791472805512,3.977597518983496
pb_nbv,Cube,8,0,3,0.9045,0.9498556051457074,0.9045,0.0991294455844409,2.865112486682486
pb_nbv,Cube,8,0,4,0.9421333333333334,0.9702045860222436,0.9421333333333334,0.12054285197503722,2.5990309155952436
pb_nbv,Cube,8,0,5,0.9609,0.9800601764495894,0.9609,0.14175729414773972,2.3614357504406343
pb_nbv,Cube,13,0,0,0.39676666666666666,0.5681216142042336,0.39676666666666666,0.026688397361670717,14.97115485168831
pb_nbv,Cube,13,0,1,0.4157666666666667,0.587337838156005,0.4157666666666667,0.051107995382583184,14.329014444685194
pb_nbv,Cube,13,0,2,0.4367333333333333,0.6079532272284349,0.4367333333333333,0.07354950715098647,12.856943416751161
pb_nbv,Cube,13,0,3,0.447,0.61782999308915,0.447,0.09359941608668405,12.118029159472341
pb_nbv,Cube,13,0,4,0.4575,0.6277873070325901,0.4575,0.11313876375755112,11.757086260721113
pb_nbv,Cube,13,0,5,0.5826,0.7362567926197396,0.5826,0.13426234147839256,8.688358489814478
pb_nbv,Cube,4,0,0,0.5089333333333333,0.6745603958646285,0.5089333333333333,0.02939004597090049,10.736100208767857
pb_nbv,Cube,4,0,1,0.6865,0.8141120664097242,0.6865,0.05291202393171138,6.073126494051599
pb_nbv,Cube,4,0,2,0.6947,0.8198501209653626,0.6947,0.07579690552634352,5.871580628173001
pb_nbv,Cube,4,0,3,0.7127666666666667,0.8322986201662029,0.7127666666666667,0.09946601604068918,5.540629326848005
pb_nbv,Cube,4,0,4,0.7178,0.8357201071137501,0.7178,0.12185484806356899,5.392266923004795
pb_nbv,Cube,4,0,5,0.8628,0.9263474339703672,0.8628,0.1421415168196167,3.5257583278507023
pb_nbv,Cube,1,0,0,0.5071,0.6729480459159977,0.5071,0.029754562428498096,10.71006799433904
pb_nbv,Cube,1,0,1,0.8185,0.9001924663183943,0.8185,0.057939366550247506,4.142526161823157
pb_nbv,Cube,1,0,2,0.995,0.9974937343358395,0.995,0.08270797971119957,2.4427236033287705
pb_nbv,Cube,1,0,3,0.9966333333333334,0.9983138282776006,0.9966333333333334,0.10558500540543234,2.3179455816633574
pb_nbv,Cube,1,0,4,1.0,1.0,1.0,0.12780732545204307,2.143995064964568
pb_nbv,Cube,1,0,5,1.0,1.0,1.0,0.14863123574124792,2.045980563417827
pb_nbv,Cube,12,0,0,0.4777,0.6465453068958517,0.4777,0.02865017546961271,10.885433938757753
pb_nbv,Cube,12,0,1,0.6691,0.8017494458091187,0.6691,0.05401797934274572,5.916532878945729
pb_nbv,Cube,12,0,2,0.7286,0.8429943306722203,0.7286,0.07797995767931981,5.346412665258056
pb_nbv,Cube,12,0,3,0.9996666666666667,0.9998333055509252,0.9996666666666667,0.10728416646433196,2.2448050896746956
pb_nbv,Cube,12,0,4,1.0,1.0,1.0,0.130563289153744,2.1047228876116715
pb_nbv,Cube,12,0,5,1.0,1.0,1.0,0.15144185690484196,2.018354481548939
pb_nbv,Cube,7,0,0,0.48496666666666666,0.6531684212889177,0.48496666666666666,0.027201768810523583,10.788468356615557
pb_nbv,Cube,7,0,1,0.5247,0.6882665442382108,0.5247,0.05181228877457194,10.333797326460381
pb_nbv,Cube,7,0,2,0.5471666666666667,0.7073144457610687,0.5471666666666667,0.07469538658825849,9.935318617402997
pb_nbv,Cube,7,0,3,0.5559666666666667,0.7146254204246021,0.5559666666666667,0.09466793659370532,9.770730595502052
pb_nbv,Cube,7,0,4,0.7033,0.8258087242411789,0.7033,0.112869774621073,5.587207639225411
pb_nbv,Cube,7,0,5,0.8671333333333333,0.9288392187667369,0.8671333333333333,0.14048030818480892,3.4118775536347523
pb_nbv,Cube,14,0,0,0.47523333333333334,0.6442822604333778,0.47523333333333334,0.0262179276770345,11.145361899906076
pb_nbv,Cube,14,0,1,0.7078666666666666,0.828948395659302,0.7078666666666666,0.051532977384414605,4.991398091640408
pb_nbv,Cube,14,0,2,0.7613,0.8644751036166468,0.7613,0.0735299000284689,4.556778494803602
pb_nbv,Cube,14,0,3,0.7904666666666667,0.8829727817701157,0.7904666666666667,0.09345282107102854,4.320680111920491
pb_nbv,Cube,14,0,4,0.8111666666666667,0.8957393944971013,0.8111666666666667,0.11707636102343279,4.0252627035210935
pb_nbv,Cube,14,0,5,0.8139666666666666,0.897443907458792,0.8139666666666666,0.13902267290510759,3.919659210831485
pb_nbv,Cube,2,0,0,0.35613333333333336,0.5252187592173828,0.35613333333333336,0.022136414996812515,13.29672028805497
pb_nbv,Cube,2,0,1,0.39676666666666666,0.5681216142042336,0.39676666666666666,0.04169805591219717,12.930789066558225
pb_nbv,Cube,2,0,2,0.4269,0.5983600812951153,0.4269,0.05986384063561171,12.041564083923735
pb_nbv,Cube,2,0,3,0.4498333333333333,0.6205310955282216,0.4498333333333333,0.0759905276011316,11.66156476427106
pb_nbv,Cube,2,0,4,0.4687,0.6382515149451896,0.4687,0.09081791098722758,10.35440236979811
pb_nbv,Cube,2,0,5,0.5701,0.7261957837080442,0.5701,0.11430110603015099,9.290064977902281
pb_nbv,Cube,6,0,0,0.5255,0.6889544411668305,0.5255,0.030165925279461173,10.576408993104506
pb_nbv,Cube,6,0,1,0.6572666666666667,0.7931936119715194,0.6572666666666667,0.05335846764388415,6.216209796753898
pb_nbv,Cube,6,0,2,0.8379666666666666,0.9118409836957507,0.8379666666666666,0.07843818704835298,3.9113655872872606
pb_nbv,Cube,6,0,3,0.9806,0.9902049883873575,0.9806,0.10557686594232879,2.5049031812538995
pb_nbv,Cube,6,0,4,0.9986333333333334,0.9993161994029254,0.9986333333333334,0.12884952122291246,2.2158027653385575
pb_nbv,Cube,6,0,5,0.9993,0.99964987745711,0.9993,0.15094360646376445,2.1058341585379856
pb_nbv,Cube,3,0,0,0.4497,0.6204042215630821,0.4497,0.027304995666152892,11.190951047899928
pb_nbv,Cube,3,0,1,0.5147666666666667,0.6796646348172437,0.5147666666666667,0.05161298502332018,10.458116148341624
pb_nbv,Cube,3,0,2,0.5344,0.6965589155370178,0.5344,0.07360130862787434,10.163896838999591
pb_nbv,Cube,3,0,3,0.5528666666666666,0.7120594169922294,0.5528666666666666,0.09414489155660936,9.88810796128823
pb_nbv,Cube,3,0,4,0.5580666666666667,0.7163578794232168,0.5580666666666667,0.11107907015050078,9.78493373997596
pb_nbv,Cube,3,0,5,0.5607666666666666,0.7185784763898084,0.5607666666666666,0.12689049408581404,9.701199383080318
pb_nbv,Cube,9,0,0,0.5250333333333334,0.6885532556665428,0.5250333333333334,0.029264911732109856,10.486054854769607
pb_nbv,Cube,9,0,1,0.5493666666666667,0.7091499752587078,0.5493666666666667,0.055962075758506806,9.985356142712858
pb_nbv,Cube,9,0,2,0.6697,0.8021800323411391,0.6697,0.07702116467409997,5.790504242131546
pb_nbv,Cube,9,0,3,0.8325,0.9085948158253752,0.8325,0.10072083031942348,3.6571363624460456
pb_nbv,Cube,9,0,4,0.8332,0.9090115644774165,0.8332,0.1215847759550755,3.5724525986554805
pb_nbv,Cube,9,0,5,0.8385333333333334,0.9121763724708101,0.8385333333333334,0.1408922959283461,3.4558066954516726
pb_nbv,Cube,10,0,0,0.46473333333333333,0.6345637431159256,0.46473333333333333,0.028527532113095368,10.883362037210453
pb_nbv,Cube,10,0,1,0.5144666666666666,0.6794030901967689,0.5144666666666666,0.054424663482651355,10.370882832528977
pb_nbv,Cube,10,0,2,0.5438333333333333,0.7045233725574868,0.5438333333333333,0.07829009569172936,9.981340231619562
pb_nbv,Cube,10,0,3,0.5567,0.7152309372390313,0.5567,0.10073337633275574,9.763389444587666
pb_nbv,Cube,10,0,4,0.5608,0.7186058431573552,0.5608,0.12144480326729636,9.669231594214516
pb_nbv,Cube,10,0,5,0.5647666666666666,0.7218541635600622,0.5647666666666666,0.1401184293691822,9.58900243835268
pb_nbv,Cube,5,0,0,0.2895333333333333,0.44905133640076506,0.2895333333333333,0.021075632584931066,17.133623356969625
pb_nbv,Cube,5,0,1,0.41386666666666666,0.5854394568087514,0.41386666666666666,0.04313003360722183,14.527496503291186
pb_nbv,Cube,5,0,2,0.7174333333333334,0.8354715369834831,0.7174333333333334,0.06897125408157911,5.573081796249234
pb_nbv,Cube,5,0,3,0.7299666666666667,0.8439083604693732,0.7299666666666667,0.09168804026820124,5.300871150429539
pb_nbv,Cube,5,0,4,0.7325333333333334,0.8456210558719409,0.7325333333333334,0.11222928820282213,5.199475433363505
pb_nbv,Cube,5,0,5,0.7357,0.8477271417871752,0.7357,0.1329130455441131,5.098771232820431
pb_nbv,Cube,11,0,0,0.5034666666666666,0.6697410429230223,0.5034666666666666,0.02946991169649294,10.75872879111889
pb_nbv,Cube,11,0,1,0.5316333333333333,0.6942044440575421,0.5316333333333333,0.05615389665763315,10.271757454460229
pb_nbv,Cube,11,0,2,0.543,0.7038237200259235,0.543,0.08064893958033514,10.002720283284718
pb_nbv,Cube,11,0,3,0.7239,0.839839897905911,0.7239,0.10798796443480368,5.328587285543473
pb_nbv,Cube,11,0,4,0.7273333333333334,0.8421458896179081,0.7273333333333334,0.13248628524164024,5.188184848798541
pb_nbv,Cube,11,0,5,0.8697666666666667,0.9303478152354127,0.8697666666666667,0.15691931891076127,3.2755162050967312
pb_nbv,Cube,0,0,0,0.25906666666666667,0.41152176215185854,0.25906666666666667,0.023026752362169365,17.4747680152715
pb_nbv,Cube,0,0,1,0.28576666666666667,0.44450781634822284,0.28576666666666667,0.04320313174219556,16.926346476092206
pb_nbv,Cube,0,0,2,0.6577,0.7935090788441816,0.6577,0.06862912821386252,5.187717892773972
pb_nbv,Cube,0,0,3,0.7044666666666667,0.8266124300856572,0.7044666666666667,0.09195268467540618,4.650486109399196
pb_nbv,Cube,0,0,4,0.7349,0.8471958037927257,0.7349,0.11232803128756398,4.311004747470639
pb_nbv,Cube,0,0,5,0.8276333333333333,0.9056885954513122,0.8276333333333333,0.13176244684681762,3.24562694285382
pb_nbv,Thin_Irregular,8,0,0,0.4576,0.6278814489571899,0.4576,0.4520053143975737,14.902934067616304
pb_nbv,Thin_Irregular,8,0,1,0.776,0.8738738738738739,0.776,0.798187001269673,4.947533845778113
pb_nbv,Thin_Irregular,8,0,2,0.9856333333333334,0.9927646930450402,0.9856333333333334,0.9993024274309937,2.596535330168007
pb_nbv,Thin_Irregular,8,0,3,0.9919666666666667,0.9959671346575412,0.9919666666666667,0.9993024274309937,2.4338516593772423
pb_nbv,Thin_Irregular,8,0,4,0.9944,0.9971921379863617,0.9944,0.9993515802495684,2.3482854401504913
pb_nbv,Thin_Irregular,8,0,5,0.9965666666666667,0.9982803813212682,0.9965666666666667,0.9996020608969222,2.218371058542143
pb_nbv,Thin_Irregular,13,0,0,0.45976666666666666,0.6299180234284018,0.45976666666666666,0.4366126708191086,14.759701591238244
pb_nbv,Thin_Irregular,13,0,1,0.5239333333333334,0.6876066319611532,0.5239333333333334,0.5597787669873905,12.912244933985999
pb_nbv,Thin_Irregular,13,0,2,0.5424,0.7033195020746887,0.5424,0.6145457333393611,10.006432567204037
pb_nbv,Thin_Irregular,13,0,3,0.5491,0.7089277645084242,0.5491,0.6145457333393611,9.876735072745516
pb_nbv,Thin_Irregular,13,0,4,0.5522666666666667,0.7115615873561244,0.5522666666666667,0.6145457333393611,9.785264783587527
pb_nbv,Thin_Irregular,13,0,5,0.5591666666666667,0.717263495456975,0.5591666666666667,0.6145457333393611,9.655457630440315
pb_nbv,Thin_Irregular,4,0,0,0.4634666666666667,0.6333819241982508,0.4634666666666667,0.4580955779271023,14.752453606016365
pb_nbv,Thin_Irregular,4,0,1,0.47633333333333333,0.6452923910589298,0.47633333333333333,0.4582041203751988,14.320077446130618
pb_nbv,Thin_Irregular,4,0,2,0.6531333333333333,0.790176230995685,0.6531333333333333,0.6646443655512417,7.070363504675117
pb_nbv,Thin_Irregular,4,0,3,0.8315333333333333,0.9080187820769483,0.8315333333333333,0.8214719376786845,4.220341908994071
pb_nbv,Thin_Irregular,4,0,4,0.8408666666666667,0.9135552095027705,0.8408666666666667,0.8233116492457485,3.9854143824855663
pb_nbv,Thin_Irregular,4,0,5,0.8689333333333333,0.9298708710851109,0.8689333333333333,0.8678535067371327,3.551640901077214
pb_nbv,Thin_Irregular,1,0,0,0.4468,0.6176389272878074,0.4468,0.499141043714324,14.166405595184019
pb_nbv,Thin_Irregular,1,0,1,0.7859,0.8801164678873398,0.7859,0.8163773401382846,4.870412576373394
pb_nbv,Thin_Irregular,1,0,2,0.9695333333333334,0.9845310225772603,0.9695333333333334,0.998443926143006,2.6394120967163786
pb_nbv,Thin_Irregular,1,0,3,0.9794333333333334,0.98960982099254,0.9794333333333334,0.999444365630251,2.451352724618461
pb_nbv,Thin_Irregular,1,0,4,0.9842666666666666,0.9920709582045424,0.9842666666666666,0.9997439990961794,2.3243190911124754
pb_nbv,Thin_Irregular,1,0,5,0.9872,0.9935587761674718,0.9872,0.9997439990961794,2.1900968118146014
pb_nbv,Thin_Irregular,12,0,0,0.4528333333333333,0.6233796030744522,0.4528333333333333,0.4474268645346019,14.71041064497065
pb_nbv,Thin_Irregular,12,0,1,0.6341,0.7760846949391101,0.6341,0.6528210154340043,7.637946830034168
pb_nbv,Thin_Irregular,12,0,2,0.6640666666666667,0.7981250751171828,0.6640666666666667,0.6528210154340043,7.125522079354578
pb_nbv,Thin_Irregular,12,0,3,0.7768666666666667,0.8744231418602033,0.7768666666666667,0.8181425627234795,4.454565038218958
pb_nbv,Thin_Irregular,12,0,4,0.8323666666666667,0.9085153990285787,0.8323666666666667,0.8428236415880545,4.035973488132282
pb_nbv,Thin_Irregular,12,0,5,0.8738666666666667,0.9326882026469332,0.8738666666666667,0.8675047204526294,3.43688429094732
pb_nbv,Thin_Irregular,7,0,0,0.4034,0.5748895539404304,0.4034,0.49513711026369545,15.05917607551503
pb_nbv,Thin_Irregular,7,0,1,0.6569,0.792926549580542,0.6569,0.6551588701181567,7.732578839953911
pb_nbv,Thin_Irregular,7,0,2,0.9753,0.9874955702931201,0.9753,0.9966005688113171,2.714431834987743
pb_nbv,Thin_Irregular,7,0,3,0.9820666666666666,0.9909522047694326,0.9820666666666666,0.9966005688113171,2.5617083037980497
pb_nbv,Thin_Irregular,7,0,4,0.9831666666666666,0.9915118917556097,0.9831666666666666,0.9966497216298917,2.4713496145181275
pb_nbv,Thin_Irregular,7,0,5,0.9875666666666667,0.993744444630788,0.9875666666666667,0.9966988744484664,2.3409381559950813
pb_nbv,Thin_Irregular,14,0,0,0.28423333333333334,0.4426506086640538,0.28423333333333334,0.3868575088396164,19.720786900019604
pb_nbv,Thin_Irregular,14,0,1,0.336,0.5029940119760479,0.336,0.3868575088396164,18.818190155938122
pb_nbv,Thin_Irregular,14,0,2,0.3824666666666667,0.5533105077880117,0.3824666666666667,0.3868575088396164,17.8691408439484
pb_nbv,Thin_Irregular,14,0,3,0.4034333333333333,0.5749234021328646,0.4034333333333333,0.3868575088396164,17.547146976752746
pb_nbv,Thin_Irregular,14,0,4,0.4135333333333333,0.5851058812432203,0.4135333333333333,0.38710798948697017,17.41821016873686
pb_nbv,Thin_Irregular,14,0,5,0.4191666666666667,0.5907222548443922,0.4191666666666667,0.38715714230554493,17.282688622392158
pb_nbv,Thin_Irregular,2,0,0,0.3545333333333333,0.523476720149621,0.3545333333333333,0.48122817202259455,15.143000820542861
pb_nbv,Thin_Irregular,2,0,1,0.4250333333333333,0.5965240579167739,0.4250333333333333,0.4926567582706953,14.10835952789454
pb_nbv,Thin_Irregular,2,0,2,0.46013333333333334,0.6302620765226921,0.46013333333333334,0.4965475768842338,13.662704560146022
pb_nbv,Thin_Irregular,2,0,3,0.47663333333333335,0.6455676200365696,0.47663333333333335,0.4965475768842338,13.439106418356346
pb_nbv,Thin_Irregular,2,0,4,0.48683333333333334,0.654859320703957,0.48683333333333334,0.49679805753158757,13.290335873451316
pb_nbv,Thin_Irregular,2,0,5,0.7511666666666666,0.8579042543066526,0.7511666666666666,0.7633775829691702,5.305572983038299
pb_nbv,Thin_Irregular,6,0,0,0.41996666666666665,0.5915162327754173,0.41996666666666665,0.49655644956441103,14.813322205781176
pb_nbv,Thin_Irregular,6,0,1,0.4399,0.6110146537954025,0.4399,0.49655644956441103,14.167779418948784
pb_nbv,Thin_Irregular,6,0,2,0.5540333333333334,0.7130263186117844,0.5540333333333334,0.6519891411307097,8.123749759614663
pb_nbv,Thin_Irregular,6,0,3,0.8076333333333333,0.8935809253351528,0.8076333333333333,0.8645065123940572,4.107599513049979
pb_nbv,Thin_Irregular,6,0,4,0.8757666666666667,0.9337693032182396,0.8757666666666667,0.8876767839627764,3.5128010726861083
pb_nbv,Thin_Irregular,6,0,5,0.9935,0.9967394030599448,0.9935,0.9976792179202705,2.251039339366443
pb_nbv,Thin_Irregular,3,0,0,0.3275666666666667,0.49348431968262735,0.3275666666666667,0.38662007256354847,18.580403648349208
pb_nbv,Thin_Irregular,3,0,1,0.46513333333333334,0.6349365245483914,0.46513333333333334,0.5231924497712563,13.51031393603846
pb_nbv,Thin_Irregular,3,0,2,0.47396666666666665,0.6431172120581651,0.47396666666666665,0.5231924497712563,13.343730677376442
pb_nbv,Thin_Irregular,3,0,3,0.6732666666666667,0.8047332563050321,0.6732666666666667,0.709711421065123,6.19183104352812
pb_nbv,Thin_Irregular,3,0,4,0.6860333333333334,0.8137838318736285,0.6860333333333334,0.7111072612335682,5.891968199590475
pb_nbv,Thin_Irregular,3,0,5,0.6911333333333334,0.8173611384870108,0.6911333333333334,0.7111072612335682,5.75442057628813
pb_nbv,Thin_Irregular,9,0,0,0.35096666666666665,0.5195785733672185,0.35096666666666665,0.35906075342246346,20.943302858788726
pb_nbv,Thin_Irregular,9,0,1,0.37556666666666666,0.5460537475464657,0.37556666666666666,0.35906075342246346,19.79740614967656
pb_nbv,Thin_Irregular,9,0,2,0.3913,0.5624955077984618,0.3913,0.35906075342246346,19.41027857657336
pb_nbv,Thin_Irregular,9,0,3,0.39636666666666664,0.567711441598434,0.39636666666666664,0.3593112340698173,19.142560956640136
pb_nbv,Thin_Irregular,9,0,4,0.6298333333333334,0.7728806626444421,0.6298333333333334,0.6282806198598431,7.884420576478377
pb_nbv,Thin_Irregular,9,0,5,0.663,0.7973541791942274,0.663,0.6282806198598431,7.538566165070591
pb_nbv,Thin_Irregular,10,0,0,0.4031,0.5745848478369325,0.4031,0.3893425080968242,17.743361125414978
pb_nbv,Thin_Irregular,10,0,1,0.4232,0.5947161326587971,0.4232,0.390045331054037,17.14658575520521
pb_nbv,Thin_Irregular,10,0,2,0.4321,0.6034494797849312,0.4321,0.390045331054037,16.896831332982575
pb_nbv,Thin_Irregular,10,0,3,0.6760333333333334,0.8067063105347946,0.6760333333333334,0.7330088006192133,6.084496875178421
pb_nbv,Thin_Irregular,10,0,4,0.713,0.8324576765907763,0.713,0.7330088006192133,5.567256081259558
pb_nbv,Thin_Irregular,10,0,5,0.7779333333333334,0.8750984288874724,0.7779333333333334,0.8667445248017911,4.07454282191913
pb_nbv,Thin_Irregular,5,0,0,0.4006,0.572040554048265,0.4006,0.47220427497104417,14.901630567348432
pb_nbv,Thin_Irregular,5,0,1,0.6122333333333333,0.7594847726755846,0.6122333333333333,0.6616599171137689,7.192467683391861
pb_nbv,Thin_Irregular,5,0,2,0.8141333333333334,0.8975452006467735,0.8141333333333334,0.8410292230727939,4.337232518110851
pb_nbv,Thin_Irregular,5,0,3,0.9309,0.9642135791599773,0.9309,0.9742019285990072,2.8194372460932366
pb_nbv,Thin_Irregular,5,0,4,0.9983333333333333,0.9991659716430359,0.9983333333333333,0.9978860660055162,2.2312515406864994
pb_nbv,Thin_Irregular,5,0,5,0.9997,0.9998499774966245,0.9997,0.9978860660055162,2.092420967618459
pb_nbv,Thin_Irregular,11,0,0,0.40003333333333335,0.5714625842241852,0.40003333333333335,0.4781419596972961,14.965915223565002
pb_nbv,Thin_Irregular,11,0,1,0.46273333333333333,0.6326967777220728,0.46273333333333333,0.47973464407486305,13.911437224623324
pb_nbv,Thin_Irregular,11,0,2,0.4929,0.6603255408935628,0.4929,0.47973464407486305,13.496576720558794
pb_nbv,Thin_Irregular,11,0,3,0.5136,0.678646934460888,0.5136,0.47973464407486305,13.109461537812335
pb_nbv,Thin_Irregular,11,0,4,0.5169333333333334,0.6815504966159797,0.5169333333333334,0.47973464407486305,12.971622329901377
pb_nbv,Thin_Irregular,11,0,5,0.5226666666666666,0.6865148861646234,0.5226666666666666,0.47973464407486305,12.754914366130466
pb_nbv,Thin_Irregular,0,0,0,0.3756,0.5460889793544635,0.3756,0.47210885176944767,15.694584526934406
pb_nbv,Thin_Irregular,0,0,1,0.45213333333333333,0.622716004040033,0.45213333333333333,0.47387399947942827,14.086253648444378
pb_nbv,Thin_Irregular,0,0,2,0.4831666666666667,0.6515338802112597,0.4831666666666667,0.4740316947460996,13.736651315840593
pb_nbv,Thin_Irregular,0,0,3,0.49456666666666665,0.6618194794477775,0.49456666666666665,0.4740316947460996,13.442964457701917
pb_nbv,Thin_Irregular,0,0,4,0.7022,0.8250499353777465,0.7022,0.6769868324744842,6.505388668170501
pb_nbv,Thin_Irregular,0,0,5,0.8155,0.898375103277334,0.8155,0.7870384192505531,4.653215422445499
fixed,green_Pepper,8,0,0,0.36523333333333335,0.5350489537807945,0.36523333333333335,0.025331942046531053,12.868983621088702
fixed,green_Pepper,8,0,1,0.42396666666666666,0.5954727404667712,0.42396666666666666,0.04810642549256547,11.783967363818267
fixed,green_Pepper,8,0,2,0.698,0.8221436984687868,0.698,0.07400629186351039,5.188484802122964
fixed,green_Pepper,8,0,3,0.8271333333333334,0.9053891341628052,0.8271333333333334,0.09635963948454497,3.8886366499628764
fixed,green_Pepper,8,0,4,0.8320333333333333,0.9083168064627645,0.8320333333333333,0.11786126649889128,3.7657493831145943
fixed,green_Pepper,8,0,5,0.8690333333333333,0.929928126839186,0.8690333333333333,0.14118870403071698,3.1276969799337997
fixed,green_Pepper,13,0,0,0.3591,0.5284379368699874,0.3591,0.025173419059472523,14.995070579845732
fixed,green_Pepper,13,0,1,0.38943333333333335,0.5605642588105463,0.38943333333333335,0.04775397167553476,13.519364894400725
fixed,green_Pepper,13,0,2,0.695,0.8200589970501475,0.695,0.07412808729194945,5.01776829248444
fixed,green_Pepper,13,0,3,0.7409666666666667,0.8512129276838538,0.7409666666666667,0.09402349779810597,4.565648413772412
fixed,green_Pepper,13,0,4,0.7572,0.8618256316867744,0.7572,0.11334408479208524,4.413448649836076
fixed,green_Pepper,13,0,5,0.8553,0.9220072225516088,0.8553,0.13823043441702396,3.5521357289555726
fixed,green_Pepper,4,0,0,0.4482,0.6189752796575059,0.4482,0.025980856380777725,12.612250569430781
fixed,green_Pepper,4,0,1,0.4732,0.6424110779256041,0.4732,0.04972039783790935,12.102113780996834
fixed,green_Pepper,4,0,2,0.6994333333333334,0.8231371241394191,0.6994333333333334,0.07488131638022397,5.928973213998203
fixed,green_Pepper,4,0,3,0.8017,0.8899372814564023,0.8017,0.09489496111310057,4.299307875401257
fixed,green_Pepper,4,0,4,0.8116,0.8960035327886952,0.8116,0.11410280872554711,4.0931821260732395
fixed,green_Pepper,4,0,5,0.8733,0.932365344579085,0.8733,0.13649844189159085,3.1318936191832827
fixed,green_Pepper,1,0,0,0.4439666666666667,0.6149264756804174,0.4439666666666667,0.026098971174773278,12.250528730115123
fixed,green_Pepper,1,0,1,0.4784,0.6471861471861472,0.4784,0.04993700844428436,11.669387814567935
fixed,green_Pepper,1,0,2,0.7831,0.8783579159890078,0.7831,0.07685949190769377,4.417845770183486
fixed,green_Pepper,1,0,3,0.8055,0.8922736084187206,0.8055,0.09903396196642814,3.9773524036201904
fixed,green_Pepper,1,0,4,0.8225666666666667,0.9026464509757302,0.8225666666666667,0.12118105090749239,3.6748807764683766
fixed,green_Pepper,1,0,5,0.8830666666666667,0.937902711888409,0.8830666666666667,0.14385144715396406,2.881180233344871
fixed,green_Pepper,12,0,0,0.4388666666666667,0.6100171431219015,0.4388666666666667,0.026339008079423288,12.471256091036384
fixed,green_Pepper,12,0,1,0.4768,0.6457204767063922,0.4768,0.05025207980718486,11.615452349401773
fixed,green_Pepper,12,0,2,0.7999666666666667,0.8888683123761552,0.7999666666666667,0.07567165109231302,4.011312334159928
fixed,green_Pepper,12,0,3,0.8497666666666667,0.9187825491503433,0.8497666666666667,0.09841916620465774,3.4421747046050934
fixed,green_Pepper,12,0,4,0.8564,0.9226459814695109,0.8564,0.11927379593212863,3.325624829214534
fixed,green_Pepper,12,0,5,0.9103666666666667,0.9530805604508733,0.9103666666666667,0.1429653665198795,2.758890554695174
fixed,green_Pepper,7,0,0,0.43546666666666667,0.6067248746052387,0.43546666666666667,0.027815744430831364,13.01843863536694
fixed,green_Pepper,7,0,1,0.4728,0.6420423682781098,0.4728,0.05276528026711699,12.325980585335975
fixed,green_Pepper,7,0,2,0.7187,0.8363297841391749,0.7187,0.07670391131013304,5.363227558042952
fixed,green_Pepper,7,0,3,0.7998,0.88876541837982,0.7998,0.10021056013788238,4.3610531883061245
fixed,green_Pepper,7,0,4,0.801,0.889505830094392,0.801,0.1212131528783394,4.268043419526319
fixed,green_Pepper,7,0,5,0.8662333333333333,0.9283226463286121,0.8662333333333333,0.14261674647074715,3.2373400881539403
fixed,green_Pepper,14,0,0,0.4315,0.6028641285365002,0.4315,0.02698450674092895,12.708708679396299
fixed,green_Pepper,14,0,1,0.4706,0.6400108799129607,0.4706,0.05130286193620451,12.129406346831715
fixed,green_Pepper,14,0,2,0.705,0.8269794721407624,0.705,0.07342696150423055,6.111101031607499
fixed,green_Pepper,14,0,3,0.7913333333333333,0.8835132117603276,0.7913333333333333,0.09810898537028068,4.288343359273202
fixed,green_Pepper,14,0,4,0.8099,0.8949665727388254,0.8099,0.12119780822378921,3.9617096618021184
fixed,green_Pepper,14,0,5,0.9396,0.9688595586718911,0.9396,0.1457787544039375,2.475487321673004
fixed,green_Pepper,2,0,0,0.4023,0.573771660842901,0.4023,0.024683568848033317,12.085366653609423
fixed,green_Pepper,2,0,1,0.45266666666666666,0.6232216613125288,0.45266666666666666,0.047948666596706366,10.613475547933458
fixed,green_Pepper,2,0,2,0.7053666666666667,0.8272316803815406,0.7053666666666667,0.07502968097933922,4.976926016491073
fixed,green_Pepper,2,0,3,0.8015666666666666,0.8898551260939553,0.8015666666666666,0.0939762023738056,3.6481813340175298
fixed,green_Pepper,2,0,4,0.8141333333333334,0.8975452006467735,0.8141333333333334,0.1118457711141755,3.508145583300545
fixed,green_Pepper,2,0,5,0.8865666666666666,0.9398731381521989,0.8865666666666666,0.13539934462905326,2.9356119050996803
fixed,green_Pepper,6,0,0,0.3943333333333333,0.5656227587855606,0.3943333333333333,0.025102028846483184,14.880376036351883
fixed,green_Pepper,6,0,1,0.42533333333333334,0.5968194574368569,0.42533333333333334,0.04813444364159448,13.823698338276959
fixed,green_Pepper,6,0,2,0.7719,0.8712681302556577,0.7719,0.0737378263460584,4.744304403896928
fixed,green_Pepper,6,0,3,0.8314,0.9079392814240472,0.8314,0.0962083500955912,3.746904093787267
fixed,green_Pepper,6,0,4,0.8390666666666666,0.9124918436888276,0.8390666666666666,0.11688384492617543,3.6207218750746226
fixed,green_Pepper,6,0,5,0.8674333333333333,0.9290112989307963,0.8674333333333333,0.1386998857630501,3.30728374581312
fixed,green_Pepper,3,0,0,0.44283333333333336,0.6138385121866697,0.44283333333333336,0.027600778660634248,12.72929795842355
fixed,green_Pepper,3,0,1,0.4779,0.6467284660667163,0.4779,0.05191054550635292,12.113808682260197
fixed,green_Pepper,3,0,2,0.7151666666666666,0.8339325624331939,0.7151666666666666,0.07387069442218923,5.660998697806455
fixed,green_Pepper,3,0,3,0.8301666666666667,0.9072033512430562,0.8301666666666667,0.0975377855994636,3.867994160617358
fixed,green_Pepper,3,0,4,0.8453,0.9161653931610038,0.8453,0.12013815267818576,3.6665883933262964
fixed,green_Pepper,3,0,5,0.9393666666666667,0.9687354978429384,0.9393666666666667,0.14333724171911943,2.4741015405486677
fixed,green_Pepper,9,0,0,0.4098333333333333,0.5813925995980612,0.4098333333333333,0.0237707732199727,12.201452464412887
fixed,green_Pepper,9,0,1,0.45626666666666665,0.6266251602270646,0.45626666666666665,0.04527506413978725,11.226434823204148
fixed,green_Pepper,9,0,2,0.7070333333333333,0.8283767159399347,0.7070333333333333,0.06504073617280873,4.971219023335517
fixed,green_Pepper,9,0,3,0.7953666666666667,0.8860214255212491,0.7953666666666667,0.08915430121382069,4.0610485526118625
fixed,green_Pepper,9,0,4,0.8100333333333334,0.8950479733338245,0.8100333333333334,0.11151351144635277,3.8321157898252696
fixed,green_Pepper,9,0,5,0.9299,0.9636768744494533,0.9299,0.1360180958659852,2.5451119306551244
fixed,green_Pepper,10,0,0,0.4332,0.6045213508233324,0.4332,0.02421220969372436,12.265874013302112
fixed,green_Pepper,10,0,1,0.47333333333333333,0.6425339366515836,0.47333333333333333,0.04675085481890427,11.615680523641304
fixed,green_Pepper,10,0,2,0.7753666666666666,0.8734721465988246,0.7753666666666666,0.0717920061402175,4.597889806883085
fixed,green_Pepper,10,0,3,0.8231333333333334,0.9029875306249315,0.8231333333333334,0.09277707588642567,3.8671555882064625
fixed,green_Pepper,10,0,4,0.8308666666666666,0.907621163019335,0.8308666666666666,0.1128673221813654,3.721333530760814
fixed,green_Pepper,10,0,5,0.8699333333333333,0.9304431530535847,0.8699333333333333,0.13602690417406715,3.2856039911459067
fixed,green_Pepper,5,0,0,0.39636666666666664,0.567711441598434,0.39636666666666664,0.02514446323693746,13.301528368266233
fixed,green_Pepper,5,0,1,0.4329,0.6042291855677298,0.4329,0.048218660178312375,12.553811211915223
fixed,green_Pepper,5,0,2,0.7397333333333334,0.8503985285101165,0.7397333333333334,0.07051841412001597,4.991007831400349
fixed,green_Pepper,5,0,3,0.8009666666666667,0.8894852764256234,0.8009666666666667,0.09566536229636205,3.9995706071441797
fixed,green_Pepper,5,0,4,0.8090666666666667,0.8944575471698113,0.8090666666666667,0.11875097354099264,3.8164196545702627
fixed,green_Pepper,5,0,5,0.8595666666666667,0.924480613763063,0.8595666666666667,0.1433093074204626,3.175001641961612
fixed,green_Pepper,11,0,0,0.45936666666666665,0.6295424956031155,0.45936666666666665,0.026636637493141675,10.568728323197364
fixed,green_Pepper,11,0,1,0.5011,0.6676437279328492,0.5011,0.05117600661405665,9.898222402543027
fixed,green_Pepper,11,0,2,0.7419,0.8518284631723979,0.7419,0.07578726786315844,4.491372013046313
fixed,green_Pepper,11,0,3,0.8144,0.8977072310405644,0.8144,0.09961532928152117,3.858108266526853
fixed,green_Pepper,11,0,4,0.8297666666666667,0.9069644581276302,0.8297666666666667,0.12139995580853545,3.6232043557622626
fixed,green_Pepper,11,0,5,0.9431,0.9707168956821574,0.9431,0.14537482059780696,2.4683390628415176
fixed,green_Pepper,0,0,0,0.41563333333333335,0.5872047846664626,0.41563333333333335,0.026892788068556377,11.589115254350103
fixed,green_Pepper,0,0,1,0.45016666666666666,0.6208481783703023,0.45016666666666666,0.05068064371934197,10.612682098267285
fixed,green_Pepper,0,0,2,0.7516333333333334,0.8582085291822871,0.7516333333333334,0.07601285267015787,4.9083573796372475
fixed,green_Pepper,0,0,3,0.822,0.9023051591657518,0.822,0.0960272524983453,3.794002827514917
fixed,green_Pepper,0,0,4,0.8322666666666667,0.908455828845874,0.8322666666666667,0.11502684928656583,3.670163769159098
fixed,green_Pepper,0,0,5,0.8739333333333333,0.9327261731118147,0.8739333333333333,0.13956331043767545,3.160651701509899
fixed,Corner,8,0,0,0.38356666666666667,0.5544606933770208,0.38356666666666667,0.01395916252323968,11.70388509831981
fixed,Corner,8,0,1,0.4170333333333333,0.5886005974924137,0.4170333333333333,0.02668595528147557,10.746843551494493
fixed,Corner,8,0,2,0.6393666666666666,0.7800166731054675,0.6393666666666666,0.04144181749338432,6.0839723685884515
fixed,Corner,8,0,3,0.7455,0.8541965052993412,0.7455,0.05299168094610277,4.9638099981603485
fixed,Corner,8,0,4,0.7683,0.8689701973647006,0.7683,0.06393669338220304,4.384922264896653
fixed,Corner,8,0,5,0.8635666666666667,0.9267891319512762,0.8635666666666667,0.07712575078516362,3.5258898639348204
fixed,Corner,13,0,0,0.4222,0.5937280270004218,0.4222,0.015361696013389875,12.936697017315383
fixed,Corner,13,0,1,0.4576,0.6278814489571899,0.4576,0.029571263900050895,12.080617110099473
fixed,Corner,13,0,2,0.6999333333333333,0.8234832738538767,0.6999333333333333,0.04497118015391991,5.832277459310676
fixed,Corner,13,0,3,0.7574,0.8619551610333447,0.7574,0.0565087120899185,4.777348274500092
fixed,Corner,13,0,4,0.7631333333333333,0.8656558399818506,0.7631333333333333,0.0671431236297171,4.660813494504272
fixed,Corner,13,0,5,0.8686,0.9296799743123194,0.8686,0.0800707982434914,3.6919055298922343
fixed,Corner,4,0,0,0.47933333333333333,0.6480396575033799,0.47933333333333333,0.01487784886162602,8.610552917578
fixed,Corner,4,0,1,0.5453,0.7057529282339998,0.5453,0.02854833287214615,7.676690045368977
fixed,Corner,4,0,2,0.7464333333333333,0.8548088485102971,0.7464333333333333,0.040866690527640956,4.734173642141645
fixed,Corner,4,0,3,0.7841,0.8789866038899165,0.7841,0.05266099869065506,4.3357343796916465
fixed,Corner,4,0,4,0.7947666666666666,0.8856490165852571,0.7947666666666666,0.06386340983356739,3.946663943415361
fixed,Corner,4,0,5,0.9017666666666667,0.9483462745166775,0.9017666666666667,0.07718212741306402,3.0569554284607485
fixed,Corner,1,0,0,0.4516,0.6222099751997796,0.4516,0.01595855135772935,9.70997395613225
fixed,Corner,1,0,1,0.5284666666666666,0.6914991058577223,0.5284666666666666,0.030513184667651537,7.668374990869865
fixed,Corner,1,0,2,0.7147,0.833615209657666,0.7147,0.04529550317924439,5.138966005793388
fixed,Corner,1,0,3,0.8216,0.9020641194554238,0.8216,0.058903219209511706,3.982499260209709
fixed,Corner,1,0,4,0.8316333333333333,0.908078399970882,0.8316333333333333,0.07174753698635036,3.8264294041991413
fixed,Corner,1,0,5,0.9587,0.9789145862051362,0.9587,0.08434411960579004,2.7682358651205092
fixed,Corner,12,0,0,0.43456666666666666,0.6058507795617725,0.43456666666666666,0.014781233655200033,11.826784065384734
fixed,Corner,12,0,1,0.4905,0.6581683998658169,0.4905,0.02836517314079765,10.12369961647216
fixed,Corner,12,0,2,0.7117666666666667,0.8316164586294861,0.7117666666666667,0.04014507325312393,4.875742749166939
fixed,Corner,12,0,3,0.7832,0.8784208165096457,0.7832,0.05324248399320609,4.3098231342830395
fixed,Corner,12,0,4,0.7939333333333334,0.8851313686870564,0.7939333333333334,0.06544504005754213,4.107947642583959
fixed,Corner,12,0,5,0.9270333333333334,0.9621352337790386,0.9270333333333334,0.078769250515202,2.902031370221983
fixed,Corner,7,0,0,0.49496666666666667,0.6621775290418962,0.49496666666666667,0.0147610122600415,12.125409223859066
fixed,Corner,7,0,1,0.5187666666666667,0.6831420231328053,0.5187666666666667,0.028359210775215703,11.61283260716919
fixed,Corner,7,0,2,0.7102333333333334,0.8305689282164227,0.7102333333333334,0.04143422667753489,5.391029279571569
fixed,Corner,7,0,3,0.8612333333333333,0.9254437022046313,0.8612333333333333,0.05548218151363368,3.6637421907214294
fixed,Corner,7,0,4,0.8741,0.9328210874553119,0.8741,0.06855516458842807,3.4947446707924787
fixed,Corner,7,0,5,0.9908,0.9953787422141852,0.9908,0.08245545939358107,2.6051239058303355
fixed,Corner,14,0,0,0.38693333333333335,0.5579696212266871,0.38693333333333335,0.012567667090866827,12.521160153597835
fixed,Corner,14,0,1,0.4059,0.5774237143466818,0.4059,0.02372025169530048,12.069103882028191
fixed,Corner,14,0,2,0.6328666666666667,0.775160249867309,0.6328666666666667,0.03683921851669038,6.65567346452206
fixed,Corner,14,0,3,0.7738333333333334,0.8724983557267688,0.7738333333333334,0.05117410500204847,4.6295245277345005
fixed,Corner,14,0,4,0.7764666666666666,0.8741697001538634,0.7764666666666666,0.06430020005627399,4.507754962532421
fixed,Corner,14,0,5,0.8583,0.9237475111661196,0.8583,0.07800948477038436,3.772718051083592
fixed,Corner,2,0,0,0.3949,0.5662054627571869,0.3949,0.012299470974613846,10.501081016980441
fixed,Corner,2,0,1,0.4387666666666667,0.609920533790515,0.4387666666666667,0.023654995554977958,8.736703213166603
fixed,Corner,2,0,2,0.7460333333333333,0.854546495866822,0.7460333333333333,0.037522358383973366,4.592687603174866
fixed,Corner,2,0,3,0.7703666666666666,0.8702905236203423,0.7703666666666666,0.047636463930021286,4.3150354491298675
fixed,Corner,2,0,4,0.7733666666666666,0.8722016503449184,0.7733666666666666,0.05748248853271294,4.238033334253007
fixed,Corner,2,0,5,0.8706666666666667,0.9308624376336422,0.8706666666666667,0.07236358131788884,3.5393954489699
fixed,Corner,6,0,0,0.5203,0.6844701703611129,0.5203,0.016433290179153834,8.031489218554862
fixed,Corner,6,0,1,0.5583333333333333,0.7165775401069518,0.5583333333333333,0.03170033499695153,7.030383666752168
fixed,Corner,6,0,2,0.7911,0.8833677628273128,0.7911,0.04462520232621802,4.122378284733768
fixed,Corner,6,0,3,0.8520333333333333,0.9201058296286964,0.8520333333333333,0.05720775023594755,3.732966607183021
fixed,Corner,6,0,4,0.8568,0.9228780697975011,0.8568,0.06923901065089957,3.600425830419666
fixed,Corner,6,0,5,0.9031333333333333,0.9491014817669107,0.9031333333333333,0.08036848217235217,3.1109138772163334
fixed,Corner,3,0,0,0.43896666666666667,0.6101137390256897,0.43896666666666667,0.013977482509515853,10.84321144462836
fixed,Corner,3,0,1,0.49693333333333334,0.6639351563195868,0.49693333333333334,0.026508176098462545,9.62369990024953
fixed,Corner,3,0,2,0.7705,0.8703756001129624,0.7705,0.040112997459291394,4.904612909980395
fixed,Corner,3,0,3,0.8034333333333333,0.8910041957007929,0.8034333333333333,0.05089923029609766,4.554316395010323
fixed,Corner,3,0,4,0.8043333333333333,0.8915573619065214,0.8043333333333333,0.06080405550054791,4.502330432106717
fixed,Corner,3,0,5,0.8419333333333333,0.9141843714937203,0.8419333333333333,0.07073875003222996,3.7325600020133023
fixed,Corner,9,0,0,0.5075,0.6733001658374793,0.5075,0.015302807699686444,11.693090626552518
fixed,Corner,9,0,1,0.5242666666666667,0.6878936319104269,0.5242666666666667,0.02950834996586913,11.351526703422781
fixed,Corner,9,0,2,0.7156,0.8342270925623688,0.7156,0.04132757113286869,6.0776516132781415
fixed,Corner,9,0,3,0.7926333333333333,0.8843228769594079,0.7926333333333333,0.055307581685122134,4.573753385021695
fixed,Corner,9,0,4,0.8165666666666667,0.8990219645118079,0.8165666666666667,0.06800498777893005,4.389683213043598
fixed,Corner,9,0,5,0.9275,0.9623865110246433,0.9275,0.081578972260888,2.997930227398174
fixed,Corner,10,0,0,0.4769,0.6458121741485543,0.4769,0.016179064632805214,9.349066289738877
fixed,Corner,10,0,1,0.5119333333333334,0.6771903523083028,0.5119333333333334,0.030781926618746194,8.85329172779247
fixed,Corner,10,0,2,0.7208,0.8377498837749883,0.7208,0.042326050253873884,5.263301879931575
fixed,Corner,10,0,3,0.8599,0.9246733695359965,0.8599,0.05621557923821079,3.8410666949674632
fixed,Corner,10,0,4,0.8626333333333334,0.9262513645555576,0.8626333333333334,0.06960497255187663,3.712357953003023
fixed,Corner,10,0,5,0.9562,0.9776096513648912,0.9562,0.08289253969628406,2.7041703738345593
fixed,Corner,5,0,0,0.36446666666666666,0.5342258269409292,0.36446666666666666,0.0129417950528062,10.475861600924848
fixed,Corner,5,0,1,0.4479,0.6186891359900546,0.4479,0.02503322040307081,8.670924115420961
fixed,Corner,5,0,2,0.6833666666666667,0.8119047147581236,0.6833666666666667,0.03619034344082522,4.824107282583033
fixed,Corner,5,0,3,0.7838,0.8787980715326831,0.7838,0.05053459542760787,4.126640701104786
fixed,Corner,5,0,4,0.7850333333333334,0.8795727437396128,0.7850333333333334,0.06396155621587667,4.056581538614742
fixed,Corner,5,0,5,0.8974666666666666,0.9459630384372145,0.8974666666666666,0.076743833132279,3.1032055287304408
fixed,Corner,11,0,0,0.4476,0.6184028737220226,0.4476,0.014843439403552703,12.073294184450113
fixed,Corner,11,0,1,0.5085666666666666,0.6742382393883819,0.5085666666666666,0.028140864094341703,9.426470680963645
fixed,Corner,11,0,2,0.7867,0.8806178989197962,0.7867,0.04270201893456368,4.75917731776522
fixed,Corner,11,0,3,0.8607333333333334,0.9251549568270574,0.8607333333333334,0.05350705828397649,3.5255929112925726
fixed,Corner,11,0,4,0.8786,0.9353774087086129,0.8786,0.06360234208160637,3.350942364872482
fixed,Corner,11,0,5,0.8880333333333333,0.9406966684910224,0.8880333333333333,0.07629385965562718,3.1394829055220344
fixed,Corner,0,0,0,0.3607666666666667,0.5302403057100165,0.3607666666666667,0.014667440564133464,12.919465906677631
fixed,Corner,0,0,1,0.42873333333333336,0.6001586486864822,0.42873333333333336,0.027586621421297742,11.937072594948784
fixed,Corner,0,0,2,0.7159,0.8344309108922431,0.7159,0.04046166389900115,5.15678297820636
fixed,Corner,0,0,3,0.7823,0.8778544577231667,0.7823,0.05233305548510615,4.504678493902187
fixed,Corner,0,0,4,0.805,0.89196675900277,0.805,0.06364985803671791,4.146074185203848
fixed,Corner,0,0,5,0.9254,0.9612548041965306,0.9254,0.07464218671317129,2.975168819205452
fixed,L_Shaped,8,0,0,0.41063333333333335,0.5821971218601574,0.41063333333333335,0.02461071157282423,10.734097685788102
fixed,L_Shaped,8,0,1,0.47386666666666666,0.6430251492672335,0.47386666666666666,0.04667520747640351,9.868275586208602
fixed,L_Shaped,8,0,2,0.6452333333333333,0.7843669590939482,0.6452333333333333,0.06772732818544977,5.266646188415205
fixed,L_Shaped,8,0,3,0.7737,0.8724135986919999,0.7737,0.0917028427129761,3.765397149170401
fixed,L_Shaped,8,0,4,0.7792333333333333,0.8759203402214436,0.7792333333333333,0.11442977760277272,3.650087042444357
fixed,L_Shaped,8,0,5,0.8967,0.945536985290241,0.8967,0.1373421585502621,2.7336950888141542
fixed,L_Shaped,13,0,0,0.44863333333333333,0.619388389056352,0.44863333333333333,0.029113963083183352,10.403311603524827
fixed,L_Shaped,13,0,1,0.5250333333333334,0.6885532556665428,0.5250333333333334,0.05606213265115029,9.246602137953895
fixed,L_Shaped,13,0,2,0.7010333333333333,0.8242440869275539,0.7010333333333333,0.07860339670568374,5.256299435197217
fixed,L_Shaped,13,0,3,0.7601666666666667,0.8637439636398069,0.7601666666666667,0.09968349178469288,4.673465169373045
fixed,L_Shaped,13,0,4,0.7622,0.8650550448303257,0.7622,0.1192771201809145,4.579117198359807
fixed,L_Shaped,13,0,5,0.8478,0.9176317783309883,0.8478,0.14225348925389567,3.2311082907868993
fixed,L_Shaped,4,0,0,0.4815,0.6500168747890651,0.4815,0.026934919808635556,9.098689014806908
fixed,L_Shaped,4,0,1,0.5353666666666667,0.697379561885326,0.5353666666666667,0.05216140420917073,8.408666382679536
fixed,L_Shaped,4,0,2,0.7387,0.8497153045378731,0.7387,0.07755494192359041,5.125139074104432
fixed,L_Shaped,4,0,3,0.8034333333333333,0.8910041957007929,0.8034333333333333,0.10206313048625741,4.0665604321818245
fixed,L_Shaped,4,0,4,0.8253666666666667,0.9043297237084787,0.8253666666666667,0.12465335512619653,3.8479677867077564
fixed,L_Shaped,4,0,5,0.9768333333333333,0.9882809206643621,0.9768333333333333,0.15202475169950486,2.2848816469408133
fixed,L_Shaped,1,0,0,0.4594666666666667,0.6296363968572994,0.4594666666666667,0.02841618026445339,10.290814407946678
fixed,L_Shaped,1,0,1,0.5166333333333334,0.6812896986746961,0.5166333333333334,0.05444232802761745,9.476743875223786
fixed,L_Shaped,1,0,2,0.6969666666666666,0.8214264668329765,0.6969666666666666,0.07761590637677886,5.159419156743102
fixed,L_Shaped,1,0,3,0.7672666666666667,0.8683088762307142,0.7672666666666667,0.0990426134260165,4.088263137063155
fixed,L_Shaped,1,0,4,0.7743333333333333,0.8728160811572422,0.7743333333333333,0.1189920938863795,3.973324777836341
fixed,L_Shaped,1,0,5,0.9392666666666667,0.9686823197772354,0.9392666666666667,0.14812623393382135,2.4763108232075774
fixed,L_Shaped,12,0,0,0.4872,0.6551909628832706,0.4872,0.02719481159357569,9.297874051625177
fixed,L_Shaped,12,0,1,0.5352333333333333,0.6972664307271426,0.5352333333333333,0.05163199512511495,8.560167137941914
fixed,L_Shaped,12,0,2,0.7570666666666667,0.861739262407042,0.7570666666666667,0.07855631285848941,4.297018166298872
fixed,L_Shaped,12,0,3,0.8407666666666667,0.9134961881824603,0.8407666666666667,0.10301249681207948,3.302269861666909
fixed,L_Shaped,12,0,4,0.8510666666666666,0.9195418857595621,0.8510666666666666,0.1255519298711414,3.1387130433128174
fixed,L_Shaped,12,0,5,0.9171,0.9567576026289708,0.9171,0.14870611593829394,2.638895521351866
fixed,L_Shaped,7,0,0,0.36233333333333334,0.5319305113775386,0.36233333333333334,0.025035502203226638,15.180749479319928
fixed,L_Shaped,7,0,1,0.3821333333333333,0.5529616052479258,0.3821333333333333,0.04723076163292683,14.8847871369528
fixed,L_Shaped,7,0,2,0.67,0.8023952095808384,0.67,0.07128142822593778,5.614826724189013
fixed,L_Shaped,7,0,3,0.7610666666666667,0.8643246517262265,0.7610666666666667,0.09308877028971692,4.887038724867295
fixed,L_Shaped,7,0,4,0.7676333333333333,0.8685436270719794,0.7676333333333333,0.11338702392588783,4.7462253971215835
fixed,L_Shaped,7,0,5,0.9084666666666666,0.9520382855346352,0.9084666666666666,0.13609853523345908,2.7345178520130418
fixed,L_Shaped,14,0,0,0.5256666666666666,0.6890976622241644,0.5256666666666666,0.029311373635666445,9.765737866222075
fixed,L_Shaped,14,0,1,0.5529333333333334,0.7121147076500387,0.5529333333333334,0.05639216222421234,9.09829509137984
fixed,L_Shaped,14,0,2,0.6971,0.8215190619291733,0.6971,0.0782622635481212,5.909128010738587
fixed,L_Shaped,14,0,3,0.7862333333333333,0.8803254520685987,0.7862333333333333,0.10003035469406894,4.404072987962379
fixed,L_Shaped,14,0,4,0.7984666666666667,0.8879415798643289,0.7984666666666667,0.12123119270521769,4.061666608306242
fixed,L_Shaped,14,0,5,0.8800333333333333,0.9361890746617967,0.8800333333333333,0.1455658248428938,3.2241765605366948
fixed,L_Shaped,2,0,0,0.3828666666666667,0.5537289688087548,0.3828666666666667,0.028225772146395732,13.852032606010587
fixed,L_Shaped,2,0,1,0.42733333333333334,0.5987856141989725,0.42733333333333334,0.05297937264489972,12.570144905339948
fixed,L_Shaped,2,0,2,0.7164666666666667,0.8348157066842739,0.7164666666666667,0.07800286553836712,5.106040190598321
fixed,L_Shaped,2,0,3,0.7509,0.8577303101262208,0.7509,0.09665612227627951,4.760825834416471
fixed,L_Shaped,2,0,4,0.7589333333333333,0.8629472407519709,0.7589333333333333,0.11435491388937563,4.568629858807582
fixed,L_Shaped,2,0,5,0.8429333333333333,0.9147735494139777,0.8429333333333333,0.13925051472064376,3.594711725193601
fixed,L_Shaped,6,0,0,0.4286333333333333,0.6000606640378916,0.4286333333333333,0.02584688682098895,13.131749229881322
fixed,L_Shaped,6,0,1,0.4463666666666667,0.6172247701136181,0.4463666666666667,0.050126601289722496,12.598350407232646
fixed,L_Shaped,6,0,2,0.6765,0.8070384730092455,0.6765,0.07785156960407352,6.214031308550375
fixed,L_Shaped,6,0,3,0.8414333333333334,0.9138895425664791,0.8414333333333334,0.10000772355178134,3.9099453206281645
fixed,L_Shaped,6,0,4,0.8466333333333333,0.9169479593494467,0.8466333333333333,0.12069029125500894,3.727814389996355
fixed,L_Shaped,6,0,5,0.8557666666666667,0.9222783036660499,0.8557666666666667,0.1424601159608432,3.5502768128013096
fixed,L_Shaped,3,0,0,0.3893,0.5604261138702944,0.3893,0.025750858855037487,14.058405910839323
fixed,L_Shaped,3,0,1,0.4165,0.588069184609954,0.4165,0.048390232774756015,13.449495327293546
fixed,L_Shaped,3,0,2,0.6973,0.8216579272962942,0.6973,0.07108987347124984,5.243865348075229
fixed,L_Shaped,3,0,3,0.7567,0.8615016792850231,0.7567,0.09782805105777606,4.642803424729717
fixed,L_Shaped,3,0,4,0.7588333333333334,0.8628825926276887,0.7588333333333334,0.12220876461744555,4.520697246566657
fixed,L_Shaped,3,0,5,0.9583666666666667,0.978740787390853,0.9583666666666667,0.14900144218422637,2.3984301232239433
fixed,L_Shaped,9,0,0,0.44726666666666665,0.6180846653461698,0.44726666666666665,0.030276722748135927,11.709368026849775
fixed,L_Shaped,9,0,1,0.49683333333333335,0.6638458968934416,0.49683333333333335,0.058394266999780245,10.594549915303867
fixed,L_Shaped,9,0,2,0.6527,0.7898590185756641,0.6527,0.07747155511177986,6.298613717638952
fixed,L_Shaped,9,0,3,0.8166,0.8990421666850159,0.8166,0.10125328754954567,3.997120956169069
fixed,L_Shaped,9,0,4,0.8199,0.901038518599923,0.8199,0.12328070284087808,3.877610407438314
fixed,L_Shaped,9,0,5,0.9812666666666666,0.9905447693394799,0.9812666666666666,0.1476217487563617,2.2668237925064423
fixed,L_Shaped,10,0,0,0.38226666666666664,0.553101186457027,0.38226666666666664,0.025736644416292396,15.435041314296681
fixed,L_Shaped,10,0,1,0.3989,0.570305239831296,0.3989,0.049295731136547456,14.941948447384961
fixed,L_Shaped,10,0,2,0.7532666666666666,0.8592722156735997,0.7532666666666666,0.07754002569619921,4.997754787746234
fixed,L_Shaped,10,0,3,0.7680333333333333,0.8687996078505307,0.7680333333333333,0.10316926438370085,4.708514050835621
fixed,L_Shaped,10,0,4,0.7694333333333333,0.8696946291656463,0.7694333333333333,0.12739649819461513,4.606328995540043
fixed,L_Shaped,10,0,5,0.8501666666666666,0.919016304837402,0.8501666666666666,0.1518315849874775,3.555207740873722
fixed,L_Shaped,5,0,0,0.34846666666666665,0.5168339348395709,0.34846666666666665,0.026636184470137155,15.50518701302228
fixed,L_Shaped,5,0,1,0.38676666666666665,0.5577963127659062,0.38676666666666665,0.0502654918367321,14.816218613870461
fixed,L_Shaped,5,0,2,0.6524666666666666,0.789688142978174,0.6524666666666666,0.07214763858898228,5.25444309142991
fixed,L_Shaped,5,0,3,0.7038666666666666,0.8261992331168323,0.7038666666666666,0.09526712395475222,4.826583047124109
fixed,L_Shaped,5,0,4,0.7376666666666667,0.8490312679838865,0.7376666666666667,0.11710266135129332,4.558731499396075
fixed,L_Shaped,5,0,5,0.8922333333333333,0.9430478975461095,0.8922333333333333,0.1420859725085835,2.935556485625718
fixed,L_Shaped,11,0,0,0.4447333333333333,0.6156614830879978,0.4447333333333333,0.025925881469504326,12.572793490972092
fixed,L_Shaped,11,0,1,0.4721,0.6413966442497113,0.4721,0.04978511009788418,12.093923738539841
fixed,L_Shaped,11,0,2,0.724,0.839907192575406,0.724,0.0748697951091108,5.236354373566987
fixed,L_Shaped,11,0,3,0.7401666666666666,0.8506848003064841,0.7401666666666666,0.10008683369517281,4.892559279611417
fixed,L_Shaped,11,0,4,0.7427666666666667,0.8523994415010615,0.7427666666666667,0.12351761750703151,4.78472728182725
fixed,L_Shaped,11,0,5,0.8813666666666666,0.9369430024273134,0.8813666666666666,0.1466676455505406,2.9530250246563767
fixed,L_Shaped,0,0,0,0.3795,0.5501993475897065,0.3795,0.021944112965767877,10.949849726334758
fixed,L_Shaped,0,0,1,0.44963333333333333,0.6203407758283704,0.44963333333333333,0.04144643909462244,9.959094652503257
fixed,L_Shaped,0,0,2,0.7856,0.8799283154121863,0.7856,0.07024091317087383,3.8856609553123014
fixed,L_Shaped,0,0,3,0.8107,0.8954547964875462,0.8107,0.08775975748751558,3.562794620090173
fixed,L_Shaped,0,0,4,0.8296,0.9068648885002186,0.8296,0.1035410454248493,3.4229119444976788
fixed,L_Shaped,0,0,5,0.9099666666666667,0.9528613064800433,0.9099666666666667,0.12992281270514558,2.728814216525597
fixed,Cylinder,8,0,0,0.3218666666666667,0.4869880976397014,0.3218666666666667,0.034825256369194896,16.460488369487525
fixed,Cylinder,8,0,1,0.3616333333333333,0.5311757937770815,0.3616333333333333,0.0653535962331617,15.51624780742985
fixed,Cylinder,8,0,2,0.5731,0.7286250079460936,0.5731,0.09981339757426981,7.447996591318903
fixed,Cylinder,8,0,3,0.7185666666666667,0.8362395019105068,0.7185666666666667,0.13176343433526486,5.3427066151047145
fixed,Cylinder,8,0,4,0.7230333333333333,0.8392563502350505,0.7230333333333333,0.16057004342444822,5.167101870324488
fixed,Cylinder,8,0,5,0.8576,0.9233419465977605,0.8576,0.23241387665591035,3.39319661295204
fixed,Cylinder,13,0,0,0.33663333333333334,0.5037033342477368,0.33663333333333334,0.0348292514590591,15.66963798567849
fixed,Cylinder,13,0,1,0.36146666666666666,0.5309959847223582,0.36146666666666666,0.06499889231951478,15.267903704652959
fixed,Cylinder,13,0,2,0.6695,0.8020365378855945,0.6695,0.1174289897206087,6.019061537795396
fixed,Cylinder,13,0,3,0.7163666666666667,0.83474782000738,0.7163666666666667,0.17968028200877204,5.555567121458509
fixed,Cylinder,13,0,4,0.718,0.8358556461001164,0.718,0.21262607775575826,5.476477180355772
fixed,Cylinder,13,0,5,0.8704,0.9307100085543198,0.8704,0.24570600938395143,3.288901522421462
fixed,Cylinder,4,0,0,0.4497,0.6204042215630821,0.4497,0.03714495919318417,12.37535092847984
fixed,Cylinder,4,0,1,0.4855,0.6536519690339953,0.4855,0.0707073492034155,11.562659790791555
fixed,Cylinder,4,0,2,0.7089333333333333,0.8296793321370055,0.7089333333333333,0.14491397580894963,5.589018232743393
fixed,Cylinder,4,0,3,0.7797666666666667,0.8762571872717397,0.7797666666666667,0.18677293724880814,4.548206527261045
fixed,Cylinder,4,0,4,0.7841666666666667,0.8790284913591779,0.7841666666666667,0.22266231013613316,4.396036987801533
fixed,Cylinder,4,0,5,0.8907,0.9421907230126408,0.8907,0.25581525609257494,2.9087280405731017
fixed,Cylinder,1,0,0,0.45563333333333333,0.6260276168449014,0.45563333333333333,0.038555758884770044,12.427296506581092
fixed,Cylinder,1,0,1,0.48806666666666665,0.6559741947045383,0.48806666666666665,0.07281902453665605,11.336907666341897
fixed,Cylinder,1,0,2,0.7157,0.8342950399253949,0.7157,0.10936790388886106,5.244796123323726
fixed,Cylinder,1,0,3,0.8489333333333333,0.9182952332876614,0.8489333333333333,0.160218241834054,3.569830413644571
fixed,Cylinder,1,0,4,0.8634,0.9266931415691746,0.8634,0.20107527283833626,3.382179717621853
fixed,Cylinder,1,0,5,0.9504333333333334,0.9745868439492079,0.9504333333333334,0.23238106806833939,2.391997779381649
fixed,Cylinder,12,0,0,0.4283666666666667,0.5997993045669879,0.4283666666666667,0.037229928310940866,13.223156253210027
fixed,Cylinder,12,0,1,0.4608333333333333,0.6309184255561894,0.4608333333333333,0.06936877332937708,12.509337358964
fixed,Cylinder,12,0,2,0.7138333333333333,0.833025381697948,0.7138333333333333,0.1042925765945732,5.318990027413242
fixed,Cylinder,12,0,3,0.8285666666666667,0.9062471516852908,0.8285666666666667,0.15547101028946073,3.860606583786882
fixed,Cylinder,12,0,4,0.8409333333333333,0.9135945534873615,0.8409333333333333,0.19803387995045843,3.6778657084104722
fixed,Cylinder,12,0,5,0.9254666666666667,0.9612907693373035,0.9254666666666667,0.2293142042087161,2.5862081690452454
fixed,Cylinder,7,0,0,0.44316666666666665,0.6141586788312737,0.44316666666666665,0.06767401355853285,12.800699698783243
fixed,Cylinder,7,0,1,0.4820333333333333,0.6505026877488136,0.4820333333333333,0.11832239619762952,11.596925370842886
fixed,Cylinder,7,0,2,0.7027,0.8253949609443824,0.7027,0.15134774082124644,5.591298755585741
fixed,Cylinder,7,0,3,0.8074333333333333,0.893458495472401,0.8074333333333333,0.18242749500142966,4.178607462603309
fixed,Cylinder,7,0,4,0.8151666666666667,0.8981728032320264,0.8151666666666667,0.20989208453722352,4.005866802197526
fixed,Cylinder,7,0,5,0.9056666666666666,0.950498513206227,0.9056666666666666,0.24163025077220734,2.777857898048866
fixed,Cylinder,14,0,0,0.4622,0.6321980577212419,0.4622,0.07094188725181882,12.257721178061203
fixed,Cylinder,14,0,1,0.4861333333333333,0.6542257312040194,0.4861333333333333,0.12265979708235307,11.72855777357486
fixed,Cylinder,14,0,2,0.6813666666666667,0.8104914652762634,0.6813666666666667,0.15346107686222368,6.177461820990704
fixed,Cylinder,14,0,3,0.7899,0.8826191407341193,0.7899,0.18645829890076887,4.516024117609187
fixed,Cylinder,14,0,4,0.7939,0.8851106527677128,0.7939,0.21747185588432347,4.372513262285068
fixed,Cylinder,14,0,5,0.8963666666666666,0.945351637341583,0.8963666666666666,0.2503311097860845,2.8499726144733533
fixed,Cylinder,2,0,0,0.4153,0.5868720412633364,0.4153,0.037143142865390416,12.51684769195079
fixed,Cylinder,2,0,1,0.4816,0.6501079913606911,0.4816,0.06945310202891214,11.496086438690979
fixed,Cylinder,2,0,2,0.7869,0.880743186524148,0.7869,0.1262727926911249,4.429986922053354
fixed,Cylinder,2,0,3,0.824,0.9035087719298246,0.824,0.18691997141466046,3.9842124708389823
fixed,Cylinder,2,0,4,0.8266333333333333,0.9050895089326447,0.8266333333333333,0.21423868922576256,3.901146112871395
fixed,Cylinder,2,0,5,0.8651,0.9276714385287652,0.8651,0.2450349299005866,3.2973802988133785
fixed,Cylinder,6,0,0,0.4404,0.6114968064426549,0.4404,0.07243295612676162,12.632372419743351
fixed,Cylinder,6,0,1,0.47683333333333333,0.645751043900237,0.47683333333333333,0.12174782403333022,11.730855734613892
fixed,Cylinder,6,0,2,0.7571333333333333,0.8617824486853587,0.7571333333333333,0.15633816731527647,4.933086213322961
fixed,Cylinder,6,0,3,0.8182333333333334,0.9000311657836362,0.8182333333333334,0.18673781900472758,4.032885396941762
fixed,Cylinder,6,0,4,0.8249666666666666,0.9040895724122815,0.8249666666666666,0.2128988930489499,3.806381599946694
fixed,Cylinder,6,0,5,0.8697666666666667,0.9303478152354127,0.8697666666666667,0.24107684747089703,2.963822366838401
fixed,Cylinder,3,0,0,0.3999666666666667,0.5713945570132622,0.3999666666666667,0.042971102831922486,12.371023112914303
fixed,Cylinder,3,0,1,0.4407333333333333,0.6118180556198233,0.4407333333333333,0.07926154755250613,11.896563136784211
fixed,Cylinder,3,0,2,0.7567333333333334,0.8615232818488862,0.7567333333333334,0.1137299630032074,4.591987758804013
fixed,Cylinder,3,0,3,0.7786666666666666,0.8755622188905547,0.7786666666666666,0.14297765388525013,4.300601609932657
fixed,Cylinder,3,0,4,0.7855333333333333,0.8798864951648433,0.7855333333333333,0.16939808807525603,4.0695026135293375
fixed,Cylinder,3,0,5,0.9074666666666666,0.9514888857821893,0.9074666666666666,0.19810877662016915,2.662035328141313
fixed,Cylinder,9,0,0,0.46113333333333334,0.6311995254825021,0.46113333333333334,0.03690645016828521,11.814755628574291
fixed,Cylinder,9,0,1,0.49156666666666665,0.6591279862337139,0.49156666666666665,0.07136409016032991,11.054353084107268
fixed,Cylinder,9,0,2,0.6856,0.8134788799240626,0.6856,0.14927298401979788,5.947938543781751
fixed,Cylinder,9,0,3,0.8046666666666666,0.8917620982637606,0.8046666666666666,0.1891727399383694,4.252887837587405
fixed,Cylinder,9,0,4,0.8097666666666666,0.8948851601495589,0.8097666666666666,0.22329133471343557,4.085997082577212
fixed,Cylinder,9,0,5,0.9420666666666667,0.9701692355222958,0.9420666666666667,0.2570427954567674,2.4427762250310994
fixed,Cylinder,10,0,0,0.4382,0.6093728271450424,0.4382,0.037815424397376354,12.737200085037252
fixed,Cylinder,10,0,1,0.4638,0.6336931274764313,0.4638,0.07138751589502901,12.228798335547692
fixed,Cylinder,10,0,2,0.7153,0.8340232029382616,0.7153,0.10488548125955345,5.300747939437789
fixed,Cylinder,10,0,3,0.8104333333333333,0.8952921031797175,0.8104333333333333,0.13739430330376556,3.9701735321019047
fixed,Cylinder,10,0,4,0.8219333333333333,0.902264993230634,0.8219333333333333,0.16611116392108777,3.8012728940397
fixed,Cylinder,10,0,5,0.9422,0.9702399340953557,0.9422,0.21967932994791853,2.436999796822372
fixed,Cylinder,5,0,0,0.3691333333333333,0.5392218921945756,0.3691333333333333,0.03528869778747454,13.270884564329231
fixed,Cylinder,5,0,1,0.4348666666666667,0.6061422664126748,0.4348666666666667,0.06734112539669235,11.85580271400925
fixed,Cylinder,5,0,2,0.6147666666666667,0.7614309600974342,0.6147666666666667,0.14836490657012597,6.737956962831781
fixed,Cylinder,5,0,3,0.7526666666666667,0.8588817040699885,0.7526666666666667,0.18562380546514523,4.735258667667176
fixed,Cylinder,5,0,4,0.7641333333333333,0.8662988436248205,0.7641333333333333,0.21925612203203612,4.475610647704037
fixed,Cylinder,5,0,5,0.9136333333333333,0.9548677036701563,0.9136333333333333,0.2546131130677805,2.5797094002713097
fixed,Cylinder,11,0,0,0.45203333333333334,0.6226211519478433,0.45203333333333334,0.038650630360103064,12.642000645729896
fixed,Cylinder,11,0,1,0.4812666666666667,0.6498042216121337,0.4812666666666667,0.07288159306291751,11.96576316078742
fixed,Cylinder,11,0,2,0.74,0.8505747126436781,0.74,0.10908683918975214,5.020530945895368
fixed,Cylinder,11,0,3,0.7721333333333333,0.8714167481754571,0.7721333333333333,0.13776073084859267,4.396281350318011
fixed,Cylinder,11,0,4,0.779,0.8757729061270377,0.779,0.16619641222686626,4.293137339828267
fixed,Cylinder,11,0,5,0.8769,0.9344131280302627,0.8769,0.19966529699928792,3.0886253802571804
fixed,Cylinder,0,0,0,0.3314,0.4978218416704221,0.3314,0.034779872506054105,15.220241163083129
fixed,Cylinder,0,0,1,0.3684,0.5384390529085062,0.3684,0.06663859504471983,13.625394938512922
fixed,Cylinder,0,0,2,0.7003666666666667,0.8237831056046736,0.7003666666666667,0.10402308005147266,5.349209103407089
fixed,Cylinder,0,0,3,0.7214333333333334,0.8381774877524544,0.7214333333333334,0.12965354488581723,5.006814569931183
fixed,Cylinder,0,0,4,0.7299333333333333,0.8438860842421673,0.7299333333333333,0.15187319096595395,4.719226814976671
fixed,Cylinder,0,0,5,0.8165333333333333,0.8990017615971815,0.8165333333333333,0.19941846309943004,3.7881680062780987
fixed,Cross,8,0,0,0.31656666666666666,0.48089728333797505,0.31656666666666666,0.021281241826089644,15.720210935325804
fixed,Cross,8,0,1,0.35076666666666667,0.5193593761567505,0.35076666666666667,0.04062322302157637,14.892883288954962
fixed,Cross,8,0,2,0.6069333333333333,0.755393295718553,0.6069333333333333,0.06220000929086878,6.474549440938359
fixed,Cross,8,0,3,0.7217666666666667,0.8384024161229745,0.7217666666666667,0.08271203058698916,4.9877671204275424
fixed,Cross,8,0,4,0.7409,0.8511689356080189,0.7409,0.10250692249567674,4.613654738888186
fixed,Cross,8,0,5,0.8482333333333333,0.9178855483614983,0.8482333333333333,0.12398332968490412,3.3047830981763027
fixed,Cross,13,0,0,0.3430666666666667,0.5108706442966346,0.3430666666666667,0.02118640420972068,14.631837297319915
fixed,Cross,13,0,1,0.38466666666666666,0.5556090515166104,0.38466666666666666,0.03962737604584748,13.941865438850357
fixed,Cross,13,0,2,0.6829333333333333,0.8115987957534464,0.6829333333333333,0.06402070753198276,5.6029201222878555
fixed,Cross,13,0,3,0.7463666666666666,0.8547651314157011,0.7463666666666666,0.08246004217823848,4.44014525988604
fixed,Cross,13,0,4,0.7585666666666666,0.8627101616847053,0.7585666666666666,0.09944632447938268,4.269441683562244
fixed,Cross,13,0,5,0.8678333333333333,0.9292406531632015,0.8678333333333333,0.12235388082565926,3.0396856223864304
fixed,Cross,4,0,0,0.44926666666666665,0.6199917199503197,0.44926666666666665,0.023525556332141647,10.683475351378076
fixed,Cross,4,0,1,0.4906333333333333,0.6582884232652787,0.4906333333333333,0.045393556939939614,10.118322613237154
fixed,Cross,4,0,2,0.674,0.8052568697729989,0.674,0.06791314595010707,5.826623085915556
fixed,Cross,4,0,3,0.7762,0.8740006755995946,0.7762,0.0890766384375326,4.520492165108181
fixed,Cross,4,0,4,0.7792333333333333,0.8759203402214436,0.7792333333333333,0.10869027868375038,4.377531586973917
fixed,Cross,4,0,5,0.8844666666666666,0.938691760710369,0.8844666666666666,0.12980039486686365,2.9483859239935843
fixed,Cross,1,0,0,0.3990666666666667,0.5704755551319928,0.3990666666666667,0.022691139573372553,12.535284677580638
fixed,Cross,1,0,1,0.44053333333333333,0.6116253239540911,0.44053333333333333,0.043146344476489504,12.053328911408988
fixed,Cross,1,0,2,0.7135666666666667,0.8328437761394363,0.7135666666666667,0.06700007363118186,5.318408965662598
fixed,Cross,1,0,3,0.8184666666666667,0.9001723063386736,0.8184666666666667,0.08824235284903227,4.064463219282076
fixed,Cross,1,0,4,0.8250333333333333,0.9041296049387225,0.8250333333333333,0.10836244138529189,3.8993796885822065
fixed,Cross,1,0,5,0.8977333333333334,0.9461111501440315,0.8977333333333334,0.12869173415619356,2.784727742931289
fixed,Cross,12,0,0,0.4511,0.6217352353387086,0.4511,0.023300692213134636,10.745136766016257
fixed,Cross,12,0,1,0.48806666666666665,0.6559741947045383,0.48806666666666665,0.044378722148193064,10.155689343268023
fixed,Cross,12,0,2,0.7307333333333333,0.8444204768691499,0.7307333333333333,0.06449754835310512,4.553064547867235
fixed,Cross,12,0,3,0.7983666666666667,0.8878797427295139,0.7983666666666667,0.08531974864632778,3.868440305772897
fixed,Cross,12,0,4,0.8042,0.891475446181133,0.8042,0.10559878073016611,3.7280241851807423
fixed,Cross,12,0,5,0.8823666666666666,0.9375077473393424,0.8823666666666666,0.12633017790570694,2.858657523656549
fixed,Cross,7,0,0,0.4318666666666667,0.6032219014805849,0.4318666666666667,0.023564225225184025,12.191820278969622
fixed,Cross,7,0,1,0.4603,0.6304184071766076,0.4603,0.04513417886957211,11.377660299022393
fixed,Cross,7,0,2,0.6525,0.789712556732224,0.6525,0.0661431124114333,5.700989221343876
fixed,Cross,7,0,3,0.7598666666666667,0.8635502689597697,0.7598666666666667,0.08766217958410281,4.379813225766748
fixed,Cross,7,0,4,0.7675666666666666,0.8685009523450317,0.7675666666666666,0.10741262762456674,4.226498509721814
fixed,Cross,7,0,5,0.8738,0.9326502294802006,0.8738,0.12847107344199002,2.848074408926998
fixed,Cross,14,0,0,0.44943333333333335,0.6201504036060069,0.44943333333333335,0.021719574407476117,11.191512981938907
fixed,Cross,14,0,1,0.4824,0.6508364813815435,0.4824,0.04171728120618332,10.417436506146794
fixed,Cross,14,0,2,0.6568333333333334,0.7928779800824867,0.6568333333333334,0.06283983106400305,5.857553163070653
fixed,Cross,14,0,3,0.7753666666666666,0.8734721465988246,0.7753666666666666,0.0857052610138995,4.405041223988943
fixed,Cross,14,0,4,0.7865666666666666,0.8805343582663209,0.7865666666666666,0.10658733533066046,4.226004257410303
fixed,Cross,14,0,5,0.9112333333333333,0.9535552958822401,0.9112333333333333,0.12934436472002428,2.8224956055838173
fixed,Cross,2,0,0,0.4507,0.6213552078307024,0.4507,0.022131598586163634,10.93803722269386
fixed,Cross,2,0,1,0.4800333333333333,0.6486790838044189,0.4800333333333333,0.04266332855153321,10.477783385994478
fixed,Cross,2,0,2,0.7686333333333333,0.8691833619178649,0.7686333333333333,0.06667656716093219,4.499340375303677
fixed,Cross,2,0,3,0.7950333333333334,0.8858145624036694,0.7950333333333334,0.08309324389753028,4.060654764554407
fixed,Cross,2,0,4,0.7958,0.8862902327653414,0.7958,0.0986528459501789,3.9949284564624765
fixed,Cross,2,0,5,0.8271,0.9053691642493569,0.8271,0.11894222901995638,3.638112701934129
fixed,Cross,6,0,0,0.40473333333333333,0.576242228655498,0.40473333333333333,0.023226593650506173,12.484083891282635
fixed,Cross,6,0,1,0.42896666666666666,0.6003872262007511,0.42896666666666666,0.04496913046039662,11.972875649262553
fixed,Cross,6,0,2,0.7096666666666667,0.8301813218951063,0.7096666666666667,0.0665187918215314,5.305323388368564
fixed,Cross,6,0,3,0.7765666666666666,0.8742330712798093,0.7765666666666666,0.0863510924749566,4.173280191574104
fixed,Cross,6,0,4,0.7937,0.8849863410826783,0.7937,0.10483172145272904,4.0035824013003305
fixed,Cross,6,0,5,0.8680666666666667,0.9293743977730988,0.8680666666666667,0.12382722578101678,3.005631536402258
fixed,Cross,3,0,0,0.41183333333333333,0.5834021957265967,0.41183333333333333,0.023894357456479012,11.499500323457491
fixed,Cross,3,0,1,0.44006666666666666,0.6111754085459007,0.44006666666666666,0.04568446611246274,11.124294949767357
fixed,Cross,3,0,2,0.744,0.8532110091743119,0.744,0.06768445550262604,4.528711656694479
fixed,Cross,3,0,3,0.7807,0.8768461840849104,0.7807,0.08579008727704077,3.856845505504932
fixed,Cross,3,0,4,0.7923666666666667,0.8841568875416117,0.7923666666666667,0.10254988604490091,3.5922305824286416
fixed,Cross,3,0,5,0.8793,0.9357739583887618,0.8793,0.11987133986339658,2.8748808085684647
fixed,Cross,9,0,0,0.4276,0.5990473521994957,0.4276,0.02287447235998073,11.494608612145486
fixed,Cross,9,0,1,0.4672,0.6368593238822247,0.4672,0.04363054932653531,10.226769869496515
fixed,Cross,9,0,2,0.6608666666666667,0.7958094167703609,0.6608666666666667,0.06293518165481173,5.808148421145914
fixed,Cross,9,0,3,0.7953333333333333,0.8860007426661716,0.7953333333333333,0.08572562902550612,3.808584474730511
fixed,Cross,9,0,4,0.8023,0.8903068301614604,0.8023,0.10650675202864897,3.651463045079687
fixed,Cross,9,0,5,0.9123,0.954138994927574,0.9123,0.1297320557555831,2.658807698441426
fixed,Cross,10,0,0,0.4111666666666667,0.5827329632691627,0.4111666666666667,0.023019444220177408,12.58877125809274
fixed,Cross,10,0,1,0.43596666666666667,0.6072100095173983,0.43596666666666667,0.04407151556363456,12.162375569118971
fixed,Cross,10,0,2,0.7077333333333333,0.8288569643972518,0.7077333333333333,0.06470606914256218,5.2746734244845195
fixed,Cross,10,0,3,0.7913333333333333,0.8835132117603276,0.7913333333333333,0.08490902518720415,3.7366890828090837
fixed,Cross,10,0,4,0.8020666666666667,0.8901631460175354,0.8020666666666667,0.10443191332285194,3.568633470034179
fixed,Cross,10,0,5,0.8972666666666667,0.9458519273340595,0.8972666666666667,0.12638601175730999,2.7337336437956874
fixed,Cross,5,0,0,0.40523333333333333,0.5767488198875631,0.40523333333333333,0.022481969584372846,11.57173876578376
fixed,Cross,5,0,1,0.47046666666666664,0.6398875640386272,0.47046666666666664,0.04320909115172523,10.502183048498447
fixed,Cross,5,0,2,0.6564,0.792562183047573,0.6564,0.05971789514045645,5.063578450078906
fixed,Cross,5,0,3,0.782,0.877665544332211,0.782,0.08222574882571348,3.893684720777171
fixed,Cross,5,0,4,0.794,0.8851727982162765,0.794,0.10386930609135082,3.69728111435631
fixed,Cross,5,0,5,0.9435666666666667,0.97096403519303,0.9435666666666667,0.1258424319337243,2.4865942345452283
fixed,Cross,11,0,0,0.4562333333333333,0.6265937235333165,0.4562333333333333,0.024690993482161618,10.680338835964092
fixed,Cross,11,0,1,0.4830333333333333,0.6514126452540964,0.4830333333333333,0.04717858371402603,10.218989627242474
fixed,Cross,11,0,2,0.7402,0.8507068153085852,0.7402,0.06976977861720005,4.33408448981748
fixed,Cross,11,0,3,0.7923333333333333,0.8841361353914823,0.7923333333333333,0.08804254716199734,3.7001341616798524
fixed,Cross,11,0,4,0.8051666666666667,0.8920690610285293,0.8051666666666667,0.10568480791726183,3.5212758913943527
fixed,Cross,11,0,5,0.8975666666666666,0.9460185852056142,0.8975666666666666,0.12820512316167934,2.83995163469459
fixed,Cross,0,0,0,0.3700333333333333,0.5401815040996569,0.3700333333333333,0.022023417250110734,13.440193573178574
fixed,Cross,0,0,1,0.40373333333333333,0.5752279635258359,0.40373333333333333,0.042031237053705234,12.814565753720945
fixed,Cross,0,0,2,0.6812666666666667,0.8104207145406241,0.6812666666666667,0.06369747412954457,5.360908348224909
fixed,Cross,0,0,3,0.7444,0.8534739738592065,0.7444,0.08103091961405579,4.244656116215887
fixed,Cross,0,0,4,0.7529,0.8590336014604371,0.7529,0.09776998565460056,4.126954226015501
fixed,Cross,0,0,5,0.8504666666666667,0.919191555283352,0.8504666666666667,0.1183907579755283,3.1077577808892873
fixed,Bowl,8,0,0,0.4458666666666667,0.6167465879749171,0.4458666666666667,0.12377485283689942,7.142722070614226
fixed,Bowl,8,0,1,0.4750333333333333,0.6440984384533683,0.4750333333333333,0.19147683359414766,6.600022026422849
fixed,Bowl,8,0,2,0.6765,0.8070384730092455,0.6765,0.2867351092959693,4.552242607986986
fixed,Bowl,8,0,3,0.799,0.8882712618121179,0.799,0.3602247721056282,3.4577181926428087
fixed,Bowl,8,0,4,0.8081,0.893866489685305,0.8081,0.40620104105659655,3.2979901354964656
fixed,Bowl,8,0,5,0.8927,0.9433085010831088,0.8927,0.4791887835770643,2.795912613205161
fixed,Bowl,13,0,0,0.47096666666666664,0.6403498832966984,0.47096666666666664,0.13155852946041932,6.663549011768882
fixed,Bowl,13,0,1,0.51,0.6754966887417219,0.51,0.18972480673848965,6.14395270213037
fixed,Bowl,13,0,2,0.7262,0.8413857026995712,0.7262,0.26296094835543815,4.444783093073045
fixed,Bowl,13,0,3,0.8457,0.9164002817359268,0.8457,0.31937360908919593,3.3800316795853362
fixed,Bowl,13,0,4,0.8575,0.9232839838492598,0.8575,0.36385982519139665,3.201036772699779
fixed,Bowl,13,0,5,0.9226,0.9597420160199729,0.9226,0.43016193563694416,2.657032202735109
fixed,Bowl,4,0,0,0.43906666666666666,0.6102103215046789,0.43906666666666666,0.1246619061378375,7.04804523076436
fixed,Bowl,4,0,1,0.4717,0.6410273832982265,0.4717,0.19048617250297303,6.542986791927111
fixed,Bowl,4,0,2,0.7159,0.8344309108922431,0.7159,0.29882010030395867,4.269773669491246
fixed,Bowl,4,0,3,0.7911333333333334,0.883388543566457,0.7911333333333334,0.37286043816284337,3.639949512915352
fixed,Bowl,4,0,4,0.7952666666666667,0.8859593746518624,0.7952666666666667,0.41326117049438726,3.5367738060280107
fixed,Bowl,4,0,5,0.8623666666666666,0.9260976177265486,0.8623666666666666,0.477057992433935,3.0222172210299427
fixed,Bowl,1,0,0,0.3873,0.5583507532617314,0.3873,0.10959549077816597,8.740584776533044
fixed,Bowl,1,0,1,0.4231,0.5946173845829527,0.4231,0.17747536461128363,8.243390988919334
fixed,Bowl,1,0,2,0.5871666666666666,0.7398928908957261,0.5871666666666666,0.25067335449900796,5.561516350523916
fixed,Bowl,1,0,3,0.7530333333333333,0.8591203818143789,0.7530333333333333,0.31901811429583743,4.03808598683343
fixed,Bowl,1,0,4,0.7664333333333333,0.8677749891495103,0.7664333333333333,0.35997690500661367,3.841264152236805
fixed,Bowl,1,0,5,0.8239333333333333,0.9034686940312147,0.8239333333333333,0.4455555612233181,3.333778303589807
fixed,Bowl,12,0,0,0.4233,0.5948148668587087,0.4233,0.12458159287983836,7.74260161082471
fixed,Bowl,12,0,1,0.44633333333333336,0.6171929015902281,0.44633333333333336,0.19165812591595907,7.168340500762615
fixed,Bowl,12,0,2,0.7031,0.8256708355352004,0.7031,0.3081977017875974,4.346482506811828
fixed,Bowl,12,0,3,0.7785666666666666,0.8754989973199393,0.7785666666666666,0.35396973179178876,3.724472939631483
fixed,Bowl,12,0,4,0.7956,0.8861661840053464,0.7956,0.3891096669277865,3.536524340555652
fixed,Bowl,12,0,5,0.8798333333333334,0.9360758932529479,0.8798333333333334,0.44706795158255597,2.910354383708429
fixed,Bowl,7,0,0,0.4174333333333333,0.5889988947158008,0.4174333333333333,0.11955382127917809,7.111474465747925
fixed,Bowl,7,0,1,0.4508333333333333,0.6214819069500287,0.4508333333333333,0.1546827932160946,6.588884181671495
fixed,Bowl,7,0,2,0.7142333333333334,0.8332976840959029,0.7142333333333334,0.26801465907639604,4.326053590737965
fixed,Bowl,7,0,3,0.7929666666666667,0.8845302942980907,0.7929666666666667,0.3501158303121432,3.6488620192207017
fixed,Bowl,7,0,4,0.7989666666666667,0.8882506624173137,0.7989666666666667,0.39469574352167863,3.5191588894229695
fixed,Bowl,7,0,5,0.8517333333333333,0.9199308755760369,0.8517333333333333,0.44081352924682715,3.127296002905528
fixed,Bowl,14,0,0,0.4519666666666667,0.6225579099612021,0.4519666666666667,0.12288466836243635,6.867170081065483
fixed,Bowl,14,0,1,0.4707,0.6401033521452371,0.4707,0.1602935966045504,6.503579925519894
fixed,Bowl,14,0,2,0.6810666666666667,0.8102791878172589,0.6810666666666667,0.23577039055110657,4.767132014975238
fixed,Bowl,14,0,3,0.7540666666666667,0.8597924822317662,0.7540666666666667,0.2889041708925067,4.1487756383637455
fixed,Bowl,14,0,4,0.7591,0.8630549712921379,0.7591,0.3230844137769265,4.05662251169996
fixed,Bowl,14,0,5,0.8598333333333333,0.9246348239089524,0.8598333333333333,0.399456701336806,3.1246701276169886
fixed,Bowl,2,0,0,0.42293333333333333,0.5944527736131934,0.42293333333333333,0.12317005331662058,8.84524862926609
fixed,Bowl,2,0,1,0.47463333333333335,0.6437306449060785,0.47463333333333335,0.174749427545141,7.65338482087084
fixed,Bowl,2,0,2,0.6778,0.8079628084396233,0.6778,0.283721721639012,4.5824879364917575
fixed,Bowl,2,0,3,0.7244333333333334,0.8401987126205711,0.7244333333333334,0.34699578542474047,4.129718411732276
fixed,Bowl,2,0,4,0.7351333333333333,0.8473508279863219,0.7351333333333333,0.3871606554916928,3.9778408913175265
fixed,Bowl,2,0,5,0.8018,0.8899988899988899,0.8018,0.4429036611819693,3.445341961126235
fixed,Bowl,6,0,0,0.28346666666666664,0.44172034074381883,0.28346666666666664,0.09351432885550154,14.852552937568978
fixed,Bowl,6,0,1,0.31903333333333334,0.48373809102625664,0.31903333333333334,0.14496700806328439,13.236619079761297
fixed,Bowl,6,0,2,0.6365333333333333,0.7779045136059963,0.6365333333333333,0.25422734507775435,4.745512093344651
fixed,Bowl,6,0,3,0.6978666666666666,0.8220512015077744,0.6978666666666666,0.3192055160579244,4.162975112720425
fixed,Bowl,6,0,4,0.7034,0.8258776564518023,0.7034,0.3582447003751441,4.0324757124082815
fixed,Bowl,6,0,5,0.7459666666666667,0.8545027587391893,0.7459666666666667,0.4185873701210892,3.5947909590962634
fixed,Bowl,3,0,0,0.2569666666666667,0.40886790951762186,0.2569666666666667,0.0741146594561156,18.688768387161527
fixed,Bowl,3,0,1,0.26953333333333335,0.4246179698576905,0.26953333333333335,0.11969285899219678,17.97025560797902
fixed,Bowl,3,0,2,0.45626666666666665,0.6266251602270646,0.45626666666666665,0.1870685312580697,7.808906600862244
fixed,Bowl,3,0,3,0.733,0.845931909982689,0.733,0.305241297021644,4.175796968906882
fixed,Bowl,3,0,4,0.7445,0.8535396961880196,0.7445,0.3451618397605526,3.9701150683556126
fixed,Bowl,3,0,5,0.829,0.9065062875888463,0.829,0.4405658164772345,3.2733204617855374
fixed,Bowl,9,0,0,0.41556666666666664,0.5871382485223821,0.41556666666666664,0.12579715482709228,8.133295833997655
fixed,Bowl,9,0,1,0.4598,0.6299493081244006,0.4598,0.18433973597073475,7.041811062229814
fixed,Bowl,9,0,2,0.6683666666666667,0.801222752792152,0.6683666666666667,0.28104398451145657,4.59691981482073
fixed,Bowl,9,0,3,0.7443,0.8534082439947257,0.7443,0.35563335029626303,3.9757822213123086
fixed,Bowl,9,0,4,0.7542,0.8598791471896021,0.7542,0.39839078264977357,3.823814394037083
fixed,Bowl,9,0,5,0.8282,0.9060277868942129,0.8282,0.45466291169609296,3.272345961632494
fixed,Bowl,10,0,0,0.2516333333333333,0.40208793842712187,0.2516333333333333,0.07331810565069277,19.19574409912293
fixed,Bowl,10,0,1,0.2616,0.41471147748890297,0.2616,0.11745149216736339,18.231401755750362
fixed,Bowl,10,0,2,0.5762,0.731125491688872,0.5762,0.23525571969947293,5.554915682220227
fixed,Bowl,10,0,3,0.7234333333333334,0.8395257528576678,0.7234333333333334,0.3083431343581885,4.063411460484691
fixed,Bowl,10,0,4,0.7437,0.8530137064862076,0.7437,0.3522510806638283,3.829622664752863
fixed,Bowl,10,0,5,0.7538666666666667,0.8596624600881861,0.7538666666666667,0.4047148544479702,3.677496296442035
fixed,Bowl,5,0,0,0.4233,0.5948148668587087,0.4233,0.12500942025251996,7.764339363142671
fixed,Bowl,5,0,1,0.4685,0.6380660537963908,0.4685,0.1805237815712326,6.647766083158093
fixed,Bowl,5,0,2,0.6897333333333333,0.8163812830426892,0.6897333333333333,0.2957032630693011,4.452907536795884
fixed,Bowl,5,0,3,0.7626333333333334,0.8653340645624917,0.7626333333333334,0.34984285990711383,3.864770383098331
fixed,Bowl,5,0,4,0.7666,0.8678818068606362,0.7666,0.38545406027368406,3.772311889957696
fixed,Bowl,5,0,5,0.8282333333333334,0.9060477327839263,0.8282333333333334,0.4433850700608589,3.2692268588343993
fixed,Bowl,11,0,0,0.35823333333333335,0.5274989569784279,0.35823333333333335,0.11544410090357433,11.301938550446334
fixed,Bowl,11,0,1,0.38193333333333335,0.552752182932124,0.38193333333333335,0.17129725210165186,10.872632788515636
fixed,Bowl,11,0,2,0.5983,0.7486704623662642,0.5983,0.2607487543423295,5.35505014735496
fixed,Bowl,11,0,3,0.7841333333333333,0.8790075480158434,0.7841333333333333,0.35344317727831337,3.737010092605028
fixed,Bowl,11,0,4,0.8022333333333334,0.8902657813453678,0.8022333333333334,0.38643434845491464,3.51789191997822
fixed,Bowl,11,0,5,0.8562,0.9225298997952807,0.8562,0.46627451405046655,3.061622490477416
fixed,Bowl,0,0,0,0.3469333333333333,0.5151455157394575,0.3469333333333333,0.10805287727237904,12.567917626153356
fixed,Bowl,0,0,1,0.3625,0.5321100917431192,0.3625,0.16041481818850348,12.0774645317945
fixed,Bowl,0,0,2,0.6724666666666667,0.8041615179176466,0.6724666666666667,0.2779111760134706,4.6498561654924
fixed,Bowl,0,0,3,0.7334333333333334,0.8462204103609408,0.7334333333333334,0.354517795306706,4.087644364125814
fixed,Bowl,0,0,4,0.7374666666666667,0.8488987798327067,0.7374666666666667,0.3980680291940383,3.9780343851814344
fixed,Bowl,0,0,5,0.8995666666666666,0.9471282924175689,0.8995666666666666,0.4639583087836358,2.8807372685311727
fixed,Cube,8,0,0,0.37443333333333334,0.5448548492712147,0.37443333333333334,0.02490986261363172,15.332180355615469
fixed,Cube,8,0,1,0.4085,0.5800496982605609,0.4085,0.04827537363083115,14.753448216532044
fixed,Cube,8,0,2,0.6003333333333334,0.7502603624244949,0.6003333333333334,0.07162132101744731,7.030122365915991
fixed,Cube,8,0,3,0.7326333333333334,0.8456876815637084,0.7326333333333334,0.09497836909379265,5.26587834342556
fixed,Cube,8,0,4,0.7341333333333333,0.8466861448562202,0.7341333333333333,0.11703644552737173,5.17717880765679
fixed,Cube,8,0,5,0.8766,0.9342427794948311,0.8766,0.14112218191171122,3.2845218944599246
fixed,Cube,13,0,0,0.39676666666666666,0.5681216142042336,0.39676666666666666,0.026688397361670717,14.97115485168831
fixed,Cube,13,0,1,0.4157666666666667,0.587337838156005,0.4157666666666667,0.051107995382583184,14.329014444685194
fixed,Cube,13,0,2,0.6805333333333333,0.8099016185337987,0.6805333333333333,0.0794555850519483,5.493018596370008
fixed,Cube,13,0,3,0.7356333333333334,0.8476828823292171,0.7356333333333334,0.10062605269372427,4.998674771302895
fixed,Cube,13,0,4,0.7387666666666667,0.8497594080095087,0.7387666666666667,0.11967375831217887,4.913229815575167
fixed,Cube,13,0,5,0.8663333333333333,0.9283800678692623,0.8663333333333333,0.14627738968727502,3.366184477366789
fixed,Cube,4,0,0,0.5089333333333333,0.6745603958646285,0.5089333333333333,0.02939004597090049,10.736100208767857
fixed,Cube,4,0,1,0.5397,0.7010456582451127,0.5397,0.056250050773914394,10.234511353236494
fixed,Cube,4,0,2,0.7173,0.83538112152798,0.7173,0.0816556332960546,5.494763628530567
fixed,Cube,4,0,3,0.7341,0.8466639755492763,0.7341,0.10403430010069918,5.16587710396761
fixed,Cube,4,0,4,0.7403,0.8507728552548411,0.7403,0.12454649028569095,5.017935098691088
fixed,Cube,4,0,5,0.8841666666666667,0.9385227775320654,0.8841666666666667,0.1505365189812094,3.078402110855679
fixed,Cube,1,0,0,0.5071,0.6729480459159977,0.5071,0.029754562428498096,10.71006799433904
fixed,Cube,1,0,1,0.5321333333333333,0.6946305804542686,0.5321333333333333,0.056231570677996744,10.24498662043397
fixed,Cube,1,0,2,0.7190666666666666,0.8365779880555341,0.7190666666666666,0.08394798863575019,5.378876654767901
fixed,Cube,1,0,3,0.8546666666666667,0.9216391085549964,0.8546666666666667,0.10898078953567272,3.6710073981023674
fixed,Cube,1,0,4,0.8599,0.9246733695359965,0.8599,0.13307608443215566,3.507712975110252
fixed,Cube,1,0,5,0.9849666666666667,0.9924264051453424,0.9849666666666667,0.1577345982760655,2.2403578328472973
fixed,Cube,12,0,0,0.4777,0.6465453068958517,0.4777,0.02865017546961271,10.885433938757753
fixed,Cube,12,0,1,0.5305666666666666,0.6932944225450268,0.5305666666666666,0.05505353202628578,10.318695166732608
fixed,Cube,12,0,2,0.7130333333333333,0.8324803953999728,0.7130333333333333,0.07626884043100014,5.47349589793715
fixed,Cube,12,0,3,0.8485333333333334,0.9180611656087709,0.8485333333333334,0.10186896832108837,3.694346783573391
fixed,Cube,12,0,4,0.851,0.9195029713668287,0.851,0.12619101173398828,3.5502227766886327
fixed,Cube,12,0,5,0.9882333333333333,0.9940818482069509,0.9882333333333333,0.15198831033344962,2.2350523826902102
fixed,Cube,7,0,0,0.48496666666666666,0.6531684212889177,0.48496666666666666,0.027201768810523583,10.788468356615557
fixed,Cube,7,0,1,0.5247,0.6882665442382108,0.5247,0.05181228877457194,10.333797326460381
fixed,Cube,7,0,2,0.7265,0.8415870257746887,0.7265,0.07751984614359697,5.343208851499168
fixed,Cube,7,0,3,0.8469666666666666,0.9171434243534444,0.8469666666666666,0.10119102560545185,3.6768658861959
fixed,Cube,7,0,4,0.8622333333333333,0.9260207277999535,0.8622333333333333,0.12354614576790798,3.460055385389706
fixed,Cube,7,0,5,0.9908666666666667,0.9954123832166895,0.9908666666666667,0.1487037278761476,2.281008324115566
fixed,Cube,14,0,0,0.47523333333333334,0.6442822604333778,0.47523333333333334,0.0262179276770345,11.145361899906076
fixed,Cube,14,0,1,0.5079666666666667,0.6737107363115896,0.5079666666666667,0.05009832988691932,10.739240228840151
fixed,Cube,14,0,2,0.6890666666666667,0.8159141143037575,0.6890666666666667,0.07285713014110416,5.841174010056869
fixed,Cube,14,0,3,0.8299666666666666,0.9070839177398495,0.8299666666666666,0.09975833760220919,3.924473156616678
fixed,Cube,14,0,4,0.8334333333333334,0.9091504099776376,0.8334333333333334,0.12503715050297634,3.8012529513080926
fixed,Cube,14,0,5,0.878,0.9350372736954206,0.878,0.148897369670008,3.1769986079157677
fixed,Cube,2,0,0,0.35613333333333336,0.5252187592173828,0.35613333333333336,0.022136414996812515,13.29672028805497
fixed,Cube,2,0,1,0.39676666666666666,0.5681216142042336,0.39676666666666666,0.04169805591219717,12.930789066558225
fixed,Cube,2,0,2,0.7237333333333333,0.8397277227722773,0.7237333333333333,0.06799091104221187,4.746748735982547
fixed,Cube,2,0,3,0.7424,0.852157943067034,0.7424,0.08818315136222389,4.453947646502768
fixed,Cube,2,0,4,0.7449,0.8538025101725027,0.7449,0.1063497061696854,4.377300614947675
fixed,Cube,2,0,5,0.8467,0.9169870579953431,0.8467,0.1318737220065089,3.3308921371053475
fixed,Cube,6,0,0,0.5255,0.6889544411668305,0.5255,0.030165925279461173,10.576408993104506
fixed,Cube,6,0,1,0.5447,0.7052502103968408,0.5447,0.0575720197839229,10.206385492522541
fixed,Cube,6,0,2,0.7348,0.8471293520866959,0.7348,0.08197095770512107,5.22136671971634
fixed,Cube,6,0,3,0.8636,0.926808327967375,0.8636,0.10608990735711157,3.506281285719509
fixed,Cube,6,0,4,0.8655,0.9279013669257572,0.8655,0.12843311876979618,3.365954190152414
fixed,Cube,6,0,5,0.8853,0.9391608762531162,0.8853,0.1508257759422649,2.8349502362633374
fixed,Cube,3,0,0,0.4497,0.6204042215630821,0.4497,0.027304995666152892,11.190951047899928
fixed,Cube,3,0,1,0.5147666666666667,0.6796646348172437,0.5147666666666667,0.05161298502332018,10.458116148341624
fixed,Cube,3,0,2,0.8321333333333333,0.9083763918201004,0.8321333333333333,0.07554443390519465,3.9010823870480156
fixed,Cube,3,0,3,0.8445666666666667,0.9157344995211161,0.8445666666666667,0.09641852333007457,3.63795398356082
fixed,Cube,3,0,4,0.8452333333333333,0.9161262351644778,0.8452333333333333,0.11528554828252355,3.569244699771126
fixed,Cube,3,0,5,0.9305666666666667,0.9640347393684066,0.9305666666666667,0.13902049226656266,2.535907093455159
fixed,Cube,9,0,0,0.5250333333333334,0.6885532556665428,0.5250333333333334,0.029264911732109856,10.486054854769607
fixed,Cube,9,0,1,0.5493666666666667,0.7091499752587078,0.5493666666666667,0.055962075758506806,9.985356142712858
fixed,Cube,9,0,2,0.7102,0.8305461349549761,0.7102,0.07748254689613422,5.531191325039815
fixed,Cube,9,0,3,0.8607,0.9251357016176708,0.8607,0.10454445634857998,3.566329646150389
fixed,Cube,9,0,4,0.8693,0.9300807789011929,0.8693,0.12955559705590938,3.379660794852158
fixed,Cube,9,0,5,0.9976,0.9987985582699239,0.9976,0.15644460963156803,2.111789169210408
fixed,Cube,10,0,0,0.46473333333333333,0.6345637431159256,0.46473333333333333,0.028527532113095368,10.883362037210453
fixed,Cube,10,0,1,0.5144666666666666,0.6794030901967689,0.5144666666666666,0.054424663482651355,10.370882832528977
fixed,Cube,10,0,2,0.7107,0.8308879406091073,0.7107,0.07458372496892593,4.95508070280813
fixed,Cube,10,0,3,0.839,0.9124524197933659,0.839,0.10066586853537327,3.706771014948407
fixed,Cube,10,0,4,0.8449333333333333,0.9159499891594999,0.8449333333333333,0.12565668529128232,3.579702953641427
fixed,Cube,10,0,5,0.9795666666666667,0.9896778756293465,0.9795666666666667,0.15241371751257016,2.2512272400181597
fixed,Cube,5,0,0,0.2895333333333333,0.44905133640076506,0.2895333333333333,0.021075632584931066,17.133623356969625
fixed,Cube,5,0,1,0.34786666666666666,0.5161737065980809,0.34786666666666666,0.0401287142881957,15.22971870693882
fixed,Cube,5,0,2,0.5393,0.7007081140778276,0.5393,0.05983780214203881,7.200984608675082
fixed,Cube,5,0,3,0.6811333333333334,0.8103263671332831,0.6811333333333334,0.08474693328236725,5.666274860935011
fixed,Cube,5,0,4,0.6869,0.8143932657537494,0.6869,0.10814956358645145,5.55851339248437
fixed,Cube,5,0,5,0.8809666666666667,0.9367169363270659,0.8809666666666667,0.13409410549700687,2.8834448828539774
fixed,Cube,11,0,0,0.5034666666666666,0.6697410429230223,0.5034666666666666,0.02946991169649294,10.75872879111889
fixed,Cube,11,0,1,0.5316333333333333,0.6942044440575421,0.5316333333333333,0.05615389665763315,10.271757454460229
fixed,Cube,11,0,2,0.8409,0.9135748818512683,0.8409,0.08382889759761004,3.8590330436775253
fixed,Cube,11,0,3,0.8490333333333333,0.918353734383732,0.8490333333333333,0.10341703949029772,3.692374657704851
fixed,Cube,11,0,4,0.8528333333333333,0.920572096788702,0.8528333333333333,0.12219676080380473,3.5968365397282205
fixed,Cube,11,0,5,0.8710333333333333,0.9310719566727833,0.8710333333333333,0.14622646972071915,3.2931286721723163
fixed,Cube,0,0,0,0.25906666666666667,0.41152176215185854,0.25906666666666667,0.023026752362169365,17.4747680152715
fixed,Cube,0,0,1,0.28576666666666667,0.44450781634822284,0.28576666666666667,0.04320313174219556,16.926346476092206
fixed,Cube,0,0,2,0.6577,0.7935090788441816,0.6577,0.06862912821386252,5.187717892773972
fixed,Cube,0,0,3,0.7036666666666667,0.8260614361181765,0.7036666666666667,0.08856574800826737,4.606250433491523
fixed,Cube,0,0,4,0.7197666666666667,0.837051537999341,0.7197666666666667,0.10613537528603798,4.40337177359181
fixed,Cube,0,0,5,0.8629,0.926405067368082,0.8629,0.12884567691773005,2.9975392588715284
fixed,Thin_Irregular,8,0,0,0.4576,0.6278814489571899,0.4576,0.4520053143975737,14.902934067616304
fixed,Thin_Irregular,8,0,1,0.47486666666666666,0.6439452153867016,0.47486666666666666,0.4626585166058935,14.381767163042
fixed,Thin_Irregular,8,0,2,0.6687666666666666,0.8015100972774305,0.6687666666666666,0.6638035254968317,7.4200252454464595
fixed,Thin_Irregular,8,0,3,0.8312666666666667,0.9078597691943646,0.8312666666666667,0.8197770866949933,4.30690906235779
fixed,Thin_Irregular,8,0,4,0.8363666666666667,0.9108928863153691,0.8363666666666667,0.8217927150523278,4.16337707600912
fixed,Thin_Irregular,8,0,5,0.9364,0.967155546374716,0.9364,0.9546365163073327,2.4950314720628053
fixed,Thin_Irregular,13,0,0,0.45976666666666666,0.6299180234284018,0.45976666666666666,0.4366126708191086,14.759701591238244
fixed,Thin_Irregular,13,0,1,0.4766,0.6455370445618313,0.4766,0.4366126708191086,14.278679664110953
fixed,Thin_Irregular,13,0,2,0.7233666666666667,0.839480861105201,0.7233666666666667,0.7968119278466099,5.298276624567904
fixed,Thin_Irregular,13,0,3,0.8440666666666666,0.9154405119120784,0.8440666666666666,0.8424946624416321,4.056070370201364
fixed,Thin_Irregular,13,0,4,0.8484333333333334,0.9180026328602601,0.8484333333333334,0.8425929680787814,3.923571645264493
fixed,Thin_Irregular,13,0,5,0.8968333333333334,0.945611106229681,0.8968333333333334,0.9757037883394718,2.856682985057705
fixed,Thin_Irregular,4,0,0,0.4634666666666667,0.6333819241982508,0.4634666666666667,0.4580955779271023,14.752453606016365
fixed,Thin_Irregular,4,0,1,0.47633333333333333,0.6452923910589298,0.47633333333333333,0.4582041203751988,14.320077446130618
fixed,Thin_Irregular,4,0,2,0.8009,0.8894441668054861,0.8009,0.8211231513941812,4.807964950696352
fixed,Thin_Irregular,4,0,3,0.8321,0.9083565307570547,0.8321,0.8230120157798199,4.173402045406449
fixed,Thin_Irregular,4,0,4,0.8381666666666666,0.9119593798168465,0.8381666666666666,0.8230120157798199,3.950874975712957
fixed,Thin_Irregular,4,0,5,0.8681,0.9293935014185536,0.8681,0.8677270797220556,3.4439376891100655
fixed,Thin_Irregular,1,0,0,0.4468,0.6176389272878074,0.4468,0.499141043714324,14.166405595184019
fixed,Thin_Irregular,1,0,1,0.48396666666666666,0.6522608324535591,0.48396666666666666,0.499141043714324,13.378489872997704
fixed,Thin_Irregular,1,0,2,0.6739333333333334,0.8052092875064719,0.6739333333333334,0.6793222633625857,6.86632380862402
fixed,Thin_Irregular,1,0,3,0.7218333333333333,0.8384473913464331,0.7218333333333333,0.7040524950457354,6.056543556045691
fixed,Thin_Irregular,1,0,4,0.7286,0.8429943306722203,0.7286,0.7040524950457354,5.895486858689909
fixed,Thin_Irregular,1,0,5,0.8490666666666666,0.9183732333429477,0.8490666666666666,0.837255319396191,3.8873710182589196
fixed,Thin_Irregular,12,0,0,0.4528333333333333,0.6233796030744522,0.4528333333333333,0.4474268645346019,14.71041064497065
fixed,Thin_Irregular,12,0,1,0.4755666666666667,0.6445885196647616,0.4755666666666667,0.45803091392434714,14.136319729471529
fixed,Thin_Irregular,12,0,2,0.6649666666666667,0.7987747502452501,0.6649666666666667,0.6565848652305826,7.403380399691271
fixed,Thin_Irregular,12,0,3,0.7492333333333333,0.8566419574289689,0.7492333333333333,0.8202327549378972,4.89368563553631
fixed,Thin_Irregular,12,0,4,0.7796,0.8761519442571365,0.7796,0.8202327549378972,4.344830131703837
fixed,Thin_Irregular,12,0,5,0.9015,0.948198790428609,0.9015,0.9520304619162616,2.698514861200538
fixed,Thin_Irregular,7,0,0,0.4034,0.5748895539404304,0.4034,0.49513711026369545,15.05917607551503
fixed,Thin_Irregular,7,0,1,0.4445,0.6154378677743163,0.4445,0.49523541590084474,14.0934222151715
fixed,Thin_Irregular,7,0,2,0.7651,0.8669197212622515,0.7651,0.8182408683606288,4.804309512497694
fixed,Thin_Irregular,7,0,3,0.7949333333333334,0.8857524884861091,0.7949333333333334,0.8429219472252036,4.407424745633729
fixed,Thin_Irregular,7,0,4,0.8009333333333334,0.889464721996002,0.8009333333333334,0.8429219472252036,4.2215951287400735
fixed,Thin_Irregular,7,0,5,0.9023333333333333,0.9486595409146661,0.9023333333333333,0.9752206154982757,2.7682531480267816
fixed,Thin_Irregular,14,0,0,0.28423333333333334,0.4426506086640538,0.28423333333333334,0.3868575088396164,19.720786900019604
fixed,Thin_Irregular,14,0,1,0.336,0.5029940119760479,0.336,0.3868575088396164,18.818190155938122
fixed,Thin_Irregular,14,0,2,0.5683333333333334,0.7247608926673752,0.5683333333333334,0.599279524211066,7.8012859506042345
fixed,Thin_Irregular,14,0,3,0.6968333333333333,0.8213338571849524,0.6968333333333333,0.7312811295294247,5.735902760504436
fixed,Thin_Irregular,14,0,4,0.7021666666666667,0.8250269264662685,0.7021666666666667,0.7312811295294247,5.61326767574878
fixed,Thin_Irregular,14,0,5,0.8520333333333333,0.9201058296286964,0.8520333333333333,0.973331751112637,3.2117920314519135
fixed,Thin_Irregular,2,0,0,0.3545333333333333,0.523476720149621,0.3545333333333333,0.48122817202259455,15.143000820542861
fixed,Thin_Irregular,2,0,1,0.4250333333333333,0.5965240579167739,0.4250333333333333,0.4926567582706953,14.10835952789454
fixed,Thin_Irregular,2,0,2,0.672,0.8038277511961722,0.672,0.6932721754362453,7.25303907195526
fixed,Thin_Irregular,2,0,3,0.7103,0.8306145120739051,0.7103,0.7198466919690479,6.440607056870082
fixed,Thin_Irregular,2,0,4,0.7198666666666667,0.8371191565237616,0.7198666666666667,0.7198466919690479,6.09061809483832
fixed,Thin_Irregular,2,0,5,0.8796666666666667,0.9359815570136549,0.8796666666666667,0.8652017363612365,3.461130116381589
fixed,Thin_Irregular,6,0,0,0.41996666666666665,0.5915162327754173,0.41996666666666665,0.49655644956441103,14.813322205781176
fixed,Thin_Irregular,6,0,1,0.4399,0.6110146537954025,0.4399,0.49655644956441103,14.167779418948784
fixed,Thin_Irregular,6,0,2,0.7777,0.8749507790965855,0.7777,0.8408715278061227,4.563151110211807
fixed,Thin_Irregular,6,0,3,0.8421,0.914282612236035,0.8421,0.8645065123940572,3.9610222189117947
fixed,Thin_Irregular,6,0,4,0.8441,0.9154601160457675,0.8441,0.8645065123940572,3.868370258888975
fixed,Thin_Irregular,6,0,5,0.8871,0.9401727518414499,0.8871,0.8877853264108728,3.233400218037235
fixed,Thin_Irregular,3,0,0,0.3275666666666667,0.49348431968262735,0.3275666666666667,0.38662007256354847,18.580403648349208
fixed,Thin_Irregular,3,0,1,0.3803,0.551039629066145,0.3803,0.38662007256354847,17.730969422759895
fixed,Thin_Irregular,3,0,2,0.6112,0.7586891757696127,0.6112,0.5993748801029637,7.168368143306961
fixed,Thin_Irregular,3,0,3,0.7297,0.8437301266115511,0.7297,0.7311725870813282,5.428224155648127
fixed,Thin_Irregular,3,0,4,0.7329333333333333,0.8458875125028852,0.7329333333333333,0.7311725870813282,5.313034789739544
fixed,Thin_Irregular,3,0,5,0.8622666666666666,0.926039951313811,0.8622666666666666,0.9729727280171867,3.5133955632730385
fixed,Thin_Irregular,9,0,0,0.35096666666666665,0.5195785733672185,0.35096666666666665,0.35906075342246346,20.943302858788726
fixed,Thin_Irregular,9,0,1,0.37556666666666666,0.5460537475464657,0.37556666666666666,0.35906075342246346,19.79740614967656
fixed,Thin_Irregular,9,0,2,0.6811333333333334,0.8103263671332831,0.6811333333333334,0.6980923228672945,6.771585610056077
fixed,Thin_Irregular,9,0,3,0.7085,0.8293824992683642,0.7085,0.699857470577275,6.389824559108136
fixed,Thin_Irregular,9,0,4,0.7125333333333334,0.8321395203986297,0.7125333333333334,0.699857470577275,6.252569027015811
fixed,Thin_Irregular,9,0,5,0.8398333333333333,0.9129450131352477,0.8398333333333333,0.8098599045347692,4.133546564226524
fixed,Thin_Irregular,10,0,0,0.4031,0.5745848478369325,0.4031,0.3893425080968242,17.743361125414978
fixed,Thin_Irregular,10,0,1,0.4232,0.5947161326587971,0.4232,0.390045331054037,17.14658575520521
fixed,Thin_Irregular,10,0,2,0.7456666666666667,0.8543059003246134,0.7456666666666667,0.7301229947755086,5.548332714346913
fixed,Thin_Irregular,10,0,3,0.8519333333333333,0.920047517909212,0.8519333333333333,0.8411258682202477,4.024278514297967
fixed,Thin_Irregular,10,0,4,0.8559333333333333,0.9223750853119724,0.8559333333333333,0.8411258682202477,3.915269853283895
fixed,Thin_Irregular,10,0,5,0.8831666666666667,0.9379591114257899,0.8831666666666667,0.8658560999033973,3.3137411776906776
fixed,Thin_Irregular,5,0,0,0.4006,0.572040554048265,0.4006,0.47220427497104417,14.901630567348432
fixed,Thin_Irregular,5,0,1,0.45326666666666665,0.6237900821138584,0.45326666666666665,0.4722534277896188,14.23856778048082
fixed,Thin_Irregular,5,0,2,0.6692333333333333,0.8018451584559778,0.6692333333333333,0.6752577183365783,7.05294309561603
fixed,Thin_Irregular,5,0,3,0.7734666666666666,0.8722652432147958,0.7734666666666666,0.7852601522940722,5.12436093953386
fixed,Thin_Irregular,5,0,4,0.7754333333333333,0.8735144471772149,0.7754333333333333,0.7852601522940722,5.01361376772447
fixed,Thin_Irregular,5,0,5,0.8168,0.8991633641567591,0.8168,0.829598111445462,4.309078910128845
fixed,Thin_Irregular,11,0,0,0.40003333333333335,0.5714625842241852,0.40003333333333335,0.4781419596972961,14.965915223565002
fixed,Thin_Irregular,11,0,1,0.46273333333333333,0.6326967777220728,0.46273333333333333,0.47973464407486305,13.911437224623324
fixed,Thin_Irregular,11,0,2,0.7333,0.8461316563780072,0.7333,0.7896837204155303,5.488595804882862
fixed,Thin_Irregular,11,0,3,0.7963666666666667,0.8866415542483903,0.7963666666666667,0.8143647992801053,4.805619612202042
fixed,Thin_Irregular,11,0,4,0.798,0.8876529477196886,0.798,0.8162045108471694,4.7156047059574835
fixed,Thin_Irregular,11,0,5,0.8202333333333334,0.9012397677953377,0.8202333333333334,0.8379952105854508,4.388772911043879
fixed,Thin_Irregular,0,0,0,0.3756,0.5460889793544635,0.3756,0.47210885176944767,15.694584526934406
fixed,Thin_Irregular,0,0,1,0.45213333333333333,0.622716004040033,0.45213333333333333,0.47387399947942827,14.086253648444378
fixed,Thin_Irregular,0,0,2,0.7821,0.8777285225295999,0.7821,0.8182845009227366,4.673773573864098
fixed,Thin_Irregular,0,0,3,0.8249666666666666,0.9040895724122815,0.8249666666666666,0.9501907503491976,3.695453108587776
fixed,Thin_Irregular,0,0,4,0.8316333333333333,0.908078399970882,0.8316333333333333,0.9501907503491976,3.5693655149790495
fixed,Thin_Irregular,0,0,5,0.8566666666666667,0.9228007181328546,0.8566666666666667,0.9748718292137726,3.2678719624243437
actnerf,green_Pepper,14,0,0,0.4315,0.6028641285365002,0.4315,0.02698450674092895,12.708708679396299
actnerf,green_Pepper,14,0,1,0.7278666666666667,0.8425032795740413,0.7278666666666667,0.05424777965992533,4.910882034163452
actnerf,green_Pepper,14,0,2,0.9703,0.9849261533776583,0.9703,0.08005698908980653,2.555956388043908
actnerf,green_Pepper,14,0,3,0.9779333333333333,0.9888435741009134,0.9779333333333333,0.10325510852330551,2.4004472361685747
actnerf,green_Pepper,14,0,4,0.9880666666666666,0.9939975185272124,0.9880666666666666,0.12189706328446216,2.2495076180971467
actnerf,green_Pepper,14,0,5,0.9880666666666666,0.9939975185272124,0.9880666666666666,0.1416562872809096,2.162574762563845
actnerf,green_Pepper,6,1,0,0.3943333333333333,0.5656227587855606,0.3943333333333333,0.025102028846483184,14.880376036351883
actnerf,green_Pepper,6,1,1,0.5455666666666666,0.7059762330968145,0.5455666666666666,0.04849494634709849,9.192839627117129
actnerf,green_Pepper,6,1,2,0.6662333333333333,0.7996879188589032,0.6662333333333333,0.07241384398274575,6.275276426961586
actnerf,green_Pepper,6,1,3,0.8537666666666667,0.9211155665042347,0.8537666666666667,0.09615837452044308,3.442185863257921
actnerf,green_Pepper,6,1,4,0.9694666666666667,0.9844966488389412,0.9694666666666667,0.11911558848904395,2.4155953173780107
actnerf,green_Pepper,6,1,5,0.9822666666666666,0.991054012241878,0.9822666666666666,0.14219609191243898,2.22036304481888
actnerf,green_Pepper,8,2,0,0.36523333333333335,0.5350489537807945,0.36523333333333335,0.025331942046531053,12.868983621088702
actnerf,green_Pepper,8,2,1,0.6407,0.7810081062960932,0.6407,0.04846884375678051,6.450607911666864
actnerf,green_Pepper,8,2,2,0.7772,0.8746342561332433,0.7772,0.07063026359512535,4.261477403028461
actnerf,green_Pepper,8,2,3,0.8065666666666667,0.892927652822112,0.8065666666666667,0.09414094166243625,3.8116481328038865
actnerf,green_Pepper,8,2,4,0.9456,0.9720394736842105,0.9456,0.11785545729760975,2.480677070627541
actnerf,green_Pepper,8,2,5,0.9865666666666667,0.993237914660134,0.9865666666666667,0.1395450164483416,2.0856213027148893
actnerf,green_Pepper,12,1,0,0.4388666666666667,0.6100171431219015,0.4388666666666667,0.026339008079423288,12.471256091036384
actnerf,green_Pepper,12,1,1,0.6897,0.8163579333609516,0.6897,0.05263961730685374,5.985736558967263
actnerf,green_Pepper,12,1,2,0.7041,0.8263599554016783,0.7041,0.07664169915551848,5.646569523985599
actnerf,green_Pepper,12,1,3,0.8572666666666666,0.9231487131627122,0.8572666666666666,0.10171832974298638,3.386117953992666
actnerf,green_Pepper,12,1,4,0.9093333333333333,0.952513966480447,0.9093333333333333,0.12401022333281855,2.8379057686021842
actnerf,green_Pepper,12,1,5,0.9108,0.9533179819970693,0.9108,0.1446290739416575,2.7569033819456936
actnerf,green_Pepper,8,0,0,0.36523333333333335,0.5350489537807945,0.36523333333333335,0.025331942046531053,12.868983621088702
actnerf,green_Pepper,8,0,1,0.5714333333333333,0.7272765840103516,0.5714333333333333,0.050292034554914676,6.953371789645672
actnerf,green_Pepper,8,0,2,0.7922333333333333,0.8840738743095207,0.7922333333333333,0.07386227574286662,4.126810073959139
actnerf,green_Pepper,8,0,3,0.9261333333333334,0.961650283815589,0.9261333333333334,0.09621019701676174,2.7365460987048715
actnerf,green_Pepper,8,0,4,0.9461333333333334,0.9723211838859961,0.9461333333333334,0.11970179920685155,2.4720400604291854
actnerf,green_Pepper,8,0,5,0.9521333333333334,0.975479816952394,0.9521333333333334,0.1418451453506124,2.344695164703392
actnerf,green_Pepper,1,1,0,0.4439666666666667,0.6149264756804174,0.4439666666666667,0.026098971174773278,12.250528730115123
actnerf,green_Pepper,1,1,1,0.6078,0.7560641870879462,0.6078,0.051409734070936984,7.4467196929787765
actnerf,green_Pepper,1,1,2,0.818,0.8998899889988998,0.818,0.07794965884045664,3.92211675544056
actnerf,green_Pepper,1,1,3,0.9903666666666666,0.9951600207666929,0.9903666666666666,0.10213361589051324,2.358562134668854
actnerf,green_Pepper,1,1,4,0.9916,0.995782285599518,0.9916,0.12350595690601776,2.214841502940357
actnerf,green_Pepper,1,1,5,0.9925333333333334,0.996252676659529,0.9925333333333334,0.14422218770572548,2.1383269171571895
actnerf,green_Pepper,5,0,0,0.39636666666666664,0.567711441598434,0.39636666666666664,0.02514446323693746,13.301528368266233
actnerf,green_Pepper,5,0,1,0.5679333333333333,0.7244355627365108,0.5679333333333333,0.04848569717053167,9.162609465873553
actnerf,green_Pepper,5,0,2,0.6886666666666666,0.8156336360047374,0.6886666666666666,0.06861696005793902,5.993214637413291
actnerf,green_Pepper,5,0,3,0.9226666666666666,0.9597780859916781,0.9226666666666666,0.09367322548752405,2.823773458856411
actnerf,green_Pepper,5,0,4,0.9566666666666667,0.9778534923339013,0.9566666666666667,0.11801876499120974,2.4643596309875697
actnerf,green_Pepper,5,0,5,0.9812666666666666,0.9905447693394799,0.9812666666666666,0.13964617037333896,2.2332050161244448
actnerf,green_Pepper,4,2,0,0.4482,0.6189752796575059,0.4482,0.025980856380777725,12.612250569430781
actnerf,green_Pepper,4,2,1,0.6916,0.8176873965476472,0.6916,0.04989168163734964,5.378067427115578
actnerf,green_Pepper,4,2,2,0.9764666666666667,0.9880932303437111,0.9764666666666667,0.0766312023986491,2.587304648044715
actnerf,green_Pepper,4,2,3,0.9805,0.990154001514769,0.9805,0.10172676203305146,2.40981214996243
actnerf,green_Pepper,4,2,4,0.9852,0.992544831754987,0.9852,0.12353148051476394,2.2441158553929337
actnerf,green_Pepper,4,2,5,0.9925,0.9962358845671266,0.9925,0.1482490372581853,2.0697409892319625
actnerf,green_Pepper,11,0,0,0.45936666666666665,0.6295424956031155,0.45936666666666665,0.026636637493141675,10.568728323197364
actnerf,green_Pepper,11,0,1,0.7631333333333333,0.8656558399818506,0.7631333333333333,0.052977352944115666,4.416672885850464
actnerf,green_Pepper,11,0,2,0.9629,0.9810993937541393,0.9629,0.08014589998194946,2.616268154734485
actnerf,green_Pepper,11,0,3,0.9848,0.9923417976622331,0.9848,0.10254574762645059,2.3787389648253803
actnerf,green_Pepper,11,0,4,0.9905666666666667,0.9952609809601957,0.9905666666666667,0.12408401752772134,2.2402500952573616
actnerf,green_Pepper,11,0,5,0.9905666666666667,0.9952609809601957,0.9905666666666667,0.14109626004315487,2.1614166282777783
actnerf,green_Pepper,10,0,0,0.4332,0.6045213508233324,0.4332,0.02421220969372436,12.265874013302112
actnerf,green_Pepper,10,0,1,0.7510333333333333,0.8578172888389712,0.7510333333333333,0.05039424405692584,4.529423093182963
actnerf,green_Pepper,10,0,2,0.7643666666666666,0.8664487729307967,0.7643666666666666,0.07465258232393872,4.261522754116577
actnerf,green_Pepper,10,0,3,0.7752,0.8733663812528166,0.7752,0.0969692576351038,4.071689646365801
actnerf,green_Pepper,10,0,4,0.8434,0.9150482803515244,0.8434,0.11968787545041802,3.2865311272563
actnerf,green_Pepper,10,0,5,0.8697666666666667,0.9303478152354127,0.8697666666666667,0.14048355195980555,3.0259515482603567
actnerf,green_Pepper,3,0,0,0.44283333333333336,0.6138385121866697,0.44283333333333336,0.027600778660634248,12.72929795842355
actnerf,green_Pepper,3,0,1,0.6810333333333334,0.8102555967559636,0.6810333333333334,0.05444075065400561,5.696994689308607
actnerf,green_Pepper,3,0,2,0.6978,0.8220049475792202,0.6978,0.07831635857802396,5.303954529496817
actnerf,green_Pepper,3,0,3,0.7137,0.8329345859835444,0.7137,0.10003982576268844,5.092079495148576
actnerf,green_Pepper,3,0,4,0.7243666666666667,0.8401538729195261,0.7243666666666667,0.12067199649823943,4.869362627172919
actnerf,green_Pepper,3,0,5,0.7299,0.843863807156483,0.7299,0.1388830340774126,4.753015173557939
actnerf,green_Pepper,0,0,0,0.41563333333333335,0.5872047846664626,0.41563333333333335,0.026892788068556377,11.589115254350103
actnerf,green_Pepper,0,0,1,0.7490666666666667,0.8565330080805,0.7490666666666667,0.052416463744949446,4.796582930847066
actnerf,green_Pepper,0,0,2,0.768,0.8687782805429864,0.768,0.07540363341385162,4.498046072569395
actnerf,green_Pepper,0,0,3,0.9247333333333333,0.960895015759759,0.9247333333333333,0.10021570006371518,2.7504280999601245
actnerf,green_Pepper,0,0,4,0.9532,0.9760393200901085,0.9532,0.12505463812337902,2.4270781597211846
actnerf,green_Pepper,0,0,5,0.9929333333333333,0.9964541379541045,0.9929333333333333,0.1492411621601267,2.103209455179435
actnerf,green_Pepper,1,2,0,0.4439666666666667,0.6149264756804174,0.4439666666666667,0.026098971174773278,12.250528730115123
actnerf,green_Pepper,1,2,1,0.7012,0.8243592758053139,0.7012,0.052722120194072526,5.683498630933847
actnerf,green_Pepper,1,2,2,0.9564,0.9777141688816193,0.9564,0.0764954428676971,2.693675997536592
actnerf,green_Pepper,1,2,3,0.9712333333333333,0.9854067673368619,0.9712333333333333,0.09907513883436858,2.45282353166091
actnerf,green_Pepper,1,2,4,0.9712333333333333,0.9854067673368619,0.9712333333333333,0.12250654714018241,2.33972731123459
actnerf,green_Pepper,1,2,5,0.9712333333333333,0.9854067673368619,0.9712333333333333,0.14559792176243808,2.2705832562202932
actnerf,green_Pepper,5,1,0,0.39636666666666664,0.567711441598434,0.39636666666666664,0.02514446323693746,13.301528368266233
actnerf,green_Pepper,5,1,1,0.6359,0.7774313833363898,0.6359,0.05205323663471437,6.154977511722536
actnerf,green_Pepper,5,1,2,0.7944,0.8854213107445386,0.7944,0.07532491536563245,4.309305239056715
actnerf,green_Pepper,5,1,3,0.9783333333333334,0.9890480202190396,0.9783333333333334,0.10083008339306658,2.383245996984094
actnerf,green_Pepper,5,1,4,0.9803666666666667,0.9900860110080625,0.9803666666666667,0.12369928744453093,2.271635453511923
actnerf,green_Pepper,5,1,5,0.9946333333333334,0.9973094470161601,0.9946333333333334,0.14711920139962853,2.0852436498513938
actnerf,green_Pepper,13,0,0,0.3591,0.5284379368699874,0.3591,0.025173419059472523,14.995070579845732
actnerf,green_Pepper,13,0,1,0.6458666666666667,0.7848347375243033,0.6458666666666667,0.04469689866202939,5.6964230578129795
actnerf,green_Pepper,13,0,2,0.7037666666666667,0.8261303386613973,0.7037666666666667,0.062238510869377456,5.0887346814828
actnerf,green_Pepper,13,0,3,0.7227333333333333,0.839054216168105,0.7227333333333333,0.07862434023257656,4.8827248519000666
actnerf,green_Pepper,13,0,4,0.7581,0.8624082816677094,0.7581,0.10077409107417493,4.260496634776474
actnerf,green_Pepper,13,0,5,0.8108,0.895515794124144,0.8108,0.12267490145297354,3.594270590445256
actnerf,green_Pepper,0,2,0,0.41563333333333335,0.5872047846664626,0.41563333333333335,0.026892788068556377,11.589115254350103
actnerf,green_Pepper,0,2,1,0.7490666666666667,0.8565330080805,0.7490666666666667,0.052416463744949446,4.796582930847066
actnerf,green_Pepper,0,2,2,0.976,0.9878542510121457,0.976,0.07858803767811211,2.557082941815276
actnerf,green_Pepper,0,2,3,0.9847333333333333,0.9923079506902691,0.9847333333333333,0.10281277069776622,2.3957520319061385
actnerf,green_Pepper,0,2,4,0.9922333333333333,0.9961015275988422,0.9922333333333333,0.1265643796943355,2.183405378908869
actnerf,green_Pepper,0,2,5,0.9922333333333333,0.9961015275988422,0.9922333333333333,0.14788605352534498,2.10560676756958
actnerf,green_Pepper,9,1,0,0.4098333333333333,0.5813925995980612,0.4098333333333333,0.0237707732199727,12.201452464412887
actnerf,green_Pepper,9,1,1,0.6903,0.8167780867301662,0.6903,0.04932681579262718,4.918445141914281
actnerf,green_Pepper,9,1,2,0.7682666666666667,0.8689488764892173,0.7682666666666667,0.07282725767727781,4.018710610260523
actnerf,green_Pepper,9,1,3,0.8102333333333334,0.8951700517428692,0.8102333333333334,0.09275538485769813,3.5276986617396946
actnerf,green_Pepper,9,1,4,0.9587666666666667,0.9789493388696969,0.9587666666666667,0.11732490185287162,2.3938949251091546
actnerf,green_Pepper,9,1,5,0.9704,0.9849776695087291,0.9704,0.13960292792274323,2.243937393639172
actnerf,green_Pepper,11,1,0,0.45936666666666665,0.6295424956031155,0.45936666666666665,0.026636637493141675,10.568728323197364
actnerf,green_Pepper,11,1,1,0.7631333333333333,0.8656558399818506,0.7631333333333333,0.052977352944115666,4.416672885850464
actnerf,green_Pepper,11,1,2,0.7905,0.8829935772130689,0.7905,0.076803269760642,4.131405815733017
actnerf,green_Pepper,11,1,3,0.7964,0.88666221331552,0.7964,0.09840791069978552,4.020490941517551
actnerf,green_Pepper,11,1,4,0.8304333333333334,0.9073625553147706,0.8304333333333334,0.12256782360100524,3.68597821952012
actnerf,green_Pepper,11,1,5,0.8421666666666666,0.9143219035555958,0.8421666666666666,0.14450212709044152,3.527737881355269
actnerf,green_Pepper,9,0,0,0.4098333333333333,0.5813925995980612,0.4098333333333333,0.0237707732199727,12.201452464412887
actnerf,green_Pepper,9,0,1,0.6903,0.8167780867301662,0.6903,0.04932681579262718,4.918445141914281
actnerf,green_Pepper,9,0,2,0.7682666666666667,0.8689488764892173,0.7682666666666667,0.07282725767727781,4.018710610260523
actnerf,green_Pepper,9,0,3,0.8102333333333334,0.8951700517428692,0.8102333333333334,0.09275538485769813,3.5276986617396946
actnerf,green_Pepper,9,0,4,0.9587666666666667,0.9789493388696969,0.9587666666666667,0.11732490185287162,2.3938949251091546
actnerf,green_Pepper,9,0,5,0.9704,0.9849776695087291,0.9704,0.13960292792274323,2.243937393639172
actnerf,green_Pepper,2,0,0,0.4023,0.573771660842901,0.4023,0.024683568848033317,12.085366653609423
actnerf,green_Pepper,2,0,1,0.6903333333333334,0.8168014198382962,0.6903333333333334,0.048106224740901156,4.840648541543369
actnerf,green_Pepper,2,0,2,0.9311,0.9643208533996168,0.9311,0.07383360534964693,2.864315703822523
actnerf,green_Pepper,2,0,3,0.9558333333333333,0.9774179804005113,0.9558333333333333,0.09651611016430973,2.5835252878236328
actnerf,green_Pepper,2,0,4,0.9646,0.9819810648478062,0.9646,0.11937992127027205,2.392342663340227
actnerf,green_Pepper,2,0,5,0.9861,0.9930013594481647,0.9861,0.14417816571266978,2.1281178559696152
actnerf,green_Pepper,12,0,0,0.4388666666666667,0.6100171431219015,0.4388666666666667,0.026339008079423288,12.471256091036384
actnerf,green_Pepper,12,0,1,0.5710333333333333,0.7269525365470709,0.5710333333333333,0.05016673014709298,8.96112689390758
actnerf,green_Pepper,12,0,2,0.7955333333333333,0.8861248282775778,0.7955333333333333,0.07672434428423362,4.506564121974676
actnerf,green_Pepper,12,0,3,0.9037666666666667,0.9494510881935811,0.9037666666666667,0.09505632030111805,3.0347833279163963
actnerf,green_Pepper,12,0,4,0.9964666666666666,0.9982302066985007,0.9964666666666666,0.12041048402757676,2.197082591446971
actnerf,green_Pepper,12,0,5,0.9969,0.998447593770344,0.9969,0.14285881023928207,2.080310238267015
actnerf,green_Pepper,4,1,0,0.4482,0.6189752796575059,0.4482,0.025980856380777725,12.612250569430781
actnerf,green_Pepper,4,1,1,0.5795666666666667,0.7338299533627367,0.5795666666666667,0.04799877276187378,8.449945171374605
actnerf,green_Pepper,4,1,2,0.7152,0.8339552238805971,0.7152,0.07096705739929597,5.6011741442139105
actnerf,green_Pepper,4,1,3,0.9357,0.9667820426719016,0.9357,0.09697625507497272,2.665737979071981
actnerf,green_Pepper,4,1,4,0.9403666666666667,0.9692669770318324,0.9403666666666667,0.11542980888113484,2.541396952761048
actnerf,green_Pepper,4,1,5,0.9467666666666666,0.9726555142715272,0.9467666666666666,0.1336661659740152,2.444417258561581
actnerf,green_Pepper,4,0,0,0.4482,0.6189752796575059,0.4482,0.025980856380777725,12.612250569430781
actnerf,green_Pepper,4,0,1,0.6916,0.8176873965476472,0.6916,0.04989168163734964,5.378067427115578
actnerf,green_Pepper,4,0,2,0.9764666666666667,0.9880932303437111,0.9764666666666667,0.0766312023986491,2.587304648044715
actnerf,green_Pepper,4,0,3,0.9817,0.9907655043649392,0.9817,0.09828713692960518,2.418855061056245
actnerf,green_Pepper,4,0,4,0.9864,0.9931534434152235,0.9864,0.11895786427141378,2.2784321171422874
actnerf,green_Pepper,4,0,5,0.9876333333333334,0.9937781951734894,0.9876333333333334,0.1380659228121267,2.2001987126252818
actnerf,green_Pepper,7,0,0,0.43546666666666667,0.6067248746052387,0.43546666666666667,0.027815744430831364,13.01843863536694
actnerf,green_Pepper,7,0,1,0.6639333333333334,0.7980287671781722,0.6639333333333334,0.05061822982107176,5.41934175153451
actnerf,green_Pepper,7,0,2,0.9721333333333333,0.9858697856804813,0.9721333333333333,0.07706949539501383,2.605039755263707
actnerf,green_Pepper,7,0,3,0.9871,0.9935081274218711,0.9871,0.1008536353512336,2.395368508580631
actnerf,green_Pepper,7,0,4,0.9894,0.9946717603297477,0.9894,0.12305630613719216,2.217271734087794
actnerf,green_Pepper,7,0,5,0.9983,0.9991492768853525,0.9983,0.14627565350619615,2.0278650153913067
actnerf,green_Pepper,9,2,0,0.4098333333333333,0.5813925995980612,0.4098333333333333,0.0237707732199727,12.201452464412887
actnerf,green_Pepper,9,2,1,0.6903,0.8167780867301662,0.6903,0.04932681579262718,4.918445141914281
actnerf,green_Pepper,9,2,2,0.9378333333333333,0.9679194977208222,0.9378333333333333,0.0763835796423526,2.7826922316320415
actnerf,green_Pepper,9,2,3,0.9511,0.9749372149044129,0.9511,0.09847344622748624,2.5352739849673775
actnerf,green_Pepper,9,2,4,0.9547,0.9768250882488362,0.9547,0.12048420941938273,2.4209629406985385
actnerf,green_Pepper,9,2,5,0.9588,0.9789667143148866,0.9588,0.14047077336657518,2.3227235966853845
actnerf,green_Pepper,1,0,0,0.4439666666666667,0.6149264756804174,0.4439666666666667,0.026098971174773278,12.250528730115123
actnerf,green_Pepper,1,0,1,0.7012,0.8243592758053139,0.7012,0.052722120194072526,5.683498630933847
actnerf,green_Pepper,1,0,2,0.7231666666666666,0.8393461650062868,0.7231666666666666,0.0762808144381467,5.102819634764962
actnerf,green_Pepper,1,0,3,0.7351666666666666,0.8473729708961675,0.7351666666666666,0.09835840539988693,4.945305454672031
actnerf,green_Pepper,1,0,4,0.7708,0.8705669753783601,0.7708,0.12113687475185862,4.587861100057722
actnerf,green_Pepper,1,0,5,0.7774,0.8747608866884212,0.7774,0.1413825279903201,4.462144606492731
actnerf,green_Pepper,14,1,0,0.4315,0.6028641285365002,0.4315,0.02698450674092895,12.708708679396299
actnerf,green_Pepper,14,1,1,0.7278666666666667,0.8425032795740413,0.7278666666666667,0.05424777965992533,4.910882034163452
actnerf,green_Pepper,14,1,2,0.9703,0.9849261533776583,0.9703,0.08005698908980653,2.555956388043908
actnerf,green_Pepper,14,1,3,0.9779333333333333,0.9888435741009134,0.9779333333333333,0.10325510852330551,2.4004472361685747
actnerf,green_Pepper,14,1,4,0.9783666666666667,0.9890650536637968,0.9783666666666667,0.12341856550032182,2.3295539640280736
actnerf,green_Pepper,14,1,5,0.9803333333333333,0.99006901195085,0.9803333333333333,0.14460555941033273,2.20066042471451
actnerf,green_Pepper,2,2,0,0.4023,0.573771660842901,0.4023,0.024683568848033317,12.085366653609423
actnerf,green_Pepper,2,2,1,0.6903333333333334,0.8168014198382962,0.6903333333333334,0.048106224740901156,4.840648541543369
actnerf,green_Pepper,2,2,2,0.9311,0.9643208533996168,0.9311,0.07383360534964693,2.864315703822523
actnerf,green_Pepper,2,2,3,0.9559,0.977452835012015,0.9559,0.09773204056218493,2.5742126285689952
actnerf,green_Pepper,2,2,4,0.9785666666666667,0.9891672422797649,0.9785666666666667,0.12327698635527186,2.284877841656662
actnerf,green_Pepper,2,2,5,0.9785666666666667,0.9891672422797649,0.9785666666666667,0.14723526981271734,2.2107640729713665
actnerf,green_Pepper,6,0,0,0.3943333333333333,0.5656227587855606,0.3943333333333333,0.025102028846483184,14.880376036351883
actnerf,green_Pepper,6,0,1,0.42533333333333334,0.5968194574368569,0.42533333333333334,0.04813444364159448,13.823698338276959
actnerf,green_Pepper,6,0,2,0.7719,0.8712681302556577,0.7719,0.0737378263460584,4.744304403896928
actnerf,green_Pepper,6,0,3,0.9767333333333333,0.9882297393005296,0.9767333333333333,0.09892241660526493,2.4411084760242336
actnerf,green_Pepper,6,0,4,0.9815,0.9906636386575827,0.9815,0.12207642672269312,2.295036526020523
actnerf,green_Pepper,6,0,5,0.995,0.9974937343358395,0.995,0.14610647810591773,2.072805730708067
actnerf,green_Pepper,10,1,0,0.4332,0.6045213508233324,0.4332,0.02421220969372436,12.265874013302112
actnerf,green_Pepper,10,1,1,0.6167333333333334,0.7629376108201724,0.6167333333333334,0.04870562951757159,7.454920185550983
actnerf,green_Pepper,10,1,2,0.7119333333333333,0.8317302075625997,0.7119333333333333,0.07379527792089509,5.406208666532735
actnerf,green_Pepper,10,1,3,0.7311666666666666,0.8447097333204967,0.7311666666666666,0.0969053741930719,5.120091941980088
actnerf,green_Pepper,10,1,4,0.7419333333333333,0.8518504343832524,0.7419333333333333,0.11691506474782712,4.949596893417528
actnerf,green_Pepper,10,1,5,0.747,0.8551803091013166,0.747,0.13489693629009838,4.849883775910727
actnerf,green_Pepper,13,2,0,0.3591,0.5284379368699874,0.3591,0.025173419059472523,14.995070579845732
actnerf,green_Pepper,13,2,1,0.6458666666666667,0.7848347375243033,0.6458666666666667,0.04469689866202939,5.6964230578129795
actnerf,green_Pepper,13,2,2,0.7037666666666667,0.8261303386613973,0.7037666666666667,0.062238510869377456,5.0887346814828
actnerf,green_Pepper,13,2,3,0.8078666666666666,0.893723725938491,0.8078666666666666,0.08348492964233765,3.622981999309726
actnerf,green_Pepper,13,2,4,0.8952666666666667,0.9447395265398009,0.8952666666666667,0.10692947879353051,2.8152344507056504
actnerf,green_Pepper,13,2,5,0.9714333333333334,0.985509696836481,0.9714333333333334,0.1307215072173021,2.2778669355747074
actnerf,green_Pepper,0,1,0,0.41563333333333335,0.5872047846664626,0.41563333333333335,0.026892788068556377,11.589115254350103
actnerf,green_Pepper,0,1,1,0.7490666666666667,0.8565330080805,0.7490666666666667,0.052416463744949446,4.796582930847066
actnerf,green_Pepper,0,1,2,0.976,0.9878542510121457,0.976,0.07858803767811211,2.557082941815276
actnerf,green_Pepper,0,1,3,0.9839,0.9918846716064318,0.9839,0.10198443008486685,2.375064830720019
actnerf,green_Pepper,0,1,4,0.9840666666666666,0.9919693558684184,0.9840666666666666,0.1254167453181377,2.263041150578195
actnerf,green_Pepper,0,1,5,0.9928,0.9963869931754317,0.9928,0.14774479490602074,2.086552793612433
actnerf,green_Pepper,3,1,0,0.44283333333333336,0.6138385121866697,0.44283333333333336,0.027600778660634248,12.72929795842355
actnerf,green_Pepper,3,1,1,0.6810333333333334,0.8102555967559636,0.6810333333333334,0.05444075065400561,5.696994689308607
actnerf,green_Pepper,3,1,2,0.7504333333333333,0.8574257802829776,0.7504333333333333,0.07698482212121278,4.694897345472991
actnerf,green_Pepper,3,1,3,0.7596666666666667,0.8634211024815306,0.7596666666666667,0.09813142270965544,4.49018606759862
actnerf,green_Pepper,3,1,4,0.9015666666666666,0.9482356653285887,0.9015666666666666,0.12092417433932634,2.929964594743784
actnerf,green_Pepper,3,1,5,0.9072333333333333,0.9513606096090322,0.9072333333333333,0.14130516605210133,2.7895374138987914
actnerf,green_Pepper,14,2,0,0.4315,0.6028641285365002,0.4315,0.02698450674092895,12.708708679396299
actnerf,green_Pepper,14,2,1,0.7278666666666667,0.8425032795740413,0.7278666666666667,0.05424777965992533,4.910882034163452
actnerf,green_Pepper,14,2,2,0.7521333333333333,0.8585343581158207,0.7521333333333333,0.07881710417098046,4.558900592004471
actnerf,green_Pepper,14,2,3,0.7672333333333333,0.8682875304147726,0.7672333333333333,0.10116919692593347,4.390349987057832
actnerf,green_Pepper,14,2,4,0.7793333333333333,0.8759835144248783,0.7793333333333333,0.1212380467675693,4.190087001887249
actnerf,green_Pepper,14,2,5,0.8954666666666666,0.9448508722566122,0.8954666666666666,0.14027027803305409,2.8314163968279993
actnerf,green_Pepper,10,2,0,0.4332,0.6045213508233324,0.4332,0.02421220969372436,12.265874013302112
actnerf,green_Pepper,10,2,1,0.6167333333333334,0.7629376108201724,0.6167333333333334,0.04870562951757159,7.454920185550983
actnerf,green_Pepper,10,2,2,0.7119333333333333,0.8317302075625997,0.7119333333333333,0.07379527792089509,5.406208666532735
actnerf,green_Pepper,10,2,3,0.7311666666666666,0.8447097333204967,0.7311666666666666,0.0969053741930719,5.120091941980088
actnerf,green_Pepper,10,2,4,0.8362333333333334,0.9108138036197289,0.8362333333333334,0.11995896847988752,3.573631776291862
actnerf,green_Pepper,10,2,5,0.8540666666666666,0.9212901369961526,0.8540666666666666,0.14127610039771601,3.3506782805608584
actnerf,green_Pepper,5,2,0,0.39636666666666664,0.567711441598434,0.39636666666666664,0.02514446323693746,13.301528368266233
actnerf,green_Pepper,5,2,1,0.6359,0.7774313833363898,0.6359,0.05205323663471437,6.154977511722536
actnerf,green_Pepper,5,2,2,0.8841666666666667,0.9385227775320654,0.8841666666666667,0.07771805848866159,3.0975149104811313
actnerf,green_Pepper,5,2,3,0.8975333333333333,0.946000070266662,0.8975333333333333,0.10123856325662677,2.898589571784954
actnerf,green_Pepper,5,2,4,0.8998,0.9472576060637963,0.8998,0.12167227513875238,2.801501685908273
actnerf,green_Pepper,5,2,5,0.9163333333333333,0.9563402330840146,0.9163333333333333,0.14187152329365407,2.626780407333349
actnerf,green_Pepper,3,2,0,0.44283333333333336,0.6138385121866697,0.44283333333333336,0.027600778660634248,12.72929795842355
actnerf,green_Pepper,3,2,1,0.5444333333333333,0.7050266548680206,0.5444333333333333,0.04715083597613015,9.3254276033375
actnerf,green_Pepper,3,2,2,0.7526,0.8588382973867397,0.7526,0.07198666728297042,4.661971611725972
actnerf,green_Pepper,3,2,3,0.9665,0.9829646580218663,0.9665,0.0952006638876612,2.511118588292083
actnerf,green_Pepper,3,2,4,0.9742,0.9869314152568128,0.9742,0.1169706462825603,2.352464277044279
actnerf,green_Pepper,3,2,5,0.9766,0.9881614894262877,0.9766,0.13650651757264057,2.2688167493626032
actnerf,green_Pepper,12,2,0,0.4388666666666667,0.6100171431219015,0.4388666666666667,0.026339008079423288,12.471256091036384
actnerf,green_Pepper,12,2,1,0.5710333333333333,0.7269525365470709,0.5710333333333333,0.05016673014709298,8.96112689390758
actnerf,green_Pepper,12,2,2,0.7955333333333333,0.8861248282775778,0.7955333333333333,0.07672434428423362,4.506564121974676
actnerf,green_Pepper,12,2,3,0.8096666666666666,0.8948240928347762,0.8096666666666666,0.10084614443438164,4.164208494458837
actnerf,green_Pepper,12,2,4,0.9526666666666667,0.9757596449300103,0.9526666666666667,0.12406473589186415,2.513191426350609
actnerf,green_Pepper,12,2,5,0.9562333333333334,0.9776270724351219,0.9562333333333334,0.14453132318939743,2.381192663985758
actnerf,green_Pepper,7,1,0,0.43546666666666667,0.6067248746052387,0.43546666666666667,0.027815744430831364,13.01843863536694
actnerf,green_Pepper,7,1,1,0.6639333333333334,0.7980287671781722,0.6639333333333334,0.05061822982107176,5.41934175153451
actnerf,green_Pepper,7,1,2,0.9721333333333333,0.9858697856804813,0.9721333333333333,0.07706949539501383,2.605039755263707
actnerf,green_Pepper,7,1,3,0.9755333333333334,0.9876151587756893,0.9755333333333334,0.09994894090487111,2.4209108862535067
actnerf,green_Pepper,7,1,4,0.9807666666666667,0.990289955067903,0.9807666666666667,0.1212149455679711,2.2788882186495805
actnerf,green_Pepper,7,1,5,0.9807666666666667,0.990289955067903,0.9807666666666667,0.14171555303615813,2.1971709928318868
actnerf,green_Pepper,7,2,0,0.43546666666666667,0.6067248746052387,0.43546666666666667,0.027815744430831364,13.01843863536694
actnerf,green_Pepper,7,2,1,0.6639333333333334,0.7980287671781722,0.6639333333333334,0.05061822982107176,5.41934175153451
actnerf,green_Pepper,7,2,2,0.9721333333333333,0.9858697856804813,0.9721333333333333,0.07706949539501383,2.605039755263707
actnerf,green_Pepper,7,2,3,0.9755333333333334,0.9876151587756893,0.9755333333333334,0.09994894090487111,2.4209108862535067
actnerf,green_Pepper,7,2,4,0.9773666666666667,0.9885538005090946,0.9773666666666667,0.12235957872922981,2.3223395498751556
actnerf,green_Pepper,7,2,5,0.9954666666666667,0.9977281838834692,0.9954666666666667,0.14606879435898612,2.063519246974889
actnerf,green_Pepper,13,1,0,0.3591,0.5284379368699874,0.3591,0.025173419059472523,14.995070579845732
actnerf,green_Pepper,13,1,1,0.5437333333333333,0.7044394541371566,0.5437333333333333,0.05020875770686133,9.546515716129937
actnerf,green_Pepper,13,1,2,0.7809333333333334,0.8769933368271318,0.7809333333333334,0.07042412382649342,4.466919071028986
actnerf,green_Pepper,13,1,3,0.7992,0.8883948421520677,0.7992,0.08867839487571033,4.205469188302408
actnerf,green_Pepper,13,1,4,0.9021666666666667,0.9485674231139929,0.9021666666666667,0.11227670184028136,2.965528473409257
actnerf,green_Pepper,13,1,5,0.9884666666666667,0.9941998860093205,0.9884666666666667,0.13696268218932373,2.2110838169287104
actnerf,green_Pepper,2,1,0,0.4023,0.573771660842901,0.4023,0.024683568848033317,12.085366653609423
actnerf,green_Pepper,2,1,1,0.6903333333333334,0.8168014198382962,0.6903333333333334,0.048106224740901156,4.840648541543369
actnerf,green_Pepper,2,1,2,0.7273,0.8421235454177038,0.7273,0.06879609809124378,4.453034869817298
actnerf,green_Pepper,2,1,3,0.8291666666666667,0.9066059225512529,0.8291666666666667,0.0934851508097054,3.3896662653524547
actnerf,green_Pepper,2,1,4,0.9601333333333333,0.9796612475341813,0.9601333333333333,0.11681374927553656,2.485677645743696
actnerf,green_Pepper,2,1,5,0.9776,0.988673139158576,0.9776,0.13716945915998305,2.2441162095842526
actnerf,green_Pepper,6,2,0,0.3943333333333333,0.5656227587855606,0.3943333333333333,0.025102028846483184,14.880376036351883
actnerf,green_Pepper,6,2,1,0.5455666666666666,0.7059762330968145,0.5455666666666666,0.04849494634709849,9.192839627117129
actnerf,green_Pepper,6,2,2,0.6662333333333333,0.7996879188589032,0.6662333333333333,0.07241384398274575,6.275276426961586
actnerf,green_Pepper,6,2,3,0.8537666666666667,0.9211155665042347,0.8537666666666667,0.09615837452044308,3.442185863257921
actnerf,green_Pepper,6,2,4,0.9694666666666667,0.9844966488389412,0.9694666666666667,0.11911558848904395,2.4155953173780107
actnerf,green_Pepper,6,2,5,0.9706666666666667,0.9851150202976996,0.9706666666666667,0.13955232378478263,2.318808038813451
actnerf,green_Pepper,8,1,0,0.36523333333333335,0.5350489537807945,0.36523333333333335,0.025331942046531053,12.868983621088702
actnerf,green_Pepper,8,1,1,0.6407,0.7810081062960932,0.6407,0.04846884375678051,6.450607911666864
actnerf,green_Pepper,8,1,2,0.7772,0.8746342561332433,0.7772,0.07063026359512535,4.261477403028461
actnerf,green_Pepper,8,1,3,0.7923333333333333,0.8841361353914823,0.7923333333333333,0.0920223965746791,3.987861129146985
actnerf,green_Pepper,8,1,4,0.7992,0.8883948421520677,0.7992,0.1117772506483874,3.8589183613128712
actnerf,green_Pepper,8,1,5,0.8019333333333334,0.8900810240852418,0.8019333333333334,0.13053937949240724,3.778928605075679
actnerf,green_Pepper,11,2,0,0.45936666666666665,0.6295424956031155,0.45936666666666665,0.026636637493141675,10.568728323197364
actnerf,green_Pepper,11,2,1,0.7631333333333333,0.8656558399818506,0.7631333333333333,0.052977352944115666,4.416672885850464
actnerf,green_Pepper,11,2,2,0.7905,0.8829935772130689,0.7905,0.076803269760642,4.131405815733017
actnerf,green_Pepper,11,2,3,0.7964,0.88666221331552,0.7964,0.09840791069978552,4.020490941517551
actnerf,green_Pepper,11,2,4,0.8501333333333333,0.9189968290573651,0.8501333333333333,0.12075916232834065,3.5530722345159216
actnerf,green_Pepper,11,2,5,0.8542,0.9213677057491101,0.8542,0.14476096436987188,3.4086759394554544
actnerf,Corner,14,0,0,0.38693333333333335,0.5579696212266871,0.38693333333333335,0.012567667090866827,12.521160153597835
actnerf,Corner,14,0,1,0.648,0.7864077669902912,0.648,0.02665140804362847,5.765797925582182
actnerf,Corner,14,0,2,0.8055333333333333,0.8922940590038031,0.8055333333333333,0.04153002703357686,4.0485283288571265
actnerf,Corner,14,0,3,0.9875,0.9937106918238994,0.9875,0.055549933427400416,2.792757040689551
actnerf,Corner,14,0,4,0.9916666666666667,0.99581589958159,0.9916666666666667,0.06878913478315475,2.6157172053395894
actnerf,Corner,14,0,5,1.0,1.0,1.0,0.08163733187916333,2.420703851584749
actnerf,Corner,6,1,0,0.5203,0.6844701703611129,0.5203,0.016433290179153834,8.031489218554862
actnerf,Corner,6,1,1,0.6557666666666667,0.7921003361987399,0.6557666666666667,0.028897261340448677,5.866304105582936
actnerf,Corner,6,1,2,0.8471666666666666,0.9172606694938193,0.8471666666666666,0.04171149065204143,3.8795095313305246
actnerf,Corner,6,1,3,0.8778,0.9349238470550644,0.8778,0.053919639576125486,3.637575959862112
actnerf,Corner,6,1,4,0.8886333333333334,0.9410331986092236,0.8886333333333334,0.06495022082980399,3.501363984883785
actnerf,Corner,6,1,5,0.9831666666666666,0.9915118917556097,0.9831666666666666,0.07817188269563946,2.729585783942314
actnerf,Corner,8,2,0,0.38356666666666667,0.5544606933770208,0.38356666666666667,0.01395916252323968,11.70388509831981
actnerf,Corner,8,2,1,0.4847,0.6529265171415101,0.4847,0.02535803274553198,9.060804917216359
actnerf,Corner,8,2,2,0.7012,0.8243592758053139,0.7012,0.03749252399616283,5.132436420824609
actnerf,Corner,8,2,3,0.9063,0.9508471908933537,0.9063,0.052150304405670346,3.330378651963225
actnerf,Corner,8,2,4,0.9132666666666667,0.9546674100142862,0.9132666666666667,0.06314583564734681,3.172940273192869
actnerf,Corner,8,2,5,1.0,1.0,1.0,0.0763093900600957,2.479379210896842
actnerf,Corner,12,1,0,0.43456666666666666,0.6058507795617725,0.43456666666666666,0.014781233655200033,11.826784065384734
actnerf,Corner,12,1,1,0.6418666666666667,0.7818742894266689,0.6418666666666667,0.027420544827119978,6.299274868150164
actnerf,Corner,12,1,2,0.8519,0.9200280792699389,0.8519,0.042380515929029874,3.660822801817703
actnerf,Corner,12,1,3,0.8749333333333333,0.9332954060588821,0.8749333333333333,0.055911969553733724,3.4521183667122273
actnerf,Corner,12,1,4,0.9150333333333334,0.9556317557570799,0.9150333333333334,0.06961274798236868,3.090742450439483
actnerf,Corner,12,1,5,0.9150333333333334,0.9556317557570799,0.9150333333333334,0.0820877119857806,3.012688314008194
actnerf,Corner,8,0,0,0.38356666666666667,0.5544606933770208,0.38356666666666667,0.01395916252323968,11.70388509831981
actnerf,Corner,8,0,1,0.4847,0.6529265171415101,0.4847,0.02535803274553198,9.060804917216359
actnerf,Corner,8,0,2,0.6399,0.780413439843893,0.6399,0.03854552193369191,6.585947681888281
actnerf,Corner,8,0,3,0.7931666666666667,0.884654707686588,0.7931666666666667,0.05072726711584424,4.124165084626797
actnerf,Corner,8,0,4,0.8349333333333333,0.9100421450370586,0.8349333333333333,0.06221648633651442,3.8459459892199788
actnerf,Corner,8,0,5,0.9388,0.9684340829378997,0.9388,0.07468951160617922,2.9704485854963543
actnerf,Corner,1,1,0,0.4516,0.6222099751997796,0.4516,0.01595855135772935,9.70997395613225
actnerf,Corner,1,1,1,0.5695333333333333,0.7257358875249544,0.5695333333333333,0.027473984605190568,7.027253483343246
actnerf,Corner,1,1,2,0.7911333333333334,0.883388543566457,0.7911333333333334,0.04249924939699175,4.377661032850999
actnerf,Corner,1,1,3,0.8001333333333334,0.8889711873194578,0.8001333333333334,0.05660996148189395,4.186685869645461
actnerf,Corner,1,1,4,0.8566,0.9227620381342239,0.8566,0.06975933923608296,3.75269182222743
actnerf,Corner,1,1,5,0.8577666666666667,0.9234385373118261,0.8577666666666667,0.08204743432361004,3.6754113956078833
actnerf,Corner,5,0,0,0.36446666666666666,0.5342258269409292,0.36446666666666666,0.0129417950528062,10.475861600924848
actnerf,Corner,5,0,1,0.5321666666666667,0.6946589796584358,0.5321666666666667,0.02380074951101583,6.75166483383048
actnerf,Corner,5,0,2,0.6972666666666667,0.8216347853411368,0.6972666666666667,0.036337426901159986,4.734109321561727
actnerf,Corner,5,0,3,0.7965333333333333,0.8867448419177676,0.7965333333333333,0.04782478441248739,3.914763075249363
actnerf,Corner,5,0,4,0.9036666666666666,0.9493959026440203,0.9036666666666666,0.05939329467408161,3.1506179556828235
actnerf,Corner,5,0,5,0.9080333333333334,0.9518002830139235,0.9080333333333334,0.07036155363600412,3.0575649294331524
actnerf,Corner,4,2,0,0.47933333333333333,0.6480396575033799,0.47933333333333333,0.01487784886162602,8.610552917578
actnerf,Corner,4,2,1,0.8148333333333333,0.8979704288731748,0.8148333333333333,0.029658974204679733,4.484755381257187
actnerf,Corner,4,2,2,0.9909,0.9954292028730726,0.9909,0.04341934344602779,2.8829138262206397
actnerf,Corner,4,2,3,0.9935666666666667,0.9967729529988129,0.9935666666666667,0.05618296152681399,2.7363598311550517
actnerf,Corner,4,2,4,0.9991,0.999549797408834,0.9991,0.06820100225988396,2.638510178458844
actnerf,Corner,4,2,5,0.9995,0.9997499374843711,0.9995,0.08029575694067252,2.5507817475186028
actnerf,Corner,11,0,0,0.4476,0.6184028737220226,0.4476,0.014843439403552703,12.073294184450113
actnerf,Corner,11,0,1,0.7395666666666667,0.8502883859965126,0.7395666666666667,0.027561277020148253,5.0207251805065045
actnerf,Corner,11,0,2,0.7534666666666666,0.8594023268192532,0.7534666666666666,0.0386702611389834,4.772073199260969
actnerf,Corner,11,0,3,0.9119666666666667,0.9539566589375686,0.9119666666666667,0.05297169148117039,3.1911300515929666
actnerf,Corner,11,0,4,0.9956333333333334,0.99781188929162,0.9956333333333334,0.06674678802341644,2.707418870213419
actnerf,Corner,11,0,5,0.9965333333333334,0.9982636570054763,0.9965333333333334,0.07902694518887467,2.5537873948879612
actnerf,Corner,10,0,0,0.4769,0.6458121741485543,0.4769,0.016179064632805214,9.349066289738877
actnerf,Corner,10,0,1,0.7325666666666667,0.845643265290417,0.7325666666666667,0.030917603346097056,5.088697368668499
actnerf,Corner,10,0,2,0.7608333333333334,0.8641741599621392,0.7608333333333334,0.04399881060816214,4.864634192558554
actnerf,Corner,10,0,3,0.7852,0.8796773470759578,0.7852,0.05570800080532448,4.682354368324046
actnerf,Corner,10,0,4,0.7949666666666667,0.8857731805604561,0.7949666666666667,0.06979401904262363,4.497364416793492
actnerf,Corner,10,0,5,0.7979333333333334,0.8876117023248916,0.7979333333333334,0.08286443038376337,4.419384631896391
actnerf,Corner,3,0,0,0.43896666666666667,0.6101137390256897,0.43896666666666667,0.013977482509515853,10.84321144462836
actnerf,Corner,3,0,1,0.7293,0.8434626727577633,0.7293,0.026654441719288748,4.940726980188801
actnerf,Corner,3,0,2,0.7783,0.8753303717033122,0.7783,0.037944450615567386,4.418626077380689
actnerf,Corner,3,0,3,0.8039,0.8912910915239203,0.8039,0.04841190321345668,4.236768762194896
actnerf,Corner,3,0,4,0.9249,0.9609849862330511,0.9249,0.059860820140544266,3.199679391762986
actnerf,Corner,3,0,5,0.9364333333333333,0.967173325529754,0.9364333333333333,0.07007807197799429,3.0255553714780823
actnerf,Corner,0,0,0,0.3607666666666667,0.5302403057100165,0.3607666666666667,0.014667440564133464,12.919465906677631
actnerf,Corner,0,0,1,0.6985666666666667,0.822536648546814,0.6985666666666667,0.028441481707008963,5.769010129217742
actnerf,Corner,0,0,2,0.7287666666666667,0.8431058750939977,0.7287666666666667,0.041077093743430805,5.0894021625861114
actnerf,Corner,0,0,3,0.7602333333333333,0.8637869979358797,0.7602333333333333,0.05280887181014441,4.584271794534534
actnerf,Corner,0,0,4,0.9135,0.9547948784949046,0.9135,0.06488976772526953,3.1456630320771497
actnerf,Corner,0,0,5,0.971,0.9852866565195332,0.971,0.07753491016681287,2.6914324933048017
actnerf,Corner,1,2,0,0.4516,0.6222099751997796,0.4516,0.01595855135772935,9.70997395613225
actnerf,Corner,1,2,1,0.7881333333333334,0.8815151741108046,0.7881333333333334,0.03105860758829179,4.555416357314767
actnerf,Corner,1,2,2,0.9789666666666667,0.9893715575468679,0.9789666666666667,0.04510168397814961,2.874140692034033
actnerf,Corner,1,2,3,0.9981666666666666,0.9990824922845942,0.9981666666666666,0.05778649369659613,2.660598746644354
actnerf,Corner,1,2,4,0.9983666666666666,0.9991826658437724,0.9983666666666666,0.07034725133406615,2.570385251204254
actnerf,Corner,1,2,5,0.9984,0.9991993594875901,0.9984,0.08189446168402999,2.5160287683286975
actnerf,Corner,5,1,0,0.36446666666666666,0.5342258269409292,0.36446666666666666,0.0129417950528062,10.475861600924848
actnerf,Corner,5,1,1,0.5931333333333333,0.7446122944302632,0.5931333333333333,0.026871333160864527,5.879157665320503
actnerf,Corner,5,1,2,0.7513666666666666,0.8580346776802877,0.7513666666666666,0.03973323142996125,4.289983672720755
actnerf,Corner,5,1,3,0.9744666666666667,0.9870682378363778,0.9744666666666667,0.05296182034966528,2.8522145321313075
actnerf,Corner,5,1,4,0.9954666666666667,0.9977281838834692,0.9954666666666667,0.0674325819982129,2.5640711303327137
actnerf,Corner,5,1,5,1.0,1.0,1.0,0.08086029001247393,2.411586954331439
actnerf,Corner,13,0,0,0.4222,0.5937280270004218,0.4222,0.015361696013389875,12.936697017315383
actnerf,Corner,13,0,1,0.7331666666666666,0.8460428887393019,0.7331666666666666,0.02728870285187729,5.538462073503931
actnerf,Corner,13,0,2,0.7674333333333333,0.8684155932331252,0.7674333333333333,0.040827384879305234,4.771144747337404
actnerf,Corner,13,0,3,0.7819333333333334,0.877623554940327,0.7819333333333334,0.05374835313895927,4.278842472923482
actnerf,Corner,13,0,4,0.9062,0.9507921519252963,0.9062,0.06794053840912903,3.144497934369032
actnerf,Corner,13,0,5,0.9070666666666667,0.951268964552891,0.9070666666666667,0.08085020007463538,3.044829066355553
actnerf,Corner,0,2,0,0.3607666666666667,0.5302403057100165,0.3607666666666667,0.014667440564133464,12.919465906677631
actnerf,Corner,0,2,1,0.6985666666666667,0.822536648546814,0.6985666666666667,0.028441481707008963,5.769010129217742
actnerf,Corner,0,2,2,0.7287666666666667,0.8431058750939977,0.7287666666666667,0.041077093743430805,5.0894021625861114
actnerf,Corner,0,2,3,0.8686666666666667,0.9297181591152337,0.8686666666666667,0.05258560484153653,3.5153786610294144
actnerf,Corner,0,2,4,0.8763,0.9340723764856366,0.8763,0.06337337090688941,3.4080921702536
actnerf,Corner,0,2,5,0.8788666666666667,0.9355285100947379,0.8788666666666667,0.07308209326449429,3.35177516999227
actnerf,Corner,9,1,0,0.5075,0.6733001658374793,0.5075,0.015302807699686444,11.693090626552518
actnerf,Corner,9,1,1,0.6523666666666667,0.7896148958060156,0.6523666666666667,0.026459383772577144,5.787767216896512
actnerf,Corner,9,1,2,0.8321333333333333,0.9083763918201004,0.8321333333333333,0.040014796819630154,4.043127160185875
actnerf,Corner,9,1,3,0.8465,0.9168697535878689,0.8465,0.05341330301190639,3.8415850995506133
actnerf,Corner,9,1,4,0.8488333333333333,0.918236725863157,0.8488333333333333,0.0651073210826257,3.7516525789101585
actnerf,Corner,9,1,5,0.8523,0.9202612967661825,0.8523,0.0759729156000036,3.6819412753438527
actnerf,Corner,11,1,0,0.4476,0.6184028737220226,0.4476,0.014843439403552703,12.073294184450113
actnerf,Corner,11,1,1,0.7395666666666667,0.8502883859965126,0.7395666666666667,0.027561277020148253,5.0207251805065045
actnerf,Corner,11,1,2,0.7534666666666666,0.8594023268192532,0.7534666666666666,0.0386702611389834,4.772073199260969
actnerf,Corner,11,1,3,0.7573666666666666,0.8619335748563192,0.7573666666666666,0.049293229497668636,4.670647012137953
actnerf,Corner,11,1,4,0.7791,0.8758360969029284,0.7791,0.062480510574971344,4.008840269713317
actnerf,Corner,11,1,5,0.7917,0.8837416978288776,0.7917,0.07461696800736277,3.844200155357457
actnerf,Corner,9,0,0,0.5075,0.6733001658374793,0.5075,0.015302807699686444,11.693090626552518
actnerf,Corner,9,0,1,0.7670333333333333,0.8681594386070816,0.7670333333333333,0.030449873093524052,5.160188692215797
actnerf,Corner,9,0,2,0.8378,0.9117423005767765,0.8378,0.043447432226599275,4.163684297250118
actnerf,Corner,9,0,3,0.9430333333333333,0.9706815803468803,0.9430333333333333,0.056643440953423024,3.0105693455306617
actnerf,Corner,9,0,4,0.9577666666666667,0.9784278003847922,0.9577666666666667,0.0704461285835339,2.774937688464354
actnerf,Corner,9,0,5,0.9628,0.9810474831872834,0.9628,0.083429609493426,2.6671593772180735
actnerf,Corner,2,0,0,0.3949,0.5662054627571869,0.3949,0.012299470974613846,10.501081016980441
actnerf,Corner,2,0,1,0.7045,0.8266353769433852,0.7045,0.02549628296692608,5.537869179538745
actnerf,Corner,2,0,2,0.9154666666666667,0.9558680217179452,0.9154666666666667,0.03758710258501044,3.275267638500053
actnerf,Corner,2,0,3,0.9317,0.9646425428379147,0.9317,0.04847200152680309,3.0943305382717377
actnerf,Corner,2,0,4,0.9482333333333334,0.9734289185073656,0.9482333333333334,0.06105693989815087,2.86788445639803
actnerf,Corner,2,0,5,0.9754,0.9875468259592994,0.9754,0.07419765762670173,2.6015244756459235
actnerf,Corner,12,0,0,0.43456666666666666,0.6058507795617725,0.43456666666666666,0.014781233655200033,11.826784065384734
actnerf,Corner,12,0,1,0.5662333333333334,0.7230510566752506,0.5662333333333334,0.026838537698163193,10.206952887700426
actnerf,Corner,12,0,2,0.7898333333333334,0.8825775211844679,0.7898333333333334,0.04027501701896793,4.459646506050027
actnerf,Corner,12,0,3,0.9978,0.9988987886675343,0.9978,0.054561402619810545,2.6794611689930905
actnerf,Corner,12,0,4,0.9989333333333333,0.9994663820704375,0.9989333333333333,0.06744660481955696,2.5509501784793223
actnerf,Corner,12,0,5,0.9989333333333333,0.9994663820704375,0.9989333333333333,0.08032056575467303,2.468583721829905
actnerf,Corner,4,1,0,0.47933333333333333,0.6480396575033799,0.47933333333333333,0.01487784886162602,8.610552917578
actnerf,Corner,4,1,1,0.6321,0.7745848906317016,0.6321,0.02579066080703677,5.695315171256358
actnerf,Corner,4,1,2,0.8363333333333334,0.9108731167180977,0.8363333333333334,0.038721256437296125,4.125525721350012
actnerf,Corner,4,1,3,0.987,0.9934574735782586,0.987,0.05275243089240457,2.8076108220638183
actnerf,Corner,4,1,4,0.9875,0.9937106918238994,0.9875,0.06407839887779139,2.6853209309221637
actnerf,Corner,4,1,5,0.9884,0.9941661637497485,0.9884,0.07465622597632783,2.612993223108509
actnerf,Corner,4,0,0,0.47933333333333333,0.6480396575033799,0.47933333333333333,0.01487784886162602,8.610552917578
actnerf,Corner,4,0,1,0.5453,0.7057529282339998,0.5453,0.02854833287214615,7.676690045368977
actnerf,Corner,4,0,2,0.7464333333333333,0.8548088485102971,0.7464333333333333,0.040866690527640956,4.734173642141645
actnerf,Corner,4,0,3,0.758,0.8623435722411832,0.758,0.05255626674356523,4.566884048670455
actnerf,Corner,4,0,4,0.8810666666666667,0.9367734618656082,0.8810666666666667,0.06470219399823181,3.2632322278821353
actnerf,Corner,4,0,5,0.9875,0.9937106918238994,0.9875,0.07863981585651587,2.5852605481731126
actnerf,Corner,7,0,0,0.49496666666666667,0.6621775290418962,0.49496666666666667,0.0147610122600415,12.125409223859066
actnerf,Corner,7,0,1,0.5624,0.7199180747567845,0.5624,0.024448074756937232,9.176629002263294
actnerf,Corner,7,0,2,0.7820333333333334,0.8776865378500215,0.7820333333333334,0.03995382323064104,4.4831787249591875
actnerf,Corner,7,0,3,0.993,0.9964877069744105,0.993,0.05462326451292679,2.7433167047732394
actnerf,Corner,7,0,4,0.9971666666666666,0.9985813235416839,0.9971666666666666,0.06679498221013078,2.5959815572339178
actnerf,Corner,7,0,5,0.9992,0.9995998399359743,0.9992,0.07865309983269479,2.5065610247581933
actnerf,Corner,9,2,0,0.5075,0.6733001658374793,0.5075,0.015302807699686444,11.693090626552518
actnerf,Corner,9,2,1,0.7670333333333333,0.8681594386070816,0.7670333333333333,0.030449873093524052,5.160188692215797
actnerf,Corner,9,2,2,0.9904333333333334,0.9951936764188704,0.9904333333333334,0.044860940945201926,2.8488649045938543
actnerf,Corner,9,2,3,0.9921333333333333,0.996051134462218,0.9921333333333333,0.055717482716698984,2.738990554754254
actnerf,Corner,9,2,4,0.9935333333333334,0.9967561783098686,0.9935333333333334,0.06678091674059876,2.6384918190216835
actnerf,Corner,9,2,5,0.9944666666666667,0.9972256576528395,0.9944666666666667,0.07699865443465201,2.575129761544061
actnerf,Corner,1,0,0,0.4516,0.6222099751997796,0.4516,0.01595855135772935,9.70997395613225
actnerf,Corner,1,0,1,0.7881333333333334,0.8815151741108046,0.7881333333333334,0.03105860758829179,4.555416357314767
actnerf,Corner,1,0,2,0.7931333333333334,0.8846339740491505,0.7931333333333334,0.04495179370153765,4.372978968485738
actnerf,Corner,1,0,3,0.7993,0.8884566220196742,0.7993,0.05762584664946794,4.2324198844425
actnerf,Corner,1,0,4,0.8496,0.9186851211072664,0.8496,0.07176090956355723,3.6366930039609913
actnerf,Corner,1,0,5,0.8603333333333333,0.9249238487726215,0.8603333333333333,0.08511729491815649,3.4320503359478494
actnerf,Corner,14,1,0,0.38693333333333335,0.5579696212266871,0.38693333333333335,0.012567667090866827,12.521160153597835
actnerf,Corner,14,1,1,0.648,0.7864077669902912,0.648,0.02665140804362847,5.765797925582182
actnerf,Corner,14,1,2,0.8055333333333333,0.8922940590038031,0.8055333333333333,0.04153002703357686,4.0485283288571265
actnerf,Corner,14,1,3,0.9875,0.9937106918238994,0.9875,0.055549933427400416,2.792757040689551
actnerf,Corner,14,1,4,0.9916666666666667,0.99581589958159,0.9916666666666667,0.06878913478315475,2.6157172053395894
actnerf,Corner,14,1,5,1.0,1.0,1.0,0.08163733187916333,2.420703851584749
actnerf,Corner,2,2,0,0.3949,0.5662054627571869,0.3949,0.012299470974613846,10.501081016980441
actnerf,Corner,2,2,1,0.7045,0.8266353769433852,0.7045,0.02549628296692608,5.537869179538745
actnerf,Corner,2,2,2,0.9154666666666667,0.9558680217179452,0.9154666666666667,0.03758710258501044,3.275267638500053
actnerf,Corner,2,2,3,0.9317,0.9646425428379147,0.9317,0.04847200152680309,3.0943305382717377
actnerf,Corner,2,2,4,0.9361,0.966995506430453,0.9361,0.05841776038232745,3.016114640991583
actnerf,Corner,2,2,5,0.9441,0.9712463350650686,0.9441,0.06814796698619667,2.8972656552486438
actnerf,Corner,6,0,0,0.5203,0.6844701703611129,0.5203,0.016433290179153834,8.031489218554862
actnerf,Corner,6,0,1,0.5583333333333333,0.7165775401069518,0.5583333333333333,0.03170033499695153,7.030383666752168
actnerf,Corner,6,0,2,0.7911,0.8833677628273128,0.7911,0.04462520232621802,4.122378284733768
actnerf,Corner,6,0,3,0.8412666666666667,0.9137912306745356,0.8412666666666667,0.05662263511387228,3.7612699663635807
actnerf,Corner,6,0,4,0.9564666666666667,0.9777490033052783,0.9564666666666667,0.07047503305856406,2.8242693799046967
actnerf,Corner,6,0,5,0.9849,0.9923925638571212,0.9849,0.08068042933583869,2.581874114179871
actnerf,Corner,10,1,0,0.4769,0.6458121741485543,0.4769,0.016179064632805214,9.349066289738877
actnerf,Corner,10,1,1,0.7325666666666667,0.845643265290417,0.7325666666666667,0.030917603346097056,5.088697368668499
actnerf,Corner,10,1,2,0.7608333333333334,0.8641741599621392,0.7608333333333334,0.04399881060816214,4.864634192558554
actnerf,Corner,10,1,3,0.9275,0.9623865110246433,0.9275,0.05761043658621934,3.1284883147366904
actnerf,Corner,10,1,4,0.9539333333333333,0.9764236241427547,0.9539333333333333,0.07068976139718752,2.8371773843827732
actnerf,Corner,10,1,5,0.9655,0.9824472144492495,0.9655,0.08466237483485256,2.627415251990897
actnerf,Corner,13,2,0,0.4222,0.5937280270004218,0.4222,0.015361696013389875,12.936697017315383
actnerf,Corner,13,2,1,0.7331666666666666,0.8460428887393019,0.7331666666666666,0.02728870285187729,5.538462073503931
actnerf,Corner,13,2,2,0.7674333333333333,0.8684155932331252,0.7674333333333333,0.040827384879305234,4.771144747337404
actnerf,Corner,13,2,3,0.8776666666666667,0.9348482158707615,0.8776666666666667,0.05424954992912407,3.670910972409054
actnerf,Corner,13,2,4,0.8867,0.9399480574548154,0.8867,0.06608161543603669,3.501684780258348
actnerf,Corner,13,2,5,1.0,1.0,1.0,0.07979209770503926,2.527426910338842
actnerf,Corner,0,1,0,0.3607666666666667,0.5302403057100165,0.3607666666666667,0.014667440564133464,12.919465906677631
actnerf,Corner,0,1,1,0.6985666666666667,0.822536648546814,0.6985666666666667,0.028441481707008963,5.769010129217742
actnerf,Corner,0,1,2,0.9162666666666667,0.9563039242972448,0.9162666666666667,0.04271654868178811,3.226677238967201
actnerf,Corner,0,1,3,0.9258,0.9614705576903105,0.9258,0.055390550217432416,3.0851785033195833
actnerf,Corner,0,1,4,0.9303333333333333,0.9639095147642893,0.9303333333333333,0.06772424073891217,2.990841711777472
actnerf,Corner,0,1,5,0.9641,0.9817219082531439,0.9641,0.08015754030940345,2.681858725275028
actnerf,Corner,3,1,0,0.43896666666666667,0.6101137390256897,0.43896666666666667,0.013977482509515853,10.84321144462836
actnerf,Corner,3,1,1,0.7293,0.8434626727577633,0.7293,0.026654441719288748,4.940726980188801
actnerf,Corner,3,1,2,0.9803333333333333,0.99006901195085,0.9803333333333333,0.04156306646151666,3.0058259235879032
actnerf,Corner,3,1,3,0.9941,0.9970412717516675,0.9941,0.05607906631732868,2.7774815078456205
actnerf,Corner,3,1,4,0.9945,0.997242416645776,0.9945,0.06628930390203168,2.6733815962359277
actnerf,Corner,3,1,5,0.9961,0.9980461900706378,0.9961,0.0776380832420128,2.6065448257285504
actnerf,Corner,14,2,0,0.38693333333333335,0.5579696212266871,0.38693333333333335,0.012567667090866827,12.521160153597835
actnerf,Corner,14,2,1,0.648,0.7864077669902912,0.648,0.02665140804362847,5.765797925582182
actnerf,Corner,14,2,2,0.6777666666666666,0.8079391254246716,0.6777666666666666,0.039001401632240376,5.5135194800224525
actnerf,Corner,14,2,3,0.6922,0.8181066067840681,0.6922,0.04967972973759184,5.394062956809797
actnerf,Corner,14,2,4,0.7519666666666667,0.8584257691356381,0.7519666666666667,0.06173291070281859,4.837590548077983
actnerf,Corner,14,2,5,0.7555,0.8607234406152092,0.7555,0.07242467750806021,4.732769731476467
actnerf,Corner,10,2,0,0.4769,0.6458121741485543,0.4769,0.016179064632805214,9.349066289738877
actnerf,Corner,10,2,1,0.5322666666666667,0.694744169857292,0.5322666666666667,0.026251845275095977,7.776096790798711
actnerf,Corner,10,2,2,0.8321,0.9083565307570547,0.8321,0.040496340088602,4.094866562460216
actnerf,Corner,10,2,3,0.9242,0.960607005508783,0.9242,0.05331644383247887,3.1180175420508123
actnerf,Corner,10,2,4,0.9944333333333333,0.9972088980997108,0.9944333333333333,0.06703538585021049,2.664934736265343
actnerf,Corner,10,2,5,0.9995,0.9997499374843711,0.9995,0.07703419759083525,2.542552186097339
actnerf,Corner,5,2,0,0.36446666666666666,0.5342258269409292,0.36446666666666666,0.0129417950528062,10.475861600924848
actnerf,Corner,5,2,1,0.5931333333333333,0.7446122944302632,0.5931333333333333,0.026871333160864527,5.879157665320503
actnerf,Corner,5,2,2,0.9010666666666667,0.947959040538645,0.9010666666666667,0.04094491490431334,3.2863545065264224
actnerf,Corner,5,2,3,0.9234666666666667,0.96021073062526,0.9234666666666667,0.05385742441456737,3.0557003124538067
actnerf,Corner,5,2,4,0.9312333333333334,0.9643923572155962,0.9312333333333334,0.06541608214394838,2.9256090261802776
actnerf,Corner,5,2,5,0.9361666666666667,0.9670310751484893,0.9361666666666667,0.07620245544134324,2.8458057618012584
actnerf,Corner,3,2,0,0.43896666666666667,0.6101137390256897,0.43896666666666667,0.013977482509515853,10.84321144462836
actnerf,Corner,3,2,1,0.7293,0.8434626727577633,0.7293,0.026654441719288748,4.940726980188801
actnerf,Corner,3,2,2,0.8191666666666667,0.9005955107650022,0.8191666666666667,0.03927719132639368,4.162227256929784
actnerf,Corner,3,2,3,0.8645333333333334,0.9273455377574371,0.8645333333333334,0.052729297711092575,3.7411853783027977
actnerf,Corner,3,2,4,0.9227666666666666,0.9598321862593832,0.9227666666666666,0.06319986836382262,3.0171770902097492
actnerf,Corner,3,2,5,0.9913666666666666,0.9956646189384175,0.9913666666666666,0.07579347543132268,2.563363122476222
actnerf,Corner,12,2,0,0.43456666666666666,0.6058507795617725,0.43456666666666666,0.014781233655200033,11.826784065384734
actnerf,Corner,12,2,1,0.5662333333333334,0.7230510566752506,0.5662333333333334,0.026838537698163193,10.206952887700426
actnerf,Corner,12,2,2,0.7898333333333334,0.8825775211844679,0.7898333333333334,0.04027501701896793,4.459646506050027
actnerf,Corner,12,2,3,0.8213,0.9018832701916214,0.8213,0.052483820202619165,4.1777128390503835
actnerf,Corner,12,2,4,0.8731666666666666,0.9322893495862621,0.8731666666666666,0.06314951561776046,3.7297956683277516
actnerf,Corner,12,2,5,0.9999,0.999949997499875,0.9999,0.07658914344199419,2.4984349782589064
actnerf,Corner,7,1,0,0.49496666666666667,0.6621775290418962,0.49496666666666667,0.0147610122600415,12.125409223859066
actnerf,Corner,7,1,1,0.7395333333333334,0.8502663549611007,0.7395333333333334,0.029894923775174782,5.378152805661786
actnerf,Corner,7,1,2,0.9969666666666667,0.9984810295615015,0.9969666666666667,0.044940733410648484,2.809886371080833
actnerf,Corner,7,1,3,0.9979,0.9989488963411582,0.9979,0.05677363233308822,2.6834184784149895
actnerf,Corner,7,1,4,1.0,1.0,1.0,0.06770001471569204,2.5635880996644134
actnerf,Corner,7,1,5,1.0,1.0,1.0,0.0801943427112554,2.4822175790515772
actnerf,Corner,7,2,0,0.49496666666666667,0.6621775290418962,0.49496666666666667,0.0147610122600415,12.125409223859066
actnerf,Corner,7,2,1,0.7395333333333334,0.8502663549611007,0.7395333333333334,0.029894923775174782,5.378152805661786
actnerf,Corner,7,2,2,0.9969666666666667,0.9984810295615015,0.9969666666666667,0.044940733410648484,2.809886371080833
actnerf,Corner,7,2,3,0.9979,0.9989488963411582,0.9979,0.05677363233308822,2.6834184784149895
actnerf,Corner,7,2,4,0.9987333333333334,0.9993662653013575,0.9987333333333334,0.06858318848052737,2.5965567232763034
actnerf,Corner,7,2,5,0.9987666666666667,0.9993829528209063,0.9987666666666667,0.07897987041331311,2.53587096449658
actnerf,Corner,13,1,0,0.4222,0.5937280270004218,0.4222,0.015361696013389875,12.936697017315383
actnerf,Corner,13,1,1,0.47646666666666665,0.6454147288571815,0.47646666666666665,0.026836590887904584,8.38028468921983
actnerf,Corner,13,1,2,0.7195333333333334,0.8368937308572093,0.7195333333333334,0.038516149513763885,4.485921867972461
actnerf,Corner,13,1,3,0.788,0.8814317673378076,0.788,0.04914692887764992,3.950602424565419
actnerf,Corner,13,1,4,0.8060666666666667,0.8926211657007863,0.8060666666666667,0.05931485929422608,3.7576002710133967
actnerf,Corner,13,1,5,0.8903,0.9419668835634556,0.8903,0.07303921601740807,3.1696649882256875
actnerf,Corner,2,1,0,0.3949,0.5662054627571869,0.3949,0.012299470974613846,10.501081016980441
actnerf,Corner,2,1,1,0.7045,0.8266353769433852,0.7045,0.02549628296692608,5.537869179538745
actnerf,Corner,2,1,2,0.7398333333333333,0.8504646038892615,0.7398333333333333,0.037463940335410215,5.2396317454502235
actnerf,Corner,2,1,3,0.8915,0.9426381178958498,0.8915,0.05023539886548105,3.523282703310109
actnerf,Corner,2,1,4,0.9112666666666667,0.9535735463392515,0.9112666666666667,0.06094554927915351,3.2057407849066664
actnerf,Corner,2,1,5,0.9962666666666666,0.9981298423724285,0.9962666666666666,0.07359785883203215,2.479739283389313
actnerf,Corner,6,2,0,0.5203,0.6844701703611129,0.5203,0.016433290179153834,8.031489218554862
actnerf,Corner,6,2,1,0.7056333333333333,0.8274150364478493,0.7056333333333333,0.030300041926768936,5.510831030952616
actnerf,Corner,6,2,2,0.8066666666666666,0.8929889298892989,0.8066666666666666,0.042965070906017144,4.280405596438799
actnerf,Corner,6,2,3,0.9999666666666667,0.999983333055551,0.9999666666666667,0.057411713645761926,2.653165374803934
actnerf,Corner,6,2,4,1.0,1.0,1.0,0.07074611134669682,2.5498983130463637
actnerf,Corner,6,2,5,1.0,1.0,1.0,0.08142395461055467,2.466657157744294
actnerf,Corner,8,1,0,0.38356666666666667,0.5544606933770208,0.38356666666666667,0.01395916252323968,11.70388509831981
actnerf,Corner,8,1,1,0.7411666666666666,0.8513448836986696,0.7411666666666666,0.026883959866805158,4.895315253066336
actnerf,Corner,8,1,2,0.9949333333333333,0.997460232589226,0.9949333333333333,0.042028426737842225,2.900090839248566
actnerf,Corner,8,1,3,0.9976333333333334,0.9988152647299304,0.9976333333333334,0.05558306193779163,2.7121397992995178
actnerf,Corner,8,1,4,0.9976333333333334,0.9988152647299304,0.9976333333333334,0.06844825571499288,2.6107889100533734
actnerf,Corner,8,1,5,0.9976333333333334,0.9988152647299304,0.9976333333333334,0.08041783606350708,2.5589292169473956
actnerf,Corner,11,2,0,0.4476,0.6184028737220226,0.4476,0.014843439403552703,12.073294184450113
actnerf,Corner,11,2,1,0.7395666666666667,0.8502883859965126,0.7395666666666667,0.027561277020148253,5.0207251805065045
actnerf,Corner,11,2,2,0.7534666666666666,0.8594023268192532,0.7534666666666666,0.0386702611389834,4.772073199260969
actnerf,Corner,11,2,3,0.7573666666666666,0.8619335748563192,0.7573666666666666,0.049293229497668636,4.670647012137953
actnerf,Corner,11,2,4,0.7578333333333334,0.8622357068360671,0.7578333333333334,0.058718552779618835,4.62035328107114
actnerf,Corner,11,2,5,0.7583,0.8625376784394017,0.7583,0.07095453819823451,4.556312228021969
actnerf,L_Shaped,14,0,0,0.5256666666666666,0.6890976622241644,0.5256666666666666,0.029311373635666445,9.765737866222075
actnerf,L_Shaped,14,0,1,0.7863666666666667,0.8804090239032674,0.7863666666666667,0.05166782540155579,3.9329434679712514
actnerf,L_Shaped,14,0,2,0.9836666666666667,0.991766089732818,0.9836666666666667,0.07681015440726939,2.5692157293122935
actnerf,L_Shaped,14,0,3,0.9861333333333333,0.9930182599355531,0.9861333333333333,0.0996158804471498,2.4190204139626066
actnerf,L_Shaped,14,0,4,0.9861666666666666,0.9930351598556684,0.9861666666666666,0.1275434797147024,2.212238927746157
actnerf,L_Shaped,14,0,5,1.0,1.0,1.0,0.151044065486494,2.0127368424075374
actnerf,L_Shaped,6,1,0,0.4286333333333333,0.6000606640378916,0.4286333333333333,0.02584688682098895,13.131749229881322
actnerf,L_Shaped,6,1,1,0.6331333333333333,0.7753602481936563,0.6331333333333333,0.048623721514284964,7.478078525514295
actnerf,L_Shaped,6,1,2,0.8226666666666667,0.902706656912948,0.8226666666666667,0.07569741063561583,3.77965644170971
actnerf,L_Shaped,6,1,3,0.9411333333333334,0.9696740735652711,0.9411333333333334,0.10176785105073191,2.746384955646916
actnerf,L_Shaped,6,1,4,0.9994,0.9996999099729919,0.9994,0.12605321489644308,2.2246700950098806
actnerf,L_Shaped,6,1,5,0.9999,0.999949997499875,0.9999,0.1470447033924094,2.102879078994661
actnerf,L_Shaped,8,2,0,0.41063333333333335,0.5821971218601574,0.41063333333333335,0.02461071157282423,10.734097685788102
actnerf,L_Shaped,8,2,1,0.6551333333333333,0.791638135900431,0.6551333333333333,0.04666959840018918,4.870772108285128
actnerf,L_Shaped,8,2,2,0.7748666666666667,0.8731547909702138,0.7748666666666667,0.0708396842493168,4.031178237080098
actnerf,L_Shaped,8,2,3,0.8179333333333333,0.8998496461183028,0.8179333333333333,0.0920735825854173,3.5340712325786954
actnerf,L_Shaped,8,2,4,0.8813,0.936905331419763,0.8813,0.11341061575671317,2.9328375313799073
actnerf,L_Shaped,8,2,5,0.8874,0.940341210130338,0.8874,0.13365920857608934,2.8331867427329476
actnerf,L_Shaped,12,1,0,0.4872,0.6551909628832706,0.4872,0.02719481159357569,9.297874051625177
actnerf,L_Shaped,12,1,1,0.7048,0.8268418582824965,0.7048,0.05313759382406796,5.521546740865225
actnerf,L_Shaped,12,1,2,0.9490333333333333,0.9738502847565459,0.9490333333333333,0.07754791280343531,2.743298830282878
actnerf,L_Shaped,12,1,3,0.9502333333333334,0.9744816859521084,0.9502333333333334,0.0995361236199333,2.578323489304536
actnerf,L_Shaped,12,1,4,0.9504666666666667,0.9746043681853915,0.9504666666666667,0.1269497983352485,2.4446776999043127
actnerf,L_Shaped,12,1,5,0.9505333333333333,0.9746394148608927,0.9505333333333333,0.15177480538438146,2.3598292960032152
actnerf,L_Shaped,8,0,0,0.41063333333333335,0.5821971218601574,0.41063333333333335,0.02461071157282423,10.734097685788102
actnerf,L_Shaped,8,0,1,0.5506666666666666,0.7102321582115219,0.5506666666666666,0.047960620375313075,7.974281172264009
actnerf,L_Shaped,8,0,2,0.7749,0.8731759535748492,0.7749,0.07538678270664403,3.9532026921674643
actnerf,L_Shaped,8,0,3,0.8162333333333334,0.8988199019949713,0.8162333333333334,0.09696912526823986,3.463720014816331
actnerf,L_Shaped,8,0,4,0.8344,0.9097252507631923,0.8344,0.11763526377957886,3.2891838326066765
actnerf,L_Shaped,8,0,5,0.8982666666666667,0.9464072487181288,0.8982666666666667,0.13896507847147416,2.7394799816260305
actnerf,L_Shaped,1,1,0,0.4594666666666667,0.6296363968572994,0.4594666666666667,0.02841618026445339,10.290814407946678
actnerf,L_Shaped,1,1,1,0.6072,0.7555998008959681,0.6072,0.05133452540004689,6.612661787353303
actnerf,L_Shaped,1,1,2,0.6434333333333333,0.7830355150802182,0.6434333333333333,0.07225107243352732,5.8658265106858964
actnerf,L_Shaped,1,1,3,0.7462,0.8546558240751345,0.7462,0.09718879016918654,5.030605944100042
actnerf,L_Shaped,1,1,4,0.7532666666666666,0.8592722156735997,0.7532666666666666,0.11935831932810673,4.860455359233422
actnerf,L_Shaped,1,1,5,0.9396,0.9688595586718911,0.9396,0.146359800714525,2.438478689000837
actnerf,L_Shaped,5,0,0,0.34846666666666665,0.5168339348395709,0.34846666666666665,0.026636184470137155,15.50518701302228
actnerf,L_Shaped,5,0,1,0.5106666666666667,0.676081200353045,0.5106666666666667,0.05258390973936976,10.156607056456885
actnerf,L_Shaped,5,0,2,0.7943666666666667,0.8854006055990042,0.7943666666666667,0.07635161709763595,4.515367339613407
actnerf,L_Shaped,5,0,3,0.9986,0.9992995096567597,0.9986,0.10468471307693794,2.323122019493327
actnerf,L_Shaped,5,0,4,0.9993333333333333,0.9996665555185061,0.9993333333333333,0.12736499439015728,2.2298154964153105
actnerf,L_Shaped,5,0,5,0.9994333333333333,0.9997165863661371,0.9994333333333333,0.14944776757805428,2.1410879652115153
actnerf,L_Shaped,4,2,0,0.4815,0.6500168747890651,0.4815,0.026934919808635556,9.098689014806908
actnerf,L_Shaped,4,2,1,0.7656333333333334,0.8672619834242671,0.7656333333333334,0.056991656405002866,4.519223373853151
actnerf,L_Shaped,4,2,2,0.9588333333333333,0.9789840891687229,0.9588333333333333,0.0820348950643409,2.6173277296105777
actnerf,L_Shaped,4,2,3,0.9719333333333333,0.9857669292403394,0.9719333333333333,0.10394218638852457,2.4663604330857924
actnerf,L_Shaped,4,2,4,0.9985,0.9992494370778084,0.9985,0.12893170264529047,2.229939025313342
actnerf,L_Shaped,4,2,5,0.9993666666666666,0.9996832330237909,0.9993666666666666,0.14983606651408124,2.12925757205837
actnerf,L_Shaped,11,0,0,0.4447333333333333,0.6156614830879978,0.4447333333333333,0.025925881469504326,12.572793490972092
actnerf,L_Shaped,11,0,1,0.7401333333333333,0.8506627844609609,0.7401333333333333,0.05429310310860454,5.026883777624795
actnerf,L_Shaped,11,0,2,0.7603333333333333,0.8638515432683204,0.7603333333333333,0.08023364960427633,4.683375510419223
actnerf,L_Shaped,11,0,3,0.8862666666666666,0.9397045309959708,0.8862666666666666,0.1035390499719142,3.085930105290268
actnerf,L_Shaped,11,0,4,0.9978333333333333,0.9989154917827646,0.9978333333333333,0.13147712460305166,2.1205492855331336
actnerf,L_Shaped,11,0,5,0.9996,0.9997999599919984,0.9996,0.1539327267025761,1.9975220154850006
actnerf,L_Shaped,10,0,0,0.38226666666666664,0.553101186457027,0.38226666666666664,0.025736644416292396,15.435041314296681
actnerf,L_Shaped,10,0,1,0.564,0.7212276214833758,0.564,0.05292472586367713,9.038103937344916
actnerf,L_Shaped,10,0,2,0.6832666666666667,0.8118341320448335,0.6832666666666667,0.0738410274707575,5.677474090660434
actnerf,L_Shaped,10,0,3,0.7203666666666667,0.8374571312317143,0.7203666666666667,0.09422341944017798,5.249563082936857
actnerf,L_Shaped,10,0,4,0.8003666666666667,0.889115180241062,0.8003666666666667,0.11167078530187385,3.8684271066131806
actnerf,L_Shaped,10,0,5,0.8038666666666666,0.8912706038879444,0.8038666666666666,0.13510467986182056,3.7178123127615783
actnerf,L_Shaped,3,0,0,0.3893,0.5604261138702944,0.3893,0.025750858855037487,14.058405910839323
actnerf,L_Shaped,3,0,1,0.6145333333333334,0.7612519613510612,0.6145333333333334,0.05127271050252563,7.151136604211951
actnerf,L_Shaped,3,0,2,0.6756333333333333,0.8064214525850922,0.6756333333333333,0.0737604082475881,6.543375802782006
actnerf,L_Shaped,3,0,3,0.6843,0.8125630825862377,0.6843,0.09442997875783705,6.324012340804524
actnerf,L_Shaped,3,0,4,0.8089,0.8943556857758859,0.8089,0.12005984055712521,4.172023286333902
actnerf,L_Shaped,3,0,5,0.8147,0.8978894583126688,0.8147,0.14375878960837074,4.026229971097668
actnerf,L_Shaped,0,0,0,0.3795,0.5501993475897065,0.3795,0.021944112965767877,10.949849726334758
actnerf,L_Shaped,0,0,1,0.6835333333333333,0.8120223339801211,0.6835333333333333,0.0480026756652394,4.889764577183396
actnerf,L_Shaped,0,0,2,0.7301333333333333,0.844019728729963,0.7301333333333333,0.0712050340482903,4.271040069516947
actnerf,L_Shaped,0,0,3,0.8272,0.905429071803853,0.8272,0.09586461269104006,3.3607768323528853
actnerf,L_Shaped,0,0,4,0.9325,0.9650711513583441,0.9325,0.1183511058076507,2.6066170271008886
actnerf,L_Shaped,0,0,5,0.9973,0.9986481750362989,0.9973,0.14249617838149775,2.1269343037889596
actnerf,L_Shaped,1,2,0,0.4594666666666667,0.6296363968572994,0.4594666666666667,0.02841618026445339,10.290814407946678
actnerf,L_Shaped,1,2,1,0.7151,0.8338872368958078,0.7151,0.054006109009197584,5.429388846064204
actnerf,L_Shaped,1,2,2,0.7305333333333334,0.8442869250327453,0.7305333333333334,0.07478034959599705,5.153979050224748
actnerf,L_Shaped,1,2,3,0.8495,0.9186266558529333,0.8495,0.09751031688986936,3.4022776185076715
actnerf,L_Shaped,1,2,4,0.8591333333333333,0.9242299279234052,0.8591333333333333,0.11956245580921405,3.256672087137661
actnerf,L_Shaped,1,2,5,0.8646666666666667,0.9274222381122632,0.8646666666666667,0.14020482179230642,3.1296817704771023
actnerf,L_Shaped,5,1,0,0.34846666666666665,0.5168339348395709,0.34846666666666665,0.026636184470137155,15.50518701302228
actnerf,L_Shaped,5,1,1,0.6434,0.7830108312036023,0.6434,0.048785019983268826,6.571447847154353
actnerf,L_Shaped,5,1,2,0.7672333333333333,0.8682875304147726,0.7672333333333333,0.07191068979968475,4.8839010860105025
actnerf,L_Shaped,5,1,3,0.9738,0.986726112068092,0.9738,0.099916591919497,2.429841156773768
actnerf,L_Shaped,5,1,4,0.9738,0.986726112068092,0.9738,0.12490540602020682,2.2749875635786516
actnerf,L_Shaped,5,1,5,0.9738,0.986726112068092,0.9738,0.14777957973816255,2.1972191583664067
actnerf,L_Shaped,13,0,0,0.44863333333333333,0.619388389056352,0.44863333333333333,0.029113963083183352,10.403311603524827
actnerf,L_Shaped,13,0,1,0.5605666666666667,0.7184142512335263,0.5605666666666667,0.051917657849008335,7.801835090860468
actnerf,L_Shaped,13,0,2,0.7161666666666666,0.8346120229192968,0.7161666666666666,0.07207304158112401,5.262888415280461
actnerf,L_Shaped,13,0,3,0.7271333333333333,0.842011811479523,0.7271333333333333,0.09025754983176647,5.0875270400245265
actnerf,L_Shaped,13,0,4,0.7862333333333333,0.8803254520685987,0.7862333333333333,0.11628434072606054,4.497811377811259
actnerf,L_Shaped,13,0,5,0.8019,0.8900604917032022,0.8019,0.13970840209121896,4.262670136690545
actnerf,L_Shaped,0,2,0,0.3795,0.5501993475897065,0.3795,0.021944112965767877,10.949849726334758
actnerf,L_Shaped,0,2,1,0.6835333333333333,0.8120223339801211,0.6835333333333333,0.0480026756652394,4.889764577183396
actnerf,L_Shaped,0,2,2,0.9333333333333333,0.9655172413793104,0.9333333333333333,0.07416001978011744,2.843548392710957
actnerf,L_Shaped,0,2,3,0.9594333333333334,0.9792967354507256,0.9594333333333334,0.0983050178601089,2.615197085473407
actnerf,L_Shaped,0,2,4,0.9894,0.9946717603297477,0.9894,0.12288951152920073,2.2624333135671355
actnerf,L_Shaped,0,2,5,0.9894,0.9946717603297477,0.9894,0.14553621842547695,2.172946196750956
actnerf,L_Shaped,9,1,0,0.44726666666666665,0.6180846653461698,0.44726666666666665,0.030276722748135927,11.709368026849775
actnerf,L_Shaped,9,1,1,0.49683333333333335,0.6638458968934416,0.49683333333333335,0.058394266999780245,10.594549915303867
actnerf,L_Shaped,9,1,2,0.6527,0.7898590185756641,0.6527,0.07747155511177986,6.298613717638952
actnerf,L_Shaped,9,1,3,0.9820333333333333,0.990935234859824,0.9820333333333333,0.10814995163974517,2.42406649017929
actnerf,L_Shaped,9,1,4,0.9946666666666667,0.9973262032085561,0.9946666666666667,0.1347973516727723,2.1595800777432923
actnerf,L_Shaped,9,1,5,0.9947333333333334,0.997359713913305,0.9947333333333334,0.1550348266623053,2.0551219654974124
actnerf,L_Shaped,11,1,0,0.4447333333333333,0.6156614830879978,0.4447333333333333,0.025925881469504326,12.572793490972092
actnerf,L_Shaped,11,1,1,0.7401333333333333,0.8506627844609609,0.7401333333333333,0.05429310310860454,5.026883777624795
actnerf,L_Shaped,11,1,2,0.7603333333333333,0.8638515432683204,0.7603333333333333,0.08023364960427633,4.683375510419223
actnerf,L_Shaped,11,1,3,0.7652333333333333,0.867005306191816,0.7652333333333333,0.10397964283226194,4.562199694101298
actnerf,L_Shaped,11,1,4,0.7851,0.8796145874180719,0.7851,0.12781382043957393,4.2062312595106235
actnerf,L_Shaped,11,1,5,0.7946666666666666,0.8855869242199108,0.7946666666666666,0.15013099416372125,3.9975424012897043
actnerf,L_Shaped,9,0,0,0.44726666666666665,0.6180846653461698,0.44726666666666665,0.030276722748135927,11.709368026849775
actnerf,L_Shaped,9,0,1,0.7181333333333333,0.8359459878938382,0.7181333333333333,0.054651969150120626,4.9840812800334096
actnerf,L_Shaped,9,0,2,0.7757333333333334,0.8737047604745458,0.7757333333333334,0.07834163070212284,4.551044392045139
actnerf,L_Shaped,9,0,3,0.8783,0.935207368365011,0.8783,0.09805754593366334,3.015084870189288
actnerf,L_Shaped,9,0,4,0.9896666666666667,0.9948065002512984,0.9896666666666667,0.12490380561169197,2.2517944337082376
actnerf,L_Shaped,9,0,5,0.9980333333333333,0.9990156987704576,0.9980333333333333,0.1476247076289153,2.067320094202949
actnerf,L_Shaped,2,0,0,0.3828666666666667,0.5537289688087548,0.3828666666666667,0.028225772146395732,13.852032606010587
actnerf,L_Shaped,2,0,1,0.6925333333333333,0.8183393729320938,0.6925333333333333,0.05154254287484401,5.384393841320001
actnerf,L_Shaped,2,0,2,0.9832333333333333,0.9915457922248181,0.9832333333333333,0.08065682591366853,2.5544345671392836
actnerf,L_Shaped,2,0,3,0.9899333333333333,0.9949412040604375,0.9899333333333333,0.10421043259684795,2.3708967235529292
actnerf,L_Shaped,2,0,4,0.9902333333333333,0.9950927026981761,0.9902333333333333,0.12686268051517835,2.2574773412361635
actnerf,L_Shaped,2,0,5,0.9999333333333333,0.9999666655555185,0.9999333333333333,0.14999475152747266,2.0045426542758595
actnerf,L_Shaped,12,0,0,0.4872,0.6551909628832706,0.4872,0.02719481159357569,9.297874051625177
actnerf,L_Shaped,12,0,1,0.6386,0.7794458684242647,0.6386,0.05252511914363802,6.39815785157827
actnerf,L_Shaped,12,0,2,0.8085,0.8941111418302461,0.8085,0.07818313016553849,3.8979803969974944
actnerf,L_Shaped,12,0,3,0.8360666666666666,0.9107149340982535,0.8360666666666666,0.09547451732004382,3.6106371438766502
actnerf,L_Shaped,12,0,4,0.9848,0.9923417976622331,0.9848,0.1192940725294141,2.229478954489253
actnerf,L_Shaped,12,0,5,0.9851,0.9924940809027253,0.9851,0.14095316815993286,2.144761635091672
actnerf,L_Shaped,4,1,0,0.4815,0.6500168747890651,0.4815,0.026934919808635556,9.098689014806908
actnerf,L_Shaped,4,1,1,0.6197,0.7652034327344571,0.6197,0.05212634228905022,6.660251296171741
actnerf,L_Shaped,4,1,2,0.7717333333333334,0.8711619506321493,0.7717333333333334,0.08077512758255538,4.324588819787362
actnerf,L_Shaped,4,1,3,0.9154333333333333,0.9558498512086038,0.9154333333333333,0.10391217293968186,2.8127975631725466
actnerf,L_Shaped,4,1,4,0.9346666666666666,0.9662301860785665,0.9346666666666666,0.12572576880344788,2.614245173570497
actnerf,L_Shaped,4,1,5,0.9859666666666667,0.9929337518253075,0.9859666666666667,0.14848618910891312,2.313078116916529
actnerf,L_Shaped,4,0,0,0.4815,0.6500168747890651,0.4815,0.026934919808635556,9.098689014806908
actnerf,L_Shaped,4,0,1,0.7656333333333334,0.8672619834242671,0.7656333333333334,0.056991656405002866,4.519223373853151
actnerf,L_Shaped,4,0,2,0.9588333333333333,0.9789840891687229,0.9588333333333333,0.0820348950643409,2.6173277296105777
actnerf,L_Shaped,4,0,3,0.9992,0.9995998399359743,0.9992,0.10488573200202904,2.3034082312805704
actnerf,L_Shaped,4,0,4,0.9992,0.9995998399359743,0.9992,0.12392283323333675,2.2184190612753585
actnerf,L_Shaped,4,0,5,0.9992,0.9995998399359743,0.9992,0.14371994150522133,2.130006870749131
actnerf,L_Shaped,7,0,0,0.36233333333333334,0.5319305113775386,0.36233333333333334,0.025035502203226638,15.180749479319928
actnerf,L_Shaped,7,0,1,0.5174666666666666,0.6820138827871013,0.5174666666666666,0.04673862925752058,9.090026333998635
actnerf,L_Shaped,7,0,2,0.7701666666666667,0.8701628848507673,0.7701666666666667,0.07153835791847662,4.005588484159348
actnerf,L_Shaped,7,0,3,0.9364,0.967155546374716,0.9364,0.09407980545209817,2.6620548341689454
actnerf,L_Shaped,7,0,4,0.9537,0.9763013768746481,0.9537,0.1138250416359684,2.483974670703357
actnerf,L_Shaped,7,0,5,0.9628,0.9810474831872834,0.9628,0.13572877288443694,2.290243773697991
actnerf,L_Shaped,9,2,0,0.44726666666666665,0.6180846653461698,0.44726666666666665,0.030276722748135927,11.709368026849775
actnerf,L_Shaped,9,2,1,0.7181333333333333,0.8359459878938382,0.7181333333333333,0.054651969150120626,4.9840812800334096
actnerf,L_Shaped,9,2,2,0.9301,0.9637842598829077,0.9301,0.07825269383902399,2.759859982630426
actnerf,L_Shaped,9,2,3,0.9462,0.972356386805056,0.9462,0.10249789500556795,2.5191999425108973
actnerf,L_Shaped,9,2,4,0.9486,0.9736220876526738,0.9486,0.12021274689232407,2.4429236005349546
actnerf,L_Shaped,9,2,5,0.9575333333333333,0.9783060314000613,0.9575333333333333,0.14436040583323842,2.3196701720683484
actnerf,L_Shaped,1,0,0,0.4594666666666667,0.6296363968572994,0.4594666666666667,0.02841618026445339,10.290814407946678
actnerf,L_Shaped,1,0,1,0.6072,0.7555998008959681,0.6072,0.05133452540004689,6.612661787353303
actnerf,L_Shaped,1,0,2,0.7726666666666666,0.8717562993606619,0.7726666666666666,0.0756412715387256,4.657744894033089
actnerf,L_Shaped,1,0,3,0.7851333333333333,0.879635508085297,0.7851333333333333,0.09761097252389665,4.435857019517166
actnerf,L_Shaped,1,0,4,0.8001666666666667,0.8889917600222201,0.8001666666666667,0.11705441550387286,4.150703832272376
actnerf,L_Shaped,1,0,5,0.8014333333333333,0.8897729585700276,0.8014333333333333,0.134752454038273,4.099762877454847
actnerf,L_Shaped,14,1,0,0.5256666666666666,0.6890976622241644,0.5256666666666666,0.029311373635666445,9.765737866222075
actnerf,L_Shaped,14,1,1,0.7863666666666667,0.8804090239032674,0.7863666666666667,0.05166782540155579,3.9329434679712514
actnerf,L_Shaped,14,1,2,0.8916,0.9426940156481285,0.8916,0.07679398740589116,3.1111976290475134
actnerf,L_Shaped,14,1,3,0.9998,0.9998999899989999,0.9998,0.10278610209778911,2.3089596836821586
actnerf,L_Shaped,14,1,4,0.9998,0.9998999899989999,0.9998,0.12662813099121686,2.189904500440323
actnerf,L_Shaped,14,1,5,1.0,1.0,1.0,0.1512627934268612,2.014829987062221
actnerf,L_Shaped,2,2,0,0.3828666666666667,0.5537289688087548,0.3828666666666667,0.028225772146395732,13.852032606010587
actnerf,L_Shaped,2,2,1,0.6925333333333333,0.8183393729320938,0.6925333333333333,0.05154254287484401,5.384393841320001
actnerf,L_Shaped,2,2,2,0.9832333333333333,0.9915457922248181,0.9832333333333333,0.08065682591366853,2.5544345671392836
actnerf,L_Shaped,2,2,3,0.9899333333333333,0.9949412040604375,0.9899333333333333,0.10421043259684795,2.3708967235529292
actnerf,L_Shaped,2,2,4,0.9947666666666667,0.997376468425714,0.9947666666666667,0.12831747823578724,2.2051569597282796
actnerf,L_Shaped,2,2,5,0.9994333333333333,0.9997165863661371,0.9994333333333333,0.1505912068998776,2.066930302937203
actnerf,L_Shaped,6,0,0,0.4286333333333333,0.6000606640378916,0.4286333333333333,0.02584688682098895,13.131749229881322
actnerf,L_Shaped,6,0,1,0.4463666666666667,0.6172247701136181,0.4463666666666667,0.050126601289722496,12.598350407232646
actnerf,L_Shaped,6,0,2,0.6765,0.8070384730092455,0.6765,0.07785156960407352,6.214031308550375
actnerf,L_Shaped,6,0,3,0.9993333333333333,0.9996665555185061,0.9993333333333333,0.10759588827701799,2.284424752427039
actnerf,L_Shaped,6,0,4,0.9999666666666667,0.999983333055551,0.9999666666666667,0.13413538973301628,2.0975416328300738
actnerf,L_Shaped,6,0,5,1.0,1.0,1.0,0.15822410231794504,1.977885567359926
actnerf,L_Shaped,10,1,0,0.38226666666666664,0.553101186457027,0.38226666666666664,0.025736644416292396,15.435041314296681
actnerf,L_Shaped,10,1,1,0.6568,0.7928536938676968,0.6568,0.048340630982887295,5.346899591805046
actnerf,L_Shaped,10,1,2,0.6969,0.8213801638281573,0.6969,0.06969423208013908,4.8931166207951815
actnerf,L_Shaped,10,1,3,0.8498333333333333,0.9188215154518425,0.8498333333333333,0.09113699130075056,3.4379987573546993
actnerf,L_Shaped,10,1,4,0.9188666666666667,0.9577180974881007,0.9188666666666667,0.11255657371891502,2.8511827412219537
actnerf,L_Shaped,10,1,5,0.9851666666666666,0.9925279153723449,0.9851666666666666,0.14130433970869155,2.193677750859113
actnerf,L_Shaped,13,2,0,0.44863333333333333,0.619388389056352,0.44863333333333333,0.029113963083183352,10.403311603524827
actnerf,L_Shaped,13,2,1,0.6378333333333334,0.7788745293578915,0.6378333333333334,0.04873768423459347,5.554684325974215
actnerf,L_Shaped,13,2,2,0.6649,0.7987266502492643,0.6649,0.06579475504163278,4.9573123800396255
actnerf,L_Shaped,13,2,3,0.7878333333333334,0.8813274913768995,0.7878333333333334,0.08957529639520932,3.7856698523577044
actnerf,L_Shaped,13,2,4,0.8292333333333334,0.9066457714525211,0.8292333333333334,0.11155861801799283,3.3420553287129517
actnerf,L_Shaped,13,2,5,0.8321333333333333,0.9083763918201004,0.8321333333333333,0.13412370230356518,3.238361016902323
actnerf,L_Shaped,0,1,0,0.3795,0.5501993475897065,0.3795,0.021944112965767877,10.949849726334758
actnerf,L_Shaped,0,1,1,0.6835333333333333,0.8120223339801211,0.6835333333333333,0.0480026756652394,4.889764577183396
actnerf,L_Shaped,0,1,2,0.7148333333333333,0.8337058995043249,0.7148333333333333,0.06952236439924298,4.417829547061147
actnerf,L_Shaped,0,1,3,0.9377333333333333,0.9678662354641161,0.9377333333333333,0.09630614280942908,2.6423547172925748
actnerf,L_Shaped,0,1,4,0.9780333333333333,0.9888946933823157,0.9780333333333333,0.12135610195541492,2.3522875481351377
actnerf,L_Shaped,0,1,5,0.9871333333333333,0.993525010903479,0.9871333333333333,0.14433437363072277,2.1047122300168972
actnerf,L_Shaped,3,1,0,0.3893,0.5604261138702944,0.3893,0.025750858855037487,14.058405910839323
actnerf,L_Shaped,3,1,1,0.6145333333333334,0.7612519613510612,0.6145333333333334,0.05127271050252563,7.151136604211951
actnerf,L_Shaped,3,1,2,0.6756333333333333,0.8064214525850922,0.6756333333333333,0.0737604082475881,6.543375802782006
actnerf,L_Shaped,3,1,3,0.6843,0.8125630825862377,0.6843,0.09442997875783705,6.324012340804524
actnerf,L_Shaped,3,1,4,0.8089,0.8943556857758859,0.8089,0.12005984055712521,4.172023286333902
actnerf,L_Shaped,3,1,5,0.8147,0.8978894583126688,0.8147,0.14375878960837074,4.026229971097668
actnerf,L_Shaped,14,2,0,0.5256666666666666,0.6890976622241644,0.5256666666666666,0.029311373635666445,9.765737866222075
actnerf,L_Shaped,14,2,1,0.7863666666666667,0.8804090239032674,0.7863666666666667,0.05166782540155579,3.9329434679712514
actnerf,L_Shaped,14,2,2,0.8243333333333334,0.9037091174858396,0.8243333333333334,0.07201139831640443,3.6486529990570102
actnerf,L_Shaped,14,2,3,0.8373333333333334,0.9114658925979681,0.8373333333333334,0.09056763180311703,3.49946548015596
actnerf,L_Shaped,14,2,4,0.8504666666666667,0.919191555283352,0.8504666666666667,0.10782299753798832,3.3403517902385547
actnerf,L_Shaped,14,2,5,0.8521,0.9201447006101182,0.8521,0.12385081015133595,3.274970270858671
actnerf,L_Shaped,10,2,0,0.38226666666666664,0.553101186457027,0.38226666666666664,0.025736644416292396,15.435041314296681
actnerf,L_Shaped,10,2,1,0.564,0.7212276214833758,0.564,0.05292472586367713,9.038103937344916
actnerf,L_Shaped,10,2,2,0.6832666666666667,0.8118341320448335,0.6832666666666667,0.0738410274707575,5.677474090660434
actnerf,L_Shaped,10,2,3,0.9097666666666666,0.9527516450526242,0.9097666666666666,0.10011994982520289,2.889825922346357
actnerf,L_Shaped,10,2,4,0.9770333333333333,0.9883832678592503,0.9770333333333333,0.12327510797379805,2.3281134402374217
actnerf,L_Shaped,10,2,5,0.9929333333333333,0.9964541379541045,0.9929333333333333,0.14844001131900192,2.122800817670418
actnerf,L_Shaped,5,2,0,0.34846666666666665,0.5168339348395709,0.34846666666666665,0.026636184470137155,15.50518701302228
actnerf,L_Shaped,5,2,1,0.6434,0.7830108312036023,0.6434,0.048785019983268826,6.571447847154353
actnerf,L_Shaped,5,2,2,0.8649666666666667,0.9275947738118644,0.8649666666666667,0.0764650793056012,3.309713262310565
actnerf,L_Shaped,5,2,3,0.9509333333333333,0.9748496446145434,0.9509333333333333,0.10131804688297268,2.5251044732406416
actnerf,L_Shaped,5,2,4,0.9734333333333334,0.986537844365995,0.9734333333333334,0.12410018649861868,2.2726289838904323
actnerf,L_Shaped,5,2,5,0.9795,0.9896438494569336,0.9795,0.14446027375647363,2.1724428776578892
actnerf,L_Shaped,3,2,0,0.3893,0.5604261138702944,0.3893,0.025750858855037487,14.058405910839323
actnerf,L_Shaped,3,2,1,0.6145333333333334,0.7612519613510612,0.6145333333333334,0.05127271050252563,7.151136604211951
actnerf,L_Shaped,3,2,2,0.6756333333333333,0.8064214525850922,0.6756333333333333,0.0737604082475881,6.543375802782006
actnerf,L_Shaped,3,2,3,0.9706,0.9850806860854562,0.9706,0.09869683846119197,2.4595801902247363
actnerf,L_Shaped,3,2,4,0.985,0.9924433249370278,0.985,0.1217893469997616,2.226477402531246
actnerf,L_Shaped,3,2,5,1.0,1.0,1.0,0.14714699418840468,2.019779066468525
actnerf,L_Shaped,12,2,0,0.4872,0.6551909628832706,0.4872,0.02719481159357569,9.297874051625177
actnerf,L_Shaped,12,2,1,0.6386,0.7794458684242647,0.6386,0.05252511914363802,6.39815785157827
actnerf,L_Shaped,12,2,2,0.8085,0.8941111418302461,0.8085,0.07818313016553849,3.8979803969974944
actnerf,L_Shaped,12,2,3,0.8315,0.9079989079989079,0.8315,0.10129765280607185,3.627722283214364
actnerf,L_Shaped,12,2,4,0.9777,0.9887242756737624,0.9777,0.1273699084502682,2.270458933772094
actnerf,L_Shaped,12,2,5,0.9979333333333333,0.9989655977843772,0.9979333333333333,0.14838013932457067,2.08144906760667
actnerf,L_Shaped,7,1,0,0.36233333333333334,0.5319305113775386,0.36233333333333334,0.025035502203226638,15.180749479319928
actnerf,L_Shaped,7,1,1,0.7115,0.8314344142565001,0.7115,0.053981692754897365,5.535794323947272
actnerf,L_Shaped,7,1,2,0.9908666666666667,0.9954123832166895,0.9908666666666667,0.08078573102294542,2.4960552126291216
actnerf,L_Shaped,7,1,3,0.9940333333333333,0.9970077397569416,0.9940333333333333,0.10583610593295227,2.3127177752062424
actnerf,L_Shaped,7,1,4,0.9996333333333334,0.9998166330493924,0.9996333333333334,0.12885263254058596,2.151287065740111
actnerf,L_Shaped,7,1,5,0.9996333333333334,0.9998166330493924,0.9996333333333334,0.15054494203418167,2.070353210817676
actnerf,L_Shaped,7,2,0,0.36233333333333334,0.5319305113775386,0.36233333333333334,0.025035502203226638,15.180749479319928
actnerf,L_Shaped,7,2,1,0.7115,0.8314344142565001,0.7115,0.053981692754897365,5.535794323947272
actnerf,L_Shaped,7,2,2,0.9908666666666667,0.9954123832166895,0.9908666666666667,0.08078573102294542,2.4960552126291216
actnerf,L_Shaped,7,2,3,0.9940333333333333,0.9970077397569416,0.9940333333333333,0.10583610593295227,2.3127177752062424
actnerf,L_Shaped,7,2,4,0.9974333333333333,0.9987150176059275,0.9974333333333333,0.13009090197245163,2.188364783604563
actnerf,L_Shaped,7,2,5,0.9975,0.9987484355444306,0.9975,0.15312002680853876,2.0367949477355025
actnerf,L_Shaped,13,1,0,0.44863333333333333,0.619388389056352,0.44863333333333333,0.029113963083183352,10.403311603524827
actnerf,L_Shaped,13,1,1,0.5605666666666667,0.7184142512335263,0.5605666666666667,0.051917657849008335,7.801835090860468
actnerf,L_Shaped,13,1,2,0.7161666666666666,0.8346120229192968,0.7161666666666666,0.07207304158112401,5.262888415280461
actnerf,L_Shaped,13,1,3,0.7271333333333333,0.842011811479523,0.7271333333333333,0.09025754983176647,5.0875270400245265
actnerf,L_Shaped,13,1,4,0.7862333333333333,0.8803254520685987,0.7862333333333333,0.11628434072606054,4.497811377811259
actnerf,L_Shaped,13,1,5,0.8019,0.8900604917032022,0.8019,0.13970840209121896,4.262670136690545
actnerf,L_Shaped,2,1,0,0.3828666666666667,0.5537289688087548,0.3828666666666667,0.028225772146395732,13.852032606010587
actnerf,L_Shaped,2,1,1,0.6925333333333333,0.8183393729320938,0.6925333333333333,0.05154254287484401,5.384393841320001
actnerf,L_Shaped,2,1,2,0.9832333333333333,0.9915457922248181,0.9832333333333333,0.08065682591366853,2.5544345671392836
actnerf,L_Shaped,2,1,3,0.9848666666666667,0.992375642360528,0.9848666666666667,0.10451445513125253,2.397172669329676
actnerf,L_Shaped,2,1,4,0.9853333333333333,0.9926124916051041,0.9853333333333333,0.12667295224175634,2.2997345516395757
actnerf,L_Shaped,2,1,5,0.9948333333333333,0.9974099757707412,0.9948333333333333,0.1521167309944553,2.0402629832553756
actnerf,L_Shaped,6,2,0,0.4286333333333333,0.6000606640378916,0.4286333333333333,0.02584688682098895,13.131749229881322
actnerf,L_Shaped,6,2,1,0.6331333333333333,0.7753602481936563,0.6331333333333333,0.048623721514284964,7.478078525514295
actnerf,L_Shaped,6,2,2,0.8226666666666667,0.902706656912948,0.8226666666666667,0.07569741063561583,3.77965644170971
actnerf,L_Shaped,6,2,3,0.9411333333333334,0.9696740735652711,0.9411333333333334,0.10176785105073191,2.746384955646916
actnerf,L_Shaped,6,2,4,0.9985333333333334,0.999266128494229,0.9985333333333334,0.12462347719157348,2.252624473869562
actnerf,L_Shaped,6,2,5,0.9999333333333333,0.9999666655555185,0.9999333333333333,0.14709346851172142,2.119267152023152
actnerf,L_Shaped,8,1,0,0.41063333333333335,0.5821971218601574,0.41063333333333335,0.02461071157282423,10.734097685788102
actnerf,L_Shaped,8,1,1,0.6551333333333333,0.791638135900431,0.6551333333333333,0.04666959840018918,4.870772108285128
actnerf,L_Shaped,8,1,2,0.8916666666666667,0.9427312775330398,0.8916666666666667,0.07100049634514352,3.043931636612598
actnerf,L_Shaped,8,1,3,0.9611333333333333,0.9801815276880715,0.9611333333333333,0.09672502990385863,2.5124042177448818
actnerf,L_Shaped,8,1,4,0.9613,0.9802681894661704,0.9613,0.1189002065150895,2.4267674507321537
actnerf,L_Shaped,8,1,5,0.9613,0.9802681894661704,0.9613,0.14061540834376413,2.3625994744516974
actnerf,L_Shaped,11,2,0,0.4447333333333333,0.6156614830879978,0.4447333333333333,0.025925881469504326,12.572793490972092
actnerf,L_Shaped,11,2,1,0.7401333333333333,0.8506627844609609,0.7401333333333333,0.05429310310860454,5.026883777624795
actnerf,L_Shaped,11,2,2,0.7603333333333333,0.8638515432683204,0.7603333333333333,0.08023364960427633,4.683375510419223
actnerf,L_Shaped,11,2,3,0.7652333333333333,0.867005306191816,0.7652333333333333,0.10397964283226194,4.562199694101298
actnerf,L_Shaped,11,2,4,0.7710666666666667,0.8707370322969209,0.7710666666666667,0.1255922068561605,4.432762902518165
actnerf,L_Shaped,11,2,5,0.7778,0.875014062324221,0.7778,0.14719037418663558,4.307572110235624
actnerf,Cylinder,14,0,0,0.4622,0.6321980577212419,0.4622,0.07094188725181882,12.257721178061203
actnerf,Cylinder,14,0,1,0.7203333333333334,0.8374346056965704,0.7203333333333334,0.10643452509299692,5.051730810705484
actnerf,Cylinder,14,0,2,0.9968,0.998397435897436,0.9968,0.14419221555300668,2.427871775424147
actnerf,Cylinder,14,0,3,0.9995,0.9997499374843711,0.9995,0.1851633313239739,2.256016699672817
actnerf,Cylinder,14,0,4,0.9995,0.9997499374843711,0.9995,0.230323168017008,2.1349472319828813
actnerf,Cylinder,14,0,5,0.9997333333333334,0.9998666488865182,0.9997333333333334,0.26014451667234817,2.0243982936258815
actnerf,Cylinder,6,1,0,0.4404,0.6114968064426549,0.4404,0.07243295612676162,12.632372419743351
actnerf,Cylinder,6,1,1,0.6932,0.8188046302858493,0.6932,0.10989248808107997,5.7990076088618085
actnerf,Cylinder,6,1,2,0.7787333333333334,0.875604362655073,0.7787333333333334,0.15666060693287773,4.34116758290803
actnerf,Cylinder,6,1,3,0.9708,0.9851836817536025,0.9708,0.1908069248003181,2.3703281737831836
actnerf,Cylinder,6,1,4,0.9811,0.9904598455403563,0.9811,0.22145055307403355,2.2163853248263217
actnerf,Cylinder,6,1,5,0.9811,0.9904598455403563,0.9811,0.2511884637573965,2.111043500677448
actnerf,Cylinder,8,2,0,0.3218666666666667,0.4869880976397014,0.3218666666666667,0.034825256369194896,16.460488369487525
actnerf,Cylinder,8,2,1,0.6497,0.7876583621264472,0.6497,0.06684036493910278,5.581602986493603
actnerf,Cylinder,8,2,2,0.7707333333333334,0.8705244531455895,0.7707333333333334,0.10060058817257032,4.436386351477018
actnerf,Cylinder,8,2,3,0.8317333333333333,0.9081380113553648,0.8317333333333333,0.13724876206608316,3.2994649943466396
actnerf,Cylinder,8,2,4,0.8563333333333333,0.9226072903573352,0.8563333333333333,0.16917760313880773,3.0723769112828196
actnerf,Cylinder,8,2,5,0.9271333333333334,0.9621890891479573,0.9271333333333334,0.2163620721197193,2.5624311914964415
actnerf,Cylinder,12,1,0,0.4283666666666667,0.5997993045669879,0.4283666666666667,0.037229928310940866,13.223156253210027
actnerf,Cylinder,12,1,1,0.6865666666666667,0.8141589422297764,0.6865666666666667,0.10965571308832021,5.9039207935919675
actnerf,Cylinder,12,1,2,0.6981,0.8222130616571462,0.6981,0.16016684609498183,5.660697544608419
actnerf,Cylinder,12,1,3,0.8627666666666667,0.9263282214626989,0.8627666666666667,0.19502538943799336,3.297309488795074
actnerf,Cylinder,12,1,4,0.9112,0.9535370447886145,0.9112,0.22901368123507904,2.7253054833611667
actnerf,Cylinder,12,1,5,0.9236666666666666,0.9603188355570959,0.9236666666666666,0.25989162733953375,2.4911881464376955
actnerf,Cylinder,8,0,0,0.3218666666666667,0.4869880976397014,0.3218666666666667,0.034825256369194896,16.460488369487525
actnerf,Cylinder,8,0,1,0.4463,0.6171610315978704,0.4463,0.0665388009108804,11.546473012509889
actnerf,Cylinder,8,0,2,0.5787666666666667,0.7331883537782657,0.5787666666666667,0.09672318272508945,7.007930929132562
actnerf,Cylinder,8,0,3,0.6953666666666667,0.8203141896541555,0.6953666666666667,0.12587057818451797,4.94907601611993
actnerf,Cylinder,8,0,4,0.7109666666666666,0.8310701552728477,0.7109666666666666,0.15334428503559316,4.661913862266677
actnerf,Cylinder,8,0,5,0.8389,0.9123932785904617,0.8389,0.18405380024750026,3.364736881390408
actnerf,Cylinder,1,1,0,0.45563333333333333,0.6260276168449014,0.45563333333333333,0.038555758884770044,12.427296506581092
actnerf,Cylinder,1,1,1,0.6294333333333333,0.77257942433975,0.6294333333333333,0.08181303610182605,6.576316785475363
actnerf,Cylinder,1,1,2,0.8525,0.9203778677462888,0.8525,0.1434042087751129,3.865580756912925
actnerf,Cylinder,1,1,3,0.9944666666666667,0.9972256576528395,0.9944666666666667,0.1797294270280097,2.278426625252782
actnerf,Cylinder,1,1,4,1.0,1.0,1.0,0.20633279533974935,2.1282124109676688
actnerf,Cylinder,1,1,5,1.0,1.0,1.0,0.2322946139580995,2.0495444857605816
actnerf,Cylinder,5,0,0,0.3691333333333333,0.5392218921945756,0.3691333333333333,0.03528869778747454,13.270884564329231
actnerf,Cylinder,5,0,1,0.4929,0.6603255408935628,0.4929,0.06601085963626453,11.82378099164935
actnerf,Cylinder,5,0,2,0.7274666666666667,0.8422352577956159,0.7274666666666667,0.09719815952974427,4.995280839492255
actnerf,Cylinder,5,0,3,0.7904,0.8829311885612153,0.7904,0.12818249365957138,4.05114147909895
actnerf,Cylinder,5,0,4,0.8681666666666666,0.9294317066642875,0.8681666666666666,0.1652227513925131,3.0158475392797506
actnerf,Cylinder,5,0,5,0.9204333333333333,0.9585683786645375,0.9204333333333333,0.19486668350795236,2.6271383701540434
actnerf,Cylinder,4,2,0,0.4497,0.6204042215630821,0.4497,0.03714495919318417,12.37535092847984
actnerf,Cylinder,4,2,1,0.7469,0.8551147747438319,0.7469,0.10431496189610558,5.376973786087877
actnerf,Cylinder,4,2,2,0.9937666666666667,0.996873589353485,0.9937666666666667,0.1536382983130966,2.429842263848786
actnerf,Cylinder,4,2,3,0.9954,0.9976946978049513,0.9954,0.19398469381200395,2.265268866424705
actnerf,Cylinder,4,2,4,0.9999333333333333,0.9999666655555185,0.9999333333333333,0.22397410206861715,2.1280672909645526
actnerf,Cylinder,4,2,5,0.9999666666666667,0.999983333055551,0.9999666666666667,0.26042245896505734,1.962213546639537
actnerf,Cylinder,11,0,0,0.45203333333333334,0.6226211519478433,0.45203333333333334,0.038650630360103064,12.642000645729896
actnerf,Cylinder,11,0,1,0.7931666666666667,0.884654707686588,0.7931666666666667,0.09817418889217348,4.6267109348155095
actnerf,Cylinder,11,0,2,0.9949333333333333,0.997460232589226,0.9949333333333333,0.1409928368566394,2.4606512593472307
actnerf,Cylinder,11,0,3,0.9980333333333333,0.9990156987704576,0.9980333333333333,0.17832943474788207,2.310539000288888
actnerf,Cylinder,11,0,4,0.9981666666666666,0.9990824922845942,0.9981666666666666,0.208919198168653,2.117872705186503
actnerf,Cylinder,11,0,5,0.9981666666666666,0.9990824922845942,0.9981666666666666,0.23532898061238022,2.04661157361158
actnerf,Cylinder,10,0,0,0.4382,0.6093728271450424,0.4382,0.037815424397376354,12.737200085037252
actnerf,Cylinder,10,0,1,0.7205,0.8375472246439989,0.7205,0.07360431584004094,5.141165469128743
actnerf,Cylinder,10,0,2,0.7750333333333334,0.8732605960451446,0.7750333333333334,0.10447174296294305,4.389209334355358
actnerf,Cylinder,10,0,3,0.7779,0.8750773384329827,0.7779,0.1333906990723373,4.2960789173226335
actnerf,Cylinder,10,0,4,0.7813,0.8772244989614327,0.7813,0.15665956840347003,4.216923868768367
actnerf,Cylinder,10,0,5,0.8181666666666667,0.8999908332569438,0.8181666666666667,0.18337922808929305,3.607112472277374
actnerf,Cylinder,3,0,0,0.3999666666666667,0.5713945570132622,0.3999666666666667,0.042971102831922486,12.371023112914303
actnerf,Cylinder,3,0,1,0.6671333333333334,0.8003359059463351,0.6671333333333334,0.08947510124627221,5.992846806157859
actnerf,Cylinder,3,0,2,0.6876666666666666,0.8149318585818685,0.6876666666666666,0.12788044677687635,5.6176268320606875
actnerf,Cylinder,3,0,3,0.7008333333333333,0.8241058304752573,0.7008333333333333,0.16124797337455538,5.453169149725167
actnerf,Cylinder,3,0,4,0.8461,0.9166350685228319,0.8461,0.1897672564015607,3.5326752452992998
actnerf,Cylinder,3,0,5,0.8523666666666667,0.9203001565564773,0.8523666666666667,0.21265305121886527,3.362672103453136
actnerf,Cylinder,0,0,0,0.3314,0.4978218416704221,0.3314,0.034779872506054105,15.220241163083129
actnerf,Cylinder,0,0,1,0.6757333333333333,0.8064926798217695,0.6757333333333333,0.0694103802649877,5.435098815200008
actnerf,Cylinder,0,0,2,0.7110333333333333,0.8311157000642886,0.7110333333333333,0.0983612835123778,4.990188906431046
actnerf,Cylinder,0,0,3,0.8655666666666667,0.9279396787392571,0.8655666666666667,0.1323824684875159,3.2190827151538497
actnerf,Cylinder,0,0,4,0.8738333333333334,0.9326692164013164,0.8738333333333334,0.16104488955516066,3.0443293207281523
actnerf,Cylinder,0,0,5,0.8795,0.9358872040436286,0.8795,0.1859878610274186,2.9343665593037387
actnerf,Cylinder,1,2,0,0.45563333333333333,0.6260276168449014,0.45563333333333333,0.038555758884770044,12.427296506581092
actnerf,Cylinder,1,2,1,0.7755666666666666,0.8735990388045131,0.7755666666666666,0.11239584541792512,4.8982598565600695
actnerf,Cylinder,1,2,2,0.9865,0.9932041278630759,0.9865,0.14589881004861832,2.498671237514636
actnerf,Cylinder,1,2,3,0.9982333333333333,0.9991158856990341,0.9982333333333333,0.17805293148562112,2.241624431462798
actnerf,Cylinder,1,2,4,0.9998,0.9998999899989999,0.9998,0.20741572792694765,2.1117155010418993
actnerf,Cylinder,1,2,5,1.0,1.0,1.0,0.2390075852609058,2.0007482178299254
actnerf,Cylinder,5,1,0,0.3691333333333333,0.5392218921945756,0.3691333333333333,0.03528869778747454,13.270884564329231
actnerf,Cylinder,5,1,1,0.6533,0.7902981914957963,0.6533,0.0778009743627637,5.565529594159357
actnerf,Cylinder,5,1,2,0.6847,0.8128450169169585,0.6847,0.1138279766374738,5.232296953496908
actnerf,Cylinder,5,1,3,0.7014,0.8244974726695663,0.7014,0.14626922138246615,5.001085675433404
actnerf,Cylinder,5,1,4,0.7124666666666667,0.8320940553587417,0.7124666666666667,0.1720145462487217,4.864536788251116
actnerf,Cylinder,5,1,5,0.7199333333333333,0.8371642311717509,0.7199333333333333,0.19592542781003564,4.777660045186435
actnerf,Cylinder,13,0,0,0.33663333333333334,0.5037033342477368,0.33663333333333334,0.0348292514590591,15.66963798567849
actnerf,Cylinder,13,0,1,0.5033333333333333,0.6696230598669622,0.5033333333333333,0.06742517280651848,8.845925682097102
actnerf,Cylinder,13,0,2,0.6808666666666666,0.810137627414429,0.6808666666666666,0.14753869416402418,4.932548941900785
actnerf,Cylinder,13,0,3,0.6959,0.8206851819093106,0.6959,0.17741340303516745,4.654180356853203
actnerf,Cylinder,13,0,4,0.7967,0.8868481104246674,0.7967,0.20912385151880353,3.6121792411470004
actnerf,Cylinder,13,0,5,0.8302333333333334,0.9072431566102683,0.8302333333333334,0.2370756387993433,3.3009734937783337
actnerf,Cylinder,0,2,0,0.3314,0.4978218416704221,0.3314,0.034779872506054105,15.220241163083129
actnerf,Cylinder,0,2,1,0.6757333333333333,0.8064926798217695,0.6757333333333333,0.0694103802649877,5.435098815200008
actnerf,Cylinder,0,2,2,0.9514,0.9750948037306549,0.9514,0.12839149102137026,2.669424151173882
actnerf,Cylinder,0,2,3,0.9612333333333334,0.9802335265224263,0.9612333333333334,0.1756930878356687,2.44771105104615
actnerf,Cylinder,0,2,4,0.9825333333333334,0.9911897235859842,0.9825333333333334,0.20892135134518883,2.1941640507932605
actnerf,Cylinder,0,2,5,0.9825333333333334,0.9911897235859842,0.9825333333333334,0.2383142284047929,2.127318935181991
actnerf,Cylinder,9,1,0,0.46113333333333334,0.6311995254825021,0.46113333333333334,0.03690645016828521,11.814755628574291
actnerf,Cylinder,9,1,1,0.7812666666666667,0.8772034881544968,0.7812666666666667,0.09244545672763108,4.6818453572236525
actnerf,Cylinder,9,1,2,0.8235666666666667,0.9032482132085473,0.8235666666666667,0.12526354043127969,3.926406549502141
actnerf,Cylinder,9,1,3,0.9007666666666667,0.9477929958087088,0.9007666666666667,0.15288092197298653,2.9006365658198487
actnerf,Cylinder,9,1,4,0.9918333333333333,0.9958999246924943,0.9918333333333333,0.20830556137230163,2.2191390800092745
actnerf,Cylinder,9,1,5,0.9939666666666667,0.9969742055199853,0.9939666666666667,0.251323599058469,2.064450401738791
actnerf,Cylinder,11,1,0,0.45203333333333334,0.6226211519478433,0.45203333333333334,0.038650630360103064,12.642000645729896
actnerf,Cylinder,11,1,1,0.7931666666666667,0.884654707686588,0.7931666666666667,0.09817418889217348,4.6267109348155095
actnerf,Cylinder,11,1,2,0.8061,0.8926416034549582,0.8061,0.1432812606245933,4.394627265403589
actnerf,Cylinder,11,1,3,0.9128666666666667,0.9544488202697522,0.9128666666666667,0.1762486635597665,2.8733745444831866
actnerf,Cylinder,11,1,4,0.9265666666666666,0.9618838348011143,0.9265666666666666,0.20557333685168852,2.660560169431522
actnerf,Cylinder,11,1,5,0.9356666666666666,0.9667642500430514,0.9356666666666666,0.23089043706847148,2.5218949872382446
actnerf,Cylinder,9,0,0,0.46113333333333334,0.6311995254825021,0.46113333333333334,0.03690645016828521,11.814755628574291
actnerf,Cylinder,9,0,1,0.7812666666666667,0.8772034881544968,0.7812666666666667,0.09244545672763108,4.6818453572236525
actnerf,Cylinder,9,0,2,0.8235666666666667,0.9032482132085473,0.8235666666666667,0.12526354043127969,3.926406549502141
actnerf,Cylinder,9,0,3,0.9982666666666666,0.9991325815706946,0.9982666666666666,0.17783630051741567,2.271179214591337
actnerf,Cylinder,9,0,4,0.9999333333333333,0.9999666655555185,0.9999333333333333,0.22088068349050832,2.1266137895890203
actnerf,Cylinder,9,0,5,1.0,1.0,1.0,0.2537630228907385,2.034674602445541
actnerf,Cylinder,2,0,0,0.4153,0.5868720412633364,0.4153,0.037143142865390416,12.51684769195079
actnerf,Cylinder,2,0,1,0.6696333333333333,0.8021322046756773,0.6696333333333333,0.12095466145410666,5.768014917442366
actnerf,Cylinder,2,0,2,0.9361,0.966995506430453,0.9361,0.1577653326535405,2.7506072993136774
actnerf,Cylinder,2,0,3,0.9564,0.9777141688816193,0.9564,0.18950797435908112,2.511847266188548
actnerf,Cylinder,2,0,4,0.9632,0.9812550937245313,0.9632,0.21798104548074393,2.324560149139313
actnerf,Cylinder,2,0,5,0.9836666666666667,0.991766089732818,0.9836666666666667,0.25468678940900225,2.070287013103059
actnerf,Cylinder,12,0,0,0.4283666666666667,0.5997993045669879,0.4283666666666667,0.037229928310940866,13.223156253210027
actnerf,Cylinder,12,0,1,0.5589666666666666,0.7170989330539459,0.5589666666666666,0.06963627160212109,9.449040623033596
actnerf,Cylinder,12,0,2,0.814,0.8974641675854464,0.814,0.1318353935746674,4.197542253993663
actnerf,Cylinder,12,0,3,0.8320666666666666,0.9083366689712893,0.8320666666666666,0.17931887556475803,3.882495298168744
actnerf,Cylinder,12,0,4,0.8368,0.9111498257839721,0.8368,0.21714279371540066,3.7315949800123813
actnerf,Cylinder,12,0,5,0.8568666666666667,0.9229167414641152,0.8568666666666667,0.24376857161081578,3.382132029879923
actnerf,Cylinder,4,1,0,0.4497,0.6204042215630821,0.4497,0.03714495919318417,12.37535092847984
actnerf,Cylinder,4,1,1,0.4855,0.6536519690339953,0.4855,0.0707073492034155,11.562659790791555
actnerf,Cylinder,4,1,2,0.7089333333333333,0.8296793321370055,0.7089333333333333,0.14491397580894963,5.589018232743393
actnerf,Cylinder,4,1,3,0.9583,0.978706020528009,0.9583,0.18838276180224148,2.480100142734131
actnerf,Cylinder,4,1,4,0.9686,0.984049578380575,0.9686,0.22614663161524612,2.302594628546608
actnerf,Cylinder,4,1,5,0.9864,0.9931534434152235,0.9864,0.2585255587146452,2.063031972177867
actnerf,Cylinder,4,0,0,0.4497,0.6204042215630821,0.4497,0.03714495919318417,12.37535092847984
actnerf,Cylinder,4,0,1,0.4855,0.6536519690339953,0.4855,0.0707073492034155,11.562659790791555
actnerf,Cylinder,4,0,2,0.5765666666666667,0.7314205975008986,0.5765666666666667,0.1015050735884868,8.779362174024259
actnerf,Cylinder,4,0,3,0.7859666666666667,0.8801582709643704,0.7859666666666667,0.16217016055433311,4.603882261237224
actnerf,Cylinder,4,0,4,0.9137666666666666,0.9549405186978559,0.9137666666666666,0.2193993898321615,2.8670200251221947
actnerf,Cylinder,4,0,5,0.9187,0.957627560327305,0.9187,0.2590987220313339,2.6675815361249446
actnerf,Cylinder,7,0,0,0.44316666666666665,0.6141586788312737,0.44316666666666665,0.06767401355853285,12.800699698783243
actnerf,Cylinder,7,0,1,0.6643333333333333,0.7983176447025836,0.6643333333333333,0.10179502407601398,6.473913674046055
actnerf,Cylinder,7,0,2,0.9843333333333333,0.9921048210986058,0.9843333333333333,0.1403521461788867,2.47637887743984
actnerf,Cylinder,7,0,3,0.9949,0.9974434808762345,0.9949,0.17360049753477297,2.2492295546183816
actnerf,Cylinder,7,0,4,0.9955,0.9977449260836884,0.9955,0.2061025046402663,2.1151133283751786
actnerf,Cylinder,7,0,5,0.9957333333333334,0.9978621058257616,0.9957333333333334,0.23576886507066178,2.039121622494074
actnerf,Cylinder,9,2,0,0.46113333333333334,0.6311995254825021,0.46113333333333334,0.03690645016828521,11.814755628574291
actnerf,Cylinder,9,2,1,0.7812666666666667,0.8772034881544968,0.7812666666666667,0.09244545672763108,4.6818453572236525
actnerf,Cylinder,9,2,2,0.9869333333333333,0.9934237015165749,0.9869333333333333,0.13351129841408793,2.5314590039747045
actnerf,Cylinder,9,2,3,0.9909333333333333,0.995446021966247,0.9909333333333333,0.16677649963848137,2.3431345879883265
actnerf,Cylinder,9,2,4,0.9913,0.9956309948274996,0.9913,0.19263925979400146,2.2839583969152986
actnerf,Cylinder,9,2,5,0.9957666666666667,0.9978788435521855,0.9957666666666667,0.23461441476377434,2.1744117429338528
actnerf,Cylinder,1,0,0,0.45563333333333333,0.6260276168449014,0.45563333333333333,0.038555758884770044,12.427296506581092
actnerf,Cylinder,1,0,1,0.7755666666666666,0.8735990388045131,0.7755666666666666,0.11239584541792512,4.8982598565600695
actnerf,Cylinder,1,0,2,0.7892333333333333,0.8822028056709579,0.7892333333333333,0.1604508165026548,4.666276349729085
actnerf,Cylinder,1,0,3,0.8573,0.9231680396274161,0.8573,0.19322972311029724,3.5124027295158085
actnerf,Cylinder,1,0,4,0.9807666666666667,0.990289955067903,0.9807666666666667,0.22803107399635866,2.175219952776697
actnerf,Cylinder,1,0,5,0.9808,0.9903069466882068,0.9808,0.25444005610545456,2.120249219900008
actnerf,Cylinder,14,1,0,0.4622,0.6321980577212419,0.4622,0.07094188725181882,12.257721178061203
actnerf,Cylinder,14,1,1,0.7203333333333334,0.8374346056965704,0.7203333333333334,0.10643452509299692,5.051730810705484
actnerf,Cylinder,14,1,2,0.7941333333333334,0.8852556480380499,0.7941333333333334,0.15204886585590474,3.8112914157833746
actnerf,Cylinder,14,1,3,0.8994666666666666,0.947072862557911,0.8994666666666666,0.19275678617486838,2.8767633406984054
actnerf,Cylinder,14,1,4,0.9191666666666667,0.9578810247503257,0.9191666666666667,0.22573515347738515,2.611270025173737
actnerf,Cylinder,14,1,5,0.9890666666666666,0.9945032846226036,0.9890666666666666,0.2555372708596868,2.151383743261377
actnerf,Cylinder,2,2,0,0.4153,0.5868720412633364,0.4153,0.037143142865390416,12.51684769195079
actnerf,Cylinder,2,2,1,0.6696333333333333,0.8021322046756773,0.6696333333333333,0.12095466145410666,5.768014917442366
actnerf,Cylinder,2,2,2,0.9361,0.966995506430453,0.9361,0.1577653326535405,2.7506072993136774
actnerf,Cylinder,2,2,3,0.9645,0.9819292440824637,0.9645,0.1903460909599801,2.437063493290987
actnerf,Cylinder,2,2,4,0.9993333333333333,0.9996665555185061,0.9993333333333333,0.223143121393677,2.0808518619673797
actnerf,Cylinder,2,2,5,0.9999666666666667,0.999983333055551,0.9999666666666667,0.26174813193278446,1.9646863325596438
actnerf,Cylinder,6,0,0,0.4404,0.6114968064426549,0.4404,0.07243295612676162,12.632372419743351
actnerf,Cylinder,6,0,1,0.47683333333333333,0.645751043900237,0.47683333333333333,0.12174782403333022,11.730855734613892
actnerf,Cylinder,6,0,2,0.7571333333333333,0.8617824486853587,0.7571333333333333,0.15633816731527647,4.933086213322961
actnerf,Cylinder,6,0,3,0.9865666666666667,0.993237914660134,0.9865666666666667,0.19217841297596774,2.3119922229961327
actnerf,Cylinder,6,0,4,0.9911666666666666,0.9955637398510087,0.9911666666666666,0.22200155852431855,2.1706578784741524
actnerf,Cylinder,6,0,5,0.9962666666666666,0.9981298423724285,0.9962666666666666,0.2579483794442291,2.053138440856662
actnerf,Cylinder,10,1,0,0.4382,0.6093728271450424,0.4382,0.037815424397376354,12.737200085037252
actnerf,Cylinder,10,1,1,0.7205,0.8375472246439989,0.7205,0.07360431584004094,5.141165469128743
actnerf,Cylinder,10,1,2,0.7299,0.843863807156483,0.7299,0.10519802156763781,4.917702206850877
actnerf,Cylinder,10,1,3,0.8808333333333334,0.9366415595923793,0.8808333333333334,0.16683955540643527,3.1162415736939573
actnerf,Cylinder,10,1,4,0.9728666666666667,0.9862467475416484,0.9728666666666667,0.19985148251085583,2.325799290437967
actnerf,Cylinder,10,1,5,0.9737,0.9866747732684805,0.9737,0.22975644609113333,2.2377678873547295
actnerf,Cylinder,13,2,0,0.33663333333333334,0.5037033342477368,0.33663333333333334,0.0348292514590591,15.66963798567849
actnerf,Cylinder,13,2,1,0.6383,0.7792223646462796,0.6383,0.11279018931979015,5.808431182114307
actnerf,Cylinder,13,2,2,0.6791333333333334,0.808909358002144,0.6791333333333334,0.1508421659868599,5.44090768910532
actnerf,Cylinder,13,2,3,0.8462333333333333,0.916713308177009,0.8462333333333333,0.18422778620817076,3.4016175193469533
actnerf,Cylinder,13,2,4,0.8582666666666666,0.9237282054961612,0.8582666666666666,0.21266610793131846,3.171536951099204
actnerf,Cylinder,13,2,5,0.9642,0.9817737501272783,0.9642,0.24229933724244385,2.2896385336325595
actnerf,Cylinder,0,1,0,0.3314,0.4978218416704221,0.3314,0.034779872506054105,15.220241163083129
actnerf,Cylinder,0,1,1,0.6757333333333333,0.8064926798217695,0.6757333333333333,0.0694103802649877,5.435098815200008
actnerf,Cylinder,0,1,2,0.9514,0.9750948037306549,0.9514,0.12839149102137026,2.669424151173882
actnerf,Cylinder,0,1,3,0.9696,0.9845653939886272,0.9696,0.1828233077956243,2.420603547781659
actnerf,Cylinder,0,1,4,0.9763,0.9880078935384303,0.9763,0.22605497392894544,2.2881575846596776
actnerf,Cylinder,0,1,5,0.9852333333333333,0.9925617475695552,0.9852333333333333,0.2580425049581472,2.1006190578035677
actnerf,Cylinder,3,1,0,0.3999666666666667,0.5713945570132622,0.3999666666666667,0.042971102831922486,12.371023112914303
actnerf,Cylinder,3,1,1,0.6671333333333334,0.8003359059463351,0.6671333333333334,0.08947510124627221,5.992846806157859
actnerf,Cylinder,3,1,2,0.7326666666666667,0.8457098884186225,0.7326666666666667,0.15789840442967598,4.921086553517469
actnerf,Cylinder,3,1,3,0.9849333333333333,0.9924094847853833,0.9849333333333333,0.19387018382932056,2.312733691759021
actnerf,Cylinder,3,1,4,0.9872333333333333,0.9935756579499136,0.9872333333333333,0.2284605565857393,2.136991782336996
actnerf,Cylinder,3,1,5,1.0,1.0,1.0,0.25550020074003393,1.9545000717910137
actnerf,Cylinder,14,2,0,0.4622,0.6321980577212419,0.4622,0.07094188725181882,12.257721178061203
actnerf,Cylinder,14,2,1,0.7203333333333334,0.8374346056965704,0.7203333333333334,0.10643452509299692,5.051730810705484
actnerf,Cylinder,14,2,2,0.7688333333333334,0.8693112220861209,0.7688333333333334,0.13698971441455068,4.492746259026399
actnerf,Cylinder,14,2,3,0.7916666666666666,0.8837209302325582,0.7916666666666666,0.1636955977440467,4.297536137152682
actnerf,Cylinder,14,2,4,0.7996,0.8886419204267615,0.7996,0.18589049092007623,4.180402774799513
actnerf,Cylinder,14,2,5,0.8143,0.8976464752246045,0.8143,0.20653043379210603,3.9995339965115275
actnerf,Cylinder,10,2,0,0.4382,0.6093728271450424,0.4382,0.037815424397376354,12.737200085037252
actnerf,Cylinder,10,2,1,0.5546,0.7134954329087868,0.5546,0.07172357482566662,9.609390931500917
actnerf,Cylinder,10,2,2,0.7649666666666667,0.866834123401764,0.7649666666666667,0.13199264066317415,4.8511675996886
actnerf,Cylinder,10,2,3,0.8944333333333333,0.9442753329931555,0.8944333333333333,0.16622747670065513,3.040879242252948
actnerf,Cylinder,10,2,4,0.9981,0.9990490966418097,0.9981,0.19878840515656607,2.174323033242831
actnerf,Cylinder,10,2,5,0.9999666666666667,0.999983333055551,0.9999666666666667,0.24687911114571726,2.0505657733192764
actnerf,Cylinder,5,2,0,0.3691333333333333,0.5392218921945756,0.3691333333333333,0.03528869778747454,13.270884564329231
actnerf,Cylinder,5,2,1,0.6533,0.7902981914957963,0.6533,0.0778009743627637,5.565529594159357
actnerf,Cylinder,5,2,2,0.8652666666666666,0.9277672540119375,0.8652666666666666,0.1133106455154867,3.1674964930554648
actnerf,Cylinder,5,2,3,0.9375,0.967741935483871,0.9375,0.14468204230336615,2.591077950765304
actnerf,Cylinder,5,2,4,0.9480333333333333,0.9733235228692185,0.9480333333333333,0.17504153213209256,2.4182711823324907
actnerf,Cylinder,5,2,5,0.9516666666666667,0.9752348420153715,0.9516666666666667,0.20165290890174367,2.3430315386749734
actnerf,Cylinder,3,2,0,0.3999666666666667,0.5713945570132622,0.3999666666666667,0.042971102831922486,12.371023112914303
actnerf,Cylinder,3,2,1,0.6671333333333334,0.8003359059463351,0.6671333333333334,0.08947510124627221,5.992846806157859
actnerf,Cylinder,3,2,2,0.7326666666666667,0.8457098884186225,0.7326666666666667,0.15789840442967598,4.921086553517469
actnerf,Cylinder,3,2,3,0.9849333333333333,0.9924094847853833,0.9849333333333333,0.19387018382932056,2.312733691759021
actnerf,Cylinder,3,2,4,0.9872333333333333,0.9935756579499136,0.9872333333333333,0.2284605565857393,2.136991782336996
actnerf,Cylinder,3,2,5,0.9884,0.9941661637497485,0.9884,0.2577250201663051,2.037985141140988
actnerf,Cylinder,12,2,0,0.4283666666666667,0.5997993045669879,0.4283666666666667,0.037229928310940866,13.223156253210027
actnerf,Cylinder,12,2,1,0.5589666666666666,0.7170989330539459,0.5589666666666666,0.06963627160212109,9.449040623033596
actnerf,Cylinder,12,2,2,0.814,0.8974641675854464,0.814,0.1318353935746674,4.197542253993663
actnerf,Cylinder,12,2,3,0.8320666666666666,0.9083366689712893,0.8320666666666666,0.17931887556475803,3.882495298168744
actnerf,Cylinder,12,2,4,0.9328666666666666,0.9652674783568448,0.9328666666666666,0.2190167574283976,2.5642822960618146
actnerf,Cylinder,12,2,5,0.9439,0.9711404907659859,0.9439,0.2533196574654143,2.3948548718060736
actnerf,Cylinder,7,1,0,0.44316666666666665,0.6141586788312737,0.44316666666666665,0.06767401355853285,12.800699698783243
actnerf,Cylinder,7,1,1,0.6643333333333333,0.7983176447025836,0.6643333333333333,0.10179502407601398,6.473913674046055
actnerf,Cylinder,7,1,2,0.9843333333333333,0.9921048210986058,0.9843333333333333,0.1403521461788867,2.47637887743984
actnerf,Cylinder,7,1,3,0.9949,0.9974434808762345,0.9949,0.17360049753477297,2.2492295546183816
actnerf,Cylinder,7,1,4,0.9955,0.9977449260836884,0.9955,0.2061025046402663,2.1151133283751786
actnerf,Cylinder,7,1,5,0.9969,0.998447593770344,0.9969,0.2617057857912076,1.973533841186087
actnerf,Cylinder,7,2,0,0.44316666666666665,0.6141586788312737,0.44316666666666665,0.06767401355853285,12.800699698783243
actnerf,Cylinder,7,2,1,0.6643333333333333,0.7983176447025836,0.6643333333333333,0.10179502407601398,6.473913674046055
actnerf,Cylinder,7,2,2,0.9843333333333333,0.9921048210986058,0.9843333333333333,0.1403521461788867,2.47637887743984
actnerf,Cylinder,7,2,3,0.9959333333333333,0.99796252379839,0.9959333333333333,0.17620582823296996,2.272779963384489
actnerf,Cylinder,7,2,4,0.9970333333333333,0.998514463120295,0.9970333333333333,0.21114796736079525,2.173356829020964
actnerf,Cylinder,7,2,5,0.9976666666666667,0.9988319706324045,0.9976666666666667,0.2413176043164501,2.004324496366183
actnerf,Cylinder,13,1,0,0.33663333333333334,0.5037033342477368,0.33663333333333334,0.0348292514590591,15.66963798567849
actnerf,Cylinder,13,1,1,0.5033333333333333,0.6696230598669622,0.5033333333333333,0.06742517280651848,8.845925682097102
actnerf,Cylinder,13,1,2,0.6808666666666666,0.810137627414429,0.6808666666666666,0.14753869416402418,4.932548941900785
actnerf,Cylinder,13,1,3,0.6959,0.8206851819093106,0.6959,0.17741340303516745,4.654180356853203
actnerf,Cylinder,13,1,4,0.7967,0.8868481104246674,0.7967,0.20912385151880353,3.6121792411470004
actnerf,Cylinder,13,1,5,0.8302333333333334,0.9072431566102683,0.8302333333333334,0.2370756387993433,3.3009734937783337
actnerf,Cylinder,2,1,0,0.4153,0.5868720412633364,0.4153,0.037143142865390416,12.51684769195079
actnerf,Cylinder,2,1,1,0.6696333333333333,0.8021322046756773,0.6696333333333333,0.12095466145410666,5.768014917442366
actnerf,Cylinder,2,1,2,0.7124,0.83204858677879,0.7124,0.1584051874283863,5.2685944700098055
actnerf,Cylinder,2,1,3,0.8821333333333333,0.9373760272031736,0.8821333333333333,0.1914227041007689,2.987878098156138
actnerf,Cylinder,2,1,4,0.8918,0.9428057934242521,0.8918,0.22005842485856944,2.809702211115218
actnerf,Cylinder,2,1,5,0.9433,0.9708228271496938,0.9433,0.25050120262515274,2.386110316509735
actnerf,Cylinder,6,2,0,0.4404,0.6114968064426549,0.4404,0.07243295612676162,12.632372419743351
actnerf,Cylinder,6,2,1,0.6932,0.8188046302858493,0.6932,0.10989248808107997,5.7990076088618085
actnerf,Cylinder,6,2,2,0.9917,0.9958327057287745,0.9917,0.14761107314740887,2.41557903988563
actnerf,Cylinder,6,2,3,0.9988333333333334,0.9994163261902778,0.9988333333333334,0.1802090449771593,2.232060614384437
actnerf,Cylinder,6,2,4,0.9990666666666667,0.9995331154538785,0.9990666666666667,0.22529358622413145,2.127663949012028
actnerf,Cylinder,6,2,5,1.0,1.0,1.0,0.2555866089777476,1.9773579941790635
actnerf,Cylinder,8,1,0,0.3218666666666667,0.4869880976397014,0.3218666666666667,0.034825256369194896,16.460488369487525
actnerf,Cylinder,8,1,1,0.6497,0.7876583621264472,0.6497,0.06684036493910278,5.581602986493603
actnerf,Cylinder,8,1,2,0.7707333333333334,0.8705244531455895,0.7707333333333334,0.10060058817257032,4.436386351477018
actnerf,Cylinder,8,1,3,0.7824666666666666,0.8779593821296331,0.7824666666666666,0.13152342197013753,4.2280503423547495
actnerf,Cylinder,8,1,4,0.7873666666666667,0.8810354152291079,0.7873666666666667,0.15904980079571618,4.1204778211498825
actnerf,Cylinder,8,1,5,0.7913666666666667,0.8835339870862098,0.7913666666666667,0.18391129297272224,4.0349954665569125
actnerf,Cylinder,11,2,0,0.45203333333333334,0.6226211519478433,0.45203333333333334,0.038650630360103064,12.642000645729896
actnerf,Cylinder,11,2,1,0.7931666666666667,0.884654707686588,0.7931666666666667,0.09817418889217348,4.6267109348155095
actnerf,Cylinder,11,2,2,0.8061,0.8926416034549582,0.8061,0.1432812606245933,4.394627265403589
actnerf,Cylinder,11,2,3,0.8109666666666666,0.8956174418818679,0.8109666666666666,0.1819667054777384,4.257940862923882
actnerf,Cylinder,11,2,4,0.8184,0.9001319841619005,0.8184,0.2136859027019111,4.121500293051962
actnerf,Cylinder,11,2,5,0.8183,0.9000714953528021,0.8183,0.23736588865865685,4.046783175451616
actnerf,Cross,14,0,0,0.44943333333333335,0.6201504036060069,0.44943333333333335,0.021719574407476117,11.191512981938907
actnerf,Cross,14,0,1,0.7199666666666666,0.8371867671854105,0.7199666666666666,0.04466691179383532,5.028487613703938
actnerf,Cross,14,0,2,0.9721666666666666,0.9858869263922927,0.9721666666666666,0.06782715587882834,2.612042108113257
actnerf,Cross,14,0,3,0.9829333333333333,0.9913932221624528,0.9829333333333333,0.0891571336853331,2.4395416896362856
actnerf,Cross,14,0,4,0.9925,0.9962358845671266,0.9925,0.10889166201012172,2.2664641521671722
actnerf,Cross,14,0,5,0.9925,0.9962358845671266,0.9925,0.13018182423867194,2.120375699581678
actnerf,Cross,6,1,0,0.40473333333333333,0.576242228655498,0.40473333333333333,0.023226593650506173,12.484083891282635
actnerf,Cross,6,1,1,0.5527,0.711921169575578,0.5527,0.04272998194110322,7.629762998691055
actnerf,Cross,6,1,2,0.7540666666666667,0.8597924822317662,0.7540666666666667,0.06431486196377445,4.183460369634604
actnerf,Cross,6,1,3,0.8878333333333334,0.9405844442482564,0.8878333333333334,0.08545351338765743,3.094316020092159
actnerf,Cross,6,1,4,0.9843333333333333,0.9921048210986058,0.9843333333333333,0.10757219855538439,2.3947886143042183
actnerf,Cross,6,1,5,0.9931,0.996538056294215,0.9931,0.12846317964158585,2.2220786061626594
actnerf,Cross,8,2,0,0.31656666666666666,0.48089728333797505,0.31656666666666666,0.021281241826089644,15.720210935325804
actnerf,Cross,8,2,1,0.4598,0.6299493081244006,0.4598,0.04168806277769512,10.584195515041948
actnerf,Cross,8,2,2,0.7352333333333333,0.8474172541637051,0.7352333333333333,0.06209571801196997,4.4894929545754465
actnerf,Cross,8,2,3,0.9281,0.9627094030392614,0.9281,0.08613793674181264,2.8099095715449782
actnerf,Cross,8,2,4,0.9856666666666667,0.9927816014772537,0.9856666666666667,0.1075940130012956,2.2692827567253517
actnerf,Cross,8,2,5,0.9929,0.9964373526017362,0.9929,0.126382090979482,2.1266461191934263
actnerf,Cross,12,1,0,0.4511,0.6217352353387086,0.4511,0.023300692213134636,10.745136766016257
actnerf,Cross,12,1,1,0.6533333333333333,0.7903225806451613,0.6533333333333333,0.04583072949562348,5.899917826596201
actnerf,Cross,12,1,2,0.6696,0.8021082894106373,0.6696,0.06737804135707842,5.57739934400807
actnerf,Cross,12,1,3,0.6794,0.8090984875550792,0.6794,0.0872384811956684,5.439536981136853
actnerf,Cross,12,1,4,0.8025,0.8904299583911235,0.8025,0.10690457919175293,4.024143922375767
actnerf,Cross,12,1,5,0.8606,0.9250779318499409,0.8606,0.12678163266020234,2.9997396747680747
actnerf,Cross,8,0,0,0.31656666666666666,0.48089728333797505,0.31656666666666666,0.021281241826089644,15.720210935325804
actnerf,Cross,8,0,1,0.4598,0.6299493081244006,0.4598,0.04168806277769512,10.584195515041948
actnerf,Cross,8,0,2,0.6047,0.7536611204586527,0.6047,0.060911069677261946,6.418113616443848
actnerf,Cross,8,0,3,0.7443333333333333,0.8534301547869291,0.7443333333333333,0.0815839448481698,4.076550387557956
actnerf,Cross,8,0,4,0.7619333333333334,0.8648832721631541,0.7619333333333334,0.10066805555752026,3.8691714392400605
actnerf,Cross,8,0,5,0.8666333333333334,0.9285522955767067,0.8666333333333334,0.12039164957459522,2.96116918317927
actnerf,Cross,1,1,0,0.3990666666666667,0.5704755551319928,0.3990666666666667,0.022691139573372553,12.535284677580638
actnerf,Cross,1,1,1,0.5793,0.7336161590578105,0.5793,0.04534432190952611,7.173926443129015
actnerf,Cross,1,1,2,0.8012333333333334,0.8896496844754521,0.8012333333333334,0.06858299753282782,4.07429332951738
actnerf,Cross,1,1,3,0.9653666666666667,0.9823781821882261,0.9653666666666667,0.09119765992261014,2.470639593848863
actnerf,Cross,1,1,4,0.9875,0.9937106918238994,0.9875,0.11059978827897285,2.247477377245185
actnerf,Cross,1,1,5,0.9875666666666667,0.993744444630788,0.9875666666666667,0.1289754149752001,2.1699289240380737
actnerf,Cross,5,0,0,0.40523333333333333,0.5767488198875631,0.40523333333333333,0.022481969584372846,11.57173876578376
actnerf,Cross,5,0,1,0.4881333333333333,0.6560344055192187,0.4881333333333333,0.040753438389776006,10.151237182363571
actnerf,Cross,5,0,2,0.7563,0.8612423845584467,0.7563,0.06157544414499731,4.470639423883464
actnerf,Cross,5,0,3,0.8281333333333334,0.9059878929326818,0.8281333333333334,0.0817341157031312,3.48293360427702
actnerf,Cross,5,0,4,0.8501,0.9189773525755365,0.8501,0.10069892226490931,3.233451024182847
actnerf,Cross,5,0,5,0.9156666666666666,0.9559770314946928,0.9156666666666666,0.12113714725782923,2.7150065414046622
actnerf,Cross,4,2,0,0.44926666666666665,0.6199917199503197,0.44926666666666665,0.023525556332141647,10.683475351378076
actnerf,Cross,4,2,1,0.7328666666666667,0.845843111606971,0.7328666666666667,0.04663543295405139,4.807190679451569
actnerf,Cross,4,2,2,0.9656,0.9824989824989825,0.9656,0.07035220540258955,2.6380251422043126
actnerf,Cross,4,2,3,0.9766666666666667,0.988195615514334,0.9766666666666667,0.09229740215639602,2.4439312211977535
actnerf,Cross,4,2,4,0.9796,0.9896948878561326,0.9796,0.11050824947216628,2.3115092617143786
actnerf,Cross,4,2,5,0.9864666666666667,0.9931872336141222,0.9864666666666667,0.13317483980637992,2.127408503034401
actnerf,Cross,11,0,0,0.4562333333333333,0.6265937235333165,0.4562333333333333,0.024690993482161618,10.680338835964092
actnerf,Cross,11,0,1,0.7684333333333333,0.8690554728290577,0.7684333333333333,0.0469820581147445,4.584397811806845
actnerf,Cross,11,0,2,0.7755333333333333,0.8735778920887621,0.7755333333333333,0.06748553735713306,4.36216702637727
actnerf,Cross,11,0,3,0.8826666666666667,0.9376770538243626,0.8826666666666667,0.0884403930816734,3.020302421964824
actnerf,Cross,11,0,4,0.9864333333333334,0.9931703387981811,0.9864333333333334,0.10785965534893012,2.300504090406149
actnerf,Cross,11,0,5,1.0,1.0,1.0,0.1280900084936608,2.0827711629114494
actnerf,Cross,10,0,0,0.4111666666666667,0.5827329632691627,0.4111666666666667,0.023019444220177408,12.58877125809274
actnerf,Cross,10,0,1,0.7105333333333334,0.830774027593733,0.7105333333333334,0.04682845669630114,4.626188205531388
actnerf,Cross,10,0,2,0.7774666666666666,0.8748030905408446,0.7774666666666666,0.06723316740167794,3.939478012443808
actnerf,Cross,10,0,3,0.8511333333333333,0.9195807973493715,0.8511333333333333,0.08743071602387562,3.246405698381835
actnerf,Cross,10,0,4,0.8592,0.9242685025817555,0.8592,0.10643253654718576,3.095741858489747
actnerf,Cross,10,0,5,0.8732,0.9323083493487081,0.8732,0.12189541221428551,2.938957492683081
actnerf,Cross,3,0,0,0.41183333333333333,0.5834021957265967,0.41183333333333333,0.023894357456479012,11.499500323457491
actnerf,Cross,3,0,1,0.6954333333333333,0.820360576450465,0.6954333333333333,0.04652900892468002,4.807016522767542
actnerf,Cross,3,0,2,0.7119666666666666,0.8317529546914854,0.7119666666666666,0.06753066339733402,4.5512807521656935
actnerf,Cross,3,0,3,0.7174333333333334,0.8354715369834831,0.7174333333333334,0.08704163719390332,4.424027936988599
actnerf,Cross,3,0,4,0.8390333333333333,0.912472132098385,0.8390333333333333,0.10611812280538378,3.276684350995722
actnerf,Cross,3,0,5,0.8429666666666666,0.9147931776664436,0.8429666666666666,0.12428149047265406,3.1490301578469446
actnerf,Cross,0,0,0,0.3700333333333333,0.5401815040996569,0.3700333333333333,0.022023417250110734,13.440193573178574
actnerf,Cross,0,0,1,0.7102333333333334,0.8305689282164227,0.7102333333333334,0.043804561476932555,4.760977994375607
actnerf,Cross,0,0,2,0.7528333333333334,0.8589902063326045,0.7528333333333334,0.06347850444935221,4.354362102463575
actnerf,Cross,0,0,3,0.8814333333333333,0.9369806707651968,0.8814333333333333,0.08450768341073714,3.18962793736751
actnerf,Cross,0,0,4,0.8870666666666667,0.9401540309475023,0.8870666666666667,0.10343758120318605,3.0250080767221355
actnerf,Cross,0,0,5,0.8899333333333334,0.9417616141662845,0.8899333333333334,0.12154982445244898,2.9385899530664834
actnerf,Cross,1,2,0,0.3990666666666667,0.5704755551319928,0.3990666666666667,0.022691139573372553,12.535284677580638
actnerf,Cross,1,2,1,0.7182,0.8359911535327668,0.7182,0.04611184758990291,5.360801316606836
actnerf,Cross,1,2,2,0.9677333333333333,0.9836021141076027,0.9677333333333333,0.06628023802289552,2.7217800528506575
actnerf,Cross,1,2,3,0.9963,0.9981465711566397,0.9963,0.08776810329107645,2.3884662724848007
actnerf,Cross,1,2,4,0.9967,0.9983472730004507,0.9967,0.10894868592016119,2.2718988619139293
actnerf,Cross,1,2,5,0.9969,0.998447593770344,0.9969,0.12479653782297204,2.2003771879738108
actnerf,Cross,5,1,0,0.40523333333333333,0.5767488198875631,0.40523333333333333,0.022481969584372846,11.57173876578376
actnerf,Cross,5,1,1,0.6629333333333334,0.7973059653624118,0.6629333333333334,0.04458933544223951,5.363298779867014
actnerf,Cross,5,1,2,0.7455,0.8541965052993412,0.7455,0.06628031785986806,4.092468805061911
actnerf,Cross,5,1,3,0.9696,0.9845653939886272,0.9696,0.08865371514137203,2.4955123024886348
actnerf,Cross,5,1,4,0.9964,0.9981967541574834,0.9964,0.1107327929021659,2.2317675644548447
actnerf,Cross,5,1,5,0.9999,0.999949997499875,0.9999,0.1313703809550158,2.1022016694374535
actnerf,Cross,13,0,0,0.3430666666666667,0.5108706442966346,0.3430666666666667,0.02118640420972068,14.631837297319915
actnerf,Cross,13,0,1,0.5155333333333333,0.6803325561958385,0.5155333333333333,0.0420288990040026,8.589980884492144
actnerf,Cross,13,0,2,0.7196666666666667,0.8369839116107773,0.7196666666666667,0.06008872314988992,4.156417976861702
actnerf,Cross,13,0,3,0.7733,0.8721592511137428,0.7733,0.0761159604494262,3.685650342849057
actnerf,Cross,13,0,4,0.8395,0.9127480293558031,0.8395,0.09454823528571757,3.203007244200805
actnerf,Cross,13,0,5,0.8541666666666666,0.9213483146067416,0.8541666666666666,0.11198395781688184,3.0454090470441164
actnerf,Cross,0,2,0,0.3700333333333333,0.5401815040996569,0.3700333333333333,0.022023417250110734,13.440193573178574
actnerf,Cross,0,2,1,0.7102333333333334,0.8305689282164227,0.7102333333333334,0.043804561476932555,4.760977994375607
actnerf,Cross,0,2,2,0.9273,0.9622788356768537,0.9273,0.06744146035370627,2.887396048612639
actnerf,Cross,0,2,3,0.9363333333333334,0.9671199862282666,0.9363333333333334,0.0896939935899407,2.688116919824588
actnerf,Cross,0,2,4,0.9682666666666667,0.983877523370817,0.9682666666666667,0.1114144751366482,2.3441888979306627
actnerf,Cross,0,2,5,0.9683,0.9838947314941827,0.9683,0.13070463483673092,2.267976408216516
actnerf,Cross,9,1,0,0.4276,0.5990473521994957,0.4276,0.02287447235998073,11.494608612145486
actnerf,Cross,9,1,1,0.7291,0.8433288994274478,0.7291,0.04627405286518178,4.88787874552642
actnerf,Cross,9,1,2,0.8229333333333333,0.9028671737858397,0.8229333333333333,0.0684325026037514,3.7702944641483223
actnerf,Cross,9,1,3,0.8856666666666667,0.939367155736256,0.8856666666666667,0.08765614194139133,3.0431289678329945
actnerf,Cross,9,1,4,0.9506333333333333,0.97469198038244,0.9506333333333333,0.10991739595329605,2.5069569121861184
actnerf,Cross,9,1,5,0.9672,0.98332655551037,0.9672,0.13090929541463572,2.3136159478050686
actnerf,Cross,11,1,0,0.4562333333333333,0.6265937235333165,0.4562333333333333,0.024690993482161618,10.680338835964092
actnerf,Cross,11,1,1,0.7684333333333333,0.8690554728290577,0.7684333333333333,0.0469820581147445,4.584397811806845
actnerf,Cross,11,1,2,0.7755333333333333,0.8735778920887621,0.7755333333333333,0.06748553735713306,4.36216702637727
actnerf,Cross,11,1,3,0.8826666666666667,0.9376770538243626,0.8826666666666667,0.0884403930816734,3.020302421964824
actnerf,Cross,11,1,4,0.9023,0.9486411186458498,0.9023,0.10799864213815613,2.822879940453206
actnerf,Cross,11,1,5,0.9121666666666667,0.9540660681600278,0.9121666666666667,0.12633017190627446,2.711562579881307
actnerf,Cross,9,0,0,0.4276,0.5990473521994957,0.4276,0.02287447235998073,11.494608612145486
actnerf,Cross,9,0,1,0.7291,0.8433288994274478,0.7291,0.04627405286518178,4.88787874552642
actnerf,Cross,9,0,2,0.8229333333333333,0.9028671737858397,0.8229333333333333,0.0684325026037514,3.7702944641483223
actnerf,Cross,9,0,3,0.8856666666666667,0.939367155736256,0.8856666666666667,0.08765614194139133,3.0431289678329945
actnerf,Cross,9,0,4,0.9506333333333333,0.97469198038244,0.9506333333333333,0.10991739595329605,2.5069569121861184
actnerf,Cross,9,0,5,0.9531666666666667,0.9760218448673095,0.9531666666666667,0.13099232103233427,2.37879634275024
actnerf,Cross,2,0,0,0.4507,0.6213552078307024,0.4507,0.022131598586163634,10.93803722269386
actnerf,Cross,2,0,1,0.7012333333333334,0.8243823108725042,0.7012333333333334,0.04266970648094148,4.6943638036654205
actnerf,Cross,2,0,2,0.9191666666666667,0.9578810247503257,0.9191666666666667,0.0629938221768631,2.968604393644629
actnerf,Cross,2,0,3,0.9276666666666666,0.9624762234134532,0.9276666666666666,0.08177175290451982,2.7886564527137234
actnerf,Cross,2,0,4,0.9546666666666667,0.9768076398362892,0.9546666666666667,0.10073486428971279,2.47197181864044
actnerf,Cross,2,0,5,0.9837333333333333,0.991799973114666,0.9837333333333333,0.12361480805828438,2.1895130774594134
actnerf,Cross,12,0,0,0.4511,0.6217352353387086,0.4511,0.023300692213134636,10.745136766016257
actnerf,Cross,12,0,1,0.5903,0.7423756523926304,0.5903,0.044707112046943755,7.897153959656287
actnerf,Cross,12,0,2,0.7966333333333333,0.8868068053210635,0.7966333333333333,0.06804933242926463,4.1996206818844595
actnerf,Cross,12,0,3,0.9802,0.99000100999899,0.9802,0.08929976113463886,2.454352053333361
actnerf,Cross,12,0,4,0.9947333333333334,0.997359713913305,0.9947333333333334,0.10866076152080256,2.2525778936567393
actnerf,Cross,12,0,5,0.9965666666666667,0.9982803813212682,0.9965666666666667,0.12805682784020503,2.160386426719455
actnerf,Cross,4,1,0,0.44926666666666665,0.6199917199503197,0.44926666666666665,0.023525556332141647,10.683475351378076
actnerf,Cross,4,1,1,0.4906333333333333,0.6582884232652787,0.4906333333333333,0.045393556939939614,10.118322613237154
actnerf,Cross,4,1,2,0.674,0.8052568697729989,0.674,0.06791314595010707,5.826623085915556
actnerf,Cross,4,1,3,0.6853333333333333,0.8132911392405063,0.6853333333333333,0.0882117878182287,5.575367584278231
actnerf,Cross,4,1,4,0.8328666666666666,0.9088131524388026,0.8328666666666666,0.10891824129758933,3.635494653992788
actnerf,Cross,4,1,5,0.9080666666666667,0.9518185947381295,0.9080666666666667,0.13036243139467749,2.6256907871613078
actnerf,Cross,4,0,0,0.44926666666666665,0.6199917199503197,0.44926666666666665,0.023525556332141647,10.683475351378076
actnerf,Cross,4,0,1,0.4906333333333333,0.6582884232652787,0.4906333333333333,0.045393556939939614,10.118322613237154
actnerf,Cross,4,0,2,0.674,0.8052568697729989,0.674,0.06791314595010707,5.826623085915556
actnerf,Cross,4,0,3,0.6853333333333333,0.8132911392405063,0.6853333333333333,0.0882117878182287,5.575367584278231
actnerf,Cross,4,0,4,0.8328666666666666,0.9088131524388026,0.8328666666666666,0.10891824129758933,3.635494653992788
actnerf,Cross,4,0,5,0.9080666666666667,0.9518185947381295,0.9080666666666667,0.13036243139467749,2.6256907871613078
actnerf,Cross,7,0,0,0.4318666666666667,0.6032219014805849,0.4318666666666667,0.023564225225184025,12.191820278969622
actnerf,Cross,7,0,1,0.5319,0.6944317514198055,0.5319,0.03906515127250269,6.360244112886303
actnerf,Cross,7,0,2,0.7470666666666667,0.8552239945050752,0.7470666666666667,0.06036431563129932,4.059414088438533
actnerf,Cross,7,0,3,0.9217,0.9592548264557423,0.9217,0.08167394822186255,2.778775667448663
actnerf,Cross,7,0,4,0.9314,0.9644817231024128,0.9314,0.1009759436964505,2.5966114675015706
actnerf,Cross,7,0,5,0.9657,0.982550745281579,0.9657,0.12065528838330322,2.328709607673862
actnerf,Cross,9,2,0,0.4276,0.5990473521994957,0.4276,0.02287447235998073,11.494608612145486
actnerf,Cross,9,2,1,0.7291,0.8433288994274478,0.7291,0.04627405286518178,4.88787874552642
actnerf,Cross,9,2,2,0.7556666666666667,0.8608315929371559,0.7556666666666667,0.06794391093469361,4.567356654050101
actnerf,Cross,9,2,3,0.8809,0.93667924929555,0.8809,0.0902599883383922,3.0153674454886987
actnerf,Cross,9,2,4,0.8912333333333333,0.9424890283236689,0.8912333333333333,0.1110566077355653,2.8402119396880803
actnerf,Cross,9,2,5,0.8961,0.9452033120616,0.8961,0.1302282763389005,2.7411784673777793
actnerf,Cross,1,0,0,0.3990666666666667,0.5704755551319928,0.3990666666666667,0.022691139573372553,12.535284677580638
actnerf,Cross,1,0,1,0.7182,0.8359911535327668,0.7182,0.04611184758990291,5.360801316606836
actnerf,Cross,1,0,2,0.7344,0.8468634686346864,0.7344,0.06806600528347437,4.985678829676972
actnerf,Cross,1,0,3,0.7397666666666667,0.8504205544804859,0.7397666666666667,0.08756762964873512,4.881939910359346
actnerf,Cross,1,0,4,0.7733333333333333,0.8721804511278195,0.7733333333333333,0.1079301518623985,4.521258968856666
actnerf,Cross,1,0,5,0.7779666666666667,0.875119518551154,0.7779666666666667,0.12695867557161322,4.394246355648217
actnerf,Cross,14,1,0,0.44943333333333335,0.6201504036060069,0.44943333333333335,0.021719574407476117,11.191512981938907
actnerf,Cross,14,1,1,0.7199666666666666,0.8371867671854105,0.7199666666666666,0.04466691179383532,5.028487613703938
actnerf,Cross,14,1,2,0.8013333333333333,0.8897113249444856,0.8013333333333333,0.06500946426930294,3.800493938509996
actnerf,Cross,14,1,3,0.9864333333333334,0.9931703387981811,0.9864333333333334,0.08698297827703562,2.4533815468562636
actnerf,Cross,14,1,4,0.998,0.998998998998999,0.998,0.10663530610334168,2.216036558977802
actnerf,Cross,14,1,5,0.9991,0.999549797408834,0.9991,0.12531466381215772,2.1351279465865574
actnerf,Cross,2,2,0,0.4507,0.6213552078307024,0.4507,0.022131598586163634,10.93803722269386
actnerf,Cross,2,2,1,0.7012333333333334,0.8243823108725042,0.7012333333333334,0.04266970648094148,4.6943638036654205
actnerf,Cross,2,2,2,0.9191666666666667,0.9578810247503257,0.9191666666666667,0.0629938221768631,2.968604393644629
actnerf,Cross,2,2,3,0.9433333333333334,0.9708404802744426,0.9433333333333334,0.08500270088705722,2.66288344587801
actnerf,Cross,2,2,4,0.9889,0.9944190255920358,0.9889,0.10694671449331163,2.234592265079954
actnerf,Cross,2,2,5,0.9919333333333333,0.9959503330098062,0.9919333333333333,0.1278920496973842,2.1276750775038304
actnerf,Cross,6,0,0,0.40473333333333333,0.576242228655498,0.40473333333333333,0.023226593650506173,12.484083891282635
actnerf,Cross,6,0,1,0.42896666666666666,0.6003872262007511,0.42896666666666666,0.04496913046039662,11.972875649262553
actnerf,Cross,6,0,2,0.7096666666666667,0.8301813218951063,0.7096666666666667,0.0665187918215314,5.305323388368564
actnerf,Cross,6,0,3,0.7251,0.8406469190191873,0.7251,0.08681485071405945,5.067225761415714
actnerf,Cross,6,0,4,0.8784666666666666,0.9353018419278134,0.8784666666666666,0.10858660242746974,2.9362531268171437
actnerf,Cross,6,0,5,0.9682666666666667,0.983877523370817,0.9682666666666667,0.12836126131120906,2.2923783819827777
actnerf,Cross,10,1,0,0.4111666666666667,0.5827329632691627,0.4111666666666667,0.023019444220177408,12.58877125809274
actnerf,Cross,10,1,1,0.7105333333333334,0.830774027593733,0.7105333333333334,0.04682845669630114,4.626188205531388
actnerf,Cross,10,1,2,0.7319333333333333,0.8452211401516609,0.7319333333333333,0.06831473072688865,4.3593420773489395
actnerf,Cross,10,1,3,0.8579666666666667,0.9235544232942823,0.8579666666666667,0.0891338182390823,3.213732112930956
actnerf,Cross,10,1,4,0.9665,0.9829646580218663,0.9665,0.1111619880048918,2.4260231680977964
actnerf,Cross,10,1,5,0.9905,0.9952273298166291,0.9905,0.13195621863748003,2.199097699335774
actnerf,Cross,13,2,0,0.3430666666666667,0.5108706442966346,0.3430666666666667,0.02118640420972068,14.631837297319915
actnerf,Cross,13,2,1,0.6574333333333333,0.7933149649055768,0.6574333333333333,0.04138743916511682,5.245849275641381
actnerf,Cross,13,2,2,0.8931333333333333,0.9435503750396168,0.8931333333333333,0.06340528899265381,3.052549503255162
actnerf,Cross,13,2,3,0.9049,0.9500761194813376,0.9049,0.08375235189414915,2.877423849593394
actnerf,Cross,13,2,4,0.9149333333333334,0.9555772176577079,0.9149333333333334,0.101387058191108,2.765942576501257
actnerf,Cross,13,2,5,0.9309666666666667,0.9642493397089541,0.9309666666666667,0.11888847407468578,2.6410803983454283
actnerf,Cross,0,1,0,0.3700333333333333,0.5401815040996569,0.3700333333333333,0.022023417250110734,13.440193573178574
actnerf,Cross,0,1,1,0.7102333333333334,0.8305689282164227,0.7102333333333334,0.043804561476932555,4.760977994375607
actnerf,Cross,0,1,2,0.9273,0.9622788356768537,0.9273,0.06744146035370627,2.887396048612639
actnerf,Cross,0,1,3,0.9387,0.9683808737813999,0.9387,0.08861537035801613,2.699168881137011
actnerf,Cross,0,1,4,0.9410333333333334,0.9696209922549844,0.9410333333333334,0.1097587568481882,2.5613220783477724
actnerf,Cross,0,1,5,0.9717666666666667,0.9856811996010346,0.9717666666666667,0.13125908211090076,2.2897427814601734
actnerf,Cross,3,1,0,0.41183333333333333,0.5834021957265967,0.41183333333333333,0.023894357456479012,11.499500323457491
actnerf,Cross,3,1,1,0.6954333333333333,0.820360576450465,0.6954333333333333,0.04652900892468002,4.807016522767542
actnerf,Cross,3,1,2,0.7732666666666667,0.8721380503026429,0.7732666666666667,0.0666624683771375,4.100090208364051
actnerf,Cross,3,1,3,0.9602333333333334,0.9797132994371418,0.9602333333333334,0.09013672854893558,2.5580812743582397
actnerf,Cross,3,1,4,0.9621333333333333,0.9807012775210655,0.9621333333333333,0.11305885670060137,2.4050343062799953
actnerf,Cross,3,1,5,0.9627,0.9809955673307179,0.9627,0.1342451826379784,2.2985529560680518
actnerf,Cross,14,2,0,0.44943333333333335,0.6201504036060069,0.44943333333333335,0.021719574407476117,11.191512981938907
actnerf,Cross,14,2,1,0.7199666666666666,0.8371867671854105,0.7199666666666666,0.04466691179383532,5.028487613703938
actnerf,Cross,14,2,2,0.7535666666666667,0.8594673712623796,0.7535666666666667,0.06492937969029716,4.703148912878835
actnerf,Cross,14,2,3,0.7683,0.8689701973647006,0.7683,0.08407364799556799,4.5542834382369985
actnerf,Cross,14,2,4,0.7793,0.8759624571460686,0.7793,0.10300205751005388,4.338034990280172
actnerf,Cross,14,2,5,0.7849666666666667,0.8795308969355171,0.7849666666666667,0.12248754166276028,4.1616146327626105
actnerf,Cross,10,2,0,0.4111666666666667,0.5827329632691627,0.4111666666666667,0.023019444220177408,12.58877125809274
actnerf,Cross,10,2,1,0.5424666666666667,0.7033755456627911,0.5424666666666667,0.04222949210997733,8.015044989638962
actnerf,Cross,10,2,2,0.7221666666666666,0.8386722152327494,0.7221666666666666,0.06360137894443263,5.318516492075007
actnerf,Cross,10,2,3,0.8683333333333333,0.9295272078501339,0.8683333333333333,0.08563808760076137,3.1844502067276728
actnerf,Cross,10,2,4,0.9861333333333333,0.9930182599355531,0.9861333333333333,0.10800893702819449,2.3141106759913894
actnerf,Cross,10,2,5,0.9869,0.993406814635865,0.9869,0.12641120386958643,2.1949488725122133
actnerf,Cross,5,2,0,0.40523333333333333,0.5767488198875631,0.40523333333333333,0.022481969584372846,11.57173876578376
actnerf,Cross,5,2,1,0.6629333333333334,0.7973059653624118,0.6629333333333334,0.04458933544223951,5.363298779867014
actnerf,Cross,5,2,2,0.8988,0.9467031809563935,0.8988,0.06611261489012797,2.982086735265834
actnerf,Cross,5,2,3,0.9173,0.9568664267459448,0.9173,0.08635665836766457,2.7579254950774477
actnerf,Cross,5,2,4,0.9248333333333333,0.9609489999134123,0.9248333333333333,0.10477282116808523,2.6500984344765532
actnerf,Cross,5,2,5,0.9622,0.9807359086739373,0.9622,0.12380630236604442,2.3505523958796557
actnerf,Cross,3,2,0,0.41183333333333333,0.5834021957265967,0.41183333333333333,0.023894357456479012,11.499500323457491
actnerf,Cross,3,2,1,0.5534333333333333,0.7125292363152587,0.5534333333333333,0.04450243467280628,8.195213711523996
actnerf,Cross,3,2,2,0.7549333333333333,0.8603555690624526,0.7549333333333333,0.06534767789335597,4.4072551559509705
actnerf,Cross,3,2,3,0.9434333333333333,0.9708934360152994,0.9434333333333333,0.08445954438511659,2.646667417271027
actnerf,Cross,3,2,4,0.9744666666666667,0.9870682378363778,0.9744666666666667,0.10244420090343825,2.426734432918316
actnerf,Cross,3,2,5,0.9873666666666666,0.9936431794166485,0.9873666666666666,0.11787489274387136,2.292444562627531
actnerf,Cross,12,2,0,0.4511,0.6217352353387086,0.4511,0.023300692213134636,10.745136766016257
actnerf,Cross,12,2,1,0.5903,0.7423756523926304,0.5903,0.044707112046943755,7.897153959656287
actnerf,Cross,12,2,2,0.7966333333333333,0.8868068053210635,0.7966333333333333,0.06804933242926463,4.1996206818844595
actnerf,Cross,12,2,3,0.8079333333333333,0.8937645193406837,0.8079333333333333,0.08916145364721553,4.005721232937164
actnerf,Cross,12,2,4,0.9291,0.9632471100513192,0.9291,0.10909703010046765,2.7398102608322152
actnerf,Cross,12,2,5,0.9927333333333334,0.9963534174166138,0.9927333333333334,0.12936831794979525,2.196417048133945
actnerf,Cross,7,1,0,0.4318666666666667,0.6032219014805849,0.4318666666666667,0.023564225225184025,12.191820278969622
actnerf,Cross,7,1,1,0.6697,0.8021800323411391,0.6697,0.04382435601734987,5.991654165685355
actnerf,Cross,7,1,2,0.9713333333333334,0.9854582346973284,0.9713333333333334,0.06851479817081026,2.633736818562864
actnerf,Cross,7,1,3,0.9939333333333333,0.9969574375606005,0.9939333333333333,0.08918143956242162,2.3856630223183206
actnerf,Cross,7,1,4,0.9963333333333333,0.9981632993822007,0.9963333333333333,0.10871858295783353,2.2419139187880446
actnerf,Cross,7,1,5,0.9971333333333333,0.9985646092732917,0.9971333333333333,0.12649386033596435,2.1526836709725004
actnerf,Cross,7,2,0,0.4318666666666667,0.6032219014805849,0.4318666666666667,0.023564225225184025,12.191820278969622
actnerf,Cross,7,2,1,0.6697,0.8021800323411391,0.6697,0.04382435601734987,5.991654165685355
actnerf,Cross,7,2,2,0.9713333333333334,0.9854582346973284,0.9713333333333334,0.06851479817081026,2.633736818562864
actnerf,Cross,7,2,3,0.9939333333333333,0.9969574375606005,0.9939333333333333,0.08918143956242162,2.3856630223183206
actnerf,Cross,7,2,4,0.9949666666666667,0.9974769837424184,0.9949666666666667,0.10788652805936502,2.2756082680282654
actnerf,Cross,7,2,5,0.9954666666666667,0.9977281838834692,0.9954666666666667,0.12641232779278821,2.208540382755636
actnerf,Cross,13,1,0,0.3430666666666667,0.5108706442966346,0.3430666666666667,0.02118640420972068,14.631837297319915
actnerf,Cross,13,1,1,0.5155333333333333,0.6803325561958385,0.5155333333333333,0.0420288990040026,8.589980884492144
actnerf,Cross,13,1,2,0.7196666666666667,0.8369839116107773,0.7196666666666667,0.06008872314988992,4.156417976861702
actnerf,Cross,13,1,3,0.7733,0.8721592511137428,0.7733,0.0761159604494262,3.685650342849057
actnerf,Cross,13,1,4,0.8395,0.9127480293558031,0.8395,0.09454823528571757,3.203007244200805
actnerf,Cross,13,1,5,0.8541666666666666,0.9213483146067416,0.8541666666666666,0.11198395781688184,3.0454090470441164
actnerf,Cross,2,1,0,0.4507,0.6213552078307024,0.4507,0.022131598586163634,10.93803722269386
actnerf,Cross,2,1,1,0.7012333333333334,0.8243823108725042,0.7012333333333334,0.04266970648094148,4.6943638036654205
actnerf,Cross,2,1,2,0.9191666666666667,0.9578810247503257,0.9191666666666667,0.0629938221768631,2.968604393644629
actnerf,Cross,2,1,3,0.9276666666666666,0.9624762234134532,0.9276666666666666,0.08177175290451982,2.7886564527137234
actnerf,Cross,2,1,4,0.9771666666666666,0.98845148781927,0.9771666666666666,0.1047158450671819,2.364303105342042
actnerf,Cross,2,1,5,0.9794,0.989592805900778,0.9794,0.1258356547507354,2.2358721506042714
actnerf,Cross,6,2,0,0.40473333333333333,0.576242228655498,0.40473333333333333,0.023226593650506173,12.484083891282635
actnerf,Cross,6,2,1,0.6961666666666667,0.8208705905473127,0.6961666666666667,0.04760155772426052,5.560011209080987
actnerf,Cross,6,2,2,0.9760666666666666,0.9878883978273337,0.9760666666666666,0.07035689956981844,2.60701406144135
actnerf,Cross,6,2,3,0.9781333333333333,0.9889458074952817,0.9781333333333333,0.08982479831330209,2.4453601061412003
actnerf,Cross,6,2,4,0.9849,0.9923925638571212,0.9849,0.10624330615935872,2.3179490659240836
actnerf,Cross,6,2,5,0.9870666666666666,0.9934912433738173,0.9870666666666666,0.12263971944256417,2.2393701170134146
actnerf,Cross,8,1,0,0.31656666666666666,0.48089728333797505,0.31656666666666666,0.021281241826089644,15.720210935325804
actnerf,Cross,8,1,1,0.6042,0.7532726592694177,0.6042,0.0411523774076906,5.4474070951954765
actnerf,Cross,8,1,2,0.7537,0.8595540856474881,0.7537,0.06255137998765847,4.1539338696065675
actnerf,Cross,8,1,3,0.7694333333333333,0.8696946291656463,0.7694333333333333,0.08268488982800555,3.961752712279563
actnerf,Cross,8,1,4,0.7758666666666667,0.873789323522787,0.7758666666666667,0.1010348415050136,3.8555630587800085
actnerf,Cross,8,1,5,0.7780333333333334,0.875161695506271,0.7780333333333334,0.11774421133367942,3.7920621647218895
actnerf,Cross,11,2,0,0.4562333333333333,0.6265937235333165,0.4562333333333333,0.024690993482161618,10.680338835964092
actnerf,Cross,11,2,1,0.6022333333333333,0.7517423596230262,0.6022333333333333,0.046497697373188464,7.203655879491446
actnerf,Cross,11,2,2,0.7501333333333333,0.8572299253390218,0.7501333333333333,0.06550819937250071,4.6817962093825685
actnerf,Cross,11,2,3,0.8959666666666667,0.945129133775207,0.8959666666666667,0.08631191726008405,3.0842917857801724
actnerf,Cross,11,2,4,0.9090666666666667,0.9523676491130046,0.9090666666666667,0.10542864526056103,2.909396352635761
actnerf,Cross,11,2,5,0.9325,0.9650711513583441,0.9325,0.12523843344527172,2.6383569614559033
actnerf,Bowl,14,0,0,0.4519666666666667,0.6225579099612021,0.4519666666666667,0.12288466836243635,6.867170081065483
actnerf,Bowl,14,0,1,0.7127333333333333,0.8322758942820443,0.7127333333333333,0.21957437836719682,4.472654425228104
actnerf,Bowl,14,0,2,0.9457333333333333,0.9721099157130131,0.9457333333333333,0.3314856938584677,2.8874071455224395
actnerf,Bowl,14,0,3,0.9538333333333333,0.9763712360317325,0.9538333333333333,0.3786726505442599,2.697190972035347
actnerf,Bowl,14,0,4,0.9831333333333333,0.9914949406662856,0.9831333333333333,0.4335366419708415,2.4179687269551353
actnerf,Bowl,14,0,5,0.9831333333333333,0.9914949406662856,0.9831333333333333,0.46890077116202805,2.3552851715410146
actnerf,Bowl,6,1,0,0.28346666666666664,0.44172034074381883,0.28346666666666664,0.09351432885550154,14.852552937568978
actnerf,Bowl,6,1,1,0.5731,0.7286250079460936,0.5731,0.20828585065376168,5.380223371939054
actnerf,Bowl,6,1,2,0.7128666666666666,0.832366792511579,0.7128666666666666,0.257711523558304,4.326751900653121
actnerf,Bowl,6,1,3,0.8751333333333333,0.9334091797916593,0.8751333333333333,0.3262755258780741,3.095817238425856
actnerf,Bowl,6,1,4,0.8863333333333333,0.9397420038876125,0.8863333333333333,0.373986080786132,2.9438151775329295
actnerf,Bowl,6,1,5,0.8868,0.9400042399830401,0.8868,0.4075901177510467,2.87673772149124
actnerf,Bowl,8,2,0,0.4458666666666667,0.6167465879749171,0.4458666666666667,0.12377485283689942,7.142722070614226
actnerf,Bowl,8,2,1,0.4908,0.6584384223235846,0.4908,0.17329494018840183,6.512028384699147
actnerf,Bowl,8,2,2,0.7156666666666667,0.8342723916844764,0.7156666666666667,0.2806738781139918,4.285371488157
actnerf,Bowl,8,2,3,0.8642,0.92715373886922,0.8642,0.37755150267852994,3.190401172620884
actnerf,Bowl,8,2,4,0.9627333333333333,0.9810128732040352,0.9627333333333333,0.46067842488098765,2.454902537367653
actnerf,Bowl,8,2,5,0.9949,0.9974434808762345,0.9949,0.505110611414312,2.177755292867234
actnerf,Bowl,12,1,0,0.4233,0.5948148668587087,0.4233,0.12458159287983836,7.74260161082471
actnerf,Bowl,12,1,1,0.7073666666666667,0.8286054547939322,0.7073666666666667,0.24198516736081477,4.442553673944037
actnerf,Bowl,12,1,2,0.7235,0.8395706411372208,0.7235,0.30557039421293,4.190165427072368
actnerf,Bowl,12,1,3,0.7289333333333333,0.8432173980103339,0.7289333333333333,0.3475727509773801,4.06522514690017
actnerf,Bowl,12,1,4,0.8301333333333333,0.9071834474719509,0.8301333333333333,0.3810294896903966,3.3259939530768716
actnerf,Bowl,12,1,5,0.8353,0.9102599030131313,0.8353,0.4310723964674663,3.2120261261153913
actnerf,Bowl,8,0,0,0.4458666666666667,0.6167465879749171,0.4458666666666667,0.12377485283689942,7.142722070614226
actnerf,Bowl,8,0,1,0.4908,0.6584384223235846,0.4908,0.17329494018840183,6.512028384699147
actnerf,Bowl,8,0,2,0.7169,0.8351097909022075,0.7169,0.2925915877348077,4.306936887256761
actnerf,Bowl,8,0,3,0.8812666666666666,0.9368864949147737,0.8812666666666666,0.3541918695800462,3.1669921968864014
actnerf,Bowl,8,0,4,0.9015,0.948198790428609,0.9015,0.4383582648145624,2.8828791794901525
actnerf,Bowl,8,0,5,0.9209333333333334,0.9588394530436594,0.9209333333333334,0.48805867099688893,2.6693349414909466
actnerf,Bowl,1,1,0,0.3873,0.5583507532617314,0.3873,0.10959549077816597,8.740584776533044
actnerf,Bowl,1,1,1,0.5000333333333333,0.6666962956378747,0.5000333333333333,0.183192425004613,7.218927244481589
actnerf,Bowl,1,1,2,0.7614,0.8645395707959577,0.7614,0.2598419513925314,4.051271009221093
actnerf,Bowl,1,1,3,0.8964666666666666,0.9454072485675116,0.8964666666666666,0.37792114943881455,3.047747039016932
actnerf,Bowl,1,1,4,0.9242,0.960607005508783,0.9242,0.44550475838038683,2.7632826245505093
actnerf,Bowl,1,1,5,0.9567,0.9778709050953135,0.9567,0.47787363080751716,2.495330454737254
actnerf,Bowl,5,0,0,0.4233,0.5948148668587087,0.4233,0.12500942025251996,7.764339363142671
actnerf,Bowl,5,0,1,0.6637333333333333,0.7978842763263343,0.6637333333333333,0.2046366483841673,4.6517372718642465
actnerf,Bowl,5,0,2,0.7208333333333333,0.8377723970944311,0.7208333333333333,0.26864551811507226,4.177516857119831
actnerf,Bowl,5,0,3,0.9192666666666667,0.9579353225190177,0.9192666666666667,0.389256541910988,2.894661145118389
actnerf,Bowl,5,0,4,0.9275,0.9623865110246433,0.9275,0.43233185723557127,2.7148886366807448
actnerf,Bowl,5,0,5,0.9314333333333333,0.9644995944290078,0.9314333333333333,0.46260327031256077,2.613548495841218
actnerf,Bowl,4,2,0,0.43906666666666666,0.6102103215046789,0.43906666666666666,0.1246619061378375,7.04804523076436
actnerf,Bowl,4,2,1,0.6752666666666667,0.8061602132993753,0.6752666666666667,0.22978522744368782,4.635052853933401
actnerf,Bowl,4,2,2,0.9327333333333333,0.9651960953399331,0.9327333333333333,0.3481004321843398,2.90158715474021
actnerf,Bowl,4,2,3,0.9420666666666667,0.9701692355222958,0.9420666666666667,0.38334542276035105,2.69930082458276
actnerf,Bowl,4,2,4,0.9437333333333333,0.9710522705446564,0.9437333333333333,0.4097598202203655,2.596820185760195
actnerf,Bowl,4,2,5,0.9490666666666666,0.973867834177042,0.9490666666666666,0.43220877481322273,2.5085127788597794
actnerf,Bowl,11,0,0,0.35823333333333335,0.5274989569784279,0.35823333333333335,0.11544410090357433,11.301938550446334
actnerf,Bowl,11,0,1,0.7533333333333333,0.8593155893536121,0.7533333333333333,0.23710767499442895,4.213293793175564
actnerf,Bowl,11,0,2,0.8328333333333333,0.9087933072656179,0.8328333333333333,0.297923705834566,3.5365022457468913
actnerf,Bowl,11,0,3,0.8415666666666667,0.9139681792676526,0.8415666666666667,0.34395266300831445,3.354964210697098
actnerf,Bowl,11,0,4,0.9243666666666667,0.9606970258613223,0.9243666666666667,0.40232934308414153,2.712690844167065
actnerf,Bowl,11,0,5,0.9295666666666667,0.9634978492580372,0.9295666666666667,0.4456779946317551,2.5781297404824577
actnerf,Bowl,10,0,0,0.2516333333333333,0.40208793842712187,0.2516333333333333,0.07331810565069277,19.19574409912293
actnerf,Bowl,10,0,1,0.5147,0.6796065227437778,0.5147,0.18498858844817712,7.110123259243498
actnerf,Bowl,10,0,2,0.5256333333333333,0.6890690205160698,0.5256333333333333,0.24058072195247826,6.750693094988085
actnerf,Bowl,10,0,3,0.7441666666666666,0.8533205924510272,0.7441666666666666,0.3462750537684739,3.8574659290939874
actnerf,Bowl,10,0,4,0.7638,0.8660845900895794,0.7638,0.40182607424827677,3.6268783518913787
actnerf,Bowl,10,0,5,0.7639666666666667,0.8661917269789678,0.7639666666666667,0.43317154291572674,3.5768215418607654
actnerf,Bowl,3,0,0,0.2569666666666667,0.40886790951762186,0.2569666666666667,0.0741146594561156,18.688768387161527
actnerf,Bowl,3,0,1,0.6410666666666667,0.7812804679883003,0.6410666666666667,0.19506526305370864,5.27961265426535
actnerf,Bowl,3,0,2,0.6619,0.7965581563270955,0.6619,0.23005667754151798,4.925931764757261
actnerf,Bowl,3,0,3,0.6800333333333334,0.8095474296144919,0.6800333333333334,0.2603714615665823,4.707359002398733
actnerf,Bowl,3,0,4,0.8324333333333334,0.9085551088716279,0.8324333333333334,0.3231969590184385,3.4382267505097475
actnerf,Bowl,3,0,5,0.8747666666666667,0.9332005760716889,0.8747666666666667,0.4129702944993256,3.0229733546257482
actnerf,Bowl,0,0,0,0.3469333333333333,0.5151455157394575,0.3469333333333333,0.10805287727237904,12.567917626153356
actnerf,Bowl,0,0,1,0.6443,0.7836769445964848,0.6443,0.21982200523333228,5.055818035122782
actnerf,Bowl,0,0,2,0.6583333333333333,0.7939698492462312,0.6583333333333333,0.27822405936603783,4.809598281501761
actnerf,Bowl,0,0,3,0.7037666666666667,0.8261303386613973,0.7037666666666667,0.3149282876480029,4.159488579596036
actnerf,Bowl,0,0,4,0.8492,0.918451222150119,0.8492,0.42765276131096436,3.2115182410953187
actnerf,Bowl,0,0,5,0.9731,0.9863666311894986,0.9731,0.48155380504393197,2.355648507085405
actnerf,Bowl,1,2,0,0.3873,0.5583507532617314,0.3873,0.10959549077816597,8.740584776533044
actnerf,Bowl,1,2,1,0.6975333333333333,0.8218198955346974,0.6975333333333333,0.20177796396030664,4.6690214783022705
actnerf,Bowl,1,2,2,0.8124,0.8964908408739792,0.8124,0.2662929923649989,3.6973039935801273
actnerf,Bowl,1,2,3,0.8503,0.9190942009403881,0.8503,0.33882715525518275,3.3187353780416204
actnerf,Bowl,1,2,4,0.8532666666666666,0.9208244900895716,0.8532666666666666,0.37980775839853453,3.2235709445261453
actnerf,Bowl,1,2,5,0.8685,0.9296226919989297,0.8685,0.4205233270661422,3.0349550197102433
actnerf,Bowl,5,1,0,0.4233,0.5948148668587087,0.4233,0.12500942025251996,7.764339363142671
actnerf,Bowl,5,1,1,0.5672333333333334,0.7238658357615332,0.5672333333333334,0.19452751994013748,6.012672714555098
actnerf,Bowl,5,1,2,0.5828333333333333,0.7364430872907234,0.5828333333333333,0.23518680505529602,5.5886162925407765
actnerf,Bowl,5,1,3,0.7409666666666667,0.8512129276838538,0.7409666666666667,0.3435571649655418,4.073990601345741
actnerf,Bowl,5,1,4,0.9189,0.9577362030329877,0.9189,0.4115912473802825,2.886076274782281
actnerf,Bowl,5,1,5,0.9907666666666667,0.9953619208680073,0.9907666666666667,0.46704037128873227,2.338699219838596
actnerf,Bowl,13,0,0,0.47096666666666664,0.6403498832966984,0.47096666666666664,0.13155852946041932,6.663549011768882
actnerf,Bowl,13,0,1,0.6833666666666667,0.8119047147581236,0.6833666666666667,0.2068242409355269,5.010455418980621
actnerf,Bowl,13,0,2,0.699,0.8228369629193644,0.699,0.2554963856472516,4.8106950591639315
actnerf,Bowl,13,0,3,0.7011333333333334,0.8243132029627308,0.7011333333333334,0.29413258322615193,4.729621063461165
actnerf,Bowl,13,0,4,0.8121,0.8963081507643066,0.8121,0.3410011548714615,3.785929642179599
actnerf,Bowl,13,0,5,0.8354666666666667,0.9103588551503705,0.8354666666666667,0.38431370211295146,3.3774830210221207
actnerf,Bowl,0,2,0,0.3469333333333333,0.5151455157394575,0.3469333333333333,0.10805287727237904,12.567917626153356
actnerf,Bowl,0,2,1,0.6443,0.7836769445964848,0.6443,0.21982200523333228,5.055818035122782
actnerf,Bowl,0,2,2,0.8591,0.9242106395567747,0.8591,0.34526815205321965,3.2785426417032637
actnerf,Bowl,0,2,3,0.8762,0.9340155633727748,0.8762,0.39835564737304274,3.052983502386549
actnerf,Bowl,0,2,4,0.9329,0.9652853225723006,0.9329,0.45188825619578615,2.5950587489427184
actnerf,Bowl,0,2,5,0.9343,0.9660342242671768,0.9343,0.48809978265333415,2.5185034511999707
actnerf,Bowl,9,1,0,0.41556666666666664,0.5871382485223821,0.41556666666666664,0.12579715482709228,8.133295833997655
actnerf,Bowl,9,1,1,0.5434333333333333,0.7041876336306503,0.5434333333333333,0.20003425480549472,6.526831232922378
actnerf,Bowl,9,1,2,0.6952,0.8201982067012742,0.6952,0.2797626327775785,4.432288896516211
actnerf,Bowl,9,1,3,0.7223,0.8387621204203681,0.7223,0.33640133325311744,4.17762169598911
actnerf,Bowl,9,1,4,0.784,0.8789237668161435,0.784,0.3991855206474405,3.6436567485619444
actnerf,Bowl,9,1,5,0.8164666666666667,0.8989613535435094,0.8164666666666667,0.44957118893814985,3.348154139190555
actnerf,Bowl,11,1,0,0.35823333333333335,0.5274989569784279,0.35823333333333335,0.11544410090357433,11.301938550446334
actnerf,Bowl,11,1,1,0.7533333333333333,0.8593155893536121,0.7533333333333333,0.23710767499442895,4.213293793175564
actnerf,Bowl,11,1,2,0.759,0.8629903354178511,0.759,0.27746410618000567,3.982866194022912
actnerf,Bowl,11,1,3,0.8839666666666667,0.9384100921813903,0.8839666666666667,0.368973604558397,3.0637345913093426
actnerf,Bowl,11,1,4,0.8875333333333333,0.9404160632924805,0.8875333333333333,0.4185304706138185,2.9497583749481024
actnerf,Bowl,11,1,5,0.8988333333333334,0.9467216712016151,0.8988333333333334,0.4599352171781451,2.811050246962834
actnerf,Bowl,9,0,0,0.41556666666666664,0.5871382485223821,0.41556666666666664,0.12579715482709228,8.133295833997655
actnerf,Bowl,9,0,1,0.6690333333333334,0.8017015837510735,0.6690333333333334,0.2475492744579334,4.627553959172457
actnerf,Bowl,9,0,2,0.9094666666666666,0.9525871098386984,0.9094666666666666,0.3251036152930574,3.026163905899289
actnerf,Bowl,9,0,3,0.9341,0.9659273046895197,0.9341,0.3810678410057851,2.762713208564782
actnerf,Bowl,9,0,4,0.9341333333333334,0.9659451261546945,0.9341333333333334,0.42350438132184526,2.6756682900889768
actnerf,Bowl,9,0,5,0.9341333333333334,0.9659451261546945,0.9341333333333334,0.45388731845771535,2.620209478996706
actnerf,Bowl,2,0,0,0.42293333333333333,0.5944527736131934,0.42293333333333333,0.12317005331662058,8.84524862926609
actnerf,Bowl,2,0,1,0.6484333333333333,0.7867267910945747,0.6484333333333333,0.23629913234304276,4.937862827803173
actnerf,Bowl,2,0,2,0.6721,0.8038992883200766,0.6721,0.3024182912352178,4.6708646579053275
actnerf,Bowl,2,0,3,0.8142333333333334,0.8976059676263619,0.8142333333333334,0.3455052582488467,3.6503185861558873
actnerf,Bowl,2,0,4,0.9444333333333333,0.9714226938439647,0.9444333333333333,0.40855478833413006,2.7282875496069616
actnerf,Bowl,2,0,5,0.9511333333333334,0.9749547271671166,0.9511333333333334,0.4583999976054287,2.5643417689592614
actnerf,Bowl,12,0,0,0.4233,0.5948148668587087,0.4233,0.12458159287983836,7.74260161082471
actnerf,Bowl,12,0,1,0.5998666666666667,0.7498958246520543,0.5998666666666667,0.20161594715247594,5.559963378973052
actnerf,Bowl,12,0,2,0.7772333333333333,0.8746553632049816,0.7772333333333333,0.315706625668399,3.8811349184118287
actnerf,Bowl,12,0,3,0.7882333333333333,0.8815777210282029,0.7882333333333333,0.37041190381166156,3.6863019305882485
actnerf,Bowl,12,0,4,0.7897333333333333,0.8825150860463383,0.7897333333333333,0.40712394274061503,3.59619910512922
actnerf,Bowl,12,0,5,0.8085666666666667,0.894151906666421,0.8085666666666667,0.43924043977469507,3.432493788640563
actnerf,Bowl,4,1,0,0.43906666666666666,0.6102103215046789,0.43906666666666666,0.1246619061378375,7.04804523076436
actnerf,Bowl,4,1,1,0.6213,0.7664220070313945,0.6213,0.20828501075998776,4.9761303670511685
actnerf,Bowl,4,1,2,0.7983666666666667,0.8878797427295139,0.7983666666666667,0.3010479166014427,3.6254109286937855
actnerf,Bowl,4,1,3,0.8295333333333333,0.9068250555697263,0.8295333333333333,0.34686807180940116,3.3968656123557164
actnerf,Bowl,4,1,4,0.839,0.9124524197933659,0.839,0.38516515611063057,3.3035034836005863
actnerf,Bowl,4,1,5,0.8479666666666666,0.9177293962733815,0.8479666666666666,0.4336512336116367,3.1397537438351937
actnerf,Bowl,4,0,0,0.43906666666666666,0.6102103215046789,0.43906666666666666,0.1246619061378375,7.04804523076436
actnerf,Bowl,4,0,1,0.6752666666666667,0.8061602132993753,0.6752666666666667,0.22978522744368782,4.635052853933401
actnerf,Bowl,4,0,2,0.9327333333333333,0.9651960953399331,0.9327333333333333,0.3481004321843398,2.90158715474021
actnerf,Bowl,4,0,3,0.9356666666666666,0.9667642500430514,0.9356666666666666,0.3988550863236891,2.808486195599231
actnerf,Bowl,4,0,4,0.9416666666666667,0.9699570815450643,0.9416666666666667,0.43143099930385737,2.7132754406311914
actnerf,Bowl,4,0,5,0.9463666666666667,0.9724443835522598,0.9463666666666667,0.4521562281333787,2.629966367286963
actnerf,Bowl,7,0,0,0.4174333333333333,0.5889988947158008,0.4174333333333333,0.11955382127917809,7.111474465747925
actnerf,Bowl,7,0,1,0.7000333333333333,0.8235524793631497,0.7000333333333333,0.24231861477211525,4.4767034387216045
actnerf,Bowl,7,0,2,0.9217333333333333,0.9592728786512176,0.9217333333333333,0.3508239621554807,2.91505208383208
actnerf,Bowl,7,0,3,0.9603,0.9797479977554455,0.9603,0.38876930503660273,2.59831292791933
actnerf,Bowl,7,0,4,0.9620666666666666,0.9806666440148143,0.9620666666666666,0.41981535481041243,2.460044388563393
actnerf,Bowl,7,0,5,0.9619666666666666,0.9806146893423265,0.9619666666666666,0.4498396731888987,2.3965603509143607
actnerf,Bowl,9,2,0,0.41556666666666664,0.5871382485223821,0.41556666666666664,0.12579715482709228,8.133295833997655
actnerf,Bowl,9,2,1,0.6690333333333334,0.8017015837510735,0.6690333333333334,0.2475492744579334,4.627553959172457
actnerf,Bowl,9,2,2,0.9094666666666666,0.9525871098386984,0.9094666666666666,0.3251036152930574,3.026163905899289
actnerf,Bowl,9,2,3,0.9375333333333333,0.9677596944568696,0.9375333333333333,0.3802839257424019,2.7651135073266726
actnerf,Bowl,9,2,4,0.9541,0.9765109257458676,0.9541,0.42008356602153224,2.571833722676667
actnerf,Bowl,9,2,5,0.9627,0.9809955673307179,0.9627,0.4732742865301027,2.4116689900035198
actnerf,Bowl,1,0,0,0.3873,0.5583507532617314,0.3873,0.10959549077816597,8.740584776533044
actnerf,Bowl,1,0,1,0.6975333333333333,0.8218198955346974,0.6975333333333333,0.20177796396030664,4.6690214783022705
actnerf,Bowl,1,0,2,0.7288333333333333,0.8431504868408368,0.7288333333333333,0.24588062924097526,4.290804961879319
actnerf,Bowl,1,0,3,0.7555666666666667,0.8607667040082025,0.7555666666666667,0.2813060226122765,4.019310535609699
actnerf,Bowl,1,0,4,0.7633333333333333,0.8657844990548205,0.7633333333333333,0.3086361087949304,3.8961614054918394
actnerf,Bowl,1,0,5,0.8244666666666667,0.9037892352102898,0.8244666666666667,0.335773547393142,3.3920918515194893
actnerf,Bowl,14,1,0,0.4519666666666667,0.6225579099612021,0.4519666666666667,0.12288466836243635,6.867170081065483
actnerf,Bowl,14,1,1,0.7127333333333333,0.8322758942820443,0.7127333333333333,0.21957437836719682,4.472654425228104
actnerf,Bowl,14,1,2,0.9457333333333333,0.9721099157130131,0.9457333333333333,0.3314856938584677,2.8874071455224395
actnerf,Bowl,14,1,3,0.9538333333333333,0.9763712360317325,0.9538333333333333,0.3786726505442599,2.697190972035347
actnerf,Bowl,14,1,4,0.9614666666666667,0.9803548365168921,0.9614666666666667,0.4234045686110838,2.5434104780155518
actnerf,Bowl,14,1,5,0.9891333333333333,0.9945369842812616,0.9891333333333333,0.4694634235516823,2.304891410405192
actnerf,Bowl,2,2,0,0.42293333333333333,0.5944527736131934,0.42293333333333333,0.12317005331662058,8.84524862926609
actnerf,Bowl,2,2,1,0.6484333333333333,0.7867267910945747,0.6484333333333333,0.23629913234304276,4.937862827803173
actnerf,Bowl,2,2,2,0.9128666666666667,0.9544488202697522,0.9128666666666667,0.3212495844309301,3.1294232401498436
actnerf,Bowl,2,2,3,0.9525,0.9756722151088347,0.9525,0.3809776075636727,2.7196366063182587
actnerf,Bowl,2,2,4,0.9653,0.9823436625451585,0.9653,0.451379817107537,2.4394146702810287
actnerf,Bowl,2,2,5,0.9676,0.9835332384631023,0.9676,0.4944650650237458,2.3341635121669606
actnerf,Bowl,6,0,0,0.28346666666666664,0.44172034074381883,0.28346666666666664,0.09351432885550154,14.852552937568978
actnerf,Bowl,6,0,1,0.31903333333333334,0.48373809102625664,0.31903333333333334,0.14496700806328439,13.236619079761297
actnerf,Bowl,6,0,2,0.6365333333333333,0.7779045136059963,0.6365333333333333,0.25422734507775435,4.745512093344651
actnerf,Bowl,6,0,3,0.8470333333333333,0.9171825088881269,0.8470333333333333,0.37558724878924526,3.370227109578776
actnerf,Bowl,6,0,4,0.8544666666666667,0.921522809792573,0.8544666666666667,0.4292985457708764,3.1770507868537794
actnerf,Bowl,6,0,5,0.8638666666666667,0.9269618713784964,0.8638666666666667,0.4759891265125179,3.0242271047947997
actnerf,Bowl,10,1,0,0.2516333333333333,0.40208793842712187,0.2516333333333333,0.07331810565069277,19.19574409912293
actnerf,Bowl,10,1,1,0.5147,0.6796065227437778,0.5147,0.18498858844817712,7.110123259243498
actnerf,Bowl,10,1,2,0.7355,0.8475943532123308,0.7355,0.2855654260642394,4.188932986807232
actnerf,Bowl,10,1,3,0.7535333333333334,0.8594456906056344,0.7535333333333334,0.35387373490593377,3.9947838020505797
actnerf,Bowl,10,1,4,0.8458333333333333,0.9164785553047404,0.8458333333333333,0.42186238230405043,3.2169719224625664
actnerf,Bowl,10,1,5,0.8508,0.9193862113680571,0.8508,0.465183585119248,3.086297974023203
actnerf,Bowl,13,2,0,0.47096666666666664,0.6403498832966984,0.47096666666666664,0.13155852946041932,6.663549011768882
actnerf,Bowl,13,2,1,0.6833666666666667,0.8119047147581236,0.6833666666666667,0.2068242409355269,5.010455418980621
actnerf,Bowl,13,2,2,0.9229333333333334,0.9599223408681182,0.9229333333333334,0.32423565224161743,2.984500324578977
actnerf,Bowl,13,2,3,0.9317,0.9646425428379147,0.9317,0.3784563009792632,2.8035583175578997
actnerf,Bowl,13,2,4,0.9741666666666666,0.9869143098353735,0.9741666666666666,0.42984264505220265,2.4461842949641253
actnerf,Bowl,13,2,5,0.9780333333333333,0.9888946933823157,0.9780333333333333,0.48073155790982525,2.342402238363195
actnerf,Bowl,0,1,0,0.3469333333333333,0.5151455157394575,0.3469333333333333,0.10805287727237904,12.567917626153356
actnerf,Bowl,0,1,1,0.6443,0.7836769445964848,0.6443,0.21982200523333228,5.055818035122782
actnerf,Bowl,0,1,2,0.8591,0.9242106395567747,0.8591,0.34526815205321965,3.2785426417032637
actnerf,Bowl,0,1,3,0.8762,0.9340155633727748,0.8762,0.39835564737304274,3.052983502386549
actnerf,Bowl,0,1,4,0.9329,0.9652853225723006,0.9329,0.45188825619578615,2.5950587489427184
actnerf,Bowl,0,1,5,0.9343,0.9660342242671768,0.9343,0.48809978265333415,2.5185034511999707
actnerf,Bowl,3,1,0,0.2569666666666667,0.40886790951762186,0.2569666666666667,0.0741146594561156,18.688768387161527
actnerf,Bowl,3,1,1,0.6410666666666667,0.7812804679883003,0.6410666666666667,0.19506526305370864,5.27961265426535
actnerf,Bowl,3,1,2,0.9021,0.9485305714736345,0.9021,0.314854484498021,3.073222039240381
actnerf,Bowl,3,1,3,0.9137666666666666,0.9549405186978559,0.9137666666666666,0.3763777563307526,2.870793636611742
actnerf,Bowl,3,1,4,0.9432,0.9707698641416221,0.9432,0.4399937671888679,2.5962920555718005
actnerf,Bowl,3,1,5,0.9887666666666667,0.9943516081993865,0.9887666666666667,0.49394412435914287,2.203613599014652
actnerf,Bowl,14,2,0,0.4519666666666667,0.6225579099612021,0.4519666666666667,0.12288466836243635,6.867170081065483
actnerf,Bowl,14,2,1,0.7127333333333333,0.8322758942820443,0.7127333333333333,0.21957437836719682,4.472654425228104
actnerf,Bowl,14,2,2,0.8019666666666667,0.8901015557076528,0.8019666666666667,0.29186388459578494,3.808106164156897
actnerf,Bowl,14,2,3,0.9732,0.9864180012162984,0.9732,0.3939462202877635,2.5774490581669363
actnerf,Bowl,14,2,4,0.9846,0.9922402499244181,0.9846,0.43748020552553396,2.365711188024059
actnerf,Bowl,14,2,5,0.9969333333333333,0.9984643119449824,0.9969333333333333,0.4894082895947281,2.182641310167072
actnerf,Bowl,10,2,0,0.2516333333333333,0.40208793842712187,0.2516333333333333,0.07331810565069277,19.19574409912293
actnerf,Bowl,10,2,1,0.5621666666666667,0.7197268750666809,0.5621666666666667,0.19295862857643856,5.738814598320524
actnerf,Bowl,10,2,2,0.7236666666666667,0.8396828466447496,0.7236666666666667,0.2469217645534878,4.289893930553694
actnerf,Bowl,10,2,3,0.7569,0.8616312823723604,0.7569,0.2824471212148681,3.9896610828435475
actnerf,Bowl,10,2,4,0.7756333333333333,0.8736413298541365,0.7756333333333333,0.31152344266072063,3.8026343353754264
actnerf,Bowl,10,2,5,0.7827333333333333,0.8781272203732097,0.7827333333333333,0.3455977271934452,3.678848593970546
actnerf,Bowl,5,2,0,0.4233,0.5948148668587087,0.4233,0.12500942025251996,7.764339363142671
actnerf,Bowl,5,2,1,0.5672333333333334,0.7238658357615332,0.5672333333333334,0.19452751994013748,6.012672714555098
actnerf,Bowl,5,2,2,0.8531333333333333,0.9207468431845163,0.8531333333333333,0.3155755482561854,3.537657327096481
actnerf,Bowl,5,2,3,0.8782666666666666,0.9351884716405195,0.8782666666666666,0.35322340438700406,3.2196798884341598
actnerf,Bowl,5,2,4,0.8962,0.9452589389304926,0.8962,0.40928128872943426,2.968927339146085
actnerf,Bowl,5,2,5,0.9047333333333333,0.9499842497637465,0.9047333333333333,0.4469118615069179,2.826354537035951
actnerf,Bowl,3,2,0,0.2569666666666667,0.40886790951762186,0.2569666666666667,0.0741146594561156,18.688768387161527
actnerf,Bowl,3,2,1,0.6410666666666667,0.7812804679883003,0.6410666666666667,0.19506526305370864,5.27961265426535
actnerf,Bowl,3,2,2,0.7675333333333333,0.8684796137743749,0.7675333333333333,0.2529509356102158,4.150284484946301
actnerf,Bowl,3,2,3,0.7818333333333334,0.8775605649611823,0.7818333333333334,0.29645681136226715,3.9115286594793393
actnerf,Bowl,3,2,4,0.7856333333333333,0.8799492243648379,0.7856333333333333,0.33230892041629473,3.798780559584338
actnerf,Bowl,3,2,5,0.8252,0.9042296734604427,0.8252,0.38042103922190046,3.4245841761126683
actnerf,Bowl,12,2,0,0.4233,0.5948148668587087,0.4233,0.12458159287983836,7.74260161082471
actnerf,Bowl,12,2,1,0.5998666666666667,0.7498958246520543,0.5998666666666667,0.20161594715247594,5.559963378973052
actnerf,Bowl,12,2,2,0.7772333333333333,0.8746553632049816,0.7772333333333333,0.315706625668399,3.8811349184118287
actnerf,Bowl,12,2,3,0.7882333333333333,0.8815777210282029,0.7882333333333333,0.37041190381166156,3.6863019305882485
actnerf,Bowl,12,2,4,0.9053666666666667,0.9503332691870331,0.9053666666666667,0.41132313466564874,2.8964714228964366
actnerf,Bowl,12,2,5,0.9183666666666667,0.9574464388107939,0.9183666666666667,0.4594446903472535,2.7252372842353934
actnerf,Bowl,7,1,0,0.4174333333333333,0.5889988947158008,0.4174333333333333,0.11955382127917809,7.111474465747925
actnerf,Bowl,7,1,1,0.7000333333333333,0.8235524793631497,0.7000333333333333,0.24231861477211525,4.4767034387216045
actnerf,Bowl,7,1,2,0.7687666666666667,0.8692686052428247,0.7687666666666667,0.30962807635743683,3.9228873235305453
actnerf,Bowl,7,1,3,0.8194333333333333,0.900756645842112,0.8194333333333333,0.36262281911418814,3.5119785661745326
actnerf,Bowl,7,1,4,0.9271666666666667,0.9622070396955807,0.9271666666666667,0.4165122923396374,2.729422571392132
actnerf,Bowl,7,1,5,0.9368333333333333,0.967386627656828,0.9368333333333333,0.45895723321926196,2.563955250291093
actnerf,Bowl,7,2,0,0.4174333333333333,0.5889988947158008,0.4174333333333333,0.11955382127917809,7.111474465747925
actnerf,Bowl,7,2,1,0.7000333333333333,0.8235524793631497,0.7000333333333333,0.24231861477211525,4.4767034387216045
actnerf,Bowl,7,2,2,0.9217333333333333,0.9592728786512176,0.9217333333333333,0.3508239621554807,2.91505208383208
actnerf,Bowl,7,2,3,0.9603,0.9797479977554455,0.9603,0.38876930503660273,2.59831292791933
actnerf,Bowl,7,2,4,0.9620666666666666,0.9806666440148143,0.9620666666666666,0.41981535481041243,2.460044388563393
actnerf,Bowl,7,2,5,0.9623333333333334,0.9808051639205028,0.9623333333333334,0.44608713862741567,2.395333395426632
actnerf,Bowl,13,1,0,0.47096666666666664,0.6403498832966984,0.47096666666666664,0.13155852946041932,6.663549011768882
actnerf,Bowl,13,1,1,0.6833666666666667,0.8119047147581236,0.6833666666666667,0.2068242409355269,5.010455418980621
actnerf,Bowl,13,1,2,0.7567333333333334,0.8615232818488862,0.7567333333333334,0.28680726047525684,4.127130431303063
actnerf,Bowl,13,1,3,0.7613333333333333,0.8644965934897804,0.7613333333333333,0.33517955266697363,4.018788741562707
actnerf,Bowl,13,1,4,0.8782333333333333,0.9351695742453014,0.8782333333333333,0.39692652494639624,3.1050078937203707
actnerf,Bowl,13,1,5,0.8848666666666667,0.9389169879390231,0.8848666666666667,0.4399842636596503,2.955542252557076
actnerf,Bowl,2,1,0,0.42293333333333333,0.5944527736131934,0.42293333333333333,0.12317005331662058,8.84524862926609
actnerf,Bowl,2,1,1,0.6484333333333333,0.7867267910945747,0.6484333333333333,0.23629913234304276,4.937862827803173
actnerf,Bowl,2,1,2,0.9128666666666667,0.9544488202697522,0.9128666666666667,0.3212495844309301,3.1294232401498436
actnerf,Bowl,2,1,3,0.9247,0.9608770197952927,0.9247,0.3724700867233529,2.886520799473713
actnerf,Bowl,2,1,4,0.9306,0.9640526261265927,0.9306,0.42871026658742484,2.6939314481332772
actnerf,Bowl,2,1,5,0.9769,0.9883150386969497,0.9769,0.48849347956081896,2.3127181745957444
actnerf,Bowl,6,2,0,0.28346666666666664,0.44172034074381883,0.28346666666666664,0.09351432885550154,14.852552937568978
actnerf,Bowl,6,2,1,0.5731,0.7286250079460936,0.5731,0.20828585065376168,5.380223371939054
actnerf,Bowl,6,2,2,0.7128666666666666,0.832366792511579,0.7128666666666666,0.257711523558304,4.326751900653121
actnerf,Bowl,6,2,3,0.8751333333333333,0.9334091797916593,0.8751333333333333,0.3262755258780741,3.095817238425856
actnerf,Bowl,6,2,4,0.9534,0.9761441589024266,0.9534,0.4195673850143908,2.560727130359342
actnerf,Bowl,6,2,5,0.9588333333333333,0.9789840891687229,0.9588333333333333,0.4697177306013108,2.4309519581647008
actnerf,Bowl,8,1,0,0.4458666666666667,0.6167465879749171,0.4458666666666667,0.12377485283689942,7.142722070614226
actnerf,Bowl,8,1,1,0.4908,0.6584384223235846,0.4908,0.17329494018840183,6.512028384699147
actnerf,Bowl,8,1,2,0.7169,0.8351097909022075,0.7169,0.2925915877348077,4.306936887256761
actnerf,Bowl,8,1,3,0.8812666666666666,0.9368864949147737,0.8812666666666666,0.3541918695800462,3.1669921968864014
actnerf,Bowl,8,1,4,0.9015,0.948198790428609,0.9015,0.4383582648145624,2.8828791794901525
actnerf,Bowl,8,1,5,0.9209333333333334,0.9588394530436594,0.9209333333333334,0.48805867099688893,2.6693349414909466
actnerf,Bowl,11,2,0,0.35823333333333335,0.5274989569784279,0.35823333333333335,0.11544410090357433,11.301938550446334
actnerf,Bowl,11,2,1,0.4549666666666667,0.6253980618112671,0.4549666666666667,0.1803345254434285,8.53992884661887
actnerf,Bowl,11,2,2,0.5814,0.735297837359302,0.5814,0.24298071190055884,5.434300968683798
actnerf,Bowl,11,2,3,0.7904333333333333,0.8829519855528457,0.7904333333333333,0.34805239088978196,3.7373665491063583
actnerf,Bowl,11,2,4,0.9042,0.9496901585967861,0.9042,0.43760838127067836,2.871060805693811
actnerf,Bowl,11,2,5,0.9091666666666667,0.9524225229157574,0.9091666666666667,0.48688495619493666,2.7446357393453242
actnerf,Cube,14,0,0,0.47523333333333334,0.6442822604333778,0.47523333333333334,0.0262179276770345,11.145361899906076
actnerf,Cube,14,0,1,0.7078666666666666,0.828948395659302,0.7078666666666666,0.051532977384414605,4.991398091640408
actnerf,Cube,14,0,2,0.8532333333333333,0.9208050794107595,0.8532333333333333,0.07822519341062419,3.2973751907219615
actnerf,Cube,14,0,3,0.8691333333333333,0.9299853764668117,0.8691333333333333,0.10086644346431721,3.058982828079008
actnerf,Cube,14,0,4,0.8889666666666667,0.941220067408989,0.8889666666666667,0.12190199847953476,2.8776734206000945
actnerf,Cube,14,0,5,0.9231,0.9600124798502419,0.9231,0.14264201125195602,2.6057070553279473
actnerf,Cube,6,1,0,0.5255,0.6889544411668305,0.5255,0.030165925279461173,10.576408993104506
actnerf,Cube,6,1,1,0.7151333333333333,0.8339099001049481,0.7151333333333333,0.05761168581600189,5.587461588088245
actnerf,Cube,6,1,2,0.7271333333333333,0.842011811479523,0.7271333333333333,0.08250498042395484,5.34651161153676
actnerf,Cube,6,1,3,0.9491,0.9738853829972808,0.9491,0.10526258765458274,2.664234149903271
actnerf,Cube,6,1,4,0.9996333333333334,0.9998166330493924,0.9996333333333334,0.1291534932048538,2.182678566994241
actnerf,Cube,6,1,5,0.9999333333333333,0.9999666655555185,0.9999333333333333,0.15174088968069463,2.0297897499085646
actnerf,Cube,8,2,0,0.37443333333333334,0.5448548492712147,0.37443333333333334,0.02490986261363172,15.332180355615469
actnerf,Cube,8,2,1,0.7451333333333333,0.8539557626924399,0.7451333333333333,0.049098292598626955,4.568024353003082
actnerf,Cube,8,2,2,0.8181333333333334,0.8999706658844236,0.8181333333333334,0.07531791472805512,3.977597518983496
actnerf,Cube,8,2,3,0.9045,0.9498556051457074,0.9045,0.0991294455844409,2.865112486682486
actnerf,Cube,8,2,4,0.9421333333333334,0.9702045860222436,0.9421333333333334,0.12054285197503722,2.5990309155952436
actnerf,Cube,8,2,5,0.9609,0.9800601764495894,0.9609,0.14175729414773972,2.3614357504406343
actnerf,Cube,12,1,0,0.4777,0.6465453068958517,0.4777,0.02865017546961271,10.885433938757753
actnerf,Cube,12,1,1,0.5438333333333333,0.7045233725574868,0.5438333333333333,0.04845257185186133,10.226238429672177
actnerf,Cube,12,1,2,0.7744333333333333,0.8728796047564481,0.7744333333333333,0.07537205801929867,4.276677492320204
actnerf,Cube,12,1,3,0.9991333333333333,0.9995664788074832,0.9991333333333333,0.10082832635796751,2.3073023448432233
actnerf,Cube,12,1,4,0.9998,0.9998999899989999,0.9998,0.12390523027694604,2.157413454716366
actnerf,Cube,12,1,5,0.9999333333333333,0.9999666655555185,0.9999333333333333,0.14437794926312458,2.0703638303997693
actnerf,Cube,8,0,0,0.37443333333333334,0.5448548492712147,0.37443333333333334,0.02490986261363172,15.332180355615469
actnerf,Cube,8,0,1,0.44583333333333336,0.6167146974063401,0.44583333333333336,0.04692332043248201,11.237272279214338
actnerf,Cube,8,0,2,0.6460333333333333,0.7849577772827605,0.6460333333333333,0.07062283958202999,5.949908591430827
actnerf,Cube,8,0,3,0.7284666666666667,0.8429050796467004,0.7284666666666667,0.09073653186031373,4.374119345565438
actnerf,Cube,8,0,4,0.7831333333333333,0.8783788836131156,0.7831333333333333,0.11036456584619808,3.953452443435577
actnerf,Cube,8,0,5,0.8649666666666667,0.9275947738118644,0.8649666666666667,0.13533366397362245,3.316333351788247
actnerf,Cube,1,1,0,0.5071,0.6729480459159977,0.5071,0.029754562428498096,10.71006799433904
actnerf,Cube,1,1,1,0.6613333333333333,0.7961476725521669,0.6613333333333333,0.05261945912733732,5.643468199764021
actnerf,Cube,1,1,2,0.8305333333333333,0.9074222448830942,0.8305333333333333,0.07827905120011261,4.013491057015419
actnerf,Cube,1,1,3,0.8398,0.9129253179693445,0.8398,0.10276274016392808,3.806637265947544
actnerf,Cube,1,1,4,0.8494333333333334,0.9185876755042086,0.8494333333333334,0.12663168440633926,3.59372735440619
actnerf,Cube,1,1,5,0.8529666666666667,0.9206497688391588,0.8529666666666667,0.14867500911087644,3.451907141277882
actnerf,Cube,5,0,0,0.2895333333333333,0.44905133640076506,0.2895333333333333,0.021075632584931066,17.133623356969625
actnerf,Cube,5,0,1,0.41386666666666666,0.5854394568087514,0.41386666666666666,0.04313003360722183,14.527496503291186
actnerf,Cube,5,0,2,0.6238333333333334,0.7683465051832086,0.6238333333333334,0.06635579575998067,6.090321714767801
actnerf,Cube,5,0,3,0.6574666666666666,0.7933392325637519,0.6574666666666666,0.08498547237246998,5.609414199618612
actnerf,Cube,5,0,4,0.6676333333333333,0.8006955965539987,0.6676333333333333,0.1020123764910963,5.435372963914553
actnerf,Cube,5,0,5,0.6748333333333333,0.805851328490397,0.6748333333333333,0.11595647546167034,5.338392843684978
actnerf,Cube,4,2,0,0.5089333333333333,0.6745603958646285,0.5089333333333333,0.02939004597090049,10.736100208767857
actnerf,Cube,4,2,1,0.8341666666666666,0.9095865515674694,0.8341666666666666,0.05772731032223499,4.098121250538515
actnerf,Cube,4,2,2,0.9961333333333333,0.9980629216485205,0.9961333333333333,0.08244560534153243,2.4696017337096428
actnerf,Cube,4,2,3,0.9964666666666666,0.9982302066985007,0.9964666666666666,0.10459750999010546,2.3479659604072185
actnerf,Cube,4,2,4,0.9979666666666667,0.9989822986703148,0.9979666666666667,0.12536482441698038,2.2580708993227794
actnerf,Cube,4,2,5,0.9985,0.9992494370778084,0.9985,0.1493796926471272,2.0754253115272046
actnerf,Cube,11,0,0,0.5034666666666666,0.6697410429230223,0.5034666666666666,0.02946991169649294,10.75872879111889
actnerf,Cube,11,0,1,0.8340333333333333,0.9095072790389125,0.8340333333333333,0.055410195861643786,4.137339441161754
actnerf,Cube,11,0,2,0.8457,0.9164002817359268,0.8457,0.07930424774423113,3.8937760630526475
actnerf,Cube,11,0,3,0.9851333333333333,0.9925109984216006,0.9851333333333333,0.10631712427882993,2.510767934444024
actnerf,Cube,11,0,4,0.9893666666666666,0.9946549152996765,0.9893666666666666,0.12960709622013197,2.3024137536972438
actnerf,Cube,11,0,5,0.9976666666666667,0.9988319706324045,0.9976666666666667,0.15401198182793538,2.0512782838649266
actnerf,Cube,10,0,0,0.46473333333333333,0.6345637431159256,0.46473333333333333,0.028527532113095368,10.883362037210453
actnerf,Cube,10,0,1,0.6746666666666666,0.8057324840764332,0.6746666666666666,0.053218184113263116,5.167398843881076
actnerf,Cube,10,0,2,0.7402,0.8507068153085852,0.7402,0.07687260233920429,4.600405339747742
actnerf,Cube,10,0,3,0.9994333333333333,0.9997165863661371,0.9994333333333333,0.10128526204428581,2.3111488603448347
actnerf,Cube,10,0,4,0.9994333333333333,0.9997165863661371,0.9994333333333333,0.12499491913275991,2.1676269150667875
actnerf,Cube,10,0,5,0.9994333333333333,0.9997165863661371,0.9994333333333333,0.14712065992143503,2.0719511101890618
actnerf,Cube,3,0,0,0.4497,0.6204042215630821,0.4497,0.027304995666152892,11.190951047899928
actnerf,Cube,3,0,1,0.6882333333333334,0.8153296345291924,0.6882333333333334,0.04906457846478942,5.837218189797124
actnerf,Cube,3,0,2,0.7046666666666667,0.8267500977708251,0.7046666666666667,0.069047046533538,5.631776044661267
actnerf,Cube,3,0,3,0.7106333333333333,0.830842378066603,0.7106333333333333,0.08658695733347672,5.503728914358162
actnerf,Cube,3,0,4,0.8509666666666666,0.919483513119271,0.8509666666666666,0.10816905059466089,3.6294760504558736
actnerf,Cube,3,0,5,0.856,0.9224137931034483,0.856,0.12775224254893883,3.510421290903147
actnerf,Cube,0,0,0,0.25906666666666667,0.41152176215185854,0.25906666666666667,0.023026752362169365,17.4747680152715
actnerf,Cube,0,0,1,0.6164,0.7626825043306111,0.6164,0.049611953689601716,6.229535908604955
actnerf,Cube,0,0,2,0.6722,0.803970816887932,0.6722,0.07406428818522615,5.800380031717217
actnerf,Cube,0,0,3,0.8283666666666667,0.906127509070026,0.8283666666666667,0.0936779014452498,3.743308413779972
actnerf,Cube,0,0,4,0.9191333333333334,0.9578629242366345,0.9191333333333334,0.11878780048083507,2.5961771768140203
actnerf,Cube,0,0,5,0.9947,0.9973429588409285,0.9947,0.14404771887635126,2.0542991368529915
actnerf,Cube,1,2,0,0.5071,0.6729480459159977,0.5071,0.029754562428498096,10.71006799433904
actnerf,Cube,1,2,1,0.8185,0.9001924663183943,0.8185,0.057939366550247506,4.142526161823157
actnerf,Cube,1,2,2,0.8354333333333334,0.9103390661605797,0.8354333333333334,0.07837041223525446,3.8366237729039043
actnerf,Cube,1,2,3,0.9667666666666667,0.9831025541074183,0.9667666666666667,0.10491674455877241,2.578002648354108
actnerf,Cube,1,2,4,0.9831333333333333,0.9914949406662856,0.9831333333333333,0.13074220713261986,2.3356237149214785
actnerf,Cube,1,2,5,0.9905333333333334,0.9952441556701721,0.9905333333333334,0.14896859637061305,2.1934460428216354
actnerf,Cube,5,1,0,0.2895333333333333,0.44905133640076506,0.2895333333333333,0.021075632584931066,17.133623356969625
actnerf,Cube,5,1,1,0.6082,0.7563735853749533,0.6082,0.04623012873496833,5.376500745501812
actnerf,Cube,5,1,2,0.6752333333333334,0.8061364586027817,0.6752333333333334,0.06811981061912772,4.828507047853162
actnerf,Cube,5,1,3,0.7090666666666666,0.8297706350444687,0.7090666666666666,0.08681775210731159,4.548660033614417
actnerf,Cube,5,1,4,0.7374666666666667,0.8488987798327067,0.7374666666666667,0.10397591874665998,4.3393557714574476
actnerf,Cube,5,1,5,0.7567,0.8615016792850231,0.7567,0.11989746667054778,4.196314041162976
actnerf,Cube,13,0,0,0.39676666666666666,0.5681216142042336,0.39676666666666666,0.026688397361670717,14.97115485168831
actnerf,Cube,13,0,1,0.5369333333333334,0.6987073826667825,0.5369333333333334,0.05079393801084213,7.112400203911849
actnerf,Cube,13,0,2,0.7031,0.8256708355352004,0.7031,0.07068341033224945,4.626669477202275
actnerf,Cube,13,0,3,0.8546333333333334,0.921619727169791,0.8546333333333334,0.09499669330155111,3.1475962780945124
actnerf,Cube,13,0,4,0.8901333333333333,0.9418735891647855,0.8901333333333333,0.11740900406707476,2.854891710087515
actnerf,Cube,13,0,5,0.8961333333333333,0.9452218550031644,0.8961333333333333,0.13878257035095068,2.714206973138347
actnerf,Cube,0,2,0,0.25906666666666667,0.41152176215185854,0.25906666666666667,0.023026752362169365,17.4747680152715
actnerf,Cube,0,2,1,0.6164,0.7626825043306111,0.6164,0.049611953689601716,6.229535908604955
actnerf,Cube,0,2,2,0.6722,0.803970816887932,0.6722,0.07406428818522615,5.800380031717217
actnerf,Cube,0,2,3,0.8283666666666667,0.906127509070026,0.8283666666666667,0.0936779014452498,3.743308413779972
actnerf,Cube,0,2,4,0.8294666666666667,0.9067852197361708,0.8294666666666667,0.11135501406487815,3.67059070648794
actnerf,Cube,0,2,5,0.8321333333333333,0.9083763918201004,0.8321333333333333,0.1270394787263,3.5955409543244943
actnerf,Cube,9,1,0,0.5250333333333334,0.6885532556665428,0.5250333333333334,0.029264911732109856,10.486054854769607
actnerf,Cube,9,1,1,0.8363333333333334,0.9108731167180977,0.8363333333333334,0.057297266021403705,4.03788925629537
actnerf,Cube,9,1,2,0.8497,0.9187435800400066,0.8497,0.08120290832112471,3.766813219077623
actnerf,Cube,9,1,3,0.9998,0.9998999899989999,0.9998,0.10725157324287053,2.2555830080690322
actnerf,Cube,9,1,4,1.0,1.0,1.0,0.13110513598247509,2.1323470345321365
actnerf,Cube,9,1,5,1.0,1.0,1.0,0.15203978542525343,2.0327398685445806
actnerf,Cube,11,1,0,0.5034666666666666,0.6697410429230223,0.5034666666666666,0.02946991169649294,10.75872879111889
actnerf,Cube,11,1,1,0.8340333333333333,0.9095072790389125,0.8340333333333333,0.055410195861643786,4.137339441161754
actnerf,Cube,11,1,2,0.8457,0.9164002817359268,0.8457,0.07930424774423113,3.8937760630526475
actnerf,Cube,11,1,3,0.8480333333333333,0.9177684385202286,0.8480333333333333,0.10066324583735964,3.777494331379177
actnerf,Cube,11,1,4,0.8644666666666667,0.9273071834662281,0.8644666666666667,0.12652630255280858,3.4578935214565423
actnerf,Cube,11,1,5,0.8659666666666667,0.9281694921309778,0.8659666666666667,0.15019024355267688,3.3472744610359286
actnerf,Cube,9,0,0,0.5250333333333334,0.6885532556665428,0.5250333333333334,0.029264911732109856,10.486054854769607
actnerf,Cube,9,0,1,0.8363333333333334,0.9108731167180977,0.8363333333333334,0.057297266021403705,4.03788925629537
actnerf,Cube,9,0,2,0.8497,0.9187435800400066,0.8497,0.08120290832112471,3.766813219077623
actnerf,Cube,9,0,3,0.8551333333333333,0.9219103748158264,0.8551333333333333,0.10326087530144723,3.630922812783855
actnerf,Cube,9,0,4,0.9928333333333333,0.9964037802124278,0.9928333333333333,0.12562932911301658,2.33299383862435
actnerf,Cube,9,0,5,0.9939333333333333,0.9969574375606005,0.9939333333333333,0.1475032605508274,2.2387424978829604
actnerf,Cube,2,0,0,0.35613333333333336,0.5252187592173828,0.35613333333333336,0.022136414996812515,13.29672028805497
actnerf,Cube,2,0,1,0.6331666666666667,0.7753852433921828,0.6331666666666667,0.04557633839850087,6.100165990188042
actnerf,Cube,2,0,2,0.9112,0.9535370447886145,0.9112,0.06998889610448705,2.882340876928784
actnerf,Cube,2,0,3,0.9397666666666666,0.9689481552764078,0.9397666666666666,0.092588277317725,2.6320146643919036
actnerf,Cube,2,0,4,0.9469,0.9727258718989162,0.9469,0.11433905871816491,2.4363128492702897
actnerf,Cube,2,0,5,0.9646333333333333,0.9819983372639508,0.9646333333333333,0.14072925961244562,2.187570789673973
actnerf,Cube,12,0,0,0.4777,0.6465453068958517,0.4777,0.02865017546961271,10.885433938757753
actnerf,Cube,12,0,1,0.5438333333333333,0.7045233725574868,0.5438333333333333,0.04845257185186133,10.226238429672177
actnerf,Cube,12,0,2,0.7744333333333333,0.8728796047564481,0.7744333333333333,0.07537205801929867,4.276677492320204
actnerf,Cube,12,0,3,0.7885666666666666,0.8817861602400432,0.7885666666666666,0.09391274951055256,4.020692209761988
actnerf,Cube,12,0,4,0.9401,0.9691253028194423,0.9401,0.11768044327376666,2.446457505427146
actnerf,Cube,12,0,5,0.9422666666666667,0.9702752797418823,0.9422666666666667,0.13861955285628078,2.3504829279618265
actnerf,Cube,4,1,0,0.5089333333333333,0.6745603958646285,0.5089333333333333,0.02939004597090049,10.736100208767857
actnerf,Cube,4,1,1,0.6865,0.8141120664097242,0.6865,0.05291202393171138,6.073126494051599
actnerf,Cube,4,1,2,0.8518666666666667,0.9200086399308806,0.8518666666666667,0.07848575448225749,3.872616869773583
actnerf,Cube,4,1,3,0.9993666666666666,0.9996832330237909,0.9993666666666666,0.10624929785008141,2.293191182524219
actnerf,Cube,4,1,4,0.9997,0.9998499774966245,0.9997,0.12594242932116295,2.205332291379544
actnerf,Cube,4,1,5,0.9997,0.9998499774966245,0.9997,0.1452065737158808,2.132327333219604
actnerf,Cube,4,0,0,0.5089333333333333,0.6745603958646285,0.5089333333333333,0.02939004597090049,10.736100208767857
actnerf,Cube,4,0,1,0.5397,0.7010456582451127,0.5397,0.056250050773914394,10.234511353236494
actnerf,Cube,4,0,2,0.7173,0.83538112152798,0.7173,0.0816556332960546,5.494763628530567
actnerf,Cube,4,0,3,0.7243666666666667,0.8401538729195261,0.7243666666666667,0.10525764881932029,5.335778194607642
actnerf,Cube,4,0,4,0.8715333333333334,0.9313575321483276,0.8715333333333334,0.12918007121099165,3.31477116105934
actnerf,Cube,4,0,5,0.8715,0.9313384985305904,0.8715,0.1508935891021851,3.232390149994362
actnerf,Cube,7,0,0,0.48496666666666666,0.6531684212889177,0.48496666666666666,0.027201768810523583,10.788468356615557
actnerf,Cube,7,0,1,0.7290666666666666,0.8433066008636644,0.7290666666666666,0.05341040070822506,5.3814184245903975
actnerf,Cube,7,0,2,0.9999333333333333,0.9999666655555185,0.9999333333333333,0.08331380314838643,2.3706562577516888
actnerf,Cube,7,0,3,1.0,1.0,1.0,0.10511343072148846,2.264139942466034
actnerf,Cube,7,0,4,1.0,1.0,1.0,0.12749355555591427,2.1525540088872654
actnerf,Cube,7,0,5,1.0,1.0,1.0,0.1530919220631754,2.015506294650182
actnerf,Cube,9,2,0,0.5250333333333334,0.6885532556665428,0.5250333333333334,0.029264911732109856,10.486054854769607
actnerf,Cube,9,2,1,0.8363333333333334,0.9108731167180977,0.8363333333333334,0.057297266021403705,4.03788925629537
actnerf,Cube,9,2,2,0.9941,0.9970412717516675,0.9941,0.08236359230048715,2.4812260948363156
actnerf,Cube,9,2,3,0.9959,0.9979457888671777,0.9959,0.10247191892672514,2.3296826169895346
actnerf,Cube,9,2,4,0.9978333333333333,0.9989154917827646,0.9978333333333333,0.122827490826774,2.183016529228591
actnerf,Cube,9,2,5,0.9978333333333333,0.9989154917827646,0.9978333333333333,0.14429335645334976,2.109985328614857
actnerf,Cube,1,0,0,0.5071,0.6729480459159977,0.5071,0.029754562428498096,10.71006799433904
actnerf,Cube,1,0,1,0.8185,0.9001924663183943,0.8185,0.057939366550247506,4.142526161823157
actnerf,Cube,1,0,2,0.8402333333333334,0.913181299472893,0.8402333333333334,0.08402871675254456,3.8660870613171925
actnerf,Cube,1,0,3,0.8469333333333333,0.9171238810280103,0.8469333333333333,0.10779951883644479,3.7087331164671924
actnerf,Cube,1,0,4,0.8635666666666667,0.9267891319512762,0.8635666666666667,0.13388795376322202,3.426146278058127
actnerf,Cube,1,0,5,0.8666333333333334,0.9285522955767067,0.8666333333333334,0.15825912754623642,3.3155355547339225
actnerf,Cube,14,1,0,0.47523333333333334,0.6442822604333778,0.47523333333333334,0.0262179276770345,11.145361899906076
actnerf,Cube,14,1,1,0.7078666666666666,0.828948395659302,0.7078666666666666,0.051532977384414605,4.991398091640408
actnerf,Cube,14,1,2,0.9904333333333334,0.9951936764188704,0.9904333333333334,0.0789345883819109,2.488854797657045
actnerf,Cube,14,1,3,0.9987333333333334,0.9993662653013575,0.9987333333333334,0.10359633330422659,2.2767435042551494
actnerf,Cube,14,1,4,0.9992666666666666,0.9996331988395745,0.9992666666666666,0.12817049039014783,2.154564359564055
actnerf,Cube,14,1,5,0.9997,0.9998499774966245,0.9997,0.1489060992565805,2.064352749171638
actnerf,Cube,2,2,0,0.35613333333333336,0.5252187592173828,0.35613333333333336,0.022136414996812515,13.29672028805497
actnerf,Cube,2,2,1,0.6331666666666667,0.7753852433921828,0.6331666666666667,0.04557633839850087,6.100165990188042
actnerf,Cube,2,2,2,0.9112,0.9535370447886145,0.9112,0.06998889610448705,2.882340876928784
actnerf,Cube,2,2,3,0.9524666666666667,0.9756547273534333,0.9524666666666667,0.09744718771040277,2.5248882654974554
actnerf,Cube,2,2,4,0.9993,0.99964987745711,0.9993,0.1244914560552684,2.1338835464081796
actnerf,Cube,2,2,5,1.0,1.0,1.0,0.14965067123704184,2.009815026081005
actnerf,Cube,6,0,0,0.5255,0.6889544411668305,0.5255,0.030165925279461173,10.576408993104506
actnerf,Cube,6,0,1,0.5447,0.7052502103968408,0.5447,0.0575720197839229,10.206385492522541
actnerf,Cube,6,0,2,0.7348,0.8471293520866959,0.7348,0.08197095770512107,5.22136671971634
actnerf,Cube,6,0,3,0.9999666666666667,0.999983333055551,0.9999666666666667,0.10870374013060692,2.199169948780314
actnerf,Cube,6,0,4,0.9999666666666667,0.999983333055551,0.9999666666666667,0.13047945629398003,2.0788981496324657
actnerf,Cube,6,0,5,0.9999666666666667,0.999983333055551,0.9999666666666667,0.15461812352649065,1.9906838753720253
actnerf,Cube,10,1,0,0.46473333333333333,0.6345637431159256,0.46473333333333333,0.028527532113095368,10.883362037210453
actnerf,Cube,10,1,1,0.6746666666666666,0.8057324840764332,0.6746666666666666,0.053218184113263116,5.167398843881076
actnerf,Cube,10,1,2,0.6862666666666667,0.813947971851032,0.6862666666666667,0.07548676520488538,4.961169268835046
actnerf,Cube,10,1,3,0.8771666666666667,0.9345645032406996,0.8771666666666667,0.09909633197120184,3.1066640333247793
actnerf,Cube,10,1,4,0.9480333333333333,0.9733235228692185,0.9480333333333333,0.124442743636569,2.511335759632377
actnerf,Cube,10,1,5,0.9987,0.9993495772251965,0.9987,0.15133109558143726,2.095244308985834
actnerf,Cube,13,2,0,0.39676666666666666,0.5681216142042336,0.39676666666666666,0.026688397361670717,14.97115485168831
actnerf,Cube,13,2,1,0.6940333333333333,0.8193856870191456,0.6940333333333333,0.04948298166631351,5.746712502327334
actnerf,Cube,13,2,2,0.7159,0.8344309108922431,0.7159,0.06972999281355467,5.519521900471023
actnerf,Cube,13,2,3,0.8812333333333333,0.9368676577422612,0.8812333333333333,0.09660755166901062,3.3884424268527202
actnerf,Cube,13,2,4,0.9956,0.9977951493285228,0.9956,0.12135567131509384,2.206398844391292
actnerf,Cube,13,2,5,0.9999333333333333,0.9999666655555185,0.9999333333333333,0.14549761546262785,2.0162908865462836
actnerf,Cube,0,1,0,0.25906666666666667,0.41152176215185854,0.25906666666666667,0.023026752362169365,17.4747680152715
actnerf,Cube,0,1,1,0.6164,0.7626825043306111,0.6164,0.049611953689601716,6.229535908604955
actnerf,Cube,0,1,2,0.9201,0.958387583980001,0.9201,0.0774121983216258,2.8580377647025337
actnerf,Cube,0,1,3,0.9407333333333333,0.969461715502731,0.9407333333333333,0.10152366265625308,2.6354204817850526
actnerf,Cube,0,1,4,0.9508,0.9747795776091859,0.9508,0.12544181910753477,2.4970205072499727
actnerf,Cube,0,1,5,0.9664333333333334,0.9829301781567306,0.9664333333333334,0.14899476015924154,2.234218322583293
actnerf,Cube,3,1,0,0.4497,0.6204042215630821,0.4497,0.027304995666152892,11.190951047899928
actnerf,Cube,3,1,1,0.6882333333333334,0.8153296345291924,0.6882333333333334,0.04906457846478942,5.837218189797124
actnerf,Cube,3,1,2,0.9661333333333333,0.9827749898277499,0.9661333333333333,0.07541875788125386,2.684099626673931
actnerf,Cube,3,1,3,0.9801,0.989950002525125,0.9801,0.10113557264715553,2.4312148701676075
actnerf,Cube,3,1,4,0.9821666666666666,0.9910031110737408,0.9821666666666666,0.1262367784334981,2.296141527578327
actnerf,Cube,3,1,5,0.9995333333333334,0.9997666122095156,0.9995333333333334,0.14704428312586815,2.0339687309985286
actnerf,Cube,14,2,0,0.47523333333333334,0.6442822604333778,0.47523333333333334,0.0262179276770345,11.145361899906076
actnerf,Cube,14,2,1,0.7078666666666666,0.828948395659302,0.7078666666666666,0.051532977384414605,4.991398091640408
actnerf,Cube,14,2,2,0.7613,0.8644751036166468,0.7613,0.0735299000284689,4.556778494803602
actnerf,Cube,14,2,3,0.8557,0.922239586140001,0.8557,0.10149829917394897,3.6008594632001443
actnerf,Cube,14,2,4,0.9978,0.9988987886675343,0.9978,0.12625878651145203,2.2772163694293877
actnerf,Cube,14,2,5,0.9995,0.9997499374843711,0.9995,0.15215059669000777,2.068564133718747
actnerf,Cube,10,2,0,0.46473333333333333,0.6345637431159256,0.46473333333333333,0.028527532113095368,10.883362037210453
actnerf,Cube,10,2,1,0.5468666666666666,0.7070637417575313,0.5468666666666666,0.04976852397141731,10.047446904173016
actnerf,Cube,10,2,2,0.8429666666666666,0.9147931776664436,0.8429666666666666,0.07488201788383761,3.9819132628429377
actnerf,Cube,10,2,3,0.8531333333333333,0.9207468431845163,0.8531333333333333,0.09963317440898051,3.7145177616415377
actnerf,Cube,10,2,4,0.8651333333333333,0.9276906029953176,0.8651333333333333,0.12226646164635348,3.4985459016150497
actnerf,Cube,10,2,5,0.8678666666666667,0.9292597615818403,0.8678666666666667,0.1481619079558994,3.3263158510821644
actnerf,Cube,5,2,0,0.2895333333333333,0.44905133640076506,0.2895333333333333,0.021075632584931066,17.133623356969625
actnerf,Cube,5,2,1,0.6082,0.7563735853749533,0.6082,0.04623012873496833,5.376500745501812
actnerf,Cube,5,2,2,0.8646,0.9273838893060175,0.8646,0.07095270784550299,3.2044684050042056
actnerf,Cube,5,2,3,0.8867,0.9399480574548154,0.8867,0.09342251480491917,2.9283266417378684
actnerf,Cube,5,2,4,0.9019666666666667,0.9484568604426997,0.9019666666666667,0.11432685500298516,2.7713734339810294
actnerf,Cube,5,2,5,0.9324666666666667,0.9650532997550627,0.9324666666666667,0.13933762576202674,2.450207497443308
actnerf,Cube,3,2,0,0.4497,0.6204042215630821,0.4497,0.027304995666152892,11.190951047899928
actnerf,Cube,3,2,1,0.6882333333333334,0.8153296345291924,0.6882333333333334,0.04906457846478942,5.837218189797124
actnerf,Cube,3,2,2,0.7974,0.8872816290196951,0.7974,0.07330008705412636,4.040513619170861
actnerf,Cube,3,2,3,0.9899333333333333,0.9949412040604375,0.9899333333333333,0.0998003791417336,2.3794260882999714
actnerf,Cube,3,2,4,0.9918666666666667,0.995916728027311,0.9918666666666667,0.12366567037097495,2.222731473773927
actnerf,Cube,3,2,5,0.9989666666666667,0.9994830662508963,0.9989666666666667,0.14483777630266687,2.0388770793776025
actnerf,Cube,12,2,0,0.4777,0.6465453068958517,0.4777,0.02865017546961271,10.885433938757753
actnerf,Cube,12,2,1,0.5438333333333333,0.7045233725574868,0.5438333333333333,0.04845257185186133,10.226238429672177
actnerf,Cube,12,2,2,0.7744333333333333,0.8728796047564481,0.7744333333333333,0.07537205801929867,4.276677492320204
actnerf,Cube,12,2,3,0.8099333333333333,0.894986924011934,0.8099333333333333,0.09968750768793395,3.9195872303018606
actnerf,Cube,12,2,4,0.8737666666666667,0.9326312418835502,0.8737666666666667,0.12196404932246241,3.288357792137544
actnerf,Cube,12,2,5,1.0,1.0,1.0,0.14649376905853553,2.047392039978596
actnerf,Cube,7,1,0,0.48496666666666666,0.6531684212889177,0.48496666666666666,0.027201768810523583,10.788468356615557
actnerf,Cube,7,1,1,0.7290666666666666,0.8433066008636644,0.7290666666666666,0.05341040070822506,5.3814184245903975
actnerf,Cube,7,1,2,0.9999333333333333,0.9999666655555185,0.9999333333333333,0.08331380314838643,2.3706562577516888
actnerf,Cube,7,1,3,1.0,1.0,1.0,0.10511343072148846,2.264139942466034
actnerf,Cube,7,1,4,1.0,1.0,1.0,0.12749355555591427,2.1525540088872654
actnerf,Cube,7,1,5,1.0,1.0,1.0,0.14751243226813812,2.082105879103
actnerf,Cube,7,2,0,0.48496666666666666,0.6531684212889177,0.48496666666666666,0.027201768810523583,10.788468356615557
actnerf,Cube,7,2,1,0.7290666666666666,0.8433066008636644,0.7290666666666666,0.05341040070822506,5.3814184245903975
actnerf,Cube,7,2,2,0.9999333333333333,0.9999666655555185,0.9999333333333333,0.08331380314838643,2.3706562577516888
actnerf,Cube,7,2,3,1.0,1.0,1.0,0.10511343072148846,2.264139942466034
actnerf,Cube,7,2,4,1.0,1.0,1.0,0.12749355555591427,2.1525540088872654
actnerf,Cube,7,2,5,1.0,1.0,1.0,0.14751243226813812,2.082105879103
actnerf,Cube,13,1,0,0.39676666666666666,0.5681216142042336,0.39676666666666666,0.026688397361670717,14.97115485168831
actnerf,Cube,13,1,1,0.5369333333333334,0.6987073826667825,0.5369333333333334,0.05079393801084213,7.112400203911849
actnerf,Cube,13,1,2,0.7031,0.8256708355352004,0.7031,0.07068341033224945,4.626669477202275
actnerf,Cube,13,1,3,0.7289,0.8431950951472035,0.7289,0.08833719394753457,4.085839859210905
actnerf,Cube,13,1,4,0.7762666666666667,0.8740429364960216,0.7762666666666667,0.1091893516529123,3.6136064039408446
actnerf,Cube,13,1,5,0.903,0.9490278507619548,0.903,0.13254915468427872,2.727824787003028
actnerf,Cube,2,1,0,0.35613333333333336,0.5252187592173828,0.35613333333333336,0.022136414996812515,13.29672028805497
actnerf,Cube,2,1,1,0.6331666666666667,0.7753852433921828,0.6331666666666667,0.04557633839850087,6.100165990188042
actnerf,Cube,2,1,2,0.9112,0.9535370447886145,0.9112,0.06998889610448705,2.882340876928784
actnerf,Cube,2,1,3,0.9397666666666666,0.9689481552764078,0.9397666666666666,0.092588277317725,2.6320146643919036
actnerf,Cube,2,1,4,0.9632333333333334,0.9812723907839109,0.9632333333333334,0.11931235576164714,2.3340284017574846
actnerf,Cube,2,1,5,0.9645666666666667,0.98196379184553,0.9645666666666667,0.14601900097262455,2.2010587195776394
actnerf,Cube,6,2,0,0.5255,0.6889544411668305,0.5255,0.030165925279461173,10.576408993104506
actnerf,Cube,6,2,1,0.7151333333333333,0.8339099001049481,0.7151333333333333,0.05761168581600189,5.587461588088245
actnerf,Cube,6,2,2,0.8284333333333334,0.9061673928499808,0.8284333333333334,0.08314617350226632,3.972502729775958
actnerf,Cube,6,2,3,0.9988666666666667,0.999433012040156,0.9988666666666667,0.10878687203890178,2.2689736050250215
actnerf,Cube,6,2,4,0.9997333333333334,0.9998666488865182,0.9997333333333334,0.13165831153591004,2.1295295135678822
actnerf,Cube,6,2,5,1.0,1.0,1.0,0.1528026078636268,2.0568927959247127
actnerf,Cube,8,1,0,0.37443333333333334,0.5448548492712147,0.37443333333333334,0.02490986261363172,15.332180355615469
actnerf,Cube,8,1,1,0.7451333333333333,0.8539557626924399,0.7451333333333333,0.049098292598626955,4.568024353003082
actnerf,Cube,8,1,2,0.8181333333333334,0.8999706658844236,0.8181333333333334,0.07531791472805512,3.977597518983496
actnerf,Cube,8,1,3,0.9045,0.9498556051457074,0.9045,0.0991294455844409,2.865112486682486
actnerf,Cube,8,1,4,0.9421333333333334,0.9702045860222436,0.9421333333333334,0.12054285197503722,2.5990309155952436
actnerf,Cube,8,1,5,0.9609,0.9800601764495894,0.9609,0.14175729414773972,2.3614357504406343
actnerf,Cube,11,2,0,0.5034666666666666,0.6697410429230223,0.5034666666666666,0.02946991169649294,10.75872879111889
actnerf,Cube,11,2,1,0.6740666666666667,0.8053044482497711,0.6740666666666667,0.05648762156164042,6.134914760135143
actnerf,Cube,11,2,2,0.7217333333333333,0.8383799272051421,0.7217333333333333,0.07753503855653544,4.911093061313495
actnerf,Cube,11,2,3,0.8801333333333333,0.9362456563364301,0.8801333333333333,0.10155042516896802,3.1828162030159275
actnerf,Cube,11,2,4,0.9712,0.9853896103896103,0.9712,0.12308023978949899,2.331706514775581
actnerf,Cube,11,2,5,0.9993,0.99964987745711,0.9993,0.14739864677185183,2.0798961400048777
actnerf,Thin_Irregular,14,0,0,0.28423333333333334,0.4426506086640538,0.28423333333333334,0.3868575088396164,19.720786900019604
actnerf,Thin_Irregular,14,0,1,0.5694,0.7256276283930165,0.5694,0.816056555694228,6.073437157025504
actnerf,Thin_Irregular,14,0,2,0.6978,0.8220049475792202,0.6978,0.8407376345588029,5.125400374619436
actnerf,Thin_Irregular,14,0,3,0.7969666666666667,0.8870133001910628,0.7969666666666667,0.9725844943557421,3.5584624193624874
actnerf,Thin_Irregular,14,0,4,0.8406666666666667,0.9134371604491126,0.8406666666666667,0.9725844943557421,3.285389341157435
actnerf,Thin_Irregular,14,0,5,0.8649666666666667,0.9275947738118644,0.8649666666666667,0.9725844943557421,3.08710187611618
actnerf,Thin_Irregular,6,1,0,0.41996666666666665,0.5915162327754173,0.41996666666666665,0.49655644956441103,14.813322205781176
actnerf,Thin_Irregular,6,1,1,0.6173333333333333,0.763396537510305,0.6173333333333333,0.6751724570707148,7.545612947291871
actnerf,Thin_Irregular,6,1,2,0.6385666666666666,0.779421038712696,0.6385666666666666,0.6769376047806955,7.229853520116406
actnerf,Thin_Irregular,6,1,3,0.876,0.933901918976546,0.876,0.9746043695531477,3.1470651689143927
actnerf,Thin_Irregular,6,1,4,0.9345333333333333,0.9661589358329312,0.9345333333333333,0.997728370738845,2.649369229196542
actnerf,Thin_Irregular,6,1,5,0.9386,0.9683276591354585,0.9386,0.997728370738845,2.5491563713598424
actnerf,Thin_Irregular,8,2,0,0.4576,0.6278814489571899,0.4576,0.4520053143975737,14.902934067616304
actnerf,Thin_Irregular,8,2,1,0.776,0.8738738738738739,0.776,0.798187001269673,4.947533845778113
actnerf,Thin_Irregular,8,2,2,0.8459,0.9165176878487459,0.8459,0.930485669542745,3.3999279505008926
actnerf,Thin_Irregular,8,2,3,0.9949666666666667,0.9974769837424184,0.9949666666666667,0.9998033887257013,2.4065476518423776
actnerf,Thin_Irregular,8,2,4,0.9965,0.9982469321312296,0.9965,0.9998525415442759,2.271635315623835
actnerf,Thin_Irregular,8,2,5,0.9973,0.9986481750362989,0.9973,0.9998525415442759,2.20115853077491
actnerf,Thin_Irregular,12,1,0,0.4528333333333333,0.6233796030744522,0.4528333333333333,0.4474268645346019,14.71041064497065
actnerf,Thin_Irregular,12,1,1,0.6341,0.7760846949391101,0.6341,0.6528210154340043,7.637946830034168
actnerf,Thin_Irregular,12,1,2,0.8218333333333333,0.9022047388162108,0.8218333333333333,0.8304544444883284,4.5361824012514464
actnerf,Thin_Irregular,12,1,3,0.8275,0.9056087551299589,0.8275,0.8304544444883284,4.329440365706457
actnerf,Thin_Irregular,12,1,4,0.8632,0.9265779304422499,0.8632,0.8561050574335973,3.801511353346292
actnerf,Thin_Irregular,12,1,5,0.8658333333333333,0.9280928986154534,0.8658333333333333,0.8561050574335973,3.731250980373722
actnerf,Thin_Irregular,8,0,0,0.4576,0.6278814489571899,0.4576,0.4520053143975737,14.902934067616304
actnerf,Thin_Irregular,8,0,1,0.5485,0.7084275104940264,0.5485,0.6499414282230849,8.358642400728533
actnerf,Thin_Irregular,8,0,2,0.7915333333333333,0.8836378521192275,0.7915333333333333,0.807410014392759,4.986823125714598
actnerf,Thin_Irregular,8,0,3,0.9409,0.9695502086660827,0.9409,0.919502640564671,2.797503432939603
actnerf,Thin_Irregular,8,0,4,0.9685,0.983997967995936,0.9685,0.9540121116825828,2.5114369426954646
actnerf,Thin_Irregular,8,0,5,0.9692333333333333,0.9843763224266634,0.9692333333333333,0.9541206541306795,2.423960369311332
actnerf,Thin_Irregular,1,1,0,0.4468,0.6176389272878074,0.4468,0.499141043714324,14.166405595184019
actnerf,Thin_Irregular,1,1,1,0.5876666666666667,0.7402897333613269,0.5876666666666667,0.6846287859784947,7.5099942766887535
actnerf,Thin_Irregular,1,1,2,0.7924,0.884177638919884,0.7924,0.8411075718214341,4.532539705677996
actnerf,Thin_Irregular,1,1,3,0.8172333333333334,0.8994258671607023,0.8172333333333334,0.8411075718214341,4.246069481838234
actnerf,Thin_Irregular,1,1,4,0.8291666666666667,0.9066059225512529,0.8291666666666667,0.8432652132532401,3.9908139364538227
actnerf,Thin_Irregular,1,1,5,0.8315666666666667,0.9080386554315977,0.8315666666666667,0.8432652132532401,3.900716579940775
actnerf,Thin_Irregular,5,0,0,0.4006,0.572040554048265,0.4006,0.47220427497104417,14.901630567348432
actnerf,Thin_Irregular,5,0,1,0.6122333333333333,0.7594847726755846,0.6122333333333333,0.6616599171137689,7.192467683391861
actnerf,Thin_Irregular,5,0,2,0.7030333333333333,0.8256248654361824,0.7030333333333333,0.8183930433708332,5.118493170362729
actnerf,Thin_Irregular,5,0,3,0.8726333333333334,0.9319852613966073,0.8726333333333334,0.9520304619162615,3.060219551458168
actnerf,Thin_Irregular,5,0,4,0.9414,0.9698155969918616,0.9414,0.9996512137154969,2.626641095814456
actnerf,Thin_Irregular,5,0,5,0.9512,0.974989749897499,0.9512,0.9996512137154969,2.4789335433446484
actnerf,Thin_Irregular,4,2,0,0.4634666666666667,0.6333819241982508,0.4634666666666667,0.4580955779271023,14.752453606016365
actnerf,Thin_Irregular,4,2,1,0.8045666666666667,0.8917006852984096,0.8045666666666667,0.8010590474922785,4.777979341419556
actnerf,Thin_Irregular,4,2,2,0.9912666666666666,0.9956141819277511,0.9912666666666666,0.998989986642903,2.6197819471224273
actnerf,Thin_Irregular,4,2,3,0.9968666666666667,0.9984308750375589,0.9968666666666667,0.9990391394614777,2.4771988113915646
actnerf,Thin_Irregular,4,2,4,0.9992333333333333,0.999616519665872,0.9992333333333333,0.9990391394614777,2.2887956029445884
actnerf,Thin_Irregular,4,2,5,0.9994,0.9996999099729919,0.9994,0.999540100756185,2.146125729437337
actnerf,Thin_Irregular,11,0,0,0.40003333333333335,0.5714625842241852,0.40003333333333335,0.4781419596972961,14.965915223565002
actnerf,Thin_Irregular,11,0,1,0.6013666666666667,0.7510667971108012,0.6013666666666667,0.6598812093233726,7.731476134113106
actnerf,Thin_Irregular,11,0,2,0.6075333333333334,0.7558578360220628,0.6075333333333334,0.6598812093233726,7.587343264422671
actnerf,Thin_Irregular,11,0,3,0.798,0.8876529477196886,0.798,0.8147537646688596,4.809822886006921
actnerf,Thin_Irregular,11,0,4,0.8353333333333334,0.9102796948783146,0.8353333333333334,0.8395433859815312,4.170183429614508
actnerf,Thin_Irregular,11,0,5,0.8386,0.9122158163820299,0.8386,0.8395433859815312,4.0714477317744695
actnerf,Thin_Irregular,10,0,0,0.4031,0.5745848478369325,0.4031,0.3893425080968242,17.743361125414978
actnerf,Thin_Irregular,10,0,1,0.5464666666666667,0.7067293184463508,0.5464666666666667,0.5211402150751886,12.122641422746218
actnerf,Thin_Irregular,10,0,2,0.7075,0.828696925329429,0.7075,0.8168317191256327,5.745157805542142
actnerf,Thin_Irregular,10,0,3,0.7312666666666666,0.8447764642458316,0.7312666666666666,0.8168317191256327,5.223819660809355
actnerf,Thin_Irregular,10,0,4,0.7427333333333334,0.8523774912971961,0.7427333333333334,0.8168317191256327,4.984320379875596
actnerf,Thin_Irregular,10,0,5,0.7595333333333333,0.8633349751828137,0.7595333333333333,0.8168808719442073,4.596734256893206
actnerf,Thin_Irregular,3,0,0,0.3275666666666667,0.49348431968262735,0.3275666666666667,0.38662007256354847,18.580403648349208
actnerf,Thin_Irregular,3,0,1,0.6678333333333333,0.8008394124113121,0.6678333333333333,0.8199529286100493,5.209893452763325
actnerf,Thin_Irregular,3,0,2,0.7175333333333334,0.8355393393626519,0.7175333333333334,0.8199529286100493,4.883114854628229
actnerf,Thin_Irregular,3,0,3,0.8839,0.938372525080949,0.8839,0.975171462679701,3.019913284431814
actnerf,Thin_Irregular,3,0,4,0.9307666666666666,0.9641420506534537,0.9307666666666666,0.975171462679701,2.611173106888234
actnerf,Thin_Irregular,3,0,5,0.9942666666666666,0.9971250919301999,0.9942666666666666,0.9999016943628507,2.11402844906484
actnerf,Thin_Irregular,0,0,0,0.3756,0.5460889793544635,0.3756,0.47210885176944767,15.694584526934406
actnerf,Thin_Irregular,0,0,1,0.7219333333333333,0.8385148476518641,0.7219333333333333,0.7951142293540174,5.553180908180486
actnerf,Thin_Irregular,0,0,2,0.7376,0.848987108655617,0.7376,0.7951142293540174,5.198025330738668
actnerf,Thin_Irregular,0,0,3,0.8792333333333333,0.9357362044805506,0.8792333333333333,0.9500822079011011,3.0695559785258073
actnerf,Thin_Irregular,0,0,4,0.8836333333333334,0.9382222300872427,0.8836333333333334,0.9503326885484549,2.939986610587725
actnerf,Thin_Irregular,0,0,5,0.8856666666666667,0.939367155736256,0.8856666666666667,0.9503326885484549,2.872117458280747
actnerf,Thin_Irregular,1,2,0,0.4468,0.6176389272878074,0.4468,0.499141043714324,14.166405595184019
actnerf,Thin_Irregular,1,2,1,0.7859,0.8801164678873398,0.7859,0.8163773401382846,4.870412576373394
actnerf,Thin_Irregular,1,2,2,0.8049,0.8919053687184886,0.8049,0.8164756457754339,4.554533798464572
actnerf,Thin_Irregular,1,2,3,0.9507,0.9747270210693598,0.9507,0.9503356382937065,2.6606805999816108
actnerf,Thin_Irregular,1,2,4,0.9957666666666667,0.9978788435521855,0.9957666666666667,0.9978580844557924,2.2419965376728808
actnerf,Thin_Irregular,1,2,5,0.9981,0.9990490966418097,0.9981,0.9978580844557924,2.131137150718155
actnerf,Thin_Irregular,5,1,0,0.4006,0.572040554048265,0.4006,0.47220427497104417,14.901630567348432
actnerf,Thin_Irregular,5,1,1,0.6006666666666667,0.7505206164098293,0.6006666666666667,0.6761605258486036,8.137800659574626
actnerf,Thin_Irregular,5,1,2,0.6156666666666667,0.7621208995254797,0.6156666666666667,0.6761605258486036,7.8042474020572925
actnerf,Thin_Irregular,5,1,3,0.6214333333333333,0.7665234463334909,0.6214333333333333,0.6764110064959574,7.722697502242869
actnerf,Thin_Irregular,5,1,4,0.6243333333333333,0.768725631028114,0.6243333333333333,0.6766149048359517,7.666760971352523
actnerf,Thin_Irregular,5,1,5,0.6404333333333333,0.7808099485908195,0.6404333333333333,0.6766640576545264,7.446022518972332
actnerf,Thin_Irregular,13,0,0,0.45976666666666666,0.6299180234284018,0.45976666666666666,0.4366126708191086,14.759701591238244
actnerf,Thin_Irregular,13,0,1,0.5239333333333334,0.6876066319611532,0.5239333333333334,0.5597787669873905,12.912244933985999
actnerf,Thin_Irregular,13,0,2,0.7330333333333333,0.8459541074416727,0.7330333333333333,0.7869636176250745,5.819975773711713
actnerf,Thin_Irregular,13,0,3,0.7466666666666667,0.8549618320610688,0.7466666666666667,0.789853996751368,5.534197401454569
actnerf,Thin_Irregular,13,0,4,0.7527,0.8589034061733326,0.7527,0.7899031495699427,5.361308102856588
actnerf,Thin_Irregular,13,0,5,0.7986666666666666,0.888065233506301,0.7986666666666666,0.8999055835274367,4.125737027572725
actnerf,Thin_Irregular,0,2,0,0.3756,0.5460889793544635,0.3756,0.47210885176944767,15.694584526934406
actnerf,Thin_Irregular,0,2,1,0.7219333333333333,0.8385148476518641,0.7219333333333333,0.7951142293540174,5.553180908180486
actnerf,Thin_Irregular,0,2,2,0.9471666666666667,0.9728665582470256,0.9471666666666667,0.9955890257058525,2.7774671586759716
actnerf,Thin_Irregular,0,2,3,0.9773,0.9885196985788701,0.9773,0.9955890257058525,2.516593407020912
actnerf,Thin_Irregular,0,2,4,0.9801666666666666,0.9899840080801279,0.9801666666666666,0.9977131965112835,2.3277562157120797
actnerf,Thin_Irregular,0,2,5,0.9801666666666666,0.9899840080801279,0.9801666666666666,0.9979636771586372,2.2487089999766017
actnerf,Thin_Irregular,9,1,0,0.35096666666666665,0.5195785733672185,0.35096666666666665,0.35906075342246346,20.943302858788726
actnerf,Thin_Irregular,9,1,1,0.5554333333333333,0.7141846859396096,0.5554333333333333,0.5384593301867683,9.551097845330789
actnerf,Thin_Irregular,9,1,2,0.5672666666666667,0.7238929771576843,0.5672666666666667,0.5387098108341222,9.175398453323641
actnerf,Thin_Irregular,9,1,3,0.6538,0.790663925504898,0.6538,0.837897065165732,6.031742468819591
actnerf,Thin_Irregular,9,1,4,0.7753333333333333,0.8734509951182877,0.7753333333333333,0.8620806361934562,4.774371407719267
actnerf,Thin_Irregular,9,1,5,0.7811333333333333,0.8771194370625444,0.7811333333333333,0.86233111684081,4.638415964758434
actnerf,Thin_Irregular,11,1,0,0.40003333333333335,0.5714625842241852,0.40003333333333335,0.4781419596972961,14.965915223565002
actnerf,Thin_Irregular,11,1,1,0.6013666666666667,0.7510667971108012,0.6013666666666667,0.6598812093233726,7.731476134113106
actnerf,Thin_Irregular,11,1,2,0.6075333333333334,0.7558578360220628,0.6075333333333334,0.6598812093233726,7.587343264422671
actnerf,Thin_Irregular,11,1,3,0.6112666666666666,0.7587405353965824,0.6112666666666666,0.6598812093233726,7.490942464014741
actnerf,Thin_Irregular,11,1,4,0.6836,0.8120693751484913,0.6836,0.6622238525408306,6.919461698845665
actnerf,Thin_Irregular,11,1,5,0.6930666666666667,0.8187116081272642,0.6930666666666667,0.6622238525408306,6.7202499262454936
actnerf,Thin_Irregular,9,0,0,0.35096666666666665,0.5195785733672185,0.35096666666666665,0.35906075342246346,20.943302858788726
actnerf,Thin_Irregular,9,0,1,0.5554333333333333,0.7141846859396096,0.5554333333333333,0.5384593301867683,9.551097845330789
actnerf,Thin_Irregular,9,0,2,0.5672666666666667,0.7238929771576843,0.5672666666666667,0.5387098108341222,9.175398453323641
actnerf,Thin_Irregular,9,0,3,0.7966333333333333,0.8868068053210635,0.7966333333333333,0.8203210100310011,4.282582025564496
actnerf,Thin_Irregular,9,0,4,0.9863,0.9931027538639682,0.9863,0.988608889715841,2.3025596383142988
actnerf,Thin_Irregular,9,0,5,1.0,1.0,1.0,0.9998033887257013,2.0710956751914704
actnerf,Thin_Irregular,2,0,0,0.3545333333333333,0.523476720149621,0.3545333333333333,0.48122817202259455,15.143000820542861
actnerf,Thin_Irregular,2,0,1,0.6605333333333333,0.7955676890958727,0.6605333333333333,0.7856633417853566,6.1482252219482465
actnerf,Thin_Irregular,2,0,2,0.8911,0.9424144677700809,0.8911,0.9982891806215863,3.0396275989323316
actnerf,Thin_Irregular,2,0,3,0.9328,0.9652317880794702,0.9328,0.9992896201088315,2.646865563118586
actnerf,Thin_Irregular,2,0,4,0.9994333333333333,0.9997165863661371,0.9994333333333333,0.999540100756185,2.1859116224444177
actnerf,Thin_Irregular,2,0,5,1.0,1.0,1.0,0.999540100756185,2.0445322351169883
actnerf,Thin_Irregular,12,0,0,0.4528333333333333,0.6233796030744522,0.4528333333333333,0.4474268645346019,14.71041064497065
actnerf,Thin_Irregular,12,0,1,0.6341,0.7760846949391101,0.6341,0.6528210154340043,7.637946830034168
actnerf,Thin_Irregular,12,0,2,0.7909333333333334,0.8832638475282907,0.7909333333333334,0.812234759939223,4.639624854054926
actnerf,Thin_Irregular,12,0,3,0.9251333333333334,0.9611109187242443,0.9251333333333334,0.9651871101289722,2.821178170274757
actnerf,Thin_Irregular,12,0,4,0.9350666666666667,0.9664438779025701,0.9350666666666667,0.9651871101289722,2.666154738061597
actnerf,Thin_Irregular,12,0,5,0.9375,0.967741935483871,0.9375,0.9651871101289722,2.5771815233571465
actnerf,Thin_Irregular,4,1,0,0.4634666666666667,0.6333819241982508,0.4634666666666667,0.4580955779271023,14.752453606016365
actnerf,Thin_Irregular,4,1,1,0.47633333333333333,0.6452923910589298,0.47633333333333333,0.4582041203751988,14.320077446130618
actnerf,Thin_Irregular,4,1,2,0.8009,0.8894441668054861,0.8009,0.8211231513941812,4.807964950696352
actnerf,Thin_Irregular,4,1,3,0.9880333333333333,0.9939806508945188,0.9880333333333333,0.9990985290909995,2.413455671720862
actnerf,Thin_Irregular,4,1,4,0.9911,0.9955301089849832,0.9911,0.9990985290909995,2.2865832721184494
actnerf,Thin_Irregular,4,1,5,0.9946,0.997292690263712,0.9946,0.9993490097383533,2.11723813416374
actnerf,Thin_Irregular,4,0,0,0.4634666666666667,0.6333819241982508,0.4634666666666667,0.4580955779271023,14.752453606016365
actnerf,Thin_Irregular,4,0,1,0.8045666666666667,0.8917006852984096,0.8045666666666667,0.8010590474922785,4.777979341419556
actnerf,Thin_Irregular,4,0,2,0.9912666666666666,0.9956141819277511,0.9912666666666666,0.998989986642903,2.6197819471224273
actnerf,Thin_Irregular,4,0,3,0.9972333333333333,0.9986147504047265,0.9972333333333333,0.998989986642903,2.3713655566860394
actnerf,Thin_Irregular,4,0,4,0.9985,0.9992494370778084,0.9985,0.9995529080783475,2.2161911671551637
actnerf,Thin_Irregular,4,0,5,0.9987666666666667,0.9993829528209063,0.9987666666666667,0.9995529080783475,2.097964110130832
actnerf,Thin_Irregular,7,0,0,0.4034,0.5748895539404304,0.4034,0.49513711026369545,15.05917607551503
actnerf,Thin_Irregular,7,0,1,0.5723,0.7279781212236851,0.5723,0.6526619903832754,9.503630256795537
actnerf,Thin_Irregular,7,0,2,0.7392,0.8500459981600736,0.7392,0.7986007579193106,5.298985499965092
actnerf,Thin_Irregular,7,0,3,0.7426,0.852289682084242,0.7426,0.8093612129245408,5.150789148121379
actnerf,Thin_Irregular,7,0,4,0.8989666666666667,0.9467956256911654,0.8989666666666667,0.9758839448994001,2.973465632858651
actnerf,Thin_Irregular,7,0,5,0.9187333333333333,0.9576456690177547,0.9187333333333333,0.9780081157048311,2.668428405720806
actnerf,Thin_Irregular,9,2,0,0.35096666666666665,0.5195785733672185,0.35096666666666665,0.35906075342246346,20.943302858788726
actnerf,Thin_Irregular,9,2,1,0.5554333333333333,0.7141846859396096,0.5554333333333333,0.5384593301867683,9.551097845330789
actnerf,Thin_Irregular,9,2,2,0.7576666666666667,0.8621278209747772,0.7576666666666667,0.7181214319697128,5.1384922717091905
actnerf,Thin_Irregular,9,2,3,0.7711666666666667,0.8708007904394467,0.7711666666666667,0.7181214319697128,4.940867921622092
actnerf,Thin_Irregular,9,2,4,0.7724666666666666,0.8716289916124421,0.7724666666666666,0.7181214319697128,4.871708512301048
actnerf,Thin_Irregular,9,2,5,0.7725666666666666,0.8716926490776087,0.7725666666666666,0.7183719126170667,4.840364566859861
actnerf,Thin_Irregular,1,0,0,0.4468,0.6176389272878074,0.4468,0.499141043714324,14.166405595184019
actnerf,Thin_Irregular,1,0,1,0.5876666666666667,0.7402897333613269,0.5876666666666667,0.6846287859784947,7.5099942766887535
actnerf,Thin_Irregular,1,0,2,0.6436,0.7831589194451204,0.6436,0.6846287859784947,7.046432374149618
actnerf,Thin_Irregular,1,0,3,0.7349666666666667,0.8472401006743645,0.7349666666666667,0.8183336537413114,4.74602351078893
actnerf,Thin_Irregular,1,0,4,0.9834,0.9916305334274479,0.9834,0.9994935184488256,2.443118477919953
actnerf,Thin_Irregular,1,0,5,0.9890333333333333,0.9944864339461379,0.9890333333333333,0.999591824085975,2.247867940755571
actnerf,Thin_Irregular,14,1,0,0.28423333333333334,0.4426506086640538,0.28423333333333334,0.3868575088396164,19.720786900019604
actnerf,Thin_Irregular,14,1,1,0.5694,0.7256276283930165,0.5694,0.816056555694228,6.073437157025504
actnerf,Thin_Irregular,14,1,2,0.6196333333333334,0.7651526065570398,0.6196333333333334,0.8188482360311186,5.649083624850302
actnerf,Thin_Irregular,14,1,3,0.7213333333333334,0.8381099922540667,0.7213333333333334,0.8684319393567576,4.813192603451021
actnerf,Thin_Irregular,14,1,4,0.8629333333333333,0.92642427712568,0.8629333333333333,0.9998525415442759,3.1866344424064184
actnerf,Thin_Irregular,14,1,5,0.9274333333333333,0.9623506217249191,0.9274333333333333,0.9998525415442759,2.6401253746665696
actnerf,Thin_Irregular,2,2,0,0.3545333333333333,0.523476720149621,0.3545333333333333,0.48122817202259455,15.143000820542861
actnerf,Thin_Irregular,2,2,1,0.6605333333333333,0.7955676890958727,0.6605333333333333,0.7856633417853566,6.1482252219482465
actnerf,Thin_Irregular,2,2,2,0.8911,0.9424144677700809,0.8911,0.9982891806215863,3.0396275989323316
actnerf,Thin_Irregular,2,2,3,0.8947,0.9444239193539875,0.8947,0.9982891806215863,2.8786230642189574
actnerf,Thin_Irregular,2,2,4,0.9153666666666667,0.955813508292581,0.9153666666666667,0.9992896201088315,2.687555680590644
actnerf,Thin_Irregular,2,2,5,0.9216333333333333,0.9592187201859529,0.9216333333333333,0.9997439990961794,2.6074791450005526
actnerf,Thin_Irregular,6,0,0,0.41996666666666665,0.5915162327754173,0.41996666666666665,0.49655644956441103,14.813322205781176
actnerf,Thin_Irregular,6,0,1,0.4399,0.6110146537954025,0.4399,0.49655644956441103,14.167779418948784
actnerf,Thin_Irregular,6,0,2,0.7777,0.8749507790965855,0.7777,0.8408715278061227,4.563151110211807
actnerf,Thin_Irregular,6,0,3,0.9871,0.9935081274218711,0.9871,0.9996948462776047,2.414787611297349
actnerf,Thin_Irregular,6,0,4,0.9882,0.9940649834020722,0.9882,0.9997439990961794,2.2929327394200687
actnerf,Thin_Irregular,6,0,5,0.9882,0.9940649834020722,0.9882,0.9998525415442759,2.233870771037163
actnerf,Thin_Irregular,10,1,0,0.4031,0.5745848478369325,0.4031,0.3893425080968242,17.743361125414978
actnerf,Thin_Irregular,10,1,1,0.6814,0.8105150469846556,0.6814,0.6992732515338033,6.801134186063036
actnerf,Thin_Irregular,10,1,2,0.9646,0.9819810648478062,0.9646,0.999444365630251,2.728574281609018
actnerf,Thin_Irregular,10,1,3,0.9806,0.9902049883873575,0.9806,0.9995426712674004,2.5566257340669525
actnerf,Thin_Irregular,10,1,4,0.9829333333333333,0.9913932221624528,0.9829333333333333,0.9995426712674004,2.4737960344812024
actnerf,Thin_Irregular,10,1,5,0.9958,0.997895580719511,0.9958,0.999591824085975,2.2535621195876026
actnerf,Thin_Irregular,13,2,0,0.45976666666666666,0.6299180234284018,0.45976666666666666,0.4366126708191086,14.759701591238244
actnerf,Thin_Irregular,13,2,1,0.6917333333333333,0.817780580075662,0.6917333333333333,0.6914672850848103,6.538975085582224
actnerf,Thin_Irregular,13,2,2,0.8156666666666667,0.8984762254451992,0.8156666666666667,0.8233141448817495,4.4664696796078545
actnerf,Thin_Irregular,13,2,3,0.8445,0.9156953103822174,0.8445,0.844719268740488,4.104257461867703
actnerf,Thin_Irregular,13,2,4,0.8766666666666667,0.9342806394316163,0.8766666666666667,0.8896979325765774,3.422644113106859
actnerf,Thin_Irregular,13,2,5,0.9927666666666667,0.9963702055768362,0.9927666666666667,0.9999508471814254,2.155924138780651
actnerf,Thin_Irregular,0,1,0,0.3756,0.5460889793544635,0.3756,0.47210885176944767,15.694584526934406
actnerf,Thin_Irregular,0,1,1,0.7219333333333333,0.8385148476518641,0.7219333333333333,0.7951142293540174,5.553180908180486
actnerf,Thin_Irregular,0,1,2,0.9471666666666667,0.9728665582470256,0.9471666666666667,0.9955890257058525,2.7774671586759716
actnerf,Thin_Irregular,0,1,3,0.9928666666666667,0.9964205666878534,0.9928666666666667,0.9955890257058525,2.411478763886955
actnerf,Thin_Irregular,0,1,4,0.9944333333333333,0.9972088980997108,0.9944333333333333,0.9956873313430017,2.2966443097229883
actnerf,Thin_Irregular,0,1,5,0.9987333333333334,0.9993662653013575,0.9987333333333334,0.9979534403476902,2.0971547158019717
actnerf,Thin_Irregular,3,1,0,0.3275666666666667,0.49348431968262735,0.3275666666666667,0.38662007256354847,18.580403648349208
actnerf,Thin_Irregular,3,1,1,0.6678333333333333,0.8008394124113121,0.6678333333333333,0.8199529286100493,5.209893452763325
actnerf,Thin_Irregular,3,1,2,0.7175333333333334,0.8355393393626519,0.7175333333333334,0.8199529286100493,4.883114854628229
actnerf,Thin_Irregular,3,1,3,0.7351333333333333,0.8473508279863219,0.7351333333333333,0.8199529286100493,4.740366511766741
actnerf,Thin_Irregular,3,1,4,0.7590333333333333,0.863011881525838,0.7590333333333333,0.8199529286100493,4.542464541453625
actnerf,Thin_Irregular,3,1,5,0.7663,0.8676895204665119,0.7663,0.8199529286100493,4.435852786499645
actnerf,Thin_Irregular,14,2,0,0.28423333333333334,0.4426506086640538,0.28423333333333334,0.3868575088396164,19.720786900019604
actnerf,Thin_Irregular,14,2,1,0.5694,0.7256276283930165,0.5694,0.816056555694228,6.073437157025504
actnerf,Thin_Irregular,14,2,2,0.6196333333333334,0.7651526065570398,0.6196333333333334,0.8188482360311186,5.649083624850302
actnerf,Thin_Irregular,14,2,3,0.6517,0.7891263546648907,0.6517,0.8201904397613317,5.407174081698173
actnerf,Thin_Irregular,14,2,4,0.6868666666666666,0.8143698375686678,0.6868666666666666,0.8202395925799062,5.143195773423203
actnerf,Thin_Irregular,14,2,5,0.7043333333333334,0.8265206336788578,0.7043333333333334,0.8202395925799062,4.962370060867235
actnerf,Thin_Irregular,10,2,0,0.4031,0.5745848478369325,0.4031,0.3893425080968242,17.743361125414978
actnerf,Thin_Irregular,10,2,1,0.6814,0.8105150469846556,0.6814,0.6992732515338033,6.801134186063036
actnerf,Thin_Irregular,10,2,2,0.7935666666666666,0.8849034512238185,0.7935666666666666,0.8113658777057151,4.914929919097605
actnerf,Thin_Irregular,10,2,3,0.8263,0.9048896676340141,0.8263,0.8360961093888648,4.300918134052961
actnerf,Thin_Irregular,10,2,4,0.8606333333333334,0.9250971891291496,0.8606333333333334,0.9950139084028218,3.3169247943586
actnerf,Thin_Irregular,10,2,5,0.9409,0.9695502086660827,0.9409,0.9997439990961794,2.5149111524838688
actnerf,Thin_Irregular,5,2,0,0.4006,0.572040554048265,0.4006,0.47220427497104417,14.901630567348432
actnerf,Thin_Irregular,5,2,1,0.6006666666666667,0.7505206164098293,0.6006666666666667,0.6761605258486036,8.137800659574626
actnerf,Thin_Irregular,5,2,2,0.9156,0.9559406974316141,0.9156,0.9992404672902567,2.9533337898907774
actnerf,Thin_Irregular,5,2,3,0.9573333333333334,0.9782016348773842,0.9573333333333334,0.9994909479376106,2.666338361384172
actnerf,Thin_Irregular,5,2,4,0.9706666666666667,0.9851150202976996,0.9706666666666667,0.9994909479376106,2.4988381564324067
actnerf,Thin_Irregular,5,2,5,0.995,0.9974937343358395,0.995,0.9994909479376106,2.2267119315005344
actnerf,Thin_Irregular,3,2,0,0.3275666666666667,0.49348431968262735,0.3275666666666667,0.38662007256354847,18.580403648349208
actnerf,Thin_Irregular,3,2,1,0.46513333333333334,0.6349365245483914,0.46513333333333334,0.5231924497712563,13.51031393603846
actnerf,Thin_Irregular,3,2,2,0.6484,0.7867022567338025,0.6484,0.6768345825890656,6.989772668814538
actnerf,Thin_Irregular,3,2,3,0.8659333333333333,0.9281503447783057,0.8659333333333333,0.8665275861326441,3.6966604162484664
actnerf,Thin_Irregular,3,2,4,0.8779333333333333,0.9349994674997337,0.8779333333333333,0.8665275861326441,3.490338697249726
actnerf,Thin_Irregular,3,2,5,0.8807333333333334,0.9365850200276488,0.8807333333333334,0.8665275861326441,3.3906546394970234
actnerf,Thin_Irregular,12,2,0,0.4528333333333333,0.6233796030744522,0.4528333333333333,0.4474268645346019,14.71041064497065
actnerf,Thin_Irregular,12,2,1,0.7837333333333333,0.8787561668410824,0.7837333333333333,0.7856648166890094,5.0507943308115575
actnerf,Thin_Irregular,12,2,2,0.7934333333333333,0.8848205490400164,0.7934333333333333,0.7875536810746481,4.797836125398333
actnerf,Thin_Irregular,12,2,3,0.9035,0.9493039138429209,0.9035,0.953125709011477,2.7984368543281657
actnerf,Thin_Irregular,12,2,4,0.9285,0.9629245527612134,0.9285,0.953125709011477,2.562426261459009
actnerf,Thin_Irregular,12,2,5,0.9440333333333333,0.971211056051851,0.9440333333333333,0.953125709011477,2.433325715335562
actnerf,Thin_Irregular,7,1,0,0.4034,0.5748895539404304,0.4034,0.49513711026369545,15.05917607551503
actnerf,Thin_Irregular,7,1,1,0.6569,0.792926549580542,0.6569,0.6551588701181567,7.732578839953911
actnerf,Thin_Irregular,7,1,2,0.9753,0.9874955702931201,0.9753,0.9966005688113171,2.714431834987743
actnerf,Thin_Irregular,7,1,3,0.9820666666666666,0.9909522047694326,0.9820666666666666,0.9966005688113171,2.5617083037980497
actnerf,Thin_Irregular,7,1,4,0.9934666666666667,0.9967226272490135,0.9934666666666667,0.999540100756185,2.3382193301565524
actnerf,Thin_Irregular,7,1,5,0.9934666666666667,0.9967226272490135,0.9934666666666667,0.999540100756185,2.235115451825942
actnerf,Thin_Irregular,7,2,0,0.4034,0.5748895539404304,0.4034,0.49513711026369545,15.05917607551503
actnerf,Thin_Irregular,7,2,1,0.6569,0.792926549580542,0.6569,0.6551588701181567,7.732578839953911
actnerf,Thin_Irregular,7,2,2,0.6672666666666667,0.800431844535967,0.6672666666666667,0.6551588701181567,7.392021298503199
actnerf,Thin_Irregular,7,2,3,0.671,0.8031119090365051,0.671,0.6551588701181567,7.240038845583593
actnerf,Thin_Irregular,7,2,4,0.6873666666666667,0.8147211631536319,0.6873666666666667,0.7950869795316033,6.4001057546218
actnerf,Thin_Irregular,7,2,5,0.6964333333333333,0.8210559408956045,0.6964333333333333,0.7950869795316033,6.118431793909426
actnerf,Thin_Irregular,13,1,0,0.45976666666666666,0.6299180234284018,0.45976666666666666,0.4366126708191086,14.759701591238244
actnerf,Thin_Irregular,13,1,1,0.5239333333333334,0.6876066319611532,0.5239333333333334,0.5597787669873905,12.912244933985999
actnerf,Thin_Irregular,13,1,2,0.7330333333333333,0.8459541074416727,0.7330333333333333,0.7869636176250745,5.819975773711713
actnerf,Thin_Irregular,13,1,3,0.7466666666666667,0.8549618320610688,0.7466666666666667,0.789853996751368,5.534197401454569
actnerf,Thin_Irregular,13,1,4,0.7777333333333334,0.8749718742968574,0.7777333333333334,0.9212745989388865,4.8475171151001994
actnerf,Thin_Irregular,13,1,5,0.9121,0.9540296009622927,0.9121,0.9998525415442759,2.9517887354218257
actnerf,Thin_Irregular,2,1,0,0.3545333333333333,0.523476720149621,0.3545333333333333,0.48122817202259455,15.143000820542861
actnerf,Thin_Irregular,2,1,1,0.6605333333333333,0.7955676890958727,0.6605333333333333,0.7856633417853566,6.1482252219482465
actnerf,Thin_Irregular,2,1,2,0.7029,0.8255329144400727,0.7029,0.7857124946039312,5.641537648045524
actnerf,Thin_Irregular,2,1,3,0.8262666666666667,0.9048696794918596,0.8262666666666667,0.9696789297028394,4.1975767009719105
actnerf,Thin_Irregular,2,1,4,0.8452333333333333,0.9161262351644778,0.8452333333333333,0.9699294103501931,3.399425917661842
actnerf,Thin_Irregular,2,1,5,0.9778333333333333,0.9887924496502907,0.9778333333333333,0.9975736252174253,2.266704468770659
actnerf,Thin_Irregular,6,2,0,0.41996666666666665,0.5915162327754173,0.41996666666666665,0.49655644956441103,14.813322205781176
actnerf,Thin_Irregular,6,2,1,0.5696666666666667,0.7258441282650244,0.5696666666666667,0.6301938681098394,9.071353932479647
actnerf,Thin_Irregular,6,2,2,0.6969666666666666,0.8214264668329765,0.6969666666666666,0.9259770376947969,4.874836068993488
actnerf,Thin_Irregular,6,2,3,0.9065666666666666,0.9509939332482473,0.9065666666666666,0.9978368383117274,2.931513559083598
actnerf,Thin_Irregular,6,2,4,0.9933666666666666,0.9966722964498921,0.9933666666666666,0.9997439990961794,2.27797257282115
actnerf,Thin_Irregular,6,2,5,0.9967333333333334,0.99836399452439,0.9967333333333334,0.9997439990961794,2.1431086749014687
actnerf,Thin_Irregular,8,1,0,0.4576,0.6278814489571899,0.4576,0.4520053143975737,14.902934067616304
actnerf,Thin_Irregular,8,1,1,0.776,0.8738738738738739,0.776,0.798187001269673,4.947533845778113
actnerf,Thin_Irregular,8,1,2,0.9856333333333334,0.9927646930450402,0.9856333333333334,0.9993024274309937,2.596535330168007
actnerf,Thin_Irregular,8,1,3,0.9919666666666667,0.9959671346575412,0.9919666666666667,0.9993024274309937,2.4338516593772423
actnerf,Thin_Irregular,8,1,4,0.9944666666666667,0.9972256576528395,0.9944666666666667,0.9993024274309937,2.2179349171591483
actnerf,Thin_Irregular,8,1,5,0.9980333333333333,0.9990156987704576,0.9980333333333333,0.9998525415442759,2.075020592101946
actnerf,Thin_Irregular,11,2,0,0.40003333333333335,0.5714625842241852,0.40003333333333335,0.4781419596972961,14.965915223565002
actnerf,Thin_Irregular,11,2,1,0.6183666666666666,0.7641861135712961,0.6183666666666666,0.6617899903944028,7.387635945011971
actnerf,Thin_Irregular,11,2,2,0.6875666666666667,0.8148616350958975,0.6875666666666667,0.8093063859646171,5.2681432600844635
actnerf,Thin_Irregular,11,2,3,0.8423333333333334,0.9144201194137869,0.8423333333333334,0.8552741653116586,4.000800595427993
actnerf,Thin_Irregular,11,2,4,0.9659,0.9826542550485783,0.9659,0.9761398709280064,2.4863692942534446
actnerf,Thin_Irregular,11,2,5,0.9719333333333333,0.9857669292403394,0.9719333333333333,0.9761398709280064,2.3170235571509146
ray_gpis,green_Pepper,8,0,0,0.36523333333333335,0.5350489537807945,0.36523333333333335,0.025331942046531053,12.868983621088702
ray_gpis,green_Pepper,8,0,1,0.6407,0.7810081062960932,0.6407,0.04846884375678051,6.450607911666864
ray_gpis,green_Pepper,8,0,2,0.9272666666666667,0.9622608876128541,0.9272666666666667,0.0754020730744319,2.865289658354071
ray_gpis,green_Pepper,8,0,3,0.941,0.9696032972694487,0.941,0.09665669253683574,2.6588924319021134
ray_gpis,green_Pepper,8,0,4,0.9532333333333334,0.9760567947164531,0.9532333333333334,0.11774591430189886,2.474931771130677
ray_gpis,green_Pepper,8,0,5,0.9933666666666666,0.9966722964498921,0.9933666666666666,0.1412919922799585,2.1093486274674014
ray_gpis,green_Pepper,13,0,0,0.3591,0.5284379368699874,0.3591,0.025173419059472523,14.995070579845732
ray_gpis,green_Pepper,13,0,1,0.6458666666666667,0.7848347375243033,0.6458666666666667,0.04469689866202939,5.6964230578129795
ray_gpis,green_Pepper,13,0,2,0.8978666666666667,0.9461851903892089,0.8978666666666667,0.06767936320686024,3.0720050975696944
ray_gpis,green_Pepper,13,0,3,0.946,0.9722507708119219,0.946,0.09123374312339448,2.6430070099659653
ray_gpis,green_Pepper,13,0,4,0.9702333333333333,0.9848918063850305,0.9702333333333333,0.11315705995993798,2.344257619952585
ray_gpis,green_Pepper,13,0,5,1.0,1.0,1.0,0.13821346364210255,2.046569549873654
ray_gpis,green_Pepper,4,0,0,0.4482,0.6189752796575059,0.4482,0.025980856380777725,12.612250569430781
ray_gpis,green_Pepper,4,0,1,0.6916,0.8176873965476472,0.6916,0.04989168163734964,5.378067427115578
ray_gpis,green_Pepper,4,0,2,0.9764666666666667,0.9880932303437111,0.9764666666666667,0.0766312023986491,2.587304648044715
ray_gpis,green_Pepper,4,0,3,0.9817,0.9907655043649392,0.9817,0.09828713692960518,2.418855061056245
ray_gpis,green_Pepper,4,0,4,0.9835666666666667,0.9917152603895341,0.9835666666666667,0.11855790861483625,2.322728565768201
ray_gpis,green_Pepper,4,0,5,0.9884666666666667,0.9941998860093205,0.9884666666666667,0.1390444008605264,2.218465076155655
ray_gpis,green_Pepper,1,0,0,0.4439666666666667,0.6149264756804174,0.4439666666666667,0.026098971174773278,12.250528730115123
ray_gpis,green_Pepper,1,0,1,0.7012,0.8243592758053139,0.7012,0.052722120194072526,5.683498630933847
ray_gpis,green_Pepper,1,0,2,0.9564,0.9777141688816193,0.9564,0.0764954428676971,2.693675997536592
ray_gpis,green_Pepper,1,0,3,0.9884,0.9941661637497485,0.9884,0.09905133778905337,2.370082512395627
ray_gpis,green_Pepper,1,0,4,0.9904666666666667,0.9952105033995378,0.9904666666666667,0.1223284319640842,2.2141642582950096
ray_gpis,green_Pepper,1,0,5,0.9964333333333333,0.9982134807072612,0.9964333333333333,0.14507733889804975,2.078447770831954
ray_gpis,green_Pepper,12,0,0,0.4388666666666667,0.6100171431219015,0.4388666666666667,0.026339008079423288,12.471256091036384
ray_gpis,green_Pepper,12,0,1,0.6897,0.8163579333609516,0.6897,0.05263961730685374,5.985736558967263
ray_gpis,green_Pepper,12,0,2,0.9792,0.9894907033144704,0.9792,0.0795955290564964,2.5493954527112024
ray_gpis,green_Pepper,12,0,3,0.9848666666666667,0.992375642360528,0.9848666666666667,0.10066648825499268,2.378895029825633
ray_gpis,green_Pepper,12,0,4,0.9961666666666666,0.9980796526676129,0.9961666666666666,0.12211649852654423,2.1556917736608527
ray_gpis,green_Pepper,12,0,5,0.9961666666666666,0.9980796526676129,0.9961666666666666,0.14266506463798131,2.08282487219671
ray_gpis,green_Pepper,7,0,0,0.43546666666666667,0.6067248746052387,0.43546666666666667,0.027815744430831364,13.01843863536694
ray_gpis,green_Pepper,7,0,1,0.6639333333333334,0.7980287671781722,0.6639333333333334,0.05061822982107176,5.41934175153451
ray_gpis,green_Pepper,7,0,2,0.9721333333333333,0.9858697856804813,0.9721333333333333,0.07706949539501383,2.605039755263707
ray_gpis,green_Pepper,7,0,3,0.9755333333333334,0.9876151587756893,0.9755333333333334,0.09994894090487111,2.4209108862535067
ray_gpis,green_Pepper,7,0,4,0.9807666666666667,0.990289955067903,0.9807666666666667,0.1212149455679711,2.2788882186495805
ray_gpis,green_Pepper,7,0,5,0.9807666666666667,0.990289955067903,0.9807666666666667,0.1414662408130192,2.1912466966321773
ray_gpis,green_Pepper,14,0,0,0.4315,0.6028641285365002,0.4315,0.02698450674092895,12.708708679396299
ray_gpis,green_Pepper,14,0,1,0.7278666666666667,0.8425032795740413,0.7278666666666667,0.05424777965992533,4.910882034163452
ray_gpis,green_Pepper,14,0,2,0.9703,0.9849261533776583,0.9703,0.08005698908980653,2.555956388043908
ray_gpis,green_Pepper,14,0,3,0.9776,0.988673139158576,0.9776,0.1036104792705859,2.382805379823743
ray_gpis,green_Pepper,14,0,4,0.9874,0.9936600583677166,0.9874,0.12725478415180605,2.1745221108572843
ray_gpis,green_Pepper,14,0,5,0.9986,0.9992995096567597,0.9986,0.1501286607419149,1.996325634325372
ray_gpis,green_Pepper,2,0,0,0.4023,0.573771660842901,0.4023,0.024683568848033317,12.085366653609423
ray_gpis,green_Pepper,2,0,1,0.6903333333333334,0.8168014198382962,0.6903333333333334,0.048106224740901156,4.840648541543369
ray_gpis,green_Pepper,2,0,2,0.9311,0.9643208533996168,0.9311,0.07383360534964693,2.864315703822523
ray_gpis,green_Pepper,2,0,3,0.9559,0.977452835012015,0.9559,0.09773204056218493,2.5742126285689952
ray_gpis,green_Pepper,2,0,4,0.9785666666666667,0.9891672422797649,0.9785666666666667,0.12327698635527186,2.284877841656662
ray_gpis,green_Pepper,2,0,5,0.9925333333333334,0.996252676659529,0.9925333333333334,0.14472275171247814,2.111919030870213
ray_gpis,green_Pepper,6,0,0,0.3943333333333333,0.5656227587855606,0.3943333333333333,0.025102028846483184,14.880376036351883
ray_gpis,green_Pepper,6,0,1,0.7382,0.8493844206650558,0.7382,0.051855768053068796,5.071043800696385
ray_gpis,green_Pepper,6,0,2,0.9741666666666666,0.9869143098353735,0.9741666666666666,0.07555898281874798,2.6027662448986337
ray_gpis,green_Pepper,6,0,3,0.9872666666666666,0.9935925391660236,0.9872666666666666,0.09661866596656814,2.3948340194187847
ray_gpis,green_Pepper,6,0,4,0.9900666666666667,0.9950085424273893,0.9900666666666667,0.11960404526604608,2.226535239678111
ray_gpis,green_Pepper,6,0,5,0.9992666666666666,0.9996331988395745,0.9992666666666666,0.14291491106180784,2.0363440733013407
ray_gpis,green_Pepper,3,0,0,0.44283333333333336,0.6138385121866697,0.44283333333333336,0.027600778660634248,12.72929795842355
ray_gpis,green_Pepper,3,0,1,0.6810333333333334,0.8102555967559636,0.6810333333333334,0.05444075065400561,5.696994689308607
ray_gpis,green_Pepper,3,0,2,0.964,0.9816700610997963,0.964,0.0804004718686946,2.6309186611916973
ray_gpis,green_Pepper,3,0,3,0.969,0.984255967496191,0.969,0.10185585785775794,2.4710999956557127
ray_gpis,green_Pepper,3,0,4,0.9801,0.989950002525125,0.9801,0.12119682921136862,2.3032439122158945
ray_gpis,green_Pepper,3,0,5,0.9895666666666667,0.99475597701342,0.9895666666666667,0.14244778492682605,2.163052543233177
ray_gpis,green_Pepper,9,0,0,0.4098333333333333,0.5813925995980612,0.4098333333333333,0.0237707732199727,12.201452464412887
ray_gpis,green_Pepper,9,0,1,0.6903,0.8167780867301662,0.6903,0.04932681579262718,4.918445141914281
ray_gpis,green_Pepper,9,0,2,0.9378333333333333,0.9679194977208222,0.9378333333333333,0.0763835796423526,2.7826922316320415
ray_gpis,green_Pepper,9,0,3,0.9484,0.9735167316772737,0.9484,0.10033496720889688,2.5958221623916797
ray_gpis,green_Pepper,9,0,4,0.9744666666666667,0.9870682378363778,0.9744666666666667,0.12191619308817313,2.3098330389672954
ray_gpis,green_Pepper,9,0,5,0.9960666666666667,0.9980294579339367,0.9960666666666667,0.14671053264874886,2.0505092658562
ray_gpis,green_Pepper,10,0,0,0.4332,0.6045213508233324,0.4332,0.02421220969372436,12.265874013302112
ray_gpis,green_Pepper,10,0,1,0.7510333333333333,0.8578172888389712,0.7510333333333333,0.05039424405692584,4.529423093182963
ray_gpis,green_Pepper,10,0,2,0.9212666666666667,0.9590200909122454,0.9212666666666667,0.06994261353884434,2.93086408687834
ray_gpis,green_Pepper,10,0,3,0.9631333333333333,0.9812204978435833,0.9631333333333333,0.09410758135286476,2.541508784978617
ray_gpis,green_Pepper,10,0,4,0.9790333333333333,0.9894056020616127,0.9790333333333333,0.1169527508461421,2.3221767296483233
ray_gpis,green_Pepper,10,0,5,0.9833666666666666,0.9916135863262803,0.9833666666666666,0.13869328855076213,2.2013273491359238
ray_gpis,green_Pepper,5,0,0,0.39636666666666664,0.567711441598434,0.39636666666666664,0.02514446323693746,13.301528368266233
ray_gpis,green_Pepper,5,0,1,0.6359,0.7774313833363898,0.6359,0.05205323663471437,6.154977511722536
ray_gpis,green_Pepper,5,0,2,0.8841666666666667,0.9385227775320654,0.8841666666666667,0.07771805848866159,3.0975149104811313
ray_gpis,green_Pepper,5,0,3,0.98,0.98989898989899,0.98,0.09944384192937948,2.361459852906306
ray_gpis,green_Pepper,5,0,4,0.9903666666666666,0.9951600207666929,0.9903666666666666,0.12340525695335455,2.168431322933287
ray_gpis,green_Pepper,5,0,5,0.9997666666666667,0.999883319720634,0.9997666666666667,0.14610095552183128,1.9983462749991692
ray_gpis,green_Pepper,11,0,0,0.45936666666666665,0.6295424956031155,0.45936666666666665,0.026636637493141675,10.568728323197364
ray_gpis,green_Pepper,11,0,1,0.7631333333333333,0.8656558399818506,0.7631333333333333,0.052977352944115666,4.416672885850464
ray_gpis,green_Pepper,11,0,2,0.9629,0.9810993937541393,0.9629,0.08014589998194946,2.616268154734485
ray_gpis,green_Pepper,11,0,3,0.9848,0.9923417976622331,0.9848,0.10254574762645059,2.3787389648253803
ray_gpis,green_Pepper,11,0,4,0.9898,0.994873856669012,0.9898,0.12502424519790425,2.2416765680158655
ray_gpis,green_Pepper,11,0,5,0.9924333333333333,0.9962022986967359,0.9924333333333333,0.1458681386720074,2.1576745089341234
ray_gpis,green_Pepper,0,0,0,0.41563333333333335,0.5872047846664626,0.41563333333333335,0.026892788068556377,11.589115254350103
ray_gpis,green_Pepper,0,0,1,0.7490666666666667,0.8565330080805,0.7490666666666667,0.052416463744949446,4.796582930847066
ray_gpis,green_Pepper,0,0,2,0.976,0.9878542510121457,0.976,0.07858803767811211,2.557082941815276
ray_gpis,green_Pepper,0,0,3,0.9902666666666666,0.9951095330608963,0.9902666666666666,0.10160492292538276,2.313885954967484
ray_gpis,green_Pepper,0,0,4,0.9903,0.9951263628598703,0.9903,0.12363884482432697,2.219641983074219
ray_gpis,green_Pepper,0,0,5,0.9970333333333333,0.998514463120295,0.9970333333333333,0.14762469626137906,2.021858927818479
ray_gpis,Corner,8,0,0,0.38356666666666667,0.5544606933770208,0.38356666666666667,0.01395916252323968,11.70388509831981
ray_gpis,Corner,8,0,1,0.7411666666666666,0.8513448836986696,0.7411666666666666,0.026883959866805158,4.895315253066336
ray_gpis,Corner,8,0,2,0.9949333333333333,0.997460232589226,0.9949333333333333,0.042028426737842225,2.900090839248566
ray_gpis,Corner,8,0,3,0.9976333333333334,0.9988152647299304,0.9976333333333334,0.05558306193779163,2.7121397992995178
ray_gpis,Corner,8,0,4,0.9983333333333333,0.9991659716430359,0.9983333333333333,0.06786296428312318,2.6013517787536613
ray_gpis,Corner,8,0,5,0.9988,0.9993996397838703,0.9988,0.07884503760840747,2.528333911135149
ray_gpis,Corner,13,0,0,0.4222,0.5937280270004218,0.4222,0.015361696013389875,12.936697017315383
ray_gpis,Corner,13,0,1,0.7331666666666666,0.8460428887393019,0.7331666666666666,0.02728870285187729,5.538462073503931
ray_gpis,Corner,13,0,2,0.9990333333333333,0.999516432942589,0.9990333333333333,0.04273054005631441,2.795723593411063
ray_gpis,Corner,13,0,3,0.9993666666666666,0.9996832330237909,0.9993666666666666,0.05672198193830607,2.6126414086473977
ray_gpis,Corner,13,0,4,0.9994666666666666,0.9997332622032541,0.9994666666666666,0.06617425355480105,2.5462041317565625
ray_gpis,Corner,13,0,5,0.9996333333333334,0.9998166330493924,0.9996333333333334,0.07997268468787795,2.4366792811779825
ray_gpis,Corner,4,0,0,0.47933333333333333,0.6480396575033799,0.47933333333333333,0.01487784886162602,8.610552917578
ray_gpis,Corner,4,0,1,0.8148333333333333,0.8979704288731748,0.8148333333333333,0.029658974204679733,4.484755381257187
ray_gpis,Corner,4,0,2,0.9909,0.9954292028730726,0.9909,0.04341934344602779,2.8829138262206397
ray_gpis,Corner,4,0,3,0.9934,0.9966890739440153,0.9934,0.057577930121797294,2.705989302323981
ray_gpis,Corner,4,0,4,0.9948666666666667,0.9974267286034154,0.9948666666666667,0.07142078662385995,2.5969689685543207
ray_gpis,Corner,4,0,5,0.9998,0.9998999899989999,0.9998,0.0839849723599291,2.453362418898403
ray_gpis,Corner,1,0,0,0.4516,0.6222099751997796,0.4516,0.01595855135772935,9.70997395613225
ray_gpis,Corner,1,0,1,0.7881333333333334,0.8815151741108046,0.7881333333333334,0.03105860758829179,4.555416357314767
ray_gpis,Corner,1,0,2,0.9789666666666667,0.9893715575468679,0.9789666666666667,0.04510168397814961,2.874140692034033
ray_gpis,Corner,1,0,3,0.9817666666666667,0.9907994550317057,0.9817666666666667,0.05718399461132109,2.757130942399614
ray_gpis,Corner,1,0,4,1.0,1.0,1.0,0.0699956540225666,2.5286465234777498
ray_gpis,Corner,1,0,5,1.0,1.0,1.0,0.08210406281920371,2.459412462844995
ray_gpis,Corner,12,0,0,0.43456666666666666,0.6058507795617725,0.43456666666666666,0.014781233655200033,11.826784065384734
ray_gpis,Corner,12,0,1,0.6418666666666667,0.7818742894266689,0.6418666666666667,0.027420544827119978,6.299274868150164
ray_gpis,Corner,12,0,2,0.8519,0.9200280792699389,0.8519,0.042380515929029874,3.660822801817703
ray_gpis,Corner,12,0,3,0.9381666666666667,0.9680969988821052,0.9381666666666667,0.05648130133937146,2.9701521067302235
ray_gpis,Corner,12,0,4,0.9672666666666667,0.9833610085058796,0.9672666666666667,0.06721300764863566,2.7233204882452733
ray_gpis,Corner,12,0,5,1.0,1.0,1.0,0.08122724885356031,2.4511838987535874
ray_gpis,Corner,7,0,0,0.49496666666666667,0.6621775290418962,0.49496666666666667,0.0147610122600415,12.125409223859066
ray_gpis,Corner,7,0,1,0.7395333333333334,0.8502663549611007,0.7395333333333334,0.029894923775174782,5.378152805661786
ray_gpis,Corner,7,0,2,0.9969666666666667,0.9984810295615015,0.9969666666666667,0.044940733410648484,2.809886371080833
ray_gpis,Corner,7,0,3,0.9979,0.9989488963411582,0.9979,0.05677363233308822,2.6834184784149895
ray_gpis,Corner,7,0,4,0.9985333333333334,0.999266128494229,0.9985333333333334,0.0691621845510517,2.617567119262632
ray_gpis,Corner,7,0,5,1.0,1.0,1.0,0.08069784222814062,2.503071807478822
ray_gpis,Corner,14,0,0,0.38693333333333335,0.5579696212266871,0.38693333333333335,0.012567667090866827,12.521160153597835
ray_gpis,Corner,14,0,1,0.648,0.7864077669902912,0.648,0.02665140804362847,5.765797925582182
ray_gpis,Corner,14,0,2,0.9701666666666666,0.9848574570679299,0.9701666666666666,0.041109569974035795,3.0101916794210735
ray_gpis,Corner,14,0,3,0.9859333333333333,0.9929168485011246,0.9859333333333333,0.05383251506718214,2.784714904310207
ray_gpis,Corner,14,0,4,0.9871333333333333,0.993525010903479,0.9871333333333333,0.0659524577959314,2.714247981341178
ray_gpis,Corner,14,0,5,0.9910333333333333,0.9954964758668029,0.9910333333333333,0.07918679107114644,2.5957998185735116
ray_gpis,Corner,2,0,0,0.3949,0.5662054627571869,0.3949,0.012299470974613846,10.501081016980441
ray_gpis,Corner,2,0,1,0.7045,0.8266353769433852,0.7045,0.02549628296692608,5.537869179538745
ray_gpis,Corner,2,0,2,0.9154666666666667,0.9558680217179452,0.9154666666666667,0.03758710258501044,3.275267638500053
ray_gpis,Corner,2,0,3,0.9592,0.9791751735402205,0.9592,0.05022260965465258,2.88433762527067
ray_gpis,Corner,2,0,4,0.9711,0.985338136066156,0.9711,0.06216686382487453,2.7377083018304096
ray_gpis,Corner,2,0,5,0.9773333333333334,0.9885367498314228,0.9773333333333334,0.07169979849789226,2.6690779157705764
ray_gpis,Corner,6,0,0,0.5203,0.6844701703611129,0.5203,0.016433290179153834,8.031489218554862
ray_gpis,Corner,6,0,1,0.7056333333333333,0.8274150364478493,0.7056333333333333,0.030300041926768936,5.510831030952616
ray_gpis,Corner,6,0,2,0.9831,0.9914779890071101,0.9831,0.04448372862765687,2.857360552749332
ray_gpis,Corner,6,0,3,0.9847,0.9922910263515896,0.9847,0.05656739533440632,2.7435693917661346
ray_gpis,Corner,6,0,4,1.0,1.0,1.0,0.06997835257109108,2.5484033422420356
ray_gpis,Corner,6,0,5,1.0,1.0,1.0,0.08225192860177631,2.4510753781383445
ray_gpis,Corner,3,0,0,0.43896666666666667,0.6101137390256897,0.43896666666666667,0.013977482509515853,10.84321144462836
ray_gpis,Corner,3,0,1,0.7293,0.8434626727577633,0.7293,0.026654441719288748,4.940726980188801
ray_gpis,Corner,3,0,2,0.9803333333333333,0.99006901195085,0.9803333333333333,0.04156306646151666,3.0058259235879032
ray_gpis,Corner,3,0,3,0.9941,0.9970412717516675,0.9941,0.05607906631732868,2.7774815078456205
ray_gpis,Corner,3,0,4,0.9945,0.997242416645776,0.9945,0.06628930390203168,2.6733815962359277
ray_gpis,Corner,3,0,5,0.9961,0.9980461900706378,0.9961,0.0776380832420128,2.6065448257285504
ray_gpis,Corner,9,0,0,0.5075,0.6733001658374793,0.5075,0.015302807699686444,11.693090626552518
ray_gpis,Corner,9,0,1,0.7670333333333333,0.8681594386070816,0.7670333333333333,0.030449873093524052,5.160188692215797
ray_gpis,Corner,9,0,2,0.9904333333333334,0.9951936764188704,0.9904333333333334,0.044860940945201926,2.8488649045938543
ray_gpis,Corner,9,0,3,0.9938333333333333,0.996907130318482,0.9938333333333333,0.05940766598588985,2.6729895918688347
ray_gpis,Corner,9,0,4,0.9939666666666667,0.9969742055199853,0.9939666666666667,0.07075686138766454,2.5935915985209332
ray_gpis,Corner,9,0,5,0.9971333333333333,0.9985646092732917,0.9971333333333333,0.08303656215871719,2.4602476470269217
ray_gpis,Corner,10,0,0,0.4769,0.6458121741485543,0.4769,0.016179064632805214,9.349066289738877
ray_gpis,Corner,10,0,1,0.7325666666666667,0.845643265290417,0.7325666666666667,0.030917603346097056,5.088697368668499
ray_gpis,Corner,10,0,2,0.9817333333333333,0.9907824799838525,0.9817333333333333,0.04324977371452012,2.9187848817877544
ray_gpis,Corner,10,0,3,0.9882666666666666,0.994098712446352,0.9882666666666666,0.05616748579960702,2.7577342890963847
ray_gpis,Corner,10,0,4,0.9939,0.9969406690405738,0.9939,0.06748616144629377,2.600197145563402
ray_gpis,Corner,10,0,5,0.9940666666666667,0.9970245060345693,0.9940666666666667,0.07775047702413093,2.5255785753939968
ray_gpis,Corner,5,0,0,0.36446666666666666,0.5342258269409292,0.36446666666666666,0.0129417950528062,10.475861600924848
ray_gpis,Corner,5,0,1,0.5931333333333333,0.7446122944302632,0.5931333333333333,0.026871333160864527,5.879157665320503
ray_gpis,Corner,5,0,2,0.7513666666666666,0.8580346776802877,0.7513666666666666,0.03973323142996125,4.289983672720755
ray_gpis,Corner,5,0,3,0.9744666666666667,0.9870682378363778,0.9744666666666667,0.05296182034966528,2.8522145321313075
ray_gpis,Corner,5,0,4,0.9954666666666667,0.9977281838834692,0.9954666666666667,0.0674325819982129,2.5640711303327137
ray_gpis,Corner,5,0,5,1.0,1.0,1.0,0.08086029001247393,2.411586954331439
ray_gpis,Corner,11,0,0,0.4476,0.6184028737220226,0.4476,0.014843439403552703,12.073294184450113
ray_gpis,Corner,11,0,1,0.7395666666666667,0.8502883859965126,0.7395666666666667,0.027561277020148253,5.0207251805065045
ray_gpis,Corner,11,0,2,0.9641666666666666,0.9817564700890963,0.9641666666666666,0.04249069187149906,3.0187790420074028
ray_gpis,Corner,11,0,3,0.9990666666666667,0.9995331154538785,0.9990666666666667,0.05598695190044376,2.6737578079258517
ray_gpis,Corner,11,0,4,0.9990666666666667,0.9995331154538785,0.9990666666666667,0.068462008815176,2.5962951757376977
ray_gpis,Corner,11,0,5,0.9999666666666667,0.999983333055551,0.9999666666666667,0.07927525663462452,2.428269933377358
ray_gpis,Corner,0,0,0,0.3607666666666667,0.5302403057100165,0.3607666666666667,0.014667440564133464,12.919465906677631
ray_gpis,Corner,0,0,1,0.6985666666666667,0.822536648546814,0.6985666666666667,0.028441481707008963,5.769010129217742
ray_gpis,Corner,0,0,2,0.9162666666666667,0.9563039242972448,0.9162666666666667,0.04271654868178811,3.226677238967201
ray_gpis,Corner,0,0,3,0.9397,0.9689127184616178,0.9397,0.05577977365292424,2.9836425517796505
ray_gpis,Corner,0,0,4,0.9565666666666667,0.9778012504898035,0.9565666666666667,0.06934408758867769,2.77845671414901
ray_gpis,Corner,0,0,5,0.9989,0.9994496973335335,0.9989,0.08291575783558926,2.447724423152059
ray_gpis,L_Shaped,8,0,0,0.41063333333333335,0.5821971218601574,0.41063333333333335,0.02461071157282423,10.734097685788102
ray_gpis,L_Shaped,8,0,1,0.6551333333333333,0.791638135900431,0.6551333333333333,0.04666959840018918,4.870772108285128
ray_gpis,L_Shaped,8,0,2,0.8916666666666667,0.9427312775330398,0.8916666666666667,0.07100049634514352,3.043931636612598
ray_gpis,L_Shaped,8,0,3,0.8987,0.9466477063253805,0.8987,0.09266917718907453,2.89052496890567
ray_gpis,L_Shaped,8,0,4,0.9040333333333334,0.9495982213196548,0.9040333333333334,0.11238785845199915,2.786771686400704
ray_gpis,L_Shaped,8,0,5,0.9047,0.9499658738909014,0.9047,0.13023698357748942,2.737786631193881
ray_gpis,L_Shaped,13,0,0,0.44863333333333333,0.619388389056352,0.44863333333333333,0.029113963083183352,10.403311603524827
ray_gpis,L_Shaped,13,0,1,0.6378333333333334,0.7788745293578915,0.6378333333333334,0.04873768423459347,5.554684325974215
ray_gpis,L_Shaped,13,0,2,0.9472666666666667,0.9729193056934506,0.9472666666666667,0.07772742209439641,2.7128066912180957
ray_gpis,L_Shaped,13,0,3,0.9756,0.9876493217250456,0.9756,0.10300032075195698,2.4409202831028285
ray_gpis,L_Shaped,13,0,4,0.9799,0.989847972119804,0.9799,0.12454333272196563,2.347180125168373
ray_gpis,L_Shaped,13,0,5,0.994,0.9969909729187563,0.994,0.14632271843968744,2.1654061461311933
ray_gpis,L_Shaped,4,0,0,0.4815,0.6500168747890651,0.4815,0.026934919808635556,9.098689014806908
ray_gpis,L_Shaped,4,0,1,0.6197,0.7652034327344571,0.6197,0.05212634228905022,6.660251296171741
ray_gpis,L_Shaped,4,0,2,0.7927333333333333,0.8843851102599383,0.7927333333333333,0.07323760933520419,4.189523435634668
ray_gpis,L_Shaped,4,0,3,0.9158666666666667,0.9560860185120746,0.9158666666666667,0.10135427405855253,2.7915951520807822
ray_gpis,L_Shaped,4,0,4,0.9445333333333333,0.9714755896873286,0.9445333333333333,0.11843389500355736,2.534604931861203
ray_gpis,L_Shaped,4,0,5,1.0,1.0,1.0,0.14300664577096706,2.0764340553444036
ray_gpis,L_Shaped,1,0,0,0.4594666666666667,0.6296363968572994,0.4594666666666667,0.02841618026445339,10.290814407946678
ray_gpis,L_Shaped,1,0,1,0.7151,0.8338872368958078,0.7151,0.054006109009197584,5.429388846064204
ray_gpis,L_Shaped,1,0,2,0.9989333333333333,0.9994663820704375,0.9989333333333333,0.08507347499112958,2.367106420249051
ray_gpis,L_Shaped,1,0,3,0.9999,0.999949997499875,0.9999,0.10842763566558926,2.220239452246651
ray_gpis,L_Shaped,1,0,4,1.0,1.0,1.0,0.13014948703892829,2.1270030982537267
ray_gpis,L_Shaped,1,0,5,1.0,1.0,1.0,0.15027477897818894,2.0464623658056973
ray_gpis,L_Shaped,12,0,0,0.4872,0.6551909628832706,0.4872,0.02719481159357569,9.297874051625177
ray_gpis,L_Shaped,12,0,1,0.7048,0.8268418582824965,0.7048,0.05313759382406796,5.521546740865225
ray_gpis,L_Shaped,12,0,2,0.9490333333333333,0.9738502847565459,0.9490333333333333,0.07754791280343531,2.743298830282878
ray_gpis,L_Shaped,12,0,3,0.9952,0.9975942261427425,0.9952,0.10098797826976541,2.3906616408376027
ray_gpis,L_Shaped,12,0,4,1.0,1.0,1.0,0.1276684312257154,2.155667812596528
ray_gpis,L_Shaped,12,0,5,1.0,1.0,1.0,0.15270063750378973,2.0634420944659233
ray_gpis,L_Shaped,7,0,0,0.36233333333333334,0.5319305113775386,0.36233333333333334,0.025035502203226638,15.180749479319928
ray_gpis,L_Shaped,7,0,1,0.7115,0.8314344142565001,0.7115,0.053981692754897365,5.535794323947272
ray_gpis,L_Shaped,7,0,2,0.9908666666666667,0.9954123832166895,0.9908666666666667,0.08078573102294542,2.4960552126291216
ray_gpis,L_Shaped,7,0,3,0.9992666666666666,0.9996331988395745,0.9992666666666666,0.10453057343211958,2.2993450864766163
ray_gpis,L_Shaped,7,0,4,0.9992666666666666,0.9996331988395745,0.9992666666666666,0.1220276329739591,2.1982145562629
ray_gpis,L_Shaped,7,0,5,1.0,1.0,1.0,0.14919446794005764,2.0133932987279577
ray_gpis,L_Shaped,14,0,0,0.5256666666666666,0.6890976622241644,0.5256666666666666,0.029311373635666445,9.765737866222075
ray_gpis,L_Shaped,14,0,1,0.7863666666666667,0.8804090239032674,0.7863666666666667,0.05166782540155579,3.9329434679712514
ray_gpis,L_Shaped,14,0,2,0.9836666666666667,0.991766089732818,0.9836666666666667,0.07681015440726939,2.5692157293122935
ray_gpis,L_Shaped,14,0,3,0.999,0.9994997498749374,0.999,0.10372806994704648,2.3593451067667073
ray_gpis,L_Shaped,14,0,4,0.9990666666666667,0.9995331154538785,0.9990666666666667,0.1289343773833232,2.2547665847902647
ray_gpis,L_Shaped,14,0,5,1.0,1.0,1.0,0.15299263399888752,2.0453922593831457
ray_gpis,L_Shaped,2,0,0,0.3828666666666667,0.5537289688087548,0.3828666666666667,0.028225772146395732,13.852032606010587
ray_gpis,L_Shaped,2,0,1,0.6925333333333333,0.8183393729320938,0.6925333333333333,0.05154254287484401,5.384393841320001
ray_gpis,L_Shaped,2,0,2,0.9832333333333333,0.9915457922248181,0.9832333333333333,0.08065682591366853,2.5544345671392836
ray_gpis,L_Shaped,2,0,3,0.9929,0.9964373526017362,0.9929,0.10693030175925884,2.293330747709223
ray_gpis,L_Shaped,2,0,4,0.9937666666666667,0.996873589353485,0.9937666666666667,0.12551572586398174,2.1794256197518727
ray_gpis,L_Shaped,2,0,5,0.995,0.9974937343358395,0.995,0.1503557152699991,2.029245306598738
ray_gpis,L_Shaped,6,0,0,0.4286333333333333,0.6000606640378916,0.4286333333333333,0.02584688682098895,13.131749229881322
ray_gpis,L_Shaped,6,0,1,0.6331333333333333,0.7753602481936563,0.6331333333333333,0.048623721514284964,7.478078525514295
ray_gpis,L_Shaped,6,0,2,0.8874333333333333,0.9403599244123413,0.8874333333333333,0.07344618349483287,3.4247493975687093
ray_gpis,L_Shaped,6,0,3,0.9981333333333333,0.9990657947417589,0.9981333333333333,0.09630729163280256,2.4112518279626443
ray_gpis,L_Shaped,6,0,4,0.9999,0.999949997499875,0.9999,0.12168294166534835,2.189847221653383
ray_gpis,L_Shaped,6,0,5,0.9999,0.999949997499875,0.9999,0.14311824020000688,2.0620483467232757
ray_gpis,L_Shaped,3,0,0,0.3893,0.5604261138702944,0.3893,0.025750858855037487,14.058405910839323
ray_gpis,L_Shaped,3,0,1,0.6145333333333334,0.7612519613510612,0.6145333333333334,0.05127271050252563,7.151136604211951
ray_gpis,L_Shaped,3,0,2,0.9168333333333333,0.9566124684810016,0.9168333333333333,0.07520065421477691,2.869601054941751
ray_gpis,L_Shaped,3,0,3,0.9586666666666667,0.9788972089857045,0.9586666666666667,0.09822220353490672,2.496395186160229
ray_gpis,L_Shaped,3,0,4,0.9780666666666666,0.9889117319942031,0.9780666666666666,0.12025985098555267,2.252931542912844
ray_gpis,L_Shaped,3,0,5,1.0,1.0,1.0,0.1486142553580673,2.0100842615503036
ray_gpis,L_Shaped,9,0,0,0.44726666666666665,0.6180846653461698,0.44726666666666665,0.030276722748135927,11.709368026849775
ray_gpis,L_Shaped,9,0,1,0.7181333333333333,0.8359459878938382,0.7181333333333333,0.054651969150120626,4.9840812800334096
ray_gpis,L_Shaped,9,0,2,0.9301,0.9637842598829077,0.9301,0.07825269383902399,2.759859982630426
ray_gpis,L_Shaped,9,0,3,0.9462,0.972356386805056,0.9462,0.10249789500556795,2.5191999425108973
ray_gpis,L_Shaped,9,0,4,0.9651,0.982240089562872,0.9651,0.12563766346839111,2.3529481074578573
ray_gpis,L_Shaped,9,0,5,0.9947,0.9973429588409285,0.9947,0.14591630903965425,2.0472833414585203
ray_gpis,L_Shaped,10,0,0,0.38226666666666664,0.553101186457027,0.38226666666666664,0.025736644416292396,15.435041314296681
ray_gpis,L_Shaped,10,0,1,0.6568,0.7928536938676968,0.6568,0.048340630982887295,5.346899591805046
ray_gpis,L_Shaped,10,0,2,0.8216,0.9020641194554238,0.8216,0.06729296817879743,3.7444314458011205
ray_gpis,L_Shaped,10,0,3,0.9292333333333334,0.963318762202602,0.9292333333333334,0.09124682630578851,2.763631526473995
ray_gpis,L_Shaped,10,0,4,0.9751666666666666,0.9874272213315333,0.9751666666666666,0.11467570751532048,2.316595066019719
ray_gpis,L_Shaped,10,0,5,1.0,1.0,1.0,0.14397029004010317,2.0064753968713522
ray_gpis,L_Shaped,5,0,0,0.34846666666666665,0.5168339348395709,0.34846666666666665,0.026636184470137155,15.50518701302228
ray_gpis,L_Shaped,5,0,1,0.6434,0.7830108312036023,0.6434,0.048785019983268826,6.571447847154353
ray_gpis,L_Shaped,5,0,2,0.8649666666666667,0.9275947738118644,0.8649666666666667,0.0764650793056012,3.309713262310565
ray_gpis,L_Shaped,5,0,3,0.9509333333333333,0.9748496446145434,0.9509333333333333,0.10131804688297268,2.5251044732406416
ray_gpis,L_Shaped,5,0,4,0.9734333333333334,0.986537844365995,0.9734333333333334,0.12410018649861868,2.2726289838904323
ray_gpis,L_Shaped,5,0,5,1.0,1.0,1.0,0.1467430311253679,1.9968038995426194
ray_gpis,L_Shaped,11,0,0,0.4447333333333333,0.6156614830879978,0.4447333333333333,0.025925881469504326,12.572793490972092
ray_gpis,L_Shaped,11,0,1,0.7401333333333333,0.8506627844609609,0.7401333333333333,0.05429310310860454,5.026883777624795
ray_gpis,L_Shaped,11,0,2,0.9545666666666667,0.9767552910278494,0.9545666666666667,0.07733500391279499,2.7068605840876914
ray_gpis,L_Shaped,11,0,3,0.9849666666666667,0.9924264051453424,0.9849666666666667,0.10189148898344612,2.392153308502138
ray_gpis,L_Shaped,11,0,4,0.9961666666666666,0.9980796526676129,0.9961666666666666,0.12496177248420605,2.207207080614221
ray_gpis,L_Shaped,11,0,5,0.9991333333333333,0.9995664788074832,0.9991333333333333,0.14904431864239437,2.0675207054497804
ray_gpis,L_Shaped,0,0,0,0.3795,0.5501993475897065,0.3795,0.021944112965767877,10.949849726334758
ray_gpis,L_Shaped,0,0,1,0.6835333333333333,0.8120223339801211,0.6835333333333333,0.0480026756652394,4.889764577183396
ray_gpis,L_Shaped,0,0,2,0.9333333333333333,0.9655172413793104,0.9333333333333333,0.07416001978011744,2.843548392710957
ray_gpis,L_Shaped,0,0,3,0.9952,0.9975942261427425,0.9952,0.09690185350288594,2.4058132762925704
ray_gpis,L_Shaped,0,0,4,0.9971666666666666,0.9985813235416839,0.9971666666666666,0.11917076039793575,2.2338272698726787
ray_gpis,L_Shaped,0,0,5,0.9983333333333333,0.9991659716430359,0.9983333333333333,0.1374043292599304,2.142786637860432
ray_gpis,Cylinder,8,0,0,0.3218666666666667,0.4869880976397014,0.3218666666666667,0.034825256369194896,16.460488369487525
ray_gpis,Cylinder,8,0,1,0.6497,0.7876583621264472,0.6497,0.06684036493910278,5.581602986493603
ray_gpis,Cylinder,8,0,2,0.9067666666666667,0.9511039630788596,0.9067666666666667,0.1323592606713984,2.9507389089251372
ray_gpis,Cylinder,8,0,3,0.9526333333333333,0.9757421601597842,0.9526333333333333,0.16609216442410615,2.5214637516739202
ray_gpis,Cylinder,8,0,4,0.9714666666666667,0.9855268497227107,0.9714666666666667,0.2232759377748666,2.2441089579684985
ray_gpis,Cylinder,8,0,5,1.0,1.0,1.0,0.2567278390074084,1.949525957145753
ray_gpis,Cylinder,13,0,0,0.33663333333333334,0.5037033342477368,0.33663333333333334,0.0348292514590591,15.66963798567849
ray_gpis,Cylinder,13,0,1,0.6383,0.7792223646462796,0.6383,0.11279018931979015,5.808431182114307
ray_gpis,Cylinder,13,0,2,0.9369666666666666,0.9674577087886557,0.9369666666666666,0.15046262647918843,2.7721709800190775
ray_gpis,Cylinder,13,0,3,0.9467,0.9726203318436328,0.9467,0.18501817056954267,2.523977676096314
ray_gpis,Cylinder,13,0,4,0.9737,0.9866747732684805,0.9737,0.22060091768661957,2.231335052079537
ray_gpis,Cylinder,13,0,5,0.9999,0.999949997499875,0.9999,0.25669628351230883,1.9767509166223862
ray_gpis,Cylinder,4,0,0,0.4497,0.6204042215630821,0.4497,0.03714495919318417,12.37535092847984
ray_gpis,Cylinder,4,0,1,0.7469,0.8551147747438319,0.7469,0.10431496189610558,5.376973786087877
ray_gpis,Cylinder,4,0,2,0.9937666666666667,0.996873589353485,0.9937666666666667,0.1536382983130966,2.429842263848786
ray_gpis,Cylinder,4,0,3,0.9954,0.9976946978049513,0.9954,0.19398469381200395,2.265268866424705
ray_gpis,Cylinder,4,0,4,0.9997333333333334,0.9998666488865182,0.9997333333333334,0.23038554379345053,2.0477896810798457
ray_gpis,Cylinder,4,0,5,0.9997333333333334,0.9998666488865182,0.9997333333333334,0.26067879969104574,1.9726288114990287
ray_gpis,Cylinder,1,0,0,0.45563333333333333,0.6260276168449014,0.45563333333333333,0.038555758884770044,12.427296506581092
ray_gpis,Cylinder,1,0,1,0.7755666666666666,0.8735990388045131,0.7755666666666666,0.11239584541792512,4.8982598565600695
ray_gpis,Cylinder,1,0,2,0.9865,0.9932041278630759,0.9865,0.14589881004861832,2.498671237514636
ray_gpis,Cylinder,1,0,3,0.998,0.998998998998999,0.998,0.18987803428138594,2.2894448160324514
ray_gpis,Cylinder,1,0,4,0.998,0.998998998998999,0.998,0.22577419025313655,2.1925735960645003
ray_gpis,Cylinder,1,0,5,1.0,1.0,1.0,0.2548867569325334,1.9648503482690947
ray_gpis,Cylinder,12,0,0,0.4283666666666667,0.5997993045669879,0.4283666666666667,0.037229928310940866,13.223156253210027
ray_gpis,Cylinder,12,0,1,0.6865666666666667,0.8141589422297764,0.6865666666666667,0.10965571308832021,5.9039207935919675
ray_gpis,Cylinder,12,0,2,0.9377666666666666,0.967883990160494,0.9377666666666666,0.1561519477057983,2.7094232094651804
ray_gpis,Cylinder,12,0,3,0.9734666666666667,0.9865549625025336,0.9734666666666667,0.19702778835043167,2.3739988474745957
ray_gpis,Cylinder,12,0,4,0.9745,0.9870853380602685,0.9745,0.22250622208979987,2.2780807591085357
ray_gpis,Cylinder,12,0,5,1.0,1.0,1.0,0.254456889552488,1.990391101964908
ray_gpis,Cylinder,7,0,0,0.44316666666666665,0.6141586788312737,0.44316666666666665,0.06767401355853285,12.800699698783243
ray_gpis,Cylinder,7,0,1,0.6643333333333333,0.7983176447025836,0.6643333333333333,0.10179502407601398,6.473913674046055
ray_gpis,Cylinder,7,0,2,0.9843333333333333,0.9921048210986058,0.9843333333333333,0.1403521461788867,2.47637887743984
ray_gpis,Cylinder,7,0,3,0.9959333333333333,0.99796252379839,0.9959333333333333,0.17620582823296996,2.272779963384489
ray_gpis,Cylinder,7,0,4,0.9993666666666666,0.9996832330237909,0.9993666666666666,0.2251621517452062,2.1153381588719324
ray_gpis,Cylinder,7,0,5,0.9993666666666666,0.9996832330237909,0.9993666666666666,0.2612352430632661,2.045071467667721
ray_gpis,Cylinder,14,0,0,0.4622,0.6321980577212419,0.4622,0.07094188725181882,12.257721178061203
ray_gpis,Cylinder,14,0,1,0.7203333333333334,0.8374346056965704,0.7203333333333334,0.10643452509299692,5.051730810705484
ray_gpis,Cylinder,14,0,2,0.9968,0.998397435897436,0.9968,0.14419221555300668,2.427871775424147
ray_gpis,Cylinder,14,0,3,0.9972,0.998598037252153,0.9972,0.18182322608155085,2.284683413703345
ray_gpis,Cylinder,14,0,4,1.0,1.0,1.0,0.21633455732711396,2.087632950708857
ray_gpis,Cylinder,14,0,5,1.0,1.0,1.0,0.24833129990503225,1.9457642824890895
ray_gpis,Cylinder,2,0,0,0.4153,0.5868720412633364,0.4153,0.037143142865390416,12.51684769195079
ray_gpis,Cylinder,2,0,1,0.6696333333333333,0.8021322046756773,0.6696333333333333,0.12095466145410666,5.768014917442366
ray_gpis,Cylinder,2,0,2,0.9361,0.966995506430453,0.9361,0.1577653326535405,2.7506072993136774
ray_gpis,Cylinder,2,0,3,0.9645,0.9819292440824637,0.9645,0.1903460909599801,2.437063493290987
ray_gpis,Cylinder,2,0,4,0.9993333333333333,0.9996665555185061,0.9993333333333333,0.223143121393677,2.0808518619673797
ray_gpis,Cylinder,2,0,5,0.9999666666666667,0.999983333055551,0.9999666666666667,0.26174813193278446,1.9646863325596438
ray_gpis,Cylinder,6,0,0,0.4404,0.6114968064426549,0.4404,0.07243295612676162,12.632372419743351
ray_gpis,Cylinder,6,0,1,0.6932,0.8188046302858493,0.6932,0.10989248808107997,5.7990076088618085
ray_gpis,Cylinder,6,0,2,0.9917,0.9958327057287745,0.9917,0.14761107314740887,2.41557903988563
ray_gpis,Cylinder,6,0,3,0.9988333333333334,0.9994163261902778,0.9988333333333334,0.1802090449771593,2.232060614384437
ray_gpis,Cylinder,6,0,4,0.9991333333333333,0.9995664788074832,0.9991333333333333,0.2090745110480888,2.1366607765635273
ray_gpis,Cylinder,6,0,5,1.0,1.0,1.0,0.23776771111459802,2.0276164965212753
ray_gpis,Cylinder,3,0,0,0.3999666666666667,0.5713945570132622,0.3999666666666667,0.042971102831922486,12.371023112914303
ray_gpis,Cylinder,3,0,1,0.6671333333333334,0.8003359059463351,0.6671333333333334,0.08947510124627221,5.992846806157859
ray_gpis,Cylinder,3,0,2,0.9446333333333333,0.9715284800905054,0.9446333333333333,0.1248984466045047,2.684005149433309
ray_gpis,Cylinder,3,0,3,0.9746666666666667,0.9871708305199189,0.9746666666666667,0.1810873783417566,2.3753288030531063
ray_gpis,Cylinder,3,0,4,0.9994333333333333,0.9997165863661371,0.9994333333333333,0.212945091965397,2.1190189506592514
ray_gpis,Cylinder,3,0,5,0.9999666666666667,0.999983333055551,0.9999666666666667,0.24380170599178833,1.993902385188354
ray_gpis,Cylinder,9,0,0,0.46113333333333334,0.6311995254825021,0.46113333333333334,0.03690645016828521,11.814755628574291
ray_gpis,Cylinder,9,0,1,0.7812666666666667,0.8772034881544968,0.7812666666666667,0.09244545672763108,4.6818453572236525
ray_gpis,Cylinder,9,0,2,0.9869333333333333,0.9934237015165749,0.9869333333333333,0.13351129841408793,2.5314590039747045
ray_gpis,Cylinder,9,0,3,0.9889333333333333,0.9944358785278542,0.9889333333333333,0.16555663890575376,2.3280074623163896
ray_gpis,Cylinder,9,0,4,0.9909333333333333,0.995446021966247,0.9909333333333333,0.1974654400502117,2.1551277439545458
ray_gpis,Cylinder,9,0,5,1.0,1.0,1.0,0.25701647554153173,1.9479788068932253
ray_gpis,Cylinder,10,0,0,0.4382,0.6093728271450424,0.4382,0.037815424397376354,12.737200085037252
ray_gpis,Cylinder,10,0,1,0.7205,0.8375472246439989,0.7205,0.07360431584004094,5.141165469128743
ray_gpis,Cylinder,10,0,2,0.9351333333333334,0.9664794846177697,0.9351333333333334,0.15552083557008492,2.7723625832652354
ray_gpis,Cylinder,10,0,3,0.9547333333333333,0.9768425360663006,0.9547333333333333,0.190689142799887,2.58038409072106
ray_gpis,Cylinder,10,0,4,0.9632333333333334,0.9812723907839109,0.9632333333333334,0.22203252050989566,2.384013479055212
ray_gpis,Cylinder,10,0,5,0.9751333333333333,0.9874101326492726,0.9751333333333333,0.2508718190016473,2.227133743336298
ray_gpis,Cylinder,5,0,0,0.3691333333333333,0.5392218921945756,0.3691333333333333,0.03528869778747454,13.270884564329231
ray_gpis,Cylinder,5,0,1,0.6533,0.7902981914957963,0.6533,0.0778009743627637,5.565529594159357
ray_gpis,Cylinder,5,0,2,0.8652666666666666,0.9277672540119375,0.8652666666666666,0.1133106455154867,3.1674964930554648
ray_gpis,Cylinder,5,0,3,0.9375,0.967741935483871,0.9375,0.14468204230336615,2.591077950765304
ray_gpis,Cylinder,5,0,4,0.9480333333333333,0.9733235228692185,0.9480333333333333,0.17504153213209256,2.4182711823324907
ray_gpis,Cylinder,5,0,5,1.0,1.0,1.0,0.24301810464123935,1.9758043946526789
ray_gpis,Cylinder,11,0,0,0.45203333333333334,0.6226211519478433,0.45203333333333334,0.038650630360103064,12.642000645729896
ray_gpis,Cylinder,11,0,1,0.7931666666666667,0.884654707686588,0.7931666666666667,0.09817418889217348,4.6267109348155095
ray_gpis,Cylinder,11,0,2,0.9949333333333333,0.997460232589226,0.9949333333333333,0.1409928368566394,2.4606512593472307
ray_gpis,Cylinder,11,0,3,0.9980333333333333,0.9990156987704576,0.9980333333333333,0.17832943474788207,2.310539000288888
ray_gpis,Cylinder,11,0,4,0.9981666666666666,0.9990824922845942,0.9981666666666666,0.208919198168653,2.117872705186503
ray_gpis,Cylinder,11,0,5,0.9997333333333334,0.9998666488865182,0.9997333333333334,0.24673392033065783,1.974859152836711
ray_gpis,Cylinder,0,0,0,0.3314,0.4978218416704221,0.3314,0.034779872506054105,15.220241163083129
ray_gpis,Cylinder,0,0,1,0.6757333333333333,0.8064926798217695,0.6757333333333333,0.0694103802649877,5.435098815200008
ray_gpis,Cylinder,0,0,2,0.9514,0.9750948037306549,0.9514,0.12839149102137026,2.669424151173882
ray_gpis,Cylinder,0,0,3,0.9728333333333333,0.9862296189912985,0.9728333333333333,0.17740768479099758,2.3810547815844925
ray_gpis,Cylinder,0,0,4,0.9992666666666666,0.9996331988395745,0.9992666666666666,0.22426288582199103,2.083543279837989
ray_gpis,Cylinder,0,0,5,1.0,1.0,1.0,0.2523859916991033,1.980114194236474
ray_gpis,Cross,8,0,0,0.31656666666666666,0.48089728333797505,0.31656666666666666,0.021281241826089644,15.720210935325804
ray_gpis,Cross,8,0,1,0.6042,0.7532726592694177,0.6042,0.0411523774076906,5.4474070951954765
ray_gpis,Cross,8,0,2,0.8400666666666666,0.9130828593166914,0.8400666666666666,0.06426789023568831,3.364472949266312
ray_gpis,Cross,8,0,3,0.9213333333333333,0.9590562109646079,0.9213333333333333,0.08572589772723194,2.7382034823466372
ray_gpis,Cross,8,0,4,0.9755333333333334,0.9876151587756893,0.9755333333333334,0.10767368887184611,2.342628596628968
ray_gpis,Cross,8,0,5,0.9963,0.9981465711566397,0.9963,0.12830262144233473,2.0721392767605735
ray_gpis,Cross,13,0,0,0.3430666666666667,0.5108706442966346,0.3430666666666667,0.02118640420972068,14.631837297319915
ray_gpis,Cross,13,0,1,0.6574333333333333,0.7933149649055768,0.6574333333333333,0.04138743916511682,5.245849275641381
ray_gpis,Cross,13,0,2,0.8931333333333333,0.9435503750396168,0.8931333333333333,0.06340528899265381,3.052549503255162
ray_gpis,Cross,13,0,3,0.9049,0.9500761194813376,0.9049,0.08375235189414915,2.877423849593394
ray_gpis,Cross,13,0,4,0.9149333333333334,0.9555772176577079,0.9149333333333334,0.101387058191108,2.765942576501257
ray_gpis,Cross,13,0,5,0.9309666666666667,0.9642493397089541,0.9309666666666667,0.11888847407468578,2.6410803983454283
ray_gpis,Cross,4,0,0,0.44926666666666665,0.6199917199503197,0.44926666666666665,0.023525556332141647,10.683475351378076
ray_gpis,Cross,4,0,1,0.7328666666666667,0.845843111606971,0.7328666666666667,0.04663543295405139,4.807190679451569
ray_gpis,Cross,4,0,2,0.9656,0.9824989824989825,0.9656,0.07035220540258955,2.6380251422043126
ray_gpis,Cross,4,0,3,0.9766666666666667,0.988195615514334,0.9766666666666667,0.09229740215639602,2.4439312211977535
ray_gpis,Cross,4,0,4,0.9850666666666666,0.9924771628156905,0.9850666666666666,0.11425949513227426,2.2232700693623904
ray_gpis,Cross,4,0,5,0.9885,0.9942167462911742,0.9885,0.13425370956358745,2.1034097487751233
ray_gpis,Cross,1,0,0,0.3990666666666667,0.5704755551319928,0.3990666666666667,0.022691139573372553,12.535284677580638
ray_gpis,Cross,1,0,1,0.7182,0.8359911535327668,0.7182,0.04611184758990291,5.360801316606836
ray_gpis,Cross,1,0,2,0.9677333333333333,0.9836021141076027,0.9677333333333333,0.06628023802289552,2.7217800528506575
ray_gpis,Cross,1,0,3,0.9963,0.9981465711566397,0.9963,0.08776810329107645,2.3884662724848007
ray_gpis,Cross,1,0,4,0.9963666666666666,0.9981800270491392,0.9963666666666666,0.10665328345955012,2.3014059374440112
ray_gpis,Cross,1,0,5,0.9980666666666667,0.9990323979847185,0.9980666666666667,0.1259382489622358,2.1982653999774584
ray_gpis,Cross,12,0,0,0.4511,0.6217352353387086,0.4511,0.023300692213134636,10.745136766016257
ray_gpis,Cross,12,0,1,0.6533333333333333,0.7903225806451613,0.6533333333333333,0.04583072949562348,5.899917826596201
ray_gpis,Cross,12,0,2,0.9015,0.948198790428609,0.9015,0.06982683390189885,3.083300845881809
ray_gpis,Cross,12,0,3,0.9183333333333333,0.9574283231972197,0.9183333333333333,0.08440636007481543,2.9099382036046095
ray_gpis,Cross,12,0,4,0.9198,0.9582248150849046,0.9198,0.10292004708000602,2.7953769316844013
ray_gpis,Cross,12,0,5,0.9207333333333333,0.9587310402276908,0.9207333333333333,0.12124186589827446,2.6999592283337024
ray_gpis,Cross,7,0,0,0.4318666666666667,0.6032219014805849,0.4318666666666667,0.023564225225184025,12.191820278969622
ray_gpis,Cross,7,0,1,0.6697,0.8021800323411391,0.6697,0.04382435601734987,5.991654165685355
ray_gpis,Cross,7,0,2,0.9713333333333334,0.9854582346973284,0.9713333333333334,0.06851479817081026,2.633736818562864
ray_gpis,Cross,7,0,3,0.9809333333333333,0.9903749074510332,0.9809333333333333,0.08995528169528738,2.428470034932206
ray_gpis,Cross,7,0,4,0.9998333333333334,0.9999166597216435,0.9998333333333334,0.10974803169085734,2.1870082720666746
ray_gpis,Cross,7,0,5,0.9998333333333334,0.9999166597216435,0.9998333333333334,0.1312659382194103,2.0582513858337355
ray_gpis,Cross,14,0,0,0.44943333333333335,0.6201504036060069,0.44943333333333335,0.021719574407476117,11.191512981938907
ray_gpis,Cross,14,0,1,0.7199666666666666,0.8371867671854105,0.7199666666666666,0.04466691179383532,5.028487613703938
ray_gpis,Cross,14,0,2,0.9721666666666666,0.9858869263922927,0.9721666666666666,0.06782715587882834,2.612042108113257
ray_gpis,Cross,14,0,3,0.9879666666666667,0.9939469139321585,0.9879666666666667,0.08982034143918491,2.3820135045793807
ray_gpis,Cross,14,0,4,0.9913333333333333,0.995647807164379,0.9913333333333333,0.10961243584006918,2.268419146380009
ray_gpis,Cross,14,0,5,0.9913333333333333,0.995647807164379,0.9913333333333333,0.13042753226186307,2.1454597645023634
ray_gpis,Cross,2,0,0,0.4507,0.6213552078307024,0.4507,0.022131598586163634,10.93803722269386
ray_gpis,Cross,2,0,1,0.7012333333333334,0.8243823108725042,0.7012333333333334,0.04266970648094148,4.6943638036654205
ray_gpis,Cross,2,0,2,0.9191666666666667,0.9578810247503257,0.9191666666666667,0.0629938221768631,2.968604393644629
ray_gpis,Cross,2,0,3,0.9468333333333333,0.9726906942898725,0.9468333333333333,0.08226275867862627,2.6243611777285243
ray_gpis,Cross,2,0,4,0.9561666666666667,0.9775922297009457,0.9561666666666667,0.10110052351173919,2.4789708370338253
ray_gpis,Cross,2,0,5,0.9800333333333333,0.9899159946802242,0.9800333333333333,0.12327373039629123,2.257741362888949
ray_gpis,Cross,6,0,0,0.40473333333333333,0.576242228655498,0.40473333333333333,0.023226593650506173,12.484083891282635
ray_gpis,Cross,6,0,1,0.6961666666666667,0.8208705905473127,0.6961666666666667,0.04760155772426052,5.560011209080987
ray_gpis,Cross,6,0,2,0.9760666666666666,0.9878883978273337,0.9760666666666666,0.07035689956981844,2.60701406144135
ray_gpis,Cross,6,0,3,0.9781333333333333,0.9889458074952817,0.9781333333333333,0.08982479831330209,2.4453601061412003
ray_gpis,Cross,6,0,4,0.9961,0.9980461900706378,0.9961,0.11008857892900112,2.2285550314162332
ray_gpis,Cross,6,0,5,0.9962333333333333,0.998113113029539,0.9962333333333333,0.12995797021771832,2.145603624280867
ray_gpis,Cross,3,0,0,0.41183333333333333,0.5834021957265967,0.41183333333333333,0.023894357456479012,11.499500323457491
ray_gpis,Cross,3,0,1,0.6954333333333333,0.820360576450465,0.6954333333333333,0.04652900892468002,4.807016522767542
ray_gpis,Cross,3,0,2,0.9581666666666667,0.9786364797004001,0.9581666666666667,0.07056605723296051,2.7120653587684775
ray_gpis,Cross,3,0,3,0.9873,0.9936094198158305,0.9873,0.08907528452700567,2.463541861490313
ray_gpis,Cross,3,0,4,0.9893,0.9946212235459708,0.9893,0.10727256984401888,2.3811288016100383
ray_gpis,Cross,3,0,5,0.9959666666666667,0.9979792581706441,0.9959666666666667,0.12619298987111044,2.255177787624452
ray_gpis,Cross,9,0,0,0.4276,0.5990473521994957,0.4276,0.02287447235998073,11.494608612145486
ray_gpis,Cross,9,0,1,0.7291,0.8433288994274478,0.7291,0.04627405286518178,4.88787874552642
ray_gpis,Cross,9,0,2,0.9777666666666667,0.9887583638110327,0.9777666666666667,0.07038359581088388,2.60704941165865
ray_gpis,Cross,9,0,3,0.9868333333333333,0.993373039174566,0.9868333333333333,0.09166107118683518,2.4092498919397682
ray_gpis,Cross,9,0,4,0.9985666666666667,0.9992828193538703,0.9985666666666667,0.11332860356726512,2.162366112432902
ray_gpis,Cross,9,0,5,1.0,1.0,1.0,0.13540423774997087,2.019092487470204
ray_gpis,Cross,10,0,0,0.4111666666666667,0.5827329632691627,0.4111666666666667,0.023019444220177408,12.58877125809274
ray_gpis,Cross,10,0,1,0.7105333333333334,0.830774027593733,0.7105333333333334,0.04682845669630114,4.626188205531388
ray_gpis,Cross,10,0,2,0.9477,0.9731478153719771,0.9477,0.06703506859867188,2.8156894450296375
ray_gpis,Cross,10,0,3,0.9755333333333334,0.9876151587756893,0.9755333333333334,0.08738034412598876,2.513880526171083
ray_gpis,Cross,10,0,4,0.9756666666666667,0.9876834823688206,0.9756666666666667,0.10676153983601622,2.41997611751739
ray_gpis,Cross,10,0,5,0.9802333333333333,0.9900180113454643,0.9802333333333333,0.1260318860164061,2.2985198954379547
ray_gpis,Cross,5,0,0,0.40523333333333333,0.5767488198875631,0.40523333333333333,0.022481969584372846,11.57173876578376
ray_gpis,Cross,5,0,1,0.6629333333333334,0.7973059653624118,0.6629333333333334,0.04458933544223951,5.363298779867014
ray_gpis,Cross,5,0,2,0.8988,0.9467031809563935,0.8988,0.06611261489012797,2.982086735265834
ray_gpis,Cross,5,0,3,0.9173,0.9568664267459448,0.9173,0.08635665836766457,2.7579254950774477
ray_gpis,Cross,5,0,4,0.9443666666666667,0.9713874269256484,0.9443666666666667,0.10758270324979094,2.467961728108161
ray_gpis,Cross,5,0,5,0.9819,0.9908673495130935,0.9819,0.12884497914488452,2.152429079458094
ray_gpis,Cross,11,0,0,0.4562333333333333,0.6265937235333165,0.4562333333333333,0.024690993482161618,10.680338835964092
ray_gpis,Cross,11,0,1,0.7684333333333333,0.8690554728290577,0.7684333333333333,0.0469820581147445,4.584397811806845
ray_gpis,Cross,11,0,2,0.9623333333333334,0.9808051639205028,0.9623333333333334,0.06959200823390285,2.7211813794838626
ray_gpis,Cross,11,0,3,0.9980333333333333,0.9990156987704576,0.9980333333333333,0.09039456580436235,2.3995614655708004
ray_gpis,Cross,11,0,4,0.9987666666666667,0.9993829528209063,0.9987666666666667,0.11057551188492203,2.2729612840278426
ray_gpis,Cross,11,0,5,0.9987666666666667,0.9993829528209063,0.9987666666666667,0.1269220266527826,2.180307678436283
ray_gpis,Cross,0,0,0,0.3700333333333333,0.5401815040996569,0.3700333333333333,0.022023417250110734,13.440193573178574
ray_gpis,Cross,0,0,1,0.7102333333333334,0.8305689282164227,0.7102333333333334,0.043804561476932555,4.760977994375607
ray_gpis,Cross,0,0,2,0.9273,0.9622788356768537,0.9273,0.06744146035370627,2.887396048612639
ray_gpis,Cross,0,0,3,0.9533333333333334,0.9761092150170648,0.9533333333333334,0.0897001342262373,2.56155478244846
ray_gpis,Cross,0,0,4,0.9666666666666667,0.983050847457627,0.9666666666666667,0.11271777743921617,2.3041077715789653
ray_gpis,Cross,0,0,5,0.9904333333333334,0.9951936764188704,0.9904333333333334,0.13187794899092237,2.106393360430465
ray_gpis,Bowl,8,0,0,0.4458666666666667,0.6167465879749171,0.4458666666666667,0.12377485283689942,7.142722070614226
ray_gpis,Bowl,8,0,1,0.4908,0.6584384223235846,0.4908,0.17329494018840183,6.512028384699147
ray_gpis,Bowl,8,0,2,0.7169,0.8351097909022075,0.7169,0.2925915877348077,4.306936887256761
ray_gpis,Bowl,8,0,3,0.8812666666666666,0.9368864949147737,0.8812666666666666,0.3541918695800462,3.1669921968864014
ray_gpis,Bowl,8,0,4,0.8988666666666667,0.9467401607976688,0.8988666666666667,0.3950234374111801,2.9410267174090703
ray_gpis,Bowl,8,0,5,0.9099333333333334,0.9528430311703724,0.9099333333333334,0.4272111717979788,2.7921797323027233
ray_gpis,Bowl,13,0,0,0.47096666666666664,0.6403498832966984,0.47096666666666664,0.13155852946041932,6.663549011768882
ray_gpis,Bowl,13,0,1,0.51,0.6754966887417219,0.51,0.18972480673848965,6.14395270213037
ray_gpis,Bowl,13,0,2,0.5214333333333333,0.6854501237867799,0.5214333333333333,0.23253047651838848,5.8470053711629575
ray_gpis,Bowl,13,0,3,0.6382666666666666,0.7791975258403191,0.6382666666666666,0.26473957939593445,4.869084067057929
ray_gpis,Bowl,13,0,4,0.6453333333333333,0.7844408427876823,0.6453333333333333,0.2905181707573813,4.744106820212146
ray_gpis,Bowl,13,0,5,0.652,0.7893462469733655,0.652,0.3117716782415686,4.635286787190319
ray_gpis,Bowl,4,0,0,0.43906666666666666,0.6102103215046789,0.43906666666666666,0.1246619061378375,7.04804523076436
ray_gpis,Bowl,4,0,1,0.6752666666666667,0.8061602132993753,0.6752666666666667,0.22978522744368782,4.635052853933401
ray_gpis,Bowl,4,0,2,0.9327333333333333,0.9651960953399331,0.9327333333333333,0.3481004321843398,2.90158715474021
ray_gpis,Bowl,4,0,3,0.9420666666666667,0.9701692355222958,0.9420666666666667,0.38334542276035105,2.69930082458276
ray_gpis,Bowl,4,0,4,0.9437333333333333,0.9710522705446564,0.9437333333333333,0.4097598202203655,2.596820185760195
ray_gpis,Bowl,4,0,5,0.9490666666666666,0.973867834177042,0.9490666666666666,0.43220877481322273,2.5085127788597794
ray_gpis,Bowl,1,0,0,0.3873,0.5583507532617314,0.3873,0.10959549077816597,8.740584776533044
ray_gpis,Bowl,1,0,1,0.6975333333333333,0.8218198955346974,0.6975333333333333,0.20177796396030664,4.6690214783022705
ray_gpis,Bowl,1,0,2,0.7288333333333333,0.8431504868408368,0.7288333333333333,0.24588062924097526,4.290804961879319
ray_gpis,Bowl,1,0,3,0.7555666666666667,0.8607667040082025,0.7555666666666667,0.2813060226122765,4.019310535609699
ray_gpis,Bowl,1,0,4,0.7633333333333333,0.8657844990548205,0.7633333333333333,0.3086361087949304,3.8961614054918394
ray_gpis,Bowl,1,0,5,0.8244666666666667,0.9037892352102898,0.8244666666666667,0.335773547393142,3.3920918515194893
ray_gpis,Bowl,12,0,0,0.4233,0.5948148668587087,0.4233,0.12458159287983836,7.74260161082471
ray_gpis,Bowl,12,0,1,0.7073666666666667,0.8286054547939322,0.7073666666666667,0.24198516736081477,4.442553673944037
ray_gpis,Bowl,12,0,2,0.8948333333333334,0.9444981968510863,0.8948333333333334,0.3257562828588682,3.1750681436877817
ray_gpis,Bowl,12,0,3,0.8984666666666666,0.9465182427924289,0.8984666666666666,0.38109717936279397,3.0307432163394568
ray_gpis,Bowl,12,0,4,0.9286,0.9629783262470186,0.9286,0.4358065984062686,2.719280363387188
ray_gpis,Bowl,12,0,5,0.93,0.9637305699481865,0.93,0.4763907510065322,2.6233700775806237
ray_gpis,Bowl,7,0,0,0.4174333333333333,0.5889988947158008,0.4174333333333333,0.11955382127917809,7.111474465747925
ray_gpis,Bowl,7,0,1,0.4508333333333333,0.6214819069500287,0.4508333333333333,0.1546827932160946,6.588884181671495
ray_gpis,Bowl,7,0,2,0.4731666666666667,0.6423803597692046,0.4731666666666667,0.18493556754877777,6.273326018543583
ray_gpis,Bowl,7,0,3,0.4844,0.6526542710859606,0.4844,0.20731894892548788,6.107390678081023
ray_gpis,Bowl,7,0,4,0.5079333333333333,0.67368141827667,0.5079333333333333,0.22855715510775892,5.845858723713775
ray_gpis,Bowl,7,0,5,0.5141,0.6790832837989564,0.5141,0.2450940586172883,5.753348748615241
ray_gpis,Bowl,14,0,0,0.4519666666666667,0.6225579099612021,0.4519666666666667,0.12288466836243635,6.867170081065483
ray_gpis,Bowl,14,0,1,0.4707,0.6401033521452371,0.4707,0.1602935966045504,6.503579925519894
ray_gpis,Bowl,14,0,2,0.4769,0.6458121741485543,0.4769,0.1904508969613089,6.29914925530858
ray_gpis,Bowl,14,0,3,0.4812666666666667,0.6498042216121337,0.4812666666666667,0.21560418234955264,6.16342392195458
ray_gpis,Bowl,14,0,4,0.4848,0.6530172413793104,0.4848,0.23837158850570528,6.054495687469811
ray_gpis,Bowl,14,0,5,0.48556666666666665,0.6537123880898422,0.48556666666666665,0.25699003467825443,5.990179243538234
ray_gpis,Bowl,2,0,0,0.42293333333333333,0.5944527736131934,0.42293333333333333,0.12317005331662058,8.84524862926609
ray_gpis,Bowl,2,0,1,0.6484333333333333,0.7867267910945747,0.6484333333333333,0.23629913234304276,4.937862827803173
ray_gpis,Bowl,2,0,2,0.9128666666666667,0.9544488202697522,0.9128666666666667,0.3212495844309301,3.1294232401498436
ray_gpis,Bowl,2,0,3,0.9247,0.9608770197952927,0.9247,0.3724700867233529,2.886520799473713
ray_gpis,Bowl,2,0,4,0.9318,0.964696138316596,0.9318,0.4129586408277819,2.733808371171446
ray_gpis,Bowl,2,0,5,0.9336666666666666,0.965695569729357,0.9336666666666666,0.44438917613855744,2.645849182121182
ray_gpis,Bowl,6,0,0,0.28346666666666664,0.44172034074381883,0.28346666666666664,0.09351432885550154,14.852552937568978
ray_gpis,Bowl,6,0,1,0.4697,0.6391780635503844,0.4697,0.17536157543912084,8.069602024938291
ray_gpis,Bowl,6,0,2,0.7316,0.844998844998845,0.7316,0.2914881174358155,4.19258641603246
ray_gpis,Bowl,6,0,3,0.8546666666666667,0.9216391085549964,0.8546666666666667,0.33835006355453767,3.251309713125863
ray_gpis,Bowl,6,0,4,0.8616,0.9256553502363558,0.8616,0.3707151929548941,3.1013175613751036
ray_gpis,Bowl,6,0,5,0.8680333333333333,0.92935529344587,0.8680333333333333,0.3973841009162824,3.0016175590443805
ray_gpis,Bowl,3,0,0,0.2569666666666667,0.40886790951762186,0.2569666666666667,0.0741146594561156,18.688768387161527
ray_gpis,Bowl,3,0,1,0.6410666666666667,0.7812804679883003,0.6410666666666667,0.19506526305370864,5.27961265426535
ray_gpis,Bowl,3,0,2,0.6619,0.7965581563270955,0.6619,0.23005667754151798,4.925931764757261
ray_gpis,Bowl,3,0,3,0.6800333333333334,0.8095474296144919,0.6800333333333334,0.2603714615665823,4.707359002398733
ray_gpis,Bowl,3,0,4,0.6876333333333333,0.814908451677892,0.6876333333333333,0.2849520983267348,4.557991357149825
ray_gpis,Bowl,3,0,5,0.6919,0.8178970388320822,0.6919,0.3059683343213408,4.46072426051756
ray_gpis,Bowl,9,0,0,0.41556666666666664,0.5871382485223821,0.41556666666666664,0.12579715482709228,8.133295833997655
ray_gpis,Bowl,9,0,1,0.6690333333333334,0.8017015837510735,0.6690333333333334,0.2475492744579334,4.627553959172457
ray_gpis,Bowl,9,0,2,0.9094666666666666,0.9525871098386984,0.9094666666666666,0.3251036152930574,3.026163905899289
ray_gpis,Bowl,9,0,3,0.9190333333333334,0.9578086189227215,0.9190333333333334,0.37767559089555314,2.843601152032931
ray_gpis,Bowl,9,0,4,0.9226666666666666,0.9597780859916781,0.9226666666666666,0.4153520592077308,2.743176960157562
ray_gpis,Bowl,9,0,5,0.9287666666666666,0.9630679363323712,0.9287666666666666,0.4569092680710615,2.5997863869874465
ray_gpis,Bowl,10,0,0,0.2516333333333333,0.40208793842712187,0.2516333333333333,0.07331810565069277,19.19574409912293
ray_gpis,Bowl,10,0,1,0.5621666666666667,0.7197268750666809,0.5621666666666667,0.19295862857643856,5.738814598320524
ray_gpis,Bowl,10,0,2,0.5833,0.7368155119055139,0.5833,0.24328760411600983,5.400131670266548
ray_gpis,Bowl,10,0,3,0.5921666666666666,0.7438500994452005,0.5921666666666666,0.2747762198179709,5.221500284015199
ray_gpis,Bowl,10,0,4,0.5998333333333333,0.7498697781018857,0.5998333333333333,0.29925736040273027,5.095516088924014
ray_gpis,Bowl,10,0,5,0.6037,0.7528839558520921,0.6037,0.3217913931434504,5.014704332401127
ray_gpis,Bowl,5,0,0,0.4233,0.5948148668587087,0.4233,0.12500942025251996,7.764339363142671
ray_gpis,Bowl,5,0,1,0.5672333333333334,0.7238658357615332,0.5672333333333334,0.19452751994013748,6.012672714555098
ray_gpis,Bowl,5,0,2,0.8531333333333333,0.9207468431845163,0.8531333333333333,0.3155755482561854,3.537657327096481
ray_gpis,Bowl,5,0,3,0.8782666666666666,0.9351884716405195,0.8782666666666666,0.35322340438700406,3.2196798884341598
ray_gpis,Bowl,5,0,4,0.8939666666666667,0.9440152061810311,0.8939666666666667,0.38207592353315273,3.025566242840445
ray_gpis,Bowl,5,0,5,0.9050333333333334,0.9501496036814754,0.9050333333333334,0.40560081507818374,2.886127736524079
ray_gpis,Bowl,11,0,0,0.35823333333333335,0.5274989569784279,0.35823333333333335,0.11544410090357433,11.301938550446334
ray_gpis,Bowl,11,0,1,0.7533333333333333,0.8593155893536121,0.7533333333333333,0.23710767499442895,4.213293793175564
ray_gpis,Bowl,11,0,2,0.759,0.8629903354178511,0.759,0.27746410618000567,3.982866194022912
ray_gpis,Bowl,11,0,3,0.7629333333333334,0.8655271517168357,0.7629333333333334,0.3099353520741936,3.8396803952415612
ray_gpis,Bowl,11,0,4,0.7649666666666667,0.866834123401764,0.7649666666666667,0.33723802879639225,3.7532666886198918
ray_gpis,Bowl,11,0,5,0.7652,0.8669839111715386,0.7652,0.3604738659184356,3.6964779199705156
ray_gpis,Bowl,0,0,0,0.3469333333333333,0.5151455157394575,0.3469333333333333,0.10805287727237904,12.567917626153356
ray_gpis,Bowl,0,0,1,0.6443,0.7836769445964848,0.6443,0.21982200523333228,5.055818035122782
ray_gpis,Bowl,0,0,2,0.8591,0.9242106395567747,0.8591,0.34526815205321965,3.2785426417032637
ray_gpis,Bowl,0,0,3,0.8762,0.9340155633727748,0.8762,0.39835564737304274,3.052983502386549
ray_gpis,Bowl,0,0,4,0.9540666666666666,0.9764934666166285,0.9540666666666666,0.44620373639143734,2.503205774954866
ray_gpis,Bowl,0,0,5,0.9566666666666667,0.9778534923339013,0.9566666666666667,0.48509721079437074,2.392547169459282
ray_gpis,Cube,8,0,0,0.37443333333333334,0.5448548492712147,0.37443333333333334,0.02490986261363172,15.332180355615469
ray_gpis,Cube,8,0,1,0.7451333333333333,0.8539557626924399,0.7451333333333333,0.049098292598626955,4.568024353003082
ray_gpis,Cube,8,0,2,0.9852333333333333,0.9925617475695552,0.9852333333333333,0.07623849742192858,2.593299980137337
ray_gpis,Cube,8,0,3,0.9921666666666666,0.9960679327365515,0.9921666666666666,0.10180424830960977,2.3588848351715797
ray_gpis,Cube,8,0,4,0.9924333333333333,0.9962022986967359,0.9924333333333333,0.12555982999524465,2.1991938435303777
ray_gpis,Cube,8,0,5,1.0,1.0,1.0,0.1530124113062788,1.9814158500341819
ray_gpis,Cube,13,0,0,0.39676666666666666,0.5681216142042336,0.39676666666666666,0.026688397361670717,14.97115485168831
ray_gpis,Cube,13,0,1,0.6940333333333333,0.8193856870191456,0.6940333333333333,0.04948298166631351,5.746712502327334
ray_gpis,Cube,13,0,2,0.9967333333333334,0.99836399452439,0.9967333333333334,0.07839987183057777,2.4873500882019157
ray_gpis,Cube,13,0,3,0.9995,0.9997499374843711,0.9995,0.10042855626882143,2.301414624095684
ray_gpis,Cube,13,0,4,1.0,1.0,1.0,0.1244934890006393,2.101919658084719
ray_gpis,Cube,13,0,5,1.0,1.0,1.0,0.1478730348823431,2.006874624579751
ray_gpis,Cube,4,0,0,0.5089333333333333,0.6745603958646285,0.5089333333333333,0.02939004597090049,10.736100208767857
ray_gpis,Cube,4,0,1,0.8341666666666666,0.9095865515674694,0.8341666666666666,0.05772731032223499,4.098121250538515
ray_gpis,Cube,4,0,2,0.9961333333333333,0.9980629216485205,0.9961333333333333,0.08244560534153243,2.4696017337096428
ray_gpis,Cube,4,0,3,0.9985,0.9992494370778084,0.9985,0.10671669107580307,2.315495487035783
ray_gpis,Cube,4,0,4,0.9989,0.9994496973335335,0.9989,0.12874164193078894,2.1975650920095964
ray_gpis,Cube,4,0,5,0.9991333333333333,0.9995664788074832,0.9991333333333333,0.1495393873553499,2.089891236001405
ray_gpis,Cube,1,0,0,0.5071,0.6729480459159977,0.5071,0.029754562428498096,10.71006799433904
ray_gpis,Cube,1,0,1,0.8185,0.9001924663183943,0.8185,0.057939366550247506,4.142526161823157
ray_gpis,Cube,1,0,2,0.995,0.9974937343358395,0.995,0.08270797971119957,2.4427236033287705
ray_gpis,Cube,1,0,3,1.0,1.0,1.0,0.10674656538001649,2.2333777592384996
ray_gpis,Cube,1,0,4,1.0,1.0,1.0,0.12934593388707633,2.13478712895206
ray_gpis,Cube,1,0,5,1.0,1.0,1.0,0.1487655097643082,2.032673380358603
ray_gpis,Cube,12,0,0,0.4777,0.6465453068958517,0.4777,0.02865017546961271,10.885433938757753
ray_gpis,Cube,12,0,1,0.6691,0.8017494458091187,0.6691,0.05401797934274572,5.916532878945729
ray_gpis,Cube,12,0,2,0.931,0.9642672190574832,0.931,0.08243031212689711,2.7466223932096017
ray_gpis,Cube,12,0,3,0.9592666666666667,0.9792099084691551,0.9592666666666667,0.10890292485804483,2.4834821782221286
ray_gpis,Cube,12,0,4,0.9604666666666667,0.9798347332267828,0.9604666666666667,0.12941317563785384,2.4220966684743956
ray_gpis,Cube,12,0,5,0.9862,0.9930520592085389,0.9862,0.14926387674280592,2.237862669788553
ray_gpis,Cube,7,0,0,0.48496666666666666,0.6531684212889177,0.48496666666666666,0.027201768810523583,10.788468356615557
ray_gpis,Cube,7,0,1,0.7290666666666666,0.8433066008636644,0.7290666666666666,0.05341040070822506,5.3814184245903975
ray_gpis,Cube,7,0,2,0.9999333333333333,0.9999666655555185,0.9999333333333333,0.08331380314838643,2.3706562577516888
ray_gpis,Cube,7,0,3,1.0,1.0,1.0,0.10511343072148846,2.264139942466034
ray_gpis,Cube,7,0,4,1.0,1.0,1.0,0.12835078556479484,2.135692876422003
ray_gpis,Cube,7,0,5,1.0,1.0,1.0,0.15053748717668192,2.0505180461625354
ray_gpis,Cube,14,0,0,0.47523333333333334,0.6442822604333778,0.47523333333333334,0.0262179276770345,11.145361899906076
ray_gpis,Cube,14,0,1,0.7078666666666666,0.828948395659302,0.7078666666666666,0.051532977384414605,4.991398091640408
ray_gpis,Cube,14,0,2,0.9904333333333334,0.9951936764188704,0.9904333333333334,0.0789345883819109,2.488854797657045
ray_gpis,Cube,14,0,3,0.9987333333333334,0.9993662653013575,0.9987333333333334,0.10359633330422659,2.2767435042551494
ray_gpis,Cube,14,0,4,0.9992666666666666,0.9996331988395745,0.9992666666666666,0.12817049039014783,2.154564359564055
ray_gpis,Cube,14,0,5,0.9998666666666667,0.9999333288885925,0.9998666666666667,0.1506781630537093,2.0045920468162195
ray_gpis,Cube,2,0,0,0.35613333333333336,0.5252187592173828,0.35613333333333336,0.022136414996812515,13.29672028805497
ray_gpis,Cube,2,0,1,0.6331666666666667,0.7753852433921828,0.6331666666666667,0.04557633839850087,6.100165990188042
ray_gpis,Cube,2,0,2,0.9112,0.9535370447886145,0.9112,0.06998889610448705,2.882340876928784
ray_gpis,Cube,2,0,3,0.9397666666666666,0.9689481552764078,0.9397666666666666,0.092588277317725,2.6320146643919036
ray_gpis,Cube,2,0,4,0.9469,0.9727258718989162,0.9469,0.11433905871816491,2.4363128492702897
ray_gpis,Cube,2,0,5,0.9583,0.978706020528009,0.9583,0.13377168013497817,2.315318762456464
ray_gpis,Cube,6,0,0,0.5255,0.6889544411668305,0.5255,0.030165925279461173,10.576408993104506
ray_gpis,Cube,6,0,1,0.7151333333333333,0.8339099001049481,0.7151333333333333,0.05761168581600189,5.587461588088245
ray_gpis,Cube,6,0,2,0.9985333333333334,0.999266128494229,0.9985333333333334,0.08394313488094012,2.3763509273411136
ray_gpis,Cube,6,0,3,0.9997,0.9998499774966245,0.9997,0.10694573072357363,2.2128591461175784
ray_gpis,Cube,6,0,4,0.9997333333333334,0.9998666488865182,0.9997333333333334,0.13124225700378936,2.057636902233527
ray_gpis,Cube,6,0,5,1.0,1.0,1.0,0.1507066466642073,1.9452966472647684
ray_gpis,Cube,3,0,0,0.4497,0.6204042215630821,0.4497,0.027304995666152892,11.190951047899928
ray_gpis,Cube,3,0,1,0.6882333333333334,0.8153296345291924,0.6882333333333334,0.04906457846478942,5.837218189797124
ray_gpis,Cube,3,0,2,0.9661333333333333,0.9827749898277499,0.9661333333333333,0.07541875788125386,2.684099626673931
ray_gpis,Cube,3,0,3,0.9748,0.98723921409763,0.9748,0.09728977944499557,2.461920767963356
ray_gpis,Cube,3,0,4,0.9848333333333333,0.9923587202955747,0.9848333333333333,0.11902705409079199,2.2397378865402717
ray_gpis,Cube,3,0,5,0.9855333333333334,0.9927139643420744,0.9855333333333334,0.14325564217995404,2.1502051765391594
ray_gpis,Cube,9,0,0,0.5250333333333334,0.6885532556665428,0.5250333333333334,0.029264911732109856,10.486054854769607
ray_gpis,Cube,9,0,1,0.8363333333333334,0.9108731167180977,0.8363333333333334,0.057297266021403705,4.03788925629537
ray_gpis,Cube,9,0,2,0.9941,0.9970412717516675,0.9941,0.08236359230048715,2.4812260948363156
ray_gpis,Cube,9,0,3,0.9959,0.9979457888671777,0.9959,0.10247191892672514,2.3296826169895346
ray_gpis,Cube,9,0,4,0.9965,0.9982469321312296,0.9965,0.12222831726069468,2.2583630305238094
ray_gpis,Cube,9,0,5,0.9984666666666666,0.9992327451045802,0.9984666666666666,0.14725107279276806,2.096066450164351
ray_gpis,Cube,10,0,0,0.46473333333333333,0.6345637431159256,0.46473333333333333,0.028527532113095368,10.883362037210453
ray_gpis,Cube,10,0,1,0.6746666666666666,0.8057324840764332,0.6746666666666666,0.053218184113263116,5.167398843881076
ray_gpis,Cube,10,0,2,0.9115666666666666,0.953737771810208,0.9115666666666666,0.07548883843530028,2.8799412794261654
ray_gpis,Cube,10,0,3,0.9463666666666667,0.9724443835522598,0.9463666666666667,0.09611382181305225,2.6337421267699397
ray_gpis,Cube,10,0,4,0.949,0.9738327347357619,0.949,0.1185978185560208,2.4894395618186547
ray_gpis,Cube,10,0,5,0.9807666666666667,0.990289955067903,0.9807666666666667,0.14073870338450947,2.273953332893265
ray_gpis,Cube,5,0,0,0.2895333333333333,0.44905133640076506,0.2895333333333333,0.021075632584931066,17.133623356969625
ray_gpis,Cube,5,0,1,0.6082,0.7563735853749533,0.6082,0.04623012873496833,5.376500745501812
ray_gpis,Cube,5,0,2,0.8646,0.9273838893060175,0.8646,0.07095270784550299,3.2044684050042056
ray_gpis,Cube,5,0,3,0.9379,0.9679550028381237,0.9379,0.09488717247698661,2.657162156766549
ray_gpis,Cube,5,0,4,0.9422,0.9702399340953557,0.9422,0.1199219361136868,2.458380284008536
ray_gpis,Cube,5,0,5,1.0,1.0,1.0,0.1462887472943189,1.996199194349661
ray_gpis,Cube,11,0,0,0.5034666666666666,0.6697410429230223,0.5034666666666666,0.02946991169649294,10.75872879111889
ray_gpis,Cube,11,0,1,0.8340333333333333,0.9095072790389125,0.8340333333333333,0.055410195861643786,4.137339441161754
ray_gpis,Cube,11,0,2,0.9916666666666667,0.99581589958159,0.9916666666666667,0.08009000282155775,2.572632350910961
ray_gpis,Cube,11,0,3,0.9987666666666667,0.9993829528209063,0.9987666666666667,0.10406196514712113,2.3061596812680625
ray_gpis,Cube,11,0,4,0.9988333333333334,0.9994163261902778,0.9988333333333334,0.12590395780876756,2.236158403956258
ray_gpis,Cube,11,0,5,1.0,1.0,1.0,0.14871890437601767,2.0807538867687376
ray_gpis,Cube,0,0,0,0.25906666666666667,0.41152176215185854,0.25906666666666667,0.023026752362169365,17.4747680152715
ray_gpis,Cube,0,0,1,0.6164,0.7626825043306111,0.6164,0.049611953689601716,6.229535908604955
ray_gpis,Cube,0,0,2,0.9201,0.958387583980001,0.9201,0.0774121983216258,2.8580377647025337
ray_gpis,Cube,0,0,3,0.9579333333333333,0.9785147604617113,0.9579333333333333,0.10418798410396268,2.496273083784959
ray_gpis,Cube,0,0,4,0.9579333333333333,0.9785147604617113,0.9579333333333333,0.12346671975710087,2.3881827429001596
ray_gpis,Cube,0,0,5,0.9991666666666666,0.9995831596498541,0.9991666666666666,0.15023985355262318,2.0414955008642743
ray_gpis,Thin_Irregular,8,0,0,0.4576,0.6278814489571899,0.4576,0.4520053143975737,14.902934067616304
ray_gpis,Thin_Irregular,8,0,1,0.776,0.8738738738738739,0.776,0.798187001269673,4.947533845778113
ray_gpis,Thin_Irregular,8,0,2,0.9856333333333334,0.9927646930450402,0.9856333333333334,0.9993024274309937,2.596535330168007
ray_gpis,Thin_Irregular,8,0,3,0.9949333333333333,0.997460232589226,0.9949333333333333,0.9993515802495684,2.33142054637135
ray_gpis,Thin_Irregular,8,0,4,0.9957,0.9978453675402115,0.9957,0.9996020608969222,2.242316330294952
ray_gpis,Thin_Irregular,8,0,5,0.9983333333333333,0.9991659716430359,0.9983333333333333,0.9998525415442759,2.1242774849494475
ray_gpis,Thin_Irregular,13,0,0,0.45976666666666666,0.6299180234284018,0.45976666666666666,0.4366126708191086,14.759701591238244
ray_gpis,Thin_Irregular,13,0,1,0.6917333333333333,0.817780580075662,0.6917333333333333,0.6914672850848103,6.538975085582224
ray_gpis,Thin_Irregular,13,0,2,0.9688,0.9841527834213735,0.9688,0.999400733068143,2.7016957710012006
ray_gpis,Thin_Irregular,13,0,3,0.9743333333333334,0.9869998311666385,0.9743333333333334,0.9996512137154969,2.4410274296489822
ray_gpis,Thin_Irregular,13,0,4,0.9868333333333333,0.993373039174566,0.9868333333333333,0.9996512137154969,2.245953952494317
ray_gpis,Thin_Irregular,13,0,5,0.9987,0.9993495772251965,0.9987,0.9996512137154969,2.09461883302139
ray_gpis,Thin_Irregular,4,0,0,0.4634666666666667,0.6333819241982508,0.4634666666666667,0.4580955779271023,14.752453606016365
ray_gpis,Thin_Irregular,4,0,1,0.8045666666666667,0.8917006852984096,0.8045666666666667,0.8010590474922785,4.777979341419556
ray_gpis,Thin_Irregular,4,0,2,0.9912666666666666,0.9956141819277511,0.9912666666666666,0.998989986642903,2.6197819471224273
ray_gpis,Thin_Irregular,4,0,3,0.9972333333333333,0.9986147504047265,0.9972333333333333,0.998989986642903,2.3713655566860394
ray_gpis,Thin_Irregular,4,0,4,0.9978666666666667,0.99893219434063,0.9978666666666667,0.998989986642903,2.2864332034311112
ray_gpis,Thin_Irregular,4,0,5,0.9993,0.99964987745711,0.9993,0.9990391394614775,2.2076671321877956
ray_gpis,Thin_Irregular,1,0,0,0.4468,0.6176389272878074,0.4468,0.499141043714324,14.166405595184019
ray_gpis,Thin_Irregular,1,0,1,0.7859,0.8801164678873398,0.7859,0.8163773401382846,4.870412576373394
ray_gpis,Thin_Irregular,1,0,2,0.9695333333333334,0.9845310225772603,0.9695333333333334,0.998443926143006,2.6394120967163786
ray_gpis,Thin_Irregular,1,0,3,0.9762,0.9879566845460985,0.9762,0.9996948462776047,2.4537326493902687
ray_gpis,Thin_Irregular,1,0,4,0.9776,0.988673139158576,0.9776,0.9996948462776047,2.3465488888472747
ray_gpis,Thin_Irregular,1,0,5,0.9896,0.9947728186570165,0.9896,0.9996948462776047,2.1534902100347404
ray_gpis,Thin_Irregular,12,0,0,0.4528333333333333,0.6233796030744522,0.4528333333333333,0.4474268645346019,14.71041064497065
ray_gpis,Thin_Irregular,12,0,1,0.7837333333333333,0.8787561668410824,0.7837333333333333,0.7856648166890094,5.0507943308115575
ray_gpis,Thin_Irregular,12,0,2,0.967,0.9832231825114387,0.967,0.9784965705041122,2.607713915877854
ray_gpis,Thin_Irregular,12,0,3,0.9783666666666667,0.9890650536637968,0.9783666666666667,0.9784965705041122,2.406197236156284
ray_gpis,Thin_Irregular,12,0,4,0.9912333333333333,0.9955973684651054,0.9912333333333333,0.978747051151466,2.2505170438283333
ray_gpis,Thin_Irregular,12,0,5,0.9947333333333334,0.997359713913305,0.9947333333333334,0.9999016943628507,2.164019580581367
ray_gpis,Thin_Irregular,7,0,0,0.4034,0.5748895539404304,0.4034,0.49513711026369545,15.05917607551503
ray_gpis,Thin_Irregular,7,0,1,0.6569,0.792926549580542,0.6569,0.6551588701181567,7.732578839953911
ray_gpis,Thin_Irregular,7,0,2,0.9753,0.9874955702931201,0.9753,0.9966005688113171,2.714431834987743
ray_gpis,Thin_Irregular,7,0,3,0.9820666666666666,0.9909522047694326,0.9820666666666666,0.9966005688113171,2.5617083037980497
ray_gpis,Thin_Irregular,7,0,4,0.9934666666666667,0.9967226272490135,0.9934666666666667,0.999540100756185,2.3382193301565524
ray_gpis,Thin_Irregular,7,0,5,0.9974,0.9986983078001402,0.9974,0.999540100756185,2.218833716700828
ray_gpis,Thin_Irregular,14,0,0,0.28423333333333334,0.4426506086640538,0.28423333333333334,0.3868575088396164,19.720786900019604
ray_gpis,Thin_Irregular,14,0,1,0.5694,0.7256276283930165,0.5694,0.816056555694228,6.073437157025504
ray_gpis,Thin_Irregular,14,0,2,0.8400333333333333,0.9130631691454865,0.8400333333333333,0.9984567013758308,3.44692443858315
ray_gpis,Thin_Irregular,14,0,3,0.9270333333333334,0.9621352337790386,0.9270333333333334,0.9984567013758308,2.771950862972065
ray_gpis,Thin_Irregular,14,0,4,0.9384333333333333,0.9682389558578234,0.9384333333333333,0.9984567013758308,2.54650810741689
ray_gpis,Thin_Irregular,14,0,5,1.0,1.0,1.0,0.9998525415442759,2.066473608834119
ray_gpis,Thin_Irregular,2,0,0,0.3545333333333333,0.523476720149621,0.3545333333333333,0.48122817202259455,15.143000820542861
ray_gpis,Thin_Irregular,2,0,1,0.6605333333333333,0.7955676890958727,0.6605333333333333,0.7856633417853566,6.1482252219482465
ray_gpis,Thin_Irregular,2,0,2,0.8911,0.9424144677700809,0.8911,0.9982891806215863,3.0396275989323316
ray_gpis,Thin_Irregular,2,0,3,0.8947,0.9444239193539875,0.8947,0.9982891806215863,2.8786230642189574
ray_gpis,Thin_Irregular,2,0,4,0.9597666666666667,0.9794703451091116,0.9597666666666667,0.9982891806215863,2.3759554212259117
ray_gpis,Thin_Irregular,2,0,5,0.9995333333333334,0.9997666122095156,0.9995333333333334,0.9982891806215863,2.0497021124600905
ray_gpis,Thin_Irregular,6,0,0,0.41996666666666665,0.5915162327754173,0.41996666666666665,0.49655644956441103,14.813322205781176
ray_gpis,Thin_Irregular,6,0,1,0.6173333333333333,0.763396537510305,0.6173333333333333,0.6751724570707148,7.545612947291871
ray_gpis,Thin_Irregular,6,0,2,0.8718,0.9315097766855434,0.8718,0.9996948462776047,3.261939332935796
ray_gpis,Thin_Irregular,6,0,3,0.9398,0.9689658727703887,0.9398,0.9997439990961794,2.657895252414097
ray_gpis,Thin_Irregular,6,0,4,0.9715333333333334,0.9855611537551144,0.9715333333333334,0.9997439990961794,2.316376251229807
ray_gpis,Thin_Irregular,6,0,5,0.9715666666666667,0.9855783049013475,0.9715666666666667,0.9997931519147542,2.225052591096843
ray_gpis,Thin_Irregular,3,0,0,0.3275666666666667,0.49348431968262735,0.3275666666666667,0.38662007256354847,18.580403648349208
ray_gpis,Thin_Irregular,3,0,1,0.6678333333333333,0.8008394124113121,0.6678333333333333,0.8199529286100493,5.209893452763325
ray_gpis,Thin_Irregular,3,0,2,0.9097333333333333,0.9527333659149619,0.9097333333333333,0.999398162556928,3.023008759485783
ray_gpis,Thin_Irregular,3,0,3,0.9290333333333334,0.9632112802612708,0.9290333333333334,0.9996020608969222,2.7999171697216862
ray_gpis,Thin_Irregular,3,0,4,0.9641333333333333,0.9817391894643948,0.9641333333333333,0.9996020608969222,2.5238592569211344
ray_gpis,Thin_Irregular,3,0,5,0.9883,0.9941155761203038,0.9883,0.9998525415442759,2.1943456705233553
ray_gpis,Thin_Irregular,9,0,0,0.35096666666666665,0.5195785733672185,0.35096666666666665,0.35906075342246346,20.943302858788726
ray_gpis,Thin_Irregular,9,0,1,0.5554333333333333,0.7141846859396096,0.5554333333333333,0.5384593301867683,9.551097845330789
ray_gpis,Thin_Irregular,9,0,2,0.7576666666666667,0.8621278209747772,0.7576666666666667,0.7181214319697128,5.1384922717091905
ray_gpis,Thin_Irregular,9,0,3,0.8775333333333334,0.9347725739445372,0.8775333333333334,0.8634764763619016,3.6352246138492976
ray_gpis,Thin_Irregular,9,0,4,0.9615,0.9803721641600815,0.9615,0.9995529080783475,2.4315912630241803
ray_gpis,Thin_Irregular,9,0,5,0.9998333333333334,0.9999166597216435,0.9998333333333334,0.9995529080783475,2.0750382507246696
ray_gpis,Thin_Irregular,10,0,0,0.4031,0.5745848478369325,0.4031,0.3893425080968242,17.743361125414978
ray_gpis,Thin_Irregular,10,0,1,0.6814,0.8105150469846556,0.6814,0.6992732515338033,6.801134186063036
ray_gpis,Thin_Irregular,10,0,2,0.9646,0.9819810648478062,0.9646,0.999444365630251,2.728574281609018
ray_gpis,Thin_Irregular,10,0,3,0.9806,0.9902049883873575,0.9806,0.9995426712674004,2.5566257340669525
ray_gpis,Thin_Irregular,10,0,4,0.9861,0.9930013594481647,0.9861,0.9995426712674004,2.313642578529751
ray_gpis,Thin_Irregular,10,0,5,0.9985666666666667,0.9992828193538703,0.9985666666666667,0.9995426712674004,2.078190441226023
ray_gpis,Thin_Irregular,5,0,0,0.4006,0.572040554048265,0.4006,0.47220427497104417,14.901630567348432
ray_gpis,Thin_Irregular,5,0,1,0.6006666666666667,0.7505206164098293,0.6006666666666667,0.6761605258486036,8.137800659574626
ray_gpis,Thin_Irregular,5,0,2,0.9156,0.9559406974316141,0.9156,0.9992404672902567,2.9533337898907774
ray_gpis,Thin_Irregular,5,0,3,0.9395666666666667,0.9688418375238456,0.9395666666666667,0.9992404672902567,2.690909603375675
ray_gpis,Thin_Irregular,5,0,4,0.9438666666666666,0.9711228479319569,0.9438666666666666,0.9992404672902567,2.5959334007614574
ray_gpis,Thin_Irregular,5,0,5,0.9693666666666667,0.9844450838679102,0.9693666666666667,0.999338772927406,2.274609465852981
ray_gpis,Thin_Irregular,11,0,0,0.40003333333333335,0.5714625842241852,0.40003333333333335,0.4781419596972961,14.965915223565002
ray_gpis,Thin_Irregular,11,0,1,0.6013666666666667,0.7510667971108012,0.6013666666666667,0.6598812093233726,7.731476134113106
ray_gpis,Thin_Irregular,11,0,2,0.8763333333333333,0.9340913128441997,0.8763333333333333,0.9976989724087535,3.1448493357171867
ray_gpis,Thin_Irregular,11,0,3,0.9064333333333333,0.95092056720228,0.9064333333333333,0.9997439990961794,2.848671930116445
ray_gpis,Thin_Irregular,11,0,4,0.9543333333333334,0.9766331229745864,0.9543333333333334,0.9997931519147543,2.471132374592174
ray_gpis,Thin_Irregular,11,0,5,0.9953666666666666,0.9976779539265966,0.9953666666666666,0.9997931519147543,2.1639664574469935
ray_gpis,Thin_Irregular,0,0,0,0.3756,0.5460889793544635,0.3756,0.47210885176944767,15.694584526934406
ray_gpis,Thin_Irregular,0,0,1,0.7219333333333333,0.8385148476518641,0.7219333333333333,0.7951142293540174,5.553180908180486
ray_gpis,Thin_Irregular,0,0,2,0.9471666666666667,0.9728665582470256,0.9471666666666667,0.9955890257058525,2.7774671586759716
ray_gpis,Thin_Irregular,0,0,3,0.9943,0.9971418542847114,0.9943,0.9974287372729165,2.3584630525447223
ray_gpis,Thin_Irregular,0,0,4,0.9943,0.9971418542847114,0.9943,0.9974287372729165,2.257872673594466
ray_gpis,Thin_Irregular,0,0,5,0.9964333333333333,0.9982134807072612,0.9964333333333333,0.9994935184488256,2.1306351809420843
