planner,object,initial_pose_seed,planner_seed,step,recall@5,f@5,surface_coverage,visibility_surface_coverage,chamfer_mm
pose_novelty,green_Pepper,8,0,0,0.17653333333333332,0.30009066183136895,0.17653333333333332,0.025331942046531053,24.660143910978903
pose_novelty,green_Pepper,8,0,1,0.20856666666666668,0.29911924274436447,0.20856666666666668,0.049746227054374155,27.502677994641747
pose_novelty,green_Pepper,8,0,2,0.4012,0.5012129617399727,0.4012,0.0753927850135384,18.012081529026737
pose_novelty,green_Pepper,8,0,3,0.6034333333333334,0.6683385233083283,0.6034333333333334,0.10069455470832973,11.313292205335511
pose_novelty,green_Pepper,8,0,4,0.6091333333333333,0.621223258270021,0.6091333333333333,0.12585721501071162,11.868276224728382
pose_novelty,green_Pepper,8,0,5,0.7749333333333334,0.7273799209639918,0.7749333333333334,0.14858284547872644,9.16832344775999
pose_novelty,green_Pepper,13,0,0,0.24973333333333333,0.3996585938333511,0.24973333333333333,0.025173419059472523,21.987050723367314
pose_novelty,green_Pepper,13,0,1,0.38903333333333334,0.5601497444265796,0.38903333333333334,0.051244515649817045,15.560831558971197
pose_novelty,green_Pepper,13,0,2,0.42336666666666667,0.5948806819512423,0.42336666666666667,0.07485915127810623,13.8089333852315
pose_novelty,green_Pepper,13,0,3,0.6224666666666666,0.7662060022501413,0.6224666666666666,0.098515246888556,7.437933130462223
pose_novelty,green_Pepper,13,0,4,0.7192333333333333,0.8356000727525134,0.7192333333333333,0.12084770544906119,5.753715145173672
pose_novelty,green_Pepper,13,0,5,0.8210666666666666,0.8990509598203206,0.8210666666666666,0.14381120009398485,4.947767276321062
pose_novelty,green_Pepper,4,0,0,0.26153333333333334,0.41462770173862495,0.26153333333333334,0.025980856380777725,19.402332364458942
pose_novelty,green_Pepper,4,0,1,0.4241,0.5927684548830429,0.4241,0.051001357425053837,13.343502845523403
pose_novelty,green_Pepper,4,0,2,0.5377666666666666,0.6965214353938444,0.5377666666666666,0.07475464765125174,10.325070172719515
pose_novelty,green_Pepper,4,0,3,0.7902333333333333,0.879631461233458,0.7902333333333333,0.10153853902094938,5.252978175054925
pose_novelty,green_Pepper,4,0,4,0.7935666666666666,0.882247994437719,0.7935666666666666,0.124538396068946,5.11060516617208
pose_novelty,green_Pepper,4,0,5,0.7955333333333333,0.8838043513026769,0.7955333333333333,0.14607896635767187,5.017446240206714
pose_novelty,green_Pepper,1,0,0,0.25533333333333336,0.4067976633032395,0.25533333333333336,0.026098971174773278,18.578227511008286
pose_novelty,green_Pepper,1,0,1,0.26653333333333334,0.4196928751285598,0.26653333333333334,0.04927147505143261,18.364398493245886
pose_novelty,green_Pepper,1,0,2,0.4565,0.625264756644805,0.4565,0.07382515787281377,12.367175845055499
pose_novelty,green_Pepper,1,0,3,0.4586,0.6264419733776833,0.4586,0.09646805326895415,12.526723783444238
pose_novelty,green_Pepper,1,0,4,0.5953,0.7433024187227587,0.5953,0.11890104639562955,8.458785765203018
pose_novelty,green_Pepper,1,0,5,0.7209333333333333,0.8345845859512677,0.7209333333333333,0.14187197243990926,5.94212093371093
pose_novelty,green_Pepper,12,0,0,0.22476666666666667,0.3670358979941758,0.22476666666666667,0.026339008079423288,22.10629933507831
pose_novelty,green_Pepper,12,0,1,0.4429,0.6139025573497817,0.4429,0.05164083170070452,13.078188736636305
pose_novelty,green_Pepper,12,0,2,0.4911,0.658708336127691,0.4911,0.07598082084084819,11.637399029935885
pose_novelty,green_Pepper,12,0,3,0.6766666666666666,0.8071570576540755,0.6766666666666666,0.10175293820126165,7.261451337612561
pose_novelty,green_Pepper,12,0,4,0.8397,0.9128662281893787,0.8397,0.12894242492414032,5.14288531670983
pose_novelty,green_Pepper,12,0,5,0.8532,0.9207856680336715,0.8532,0.15249360742657336,4.982021888965202
pose_novelty,green_Pepper,7,0,0,0.27216666666666667,0.42787894667889426,0.27216666666666667,0.027815744430831364,18.105985173062248
pose_novelty,green_Pepper,7,0,1,0.4423,0.611800599622593,0.4423,0.05390247838570824,12.979135809683736
pose_novelty,green_Pepper,7,0,2,0.5005,0.6413292095531458,0.5005,0.07846846924012896,10.307997519262148
pose_novelty,green_Pepper,7,0,3,0.7502,0.822901118109102,0.7502,0.10413777676567199,6.368674760975423
pose_novelty,green_Pepper,7,0,4,0.8126,0.8661299040453636,0.8126,0.1285320670528674,5.782226787311252
pose_novelty,green_Pepper,7,0,5,0.841,0.8870416179807871,0.841,0.1508516440712261,5.4513054009476845
pose_novelty,green_Pepper,14,0,0,0.20273333333333332,0.33712100216174273,0.20273333333333332,0.02698450674092895,23.31549234960228
pose_novelty,green_Pepper,14,0,1,0.28813333333333335,0.4154861051726731,0.28813333333333335,0.050544339110236716,18.641769629722763
pose_novelty,green_Pepper,14,0,2,0.41756666666666664,0.5550455706385212,0.41756666666666664,0.07649345173638418,15.389833035406374
pose_novelty,green_Pepper,14,0,3,0.6254333333333333,0.7271240273873689,0.6254333333333333,0.10039243965930364,8.294446396129603
pose_novelty,green_Pepper,14,0,4,0.6782333333333334,0.7709819986085376,0.6782333333333334,0.12360210903360584,7.402969571356169
pose_novelty,green_Pepper,14,0,5,0.8728666666666667,0.8922256912891872,0.8728666666666667,0.1501812641755298,5.248668731857872
pose_novelty,green_Pepper,2,0,0,0.16713333333333333,0.2863997258239561,0.16713333333333333,0.024683568848033317,25.018098583724818
pose_novelty,green_Pepper,2,0,1,0.3479333333333333,0.5162470943172264,0.3479333333333333,0.046762819217509424,18.111796398864314
pose_novelty,green_Pepper,2,0,2,0.38,0.5507246376811594,0.38,0.06578255857983141,16.225524520251902
pose_novelty,green_Pepper,2,0,3,0.5489,0.7081368027654389,0.5489,0.09176025758327003,9.935853696451215
pose_novelty,green_Pepper,2,0,4,0.6254666666666666,0.7456733539537563,0.6254666666666666,0.1158643435520911,8.385387778851667
pose_novelty,green_Pepper,2,0,5,0.6956,0.7997058653363419,0.6956,0.13981064048398975,7.249102249513572
pose_novelty,green_Pepper,6,0,0,0.12366666666666666,0.2075495447616117,0.12366666666666666,0.025102028846483184,25.09846313409737
pose_novelty,green_Pepper,6,0,1,0.22003333333333333,0.34095168113443325,0.22003333333333333,0.046511186718224413,22.130487929125906
pose_novelty,green_Pepper,6,0,2,0.3449333333333333,0.4891451223547399,0.3449333333333333,0.07002263445240414,16.011563694158422
pose_novelty,green_Pepper,6,0,3,0.5298333333333334,0.6639255459398781,0.5298333333333334,0.09540773093793412,9.723506081750674
pose_novelty,green_Pepper,6,0,4,0.7067666666666667,0.7955470944769492,0.7067666666666667,0.1207470519199279,6.851578429902571
pose_novelty,green_Pepper,6,0,5,0.7934333333333333,0.8549937517312045,0.7934333333333333,0.14441331919879466,5.892576340536997
pose_novelty,green_Pepper,3,0,0,0.22263333333333332,0.36418659178276397,0.22263333333333332,0.027600778660634248,23.288284315181244
pose_novelty,green_Pepper,3,0,1,0.3700333333333333,0.5401815040996569,0.3700333333333333,0.051996617536836195,16.269624990679944
pose_novelty,green_Pepper,3,0,2,0.5537333333333333,0.7127778254526732,0.5537333333333333,0.07798172111076637,9.811930485539637
pose_novelty,green_Pepper,3,0,3,0.6798333333333333,0.8094056950094255,0.6798333333333333,0.10284607594936386,6.863359077207934
pose_novelty,green_Pepper,3,0,4,0.8648333333333333,0.9275180981320941,0.8648333333333333,0.12560855336816623,4.489392548926355
pose_novelty,green_Pepper,3,0,5,0.8784,0.9352640545144804,0.8784,0.1451128069249529,4.304906984381921
pose_novelty,green_Pepper,9,0,0,0.19493333333333332,0.3262664583798259,0.19493333333333332,0.0237707732199727,20.438654582033635
pose_novelty,green_Pepper,9,0,1,0.24143333333333333,0.34810587839985024,0.24143333333333333,0.04981785575091899,18.96409257651825
pose_novelty,green_Pepper,9,0,2,0.4381,0.5585880329498766,0.4381,0.07334074159422976,14.498197237046268
pose_novelty,green_Pepper,9,0,3,0.4757,0.6013577329732583,0.4757,0.09563912621803546,13.072397484963895
pose_novelty,green_Pepper,9,0,4,0.5218333333333334,0.6435290198834333,0.5218333333333334,0.11712885964691974,11.36292319337671
pose_novelty,green_Pepper,9,0,5,0.7022333333333334,0.7729725726028948,0.7022333333333334,0.14284304418675633,7.361355313992518
pose_novelty,green_Pepper,10,0,0,0.2429,0.39086008528441546,0.2429,0.02421220969372436,20.290410201767745
pose_novelty,green_Pepper,10,0,1,0.2778,0.4348098293942714,0.2778,0.04576033141951649,19.38229606217521
pose_novelty,green_Pepper,10,0,2,0.47073333333333334,0.6401341734282217,0.47073333333333334,0.071059825855832,11.973200290594155
pose_novelty,green_Pepper,10,0,3,0.4849,0.6531079533975351,0.4849,0.09618416602035323,11.691954578240429
pose_novelty,green_Pepper,10,0,4,0.5391666666666667,0.7005955603681646,0.5391666666666667,0.11803435752407695,10.435729891582248
pose_novelty,green_Pepper,10,0,5,0.6744,0.8035036816275863,0.6744,0.14018991344877185,7.413547287924592
pose_novelty,green_Pepper,5,0,0,0.1866,0.31451205123883363,0.1866,0.02514446323693746,25.779263996254766
pose_novelty,green_Pepper,5,0,1,0.3484,0.5167606051616731,0.3484,0.051318613416328436,16.251677912470925
pose_novelty,green_Pepper,5,0,2,0.5089333333333333,0.6745603958646285,0.5089333333333333,0.07792566697462018,9.618973922678904
pose_novelty,green_Pepper,5,0,3,0.6462333333333333,0.7851053921072346,0.6462333333333333,0.10144260389636113,6.836589797657945
pose_novelty,green_Pepper,5,0,4,0.7233,0.8394359658794174,0.7233,0.12422818742904966,5.98004083823624
pose_novelty,green_Pepper,5,0,5,0.8050333333333334,0.8919872209192814,0.8050333333333334,0.14384066425988548,5.330725781120727
pose_novelty,green_Pepper,11,0,0,0.23796666666666666,0.38444761571393954,0.23796666666666666,0.026636637493141675,18.27247993096897
pose_novelty,green_Pepper,11,0,1,0.44016666666666665,0.6112718435366277,0.44016666666666665,0.05241435288097528,10.916247639453783
pose_novelty,green_Pepper,11,0,2,0.6340666666666667,0.7760597282852597,0.6340666666666667,0.07840221660754508,6.407838139940556
pose_novelty,green_Pepper,11,0,3,0.703,0.8256018790369936,0.703,0.10334626655824389,5.6611174962832305
pose_novelty,green_Pepper,11,0,4,0.7201666666666666,0.8373219649258793,0.7201666666666666,0.1265054328063279,5.421799705258209
pose_novelty,green_Pepper,11,0,5,0.7702333333333333,0.8702054343118609,0.7702333333333333,0.1457497334468369,5.174736260748522
pose_novelty,green_Pepper,0,0,0,0.23516666666666666,0.3807853191202267,0.23516666666666666,0.026892788068556377,21.036948665486307
pose_novelty,green_Pepper,0,0,1,0.4882666666666667,0.6561548109657768,0.4882666666666667,0.05185330823752731,11.287993034192647
pose_novelty,green_Pepper,0,0,2,0.7224,0.838829540176498,0.7224,0.07951905287534006,6.27602855472955
pose_novelty,green_Pepper,0,0,3,0.7269666666666666,0.8419000559748305,0.7269666666666666,0.10447611202789933,6.133357041648173
pose_novelty,green_Pepper,0,0,4,0.7490666666666667,0.8565330080805,0.7490666666666667,0.12660546727572697,5.849390199202402
pose_novelty,green_Pepper,0,0,5,0.8518333333333333,0.9199891998919989,0.8518333333333333,0.15202932776452796,5.043586372693877
pose_novelty,Corner,8,0,0,0.22656666666666667,0.36943229067587036,0.22656666666666667,0.01395916252323968,16.32794888727207
pose_novelty,Corner,8,0,1,0.4043,0.5696779945918292,0.4043,0.028412358585738887,10.858590712008693
pose_novelty,Corner,8,0,2,0.46123333333333333,0.6262391308554455,0.46123333333333333,0.041142867250551024,10.054202940584355
pose_novelty,Corner,8,0,3,0.5596333333333333,0.7125225231271151,0.5596333333333333,0.05502593412359981,8.591275348813616
pose_novelty,Corner,8,0,4,0.7319333333333333,0.8395792047855407,0.7319333333333333,0.06900340406518055,5.992783919401222
pose_novelty,Corner,8,0,5,0.871,0.9194023169631615,0.871,0.08310791054558242,4.733064901602272
pose_novelty,Corner,13,0,0,0.2784333333333333,0.435585221495059,0.2784333333333333,0.015361696013389875,18.74924806633235
pose_novelty,Corner,13,0,1,0.43856666666666666,0.6097272748337466,0.43856666666666666,0.02655261623269595,12.50078293443498
pose_novelty,Corner,13,0,2,0.5182666666666667,0.6026284847661004,0.5182666666666667,0.04243606139979552,11.372997001977794
pose_novelty,Corner,13,0,3,0.7998333333333333,0.7976593666593035,0.7998333333333333,0.05603359760443175,7.425350070987042
pose_novelty,Corner,13,0,4,0.8073333333333333,0.8191265179751179,0.8073333333333333,0.06663076411130375,6.85544329115823
pose_novelty,Corner,13,0,5,0.8523333333333334,0.8550982368189511,0.8523333333333334,0.07849907833057698,6.28686651395931
pose_novelty,Corner,4,0,0,0.26256666666666667,0.41592523167093487,0.26256666666666667,0.01487784886162602,14.693079320834716
pose_novelty,Corner,4,0,1,0.4144,0.5829631539285289,0.4144,0.026754825099511256,10.730420923071696
pose_novelty,Corner,4,0,2,0.5305333333333333,0.6804952766153175,0.5305333333333333,0.04145992239814314,8.754544605915719
pose_novelty,Corner,4,0,3,0.6907666666666666,0.8047121183394578,0.6907666666666666,0.05617040210221595,6.517602760540338
pose_novelty,Corner,4,0,4,0.7025666666666667,0.7824221143200605,0.7025666666666667,0.06935609786145028,6.860185944059082
pose_novelty,Corner,4,0,5,0.7322333333333333,0.8055666336758369,0.7322333333333333,0.07966442829950948,6.407494051083347
pose_novelty,Corner,1,0,0,0.267,0.4214680347277033,0.267,0.01595855135772935,15.812157174313501
pose_novelty,Corner,1,0,1,0.3521666666666667,0.5194219441583201,0.3521666666666667,0.029931303584593505,13.421300110484488
pose_novelty,Corner,1,0,2,0.463,0.631339016757816,0.463,0.04160279153054164,10.75818650496947
pose_novelty,Corner,1,0,3,0.49523333333333336,0.6609403329091925,0.49523333333333336,0.05088403454041377,9.770574675761349
pose_novelty,Corner,1,0,4,0.5679666666666666,0.6977534791292316,0.5679666666666666,0.06392273292920743,8.737769813851413
pose_novelty,Corner,1,0,5,0.6862333333333334,0.7837734891288495,0.6862333333333334,0.07727030930192218,7.409559182466251
pose_novelty,Corner,12,0,0,0.2412,0.38865613922010955,0.2412,0.014781233655200033,21.688327946334454
pose_novelty,Corner,12,0,1,0.4592,0.6293859649122807,0.4592,0.028329480069499115,10.62168283972001
pose_novelty,Corner,12,0,2,0.4831666666666667,0.6515338802112597,0.4831666666666667,0.041110733214479944,10.21343929387283
pose_novelty,Corner,12,0,3,0.57,0.7261146496815287,0.57,0.05371963295923885,7.935851408032275
pose_novelty,Corner,12,0,4,0.5954666666666667,0.7464482700986127,0.5954666666666667,0.06656870782624337,7.439450543862716
pose_novelty,Corner,12,0,5,0.6820333333333334,0.8109629218604466,0.6820333333333334,0.0795506717140104,6.298612209195379
pose_novelty,Corner,7,0,0,0.25276666666666664,0.40353351249235025,0.25276666666666664,0.0147610122600415,20.086017616727407
pose_novelty,Corner,7,0,1,0.2543,0.405485131148848,0.2543,0.02777315203964255,20.004743289324875
pose_novelty,Corner,7,0,2,0.42506666666666665,0.5965568862275449,0.42506666666666665,0.041450441664132365,13.218992171451227
pose_novelty,Corner,7,0,3,0.6019,0.7514826143954054,0.6019,0.05446826186869828,7.407090847997518
pose_novelty,Corner,7,0,4,0.7215333333333334,0.8382449754095187,0.7215333333333334,0.06830156585104549,5.386120759770549
pose_novelty,Corner,7,0,5,0.7883666666666667,0.8816611060371661,0.7883666666666667,0.0818144209218422,4.665144470329225
pose_novelty,Corner,14,0,0,0.21596666666666667,0.3552180706707969,0.21596666666666667,0.012567667090866827,22.32835786201899
pose_novelty,Corner,14,0,1,0.32763333333333333,0.493559968866906,0.32763333333333333,0.02663581284023216,18.727001154517538
pose_novelty,Corner,14,0,2,0.5145,0.6794321558270056,0.5145,0.04089680211257586,10.54192165487474
pose_novelty,Corner,14,0,3,0.5145,0.648152014668082,0.5145,0.0522986154581841,11.619996713073126
pose_novelty,Corner,14,0,4,0.6627,0.7648161540118941,0.6627,0.06456675669276932,7.702771956381025
pose_novelty,Corner,14,0,5,0.7336666666666667,0.81022012797318,0.7336666666666667,0.07726574524613229,6.966528541537426
pose_novelty,Corner,2,0,0,0.2056,0.3410749834107498,0.2056,0.012299470974613846,21.825286937414454
pose_novelty,Corner,2,0,1,0.40653333333333336,0.5780642714949284,0.40653333333333336,0.026355302792204934,11.806975041910007
pose_novelty,Corner,2,0,2,0.5250666666666667,0.6885819199160693,0.5250666666666667,0.039383605693667424,8.931407894241202
pose_novelty,Corner,2,0,3,0.6527666666666667,0.7899078313131517,0.6527666666666667,0.0529338013877015,7.096598714617784
pose_novelty,Corner,2,0,4,0.7856,0.8799283154121863,0.7856,0.0668778366288991,5.709684902828718
pose_novelty,Corner,2,0,5,0.8339,0.8742891272122957,0.8339,0.07879381481246388,5.519285366363941
pose_novelty,Corner,6,0,0,0.3471,0.5153292257441913,0.3471,0.016433290179153834,12.788511913261631
pose_novelty,Corner,6,0,1,0.5007333333333334,0.6673181999911155,0.5007333333333334,0.02987664146373056,9.670427351082312
pose_novelty,Corner,6,0,2,0.5973666666666667,0.7472577272385882,0.5973666666666667,0.04291209120041716,7.605732830683635
pose_novelty,Corner,6,0,3,0.749,0.8544565530834778,0.749,0.05779191745209192,5.867567650874403
pose_novelty,Corner,6,0,4,0.8401,0.9112029557577348,0.8401,0.07062695225785298,5.053944145363477
pose_novelty,Corner,6,0,5,0.9095666666666666,0.9509087802878146,0.9095666666666666,0.08384016308246452,4.601097179332467
pose_novelty,Corner,3,0,0,0.291,0.45081332300542215,0.291,0.013977482509515853,17.312115290103243
pose_novelty,Corner,3,0,1,0.4740333333333333,0.6431785803125212,0.4740333333333333,0.02605093207904409,10.64841590754332
pose_novelty,Corner,3,0,2,0.5818333333333333,0.7356442945948793,0.5818333333333333,0.040202206642381756,8.052023913760655
pose_novelty,Corner,3,0,3,0.6149666666666667,0.7615843464261388,0.6149666666666667,0.05231306915653518,7.593181782533787
pose_novelty,Corner,3,0,4,0.8140666666666667,0.8955908831906843,0.8140666666666667,0.06584391723995017,4.797646137114498
pose_novelty,Corner,3,0,5,0.836,0.9089951387172334,0.836,0.0760925096800801,4.58368510149456
pose_novelty,Corner,9,0,0,0.3046333333333333,0.46700222284677684,0.3046333333333333,0.015302807699686444,17.94553113302162
pose_novelty,Corner,9,0,1,0.3708666666666667,0.5374189434582305,0.3708666666666667,0.029070009513831083,16.020099810121263
pose_novelty,Corner,9,0,2,0.4835333333333333,0.6484490831304166,0.4835333333333333,0.04267888325272304,11.480482665580832
pose_novelty,Corner,9,0,3,0.6769333333333334,0.8031988126309754,0.6769333333333334,0.0563420124796704,7.077961856425879
pose_novelty,Corner,9,0,4,0.8125666666666667,0.8921809713950285,0.8125666666666667,0.06912633041294265,5.339342878412023
pose_novelty,Corner,9,0,5,0.8519,0.9160526351828755,0.8519,0.07908956309099476,5.01179618818053
pose_novelty,Corner,10,0,0,0.27736666666666665,0.43427885493593593,0.27736666666666665,0.016179064632805214,13.979200033092459
pose_novelty,Corner,10,0,1,0.3107,0.4740978103303578,0.3107,0.028198232628753706,13.236306820270098
pose_novelty,Corner,10,0,2,0.3723,0.5425927275377104,0.3723,0.03812251160082318,12.068029733636507
pose_novelty,Corner,10,0,3,0.48056666666666664,0.6491658599184996,0.48056666666666664,0.05101696897566366,9.554726316092877
pose_novelty,Corner,10,0,4,0.6402333333333333,0.7801279992989146,0.6402333333333333,0.06548959283567904,6.901700571701188
pose_novelty,Corner,10,0,5,0.7017,0.8242156893895402,0.7017,0.07899626773121995,6.054664391871033
pose_novelty,Corner,5,0,0,0.18556666666666666,0.313042989287823,0.18556666666666666,0.0129417950528062,16.671070717153324
pose_novelty,Corner,5,0,1,0.4570666666666667,0.6273792093704246,0.4570666666666667,0.028782710879886247,8.713822073243467
pose_novelty,Corner,5,0,2,0.5706,0.7234998479566155,0.5706,0.04088015532883602,7.639821357375838
pose_novelty,Corner,5,0,3,0.7989666666666667,0.8848773025454508,0.7989666666666667,0.056336675978494025,5.245995802833535
pose_novelty,Corner,5,0,4,0.8182,0.8955250127167819,0.8182,0.07031359346763667,5.3556730154211
pose_novelty,Corner,5,0,5,0.8435,0.864131679466062,0.8435,0.08118395612329332,6.018098480263404
pose_novelty,Corner,11,0,0,0.302,0.4639016897081413,0.302,0.014843439403552703,17.577555865151414
pose_novelty,Corner,11,0,1,0.34996666666666665,0.5184819378256253,0.34996666666666665,0.026858210896916358,16.040174796627564
pose_novelty,Corner,11,0,2,0.3615333333333333,0.5310679136267933,0.3615333333333333,0.03954589722670416,15.378129284450198
pose_novelty,Corner,11,0,3,0.5106333333333334,0.6760519870253096,0.5106333333333334,0.0506589896714754,10.16823049490128
pose_novelty,Corner,11,0,4,0.6457333333333334,0.7847362877744471,0.6457333333333334,0.06480054345827105,7.710705123402844
pose_novelty,Corner,11,0,5,0.655,0.7915407854984895,0.655,0.07856717788479455,7.681255940672103
pose_novelty,Corner,0,0,0,0.14786666666666667,0.25763735625508194,0.14786666666666667,0.014667440564133464,24.244223702321438
pose_novelty,Corner,0,0,1,0.2820666666666667,0.4400187197753627,0.2820666666666667,0.028342150255018347,15.606909770045508
pose_novelty,Corner,0,0,2,0.4553,0.6257129114271971,0.4553,0.040707537527598,10.030404763506624
pose_novelty,Corner,0,0,3,0.5817333333333333,0.7355643597740875,0.5817333333333333,0.055018023165278804,7.810462015508472
pose_novelty,Corner,0,0,4,0.6703,0.8026103095252349,0.6703,0.06722194036444845,6.591074943759975
pose_novelty,Corner,0,0,5,0.6990666666666666,0.8223028263701285,0.6990666666666666,0.07888753326204863,6.593134334065152
pose_novelty,L_Shaped,8,0,0,0.11183333333333334,0.187964793006623,0.11183333333333334,0.02461071157282423,21.1728940694951
pose_novelty,L_Shaped,8,0,1,0.2705666666666667,0.40054120521520176,0.2705666666666667,0.04710921751650357,13.633921586191574
pose_novelty,L_Shaped,8,0,2,0.322,0.46357615894039733,0.322,0.0694905593279212,12.303309764592083
pose_novelty,L_Shaped,8,0,3,0.4948,0.6322207856712253,0.4948,0.09306634234839914,8.667373148959093
pose_novelty,L_Shaped,8,0,4,0.5469666666666667,0.6819857016958794,0.5469666666666667,0.11620763121313409,7.897966971996277
pose_novelty,L_Shaped,8,0,5,0.5825,0.7056203794424155,0.5825,0.14093602589264984,7.675095824034578
pose_novelty,L_Shaped,13,0,0,0.2591333333333333,0.4116058664689999,0.2591333333333333,0.029113963083183352,16.601435910053105
pose_novelty,L_Shaped,13,0,1,0.29063333333333335,0.4485199781302084,0.29063333333333335,0.05301457067416338,16.15961320369281
pose_novelty,L_Shaped,13,0,2,0.3741,0.5428081020701692,0.3741,0.07424793941395745,14.6020475239036
pose_novelty,L_Shaped,13,0,3,0.3943,0.5632062018106417,0.3943,0.09487763781925544,13.943901164362217
pose_novelty,L_Shaped,13,0,4,0.46,0.6274602923328585,0.46,0.11447702494509712,12.446502955569809
pose_novelty,L_Shaped,13,0,5,0.5636333333333333,0.7179962295750757,0.5636333333333333,0.13481304554779416,9.126597842786273
pose_novelty,L_Shaped,4,0,0,0.3038,0.4660223960730173,0.3038,0.026934919808635556,15.762701956181898
pose_novelty,L_Shaped,4,0,1,0.4744333333333333,0.6418398390288061,0.4744333333333333,0.057547408547210306,11.802968912164381
pose_novelty,L_Shaped,4,0,2,0.7199666666666666,0.835249758749621,0.7199666666666666,0.08149644616495609,5.738627414634046
pose_novelty,L_Shaped,4,0,3,0.7360333333333333,0.84633930277934,0.7360333333333333,0.10594320040331154,5.490245468183131
pose_novelty,L_Shaped,4,0,4,0.7768333333333334,0.869640925441154,0.7768333333333334,0.1277366341422624,5.319724064979166
pose_novelty,L_Shaped,4,0,5,0.7841333333333333,0.874756031365214,0.7841333333333333,0.14557894201039154,5.177152577789416
pose_novelty,L_Shaped,1,0,0,0.2566,0.4054256199474397,0.2566,0.02841618026445339,19.69524384873689
pose_novelty,L_Shaped,1,0,1,0.26063333333333333,0.3676362641552403,0.26063333333333333,0.0566262488762841,20.84061776370798
pose_novelty,L_Shaped,1,0,2,0.47473333333333334,0.5738233671254036,0.47473333333333334,0.08131131136569479,13.027045216234663
pose_novelty,L_Shaped,1,0,3,0.5116,0.6190289041239175,0.5116,0.10325047319043618,11.49719534630777
pose_novelty,L_Shaped,1,0,4,0.6379,0.7106110242915707,0.6379,0.12675245938962051,8.885653205682798
pose_novelty,L_Shaped,1,0,5,0.7507666666666667,0.7895767374701828,0.7507666666666667,0.15145807460400923,7.27406198026417
pose_novelty,L_Shaped,12,0,0,0.24506666666666665,0.39366031270079244,0.24506666666666665,0.02719481159357569,16.64804231685207
pose_novelty,L_Shaped,12,0,1,0.27163333333333334,0.36881230128647563,0.27163333333333334,0.05092151282757526,17.732443831536646
pose_novelty,L_Shaped,12,0,2,0.49433333333333335,0.5942554545084456,0.49433333333333335,0.07849398964380047,11.629784048400488
pose_novelty,L_Shaped,12,0,3,0.6074333333333334,0.6758261144417511,0.6074333333333334,0.10328867235306918,8.743468019929217
pose_novelty,L_Shaped,12,0,4,0.7196333333333333,0.7223524788263607,0.7196333333333333,0.12595269089191594,7.774325483574286
pose_novelty,L_Shaped,12,0,5,0.8174666666666667,0.7955483836410945,0.8174666666666667,0.14934246632199377,6.776887658947548
pose_novelty,L_Shaped,7,0,0,0.17453333333333335,0.29628825877298914,0.17453333333333335,0.025035502203226638,23.28715047245427
pose_novelty,L_Shaped,7,0,1,0.2875333333333333,0.4436989700298235,0.2875333333333333,0.04820750852757912,19.07141333004431
pose_novelty,L_Shaped,7,0,2,0.5277333333333334,0.6854279919025601,0.5277333333333334,0.07636293231823972,10.193401075952664
pose_novelty,L_Shaped,7,0,3,0.6388333333333334,0.7702945431441983,0.6388333333333334,0.106217118930342,7.888242184234527
pose_novelty,L_Shaped,7,0,4,0.7391333333333333,0.8405015453272123,0.7391333333333333,0.12699203132943918,6.5024153027145095
pose_novelty,L_Shaped,7,0,5,0.8627666666666667,0.9170676224115054,0.8627666666666667,0.15263726734556982,5.140374355524775
pose_novelty,L_Shaped,14,0,0,0.3131,0.47688675653034807,0.3131,0.029311373635666445,15.808983679251307
pose_novelty,L_Shaped,14,0,1,0.46076666666666666,0.6308559432261597,0.46076666666666666,0.04972467242394992,11.673034153616653
pose_novelty,L_Shaped,14,0,2,0.6855,0.8134084841293385,0.6855,0.07441652056716815,6.146065848699459
pose_novelty,L_Shaped,14,0,3,0.7711333333333333,0.8707795385252382,0.7711333333333333,0.09898767192378195,5.251695590177862
pose_novelty,L_Shaped,14,0,4,0.7940666666666667,0.8837708178412198,0.7940666666666667,0.12401381824075784,5.069438039558552
pose_novelty,L_Shaped,14,0,5,0.8392333333333334,0.911358247546865,0.8392333333333334,0.15070289943019705,4.8120003306101164
pose_novelty,L_Shaped,2,0,0,0.23113333333333333,0.3754805869930145,0.23113333333333333,0.028225772146395732,20.183168641920943
pose_novelty,L_Shaped,2,0,1,0.3114,0.4749123074576789,0.3114,0.057499624871422315,17.144390005285775
pose_novelty,L_Shaped,2,0,2,0.4160333333333333,0.5876038699653963,0.4160333333333333,0.07928394493067478,14.363884802206048
pose_novelty,L_Shaped,2,0,3,0.49906666666666666,0.6658365205016454,0.49906666666666666,0.09784426738915168,11.147159685149461
pose_novelty,L_Shaped,2,0,4,0.7359,0.847245928953215,0.7359,0.12290181463302394,6.0148084570796625
pose_novelty,L_Shaped,2,0,5,0.7774333333333333,0.8714912056566039,0.7774333333333333,0.14891096138256274,5.660324082421316
pose_novelty,L_Shaped,6,0,0,0.2435,0.39163650985122633,0.2435,0.02584688682098895,19.34810089292677
pose_novelty,L_Shaped,6,0,1,0.31643333333333334,0.4807434228850683,0.31643333333333334,0.051917166960822686,16.49779095262094
pose_novelty,L_Shaped,6,0,2,0.4332666666666667,0.5640192238948722,0.4332666666666667,0.075991296450854,11.409021768844053
pose_novelty,L_Shaped,6,0,3,0.6316666666666667,0.7266831616864395,0.6316666666666667,0.10110618934473528,8.899062163710711
pose_novelty,L_Shaped,6,0,4,0.6714666666666667,0.7586105888225027,0.6714666666666667,0.1204987123341818,8.073863481774369
pose_novelty,L_Shaped,6,0,5,0.8513666666666667,0.871933453472831,0.8513666666666667,0.14365207919314515,5.731662052793466
pose_novelty,L_Shaped,3,0,0,0.2501,0.40012798976081915,0.2501,0.025750858855037487,21.361364102214313
pose_novelty,L_Shaped,3,0,1,0.28436666666666666,0.442812281020477,0.28436666666666666,0.05080289024071377,19.41582354369809
pose_novelty,L_Shaped,3,0,2,0.3433,0.5111293084195637,0.3433,0.07415167020378713,15.910642481896748
pose_novelty,L_Shaped,3,0,3,0.3977333333333333,0.5691118954497758,0.3977333333333333,0.09699246656353595,13.937256879700966
pose_novelty,L_Shaped,3,0,4,0.5330666666666667,0.6949945277436579,0.5330666666666667,0.1224298112216222,10.063292005142866
pose_novelty,L_Shaped,3,0,5,0.614,0.7603892284727655,0.614,0.14447936636426112,8.067378842978432
pose_novelty,L_Shaped,9,0,0,0.2869333333333333,0.4459179444674679,0.2869333333333333,0.030276722748135927,17.01080976120665
pose_novelty,L_Shaped,9,0,1,0.36933333333333335,0.5394352482960079,0.36933333333333335,0.05040186184952867,12.719837704001783
pose_novelty,L_Shaped,9,0,2,0.4991,0.6658661863784938,0.4991,0.0739896912606814,10.18935691605005
pose_novelty,L_Shaped,9,0,3,0.5201333333333333,0.6843259363213753,0.5201333333333333,0.09705541843814439,9.584468620654011
pose_novelty,L_Shaped,9,0,4,0.7291333333333333,0.8385543264286294,0.7291333333333333,0.12221093847572505,5.658715711762806
pose_novelty,L_Shaped,9,0,5,0.7791,0.8714061939195975,0.7791,0.14457390623211164,5.410762382365616
pose_novelty,L_Shaped,10,0,0,0.187,0.3128648099933265,0.187,0.025736644416292396,24.682241137477735
pose_novelty,L_Shaped,10,0,1,0.35076666666666667,0.5165206476768611,0.35076666666666667,0.048632135260056004,14.221991244276243
pose_novelty,L_Shaped,10,0,2,0.4231666666666667,0.5922289421252585,0.4231666666666667,0.07208650997579205,11.885218735755643
pose_novelty,L_Shaped,10,0,3,0.5926,0.740584967813128,0.5926,0.09179588471784883,7.664942094127824
pose_novelty,L_Shaped,10,0,4,0.7021333333333334,0.8214145616190138,0.7021333333333334,0.11569497901148422,6.144249668774846
pose_novelty,L_Shaped,10,0,5,0.7678333333333334,0.8652551655017983,0.7678333333333334,0.13814457662214127,5.388690661084275
pose_novelty,L_Shaped,5,0,0,0.2035,0.3381803074366431,0.2035,0.026636184470137155,21.867820338419964
pose_novelty,L_Shaped,5,0,1,0.3602666666666667,0.5297000588119977,0.3602666666666667,0.05295038130775427,15.552871461357617
pose_novelty,L_Shaped,5,0,2,0.37073333333333336,0.540926997714119,0.37073333333333336,0.07424252676617024,15.206650052832824
pose_novelty,L_Shaped,5,0,3,0.5456666666666666,0.7054342253499014,0.5456666666666666,0.09744032012871452,9.769572712869989
pose_novelty,L_Shaped,5,0,4,0.6675333333333333,0.7999994081772155,0.6675333333333333,0.12141059875038453,7.258015678415169
pose_novelty,L_Shaped,5,0,5,0.7406333333333334,0.847637892412587,0.7406333333333334,0.1478287957769214,6.258467633741571
pose_novelty,L_Shaped,11,0,0,0.2637,0.4173458890559468,0.2637,0.025925881469504326,18.67696007267469
pose_novelty,L_Shaped,11,0,1,0.4674,0.637045113806733,0.4674,0.05355051158587873,10.885152395452966
pose_novelty,L_Shaped,11,0,2,0.5508666666666666,0.7103984868675579,0.5508666666666666,0.07786504254833274,9.530663426178135
pose_novelty,L_Shaped,11,0,3,0.7859333333333334,0.8778955843886476,0.7859333333333334,0.1059234591870321,5.8212170838535915
pose_novelty,L_Shaped,11,0,4,0.8291,0.9046103734356341,0.8291,0.13386535834190927,5.290663660707292
pose_novelty,L_Shaped,11,0,5,0.9023333333333333,0.9457947987066824,0.9023333333333333,0.1588267573124637,4.761588747176984
pose_novelty,L_Shaped,0,0,0,0.06146666666666667,0.1071295779884737,0.06146666666666667,0.021944112965767877,23.210374055230822
pose_novelty,L_Shaped,0,0,1,0.27953333333333336,0.4006245171828925,0.27953333333333336,0.050265295408304975,15.20272440149872
pose_novelty,L_Shaped,0,0,2,0.29933333333333334,0.4348940025933043,0.29933333333333334,0.0732458124779765,14.168203647477783
pose_novelty,L_Shaped,0,0,3,0.45513333333333333,0.5927026101825859,0.45513333333333333,0.09617995273894818,10.129282959634896
pose_novelty,L_Shaped,0,0,4,0.6423,0.7451071790902168,0.6423,0.12386865642939382,8.036626002719983
pose_novelty,L_Shaped,0,0,5,0.6883666666666667,0.7825200945054019,0.6883666666666667,0.14537039264721108,7.2226973568068775
pose_novelty,Cylinder,8,0,0,0.057633333333333335,0.09996341347739088,0.057633333333333335,0.034825256369194896,34.65147145393847
pose_novelty,Cylinder,8,0,1,0.3045,0.4285234523676256,0.3045,0.07026971905664467,20.583336659860567
pose_novelty,Cylinder,8,0,2,0.3989333333333333,0.5056577843740828,0.3989333333333333,0.10535313221169293,15.804500049916701
pose_novelty,Cylinder,8,0,3,0.5163,0.6151680516359205,0.5163,0.13788556960884985,12.885472001709083
pose_novelty,Cylinder,8,0,4,0.7882333333333333,0.8030728568307339,0.7882333333333333,0.19705894961337628,7.156318546331968
pose_novelty,Cylinder,8,0,5,0.8118333333333333,0.7705367841637799,0.8118333333333333,0.24303126416026355,7.856882933923545
pose_novelty,Cylinder,13,0,0,0.1637,0.28134398900060154,0.1637,0.0348292514590591,25.399308413207184
pose_novelty,Cylinder,13,0,1,0.27426666666666666,0.430469812702731,0.27426666666666666,0.08050094915416144,20.865068526645278
pose_novelty,Cylinder,13,0,2,0.3921,0.563321600459737,0.3921,0.1480872018922677,15.368723384591053
pose_novelty,Cylinder,13,0,3,0.3978,0.5691801402203462,0.3978,0.18067800033496748,15.174849865859478
pose_novelty,Cylinder,13,0,4,0.5762666666666667,0.7311791575029606,0.5762666666666667,0.21404623266527162,8.561855342121943
pose_novelty,Cylinder,13,0,5,0.7748,0.8731124633761551,0.7748,0.24792680320860894,5.062051382644593
pose_novelty,Cylinder,4,0,0,0.2775,0.43444227005870845,0.2775,0.03714495919318417,19.73778139526578
pose_novelty,Cylinder,4,0,1,0.3052,0.4676677903769537,0.3052,0.0708417146995151,19.02110727347354
pose_novelty,Cylinder,4,0,2,0.4835,0.6518368722615436,0.4835,0.11671871298060965,12.29398566915311
pose_novelty,Cylinder,4,0,3,0.6257666666666667,0.7698111660139831,0.6257666666666667,0.18457987007824606,8.287798139998676
pose_novelty,Cylinder,4,0,4,0.8256666666666667,0.9045097681212342,0.8256666666666667,0.22366564429971142,5.542362855070835
pose_novelty,Cylinder,4,0,5,0.8726333333333334,0.9319852613966073,0.8726333333333334,0.2588217004931641,4.910402286964056
pose_novelty,Cylinder,1,0,0,0.31453333333333333,0.47854752003245765,0.31453333333333333,0.038555758884770044,17.127558230622554
pose_novelty,Cylinder,1,0,1,0.5076666666666667,0.6734468273269953,0.5076666666666667,0.1133918033929879,10.242846976917475
pose_novelty,Cylinder,1,0,2,0.6480333333333334,0.7864323132622723,0.6480333333333334,0.16358212197716074,7.090346450581948
pose_novelty,Cylinder,1,0,3,0.6698333333333333,0.8016057712025354,0.6698333333333333,0.1931061451902685,6.849859699090931
pose_novelty,Cylinder,1,0,4,0.7919666666666667,0.8819192004032377,0.7919666666666667,0.22894767616379771,5.337880485271599
pose_novelty,Cylinder,1,0,5,0.8002333333333334,0.8872877085239742,0.8002333333333334,0.25735024484532065,5.140107737313618
pose_novelty,Cylinder,12,0,0,0.14116666666666666,0.24740762377683656,0.14116666666666666,0.037229928310940866,30.17586575646176
pose_novelty,Cylinder,12,0,1,0.32293333333333335,0.4882080225760936,0.32293333333333335,0.0724780891133612,17.181948479620882
pose_novelty,Cylinder,12,0,2,0.3640333333333333,0.5337601720388064,0.3640333333333333,0.10290026478474092,16.297982447267206
pose_novelty,Cylinder,12,0,3,0.37876666666666664,0.5490434625798557,0.37876666666666664,0.1353831843215346,15.885148333646594
pose_novelty,Cylinder,12,0,4,0.5097333333333334,0.6742793362913188,0.5097333333333334,0.20918630479066877,9.95732511725168
pose_novelty,Cylinder,12,0,5,0.647,0.7840859249466295,0.647,0.24995713886499557,7.185169351112459
pose_novelty,Cylinder,7,0,0,0.19866666666666666,0.3302354867145196,0.19866666666666666,0.06767401355853285,21.58238241017174
pose_novelty,Cylinder,7,0,1,0.3175,0.4806187825740558,0.3175,0.12560677161987288,16.447151612679924
pose_novelty,Cylinder,7,0,2,0.42673333333333335,0.569020409148114,0.42673333333333335,0.16071655812294539,10.028973590459705
pose_novelty,Cylinder,7,0,3,0.5156,0.6481239614184188,0.5156,0.19483248537192702,9.291864078266114
pose_novelty,Cylinder,7,0,4,0.7106333333333333,0.7967917108945395,0.7106333333333333,0.22640493049069182,6.657572511831316
pose_novelty,Cylinder,7,0,5,0.7288333333333333,0.8020999059307057,0.7288333333333333,0.2547195808206766,6.7379446033737915
pose_novelty,Cylinder,14,0,0,0.23946666666666666,0.38640275387263334,0.23946666666666666,0.07094188725181882,20.267285248176055
pose_novelty,Cylinder,14,0,1,0.3005333333333333,0.46167083809897536,0.3005333333333333,0.12475270421487882,19.206712719701592
pose_novelty,Cylinder,14,0,2,0.49446666666666667,0.6603643656321392,0.49446666666666667,0.16143326983043202,12.12406944849994
pose_novelty,Cylinder,14,0,3,0.5239666666666667,0.6635013660619008,0.5239666666666667,0.1936354742907918,11.574958396272338
pose_novelty,Cylinder,14,0,4,0.7577,0.8326480167215748,0.7577,0.23002417655473206,6.823059303509948
pose_novelty,Cylinder,14,0,5,0.8645,0.8987034920482035,0.8645,0.26205646025873996,5.743024063456439
pose_novelty,Cylinder,2,0,0,0.20336666666666667,0.337996177391208,0.20336666666666667,0.037143142865390416,22.339508817240333
pose_novelty,Cylinder,2,0,1,0.2488,0.36784309595466563,0.2488,0.11326590136105524,16.5480427577002
pose_novelty,Cylinder,2,0,2,0.3265,0.43616694553577273,0.3265,0.15790284179345027,15.097824175312741
pose_novelty,Cylinder,2,0,3,0.5267333333333334,0.6173835193170213,0.5267333333333334,0.1948631495605481,9.243946023241918
pose_novelty,Cylinder,2,0,4,0.5881666666666666,0.6682253408758004,0.5881666666666666,0.22942993762914565,8.271241997162777
pose_novelty,Cylinder,2,0,5,0.6298,0.707881760137121,0.6298,0.2603673279887281,7.7580829720814375
pose_novelty,Cylinder,6,0,0,0.2819333333333333,0.4398564667949451,0.2819333333333333,0.07243295612676162,18.365397325451642
pose_novelty,Cylinder,6,0,1,0.39076666666666665,0.5612871428652652,0.39076666666666665,0.1270915521383822,15.499312160190431
pose_novelty,Cylinder,6,0,2,0.45943333333333336,0.6290441214021529,0.45943333333333336,0.16659963672731495,13.604668824649348
pose_novelty,Cylinder,6,0,3,0.6355333333333333,0.7765070094432075,0.6355333333333333,0.20067394331227242,8.675875302770956
pose_novelty,Cylinder,6,0,4,0.834,0.9073750540740754,0.834,0.23770479199066288,5.032540891562521
pose_novelty,Cylinder,6,0,5,0.8898,0.9398782226802955,0.8898,0.27143312690654103,4.328726686378549
pose_novelty,Cylinder,3,0,0,0.1392,0.2443820224719101,0.1392,0.042971102831922486,27.644404875584147
pose_novelty,Cylinder,3,0,1,0.2809,0.4379860782134667,0.2809,0.1015074215778314,17.96992869420376
pose_novelty,Cylinder,3,0,2,0.5832333333333334,0.7358850202836927,0.5832333333333334,0.157352887743455,8.12079305905894
pose_novelty,Cylinder,3,0,3,0.5937333333333333,0.7444085164610575,0.5937333333333333,0.1870282414511574,7.8594878410593
pose_novelty,Cylinder,3,0,4,0.646,0.7843150639845726,0.646,0.2165995962662633,6.8349732410877335
pose_novelty,Cylinder,3,0,5,0.6589666666666667,0.7938921347817188,0.6589666666666667,0.2442921619208159,6.688010383953226
pose_novelty,Cylinder,9,0,0,0.30306666666666665,0.46515911183873937,0.30306666666666665,0.03690645016828521,18.028614670734648
pose_novelty,Cylinder,9,0,1,0.35273333333333334,0.5215120003942635,0.35273333333333334,0.06661024641235982,17.129068870187435
pose_novelty,Cylinder,9,0,2,0.3672666666666667,0.5372275586327954,0.3672666666666667,0.09730015630479541,16.673066134963964
pose_novelty,Cylinder,9,0,3,0.558,0.7145659196592835,0.558,0.13356950082033114,10.407178843534542
pose_novelty,Cylinder,9,0,4,0.6947333333333333,0.8180375106064895,0.6947333333333333,0.1669594900164314,7.026510050366053
pose_novelty,Cylinder,9,0,5,0.8044666666666667,0.8885684032068865,0.8044666666666667,0.19957728242815106,6.224862172700579
pose_novelty,Cylinder,10,0,0,0.2721,0.42779655687445955,0.2721,0.037815424397376354,19.54244765137913
pose_novelty,Cylinder,10,0,1,0.3864,0.5574148874783612,0.3864,0.06704901075878672,14.006111893547692
pose_novelty,Cylinder,10,0,2,0.43443333333333334,0.6057211907141031,0.43443333333333334,0.09814946663684525,13.24102769111029
pose_novelty,Cylinder,10,0,3,0.6237,0.7682453655231879,0.6237,0.14353885416109857,7.877153839995387
pose_novelty,Cylinder,10,0,4,0.7819,0.8776025590661654,0.7819,0.21680679851050394,5.275227757437056
pose_novelty,Cylinder,10,0,5,0.8334,0.9091305770699247,0.8334,0.2504380282904768,4.867327732460305
pose_novelty,Cylinder,5,0,0,0.1644,0.28237718996908273,0.1644,0.03528869778747454,25.18613040225106
pose_novelty,Cylinder,5,0,1,0.35586666666666666,0.5242007471643605,0.35586666666666666,0.07839063371039129,14.553103656017212
pose_novelty,Cylinder,5,0,2,0.3712,0.540787060027769,0.3712,0.1152888031374808,14.267615417428258
pose_novelty,Cylinder,5,0,3,0.47063333333333335,0.6231107993134438,0.47063333333333335,0.15282086307100137,10.986013558334161
pose_novelty,Cylinder,5,0,4,0.6384,0.7597540905376999,0.6384,0.19211930085918028,7.174537530952932
pose_novelty,Cylinder,5,0,5,0.7742666666666667,0.8528748154671401,0.7742666666666667,0.22980107808027075,5.539166176887404
pose_novelty,Cylinder,11,0,0,0.2893,0.44877065074071204,0.2893,0.038650630360103064,18.621796812813436
pose_novelty,Cylinder,11,0,1,0.36993333333333334,0.5393467236922069,0.36993333333333334,0.09520343661946705,15.582924169719982
pose_novelty,Cylinder,11,0,2,0.45413333333333333,0.6239360555773887,0.45413333333333333,0.14932678153008264,12.312697463009023
pose_novelty,Cylinder,11,0,3,0.535,0.6958707014909795,0.535,0.1882486275908133,10.042212191425953
pose_novelty,Cylinder,11,0,4,0.7097,0.8288055972061442,0.7097,0.22538278110143148,6.967978261853065
pose_novelty,Cylinder,11,0,5,0.8577333333333333,0.9206545048959647,0.8577333333333333,0.25922661725142576,5.486571689055952
pose_novelty,Cylinder,0,0,0,0.1921,0.3222883986242765,0.1921,0.034779872506054105,23.38313976437952
pose_novelty,Cylinder,0,0,1,0.32093333333333335,0.485919047138387,0.32093333333333335,0.06945156387826347,17.07997255141585
pose_novelty,Cylinder,0,0,2,0.3388,0.45899025756010975,0.3388,0.10646452603070038,16.526204835218866
pose_novelty,Cylinder,0,0,3,0.5982,0.6840099758021898,0.5982,0.18081870224815955,9.998672058339544
pose_novelty,Cylinder,0,0,4,0.6355333333333333,0.7231438990780261,0.6355333333333333,0.21451125021014608,9.089958848332177
pose_novelty,Cylinder,0,0,5,0.6436666666666667,0.7391602834282672,0.6436666666666667,0.23850419028963937,8.562053625890242
pose_novelty,Cross,8,0,0,0.14456666666666668,0.24181216676236916,0.14456666666666668,0.021281241826089644,20.815969115204826
pose_novelty,Cross,8,0,1,0.28886666666666666,0.4327931326580985,0.28886666666666666,0.042727275393257026,17.00399577523142
pose_novelty,Cross,8,0,2,0.5131666666666667,0.6561680422163665,0.5131666666666667,0.06490842613911008,9.068512011742813
pose_novelty,Cross,8,0,3,0.6058,0.7336136465196689,0.6058,0.08552063608591332,7.160324473050568
pose_novelty,Cross,8,0,4,0.7519333333333333,0.8370115148506311,0.7519333333333333,0.10885000296208794,5.563719432488725
pose_novelty,Cross,8,0,5,0.7631333333333333,0.8464771585949199,0.7631333333333333,0.1279545171663236,5.468979662412289
pose_novelty,Cross,13,0,0,0.2207,0.3615958056852626,0.2207,0.02118640420972068,19.39976504581183
pose_novelty,Cross,13,0,1,0.3148,0.4788560997870399,0.3148,0.04119936149639746,16.644791467288645
pose_novelty,Cross,13,0,2,0.3895,0.5606333213386111,0.3895,0.06417374460792712,13.594688395670369
pose_novelty,Cross,13,0,3,0.5292,0.6914968608650381,0.5292,0.08684632982974184,9.178658900365877
pose_novelty,Cross,13,0,4,0.6701333333333334,0.8018092041333731,0.6701333333333334,0.10881194338446089,6.426738391840053
pose_novelty,Cross,13,0,5,0.7393666666666666,0.8495136432746148,0.7393666666666666,0.12826057390275739,5.359173953803124
pose_novelty,Cross,4,0,0,0.036366666666666665,0.0607777126441293,0.036366666666666665,0.023525556332141647,26.955514181986302
pose_novelty,Cross,4,0,1,0.3313,0.4268871469988188,0.3313,0.046367042902852304,14.41884389602347
pose_novelty,Cross,4,0,2,0.47683333333333333,0.5745586587003844,0.47683333333333333,0.06869155780206866,11.09398658300174
pose_novelty,Cross,4,0,3,0.506,0.5635906109483931,0.506,0.0887446703341745,11.512778573697068
pose_novelty,Cross,4,0,4,0.6330666666666667,0.6639704061328422,0.6330666666666667,0.10746533600752735,9.71353378172194
pose_novelty,Cross,4,0,5,0.8075666666666667,0.7708073695436188,0.8075666666666667,0.13024651221925687,7.681615944776158
pose_novelty,Cross,1,0,0,0.2402,0.3873568779229157,0.2402,0.022691139573372553,17.869091384403973
pose_novelty,Cross,1,0,1,0.37943333333333334,0.5501292801391876,0.37943333333333334,0.04415057481217484,14.125556075940015
pose_novelty,Cross,1,0,2,0.5078666666666667,0.6736227783181536,0.5078666666666667,0.06527434137524883,9.444579666745657
pose_novelty,Cross,1,0,3,0.5968666666666667,0.7199659534428255,0.5968666666666667,0.0874823366548531,7.590635718397374
pose_novelty,Cross,1,0,4,0.7298,0.8145657742945935,0.7298,0.10840733300417246,6.329991083629056
pose_novelty,Cross,1,0,5,0.7551333333333333,0.8345872307421625,0.7551333333333333,0.12488740212534367,5.9638418927530115
pose_novelty,Cross,12,0,0,0.2502,0.40025595904655253,0.2502,0.023300692213134636,19.40168436027265
pose_novelty,Cross,12,0,1,0.31056666666666666,0.47394256937202733,0.31056666666666666,0.04501708854627276,16.51302498038414
pose_novelty,Cross,12,0,2,0.43683333333333335,0.6029780036918153,0.43683333333333335,0.06413198383870755,10.680549353083446
pose_novelty,Cross,12,0,3,0.6560666666666667,0.786518332300114,0.6560666666666667,0.08735278855482809,6.132613138761594
pose_novelty,Cross,12,0,4,0.7026,0.8204988305314767,0.7026,0.10916021868010502,5.949596254981979
pose_novelty,Cross,12,0,5,0.7252666666666666,0.8093799265379947,0.7252666666666666,0.12770987973793543,6.297251069673942
pose_novelty,Cross,7,0,0,0.2408,0.38813668600902645,0.2408,0.023564225225184025,18.901226104891883
pose_novelty,Cross,7,0,1,0.3754,0.5458775628907955,0.3754,0.04607513370475602,14.258883421366447
pose_novelty,Cross,7,0,2,0.5053333333333333,0.6713906111603188,0.5053333333333333,0.06626449321276905,9.639444468867158
pose_novelty,Cross,7,0,3,0.599,0.7492182614133833,0.599,0.08532447865778267,8.023675144321025
pose_novelty,Cross,7,0,4,0.712,0.8317757009345794,0.712,0.10640822590749265,6.222783733628596
pose_novelty,Cross,7,0,5,0.7121333333333333,0.8164311794971565,0.7121333333333333,0.12144810949572593,6.802688896052225
pose_novelty,Cross,14,0,0,0.26516666666666666,0.4191806086154657,0.26516666666666666,0.021719574407476117,18.12330609042663
pose_novelty,Cross,14,0,1,0.4499,0.6205945237602594,0.4499,0.04533986568858596,11.676112188706433
pose_novelty,Cross,14,0,2,0.4824333333333333,0.6508668180693904,0.4824333333333333,0.06765438224918073,11.010668931357195
pose_novelty,Cross,14,0,3,0.5010333333333333,0.6675845528635828,0.5010333333333333,0.0874588076573707,10.420925681725029
pose_novelty,Cross,14,0,4,0.5665,0.7232684328120013,0.5665,0.10682428422391978,9.225758477130544
pose_novelty,Cross,14,0,5,0.7609,0.8642171616786871,0.7609,0.1304825545925071,5.925223675604929
pose_novelty,Cross,2,0,0,0.27213333333333334,0.42783775285609477,0.27213333333333334,0.022131598586163634,18.07402719928707
pose_novelty,Cross,2,0,1,0.5658333333333333,0.722724853645556,0.5658333333333333,0.04707883012638669,9.010049741142945
pose_novelty,Cross,2,0,2,0.5953333333333334,0.6989220534348429,0.5953333333333334,0.07015359137257472,9.618554724689359
pose_novelty,Cross,2,0,3,0.6603333333333333,0.7536502172410617,0.6603333333333333,0.09014517905825115,8.029862303417069
pose_novelty,Cross,2,0,4,0.7332666666666666,0.8080531488136747,0.7332666666666666,0.11077632421537652,7.152979384301603
pose_novelty,Cross,2,0,5,0.892,0.9048516779864164,0.892,0.13450852300283972,5.28493692290111
pose_novelty,Cross,6,0,0,0.23513333333333333,0.3807416203378852,0.23513333333333333,0.023226593650506173,16.92773693740054
pose_novelty,Cross,6,0,1,0.36346666666666666,0.5311750034439506,0.36346666666666666,0.04671681567386762,15.047622243024874
pose_novelty,Cross,6,0,2,0.625,0.7666517657577112,0.625,0.07081140944562148,7.791859153995653
pose_novelty,Cross,6,0,3,0.6915333333333333,0.8153680327860798,0.6915333333333333,0.09225887359626746,6.584296060174512
pose_novelty,Cross,6,0,4,0.7254333333333334,0.8389186167480448,0.7254333333333334,0.11306770297329226,6.068564141218709
pose_novelty,Cross,6,0,5,0.7436333333333334,0.8512465429569903,0.7436333333333334,0.1318505424003876,5.941058892976953
pose_novelty,Cross,3,0,0,0.19216666666666668,0.3223822172515029,0.19216666666666668,0.023894357456479012,20.870517379590947
pose_novelty,Cross,3,0,1,0.44016666666666665,0.6112718435366277,0.44016666666666665,0.04746648186227737,10.616799579438046
pose_novelty,Cross,3,0,2,0.5109333333333334,0.676314860571832,0.5109333333333334,0.07148079429921815,8.504740488232681
pose_novelty,Cross,3,0,3,0.5946666666666667,0.7458193979933111,0.5946666666666667,0.09384443751481443,7.598453139090929
pose_novelty,Cross,3,0,4,0.6356333333333334,0.7751304693977283,0.6356333333333334,0.11393632255277006,7.197487133905911
pose_novelty,Cross,3,0,5,0.6973,0.819673179852234,0.6973,0.134268699893254,6.022129332040013
pose_novelty,Cross,9,0,0,0.27463333333333334,0.4309213107037318,0.27463333333333334,0.02287447235998073,17.547169286868808
pose_novelty,Cross,9,0,1,0.4263,0.5977704550234874,0.4263,0.04545278998117365,12.642512962345403
pose_novelty,Cross,9,0,2,0.6093,0.7572236376064126,0.6093,0.06821658677165904,7.464474264026503
pose_novelty,Cross,9,0,3,0.6413333333333333,0.7814784727863525,0.6413333333333333,0.08635565677907917,7.093551833779531
pose_novelty,Cross,9,0,4,0.816,0.8986784140969163,0.816,0.11053620484660365,4.885292976102471
pose_novelty,Cross,9,0,5,0.8536666666666667,0.9210573637834921,0.8536666666666667,0.129068205713073,4.649975213789917
pose_novelty,Cross,10,0,0,0.29646666666666666,0.4573456060060678,0.29646666666666666,0.023019444220177408,15.824299509166119
pose_novelty,Cross,10,0,1,0.31943333333333335,0.4841977616653614,0.31943333333333335,0.042928728413786144,15.164028129485166
pose_novelty,Cross,10,0,2,0.4771,0.6459955317852549,0.4771,0.06354834547161585,9.47605965350492
pose_novelty,Cross,10,0,3,0.5964666666666667,0.7472334739215768,0.5964666666666667,0.08559983759375213,6.942774060134176
pose_novelty,Cross,10,0,4,0.7689,0.8693538357171124,0.7689,0.10801087491367296,5.37077516723213
pose_novelty,Cross,10,0,5,0.8103333333333333,0.8952310808322592,0.8103333333333333,0.1279568758634116,5.09832169954088
pose_novelty,Cross,5,0,0,0.21883333333333332,0.35908655818405577,0.21883333333333332,0.022481969584372846,18.98999211072322
pose_novelty,Cross,5,0,1,0.3912,0.562392179413456,0.3912,0.04414089712779754,12.646318157264622
pose_novelty,Cross,5,0,2,0.5493666666666667,0.7091499752587078,0.5493666666666667,0.06462953142745922,7.955725797886871
pose_novelty,Cross,5,0,3,0.7825666666666666,0.8780223273556856,0.7825666666666666,0.08878650047055914,4.946285710737245
pose_novelty,Cross,5,0,4,0.8108,0.895515794124144,0.8108,0.11149656922005825,4.98988389929322
pose_novelty,Cross,5,0,5,0.8259333333333333,0.9046697579320164,0.8259333333333333,0.13038815392999492,4.899857089460285
pose_novelty,Cross,11,0,0,0.0629,0.10773007535967115,0.0629,0.024690993482161618,27.64709124543475
pose_novelty,Cross,11,0,1,0.26903333333333335,0.3885400048714113,0.26903333333333335,0.04670778911460934,19.86946742576643
pose_novelty,Cross,11,0,2,0.3857333333333333,0.5187229866183493,0.3857333333333333,0.06765944367691698,15.213005424154987
pose_novelty,Cross,11,0,3,0.4582,0.5959031890474448,0.4582,0.08676735266993484,12.780053293181414
pose_novelty,Cross,11,0,4,0.5268,0.6539264826221464,0.5268,0.10750137466553604,11.369659643697952
pose_novelty,Cross,11,0,5,0.7434666666666667,0.80800646169201,0.7434666666666667,0.12874937119803798,6.393989274858368
pose_novelty,Cross,0,0,0,0.21976666666666667,0.36034214193971525,0.21976666666666667,0.022023417250110734,21.29631002095288
pose_novelty,Cross,0,0,1,0.22993333333333332,0.37389560409778305,0.22993333333333332,0.04281938708679373,19.48415340288171
pose_novelty,Cross,0,0,2,0.4291,0.600517808410888,0.4291,0.06405972176655614,11.493050119200667
pose_novelty,Cross,0,0,3,0.5560333333333334,0.7146804909920524,0.5560333333333334,0.08742814250315667,7.9470816793580354
pose_novelty,Cross,0,0,4,0.6891666666666667,0.8159842131228416,0.6891666666666667,0.11049818958790747,6.251030669410251
pose_novelty,Cross,0,0,5,0.7436666666666667,0.8421263317962965,0.7436666666666667,0.1306089657747208,5.3664206996944595
pose_novelty,Bowl,8,0,0,0.22843333333333332,0.3719100208938214,0.22843333333333332,0.12377485283689942,12.623013369430904
pose_novelty,Bowl,8,0,1,0.30083333333333334,0.4612179554035168,0.30083333333333334,0.1865205745432712,10.15347390376468
pose_novelty,Bowl,8,0,2,0.4388,0.6065451762372693,0.4388,0.2673989470488786,8.554571034751051
pose_novelty,Bowl,8,0,3,0.4849,0.6502440258306426,0.4849,0.31695106159731795,8.178764316913352
pose_novelty,Bowl,8,0,4,0.5898666666666667,0.7378149783448775,0.5898666666666667,0.4170052376173113,6.720315827185409
pose_novelty,Bowl,8,0,5,0.6738333333333333,0.8010915508233307,0.6738333333333333,0.4761489725800311,5.75064241004403
pose_novelty,Bowl,13,0,0,0.21096666666666666,0.3484268765999614,0.21096666666666666,0.13155852946041932,15.039115078451822
pose_novelty,Bowl,13,0,1,0.4563,0.6266565954817002,0.4563,0.20686529230301604,8.744538045486493
pose_novelty,Bowl,13,0,2,0.6411333333333333,0.7813299752203762,0.6411333333333333,0.31743041631347574,6.8287174506601716
pose_novelty,Bowl,13,0,3,0.6461666666666667,0.7570779432114899,0.6461666666666667,0.3841349210511847,7.6872642219820655
pose_novelty,Bowl,13,0,4,0.6682,0.7761509850035955,0.6682,0.4255817350764823,7.04357668404713
pose_novelty,Bowl,13,0,5,0.7162333333333334,0.8124150394150077,0.7162333333333334,0.46374859070499347,6.47280929450414
pose_novelty,Bowl,4,0,0,0.2815666666666667,0.43941009701667233,0.2815666666666667,0.1246619061378375,11.516188376510758
pose_novelty,Bowl,4,0,1,0.3974,0.5687705739229998,0.3974,0.21411660315200418,8.465671314166654
pose_novelty,Bowl,4,0,2,0.5846333333333333,0.7378783735459307,0.5846333333333333,0.29596706241539605,6.655323686883017
pose_novelty,Bowl,4,0,3,0.6099666666666667,0.7051884758267323,0.6099666666666667,0.36319510002481925,7.68556145874792
pose_novelty,Bowl,4,0,4,0.8056333333333333,0.8342882817888271,0.8056333333333333,0.4694063946769355,5.805771405247072
pose_novelty,Bowl,4,0,5,0.8523,0.8523492591454961,0.8523,0.5298106508671906,5.7808200092048265
pose_novelty,Bowl,1,0,0,0.17806666666666668,0.3023032086469357,0.17806666666666668,0.10959549077816597,15.42714208243469
pose_novelty,Bowl,1,0,1,0.26216666666666666,0.3843213905516483,0.26216666666666666,0.191812771468978,13.736000737316049
pose_novelty,Bowl,1,0,2,0.45066666666666666,0.5822819324294176,0.45066666666666666,0.2650089846021683,9.712980787852757
pose_novelty,Bowl,1,0,3,0.583,0.6997599451303155,0.583,0.35516518464824787,7.8398154647291785
pose_novelty,Bowl,1,0,4,0.7368,0.812455770007817,0.7368,0.43013183202929456,6.421734474647306
pose_novelty,Bowl,1,0,5,0.7373,0.8165165674928911,0.7373,0.45963581395939485,6.254594459561438
pose_novelty,Bowl,12,0,0,0.32353333333333334,0.48889336624187785,0.32353333333333334,0.12458159287983836,10.609265759964998
pose_novelty,Bowl,12,0,1,0.3577666666666667,0.5269928559153513,0.3577666666666667,0.18356199983285917,9.248046343018277
pose_novelty,Bowl,12,0,2,0.4078333333333333,0.5793772937137446,0.4078333333333333,0.2321701236083067,8.115614771842568
pose_novelty,Bowl,12,0,3,0.45203333333333334,0.6226211519478433,0.45203333333333334,0.2803120466796045,7.782142272770226
pose_novelty,Bowl,12,0,4,0.6685,0.801318549595445,0.6685,0.37411850113631884,6.36028192329234
pose_novelty,Bowl,12,0,5,0.7953,0.8859800590430568,0.7953,0.4468328060217164,5.403338029639632
pose_novelty,Bowl,7,0,0,0.1988,0.33112132825847473,0.1988,0.11955382127917809,17.450638859204478
pose_novelty,Bowl,7,0,1,0.37493333333333334,0.544729642316469,0.37493333333333334,0.18581791550041307,9.00363819835594
pose_novelty,Bowl,7,0,2,0.46203333333333335,0.6314428860923035,0.46203333333333335,0.2738236011487869,7.556167791246126
pose_novelty,Bowl,7,0,3,0.5387666666666666,0.6997387170771386,0.5387666666666666,0.33922506573085726,6.742014335857455
pose_novelty,Bowl,7,0,4,0.5949666666666666,0.7455630588986599,0.5949666666666666,0.3972631589072174,6.532396314961821
pose_novelty,Bowl,7,0,5,0.7141666666666666,0.8327274437831028,0.7141666666666666,0.45665912123089686,5.885680105673495
pose_novelty,Bowl,14,0,0,0.29436666666666667,0.4482423551046669,0.29436666666666667,0.12288466836243635,11.919151129691576
pose_novelty,Bowl,14,0,1,0.46173333333333333,0.6247137008056646,0.46173333333333333,0.19522757210658032,10.260649011020194
pose_novelty,Bowl,14,0,2,0.5286666666666666,0.685641850428462,0.5286666666666666,0.2347663612169592,9.051626514530223
pose_novelty,Bowl,14,0,3,0.5523333333333333,0.7066217815295025,0.5523333333333333,0.2778536886857043,8.758557654482397
pose_novelty,Bowl,14,0,4,0.5949333333333333,0.7413067697834788,0.5949333333333333,0.36166140504636746,7.980968637701411
pose_novelty,Bowl,14,0,5,0.6988333333333333,0.8178142630308001,0.6988333333333333,0.40463661286225777,6.152970834695728
pose_novelty,Bowl,2,0,0,0.20933333333333334,0.3461962513781698,0.20933333333333334,0.12317005331662058,16.863481536826022
pose_novelty,Bowl,2,0,1,0.2975,0.45857418111753373,0.2975,0.19066750467101848,12.49304815201988
pose_novelty,Bowl,2,0,2,0.4909,0.6585284056610102,0.4909,0.3080386250939823,7.840505672290068
pose_novelty,Bowl,2,0,3,0.6599666666666667,0.7951565292475753,0.6599666666666667,0.3522915307839455,6.282908433164041
pose_novelty,Bowl,2,0,4,0.7897333333333333,0.8825150860463383,0.7897333333333333,0.4139458199913964,5.542324906737936
pose_novelty,Bowl,2,0,5,0.8374666666666667,0.9109041938621827,0.8374666666666667,0.4633143573574271,5.24035535002623
pose_novelty,Bowl,6,0,0,0.13506666666666667,0.2379889580641372,0.13506666666666667,0.09351432885550154,29.222796302929943
pose_novelty,Bowl,6,0,1,0.2216,0.362454998615342,0.2216,0.1663609163111757,16.410805997148326
pose_novelty,Bowl,6,0,2,0.43216666666666664,0.6029120611130165,0.43216666666666664,0.2934531627758292,10.36361237726295
pose_novelty,Bowl,6,0,3,0.5516666666666666,0.7104442907156892,0.5516666666666666,0.35464576586642627,7.3997413295977115
pose_novelty,Bowl,6,0,4,0.6529666666666667,0.7888935964870278,0.6529666666666667,0.45000189609608066,6.423892336227384
pose_novelty,Bowl,6,0,5,0.7605,0.8628514229719619,0.7605,0.5042611445023184,5.394780964427524
pose_novelty,Bowl,3,0,0,0.0727,0.1267962270313637,0.0727,0.0741146594561156,32.87064033935435
pose_novelty,Bowl,3,0,1,0.27786666666666665,0.40076491915095047,0.27786666666666665,0.197212501115949,14.436170591757243
pose_novelty,Bowl,3,0,2,0.3753666666666667,0.5115414674672465,0.3753666666666667,0.26834783715013644,10.658177186686391
pose_novelty,Bowl,3,0,3,0.5260333333333334,0.6409602179294811,0.5260333333333334,0.3727120830244049,8.665040738480894
pose_novelty,Bowl,3,0,4,0.5898333333333333,0.6977790034057586,0.5898333333333333,0.4354954799762119,7.6642982228382355
pose_novelty,Bowl,3,0,5,0.6793666666666667,0.7669215263687406,0.6793666666666667,0.4867546334743795,6.725358187886898
pose_novelty,Bowl,9,0,0,0.1809,0.3054678694531311,0.1809,0.12579715482709228,19.73002489052377
pose_novelty,Bowl,9,0,1,0.24,0.38641686182669793,0.24,0.17725801185862722,17.33736802799084
pose_novelty,Bowl,9,0,2,0.40423333333333333,0.5747705079828642,0.40423333333333333,0.283111275229115,9.520029028481018
pose_novelty,Bowl,9,0,3,0.482,0.6486299075635684,0.482,0.3372062561027651,8.234430861305604
pose_novelty,Bowl,9,0,4,0.6148,0.7589992781681343,0.6148,0.3699214489328749,6.78787010851378
pose_novelty,Bowl,9,0,5,0.6458666666666667,0.7821502244073472,0.6458666666666667,0.3930164334693078,6.616835774171528
pose_novelty,Bowl,10,0,0,0.13056666666666666,0.23097561694725358,0.13056666666666666,0.07331810565069277,28.74035976668446
pose_novelty,Bowl,10,0,1,0.20636666666666667,0.34212925865546684,0.20636666666666667,0.1640691571426924,16.079131726155797
pose_novelty,Bowl,10,0,2,0.3379333333333333,0.5051572076336638,0.3379333333333333,0.22187664446182587,10.430915433163644
pose_novelty,Bowl,10,0,3,0.4737,0.6428716835176767,0.4737,0.3061524119506351,7.58309077121928
pose_novelty,Bowl,10,0,4,0.5871,0.7393716234830102,0.5871,0.4051980409461858,6.879467917557646
pose_novelty,Bowl,10,0,5,0.7921333333333334,0.8770317027777054,0.7921333333333334,0.4729340815149222,5.470451674577629
pose_novelty,Bowl,5,0,0,0.1464,0.25540823447313327,0.1464,0.12500942025251996,24.337490441049923
pose_novelty,Bowl,5,0,1,0.3478333333333333,0.5161370100160751,0.3478333333333333,0.19639476926578306,10.103533848945453
pose_novelty,Bowl,5,0,2,0.49033333333333334,0.6580183404160144,0.49033333333333334,0.25930863082817746,7.738348176785216
pose_novelty,Bowl,5,0,3,0.49323333333333336,0.6606245953970132,0.49323333333333336,0.2962450918757258,7.765871026181731
pose_novelty,Bowl,5,0,4,0.6143666666666666,0.7606162459368361,0.6143666666666666,0.39888453496377835,6.2863143880502514
pose_novelty,Bowl,5,0,5,0.7340333333333333,0.8455366571688238,0.7340333333333333,0.46982027633455353,5.585086926922951
pose_novelty,Bowl,11,0,0,0.14916666666666667,0.25144863915715543,0.14916666666666667,0.11544410090357433,20.56640360895554
pose_novelty,Bowl,11,0,1,0.33573333333333333,0.48931307240609917,0.33573333333333333,0.22131995751227462,10.545513945394852
pose_novelty,Bowl,11,0,2,0.4404,0.5969777723008672,0.4404,0.293291982193629,9.377105850200149
pose_novelty,Bowl,11,0,3,0.6494666666666666,0.7723182189488638,0.6494666666666666,0.3972078877618374,6.541991108488831
pose_novelty,Bowl,11,0,4,0.6835,0.7897133464459583,0.6835,0.45808797506083965,6.5153275946785385
pose_novelty,Bowl,11,0,5,0.7723333333333333,0.8512974132591693,0.7723333333333333,0.5097618455801372,5.648612675595282
pose_novelty,Bowl,0,0,0,0.2275,0.37067209775967414,0.2275,0.10805287727237904,17.199486013253825
pose_novelty,Bowl,0,0,1,0.23886666666666667,0.37906628817395294,0.23886666666666667,0.1646422294908033,17.36829103379525
pose_novelty,Bowl,0,0,2,0.27836666666666665,0.4296733548310955,0.27836666666666665,0.20960986099070883,13.77651259908803
pose_novelty,Bowl,0,0,3,0.4713,0.630487108885144,0.4713,0.2923415948421029,8.482320247958633
pose_novelty,Bowl,0,0,4,0.5107666666666667,0.6669029627836597,0.5107666666666667,0.341600018754824,7.784738063441371
pose_novelty,Bowl,0,0,5,0.5537,0.7041673074602876,0.5537,0.3911509873125148,6.824353429992272
pose_novelty,Cube,8,0,0,0.17773333333333333,0.30182271029095437,0.17773333333333333,0.02490986261363172,20.477832961424475
pose_novelty,Cube,8,0,1,0.3224,0.48759830611010285,0.3224,0.04756109017126397,14.128288069736259
pose_novelty,Cube,8,0,2,0.33116666666666666,0.4975585326155002,0.33116666666666666,0.07269815636651626,14.080917321873777
pose_novelty,Cube,8,0,3,0.4915,0.6538289305963685,0.4915,0.09554240887870961,10.226221500344838
pose_novelty,Cube,8,0,4,0.6566,0.780936228817618,0.6566,0.12046346959870338,6.725527473705313
pose_novelty,Cube,8,0,5,0.6649666666666667,0.7641227276998472,0.6649666666666667,0.14311097199635023,7.323531001322338
pose_novelty,Cube,13,0,0,0.21983333333333333,0.3604317529717174,0.21983333333333333,0.026688397361670717,19.625289293515497
pose_novelty,Cube,13,0,1,0.46416666666666667,0.6340352874217416,0.46416666666666667,0.05185632722169419,10.547786560597828
pose_novelty,Cube,13,0,2,0.6222666666666666,0.7671570641900222,0.6222666666666666,0.07702429185082277,7.564320111782311
pose_novelty,Cube,13,0,3,0.8823666666666666,0.9375077473393424,0.8823666666666666,0.10567831359947497,4.276687395249041
pose_novelty,Cube,13,0,4,0.8972,0.9458148850938225,0.8972,0.12444112360440482,4.321306097094378
pose_novelty,Cube,13,0,5,0.9025666666666666,0.9487884787217268,0.9025666666666666,0.14542184738264458,4.232572110841325
pose_novelty,Cube,4,0,0,0.2898,0.44864678234914124,0.2898,0.02939004597090049,18.328451001269855
pose_novelty,Cube,4,0,1,0.4940333333333333,0.6604611556302097,0.4940333333333333,0.057264793619439536,10.233440832453486
pose_novelty,Cube,4,0,2,0.6487666666666667,0.7860623608300896,0.6487666666666667,0.0855533920582467,6.940584241522072
pose_novelty,Cube,4,0,3,0.6956666666666667,0.7504374123896237,0.6956666666666667,0.11224256244693265,8.153501881098917
pose_novelty,Cube,4,0,4,0.8121333333333334,0.8241971506544941,0.8121333333333334,0.13733032613565127,7.060385248938952
pose_novelty,Cube,4,0,5,0.8405,0.8507633683516547,0.8405,0.1591826610687774,6.427469204992412
pose_novelty,Cube,1,0,0,0.3661333333333333,0.536014054265079,0.3661333333333333,0.029754562428498096,14.311297155185963
pose_novelty,Cube,1,0,1,0.37703333333333333,0.5476023335189175,0.37703333333333333,0.055298837595357135,14.23686834158281
pose_novelty,Cube,1,0,2,0.49206666666666665,0.6595773200482552,0.49206666666666665,0.0783753397755457,10.655805143870879
pose_novelty,Cube,1,0,3,0.4972,0.6641731231632381,0.4972,0.10117336921872296,10.60806439625492
pose_novelty,Cube,1,0,4,0.6107,0.7583038430496057,0.6107,0.12741918699855112,8.419372901045042
pose_novelty,Cube,1,0,5,0.6642666666666667,0.798269508091652,0.6642666666666667,0.15136699821361338,7.549807999603358
pose_novelty,Cube,12,0,0,0.25916666666666666,0.41164791528788874,0.25916666666666666,0.02865017546961271,17.105184281018502
pose_novelty,Cube,12,0,1,0.46336666666666665,0.62865920224816,0.46336666666666665,0.053545590042439924,10.742563036427342
pose_novelty,Cube,12,0,2,0.6303666666666666,0.7684247885121421,0.6303666666666666,0.08231758810234946,7.116569153573473
pose_novelty,Cube,12,0,3,0.6436666666666667,0.7792020760662113,0.6436666666666667,0.10713329380685457,6.739618575977049
pose_novelty,Cube,12,0,4,0.6891333333333334,0.8122922205639335,0.6891333333333334,0.13064206709739992,6.3455923491065676
pose_novelty,Cube,12,0,5,0.7128,0.8291116367342788,0.7128,0.1529660010864455,5.999250758962025
pose_novelty,Cube,7,0,0,0.08696666666666666,0.14526554959627638,0.08696666666666666,0.027201768810523583,26.14842704991913
pose_novelty,Cube,7,0,1,0.2502333333333333,0.36337457171091475,0.2502333333333333,0.054681554288108995,18.797487801754183
pose_novelty,Cube,7,0,2,0.37156666666666666,0.5021830618376346,0.37156666666666666,0.07736115559735034,13.244726556587887
pose_novelty,Cube,7,0,3,0.4937666666666667,0.6223839762056885,0.4937666666666667,0.10058343102222801,9.969792395742461
pose_novelty,Cube,7,0,4,0.5655,0.6869290142983677,0.5655,0.12201639586266022,8.540745810464028
pose_novelty,Cube,7,0,5,0.7392666666666666,0.8118742590825766,0.7392666666666666,0.1479042844084706,6.070661563927834
pose_novelty,Cube,14,0,0,0.2702333333333333,0.4254861311570053,0.2702333333333333,0.0262179276770345,18.033151435898066
pose_novelty,Cube,14,0,1,0.2774,0.43431971191482693,0.2774,0.04911270493684991,17.75795012566417
pose_novelty,Cube,14,0,2,0.40826666666666667,0.5567561951270197,0.40826666666666667,0.07538366863240645,10.393796944611259
pose_novelty,Cube,14,0,3,0.5658666666666666,0.6951122550879996,0.5658666666666666,0.10310148517930362,7.3548694219028
pose_novelty,Cube,14,0,4,0.7024666666666667,0.7981862986909382,0.7024666666666667,0.12467376524798016,5.9043160510433275
pose_novelty,Cube,14,0,5,0.7093666666666667,0.8038268521535407,0.7093666666666667,0.14701286243243275,6.022985037106911
pose_novelty,Cube,2,0,0,0.10363333333333333,0.18272884254652677,0.10363333333333333,0.022136414996812515,29.21737791822152
pose_novelty,Cube,2,0,1,0.1507,0.25654163829444393,0.1507,0.04048516730595006,26.303858685733513
pose_novelty,Cube,2,0,2,0.4527333333333333,0.6089995660768527,0.4527333333333333,0.06734267895327681,11.783598707319149
pose_novelty,Cube,2,0,3,0.6043333333333333,0.7379334516716224,0.6043333333333333,0.09250628641087615,8.970182207144966
pose_novelty,Cube,2,0,4,0.6617,0.7801316751143822,0.6617,0.11355055804256607,6.971469339057245
pose_novelty,Cube,2,0,5,0.8071,0.876354398228804,0.8071,0.13802155386335407,5.594270002979087
pose_novelty,Cube,6,0,0,0.31306666666666666,0.47684809098294073,0.31306666666666666,0.030165925279461173,15.872777399130705
pose_novelty,Cube,6,0,1,0.549,0.7088444157520982,0.549,0.059641178291659026,9.741976640416064
pose_novelty,Cube,6,0,2,0.554,0.7123197249677696,0.554,0.0847476383385684,9.688990467240046
pose_novelty,Cube,6,0,3,0.7392666666666666,0.8492896630684232,0.7392666666666666,0.10959787767446359,5.753098207562113
pose_novelty,Cube,6,0,4,0.8456,0.9155951297442723,0.8456,0.13290220441593872,4.748584115007283
pose_novelty,Cube,6,0,5,0.8508333333333333,0.9187705431580543,0.8508333333333333,0.15040639902932945,4.692029905653128
pose_novelty,Cube,3,0,0,0.23543333333333333,0.3811348244880339,0.23543333333333333,0.027304995666152892,20.45583711666264
pose_novelty,Cube,3,0,1,0.3310666666666667,0.43967238144875825,0.3310666666666667,0.053265200034442337,15.658771446690908
pose_novelty,Cube,3,0,2,0.5253,0.6235880564173278,0.5253,0.07920705455432976,10.793780941380097
pose_novelty,Cube,3,0,3,0.5417666666666666,0.6488816587257525,0.5417666666666666,0.10378725581001266,10.04794342215359
pose_novelty,Cube,3,0,4,0.7616666666666667,0.8016293428500656,0.7616666666666667,0.13159678548904877,6.709499797934178
pose_novelty,Cube,3,0,5,0.7974333333333333,0.8347425582235933,0.7974333333333333,0.15455305037763434,6.030703166092116
pose_novelty,Cube,9,0,0,0.2765666666666667,0.43168516314924765,0.2765666666666667,0.029264911732109856,17.45987678136968
pose_novelty,Cube,9,0,1,0.3547666666666667,0.5224983724073511,0.3547666666666667,0.053856737540111894,14.464741097514882
pose_novelty,Cube,9,0,2,0.5664666666666667,0.7216204397504532,0.5664666666666667,0.08047911502209582,8.373140208224926
pose_novelty,Cube,9,0,3,0.7847666666666666,0.8777345921263889,0.7847666666666666,0.10791835947712644,4.926555753799708
pose_novelty,Cube,9,0,4,0.8863666666666666,0.9382084656055076,0.8863666666666666,0.13493522420407783,4.3360301583969845
pose_novelty,Cube,9,0,5,0.9069333333333334,0.939667016468057,0.9069333333333334,0.1566620971377571,4.553782616998552
pose_novelty,Cube,10,0,0,0.25116666666666665,0.3921929847929393,0.25116666666666665,0.028527532113095368,18.881311560294424
pose_novelty,Cube,10,0,1,0.3248333333333333,0.4826910768102563,0.3248333333333333,0.05291824742813134,16.455903443189722
pose_novelty,Cube,10,0,2,0.36566666666666664,0.5294383292942316,0.36566666666666664,0.07431672935498172,15.457238140679657
pose_novelty,Cube,10,0,3,0.40696666666666664,0.5715494497357264,0.40696666666666664,0.09259292778036213,14.690954640196885
pose_novelty,Cube,10,0,4,0.5370333333333334,0.6902505792008422,0.5370333333333334,0.12230375086751295,10.222492810954826
pose_novelty,Cube,10,0,5,0.7493333333333333,0.8464512960080995,0.7493333333333333,0.14351494828652034,6.030197927758692
pose_novelty,Cube,5,0,0,0.1439,0.2515954191799983,0.1439,0.021075632584931066,26.905502230801204
pose_novelty,Cube,5,0,1,0.1973,0.3292767412527584,0.1973,0.03980544077373318,25.173340593383188
pose_novelty,Cube,5,0,2,0.40536666666666665,0.5763659431432908,0.40536666666666665,0.06687090481796999,14.15643918834934
pose_novelty,Cube,5,0,3,0.40896666666666665,0.5784522497498774,0.40896666666666665,0.08860437895007511,14.435187465123203
pose_novelty,Cube,5,0,4,0.457,0.6254007582834515,0.457,0.11316158608104077,12.254279893130352
pose_novelty,Cube,5,0,5,0.6391333333333333,0.7769439904983795,0.6391333333333333,0.1388155802551593,7.542759105542653
pose_novelty,Cube,11,0,0,0.3194666666666667,0.4842360549717058,0.3194666666666667,0.02946991169649294,16.24595894604475
pose_novelty,Cube,11,0,1,0.3574333333333333,0.5266311421064264,0.3574333333333333,0.05369281058458919,14.933586933786923
pose_novelty,Cube,11,0,2,0.5073,0.6723622046189952,0.5073,0.07474708830383013,9.051229085418383
pose_novelty,Cube,11,0,3,0.5234,0.6865131176482411,0.5234,0.09487899757439491,8.935017346252165
pose_novelty,Cube,11,0,4,0.5865,0.7387967402759384,0.5865,0.1166161926192145,8.253391662099846
pose_novelty,Cube,11,0,5,0.6691333333333334,0.7757588848505153,0.6691333333333334,0.13885112747654385,7.230850508073497
pose_novelty,Cube,0,0,0,0.16996666666666665,0.29054958830735916,0.16996666666666665,0.023026752362169365,27.026487656286236
pose_novelty,Cube,0,0,1,0.37733333333333335,0.547918683446273,0.37733333333333335,0.04804310417332278,14.184409423664949
pose_novelty,Cube,0,0,2,0.4911,0.658708336127691,0.4911,0.07464666444198399,10.085964799619807
pose_novelty,Cube,0,0,3,0.5758,0.730803401446884,0.5758,0.09912733534714173,8.473404088961287
pose_novelty,Cube,0,0,4,0.7067,0.8281478877365676,0.7067,0.12332548200585343,6.667419793497692
pose_novelty,Cube,0,0,5,0.8416,0.9139878366637706,0.8416,0.14585557324462275,4.639108305329567
pose_novelty,Thin_Irregular,8,0,0,0.11483333333333333,0.18420940359340027,0.11483333333333333,0.4520053143975737,25.954654398097702
pose_novelty,Thin_Irregular,8,0,1,0.17523333333333332,0.24352524490324423,0.17523333333333332,0.47341640109990846,24.77932141058637
pose_novelty,Thin_Irregular,8,0,2,0.3841,0.47350322483054513,0.3841,0.6632957303408386,16.536367912632667
pose_novelty,Thin_Irregular,8,0,3,0.41613333333333336,0.5242549774137886,0.41613333333333336,0.7964218535596923,15.071686061356782
pose_novelty,Thin_Irregular,8,0,4,0.5638,0.6487009900459979,0.5638,0.9541206541306795,10.048131160879217
pose_novelty,Thin_Irregular,8,0,5,0.5818666666666666,0.6733201845434105,0.5818666666666666,0.9541206541306795,9.550587977841461
pose_novelty,Thin_Irregular,13,0,0,0.29723333333333335,0.45825731685381715,0.29723333333333335,0.4366126708191086,20.57812092349087
pose_novelty,Thin_Irregular,13,0,1,0.4454666666666667,0.6163638040771147,0.4454666666666667,0.774850622973516,13.826743281335187
pose_novelty,Thin_Irregular,13,0,2,0.6748666666666666,0.8058750945348884,0.6748666666666666,0.9331691203835194,7.448852165447441
pose_novelty,Thin_Irregular,13,0,3,0.7392666666666666,0.8500900762773583,0.7392666666666666,0.9549643934043898,6.318547619208415
pose_novelty,Thin_Irregular,13,0,4,0.7794333333333333,0.8746037555058636,0.7794333333333333,0.9549643934043898,5.899684613562102
pose_novelty,Thin_Irregular,13,0,5,0.7907666666666666,0.881926528632792,0.7907666666666666,0.9549643934043898,5.642039880532582
pose_novelty,Thin_Irregular,4,0,0,0.3568,0.5259433962264151,0.3568,0.4580955779271023,18.81048370507737
pose_novelty,Thin_Irregular,4,0,1,0.3773,0.5450328051492561,0.3773,0.5056180240891882,18.688138367461548
pose_novelty,Thin_Irregular,4,0,2,0.6116666666666667,0.7532953214934238,0.6116666666666667,0.8210637617646593,8.758114441775916
pose_novelty,Thin_Irregular,4,0,3,0.6919333333333333,0.8130306638074682,0.6919333333333333,0.9329059072892176,7.4298005942011
pose_novelty,Thin_Irregular,4,0,4,0.8119333333333333,0.8911123853869757,0.8119333333333333,0.9886855707190861,5.489837949017477
pose_novelty,Thin_Irregular,4,0,5,0.8662666666666666,0.9237123150829296,0.8662666666666666,0.999398162556928,5.033158904067007
pose_novelty,Thin_Irregular,1,0,0,0.2698333333333333,0.42499015618847613,0.2698333333333333,0.499141043714324,23.77791606287659
pose_novelty,Thin_Irregular,1,0,1,0.40763333333333335,0.5791754481517442,0.40763333333333335,0.6574595411243275,16.786862093502034
pose_novelty,Thin_Irregular,1,0,2,0.6646333333333333,0.7974885272186936,0.6646333333333333,0.8639980919375198,7.805218386110686
pose_novelty,Thin_Irregular,1,0,3,0.7385666666666667,0.8487644878067199,0.7385666666666667,0.8659361091417332,6.780391378103658
pose_novelty,Thin_Irregular,1,0,4,0.8657666666666667,0.9268163978207173,0.8657666666666667,0.9994370785645554,4.997512508773338
pose_novelty,Thin_Irregular,1,0,5,0.9039,0.9484119656551384,0.9039,1.0,4.603292429332223
pose_novelty,Thin_Irregular,12,0,0,0.3023,0.4638088138208779,0.3023,0.4474268645346019,22.800906983139328
pose_novelty,Thin_Irregular,12,0,1,0.394,0.5020167344321899,0.394,0.7857139695075839,15.118667670946586
pose_novelty,Thin_Irregular,12,0,2,0.5305333333333333,0.6143612538584851,0.5305333333333333,0.9421927553505236,11.601747032001986
pose_novelty,Thin_Irregular,12,0,3,0.612,0.6901747751725197,0.612,0.9457976146275683,9.894274279804726
pose_novelty,Thin_Irregular,12,0,4,0.7591,0.7933829995254459,0.7591,0.9993515802495684,7.615347381505086
pose_novelty,Thin_Irregular,12,0,5,0.7666333333333334,0.8073451558073942,0.7666333333333334,0.9998525415442759,7.347451168276668
pose_novelty,Thin_Irregular,7,0,0,0.049933333333333337,0.08378774385723248,0.049933333333333337,0.49513711026369545,37.075311455751596
pose_novelty,Thin_Irregular,7,0,1,0.2829333333333333,0.39293062299399223,0.2829333333333333,0.5416626149677154,21.48409823816202
pose_novelty,Thin_Irregular,7,0,2,0.3033,0.4321315478127745,0.3033,0.6517142017437841,19.771214368341372
pose_novelty,Thin_Irregular,7,0,3,0.34796666666666665,0.48560131451904043,0.34796666666666665,0.654554352798093,18.307267169822143
pose_novelty,Thin_Irregular,7,0,4,0.49246666666666666,0.621003399251719,0.49246666666666666,0.8455311824297247,13.156138842717723
pose_novelty,Thin_Irregular,7,0,5,0.6394666666666666,0.7355473300385313,0.6394666666666666,0.996652292141107,8.610644602282887
pose_novelty,Thin_Irregular,14,0,0,0.13896666666666666,0.244022359448623,0.13896666666666666,0.3868575088396164,33.048018410832185
pose_novelty,Thin_Irregular,14,0,1,0.3375,0.5029344220464405,0.3375,0.8199865414213373,16.83550876225126
pose_novelty,Thin_Irregular,14,0,2,0.5488666666666666,0.7068708773483146,0.5488666666666666,0.8649185480748531,9.907596593819676
pose_novelty,Thin_Irregular,14,0,3,0.7629666666666667,0.8636070592364,0.7629666666666667,0.9998525415442759,5.879642533524336
pose_novelty,Thin_Irregular,14,0,4,0.7971333333333334,0.8850306387215581,0.7971333333333334,0.9999016943628507,5.650896650873269
pose_novelty,Thin_Irregular,14,0,5,0.8023333333333333,0.8874541726133057,0.8023333333333333,0.9999016943628507,5.564346823149595
pose_novelty,Thin_Irregular,2,0,0,0.0889,0.15545311814035168,0.0889,0.48122817202259455,38.727911615609514
pose_novelty,Thin_Irregular,2,0,1,0.16806666666666667,0.2535141456581918,0.16806666666666667,0.763917221583061,29.474885426391758
pose_novelty,Thin_Irregular,2,0,2,0.39686666666666665,0.5040094970749026,0.39686666666666665,0.7857616474225059,16.472479426677058
pose_novelty,Thin_Irregular,2,0,3,0.5662666666666667,0.6391539612859946,0.5662666666666667,0.9772197986760652,10.865451919443439
pose_novelty,Thin_Irregular,2,0,4,0.7028,0.7426890892080443,0.7028,0.9994964681940773,8.37917523933303
pose_novelty,Thin_Irregular,2,0,5,0.7605,0.7906293739436604,0.7605,0.9994964681940773,7.503832994048816
pose_novelty,Thin_Irregular,6,0,0,0.0443,0.07219226708800669,0.0443,0.49655644956441103,46.06284650689086
pose_novelty,Thin_Irregular,6,0,1,0.21766666666666667,0.3163480751329695,0.21766666666666667,0.52024058697092,29.016219076014114
pose_novelty,Thin_Irregular,6,0,2,0.28503333333333336,0.40760721866126787,0.28503333333333336,0.630243020928414,24.693706078153497
pose_novelty,Thin_Irregular,6,0,3,0.4426,0.5624631864810549,0.4426,0.8630584040366613,15.305233813770728
pose_novelty,Thin_Irregular,6,0,4,0.6403,0.7196421067034137,0.6403,0.9994935184488258,9.067794256760687
pose_novelty,Thin_Irregular,6,0,5,0.6488666666666667,0.7311484259400363,0.6488666666666667,0.9994935184488258,8.860170094533201
pose_novelty,Thin_Irregular,3,0,0,0.17556666666666668,0.2986928289902742,0.17556666666666668,0.38662007256354847,27.795951128806035
pose_novelty,Thin_Irregular,3,0,1,0.20056666666666667,0.28351918539710996,0.20056666666666667,0.6871364862540857,25.602892869221286
pose_novelty,Thin_Irregular,3,0,2,0.351,0.4573262817513665,0.351,0.7971389202115797,20.483792540291176
pose_novelty,Thin_Irregular,3,0,3,0.48846666666666666,0.5928318866494551,0.48846666666666666,0.8660423507255347,13.078249460785297
pose_novelty,Thin_Irregular,3,0,4,0.6864,0.7390556949110891,0.6864,0.9994935184488256,8.088586241640394
pose_novelty,Thin_Irregular,3,0,5,0.6958,0.7540429732754477,0.6958,0.9996020608969222,7.848526923569906
pose_novelty,Thin_Irregular,9,0,0,0.21733333333333332,0.35706462212486306,0.21733333333333332,0.35906075342246346,28.82600918288509
pose_novelty,Thin_Irregular,9,0,1,0.5233333333333333,0.687089715536105,0.5233333333333333,0.6627381549914266,11.488450858894124
pose_novelty,Thin_Irregular,9,0,2,0.5825,0.7218497285394283,0.5825,0.978385220495677,9.248453518368681
pose_novelty,Thin_Irregular,9,0,3,0.7898,0.86687522207415,0.7898,0.978385220495677,5.693715609222734
pose_novelty,Thin_Irregular,9,0,4,0.8347,0.8955484326703061,0.8347,0.9995529080783475,5.284666173071585
pose_novelty,Thin_Irregular,9,0,5,0.8494,0.9032968997411831,0.8494,0.9995529080783475,5.235828671512521
pose_novelty,Thin_Irregular,10,0,0,0.2685,0.4222912395581531,0.2685,0.3893425080968242,23.281099430178365
pose_novelty,Thin_Irregular,10,0,1,0.2956,0.45545309950982293,0.2956,0.39104577054128203,21.542770712069217
pose_novelty,Thin_Irregular,10,0,2,0.36973333333333336,0.5388756097087002,0.36973333333333336,0.657635532789812,18.230891481389982
pose_novelty,Thin_Irregular,10,0,3,0.4583,0.6268034325775862,0.4583,0.657635532789812,14.525126498343349
pose_novelty,Thin_Irregular,10,0,4,0.5222333333333333,0.68420902707169,0.5222333333333333,0.680476900087323,12.689964546411169
pose_novelty,Thin_Irregular,10,0,5,0.6293666666666666,0.7696276250584619,0.6293666666666666,0.8632801643365682,8.22546597034509
pose_novelty,Thin_Irregular,5,0,0,0.0456,0.07689713322091063,0.0456,0.47220427497104417,42.71996652277145
pose_novelty,Thin_Irregular,5,0,1,0.21403333333333333,0.3206470999483258,0.21403333333333333,0.4950947950871297,28.380466243854674
pose_novelty,Thin_Irregular,5,0,2,0.314,0.44796668885134555,0.314,0.6070043898290759,23.546231529669203
pose_novelty,Thin_Irregular,5,0,3,0.43466666666666665,0.5727208163570441,0.43466666666666665,0.65387184317559,17.609974993177417
pose_novelty,Thin_Irregular,5,0,4,0.5637333333333333,0.6862952792045514,0.5637333333333333,0.8097099992090439,12.024599337735873
pose_novelty,Thin_Irregular,5,0,5,0.5993,0.7152215933485159,0.5993,0.8335700534058234,11.366665995470203
pose_novelty,Thin_Irregular,11,0,0,0.22893333333333332,0.3725724205272865,0.22893333333333332,0.4781419596972961,23.056018266436585
pose_novelty,Thin_Irregular,11,0,1,0.3917,0.5617951539569856,0.3917,0.7489019042358113,13.04850136925929
pose_novelty,Thin_Irregular,11,0,2,0.42323333333333335,0.5639091008172719,0.42323333333333335,0.7489019042358113,13.379917457374065
pose_novelty,Thin_Irregular,11,0,3,0.5045666666666667,0.6422339333868535,0.5045666666666667,0.7507416158028755,12.031931251939868
pose_novelty,Thin_Irregular,11,0,4,0.6190333333333333,0.7364203251438318,0.6190333333333333,0.9053806900787507,9.507287847869021
pose_novelty,Thin_Irregular,11,0,5,0.7661,0.8374458285390959,0.7661,0.9529680137448059,6.336951268984632
pose_novelty,Thin_Irregular,0,0,0,0.1702,0.29059280287317557,0.1702,0.47210885176944767,31.966738744530474
pose_novelty,Thin_Irregular,0,0,1,0.241,0.3881652244155857,0.241,0.4932634949808324,27.13484603396777
pose_novelty,Thin_Irregular,0,0,2,0.3143666666666667,0.4392785274100076,0.3143666666666667,0.6852949017017032,17.575852450113135
pose_novelty,Thin_Irregular,0,0,3,0.5031,0.6167616118106037,0.5031,0.8646934784660081,12.352902554042481
pose_novelty,Thin_Irregular,0,0,4,0.667,0.7455104987037044,0.667,0.9975864325395877,8.13152703718157
pose_novelty,Thin_Irregular,0,0,5,0.7164,0.7830133816452363,0.7164,0.9975864325395877,7.693999700312518
ray_gpis,green_Pepper,8,0,0,0.17653333333333332,0.30009066183136895,0.17653333333333332,0.025331942046531053,24.660143910978903
ray_gpis,green_Pepper,8,0,1,0.20856666666666668,0.29911924274436447,0.20856666666666668,0.049746227054374155,27.502677994641747
ray_gpis,green_Pepper,8,0,2,0.4012,0.5012129617399727,0.4012,0.0753927850135384,18.012081529026737
ray_gpis,green_Pepper,8,0,3,0.6034333333333334,0.6683385233083283,0.6034333333333334,0.10069455470832973,11.313292205335511
ray_gpis,green_Pepper,8,0,4,0.6091333333333333,0.621223258270021,0.6091333333333333,0.12585721501071162,11.868276224728382
ray_gpis,green_Pepper,8,0,5,0.7749333333333334,0.7273799209639918,0.7749333333333334,0.14858284547872644,9.16832344775999
ray_gpis,green_Pepper,13,0,0,0.24973333333333333,0.3996585938333511,0.24973333333333333,0.025173419059472523,21.987050723367314
ray_gpis,green_Pepper,13,0,1,0.38903333333333334,0.5601497444265796,0.38903333333333334,0.051244515649817045,15.560831558971197
ray_gpis,green_Pepper,13,0,2,0.42336666666666667,0.5948806819512423,0.42336666666666667,0.07485915127810623,13.8089333852315
ray_gpis,green_Pepper,13,0,3,0.6224666666666666,0.7662060022501413,0.6224666666666666,0.098515246888556,7.437933130462223
ray_gpis,green_Pepper,13,0,4,0.7192333333333333,0.8356000727525134,0.7192333333333333,0.12084770544906119,5.753715145173672
ray_gpis,green_Pepper,13,0,5,0.8210666666666666,0.8990509598203206,0.8210666666666666,0.14381120009398485,4.947767276321062
ray_gpis,green_Pepper,4,0,0,0.26153333333333334,0.41462770173862495,0.26153333333333334,0.025980856380777725,19.402332364458942
ray_gpis,green_Pepper,4,0,1,0.4241,0.5927684548830429,0.4241,0.051001357425053837,13.343502845523403
ray_gpis,green_Pepper,4,0,2,0.5377666666666666,0.6965214353938444,0.5377666666666666,0.07475464765125174,10.325070172719515
ray_gpis,green_Pepper,4,0,3,0.7902333333333333,0.879631461233458,0.7902333333333333,0.10153853902094938,5.252978175054925
ray_gpis,green_Pepper,4,0,4,0.8067,0.8903634210807826,0.8067,0.12531571496500138,4.984495038103281
ray_gpis,green_Pepper,4,0,5,0.8247,0.901460151401026,0.8247,0.14755989897778016,4.867424911243495
ray_gpis,green_Pepper,1,0,0,0.25533333333333336,0.4067976633032395,0.25533333333333336,0.026098971174773278,18.578227511008286
ray_gpis,green_Pepper,1,0,1,0.26653333333333334,0.4196928751285598,0.26653333333333334,0.04927147505143261,18.364398493245886
ray_gpis,green_Pepper,1,0,2,0.4565,0.625264756644805,0.4565,0.07382515787281377,12.367175845055499
ray_gpis,green_Pepper,1,0,3,0.4586,0.6264419733776833,0.4586,0.09646805326895415,12.526723783444238
ray_gpis,green_Pepper,1,0,4,0.5953,0.7433024187227587,0.5953,0.11890104639562955,8.458785765203018
ray_gpis,green_Pepper,1,0,5,0.7209333333333333,0.8345845859512677,0.7209333333333333,0.14187197243990926,5.94212093371093
ray_gpis,green_Pepper,12,0,0,0.22476666666666667,0.3670358979941758,0.22476666666666667,0.026339008079423288,22.10629933507831
ray_gpis,green_Pepper,12,0,1,0.4429,0.6139025573497817,0.4429,0.05164083170070452,13.078188736636305
ray_gpis,green_Pepper,12,0,2,0.4911,0.658708336127691,0.4911,0.07598082084084819,11.637399029935885
ray_gpis,green_Pepper,12,0,3,0.6766666666666666,0.8071570576540755,0.6766666666666666,0.10175293820126165,7.261451337612561
ray_gpis,green_Pepper,12,0,4,0.8397,0.9128662281893787,0.8397,0.12894242492414032,5.14288531670983
ray_gpis,green_Pepper,12,0,5,0.8532,0.9207856680336715,0.8532,0.15249360742657336,4.982021888965202
ray_gpis,green_Pepper,7,0,0,0.27216666666666667,0.42787894667889426,0.27216666666666667,0.027815744430831364,18.105985173062248
ray_gpis,green_Pepper,7,0,1,0.4423,0.611800599622593,0.4423,0.05390247838570824,12.979135809683736
ray_gpis,green_Pepper,7,0,2,0.5005,0.6413292095531458,0.5005,0.07846846924012896,10.307997519262148
ray_gpis,green_Pepper,7,0,3,0.7502,0.822901118109102,0.7502,0.10413777676567199,6.368674760975423
ray_gpis,green_Pepper,7,0,4,0.8126,0.8661299040453636,0.8126,0.1285320670528674,5.782226787311252
ray_gpis,green_Pepper,7,0,5,0.8470333333333333,0.8909434972166449,0.8470333333333333,0.15108598374575938,5.421342655240648
ray_gpis,green_Pepper,14,0,0,0.20273333333333332,0.33712100216174273,0.20273333333333332,0.02698450674092895,23.31549234960228
ray_gpis,green_Pepper,14,0,1,0.28813333333333335,0.4154861051726731,0.28813333333333335,0.050544339110236716,18.641769629722763
ray_gpis,green_Pepper,14,0,2,0.41756666666666664,0.5550455706385212,0.41756666666666664,0.07649345173638418,15.389833035406374
ray_gpis,green_Pepper,14,0,3,0.6254333333333333,0.7271240273873689,0.6254333333333333,0.10039243965930364,8.294446396129603
ray_gpis,green_Pepper,14,0,4,0.6782333333333334,0.7709819986085376,0.6782333333333334,0.12360210903360584,7.402969571356169
ray_gpis,green_Pepper,14,0,5,0.8728666666666667,0.8922256912891872,0.8728666666666667,0.1501812641755298,5.248668731857872
ray_gpis,green_Pepper,2,0,0,0.16713333333333333,0.2863997258239561,0.16713333333333333,0.024683568848033317,25.018098583724818
ray_gpis,green_Pepper,2,0,1,0.3479333333333333,0.5162470943172264,0.3479333333333333,0.046762819217509424,18.111796398864314
ray_gpis,green_Pepper,2,0,2,0.38,0.5507246376811594,0.38,0.06578255857983141,16.225524520251902
ray_gpis,green_Pepper,2,0,3,0.5489,0.7081368027654389,0.5489,0.09176025758327003,9.935853696451215
ray_gpis,green_Pepper,2,0,4,0.6254666666666666,0.7456733539537563,0.6254666666666666,0.1158643435520911,8.385387778851667
ray_gpis,green_Pepper,2,0,5,0.6964666666666667,0.7986455138177587,0.6964666666666667,0.13740848798594107,7.277079974122177
ray_gpis,green_Pepper,6,0,0,0.12366666666666666,0.2075495447616117,0.12366666666666666,0.025102028846483184,25.09846313409737
ray_gpis,green_Pepper,6,0,1,0.22003333333333333,0.34095168113443325,0.22003333333333333,0.046511186718224413,22.130487929125906
ray_gpis,green_Pepper,6,0,2,0.3449333333333333,0.4891451223547399,0.3449333333333333,0.07002263445240414,16.011563694158422
ray_gpis,green_Pepper,6,0,3,0.5298333333333334,0.6639255459398781,0.5298333333333334,0.09540773093793412,9.723506081750674
ray_gpis,green_Pepper,6,0,4,0.7067666666666667,0.7955470944769492,0.7067666666666667,0.1207470519199279,6.851578429902571
ray_gpis,green_Pepper,6,0,5,0.7475,0.826115682623581,0.7475,0.14419335042201598,6.262901991061129
ray_gpis,green_Pepper,3,0,0,0.22263333333333332,0.36418659178276397,0.22263333333333332,0.027600778660634248,23.288284315181244
ray_gpis,green_Pepper,3,0,1,0.3700333333333333,0.5401815040996569,0.3700333333333333,0.051996617536836195,16.269624990679944
ray_gpis,green_Pepper,3,0,2,0.5537333333333333,0.7127778254526732,0.5537333333333333,0.07798172111076637,9.811930485539637
ray_gpis,green_Pepper,3,0,3,0.6798333333333333,0.8094056950094255,0.6798333333333333,0.10284607594936386,6.863359077207934
ray_gpis,green_Pepper,3,0,4,0.8648333333333333,0.9275180981320941,0.8648333333333333,0.12560855336816623,4.489392548926355
ray_gpis,green_Pepper,3,0,5,0.9024333333333333,0.9487148038477039,0.9024333333333333,0.14765352673418322,4.087572292000634
ray_gpis,green_Pepper,9,0,0,0.19493333333333332,0.3262664583798259,0.19493333333333332,0.0237707732199727,20.438654582033635
ray_gpis,green_Pepper,9,0,1,0.24143333333333333,0.34810587839985024,0.24143333333333333,0.04981785575091899,18.96409257651825
ray_gpis,green_Pepper,9,0,2,0.4381,0.5585880329498766,0.4381,0.07334074159422976,14.498197237046268
ray_gpis,green_Pepper,9,0,3,0.4757,0.6013577329732583,0.4757,0.09563912621803546,13.072397484963895
ray_gpis,green_Pepper,9,0,4,0.5218333333333334,0.6435290198834333,0.5218333333333334,0.11712885964691974,11.36292319337671
ray_gpis,green_Pepper,9,0,5,0.7022333333333334,0.7729725726028948,0.7022333333333334,0.14284304418675633,7.361355313992518
ray_gpis,green_Pepper,10,0,0,0.2429,0.39086008528441546,0.2429,0.02421220969372436,20.290410201767745
ray_gpis,green_Pepper,10,0,1,0.2778,0.4348098293942714,0.2778,0.04576033141951649,19.38229606217521
ray_gpis,green_Pepper,10,0,2,0.47073333333333334,0.6401341734282217,0.47073333333333334,0.071059825855832,11.973200290594155
ray_gpis,green_Pepper,10,0,3,0.4849,0.6531079533975351,0.4849,0.09618416602035323,11.691954578240429
ray_gpis,green_Pepper,10,0,4,0.5391666666666667,0.7005955603681646,0.5391666666666667,0.11803435752407695,10.435729891582248
ray_gpis,green_Pepper,10,0,5,0.6744,0.8035036816275863,0.6744,0.14018991344877185,7.413547287924592
ray_gpis,green_Pepper,5,0,0,0.1866,0.31451205123883363,0.1866,0.02514446323693746,25.779263996254766
ray_gpis,green_Pepper,5,0,1,0.3484,0.5167606051616731,0.3484,0.051318613416328436,16.251677912470925
ray_gpis,green_Pepper,5,0,2,0.5089333333333333,0.6745603958646285,0.5089333333333333,0.07792566697462018,9.618973922678904
ray_gpis,green_Pepper,5,0,3,0.6462333333333333,0.7851053921072346,0.6462333333333333,0.10144260389636113,6.836589797657945
ray_gpis,green_Pepper,5,0,4,0.7233,0.8394359658794174,0.7233,0.12422818742904966,5.98004083823624
ray_gpis,green_Pepper,5,0,5,0.7668,0.8680099615123388,0.7668,0.14462952710289317,5.463683714429318
ray_gpis,green_Pepper,11,0,0,0.23796666666666666,0.38444761571393954,0.23796666666666666,0.026636637493141675,18.27247993096897
ray_gpis,green_Pepper,11,0,1,0.44016666666666665,0.6112718435366277,0.44016666666666665,0.05241435288097528,10.916247639453783
ray_gpis,green_Pepper,11,0,2,0.6340666666666667,0.7760597282852597,0.6340666666666667,0.07840221660754508,6.407838139940556
ray_gpis,green_Pepper,11,0,3,0.703,0.8256018790369936,0.703,0.10334626655824389,5.6611174962832305
ray_gpis,green_Pepper,11,0,4,0.8051,0.8920281424851809,0.8051,0.12693619685912488,4.939241634224663
ray_gpis,green_Pepper,11,0,5,0.8376333333333333,0.9116435995574018,0.8376333333333333,0.14705919968419753,4.736089321552765
ray_gpis,green_Pepper,0,0,0,0.23516666666666666,0.3807853191202267,0.23516666666666666,0.026892788068556377,21.036948665486307
ray_gpis,green_Pepper,0,0,1,0.4882666666666667,0.6561548109657768,0.4882666666666667,0.05185330823752731,11.287993034192647
ray_gpis,green_Pepper,0,0,2,0.7224,0.838829540176498,0.7224,0.07951905287534006,6.27602855472955
ray_gpis,green_Pepper,0,0,3,0.7269666666666666,0.8419000559748305,0.7269666666666666,0.10447611202789933,6.133357041648173
ray_gpis,green_Pepper,0,0,4,0.7904666666666667,0.8829727817701157,0.7904666666666667,0.127258769065752,5.428098033261243
ray_gpis,green_Pepper,0,0,5,0.8684,0.9295654035538429,0.8684,0.15247065941851337,4.866866845647781
ray_gpis,Corner,8,0,0,0.22656666666666667,0.36943229067587036,0.22656666666666667,0.01395916252323968,16.32794888727207
ray_gpis,Corner,8,0,1,0.4043,0.5696779945918292,0.4043,0.028412358585738887,10.858590712008693
ray_gpis,Corner,8,0,2,0.46123333333333333,0.6262391308554455,0.46123333333333333,0.041142867250551024,10.054202940584355
ray_gpis,Corner,8,0,3,0.5596333333333333,0.7125225231271151,0.5596333333333333,0.05502593412359981,8.591275348813616
ray_gpis,Corner,8,0,4,0.7319333333333333,0.8395792047855407,0.7319333333333333,0.06900340406518055,5.992783919401222
ray_gpis,Corner,8,0,5,0.871,0.9194023169631615,0.871,0.08310791054558242,4.733064901602272
ray_gpis,Corner,13,0,0,0.2784333333333333,0.435585221495059,0.2784333333333333,0.015361696013389875,18.74924806633235
ray_gpis,Corner,13,0,1,0.43856666666666666,0.6097272748337466,0.43856666666666666,0.02655261623269595,12.50078293443498
ray_gpis,Corner,13,0,2,0.5182666666666667,0.6026284847661004,0.5182666666666667,0.04243606139979552,11.372997001977794
ray_gpis,Corner,13,0,3,0.7998333333333333,0.7976593666593035,0.7998333333333333,0.05603359760443175,7.425350070987042
ray_gpis,Corner,13,0,4,0.8073333333333333,0.8191265179751179,0.8073333333333333,0.06663076411130375,6.85544329115823
ray_gpis,Corner,13,0,5,0.8408,0.8461418234036623,0.8408,0.07718633566340131,6.3967185267900515
ray_gpis,Corner,4,0,0,0.26256666666666667,0.41592523167093487,0.26256666666666667,0.01487784886162602,14.693079320834716
ray_gpis,Corner,4,0,1,0.4144,0.5829631539285289,0.4144,0.026754825099511256,10.730420923071696
ray_gpis,Corner,4,0,2,0.5305333333333333,0.6804952766153175,0.5305333333333333,0.04145992239814314,8.754544605915719
ray_gpis,Corner,4,0,3,0.6907666666666666,0.8047121183394578,0.6907666666666666,0.05617040210221595,6.517602760540338
ray_gpis,Corner,4,0,4,0.7025666666666667,0.7824221143200605,0.7025666666666667,0.06935609786145028,6.860185944059082
ray_gpis,Corner,4,0,5,0.7322333333333333,0.8055666336758369,0.7322333333333333,0.07966442829950948,6.407494051083347
ray_gpis,Corner,1,0,0,0.267,0.4214680347277033,0.267,0.01595855135772935,15.812157174313501
ray_gpis,Corner,1,0,1,0.3521666666666667,0.5194219441583201,0.3521666666666667,0.029931303584593505,13.421300110484488
ray_gpis,Corner,1,0,2,0.463,0.631339016757816,0.463,0.04160279153054164,10.75818650496947
ray_gpis,Corner,1,0,3,0.49523333333333336,0.6609403329091925,0.49523333333333336,0.05088403454041377,9.770574675761349
ray_gpis,Corner,1,0,4,0.5679666666666666,0.6977534791292316,0.5679666666666666,0.06392273292920743,8.737769813851413
ray_gpis,Corner,1,0,5,0.6862333333333334,0.7837734891288495,0.6862333333333334,0.07727030930192218,7.409559182466251
ray_gpis,Corner,12,0,0,0.2412,0.38865613922010955,0.2412,0.014781233655200033,21.688327946334454
ray_gpis,Corner,12,0,1,0.4592,0.6293859649122807,0.4592,0.028329480069499115,10.62168283972001
ray_gpis,Corner,12,0,2,0.4831666666666667,0.6515338802112597,0.4831666666666667,0.041110733214479944,10.21343929387283
ray_gpis,Corner,12,0,3,0.57,0.7261146496815287,0.57,0.05371963295923885,7.935851408032275
ray_gpis,Corner,12,0,4,0.6159,0.7622996472553996,0.6159,0.06590520488418601,7.04521786786491
ray_gpis,Corner,12,0,5,0.6956666666666667,0.8200483821357416,0.6956666666666667,0.0760462619583237,6.175574926839215
ray_gpis,Corner,7,0,0,0.25276666666666664,0.40353351249235025,0.25276666666666664,0.0147610122600415,20.086017616727407
ray_gpis,Corner,7,0,1,0.2543,0.405485131148848,0.2543,0.02777315203964255,20.004743289324875
ray_gpis,Corner,7,0,2,0.42506666666666665,0.5965568862275449,0.42506666666666665,0.041450441664132365,13.218992171451227
ray_gpis,Corner,7,0,3,0.6019,0.7514826143954054,0.6019,0.05446826186869828,7.407090847997518
ray_gpis,Corner,7,0,4,0.7215333333333334,0.8382449754095187,0.7215333333333334,0.06830156585104549,5.386120759770549
ray_gpis,Corner,7,0,5,0.7883666666666667,0.8816611060371661,0.7883666666666667,0.0818144209218422,4.665144470329225
ray_gpis,Corner,14,0,0,0.21596666666666667,0.3552180706707969,0.21596666666666667,0.012567667090866827,22.32835786201899
ray_gpis,Corner,14,0,1,0.32763333333333333,0.493559968866906,0.32763333333333333,0.02663581284023216,18.727001154517538
ray_gpis,Corner,14,0,2,0.5145,0.6794321558270056,0.5145,0.04089680211257586,10.54192165487474
ray_gpis,Corner,14,0,3,0.5145,0.648152014668082,0.5145,0.0522986154581841,11.619996713073126
ray_gpis,Corner,14,0,4,0.6995666666666667,0.7890757296630354,0.6995666666666667,0.06352582006937568,7.018374226520169
ray_gpis,Corner,14,0,5,0.8111666666666667,0.8606410488463011,0.8111666666666667,0.07728762326622807,5.856446524947365
ray_gpis,Corner,2,0,0,0.2056,0.3410749834107498,0.2056,0.012299470974613846,21.825286937414454
ray_gpis,Corner,2,0,1,0.40653333333333336,0.5780642714949284,0.40653333333333336,0.026355302792204934,11.806975041910007
ray_gpis,Corner,2,0,2,0.5250666666666667,0.6885819199160693,0.5250666666666667,0.039383605693667424,8.931407894241202
ray_gpis,Corner,2,0,3,0.6527666666666667,0.7899078313131517,0.6527666666666667,0.0529338013877015,7.096598714617784
ray_gpis,Corner,2,0,4,0.7856,0.8799283154121863,0.7856,0.0668778366288991,5.709684902828718
ray_gpis,Corner,2,0,5,0.8339,0.8742891272122957,0.8339,0.07879381481246388,5.519285366363941
ray_gpis,Corner,6,0,0,0.3471,0.5153292257441913,0.3471,0.016433290179153834,12.788511913261631
ray_gpis,Corner,6,0,1,0.5007333333333334,0.6673181999911155,0.5007333333333334,0.02987664146373056,9.670427351082312
ray_gpis,Corner,6,0,2,0.5973666666666667,0.7472577272385882,0.5973666666666667,0.04291209120041716,7.605732830683635
ray_gpis,Corner,6,0,3,0.749,0.8544565530834778,0.749,0.05779191745209192,5.867567650874403
ray_gpis,Corner,6,0,4,0.8401,0.9112029557577348,0.8401,0.07062695225785298,5.053944145363477
ray_gpis,Corner,6,0,5,0.9095666666666666,0.9509087802878146,0.9095666666666666,0.08384016308246452,4.601097179332467
ray_gpis,Corner,3,0,0,0.291,0.45081332300542215,0.291,0.013977482509515853,17.312115290103243
ray_gpis,Corner,3,0,1,0.4740333333333333,0.6431785803125212,0.4740333333333333,0.02605093207904409,10.64841590754332
ray_gpis,Corner,3,0,2,0.5818333333333333,0.7356442945948793,0.5818333333333333,0.040202206642381756,8.052023913760655
ray_gpis,Corner,3,0,3,0.6149666666666667,0.7615843464261388,0.6149666666666667,0.05231306915653518,7.593181782533787
ray_gpis,Corner,3,0,4,0.8140666666666667,0.8955908831906843,0.8140666666666667,0.06584391723995017,4.797646137114498
ray_gpis,Corner,3,0,5,0.836,0.9089951387172334,0.836,0.0760925096800801,4.58368510149456
ray_gpis,Corner,9,0,0,0.3046333333333333,0.46700222284677684,0.3046333333333333,0.015302807699686444,17.94553113302162
ray_gpis,Corner,9,0,1,0.3708666666666667,0.5374189434582305,0.3708666666666667,0.029070009513831083,16.020099810121263
ray_gpis,Corner,9,0,2,0.4835333333333333,0.6484490831304166,0.4835333333333333,0.04267888325272304,11.480482665580832
ray_gpis,Corner,9,0,3,0.6769333333333334,0.8031988126309754,0.6769333333333334,0.0563420124796704,7.077961856425879
ray_gpis,Corner,9,0,4,0.8125666666666667,0.8921809713950285,0.8125666666666667,0.06912633041294265,5.339342878412023
ray_gpis,Corner,9,0,5,0.8557,0.918276073444514,0.8557,0.079589981872138,4.9040913536605615
ray_gpis,Corner,10,0,0,0.27736666666666665,0.43427885493593593,0.27736666666666665,0.016179064632805214,13.979200033092459
ray_gpis,Corner,10,0,1,0.3107,0.4740978103303578,0.3107,0.028198232628753706,13.236306820270098
ray_gpis,Corner,10,0,2,0.3723,0.5425927275377104,0.3723,0.03812251160082318,12.068029733636507
ray_gpis,Corner,10,0,3,0.48056666666666664,0.6491658599184996,0.48056666666666664,0.05101696897566366,9.554726316092877
ray_gpis,Corner,10,0,4,0.6402333333333333,0.7801279992989146,0.6402333333333333,0.06548959283567904,6.901700571701188
ray_gpis,Corner,10,0,5,0.7017,0.8242156893895402,0.7017,0.07899626773121995,6.054664391871033
ray_gpis,Corner,5,0,0,0.18556666666666666,0.313042989287823,0.18556666666666666,0.0129417950528062,16.671070717153324
ray_gpis,Corner,5,0,1,0.4570666666666667,0.6273792093704246,0.4570666666666667,0.028782710879886247,8.713822073243467
ray_gpis,Corner,5,0,2,0.5706,0.7234998479566155,0.5706,0.04088015532883602,7.639821357375838
ray_gpis,Corner,5,0,3,0.7989666666666667,0.8848773025454508,0.7989666666666667,0.056336675978494025,5.245995802833535
ray_gpis,Corner,5,0,4,0.8134,0.8817748030340092,0.8134,0.06826952392871669,5.4959021901297715
ray_gpis,Corner,5,0,5,0.8140666666666667,0.8528949493527731,0.8140666666666667,0.07912283729549886,5.948448592427487
ray_gpis,Corner,11,0,0,0.302,0.4639016897081413,0.302,0.014843439403552703,17.577555865151414
ray_gpis,Corner,11,0,1,0.34996666666666665,0.5184819378256253,0.34996666666666665,0.026858210896916358,16.040174796627564
ray_gpis,Corner,11,0,2,0.3615333333333333,0.5310679136267933,0.3615333333333333,0.03954589722670416,15.378129284450198
ray_gpis,Corner,11,0,3,0.5106333333333334,0.6760519870253096,0.5106333333333334,0.0506589896714754,10.16823049490128
ray_gpis,Corner,11,0,4,0.6405,0.7808594940566901,0.6405,0.06532441384187904,6.249326125347003
ray_gpis,Corner,11,0,5,0.762,0.8649262202043133,0.762,0.07928900412510308,4.9780294265701235
ray_gpis,Corner,0,0,0,0.14786666666666667,0.25763735625508194,0.14786666666666667,0.014667440564133464,24.244223702321438
ray_gpis,Corner,0,0,1,0.2820666666666667,0.4400187197753627,0.2820666666666667,0.028342150255018347,15.606909770045508
ray_gpis,Corner,0,0,2,0.4553,0.6257129114271971,0.4553,0.040707537527598,10.030404763506624
ray_gpis,Corner,0,0,3,0.5817333333333333,0.7355643597740875,0.5817333333333333,0.055018023165278804,7.810462015508472
ray_gpis,Corner,0,0,4,0.6703,0.8026103095252349,0.6703,0.06722194036444845,6.591074943759975
ray_gpis,Corner,0,0,5,0.6893666666666667,0.8161243858645252,0.6893666666666667,0.07825827636029557,6.431585618319341
ray_gpis,L_Shaped,8,0,0,0.11183333333333334,0.187964793006623,0.11183333333333334,0.02461071157282423,21.1728940694951
ray_gpis,L_Shaped,8,0,1,0.24906666666666666,0.3786691172495811,0.24906666666666666,0.04766100388131347,15.638485912361743
ray_gpis,L_Shaped,8,0,2,0.29006666666666664,0.4329824251320129,0.29006666666666664,0.07095105131124767,14.558860471519507
ray_gpis,L_Shaped,8,0,3,0.38663333333333333,0.5359717041082583,0.38663333333333333,0.09363872592113151,12.178012455156713
ray_gpis,L_Shaped,8,0,4,0.4523,0.6011270704659007,0.4523,0.11403908650597687,9.94192845045623
ray_gpis,L_Shaped,8,0,5,0.5860333333333333,0.7025583951008932,0.5860333333333333,0.13937205103224265,8.48237614275249
ray_gpis,L_Shaped,13,0,0,0.2591333333333333,0.4116058664689999,0.2591333333333333,0.029113963083183352,16.601435910053105
ray_gpis,L_Shaped,13,0,1,0.29063333333333335,0.4485199781302084,0.29063333333333335,0.05301457067416338,16.15961320369281
ray_gpis,L_Shaped,13,0,2,0.3741,0.5428081020701692,0.3741,0.07424793941395745,14.6020475239036
ray_gpis,L_Shaped,13,0,3,0.3943,0.5632062018106417,0.3943,0.09487763781925544,13.943901164362217
ray_gpis,L_Shaped,13,0,4,0.46,0.6274602923328585,0.46,0.11447702494509712,12.446502955569809
ray_gpis,L_Shaped,13,0,5,0.5636333333333333,0.7179962295750757,0.5636333333333333,0.13481304554779416,9.126597842786273
ray_gpis,L_Shaped,4,0,0,0.3038,0.4660223960730173,0.3038,0.026934919808635556,15.762701956181898
ray_gpis,L_Shaped,4,0,1,0.4744333333333333,0.6418398390288061,0.4744333333333333,0.057547408547210306,11.802968912164381
ray_gpis,L_Shaped,4,0,2,0.7199666666666666,0.835249758749621,0.7199666666666666,0.08149644616495609,5.738627414634046
ray_gpis,L_Shaped,4,0,3,0.7360333333333333,0.84633930277934,0.7360333333333333,0.10594320040331154,5.490245468183131
ray_gpis,L_Shaped,4,0,4,0.7805666666666666,0.8746705940090664,0.7805666666666666,0.1304021958335637,5.067247968833462
ray_gpis,L_Shaped,4,0,5,0.8286,0.9044616186543206,0.8286,0.1547914431489088,4.6502349068609385
ray_gpis,L_Shaped,1,0,0,0.2566,0.4054256199474397,0.2566,0.02841618026445339,19.69524384873689
ray_gpis,L_Shaped,1,0,1,0.26063333333333333,0.3676362641552403,0.26063333333333333,0.0566262488762841,20.84061776370798
ray_gpis,L_Shaped,1,0,2,0.47473333333333334,0.5738233671254036,0.47473333333333334,0.08131131136569479,13.027045216234663
ray_gpis,L_Shaped,1,0,3,0.5116,0.6190289041239175,0.5116,0.10325047319043618,11.49719534630777
ray_gpis,L_Shaped,1,0,4,0.6379,0.7106110242915707,0.6379,0.12675245938962051,8.885653205682798
ray_gpis,L_Shaped,1,0,5,0.6890666666666667,0.7556035852774776,0.6890666666666667,0.14759079001713976,7.926470737531996
ray_gpis,L_Shaped,12,0,0,0.24506666666666665,0.39366031270079244,0.24506666666666665,0.02719481159357569,16.64804231685207
ray_gpis,L_Shaped,12,0,1,0.27163333333333334,0.36881230128647563,0.27163333333333334,0.05092151282757526,17.732443831536646
ray_gpis,L_Shaped,12,0,2,0.49433333333333335,0.5942554545084456,0.49433333333333335,0.07849398964380047,11.629784048400488
ray_gpis,L_Shaped,12,0,3,0.6074333333333334,0.6758261144417511,0.6074333333333334,0.10328867235306918,8.743468019929217
ray_gpis,L_Shaped,12,0,4,0.6549,0.6773413432518652,0.6549,0.12414797691156385,8.383697360568762
ray_gpis,L_Shaped,12,0,5,0.8068666666666666,0.7826653838120881,0.8068666666666666,0.15047632624061405,6.832896444777277
ray_gpis,L_Shaped,7,0,0,0.17453333333333335,0.29628825877298914,0.17453333333333335,0.025035502203226638,23.28715047245427
ray_gpis,L_Shaped,7,0,1,0.2875333333333333,0.4436989700298235,0.2875333333333333,0.04820750852757912,19.07141333004431
ray_gpis,L_Shaped,7,0,2,0.5277333333333334,0.6854279919025601,0.5277333333333334,0.07636293231823972,10.193401075952664
ray_gpis,L_Shaped,7,0,3,0.5686,0.7203047131057526,0.5686,0.0967699698691219,9.586586840472734
ray_gpis,L_Shaped,7,0,4,0.6330666666666667,0.7705499734905794,0.6330666666666667,0.11946080751486263,7.953721952600775
ray_gpis,L_Shaped,7,0,5,0.6656666666666666,0.7953127829830697,0.6656666666666666,0.14569162720021234,6.9840376563475095
ray_gpis,L_Shaped,14,0,0,0.3131,0.47688675653034807,0.3131,0.029311373635666445,15.808983679251307
ray_gpis,L_Shaped,14,0,1,0.46076666666666666,0.6308559432261597,0.46076666666666666,0.04972467242394992,11.673034153616653
ray_gpis,L_Shaped,14,0,2,0.6855,0.8134084841293385,0.6855,0.07441652056716815,6.146065848699459
ray_gpis,L_Shaped,14,0,3,0.7711333333333333,0.8707795385252382,0.7711333333333333,0.09898767192378195,5.251695590177862
ray_gpis,L_Shaped,14,0,4,0.7940666666666667,0.8837708178412198,0.7940666666666667,0.12401381824075784,5.069438039558552
ray_gpis,L_Shaped,14,0,5,0.8638333333333333,0.9255152273340753,0.8638333333333333,0.14737805209442945,4.524446995773954
ray_gpis,L_Shaped,2,0,0,0.23113333333333333,0.3754805869930145,0.23113333333333333,0.028225772146395732,20.183168641920943
ray_gpis,L_Shaped,2,0,1,0.3178,0.48231901654272274,0.3178,0.054170062196870684,17.326273075748286
ray_gpis,L_Shaped,2,0,2,0.3594,0.5284107953245049,0.3594,0.07876248616096233,15.292733390973979
ray_gpis,L_Shaped,2,0,3,0.4250333333333333,0.5961753981444883,0.4250333333333333,0.09952060071201858,13.494490318189868
ray_gpis,L_Shaped,2,0,4,0.5631,0.7200653864445964,0.5631,0.12344586872390365,9.322939111026363
ray_gpis,L_Shaped,2,0,5,0.6684666666666667,0.7972626381318593,0.6684666666666667,0.14820641289398326,7.317359800354404
ray_gpis,L_Shaped,6,0,0,0.2435,0.39163650985122633,0.2435,0.02584688682098895,19.34810089292677
ray_gpis,L_Shaped,6,0,1,0.3148,0.4788560997870399,0.3148,0.04884316193512307,16.686313684069074
ray_gpis,L_Shaped,6,0,2,0.4042,0.5601159217315832,0.4042,0.07164029648958259,13.6527268043609
ray_gpis,L_Shaped,6,0,3,0.4404,0.5973078256613165,0.4404,0.0891110158956564,12.962278098021132
ray_gpis,L_Shaped,6,0,4,0.5444333333333333,0.690349458513738,0.5444333333333333,0.11126681280680747,10.276005834784804
ray_gpis,L_Shaped,6,0,5,0.6748333333333333,0.7898865510454005,0.6748333333333333,0.13685843188828897,7.423506402622928
ray_gpis,L_Shaped,3,0,0,0.2501,0.40012798976081915,0.2501,0.025750858855037487,21.361364102214313
ray_gpis,L_Shaped,3,0,1,0.28436666666666666,0.442812281020477,0.28436666666666666,0.05080289024071377,19.41582354369809
ray_gpis,L_Shaped,3,0,2,0.3433,0.5111293084195637,0.3433,0.07415167020378713,15.910642481896748
ray_gpis,L_Shaped,3,0,3,0.3977333333333333,0.5691118954497758,0.3977333333333333,0.09699246656353595,13.937256879700966
ray_gpis,L_Shaped,3,0,4,0.5330666666666667,0.6949945277436579,0.5330666666666667,0.1224298112216222,10.063292005142866
ray_gpis,L_Shaped,3,0,5,0.614,0.7603892284727655,0.614,0.14447936636426112,8.067378842978432
ray_gpis,L_Shaped,9,0,0,0.2869333333333333,0.4459179444674679,0.2869333333333333,0.030276722748135927,17.01080976120665
ray_gpis,L_Shaped,9,0,1,0.36933333333333335,0.5394352482960079,0.36933333333333335,0.05040186184952867,12.719837704001783
ray_gpis,L_Shaped,9,0,2,0.4991,0.6658661863784938,0.4991,0.0739896912606814,10.18935691605005
ray_gpis,L_Shaped,9,0,3,0.5201333333333333,0.6843259363213753,0.5201333333333333,0.09705541843814439,9.584468620654011
ray_gpis,L_Shaped,9,0,4,0.7291333333333333,0.8385543264286294,0.7291333333333333,0.12221093847572505,5.658715711762806
ray_gpis,L_Shaped,9,0,5,0.7791,0.8714061939195975,0.7791,0.14457390623211164,5.410762382365616
ray_gpis,L_Shaped,10,0,0,0.187,0.3128648099933265,0.187,0.025736644416292396,24.682241137477735
ray_gpis,L_Shaped,10,0,1,0.35076666666666667,0.5165206476768611,0.35076666666666667,0.048632135260056004,14.221991244276243
ray_gpis,L_Shaped,10,0,2,0.4231666666666667,0.5922289421252585,0.4231666666666667,0.07208650997579205,11.885218735755643
ray_gpis,L_Shaped,10,0,3,0.5926,0.740584967813128,0.5926,0.09179588471784883,7.664942094127824
ray_gpis,L_Shaped,10,0,4,0.7021333333333334,0.8214145616190138,0.7021333333333334,0.11569497901148422,6.144249668774846
ray_gpis,L_Shaped,10,0,5,0.7938666666666667,0.8816910863083607,0.7938666666666667,0.13777590928685227,5.326325964048258
ray_gpis,L_Shaped,5,0,0,0.2035,0.3381803074366431,0.2035,0.026636184470137155,21.867820338419964
ray_gpis,L_Shaped,5,0,1,0.2972,0.4582176996608079,0.2972,0.05515561861735702,16.952044091470974
ray_gpis,L_Shaped,5,0,2,0.3253,0.4909077190070173,0.3253,0.08150088998653392,16.24867990758017
ray_gpis,L_Shaped,5,0,3,0.4129333333333333,0.5840088914104973,0.4129333333333333,0.09995336645321255,13.255322627466967
ray_gpis,L_Shaped,5,0,4,0.6339333333333333,0.7753073489068688,0.6339333333333333,0.12368914876563791,7.453887903875987
ray_gpis,L_Shaped,5,0,5,0.6562,0.7896130490729003,0.6562,0.14725183038500944,7.2645988776514
ray_gpis,L_Shaped,11,0,0,0.2637,0.4173458890559468,0.2637,0.025925881469504326,18.67696007267469
ray_gpis,L_Shaped,11,0,1,0.4674,0.637045113806733,0.4674,0.05355051158587873,10.885152395452966
ray_gpis,L_Shaped,11,0,2,0.5508666666666666,0.7103984868675579,0.5508666666666666,0.07786504254833274,9.530663426178135
ray_gpis,L_Shaped,11,0,3,0.7859333333333334,0.8778955843886476,0.7859333333333334,0.1059234591870321,5.8212170838535915
ray_gpis,L_Shaped,11,0,4,0.8291,0.9046103734356341,0.8291,0.13386535834190927,5.290663660707292
ray_gpis,L_Shaped,11,0,5,0.9023333333333333,0.9457947987066824,0.9023333333333333,0.1588267573124637,4.761588747176984
ray_gpis,L_Shaped,0,0,0,0.06146666666666667,0.1071295779884737,0.06146666666666667,0.021944112965767877,23.210374055230822
ray_gpis,L_Shaped,0,0,1,0.27953333333333336,0.4006245171828925,0.27953333333333336,0.050265295408304975,15.20272440149872
ray_gpis,L_Shaped,0,0,2,0.29933333333333334,0.4348940025933043,0.29933333333333334,0.0732458124779765,14.168203647477783
ray_gpis,L_Shaped,0,0,3,0.45513333333333333,0.5927026101825859,0.45513333333333333,0.09617995273894818,10.129282959634896
ray_gpis,L_Shaped,0,0,4,0.4716,0.6104474651263654,0.4716,0.11670265178200956,9.960957891070729
ray_gpis,L_Shaped,0,0,5,0.6481,0.7518992520364697,0.6481,0.14448672839021925,7.923142898359461
ray_gpis,Cylinder,8,0,0,0.057633333333333335,0.09996341347739088,0.057633333333333335,0.034825256369194896,34.65147145393847
ray_gpis,Cylinder,8,0,1,0.3045,0.4285234523676256,0.3045,0.07026971905664467,20.583336659860567
ray_gpis,Cylinder,8,0,2,0.3989333333333333,0.5056577843740828,0.3989333333333333,0.10535313221169293,15.804500049916701
ray_gpis,Cylinder,8,0,3,0.5163,0.6151680516359205,0.5163,0.13788556960884985,12.885472001709083
ray_gpis,Cylinder,8,0,4,0.7882333333333333,0.8030728568307339,0.7882333333333333,0.19705894961337628,7.156318546331968
ray_gpis,Cylinder,8,0,5,0.8118333333333333,0.7705367841637799,0.8118333333333333,0.24303126416026355,7.856882933923545
ray_gpis,Cylinder,13,0,0,0.1637,0.28134398900060154,0.1637,0.0348292514590591,25.399308413207184
ray_gpis,Cylinder,13,0,1,0.27426666666666666,0.430469812702731,0.27426666666666666,0.08050094915416144,20.865068526645278
ray_gpis,Cylinder,13,0,2,0.3921,0.563321600459737,0.3921,0.1480872018922677,15.368723384591053
ray_gpis,Cylinder,13,0,3,0.3978,0.5691801402203462,0.3978,0.18067800033496748,15.174849865859478
ray_gpis,Cylinder,13,0,4,0.5762666666666667,0.7311791575029606,0.5762666666666667,0.21404623266527162,8.561855342121943
ray_gpis,Cylinder,13,0,5,0.7748,0.8731124633761551,0.7748,0.24792680320860894,5.062051382644593
ray_gpis,Cylinder,4,0,0,0.2775,0.43444227005870845,0.2775,0.03714495919318417,19.73778139526578
ray_gpis,Cylinder,4,0,1,0.3052,0.4676677903769537,0.3052,0.0708417146995151,19.02110727347354
ray_gpis,Cylinder,4,0,2,0.4835,0.6518368722615436,0.4835,0.11671871298060965,12.29398566915311
ray_gpis,Cylinder,4,0,3,0.6257666666666667,0.7698111660139831,0.6257666666666667,0.18457987007824606,8.287798139998676
ray_gpis,Cylinder,4,0,4,0.8256666666666667,0.9045097681212342,0.8256666666666667,0.22366564429971142,5.542362855070835
ray_gpis,Cylinder,4,0,5,0.8726333333333334,0.9319852613966073,0.8726333333333334,0.2588217004931641,4.910402286964056
ray_gpis,Cylinder,1,0,0,0.31453333333333333,0.47854752003245765,0.31453333333333333,0.038555758884770044,17.127558230622554
ray_gpis,Cylinder,1,0,1,0.5076666666666667,0.6734468273269953,0.5076666666666667,0.1133918033929879,10.242846976917475
ray_gpis,Cylinder,1,0,2,0.6480333333333334,0.7864323132622723,0.6480333333333334,0.16358212197716074,7.090346450581948
ray_gpis,Cylinder,1,0,3,0.6698333333333333,0.8016057712025354,0.6698333333333333,0.1931061451902685,6.849859699090931
ray_gpis,Cylinder,1,0,4,0.7919666666666667,0.8819192004032377,0.7919666666666667,0.22894767616379771,5.337880485271599
ray_gpis,Cylinder,1,0,5,0.9114666666666666,0.951704203982405,0.9114666666666666,0.26073823251598693,4.36004384219881
ray_gpis,Cylinder,12,0,0,0.14116666666666666,0.24740762377683656,0.14116666666666666,0.037229928310940866,30.17586575646176
ray_gpis,Cylinder,12,0,1,0.32293333333333335,0.4882080225760936,0.32293333333333335,0.0724780891133612,17.181948479620882
ray_gpis,Cylinder,12,0,2,0.3640333333333333,0.5337601720388064,0.3640333333333333,0.10290026478474092,16.297982447267206
ray_gpis,Cylinder,12,0,3,0.37876666666666664,0.5490434625798557,0.37876666666666664,0.1353831843215346,15.885148333646594
ray_gpis,Cylinder,12,0,4,0.5097333333333334,0.6742793362913188,0.5097333333333334,0.20918630479066877,9.95732511725168
ray_gpis,Cylinder,12,0,5,0.647,0.7840859249466295,0.647,0.24995713886499557,7.185169351112459
ray_gpis,Cylinder,7,0,0,0.19866666666666666,0.3302354867145196,0.19866666666666666,0.06767401355853285,21.58238241017174
ray_gpis,Cylinder,7,0,1,0.3175,0.4806187825740558,0.3175,0.12560677161987288,16.447151612679924
ray_gpis,Cylinder,7,0,2,0.42673333333333335,0.569020409148114,0.42673333333333335,0.16071655812294539,10.028973590459705
ray_gpis,Cylinder,7,0,3,0.5156,0.6481239614184188,0.5156,0.19483248537192702,9.291864078266114
ray_gpis,Cylinder,7,0,4,0.5327666666666667,0.6668695440075035,0.5327666666666667,0.2258441327657877,8.981425577673312
ray_gpis,Cylinder,7,0,5,0.7052333333333334,0.7866536789536832,0.7052333333333334,0.258841041041885,6.7279220886786595
ray_gpis,Cylinder,14,0,0,0.23946666666666666,0.38640275387263334,0.23946666666666666,0.07094188725181882,20.267285248176055
ray_gpis,Cylinder,14,0,1,0.3005333333333333,0.46167083809897536,0.3005333333333333,0.12475270421487882,19.206712719701592
ray_gpis,Cylinder,14,0,2,0.49446666666666667,0.6603643656321392,0.49446666666666667,0.16143326983043202,12.12406944849994
ray_gpis,Cylinder,14,0,3,0.5239666666666667,0.6635013660619008,0.5239666666666667,0.1936354742907918,11.574958396272338
ray_gpis,Cylinder,14,0,4,0.7577,0.8326480167215748,0.7577,0.23002417655473206,6.823059303509948
ray_gpis,Cylinder,14,0,5,0.8645,0.8987034920482035,0.8645,0.26205646025873996,5.743024063456439
ray_gpis,Cylinder,2,0,0,0.20336666666666667,0.337996177391208,0.20336666666666667,0.037143142865390416,22.339508817240333
ray_gpis,Cylinder,2,0,1,0.2488,0.36784309595466563,0.2488,0.11326590136105524,16.5480427577002
ray_gpis,Cylinder,2,0,2,0.3265,0.43616694553577273,0.3265,0.15790284179345027,15.097824175312741
ray_gpis,Cylinder,2,0,3,0.4617,0.5666452818610359,0.4617,0.18753828992248084,11.791603552488422
ray_gpis,Cylinder,2,0,4,0.5195,0.6139998002646081,0.5195,0.2102924845708269,10.984538933833488
ray_gpis,Cylinder,2,0,5,0.6916,0.7377832788641011,0.6916,0.24375039757865685,7.640495445593693
ray_gpis,Cylinder,6,0,0,0.2819333333333333,0.4398564667949451,0.2819333333333333,0.07243295612676162,18.365397325451642
ray_gpis,Cylinder,6,0,1,0.39076666666666665,0.5612871428652652,0.39076666666666665,0.1270915521383822,15.499312160190431
ray_gpis,Cylinder,6,0,2,0.45943333333333336,0.6290441214021529,0.45943333333333336,0.16659963672731495,13.604668824649348
ray_gpis,Cylinder,6,0,3,0.6355333333333333,0.7765070094432075,0.6355333333333333,0.20067394331227242,8.675875302770956
ray_gpis,Cylinder,6,0,4,0.834,0.9073750540740754,0.834,0.23770479199066288,5.032540891562521
ray_gpis,Cylinder,6,0,5,0.8745,0.93117094282318,0.8745,0.270942838054258,4.534086529147896
ray_gpis,Cylinder,3,0,0,0.1392,0.2443820224719101,0.1392,0.042971102831922486,27.644404875584147
ray_gpis,Cylinder,3,0,1,0.2809,0.4379860782134667,0.2809,0.1015074215778314,17.96992869420376
ray_gpis,Cylinder,3,0,2,0.5832333333333334,0.7358850202836927,0.5832333333333334,0.157352887743455,8.12079305905894
ray_gpis,Cylinder,3,0,3,0.5937333333333333,0.7444085164610575,0.5937333333333333,0.1870282414511574,7.8594878410593
ray_gpis,Cylinder,3,0,4,0.646,0.7843150639845726,0.646,0.2165995962662633,6.8349732410877335
ray_gpis,Cylinder,3,0,5,0.7336,0.8457247545228526,0.7336,0.24295326691367855,5.965611569763376
ray_gpis,Cylinder,9,0,0,0.30306666666666665,0.46515911183873937,0.30306666666666665,0.03690645016828521,18.028614670734648
ray_gpis,Cylinder,9,0,1,0.35273333333333334,0.5215120003942635,0.35273333333333334,0.06661024641235982,17.129068870187435
ray_gpis,Cylinder,9,0,2,0.3672666666666667,0.5372275586327954,0.3672666666666667,0.09730015630479541,16.673066134963964
ray_gpis,Cylinder,9,0,3,0.558,0.7145659196592835,0.558,0.13356950082033114,10.407178843534542
ray_gpis,Cylinder,9,0,4,0.6947333333333333,0.8180375106064895,0.6947333333333333,0.1669594900164314,7.026510050366053
ray_gpis,Cylinder,9,0,5,0.8044666666666667,0.8885684032068865,0.8044666666666667,0.19957728242815106,6.224862172700579
ray_gpis,Cylinder,10,0,0,0.2721,0.42779655687445955,0.2721,0.037815424397376354,19.54244765137913
ray_gpis,Cylinder,10,0,1,0.3864,0.5574148874783612,0.3864,0.06704901075878672,14.006111893547692
ray_gpis,Cylinder,10,0,2,0.43443333333333334,0.6057211907141031,0.43443333333333334,0.09814946663684525,13.24102769111029
ray_gpis,Cylinder,10,0,3,0.6237,0.7682453655231879,0.6237,0.14353885416109857,7.877153839995387
ray_gpis,Cylinder,10,0,4,0.7819,0.8776025590661654,0.7819,0.21680679851050394,5.275227757437056
ray_gpis,Cylinder,10,0,5,0.8268333333333333,0.9052093787063225,0.8268333333333333,0.2523630549230524,4.877211879918408
ray_gpis,Cylinder,5,0,0,0.1644,0.28237718996908273,0.1644,0.03528869778747454,25.18613040225106
ray_gpis,Cylinder,5,0,1,0.35586666666666666,0.5242007471643605,0.35586666666666666,0.07839063371039129,14.553103656017212
ray_gpis,Cylinder,5,0,2,0.3712,0.540787060027769,0.3712,0.1152888031374808,14.267615417428258
ray_gpis,Cylinder,5,0,3,0.47063333333333335,0.6231107993134438,0.47063333333333335,0.15282086307100137,10.986013558334161
ray_gpis,Cylinder,5,0,4,0.6384,0.7597540905376999,0.6384,0.19211930085918028,7.174537530952932
ray_gpis,Cylinder,5,0,5,0.7033666666666667,0.8080158685264167,0.7033666666666667,0.21946603429281408,6.4239931107471495
ray_gpis,Cylinder,11,0,0,0.2893,0.44877065074071204,0.2893,0.038650630360103064,18.621796812813436
ray_gpis,Cylinder,11,0,1,0.36993333333333334,0.5393467236922069,0.36993333333333334,0.09520343661946705,15.582924169719982
ray_gpis,Cylinder,11,0,2,0.45413333333333333,0.6239360555773887,0.45413333333333333,0.14932678153008264,12.312697463009023
ray_gpis,Cylinder,11,0,3,0.535,0.6958707014909795,0.535,0.1882486275908133,10.042212191425953
ray_gpis,Cylinder,11,0,4,0.7097,0.8288055972061442,0.7097,0.22538278110143148,6.967978261853065
ray_gpis,Cylinder,11,0,5,0.8577333333333333,0.9206545048959647,0.8577333333333333,0.25922661725142576,5.486571689055952
ray_gpis,Cylinder,0,0,0,0.1921,0.3222883986242765,0.1921,0.034779872506054105,23.38313976437952
ray_gpis,Cylinder,0,0,1,0.32093333333333335,0.485919047138387,0.32093333333333335,0.06945156387826347,17.07997255141585
ray_gpis,Cylinder,0,0,2,0.3388,0.45899025756010975,0.3388,0.10646452603070038,16.526204835218866
ray_gpis,Cylinder,0,0,3,0.5982,0.6840099758021898,0.5982,0.18081870224815955,9.998672058339544
ray_gpis,Cylinder,0,0,4,0.6521,0.7322911344927442,0.6521,0.22871528587942935,9.173364090616525
ray_gpis,Cylinder,0,0,5,0.7022666666666667,0.7743682022008649,0.7022666666666667,0.2621798778978364,7.952907171705876
ray_gpis,Cross,8,0,0,0.14456666666666668,0.24181216676236916,0.14456666666666668,0.021281241826089644,20.815969115204826
ray_gpis,Cross,8,0,1,0.28886666666666666,0.4327931326580985,0.28886666666666666,0.042727275393257026,17.00399577523142
ray_gpis,Cross,8,0,2,0.5131666666666667,0.6561680422163665,0.5131666666666667,0.06490842613911008,9.068512011742813
ray_gpis,Cross,8,0,3,0.6058,0.7336136465196689,0.6058,0.08552063608591332,7.160324473050568
ray_gpis,Cross,8,0,4,0.6529333333333334,0.7717635535766646,0.6529333333333334,0.10654502959311958,6.658568062634897
ray_gpis,Cross,8,0,5,0.7192333333333333,0.8203747086539662,0.7192333333333333,0.12652731001813863,5.8646364468782215
ray_gpis,Cross,13,0,0,0.2207,0.3615958056852626,0.2207,0.02118640420972068,19.39976504581183
ray_gpis,Cross,13,0,1,0.3148,0.4788560997870399,0.3148,0.04119936149639746,16.644791467288645
ray_gpis,Cross,13,0,2,0.3895,0.5606333213386111,0.3895,0.06417374460792712,13.594688395670369
ray_gpis,Cross,13,0,3,0.5292,0.6914968608650381,0.5292,0.08684632982974184,9.178658900365877
ray_gpis,Cross,13,0,4,0.6701333333333334,0.8018092041333731,0.6701333333333334,0.10881194338446089,6.426738391840053
ray_gpis,Cross,13,0,5,0.7393666666666666,0.8495136432746148,0.7393666666666666,0.12826057390275739,5.359173953803124
ray_gpis,Cross,4,0,0,0.036366666666666665,0.0607777126441293,0.036366666666666665,0.023525556332141647,26.955514181986302
ray_gpis,Cross,4,0,1,0.3313,0.4268871469988188,0.3313,0.046367042902852304,14.41884389602347
ray_gpis,Cross,4,0,2,0.47683333333333333,0.5745586587003844,0.47683333333333333,0.06869155780206866,11.09398658300174
ray_gpis,Cross,4,0,3,0.506,0.5635906109483931,0.506,0.0887446703341745,11.512778573697068
ray_gpis,Cross,4,0,4,0.6330666666666667,0.6639704061328422,0.6330666666666667,0.10746533600752735,9.71353378172194
ray_gpis,Cross,4,0,5,0.8075666666666667,0.7708073695436188,0.8075666666666667,0.13024651221925687,7.681615944776158
ray_gpis,Cross,1,0,0,0.2402,0.3873568779229157,0.2402,0.022691139573372553,17.869091384403973
ray_gpis,Cross,1,0,1,0.37943333333333334,0.5501292801391876,0.37943333333333334,0.04415057481217484,14.125556075940015
ray_gpis,Cross,1,0,2,0.5078666666666667,0.6736227783181536,0.5078666666666667,0.06527434137524883,9.444579666745657
ray_gpis,Cross,1,0,3,0.5968666666666667,0.7199659534428255,0.5968666666666667,0.0874823366548531,7.590635718397374
ray_gpis,Cross,1,0,4,0.7298,0.8145657742945935,0.7298,0.10840733300417246,6.329991083629056
ray_gpis,Cross,1,0,5,0.7679,0.8429112325230477,0.7679,0.12789666660720234,5.81700745184947
ray_gpis,Cross,12,0,0,0.2502,0.40025595904655253,0.2502,0.023300692213134636,19.40168436027265
ray_gpis,Cross,12,0,1,0.31056666666666666,0.47394256937202733,0.31056666666666666,0.04501708854627276,16.51302498038414
ray_gpis,Cross,12,0,2,0.43683333333333335,0.6029780036918153,0.43683333333333335,0.06413198383870755,10.680549353083446
ray_gpis,Cross,12,0,3,0.6560666666666667,0.786518332300114,0.6560666666666667,0.08735278855482809,6.132613138761594
ray_gpis,Cross,12,0,4,0.6902,0.8118832365554375,0.6902,0.10661756506007518,5.941346821911914
ray_gpis,Cross,12,0,5,0.7045,0.8008350518638739,0.7045,0.12335357852411097,6.269314807213822
ray_gpis,Cross,7,0,0,0.2408,0.38813668600902645,0.2408,0.023564225225184025,18.901226104891883
ray_gpis,Cross,7,0,1,0.3754,0.5458775628907955,0.3754,0.04607513370475602,14.258883421366447
ray_gpis,Cross,7,0,2,0.5053333333333333,0.6713906111603188,0.5053333333333333,0.06626449321276905,9.639444468867158
ray_gpis,Cross,7,0,3,0.599,0.7492182614133833,0.599,0.08532447865778267,8.023675144321025
ray_gpis,Cross,7,0,4,0.712,0.8317757009345794,0.712,0.10640822590749265,6.222783733628596
ray_gpis,Cross,7,0,5,0.7129333333333333,0.7776393040614316,0.7129333333333333,0.12452992787411962,7.726335449805442
ray_gpis,Cross,14,0,0,0.26516666666666666,0.4191806086154657,0.26516666666666666,0.021719574407476117,18.12330609042663
ray_gpis,Cross,14,0,1,0.4499,0.6205945237602594,0.4499,0.04533986568858596,11.676112188706433
ray_gpis,Cross,14,0,2,0.4824333333333333,0.6508668180693904,0.4824333333333333,0.06765438224918073,11.010668931357195
ray_gpis,Cross,14,0,3,0.5010333333333333,0.6675845528635828,0.5010333333333333,0.0874588076573707,10.420925681725029
ray_gpis,Cross,14,0,4,0.5665,0.7232684328120013,0.5665,0.10682428422391978,9.225758477130544
ray_gpis,Cross,14,0,5,0.7609,0.8642171616786871,0.7609,0.1304825545925071,5.925223675604929
ray_gpis,Cross,2,0,0,0.27213333333333334,0.42783775285609477,0.27213333333333334,0.022131598586163634,18.07402719928707
ray_gpis,Cross,2,0,1,0.5658333333333333,0.722724853645556,0.5658333333333333,0.04707883012638669,9.010049741142945
ray_gpis,Cross,2,0,2,0.5953333333333334,0.6989220534348429,0.5953333333333334,0.07015359137257472,9.618554724689359
ray_gpis,Cross,2,0,3,0.6603333333333333,0.7536502172410617,0.6603333333333333,0.09014517905825115,8.029862303417069
ray_gpis,Cross,2,0,4,0.7332666666666666,0.8080531488136747,0.7332666666666666,0.11077632421537652,7.152979384301603
ray_gpis,Cross,2,0,5,0.892,0.9048516779864164,0.892,0.13450852300283972,5.28493692290111
ray_gpis,Cross,6,0,0,0.23513333333333333,0.3807416203378852,0.23513333333333333,0.023226593650506173,16.92773693740054
ray_gpis,Cross,6,0,1,0.36346666666666666,0.5311750034439506,0.36346666666666666,0.04671681567386762,15.047622243024874
ray_gpis,Cross,6,0,2,0.625,0.7666517657577112,0.625,0.07081140944562148,7.791859153995653
ray_gpis,Cross,6,0,3,0.6915333333333333,0.8153680327860798,0.6915333333333333,0.09225887359626746,6.584296060174512
ray_gpis,Cross,6,0,4,0.7254333333333334,0.8389186167480448,0.7254333333333334,0.11306770297329226,6.068564141218709
ray_gpis,Cross,6,0,5,0.7436333333333334,0.8512465429569903,0.7436333333333334,0.1318505424003876,5.941058892976953
ray_gpis,Cross,3,0,0,0.19216666666666668,0.3223822172515029,0.19216666666666668,0.023894357456479012,20.870517379590947
ray_gpis,Cross,3,0,1,0.44016666666666665,0.6112718435366277,0.44016666666666665,0.04746648186227737,10.616799579438046
ray_gpis,Cross,3,0,2,0.5109333333333334,0.676314860571832,0.5109333333333334,0.07148079429921815,8.504740488232681
ray_gpis,Cross,3,0,3,0.5946666666666667,0.7458193979933111,0.5946666666666667,0.09384443751481443,7.598453139090929
ray_gpis,Cross,3,0,4,0.6356333333333334,0.7751304693977283,0.6356333333333334,0.11393632255277006,7.197487133905911
ray_gpis,Cross,3,0,5,0.6973,0.819673179852234,0.6973,0.134268699893254,6.022129332040013
ray_gpis,Cross,9,0,0,0.27463333333333334,0.4309213107037318,0.27463333333333334,0.02287447235998073,17.547169286868808
ray_gpis,Cross,9,0,1,0.4263,0.5977704550234874,0.4263,0.04545278998117365,12.642512962345403
ray_gpis,Cross,9,0,2,0.6093,0.7572236376064126,0.6093,0.06821658677165904,7.464474264026503
ray_gpis,Cross,9,0,3,0.6413333333333333,0.7814784727863525,0.6413333333333333,0.08635565677907917,7.093551833779531
ray_gpis,Cross,9,0,4,0.816,0.8986784140969163,0.816,0.11053620484660365,4.885292976102471
ray_gpis,Cross,9,0,5,0.8822666666666666,0.9367170802488417,0.8822666666666666,0.1325749667078536,4.5977232871286855
ray_gpis,Cross,10,0,0,0.29646666666666666,0.4573456060060678,0.29646666666666666,0.023019444220177408,15.824299509166119
ray_gpis,Cross,10,0,1,0.31943333333333335,0.4841977616653614,0.31943333333333335,0.042928728413786144,15.164028129485166
ray_gpis,Cross,10,0,2,0.4771,0.6459955317852549,0.4771,0.06354834547161585,9.47605965350492
ray_gpis,Cross,10,0,3,0.5964666666666667,0.7472334739215768,0.5964666666666667,0.08559983759375213,6.942774060134176
ray_gpis,Cross,10,0,4,0.7689,0.8693538357171124,0.7689,0.10801087491367296,5.37077516723213
ray_gpis,Cross,10,0,5,0.8103333333333333,0.8952310808322592,0.8103333333333333,0.1279568758634116,5.09832169954088
ray_gpis,Cross,5,0,0,0.21883333333333332,0.35908655818405577,0.21883333333333332,0.022481969584372846,18.98999211072322
ray_gpis,Cross,5,0,1,0.3912,0.562392179413456,0.3912,0.04414089712779754,12.646318157264622
ray_gpis,Cross,5,0,2,0.5493666666666667,0.7091499752587078,0.5493666666666667,0.06462953142745922,7.955725797886871
ray_gpis,Cross,5,0,3,0.7825666666666666,0.8780223273556856,0.7825666666666666,0.08878650047055914,4.946285710737245
ray_gpis,Cross,5,0,4,0.8108,0.895515794124144,0.8108,0.11149656922005825,4.98988389929322
ray_gpis,Cross,5,0,5,0.8259333333333333,0.9046697579320164,0.8259333333333333,0.13038815392999492,4.899857089460285
ray_gpis,Cross,11,0,0,0.0629,0.10773007535967115,0.0629,0.024690993482161618,27.64709124543475
ray_gpis,Cross,11,0,1,0.26903333333333335,0.3885400048714113,0.26903333333333335,0.04670778911460934,19.86946742576643
ray_gpis,Cross,11,0,2,0.3857333333333333,0.5187229866183493,0.3857333333333333,0.06765944367691698,15.213005424154987
ray_gpis,Cross,11,0,3,0.4582,0.5959031890474448,0.4582,0.08676735266993484,12.780053293181414
ray_gpis,Cross,11,0,4,0.5268,0.6539264826221464,0.5268,0.10750137466553604,11.369659643697952
ray_gpis,Cross,11,0,5,0.7434666666666667,0.80800646169201,0.7434666666666667,0.12874937119803798,6.393989274858368
ray_gpis,Cross,0,0,0,0.21976666666666667,0.36034214193971525,0.21976666666666667,0.022023417250110734,21.29631002095288
ray_gpis,Cross,0,0,1,0.22993333333333332,0.37389560409778305,0.22993333333333332,0.04281938708679373,19.48415340288171
ray_gpis,Cross,0,0,2,0.4291,0.600517808410888,0.4291,0.06405972176655614,11.493050119200667
ray_gpis,Cross,0,0,3,0.5560333333333334,0.7146804909920524,0.5560333333333334,0.08742814250315667,7.9470816793580354
ray_gpis,Cross,0,0,4,0.6891666666666667,0.8159842131228416,0.6891666666666667,0.11049818958790747,6.251030669410251
ray_gpis,Cross,0,0,5,0.7436666666666667,0.8421263317962965,0.7436666666666667,0.1306089657747208,5.3664206996944595
ray_gpis,Bowl,8,0,0,0.22843333333333332,0.3719100208938214,0.22843333333333332,0.12377485283689942,12.623013369430904
ray_gpis,Bowl,8,0,1,0.30083333333333334,0.4612179554035168,0.30083333333333334,0.1865205745432712,10.15347390376468
ray_gpis,Bowl,8,0,2,0.4388,0.6065451762372693,0.4388,0.2673989470488786,8.554571034751051
ray_gpis,Bowl,8,0,3,0.4849,0.6502440258306426,0.4849,0.31695106159731795,8.178764316913352
ray_gpis,Bowl,8,0,4,0.5898666666666667,0.7378149783448775,0.5898666666666667,0.4170052376173113,6.720315827185409
ray_gpis,Bowl,8,0,5,0.6738333333333333,0.8010915508233307,0.6738333333333333,0.4761489725800311,5.75064241004403
ray_gpis,Bowl,13,0,0,0.21096666666666666,0.3484268765999614,0.21096666666666666,0.13155852946041932,15.039115078451822
ray_gpis,Bowl,13,0,1,0.4563,0.6266565954817002,0.4563,0.20686529230301604,8.744538045486493
ray_gpis,Bowl,13,0,2,0.4763,0.64526180315654,0.4763,0.2560590170401632,8.182901019999743
ray_gpis,Bowl,13,0,3,0.4809333333333333,0.5784865801190276,0.4809333333333333,0.31857018040705387,11.189147343666844
ray_gpis,Bowl,13,0,4,0.6339,0.7033414344273258,0.6339,0.3787606642542967,9.575120736380756
ray_gpis,Bowl,13,0,5,0.6634,0.7367042563325111,0.6634,0.4315095375564532,8.758108637627343
ray_gpis,Bowl,4,0,0,0.2815666666666667,0.43941009701667233,0.2815666666666667,0.1246619061378375,11.516188376510758
ray_gpis,Bowl,4,0,1,0.3974,0.5687705739229998,0.3974,0.21411660315200418,8.465671314166654
ray_gpis,Bowl,4,0,2,0.5846333333333333,0.7378783735459307,0.5846333333333333,0.29596706241539605,6.655323686883017
ray_gpis,Bowl,4,0,3,0.6099666666666667,0.7051884758267323,0.6099666666666667,0.36319510002481925,7.68556145874792
ray_gpis,Bowl,4,0,4,0.8056333333333333,0.8342882817888271,0.8056333333333333,0.4694063946769355,5.805771405247072
ray_gpis,Bowl,4,0,5,0.8523,0.8523492591454961,0.8523,0.5298106508671906,5.7808200092048265
ray_gpis,Bowl,1,0,0,0.17806666666666668,0.3023032086469357,0.17806666666666668,0.10959549077816597,15.42714208243469
ray_gpis,Bowl,1,0,1,0.26216666666666666,0.3843213905516483,0.26216666666666666,0.191812771468978,13.736000737316049
ray_gpis,Bowl,1,0,2,0.4546,0.585421392179734,0.4546,0.2256963641203999,9.294307021055214
ray_gpis,Bowl,1,0,3,0.5048,0.6347606574801655,0.5048,0.24927212321133485,8.605785490138087
ray_gpis,Bowl,1,0,4,0.5379333333333334,0.6695062688283266,0.5379333333333334,0.27083327610829333,7.963864839392001
ray_gpis,Bowl,1,0,5,0.5543,0.6866486212468427,0.5543,0.28855396430098273,7.705897562968416
ray_gpis,Bowl,12,0,0,0.32353333333333334,0.48889336624187785,0.32353333333333334,0.12458159287983836,10.609265759964998
ray_gpis,Bowl,12,0,1,0.3577666666666667,0.5269928559153513,0.3577666666666667,0.18356199983285917,9.248046343018277
ray_gpis,Bowl,12,0,2,0.4078333333333333,0.5793772937137446,0.4078333333333333,0.2321701236083067,8.115614771842568
ray_gpis,Bowl,12,0,3,0.45203333333333334,0.6226211519478433,0.45203333333333334,0.2803120466796045,7.782142272770226
ray_gpis,Bowl,12,0,4,0.6685,0.801318549595445,0.6685,0.37411850113631884,6.36028192329234
ray_gpis,Bowl,12,0,5,0.7000333333333333,0.8196784579780799,0.7000333333333333,0.43150499743388393,6.371313969027699
ray_gpis,Bowl,7,0,0,0.1988,0.33112132825847473,0.1988,0.11955382127917809,17.450638859204478
ray_gpis,Bowl,7,0,1,0.31193333333333334,0.4750045363064622,0.31193333333333334,0.15647965638920358,10.69030425706811
ray_gpis,Bowl,7,0,2,0.419,0.5900223103886931,0.419,0.18907517988658704,8.358993008529685
ray_gpis,Bowl,7,0,3,0.4604333333333333,0.6301049156285486,0.4604333333333333,0.21819014690305139,7.922047579257251
ray_gpis,Bowl,7,0,4,0.5450666666666667,0.7033654910105228,0.5450666666666667,0.2508629687831868,7.467600277821489
ray_gpis,Bowl,7,0,5,0.6143666666666666,0.7590278673925798,0.6143666666666666,0.30099526161530116,7.065405436631386
ray_gpis,Bowl,14,0,0,0.29436666666666667,0.4482423551046669,0.29436666666666667,0.12288466836243635,11.919151129691576
ray_gpis,Bowl,14,0,1,0.42346666666666666,0.5887731508512974,0.42346666666666666,0.1697742086621097,8.708978033300768
ray_gpis,Bowl,14,0,2,0.48856666666666665,0.6513088590667877,0.48856666666666665,0.2003712748930956,8.377070441216247
ray_gpis,Bowl,14,0,3,0.5070333333333333,0.6688145487063475,0.5070333333333333,0.22915656810396853,7.906329400814697
ray_gpis,Bowl,14,0,4,0.5638333333333333,0.7149635145287098,0.5638333333333333,0.2626977999219986,7.322080620819053
ray_gpis,Bowl,14,0,5,0.5820333333333333,0.7296124907209216,0.5820333333333333,0.2893613350333412,7.0600393720867585
ray_gpis,Bowl,2,0,0,0.20933333333333334,0.3461962513781698,0.20933333333333334,0.12317005331662058,16.863481536826022
ray_gpis,Bowl,2,0,1,0.2975,0.45857418111753373,0.2975,0.19066750467101848,12.49304815201988
ray_gpis,Bowl,2,0,2,0.4909,0.6585284056610102,0.4909,0.3080386250939823,7.840505672290068
ray_gpis,Bowl,2,0,3,0.6592,0.7945998071359691,0.6592,0.35742659240934194,6.002650230337217
ray_gpis,Bowl,2,0,4,0.6939,0.8192927563610602,0.6939,0.3886408111638424,5.663113578737872
ray_gpis,Bowl,2,0,5,0.7524333333333333,0.8587297662298138,0.7524333333333333,0.41885923165332006,5.465466488694966
ray_gpis,Bowl,6,0,0,0.13506666666666667,0.2379889580641372,0.13506666666666667,0.09351432885550154,29.222796302929943
ray_gpis,Bowl,6,0,1,0.2216,0.362454998615342,0.2216,0.1663609163111757,16.410805997148326
ray_gpis,Bowl,6,0,2,0.43216666666666664,0.6029120611130165,0.43216666666666664,0.2934531627758292,10.36361237726295
ray_gpis,Bowl,6,0,3,0.46153333333333335,0.6309898103162697,0.46153333333333335,0.3456834636069433,10.34469079606083
ray_gpis,Bowl,6,0,4,0.5709333333333333,0.7263110585486469,0.5709333333333333,0.38581500437450333,7.11518278360126
ray_gpis,Bowl,6,0,5,0.7089666666666666,0.8280506318025617,0.7089666666666666,0.4122887040763033,5.839306374754266
ray_gpis,Bowl,3,0,0,0.0727,0.1267962270313637,0.0727,0.0741146594561156,32.87064033935435
ray_gpis,Bowl,3,0,1,0.27786666666666665,0.40076491915095047,0.27786666666666665,0.197212501115949,14.436170591757243
ray_gpis,Bowl,3,0,2,0.3196333333333333,0.4545010893526905,0.3196333333333333,0.23450938833797458,12.420907015199374
ray_gpis,Bowl,3,0,3,0.5066,0.6368188389097232,0.5066,0.276759607969512,8.787093733696638
ray_gpis,Bowl,3,0,4,0.6233333333333333,0.7349371338186161,0.6233333333333333,0.31866032479909195,7.469708365059048
ray_gpis,Bowl,3,0,5,0.6478333333333334,0.7548997847460083,0.6478333333333334,0.3509017067093751,7.2035095415410835
ray_gpis,Bowl,9,0,0,0.1809,0.3054678694531311,0.1809,0.12579715482709228,19.73002489052377
ray_gpis,Bowl,9,0,1,0.24,0.38641686182669793,0.24,0.17725801185862722,17.33736802799084
ray_gpis,Bowl,9,0,2,0.40423333333333333,0.5747705079828642,0.40423333333333333,0.283111275229115,9.520029028481018
ray_gpis,Bowl,9,0,3,0.482,0.6486299075635684,0.482,0.3372062561027651,8.234430861305604
ray_gpis,Bowl,9,0,4,0.5624333333333333,0.7168417688215032,0.5624333333333333,0.37280530913181686,7.592673632793009
ray_gpis,Bowl,9,0,5,0.6551,0.7868292232459476,0.6551,0.3936742670187679,6.498933460885855
ray_gpis,Bowl,10,0,0,0.13056666666666666,0.23097561694725358,0.13056666666666666,0.07331810565069277,28.74035976668446
ray_gpis,Bowl,10,0,1,0.20636666666666667,0.34212925865546684,0.20636666666666667,0.1640691571426924,16.079131726155797
ray_gpis,Bowl,10,0,2,0.3379333333333333,0.5051572076336638,0.3379333333333333,0.22187664446182587,10.430915433163644
ray_gpis,Bowl,10,0,3,0.4337666666666667,0.6035022919402425,0.4337666666666667,0.3007492088124745,9.112812080563367
ray_gpis,Bowl,10,0,4,0.4792,0.6353093608494871,0.4792,0.36377613167868644,9.153509410356774
ray_gpis,Bowl,10,0,5,0.551,0.6923850213621514,0.551,0.4082583645658199,8.102513681662387
ray_gpis,Bowl,5,0,0,0.1464,0.25540823447313327,0.1464,0.12500942025251996,24.337490441049923
ray_gpis,Bowl,5,0,1,0.3478333333333333,0.5161370100160751,0.3478333333333333,0.19639476926578306,10.103533848945453
ray_gpis,Bowl,5,0,2,0.49033333333333334,0.6580183404160144,0.49033333333333334,0.25930863082817746,7.738348176785216
ray_gpis,Bowl,5,0,3,0.49323333333333336,0.6606245953970132,0.49323333333333336,0.2962450918757258,7.765871026181731
ray_gpis,Bowl,5,0,4,0.6143666666666666,0.7606162459368361,0.6143666666666666,0.39888453496377835,6.2863143880502514
ray_gpis,Bowl,5,0,5,0.7340333333333333,0.8455366571688238,0.7340333333333333,0.46982027633455353,5.585086926922951
ray_gpis,Bowl,11,0,0,0.14916666666666667,0.25144863915715543,0.14916666666666667,0.11544410090357433,20.56640360895554
ray_gpis,Bowl,11,0,1,0.33573333333333333,0.48931307240609917,0.33573333333333333,0.22131995751227462,10.545513945394852
ray_gpis,Bowl,11,0,2,0.4404,0.5969777723008672,0.4404,0.293291982193629,9.377105850200149
ray_gpis,Bowl,11,0,3,0.5189333333333334,0.6706899958407354,0.5189333333333334,0.34038329531306255,7.944438188395605
ray_gpis,Bowl,11,0,4,0.5638333333333333,0.6715530089725675,0.5638333333333333,0.37093653550428973,8.691133593511289
ray_gpis,Bowl,11,0,5,0.5865333333333334,0.6951492627413655,0.5865333333333334,0.4058865846989985,8.268128127265184
ray_gpis,Bowl,0,0,0,0.2275,0.37067209775967414,0.2275,0.10805287727237904,17.199486013253825
ray_gpis,Bowl,0,0,1,0.23886666666666667,0.37906628817395294,0.23886666666666667,0.1646422294908033,17.36829103379525
ray_gpis,Bowl,0,0,2,0.27836666666666665,0.4296733548310955,0.27836666666666665,0.20960986099070883,13.77651259908803
ray_gpis,Bowl,0,0,3,0.4713,0.630487108885144,0.4713,0.2923415948421029,8.482320247958633
ray_gpis,Bowl,0,0,4,0.5107666666666667,0.6669029627836597,0.5107666666666667,0.341600018754824,7.784738063441371
ray_gpis,Bowl,0,0,5,0.5537,0.7041673074602876,0.5537,0.3911509873125148,6.824353429992272
ray_gpis,Cube,8,0,0,0.17773333333333333,0.30182271029095437,0.17773333333333333,0.02490986261363172,20.477832961424475
ray_gpis,Cube,8,0,1,0.3224,0.48759830611010285,0.3224,0.04756109017126397,14.128288069736259
ray_gpis,Cube,8,0,2,0.33116666666666666,0.4975585326155002,0.33116666666666666,0.07269815636651626,14.080917321873777
ray_gpis,Cube,8,0,3,0.4915,0.6538289305963685,0.4915,0.09554240887870961,10.226221500344838
ray_gpis,Cube,8,0,4,0.6566,0.780936228817618,0.6566,0.12046346959870338,6.725527473705313
ray_gpis,Cube,8,0,5,0.6821333333333334,0.7785525246212097,0.6821333333333334,0.1444373745007051,7.0663873130834585
ray_gpis,Cube,13,0,0,0.21983333333333333,0.3604317529717174,0.21983333333333333,0.026688397361670717,19.625289293515497
ray_gpis,Cube,13,0,1,0.46416666666666667,0.6340352874217416,0.46416666666666667,0.05185632722169419,10.547786560597828
ray_gpis,Cube,13,0,2,0.6222666666666666,0.7671570641900222,0.6222666666666666,0.07702429185082277,7.564320111782311
ray_gpis,Cube,13,0,3,0.8823666666666666,0.9375077473393424,0.8823666666666666,0.10567831359947497,4.276687395249041
ray_gpis,Cube,13,0,4,0.8934666666666666,0.943736356594606,0.8934666666666666,0.13160096601379456,4.216203592810289
ray_gpis,Cube,13,0,5,0.9254,0.9612548041965306,0.9254,0.15374312633851578,4.077229552125429
ray_gpis,Cube,4,0,0,0.2898,0.44864678234914124,0.2898,0.02939004597090049,18.328451001269855
ray_gpis,Cube,4,0,1,0.4940333333333333,0.6604611556302097,0.4940333333333333,0.057264793619439536,10.233440832453486
ray_gpis,Cube,4,0,2,0.6487666666666667,0.7860623608300896,0.6487666666666667,0.0855533920582467,6.940584241522072
ray_gpis,Cube,4,0,3,0.6956666666666667,0.7504374123896237,0.6956666666666667,0.11224256244693265,8.153501881098917
ray_gpis,Cube,4,0,4,0.7125,0.755184331797235,0.7125,0.13374769654279894,8.132026053819795
ray_gpis,Cube,4,0,5,0.7222666666666666,0.7696658723730019,0.7222666666666666,0.1533339542236704,7.744909733273424
ray_gpis,Cube,1,0,0,0.3661333333333333,0.536014054265079,0.3661333333333333,0.029754562428498096,14.311297155185963
ray_gpis,Cube,1,0,1,0.37703333333333333,0.5476023335189175,0.37703333333333333,0.055298837595357135,14.23686834158281
ray_gpis,Cube,1,0,2,0.49206666666666665,0.6595773200482552,0.49206666666666665,0.0783753397755457,10.655805143870879
ray_gpis,Cube,1,0,3,0.4972,0.6641731231632381,0.4972,0.10117336921872296,10.60806439625492
ray_gpis,Cube,1,0,4,0.6107,0.7583038430496057,0.6107,0.12741918699855112,8.419372901045042
ray_gpis,Cube,1,0,5,0.6642666666666667,0.798269508091652,0.6642666666666667,0.15136699821361338,7.549807999603358
ray_gpis,Cube,12,0,0,0.25916666666666666,0.41164791528788874,0.25916666666666666,0.02865017546961271,17.105184281018502
ray_gpis,Cube,12,0,1,0.46336666666666665,0.62865920224816,0.46336666666666665,0.053545590042439924,10.742563036427342
ray_gpis,Cube,12,0,2,0.6303666666666666,0.7684247885121421,0.6303666666666666,0.08231758810234946,7.116569153573473
ray_gpis,Cube,12,0,3,0.6436666666666667,0.7792020760662113,0.6436666666666667,0.10713329380685457,6.739618575977049
ray_gpis,Cube,12,0,4,0.7640666666666667,0.8622545715616509,0.7640666666666667,0.13094853909090473,5.870733629102698
ray_gpis,Cube,12,0,5,0.7874666666666666,0.8777110837218797,0.7874666666666666,0.15421874150084525,5.551011498953145
ray_gpis,Cube,7,0,0,0.08696666666666666,0.14526554959627638,0.08696666666666666,0.027201768810523583,26.14842704991913
ray_gpis,Cube,7,0,1,0.2502333333333333,0.36337457171091475,0.2502333333333333,0.054681554288108995,18.797487801754183
ray_gpis,Cube,7,0,2,0.37156666666666666,0.5021830618376346,0.37156666666666666,0.07736115559735034,13.244726556587887
ray_gpis,Cube,7,0,3,0.4937666666666667,0.6223839762056885,0.4937666666666667,0.10058343102222801,9.969792395742461
ray_gpis,Cube,7,0,4,0.5655,0.6869290142983677,0.5655,0.12201639586266022,8.540745810464028
ray_gpis,Cube,7,0,5,0.7392666666666666,0.8118742590825766,0.7392666666666666,0.1479042844084706,6.070661563927834
ray_gpis,Cube,14,0,0,0.2702333333333333,0.4254861311570053,0.2702333333333333,0.0262179276770345,18.033151435898066
ray_gpis,Cube,14,0,1,0.2774,0.43431971191482693,0.2774,0.04911270493684991,17.75795012566417
ray_gpis,Cube,14,0,2,0.40826666666666667,0.5567561951270197,0.40826666666666667,0.07538366863240645,10.393796944611259
ray_gpis,Cube,14,0,3,0.5658666666666666,0.6951122550879996,0.5658666666666666,0.10310148517930362,7.3548694219028
ray_gpis,Cube,14,0,4,0.6400666666666667,0.7564662654908324,0.6400666666666667,0.12740801326416468,6.458655670229177
ray_gpis,Cube,14,0,5,0.7820666666666667,0.8470847484941744,0.7820666666666667,0.15125830367120827,5.652655266033444
ray_gpis,Cube,2,0,0,0.10363333333333333,0.18272884254652677,0.10363333333333333,0.022136414996812515,29.21737791822152
ray_gpis,Cube,2,0,1,0.1507,0.25654163829444393,0.1507,0.04048516730595006,26.303858685733513
ray_gpis,Cube,2,0,2,0.4527333333333333,0.6089995660768527,0.4527333333333333,0.06734267895327681,11.783598707319149
ray_gpis,Cube,2,0,3,0.6043333333333333,0.7379334516716224,0.6043333333333333,0.09250628641087615,8.970182207144966
ray_gpis,Cube,2,0,4,0.6617,0.7801316751143822,0.6617,0.11355055804256607,6.971469339057245
ray_gpis,Cube,2,0,5,0.8071,0.876354398228804,0.8071,0.13802155386335407,5.594270002979087
ray_gpis,Cube,6,0,0,0.31306666666666666,0.47684809098294073,0.31306666666666666,0.030165925279461173,15.872777399130705
ray_gpis,Cube,6,0,1,0.549,0.7088444157520982,0.549,0.059641178291659026,9.741976640416064
ray_gpis,Cube,6,0,2,0.554,0.7123197249677696,0.554,0.0847476383385684,9.688990467240046
ray_gpis,Cube,6,0,3,0.7392666666666666,0.8492896630684232,0.7392666666666666,0.10959787767446359,5.753098207562113
ray_gpis,Cube,6,0,4,0.8949,0.9437747270936915,0.8949,0.13104815395923208,4.489966580129426
ray_gpis,Cube,6,0,5,0.9123,0.9534873047995815,0.9123,0.1533920091561622,4.279022213590179
ray_gpis,Cube,3,0,0,0.23543333333333333,0.3811348244880339,0.23543333333333333,0.027304995666152892,20.45583711666264
ray_gpis,Cube,3,0,1,0.3310666666666667,0.43967238144875825,0.3310666666666667,0.053265200034442337,15.658771446690908
ray_gpis,Cube,3,0,2,0.5253,0.6235880564173278,0.5253,0.07920705455432976,10.793780941380097
ray_gpis,Cube,3,0,3,0.5417666666666666,0.6488816587257525,0.5417666666666666,0.10378725581001266,10.04794342215359
ray_gpis,Cube,3,0,4,0.7616666666666667,0.8016293428500656,0.7616666666666667,0.13159678548904877,6.709499797934178
ray_gpis,Cube,3,0,5,0.7974333333333333,0.8347425582235933,0.7974333333333333,0.15455305037763434,6.030703166092116
ray_gpis,Cube,9,0,0,0.2765666666666667,0.43168516314924765,0.2765666666666667,0.029264911732109856,17.45987678136968
ray_gpis,Cube,9,0,1,0.3547666666666667,0.5224983724073511,0.3547666666666667,0.053856737540111894,14.464741097514882
ray_gpis,Cube,9,0,2,0.5664666666666667,0.7216204397504532,0.5664666666666667,0.08047911502209582,8.373140208224926
ray_gpis,Cube,9,0,3,0.7847666666666666,0.8777345921263889,0.7847666666666666,0.10791835947712644,4.926555753799708
ray_gpis,Cube,9,0,4,0.8863666666666666,0.9382084656055076,0.8863666666666666,0.13493522420407783,4.3360301583969845
ray_gpis,Cube,9,0,5,0.8969666666666667,0.9355326985533929,0.8969666666666667,0.16139669927424688,4.492385156699213
ray_gpis,Cube,10,0,0,0.25116666666666665,0.3921929847929393,0.25116666666666665,0.028527532113095368,18.881311560294424
ray_gpis,Cube,10,0,1,0.3248333333333333,0.4826910768102563,0.3248333333333333,0.05291824742813134,16.455903443189722
ray_gpis,Cube,10,0,2,0.36566666666666664,0.5294383292942316,0.36566666666666664,0.07431672935498172,15.457238140679657
ray_gpis,Cube,10,0,3,0.40696666666666664,0.5715494497357264,0.40696666666666664,0.09259292778036213,14.690954640196885
ray_gpis,Cube,10,0,4,0.5370333333333334,0.6902505792008422,0.5370333333333334,0.12230375086751295,10.222492810954826
ray_gpis,Cube,10,0,5,0.6467,0.77660183034122,0.6467,0.14724099172233737,8.015842250590936
ray_gpis,Cube,5,0,0,0.1439,0.2515954191799983,0.1439,0.021075632584931066,26.905502230801204
ray_gpis,Cube,5,0,1,0.1973,0.3292767412527584,0.1973,0.03980544077373318,25.173340593383188
ray_gpis,Cube,5,0,2,0.40536666666666665,0.5763659431432908,0.40536666666666665,0.06687090481796999,14.15643918834934
ray_gpis,Cube,5,0,3,0.40896666666666665,0.5784522497498774,0.40896666666666665,0.08860437895007511,14.435187465123203
ray_gpis,Cube,5,0,4,0.457,0.6254007582834515,0.457,0.11316158608104077,12.254279893130352
ray_gpis,Cube,5,0,5,0.6391333333333333,0.7769439904983795,0.6391333333333333,0.1388155802551593,7.542759105542653
ray_gpis,Cube,11,0,0,0.3194666666666667,0.4842360549717058,0.3194666666666667,0.02946991169649294,16.24595894604475
ray_gpis,Cube,11,0,1,0.3574333333333333,0.5266311421064264,0.3574333333333333,0.05369281058458919,14.933586933786923
ray_gpis,Cube,11,0,2,0.5073,0.6723622046189952,0.5073,0.07474708830383013,9.051229085418383
ray_gpis,Cube,11,0,3,0.5234,0.6865131176482411,0.5234,0.09487899757439491,8.935017346252165
ray_gpis,Cube,11,0,4,0.5865,0.7387967402759384,0.5865,0.1166161926192145,8.253391662099846
ray_gpis,Cube,11,0,5,0.6632,0.7657739255615871,0.6632,0.1402733352783426,7.180072159757974
ray_gpis,Cube,0,0,0,0.16996666666666665,0.29054958830735916,0.16996666666666665,0.023026752362169365,27.026487656286236
ray_gpis,Cube,0,0,1,0.18036666666666668,0.30561125074129514,0.18036666666666668,0.041837071293842676,26.220592930064015
ray_gpis,Cube,0,0,2,0.1964,0.32831828819792713,0.1964,0.06502930508883763,25.600162698600535
ray_gpis,Cube,0,0,3,0.32693333333333335,0.4927652733118971,0.32693333333333335,0.08523237874767124,17.045004207765444
ray_gpis,Cube,0,0,4,0.4762,0.6451700311610893,0.4762,0.1127704864017518,10.280942556820927
ray_gpis,Cube,0,0,5,0.5869,0.7396811393282501,0.5869,0.13573945837257617,7.430820111188277
ray_gpis,Thin_Irregular,8,0,0,0.11483333333333333,0.18420940359340027,0.11483333333333333,0.4520053143975737,25.954654398097702
ray_gpis,Thin_Irregular,8,0,1,0.17523333333333332,0.24352524490324423,0.17523333333333332,0.47341640109990846,24.77932141058637
ray_gpis,Thin_Irregular,8,0,2,0.3841,0.47350322483054513,0.3841,0.6632957303408386,16.536367912632667
ray_gpis,Thin_Irregular,8,0,3,0.41613333333333336,0.5242549774137886,0.41613333333333336,0.7964218535596923,15.071686061356782
ray_gpis,Thin_Irregular,8,0,4,0.5638,0.6487009900459979,0.5638,0.9541206541306795,10.048131160879217
ray_gpis,Thin_Irregular,8,0,5,0.5818666666666666,0.6733201845434105,0.5818666666666666,0.9541206541306795,9.550587977841461
ray_gpis,Thin_Irregular,13,0,0,0.29723333333333335,0.45825731685381715,0.29723333333333335,0.4366126708191086,20.57812092349087
ray_gpis,Thin_Irregular,13,0,1,0.4454666666666667,0.6163638040771147,0.4454666666666667,0.774850622973516,13.826743281335187
ray_gpis,Thin_Irregular,13,0,2,0.6748666666666666,0.8058750945348884,0.6748666666666666,0.9331691203835194,7.448852165447441
ray_gpis,Thin_Irregular,13,0,3,0.7392666666666666,0.8500900762773583,0.7392666666666666,0.9549643934043898,6.318547619208415
ray_gpis,Thin_Irregular,13,0,4,0.7794333333333333,0.8746037555058636,0.7794333333333333,0.9549643934043898,5.899684613562102
ray_gpis,Thin_Irregular,13,0,5,0.7907666666666666,0.881926528632792,0.7907666666666666,0.9549643934043898,5.642039880532582
ray_gpis,Thin_Irregular,4,0,0,0.3568,0.5259433962264151,0.3568,0.4580955779271023,18.81048370507737
ray_gpis,Thin_Irregular,4,0,1,0.3773,0.5450328051492561,0.3773,0.5056180240891882,18.688138367461548
ray_gpis,Thin_Irregular,4,0,2,0.6116666666666667,0.7532953214934238,0.6116666666666667,0.8210637617646593,8.758114441775916
ray_gpis,Thin_Irregular,4,0,3,0.6919333333333333,0.8130306638074682,0.6919333333333333,0.9329059072892176,7.4298005942011
ray_gpis,Thin_Irregular,4,0,4,0.8119333333333333,0.8911123853869757,0.8119333333333333,0.9886855707190861,5.489837949017477
ray_gpis,Thin_Irregular,4,0,5,0.8529333333333333,0.9157376170619758,0.8529333333333333,0.9992896201088315,5.222997833196252
ray_gpis,Thin_Irregular,1,0,0,0.2698333333333333,0.42499015618847613,0.2698333333333333,0.499141043714324,23.77791606287659
ray_gpis,Thin_Irregular,1,0,1,0.40763333333333335,0.5791754481517442,0.40763333333333335,0.6574595411243275,16.786862093502034
ray_gpis,Thin_Irregular,1,0,2,0.6646333333333333,0.7974885272186936,0.6646333333333333,0.8639980919375198,7.805218386110686
ray_gpis,Thin_Irregular,1,0,3,0.7385666666666667,0.8487644878067199,0.7385666666666667,0.8659361091417332,6.780391378103658
ray_gpis,Thin_Irregular,1,0,4,0.8657666666666667,0.9268163978207173,0.8657666666666667,0.9994370785645554,4.997512508773338
ray_gpis,Thin_Irregular,1,0,5,0.9039,0.9484119656551384,0.9039,1.0,4.603292429332223
ray_gpis,Thin_Irregular,12,0,0,0.3023,0.4638088138208779,0.3023,0.4474268645346019,22.800906983139328
ray_gpis,Thin_Irregular,12,0,1,0.394,0.5020167344321899,0.394,0.7857139695075839,15.118667670946586
ray_gpis,Thin_Irregular,12,0,2,0.5305333333333333,0.6143612538584851,0.5305333333333333,0.9421927553505236,11.601747032001986
ray_gpis,Thin_Irregular,12,0,3,0.612,0.6901747751725197,0.612,0.9457976146275683,9.894274279804726
ray_gpis,Thin_Irregular,12,0,4,0.7591,0.7933829995254459,0.7591,0.9993515802495684,7.615347381505086
ray_gpis,Thin_Irregular,12,0,5,0.7672,0.810262886470526,0.7672,0.9996020608969222,7.266860326941773
ray_gpis,Thin_Irregular,7,0,0,0.049933333333333337,0.08378774385723248,0.049933333333333337,0.49513711026369545,37.075311455751596
ray_gpis,Thin_Irregular,7,0,1,0.2829333333333333,0.39293062299399223,0.2829333333333333,0.5416626149677154,21.48409823816202
ray_gpis,Thin_Irregular,7,0,2,0.3033,0.4321315478127745,0.3033,0.6517142017437841,19.771214368341372
ray_gpis,Thin_Irregular,7,0,3,0.34796666666666665,0.48560131451904043,0.34796666666666665,0.654554352798093,18.307267169822143
ray_gpis,Thin_Irregular,7,0,4,0.49246666666666666,0.621003399251719,0.49246666666666666,0.8455311824297247,13.156138842717723
ray_gpis,Thin_Irregular,7,0,5,0.6394666666666666,0.7355473300385313,0.6394666666666666,0.996652292141107,8.610644602282887
ray_gpis,Thin_Irregular,14,0,0,0.13896666666666666,0.244022359448623,0.13896666666666666,0.3868575088396164,33.048018410832185
ray_gpis,Thin_Irregular,14,0,1,0.3375,0.5029344220464405,0.3375,0.8199865414213373,16.83550876225126
ray_gpis,Thin_Irregular,14,0,2,0.5488666666666666,0.7068708773483146,0.5488666666666666,0.8649185480748531,9.907596593819676
ray_gpis,Thin_Irregular,14,0,3,0.7629666666666667,0.8636070592364,0.7629666666666667,0.9998525415442759,5.879642533524336
ray_gpis,Thin_Irregular,14,0,4,0.7971333333333334,0.8850306387215581,0.7971333333333334,0.9999016943628507,5.650896650873269
ray_gpis,Thin_Irregular,14,0,5,0.8066666666666666,0.8903734901846876,0.8066666666666666,0.9999508471814254,5.632417024707274
ray_gpis,Thin_Irregular,2,0,0,0.0889,0.15545311814035168,0.0889,0.48122817202259455,38.727911615609514
ray_gpis,Thin_Irregular,2,0,1,0.16806666666666667,0.2535141456581918,0.16806666666666667,0.763917221583061,29.474885426391758
ray_gpis,Thin_Irregular,2,0,2,0.39686666666666665,0.5040094970749026,0.39686666666666665,0.7857616474225059,16.472479426677058
ray_gpis,Thin_Irregular,2,0,3,0.5662666666666667,0.6391539612859946,0.5662666666666667,0.9772197986760652,10.865451919443439
ray_gpis,Thin_Irregular,2,0,4,0.7028,0.7426890892080443,0.7028,0.9994964681940773,8.37917523933303
ray_gpis,Thin_Irregular,2,0,5,0.8461,0.8339252273052541,0.8461,0.9994964681940773,6.969982838118526
ray_gpis,Thin_Irregular,6,0,0,0.0443,0.07219226708800669,0.0443,0.49655644956441103,46.06284650689086
ray_gpis,Thin_Irregular,6,0,1,0.21766666666666667,0.3163480751329695,0.21766666666666667,0.52024058697092,29.016219076014114
ray_gpis,Thin_Irregular,6,0,2,0.28503333333333336,0.40760721866126787,0.28503333333333336,0.630243020928414,24.693706078153497
ray_gpis,Thin_Irregular,6,0,3,0.4426,0.5624631864810549,0.4426,0.8630584040366613,15.305233813770728
ray_gpis,Thin_Irregular,6,0,4,0.6403,0.7196421067034137,0.6403,0.9994935184488258,9.067794256760687
ray_gpis,Thin_Irregular,6,0,5,0.6488666666666667,0.7311484259400363,0.6488666666666667,0.9994935184488258,8.860170094533201
ray_gpis,Thin_Irregular,3,0,0,0.17556666666666668,0.2986928289902742,0.17556666666666668,0.38662007256354847,27.795951128806035
ray_gpis,Thin_Irregular,3,0,1,0.20056666666666667,0.28351918539710996,0.20056666666666667,0.6871364862540857,25.602892869221286
ray_gpis,Thin_Irregular,3,0,2,0.351,0.4573262817513665,0.351,0.7971389202115797,20.483792540291176
ray_gpis,Thin_Irregular,3,0,3,0.48846666666666666,0.5928318866494551,0.48846666666666666,0.8660423507255347,13.078249460785297
ray_gpis,Thin_Irregular,3,0,4,0.6864,0.7390556949110891,0.6864,0.9994935184488256,8.088586241640394
ray_gpis,Thin_Irregular,3,0,5,0.6946333333333333,0.7546238456512604,0.6946333333333333,0.9996020608969222,7.815418851684944
ray_gpis,Thin_Irregular,9,0,0,0.21733333333333332,0.35706462212486306,0.21733333333333332,0.35906075342246346,28.82600918288509
ray_gpis,Thin_Irregular,9,0,1,0.5233333333333333,0.687089715536105,0.5233333333333333,0.6627381549914266,11.488450858894124
ray_gpis,Thin_Irregular,9,0,2,0.5825,0.7218497285394283,0.5825,0.978385220495677,9.248453518368681
ray_gpis,Thin_Irregular,9,0,3,0.7898,0.86687522207415,0.7898,0.978385220495677,5.693715609222734
ray_gpis,Thin_Irregular,9,0,4,0.8347,0.8955484326703061,0.8347,0.9995529080783475,5.284666173071585
ray_gpis,Thin_Irregular,9,0,5,0.8826,0.9186446044998726,0.8826,0.9998033887257013,5.077334916526129
ray_gpis,Thin_Irregular,10,0,0,0.2685,0.4222912395581531,0.2685,0.3893425080968242,23.281099430178365
ray_gpis,Thin_Irregular,10,0,1,0.2956,0.45545309950982293,0.2956,0.39104577054128203,21.542770712069217
ray_gpis,Thin_Irregular,10,0,2,0.36973333333333336,0.5388756097087002,0.36973333333333336,0.657635532789812,18.230891481389982
ray_gpis,Thin_Irregular,10,0,3,0.4583,0.6268034325775862,0.4583,0.657635532789812,14.525126498343349
ray_gpis,Thin_Irregular,10,0,4,0.5222333333333333,0.68420902707169,0.5222333333333333,0.680476900087323,12.689964546411169
ray_gpis,Thin_Irregular,10,0,5,0.6293666666666666,0.7696276250584619,0.6293666666666666,0.8632801643365682,8.22546597034509
ray_gpis,Thin_Irregular,5,0,0,0.0456,0.07689713322091063,0.0456,0.47220427497104417,42.71996652277145
ray_gpis,Thin_Irregular,5,0,1,0.21403333333333333,0.3206470999483258,0.21403333333333333,0.4950947950871297,28.380466243854674
ray_gpis,Thin_Irregular,5,0,2,0.314,0.44796668885134555,0.314,0.6070043898290759,23.546231529669203
ray_gpis,Thin_Irregular,5,0,3,0.43466666666666665,0.5727208163570441,0.43466666666666665,0.65387184317559,17.609974993177417
ray_gpis,Thin_Irregular,5,0,4,0.5637333333333333,0.6862952792045514,0.5637333333333333,0.8097099992090439,12.024599337735873
ray_gpis,Thin_Irregular,5,0,5,0.6665,0.7611936424436965,0.6665,0.9786254643320835,8.962256309978958
ray_gpis,Thin_Irregular,11,0,0,0.22893333333333332,0.3725724205272865,0.22893333333333332,0.4781419596972961,23.056018266436585
ray_gpis,Thin_Irregular,11,0,1,0.3917,0.5617951539569856,0.3917,0.7489019042358113,13.04850136925929
ray_gpis,Thin_Irregular,11,0,2,0.42323333333333335,0.5639091008172719,0.42323333333333335,0.7489019042358113,13.379917457374065
ray_gpis,Thin_Irregular,11,0,3,0.5045666666666667,0.6422339333868535,0.5045666666666667,0.7507416158028755,12.031931251939868
ray_gpis,Thin_Irregular,11,0,4,0.6190333333333333,0.7364203251438318,0.6190333333333333,0.9053806900787507,9.507287847869021
ray_gpis,Thin_Irregular,11,0,5,0.7661,0.8374458285390959,0.7661,0.9529680137448059,6.336951268984632
ray_gpis,Thin_Irregular,0,0,0,0.1702,0.29059280287317557,0.1702,0.47210885176944767,31.966738744530474
ray_gpis,Thin_Irregular,0,0,1,0.241,0.3881652244155857,0.241,0.4932634949808324,27.13484603396777
ray_gpis,Thin_Irregular,0,0,2,0.3143666666666667,0.4392785274100076,0.3143666666666667,0.6852949017017032,17.575852450113135
ray_gpis,Thin_Irregular,0,0,3,0.5031,0.6167616118106037,0.5031,0.8646934784660081,12.352902554042481
ray_gpis,Thin_Irregular,0,0,4,0.667,0.7455104987037044,0.667,0.9975864325395877,8.13152703718157
ray_gpis,Thin_Irregular,0,0,5,0.7418,0.7988948604089317,0.7418,0.9975864325395877,6.793404313028655
