planner,object,initial_pose_seed,planner_seeds,final_recall@5,final_f@5,final_chamfer_mm,final_visibility_coverage,visibility_coverage_auc,recall@5_auc,f@5_auc,cumulative_active_gain_f@5,unseen_surface_discovery_ratio,unique_visibility_gain_per_action,selected_gain_f@5_per_action,oracle_gain_f@5_per_action,score_gain_correlation,correlation_valid_rate,oracle_regret_f@5,oracle_action_accuracy,zero_unique_gain_action_rate,consecutive_score_map_correlation,action_repetition_rate,representation_update_s,candidate_scoring_s,planning_time_s
ray_gpis,Bowl,0,1,0.5537,0.7041673074602876,6.824353429992272,0.3911509873125148,0.2515591272741772,0.37798000000000004,0.5287098834567666,0.3334952097006134,0.3173933777311898,0.05661962200802715,0.06669904194012269,0.07896531506857606,0.0,1.0,0.012266273128453376,0.2,0.0,0.8878050612268251,1.0,0.11616897960193455,6.794760120101273e-05,0.11623692720313557
ray_gpis,Bowl,1,1,0.5543,0.6866486212468427,7.705897562968416,0.28855396430098273,0.2273378524897161,0.42513666666666666,0.5536971247973528,0.38434541259990695,0.20098558763950658,0.03579169470456335,0.0768690825199814,0.09591742668311165,-0.1,1.0,0.01904834416313026,0.4,0.0,0.7198649218928815,0.75,0.11472812760330271,6.471440137829631e-05,0.11479284200468101
ray_gpis,Bowl,2,1,0.7524333333333333,0.8587297662298138,5.465466488694966,0.41885923165332006,0.30315763516463107,0.5244766666666667,0.666691631815913,0.512533514851644,0.3372252275998871,0.0591378356673399,0.1025067029703288,0.11579168956535582,0.3,1.0,0.013284986595027004,0.4,0.0,0.8342705710688945,0.5,0.11561498779628891,6.525720236822962e-05,0.11568024499865714
ray_gpis,Bowl,3,1,0.6478333333333334,0.7548997847460083,7.2035095415410835,0.3509017067093751,0.24793000106105456,0.41753999999999997,0.5335739974241334,0.6281035577146445,0.29894311437166615,0.055357409450651894,0.12562071154292892,0.14409185467752517,0.5,1.0,0.018471143134596257,0.6,0.0,0.8307889287886718,0.5,0.10783060620015021,6.563040078617632e-05,0.10789623660093639
ray_gpis,Bowl,4,1,0.8523,0.8523492591454961,5.7808200092048265,0.5298106508671906,0.3339842877543338,0.5929133333333334,0.6984010766331148,0.41293916212882376,0.4628482954988943,0.08102974894587062,0.08258783242576476,0.09422043398712769,0.6,1.0,0.011632601561362943,0.6,0.0,0.7513795705539024,1.0,0.11111781300278381,5.8457598788663746e-05,0.11117627060157247
ray_gpis,Bowl,5,1,0.7340333333333333,0.8455366571688238,5.585086926922951,0.46982027633455353,0.2896495750454003,0.47719666666666666,0.6291737275173833,0.5901284226956904,0.3940737924076223,0.06896217121640671,0.11802568453913809,0.1192103929821819,0.6,1.0,0.0011847084430437916,0.8,0.0,0.7195233820668343,1.0,0.12366785400372464,6.837680120952427e-05,0.12373623080493416
ray_gpis,Bowl,6,1,0.7089666666666666,0.8280506318025617,5.839306374754266,0.4122887040763033,0.2888428127068708,0.42164999999999997,0.5711375447053249,0.5900616737384244,0.35165958532839015,0.06375487504416036,0.11801233474768488,0.14411747326422825,0.1,1.0,0.02610513851654337,0.4,0.0,0.7856690842049022,0.25,0.10536071859824006,6.601880013477058e-05,0.10542673739837483
ray_gpis,Bowl,7,1,0.6143666666666666,0.7590278673925798,7.065405436631386,0.30099526161530116,0.2049764986818537,0.4286033333333334,0.5887143702319508,0.42790653913410504,0.20607896850632573,0.03628828806722462,0.08558130782682101,0.11053455709775953,-0.1,1.0,0.024953249270938515,0.2,0.0,0.8410584515907529,1.0,0.11952480579784605,6.48179993731901e-05,0.11958962379721924
ray_gpis,Bowl,8,1,0.6738333333333333,0.8010915508233307,5.75064241004403,0.4761489725800311,0.29756754670304886,0.4531066666666666,0.6084645843349765,0.4291815299295093,0.40215020178773836,0.07047482394862634,0.08583630598590186,0.08583630598590186,0.7,1.0,0.0,1.0,0.0,0.8704088821812771,1.0,0.12153418779780623,6.661600200459361e-05,0.12160080379981082
ray_gpis,Bowl,9,1,0.6551,0.7868292232459476,6.498933460885855,0.3936742670187679,0.2860233126490509,0.4213333333333333,0.5745615185088346,0.4813613537928165,0.3064244341811682,0.05357542243833513,0.0962722707585633,0.14245964455633933,0.3,1.0,0.04618737379777603,0.4,0.0,0.8044004992561226,0.75,0.12234149840078316,6.26989989541471e-05,0.12240419739973732
ray_gpis,Bowl,10,1,0.551,0.6923850213621514,8.102513681662387,0.4082583645658199,0.2582518754407871,0.35961,0.5095556876467124,0.46140940441489786,0.36144038311044563,0.06698805178302542,0.09228188088297958,0.12067126069522072,0.1,1.0,0.028389379812241156,0.2,0.0,0.8682749343327477,0.75,0.11119333359820302,6.4235003083013e-05,0.11125756860128604
ray_gpis,Bowl,11,1,0.5865333333333334,0.6951492627413655,8.268128127265184,0.4058865846989985,0.29731942266490846,0.44535,0.5803665600939059,0.44370062358421003,0.32834836565118314,0.05808849675908484,0.088740124716842,0.1168770517309023,0.2,1.0,0.028136927014060297,0.6,0.0,0.5989510614557105,0.5,0.11323610339895822,6.618140614591538e-05,0.11330228480510414
ray_gpis,Bowl,12,1,0.7000333333333333,0.8196784579780799,6.371313969027699,0.43150499743388393,0.26964119328279007,0.47958333333333336,0.6369191526564726,0.3307850917362021,0.35060195451421056,0.061384680910809106,0.06615701834724041,0.09476066307426356,0.2,1.0,0.028603644727023148,0.6,0.0,0.8967687829022657,0.75,0.11987543340073899,6.510439852718264e-05,0.11994053779926617
ray_gpis,Bowl,13,1,0.6634,0.7367042563325111,8.758108637627343,0.4315095375564532,0.28835783750259325,0.49692333333333333,0.619262395930166,0.3882773797325497,0.34539000988710056,0.05999020161920678,0.07765547594650994,0.10954989962654191,0.1,1.0,0.031894423680031966,0.4,0.0,0.7883819237811854,0.25,0.11586984380264767,7.558340148534625e-05,0.115945427204133
ray_gpis,Bowl,14,1,0.5820333333333333,0.7296124907209216,7.0600393720867585,0.2893613350333412,0.21362457065581228,0.48422,0.6425574992131873,0.2813701356162547,0.18980020148558455,0.03329533333418098,0.056274027123250935,0.07580273668474322,-0.5,1.0,0.019528709561492285,0.2,0.0,0.9073021572442205,0.0,0.1155698218033649,6.593880243599415e-05,0.1156357606058009
ray_gpis,Corner,0,1,0.6893666666666667,0.8161243858645252,6.431585618319341,0.07825827636029557,0.047550501954911624,0.4816033333333333,0.6281574343123372,0.5584870296094433,0.06453743478503322,0.012718167159232421,0.11169740592188866,0.1133117812816028,0.5,1.0,0.0016143753597141375,0.8,0.0,0.7816658317617147,1.0,0.11181542819540483,7.818179728928954e-05,0.11189360999269411
ray_gpis,Corner,1,1,0.6862333333333334,0.7837734891288495,7.409559182466251,0.07727030930192218,0.04659105858291642,0.4709966666666666,0.6224151069765673,0.3623054544011462,0.062306072603738,0.012262351588838564,0.07246109088022924,0.07246109088022924,0.7,1.0,0.0,1.0,0.0,0.8376829294460972,1.0,0.1259526966023259,7.007639796938748e-05,0.12602277300029527
ray_gpis,Corner,2,1,0.8339,0.8742891272122957,5.519285366363941,0.07879381481246388,0.046219437879202366,0.5779433333333334,0.7088328786895717,0.5332141438015459,0.06732237341561753,0.013298868767570004,0.10664282876030917,0.10698429895117019,0.6,1.0,0.00034147019086101517,0.8,0.0,0.6590073129344467,1.0,0.10182238740380853,6.268660072237254e-05,0.10188507400453091
ray_gpis,Corner,3,1,0.836,0.9089951387172334,4.58368510149456,0.0760925096800801,0.045889024242541834,0.60968,0.7431804670771103,0.4581818157118112,0.062995546317393,0.01242300543411285,0.09163636314236225,0.09244741995350972,0.5,1.0,0.0008110568111474814,0.8,0.0,0.6862624955273785,1.0,0.10515194140316453,6.533660052809864e-05,0.10521727800369263
ray_gpis,Corner,4,1,0.7322333333333333,0.8055666336758369,6.407494051083347,0.07966442829950948,0.04820247720837767,0.5671333333333333,0.6922677191753501,0.38964140200490205,0.06576502148796297,0.012957315887576693,0.0779282804009804,0.0807076745736827,0.7,1.0,0.0027793941727022988,0.6,0.0,0.5578899276150148,1.0,0.10700310259999242,6.709780427627265e-05,0.10707020040426869
ray_gpis,Corner,5,1,0.8140666666666667,0.8528949493527731,5.948448592427487,0.07912283729549886,0.0480602764580171,0.62797,0.7401000264453597,0.5398519600649501,0.06704877373085943,0.013236208448538534,0.10797039201299001,0.11072043394954453,0.5,1.0,0.0027500419365545257,0.8,0.0,0.2856141994735637,0.75,0.11260346379713156,6.492079992312939e-05,0.11266838459705468
ray_gpis,Corner,6,1,0.9095666666666666,0.9509087802878146,4.601097179332467,0.08384016308246452,0.050268865800980354,0.6631066666666667,0.7826708878173838,0.4355795545436233,0.06853309717608137,0.013481374580662137,0.08711591090872466,0.08711591090872466,0.9,1.0,0.0,1.0,0.0,0.6193443865873196,0.75,0.1135570070007816,6.573820137418806e-05,0.11362274520215579
ray_gpis,Corner,7,1,0.7883666666666667,0.8816611060371661,4.665144470329225,0.0818144209218422,0.048056227602892104,0.5046733333333334,0.6468733832892151,0.4781275935448158,0.06805801383846435,0.013410681732360142,0.09562551870896316,0.10780176667851657,0.3,1.0,0.0121762479695534,0.6,0.0,0.7385269440947584,1.0,0.10327926600002683,6.858120323158801e-05,0.10334784720325843
ray_gpis,Corner,8,1,0.871,0.9194023169631615,4.733064901602272,0.08310791054558242,0.04842362011189626,0.5411766666666666,0.6784872314358893,0.5499700262872912,0.07012767158740774,0.01382974960446855,0.10999400525745824,0.10999400525745824,0.6,1.0,0.0,1.0,0.0,0.8313994907301441,0.75,0.11774919719900936,6.693099858239293e-05,0.11781612819759175
ray_gpis,Corner,9,1,0.8557,0.918276073444514,4.9040913536605615,0.079589981872138,0.048932726089015874,0.5848133333333334,0.7147773917520592,0.45127385059773717,0.06528623690118658,0.012857434834490311,0.09025477011954744,0.09960595614384042,0.4,1.0,0.00935118602429299,0.6,0.0,0.7565467813131596,0.75,0.10441828400071244,7.111499726306648e-05,0.10448939899797552
ray_gpis,Corner,10,1,0.7017,0.8242156893895402,6.054664391871033,0.07899626773121995,0.04608299444458643,0.45866666666666667,0.6150463338496441,0.3899368344536042,0.0638502402624409,0.012563440619682948,0.07798736689072085,0.08482218865788314,0.5,1.0,0.006834821767162302,0.8,0.0,0.8916465795948727,1.0,0.1270821979996981,6.626660469919444e-05,0.1271484646043973
ray_gpis,Corner,11,1,0.762,0.8649262202043133,4.9780294265701235,0.07928900412510308,0.045890746680260566,0.4789266666666666,0.6341750574981291,0.40102453049617204,0.06541657163865694,0.012889112944310074,0.0802049060992344,0.09180877480208646,0.6,1.0,0.011603868702852061,0.4,0.0,0.8239265635728998,0.75,0.11276773459394462,6.383420259226114e-05,0.11283156879653689
ray_gpis,Corner,12,1,0.6956666666666667,0.8200483821357416,6.175574926839215,0.0760462619583237,0.046895759786833156,0.51934,0.6747372805476788,0.43139224291563205,0.06218418730534266,0.012253005660624735,0.08627844858312642,0.08627844858312642,0.8,1.0,0.0,1.0,0.0,0.8035677500572211,0.5,0.11884869879868347,6.850920035503805e-05,0.11891720799903852
ray_gpis,Corner,13,1,0.8408,0.8461418234036623,6.3967185267900515,0.07718633566340131,0.04758541103732451,0.6247233333333334,0.6940010333367258,0.41055660190860327,0.06278918807007144,0.012364927930002288,0.08211132038172066,0.09104777122162036,0.2,1.0,0.008936450839899713,0.4,0.0,0.329646372167544,0.5,0.10657177719986066,6.728440057486295e-05,0.10663906160043553
ray_gpis,Corner,14,1,0.8111666666666667,0.8606410488463011,5.856446524947365,0.07728762326622807,0.04565693913178305,0.5139533333333334,0.6436298857567155,0.5054229781755042,0.0655436874187479,0.01294399123507225,0.10108459563510083,0.10108459563510083,1.0,1.0,0.0,1.0,0.0,0.7387558294232088,0.75,0.11325764019857161,6.59536017337814e-05,0.11332359380030539
ray_gpis,Cross,0,1,0.7436666666666667,0.8421263317962965,5.3664206996944595,0.1306089657747208,0.07622432649136596,0.47719000000000006,0.6212624706983142,0.4817841898565812,0.11103082674974446,0.021717109704922015,0.09635683797131625,0.10467072935267865,0.3,1.0,0.008313891381362414,0.8,0.0,0.7501621236852237,1.0,0.09916112579812761,6.819880218245089e-05,0.09922932460031006
ray_gpis,Cross,1,1,0.7679,0.8429112325230477,5.81700745184947,0.12789666660720234,0.07612169778734733,0.5436033333333333,0.6746835682835485,0.455554354600132,0.10764818707148946,0.021041105406765955,0.0911108709200264,0.09291153957567558,0.4,1.0,0.0018006686556491847,0.6,0.0,0.5404857018196383,0.75,0.10417569039855153,6.739279779139906e-05,0.10424308319634293
ray_gpis,Cross,2,1,0.892,0.9048516779864164,5.28493692290111,0.13450852300283972,0.07929479711341816,0.6273666666666667,0.7299389977112781,0.47701392513032165,0.11492029423815883,0.02247538488333522,0.09540278502606434,0.09540278502606434,0.7,1.0,0.0,1.0,0.0,0.8011701296229647,1.0,0.09050143799977377,6.642619846388697e-05,0.09056786419823766
ray_gpis,Cross,3,1,0.6973,0.819673179852234,6.022129332040013,0.134268699893254,0.08116191298078931,0.5252266666666667,0.6759128540102737,0.4972909626007311,0.11307622620556032,0.022074868487354994,0.09945819252014622,0.0997126631913673,0.5,1.0,0.00025447067122108535,0.8,0.0,0.6384150357212368,1.0,0.10498782820359338,6.88837986672297e-05,0.1050567120022606
ray_gpis,Cross,4,1,0.8075666666666667,0.7708073695436188,7.681615944776158,0.13024651221925687,0.07763092826446441,0.47383333333333333,0.5289598727748624,0.7100296568994895,0.10929211366377109,0.021344191177423043,0.1420059313798979,0.14838621669518012,0.6,1.0,0.00638028531528223,0.6,0.0,0.6443850957364767,1.0,0.09915190880419686,6.562900089193135e-05,0.0992175378050888
ray_gpis,Cross,5,1,0.8259333333333333,0.9046697579320164,4.899857089460285,0.13038815392999492,0.0770977120006116,0.6112633333333333,0.735391686842006,0.5455831997479607,0.11038792225626964,0.021581236869124415,0.10911663994959213,0.11027820316253514,0.8,1.0,0.0011615632129430065,0.8,0.0,0.4769175857918052,0.75,0.09892255279992242,6.16008008364588e-05,0.09898415360075888
ray_gpis,Cross,6,1,0.7436333333333334,0.8512465429569903,5.941058892976953,0.1318505424003876,0.08007867394289914,0.5789633333333333,0.7136215000766448,0.4705049226191051,0.11120690637539256,0.021724789749976284,0.09410098452382101,0.09897790762464943,0.1,1.0,0.004876923100828412,0.6,0.0,0.6738364874940106,1.0,0.10425279240007512,6.316140352282673e-05,0.10431595380359795
ray_gpis,Cross,7,1,0.7129333333333333,0.7776393040614316,7.726335449805442,0.12452992787411962,0.07562388160649043,0.53372,0.6762300262868612,0.3895026180524051,0.10340229768027512,0.020193140529787122,0.07790052361048103,0.08911486402935663,0.4,1.0,0.011214340418875613,0.6,0.0,0.556311512932021,1.0,0.10509897119773086,7.513420132454485e-05,0.1051741053990554
ray_gpis,Cross,8,1,0.7192333333333333,0.8203747086539662,5.8646364468782215,0.12652731001813863,0.07472112862670281,0.49853333333333333,0.6250863625357932,0.5785625418915971,0.10753453667161411,0.021049213638409798,0.11571250837831941,0.14241259708330925,0.1,1.0,0.026700088704989834,0.4,0.0,0.5492509850347941,0.5,0.08987062040250748,6.454599788412452e-05,0.0899351664003916
ray_gpis,Cross,9,1,0.8822666666666666,0.9367170802488417,4.5977232871286855,0.1325749667078536,0.07765719158248655,0.6142766666666667,0.7437940349978912,0.5057957695451099,0.11226857885171064,0.021940098869574574,0.10115915390902197,0.1055049401831234,0.5,1.0,0.004345786274101426,0.8,0.0,0.5111769355115586,0.75,0.10225463660026435,7.145159761421383e-05,0.10232608819787856
ray_gpis,Cross,10,1,0.8103333333333333,0.8952310808322592,5.09832169954088,0.1279568758634116,0.07511518928692432,0.54306,0.6846137893016938,0.43788547482619145,0.10740994897229401,0.02098748632864684,0.08757709496523829,0.09322625818713969,0.6,1.0,0.005649163221901399,0.6,0.0,0.6936911693179216,1.0,0.11124894299427979,6.365720473695546e-05,0.11131260019901675
ray_gpis,Cross,11,1,0.7434666666666667,0.80800646169201,6.393989274858368,0.12874937119803798,0.07707122849341941,0.40859000000000006,0.5229921863370384,0.7002763863323388,0.10669272714644325,0.02081167554317527,0.14005527726646777,0.15062401634764477,0.5,1.0,0.010568739081177003,0.6,0.0,0.8989330556370281,1.0,0.08829612259869464,5.9665401931852105e-05,0.08835578800062649
ray_gpis,Cross,12,1,0.7045,0.8008350518638739,6.269314807213822,0.12335357852411097,0.07528931227370127,0.5142033333333333,0.6551735294749215,0.4005790928173214,0.10243980466996483,0.020010577262195267,0.08011581856346428,0.08658222008808224,0.4,1.0,0.006466401524617959,0.4,0.0,0.5799458900778209,1.0,0.10556438620260451,6.482379976660013e-05,0.1056292100023711
ray_gpis,Cross,13,1,0.7393666666666666,0.8495136432746148,5.359173953803124,0.12826057390275739,0.07515097367495327,0.47673333333333334,0.6276700421208001,0.48791783758935214,0.10939178833798957,0.021414833938607342,0.09758356751787042,0.10368074790929202,0.8,1.0,0.006097180391421597,0.8,0.0,0.7487574663456156,0.75,0.10179519680095836,5.922679556533694e-05,0.1018544235965237
ray_gpis,Cross,14,1,0.7609,0.8642171616786871,5.925223675604929,0.1304825545925071,0.07667568086380976,0.50258,0.6608026425304621,0.44503655306322143,0.11117771279043587,0.021752596037006196,0.08900731061264429,0.10334314397338173,0.3,1.0,0.01433583336073745,0.6,0.0,0.8234505022931699,1.0,0.10826173039968126,6.50571979349479e-05,0.1083267875976162
ray_gpis,Cube,0,1,0.5869,0.7396811393282501,7.430820111188277,0.13573945837257617,0.07685046937989522,0.31166666666666665,0.45739604144600265,0.4491315510208909,0.11536928598907759,0.02254254120208136,0.08982631020417818,0.1549327634508698,0.2,1.0,0.0651064532466916,0.4,0.0,0.5265441041694312,0.75,0.09136387600447052,6.56064017675817e-05,0.09142948240623809
ray_gpis,Cube,1,1,0.6642666666666667,0.798269508091652,7.549807999603358,0.15136699821361338,0.09056550278184652,0.49844,0.6593596801916763,0.262255453826573,0.12534193006823915,0.024322487157023058,0.0524510907653146,0.058252883703728206,-0.1,1.0,0.005801792938413608,0.6,0.0,0.8233813515678644,1.0,0.11254385339852888,6.639119819737971e-05,0.11261024459672626
ray_gpis,Cube,2,1,0.8071,0.876354398228804,5.594270002979087,0.13802155386335407,0.07879273502855047,0.46496666666666664,0.5826295903089933,0.6936255556822772,0.11850849202669084,0.023177027773308313,0.13872511113645544,0.15312810207863797,0.1,1.0,0.014402990942182526,0.6,0.0,0.7961268520898306,1.0,0.09747260179719888,6.187239778228104e-05,0.09753447419498115
ray_gpis,Cube,3,1,0.7974333333333333,0.8347425582235933,6.030703166092116,0.15455305037763434,0.09175706378194542,0.5352466666666666,0.6243420261595436,0.45360773373555946,0.13082009689011165,0.025449610942296287,0.09072154674711189,0.09562038999423081,0.2,1.0,0.004898843247118911,0.8,0.0,0.5926359721904324,0.75,0.10607224999985192,6.171940185595304e-05,0.10613396940170787
ray_gpis,Cube,4,1,0.7222666666666666,0.7696658723730019,7.744909733273424,0.1533339542236704,0.09603408895294066,0.6114,0.7122603176016459,0.32101909002386064,0.12769692680181807,0.024788781650553985,0.06420381800477212,0.08275294880152002,0.1,1.0,0.018549130796747894,0.6,0.0,0.513273244639171,0.75,0.10498009860166349,6.466759950853884e-05,0.10504476620117202
ray_gpis,Cube,5,1,0.6391333333333333,0.7769439904983795,7.542759105542653,0.1388155802551593,0.07767758340857285,0.37202999999999997,0.5247530794537134,0.5253485713183812,0.12027481549073127,0.02354798953404565,0.10506971426367624,0.11073633864068415,0.8,1.0,0.005666624377007911,0.8,0.0,0.8673270718476916,1.0,0.10092132480058354,6.46802014671266e-05,0.10098600500205065
ray_gpis,Cube,6,1,0.9123,0.9534873047995815,4.279022213590179,0.1533920091561622,0.09536276309634698,0.66997,0.7858792457546488,0.4766392138166408,0.12705893419161318,0.024645216775340203,0.09532784276332816,0.09953900859941324,0.4,1.0,0.004211165836085074,0.8,0.0,0.5230792713233329,0.5,0.10662741179694421,6.161580386105925e-05,0.10668902760080527
ray_gpis,Cube,7,1,0.7392666666666666,0.8118742590825766,6.070661563927834,0.1479042844084706,0.08843911267596892,0.4188366666666667,0.5306881056784064,0.6666087094863002,0.12407764706804573,0.0241405031195894,0.13332174189726004,0.15350652778664675,0.4,1.0,0.020184785889386696,0.6,0.0,0.6898639562829022,1.0,0.10662238279765006,6.796660018153489e-05,0.10669034939783159
ray_gpis,Cube,8,1,0.6821333333333334,0.7785525246212097,7.0663873130834585,0.1444373745007051,0.08418774871447232,0.44632000000000005,0.5920219231191343,0.47672981433025535,0.12258098744333004,0.023905502377414675,0.09534596286605107,0.09699971106951742,0.7,1.0,0.0016537482034663542,0.8,0.0,0.7828296512638144,1.0,0.10335727100027725,6.876820407342166e-05,0.10342603920435067
ray_gpis,Cube,9,1,0.8969666666666667,0.9355326985533929,4.492385156699213,0.16139669927424688,0.09450404834931807,0.6358266666666667,0.7487341601482042,0.5038475354041453,0.13611518645926715,0.026426357508427405,0.10076950708082906,0.10958354299167623,0.6,1.0,0.008814035910847173,0.6,0.0,0.42381011721885276,1.0,0.09856841720174998,6.966979999560863e-05,0.09863808700174559
ray_gpis,Cube,10,1,0.6467,0.77660183034122,8.015842250590936,0.14724099172233737,0.0860031834697409,0.41668666666666665,0.5716653685216272,0.3844088455482807,0.12219951005658578,0.023742691921848403,0.07688176910965613,0.09628741603718047,0.4,1.0,0.019405646927524323,0.6,0.0,0.8047997377211656,0.75,0.10239864600298461,7.572659524157643e-05,0.10247437259822618
ray_gpis,Cube,11,1,0.6632,0.7657739255615871,7.180072159757974,0.1402733352783426,0.08496134251388929,0.4931933333333333,0.6498616389832496,0.2815378705898813,0.11416794277396879,0.022160684716369932,0.05630757411797625,0.06780878431139373,0.3,1.0,0.011501210193417478,0.4,0.0,0.8492736467154953,0.75,0.11794465360289905,6.156640010885894e-05,0.11800622000300791
ray_gpis,Cube,12,1,0.7874666666666666,0.8777110837218797,5.551011498953145,0.15421874150084525,0.09307589390555553,0.6049566666666667,0.7366440275786097,0.4660631684339909,0.1292722383431123,0.02511371320624651,0.09321263368679819,0.10052987972540714,0.4,1.0,0.007317246038608949,0.8,0.0,0.5038678571914055,1.0,0.10687748400087002,6.254579639062286e-05,0.10694002979726065
ray_gpis,Cube,13,1,0.9254,0.9612548041965306,4.077229552125429,0.15374312633851578,0.09127513210717594,0.6869766666666667,0.7886559468259672,0.6008230512248132,0.1305385948677086,0.02541094579536901,0.12016461024496264,0.12069175193556574,0.3,1.0,0.0005271416906031057,0.6,0.0,0.392415670061799,1.0,0.1076931958028581,6.505999772343785e-05,0.10775825580058154
ray_gpis,Cube,14,1,0.7820666666666667,0.8470847484941744,5.652655266033444,0.15125830367120827,0.0887487975373692,0.48355,0.6157879734892537,0.4215986173371691,0.12840693985656246,0.025008075198834755,0.08431972346743381,0.10257805683377574,0.1,1.0,0.018258333366341927,0.6,0.0,0.6210338464179445,0.5,0.10557751499582083,6.946359644643962e-05,0.10564697859226727
ray_gpis,Cylinder,0,1,0.7022666666666667,0.7743682022008649,7.952907171705876,0.2621798778978364,0.1467859906476996,0.4714433333333333,0.5819077430812003,0.4520798035765884,0.23559393232111048,0.045480001078356466,0.09041596071531768,0.10335179487943913,0.4,1.0,0.012935834164121463,0.4,0.0,0.6076471648425896,1.0,0.10696418499283027,6.885760230943561e-05,0.10703304259513971
ray_gpis,Cylinder,1,1,0.9114666666666666,0.951704203982405,4.36004384219881,0.26073823251598693,0.16973494848491869,0.6461,0.7717059948404944,0.4731566839499473,0.23109241714682874,0.04443649472624338,0.09463133678998946,0.09463133678998946,0.9,1.0,0.0,1.0,0.0,0.6763278925383382,1.0,0.11327630779705941,6.545279757119715e-05,0.11334176059463061
ray_gpis,Cylinder,2,1,0.6916,0.7377832788641011,7.640495445593693,0.24375039757865685,0.16188925757396738,0.40079666666666663,0.5045089703487473,0.3997871014728931,0.2145773311809964,0.041321450942653284,0.07995742029457861,0.11417454402835989,-0.1,1.0,0.034217123733781274,0.2,0.0,0.8131805762188142,0.5,0.10538821179652587,7.033180154394358e-05,0.1054585435980698
ray_gpis,Cylinder,3,1,0.7336,0.8457247545228526,5.965611569763376,0.24295326691367855,0.16109006638230153,0.5080533333333334,0.6495296134880342,0.6013427320509425,0.20896146884751207,0.039996432816351214,0.1202685464101885,0.1362997113238342,0.2,1.0,0.01603116491364571,0.4,0.0,0.7463642982780184,0.75,0.10745262679702136,6.459839933086187e-05,0.10751722519635223
ray_gpis,Cylinder,4,1,0.8726333333333334,0.9319852613966073,4.910402286964056,0.2588217004931641,0.14875785438025127,0.56304,0.6954078725002745,0.49754299133789887,0.23022857222020449,0.04433534825999599,0.09950859826757977,0.10286135937415179,0.3,1.0,0.003352761106572022,0.6,0.0,0.7311961761844814,0.75,0.11257854260038584,6.753420166205615e-05,0.1126460768020479
ray_gpis,Cylinder,5,1,0.7033666666666667,0.8080158685264167,6.4239931107471495,0.21946603429281408,0.13319939336363962,0.45399666666666666,0.5986098452582047,0.5256386785573339,0.19091445915781896,0.03683546730106791,0.10512773571146679,0.1201823147671591,0.4,1.0,0.015054579055692319,0.6,0.0,0.7260118202258493,0.75,0.10397015800117515,7.001560006756336e-05,0.10404017360124271
ray_gpis,Cylinder,6,1,0.8745,0.93117094282318,4.534086529147896,0.270942838054258,0.18075156425182842,0.5795899999999999,0.7119454065187527,0.4913144760282349,0.21401135717217742,0.03970197638549928,0.09826289520564699,0.10000435117707007,0.7,1.0,0.0017414559714231004,0.8,0.0,0.8028090309567406,1.0,0.11709016099921428,6.27289991825819e-05,0.11715288999839686
ray_gpis,Cylinder,7,1,0.7052333333333334,0.7866536789536832,6.7279220886786595,0.258841041041885,0.1740514950361484,0.44891000000000003,0.5846154559964387,0.45641819223916363,0.20504311824773308,0.03823340549667043,0.09128363844783273,0.11886188687492152,0.0,1.0,0.0275782484270888,0.6,0.0,0.695044275005722,0.5,0.10904980939812958,6.693680479656905e-05,0.10911674620292615
ray_gpis,Cylinder,8,1,0.8118333333333333,0.7705367841637799,7.856882933923545,0.24303126416026355,0.12989912615105859,0.4885400000000001,0.5575344488057896,0.670573370686389,0.2157184584087198,0.04164120155821373,0.1341146741372778,0.1341146741372778,0.8,1.0,0.0,1.0,0.0,0.6795278041048389,1.0,0.09926199539913796,6.659840000793338e-05,0.0993285937991459
ray_gpis,Cylinder,9,1,0.8044666666666667,0.8885684032068865,6.224862172700579,0.19957728242815106,0.11653625197042719,0.5053,0.6536413493631289,0.4234092913681471,0.16890449768694846,0.03253416645197317,0.08468185827362942,0.09323206878293211,0.4,1.0,0.008550210509302691,0.4,0.0,0.8449954580567633,1.0,0.11320207779936027,6.206580146681518e-05,0.11326414360082708
ray_gpis,Cylinder,10,1,0.8268333333333333,0.9052093787063225,4.877211879918408,0.2523630549230524,0.13412667394548977,0.55518,0.6950973941144417,0.4774128218318629,0.22297970261194763,0.04290952610513521,0.09548256436637258,0.10139744692504182,0.5,1.0,0.005914882558669255,0.6,0.0,0.7101142280842296,0.75,0.12091136239760089,6.017539708409458e-05,0.12097153779468499
ray_gpis,Cylinder,11,1,0.8577333333333333,0.9206545048959647,5.486571689055952,0.25922661725142576,0.16142005012951177,0.5284566666666667,0.6745343311570116,0.47188385415525264,0.22944414783768594,0.04411519737826454,0.09437677083105053,0.10066857933728764,0.3,1.0,0.006291808506237118,0.6,0.0,0.8267357733463034,1.0,0.11414788620022591,6.563339557033032e-05,0.11421351959579625
ray_gpis,Cylinder,12,1,0.647,0.7840859249466295,7.185169351112459,0.24995713886499557,0.13270827531965473,0.39391,0.5522075535695616,0.536678301169793,0.22095328553457372,0.04254544211081094,0.1073356602339586,0.1073356602339586,1.0,1.0,0.0,1.0,0.0,0.7821551614175074,1.0,0.10549301099672448,6.710840098094195e-05,0.10556011939770542
ray_gpis,Cylinder,13,1,0.7748,0.8731124633761551,5.062051382644593,0.24792680320860894,0.15293808227610045,0.4219366666666667,0.5742757874148307,0.5917684743755536,0.2207874120425756,0.04261951034990997,0.11835369487511072,0.12390280297956532,0.4,1.0,0.005549108104454614,0.6,0.0,0.8135764214728018,1.0,0.10067520479788072,6.0831403243355456e-05,0.10073603620112408
ray_gpis,Cylinder,14,1,0.8645,0.8987034920482035,5.743024063456439,0.26205646025873996,0.17526895972922282,0.52573,0.6521475418950017,0.5123007381755702,0.2057078781020475,0.03822291460138423,0.10246014763511405,0.10262131436709487,0.4,1.0,0.00016116673198083298,0.8,0.0,0.7262769297894254,0.75,0.11233477859932464,6.85058010276407e-05,0.11240328440035227
ray_gpis,L_Shaped,0,1,0.6481,0.7518992520364697,7.923142898359461,0.14448672839021925,0.08392182661704656,0.37207666666666667,0.49363660201952386,0.644769674047996,0.12529203806138164,0.024508523084890273,0.1289539348095992,0.1700521949519955,0.1,1.0,0.041098260142396315,0.6,0.0,0.8902503477136873,0.5,0.08693447539990302,6.405139865819364e-05,0.08699852679856121
ray_gpis,L_Shaped,1,1,0.6890666666666667,0.7556035852774776,7.926470737531996,0.14759079001713976,0.09118879559256643,0.47154000000000007,0.5703228324617182,0.3501779653300379,0.12266014247244696,0.023834921950537276,0.07003559306600758,0.09014462227383584,0.12679491924311226,1.0,0.020109029207828255,0.6,0.0,0.8431344563190292,0.75,0.09646730739623308,6.195780006237328e-05,0.09652926519629546
ray_gpis,L_Shaped,2,1,0.6684666666666667,0.7972626381318593,7.317359800354404,0.14820641289398326,0.08882302206278894,0.4230266666666667,0.5826684418037498,0.42178205113884476,0.12346555126553774,0.023996128149517508,0.08435641022776895,0.08494967200247455,0.4,1.0,0.0005932617747056001,0.6,0.0,0.6623436296015859,0.75,0.09588824840029701,8.247859950643033e-05,0.09597072699980344
ray_gpis,L_Shaped,3,1,0.614,0.7603892284727655,8.067378842978432,0.14447936636426112,0.08589839016786167,0.39810333333333336,0.5596613243500533,0.3602612387119463,0.12186667916349493,0.023745701501844726,0.07205224774238926,0.08507644487377151,0.2,1.0,0.013024197131382254,0.4,0.0,0.8823304796878486,1.0,0.10227685940335504,6.552599952556193e-05,0.10234238540288061
ray_gpis,L_Shaped,4,1,0.8286,0.9044616186543206,4.6502349068609385,0.1547914431489088,0.09325048648556275,0.6554399999999999,0.7766683003861006,0.4384392225813033,0.13139565476455983,0.02557130466805465,0.08768784451626066,0.09920175956746649,0.3,1.0,0.011513915051205826,0.4,0.0,0.5700660906385899,0.75,0.10494072420115116,6.346720329020172e-05,0.10500419140444137
ray_gpis,L_Shaped,5,1,0.6562,0.7896130490729003,7.2645988776514,0.14725183038500944,0.08944860625006294,0.4198433333333334,0.5744676674479926,0.4514327416362572,0.123916303431943,0.024123129182974455,0.09028654832725144,0.11263951926122402,-0.02679491924311226,1.0,0.022352970933972573,0.2,0.0,0.8230520237033041,0.75,0.09923642060603015,6.989520043134689e-05,0.0993063158064615
ray_gpis,L_Shaped,6,1,0.6748333333333333,0.7898865510454005,7.423506402622928,0.13685843188828897,0.0804427892963617,0.43260000000000004,0.5834781672283983,0.3982500411941742,0.11395697818490721,0.022202309013460004,0.07965000823883484,0.11160755147550878,0.4,1.0,0.031957543236673935,0.2,0.0,0.8074468199244677,0.75,0.11176580959872809,5.793559539597481e-05,0.11182374519412405
ray_gpis,L_Shaped,7,1,0.6656666666666666,0.7953127829830697,6.9840376563475095,0.14569162720021234,0.08523295658630457,0.48740666666666665,0.6331564338813489,0.4990245242100806,0.12375437800006527,0.024131224999397138,0.09980490484201612,0.11844144873410334,0.5,1.0,0.018636543892087208,0.4,0.0,0.7279366980470915,0.5,0.1046860301954439,6.670079892501235e-05,0.10475273099436891
ray_gpis,L_Shaped,8,1,0.5860333333333333,0.7025583951008932,8.48237614275249,0.13937205103224265,0.0816562497844406,0.3454,0.47880238220190224,0.5145936020942703,0.1176569609909005,0.022952267891883683,0.10291872041885405,0.1428200423234811,0.42679491924311225,1.0,0.03990132190462707,0.6,0.0,0.8015270373480162,0.25,0.10346439580316655,6.341820117086172e-05,0.10352781400433742
ray_gpis,L_Shaped,9,1,0.7791,0.8714061939195975,5.410762382365616,0.14457390623211164,0.08621664490284067,0.5301433333333334,0.6773687533236078,0.4254882494521296,0.11786577280880262,0.022859436696795143,0.08509764989042592,0.08912879389340489,0.3,1.0,0.00403114400297897,0.6,0.0,0.6822632055299614,1.0,0.10260041920118965,6.405000167433172e-05,0.10266446920286398
ray_gpis,L_Shaped,10,1,0.7938666666666667,0.8816910863083607,5.326325964048258,0.13777590928685227,0.08199315716335069,0.5118199999999999,0.6536054134770211,0.5688262763150342,0.11499895200660001,0.022407852974111974,0.11376525526300685,0.1150922546690027,0.8,1.0,0.0013269994059958768,0.8,0.0,0.5761771014028686,0.75,0.10164278080337681,6.104260100983083e-05,0.10170382340438663
ray_gpis,L_Shaped,11,1,0.9023333333333333,0.9457947987066824,4.761588747176984,0.1588267573124637,0.09271613821082736,0.6432633333333333,0.7623039804759775,0.5284489096507357,0.1364381552847907,0.02658017516859188,0.10568978193014714,0.10676826776210527,0.5,1.0,0.0010784858319581535,0.8,0.0,0.5968662379835202,0.75,0.10631944620399736,6.403080187737942e-05,0.10638347700587474
ray_gpis,L_Shaped,12,1,0.8068666666666666,0.7826653838120881,6.832896444777277,0.15047632624061405,0.08913754413062072,0.5108533333333334,0.5808796123489955,0.3890050711112956,0.1267278547814787,0.024656302929407674,0.07780101422225913,0.09516337570652524,0.3,1.0,0.01736236148426611,0.6,0.0,0.6940325303273059,0.5,0.10925401060667354,6.996460142545402e-05,0.109323975208099
ray_gpis,L_Shaped,13,1,0.5636333333333333,0.7179962295750757,9.126597842786273,0.13481304554779416,0.08371613543359244,0.3860833333333334,0.5493591244731831,0.3063903631060758,0.10886868123088154,0.02113981649292216,0.061278072621215166,0.07110145084217909,0.1,1.0,0.00982337822096393,0.4,0.0,0.8897319541967362,1.0,0.10523583539470564,5.819420039188117e-05,0.10529402959509752
ray_gpis,L_Shaped,14,1,0.8638333333333333,0.9255152273340753,4.524446995773954,0.14737805209442945,0.08709747920414115,0.6599866666666667,0.7800031551308336,0.44862847080372725,0.12163187581683732,0.0236133356917526,0.08972569416074545,0.0968104140039288,0.5,1.0,0.007084719843183351,0.8,0.0,0.5071826923400059,0.5,0.10303678700292948,6.327180308289826e-05,0.10310005880601239
ray_gpis,Thin_Irregular,0,1,0.7418,0.7988948604089317,6.793404313028655,0.9975864325395877,0.7551371899685297,0.4362933333333333,0.546891938796191,0.5083020575357561,0.9954279069302402,0.10509551615402798,0.10166041150715122,0.10610542711585805,0.5,1.0,0.004445015608706837,0.8,0.2,0.642354771269066,1.0,0.2695465755969053,7.174160273279995e-05,0.26961831719963814
ray_gpis,Thin_Irregular,1,1,0.9039,0.9484119656551384,4.603292429332223,1.0,0.8272802685250596,0.6526933333333333,0.7677891843839365,0.5234218094666623,1.0,0.1001717912571352,0.10468436189333245,0.10468436189333245,0.9,1.0,0.0,1.0,0.0,0.6174478570611123,1.0,0.39254931899777146,6.053360120858997e-05,0.39260985259898007
ray_gpis,Thin_Irregular,2,1,0.8461,0.8339252273052541,6.969982838118526,0.9994964681940773,0.8533514911968091,0.4603,0.5268111731899873,0.6784721091649024,0.9990293771196371,0.10365365923429656,0.13569442183298047,0.1357269180421113,0.8,1.0,3.249620913079454e-05,0.8,0.2,0.6173078642085007,1.0,0.3842988675984088,6.326639850158244e-05,0.38436213399691044
ray_gpis,Thin_Irregular,3,1,0.6946333333333333,0.7546238456512604,7.815418851684944,0.9996020608969222,0.8085844684740522,0.4323066666666667,0.5198782772059576,0.4559310166609862,0.9993512355307403,0.12259639766667474,0.09118620333219724,0.10754935008028166,0.6,1.0,0.016363146748084423,0.6,0.0,0.7013407673380635,0.75,0.259000544596347,6.590779521502555e-05,0.25906645239156206
ray_gpis,Thin_Irregular,4,1,0.8529333333333333,0.9157376170619758,5.222997833196252,0.9992896201088315,0.7953931725760237,0.61954,0.7446623364962639,0.3897942208355607,0.9986891048269155,0.10823880843634584,0.07795884416711214,0.07955378377130291,0.5,1.0,0.0015949396041907704,0.8,0.0,0.6979937371105549,0.75,0.41135894899489356,6.342100095935166e-05,0.4114223699958529
ray_gpis,Thin_Irregular,5,1,0.6665,0.7611936424436965,8.962256309978958,0.9786254643320835,0.6582191793904807,0.3764966666666667,0.48933505443871406,0.6842965092227858,0.959502256925738,0.10128423787220786,0.13685930184455716,0.14928264782535164,0.5,1.0,0.012423345980794465,0.8,0.0,0.8431835088120849,0.75,0.2729330859991023,6.380180129781366e-05,0.27299688780040016
ray_gpis,Thin_Irregular,6,1,0.6488666666666667,0.7311484259400363,8.860170094533201,0.9994935184488258,0.752212102878288,0.38643666666666665,0.48154618669854543,0.6589561588520296,0.9989939655583313,0.10058741377688296,0.13179123177040591,0.15599254642155164,0.2,1.0,0.024201314651145733,0.6,0.2,0.7108364685854885,0.75,0.42879133599926716,6.954699929337949e-05,0.42886088299856057
ray_gpis,Thin_Irregular,7,1,0.6394666666666666,0.7355473300385313,8.610644602282887,0.996652292141107,0.6878714106283437,0.35427333333333333,0.4682668843050816,0.6517595861812988,0.993369075194571,0.1003030363754823,0.13035191723625977,0.1454250588584723,0.1,1.0,0.015073141622212505,0.4,0.0,0.8701757052529183,1.0,0.28404873079562093,6.472200038842857e-05,0.28411345279600936
ray_gpis,Thin_Irregular,8,1,0.5818666666666666,0.6733201845434105,9.550587977841461,0.9541206541306795,0.7180635246790491,0.3775233333333333,0.46374984625239624,0.4891107809500102,0.9162777540098148,0.10042306794662115,0.09782215619000204,0.10710892324278598,0.2,1.0,0.009286767052783928,0.4,0.2,0.8073904926756694,1.0,0.4319488792010816,7.116000051610172e-05,0.4320200392015977
ray_gpis,Thin_Irregular,9,1,0.8826,0.9186446044998726,5.077334916526129,0.9998033887257013,0.8596987150270421,0.6560599999999999,0.7618435424264713,0.5615799823750096,0.9996932450690942,0.12814852706064755,0.11231599647500193,0.11231599647500193,0.8,1.0,0.0,1.0,0.2,0.4260148136537416,0.5,0.3828935032011941,6.887380150146782e-05,0.3829623770026956
ray_gpis,Thin_Irregular,10,1,0.6293666666666666,0.7696276250584619,8.22546597034509,0.8632801643365682,0.6026210144849851,0.41895999999999994,0.5802601202352214,0.3473363855003088,0.7761104424718829,0.0947875312479488,0.06946727710006176,0.0870042243689512,-0.1,1.0,0.017536947268889436,0.2,0.2,0.8255302628842048,1.0,0.28884505619644185,6.906839844305069e-05,0.2889141245948849
ray_gpis,Thin_Irregular,11,1,0.7661,0.8374458285390959,6.336951268984632,0.9529680137448059,0.7738962202148599,0.48721000000000003,0.6218735275676267,0.4648734080118094,0.9098758999134837,0.09496521080950196,0.09297468160236187,0.09297468160236187,0.8,1.0,0.0,1.0,0.2,0.8102424396314944,1.0,0.4345372928015422,6.496920250356197e-05,0.4346022620040458
ray_gpis,Thin_Irregular,12,1,0.7672,0.810262886470526,7.266860326941773,0.9996020608969222,0.8793140764902011,0.5660766666666667,0.6473943226268685,0.3464540726496481,0.9992798435581877,0.11043503927246405,0.06929081452992962,0.07176678050388327,0.4,1.0,0.002475965973953653,0.8,0.0,0.586762202449073,0.75,0.40219456460035874,6.840400164946914e-05,0.40226296860200816
ray_gpis,Thin_Irregular,13,1,0.7907666666666666,0.881926528632792,5.642039880532582,0.9549643934043898,0.8627474124555128,0.6366066666666667,0.763404930627706,0.4236692117789748,0.9200627982509165,0.10367034451705623,0.08473384235579497,0.08568486633263442,0.9,1.0,0.0009510239768394602,0.8,0.4,0.6575907673380635,1.0,0.4105763322033454,6.051659875083715e-05,0.4106368488020962
ray_gpis,Thin_Irregular,14,1,0.8066666666666666,0.8903734901846876,5.632417024707274,0.9999508471814254,0.8756127006827678,0.5838566666666667,0.7051281844338737,0.6463511307360645,0.9999198345910073,0.1226186676683618,0.1292702261472129,0.13005029471408036,0.6,1.0,0.0007800685668674534,0.8,0.0,0.531615858892195,0.5,0.2566634228016483,6.835020030848682e-05,0.25673177300195676
ray_gpis,green_Pepper,0,1,0.8684,0.9295654035538429,4.866866845647781,0.15247065941851337,0.09055779319001073,0.6559766666666667,0.7750065100448513,0.5487800844336161,0.12904834103603793,0.0251155742699914,0.10975601688672323,0.12364548350138808,0.5,1.0,0.013889466614664836,0.8,0.0,0.4133140413011444,0.25,0.09849658639868722,5.937259993515909e-05,0.09855595899862238
ray_gpis,green_Pepper,1,1,0.7209333333333333,0.8345845859512677,5.94212093371093,0.14187197243990926,0.08449024087923428,0.4530133333333334,0.6070786297002121,0.4277869226480282,0.11887553030392398,0.023154600253027197,0.08555738452960564,0.09629603329867568,0.2,1.0,0.010738648769070047,0.6,0.0,0.8042742546921491,1.0,0.10689575180003885,6.366159941535443e-05,0.10695941339945421
ray_gpis,green_Pepper,2,1,0.6964666666666667,0.7986455138177587,7.277079974122177,0.13740848798594107,0.08024320146993782,0.46682000000000007,0.6126609017076877,0.5122457879938026,0.1155777915119978,0.022544983827581553,0.10244915759876053,0.11227987019701191,0.1,1.0,0.00983071259825139,0.4,0.0,0.7736561963444804,1.0,0.10700062240066473,6.148899847175926e-05,0.10706211139913649
ray_gpis,green_Pepper,3,1,0.9024333333333333,0.9487148038477039,4.087572292000634,0.14765352673418322,0.08921202413250827,0.6061933333333333,0.7292667641018167,0.58452821206494,0.12346034986349579,0.024010549614709796,0.11690564241298798,0.11690564241298798,0.7,1.0,0.0,1.0,0.0,0.5187114331559314,1.0,0.10066633699752855,6.304219714365899e-05,0.10072937919467222
ray_gpis,green_Pepper,4,1,0.8247,0.901460151401026,4.867424911243495,0.14755989897778016,0.08787612734830705,0.6203833333333333,0.7434657398321907,0.486832449662401,0.12482202572040194,0.024315808519400486,0.0973664899324802,0.098969538586305,0.5,1.0,0.00160304865382479,0.8,0.0,0.5688093671320668,1.0,0.10693983139644843,6.820920389145612e-05,0.10700804060033989
ray_gpis,green_Pepper,5,1,0.7668,0.8680099615123388,5.463683714429318,0.14462952710289317,0.08796041337725495,0.5407133333333334,0.6814246730777079,0.5534979102735051,0.12256694388042072,0.023897012773191142,0.11069958205470103,0.11971022358133057,0.6,1.0,0.009010641526629537,0.8,0.0,0.6260023160375155,0.5,0.11119871760020032,6.806779420003295e-05,0.11126678539440035
ray_gpis,green_Pepper,6,1,0.7475,0.826115682623581,6.262901991061129,0.14419335042201598,0.08346725873254804,0.44743000000000005,0.5612804115197194,0.6185661378619693,0.12215772839758994,0.023818264315106558,0.12371322757239386,0.1605643018285275,0.2,1.0,0.03685107425613363,0.4,0.0,0.7581847540516963,0.75,0.10169775000249501,8.38259991724044e-05,0.10178157600166741
ray_gpis,green_Pepper,7,1,0.8470333333333333,0.8909434972166449,5.421342655240648,0.15108598374575938,0.09089833110653439,0.61304,0.7203144106555948,0.46306455053775064,0.12679719776243345,0.024654047862985605,0.09261291010755013,0.09978932398812204,0.1,1.0,0.007176413880571908,0.6,0.0,0.5407784246967269,0.5,0.10609848500171211,6.75344024784863e-05,0.1061660194041906
ray_gpis,green_Pepper,8,1,0.7749333333333334,0.7273799209639918,9.16832344775999,0.14858284547872644,0.08772963510991652,0.4596133333333333,0.5207258554920733,0.4272892591326229,0.12645423477915949,0.024650180686439076,0.08545785182652457,0.09426431355072283,0.5,1.0,0.008806461724198255,0.6,0.0,0.6907387432406233,0.75,0.10613999259658158,6.604240043088794e-05,0.10620603499701246
ray_gpis,green_Pepper,9,1,0.7022333333333334,0.7729725726028948,7.361355313992518,0.14284304418675633,0.0838466983826937,0.42513000000000006,0.5402400359395557,0.4467061142230689,0.12197163094525346,0.023814454193356725,0.08934122284461378,0.10005075691847157,0.6,1.0,0.010709534073857796,0.6,0.0,0.7181345130464636,1.0,0.10731426920101513,6.525859935209155e-05,0.10737952780036722
ray_gpis,green_Pepper,10,1,0.6744,0.8035036816275863,7.413547287924592,0.14018991344877185,0.08264794847820536,0.4462499999999999,0.6051658800088389,0.4126435963431709,0.1188554570032537,0.023195540751009498,0.08252871926863417,0.09641190922097996,0.3,1.0,0.013883189952345786,0.4,0.0,0.8206408758434223,1.0,0.10998717279871925,6.747439911123366e-05,0.1100546471978305
ray_gpis,green_Pepper,11,1,0.8376333333333333,0.9116435995574018,4.736089321552765,0.14705919968419753,0.08958939029891175,0.6240266666666666,0.7506014401959464,0.5271959838434623,0.12371799353626008,0.02408451243821117,0.10543919676869247,0.1080875410773956,0.5,1.0,0.002648344308703132,0.8,0.0,0.42980998941405346,0.75,0.10994622719590552,7.186199654825031e-05,0.11001808919245377
ray_gpis,green_Pepper,12,1,0.8532,0.9207856680336715,4.982021888965202,0.15249360742657336,0.0895466646839906,0.59787,0.72730899246697,0.5537497700394957,0.12956727279204866,0.02523091986943001,0.11074995400789914,0.11270051517684529,0.6,1.0,0.0019505611689461632,0.8,0.0,0.6442636633939154,0.75,0.10616867860080674,6.18545978795737e-05,0.10623053319868632
ray_gpis,green_Pepper,13,1,0.8210666666666666,0.8990509598203206,4.947767276321062,0.14381120009398485,0.08599178576845383,0.5378999999999999,0.6812382556414625,0.49939236598696946,0.12170142192886123,0.023727556206902464,0.09987847319739389,0.09987847319739389,0.9,1.0,0.0,1.0,0.0,0.7448639441075595,1.0,0.10920333980175201,6.923140317667275e-05,0.10927257120492868
ray_gpis,green_Pepper,14,1,0.8728666666666667,0.8922256912891872,5.248668731857872,0.1501812641755298,0.08792304499955195,0.5094333333333333,0.6166622097065131,0.5551046891274445,0.12661335640397556,0.024639351486920168,0.1110209378254889,0.1110209378254889,0.7,1.0,0.0,1.0,0.0,0.7707771711363569,1.0,0.095815789399785,6.91930006723851e-05,0.09588498240045737
ray_gpis_hit_only,Bowl,0,1,0.5537,0.7041673074602876,6.824353429992272,0.3911509873125148,0.2515591272741772,0.37798000000000004,0.5287098834567666,0.3334952097006134,0.3173933777311898,0.05661962200802715,0.06669904194012269,0.07896531506857606,0.1,1.0,0.012266273128453376,0.2,0.0,0.6935667955701745,1.0,0.12372065959789325,7.266240136232227e-05,0.12379332199925557
ray_gpis_hit_only,Bowl,1,1,0.561,0.6923103789510449,7.668324992258297,0.30804546341299277,0.23787670661787677,0.4196533333333333,0.5491521439714244,0.39000717030410914,0.2228761990527895,0.03968999452696536,0.07800143406082183,0.10129437802101345,-0.5,1.0,0.023292943960191614,0.2,0.0,0.45656517087480275,0.5,0.11715139680309221,7.755719998385757e-05,0.11722895400307606
ray_gpis_hit_only,Bowl,2,1,0.7733333333333333,0.8721804511278195,5.3717935066411915,0.42687806503626574,0.30569371759923347,0.5325066666666667,0.6721138138582605,0.5259841997496497,0.3463704825187879,0.06074160234392904,0.10519683994992994,0.13645097247127505,0.3,1.0,0.03125413252134509,0.4,0.0,0.6461522927984916,0.5,0.11278302579885349,6.734979979228228e-05,0.11285037559864577
ray_gpis_hit_only,Bowl,3,1,0.6397333333333334,0.7532228779406631,7.249302437294986,0.36481612926780177,0.25798368430044244,0.41383666666666663,0.5367126554446766,0.6264266509092994,0.3139713494555622,0.05814029396233723,0.1252853301818599,0.14131585370045854,0.6,1.0,0.016030523518598662,0.4,0.0,0.6717406743039098,0.0,0.10459339700173587,6.633460288867355e-05,0.10465973160462454
ray_gpis_hit_only,Bowl,4,1,0.8521666666666666,0.8603532783666079,5.640669998625364,0.5248035537467073,0.33348357804228546,0.5929,0.699201478555226,0.4209431813499356,0.45712810902969697,0.08002832952177395,0.08418863626998711,0.09422043398712769,0.7,1.0,0.010031797717140578,0.8,0.0,0.5224417229844207,0.75,0.1096042151999427,6.37379998806864e-05,0.10966795319982339
ray_gpis_hit_only,Bowl,5,1,0.5858666666666666,0.7369560576952398,7.054841667269354,0.4039442532894576,0.2681146962307988,0.4274533333333334,0.5848232654631551,0.4815478232221065,0.318786098379982,0.055786966607387536,0.0963095646444213,0.13636500579915367,0.2,1.0,0.04005544115473238,0.2,0.0,0.5101209064174326,0.5,0.11570323099731468,5.9511794825084506e-05,0.11576274279213976
ray_gpis_hit_only,Bowl,6,1,0.6373,0.7779953207135571,6.11279158155107,0.41965353675906913,0.2918157782002488,0.4169966666666666,0.5686184851826127,0.5400063626494199,0.3597841844447416,0.06522784158071351,0.10800127252988398,0.12264896518991715,0.6,1.0,0.014647692660033162,0.6,0.0,0.5502968913523925,0.5,0.10590947939781473,5.933080101385713e-05,0.10596881019882858
ray_gpis_hit_only,Bowl,7,1,0.6556666666666666,0.7915574143367212,6.0409871314022405,0.35252270662383495,0.21233311511177,0.42801999999999996,0.5881105716176942,0.4604360860782465,0.26460321025315997,0.04659377706893138,0.0920872172156493,0.11934316650083163,-0.2,1.0,0.027255949285182334,0.2,0.0,0.6623501572655769,0.25,0.11357423560111783,6.421259604394436e-05,0.11363844819716178
ray_gpis_hit_only,Bowl,8,1,0.4955333333333333,0.6590284208546093,8.409596536724285,0.3538316724777842,0.2478888311554262,0.3723633333333334,0.5361956971619807,0.2871183999607879,0.262554459188629,0.04601136392817695,0.057423679992157584,0.07771596776696532,0.3,1.0,0.020292287774807738,0.4,0.0,0.7418649239542785,0.5,0.12456205619964748,7.186919974628836e-05,0.12463392539939377
ray_gpis_hit_only,Bowl,9,1,0.5692666666666667,0.7220627274541459,7.833506787884571,0.39254753822743516,0.2849850979553422,0.4107833333333333,0.5663862607785758,0.4165948580010148,0.30513556993466723,0.05335007668006857,0.08331897160020296,0.14166797323440977,-0.5,1.0,0.05834900163420681,0.2,0.0,0.6285840940344423,0.75,0.11121624520164915,7.386599900200963e-05,0.11129011120065116
ray_gpis_hit_only,Bowl,10,1,0.6805666666666667,0.8085016890450828,6.11274379696747,0.45281225232460487,0.26344789367567983,0.38806,0.53817591055392,0.5775260720978292,0.40951932803260754,0.07589882933478242,0.11550521441956585,0.13426618257711503,0.4,1.0,0.018760968157549206,0.6,0.0,0.6502525817384474,0.5,0.11609691879712045,7.207579910755158e-05,0.11616899459622801
ray_gpis_hit_only,Bowl,11,1,0.6338,0.7235218705084917,8.499978602952815,0.39278962758906677,0.2894472067777631,0.4546166666666666,0.5853507157058239,0.4720732313513363,0.3135421141488074,0.05546910533709849,0.09441464627026726,0.1172003441907233,-0.2,1.0,0.02278569792045604,0.4,0.0,0.4110517172562438,0.25,0.111820872197859,6.30474038189277e-05,0.11188391960167791
ray_gpis_hit_only,Bowl,12,1,0.7000333333333333,0.8196784579780799,6.371313969027699,0.43150499743388393,0.26964119328279007,0.47958333333333336,0.6369191526564726,0.3307850917362021,0.35060195451421056,0.061384680910809106,0.06615701834724041,0.09476066307426356,0.2,1.0,0.028603644727023148,0.6,0.0,0.6330776080659836,0.75,0.12218108539818787,6.534420244861395e-05,0.12224642960063647
ray_gpis_hit_only,Bowl,13,1,0.6603,0.728038219431576,8.048572032003635,0.4139639096476042,0.2658971975042387,0.4516,0.5721740884313136,0.3796113428316146,0.3251864285243317,0.056481076037436975,0.07592226856632292,0.1062538777505182,0.0,1.0,0.030331609184195297,0.2,0.0,0.6163700974584381,0.25,0.11480108679970727,7.217060483526439e-05,0.11487325740454253
ray_gpis_hit_only,Bowl,14,1,0.5451333333333334,0.6963997804854551,7.477755339717673,0.2630003621266969,0.2049367001795032,0.48224999999999996,0.6405732802603857,0.24815742538078822,0.15974603191881995,0.028023138752852117,0.049631485076157646,0.07205697791096752,-0.2,1.0,0.02242549283480988,0.2,0.0,0.7251202106795429,0.25,0.12003512140072417,6.873199890833348e-05,0.1201038533996325
ray_gpis_hit_only,Corner,0,1,0.6893666666666667,0.8161243858645252,6.431585618319341,0.07825827636029557,0.047550501954911624,0.4816033333333333,0.6281574343123372,0.5584870296094433,0.06453743478503322,0.012718167159232421,0.11169740592188866,0.1133117812816028,0.3,1.0,0.0016143753597141375,0.8,0.0,0.6545335956842757,1.0,0.11197735719906632,6.49596011498943e-05,0.11204231680021622
ray_gpis_hit_only,Corner,1,1,0.6862333333333334,0.7837734891288495,7.409559182466251,0.07727030930192218,0.04659105858291642,0.4709966666666666,0.6224151069765673,0.3623054544011462,0.062306072603738,0.012262351588838564,0.07246109088022924,0.07246109088022924,0.9,1.0,0.0,1.0,0.0,0.7119814892712248,1.0,0.12562528720009142,6.889319920446723e-05,0.12569418039929586
ray_gpis_hit_only,Corner,2,1,0.8339,0.8742891272122957,5.519285366363941,0.07879381481246388,0.046219437879202366,0.5779433333333334,0.7088328786895717,0.5332141438015459,0.06732237341561753,0.013298868767570004,0.10664282876030917,0.10698429895117019,0.6,1.0,0.00034147019086101517,0.8,0.0,0.4156419423405221,1.0,0.10624032200139481,7.252520008478313e-05,0.1063128472014796
ray_gpis_hit_only,Corner,3,1,0.836,0.9089951387172334,4.58368510149456,0.0760925096800801,0.045889024242541834,0.60968,0.7431804670771103,0.4581818157118112,0.062995546317393,0.01242300543411285,0.09163636314236225,0.09244741995350972,0.5,1.0,0.0008110568111474814,0.8,0.0,0.5542218486474806,1.0,0.10450556360301562,6.502439500764013e-05,0.10457058799802325
ray_gpis_hit_only,Corner,4,1,0.7754,0.823411670021985,6.297231067571877,0.07849012331411809,0.04727778082669011,0.5493566666666666,0.6768372772924824,0.40748643835105014,0.06457298151197176,0.012722454890498414,0.08149728767021003,0.09424695673256575,0.3,1.0,0.012749669062355728,0.6,0.0,0.5258499457794661,0.5,0.11162663820141461,6.87895982991904e-05,0.1116954277997138
ray_gpis_hit_only,Corner,5,1,0.6315,0.7281520523100314,8.435254095169652,0.07471045964290908,0.04490734852640541,0.46275999999999995,0.6046551535267418,0.41510906302220846,0.06257854327183007,0.012353732918020575,0.08302181260444169,0.1332455029962373,0.0,1.0,0.050223690391795604,0.4,0.0,0.6204200572106582,0.25,0.12294204279605765,6.715640192851424e-05,0.12300919919798617
ray_gpis_hit_only,Corner,6,1,0.9029666666666667,0.9460008497831855,4.639809840921181,0.08190417510812913,0.050308360177396594,0.6553,0.7776512457529097,0.4306716240389943,0.06656476299497838,0.01309417698579506,0.08613432480779885,0.0906631738218101,0.7,1.0,0.004528849014011249,0.8,0.0,0.6248434849846544,0.5,0.11543966459867079,5.956880049780011e-05,0.1154992333991686
ray_gpis_hit_only,Corner,7,1,0.6386333333333334,0.7794706971256535,6.986391151009723,0.08005603431566594,0.04705000954017801,0.45931333333333324,0.6134222447948356,0.3759371846333033,0.06627328279548172,0.013059004411124887,0.07518743692666066,0.10001688266573845,0.5,1.0,0.024829445739077794,0.4,0.0,0.6414074494752838,0.75,0.11464591000112705,5.8885395992547275e-05,0.1147047953971196
ray_gpis_hit_only,Corner,8,1,0.871,0.9194023169631615,4.733064901602272,0.08310791054558242,0.04842362011189626,0.5411766666666666,0.6784872314358893,0.5499700262872912,0.07012767158740774,0.01382974960446855,0.10999400525745824,0.10999400525745824,0.6,1.0,0.0,1.0,0.0,0.681162616554762,0.75,0.12353814179950859,7.336740090977401e-05,0.12361150920041837
ray_gpis_hit_only,Corner,9,1,0.8557,0.918276073444514,4.9040913536605615,0.079589981872138,0.048932726089015874,0.5848133333333334,0.7147773917520592,0.45127385059773717,0.06528623690118658,0.012857434834490311,0.09025477011954744,0.09960595614384042,0.3,1.0,0.00935118602429299,0.6,0.0,0.5560464156924808,0.75,0.10138332499773242,6.799960392527283e-05,0.10145132460165769
ray_gpis_hit_only,Corner,10,1,0.7017,0.8242156893895402,6.054664391871033,0.07899626773121995,0.04608299444458643,0.45866666666666667,0.6150463338496441,0.3899368344536042,0.0638502402624409,0.012563440619682948,0.07798736689072085,0.08482218865788314,0.4,1.0,0.006834821767162302,0.8,0.0,0.789485401775062,1.0,0.12267474380205386,7.261759892571718e-05,0.12274736140097957
ray_gpis_hit_only,Corner,11,1,0.7406333333333334,0.8509929336065417,5.306775988222338,0.07903361650189053,0.04586520791793931,0.47679,0.6327817288383519,0.38709124389840044,0.0651573360679595,0.012838035419667566,0.0774182487796801,0.09180877480208646,0.5,1.0,0.01439052602240638,0.2,0.0,0.569078629843019,0.5,0.1185386394005036,6.131959671620279e-05,0.1185999589972198
ray_gpis_hit_only,Corner,12,1,0.5514,0.7074496798650441,9.108143925634817,0.06938915480582895,0.04348440907588508,0.42640666666666666,0.5895731778722355,0.3187935406449346,0.05542720359786328,0.010921584230125785,0.06375870812898692,0.10029983976902505,0.2,1.0,0.03654113164003814,0.2,0.0,0.525375068937866,0.75,0.11119058639742434,6.796660309191794e-05,0.11125855300051626
ray_gpis_hit_only,Corner,13,1,0.8408,0.8461418234036623,6.3967185267900515,0.07718633566340131,0.04758541103732451,0.6247233333333334,0.6940010333367258,0.41055660190860327,0.06278918807007144,0.012364927930002288,0.08211132038172066,0.09104777122162036,0.2,1.0,0.008936450839899713,0.4,0.0,0.23695694927382188,0.5,0.10818629659770522,6.245199765544384e-05,0.10824874859536067
ray_gpis_hit_only,Corner,14,1,0.7446333333333334,0.8222184148809143,6.545866128398255,0.07749846146519665,0.045886210276358634,0.49992666666666674,0.6349357072299486,0.4670003442101174,0.06575720908695924,0.012986158874865966,0.09340006884202348,0.09825198397225174,0.9,1.0,0.004851915130228268,0.8,0.0,0.4585571566159921,0.75,0.10932776299887337,5.92947966651991e-05,0.10938705779553856
ray_gpis_hit_only,Cross,0,1,0.7436666666666667,0.8421263317962965,5.3664206996944595,0.1306089657747208,0.07622432649136596,0.47719000000000006,0.6212624706983142,0.4817841898565812,0.11103082674974446,0.021717109704922015,0.09635683797131625,0.10467072935267865,0.4,1.0,0.008313891381362414,0.8,0.0,0.6133000654603222,1.0,0.09758361000276636,6.686899869237095e-05,0.09765047900145873
ray_gpis_hit_only,Cross,1,1,0.7679,0.8429112325230477,5.81700745184947,0.12789666660720234,0.07612169778734733,0.5436033333333333,0.6746835682835485,0.455554354600132,0.10764818707148946,0.021041105406765955,0.0911108709200264,0.09291153957567558,0.4,1.0,0.0018006686556491847,0.6,0.0,0.3205748081157115,0.75,0.10433751680247952,6.607419927604497e-05,0.10440359100175556
ray_gpis_hit_only,Cross,2,1,0.892,0.9048516779864164,5.28493692290111,0.13450852300283972,0.07929479711341816,0.6273666666666667,0.7299389977112781,0.47701392513032165,0.11492029423815883,0.02247538488333522,0.09540278502606434,0.09540278502606434,0.7,1.0,0.0,1.0,0.0,0.7236474090850691,1.0,0.09080201879842206,6.747000152245164e-05,0.09086948879994453
ray_gpis_hit_only,Cross,3,1,0.6973,0.819673179852234,6.022129332040013,0.134268699893254,0.08116191298078931,0.5252266666666667,0.6759128540102737,0.4972909626007311,0.11307622620556032,0.022074868487354994,0.09945819252014622,0.0997126631913673,0.4,1.0,0.00025447067122108535,0.8,0.0,0.4140205988878585,1.0,0.10046374919766095,7.181680120993406e-05,0.10053556599887088
ray_gpis_hit_only,Cross,4,1,0.7372333333333333,0.7273178858563284,8.70567980650332,0.13198175328902229,0.07722333175930837,0.40812666666666664,0.4745310048718078,0.666540173212199,0.11106916075498574,0.021691239391376127,0.13330803464243982,0.14742015849666473,0.8,1.0,0.014112123854224922,0.6,0.0,0.7813176810919645,0.75,0.09001447400369215,6.650159775745124e-05,0.0900809756014496
ray_gpis_hit_only,Cross,5,1,0.8259333333333333,0.9046697579320164,4.899857089460285,0.13038815392999492,0.0770977120006116,0.6112633333333333,0.735391686842006,0.5455831997479607,0.11038792225626964,0.021581236869124415,0.10911663994959213,0.11027820316253514,0.8,1.0,0.0011615632129430065,0.8,0.0,0.4387475791621652,0.75,0.0996761922026053,6.462000019382685e-05,0.09974081220279914
ray_gpis_hit_only,Cross,6,1,0.7578666666666667,0.8594459631171332,5.5897673765938665,0.13028693773104066,0.07992231347596446,0.5803866666666666,0.714441442092659,0.47870434277924795,0.10960612091257922,0.021412068816106897,0.0957408685558496,0.09897790762464943,0.4,1.0,0.0032370390687998405,0.6,0.0,0.5105040980784855,0.75,0.11019020620151423,7.17456015991047e-05,0.11026195180311334
ray_gpis_hit_only,Cross,7,1,0.6743,0.7390055596124592,8.33536541931466,0.12687639647379434,0.07407266226974321,0.5118366666666667,0.657668042450138,0.3508688736034327,0.1058053933679724,0.020662434249722063,0.07017377472068655,0.09293784123893094,0.2,1.0,0.02276406651824441,0.2,0.0,0.5603215487196179,0.75,0.09804019919829443,7.553480099886656e-05,0.0981157339992933
ray_gpis_hit_only,Cross,8,1,0.7882,0.862019932856481,5.205093271994128,0.12433844370917436,0.07450224199580639,0.50543,0.6292508849560446,0.6202077660941119,0.10529807569578868,0.020611440376616944,0.12404155321882238,0.14241259708330925,0.2,1.0,0.018371043864486868,0.6,0.0,0.487953933528426,0.5,0.09090887439961079,6.402679719030857e-05,0.0909729011968011
ray_gpis_hit_only,Cross,9,1,0.6672333333333333,0.7993607016060335,6.271791810082679,0.12129159368621593,0.07130100512171256,0.41732,0.5772117562101927,0.36843939090230166,0.10072106248614236,0.01968342426524704,0.07368787818046033,0.14769677251053365,-0.1,1.0,0.07400889433007334,0.2,0.0,0.5583027023853356,1.0,0.10676272060081829,7.017159950919449e-05,0.10683289220032748
ray_gpis_hit_only,Cross,10,1,0.7969333333333334,0.8869926541515174,5.353919018160075,0.12886710250364156,0.07522384266622331,0.5360400000000001,0.6801001619664971,0.42964704814544963,0.10834162221271323,0.02116953165669283,0.08592940962908993,0.09413102694609235,0.4,1.0,0.008201617317002429,0.6,0.0,0.5908819479023057,0.5,0.10981592460302636,7.00794014846906e-05,0.10988600400451105
ray_gpis_hit_only,Cross,11,1,0.7434666666666667,0.80800646169201,6.393989274858368,0.12874937119803798,0.07707122849341941,0.40859000000000006,0.5229921863370384,0.7002763863323388,0.10669272714644325,0.02081167554317527,0.14005527726646777,0.15062401634764477,0.5,1.0,0.010568739081177003,0.6,0.0,0.8620665300642419,1.0,0.08703921819978859,6.218199850991369e-05,0.08710140019829851
ray_gpis_hit_only,Cross,12,1,0.7132666666666667,0.8086793712659859,6.098146732812777,0.1274366370484355,0.0761944746751559,0.5155333333333333,0.6563003004235368,0.40842341221943335,0.1066202709524448,0.02082718896706017,0.08168468244388667,0.08777360525659285,0.5,1.0,0.006088922812706177,0.6,0.0,0.4402358069381698,0.75,0.10678810959798284,6.695339689031244e-05,0.10685506299487316
ray_gpis_hit_only,Cross,13,1,0.7867666666666666,0.8799995452317227,5.439418636096832,0.12861968025506357,0.07518688431018387,0.48147333333333336,0.630718632316511,0.5184037395464601,0.10975866754139524,0.02148665520906858,0.10368074790929202,0.10368074790929202,0.9,1.0,0.0,1.0,0.0,0.510009515820472,1.0,0.09803047099849209,6.775639485567808e-05,0.09809822739334777
ray_gpis_hit_only,Cross,14,1,0.7844333333333333,0.8780029084635529,5.717027237787443,0.12524296190516823,0.07592041812171953,0.5270533333333333,0.6802656244380568,0.4588222998480872,0.10582179177815008,0.020704677499538422,0.09176445996961743,0.10264105036405166,0.4,1.0,0.010876590394434227,0.6,0.0,0.609098418477813,0.5,0.10950521259510423,6.863379676360636e-05,0.10957384639186785
ray_gpis_hit_only,Cube,0,1,0.5869,0.7396811393282501,7.430820111188277,0.13573945837257617,0.07685046937989522,0.31166666666666665,0.45739604144600265,0.4491315510208909,0.11536928598907759,0.02254254120208136,0.08982631020417818,0.1549327634508698,0.2,1.0,0.0651064532466916,0.4,0.0,0.3481077081041304,0.75,0.09351967299589888,6.548440142069012e-05,0.09358515739731957
ray_gpis_hit_only,Cube,1,1,0.6308333333333334,0.7736331119059786,7.962873431303332,0.1500058094426308,0.09042938390474828,0.49509666666666663,0.656896040573109,0.23761905764089963,0.12393899765725086,0.024050249402826542,0.04752381152817993,0.058252883703728206,-0.3,1.0,0.010729072175548282,0.4,0.0,0.5770345100175759,0.75,0.11524986079894006,6.194860034156591e-05,0.11531180939928162
ray_gpis_hit_only,Cube,2,1,0.6708333333333333,0.7890969281368903,6.659065073348956,0.13622255709139158,0.07861283535135422,0.4513399999999999,0.5739038432998018,0.6063680855903635,0.11666877041362286,0.022817228418915814,0.12127361711807269,0.15312810207863797,-0.1,1.0,0.031854484960565276,0.4,0.0,0.6615532075124733,0.75,0.09882061939570122,6.42762053757906e-05,0.09888489560107701
ray_gpis_hit_only,Cube,3,1,0.7974333333333333,0.8347425582235933,6.030703166092116,0.15455305037763434,0.09175706378194542,0.5352466666666666,0.6243420261595436,0.45360773373555946,0.13082009689011165,0.025449610942296287,0.09072154674711189,0.09562038999423081,0.3,1.0,0.004898843247118911,0.8,0.0,0.3686444412006733,0.75,0.10779327059572097,6.113160052336752e-05,0.10785440219624434
ray_gpis_hit_only,Cube,4,1,0.7635333333333333,0.79296602699577,7.280470630966667,0.15220366072866276,0.09531574154313535,0.6086333333333334,0.7072738372862691,0.3443192446466288,0.12653240804707452,0.024562722951552454,0.06886384892932576,0.08244750670221987,0.3,1.0,0.01358365777289412,0.6,0.0,0.39255487439216397,0.5,0.1037654398009181,6.58490025671199e-05,0.10383128880348522
ray_gpis_hit_only,Cube,5,1,0.6391333333333333,0.7769439904983795,7.542759105542653,0.1388155802551593,0.07767758340857285,0.37202999999999997,0.5247530794537134,0.5253485713183812,0.12027481549073127,0.02354798953404565,0.10506971426367624,0.11073633864068415,0.8,1.0,0.005666624377007911,0.8,0.0,0.7194263986354522,1.0,0.09836219240096397,6.815259985160083e-05,0.09843034500081557
ray_gpis_hit_only,Cube,6,1,0.8936,0.9431174875766982,4.372322571792449,0.1588756290680054,0.09703625590612533,0.6672399999999999,0.7843600310465808,0.4662693965937575,0.13271311778319647,0.02574194075770885,0.0932538793187515,0.1013096979686754,0.1,1.0,0.008055818649923885,0.4,0.0,0.47148347165294385,0.75,0.10377182740194257,6.966199725866318e-05,0.10384148939920124
ray_gpis_hit_only,Cube,7,1,0.6026,0.7166136395451401,9.06289219117304,0.14066987533029218,0.08134803557983822,0.3337566666666667,0.4504259661494527,0.5713480899488638,0.1166409465825477,0.02269362130395372,0.11426961798977275,0.16901911653390228,-0.1,1.0,0.05474949854412956,0.4,0.0,0.6229215399156429,0.75,0.10911697640258353,6.303700210992247e-05,0.10918001340469345
ray_gpis_hit_only,Cube,8,1,0.6821333333333334,0.7785525246212097,7.0663873130834585,0.1444373745007051,0.08418774871447232,0.44632000000000005,0.5920219231191343,0.47672981433025535,0.12258098744333004,0.023905502377414675,0.09534596286605107,0.09699971106951742,0.6,1.0,0.0016537482034663542,0.8,0.0,0.6030675811887989,1.0,0.10439747400232591,6.802900170441717e-05,0.10446550300403032
ray_gpis_hit_only,Cube,9,1,0.8969666666666667,0.9355326985533929,4.492385156699213,0.16139669927424688,0.09450404834931807,0.6358266666666667,0.7487341601482042,0.5038475354041453,0.13611518645926715,0.026426357508427405,0.10076950708082906,0.10958354299167623,0.6,1.0,0.008814035910847173,0.6,0.0,0.32427080614675463,1.0,0.10296996440156363,6.565880030393601e-05,0.10303562320186757
ray_gpis_hit_only,Cube,10,1,0.6467,0.77660183034122,8.015842250590936,0.14724099172233737,0.0860031834697409,0.41668666666666665,0.5716653685216272,0.3844088455482807,0.12219951005658578,0.023742691921848403,0.07688176910965613,0.09628741603718047,0.4,1.0,0.019405646927524323,0.6,0.0,0.6463707961597464,0.75,0.09738569140026812,7.671380008105189e-05,0.09746240520034917
ray_gpis_hit_only,Cube,11,1,0.5991333333333333,0.7240052547512424,8.184830835835813,0.14000776162077183,0.08499705959902962,0.48262,0.6422236888934434,0.23976919977953665,0.1138943050364361,0.02210756998485578,0.04795383995590733,0.06841541163606636,0.2,1.0,0.02046157168015903,0.2,0.0,0.6356492386725215,0.75,0.10999236739880872,7.253799994941801e-05,0.11006490539875813
ray_gpis_hit_only,Cube,12,1,0.7874666666666666,0.8777110837218797,5.551011498953145,0.15421874150084525,0.09307589390555553,0.6049566666666667,0.7366440275786097,0.4660631684339909,0.1292722383431123,0.02511371320624651,0.09321263368679819,0.10052987972540714,0.4,1.0,0.007317246038608949,0.8,0.0,0.3394809311395914,1.0,0.1051415541995084,5.846300045959651e-05,0.105200017199968
ray_gpis_hit_only,Cube,13,1,0.9254,0.9612548041965306,4.077229552125429,0.15374312633851578,0.09127513210717594,0.6869766666666667,0.7886559468259672,0.6008230512248132,0.1305385948677086,0.02541094579536901,0.12016461024496264,0.12069175193556574,0.4,1.0,0.0005271416906031057,0.6,0.0,0.22286746350899345,1.0,0.10704056619724725,7.72081984905526e-05,0.1071177743957378
ray_gpis_hit_only,Cube,14,1,0.7820666666666667,0.8470847484941744,5.652655266033444,0.15125830367120827,0.0887487975373692,0.48355,0.6157879734892537,0.4215986173371691,0.12840693985656246,0.025008075198834755,0.08431972346743381,0.10257805683377574,0.1,1.0,0.018258333366341927,0.6,0.0,0.41205186511542735,0.5,0.10658433659991715,6.758119852747768e-05,0.10665191779844463
ray_gpis_hit_only,Cylinder,0,1,0.7022666666666667,0.7743682022008649,7.952907171705876,0.2621798778978364,0.1467859906476996,0.4714433333333333,0.5819077430812003,0.4520798035765884,0.23559393232111048,0.045480001078356466,0.09041596071531768,0.10335179487943913,0.4,1.0,0.012935834164121463,0.4,0.0,0.4395347682240542,1.0,0.10628847959742416,6.068979855626822e-05,0.10634916939598042
ray_gpis_hit_only,Cylinder,1,1,0.5536333333333333,0.7105671678278938,8.946471757867927,0.23474138194602312,0.13191387430637652,0.41786333333333336,0.5851006491578035,0.2320196477954361,0.20405304298633795,0.039237124612250616,0.04640392955908722,0.11829879914172152,0.0,1.0,0.07189486958263429,0.2,0.0,0.6481179554727555,0.5,0.11791709199897013,6.36777956970036e-05,0.11798076979466714
ray_gpis_hit_only,Cylinder,2,1,0.7076333333333333,0.7480853260448154,7.301549969974889,0.2445434751054185,0.1620915514442185,0.41332,0.5136726205301296,0.41008914865360735,0.21540100244727556,0.041480066448005615,0.08201782973072147,0.10810150800119185,0.1,1.0,0.026083678270470378,0.4,0.0,0.5619920553562998,0.5,0.11096675320004579,6.43837993266061e-05,0.11103113699937239
ray_gpis_hit_only,Cylinder,3,1,0.7671666666666667,0.8676253370095333,5.553731592878596,0.24510092123560684,0.16130483181449437,0.51141,0.6517196717367022,0.6232433145376232,0.2112055539825413,0.04042596368073687,0.12464866290752463,0.1362997113238342,0.3,1.0,0.011651048416309573,0.6,0.0,0.652667847699026,1.0,0.10676456720393616,6.780979747418314e-05,0.10683237700141035
ray_gpis_hit_only,Cylinder,4,1,0.7982,0.8877766655544433,5.247520038837592,0.24794671867001639,0.14674572431288951,0.5335966666666667,0.6769395376287065,0.4533343954957349,0.21893405605499325,0.042160351895366446,0.09066687909914697,0.10806711549307055,0.1,1.0,0.017400236393923574,0.4,0.0,0.4303893649945028,0.5,0.10742494480509776,7.371919928118586e-05,0.10749866400437895
ray_gpis_hit_only,Cylinder,5,1,0.7742666666666667,0.8528748154671401,5.539166176887404,0.22980107808027075,0.13423289774238528,0.46108666666666664,0.6030957399522769,0.5704976254980574,0.20162755411560965,0.038902476058559246,0.11409952509961148,0.1201823147671591,0.5,1.0,0.00608278966754765,0.8,0.0,0.5656586713539151,1.0,0.1014760153950192,5.9509396669454874e-05,0.10153552479168866
ray_gpis_hit_only,Cylinder,6,1,0.8461666666666666,0.9154922065559815,4.702200396838954,0.26834876475725833,0.17875136103249156,0.56453,0.7006392950682228,0.4756357397610364,0.21121471480100432,0.03918316172609934,0.09512714795220728,0.10363353347092179,0.8,1.0,0.008506385518714498,0.6,0.0,0.5540944478716967,0.25,0.11191883260034956,6.497460126411169e-05,0.11198380720161367
ray_gpis_hit_only,Cylinder,7,1,0.5940333333333333,0.6975736713827749,10.155239787147876,0.24568926341342345,0.16789326628324877,0.4083566666666666,0.5345706811675117,0.36733818466825535,0.19093670287400774,0.035603049970978115,0.07346763693365108,0.09987336044485455,0.1,1.0,0.02640572351120348,0.4,0.0,0.5468836599926569,0.5,0.10977899819845334,6.7496596602723e-05,0.10984649479505607
ray_gpis_hit_only,Cylinder,8,1,0.7882333333333333,0.7647383964347407,8.05311917576464,0.225890159552141,0.12818501569024635,0.48618000000000006,0.5569546100328857,0.6647749829573498,0.1979588716383067,0.03821298063658922,0.13295499659146998,0.1341146741372778,0.5,1.0,0.0011596775458078356,0.8,0.0,0.48485241866512024,0.75,0.1031343940005172,6.56879972666502e-05,0.10320008199778385
ray_gpis_hit_only,Cylinder,9,1,0.5263,0.6892661457190024,9.935734916862092,0.17731744689359127,0.10822032993297545,0.3972033333333334,0.5655920641846863,0.22410703388026298,0.14579164895231686,0.02808219934506121,0.0448214067760526,0.08985928356825743,0.4,1.0,0.045037876792204834,0.2,0.0,0.7642072200209076,0.75,0.11829093660635408,6.739980017300695e-05,0.11835833640652708
ray_gpis_hit_only,Cylinder,10,1,0.9348,0.9621770466756002,4.157356840799044,0.26521090448763057,0.13592746555850468,0.58169,0.7094916899666812,0.5343804898011406,0.23633249363598943,0.04547909601805085,0.10687609796022812,0.10805222535224743,0.8,1.0,0.0011761273920192882,0.8,0.0,0.6039825439365964,0.75,0.11458341960096732,7.655859808437526e-05,0.11465997819905169
ray_gpis_hit_only,Cylinder,11,1,0.8577333333333333,0.9206545048959647,5.486571689055952,0.25922661725142576,0.16142005012951177,0.5284566666666667,0.6745343311570116,0.47188385415525264,0.22944414783768594,0.04411519737826454,0.09437677083105053,0.10066857933728764,0.3,1.0,0.006291808506237118,0.6,0.0,0.5850427367121721,1.0,0.11231124740443192,6.602359644602984e-05,0.11237727100087795
ray_gpis_hit_only,Cylinder,12,1,0.5543666666666667,0.7124060822786533,8.641715374772918,0.2469569498950583,0.13240825642266102,0.38464666666666664,0.5450395693027639,0.46499845850181676,0.21783708047361477,0.04194540431682348,0.09299969170036335,0.1073356602339586,0.8,1.0,0.014335968533595245,0.8,0.0,0.5363936150669361,0.75,0.11353805399849079,6.0901002143509686e-05,0.1135989550006343
ray_gpis_hit_only,Cylinder,13,1,0.6911666666666667,0.8173844486054992,6.765491850650234,0.2513931950892003,0.1549573709545354,0.42492,0.577960423887018,0.5360404596048977,0.22437889249909748,0.04331278872602824,0.10720809192097953,0.13125228642744705,0.2,1.0,0.024044194506467508,0.4,0.0,0.6751209885156733,0.25,0.099355035595363,5.909939936827868e-05,0.09941413499473128
ray_gpis_hit_only,Cylinder,14,1,0.7397333333333334,0.8271503174096982,6.989010033451331,0.24525400660911778,0.1660023083064291,0.41950666666666664,0.560731640974933,0.4407475635370649,0.18762240700065422,0.03486242387145979,0.08814951270741297,0.1268537749229721,0.5,1.0,0.038704262215559115,0.4,0.0,0.5205801286895123,0.75,0.1047554577991832,6.773639761377126e-05,0.10482319419679698
ray_gpis_hit_only,L_Shaped,0,1,0.6481,0.7518992520364697,7.923142898359461,0.14448672839021925,0.08392182661704656,0.37207666666666667,0.49363660201952386,0.644769674047996,0.12529203806138164,0.024508523084890273,0.1289539348095992,0.1700521949519955,0.1,1.0,0.041098260142396315,0.6,0.0,0.846539234717185,0.5,0.08624489139765501,6.768899911548942e-05,0.0863125803967705
ray_gpis_hit_only,L_Shaped,1,1,0.6890666666666667,0.7556035852774776,7.926470737531996,0.14759079001713976,0.09118879559256643,0.47154000000000007,0.5703228324617182,0.3501779653300379,0.12266014247244696,0.023834921950537276,0.07003559306600758,0.09014462227383584,0.02679491924311226,1.0,0.020109029207828255,0.6,0.0,0.7037212901393488,0.75,0.09685085279634223,7.388080121017992e-05,0.09692473359755241
ray_gpis_hit_only,L_Shaped,2,1,0.6684666666666667,0.7972626381318593,7.317359800354404,0.14820641289398326,0.08882302206278894,0.4230266666666667,0.5826684418037498,0.42178205113884476,0.12346555126553774,0.023996128149517508,0.08435641022776895,0.08494967200247455,0.4,1.0,0.0005932617747056001,0.6,0.0,0.6069036571551556,0.75,0.09149878520111088,6.27513974905014e-05,0.09156153659860138
ray_gpis_hit_only,L_Shaped,3,1,0.6251666666666666,0.7689194346325113,7.352518734972996,0.14275686235605015,0.08572613976704058,0.39922,0.5605143449660279,0.3687914448716922,0.1200986468035314,0.023401200700202532,0.07375828897433843,0.08507644487377151,0.3,1.0,0.01131815589943308,0.6,0.0,0.5764537072510189,0.75,0.103500688195345,7.064640230964869e-05,0.10357133459765464
ray_gpis_hit_only,L_Shaped,4,1,0.8286,0.9044616186543206,4.6502349068609385,0.1547914431489088,0.09325048648556275,0.6554399999999999,0.7766683003861006,0.4384392225813033,0.13139565476455983,0.02557130466805465,0.08768784451626066,0.09920175956746649,-0.1,1.0,0.011513915051205826,0.4,0.0,0.3462309770551313,0.75,0.10641355039842892,6.301719986367971e-05,0.1064765675982926
ray_gpis_hit_only,L_Shaped,5,1,0.5601,0.7176015120751733,8.830817924116483,0.139716130813277,0.08728822471743289,0.36449333333333334,0.5278561996996591,0.3794212046385302,0.11617438879375575,0.022615989268627967,0.07588424092770604,0.12235443184617367,-0.12679491924311223,1.0,0.04647019091846764,0.2,0.0,0.6577675641732713,0.75,0.10668484659690876,6.626839458476753e-05,0.10675111499149352
ray_gpis_hit_only,L_Shaped,6,1,0.6262333333333333,0.7558421208468288,7.542635355927088,0.13217118315067922,0.07986899473047834,0.43482666666666664,0.5856683377528714,0.36420561099560245,0.10914536420534134,0.021264859265938053,0.07284112219912049,0.10489646842931166,0.2,1.0,0.032055346230191184,0.2,0.0,0.5638630060736853,0.5,0.10986880860291422,6.96260016411543e-05,0.10993843460455537
ray_gpis_hit_only,L_Shaped,7,1,0.7308,0.8407861558362594,6.060514257670337,0.14085049775388414,0.08248832225790487,0.4838466666666667,0.627664264798881,0.5444978970632702,0.11878893622524352,0.0231629991101315,0.10889957941265405,0.14880748620718098,0.6,1.0,0.03990790679452695,0.2,0.0,0.572980586728472,0.25,0.1016378322005039,6.404140731319785e-05,0.1017018736078171
ray_gpis_hit_only,L_Shaped,8,1,0.5860333333333333,0.7025583951008932,8.48237614275249,0.13937205103224265,0.0816562497844406,0.3454,0.47880238220190224,0.5145936020942703,0.1176569609909005,0.022952267891883683,0.10291872041885405,0.1428200423234811,0.3267949192431122,1.0,0.03990132190462707,0.6,0.0,0.6405875786660131,0.25,0.10271940639941021,6.322780100163073e-05,0.10278263420041185
ray_gpis_hit_only,L_Shaped,9,1,0.7791,0.8714061939195975,5.410762382365616,0.14457390623211164,0.08621664490284067,0.5301433333333334,0.6773687533236078,0.4254882494521296,0.11786577280880262,0.022859436696795143,0.08509764989042592,0.08912879389340489,0.3,1.0,0.00403114400297897,0.6,0.0,0.5097746299781482,1.0,0.10764367280062288,6.378139951266349e-05,0.10770745420013554
ray_gpis_hit_only,L_Shaped,10,1,0.6614333333333333,0.7894444838844271,6.9813907440994205,0.12749051294580221,0.07845118061199105,0.44680333333333333,0.6021768255416922,0.4765796738911006,0.10444185131908848,0.020350773705901964,0.09531593477822012,0.12474717135442615,0.4,1.0,0.02943123657620601,0.2,0.0,0.5218904716376832,0.25,0.11131370399962179,5.8882997836917636e-05,0.11137258699745871
ray_gpis_hit_only,L_Shaped,11,1,0.8725,0.9278524297171938,4.821057071497993,0.15091673044197354,0.08834126580616644,0.5525266666666667,0.6985418504113615,0.510506540661247,0.12831759575034443,0.024998169794493843,0.10210130813224941,0.11320042969125713,0.3,1.0,0.011099121559007719,0.6,0.0,0.5134068234287715,0.0,0.11697611019772011,6.112460396252572e-05,0.11703723480168264
ray_gpis_hit_only,L_Shaped,12,1,0.5665,0.6498002891341336,9.67725505523535,0.1338213052715854,0.08315433069549219,0.41846999999999995,0.5223423489526049,0.25613997643334113,0.10960724197275011,0.02132529873560194,0.05122799528666823,0.10470324401024214,-0.2,1.0,0.05347524872357392,0.0,0.0,0.5894704974891812,0.5,0.11018900720227975,6.97016017511487e-05,0.11025870880403091
ray_gpis_hit_only,L_Shaped,13,1,0.5636333333333333,0.7179962295750757,9.126597842786273,0.13481304554779416,0.08371613543359244,0.3860833333333334,0.5493591244731831,0.3063903631060758,0.10886868123088154,0.02113981649292216,0.061278072621215166,0.07110145084217909,0.2,1.0,0.00982337822096393,0.4,0.0,0.6064489988758343,1.0,0.10824105179926846,6.476320268120617e-05,0.10830581500194966
ray_gpis_hit_only,L_Shaped,14,1,0.8632,0.9258735839485994,4.497305417922077,0.14167709283128266,0.0860281062348092,0.6714766666666667,0.7871237106354693,0.44898682741825136,0.115758767686891,0.02247314383912324,0.08979736548365028,0.09319436684696639,0.6,1.0,0.00339700136331611,0.8,0.0,0.2763686740061487,0.75,0.09863868220127188,6.387680186890066e-05,0.09870255900314077
ray_gpis_hit_only,Thin_Irregular,0,1,0.7341333333333333,0.791135031987105,6.95923905084679,0.9974287372729165,0.727133146210017,0.4349333333333333,0.5453234562514832,0.5005422291139294,0.995129180067326,0.10506397710069378,0.10010844582278589,0.10622195750033492,0.2,1.0,0.0061135116775490215,0.8,0.2,0.37644561730359655,0.75,0.2724392294010613,6.366420129779726e-05,0.27250289360235913
ray_gpis_hit_only,Thin_Irregular,1,1,0.9039,0.9484119656551384,4.603292429332223,1.0,0.8272802685250596,0.6526933333333333,0.7677891843839365,0.5234218094666623,1.0,0.1001717912571352,0.10468436189333245,0.10468436189333245,0.8,1.0,0.0,1.0,0.0,0.489753209230977,1.0,0.38660845400590915,6.412260117940604e-05,0.38667257660708854
ray_gpis_hit_only,Thin_Irregular,2,1,0.8461,0.8339252273052541,6.969982838118526,0.9994964681940773,0.8533514911968091,0.4603,0.5268111731899873,0.6784721091649024,0.9990293771196371,0.10365365923429656,0.13569442183298047,0.1357269180421113,0.7,1.0,3.249620913079454e-05,0.8,0.2,0.3118881486563171,1.0,0.3818899070029147,6.774000066798181e-05,0.3819576470035827
ray_gpis_hit_only,Thin_Irregular,3,1,0.5432,0.6529971537759766,12.574552518931613,0.8433856257619031,0.5922368150965444,0.36361666666666664,0.469488134670463,0.35430432478570234,0.7446698738697759,0.09135311063967093,0.07086086495714047,0.08072882999750396,0.5,1.0,0.009867965040363491,0.4,0.0,0.7462046151295547,0.5,0.25752353799762207,6.648240378126502e-05,0.25759002040140333
ray_gpis_hit_only,Thin_Irregular,4,1,0.6882,0.8129764550076163,7.653323397839557,0.8458854614429494,0.7302718350470593,0.5361533333333334,0.6882420535329141,0.2870330587812012,0.7156056819622725,0.07755797670316941,0.05740661175624025,0.09012425516821154,0.3,1.0,0.032717643411971295,0.4,0.2,0.6403263520247455,0.25,0.42216462079668415,6.780980329494924e-05,0.4222324305999791
ray_gpis_hit_only,Thin_Irregular,5,1,0.5993,0.7152215933485159,11.366665995470203,0.8335700534058234,0.6437136382978547,0.3697766666666667,0.48473784952919596,0.6383244601276052,0.6846697714631055,0.07227315568695583,0.12766489202552106,0.14928264782535164,0.3,1.0,0.021617755799830586,0.6,0.0,0.6237118733313192,1.0,0.2715708593983436,6.485580233857035e-05,0.2716357152006822
ray_gpis_hit_only,Thin_Irregular,6,1,0.6801666666666667,0.7511636715030565,9.087948789863074,0.9974316870181681,0.6412238478835016,0.34064666666666665,0.44142020431581114,0.6789714044150499,0.9948985085227335,0.10017504749075141,0.13579428088300996,0.17261764050356138,0.1,1.0,0.0368233596205514,0.2,0.0,0.6292365155400372,0.25,0.27735131840454413,6.79744000080973e-05,0.27741929280455224
ray_gpis_hit_only,Thin_Irregular,7,1,0.5399,0.6637811190393779,10.932654977055794,0.9997003665340716,0.6881762180676401,0.34431666666666666,0.4610902632051662,0.5799933751821453,0.9994065052670341,0.10091265125407523,0.11599867503642906,0.1454250588584723,-0.1,1.0,0.0294263838220432,0.2,0.0,0.6081679332647367,0.75,0.27475528699869756,0.0008284249954158441,0.2755837119941134
ray_gpis_hit_only,Thin_Irregular,8,1,0.5964333333333334,0.6723910889910233,9.993474066346286,0.8423276614246961,0.6557751656023424,0.37965333333333334,0.4641812040487947,0.488181685397623,0.7122739641134108,0.07806446940542447,0.0976363370795246,0.10362380261369748,0.5,1.0,0.0059874655341728865,0.6,0.4,0.5096411035987121,0.25,0.26974605780269484,6.537020090036094e-05,0.2698114280035952
ray_gpis_hit_only,Thin_Irregular,9,1,0.8826,0.9186446044998726,5.077334916526129,0.9998033887257013,0.8596987150270421,0.6560599999999999,0.7618435424264713,0.5615799823750096,0.9996932450690942,0.12814852706064755,0.11231599647500193,0.11231599647500193,0.7,1.0,0.0,1.0,0.2,0.2606001342137348,0.5,0.3827159687964013,6.583540234714747e-05,0.3827818041987484
ray_gpis_hit_only,Thin_Irregular,10,1,0.5006,0.6631406372860592,12.760142742847808,0.679681286458036,0.5653373111518517,0.3805633333333333,0.5459671461590341,0.2408493977279061,0.4754527410387478,0.05806775567224237,0.04816987954558122,0.06392980971251153,0.0,1.0,0.015759930166930315,0.6,0.2,0.577398177561754,0.5,0.2873998486000346,6.606800307054072e-05,0.28746591660310516
ray_gpis_hit_only,Thin_Irregular,11,1,0.7661,0.8374458285390959,6.336951268984632,0.9529680137448059,0.7738962202148599,0.48721000000000003,0.6218735275676267,0.4648734080118094,0.9098758999134837,0.09496521080950196,0.09297468160236187,0.09297468160236187,0.8,1.0,0.0,1.0,0.2,0.6529578201638705,1.0,0.43185891779430674,6.742439873050899e-05,0.43192634219303727
ray_gpis_hit_only,Thin_Irregular,12,1,0.8485333333333334,0.8529329363797826,6.315303671776449,0.9998525415442759,0.8042464650348933,0.55421,0.6384155102376564,0.3891241225589047,0.9997331421919383,0.1104851354019348,0.07782482451178094,0.09860424003870749,0.5,1.0,0.020779415526926547,0.6,0.0,0.46991289394766367,0.25,0.3816576661949512,6.43993989797309e-05,0.3817220655939309
ray_gpis_hit_only,Thin_Irregular,13,1,0.7984,0.8866816485169893,5.584652163732883,0.9550135462229644,0.8627523277373703,0.63737,0.7638804426161258,0.4284243316631721,0.9201500434125109,0.10368017508077117,0.08568486633263442,0.08568486633263442,1.0,1.0,0.0,1.0,0.2,0.5467567028343202,0.75,0.4118607772019459,6.233419990167021e-05,0.41192311140184756
ray_gpis_hit_only,Thin_Irregular,14,1,0.49243333333333333,0.6576072407249739,14.612801237605854,0.6766457612557129,0.5944899862164792,0.34478,0.5033238687816503,0.4135848812763509,0.47262790720582226,0.05795765048321929,0.08271697625527018,0.14563192601528335,0.1,1.0,0.06291494976001315,0.2,0.2,0.5873647092127103,0.75,0.27201018699852286,6.786019948776812e-05,0.2720780471980106
ray_gpis_hit_only,green_Pepper,0,1,0.7926333333333333,0.8836503879290468,5.517287541986863,0.14545977023727447,0.08964708585453854,0.6428600000000001,0.7669044299662169,0.5028650688088201,0.12184369894185024,0.023713396433743615,0.10057301376176402,0.12303735887523619,0.1,1.0,0.022464345113472152,0.4,0.0,0.3615835511690236,0.25,0.10266464980086312,6.543720082845539e-05,0.10273008700169158
ray_gpis_hit_only,green_Pepper,1,1,0.7209333333333333,0.8345845859512677,5.94212093371093,0.14187197243990926,0.08449024087923428,0.4530133333333334,0.6070786297002121,0.4277869226480282,0.11887553030392398,0.023154600253027197,0.08555738452960564,0.09629603329867568,0.3,1.0,0.010738648769070047,0.6,0.0,0.6342126001892601,1.0,0.10901384459575639,6.755380018148571e-05,0.10908139839593786
ray_gpis_hit_only,green_Pepper,2,1,0.6964666666666667,0.7986455138177587,7.277079974122177,0.13740848798594107,0.08024320146993782,0.46682000000000007,0.6126609017076877,0.5122457879938026,0.1155777915119978,0.022544983827581553,0.10244915759876053,0.11227987019701191,0.1,1.0,0.00983071259825139,0.4,0.0,0.5960091023156396,1.0,0.10385494939982891,6.373780779540539e-05,0.10391868720762432
ray_gpis_hit_only,green_Pepper,3,1,0.9024333333333333,0.9487148038477039,4.087572292000634,0.14765352673418322,0.08921202413250827,0.6061933333333333,0.7292667641018167,0.58452821206494,0.12346034986349579,0.024010549614709796,0.11690564241298798,0.11690564241298798,0.7,1.0,0.0,1.0,0.0,0.3367221991868513,1.0,0.10431347219855525,6.353360076900571e-05,0.10437700579932425
ray_gpis_hit_only,green_Pepper,4,1,0.8247,0.901460151401026,4.867424911243495,0.14755989897778016,0.08787612734830705,0.6203833333333333,0.7434657398321907,0.486832449662401,0.12482202572040194,0.024315808519400486,0.0973664899324802,0.098969538586305,0.4,1.0,0.00160304865382479,0.8,0.0,0.45022004285893463,1.0,0.10956696560315322,6.758379749953747e-05,0.10963454940065276
ray_gpis_hit_only,green_Pepper,5,1,0.8087666666666666,0.893591178426119,5.332823725418589,0.14953897711267763,0.08930278395899058,0.5507566666666667,0.6875717432057605,0.5790791271872854,0.1276030234067123,0.024878902775148034,0.11581582543745708,0.12397745904431552,0.5,1.0,0.008161633606858443,0.6,0.0,0.38581367656998483,0.5,0.10279458359873388,6.391179631464184e-05,0.10285849539504852
ray_gpis_hit_only,green_Pepper,6,1,0.6838666666666666,0.7842632950133444,7.011309202314649,0.138829926557266,0.08164445459105826,0.39148666666666665,0.5177291938380904,0.5767137502517327,0.11665620513725956,0.022745579542156565,0.11534275005034653,0.17067283287815546,0.3,1.0,0.055330082827808935,0.2,0.0,0.620911173232877,0.25,0.10235120919824112,6.87665946315974e-05,0.10241997579287272
ray_gpis_hit_only,green_Pepper,7,1,0.841,0.8870416179807871,5.4513054009476845,0.1508516440712261,0.09087489713908106,0.6124366666666667,0.719924222732009,0.4591626713018928,0.1265561532554988,0.024607179928078947,0.09183253426037856,0.09978932398812204,0.2,1.0,0.007956789727743474,0.6,0.0,0.3442365711633259,0.75,0.1035455612000078,7.021740020718426e-05,0.10361577860021498
ray_gpis_hit_only,green_Pepper,8,1,0.7408,0.7284530377292021,9.306143691457804,0.14181146731550842,0.08658592947220149,0.45801333333333333,0.5260759816267516,0.42836237589783316,0.11950686627973822,0.023295905053795474,0.08567247517956664,0.08923612244560766,0.7,1.0,0.003563647266041037,0.6,0.0,0.35286696285892033,0.5,0.10863366680277978,6.0369598213583234e-05,0.10869403640099336
ray_gpis_hit_only,green_Pepper,9,1,0.7022333333333334,0.7729725726028948,7.361355313992518,0.14284304418675633,0.0838466983826937,0.42513000000000006,0.5402400359395557,0.4467061142230689,0.12197163094525346,0.023814454193356725,0.08934122284461378,0.10005075691847157,0.6,1.0,0.010709534073857796,0.6,0.0,0.4582203707147292,1.0,0.10305923839914613,6.702499522361904e-05,0.10312626339436974
ray_gpis_hit_only,green_Pepper,10,1,0.5109333333333334,0.6740691316516901,11.26342979135723,0.1332957131876159,0.07810004220143987,0.3666433333333333,0.5304425058774295,0.2832090463672747,0.11179019104107966,0.021816700698778307,0.056641809273454934,0.0913490752974886,0.7,1.0,0.034707266024033664,0.6,0.0,0.698092036128774,0.75,0.11910282379831187,6.314879865385593e-05,0.11916597259696574
ray_gpis_hit_only,green_Pepper,11,1,0.8376333333333333,0.9116435995574018,4.736089321552765,0.14705919968419753,0.08958939029891175,0.6240266666666666,0.7506014401959464,0.5271959838434623,0.12371799353626008,0.02408451243821117,0.10543919676869247,0.1080875410773956,0.4,1.0,0.002648344308703132,0.8,0.0,0.2854419293019103,0.75,0.11335088899941184,7.462139474228025e-05,0.11342551039415412
ray_gpis_hit_only,green_Pepper,12,1,0.8532,0.9207856680336715,4.982021888965202,0.15249360742657336,0.0895466646839906,0.59787,0.72730899246697,0.5537497700394957,0.12956727279204866,0.02523091986943001,0.11074995400789914,0.11270051517684529,0.6,1.0,0.0019505611689461632,0.8,0.0,0.5090305316054874,0.75,0.10988283779879567,7.503280066885054e-05,0.10995787059946452
ray_gpis_hit_only,green_Pepper,13,1,0.7432,0.849222400315698,5.454269771729486,0.1409716370285958,0.08570782946191494,0.5301133333333332,0.6762553996910002,0.44956380648234684,0.11878853145079343,0.023159643593824657,0.08991276129646937,0.09987847319739389,0.6,1.0,0.009965711900924523,0.8,0.0,0.47548616807945565,0.75,0.11999435419565999,6.514879933092744e-05,0.12005950299499091
ray_gpis_hit_only,green_Pepper,14,1,0.8728666666666667,0.8922256912891872,5.248668731857872,0.1501812641755298,0.08792304499955195,0.5094333333333333,0.6166622097065131,0.5551046891274445,0.12661335640397556,0.024639351486920168,0.1110209378254889,0.1110209378254889,0.9,1.0,0.0,1.0,0.0,0.6282598313126687,1.0,0.10555493399733677,6.477900315076113e-05,0.10561971300048753
ray_gpis_novelty_only,Bowl,0,1,0.5537,0.7041673074602876,6.824353429992272,0.3911509873125148,0.2515591272741772,0.37798000000000004,0.5287098834567666,0.3334952097006134,0.3173933777311898,0.05661962200802715,0.06669904194012269,0.07896531506857606,0.0,1.0,0.012266273128453376,0.2,0.0,0.8269959515907529,1.0,0.12034669059794396,6.731539906468242e-05,0.12041400599700865
ray_gpis_novelty_only,Bowl,1,1,0.5543,0.6866486212468427,7.705897562968416,0.28855396430098273,0.2273378524897161,0.42513666666666666,0.5536971247973528,0.38434541259990695,0.20098558763950658,0.03579169470456335,0.0768690825199814,0.09591742668311165,-0.1,1.0,0.01904834416313026,0.4,0.0,0.6421765921835659,0.75,0.11136347819701768,6.332860211841763e-05,0.11142680679913611
ray_gpis_novelty_only,Bowl,2,1,0.7524333333333333,0.8587297662298138,5.465466488694966,0.41885923165332006,0.30315763516463107,0.5244766666666667,0.666691631815913,0.512533514851644,0.3372252275998871,0.0591378356673399,0.1025067029703288,0.11579168956535582,0.4,1.0,0.013284986595027004,0.4,0.0,0.7253247310597389,0.5,0.11196408439718653,6.643540400546044e-05,0.11203051980119198
ray_gpis_novelty_only,Bowl,3,1,0.5176333333333333,0.6589217065751329,8.066240678534582,0.3773078605726976,0.21509441042283414,0.27283333333333337,0.3962793543135552,0.5321254795437692,0.3274630106342109,0.0606386402233164,0.10642509590875385,0.1849541975853737,0.3333333333333333,0.6,0.07852910167661986,0.4,0.0,0.7855920262073699,0.5,0.10044595399813261,6.46680040517822e-05,0.10051062200218439
ray_gpis_novelty_only,Bowl,4,1,0.8523,0.8523492591454961,5.7808200092048265,0.5298106508671906,0.3339842877543338,0.5929133333333334,0.6984010766331148,0.41293916212882376,0.4628482954988943,0.08102974894587062,0.08258783242576476,0.09422043398712769,0.5,1.0,0.011632601561362943,0.6,0.0,0.6489290670061798,1.0,0.1080369208008051,6.694260227959603e-05,0.10810386340308469
ray_gpis_novelty_only,Bowl,5,1,0.7340333333333333,0.8455366571688238,5.585086926922951,0.46982027633455353,0.2896495750454003,0.47719666666666666,0.6291737275173833,0.5901284226956904,0.3940737924076223,0.06896217121640671,0.11802568453913809,0.1192103929821819,0.6,1.0,0.0011847084430437916,0.8,0.0,0.6800417199090265,1.0,0.11551652180496604,6.953039846848696e-05,0.11558605220343451
ray_gpis_novelty_only,Bowl,6,1,0.7089666666666666,0.8280506318025617,5.839306374754266,0.4122887040763033,0.2888428127068708,0.42164999999999997,0.5711375447053249,0.5900616737384244,0.35165958532839015,0.06375487504416036,0.11801233474768488,0.14411747326422825,0.0,0.8,0.02610513851654337,0.4,0.0,0.6556985294117647,0.25,0.10675614879583009,6.217400077730417e-05,0.10681832279660738
ray_gpis_novelty_only,Bowl,7,1,0.6143666666666666,0.7590278673925798,7.065405436631386,0.30099526161530116,0.2049764986818537,0.4286033333333334,0.5887143702319508,0.42790653913410504,0.20607896850632573,0.03628828806722462,0.08558130782682101,0.11053455709775953,-0.1,1.0,0.024953249270938515,0.2,0.0,0.7854407473105972,1.0,0.12219775360135827,6.523779593408108e-05,0.12226299139729235
ray_gpis_novelty_only,Bowl,8,1,0.6738333333333333,0.8010915508233307,5.75064241004403,0.4761489725800311,0.29756754670304886,0.4531066666666666,0.6084645843349765,0.4291815299295093,0.40215020178773836,0.07047482394862634,0.08583630598590186,0.08583630598590186,0.7,1.0,0.0,1.0,0.0,0.8107763861867703,1.0,0.1231730769999558,6.157960451673717e-05,0.12323465660447255
ray_gpis_novelty_only,Bowl,9,1,0.6551,0.7868292232459476,6.498933460885855,0.3936742670187679,0.2860233126490509,0.4213333333333333,0.5745615185088346,0.4813613537928165,0.3064244341811682,0.05357542243833513,0.0962722707585633,0.14245964455633933,0.2,1.0,0.04618737379777603,0.4,0.0,0.6983010628862439,0.75,0.10962648440035991,6.740120006725192e-05,0.10969388560042717
ray_gpis_novelty_only,Bowl,10,1,0.5228666666666667,0.6837252081544943,8.08092565778652,0.3632988122256357,0.20720433926586362,0.26485,0.40612341221043613,0.4527495912072408,0.3129236778480064,0.05799614131498858,0.09054991824144816,0.12737734796943792,0.3333333333333333,0.6,0.03682742972798978,0.4,0.0,0.2892145031126092,0.25,0.10442990679875948,6.281940150074661e-05,0.10449272620026022
ray_gpis_novelty_only,Bowl,11,1,0.5865333333333334,0.6951492627413655,8.268128127265184,0.4058865846989985,0.29731942266490846,0.44535,0.5803665600939059,0.44370062358421003,0.32834836565118314,0.05808849675908484,0.088740124716842,0.1168770517309023,0.3,1.0,0.028136927014060297,0.6,0.0,0.4955766122110322,0.5,0.10518716820224654,6.339539831969886e-05,0.10525056360056624
ray_gpis_novelty_only,Bowl,12,1,0.7000333333333333,0.8196784579780799,6.371313969027699,0.43150499743388393,0.26964119328279007,0.47958333333333336,0.6369191526564726,0.3307850917362021,0.35060195451421056,0.061384680910809106,0.06615701834724041,0.09476066307426356,0.3,1.0,0.028603644727023148,0.6,0.0,0.8511596260585945,0.75,0.11873820879554842,6.884720060043036e-05,0.11880705599614885
ray_gpis_novelty_only,Bowl,13,1,0.6634,0.7367042563325111,8.758108637627343,0.4315095375564532,0.28835783750259325,0.49692333333333333,0.619262395930166,0.3882773797325497,0.34539000988710056,0.05999020161920678,0.07765547594650994,0.10954989962654191,0.1,1.0,0.031894423680031966,0.4,0.0,0.7240848163195238,0.25,0.11817073459969833,7.020580233074725e-05,0.11824094040202908
ray_gpis_novelty_only,Bowl,14,1,0.5820333333333333,0.7296124907209216,7.0600393720867585,0.2893613350333412,0.21362457065581228,0.48422,0.6425574992131873,0.2813701356162547,0.18980020148558455,0.03329533333418098,0.056274027123250935,0.07580273668474322,-0.4,1.0,0.019528709561492285,0.2,0.0,0.8404041614213777,0.0,0.11767791899910662,6.704759725835174e-05,0.11774496659636498
ray_gpis_novelty_only,Corner,0,1,0.6893666666666667,0.8161243858645252,6.431585618319341,0.07825827636029557,0.047550501954911624,0.4816033333333333,0.6281574343123372,0.5584870296094433,0.06453743478503322,0.012718167159232421,0.11169740592188866,0.1133117812816028,0.5,0.8,0.0016143753597141375,0.8,0.0,0.5776376649881741,1.0,0.11175023099640384,6.716320349369198e-05,0.11181739419989753
ray_gpis_novelty_only,Corner,1,1,0.6862333333333334,0.7837734891288495,7.409559182466251,0.07727030930192218,0.04659105858291642,0.4709966666666666,0.6224151069765673,0.3623054544011462,0.062306072603738,0.012262351588838564,0.07246109088022924,0.07246109088022924,0.7,1.0,0.0,1.0,0.0,0.7655602683680476,1.0,0.12022094119747635,6.565879739355296e-05,0.1202865999948699
ray_gpis_novelty_only,Corner,2,1,0.5682,0.7168512692967908,8.010090843595005,0.07144212573298667,0.04240816092967404,0.4010066666666667,0.5597741648568142,0.37577628588604095,0.05987913645923816,0.011828530951674564,0.0751552571772082,0.11755311580662495,0.625,0.8,0.04239785862941675,0.4,0.0,0.5427453313978292,0.25,0.12007278799719642,5.949499900452793e-05,0.12013228299620096
ray_gpis_novelty_only,Corner,3,1,0.5220666666666667,0.6859971091936402,10.123524987690915,0.06981062667319403,0.042898428734440434,0.4008466666666667,0.5687250448892328,0.23518378618821806,0.056624613711437885,0.011166628832735635,0.04703675723764361,0.08391972199373669,1.0,0.4,0.03688296475609308,0.6,0.0,0.07761573885768941,0.75,0.09412736980011686,6.916860002093017e-05,0.0941965384001378
ray_gpis_novelty_only,Corner,4,1,0.7322333333333333,0.8055666336758369,6.407494051083347,0.07966442829950948,0.04820247720837767,0.5671333333333333,0.6922677191753501,0.38964140200490205,0.06576502148796297,0.012957315887576693,0.0779282804009804,0.0807076745736827,0.7,1.0,0.0027793941727022988,0.6,0.0,0.3621709773403524,1.0,0.10597923820023425,6.643219967372715e-05,0.10604567039990798
ray_gpis_novelty_only,Corner,5,1,0.8140666666666667,0.8528949493527731,5.948448592427487,0.07912283729549886,0.0480602764580171,0.62797,0.7401000264453597,0.5398519600649501,0.06704877373085943,0.013236208448538534,0.10797039201299001,0.11072043394954453,0.4,1.0,0.0027500419365545257,0.8,0.0,0.28358552443350876,0.75,0.11038748899591155,7.089940190780908e-05,0.11045838839781937
ray_gpis_novelty_only,Corner,6,1,0.9095666666666666,0.9509087802878146,4.601097179332467,0.08384016308246452,0.050268865800980354,0.6631066666666667,0.7826708878173838,0.4355795545436233,0.06853309717608137,0.013481374580662137,0.08711591090872466,0.08711591090872466,0.9,1.0,0.0,1.0,0.0,0.4885108505951018,0.75,0.11410519139899407,6.781579577364028e-05,0.11417300719476771
ray_gpis_novelty_only,Corner,7,1,0.7883666666666667,0.8816611060371661,4.665144470329225,0.0818144209218422,0.048056227602892104,0.5046733333333334,0.6468733832892151,0.4781275935448158,0.06805801383846435,0.013410681732360142,0.09562551870896316,0.10780176667851657,0.3,1.0,0.0121762479695534,0.6,0.0,0.6017389920462347,1.0,0.10566479460103437,6.23099971562624e-05,0.10572710459819064
ray_gpis_novelty_only,Corner,8,1,0.871,0.9194023169631615,4.733064901602272,0.08310791054558242,0.04842362011189626,0.5411766666666666,0.6784872314358893,0.5499700262872912,0.07012767158740774,0.01382974960446855,0.10999400525745824,0.10999400525745824,0.6,1.0,0.0,1.0,0.0,0.6623741130693521,0.75,0.11483601860236377,6.501640018541366e-05,0.11490103500254918
ray_gpis_novelty_only,Corner,9,1,0.6223,0.7671823953646058,6.830041294456397,0.0711129175392996,0.044053957442162554,0.4923533333333333,0.6535036849019135,0.3001801725178289,0.056677433708567086,0.011162021967922632,0.06003603450356578,0.09870913089049815,-0.125,0.8,0.03867309638693237,0.2,0.0,0.5939670511999783,0.75,0.1098498492006911,6.65854022372514e-05,0.10991643460292835
ray_gpis_novelty_only,Corner,10,1,0.7017,0.8242156893895402,6.054664391871033,0.07899626773121995,0.04608299444458643,0.45866666666666667,0.6150463338496441,0.3899368344536042,0.0638502402624409,0.012563440619682948,0.07798736689072085,0.08482218865788314,0.5,1.0,0.006834821767162302,0.8,0.0,0.8206541722466254,1.0,0.12753092199855018,7.923060038592667e-05,0.1276101525989361
ray_gpis_novelty_only,Corner,11,1,0.762,0.8649262202043133,4.9780294265701235,0.07928900412510308,0.045890746680260566,0.4789266666666666,0.6341750574981291,0.40102453049617204,0.06541657163865694,0.012889112944310074,0.0802049060992344,0.09180877480208646,0.6,1.0,0.011603868702852061,0.4,0.0,0.7170181606202791,0.75,0.11417042479733937,7.29004037566483e-05,0.11424332520109601
ray_gpis_novelty_only,Corner,12,1,0.6956666666666667,0.8200483821357416,6.175574926839215,0.0760462619583237,0.046895759786833156,0.51934,0.6747372805476788,0.43139224291563205,0.06218418730534266,0.012253005660624735,0.08627844858312642,0.08627844858312642,0.7,1.0,0.0,1.0,0.0,0.7209444380865186,0.5,0.11636818879924249,6.774359499104322e-05,0.11643593239423353
ray_gpis_novelty_only,Corner,13,1,0.8697,0.8644964711281757,6.211701536577921,0.07960290076205809,0.048341996563907336,0.63442,0.6999025848923475,0.4289112496331167,0.06524345486923268,0.012848240949733641,0.08578224992662334,0.09050146882200652,0.5,1.0,0.0047192188953831815,0.6,0.0,0.15379725673365263,0.5,0.10739045139634981,6.336479564197361e-05,0.10745381619199179
ray_gpis_novelty_only,Corner,14,1,0.8111666666666667,0.8606410488463011,5.856446524947365,0.07728762326622807,0.04565693913178305,0.5139533333333334,0.6436298857567155,0.5054229781755042,0.0655436874187479,0.01294399123507225,0.10108459563510083,0.10108459563510083,1.0,1.0,0.0,1.0,0.0,0.5772155864314183,0.75,0.10426396560214926,6.162700010463596e-05,0.1043255926022539
ray_gpis_novelty_only,Cross,0,1,0.7436666666666667,0.8421263317962965,5.3664206996944595,0.1306089657747208,0.07622432649136596,0.47719000000000006,0.6212624706983142,0.4817841898565812,0.11103082674974446,0.021717109704922015,0.09635683797131625,0.10467072935267865,0.6666666666666666,0.6,0.008313891381362414,0.8,0.0,0.5893532558937971,1.0,0.09871691540174651,6.241099908947945e-05,0.098779326400836
ray_gpis_novelty_only,Cross,1,1,0.7679,0.8429112325230477,5.81700745184947,0.12789666660720234,0.07612169778734733,0.5436033333333333,0.6746835682835485,0.455554354600132,0.10764818707148946,0.021041105406765955,0.0911108709200264,0.09291153957567558,0.4,1.0,0.0018006686556491847,0.6,0.0,0.39378022001602186,0.75,0.1021304241992766,5.9206801233813165e-05,0.10218963100051041
ray_gpis_novelty_only,Cross,2,1,0.5903666666666667,0.7212036411315222,8.178081817546913,0.12118108672979902,0.07224534142946952,0.38898333333333335,0.5429927919415347,0.2933658882754275,0.10129122487282151,0.019809897628727077,0.05867317765508549,0.12054187841888528,nan,0.0,0.06186870076379978,0.2,0.0,nan,0.25,0.08368610219622497,6.209360144566744e-05,0.08374819579767064
ray_gpis_novelty_only,Cross,3,1,0.707,0.8249085455830778,6.172040849901246,0.13219146289927952,0.07820909720840004,0.44125,0.595347019966626,0.5025263283315748,0.1109481399580906,0.021659421088560102,0.10050526566631497,0.1340517560888601,0.625,0.8,0.03354649042254513,0.8,0.0,0.5196636998496978,0.75,0.11470743559766561,7.849879912100733e-05,0.11478593439678661
ray_gpis_novelty_only,Cross,4,1,0.7005,0.7294518916458264,8.654351985201968,0.12696930129347375,0.07745077122610404,0.4702333333333334,0.5302126935187047,0.668674179001697,0.1059359470512859,0.02068874899226642,0.1337348358003394,0.14969177787142998,0.6666666666666666,0.6,0.015956942071090573,0.6,0.0,0.6342816577019912,0.75,0.10261580340447836,7.61199975386262e-05,0.10269192340201698
ray_gpis_novelty_only,Cross,5,1,0.6608,0.7947140549684762,7.246003825254414,0.1254441589794945,0.07478643562418216,0.45916999999999997,0.6102024180743486,0.4356274967844205,0.10533022020201875,0.020592437879024334,0.0871254993568841,0.12971462693064426,0.0,0.6,0.042589127573760155,0.4,0.0,0.23039132238498505,0.75,0.13041282599733678,7.473579316865652e-05,0.1304875617905054
ray_gpis_novelty_only,Cross,6,1,0.7436333333333334,0.8512465429569903,5.941058892976953,0.1318505424003876,0.08007867394289914,0.5789633333333333,0.7136215000766448,0.4705049226191051,0.11120690637539256,0.021724789749976284,0.09410098452382101,0.09897790762464943,-0.125,0.8,0.004876923100828412,0.6,0.0,0.42862103742275115,1.0,0.12019738760427572,8.279680041596293e-05,0.12028018440469168
ray_gpis_novelty_only,Cross,7,1,0.7129333333333333,0.7776393040614316,7.726335449805442,0.12452992787411962,0.07562388160649043,0.53372,0.6762300262868612,0.3895026180524051,0.10340229768027512,0.020193140529787122,0.07790052361048103,0.08911486402935663,0.4,1.0,0.011214340418875613,0.6,0.0,0.384967777237354,1.0,0.10800501799967606,9.170399862341583e-05,0.10809672199829948
ray_gpis_novelty_only,Cross,8,1,0.5248333333333334,0.6742027750663941,9.598170082412455,0.12009753284469639,0.07213594897863043,0.3840133333333333,0.5321318685010606,0.432390608304025,0.10096495054716004,0.019763258203721348,0.086478121660805,0.14975715609518445,-0.75,0.4,0.06327903443437946,0.2,0.0,0.5040584229800869,0.25,0.08924454000371043,6.191760476212949e-05,0.08930645760847256
ray_gpis_novelty_only,Cross,9,1,0.8822666666666666,0.9367170802488417,4.5977232871286855,0.1325749667078536,0.07765719158248655,0.6142766666666667,0.7437940349978912,0.5057957695451099,0.11226857885171064,0.021940098869574574,0.10115915390902197,0.1055049401831234,0.5,1.0,0.004345786274101426,0.8,0.0,0.4208165841725795,0.75,0.10265031140297651,6.207300466485322e-05,0.10271238440764137
ray_gpis_novelty_only,Cross,10,1,0.8103333333333333,0.8952310808322592,5.09832169954088,0.1279568758634116,0.07511518928692432,0.54306,0.6846137893016938,0.43788547482619145,0.10740994897229401,0.02098748632864684,0.08757709496523829,0.09322625818713969,0.6,1.0,0.005649163221901399,0.6,0.0,0.5260973978599222,1.0,0.11089907480054535,5.7376801851205525e-05,0.11095645160239656
ray_gpis_novelty_only,Cross,11,1,0.7834666666666666,0.8392774898587376,5.972655497332999,0.1304105137051749,0.07786336963570165,0.42911,0.5405369400392723,0.7315474144990665,0.10839592325766109,0.021143904044602656,0.1463094828998133,0.16487555131708778,0.3333333333333333,0.6,0.018566068417274494,0.6,0.0,0.2753211528922012,0.0,0.0944830053980695,6.370600021909922e-05,0.0945467113982886
ray_gpis_novelty_only,Cross,12,1,0.7045,0.8008350518638739,6.269314807213822,0.12335357852411097,0.07528931227370127,0.5142033333333333,0.6551735294749215,0.4005790928173214,0.10243980466996483,0.020010577262195267,0.08011581856346428,0.08658222008808224,0.4,1.0,0.006466401524617959,0.4,0.0,0.4461690318150605,1.0,0.11323446080496069,7.21411983249709e-05,0.11330660200328566
ray_gpis_novelty_only,Cross,13,1,0.6236666666666667,0.7677211112005977,7.888354277111568,0.12243852080280067,0.07104170319969123,0.36560333333333334,0.5236372627861725,0.4061253055153351,0.1034437169942767,0.020250423318615998,0.08122506110306701,0.11685456881595764,0.75,0.4,0.03562950771289062,0.4,0.0,0.497784103913939,0.25,0.09517383000347764,6.760060205124319e-05,0.09524143060552888
ray_gpis_novelty_only,Cross,14,1,0.6903,0.8162675894254565,6.277044731550798,0.11894999899064142,0.06975292825517163,0.3970666666666667,0.558665900844567,0.39708698080999083,0.09938911383642873,0.01944608491663306,0.07941739616199817,0.1222462438975899,0.5,0.4,0.042828847735591716,0.6,0.0,0.3543862243561322,0.75,0.09283192700240761,5.9660998522304e-05,0.09289158800092992
ray_gpis_novelty_only,Cube,0,1,0.8416,0.9139878366637706,4.639108305329567,0.14585557324462275,0.08591674975433959,0.5313433333333333,0.6735694042485961,0.6234382483564114,0.1257238324380267,0.02456576417649068,0.12468764967128228,0.12468764967128228,0.875,0.8,0.0,1.0,0.0,0.5742306115053024,1.0,0.18714334760152268,6.394840311259031e-05,0.1872072960046353
ray_gpis_novelty_only,Cube,1,1,0.6642666666666667,0.798269508091652,7.549807999603358,0.15136699821361338,0.09056550278184652,0.49844,0.6593596801916763,0.262255453826573,0.12534193006823915,0.024322487157023058,0.0524510907653146,0.058252883703728206,-0.1,1.0,0.005801792938413608,0.6,0.0,0.6789963735980773,1.0,0.10634656740003265,5.6884399964474144e-05,0.10640345179999713
ray_gpis_novelty_only,Cube,2,1,0.7048333333333333,0.8145231634281934,6.593214984221119,0.1399378272994075,0.07690287007143565,0.40330666666666665,0.5337157912281446,0.6317943208816666,0.12046814515770214,0.023560282460519,0.12635886417633332,0.1375450956352285,1.0,0.4,0.011186231458895145,0.8,0.0,0.3811235065024027,0.75,0.08928026279900222,6.177079922053963e-05,0.08934203359822276
ray_gpis_novelty_only,Cube,3,1,0.7974333333333333,0.8347425582235933,6.030703166092116,0.15455305037763434,0.09175706378194542,0.5352466666666666,0.6243420261595436,0.45360773373555946,0.13082009689011165,0.025449610942296287,0.09072154674711189,0.09562038999423081,0.3,1.0,0.004898843247118911,0.8,0.0,0.4137792544060425,0.75,0.10016020619659685,6.086099601816386e-05,0.100221067192615
ray_gpis_novelty_only,Cube,4,1,0.8128,0.8289617306629207,6.7248398958772615,0.15518530174746692,0.09674970397165979,0.6370466666666668,0.729543591430447,0.38031494831377943,0.12960433308393104,0.025159051155313285,0.07606298966275589,0.08334000281508162,0.3,1.0,0.007277013152325739,0.6,0.0,0.34125310985118523,0.5,0.10110563019989058,5.986519972793758e-05,0.10116549539961853
ray_gpis_novelty_only,Cube,5,1,0.33336666666666664,0.49906269413498183,17.38133521964058,0.11789820495027625,0.06599709308457946,0.22088000000000002,0.3576866086257705,0.24746727495498355,0.0989071021094441,0.019364514473069035,0.04949345499099671,0.11895447897052028,0.5,0.2,0.06946102397952357,0.0,0.0,nan,0.75,0.08256095739779994,5.963720032013953e-05,0.08262059459812007
ray_gpis_novelty_only,Cube,6,1,0.9123,0.9534873047995815,4.279022213590179,0.1533920091561622,0.09536276309634698,0.66997,0.7858792457546488,0.4766392138166408,0.12705893419161318,0.024645216775340203,0.09532784276332816,0.09953900859941324,0.375,0.8,0.004211165836085074,0.8,0.0,0.35102378500038145,0.5,0.09858160979638342,6.348119641188532e-05,0.09864509099279531
ray_gpis_novelty_only,Cube,7,1,0.7392666666666666,0.8118742590825766,6.070661563927834,0.1479042844084706,0.08843911267596892,0.4188366666666667,0.5306881056784064,0.6666087094863002,0.12407764706804573,0.0241405031195894,0.13332174189726004,0.15350652778664675,0.4,1.0,0.020184785889386696,0.6,0.0,0.5453695895151098,1.0,0.10471846460131928,6.536839646287262e-05,0.10478383299778216
ray_gpis_novelty_only,Cube,8,1,0.6349,0.7292930369998835,7.561841759460247,0.1472143607606122,0.08499136384612407,0.39961,0.5467789241652585,0.4274703267089291,0.12542891519219493,0.024460899629396095,0.08549406534178582,0.09927406164370715,0.0,0.8,0.013779996301921338,0.4,0.0,0.6916412518946471,0.75,0.10027791100437752,5.880779935978353e-05,0.10033671880373732
ray_gpis_novelty_only,Cube,9,1,0.9398333333333333,0.9438260126305619,4.543024136453854,0.15546828135867338,0.09436053902880594,0.6702733333333335,0.7716457916791628,0.5121408494813142,0.13000804354538348,0.025240673925312707,0.10242816989626284,0.10290428535369125,0.75,0.8,0.0004761154574284054,0.8,0.0,0.16826147287708856,0.5,0.09745086560142227,6.058680010028184e-05,0.09751145240152255
ray_gpis_novelty_only,Cube,10,1,0.7742,0.8631821670806056,6.33385106371425,0.15279414361847002,0.0882615047669901,0.4309166666666666,0.5786193358001436,0.4709891822876663,0.1279157316477252,0.024853322301074933,0.09419783645753325,0.10881947075078528,0.6666666666666666,0.6,0.014621634293252039,0.4,0.0,0.49905227168688476,0.5,0.09759785959904548,6.803580035921186e-05,0.09766589539940469
ray_gpis_novelty_only,Cube,11,1,0.6632,0.7657739255615871,7.180072159757974,0.1402733352783426,0.08496134251388929,0.4931933333333333,0.6498616389832496,0.2815378705898813,0.11416794277396879,0.022160684716369932,0.05630757411797625,0.06780878431139373,0.3,1.0,0.011501210193417478,0.4,0.0,0.6949600523575187,0.75,0.10711618660134263,6.290680030360818e-05,0.10717909340164625
ray_gpis_novelty_only,Cube,12,1,0.7874666666666666,0.8777110837218797,5.551011498953145,0.15421874150084525,0.09307589390555553,0.6049566666666667,0.7366440275786097,0.4660631684339909,0.1292722383431123,0.02511371320624651,0.09321263368679819,0.10052987972540714,0.25,0.8,0.007317246038608949,0.8,0.0,0.46740458342870217,1.0,0.10072520919784438,6.14555989159271e-05,0.10078666479676031
ray_gpis_novelty_only,Cube,13,1,0.9254,0.9612548041965306,4.077229552125429,0.15374312633851578,0.09127513210717594,0.6869766666666667,0.7886559468259672,0.6008230512248132,0.1305385948677086,0.02541094579536901,0.12016461024496264,0.12069175193556574,0.3,1.0,0.0005271416906031057,0.6,0.0,0.28664847505149915,1.0,0.10650834119878709,5.7533002109266815e-05,0.10656587420089636
ray_gpis_novelty_only,Cube,14,1,0.7820666666666667,0.8470847484941744,5.652655266033444,0.15125830367120827,0.0887487975373692,0.48355,0.6157879734892537,0.4215986173371691,0.12840693985656246,0.025008075198834755,0.08431972346743381,0.10257805683377574,0.1,1.0,0.018258333366341927,0.6,0.0,0.4919114413769888,0.5,0.10795017759955954,6.709340377710759e-05,0.10801727100333665
ray_gpis_novelty_only,Cylinder,0,1,0.7022666666666667,0.7743682022008649,7.952907171705876,0.2621798778978364,0.1467859906476996,0.4714433333333333,0.5819077430812003,0.4520798035765884,0.23559393232111048,0.045480001078356466,0.09041596071531768,0.10335179487943913,0.375,0.8,0.012935834164121463,0.4,0.0,0.3522844662761267,1.0,0.1081436295993626,6.389459304045886e-05,0.10820752419240307
ray_gpis_novelty_only,Cylinder,1,1,0.9114666666666666,0.951704203982405,4.36004384219881,0.26073823251598693,0.16973494848491869,0.6461,0.7717059948404944,0.4731566839499473,0.23109241714682874,0.04443649472624338,0.09463133678998946,0.09463133678998946,0.9,1.0,0.0,1.0,0.0,0.5734307049668116,1.0,0.11195468659570906,6.190279964357615e-05,0.11201658939535264
ray_gpis_novelty_only,Cylinder,2,1,0.6916,0.7377832788641011,7.640495445593693,0.24375039757865685,0.16188925757396738,0.40079666666666663,0.5045089703487473,0.3997871014728931,0.2145773311809964,0.041321450942653284,0.07995742029457861,0.11417454402835989,-0.1,1.0,0.034217123733781274,0.2,0.0,0.6525821126115816,0.5,0.10692913039820269,6.66109990561381e-05,0.10699574139725883
ray_gpis_novelty_only,Cylinder,3,1,0.6871333333333334,0.8133348979632246,6.5922410138931165,0.236985303985295,0.1467688175333751,0.46093333333333336,0.6081597412782163,0.5689528754913145,0.20272554123232384,0.0388028402306745,0.11379057509826289,0.13418582485219938,0.375,0.8,0.020395249753936494,0.2,0.0,0.6026703288319218,0.5,0.10335111099702772,7.901699864305556e-05,0.10343012799567078
ray_gpis_novelty_only,Cylinder,4,1,0.8726333333333334,0.9319852613966073,4.910402286964056,0.2588217004931641,0.14875785438025127,0.56304,0.6954078725002745,0.49754299133789887,0.23022857222020449,0.04433534825999599,0.09950859826757977,0.10286135937415179,0.3,1.0,0.003352761106572022,0.6,0.0,0.6205698171778438,0.75,0.10869319020421245,7.169159653130919e-05,0.10876488180074376
ray_gpis_novelty_only,Cylinder,5,1,0.786,0.8612282912397962,5.583444398815141,0.25956074346644703,0.15088795519610718,0.41961999999999994,0.5532221294944929,0.5788511012707134,0.23247581443755644,0.0448544091357945,0.1157702202541427,0.15361818792536985,0.5,0.6,0.03784796767122717,0.6,0.0,0.5528957570382238,0.75,0.10487912780372426,6.637639307882637e-05,0.10494550419680308
ray_gpis_novelty_only,Cylinder,6,1,0.8745,0.93117094282318,4.534086529147896,0.270942838054258,0.18075156425182842,0.5795899999999999,0.7119454065187527,0.4913144760282349,0.21401135717217742,0.03970197638549928,0.09826289520564699,0.10000435117707007,0.7,1.0,0.0017414559714231004,0.8,0.0,0.5837239285305561,1.0,0.11446189699636307,6.258919602259993e-05,0.11452448619238567
ray_gpis_novelty_only,Cylinder,7,1,0.7052333333333334,0.7866536789536832,6.7279220886786595,0.258841041041885,0.1740514950361484,0.44891000000000003,0.5846154559964387,0.45641819223916363,0.20504311824773308,0.03823340549667043,0.09128363844783273,0.11886188687492152,0.0,1.0,0.0275782484270888,0.6,0.0,0.6137751416227969,0.5,0.1051013796008192,6.356600497383624e-05,0.10516494560579304
ray_gpis_novelty_only,Cylinder,8,1,0.30546666666666666,0.42755872336936074,19.134374679950543,0.15843218760810882,0.10412106386842464,0.24854333333333328,0.3658803643239851,0.32759530989196983,0.12806689364241752,0.024721386247782785,0.06551906197839398,0.1290648686025359,nan,0.0,0.06354580662414197,0.2,0.0,-0.3416975121451207,0.75,0.08135959199571516,7.046379905659706e-05,0.08143005579477176
ray_gpis_novelty_only,Cylinder,9,1,0.8044666666666667,0.8885684032068865,6.224862172700579,0.19957728242815106,0.11653625197042719,0.5053,0.6536413493631289,0.4234092913681471,0.16890449768694846,0.03253416645197317,0.08468185827362942,0.09323206878293211,0.4,1.0,0.008550210509302691,0.4,0.0,0.650298087376974,1.0,0.11409503960167058,6.317759398370981e-05,0.11415821719565429
ray_gpis_novelty_only,Cylinder,10,1,0.8268333333333333,0.9052093787063225,4.877211879918408,0.2523630549230524,0.13412667394548977,0.55518,0.6950973941144417,0.4774128218318629,0.22297970261194763,0.04290952610513521,0.09548256436637258,0.10139744692504182,0.5,1.0,0.005914882558669255,0.6,0.0,0.5262393782902265,0.75,0.10798076800419949,6.813279760535807e-05,0.10804890080180485
ray_gpis_novelty_only,Cylinder,11,1,0.7905,0.8810773564082995,5.904970683804274,0.25918339463310763,0.16141572786767994,0.5217333333333334,0.670576616308245,0.4323067056675875,0.2293991874729287,0.04410655285460091,0.0864613411335175,0.10066857933728764,0.2,1.0,0.014207238203770145,0.4,0.0,0.7219712033646142,0.75,0.11977092139713932,7.180819811765104e-05,0.11984272959525696
ray_gpis_novelty_only,Cylinder,12,1,0.647,0.7840859249466295,7.185169351112459,0.24995713886499557,0.13270827531965473,0.39391,0.5522075535695616,0.536678301169793,0.22095328553457372,0.04254544211081094,0.1073356602339586,0.1073356602339586,0.875,0.8,0.0,1.0,0.0,0.7569709887846189,1.0,0.10621912620263174,6.799200200475752e-05,0.1062871182046365
ray_gpis_novelty_only,Cylinder,13,1,0.8533,0.9208439000701452,4.707067177653481,0.24914613128562013,0.14270101747247116,0.4156599999999999,0.560977478432272,0.6394999110695436,0.22205074091868843,0.04286337596531221,0.12789998221390872,0.14038571866337177,0.125,0.8,0.012485736449463037,0.6,0.0,0.6454547188525215,0.75,0.10274841479840688,7.238179678097368e-05,0.10282079659518786
ray_gpis_novelty_only,Cylinder,14,1,0.8645,0.8987034920482035,5.743024063456439,0.26205646025873996,0.17526895972922282,0.52573,0.6521475418950017,0.5123007381755702,0.2057078781020475,0.03822291460138423,0.10246014763511405,0.10262131436709487,0.4,1.0,0.00016116673198083298,0.8,0.0,0.5313233148317691,0.75,0.10626993479963857,6.740359531249851e-05,0.10633733839495108
ray_gpis_novelty_only,L_Shaped,0,1,0.5132,0.6482493984923897,9.348826503306865,0.13584457662799296,0.08305761144082394,0.35858666666666666,0.483271616665116,0.541119820503916,0.1164559869964144,0.022780092732445016,0.10822396410078321,0.1700521949519955,0.5,0.2,0.06182823085121231,0.4,0.0,0.25482359571881275,0.75,0.08299831080366857,6.977640150580555e-05,0.08306808720517438
ray_gpis_novelty_only,L_Shaped,1,1,0.3552666666666667,0.5009177276327191,13.549110844729299,0.13003642386625927,0.08494333497115333,0.30868666666666666,0.44086722622267216,0.09549210768527944,0.10459235892737045,0.020324048720361178,0.019098421537055887,0.089800612904641,-0.5,0.2,0.07070219136758511,0.2,0.0,nan,0.5,0.09294810479914303,6.113840208854526e-05,0.09300924320123158
ray_gpis_novelty_only,L_Shaped,2,1,0.6684666666666667,0.7972626381318593,7.317359800354404,0.14820641289398326,0.08882302206278894,0.4230266666666667,0.5826684418037498,0.42178205113884476,0.12346555126553774,0.023996128149517508,0.08435641022776895,0.08494967200247455,0.5,0.2,0.0005932617747056001,0.6,0.0,nan,0.75,0.09176041139871813,6.476080161519349e-05,0.09182517220033333
ray_gpis_novelty_only,L_Shaped,3,1,0.6778666666666666,0.807051192862899,6.870746971160133,0.13939562132185296,0.07971604968066234,0.39847,0.555481927831023,0.4069232031020798,0.11664856315219045,0.022728952493363094,0.08138464062041596,0.10355150759753143,0.125,0.8,0.022166866977115472,0.6,0.0,0.8480725234077067,0.75,0.11353714200376999,6.900859880261123e-05,0.11360615060257259
ray_gpis_novelty_only,L_Shaped,4,1,0.8286,0.9044616186543206,4.6502349068609385,0.1547914431489088,0.09325048648556275,0.6554399999999999,0.7766683003861006,0.4384392225813033,0.13139565476455983,0.02557130466805465,0.08768784451626066,0.09920175956746649,0.3,1.0,0.011513915051205826,0.4,0.0,0.42556094787136645,0.75,0.10183511480281596,6.355960213113576e-05,0.10189867440494708
ray_gpis_novelty_only,L_Shaped,5,1,0.6594333333333333,0.7895183785218483,7.820744347744529,0.14897429571966234,0.08642992415184055,0.4202466666666666,0.5730947891684912,0.45133807108520513,0.1256859041785202,0.024467622249905036,0.09026761421704102,0.11922562138240463,0.0,0.4,0.0289580071653636,0.4,0.0,0.13392463225551632,0.75,0.1014613214036217,7.343520119320601e-05,0.1015347566048149
ray_gpis_novelty_only,L_Shaped,6,1,0.6371666666666667,0.7629585528220357,8.07658395409609,0.13426569201445268,0.08018351530897808,0.4288333333333334,0.5807853674060618,0.3713220429708094,0.11129544598964969,0.021683761038692746,0.07426440859416188,0.11160755147550878,0.3,1.0,0.037343142881346894,0.0,0.0,0.658502911135271,0.5,0.11065478459349834,7.356319983955472e-05,0.11072834779333789
ray_gpis_novelty_only,L_Shaped,7,1,0.7806,0.8746877204326357,5.595833370243596,0.13570754094513232,0.08141644236494502,0.48224,0.6281029131306202,0.5783994616596465,0.11351391665235253,0.022134407748381137,0.1156798923319293,0.12674693605600812,0.75,0.8,0.011067043724078829,0.6,0.0,0.5012662603952086,0.75,0.10836970799427945,6.619879859499633e-05,0.10843590679287445
ray_gpis_novelty_only,L_Shaped,8,1,0.42446666666666666,0.568477458395328,13.543472097979667,0.12586079737756944,0.0783682909576057,0.3609566666666667,0.5007092992499582,0.38051266538870504,0.10380479569138176,0.020250017160949044,0.07610253307774101,0.1110628395767,nan,0.0,0.034960306498959,0.2,0.0,-0.4144232386416241,1.0,0.08061803819728083,6.725800049025565e-05,0.0806852961977711
ray_gpis_novelty_only,L_Shaped,9,1,0.6690666666666667,0.79222990338519,6.8419349756870735,0.13691449745365708,0.08300718942021339,0.44506666666666667,0.6047422540254311,0.34631195891772204,0.10996722179107223,0.02132755494110423,0.0692623917835444,0.09184640809043325,0.6666666666666666,0.6,0.022584016306888843,0.6,0.0,0.5475944658795152,0.75,0.1029143513966119,6.329900061246008e-05,0.10297765039722435
ray_gpis_novelty_only,L_Shaped,10,1,0.7238333333333333,0.8335003412069233,6.24844431833263,0.139374239064271,0.08053413679243318,0.3689433333333333,0.5205847303021514,0.5206355312135968,0.11663950408962599,0.02272751892959572,0.10412710624271937,0.1458201720841081,0.16666666666666666,0.6,0.041693065841388766,0.2,0.0,0.6899372711146714,0.25,0.10433287780033425,6.179839838296174e-05,0.1043946761987172
ray_gpis_novelty_only,L_Shaped,11,1,0.8713666666666666,0.9295029850412959,4.907755038476502,0.1577745909465308,0.09261092157423408,0.6401666666666667,0.7606747991094388,0.5121570959853492,0.1353579845401658,0.026369741895405297,0.10243141919706984,0.10676826776210527,0.4,1.0,0.004336848565035445,0.8,0.0,0.4726685883497367,0.75,0.12519373579707463,7.323300233110785e-05,0.12526696879940574
ray_gpis_novelty_only,L_Shaped,12,1,0.8068666666666666,0.7826653838120881,6.832896444777277,0.15047632624061405,0.08913754413062072,0.5108533333333334,0.5808796123489955,0.3890050711112956,0.1267278547814787,0.024656302929407674,0.07780101422225913,0.09516337570652524,0.3,1.0,0.01736236148426611,0.6,0.0,0.5657471317807278,0.5,0.10455194840033073,7.36837973818183e-05,0.10462563219771255
ray_gpis_novelty_only,L_Shaped,13,1,0.4251,0.5942263176140367,13.259722609546264,0.13383706139138102,0.08319215686381909,0.33997,0.5035738994787164,0.18262045114503678,0.10786343023405753,0.020944619661639532,0.03652409022900736,0.04686084581330052,-0.16666666666666666,0.6,0.010336755584293167,0.2,0.0,0.9119585431448842,0.25,0.10077537780161946,7.16106005711481e-05,0.10084698840219061
ray_gpis_novelty_only,L_Shaped,14,1,0.9193,0.9573602080431476,4.193911446018786,0.15514880107298043,0.09060568527029414,0.55098,0.6925314167010561,0.4804734515127995,0.12963727401301886,0.0251674854874628,0.0960946903025599,0.11439427612791804,0.375,0.8,0.018299585825358133,0.6,0.0,0.4875743877317464,0.75,0.10358974219416268,6.571179837919772e-05,0.10365545399254188
ray_gpis_novelty_only,Thin_Irregular,0,1,0.7418,0.7988948604089317,6.793404313028655,0.9975864325395877,0.7551371899685297,0.4362933333333333,0.546891938796191,0.5083020575357561,0.9954279069302402,0.10509551615402798,0.10166041150715122,0.10610542711585805,0.5,1.0,0.004445015608706837,0.8,0.2,0.5726616766646007,1.0,0.2676204724004492,6.657860067207366e-05,0.2676870510011213
ray_gpis_novelty_only,Thin_Irregular,1,1,0.9039,0.9484119656551384,4.603292429332223,1.0,0.8272802685250596,0.6526933333333333,0.7677891843839365,0.5234218094666623,1.0,0.1001717912571352,0.10468436189333245,0.10468436189333245,1.0,1.0,0.0,1.0,0.0,0.48103702935454323,1.0,0.3916635155968834,7.250479829963296e-05,0.391736020395183
ray_gpis_novelty_only,Thin_Irregular,2,1,0.6421,0.7426653381001148,8.470842843672363,0.985221135381791,0.5910656518752974,0.29205333333333333,0.4058393671059405,0.5872122199597631,0.9715118211491379,0.10079859267183928,0.11744244399195262,0.15060926834249627,0.75,0.4,0.03316682435054365,0.2,0.0,0.48551585030899513,0.25,0.11034667079802603,6.463680474553258e-05,0.11041130760277156
ray_gpis_novelty_only,Thin_Irregular,3,1,0.6946333333333333,0.7546238456512604,7.815418851684944,0.9996020608969222,0.8085844684740522,0.4323066666666667,0.5198782772059576,0.4559310166609862,0.9993512355307403,0.12259639766667474,0.09118620333219724,0.10754935008028166,0.6,1.0,0.016363146748084423,0.6,0.0,0.5933020642595559,0.75,0.2568091994005954,6.728139705955983e-05,0.25687648079765496
ray_gpis_novelty_only,Thin_Irregular,4,1,0.8529333333333333,0.9157376170619758,5.222997833196252,0.9992896201088315,0.7953931725760237,0.61954,0.7446623364962639,0.3897942208355607,0.9986891048269155,0.10823880843634584,0.07795884416711214,0.07955378377130291,0.4,1.0,0.0015949396041907704,0.8,0.0,0.5169564688715952,0.75,0.40784843459841796,7.101180090103298e-05,0.407919446399319
ray_gpis_novelty_only,Thin_Irregular,5,1,0.6665,0.7611936424436965,8.962256309978958,0.9786254643320835,0.6582191793904807,0.3764966666666667,0.48933505443871406,0.6842965092227858,0.959502256925738,0.10128423787220786,0.13685930184455716,0.14928264782535164,0.5,1.0,0.012423345980794465,0.8,0.0,0.6607261387045089,0.75,0.27287471339514013,6.160960183478891e-05,0.2729363229969749
ray_gpis_novelty_only,Thin_Irregular,6,1,0.6488666666666667,0.7311484259400363,8.860170094533201,0.9994935184488258,0.752212102878288,0.38643666666666665,0.48154618669854543,0.6589561588520296,0.9989939655583313,0.10058741377688296,0.13179123177040591,0.15599254642155164,0.2,1.0,0.024201314651145733,0.6,0.2,0.6258987325474936,0.75,0.440173098797095,6.544080097228288e-05,0.4402385395980673
ray_gpis_novelty_only,Thin_Irregular,7,1,0.6394666666666666,0.7355473300385313,8.610644602282887,0.996652292141107,0.6878714106283437,0.35427333333333333,0.4682668843050816,0.6517595861812988,0.993369075194571,0.1003030363754823,0.13035191723625977,0.1454250588584723,0.1,1.0,0.015073141622212505,0.4,0.0,0.7702329265850307,1.0,0.2743762787984451,6.906639609951525e-05,0.27444534519454467
ray_gpis_novelty_only,Thin_Irregular,8,1,0.5818666666666666,0.6733201845434105,9.550587977841461,0.9541206541306795,0.7180635246790491,0.3775233333333333,0.46374984625239624,0.4891107809500102,0.9162777540098148,0.10042306794662115,0.09782215619000204,0.10710892324278598,0.2,1.0,0.009286767052783928,0.4,0.2,0.6509872467956054,1.0,0.41750762999581637,6.634000164922327e-05,0.4175739699974656
ray_gpis_novelty_only,Thin_Irregular,9,1,0.8826,0.9186446044998726,5.077334916526129,0.9998033887257013,0.8596987150270421,0.6560599999999999,0.7618435424264713,0.5615799823750096,0.9996932450690942,0.12814852706064755,0.11231599647500193,0.11231599647500193,0.8,1.0,0.0,1.0,0.2,0.3447268754291599,0.5,0.3830610151955625,6.245139811653644e-05,0.383123466593679
ray_gpis_novelty_only,Thin_Irregular,10,1,0.6293666666666666,0.7696276250584619,8.22546597034509,0.8632801643365682,0.6026210144849851,0.41895999999999994,0.5802601202352214,0.3473363855003088,0.7761104424718829,0.0947875312479488,0.06946727710006176,0.0870042243689512,-0.1,1.0,0.017536947268889436,0.2,0.2,0.7890847439948996,1.0,0.2781547897960991,6.904260371811687e-05,0.2782238323998172
ray_gpis_novelty_only,Thin_Irregular,11,1,0.7661,0.8374458285390959,6.336951268984632,0.9529680137448059,0.7738962202148599,0.48721000000000003,0.6218735275676267,0.4648734080118094,0.9098758999134837,0.09496521080950196,0.09297468160236187,0.09297468160236187,0.9,1.0,0.0,1.0,0.2,0.6485172522316318,1.0,0.43253158960142174,6.564359937328845e-05,0.432597233200795
ray_gpis_novelty_only,Thin_Irregular,12,1,0.7672,0.810262886470526,7.266860326941773,0.9996020608969222,0.8793140764902011,0.5660766666666667,0.6473943226268685,0.3464540726496481,0.9992798435581877,0.11043503927246405,0.06929081452992962,0.07176678050388327,0.5,1.0,0.002475965973953653,0.8,0.0,0.4244968099107347,0.75,0.40553690640081186,6.926280329935252e-05,0.4056061692041112
ray_gpis_novelty_only,Thin_Irregular,13,1,0.7907666666666666,0.881926528632792,5.642039880532582,0.9549643934043898,0.8627474124555128,0.6366066666666667,0.763404930627706,0.4236692117789748,0.9200627982509165,0.10367034451705623,0.08473384235579497,0.08568486633263442,0.9,1.0,0.0009510239768394602,0.8,0.4,0.4946871781300068,1.0,0.41350248219969216,6.189240084495396e-05,0.41356437460053713
ray_gpis_novelty_only,Thin_Irregular,14,1,0.6125,0.7521421437207592,8.40037070467698,0.9998525415442759,0.8315419698428694,0.49501333333333336,0.6424770608839703,0.5081197842721361,0.999759503773022,0.12259900654093189,0.10162395685442722,0.12506619618328735,0.5,1.0,0.023442239328860137,0.6,0.0,0.6632179489013503,0.5,0.2795742843969492,7.18356022844091e-05,0.2796461199992336
ray_gpis_novelty_only,green_Pepper,0,1,0.8684,0.9295654035538429,4.866866845647781,0.15247065941851337,0.09055779319001073,0.6559766666666667,0.7750065100448513,0.5487800844336161,0.12904834103603793,0.0251155742699914,0.10975601688672323,0.12364548350138808,0.5,0.8,0.013889466614664836,0.8,0.0,0.2327137676852707,0.25,0.10155515719670802,7.140679517760872e-05,0.10162656399188563
ray_gpis_novelty_only,green_Pepper,1,1,0.7209333333333333,0.8345845859512677,5.94212093371093,0.14187197243990926,0.08449024087923428,0.4530133333333334,0.6070786297002121,0.4277869226480282,0.11887553030392398,0.023154600253027197,0.08555738452960564,0.09629603329867568,0.2,1.0,0.010738648769070047,0.6,0.0,0.6289867766848585,1.0,0.10369464940449688,6.865399773232639e-05,0.10376330340222921
ray_gpis_novelty_only,green_Pepper,2,1,0.6763333333333333,0.785709934141192,7.223521922158934,0.13984872513522034,0.08111941675570623,0.3854133333333334,0.5329411684793086,0.4993102083172358,0.11807978683509213,0.023033031257437407,0.09986204166344717,0.14326288481611948,0.625,0.8,0.04340084315267232,0.6,0.0,0.5974431601434348,0.75,0.10127054740150924,6.349140021484345e-05,0.10133403880172409
ray_gpis_novelty_only,green_Pepper,3,1,0.8810666666666667,0.9367734618656082,4.158968100858601,0.15058613616121586,0.08946214130718652,0.5488299999999999,0.6814600929883442,0.5725868700828443,0.1264761990771483,0.02459707150011632,0.11451737401656883,0.1337731364268317,0.75,0.8,0.019255762410262844,0.8,0.0,0.41017180704966805,0.75,0.10598575699841603,6.338559614960104e-05,0.10604914259456563
ray_gpis_novelty_only,green_Pepper,4,1,0.8247,0.901460151401026,4.867424911243495,0.14755989897778016,0.08787612734830705,0.6203833333333333,0.7434657398321907,0.486832449662401,0.12482202572040194,0.024315808519400486,0.0973664899324802,0.098969538586305,0.5,1.0,0.00160304865382479,0.8,0.0,0.4066482247081711,1.0,0.10970887180301361,5.950419581495226e-05,0.10976837599882856
ray_gpis_novelty_only,green_Pepper,5,1,0.7522333333333333,0.8575038878819823,5.684552208643016,0.14695401634385796,0.0865082510206741,0.49158333333333326,0.6360838995392932,0.5429918366431487,0.12495138870665938,0.0243619106213841,0.10859836732862974,0.1386967190141158,0.75,0.8,0.03009835168548606,0.6,0.0,0.46312871938658723,0.5,0.10753673119761516,7.072699954733253e-05,0.10760745819716248
ray_gpis_novelty_only,green_Pepper,6,1,0.7475,0.826115682623581,6.262901991061129,0.14419335042201598,0.08346725873254804,0.44743000000000005,0.5612804115197194,0.6185661378619693,0.12215772839758994,0.023818264315106558,0.12371322757239386,0.1605643018285275,0.125,0.8,0.03685107425613363,0.4,0.0,0.18795608014929244,0.75,0.10466863839537836,6.379120459314436e-05,0.1047324295999715
ray_gpis_novelty_only,green_Pepper,7,1,0.8470333333333333,0.8909434972166449,5.421342655240648,0.15108598374575938,0.09089833110653439,0.61304,0.7203144106555948,0.46306455053775064,0.12679719776243345,0.024654047862985605,0.09261291010755013,0.09978932398812204,0.1,1.0,0.007176413880571908,0.6,0.0,0.4136193923094529,0.5,0.10313595179759431,6.0495399520732465e-05,0.10319644719711504
ray_gpis_novelty_only,green_Pepper,8,1,0.38193333333333335,0.5004620808713434,18.078874893916097,0.1292524066704502,0.08085939530597142,0.29862666666666665,0.41408804546049593,0.2003714190399744,0.10662139153520958,0.02078409292478383,0.04007428380799488,0.09939455955346219,nan,0.0,0.0593202757454673,0.0,0.0,nan,0.75,0.08543123080162332,8.324739756062626e-05,0.08551447819918394
ray_gpis_novelty_only,green_Pepper,9,1,0.7022333333333334,0.7729725726028948,7.361355313992518,0.14284304418675633,0.0838466983826937,0.42513000000000006,0.5402400359395557,0.4467061142230689,0.12197163094525346,0.023814454193356725,0.08934122284461378,0.10005075691847157,0.6,1.0,0.010709534073857796,0.6,0.0,0.5196955825131607,1.0,0.10096365520148538,6.352300115395338e-05,0.10102717820263933
ray_gpis_novelty_only,green_Pepper,10,1,0.6744,0.8035036816275863,7.413547287924592,0.14018991344877185,0.08264794847820536,0.4462499999999999,0.6051658800088389,0.4126435963431709,0.1188554570032537,0.023195540751009498,0.08252871926863417,0.09641190922097996,0.3,1.0,0.013883189952345786,0.4,0.0,0.6970302128633553,1.0,0.10566547460039147,6.319420062936843e-05,0.10572866880102083
ray_gpis_novelty_only,green_Pepper,11,1,0.8376333333333333,0.9116435995574018,4.736089321552765,0.14705919968419753,0.08958939029891175,0.6240266666666666,0.7506014401959464,0.5271959838434623,0.12371799353626008,0.02408451243821117,0.10543919676869247,0.1080875410773956,0.5,1.0,0.002648344308703132,0.8,0.0,0.3215531300068665,0.75,0.10846922519849614,7.10064050508663e-05,0.108540231603547
ray_gpis_novelty_only,green_Pepper,12,1,0.8532,0.9207856680336715,4.982021888965202,0.15249360742657336,0.0895466646839906,0.59787,0.72730899246697,0.5537497700394957,0.12956727279204866,0.02523091986943001,0.11074995400789914,0.11270051517684529,0.5,0.8,0.0019505611689461632,0.8,0.0,0.4520799954222933,0.75,0.10422472519858275,6.848140328656882e-05,0.10429320660186932
ray_gpis_novelty_only,green_Pepper,13,1,0.6287666666666667,0.7710576551500928,7.863045444113134,0.1439132316428792,0.08439233376309965,0.4440433333333333,0.6063579112744918,0.3713990613167417,0.1218060882878724,0.023747962516681334,0.07427981226334834,0.09423139491817503,0.3333333333333333,0.6,0.01995158265482668,0.2,0.0,0.24361979428655836,0.25,0.10076205479854253,6.106580258347094e-05,0.100823120601126
ray_gpis_novelty_only,green_Pepper,14,1,0.7957666666666666,0.8470529857263223,5.979307422915673,0.14588472890703824,0.08737388696642526,0.49735666666666667,0.607907585971304,0.5099319835645795,0.12219766590546098,0.023780044433221858,0.1019863967129159,0.10405624375174423,1.0,0.8,0.0020698470388283317,0.8,0.0,0.4384165820778365,0.75,0.10858920980244875,6.283039692789316e-05,0.10865204019937665
ray_gpis_pointwise,Bowl,0,1,0.5537,0.7041673074602876,6.824353429992272,0.3911509873125148,0.2515591272741772,0.37798000000000004,0.5287098834567666,0.3334952097006134,0.3173933777311898,0.05661962200802715,0.06669904194012269,0.07896531506857606,-0.1,1.0,0.012266273128453376,0.2,0.0,0.7418594446073115,1.0,0.11329328000138048,7.40685994969681e-05,0.11336734860087745
ray_gpis_pointwise,Bowl,1,1,0.5543,0.6866486212468427,7.705897562968416,0.28855396430098273,0.2273378524897161,0.42513666666666666,0.5536971247973528,0.38434541259990695,0.20098558763950658,0.03579169470456335,0.0768690825199814,0.09591742668311165,-0.1,1.0,0.01904834416313026,0.4,0.0,0.5574806162737468,0.75,0.11634956979833078,6.889519863761961e-05,0.1164184649969684
ray_gpis_pointwise,Bowl,2,1,0.7524333333333333,0.8587297662298138,5.465466488694966,0.41885923165332006,0.30315763516463107,0.5244766666666667,0.666691631815913,0.512533514851644,0.3372252275998871,0.0591378356673399,0.1025067029703288,0.11579168956535582,0.3,1.0,0.013284986595027004,0.4,0.0,0.659432757782101,0.5,0.11464915760443546,7.265599560923874e-05,0.1147218136000447
ray_gpis_pointwise,Bowl,3,1,0.6478333333333334,0.7548997847460083,7.2035095415410835,0.3509017067093751,0.24793000106105456,0.41753999999999997,0.5335739974241334,0.6281035577146445,0.29894311437166615,0.055357409450651894,0.12562071154292892,0.14409185467752517,0.5,1.0,0.018471143134596257,0.6,0.0,0.6541193096107054,0.5,0.10520888600149192,6.729780288878828e-05,0.10527618380438071
ray_gpis_pointwise,Bowl,4,1,0.8523,0.8523492591454961,5.7808200092048265,0.5298106508671906,0.3339842877543338,0.5929133333333334,0.6984010766331148,0.41293916212882376,0.4628482954988943,0.08102974894587062,0.08258783242576476,0.09422043398712769,0.5,1.0,0.011632601561362943,0.6,0.0,0.5761320882925153,1.0,0.10974769339663908,6.284819974098355e-05,0.10981054159638007
ray_gpis_pointwise,Bowl,5,1,0.7340333333333333,0.8455366571688238,5.585086926922951,0.46982027633455353,0.2896495750454003,0.47719666666666666,0.6291737275173833,0.5901284226956904,0.3940737924076223,0.06896217121640671,0.11802568453913809,0.1192103929821819,0.6,1.0,0.0011847084430437916,0.8,0.0,0.5355344000355575,1.0,0.11889886220160406,6.389760237652808e-05,0.11896275980398059
ray_gpis_pointwise,Bowl,6,1,0.7089666666666666,0.8280506318025617,5.839306374754266,0.4122887040763033,0.2888428127068708,0.42164999999999997,0.5711375447053249,0.5900616737384244,0.35165958532839015,0.06375487504416036,0.11801233474768488,0.14411747326422825,0.3,1.0,0.02610513851654337,0.4,0.0,0.6292916299839824,0.25,0.10593256099964492,5.993920203763992e-05,0.10599250020168256
ray_gpis_pointwise,Bowl,7,1,0.6143666666666666,0.7590278673925798,7.065405436631386,0.30099526161530116,0.2049764986818537,0.4286033333333334,0.5887143702319508,0.42790653913410504,0.20607896850632573,0.03628828806722462,0.08558130782682101,0.11053455709775953,-0.1,1.0,0.024953249270938515,0.2,0.0,0.6653296793453244,1.0,0.11504216179600917,6.640259816776961e-05,0.11510856439417694
ray_gpis_pointwise,Bowl,8,1,0.6405,0.7786909910136465,6.100607472278261,0.4676361760823082,0.29810848496789044,0.4347266666666667,0.5919004731753329,0.40678097011982506,0.39243489456871566,0.06877226464908175,0.08135619402396502,0.08873301801547595,0.4,1.0,0.007376823991510939,0.6,0.0,0.751866915137497,0.75,0.11890477820124942,6.395299860741943e-05,0.11896873119985685
ray_gpis_pointwise,Bowl,9,1,0.6551,0.7868292232459476,6.498933460885855,0.3936742670187679,0.2860233126490509,0.4213333333333333,0.5745615185088346,0.4813613537928165,0.3064244341811682,0.05357542243833513,0.0962722707585633,0.14245964455633933,0.1,1.0,0.04618737379777603,0.4,0.0,0.6227579966811627,0.75,0.11078337459766771,6.704959669150412e-05,0.11085042419435923
ray_gpis_pointwise,Bowl,10,1,0.6215,0.7640922386870078,6.77110084575539,0.44677318719313264,0.24909944706791526,0.3344,0.48334052422083074,0.5331166217397543,0.40300245836212295,0.07469101630848797,0.10662332434795085,0.13942242692549495,0.5,1.0,0.032799102577544106,0.4,0.0,0.664967090256791,0.5,0.1145685891940957,6.013839738443494e-05,0.11462872759148013
ray_gpis_pointwise,Bowl,11,1,0.5865333333333334,0.6951492627413655,8.268128127265184,0.4058865846989985,0.29731942266490846,0.44535,0.5803665600939059,0.44370062358421003,0.32834836565118314,0.05808849675908484,0.088740124716842,0.1168770517309023,0.3,1.0,0.028136927014060297,0.6,0.0,0.41591575589379715,0.5,0.10962640519719571,6.644199893344194e-05,0.10969284719612915
ray_gpis_pointwise,Bowl,12,1,0.7000333333333333,0.8196784579780799,6.371313969027699,0.43150499743388393,0.26964119328279007,0.47958333333333336,0.6369191526564726,0.3307850917362021,0.35060195451421056,0.061384680910809106,0.06615701834724041,0.09476066307426356,0.2,1.0,0.028603644727023148,0.6,0.0,0.7448554446097504,0.75,0.11906082599889486,6.362840067595244e-05,0.11912445439957083
ray_gpis_pointwise,Bowl,13,1,0.6634,0.7367042563325111,8.758108637627343,0.4315095375564532,0.28835783750259325,0.49692333333333333,0.619262395930166,0.3882773797325497,0.34539000988710056,0.05999020161920678,0.07765547594650994,0.10954989962654191,0.1,1.0,0.031894423680031966,0.4,0.0,0.632324509327077,0.25,0.12734253380040172,7.281120051629841e-05,0.12741534500091803
ray_gpis_pointwise,Bowl,14,1,0.5820333333333333,0.7296124907209216,7.0600393720867585,0.2893613350333412,0.21362457065581228,0.48422,0.6425574992131873,0.2813701356162547,0.18980020148558455,0.03329533333418098,0.056274027123250935,0.07580273668474322,-0.4,1.0,0.019528709561492285,0.2,0.0,0.7316938229571983,0.0,0.11780204279930331,6.829700141679496e-05,0.1178703398007201
ray_gpis_pointwise,Corner,0,1,0.6893666666666667,0.8161243858645252,6.431585618319341,0.07825827636029557,0.047550501954911624,0.4816033333333333,0.6281574343123372,0.5584870296094433,0.06453743478503322,0.012718167159232421,0.11169740592188866,0.1133117812816028,0.4,1.0,0.0016143753597141375,0.8,0.0,0.6202128245914156,1.0,0.10584675779682584,6.289880257099867e-05,0.10590965659939684
ray_gpis_pointwise,Corner,1,1,0.6862333333333334,0.7837734891288495,7.409559182466251,0.07727030930192218,0.04659105858291642,0.4709966666666666,0.6224151069765673,0.3623054544011462,0.062306072603738,0.012262351588838564,0.07246109088022924,0.07246109088022924,0.7,1.0,0.0,1.0,0.0,0.7210491748930048,1.0,0.12730657619831617,8.007740543689579e-05,0.12738665360375306
ray_gpis_pointwise,Corner,2,1,0.8339,0.8742891272122957,5.519285366363941,0.07879381481246388,0.046219437879202366,0.5779433333333334,0.7088328786895717,0.5332141438015459,0.06732237341561753,0.013298868767570004,0.10664282876030917,0.10698429895117019,0.6,1.0,0.00034147019086101517,0.8,0.0,0.5359166438717162,1.0,0.10739880460023414,6.976159638725222e-05,0.1074685661966214
ray_gpis_pointwise,Corner,3,1,0.836,0.9089951387172334,4.58368510149456,0.0760925096800801,0.045889024242541834,0.60968,0.7431804670771103,0.4581818157118112,0.062995546317393,0.01242300543411285,0.09163636314236225,0.09244741995350972,0.4,1.0,0.0008110568111474814,0.8,0.0,0.4844937381129654,1.0,0.10376122299931012,6.679140205960721e-05,0.10382801440136973
ray_gpis_pointwise,Corner,4,1,0.7322333333333333,0.8055666336758369,6.407494051083347,0.07966442829950948,0.04820247720837767,0.5671333333333333,0.6922677191753501,0.38964140200490205,0.06576502148796297,0.012957315887576693,0.0779282804009804,0.0807076745736827,0.5,1.0,0.0027793941727022988,0.6,0.0,0.39169021086060873,1.0,0.11148231840052177,6.893640093039722e-05,0.11155125480145216
ray_gpis_pointwise,Corner,5,1,0.8140666666666667,0.8528949493527731,5.948448592427487,0.07912283729549886,0.0480602764580171,0.62797,0.7401000264453597,0.5398519600649501,0.06704877373085943,0.013236208448538534,0.10797039201299001,0.11072043394954453,0.5,1.0,0.0027500419365545257,0.8,0.0,0.15563916227969785,0.75,0.10891214720613789,5.180519947316498e-05,0.10896395240561105
ray_gpis_pointwise,Corner,6,1,0.9095666666666666,0.9509087802878146,4.601097179332467,0.08384016308246452,0.050268865800980354,0.6631066666666667,0.7826708878173838,0.4355795545436233,0.06853309717608137,0.013481374580662137,0.08711591090872466,0.08711591090872466,0.8,1.0,0.0,1.0,0.0,0.4618192449645227,0.75,0.11228165520005859,6.498000002466142e-05,0.11234663520008326
ray_gpis_pointwise,Corner,7,1,0.7883666666666667,0.8816611060371661,4.665144470329225,0.0818144209218422,0.048056227602892104,0.5046733333333334,0.6468733832892151,0.4781275935448158,0.06805801383846435,0.013410681732360142,0.09562551870896316,0.10780176667851657,0.1,1.0,0.0121762479695534,0.6,0.0,0.5707156602815703,1.0,0.10473853959701955,6.519139860756695e-05,0.10480373099562712
ray_gpis_pointwise,Corner,8,1,0.871,0.9194023169631615,4.733064901602272,0.08310791054558242,0.04842362011189626,0.5411766666666666,0.6784872314358893,0.5499700262872912,0.07012767158740774,0.01382974960446855,0.10999400525745824,0.10999400525745824,0.7,1.0,0.0,1.0,0.0,0.6610882424467841,0.75,0.11545667160244193,7.304059981834143e-05,0.11552971220226027
ray_gpis_pointwise,Corner,9,1,0.8557,0.918276073444514,4.9040913536605615,0.079589981872138,0.048932726089015874,0.5848133333333334,0.7147773917520592,0.45127385059773717,0.06528623690118658,0.012857434834490311,0.09025477011954744,0.09960595614384042,0.4,1.0,0.00935118602429299,0.6,0.0,0.5478872844744774,0.75,0.10311699779704213,8.444480190519243e-05,0.10320144259894733
ray_gpis_pointwise,Corner,10,1,0.7017,0.8242156893895402,6.054664391871033,0.07899626773121995,0.04608299444458643,0.45866666666666667,0.6150463338496441,0.3899368344536042,0.0638502402624409,0.012563440619682948,0.07798736689072085,0.08482218865788314,0.5,1.0,0.006834821767162302,0.8,0.0,0.7945534232661935,1.0,0.1263004444015678,6.852720107417554e-05,0.126368971602642
ray_gpis_pointwise,Corner,11,1,0.762,0.8649262202043133,4.9780294265701235,0.07928900412510308,0.045890746680260566,0.4789266666666666,0.6341750574981291,0.40102453049617204,0.06541657163865694,0.012889112944310074,0.0802049060992344,0.09180877480208646,0.6,1.0,0.011603868702852061,0.4,0.0,0.6329581268154508,0.75,0.1123161965952022,6.930360104888678e-05,0.11238550019625108
ray_gpis_pointwise,Corner,12,1,0.6956666666666667,0.8200483821357416,6.175574926839215,0.0760462619583237,0.046895759786833156,0.51934,0.6747372805476788,0.43139224291563205,0.06218418730534266,0.012253005660624735,0.08627844858312642,0.08627844858312642,0.8,1.0,0.0,1.0,0.0,0.6734573486495764,0.5,0.12848524839791936,6.268879515118897e-05,0.12854793719307053
ray_gpis_pointwise,Corner,13,1,0.8408,0.8461418234036623,6.3967185267900515,0.07718633566340131,0.04758541103732451,0.6247233333333334,0.6940010333367258,0.41055660190860327,0.06278918807007144,0.012364927930002288,0.08211132038172066,0.09104777122162036,0.4,1.0,0.008936450839899713,0.4,0.0,0.21885903835510104,0.5,0.11045566040556878,6.533720006700605e-05,0.11052099760563579
ray_gpis_pointwise,Corner,14,1,0.8111666666666667,0.8606410488463011,5.856446524947365,0.07728762326622807,0.04565693913178305,0.5139533333333334,0.6436298857567155,0.5054229781755042,0.0655436874187479,0.01294399123507225,0.10108459563510083,0.10108459563510083,1.0,1.0,0.0,1.0,0.0,0.5712435983634697,0.75,0.1079759014013689,6.873279926367104e-05,0.10804463420063257
ray_gpis_pointwise,Cross,0,1,0.7436666666666667,0.8421263317962965,5.3664206996944595,0.1306089657747208,0.07622432649136596,0.47719000000000006,0.6212624706983142,0.4817841898565812,0.11103082674974446,0.021717109704922015,0.09635683797131625,0.10467072935267865,0.3,1.0,0.008313891381362414,0.8,0.0,0.6036497994070152,1.0,0.10351843139796983,7.20784009899944e-05,0.10359050979895983
ray_gpis_pointwise,Cross,1,1,0.7679,0.8429112325230477,5.81700745184947,0.12789666660720234,0.07612169778734733,0.5436033333333333,0.6746835682835485,0.455554354600132,0.10764818707148946,0.021041105406765955,0.0911108709200264,0.09291153957567558,0.2,1.0,0.0018006686556491847,0.6,0.0,0.34205964608606076,0.75,0.10604503560462035,6.62864011246711e-05,0.10611132200574502
ray_gpis_pointwise,Cross,2,1,0.892,0.9048516779864164,5.28493692290111,0.13450852300283972,0.07929479711341816,0.6273666666666667,0.7299389977112781,0.47701392513032165,0.11492029423815883,0.02247538488333522,0.09540278502606434,0.09540278502606434,0.7,1.0,0.0,1.0,0.0,0.7409120628073793,1.0,0.09116312320402357,6.474939873442054e-05,0.091227872602758
ray_gpis_pointwise,Cross,3,1,0.6973,0.819673179852234,6.022129332040013,0.134268699893254,0.08116191298078931,0.5252266666666667,0.6759128540102737,0.4972909626007311,0.11307622620556032,0.022074868487354994,0.09945819252014622,0.0997126631913673,0.5,1.0,0.00025447067122108535,0.8,0.0,0.46131576998459245,1.0,0.10387460080091841,6.481340096797794e-05,0.10393941420188639
ray_gpis_pointwise,Cross,4,1,0.8075666666666667,0.7708073695436188,7.681615944776158,0.13024651221925687,0.07763092826446441,0.47383333333333333,0.5289598727748624,0.7100296568994895,0.10929211366377109,0.021344191177423043,0.1420059313798979,0.14838621669518012,0.6,1.0,0.00638028531528223,0.6,0.0,0.5220148728469028,1.0,0.09599230159656144,6.570639670826495e-05,0.09605800799326972
ray_gpis_pointwise,Cross,5,1,0.8259333333333333,0.9046697579320164,4.899857089460285,0.13038815392999492,0.0770977120006116,0.6112633333333333,0.735391686842006,0.5455831997479607,0.11038792225626964,0.021581236869124415,0.10911663994959213,0.11027820316253514,0.8,1.0,0.0011615632129430065,0.8,0.0,0.3394313584117717,0.75,0.09271662160172127,6.824780139140785e-05,0.09278486940311267
ray_gpis_pointwise,Cross,6,1,0.7436333333333334,0.8512465429569903,5.941058892976953,0.1318505424003876,0.08007867394289914,0.5789633333333333,0.7136215000766448,0.4705049226191051,0.11120690637539256,0.021724789749976284,0.09410098452382101,0.09897790762464943,0.1,1.0,0.004876923100828412,0.6,0.0,0.4790381148933207,1.0,0.10346725400013383,6.0049002058804035e-05,0.10352730300219264
ray_gpis_pointwise,Cross,7,1,0.7129333333333333,0.7776393040614316,7.726335449805442,0.12452992787411962,0.07562388160649043,0.53372,0.6762300262868612,0.3895026180524051,0.10340229768027512,0.020193140529787122,0.07790052361048103,0.08911486402935663,0.4,1.0,0.011214340418875613,0.6,0.0,0.347766043430991,1.0,0.11055432820285205,8.401540108025075e-05,0.1106383436039323
ray_gpis_pointwise,Cross,8,1,0.7192333333333333,0.8203747086539662,5.8646364468782215,0.12652731001813863,0.07472112862670281,0.49853333333333333,0.6250863625357932,0.5785625418915971,0.10753453667161411,0.021049213638409798,0.11571250837831941,0.14241259708330925,0.0,1.0,0.026700088704989834,0.4,0.0,0.40034727537666714,0.5,0.09257853440067265,6.579920300282538e-05,0.09264433360367548
ray_gpis_pointwise,Cross,9,1,0.8822666666666666,0.9367170802488417,4.5977232871286855,0.1325749667078536,0.07765719158248655,0.6142766666666667,0.7437940349978912,0.5057957695451099,0.11226857885171064,0.021940098869574574,0.10115915390902197,0.1055049401831234,0.5,1.0,0.004345786274101426,0.8,0.0,0.3222390707255664,0.75,0.10558430319651961,6.962699990253896e-05,0.10565393019642215
ray_gpis_pointwise,Cross,10,1,0.8103333333333333,0.8952310808322592,5.09832169954088,0.1279568758634116,0.07511518928692432,0.54306,0.6846137893016938,0.43788547482619145,0.10740994897229401,0.02098748632864684,0.08757709496523829,0.09322625818713969,0.6,1.0,0.005649163221901399,0.6,0.0,0.48688483160166063,1.0,0.109921526996186,7.502619992010296e-05,0.1099965531961061
ray_gpis_pointwise,Cross,11,1,0.7434666666666667,0.80800646169201,6.393989274858368,0.12874937119803798,0.07707122849341941,0.40859000000000006,0.5229921863370384,0.7002763863323388,0.10669272714644325,0.02081167554317527,0.14005527726646777,0.15062401634764477,0.5,1.0,0.010568739081177003,0.6,0.0,0.8779966685548195,1.0,0.08717757540580351,5.878299998585135e-05,0.08723635840578936
ray_gpis_pointwise,Cross,12,1,0.7045,0.8008350518638739,6.269314807213822,0.12335357852411097,0.07528931227370127,0.5142033333333333,0.6551735294749215,0.4005790928173214,0.10243980466996483,0.020010577262195267,0.08011581856346428,0.08658222008808224,0.4,1.0,0.006466401524617959,0.4,0.0,0.3886235333687432,1.0,0.10998229979886673,7.639139948878437e-05,0.11005869119835551
ray_gpis_pointwise,Cross,13,1,0.7393666666666666,0.8495136432746148,5.359173953803124,0.12826057390275739,0.07515097367495327,0.47673333333333334,0.6276700421208001,0.48791783758935214,0.10939178833798957,0.021414833938607342,0.09758356751787042,0.10368074790929202,0.8,1.0,0.006097180391421597,0.8,0.0,0.5511392073857402,0.75,0.09797958400158677,6.622659857384861e-05,0.09804581060016063
ray_gpis_pointwise,Cross,14,1,0.7609,0.8642171616786871,5.925223675604929,0.1304825545925071,0.07667568086380976,0.50258,0.6608026425304621,0.44503655306322143,0.11117771279043587,0.021752596037006196,0.08900731061264429,0.10334314397338173,0.3,1.0,0.01433583336073745,0.6,0.0,0.6640489506747889,1.0,0.1060859702003654,6.57851982396096e-05,0.10615175539860502
ray_gpis_pointwise,Cube,0,1,0.5869,0.7396811393282501,7.430820111188277,0.13573945837257617,0.07685046937989522,0.31166666666666665,0.45739604144600265,0.4491315510208909,0.11536928598907759,0.02254254120208136,0.08982631020417818,0.1549327634508698,0.1,1.0,0.0651064532466916,0.4,0.0,0.5127875677848741,0.75,0.10336497020034585,6.181339849717916e-05,0.10342678359884303
ray_gpis_pointwise,Cube,1,1,0.6642666666666667,0.798269508091652,7.549807999603358,0.15136699821361338,0.09056550278184652,0.49844,0.6593596801916763,0.262255453826573,0.12534193006823915,0.024322487157023058,0.0524510907653146,0.058252883703728206,-0.1,1.0,0.005801792938413608,0.6,0.0,0.6571058165484092,1.0,0.12663502560171763,7.896960014477372e-05,0.1267139952018624
ray_gpis_pointwise,Cube,2,1,0.8071,0.876354398228804,5.594270002979087,0.13802155386335407,0.07879273502855047,0.46496666666666664,0.5826295903089933,0.6936255556822772,0.11850849202669084,0.023177027773308313,0.13872511113645544,0.15312810207863797,0.1,1.0,0.014402990942182526,0.6,0.0,0.6476291840761044,1.0,0.09963162460189778,6.670719885732978e-05,0.09969833180075512
ray_gpis_pointwise,Cube,3,1,0.7974333333333333,0.8347425582235933,6.030703166092116,0.15455305037763434,0.09175706378194542,0.5352466666666666,0.6243420261595436,0.45360773373555946,0.13082009689011165,0.025449610942296287,0.09072154674711189,0.09562038999423081,0.4,1.0,0.004898843247118911,0.8,0.0,0.36682432335774773,0.75,0.10580958620121236,6.337120139505714e-05,0.10587295740260742
ray_gpis_pointwise,Cube,4,1,0.8128,0.8289617306629207,6.7248398958772615,0.15518530174746692,0.09674970397165979,0.6370466666666668,0.729543591430447,0.38031494831377943,0.12960433308393104,0.025159051155313285,0.07606298966275589,0.08334000281508162,0.2,1.0,0.007277013152325739,0.6,0.0,0.26638568608377194,0.5,0.10580032299621962,6.513539701700211e-05,0.10586545839323662
ray_gpis_pointwise,Cube,5,1,0.6391333333333333,0.7769439904983795,7.542759105542653,0.1388155802551593,0.07767758340857285,0.37202999999999997,0.5247530794537134,0.5253485713183812,0.12027481549073127,0.02354798953404565,0.10506971426367624,0.11073633864068415,0.8,1.0,0.005666624377007911,0.8,0.0,0.7767690740661993,1.0,0.09950664400530514,6.562340131495148e-05,0.09957226740662009
ray_gpis_pointwise,Cube,6,1,0.8936,0.9431174875766982,4.372322571792449,0.1588756290680054,0.09703625590612533,0.6672399999999999,0.7843600310465808,0.4662693965937575,0.13271311778319647,0.02574194075770885,0.0932538793187515,0.1013096979686754,0.1,1.0,0.008055818649923885,0.4,0.0,0.34066133023628337,0.75,0.10399105679534841,6.459479918703437e-05,0.10405565159453545
ray_gpis_pointwise,Cube,7,1,0.7392666666666666,0.8118742590825766,6.070661563927834,0.1479042844084706,0.08843911267596892,0.4188366666666667,0.5306881056784064,0.6666087094863002,0.12407764706804573,0.0241405031195894,0.13332174189726004,0.15350652778664675,0.5,1.0,0.020184785889386696,0.6,0.0,0.5116608134012358,1.0,0.10754040440078824,6.414040108211338e-05,0.10760454480187036
ray_gpis_pointwise,Cube,8,1,0.6821333333333334,0.7785525246212097,7.0663873130834585,0.1444373745007051,0.08418774871447232,0.44632000000000005,0.5920219231191343,0.47672981433025535,0.12258098744333004,0.023905502377414675,0.09534596286605107,0.09699971106951742,0.6,1.0,0.0016537482034663542,0.8,0.0,0.636763771430426,1.0,0.10378576499933842,6.222720257937908e-05,0.1038479922019178
ray_gpis_pointwise,Cube,9,1,0.8980666666666667,0.9310555868935053,4.542534234306209,0.15898095479469312,0.09426247390136269,0.6359366666666666,0.7482864489822154,0.49937042374425766,0.13362661413016322,0.025943208612516654,0.09987408474885154,0.10958354299167623,0.1,1.0,0.009709458242824699,0.6,0.0,0.2853724470703546,0.75,0.10004895759921055,6.387839966919273e-05,0.10011283599887974
ray_gpis_pointwise,Cube,10,1,0.6467,0.77660183034122,8.015842250590936,0.14724099172233737,0.0860031834697409,0.41668666666666665,0.5716653685216272,0.3844088455482807,0.12219951005658578,0.023742691921848403,0.07688176910965613,0.09628741603718047,0.4,1.0,0.019405646927524323,0.6,0.0,0.692217861137207,0.75,0.10196339160320349,6.474459951277822e-05,0.10202813620271627
ray_gpis_pointwise,Cube,11,1,0.6632,0.7657739255615871,7.180072159757974,0.1402733352783426,0.08496134251388929,0.4931933333333333,0.6498616389832496,0.2815378705898813,0.11416794277396879,0.022160684716369932,0.05630757411797625,0.06780878431139373,0.3,1.0,0.011501210193417478,0.4,0.0,0.7129463263904783,0.75,0.1089596277975943,6.381119892466814e-05,0.10902343899651896
ray_gpis_pointwise,Cube,12,1,0.7874666666666666,0.8777110837218797,5.551011498953145,0.15421874150084525,0.09307589390555553,0.6049566666666667,0.7366440275786097,0.4660631684339909,0.1292722383431123,0.02511371320624651,0.09321263368679819,0.10052987972540714,0.3,1.0,0.007317246038608949,0.8,0.0,0.3131761386512937,1.0,0.10371259899984579,7.126300188247115e-05,0.10378386200172826
ray_gpis_pointwise,Cube,13,1,0.9254,0.9612548041965306,4.077229552125429,0.15374312633851578,0.09127513210717594,0.6869766666666667,0.7886559468259672,0.6008230512248132,0.1305385948677086,0.02541094579536901,0.12016461024496264,0.12069175193556574,0.5,1.0,0.0005271416906031057,0.6,0.0,0.22107890821698326,1.0,0.10303271299926564,6.752839544788003e-05,0.10310024139471352
ray_gpis_pointwise,Cube,14,1,0.6781666666666667,0.7848465118763173,6.172071237378677,0.14776859026035508,0.08839982619628388,0.47316,0.609564149827468,0.359360380719312,0.12482327004989979,0.024310132516664116,0.0718720761438624,0.10257805683377574,-0.1,1.0,0.03070598068991335,0.4,0.0,0.4118868712383458,0.75,0.10436223879805766,6.877159758005291e-05,0.10443101039563771
ray_gpis_pointwise,Cylinder,0,1,0.7102666666666667,0.7826106040629065,7.715370186764112,0.2630221763276548,0.14687022049068144,0.4722433333333333,0.5827319832674045,0.46032220543863,0.23646658137372117,0.04564846076432014,0.092064441087726,0.10335179487943913,0.5,1.0,0.01128735379171314,0.6,0.0,0.4713669547180179,0.75,0.10980339279922191,6.446160259656608e-05,0.10986785440181848
ray_gpis_pointwise,Cylinder,1,1,0.9114666666666666,0.951704203982405,4.36004384219881,0.26073823251598693,0.16973494848491869,0.6461,0.7717059948404944,0.4731566839499473,0.23109241714682874,0.04443649472624338,0.09463133678998946,0.09463133678998946,0.9,1.0,0.0,1.0,0.0,0.4724441734378575,1.0,0.1133236327994382,7.137899810913951e-05,0.11339501179754734
ray_gpis_pointwise,Cylinder,2,1,0.6916,0.7377832788641011,7.640495445593693,0.24375039757865685,0.16188925757396738,0.40079666666666663,0.5045089703487473,0.3997871014728931,0.2145773311809964,0.041321450942653284,0.07995742029457861,0.11417454402835989,-0.1,1.0,0.034217123733781274,0.2,0.0,0.6247192578393224,0.5,0.10768822400132194,6.256820051930845e-05,0.10775079220184125
ray_gpis_pointwise,Cylinder,3,1,0.7336,0.8457247545228526,5.965611569763376,0.24295326691367855,0.16109006638230153,0.5080533333333334,0.6495296134880342,0.6013427320509425,0.20896146884751207,0.039996432816351214,0.1202685464101885,0.1362997113238342,0.2,1.0,0.01603116491364571,0.4,0.0,0.5994251558010761,0.75,0.1127967511973111,7.852019916754216e-05,0.11287527139647864
ray_gpis_pointwise,Cylinder,4,1,0.7982,0.8877766655544433,5.247520038837592,0.24794671867001639,0.14674572431288951,0.5335966666666667,0.6769395376287065,0.4533343954957349,0.21893405605499325,0.042160351895366446,0.09066687909914697,0.10806711549307055,0.1,1.0,0.017400236393923574,0.4,0.0,0.6122752626718693,0.5,0.11330017540312838,6.170720153022557e-05,0.1133618826046586
ray_gpis_pointwise,Cylinder,5,1,0.7033666666666667,0.8080158685264167,6.4239931107471495,0.21946603429281408,0.13319939336363962,0.45399666666666666,0.5986098452582047,0.5256386785573339,0.19091445915781896,0.03683546730106791,0.10512773571146679,0.1201823147671591,0.4,1.0,0.015054579055692319,0.6,0.0,0.5569227359160209,0.75,0.103880829596892,7.382479961961507e-05,0.10395465439651161
ray_gpis_pointwise,Cylinder,6,1,0.8745,0.93117094282318,4.534086529147896,0.270942838054258,0.18075156425182842,0.5795899999999999,0.7119454065187527,0.4913144760282349,0.21401135717217742,0.03970197638549928,0.09826289520564699,0.10000435117707007,0.7,1.0,0.0017414559714231004,0.8,0.0,0.5906993441224355,1.0,0.11041560980083887,6.609359988942742e-05,0.1104817034007283
ray_gpis_pointwise,Cylinder,7,1,0.7052333333333334,0.7866536789536832,6.7279220886786595,0.258841041041885,0.1740514950361484,0.44891000000000003,0.5846154559964387,0.45641819223916363,0.20504311824773308,0.03823340549667043,0.09128363844783273,0.11886188687492152,0.0,1.0,0.0275782484270888,0.6,0.0,0.5766861149171443,0.5,0.10793767540017143,5.823139799758792e-05,0.10799590679816902
ray_gpis_pointwise,Cylinder,8,1,0.8118333333333333,0.7705367841637799,7.856882933923545,0.24303126416026355,0.12989912615105859,0.4885400000000001,0.5575344488057896,0.670573370686389,0.2157184584087198,0.04164120155821373,0.1341146741372778,0.1341146741372778,0.8,1.0,0.0,1.0,0.0,0.4715817940670559,1.0,0.09828172660199926,6.902320310473443e-05,0.09835074980510398
ray_gpis_pointwise,Cylinder,9,1,0.8044666666666667,0.8885684032068865,6.224862172700579,0.19957728242815106,0.11653625197042719,0.5053,0.6536413493631289,0.4234092913681471,0.16890449768694846,0.03253416645197317,0.08468185827362942,0.09323206878293211,0.4,1.0,0.008550210509302691,0.4,0.0,0.678725095858427,1.0,0.11429201239952817,5.727559910155833e-05,0.11434928799862973
ray_gpis_pointwise,Cylinder,10,1,0.8268333333333333,0.9052093787063225,4.877211879918408,0.2523630549230524,0.13412667394548977,0.55518,0.6950973941144417,0.4774128218318629,0.22297970261194763,0.04290952610513521,0.09548256436637258,0.10139744692504182,0.5,1.0,0.005914882558669255,0.6,0.0,0.5234702234493018,0.75,0.10810650880157482,6.604839581996203e-05,0.10817255719739478
ray_gpis_pointwise,Cylinder,11,1,0.8577333333333333,0.9206545048959647,5.486571689055952,0.25922661725142576,0.16142005012951177,0.5284566666666667,0.6745343311570116,0.47188385415525264,0.22944414783768594,0.04411519737826454,0.09437677083105053,0.10066857933728764,0.3,1.0,0.006291808506237118,0.6,0.0,0.6531983063377215,1.0,0.11328138260287232,6.73584028845653e-05,0.1133487410057569
ray_gpis_pointwise,Cylinder,12,1,0.647,0.7840859249466295,7.185169351112459,0.24995713886499557,0.13270827531965473,0.39391,0.5522075535695616,0.536678301169793,0.22095328553457372,0.04254544211081094,0.1073356602339586,0.1073356602339586,0.9,1.0,0.0,1.0,0.0,0.6340746477507075,1.0,0.10744998120062518,6.53676048386842e-05,0.10751534880546387
ray_gpis_pointwise,Cylinder,13,1,0.7748,0.8731124633761551,5.062051382644593,0.24792680320860894,0.15293808227610045,0.4219366666666667,0.5742757874148307,0.5917684743755536,0.2207874120425756,0.04261951034990997,0.11835369487511072,0.12390280297956532,0.4,1.0,0.005549108104454614,0.6,0.0,0.6693111230151247,1.0,0.09948137859755661,6.719199300277978e-05,0.0995485705905594
ray_gpis_pointwise,Cylinder,14,1,0.8645,0.8987034920482035,5.743024063456439,0.26205646025873996,0.17526895972922282,0.52573,0.6521475418950017,0.5123007381755702,0.2057078781020475,0.03822291460138423,0.10246014763511405,0.10262131436709487,0.4,1.0,0.00016116673198083298,0.8,0.0,0.545541742961776,0.75,0.1102710028004367,6.816780078224837e-05,0.11033917060121894
ray_gpis_pointwise,L_Shaped,0,1,0.6481,0.7518992520364697,7.923142898359461,0.14448672839021925,0.08392182661704656,0.37207666666666667,0.49363660201952386,0.644769674047996,0.12529203806138164,0.024508523084890273,0.1289539348095992,0.1700521949519955,0.1,1.0,0.041098260142396315,0.6,0.0,0.865197683270179,0.5,0.08754248899640515,6.0826796106994153e-05,0.08760331579251215
ray_gpis_pointwise,L_Shaped,1,1,0.7228,0.774345276073978,7.371065969246497,0.14850017906754964,0.09127973449760743,0.4749133333333334,0.5721970015413682,0.36891965612653826,0.12359612867552865,0.02401679976061925,0.07378393122530766,0.09014462227383584,0.2,1.0,0.016360691048528185,0.6,0.0,0.779944306138106,0.75,0.0979141653951956,6.008399650454521e-05,0.09797424939170014
ray_gpis_pointwise,L_Shaped,2,1,0.5979,0.7471417212397543,7.8624041132454785,0.14686116411922448,0.09053610069552613,0.4143766666666667,0.5775653150949422,0.3716611342467398,0.12208122892378344,0.02372707839456575,0.07433222684934795,0.10535956842922692,0.4,1.0,0.031027341579878954,0.2,0.0,0.5146227097533266,0.5,0.09379647620371542,6.455180118791759e-05,0.09386102800490334
ray_gpis_pointwise,L_Shaped,3,1,0.614,0.7603892284727655,8.067378842978432,0.14447936636426112,0.08589839016786167,0.39810333333333336,0.5596613243500533,0.3602612387119463,0.12186667916349493,0.023745701501844726,0.07205224774238926,0.08507644487377151,0.2,1.0,0.013024197131382254,0.4,0.0,0.7272419516239828,1.0,0.10332091960008256,7.451039564330131e-05,0.10339542999572586
ray_gpis_pointwise,L_Shaped,4,1,0.8286,0.9044616186543206,4.6502349068609385,0.1547914431489088,0.09325048648556275,0.6554399999999999,0.7766683003861006,0.4384392225813033,0.13139565476455983,0.02557130466805465,0.08768784451626066,0.09920175956746649,0.0,1.0,0.011513915051205826,0.4,0.0,0.37605555476081476,0.75,0.1045532626012573,6.915340200066566e-05,0.10462241600325797
ray_gpis_pointwise,L_Shaped,5,1,0.7406333333333334,0.847637892412587,6.258467633741571,0.1478287957769214,0.08665526341531057,0.4832533333333334,0.6337939579955697,0.509457584975944,0.12450905753139335,0.024238522261356848,0.1018915169951888,0.10780804011693505,0.8,1.0,0.005916523121746287,0.8,0.0,0.8011736292508934,1.0,0.0935156133986311,6.110119866207243e-05,0.09357671459729318
ray_gpis_pointwise,L_Shaped,6,1,0.8513666666666667,0.871933453472831,5.731662052793466,0.14365207919314515,0.08685256961953217,0.5200533333333333,0.6323682757901823,0.4802969436216047,0.1209308791178787,0.02356103847443124,0.09605938872432093,0.09963846235133489,0.5,1.0,0.003579073627013951,0.8,0.0,0.5693040511031751,1.0,0.10804330700193532,6.026379414834082e-05,0.10810357079608365
ray_gpis_pointwise,L_Shaped,7,1,0.8082666666666667,0.8855228915983101,5.455921092894852,0.15522827173485262,0.09027822228124066,0.52066,0.6552150646626137,0.589234632825321,0.1335359080518684,0.026038553906325194,0.1178469265650642,0.13027924555773598,0.8,1.0,0.012432318992671776,0.6,0.0,0.6083131211523259,0.75,0.11302167039539199,6.393059738911689e-05,0.11308560099278112
ray_gpis_pointwise,L_Shaped,8,1,0.5860333333333333,0.7025583951008932,8.48237614275249,0.13937205103224265,0.0816562497844406,0.3454,0.47880238220190224,0.5145936020942703,0.1176569609909005,0.022952267891883683,0.10291872041885405,0.1428200423234811,0.3,1.0,0.03990132190462707,0.6,0.0,0.6690305313748788,0.25,0.10052903359755874,6.217399786692112e-05,0.10059120759542566
ray_gpis_pointwise,L_Shaped,9,1,0.7791,0.8714061939195975,5.410762382365616,0.14457390623211164,0.08621664490284067,0.5301433333333334,0.6773687533236078,0.4254882494521296,0.11786577280880262,0.022859436696795143,0.08509764989042592,0.08912879389340489,0.3,1.0,0.00403114400297897,0.6,0.0,0.5424141111931063,1.0,0.10791870259563438,6.457719719037414e-05,0.10798327979282477
ray_gpis_pointwise,L_Shaped,10,1,0.7678333333333334,0.8652551655017983,5.388690661084275,0.13814457662214127,0.08203002389687959,0.5092166666666668,0.6519618213963648,0.5523903555084717,0.11537735824878916,0.022481586441169776,0.11047807110169436,0.1150922546690027,0.7,1.0,0.004614183567308361,0.6,0.0,0.38327415428285005,1.0,0.10302579459967091,6.232239829842e-05,0.10308811699796934
ray_gpis_pointwise,L_Shaped,11,1,0.9023333333333333,0.9457947987066824,4.761588747176984,0.1588267573124637,0.09271613821082736,0.6432633333333333,0.7623039804759775,0.5284489096507357,0.1364381552847907,0.02658017516859188,0.10568978193014714,0.10676826776210527,0.5,1.0,0.0010784858319581535,0.8,0.0,0.39448404240100704,0.75,0.11203478899551556,6.684759864583611e-05,0.11210163659416139
ray_gpis_pointwise,L_Shaped,12,1,0.7370666666666666,0.7442790543024462,7.4804766406975425,0.14600710361933983,0.0886906218684933,0.5038733333333333,0.5770409793980313,0.3506187416016538,0.12213369484633756,0.023762458405152828,0.07012374832033076,0.09516337570652524,0.2,1.0,0.025039627386194474,0.4,0.0,0.503521078908217,0.75,0.11031606839969754,6.481480377260596e-05,0.11038088320347014
ray_gpis_pointwise,L_Shaped,13,1,0.5636333333333333,0.7179962295750757,9.126597842786273,0.13481304554779416,0.08371613543359244,0.3860833333333334,0.5493591244731831,0.3063903631060758,0.10886868123088154,0.02113981649292216,0.061278072621215166,0.07110145084217909,0.1,1.0,0.00982337822096393,0.4,0.0,0.723235188382385,1.0,0.10760807240440044,6.715239433106036e-05,0.10767522479873151
ray_gpis_pointwise,L_Shaped,14,1,0.8825,0.9355367881328338,4.453958960122201,0.14240162218771793,0.08588322007647284,0.6686133333333333,0.7851122901113265,0.45865003160248574,0.11650517527502662,0.022618049710410294,0.09173000632049715,0.09564789503421567,0.7,1.0,0.0039178887137185205,0.6,0.0,0.2781879491681905,0.5,0.09864276199659798,6.390299822669476e-05,0.09870666499482468
ray_gpis_pointwise,Thin_Irregular,0,1,0.7418,0.7988948604089317,6.793404313028655,0.9975864325395877,0.7551371899685297,0.4362933333333333,0.546891938796191,0.5083020575357561,0.9954279069302402,0.10509551615402798,0.10166041150715122,0.10610542711585805,0.5,1.0,0.004445015608706837,0.8,0.2,0.48281119903592334,1.0,0.2723062054021284,6.370219925884157e-05,0.27236990760138724
ray_gpis_pointwise,Thin_Irregular,1,1,0.9039,0.9484119656551384,4.603292429332223,1.0,0.8272802685250596,0.6526933333333333,0.7677891843839365,0.5234218094666623,1.0,0.1001717912571352,0.10468436189333245,0.10468436189333245,0.9,1.0,0.0,1.0,0.0,0.41574558631975517,1.0,0.3864338775980286,7.167900039348752e-05,0.3865055565984221
ray_gpis_pointwise,Thin_Irregular,2,1,0.8461,0.8339252273052541,6.969982838118526,0.9994964681940773,0.8533514911968091,0.4603,0.5268111731899873,0.6784721091649024,0.9990293771196371,0.10365365923429656,0.13569442183298047,0.1357269180421113,0.8,1.0,3.249620913079454e-05,0.8,0.2,0.39143769965077335,1.0,0.38303737179958264,6.494300032500178e-05,0.38310231479990764
ray_gpis_pointwise,Thin_Irregular,3,1,0.6946333333333333,0.7546238456512604,7.815418851684944,0.9996020608969222,0.8085844684740522,0.4323066666666667,0.5198782772059576,0.4559310166609862,0.9993512355307403,0.12259639766667474,0.09118620333219724,0.10754935008028166,0.4,1.0,0.016363146748084423,0.6,0.0,0.4767827054130848,0.75,0.25507576240052005,6.475879636127501e-05,0.2551405211968813
ray_gpis_pointwise,Thin_Irregular,4,1,0.8529333333333333,0.9157376170619758,5.222997833196252,0.9992896201088315,0.7953931725760237,0.61954,0.7446623364962639,0.3897942208355607,0.9986891048269155,0.10823880843634584,0.07795884416711214,0.07955378377130291,0.4,1.0,0.0015949396041907704,0.8,0.0,0.4778970087548638,0.75,0.4052292684005806,5.191959789954126e-05,0.4052811879984802
ray_gpis_pointwise,Thin_Irregular,5,1,0.6665,0.7611936424436965,8.962256309978958,0.9786254643320835,0.6582191793904807,0.3764966666666667,0.48933505443871406,0.6842965092227858,0.959502256925738,0.10128423787220786,0.13685930184455716,0.14928264782535164,0.5,1.0,0.012423345980794465,0.8,0.0,0.6522681105516135,0.75,0.2703051253949525,6.489439983852208e-05,0.27037001979479103
ray_gpis_pointwise,Thin_Irregular,6,1,0.7944333333333333,0.8201720042785131,7.140892597612103,0.9998525415442759,0.7522480051878329,0.40099333333333337,0.49044854453239306,0.7479797371905064,0.9997071003182055,0.10065921839597299,0.14959594743810128,0.15599254642155164,0.5,1.0,0.0063965989834503635,0.8,0.0,0.5285039196028769,1.0,0.4319816808012547,6.150179542601109e-05,0.43204318259668073
ray_gpis_pointwise,Thin_Irregular,7,1,0.6394666666666666,0.7355473300385313,8.610644602282887,0.996652292141107,0.6878714106283437,0.35427333333333333,0.4682668843050816,0.6517595861812988,0.993369075194571,0.1003030363754823,0.13035191723625977,0.1454250588584723,0.1,1.0,0.015073141622212505,0.4,0.0,0.67526364106229,1.0,0.27823114639904817,7.392520201392472e-05,0.2783050716010621
ray_gpis_pointwise,Thin_Irregular,8,1,0.5818666666666666,0.6733201845434105,9.550587977841461,0.9541206541306795,0.7180635246790491,0.3775233333333333,0.46374984625239624,0.4891107809500102,0.9162777540098148,0.10042306794662115,0.09782215619000204,0.10710892324278598,0.2,1.0,0.009286767052783928,0.4,0.2,0.5722316869892237,1.0,0.41666599739692173,7.155920029617846e-05,0.4167375565972179
ray_gpis_pointwise,Thin_Irregular,9,1,0.8826,0.9186446044998726,5.077334916526129,0.9998033887257013,0.8596987150270421,0.6560599999999999,0.7618435424264713,0.5615799823750096,0.9996932450690942,0.12814852706064755,0.11231599647500193,0.11231599647500193,0.7,1.0,0.0,1.0,0.2,0.2530886131445639,0.5,0.3803984432015568,6.636679463554174e-05,0.38046480999619237
ray_gpis_pointwise,Thin_Irregular,10,1,0.6293666666666666,0.7696276250584619,8.22546597034509,0.8632801643365682,0.6026210144849851,0.41895999999999994,0.5802601202352214,0.3473363855003088,0.7761104424718829,0.0947875312479488,0.06946727710006176,0.0870042243689512,-0.1,1.0,0.017536947268889436,0.2,0.2,0.6564141594111832,1.0,0.27504582980182024,6.553140410687774e-05,0.2751113612059271
ray_gpis_pointwise,Thin_Irregular,11,1,0.7661,0.8374458285390959,6.336951268984632,0.9529680137448059,0.7738962202148599,0.48721000000000003,0.6218735275676267,0.4648734080118094,0.9098758999134837,0.09496521080950196,0.09297468160236187,0.09297468160236187,0.8,1.0,0.0,1.0,0.2,0.5893019355115586,1.0,0.4277712680021068,6.11925992416218e-05,0.42783246060134844
ray_gpis_pointwise,Thin_Irregular,12,1,0.7672,0.810262886470526,7.266860326941773,0.9996020608969222,0.8793140764902011,0.5660766666666667,0.6473943226268685,0.3464540726496481,0.9992798435581877,0.11043503927246405,0.06929081452992962,0.07176678050388327,0.5,1.0,0.002475965973953653,0.8,0.0,0.3092051241702906,0.75,0.4209297072025947,5.886059952899814e-05,0.42098856780212374
ray_gpis_pointwise,Thin_Irregular,13,1,0.7907666666666666,0.881926528632792,5.642039880532582,0.9549643934043898,0.8627474124555128,0.6366066666666667,0.763404930627706,0.4236692117789748,0.9200627982509165,0.10367034451705623,0.08473384235579497,0.08568486633263442,0.9,1.0,0.0009510239768394602,0.8,0.4,0.41255302656814086,1.0,0.418675324798096,6.410040077753365e-05,0.4187394251988735
ray_gpis_pointwise,Thin_Irregular,14,1,0.8066666666666666,0.8903734901846876,5.632417024707274,0.9999508471814254,0.8756127006827678,0.5838566666666667,0.7051281844338737,0.6463511307360645,0.9999198345910073,0.1226186676683618,0.1292702261472129,0.13005029471408036,0.6,1.0,0.0007800685668674534,0.8,0.0,0.291895317742611,0.5,0.2672035156021593,7.313080423045903e-05,0.26727664640638976
ray_gpis_pointwise,green_Pepper,0,1,0.8684,0.9295654035538429,4.866866845647781,0.15247065941851337,0.09055779319001073,0.6559766666666667,0.7750065100448513,0.5487800844336161,0.12904834103603793,0.0251155742699914,0.10975601688672323,0.12364548350138808,0.4,1.0,0.013889466614664836,0.8,0.0,0.2160024409299751,0.25,0.109039966398268,5.800420476589352e-05,0.1090979706030339
ray_gpis_pointwise,green_Pepper,1,1,0.7209333333333333,0.8345845859512677,5.94212093371093,0.14187197243990926,0.08449024087923428,0.4530133333333334,0.6070786297002121,0.4277869226480282,0.11887553030392398,0.023154600253027197,0.08555738452960564,0.09629603329867568,0.2,1.0,0.010738648769070047,0.6,0.0,0.6352215180819408,1.0,0.1077352677937597,6.686240085400641e-05,0.10780213019461371
ray_gpis_pointwise,green_Pepper,2,1,0.6964666666666667,0.7986455138177587,7.277079974122177,0.13740848798594107,0.08024320146993782,0.46682000000000007,0.6126609017076877,0.5122457879938026,0.1155777915119978,0.022544983827581553,0.10244915759876053,0.11227987019701191,0.1,1.0,0.00983071259825139,0.4,0.0,0.62809279272984,1.0,0.10852036339929327,6.533600098919123e-05,0.10858569940028247
ray_gpis_pointwise,green_Pepper,3,1,0.9024333333333333,0.9487148038477039,4.087572292000634,0.14765352673418322,0.08921202413250827,0.6061933333333333,0.7292667641018167,0.58452821206494,0.12346034986349579,0.024010549614709796,0.11690564241298798,0.11690564241298798,0.7,1.0,0.0,1.0,0.0,0.39016848118131947,1.0,0.10598903020145371,6.584819930139929e-05,0.10605487840075511
ray_gpis_pointwise,green_Pepper,4,1,0.7955333333333333,0.8838043513026769,5.017446240206714,0.14607896635767187,0.08757257030708514,0.61484,0.7400770744937429,0.4691766495640519,0.12330159090163083,0.02401962199537883,0.09383532991281038,0.0966070988927962,0.4,1.0,0.0027717689799858112,0.6,0.0,0.3649251115815975,0.75,0.1112454026035266,6.778139795642346e-05,0.11131318400148302
ray_gpis_pointwise,green_Pepper,5,1,0.7668,0.8680099615123388,5.463683714429318,0.14462952710289317,0.08796041337725495,0.5407133333333334,0.6814246730777079,0.5534979102735051,0.12256694388042072,0.023897012773191142,0.11069958205470103,0.11971022358133057,0.6,1.0,0.009010641526629537,0.8,0.0,0.4318665410966891,0.5,0.1061580492008943,6.277379870880395e-05,0.10622082299960312
ray_gpis_pointwise,green_Pepper,6,1,0.7475,0.826115682623581,6.262901991061129,0.14419335042201598,0.08346725873254804,0.44743000000000005,0.5612804115197194,0.6185661378619693,0.12215772839758994,0.023818264315106558,0.12371322757239386,0.1605643018285275,0.2,1.0,0.03685107425613363,0.4,0.0,0.589488778779518,0.75,0.10230551299464423,5.99376013269648e-05,0.1023654505959712
ray_gpis_pointwise,green_Pepper,7,1,0.8470333333333333,0.8909434972166449,5.421342655240648,0.15108598374575938,0.09089833110653439,0.61304,0.7203144106555948,0.46306455053775064,0.12679719776243345,0.024654047862985605,0.09261291010755013,0.09978932398812204,0.2,1.0,0.007176413880571908,0.6,0.0,0.34595212720302126,0.5,0.10759262600040528,6.810220365878194e-05,0.10766072820406407
ray_gpis_pointwise,green_Pepper,8,1,0.7749333333333334,0.7273799209639918,9.16832344775999,0.14858284547872644,0.08772963510991652,0.4596133333333333,0.5207258554920733,0.4272892591326229,0.12645423477915949,0.024650180686439076,0.08545785182652457,0.09426431355072283,0.5,1.0,0.008806461724198255,0.6,0.0,0.40245735761006357,0.75,0.10688946119917091,6.125119689386338e-05,0.10695071239606477
ray_gpis_pointwise,green_Pepper,9,1,0.7022333333333334,0.7729725726028948,7.361355313992518,0.14284304418675633,0.0838466983826937,0.42513000000000006,0.5402400359395557,0.4467061142230689,0.12197163094525346,0.023814454193356725,0.08934122284461378,0.10005075691847157,0.4,1.0,0.010709534073857796,0.6,0.0,0.5179329173124909,1.0,0.1054616548033664,6.413439987227321e-05,0.10552578920323867
ray_gpis_pointwise,green_Pepper,10,1,0.6744,0.8035036816275863,7.413547287924592,0.14018991344877185,0.08264794847820536,0.4462499999999999,0.6051658800088389,0.4126435963431709,0.1188554570032537,0.023195540751009498,0.08252871926863417,0.09641190922097996,0.3,1.0,0.013883189952345786,0.4,0.0,0.6530575501406312,1.0,0.1109399196022423,6.215920147951692e-05,0.11100207880372182
ray_gpis_pointwise,green_Pepper,11,1,0.8376333333333333,0.9116435995574018,4.736089321552765,0.14705919968419753,0.08958939029891175,0.6240266666666666,0.7506014401959464,0.5271959838434623,0.12371799353626008,0.02408451243821117,0.10543919676869247,0.1080875410773956,0.5,1.0,0.002648344308703132,0.8,0.0,0.3046683666170748,0.75,0.10937491939694155,6.953180418349803e-05,0.10944445120112505
ray_gpis_pointwise,green_Pepper,12,1,0.8532,0.9207856680336715,4.982021888965202,0.15249360742657336,0.0895466646839906,0.59787,0.72730899246697,0.5537497700394957,0.12956727279204866,0.02523091986943001,0.11074995400789914,0.11270051517684529,0.6,1.0,0.0019505611689461632,0.8,0.0,0.4669525207642836,0.75,0.1100084375939332,6.433400267269462e-05,0.11007277159660589
ray_gpis_pointwise,green_Pepper,13,1,0.8210666666666666,0.8990509598203206,4.947767276321062,0.14381120009398485,0.08599178576845383,0.5378999999999999,0.6812382556414625,0.49939236598696946,0.12170142192886123,0.023727556206902464,0.09987847319739389,0.09987847319739389,0.9,1.0,0.0,1.0,0.0,0.5513326569499979,1.0,0.11286834240017925,6.763459532521665e-05,0.11293597699550446
ray_gpis_pointwise,green_Pepper,14,1,0.8728666666666667,0.8922256912891872,5.248668731857872,0.1501812641755298,0.08792304499955195,0.5094333333333333,0.6166622097065131,0.5551046891274445,0.12661335640397556,0.024639351486920168,0.1110209378254889,0.1110209378254889,0.8,1.0,0.0,1.0,0.0,0.6241962927206631,1.0,0.11085655800125097,6.595280137844384e-05,0.11092251080262941
ray_gpis_uncertainty_only,Bowl,0,1,0.5537,0.7041673074602876,6.824353429992272,0.3911509873125148,0.2515591272741772,0.37798000000000004,0.5287098834567666,0.3334952097006134,0.3173933777311898,0.05661962200802715,0.06669904194012269,0.07896531506857606,-0.2,1.0,0.012266273128453376,0.2,0.0,0.8995478432628565,1.0,0.11428287320013623,6.830799975432456e-05,0.11435118119989056
ray_gpis_uncertainty_only,Bowl,1,1,0.5543,0.6866486212468427,7.705897562968416,0.28855396430098273,0.2273378524897161,0.42513666666666666,0.5536971247973528,0.38434541259990695,0.20098558763950658,0.03579169470456335,0.0768690825199814,0.09591742668311165,-0.17320508075688773,1.0,0.01904834416313026,0.4,0.0,0.7713755262077062,0.75,0.11438521340023726,7.010579865891486e-05,0.11445531919889618
ray_gpis_uncertainty_only,Bowl,2,1,0.7524333333333333,0.8587297662298138,5.465466488694966,0.41885923165332006,0.30315763516463107,0.5244766666666667,0.666691631815913,0.512533514851644,0.3372252275998871,0.0591378356673399,0.1025067029703288,0.11579168956535582,0.17320508075688776,1.0,0.013284986595027004,0.4,0.0,0.8921109674406739,0.5,0.11481580300314817,6.918259896337986e-05,0.11488498560211155
ray_gpis_uncertainty_only,Bowl,3,1,0.6478333333333334,0.7548997847460083,7.2035095415410835,0.3509017067093751,0.24793000106105456,0.41753999999999997,0.5335739974241334,0.6281035577146445,0.29894311437166615,0.055357409450651894,0.12562071154292892,0.14409185467752517,0.27320508075688776,1.0,0.018471143134596257,0.6,0.0,0.8849296104844377,0.5,0.1113394550018711,6.750560423824936e-05,0.11140696060610936
ray_gpis_uncertainty_only,Bowl,4,1,0.8523,0.8523492591454961,5.7808200092048265,0.5298106508671906,0.3339842877543338,0.5929133333333334,0.6984010766331148,0.41293916212882376,0.4628482954988943,0.08102974894587062,0.08258783242576476,0.09422043398712769,0.5732050807568878,1.0,0.011632601561362943,0.6,0.0,0.8533515016332807,1.0,0.11206810639996548,6.693780305795371e-05,0.11213504420302342
ray_gpis_uncertainty_only,Bowl,5,1,0.7340333333333333,0.8455366571688238,5.585086926922951,0.46982027633455353,0.2896495750454003,0.47719666666666666,0.6291737275173833,0.5901284226956904,0.3940737924076223,0.06896217121640671,0.11802568453913809,0.1192103929821819,0.5732050807568878,1.0,0.0011847084430437916,0.8,0.0,0.7066716838750098,1.0,0.12671638499887194,9.087099751923234e-05,0.12680725599639117
ray_gpis_uncertainty_only,Bowl,6,1,0.7089666666666666,0.8280506318025617,5.839306374754266,0.4122887040763033,0.2888428127068708,0.42164999999999997,0.5711375447053249,0.5900616737384244,0.35165958532839015,0.06375487504416036,0.11801233474768488,0.14411747326422825,0.22679491924311224,1.0,0.02610513851654337,0.4,0.0,0.8358080663625729,0.25,0.11182270860299467,7.441320340149105e-05,0.11189712180639617
ray_gpis_uncertainty_only,Bowl,7,1,0.6196,0.7630828800602747,6.755237837545179,0.2919174946180534,0.2040687219821289,0.4291266666666667,0.5891198714987202,0.43196155180179996,0.195768551791886,0.03447273466777506,0.08639231036035999,0.11053455709775953,-0.1,1.0,0.02414224673739953,0.4,0.0,0.854354779361536,0.75,0.1165527701989049,6.287540309131145e-05,0.11661564560199622
ray_gpis_uncertainty_only,Bowl,8,1,0.559,0.7115104818131788,7.583262574220315,0.3946607284404936,0.2551923800652006,0.36257,0.5224253664465482,0.33960046091935736,0.3091509944454624,0.05417717512071883,0.06792009218387147,0.11057668218992231,2.2204460492503132e-17,1.0,0.04265659000605084,0.0,0.0,0.918930846148107,0.75,0.1250982027966529,7.087500125635415e-05,0.12516907779790926
ray_gpis_uncertainty_only,Bowl,9,1,0.6551,0.7868292232459476,6.498933460885855,0.3936742670187679,0.2860233126490509,0.4213333333333333,0.5745615185088346,0.4813613537928165,0.3064244341811682,0.05357542243833513,0.0962722707585633,0.14245964455633933,0.16666666666666666,0.6,0.04618737379777603,0.4,0.0,0.8694628144099289,0.75,0.1109958388027735,6.27585977781564e-05,0.11105859740055166
ray_gpis_uncertainty_only,Bowl,10,1,0.5405666666666666,0.6765311512912449,8.438677382687146,0.40804747009134595,0.2559886997372039,0.32179333333333326,0.46588740600396983,0.4455555343439913,0.36121280288495516,0.06694587288813063,0.08911110686879826,0.13946250934897714,0.3,1.0,0.05035140248017891,0.2,0.0,0.8560008355341928,0.75,0.11239557579974643,6.260320078581572e-05,0.11245817900053226
ray_gpis_uncertainty_only,Bowl,11,1,0.5865333333333334,0.6951492627413655,8.268128127265184,0.4058865846989985,0.29731942266490846,0.44535,0.5803665600939059,0.44370062358421003,0.32834836565118314,0.05808849675908484,0.088740124716842,0.1168770517309023,0.17320508075688776,1.0,0.028136927014060297,0.6,0.0,0.7307533004174878,0.5,0.10852441579918377,6.576339656021446e-05,0.10859017919574399
ray_gpis_uncertainty_only,Bowl,12,1,0.7000333333333333,0.8196784579780799,6.371313969027699,0.43150499743388393,0.26964119328279007,0.47958333333333336,0.6369191526564726,0.3307850917362021,0.35060195451421056,0.061384680910809106,0.06615701834724041,0.09476066307426356,0.2,1.0,0.028603644727023148,0.6,0.0,0.9003771486161256,0.75,0.12215224179963116,6.412779621314257e-05,0.1222163695958443
ray_gpis_uncertainty_only,Bowl,13,1,0.5923333333333334,0.6808089263308073,8.414143592822185,0.3799594170424781,0.2599758534545789,0.40519,0.5379880214653789,0.33238204973084584,0.2860306606819711,0.04968017751641175,0.06647640994616917,0.10927738809503325,0.6830127018922194,0.8,0.04280097814886406,0.2,0.0,0.871225816897996,0.25,0.11584268680016976,6.491840176749974e-05,0.11590760520193726
ray_gpis_uncertainty_only,Bowl,14,1,0.5610666666666667,0.7118110180577994,7.323564697267153,0.2954342762768343,0.220965216338248,0.4849366666666667,0.6436656716625337,0.2635686629531325,0.19672396740831097,0.03450992158287959,0.052713732590626505,0.06750459617884863,-0.8928203230275511,1.0,0.014790863588222125,0.0,0.0,0.9124368592348245,0.75,0.11797143940348179,6.769040192011744e-05,0.1180391298054019
ray_gpis_uncertainty_only,Corner,0,1,0.7018333333333333,0.8241962626630959,6.526668576483986,0.0790709663918598,0.047631770958068045,0.48285,0.6289646219921943,0.5665589064080139,0.06536222233902364,0.012880705165545268,0.1133117812816028,0.1133117812816028,0.6,1.0,0.0,1.0,0.0,0.828211331740645,0.75,0.10668697499786503,6.884540198370814e-05,0.10675582039984874
ray_gpis_uncertainty_only,Corner,1,1,0.6862333333333334,0.7837734891288495,7.409559182466251,0.07727030930192218,0.04659105858291642,0.4709966666666666,0.6224151069765673,0.3623054544011462,0.062306072603738,0.012262351588838564,0.07246109088022924,0.07246109088022924,0.7,1.0,0.0,1.0,0.0,0.841578263451553,1.0,0.12246859119622969,6.0428600409068164e-05,0.12252901979663874
ray_gpis_uncertainty_only,Corner,2,1,0.8339,0.8742891272122957,5.519285366363941,0.07879381481246388,0.046219437879202366,0.5779433333333334,0.7088328786895717,0.5332141438015459,0.06732237341561753,0.013298868767570004,0.10664282876030917,0.10698429895117019,0.5,1.0,0.00034147019086101517,0.8,0.0,0.7969410554063359,1.0,0.10524094640277326,6.607559917028993e-05,0.10530702200194356
ray_gpis_uncertainty_only,Corner,3,1,0.836,0.9089951387172334,4.58368510149456,0.0760925096800801,0.045889024242541834,0.60968,0.7431804670771103,0.4581818157118112,0.062995546317393,0.01242300543411285,0.09163636314236225,0.09244741995350972,0.7,1.0,0.0008110568111474814,0.8,0.0,0.8090681202082828,1.0,0.10941235440259334,6.261779635678977e-05,0.10947497219895012
ray_gpis_uncertainty_only,Corner,4,1,0.6994666666666667,0.7757224737180174,6.672388312753803,0.07976523792927431,0.04600309664211185,0.47423000000000004,0.6134009491300684,0.3597972420470825,0.06586735359941567,0.012977477813529658,0.07195944840941651,0.08624021491077452,0.4,1.0,0.014280766501358011,0.6,0.0,0.8745747382462952,0.75,0.11361855760333128,6.928840011823922e-05,0.11368784600344953
ray_gpis_uncertainty_only,Corner,5,1,0.8374,0.8604148600222952,5.96683740958497,0.08308621425226993,0.0488654280614782,0.6312633333333334,0.7436020594488664,0.5473718707344721,0.07106411642990837,0.014028883839892748,0.10947437414689443,0.11360458843034316,0.4732050807568878,1.0,0.00413021428344873,0.8,0.0,0.32752289242574384,0.5,0.11195209459401667,6.007979973219335e-05,0.11201217439374886
ray_gpis_uncertainty_only,Corner,6,1,0.9095666666666666,0.9509087802878146,4.601097179332467,0.08384016308246452,0.050268865800980354,0.6631066666666667,0.7826708878173838,0.4355795545436233,0.06853309717608137,0.013481374580662137,0.08711591090872466,0.08711591090872466,0.9,1.0,0.0,1.0,0.0,0.7903814634090192,0.75,0.113939165204647,6.745279533788562e-05,0.11400661799998488
ray_gpis_uncertainty_only,Corner,7,1,0.7883666666666667,0.8816611060371661,4.665144470329225,0.0818144209218422,0.048056227602892104,0.5046733333333334,0.6468733832892151,0.4781275935448158,0.06805801383846435,0.013410681732360142,0.09562551870896316,0.10780176667851657,0.3,1.0,0.0121762479695534,0.6,0.0,0.788489513891371,1.0,0.10561620580265299,7.66435929108411e-05,0.10569284939556382
ray_gpis_uncertainty_only,Corner,8,1,0.7532666666666666,0.8457918884083718,5.470644381497644,0.07747976803290865,0.04480063869886188,0.44071,0.5875844041471826,0.47635959773250147,0.06441985270327717,0.012704121101933797,0.0952719195465003,0.12132091792591551,0.4,1.0,0.0260489983794152,0.6,0.0,0.8715063631053191,0.5,0.12224785020225681,7.199240208137781e-05,0.12231984260433819
ray_gpis_uncertainty_only,Corner,9,1,0.8557,0.918276073444514,4.9040913536605615,0.079589981872138,0.048932726089015874,0.5848133333333334,0.7147773917520592,0.45127385059773717,0.06528623690118658,0.012857434834490311,0.09025477011954744,0.09960595614384042,0.5915063509461097,0.8,0.00935118602429299,0.6,0.0,0.8300359853315746,0.75,0.10259401040093508,6.843720038887113e-05,0.10266244760132395
ray_gpis_uncertainty_only,Corner,10,1,0.7017,0.8242156893895402,6.054664391871033,0.07899626773121995,0.04608299444458643,0.45866666666666667,0.6150463338496441,0.3899368344536042,0.0638502402624409,0.012563440619682948,0.07798736689072085,0.08482218865788314,0.4732050807568878,1.0,0.006834821767162302,0.8,0.0,0.9074069551507318,1.0,0.12599223839933985,6.737179937772453e-05,0.12605961019871756
ray_gpis_uncertainty_only,Corner,11,1,0.7406333333333334,0.8509929336065417,5.306775988222338,0.07903361650189053,0.04586520791793931,0.47679,0.6327817288383519,0.38709124389840044,0.0651573360679595,0.012838035419667566,0.0774182487796801,0.09180877480208646,0.5,1.0,0.01439052602240638,0.2,0.0,0.8714480439630162,0.5,0.11704559719655663,6.538779707625509e-05,0.11711098499363289
ray_gpis_uncertainty_only,Corner,12,1,0.6956666666666667,0.8200483821357416,6.175574926839215,0.0760462619583237,0.046895759786833156,0.51934,0.6747372805476788,0.43139224291563205,0.06218418730534266,0.012253005660624735,0.08627844858312642,0.08627844858312642,0.7732050807568878,1.0,0.0,1.0,0.0,0.8227395815984835,0.5,0.11815603019786067,6.434980023186653e-05,0.11822037999809254
ray_gpis_uncertainty_only,Corner,13,1,0.8463333333333334,0.8498988934153151,6.33801511095388,0.07848865406345934,0.04751631779163343,0.6253233333333333,0.6937658803029958,0.4143136719202561,0.06411182440748102,0.012625391610013892,0.08286273438405121,0.09061876257578841,0.2,1.0,0.007756028191737196,0.6,0.0,0.58119130782859,1.0,0.10801147559832316,6.260420195758343e-05,0.10807407980028075
ray_gpis_uncertainty_only,Corner,14,1,0.6802,0.7554987643203921,8.503265405703083,0.07979277472572012,0.04699751705674764,0.49275,0.6187556234888026,0.4002806936495952,0.06808072350314619,0.013445021526970658,0.08005613872991904,0.08709456248347039,0.6732050807568878,1.0,0.007038423753551348,0.6,0.0,0.832371937411473,0.75,0.10469898299488704,6.812599895056337e-05,0.10476710899383761
ray_gpis_uncertainty_only,Cross,0,1,0.7436666666666667,0.8421263317962965,5.3664206996944595,0.1306089657747208,0.07622432649136596,0.47719000000000006,0.6212624706983142,0.4817841898565812,0.11103082674974446,0.021717109704922015,0.09635683797131625,0.10467072935267865,0.3,1.0,0.008313891381362414,0.8,0.0,0.8307217837388248,1.0,0.09918265000742395,6.777459930162877e-05,0.09925042460672558
ray_gpis_uncertainty_only,Cross,1,1,0.7679,0.8429112325230477,5.81700745184947,0.12789666660720234,0.07612169778734733,0.5436033333333333,0.6746835682835485,0.455554354600132,0.10764818707148946,0.021041105406765955,0.0911108709200264,0.09291153957567558,0.3464101615137755,1.0,0.0018006686556491847,0.6,0.0,0.7044865908016036,0.75,0.10891044220188632,6.381879502441734e-05,0.10897426099691074
ray_gpis_uncertainty_only,Cross,2,1,0.892,0.9048516779864164,5.28493692290111,0.13450852300283972,0.07929479711341816,0.6273666666666667,0.7299389977112781,0.47701392513032165,0.11492029423815883,0.02247538488333522,0.09540278502606434,0.09540278502606434,0.7,1.0,0.0,1.0,0.0,0.8384127871624472,1.0,0.09178792539751157,7.247680041473359e-05,0.09186040219792631
ray_gpis_uncertainty_only,Cross,3,1,0.6973,0.819673179852234,6.022129332040013,0.134268699893254,0.08116191298078931,0.5252266666666667,0.6759128540102737,0.4972909626007311,0.11307622620556032,0.022074868487354994,0.09945819252014622,0.0997126631913673,0.4,1.0,0.00025447067122108535,0.8,0.0,0.7490724944773492,1.0,0.10516905259573832,6.659179634880275e-05,0.10523564439208713
ray_gpis_uncertainty_only,Cross,4,1,0.8075666666666667,0.7708073695436188,7.681615944776158,0.13024651221925687,0.07763092826446441,0.47383333333333333,0.5289598727748624,0.7100296568994895,0.10929211366377109,0.021344191177423043,0.1420059313798979,0.14838621669518012,0.6732050807568878,1.0,0.00638028531528223,0.6,0.0,0.7145669806495507,1.0,0.09804390300123486,6.881880108267069e-05,0.09811272180231753
ray_gpis_uncertainty_only,Cross,5,1,0.8259333333333333,0.9046697579320164,4.899857089460285,0.13038815392999492,0.0770977120006116,0.6112633333333333,0.735391686842006,0.5455831997479607,0.11038792225626964,0.021581236869124415,0.10911663994959213,0.11027820316253514,0.5,1.0,0.0011615632129430065,0.8,0.0,0.619870857615236,0.75,0.09449665839492809,7.322379969991744e-05,0.094569882194628
ray_gpis_uncertainty_only,Cross,6,1,0.7578666666666667,0.8594459631171332,5.5897673765938665,0.13028693773104066,0.07992231347596446,0.5803866666666666,0.714441442092659,0.47870434277924795,0.10960612091257922,0.021412068816106897,0.0957408685558496,0.09897790762464943,0.12679491924311226,1.0,0.0032370390687998405,0.6,0.0,0.8276865381750484,0.75,0.10707373259938321,6.32788025541231e-05,0.10713701140193735
ray_gpis_uncertainty_only,Cross,7,1,0.7129333333333333,0.7776393040614316,7.726335449805442,0.12452992787411962,0.07562388160649043,0.53372,0.6762300262868612,0.3895026180524051,0.10340229768027512,0.020193140529787122,0.07790052361048103,0.08911486402935663,0.37320508075688774,1.0,0.011214340418875613,0.6,0.0,0.7398217488502888,1.0,0.11238396619737615,7.950120198074728e-05,0.11246346739935689
ray_gpis_uncertainty_only,Cross,8,1,0.6945333333333333,0.8027164433297155,6.255353060606488,0.12598445519116677,0.07466684314400564,0.4960633333333334,0.6233205360033681,0.5609042765673463,0.10697987801974079,0.020940642673015424,0.11218085531346926,0.14241259708330925,-0.125,0.8,0.030231741769839983,0.4,0.0,0.7869849260052143,0.75,0.09816069799708202,7.243519939947873e-05,0.0982331331964815
ray_gpis_uncertainty_only,Cross,9,1,0.8536666666666667,0.9210573637834921,4.649975213789917,0.129068205713073,0.07730651548300847,0.6114166666666666,0.7422280633513563,0.4901360530797603,0.10867972471210975,0.021238746670618456,0.09802721061595207,0.1055049401831234,0.37320508075688774,1.0,0.007477729567171343,0.6,0.0,0.7129834315691079,1.0,0.10590712720004376,6.573199934791773e-05,0.10597285919939167
ray_gpis_uncertainty_only,Cross,10,1,0.8103333333333333,0.8952310808322592,5.09832169954088,0.1279568758634116,0.07511518928692432,0.54306,0.6846137893016938,0.43788547482619145,0.10740994897229401,0.02098748632864684,0.08757709496523829,0.09322625818713969,0.6,1.0,0.005649163221901399,0.6,0.0,0.7874775238031213,1.0,0.11009510419971776,6.725479906890541e-05,0.11016235899878665
ray_gpis_uncertainty_only,Cross,11,1,0.7434666666666667,0.80800646169201,6.393989274858368,0.12874937119803798,0.07707122849341941,0.40859000000000006,0.5229921863370384,0.7002763863323388,0.10669272714644325,0.02081167554317527,0.14005527726646777,0.15062401634764477,0.5,1.0,0.010568739081177003,0.6,0.0,0.9173327585793534,1.0,0.0954506392008625,6.639580242335796e-05,0.09551703500328586
ray_gpis_uncertainty_only,Cross,12,1,0.7045,0.8008350518638739,6.269314807213822,0.12335357852411097,0.07528931227370127,0.5142033333333333,0.6551735294749215,0.4005790928173214,0.10243980466996483,0.020010577262195267,0.08011581856346428,0.08658222008808224,0.5,1.0,0.006466401524617959,0.4,0.0,0.6958691857850927,1.0,0.1129405548039358,7.472900324501097e-05,0.11301528380718082
ray_gpis_uncertainty_only,Cross,13,1,0.7393666666666666,0.8495136432746148,5.359173953803124,0.12826057390275739,0.07515097367495327,0.47673333333333334,0.6276700421208001,0.48791783758935214,0.10939178833798957,0.021414833938607342,0.09758356751787042,0.10368074790929202,0.8,1.0,0.006097180391421597,0.8,0.0,0.8348843224951477,0.75,0.10634879560384433,6.519040034618229e-05,0.10641398600419053
ray_gpis_uncertainty_only,Cross,14,1,0.7609,0.8642171616786871,5.925223675604929,0.1304825545925071,0.07667568086380976,0.50258,0.6608026425304621,0.44503655306322143,0.11117771279043587,0.021752596037006196,0.08900731061264429,0.10334314397338173,0.4,1.0,0.01433583336073745,0.6,0.0,0.8881464941727099,1.0,0.10518557780305855,5.795140168629587e-05,0.10524352920474485
ray_gpis_uncertainty_only,Cube,0,1,0.5869,0.7396811393282501,7.430820111188277,0.13573945837257617,0.07685046937989522,0.31166666666666665,0.45739604144600265,0.4491315510208909,0.11536928598907759,0.02254254120208136,0.08982631020417818,0.1549327634508698,0.2,1.0,0.0651064532466916,0.4,0.0,0.5593194151670191,0.75,0.0980425660032779,6.90315995598212e-05,0.09811159760283772
ray_gpis_uncertainty_only,Cube,1,1,0.6642666666666667,0.798269508091652,7.549807999603358,0.15136699821361338,0.09056550278184652,0.49844,0.6593596801916763,0.262255453826573,0.12534193006823915,0.024322487157023058,0.0524510907653146,0.058252883703728206,-0.1,1.0,0.005801792938413608,0.6,0.0,0.9317588094159308,1.0,0.11058954020263627,6.435179384425282e-05,0.11065389199648053
ray_gpis_uncertainty_only,Cube,2,1,0.8071,0.876354398228804,5.594270002979087,0.13802155386335407,0.07879273502855047,0.46496666666666664,0.5826295903089933,0.6936255556822772,0.11850849202669084,0.023177027773308313,0.13872511113645544,0.15312810207863797,0.0,1.0,0.014402990942182526,0.6,0.0,0.8702554394953764,1.0,0.10208459440036677,7.023919897619635e-05,0.10215483359934296
ray_gpis_uncertainty_only,Cube,3,1,0.7974333333333333,0.8347425582235933,6.030703166092116,0.15455305037763434,0.09175706378194542,0.5352466666666666,0.6243420261595436,0.45360773373555946,0.13082009689011165,0.025449610942296287,0.09072154674711189,0.09562038999423081,0.3,1.0,0.004898843247118911,0.8,0.0,0.7282929422905354,0.75,0.10373738020134624,6.800419942010194e-05,0.10380538440076634
ray_gpis_uncertainty_only,Cube,4,1,0.7562666666666666,0.7933987074994823,7.485874532937473,0.15461898226870655,0.09616259175744427,0.6148000000000001,0.7146336011142939,0.34475192515034103,0.1290208654650286,0.025045787259561213,0.0689503850300682,0.08275294880152002,0.5464101615137755,1.0,0.013802563771451814,0.8,0.0,0.5860157524906907,1.0,0.10670917159877717,6.663800159003585e-05,0.10677580960036721
ray_gpis_uncertainty_only,Cube,5,1,0.6391333333333333,0.7769439904983795,7.542759105542653,0.1388155802551593,0.07767758340857285,0.37202999999999997,0.5247530794537134,0.5253485713183812,0.12027481549073127,0.02354798953404565,0.10506971426367624,0.11073633864068415,0.8,1.0,0.005666624377007911,0.8,0.0,0.9182508263728264,1.0,0.10977108419756405,7.810719835106283e-05,0.10984919139591512
ray_gpis_uncertainty_only,Cube,6,1,0.9242333333333334,0.9599295867169941,4.2545748491002415,0.1602850715799611,0.09717720015732091,0.6703033333333334,0.7860412409606105,0.4830814957340534,0.1341663998947389,0.026023829260099985,0.09661629914681068,0.1013096979686754,0.2,1.0,0.004693398821864703,0.6,0.0,0.7688821495262387,1.0,0.109592352603795,6.878639978822321e-05,0.10966113900358324
ray_gpis_uncertainty_only,Cube,7,1,0.7392666666666666,0.8118742590825766,6.070661563927834,0.1479042844084706,0.08843911267596892,0.4188366666666667,0.5306881056784064,0.6666087094863002,0.12407764706804573,0.0241405031195894,0.13332174189726004,0.15350652778664675,0.5,1.0,0.020184785889386696,0.6,0.0,0.7810574049778838,1.0,0.10479816099395975,8.125739695969969e-05,0.10487941839091945
ray_gpis_uncertainty_only,Cube,8,1,0.6821333333333334,0.7785525246212097,7.0663873130834585,0.1444373745007051,0.08418774871447232,0.44632000000000005,0.5920219231191343,0.47672981433025535,0.12258098744333004,0.023905502377414675,0.09534596286605107,0.09699971106951742,0.7,1.0,0.0016537482034663542,0.8,0.0,0.8301738384157424,1.0,0.1066315763950115,7.13384011760354e-05,0.10670291479618754
ray_gpis_uncertainty_only,Cube,9,1,0.8980666666666667,0.9310555868935053,4.542534234306209,0.15898095479469312,0.09426247390136269,0.6359366666666666,0.7482864489822154,0.49937042374425766,0.13362661413016322,0.025943208612516654,0.09987408474885154,0.10958354299167623,0.3,1.0,0.009709458242824699,0.6,0.0,0.7034579731569313,0.75,0.10358837780368049,7.103300013113766e-05,0.10365941080381162
ray_gpis_uncertainty_only,Cube,10,1,0.7493333333333333,0.8464512960080995,6.030197927758692,0.14351494828652034,0.08563057912615919,0.42695,0.5786503150883152,0.45425831121516025,0.1183640504229003,0.022997483234684996,0.09085166224303205,0.09628741603718047,0.5,1.0,0.005435753794148413,0.8,0.0,0.9172873157166694,1.0,0.10229401759570464,6.734399648848921e-05,0.10236136159219314
ray_gpis_uncertainty_only,Cube,11,1,0.6541333333333333,0.7614866064300196,7.432308070093832,0.1402837612911659,0.08502465956606901,0.48812,0.645971824061321,0.27725055145831384,0.11417868537015304,0.022162769918934594,0.05545011029166277,0.06841541163606636,0.37320508075688774,1.0,0.012965301344403591,0.4,0.0,0.9081445826879433,0.5,0.11127691319561564,6.557839515153319e-05,0.11134249159076717
ray_gpis_uncertainty_only,Cube,12,1,0.7874666666666666,0.8777110837218797,5.551011498953145,0.15421874150084525,0.09307589390555553,0.6049566666666667,0.7366440275786097,0.4660631684339909,0.1292722383431123,0.02511371320624651,0.09321263368679819,0.10052987972540714,0.4,1.0,0.007317246038608949,0.8,0.0,0.6014614410487797,1.0,0.10187475259881466,6.263060204219073e-05,0.10193738320085685
ray_gpis_uncertainty_only,Cube,13,1,0.8982333333333333,0.9463887474318227,4.358299430585179,0.14039555125625508,0.08850840611707193,0.6850066666666667,0.7875850468493397,0.5859569944601053,0.11682502662699332,0.022741430778916872,0.11719139889202104,0.11767134515000185,0.5,1.0,0.00047994625798082337,0.8,0.0,0.5831851818584876,0.75,0.11187951920146588,5.870379391126335e-05,0.11193822299537715
ray_gpis_uncertainty_only,Cube,14,1,0.6895333333333333,0.7891337704653845,6.19019599250712,0.1461039315701875,0.08823336032726711,0.4742966666666667,0.6099928756863747,0.3636476393083792,0.12311379239829699,0.0239772007786306,0.07272952786167583,0.10257805683377574,0.17320508075688773,1.0,0.029848528972099907,0.4,0.0,0.6666569661825859,0.5,0.10372396179591306,6.809220067225397e-05,0.10379205399658531
ray_gpis_uncertainty_only,Cylinder,0,1,0.6439,0.7350141135494641,8.89517641590821,0.25581232713230156,0.14537103659274214,0.46280666666666664,0.5764976772904407,0.4127257149251876,0.22899693896782505,0.04420649092524949,0.08254514298503753,0.09632539305654221,0.10000000000000002,1.0,0.013780250071504685,0.2,0.0,0.6663833344513164,0.5,0.10982890839804896,6.588080141227693e-05,0.10989478919946123
ray_gpis_uncertainty_only,Cylinder,1,1,0.9114666666666666,0.951704203982405,4.36004384219881,0.26073823251598693,0.16973494848491869,0.6461,0.7717059948404944,0.4731566839499473,0.23109241714682874,0.04443649472624338,0.09463133678998946,0.09463133678998946,1.0,1.0,0.0,1.0,0.0,0.7724259084101535,1.0,0.1126550443994347,7.125319971237331e-05,0.11272629759914707
ray_gpis_uncertainty_only,Cylinder,2,1,0.6916,0.7377832788641011,7.640495445593693,0.24375039757865685,0.16188925757396738,0.40079666666666663,0.5045089703487473,0.3997871014728931,0.2145773311809964,0.041321450942653284,0.07995742029457861,0.11417454402835989,-0.02679491924311226,1.0,0.034217123733781274,0.2,0.0,0.845762571960712,0.5,0.10776177300140262,6.976719887461514e-05,0.10783154020027723
ray_gpis_uncertainty_only,Cylinder,3,1,0.7671666666666667,0.8676253370095333,5.553731592878596,0.24510092123560684,0.16130483181449437,0.51141,0.6517196717367022,0.6232433145376232,0.2112055539825413,0.04042596368073687,0.12464866290752463,0.1362997113238342,0.27320508075688776,1.0,0.011651048416309573,0.6,0.0,0.7928084474436641,1.0,0.10581442179973237,6.575940060429274e-05,0.10588018120033667
ray_gpis_uncertainty_only,Cylinder,4,1,0.8726333333333334,0.9319852613966073,4.910402286964056,0.2588217004931641,0.14875785438025127,0.56304,0.6954078725002745,0.49754299133789887,0.23022857222020449,0.04433534825999599,0.09950859826757977,0.10286135937415179,0.27320508075688776,1.0,0.003352761106572022,0.6,0.0,0.7505452374268802,0.75,0.11655880800099112,8.03947972599417e-05,0.11663920279825106
ray_gpis_uncertainty_only,Cylinder,5,1,0.7033666666666667,0.8080158685264167,6.4239931107471495,0.21946603429281408,0.13319939336363962,0.45399666666666666,0.5986098452582047,0.5256386785573339,0.19091445915781896,0.03683546730106791,0.10512773571146679,0.1201823147671591,0.4732050807568878,1.0,0.015054579055692319,0.6,0.0,0.7459475151467012,0.75,0.10727599619713146,6.935459678061306e-05,0.10734535079391208
ray_gpis_uncertainty_only,Cylinder,6,1,0.8718333333333333,0.92969656345225,4.5031433137296,0.270534651440778,0.18071074559048045,0.5793233333333333,0.7117979685816597,0.48984009665730494,0.2135712955980021,0.039620339062803274,0.09796801933146099,0.10000435117707007,0.6267949192431123,1.0,0.0020363318456090964,0.8,0.0,0.8850090651324045,0.75,0.11041357059730217,7.360399758908898e-05,0.11048717459489125
ray_gpis_uncertainty_only,Cylinder,7,1,0.5829333333333333,0.7009396976755161,8.429543319229348,0.25447887286228554,0.17361527821818842,0.43667999999999996,0.576044057868622,0.37070421096099654,0.200364316795197,0.03736097186075054,0.07414084219219931,0.11886188687492152,0.0,1.0,0.04472104468272222,0.4,0.0,0.7831036426262836,0.75,0.10839782619732433,7.251000206451864e-05,0.10847033619938884
ray_gpis_uncertainty_only,Cylinder,8,1,0.8118333333333333,0.7705367841637799,7.856882933923545,0.24303126416026355,0.12989912615105859,0.4885400000000001,0.5575344488057896,0.670573370686389,0.2157184584087198,0.04164120155821373,0.1341146741372778,0.1341146741372778,0.7732050807568878,1.0,0.0,1.0,0.0,0.8466463932736065,1.0,0.09995830419647973,6.899760337546468e-05,0.1000273017998552
ray_gpis_uncertainty_only,Cylinder,9,1,0.8464666666666667,0.9130622307482179,5.389554746120684,0.23125256745503092,0.11970378047311517,0.5095,0.6560907321172621,0.44790311890947854,0.20179360283401815,0.038869223457349146,0.08958062378189571,0.09323206878293211,0.4732050807568878,1.0,0.003651445001036402,0.6,0.0,0.8913912719498223,0.75,0.11164593659632374,6.64020044496283e-05,0.11171233860077337
ray_gpis_uncertainty_only,Cylinder,10,1,0.8268333333333333,0.9052093787063225,4.877211879918408,0.2523630549230524,0.13412667394548977,0.55518,0.6950973941144417,0.4774128218318629,0.22297970261194763,0.04290952610513521,0.09548256436637258,0.10139744692504182,0.5,1.0,0.005914882558669255,0.6,0.0,0.6958105014410834,0.75,0.114520405602525,6.498139991890639e-05,0.11458538700244389
ray_gpis_uncertainty_only,Cylinder,11,1,0.8577333333333333,0.9206545048959647,5.486571689055952,0.25922661725142576,0.16142005012951177,0.5284566666666667,0.6745343311570116,0.47188385415525264,0.22944414783768594,0.04411519737826454,0.09437677083105053,0.10066857933728764,0.27320508075688776,1.0,0.006291808506237118,0.6,0.0,0.8630813860335009,1.0,0.11358466359670275,6.481140153482556e-05,0.11364947499823756
ray_gpis_uncertainty_only,Cylinder,12,1,0.5543666666666667,0.7124060822786533,8.641715374772918,0.2469569498950583,0.13240825642266102,0.38464666666666664,0.5450395693027639,0.46499845850181676,0.21783708047361477,0.04194540431682348,0.09299969170036335,0.1073356602339586,0.8732050807568876,1.0,0.014335968533595245,0.8,0.0,0.8261730504880762,0.75,0.1087428403989179,6.914820114616305e-05,0.10881198860006407
ray_gpis_uncertainty_only,Cylinder,13,1,0.7748,0.8731124633761551,5.062051382644593,0.24792680320860894,0.15293808227610045,0.4219366666666667,0.5742757874148307,0.5917684743755536,0.2207874120425756,0.04261951034990997,0.11835369487511072,0.12390280297956532,0.4,1.0,0.005549108104454614,0.6,0.0,0.8577846325904126,1.0,0.09937078659713734,6.940679450053721e-05,0.09944019339163787
ray_gpis_uncertainty_only,Cylinder,14,1,0.8645,0.8987034920482035,5.743024063456439,0.26205646025873996,0.17526895972922282,0.52573,0.6521475418950017,0.5123007381755702,0.2057078781020475,0.03822291460138423,0.10246014763511405,0.10262131436709487,0.4,1.0,0.00016116673198083298,0.8,0.0,0.8411481408209539,0.75,0.1072176823974587,6.679619546048343e-05,0.10728447859291919
ray_gpis_uncertainty_only,L_Shaped,0,1,0.6481,0.7518992520364697,7.923142898359461,0.14448672839021925,0.08392182661704656,0.37207666666666667,0.49363660201952386,0.644769674047996,0.12529203806138164,0.024508523084890273,0.1289539348095992,0.1700521949519955,0.17320508075688773,1.0,0.041098260142396315,0.6,0.0,0.916049314100393,0.5,0.08782138360256794,5.548979970626533e-05,0.08787687340227421
ray_gpis_uncertainty_only,L_Shaped,1,1,0.6890666666666667,0.7556035852774776,7.926470737531996,0.14759079001713976,0.09118879559256643,0.47154000000000007,0.5703228324617182,0.3501779653300379,0.12266014247244696,0.023834921950537276,0.07003559306600758,0.09014462227383584,0.12679491924311226,1.0,0.020109029207828255,0.6,0.0,0.9003353105028775,0.75,0.0974610273988219,6.361000123433769e-05,0.09752463740005624
ray_gpis_uncertainty_only,L_Shaped,2,1,0.6684666666666667,0.7972626381318593,7.317359800354404,0.14820641289398326,0.08882302206278894,0.4230266666666667,0.5826684418037498,0.42178205113884476,0.12346555126553774,0.023996128149517508,0.08435641022776895,0.08494967200247455,0.4,1.0,0.0005932617747056001,0.6,0.0,0.6674678308614235,0.75,0.09203046859765891,6.973140116315336e-05,0.09210019999882206
ray_gpis_uncertainty_only,L_Shaped,3,1,0.614,0.7603892284727655,8.067378842978432,0.14447936636426112,0.08589839016786167,0.39810333333333336,0.5596613243500533,0.3602612387119463,0.12186667916349493,0.023745701501844726,0.07205224774238926,0.08507644487377151,0.2,1.0,0.013024197131382254,0.4,0.0,0.9141173568148642,1.0,0.10524648300488479,6.352420023176819e-05,0.10531000720511656
ray_gpis_uncertainty_only,L_Shaped,4,1,0.8467666666666667,0.9151748906344962,4.550561858139841,0.15483752164851622,0.0932550943355235,0.6572566666666666,0.7777396275841181,0.4491524945614789,0.13144300873969,0.025580520367976135,0.08983049891229578,0.09920175956746649,0.3267949192431122,1.0,0.00937126065517071,0.6,0.0,0.7939503722056371,0.5,0.10823540720157325,6.771280022803694e-05,0.10830312000180128
ray_gpis_uncertainty_only,L_Shaped,5,1,0.6562,0.7896130490729003,7.2645988776514,0.14725183038500944,0.08944860625006294,0.4198433333333334,0.5744676674479926,0.4514327416362572,0.123916303431943,0.024123129182974455,0.09028654832725144,0.11263951926122402,-0.02679491924311226,1.0,0.022352970933972573,0.2,0.0,0.8523166163238136,0.75,0.10386959700263106,7.210319745354354e-05,0.1039417002000846
ray_gpis_uncertainty_only,L_Shaped,6,1,0.8513666666666667,0.871933453472831,5.731662052793466,0.14365207919314515,0.08685256961953217,0.5200533333333333,0.6323682757901823,0.4802969436216047,0.1209308791178787,0.02356103847443124,0.09605938872432093,0.09963846235133489,0.4732050807568878,1.0,0.003579073627013951,0.8,0.0,0.8059690963814004,1.0,0.10554156080761459,7.034960144665092e-05,0.10561191040906123
ray_gpis_uncertainty_only,L_Shaped,7,1,0.7178,0.8310973797180766,6.567050001242046,0.14170021123828988,0.08483381499011233,0.49261999999999995,0.6367348935548496,0.5348091209450875,0.11966046896959055,0.023332941807012647,0.1069618241890175,0.11844144873410334,0.6464101615137755,1.0,0.011479624545085831,0.6,0.0,0.8038297326322156,0.75,0.10846051639528013,6.921360327396541e-05,0.1085297299985541
ray_gpis_uncertainty_only,L_Shaped,8,1,0.5168333333333334,0.6543885286809356,8.706135821451744,0.13913879354454217,0.08217905667296177,0.3233933333333333,0.46037338322898425,0.46642373567431256,0.11741781802463254,0.02290561639434359,0.09328474713486251,0.12824544954399328,0.07320508075688774,1.0,0.03496070240913078,0.4,0.0,0.8726983937248627,0.0,0.1034281964006368,6.563560164067894e-05,0.10349383200227749
ray_gpis_uncertainty_only,L_Shaped,9,1,0.7791,0.8714061939195975,5.410762382365616,0.14457390623211164,0.08621664490284067,0.5301433333333334,0.6773687533236078,0.4254882494521296,0.11786577280880262,0.022859436696795143,0.08509764989042592,0.08912879389340489,0.2,1.0,0.00403114400297897,0.6,0.0,0.8374143170330927,1.0,0.10540341560263186,6.876540428493171e-05,0.1054721810069168
ray_gpis_uncertainty_only,L_Shaped,10,1,0.7678333333333334,0.8652551655017983,5.388690661084275,0.13814457662214127,0.08203002389687959,0.5092166666666668,0.6519618213963648,0.5523903555084717,0.11537735824878916,0.022481586441169776,0.11047807110169436,0.1150922546690027,0.5732050807568878,1.0,0.004614183567308361,0.6,0.0,0.6671843376844003,1.0,0.10236511740076822,7.359460287261754e-05,0.10243871200364082
ray_gpis_uncertainty_only,L_Shaped,11,1,0.9027,0.9469060837575145,4.839299305203806,0.14836651961390618,0.09051690533068193,0.6417066666666666,0.7614550507826613,0.5295601947015678,0.1256995087079388,0.02448812762888037,0.10591203894031356,0.10687209713871289,0.5,1.0,0.0009600581983993273,0.8,0.0,0.7105869552590262,0.5,0.10786087479791603,7.128140132408589e-05,0.10793215619924013
ray_gpis_uncertainty_only,L_Shaped,12,1,0.6648333333333334,0.6667907921396008,9.270248457176034,0.143951696019992,0.08803977913221953,0.4653033333333333,0.5356482611394444,0.27313047943880836,0.12002082823764396,0.023351376885283263,0.05462609588776167,0.08766836602892797,0.2,1.0,0.0330422701411663,0.4,0.0,0.787728277629183,0.5,0.10540323080203962,6.31034024991095e-05,0.10546633420453873
ray_gpis_uncertainty_only,L_Shaped,13,1,0.5636333333333333,0.7179962295750757,9.126597842786273,0.13481304554779416,0.08371613543359244,0.3860833333333334,0.5493591244731831,0.3063903631060758,0.10886868123088154,0.02113981649292216,0.061278072621215166,0.07110145084217909,0.1,1.0,0.00982337822096393,0.4,0.0,0.9328843779713356,1.0,0.11247238780197222,7.17718037776649e-05,0.11254415960574989
ray_gpis_uncertainty_only,L_Shaped,14,1,0.8931333333333333,0.94285859076518,4.256700246431906,0.14576160660315615,0.08643655761199656,0.67447,0.7888222113171274,0.4659718342348319,0.11996661937170144,0.02329004659349794,0.09319436684696639,0.09319436684696639,0.5,1.0,0.0,1.0,0.0,0.6483721035259641,1.0,0.09695056279888377,6.544379575643689e-05,0.0970160065946402
ray_gpis_uncertainty_only,Thin_Irregular,0,1,0.6744333333333333,0.7558427896808702,8.010797180942866,0.9975864325395877,0.7551371899685297,0.4295566666666667,0.5425867317233848,0.4652499868076946,0.9954279069302402,0.10509551615402798,0.09304999736153892,0.10610542711585805,0.4,1.0,0.013055429754319137,0.6,0.2,0.7107356297746339,0.75,0.27353790219931395,6.47123990347609e-05,0.2736026145983487
ray_gpis_uncertainty_only,Thin_Irregular,1,1,0.9039,0.9484119656551384,4.603292429332223,1.0,0.8272802685250596,0.6526933333333333,0.7677891843839365,0.5234218094666623,1.0,0.1001717912571352,0.10468436189333245,0.10468436189333245,0.7,1.0,0.0,1.0,0.0,0.6977864191781035,1.0,0.3906646205985453,6.291120371315628e-05,0.39072753180225844
ray_gpis_uncertainty_only,Thin_Irregular,2,1,0.8461,0.8339252273052541,6.969982838118526,0.9994964681940773,0.8533514911968091,0.4603,0.5268111731899873,0.6784721091649024,0.9990293771196371,0.10365365923429656,0.13569442183298047,0.1357269180421113,0.8,1.0,3.249620913079454e-05,0.8,0.2,0.7573308977647019,1.0,0.3830306780029787,5.9775199042633174e-05,0.3830904532020213
ray_gpis_uncertainty_only,Thin_Irregular,3,1,0.7414,0.7858716951381973,7.211485262333058,0.9994935184488256,0.8085736142292426,0.43698333333333333,0.5230030621546513,0.4871788661479231,0.9991742775912293,0.12257468917705543,0.09743577322958462,0.10754935008028166,0.5,1.0,0.010113576850697036,0.8,0.2,0.756192145137066,1.0,0.25994630600034724,5.849000299349427e-05,0.26000479600334075
ray_gpis_uncertainty_only,Thin_Irregular,4,1,0.8529333333333333,0.9157376170619758,5.222997833196252,0.9992896201088315,0.7953931725760237,0.61954,0.7446623364962639,0.3897942208355607,0.9986891048269155,0.10823880843634584,0.07795884416711214,0.07955378377130291,0.42679491924311225,1.0,0.0015949396041907704,0.8,0.0,0.7859365311732525,0.75,0.4033689539995976,6.225279939826578e-05,0.40343120679899586
ray_gpis_uncertainty_only,Thin_Irregular,5,1,0.5993,0.7152215933485159,11.366665995470203,0.8335700534058234,0.6437136382978547,0.3697766666666667,0.48473784952919596,0.6383244601276052,0.6846697714631055,0.07227315568695583,0.12766489202552106,0.14928264782535164,0.4732050807568878,1.0,0.021617755799830586,0.6,0.0,0.9059177903086126,1.0,0.2722017035994213,6.793960346840322e-05,0.2722696432028897
ray_gpis_uncertainty_only,Thin_Irregular,6,1,0.6488666666666667,0.7311484259400363,8.860170094533201,0.9994935184488258,0.752212102878288,0.38643666666666665,0.48154618669854543,0.6589561588520296,0.9989939655583313,0.10058741377688296,0.13179123177040591,0.15599254642155164,0.4,1.0,0.024201314651145733,0.6,0.2,0.7843358266693004,0.75,0.43329193759709594,6.608680705539882e-05,0.4333580244041514
ray_gpis_uncertainty_only,Thin_Irregular,7,1,0.6394666666666666,0.7355473300385313,8.610644602282887,0.996652292141107,0.6878714106283437,0.35427333333333333,0.4682668843050816,0.6517595861812988,0.993369075194571,0.1003030363754823,0.13035191723625977,0.1454250588584723,0.1,1.0,0.015073141622212505,0.4,0.0,0.9047736972187707,1.0,0.2763234571990324,6.302199908532202e-05,0.27638647919811776
ray_gpis_uncertainty_only,Thin_Irregular,8,1,0.5818666666666666,0.6733201845434105,9.550587977841461,0.9541206541306795,0.7180635246790491,0.3775233333333333,0.46374984625239624,0.4891107809500102,0.9162777540098148,0.10042306794662115,0.09782215619000204,0.10710892324278598,0.2,1.0,0.009286767052783928,0.4,0.2,0.9127247469693384,1.0,0.417477041206439,6.677379715256393e-05,0.4175438150035916
ray_gpis_uncertainty_only,Thin_Irregular,9,1,0.8586666666666667,0.9040175204988031,5.256180239814922,0.9998525415442759,0.8597036303088995,0.6536666666666666,0.7603808340263645,0.54695289837394,0.9997699338018206,0.1281583576243625,0.10939057967478802,0.11231599647500193,0.4,1.0,0.002925416800213898,0.8,0.2,0.553985448979153,0.5,0.38480473700037693,6.948079681023955e-05,0.38487421779718717
ray_gpis_uncertainty_only,Thin_Irregular,10,1,0.6293666666666666,0.7696276250584619,8.22546597034509,0.8632801643365682,0.6026210144849851,0.41895999999999994,0.5802601202352214,0.3473363855003088,0.7761104424718829,0.0947875312479488,0.06946727710006176,0.0870042243689512,-0.1,1.0,0.017536947268889436,0.2,0.2,0.866869623781787,1.0,0.27651945560064634,6.639540079049766e-05,0.27658585100143684
ray_gpis_uncertainty_only,Thin_Irregular,11,1,0.7661,0.8374458285390959,6.336951268984632,0.9529680137448059,0.7738962202148599,0.48721000000000003,0.6218735275676267,0.4648734080118094,0.9098758999134837,0.09496521080950196,0.09297468160236187,0.09297468160236187,0.7732050807568878,1.0,0.0,1.0,0.2,0.8936595907327338,1.0,0.43018832899688275,6.389199988916516e-05,0.43025222099677196
ray_gpis_uncertainty_only,Thin_Irregular,12,1,0.7666333333333334,0.8073451558073942,7.347451168276668,0.9998525415442759,0.8793391245549366,0.56602,0.6471025495605554,0.3435363419865163,0.9997331421919383,0.1104851354019348,0.06870726839730326,0.07176678050388327,0.3,1.0,0.0030595121065800203,0.8,0.0,0.7797610009283655,1.0,0.40303538100270087,6.535520078614354e-05,0.403100736203487
ray_gpis_uncertainty_only,Thin_Irregular,13,1,0.7984,0.8866816485169893,5.584652163732883,0.9550135462229644,0.8627523277373703,0.63737,0.7638804426161258,0.4284243316631721,0.9201500434125109,0.10368017508077117,0.08568486633263442,0.08568486633263442,0.9732050807568877,1.0,0.0,1.0,0.2,0.7949502246299106,0.75,0.4123802574031288,6.593599973712117e-05,0.4124461934028659
ray_gpis_uncertainty_only,Thin_Irregular,14,1,0.8195333333333333,0.8956451845669634,5.379821126244251,0.9999016943628507,0.8756077854009103,0.5867833333333333,0.7064354224389687,0.6516228251183405,0.9998396691820147,0.12260883710464687,0.13032456502366807,0.1304268303154817,0.7732050807568878,1.0,0.0001022652918136302,0.8,0.2,0.616189860528287,0.75,0.259502729398082,6.188839906826616e-05,0.2595646177971503
ray_gpis_uncertainty_only,green_Pepper,0,1,0.8822666666666666,0.9374512998512431,4.650805408838711,0.15182842761547943,0.09054443457381701,0.66771,0.7825362951931043,0.5566659807310164,0.12838836051676994,0.02498712790938461,0.11133319614620327,0.12038661555460486,0.3,1.0,0.009053419408401564,0.6,0.0,0.5425224725528528,0.5,0.10533439240534789,6.57519995002076e-05,0.1054001444048481
ray_gpis_uncertainty_only,green_Pepper,1,1,0.7209333333333333,0.8345845859512677,5.94212093371093,0.14187197243990926,0.08449024087923428,0.4530133333333334,0.6070786297002121,0.4277869226480282,0.11887553030392398,0.023154600253027197,0.08555738452960564,0.09629603329867568,0.2,1.0,0.010738648769070047,0.6,0.0,0.8644830829111491,1.0,0.10825921320356428,6.16569974226877e-05,0.10832087020098698
ray_gpis_uncertainty_only,green_Pepper,2,1,0.6964666666666667,0.7986455138177587,7.277079974122177,0.13740848798594107,0.08024320146993782,0.46682000000000007,0.6126609017076877,0.5122457879938026,0.1155777915119978,0.022544983827581553,0.10244915759876053,0.11227987019701191,0.1,1.0,0.00983071259825139,0.4,0.0,0.8048274890823408,1.0,0.10351346880197525,6.897480052430183e-05,0.10358244360249955
ray_gpis_uncertainty_only,green_Pepper,3,1,0.9024333333333333,0.9487148038477039,4.087572292000634,0.14765352673418322,0.08921202413250827,0.6061933333333333,0.7292667641018167,0.58452821206494,0.12346034986349579,0.024010549614709796,0.11690564241298798,0.11690564241298798,0.7,1.0,0.0,1.0,0.0,0.5623368606265141,1.0,0.10113929260114674,6.949740054551512e-05,0.10120879000169225
ray_gpis_uncertainty_only,green_Pepper,4,1,0.8247,0.901460151401026,4.867424911243495,0.14755989897778016,0.08787612734830705,0.6203833333333333,0.7434657398321907,0.486832449662401,0.12482202572040194,0.024315808519400486,0.0973664899324802,0.098969538586305,0.7,1.0,0.00160304865382479,0.8,0.0,0.7684068068423014,1.0,0.10985151040076743,6.958939775358886e-05,0.10992109979852102
ray_gpis_uncertainty_only,green_Pepper,5,1,0.8400333333333333,0.9130631691454865,4.996924461887604,0.14725455836268445,0.08822291650323408,0.5480366666666667,0.6859299938410228,0.5985511179066528,0.12525968261020987,0.024422019025149396,0.11971022358133057,0.11971022358133057,0.9464101615137755,1.0,0.0,1.0,0.0,0.629684814899445,0.5,0.10623215619998519,6.249200087040662e-05,0.10629464820085559
ray_gpis_uncertainty_only,green_Pepper,6,1,0.7934333333333333,0.8549937517312045,5.892576340536997,0.14441331919879466,0.0834892556102259,0.45202333333333333,0.5641682184304817,0.6474442069695928,0.12238336101073244,0.023862258070462293,0.12948884139391856,0.1605643018285275,0.2,1.0,0.03107546043460894,0.4,0.0,0.8535805174636163,0.75,0.10456044139864389,7.331939996220171e-05,0.10463376079860609
ray_gpis_uncertainty_only,green_Pepper,7,1,0.841,0.8870416179807871,5.4513054009476845,0.1508516440712261,0.09087489713908106,0.6124366666666667,0.719924222732009,0.4591626713018928,0.1265561532554988,0.024607179928078947,0.09183253426037856,0.09978932398812204,0.0,1.0,0.007956789727743474,0.6,0.0,0.6809283672297476,0.75,0.1128163905988913,7.264079758897423e-05,0.11288903139648028
ray_gpis_uncertainty_only,green_Pepper,8,1,0.7749333333333334,0.7273799209639918,9.16832344775999,0.14858284547872644,0.08772963510991652,0.4596133333333333,0.5207258554920733,0.4272892591326229,0.12645423477915949,0.024650180686439076,0.08545785182652457,0.09426431355072283,0.5,1.0,0.008806461724198255,0.6,0.0,0.7380038093514361,0.75,0.1094304045982426,8.117800171021372e-05,0.10951158259995282
ray_gpis_uncertainty_only,green_Pepper,9,1,0.7022333333333334,0.7729725726028948,7.361355313992518,0.14284304418675633,0.0838466983826937,0.42513000000000006,0.5402400359395557,0.4467061142230689,0.12197163094525346,0.023814454193356725,0.08934122284461378,0.10005075691847157,0.6,1.0,0.010709534073857796,0.6,0.0,0.8566238026171296,1.0,0.10503213640186004,6.244059768505395e-05,0.1050945769995451
ray_gpis_uncertainty_only,green_Pepper,10,1,0.6744,0.8035036816275863,7.413547287924592,0.14018991344877185,0.08264794847820536,0.4462499999999999,0.6051658800088389,0.4126435963431709,0.1188554570032537,0.023195540751009498,0.08252871926863417,0.09641190922097996,0.3,1.0,0.013883189952345786,0.4,0.0,0.8904104175806958,1.0,0.10665361019782722,6.880880100652575e-05,0.10672241899883375
ray_gpis_uncertainty_only,green_Pepper,11,1,0.8602666666666666,0.9248853211009175,4.660226916078713,0.15011086685446443,0.08989455701593843,0.6262899999999999,0.7519256123502981,0.540437705386978,0.1268531713000989,0.024694845872264552,0.1080875410773956,0.1080875410773956,0.6,1.0,0.0,1.0,0.0,0.5830739401013278,1.0,0.11285756640136242,6.732779729645699e-05,0.11292489419865888
ray_gpis_uncertainty_only,green_Pepper,12,1,0.8532,0.9207856680336715,4.982021888965202,0.15249360742657336,0.0895466646839906,0.59787,0.72730899246697,0.5537497700394957,0.12956727279204866,0.02523091986943001,0.11074995400789914,0.11270051517684529,0.6,1.0,0.0019505611689461632,0.8,0.0,0.7253020472240781,0.75,0.10710498699918389,6.523379997815936e-05,0.10717022079916205
ray_gpis_uncertainty_only,green_Pepper,13,1,0.7789,0.8736722029737816,5.489342294638464,0.14301878993471756,0.0859125447525271,0.5336833333333333,0.6787003799568087,0.47401360914043045,0.12088854897816392,0.023569074175049005,0.09480272182808609,0.09987847319739389,0.9732050807568877,1.0,0.005075751369307801,0.8,0.0,0.8254233692998006,0.75,0.11521040779480245,6.596220191568136e-05,0.11527636999671813
ray_gpis_uncertainty_only,green_Pepper,14,1,0.8728666666666667,0.8922256912891872,5.248668731857872,0.1501812641755298,0.08792304499955195,0.5094333333333333,0.6166622097065131,0.5551046891274445,0.12661335640397556,0.024639351486920168,0.1110209378254889,0.1110209378254889,0.7,1.0,0.0,1.0,0.0,0.8338707375220157,1.0,0.09948369659832679,6.8400998134166e-05,0.09955209759646096
