planner,object,initial_pose_seed,planner_seed,step,selected_action,oracle_action,selected_gain_f@5,oracle_gain_f@5,oracle_regret_f@5,oracle_action_accuracy,score_gain_spearman,minus_x_gain_f@5,minus_y_gain_f@5,plus_z_gain_f@5,minus_x_score,minus_y_score,plus_z_score
ray_gpis_uncertainty_only,green_Pepper,8,0,0,minus_x,minus_x,-0.0009714190870044881,-0.0009714190870044881,0.0,1.0,1.0,-0.0009714190870044881,-0.01758679976587063,-0.04383939566055889,0.00012017430708510801,0.00011871585593326017,0.00011645460472209379
ray_gpis_uncertainty_only,green_Pepper,8,0,1,minus_x,minus_y,0.20209371899560818,0.21389680127087157,0.011803082275263388,0.0,0.5,0.20209371899560818,0.21389680127087157,0.15072154718096786,0.0012970698298886418,0.0008006377029232681,0.0001813826966099441
ray_gpis_uncertainty_only,green_Pepper,8,0,2,minus_x,minus_x,0.16712556156835567,0.16712556156835567,0.0,1.0,0.5,0.16712556156835567,0.08407094475903154,0.09583475588021373,0.0005653222906403244,0.0003465471672825515,0.00015088747022673488
ray_gpis_uncertainty_only,green_Pepper,8,0,3,minus_x,minus_y,-0.04711526503830732,-0.014886038692579429,0.03222922634572789,0.0,-0.5,-0.04711526503830732,-0.014886038692579429,-0.020901192747521224,0.00015820766566321254,0.00014849210856482387,0.00013693253276869655
ray_gpis_uncertainty_only,green_Pepper,8,0,4,minus_y,minus_y,0.10615666269397084,0.10615666269397084,0.0,1.0,1.0,0.05631322335766109,0.10615666269397084,0.09684930476385933,0.00011042335972888395,0.00013729388592764735,0.00012188607797725126
ray_gpis_uncertainty_only,green_Pepper,13,0,0,minus_x,minus_x,0.1604911505932285,0.1604911505932285,0.0,1.0,1.0,0.1604911505932285,0.12537889479714615,0.023717483526329408,0.00012998300371691585,0.00012922118185088038,0.00012747029541060328
ray_gpis_uncertainty_only,green_Pepper,13,0,1,minus_x,minus_x,0.03473093752466272,0.03473093752466272,0.0,1.0,1.0,0.03473093752466272,0.0037908027120718835,0.007117078248810915,0.0006992166745476425,0.00020631233928725123,0.00021044741151854396
ray_gpis_uncertainty_only,green_Pepper,13,0,2,minus_x,minus_x,0.17132532029889902,0.17132532029889902,0.0,1.0,1.0,0.17132532029889902,0.018733625549104183,0.0010807928513238974,0.0010631625773385167,0.00018145347712561488,0.00016299838898703456
ray_gpis_uncertainty_only,green_Pepper,13,0,3,minus_x,minus_x,0.06939407050237201,0.06939407050237201,0.0,1.0,1.0,0.06939407050237201,0.052399357910371314,0.04457774108889401,0.0002271404373459518,0.00011982971773250028,0.00011890584573848173
ray_gpis_uncertainty_only,green_Pepper,13,0,4,minus_y,minus_x,0.03807213022126821,0.06345088706780722,0.025378756846539008,0.0,0.8660254037844387,0.06345088706780722,0.03807213022126821,0.0136223275631846,0.00014655495760962367,0.00014655495760962367,0.00013911555288359523
ray_gpis_uncertainty_only,green_Pepper,4,0,0,minus_x,minus_x,0.1781407531444179,0.1781407531444179,0.0,1.0,1.0,0.1781407531444179,0.06043964945336411,0.03615174703370316,0.0004050416755490005,0.00024291517911478877,0.00020699965534731746
ray_gpis_uncertainty_only,green_Pepper,4,0,1,minus_x,minus_x,0.1037529805108015,0.1037529805108015,0.0,1.0,1.0,0.1037529805108015,0.027588837758863893,0.025702250181505293,0.000568658288102597,0.0001722240704111755,0.0001182241176138632
ray_gpis_uncertainty_only,green_Pepper,4,0,2,minus_x,minus_x,0.18311002583961367,0.18311002583961367,0.0,1.0,0.5,0.18311002583961367,0.08775282458392153,0.02429501996940464,0.0003760514664463699,0.00012649426935240626,0.00015222112415358424
ray_gpis_uncertainty_only,green_Pepper,4,0,3,minus_x,minus_x,0.010731959847324557,0.010731959847324557,0.0,1.0,1.0,0.010731959847324557,0.002616533204260918,0.005219541116078585,0.0001137053404818289,0.00011163035378558561,0.00011305713996989653
ray_gpis_uncertainty_only,green_Pepper,4,0,4,minus_x,plus_z,0.011096730320243386,0.019111973589367337,0.00801524326912395,0.0,0.0,0.011096730320243386,0.01516398147736775,0.019111973589367337,0.00011449882731540129,0.00011379102215869352,0.00011449882731540129
ray_gpis_uncertainty_only,green_Pepper,1,0,0,minus_x,plus_z,0.012895211825320274,0.05018390104973325,0.037288689224412974,0.0,-1.0,0.012895211825320274,0.02979454104169238,0.05018390104973325,0.0004924183594994247,0.00039980950532481074,0.00020694563863798976
ray_gpis_uncertainty_only,green_Pepper,1,0,1,minus_x,minus_x,0.20557188151624517,0.20557188151624517,0.0,1.0,0.5,0.20557188151624517,0.045952499387975354,0.06969767739171878,0.00047707388876006007,0.00023830326972529292,0.00015052984235808253
ray_gpis_uncertainty_only,green_Pepper,1,0,2,minus_x,minus_y,0.0011772167328782945,0.017581771353815556,0.01640455462093726,0.0,-0.5,0.0011772167328782945,0.017581771353815556,0.011225598185276464,0.0003078078734688461,0.0001468809205107391,0.0001192411218653433
ray_gpis_uncertainty_only,green_Pepper,1,0,3,minus_x,minus_x,0.11686044534507545,0.11686044534507545,0.0,1.0,1.0,0.11686044534507545,0.046298494759369535,0.023146505364995185,0.00032516400096938014,0.00014960224507376552,0.00012539903400465846
ray_gpis_uncertainty_only,green_Pepper,1,0,4,minus_x,minus_x,0.09128216722850901,0.09128216722850901,0.0,1.0,1.0,0.09128216722850901,0.030050342065408575,0.011564260963843775,0.00030583346961066127,0.00020028481958433986,0.0001232532667927444
ray_gpis_uncertainty_only,green_Pepper,12,0,0,minus_x,minus_x,0.24686665935560592,0.24686665935560592,0.0,1.0,1.0,0.24686665935560592,0.13856808706186396,0.13472453349881985,0.00012671778677031398,0.00012503954349085689,0.00012100877211196348
ray_gpis_uncertainty_only,green_Pepper,12,0,1,minus_x,minus_x,0.044805778777909255,0.044805778777909255,0.0,1.0,1.0,0.044805778777909255,0.031573332121050846,0.012030663004727549,0.0004281459259800613,0.00027259456692263484,0.00011959129915339872
ray_gpis_uncertainty_only,green_Pepper,12,0,2,minus_x,minus_x,0.14844872152638455,0.14844872152638455,0.0,1.0,1.0,0.14844872152638455,0.058527735193983466,0.05550390457177756,0.0006676783668808639,0.00035938824294134974,0.00011684576020343229
ray_gpis_uncertainty_only,green_Pepper,12,0,3,minus_x,minus_x,0.10570917053530315,0.10570917053530315,0.0,1.0,1.0,0.10570917053530315,0.026344769859728112,0.008340310537038431,0.00019613112090155482,0.0001319480943493545,0.00011315399751765653
ray_gpis_uncertainty_only,green_Pepper,12,0,4,minus_y,plus_z,0.007919439844292775,0.01767224568902359,0.009752805844730816,0.0,-1.0,0.015245819831201546,0.007919439844292775,0.01767224568902359,0.00011578405246837065,0.00011760944471461698,0.00011374259338481352
ray_gpis_uncertainty_only,green_Pepper,7,0,0,minus_x,minus_x,0.18392165294369878,0.18392165294369878,0.0,1.0,0.5,0.18392165294369878,0.035038947518620855,0.03912327616788258,0.0004355592536740005,0.0002432113396935165,0.00019313226221129298
ray_gpis_uncertainty_only,green_Pepper,7,0,1,minus_x,minus_x,0.02952860993055273,0.02952860993055273,0.0,1.0,0.5,0.02952860993055273,-0.024185532088402795,-0.017369307341615237,0.000444119970779866,0.00020297447917982936,0.0001424645888619125
ray_gpis_uncertainty_only,green_Pepper,7,0,2,minus_x,minus_x,0.18157190855595629,0.18157190855595629,0.0,1.0,1.0,0.18157190855595629,0.10173894386258764,0.10505273991679265,0.00017544458387419581,0.00012237409828230739,0.0001370144891552627
ray_gpis_uncertainty_only,green_Pepper,7,0,3,minus_y,plus_z,0.04322878593626156,0.07457474092939387,0.03134595499313231,0.0,-1.0,0.07305927814690172,0.04322878593626156,0.07457474092939387,0.00011011416063411161,0.00011020729289157316,0.00010875815496547148
ray_gpis_uncertainty_only,green_Pepper,7,0,4,minus_y,minus_x,0.02091171393542346,0.02934970758100852,0.008437993645585062,0.0,-1.0,0.02934970758100852,0.02091171393542346,0.02481359317128129,0.00010952183947665617,0.00010989809379680082,0.00010963732347590849
ray_gpis_uncertainty_only,green_Pepper,14,0,0,minus_x,minus_x,0.07836510301093036,0.07836510301093036,0.0,1.0,0.5,0.07836510301093036,0.02426992942072459,0.0680158678167887,0.00014440732775256038,0.00014120544074103236,0.0001323988544754684
ray_gpis_uncertainty_only,green_Pepper,14,0,1,minus_x,minus_x,0.13955946546584813,0.13955946546584813,0.0,1.0,1.0,0.13955946546584813,0.09541721402965925,0.13504466226774475,0.0007062388467602432,0.00012718717334792018,0.00039122457383200526
ray_gpis_uncertainty_only,green_Pepper,14,0,2,minus_x,minus_x,0.1720784567488477,0.1720784567488477,0.0,1.0,1.0,0.1720784567488477,0.061238743668418305,0.04942422732185492,0.00010888854012591764,0.00010820308671100065,0.00010672414646251127
ray_gpis_uncertainty_only,green_Pepper,14,0,3,minus_x,minus_x,0.043857971221168635,0.043857971221168635,0.0,1.0,0.5,0.043857971221168635,0.02612842899318768,0.02546667017396098,0.00018299947259947658,0.00015839393017813563,0.00016487593529745936
ray_gpis_uncertainty_only,green_Pepper,14,0,4,minus_x,minus_x,0.1212436926806496,0.1212436926806496,0.0,1.0,0.5,0.1212436926806496,0.03973074628680673,0.02835644119178171,0.0001358223962597549,0.00012370775220915675,0.00013238395331427455
ray_gpis_uncertainty_only,green_Pepper,2,0,0,minus_x,minus_x,0.22984736849327025,0.22984736849327025,0.0,1.0,1.0,0.22984736849327025,0.16341295987556592,0.09276716595842,0.00013171712635084987,0.0001310093211941421,0.0001278018462471664
ray_gpis_uncertainty_only,green_Pepper,2,0,1,minus_x,minus_y,0.03447754336393305,0.07846903834157071,0.04399149497763766,0.0,-0.5,0.03447754336393305,0.07846903834157071,0.052489338496876314,0.0004884136724285781,0.00027677806792780757,0.0001154022102127783
ray_gpis_uncertainty_only,green_Pepper,2,0,2,minus_x,minus_x,0.15741216508427947,0.15741216508427947,0.0,1.0,1.0,0.15741216508427947,0.10192963340480121,0.06922321622060568,0.000530874531250447,0.00020404363749548793,0.0001418387400917709
ray_gpis_uncertainty_only,green_Pepper,2,0,3,minus_x,plus_z,0.037536551188317446,0.04163826768335355,0.004101716495036101,0.0,-0.5,0.037536551188317446,-0.014325149225741463,0.04163826768335355,0.00033153052208945155,0.00016933883307501674,0.00015431473730131984
ray_gpis_uncertainty_only,green_Pepper,2,0,4,minus_x,minus_y,0.05297215986400239,0.05403251138258558,0.0010603515185831913,0.0,-0.5,0.05297215986400239,0.05403251138258558,0.045540970933566904,0.000129113148432225,0.00010906362876994535,0.00012155825243098661
ray_gpis_uncertainty_only,green_Pepper,6,0,0,minus_x,plus_z,0.13340213637282156,0.2294723739123855,0.09607023753956395,0.0,-1.0,0.13340213637282156,0.22937900540084294,0.2294723739123855,0.0003104323404841125,0.0001721830922178924,0.00013176928041502833
ray_gpis_uncertainty_only,green_Pepper,6,0,1,minus_x,minus_y,0.14819344122030664,0.20492669274596637,0.05673325152565972,0.0,0.5,0.14819344122030664,0.20492669274596637,0.06863037798891031,0.00011361593351466581,0.00011232512042624876,0.00011074373469455168
ray_gpis_uncertainty_only,green_Pepper,6,0,2,minus_x,minus_x,0.17478042358513818,0.17478042358513818,0.0,1.0,1.0,0.17478042358513818,0.06041300836469382,0.04882239695671137,0.0004061369108967483,0.0003905875491909683,0.0001470019924454391
ray_gpis_uncertainty_only,green_Pepper,6,0,3,minus_x,minus_x,0.1316215485370711,0.1316215485370711,0.0,1.0,1.0,0.1316215485370711,0.04831261403430731,0.014499379440403137,0.00016262958524748683,0.00013512204168364406,0.00013426149962469935
ray_gpis_uncertainty_only,green_Pepper,6,0,4,minus_y,minus_x,0.05944665725425535,0.06202047036207636,0.0025738131078210102,0.0,-0.5,0.06202047036207636,0.05944665725425535,0.03056858814663188,0.00011323967919452116,0.0001380426692776382,0.00011786648974521086
ray_gpis_uncertainty_only,green_Pepper,3,0,0,minus_x,minus_x,0.17599491231689296,0.17599491231689296,0.0,1.0,0.5,0.17599491231689296,0.0761970738354939,0.07971610026557874,0.00012115219578845426,0.00011890770838363096,0.00011484714195830747
ray_gpis_uncertainty_only,green_Pepper,3,0,1,minus_x,minus_x,0.17259632135301628,0.17259632135301628,0.0,1.0,0.5,0.17259632135301628,0.02393087803790106,0.10737056514567711,0.0006556363659910858,0.00022042373893782496,0.00014928373275324702
ray_gpis_uncertainty_only,green_Pepper,3,0,2,minus_x,minus_x,0.09662786955675229,0.09662786955675229,0.0,1.0,1.0,0.09662786955675229,0.07149060807720342,0.08012443986740891,0.00037533248541876674,0.0001444389927200973,0.0002128986525349319
ray_gpis_uncertainty_only,green_Pepper,3,0,3,minus_x,minus_x,0.11811240312266857,0.11811240312266857,0.0,1.0,1.0,0.11811240312266857,0.016977217125775157,0.022301764538445235,0.00016426871297881007,0.00013870577095076442,0.0001581331598572433
ray_gpis_uncertainty_only,green_Pepper,3,0,4,minus_x,minus_x,0.02119670571560983,0.02119670571560983,0.0,1.0,0.5,0.02119670571560983,0.007745956382386288,0.004467163264513241,0.0001163950000773184,0.00011322850332362577,0.00011457333312137052
ray_gpis_uncertainty_only,green_Pepper,9,0,0,minus_x,minus_x,0.02183942002002437,0.02183942002002437,0.0,1.0,1.0,0.02183942002002437,0.008273054607705277,0.00776889800575753,0.0005110969650559127,0.00035631860373541713,0.00021264905808493495
ray_gpis_uncertainty_only,green_Pepper,9,0,1,minus_x,minus_y,0.21048215455002633,0.21684023617757459,0.006358081627548251,0.0,-0.5,0.21048215455002633,0.21684023617757459,0.16170962221043456,0.0002285783994011581,0.00011140497372252867,0.00011583806917769834
ray_gpis_uncertainty_only,green_Pepper,9,0,2,minus_x,plus_z,0.04276970002338176,0.08995928876512249,0.04718958874174073,0.0,0.5,0.04276970002338176,0.021474080187841027,0.08995928876512249,0.00029019470093771815,0.00011281872139079496,0.0001202879284392111
ray_gpis_uncertainty_only,green_Pepper,9,0,3,minus_x,minus_x,0.04217128691017491,0.04217128691017491,0.0,1.0,1.0,0.04217128691017491,0.003810882293432183,0.01590659551372242,0.0002878812956623733,0.00011061707482440397,0.0001410266268067062
ray_gpis_uncertainty_only,green_Pepper,9,0,4,minus_x,minus_x,0.1294435527194615,0.1294435527194615,0.0,1.0,1.0,0.1294435527194615,0.004392365816521471,0.10207250000154444,0.00031083280919119716,0.00011084431753261015,0.0001386573421768844
ray_gpis_uncertainty_only,green_Pepper,10,0,0,minus_x,minus_y,0.043949744109855915,0.08141164665019779,0.037461902540341874,0.0,0.5,0.043949744109855915,0.08141164665019779,0.019904337028452068,0.0003584215301088989,0.00020133721409365535,0.0001527482527308166
ray_gpis_uncertainty_only,green_Pepper,10,0,1,minus_x,minus_x,0.20532434403395028,0.20532434403395028,0.0,1.0,1.0,0.20532434403395028,0.06924991645412382,0.06500264716529858,0.0004933664458803833,0.00023285503266379237,0.00016973557649180293
ray_gpis_uncertainty_only,green_Pepper,10,0,2,minus_x,minus_y,0.012973779969313481,0.0188139949184849,0.005840214949171418,0.0,0.5,0.012973779969313481,0.0188139949184849,0.006960462302009085,0.00034790317295119166,0.0001912137377075851,0.00011661851749522611
ray_gpis_uncertainty_only,green_Pepper,10,0,3,minus_x,plus_z,0.04748760697062948,0.07360143924284512,0.026113832272215642,0.0,-1.0,0.04748760697062948,0.04776895468950615,0.07360143924284512,0.00046684424160048366,0.0002029893803410232,0.00013960356591269374
ray_gpis_uncertainty_only,green_Pepper,10,0,4,minus_x,minus_x,0.10290812125942173,0.10290812125942173,0.0,1.0,0.5,0.10290812125942173,0.0029521482442202984,0.05469445705777509,0.0004037415492348373,0.00017272139666602015,0.00012501905439421535
ray_gpis_uncertainty_only,green_Pepper,5,0,0,minus_x,minus_x,0.20224855392283947,0.20224855392283947,0.0,1.0,1.0,0.20224855392283947,0.16738456592079498,0.0981863614595791,0.00012402626452967525,0.0001223685103468597,0.00011531839118106291
ray_gpis_uncertainty_only,green_Pepper,5,0,1,minus_x,minus_x,0.15779979070295536,0.15779979070295536,0.0,1.0,1.0,0.15779979070295536,0.14248723287546572,0.05565368021271133,0.0008071383344940841,0.0005099309491924942,0.00013550760922953486
ray_gpis_uncertainty_only,green_Pepper,5,0,2,minus_x,minus_x,0.11054499624260616,0.11054499624260616,0.0,1.0,0.8660254037844387,0.11054499624260616,0.10533223468686004,0.09338145099054307,0.00026130879996344447,0.00026130879996344447,0.0002341439831070602
ray_gpis_uncertainty_only,green_Pepper,5,0,3,minus_y,minus_y,0.054330573772182755,0.054330573772182755,0.0,1.0,1.0,0.05020347715398643,0.054330573772182755,0.006344213063664839,0.00015104765770956874,0.0001570379245094955,0.00012468750355765224
ray_gpis_uncertainty_only,green_Pepper,5,0,4,minus_x,minus_x,0.07362720326606909,0.07362720326606909,0.0,1.0,0.8660254037844387,0.07362720326606909,0.05255125503986402,0.0285739956329214,0.0001150836978922598,0.00011307204113109037,0.00011307204113109037
ray_gpis_uncertainty_only,green_Pepper,11,0,0,minus_x,minus_x,0.22682422782268813,0.22682422782268813,0.0,1.0,0.5,0.22682422782268813,0.11498967326942922,0.13194623226588337,0.0005757624167017639,0.00023686158237978816,0.0001857748138718307
ray_gpis_uncertainty_only,green_Pepper,11,0,1,minus_x,minus_x,0.16478788474863204,0.16478788474863204,0.0,1.0,1.0,0.16478788474863204,0.047526439725174896,0.03502917399377414,0.0005565157043747604,0.00021844747243449092,0.00021114590344950557
ray_gpis_uncertainty_only,green_Pepper,11,0,2,minus_x,minus_x,0.04954215075173385,0.04954215075173385,0.0,1.0,1.0,0.04954215075173385,0.03955052852991636,0.03856776840557541,0.00013687665341421962,0.00012844445882365108,0.00011886114225490019
ray_gpis_uncertainty_only,green_Pepper,11,0,3,minus_x,minus_x,0.06642626344818736,0.06642626344818736,0.0,1.0,0.5,0.06642626344818736,0.011720085888885734,0.04174563762243677,0.00011928582534892485,0.00011783668742282316,0.00011550093040568754
ray_gpis_uncertainty_only,green_Pepper,11,0,4,minus_x,minus_x,0.03285717861573656,0.03285717861573656,0.0,1.0,0.0,0.03285717861573656,0.0196154570722209,0.020108783213771075,0.00011410394654376432,0.00011410394654376432,0.00011395493493182585
ray_gpis_uncertainty_only,green_Pepper,0,0,0,minus_x,minus_x,0.2753694918455501,0.2753694918455501,0.0,1.0,0.5,0.2753694918455501,0.024869292523809206,0.05919284057400909,0.00013150664744898677,0.0001297222333960235,0.00012279319344088435
ray_gpis_uncertainty_only,green_Pepper,0,0,1,minus_x,minus_x,0.18267472921072125,0.18267472921072125,0.0,1.0,0.5,0.18267472921072125,0.05218928616674712,0.06771102479575641,0.0002128260093741119,0.00012149492249591276,0.00011638568685157225
ray_gpis_uncertainty_only,green_Pepper,0,0,2,plus_z,minus_x,0.03950740740444869,0.07251784887165669,0.033010441467207996,0.0,0.5,0.07251784887165669,0.003070515798332507,0.03950740740444869,0.00011378170893294737,0.00011335888848407194,0.00011379102215869352
ray_gpis_uncertainty_only,green_Pepper,0,0,3,minus_x,minus_y,0.0019049201756178302,0.014161575750417654,0.012256655574799824,0.0,-0.5,0.0019049201756178302,0.014161575750417654,0.0030114005434473956,0.00011368298874003813,0.0001130198870669119,0.00011269951210124418
ray_gpis_uncertainty_only,green_Pepper,0,0,4,minus_x,minus_x,0.05720943209467855,0.05720943209467855,0.0,1.0,0.5,0.05720943209467855,0.024267900364669637,0.025646277541489737,0.00011707300291163847,0.00011357123003108427,0.00011084804282290861
ray_gpis_uncertainty_only,Corner,8,0,0,minus_y,minus_x,0.07194203077588929,0.20024570391595886,0.12830367314006957,0.0,0.0,0.20024570391595886,0.07194203077588929,0.07464264238553209,0.0005512835341505706,0.0005512835341505706,0.0004078095662407577
ray_gpis_uncertainty_only,Corner,8,0,1,minus_x,minus_y,0.03556486384056634,0.03750618259757277,0.0019413187570064272,0.0,-0.5,0.03556486384056634,0.03750618259757277,0.03725897360904651,0.000586167152505368,0.0004943927633576095,0.0003309512394480407
ray_gpis_uncertainty_only,Corner,8,0,2,minus_x,minus_x,0.1587663143435189,0.1587663143435189,0.0,1.0,1.0,0.1587663143435189,0.14277036896100465,0.07940692016712475,0.0008392913150601089,0.0005292503046803176,0.00025922636268660426
ray_gpis_uncertainty_only,Corner,8,0,3,minus_x,minus_x,0.1405854251780162,0.1405854251780162,0.0,1.0,1.0,0.1405854251780162,0.07558670390018651,0.04137910160819014,0.00029352883575484157,0.0001891499268822372,0.00016303191659972072
ray_gpis_uncertainty_only,Corner,8,0,4,minus_y,minus_y,0.06950096359451075,0.06950096359451075,0.0,1.0,0.5,0.028932394409135975,0.06950096359451075,0.036898565762564006,0.00012126395449740812,0.0001434331643395126,0.0001120624874602072
ray_gpis_uncertainty_only,Corner,13,0,0,minus_x,minus_x,0.17414205333868754,0.17414205333868754,0.0,1.0,0.5,0.17414205333868754,0.05205120630218346,0.06748348765119111,0.0008099099504761398,0.000551512639503926,0.0002446604776196182
ray_gpis_uncertainty_only,Corner,13,0,1,minus_x,minus_y,-0.007098790067646132,0.008296616800712031,0.015395406868358164,0.0,0.5,-0.007098790067646132,0.008296616800712031,-0.0317579440590634,0.0003606660175137222,0.00014880875824019313,0.00011972540960414335
ray_gpis_uncertainty_only,Corner,13,0,2,minus_x,minus_x,0.19503088189320306,0.19503088189320306,0.0,1.0,1.0,0.19503088189320306,0.11027921860426904,0.11215819427336993,0.00014380941865965724,0.00012113729462726042,0.00013112107990309596
ray_gpis_uncertainty_only,Corner,13,0,3,minus_x,plus_z,0.01841285114133817,0.04179758523166599,0.02338473409032782,0.0,-1.0,0.01841285114133817,0.021467151315814448,0.04179758523166599,0.00011015886411769316,0.00010791996464831755,0.00010727548942668363
ray_gpis_uncertainty_only,Corner,13,0,4,minus_x,minus_x,0.03382667561467345,0.03382667561467345,0.0,1.0,0.0,0.03382667561467345,0.028540806519096518,0.017133549483306143,0.00010963359818561003,0.00010847875819308683,0.00010963359818561003
ray_gpis_uncertainty_only,Corner,4,0,0,minus_y,minus_x,0.12030438708393465,0.16703792225759406,0.04673353517365941,0.0,0.8660254037844387,0.16703792225759406,0.12030438708393465,0.08539291316226294,0.0003318341332487762,0.0003318341332487762,0.00018142181215807796
ray_gpis_uncertainty_only,Corner,4,0,1,minus_y,minus_y,0.044661091879042436,0.044661091879042436,0.0,1.0,0.5,0.011863517781762534,0.044661091879042436,0.03142243867635752,0.0002515392261557281,0.0002592412638477981,0.0001806842046789825
ray_gpis_uncertainty_only,Corner,4,0,2,minus_x,minus_x,0.09263508561507805,0.09263508561507805,0.0,1.0,1.0,0.09263508561507805,0.049923627775243395,0.04983408491647212,0.00015351007459685206,0.00015210191486403346,0.00014127249596640468
ray_gpis_uncertainty_only,Corner,4,0,3,minus_x,plus_z,0.007008971069104697,0.03167926840223534,0.024670297333130642,0.0,-0.8660254037844387,0.007008971069104697,0.01620662441062415,0.03167926840223534,0.0001532902824692428,0.0001532902824692428,0.00012018734560115263
ray_gpis_uncertainty_only,Corner,4,0,4,minus_x,minus_x,0.09518770639992269,0.09518770639992269,0.0,1.0,0.5,0.09518770639992269,0.03300557122034031,0.08552095372751667,0.00014968047617003322,0.00012305582640692592,0.00010834837303264067
ray_gpis_uncertainty_only,Corner,1,0,0,minus_x,minus_x,0.09795390943061683,0.09795390943061683,0.0,1.0,0.5,0.09795390943061683,0.028296929628615464,0.05577025137958158,0.0005474204081110656,0.0003727005678229034,0.0001987593132071197
ray_gpis_uncertainty_only,Corner,1,0,1,minus_x,minus_x,0.1119170725994959,0.1119170725994959,0.0,1.0,0.5,0.1119170725994959,0.03762126036496605,0.030909279107543042,0.000704446982126683,0.00026913563488051295,0.0002844279515556991
ray_gpis_uncertainty_only,Corner,1,0,2,minus_x,minus_x,0.02960131615137651,0.02960131615137651,0.0,1.0,0.5,0.02960131615137651,0.009629671792972694,0.027311618410064353,0.0003157948958687484,0.00019994209287688136,0.00018159131286665797
ray_gpis_uncertainty_only,Corner,1,0,3,minus_x,minus_x,0.03681314622003906,0.03681314622003906,0.0,1.0,1.0,0.03681314622003906,0.01078045102805214,0.0313775005138176,0.000320824037771672,0.00016380305169150233,0.0002825131523422897
ray_gpis_uncertainty_only,Corner,1,0,4,minus_x,minus_x,0.0860200099996179,0.0860200099996179,0.0,1.0,1.0,0.0860200099996179,0.053502344447687755,0.06519351390454431,0.00020946393487975,0.00011661851749522611,0.00014252046821638942
ray_gpis_uncertainty_only,Corner,12,0,0,minus_x,minus_x,0.24072982569217116,0.24072982569217116,0.0,1.0,0.5,0.24072982569217116,0.13587355461980188,0.1440641972760266,0.0005876069772057235,0.0004270283388905227,0.00013959239004179835
ray_gpis_uncertainty_only,Corner,12,0,1,minus_x,minus_x,0.02214791529897897,0.02214791529897897,0.0,1.0,0.5,0.02214791529897897,0.009081857543923322,0.016884510246782503,0.00038829835830256343,0.00025885942159220576,0.00015906448243185878
ray_gpis_uncertainty_only,Corner,12,0,2,minus_x,minus_x,0.07458076947026904,0.07458076947026904,0.0,1.0,1.0,0.07458076947026904,0.05853190643362138,0.024634952390289233,0.00037715042708441615,0.0002976043033413589,0.00015174801228567958
ray_gpis_uncertainty_only,Corner,12,0,3,minus_y,minus_y,0.036184997573870836,0.036184997573870836,0.0,1.0,1.0,0.020333620417083975,0.036184997573870836,0.00493033477377236,0.0001712499069981277,0.00017202849267050624,0.00015003810403868556
ray_gpis_uncertainty_only,Corner,12,0,4,plus_z,plus_z,0.057748734880342045,0.057748734880342045,0.0,1.0,0.8660254037844387,0.05585352009411193,0.041241869853956725,0.057748734880342045,0.00015725771663710475,0.00014542991993948817,0.00015725771663710475
ray_gpis_uncertainty_only,Corner,7,0,0,minus_x,plus_z,0.0019516186564977334,0.06197887849509248,0.06002725983859475,0.0,-1.0,0.0019516186564977334,0.04178040453923576,0.06197887849509248,0.0005712380516342819,0.00038094649789854884,0.0001359192538075149
ray_gpis_uncertainty_only,Corner,7,0,1,minus_x,minus_x,0.1910717550786969,0.1910717550786969,0.0,1.0,0.5,0.1910717550786969,0.052811800862046676,0.11588112642914994,0.0007395876455120742,0.0005036743241362274,0.0001388678210787475
ray_gpis_uncertainty_only,Corner,7,0,2,minus_x,minus_x,0.15492572816786054,0.15492572816786054,0.0,1.0,0.5,0.15492572816786054,0.05251772988449188,0.055370857099497406,0.000334639276843518,0.00012839416740462184,0.00011474469647509977
ray_gpis_uncertainty_only,Corner,7,0,3,minus_x,minus_x,0.08676236101411328,0.08676236101411328,0.0,1.0,1.0,0.08676236101411328,0.041638174099012715,0.04758065495468766,0.00020216236589476466,0.0001271163928322494,0.00015578250167891383
ray_gpis_uncertainty_only,Corner,7,0,4,minus_x,plus_z,0.043416130627647376,0.044270110636819626,0.0008539800091722505,0.0,0.5,0.043416130627647376,0.007487119009596088,0.044270110636819626,0.00012016871914966032,0.00011024082050425932,0.00012011283979518339
ray_gpis_uncertainty_only,Corner,14,0,0,minus_x,minus_x,0.1383418981961091,0.1383418981961091,0.0,1.0,1.0,0.1383418981961091,0.10521506080821363,0.06575145404103006,0.00037323887227103114,0.0002690480905584991,0.00022248568711802363
ray_gpis_uncertainty_only,Corner,14,0,1,minus_x,minus_x,0.18587218696009955,0.18587218696009955,0.0,1.0,1.0,0.18587218696009955,0.08836908031652146,0.06486005948416684,0.00021508539794012904,0.00013911555288359523,0.00010903755173785612
ray_gpis_uncertainty_only,Corner,14,0,2,minus_y,minus_x,-0.03433339951859293,-0.031280141158923525,0.0030532583596694085,0.0,0.8660254037844387,-0.031280141158923525,-0.03433339951859293,-0.03668610987996346,0.00039574335096403956,0.00039574335096403956,0.00011523643479449674
ray_gpis_uncertainty_only,Corner,14,0,3,minus_y,minus_y,0.07523006263768195,0.07523006263768195,0.0,1.0,0.5,0.029127665260874402,0.07523006263768195,0.06654829934943707,0.00016361306188628078,0.00017481500981375575,0.00010518932685954496
ray_gpis_uncertainty_only,Corner,14,0,4,minus_y,minus_x,0.03516994537429752,0.06730880578238485,0.03213886040808733,0.0,0.0,0.06730880578238485,0.03516994537429752,0.03563604006975396,0.00017680804012343287,0.00017680804012343287,0.0001076405678759329
ray_gpis_uncertainty_only,Corner,2,0,0,minus_x,minus_x,0.23698928808417863,0.23698928808417863,0.0,1.0,1.0,0.23698928808417863,0.1573483611009875,0.06808823644289314,0.0001244323211722076,0.00012305396376177669,0.00012127513036830351
ray_gpis_uncertainty_only,Corner,2,0,1,minus_x,minus_x,0.11051764842114087,0.11051764842114087,0.0,1.0,0.5,0.11051764842114087,0.08575186960608716,0.07809053947084832,0.00028741004643961787,0.00012116337165934965,0.00012998859165236354
ray_gpis_uncertainty_only,Corner,2,0,2,minus_x,minus_x,0.10132591139708236,0.10132591139708236,0.0,1.0,0.5,0.10132591139708236,0.09259952154001261,0.0720047357335899,0.0002346077817492187,0.00012641976354643703,0.00018722022650763392
ray_gpis_uncertainty_only,Corner,2,0,3,minus_x,minus_x,0.09002048409903463,0.09002048409903463,0.0,1.0,1.0,0.09002048409903463,0.03551012413103616,0.04930360632348274,0.00019856373546645045,0.00011125409946544096,0.00013005937216803432
ray_gpis_uncertainty_only,Corner,2,0,4,minus_x,minus_y,-0.005639188199890621,-0.0039318372455855455,0.0017073509543050758,0.0,-0.5,-0.005639188199890621,-0.0039318372455855455,-0.01736579310084907,0.0001597462105564773,0.0001088438366423361,0.00011636147246463224
ray_gpis_uncertainty_only,Corner,6,0,0,minus_x,minus_x,0.15198897424692426,0.15198897424692426,0.0,1.0,1.0,0.15198897424692426,0.1345661411467427,0.08135895837031903,0.0002980923163704574,0.0002587308990769088,0.00013920495985075831
ray_gpis_uncertainty_only,Corner,6,0,1,minus_x,minus_x,0.07993952724747266,0.07993952724747266,0.0,1.0,1.0,0.07993952724747266,0.042531436208135376,0.012346434826128183,0.00031957606552168727,0.00019443983910605311,0.00014332885621115565
ray_gpis_uncertainty_only,Corner,6,0,2,minus_x,minus_x,0.1071988258448896,0.1071988258448896,0.0,1.0,1.0,0.1071988258448896,0.02014034264232556,0.010105189001871295,0.00022617558715865016,0.00017413328168913722,0.00011481920228106901
ray_gpis_uncertainty_only,Corner,6,0,3,minus_x,minus_x,0.05674640267425701,0.05674640267425701,0.0,1.0,0.5,0.05674640267425701,0.040237129371448854,0.03410215760420077,0.00013239140389487147,0.00011112371430499479,0.00012642721412703395
ray_gpis_uncertainty_only,Corner,6,0,4,minus_y,minus_y,0.03970582453007976,0.03970582453007976,0.0,1.0,1.0,0.0035185855013166734,0.03970582453007976,0.00903168645096275,0.00010847875819308683,0.00011019611702067778,0.00010876188025576994
ray_gpis_uncertainty_only,Corner,3,0,0,minus_x,minus_x,0.19236525730709902,0.19236525730709902,0.0,1.0,1.0,0.19236525730709902,0.14331011295690027,0.039068887807021224,0.00012108141527278349,0.00012066232011420652,0.00011908652231795713
ray_gpis_uncertainty_only,Corner,3,0,1,minus_x,minus_x,0.09246571428235817,0.09246571428235817,0.0,1.0,1.0,0.09246571428235817,0.022420565670932202,0.011167880618671133,0.00021621788619086146,0.00011597031698329374,0.00011351535067660734
ray_gpis_uncertainty_only,Corner,3,0,2,minus_x,minus_x,0.02594005183125947,0.02594005183125947,0.0,1.0,0.5,0.02594005183125947,0.020394102353268218,0.020471469564669498,0.00020229275105521083,0.00013545359252020717,0.00011737847671611235
ray_gpis_uncertainty_only,Corner,3,0,3,minus_x,minus_x,0.13400653676454544,0.13400653676454544,0.0,1.0,1.0,0.13400653676454544,0.029298913352592826,0.008255682226413374,0.000215480278711766,0.00013084540842100978,0.00012184509978396818
ray_gpis_uncertainty_only,Corner,3,0,4,minus_x,minus_y,0.013404255526549114,0.01745953958228652,0.004055284055737407,0.0,0.0,0.013404255526549114,0.01745953958228652,0.016517976972318937,0.0001304020988754928,0.0001304020988754928,0.00011181661830050871
ray_gpis_uncertainty_only,Corner,9,0,0,minus_x,minus_y,0.07041672061145365,0.09882625023860414,0.028409529627150487,0.0,-0.5,0.07041672061145365,0.09882625023860414,0.07399573455036357,0.00011043639824492857,0.0001102277819882147,0.00010821985051734373
ray_gpis_uncertainty_only,Corner,9,0,1,minus_x,minus_x,0.11103013967218611,0.11103013967218611,0.0,1.0,1.0,0.11103013967218611,0.044075564742986906,0.0330501448265903,0.0003789162146858871,0.00028843636391684413,0.0001118277941714041
ray_gpis_uncertainty_only,Corner,9,0,2,minus_x,minus_x,0.15474972950055876,0.15474972950055876,0.0,1.0,1.0,0.15474972950055876,0.07292280443106836,0.023544519012042464,0.00036177615402266383,0.00016284937737509608,0.0001280551659874618
ray_gpis_uncertainty_only,Corner,9,0,3,minus_x,minus_x,0.08898215876405313,0.08898215876405313,0.0,1.0,0.8660254037844387,0.08898215876405313,0.018142150847909044,0.07318295032738609,0.00021860579727217555,0.00020760128973051906,0.00021860579727217555
ray_gpis_uncertainty_only,Corner,9,0,4,plus_z,minus_x,0.026095102049485508,0.04444150254379997,0.018346400494314463,0.0,nan,0.04444150254379997,0.023871663787846997,0.026095102049485508,0.00011331045971019194,0.00011331045971019194,0.00011331045971019194
ray_gpis_uncertainty_only,Corner,10,0,0,minus_x,plus_z,0.03981895539442187,0.07399306423023339,0.03417410883581151,0.0,-1.0,0.03981895539442187,0.07214352881393965,0.07399306423023339,0.0004110207664780319,0.0002786276745609939,0.00017614680109545588
ray_gpis_uncertainty_only,Corner,10,0,1,minus_x,minus_x,0.06849491720735257,0.06849491720735257,0.0,1.0,0.5,0.06849491720735257,0.0329563587208751,0.046174459571980186,0.0006415417301468551,0.000456636946182698,0.00021244975505396724
ray_gpis_uncertainty_only,Corner,10,0,2,minus_x,minus_x,0.10657313238078925,0.10657313238078925,0.0,1.0,1.0,0.10657313238078925,0.022137920247190634,0.0036371619757612494,0.0005858709919266403,0.0004998093354515731,0.00020022521493956447
ray_gpis_uncertainty_only,Corner,10,0,3,minus_x,minus_x,0.130962139380415,0.130962139380415,0.0,1.0,1.0,0.130962139380415,0.008976953449286063,0.0686458721041524,0.0002960583078674972,0.00019868294475600123,0.0002048483001999557
ray_gpis_uncertainty_only,Corner,10,0,4,minus_x,minus_x,0.04408769009062552,0.04408769009062552,0.0,1.0,0.8660254037844387,0.04408769009062552,0.003499653430193761,0.015849407512328773,0.00015373731730505824,0.00011522898421389982,0.00015373731730505824
ray_gpis_uncertainty_only,Corner,5,0,0,minus_x,minus_x,0.3143362200826016,0.3143362200826016,0.0,1.0,1.0,0.3143362200826016,0.12490447367851476,0.17968442046423072,0.00041107478318735957,0.0002707281964831054,0.0003651382285170257
ray_gpis_uncertainty_only,Corner,5,0,1,minus_x,minus_x,0.09612063858619091,0.09612063858619091,0.0,1.0,0.5,0.09612063858619091,0.009405734261212828,0.011386491128775655,0.00016771460650488734,0.00015018152771517634,0.00012053379759890959
ray_gpis_uncertainty_only,Corner,5,0,2,minus_x,minus_x,0.16137745458883535,0.16137745458883535,0.0,1.0,0.5,0.16137745458883535,0.0467368872566134,0.08510183994379117,0.00016647035954520106,0.00014186481712386012,0.00014021823881193995
ray_gpis_uncertainty_only,Corner,5,0,3,minus_y,minus_y,0.010647710171331037,0.010647710171331037,0.0,1.0,0.8660254037844387,-0.003102499511441592,0.010647710171331037,0.0027113013485853266,0.00010805780038936064,0.0001083446477423422,0.00010805780038936064
ray_gpis_uncertainty_only,Corner,5,0,4,minus_x,plus_z,-0.035110152694486696,-0.014459081277243047,0.02065107141724365,0.0,-0.5,-0.035110152694486696,-0.03139333325071991,-0.014459081277243047,0.0001077486012945883,0.00010743940219981596,0.00010757351265056059
ray_gpis_uncertainty_only,Corner,11,0,0,minus_x,minus_y,0.054580248117484076,0.08324345049235271,0.028663202374868635,0.0,0.5,0.054580248117484076,0.08324345049235271,0.03534793510426493,0.000515841122251004,0.00028093362925574183,0.0001462438958697021
ray_gpis_uncertainty_only,Corner,11,0,1,minus_x,minus_y,0.012585975801167937,0.03806532322280254,0.0254793474216346,0.0,0.5,0.012585975801167937,0.03806532322280254,0.002665651644945477,0.0007243400323204696,0.00035025010583922267,0.00012329797027632594
ray_gpis_uncertainty_only,Corner,11,0,2,minus_x,minus_x,0.14498407339851627,0.14498407339851627,0.0,1.0,0.5,0.14498407339851627,0.059632125799090274,0.06038218849307431,0.000962725083809346,0.00035419518826529384,0.00011602247104747221
ray_gpis_uncertainty_only,Corner,11,0,3,minus_y,minus_x,0.10480750703138053,0.1086843007491376,0.0038767937177570655,0.0,0.5,0.1086843007491376,0.10480750703138053,0.07415631159158753,0.0006858428823761642,0.000906376342754811,0.00013788248179480433
ray_gpis_uncertainty_only,Corner,11,0,4,minus_x,minus_y,0.07013343954985163,0.08406672614762323,0.0139332865977716,0.0,0.5,0.07013343954985163,0.08406672614762323,0.05974261991212215,0.00016688014147803187,0.00015123392222449183,0.000142267148476094
ray_gpis_uncertainty_only,Corner,0,0,0,minus_x,minus_x,0.18238136352028078,0.18238136352028078,0.0,1.0,0.5,0.18238136352028078,0.06741428798588733,0.08183072001868447,0.0001388193923048675,0.00013614649651572108,0.00013080629287287593
ray_gpis_uncertainty_only,Corner,0,0,1,minus_x,minus_x,0.18569419165183437,0.18569419165183437,0.0,1.0,1.0,0.18569419165183437,0.18038550178771934,0.13106963459472537,0.0013463628711178899,0.00033077242551371455,0.00032009946880862117
ray_gpis_uncertainty_only,Corner,0,0,2,minus_x,minus_x,0.10985144834689042,0.10985144834689042,0.0,1.0,0.5,0.10985144834689042,0.014112986287710405,0.09558070245004269,0.0002529604244045913,0.00014421920059248805,0.00012544373748824
ray_gpis_uncertainty_only,Corner,0,0,3,minus_x,minus_x,0.06704594975114742,0.06704594975114742,0.0,1.0,1.0,0.06704594975114742,0.02630109627213617,0.043782183742208214,0.00019480864284560084,0.00012223998783156276,0.00013344193575903773
ray_gpis_uncertainty_only,Corner,0,0,4,plus_z,plus_z,0.021585953137860936,0.021585953137860936,0.0,1.0,0.0,0.013514076339290249,0.019692516844893593,0.021585953137860936,0.00019022281048819423,0.0001304728793911636,0.00019022281048819423
ray_gpis_uncertainty_only,L_Shaped,8,0,0,minus_y,plus_z,0.19070432424295808,0.3192274598082589,0.12852313556530082,0.0,-0.8660254037844387,0.21257641220857876,0.19070432424295808,0.3192274598082589,0.00011320428893668577,0.00011320428893668577,0.0001112988029490225
ray_gpis_uncertainty_only,L_Shaped,8,0,1,minus_x,minus_x,0.05431330788243183,0.05431330788243183,0.0,1.0,0.0,0.05431330788243183,0.00926925346639218,0.030952031659905788,0.0003634283202700317,0.0003634283202700317,0.00012674572644755244
ray_gpis_uncertainty_only,L_Shaped,8,0,2,minus_y,minus_x,0.07431452918270787,0.10298927897624544,0.02867474979353757,0.0,0.8660254037844387,0.10298927897624544,0.07431452918270787,0.021616289979653258,0.0003106130170635879,0.0003106130170635879,0.00012763048289343715
ray_gpis_uncertainty_only,L_Shaped,8,0,3,minus_x,minus_y,0.05444480429010623,0.07205043097692176,0.017605626686815534,0.0,-0.5,0.05444480429010623,0.07205043097692176,0.07090732856392179,0.0001705458271317184,0.00014988164184615016,0.00011225992784602568
ray_gpis_uncertainty_only,L_Shaped,8,0,4,minus_y,minus_y,0.09264677007610855,0.09264677007610855,0.0,1.0,0.8660254037844387,0.09062023831926425,0.09264677007610855,0.024906650888733894,0.00013283098815008998,0.00013283098815008998,0.00012162903294665739
ray_gpis_uncertainty_only,L_Shaped,13,0,0,minus_x,plus_z,0.036914111661208504,0.054828670296239834,0.01791455863503133,0.0,-1.0,0.036914111661208504,0.05281728835559707,0.054828670296239834,0.00013224052963778377,0.00013137439964339137,0.0001293180393986404
ray_gpis_uncertainty_only,L_Shaped,13,0,1,minus_x,minus_x,0.09428812393996078,0.09428812393996078,0.0,1.0,0.5,0.09428812393996078,0.03442084332656581,0.054937710543247587,0.0011071843327954412,0.0003085678326897323,0.00020192022202536464
ray_gpis_uncertainty_only,L_Shaped,13,0,2,minus_x,plus_z,0.020398099740472575,0.04709438972021873,0.026696289979746157,0.0,-0.5,0.020398099740472575,0.0076633237524208475,0.04709438972021873,0.001410471391864121,0.00027607957599684596,0.00012702698586508632
ray_gpis_uncertainty_only,L_Shaped,13,0,3,minus_x,minus_y,0.06425409052221676,0.06876013301225892,0.004506042490042161,0.0,0.5,0.06425409052221676,0.06876013301225892,0.06138643769795615,0.0021792857442051172,0.0002438073861412704,0.00011584365711314604
ray_gpis_uncertainty_only,L_Shaped,13,0,4,minus_x,minus_x,0.0905359372422172,0.0905359372422172,0.0,1.0,1.0,0.0905359372422172,0.08736241924497623,0.03484534754899016,0.0012188610853627324,0.0010559131624177098,0.0003213418531231582
ray_gpis_uncertainty_only,L_Shaped,4,0,0,minus_x,minus_x,0.17581744295578883,0.17581744295578883,0.0,1.0,0.5,0.17581744295578883,0.1004991615630969,0.03018051628067575,0.00020682084141299129,0.0001332240062765777,0.0001383742201142013
ray_gpis_uncertainty_only,L_Shaped,4,0,1,minus_x,minus_x,0.1934099197208149,0.1934099197208149,0.0,1.0,1.0,0.1934099197208149,0.01106753167519059,0.05342633650632067,0.00025058555183932185,0.0001176466976176016,0.00012122297630412504
ray_gpis_uncertainty_only,L_Shaped,4,0,2,minus_x,minus_y,0.011089544029718956,0.014577721129536814,0.0034881770998178574,0.0,-0.8660254037844387,0.011089544029718956,0.014577721129536814,0.007988157881244073,0.00012223253725096583,0.00011364573583705351,0.00012223253725096583
ray_gpis_uncertainty_only,L_Shaped,4,0,3,plus_z,minus_x,0.02833129122972644,0.07169941740576213,0.04336812617603569,0.0,0.5,0.07169941740576213,0.023301622661814014,0.02833129122972644,0.0001183321510325186,0.00011435354099376127,0.0001206008528242819
ray_gpis_uncertainty_only,L_Shaped,4,0,4,minus_x,minus_x,0.04050429662542976,0.04050429662542976,0.0,1.0,0.5,0.04050429662542976,0.03353215315819846,0.029791024645254183,0.00011974776134593412,0.00011424550757510588,0.00011761317000491545
ray_gpis_uncertainty_only,L_Shaped,1,0,0,minus_x,minus_y,-0.037789355792199386,0.028782638054236753,0.06657199384643614,0.0,-0.5,-0.037789355792199386,0.028782638054236753,0.010560897679591452,0.0006703903782181442,0.00023963506100699306,0.00017545203445479274
ray_gpis_uncertainty_only,L_Shaped,1,0,1,minus_x,minus_x,0.2061871029701633,0.2061871029701633,0.0,1.0,0.5,0.2061871029701633,0.053374884354408736,0.12641912728889693,0.00010695883975131437,0.00010658258543116972,0.0001054687236319296
ray_gpis_uncertainty_only,L_Shaped,1,0,2,minus_x,minus_x,0.04520553699851393,0.04520553699851393,0.0,1.0,1.0,0.04520553699851393,0.04055483431394524,0.04339644081425276,0.00010878050670726225,0.00010785663471324369,0.00010827759251696989
ray_gpis_uncertainty_only,L_Shaped,1,0,3,minus_x,minus_x,0.09158212016765321,0.09158212016765321,0.0,1.0,0.5,0.09158212016765321,0.022888537817500332,0.008653625290485079,0.00025119836209341884,0.00011918151722056791,0.0001397339510731399
ray_gpis_uncertainty_only,L_Shaped,1,0,4,minus_y,minus_x,0.04499256098590687,0.07896571317861201,0.033973152192705136,0.0,-0.8660254037844387,0.07896571317861201,0.04499256098590687,0.06373425178240721,0.0001052638326655142,0.00010527500853640959,0.00010527500853640959
ray_gpis_uncertainty_only,L_Shaped,12,0,0,minus_x,minus_y,-0.024848011414316806,0.016952660432518307,0.041800671846835113,0.0,-1.0,-0.024848011414316806,0.016952660432518307,0.01303589606336314,0.00020248832879588008,0.0001342875766567886,0.0001359974849037826
ray_gpis_uncertainty_only,L_Shaped,12,0,1,minus_x,minus_x,0.22544315322197,0.22544315322197,0.0,1.0,1.0,0.22544315322197,0.07604676448283199,0.1511942999012707,0.0005467908340506256,0.00018284114776179194,0.00020802411017939448
ray_gpis_uncertainty_only,L_Shaped,12,0,2,minus_y,minus_x,-0.023700449076309638,0.08157065993330548,0.10527110900961512,0.0,0.0,0.08157065993330548,-0.023700449076309638,0.01880193318885426,0.0001671111094765365,0.0001671111094765365,0.00011957267270190641
ray_gpis_uncertainty_only,L_Shaped,12,0,3,minus_x,minus_x,0.043837986617832,0.043837986617832,0.0,1.0,0.5,0.043837986617832,-0.003574152273174369,0.0032573420319519375,0.00019126589177176356,0.00015296245692297816,0.00013288314221426845
ray_gpis_uncertainty_only,L_Shaped,12,0,4,minus_x,minus_y,0.052397800089632796,0.07053736993901405,0.018139569849381254,0.0,0.5,0.052397800089632796,0.07053736993901405,0.03624275043102221,0.00010322609887225553,0.00010298395500285551,0.00010275298700435087
ray_gpis_uncertainty_only,L_Shaped,7,0,0,minus_x,minus_y,0.14741071125683436,0.1548190039438178,0.007408292686983453,0.0,0.5,0.14741071125683436,0.1548190039438178,0.10706851823527047,0.00016454624710604548,0.00016364100156351924,0.00015541556058451533
ray_gpis_uncertainty_only,L_Shaped,7,0,1,minus_x,minus_x,0.2417290218727366,0.2417290218727366,0.0,1.0,1.0,0.2417290218727366,0.18152899057088578,0.044174779651405094,0.0006918592262081802,0.00035772117553278804,0.0001231564092449844
ray_gpis_uncertainty_only,L_Shaped,7,0,2,minus_y,minus_x,0.03487672120319252,0.08486655124163822,0.049989830038445704,0.0,0.8660254037844387,0.08486655124163822,0.03487672120319252,0.012158521489973761,0.0002928284811787307,0.0002928284811787307,0.00011490488395793363
ray_gpis_uncertainty_only,L_Shaped,7,0,3,minus_y,minus_y,0.050245260384826795,0.050245260384826795,0.0,1.0,0.8660254037844387,0.04431859000598082,0.050245260384826795,0.008337954651241541,0.0003152808058075607,0.0003152808058075607,0.00011211464152438566
ray_gpis_uncertainty_only,L_Shaped,7,0,4,minus_y,minus_y,0.060547406227497214,0.060547406227497214,0.0,1.0,0.0,0.024762809492490323,0.060547406227497214,0.05630001744239943,0.000167502264957875,0.000167502264957875,0.00013106520054861903
ray_gpis_uncertainty_only,L_Shaped,14,0,0,minus_x,minus_x,0.1539691866958116,0.1539691866958116,0.0,1.0,0.5,0.1539691866958116,0.05651501805350467,0.09140569359850559,0.00011324526712996885,0.00011290812835795805,0.00010956840560538694
ray_gpis_uncertainty_only,L_Shaped,14,0,1,minus_x,minus_x,0.18255254090317885,0.18255254090317885,0.0,1.0,1.0,0.18255254090317885,0.09498818503886475,0.09094376278777272,0.0005408564466051757,0.00022237206576392055,0.00014982017455622554
ray_gpis_uncertainty_only,L_Shaped,14,0,2,minus_x,minus_x,0.05737105439589962,0.05737105439589962,0.0,1.0,1.0,0.05737105439589962,0.020236307570110967,0.015745579681765043,0.00014952028868719935,0.00010948458657367155,0.00010920146451098844
ray_gpis_uncertainty_only,L_Shaped,14,0,3,minus_x,minus_x,0.04841487853189841,0.04841487853189841,0.0,1.0,0.0,0.04841487853189841,0.012991279315981652,0.033526173819067195,0.00011937150702578947,0.00011937150702578947,0.00011281872139079496
ray_gpis_uncertainty_only,L_Shaped,14,0,4,minus_x,minus_x,0.023664173708043412,0.023664173708043412,0.0,1.0,0.0,0.023664173708043412,0.006679166891462862,0.0161621725991421,0.00011019984231097624,0.00011019984231097624,0.0001073574458132498
ray_gpis_uncertainty_only,L_Shaped,2,0,0,plus_z,plus_z,0.10683842954970824,0.10683842954970824,0.0,1.0,0.0,0.09943172046466436,0.09523358948656951,0.10683842954970824,0.00010494532034499571,0.00010518932685954496,0.00010518932685954496
ray_gpis_uncertainty_only,L_Shaped,2,0,1,minus_x,minus_y,0.04609177878178211,0.04821253898375938,0.0021207602019772676,0.0,-0.5,0.04609177878178211,0.04821253898375938,0.042246012829728896,0.00010283121810061857,0.000102495941973757,0.00010256672248942778
ray_gpis_uncertainty_only,L_Shaped,2,0,2,minus_x,minus_x,0.06776460281998342,0.06776460281998342,0.0,1.0,1.0,0.06776460281998342,0.033914095361544216,0.015306025750286278,0.00010432878480060026,0.00010360235319240019,0.00010225379810435697
ray_gpis_uncertainty_only,L_Shaped,2,0,3,minus_x,minus_x,0.12388998830010811,0.12388998830010811,0.0,1.0,1.0,0.12388998830010811,0.03232121429349066,0.018366364058165163,0.00011054256901843473,0.00010894069419009611,0.00010689550981624052
ray_gpis_uncertainty_only,L_Shaped,2,0,4,minus_x,minus_y,0.07719725168726288,0.07804280035881361,0.0008455486715507332,0.0,0.5,0.07719725168726288,0.07804280035881361,0.00278610887338826,0.0008118880796246231,0.0007356909918598831,0.00011223385081393644
ray_gpis_uncertainty_only,L_Shaped,6,0,0,minus_x,minus_x,0.08910691303384194,0.08910691303384194,0.0,1.0,0.8660254037844387,0.08910691303384194,0.08721958993581358,0.05845648456910846,0.00048047694144770503,0.00048047694144770503,0.0001640470582060516
ray_gpis_uncertainty_only,L_Shaped,6,0,1,minus_x,minus_x,0.08327580100980397,0.08327580100980397,0.0,1.0,0.0,0.08327580100980397,0.05298557161686129,0.0634661994679468,0.000113230365968775,0.000113230365968775,0.0001099148576031439
ray_gpis_uncertainty_only,L_Shaped,6,0,2,minus_x,minus_x,0.1626639377915673,0.1626639377915673,0.0,1.0,1.0,0.1626639377915673,0.06426821296704621,0.07940609150719402,0.0002286082017235458,0.00015095080016180873,0.00016245449660345912
ray_gpis_uncertainty_only,L_Shaped,6,0,3,minus_x,plus_z,0.03192742713606311,0.04982279527113287,0.017895368135069756,0.0,-0.5,0.03192742713606311,0.021424319790768087,0.04982279527113287,0.00021176988957449794,0.00014987046597525477,0.00011194327817065641
ray_gpis_uncertainty_only,L_Shaped,6,0,4,minus_x,minus_x,0.11332286465032837,0.11332286465032837,0.0,1.0,1.0,0.11332286465032837,0.058262610234120826,0.04426383505916387,0.00023420731304213405,0.00019320676801726222,0.00013164262054488063
ray_gpis_uncertainty_only,L_Shaped,3,0,0,minus_x,minus_y,0.042684291259657836,0.06459730210416198,0.021913010844504144,0.0,-0.5,0.042684291259657836,0.06459730210416198,0.05727292809613954,0.00011575052485568449,0.00011570954666240141,0.00011380964861018583
ray_gpis_uncertainty_only,L_Shaped,3,0,1,minus_x,minus_y,0.06831702739908674,0.102994796051748,0.034677768652661256,0.0,-0.5,0.06831702739908674,0.102994796051748,0.09338035602848738,0.0001494141179136932,0.0001490602153353393,0.0001414904254488647
ray_gpis_uncertainty_only,L_Shaped,3,0,2,minus_x,minus_x,0.057982587030212085,0.057982587030212085,0.0,1.0,1.0,0.057982587030212085,0.020010527068097805,0.013436668071854174,0.0008319785702042282,0.0003730861353687942,0.00015412847278639674
ray_gpis_uncertainty_only,L_Shaped,3,0,3,minus_x,minus_x,0.12588263229388208,0.12588263229388208,0.0,1.0,0.5,0.12588263229388208,0.009869763497144302,0.0724665965480219,0.0015323666157200933,0.00039652938721701503,0.00012700090883299708
ray_gpis_uncertainty_only,L_Shaped,3,0,4,minus_x,minus_y,0.06539470072910758,0.07392490688885345,0.008530206159745868,0.0,0.5,0.06539470072910758,0.07392490688885345,0.052065552837977536,0.0007523057865910232,0.0007163083064369857,0.0002905448782257736
ray_gpis_uncertainty_only,L_Shaped,9,0,0,minus_x,minus_x,0.09351730382853995,0.09351730382853995,0.0,1.0,1.0,0.09351730382853995,0.08852270037864829,0.03927481475392114,0.0001074058745871298,0.00010719353304011747,0.00010569596634013578
ray_gpis_uncertainty_only,L_Shaped,9,0,1,minus_x,minus_x,0.12643093808248596,0.12643093808248596,0.0,1.0,1.0,0.12643093808248596,0.06372161718799829,0.02943773918163084,0.00039133260725066066,0.00026644597528502345,0.0001269897329621017
ray_gpis_uncertainty_only,L_Shaped,9,0,2,minus_x,minus_y,0.018459749942881465,0.028224574313638118,0.009764824370756653,0.0,-1.0,0.018459749942881465,0.028224574313638118,0.02614637030096212,0.0005242546903900802,0.0001883266377262771,0.00019194389460608363
ray_gpis_uncertainty_only,L_Shaped,9,0,3,minus_x,minus_x,0.1542283901072541,0.1542283901072541,0.0,1.0,0.5,0.1542283901072541,0.06099681827421677,0.07094411460820294,0.0004946200060658157,0.0004764256882481277,0.00023030320880934596
ray_gpis_uncertainty_only,L_Shaped,9,0,4,minus_x,minus_y,0.032851867490968134,0.04324276313510633,0.010390895644138198,0.0,-0.5,0.032851867490968134,0.04324276313510633,0.035000790235923285,0.00014050136087462306,0.00011114606604678556,0.00010760704026324674
ray_gpis_uncertainty_only,L_Shaped,10,0,0,minus_x,minus_y,0.20365583768353462,0.210290834713514,0.006634997029979384,0.0,0.5,0.20365583768353462,0.210290834713514,0.11942792231125121,0.00012061947927577421,0.00011703202471835539,0.0001150408570538275
ray_gpis_uncertainty_only,L_Shaped,10,0,1,minus_x,minus_x,0.07570829444839733,0.07570829444839733,0.0,1.0,1.0,0.07570829444839733,0.07321976730276702,0.05266732375666161,0.00029837171314284205,0.0002951418864540756,0.00016509386477991939
ray_gpis_uncertainty_only,L_Shaped,10,0,2,minus_x,minus_x,0.14835602568786954,0.14835602568786954,0.0,1.0,0.0,0.14835602568786954,0.03638731600619172,0.05797086412424968,0.0003633035230450332,0.0003633035230450332,0.00011576542601687834
ray_gpis_uncertainty_only,L_Shaped,10,0,3,minus_x,minus_x,0.08082959380588584,0.08082959380588584,0.0,1.0,0.8660254037844387,0.08082959380588584,0.05166406486151798,0.0413239676266669,0.00014428998110815883,0.00014428998110815883,0.00012063438043696806
ray_gpis_uncertainty_only,L_Shaped,10,0,4,minus_x,minus_y,0.043840603882784435,0.060276524689346855,0.01643592080656242,0.0,0.5,0.043840603882784435,0.060276524689346855,0.043625113142231275,0.00012058595166308805,0.00011567229375941679,0.00010854581341845915
ray_gpis_uncertainty_only,L_Shaped,5,0,0,minus_y,minus_x,0.12003739222416476,0.19151975137535454,0.07148235915118978,0.0,0.8660254037844387,0.19151975137535454,0.12003739222416476,0.10273020082653117,0.00010808946535689756,0.00010808946535689756,0.00010781379387481138
ray_gpis_uncertainty_only,L_Shaped,5,0,1,minus_x,plus_z,0.03269001934620941,0.06642083678062033,0.03373081743441092,0.0,-1.0,0.03269001934620941,0.0638769848064073,0.06642083678062033,0.0007248336332850158,0.0006298480438999832,0.00019597465870901942
ray_gpis_uncertainty_only,L_Shaped,5,0,2,minus_x,plus_z,0.09310117240347998,0.09351023393541286,0.000409061531932875,0.0,-0.5,0.09310117240347998,0.09302940780141294,0.09351023393541286,0.000755505810957402,0.000738142232876271,0.00013252178905531764
ray_gpis_uncertainty_only,L_Shaped,5,0,3,minus_x,minus_x,0.19129845749637153,0.19129845749637153,0.0,1.0,1.0,0.19129845749637153,0.07870781014464578,0.06155707540117006,0.00011341849312884733,0.0001130794917116873,0.00010987201676471159
ray_gpis_uncertainty_only,L_Shaped,5,0,4,minus_x,plus_z,0.014305700166031499,0.02044831671836078,0.006142616552329283,0.0,-0.5,0.014305700166031499,0.005879669878671723,0.02044831671836078,0.00035767460940405726,0.00013554299948737025,0.00012146884546382353
ray_gpis_uncertainty_only,L_Shaped,11,0,0,minus_x,minus_x,0.21969922475078624,0.21969922475078624,0.0,1.0,1.0,0.21969922475078624,0.1747982753816148,0.14649153734072135,0.000309258874040097,0.00027845072327181697,0.00016119162319228053
ray_gpis_uncertainty_only,L_Shaped,11,0,1,minus_x,minus_x,0.0733533730608249,0.0733533730608249,0.0,1.0,0.5,0.0733533730608249,0.05245340095825035,0.05582229937787775,0.000355180527549237,0.0003085678326897323,0.00011248530790908262
ray_gpis_uncertainty_only,L_Shaped,11,0,2,minus_x,minus_x,0.16749709752108966,0.16749709752108966,0.0,1.0,0.5,0.16749709752108966,0.02460322568852813,0.06186811207243281,0.0003770982730202377,0.0001686869072727859,0.00013182515976950526
ray_gpis_uncertainty_only,L_Shaped,11,0,3,minus_y,minus_x,0.021914498054989906,0.026714789046986542,0.004800290991996636,0.0,0.5,0.026714789046986542,0.021914498054989906,0.013794495278551588,0.00012225116370245814,0.00012844259617850184,0.0001072978411684744
ray_gpis_uncertainty_only,L_Shaped,11,0,4,minus_x,minus_x,0.047096001313877034,0.047096001313877034,0.0,1.0,0.0,0.047096001313877034,0.018868615037145542,0.02608497611738292,0.00011904368147952482,0.00011904368147952482,0.00010777095303637907
ray_gpis_uncertainty_only,L_Shaped,0,0,0,minus_x,minus_x,0.2934949391944188,0.2934949391944188,0.0,1.0,0.8660254037844387,0.2934949391944188,0.2779810073283847,0.2589702829598304,0.00023912283359095454,0.00021578202722594142,0.00021578202722594142
ray_gpis_uncertainty_only,L_Shaped,0,0,1,minus_x,minus_y,0.034269485410411804,0.10510107215854192,0.07083158674813012,0.0,-1.0,0.034269485410411804,0.10510107215854192,0.06993108712454521,0.00010527500853640959,0.00010488571570022032,0.00010513903544051573
ray_gpis_uncertainty_only,L_Shaped,0,0,2,minus_x,minus_x,0.15780860758928156,0.15780860758928156,0.0,1.0,0.5,0.15780860758928156,0.10261257242430338,0.09299165203249254,0.00010525265679461882,0.00010496580944163725,0.0001051371727953665
ray_gpis_uncertainty_only,L_Shaped,0,0,3,plus_z,minus_x,0.01774485494377953,0.152404568907631,0.13465971396385146,0.0,-0.5,0.152404568907631,0.028614865409817614,0.01774485494377953,0.00010507011756999418,0.000104842874861788,0.00010508501873118803
ray_gpis_uncertainty_only,L_Shaped,0,0,4,minus_x,minus_x,0.1414517869101043,0.1414517869101043,0.0,1.0,1.0,0.1414517869101043,0.020689703327054665,0.03780193336602433,0.00010498443589312956,0.00010493600711924955,0.00010497698531253263
ray_gpis_uncertainty_only,Cylinder,8,0,0,minus_x,minus_x,0.3285600388902348,0.3285600388902348,0.0,1.0,0.5,0.3285600388902348,0.21881434791626023,0.24594401893562953,0.000157429079990834,0.0001546909916214645,0.000146743084769696
ray_gpis_uncertainty_only,Cylinder,8,0,1,minus_x,minus_x,0.0771343320064572,0.0771343320064572,0.0,1.0,0.5,0.0771343320064572,0.03030457705787487,0.05492424912354227,0.0006313195335678756,0.0005068575846962631,0.00012793968198820949
ray_gpis_uncertainty_only,Cylinder,8,0,2,minus_x,minus_x,0.10951026726183766,0.10951026726183766,0.0,1.0,1.0,0.10951026726183766,0.1004361693795548,0.08194464849767902,0.00023666972992941737,0.00012224371312186122,0.00010637396917445585
ray_gpis_uncertainty_only,Cylinder,8,0,3,minus_x,minus_x,0.18790480519481345,0.18790480519481345,0.0,1.0,1.0,0.18790480519481345,0.023747526646332173,0.06100774207763815,0.00023068691371008754,0.00010853463754756376,0.00013001466868445277
ray_gpis_uncertainty_only,Cylinder,8,0,4,minus_x,minus_x,-0.03253607266695402,-0.03253607266695402,0.0,1.0,0.8660254037844387,-0.03253607266695402,-0.0383344603959932,-0.045538940396468996,0.00012498925207182765,0.00012498925207182765,0.00011247971997363493
ray_gpis_uncertainty_only,Cylinder,13,0,0,minus_x,minus_x,0.14912582370212946,0.14912582370212946,0.0,1.0,1.0,0.14912582370212946,0.08866416095864865,0.0789533437497264,0.0001358894514851272,0.00013528222916647792,0.00012972968397662044
ray_gpis_uncertainty_only,Cylinder,13,0,1,minus_x,minus_y,0.132851787757006,0.14587376304765454,0.013021975290648524,0.0,0.5,0.132851787757006,0.14587376304765454,0.09977049300728547,0.00012349727330729365,0.00012224743841215968,0.00011703947529895231
ray_gpis_uncertainty_only,Cylinder,13,0,2,minus_x,plus_z,0.005858539760609238,0.020582104992233785,0.014723565231624547,0.0,-1.0,0.005858539760609238,0.01437189248799331,0.020582104992233785,0.0004484524833969772,0.00019498745677992702,0.0001189579998026602
ray_gpis_uncertainty_only,Cylinder,13,0,3,minus_x,minus_x,0.16199901728261434,0.16199901728261434,0.0,1.0,1.0,0.16199901728261434,0.11150062850299258,0.1088262934816765,0.0007313733804039657,0.00018185953376814723,0.0001227354514412582
ray_gpis_uncertainty_only,Cylinder,13,0,4,minus_x,minus_x,0.14193330587319453,0.14193330587319453,0.0,1.0,0.5,0.14193330587319453,0.06654347422631102,0.11468615497900614,0.0003093687701039016,0.0002928582835011184,0.0002417622017674148
ray_gpis_uncertainty_only,Cylinder,4,0,0,minus_x,plus_z,0.03322552031824527,0.04870430965961581,0.015478789341370536,0.0,-1.0,0.03322552031824527,0.04293056800946149,0.04870430965961581,0.0007484277593903244,0.0004324318724684417,0.0002567732590250671
ray_gpis_uncertainty_only,Cylinder,4,0,1,minus_x,minus_x,0.1841690818845899,0.1841690818845899,0.0,1.0,1.0,0.1841690818845899,0.11797173628374114,0.06134738528315076,0.0008293578284792602,0.0004370884853415191,0.0001418871688656509
ray_gpis_uncertainty_only,Cylinder,4,0,2,minus_x,plus_z,0.11797429375243951,0.11925930994392908,0.0012850161914895741,0.0,-0.5,0.11797429375243951,0.048758688106620984,0.11925930994392908,0.0004982931423000991,0.0002888312446884811,0.00014086271403357387
ray_gpis_uncertainty_only,Cylinder,4,0,3,minus_x,minus_x,0.13469860210725104,0.13469860210725104,0.0,1.0,0.8660254037844387,0.13469860210725104,0.06446122567049328,0.00973401115537531,0.0002888684975914657,0.0002888684975914657,0.00017737800953909755
ray_gpis_uncertainty_only,Cylinder,4,0,4,minus_y,minus_y,0.02747549327537313,0.02747549327537313,0.0,1.0,1.0,0.0025343326492998086,0.02747549327537313,0.0006796341121794169,0.00013332645175978541,0.0001451132702641189,0.00011299008474452421
ray_gpis_uncertainty_only,Cylinder,1,0,0,minus_x,minus_x,0.1948993072945377,0.1948993072945377,0.0,1.0,1.0,0.1948993072945377,0.0521246974280542,0.013194768999994999,0.0006655214237980545,0.0003661794471554458,0.0001730007934384048
ray_gpis_uncertainty_only,Cylinder,1,0,1,minus_x,minus_x,0.11298548593527691,0.11298548593527691,0.0,1.0,1.0,0.11298548593527691,0.03600856284765841,0.015937183157932577,0.00037379394052550197,0.00018565560458227992,0.0001604912686161697
ray_gpis_uncertainty_only,Cylinder,1,0,2,minus_x,minus_x,0.015173457940263146,0.015173457940263146,0.0,1.0,1.0,0.015173457940263146,0.0031093265053196983,0.008212417032718466,0.00020066479919478297,0.00012472475646063685,0.00012990290997549891
ray_gpis_uncertainty_only,Cylinder,1,0,3,minus_x,minus_x,0.08031342920070228,0.08031342920070228,0.0,1.0,1.0,0.08031342920070228,-0.000889250290071586,0.001947184746105557,0.00022256950614973903,0.0001392943668179214,0.0001409856486134231
ray_gpis_uncertainty_only,Cylinder,1,0,4,minus_x,minus_x,0.06978500357916728,0.06978500357916728,0.0,1.0,1.0,0.06978500357916728,0.005368508120736526,0.009226940953302343,0.0001424049842171371,0.00012805144069716334,0.0001292398083023727
ray_gpis_uncertainty_only,Cylinder,12,0,0,minus_x,minus_x,0.24080039879925702,0.24080039879925702,0.0,1.0,1.0,0.24080039879925702,0.17926818626945185,0.13311546726475698,0.0001504497486166656,0.00014464760897681117,0.00013425591168925166
ray_gpis_uncertainty_only,Cylinder,12,0,1,minus_x,minus_x,0.045552149462712854,0.045552149462712854,0.0,1.0,1.0,0.045552149462712854,0.02081240384406441,0.013140763516423182,0.0005039332318119705,0.0001716764527373016,0.00013317185221239924
ray_gpis_uncertainty_only,Cylinder,12,0,2,minus_x,minus_x,0.015283290541049266,0.015283290541049266,0.0,1.0,1.0,0.015283290541049266,0.007102249197054156,0.0009304651615104076,0.0009768662275746465,0.00020070577738806605,0.00014100800035521388
ray_gpis_uncertainty_only,Cylinder,12,0,3,minus_x,minus_x,0.12523587371146305,0.12523587371146305,0.0,1.0,0.5,0.12523587371146305,0.015976283882238596,0.03774677887725453,0.0013071653665974736,0.00017585436580702662,0.0001750646042637527
ray_gpis_uncertainty_only,Cylinder,12,0,4,plus_z,minus_x,0.038126745987334565,0.10980658865531079,0.07167984266797622,0.0,0.8660254037844387,0.10980658865531079,0.0031191373192333005,0.038126745987334565,0.0003519078600220382,0.00024641508935019374,0.0003519078600220382
ray_gpis_uncertainty_only,Cylinder,7,0,0,minus_x,minus_x,0.15038329585953625,0.15038329585953625,0.0,1.0,0.5,0.15038329585953625,0.03442561843004244,0.10929131638698286,0.0008195789414457977,0.0005906039732508361,0.00028760003624483943
ray_gpis_uncertainty_only,Cylinder,7,0,1,minus_x,minus_x,0.0884016265740582,0.0884016265740582,0.0,1.0,0.5,0.0884016265740582,0.040156878640942806,0.0424212873628515,0.0005781149375252426,0.0005613250541500747,0.00017002614913508296
ray_gpis_uncertainty_only,Cylinder,7,0,2,minus_x,plus_z,0.07910355227030474,0.08707262751871281,0.007969075248408064,0.0,-1.0,0.07910355227030474,0.08456904515618213,0.08707262751871281,0.00017846579430624843,0.00015244464157149196,0.0001248961198143661
ray_gpis_uncertainty_only,Cylinder,7,0,3,minus_y,minus_x,0.018745582589084764,0.14866774947612071,0.12992216688703595,0.0,0.0,0.14866774947612071,0.018745582589084764,0.14286491045256644,0.00018016452668234706,0.00018016452668234706,0.00017379428027197719
ray_gpis_uncertainty_only,Cylinder,7,0,4,minus_y,minus_x,0.03407015366801258,0.11978413494617968,0.0857139812781671,0.0,0.0,0.11978413494617968,0.03407015366801258,0.06836749508315354,0.00017575378296896815,0.00017575378296896815,0.00015004182932898402
ray_gpis_uncertainty_only,Cylinder,14,0,0,minus_x,minus_x,0.07526808422634201,0.07526808422634201,0.0,1.0,0.5,0.07526808422634201,0.036834713537906016,0.0742673677344271,0.0007264112937264144,0.000523470516782254,0.000152904714923352
ray_gpis_uncertainty_only,Cylinder,14,0,1,minus_x,minus_x,0.19869352753316383,0.19869352753316383,0.0,1.0,0.5,0.19869352753316383,0.002518819728564381,0.07378343732631054,0.00030139664886519313,0.0002028385060839355,0.0001220928388647735
ray_gpis_uncertainty_only,Cylinder,14,0,2,minus_x,minus_x,0.003137000429761616,0.003137000429761616,0.0,1.0,0.5,0.003137000429761616,-0.008387295288716956,-0.004966151489574355,0.00044970790622755885,0.000378923665266484,0.00016201863763853908
ray_gpis_uncertainty_only,Cylinder,14,0,3,minus_x,minus_x,0.16914665065967405,0.16914665065967405,0.0,1.0,1.0,0.16914665065967405,0.10521453447426599,0.029315302072187133,0.0002614131080918014,0.0001826045918278396,0.00010819563613040373
ray_gpis_uncertainty_only,Cylinder,14,0,4,minus_y,plus_z,0.0660554753266287,0.06686130898653286,0.0008058336599041649,0.0,-0.5,0.03307426313034334,0.0660554753266287,0.06686130898653286,0.00011329928383929655,0.00011797452316386625,0.00011094117508037016
ray_gpis_uncertainty_only,Cylinder,2,0,0,minus_x,minus_y,0.029846918563457614,0.10103868522904003,0.07119176666558241,0.0,-0.5,0.029846918563457614,0.10103868522904003,0.07455596910681733,0.0006194358575157821,0.00036028603790327907,0.00018717179773375392
ray_gpis_uncertainty_only,Cylinder,2,0,1,minus_x,plus_z,0.0683238495811071,0.0768122368118912,0.0084883872307841,0.0,-0.5,0.0683238495811071,0.04262683457327526,0.0768122368118912,0.0003781692939810455,0.00019476580200716853,0.00012501160381361842
ray_gpis_uncertainty_only,Cylinder,2,0,2,minus_y,minus_x,0.13047833632526318,0.18121657378124856,0.05073823745598538,0.0,0.8660254037844387,0.18121657378124856,0.13047833632526318,0.1077781446563647,0.0003388153272680938,0.0003388153272680938,0.00013397837756201625
ray_gpis_uncertainty_only,Cylinder,2,0,3,minus_x,minus_y,0.04735451840357219,0.08802174572012667,0.04066722731655448,0.0,-0.5,0.04735451840357219,0.08802174572012667,0.05113298763583762,0.00022406707284972072,0.00018798763630911708,0.0001136569117079489
ray_gpis_uncertainty_only,Cylinder,2,0,4,minus_x,minus_x,0.12378347859949301,0.12378347859949301,0.0,1.0,0.5,0.12378347859949301,0.0454323181770806,0.062041677317530186,0.00021363998530432582,0.00014839525101706386,0.0001275373506359756
ray_gpis_uncertainty_only,Cylinder,6,0,0,minus_x,minus_x,0.12143067607032004,0.12143067607032004,0.0,1.0,1.0,0.12143067607032004,0.0700546616775049,0.04491549138476092,0.00063685531495139,0.0005652906256727874,0.0001930372673086822
ray_gpis_uncertainty_only,Cylinder,6,0,1,minus_x,minus_x,0.06775697853688778,0.06775697853688778,0.0,1.0,1.0,0.06775697853688778,0.030792180886886844,0.005041012982112236,0.0010358263971284032,0.00044927577255293727,0.0001475682365708053
ray_gpis_uncertainty_only,Cylinder,6,0,2,minus_x,minus_x,0.14746288804105456,0.14746288804105456,0.0,1.0,1.0,0.14746288804105456,0.08809847686180516,0.0006097112392753345,0.0006117617595009506,0.00041444430826231837,0.00011415610060794279
ray_gpis_uncertainty_only,Cylinder,6,0,3,minus_x,minus_x,0.13086804463086787,0.13086804463086787,0.0,1.0,1.0,0.13086804463086787,0.0182150343494204,0.0008223128814817127,0.00036017055390402675,0.00020133162615820765,0.0001250339555554092
ray_gpis_uncertainty_only,Cylinder,6,0,4,plus_z,minus_y,0.022321509378174675,0.032503168606220156,0.010181659228045481,0.0,-0.8660254037844387,0.023795888749104654,0.032503168606220156,0.022321509378174675,0.00011346319661242887,0.00011320242629153654,0.00011346319661242887
ray_gpis_uncertainty_only,Cylinder,3,0,0,minus_x,minus_x,0.1936040557415566,0.1936040557415566,0.0,1.0,0.5,0.1936040557415566,0.15352457548275067,0.16279629391557027,0.00011888163135154173,0.00011501664266688749,0.00010981800005538389
ray_gpis_uncertainty_only,Cylinder,3,0,1,minus_x,minus_x,0.29789894207022605,0.29789894207022605,0.0,1.0,0.5,0.29789894207022605,0.1444646321871933,0.19165851035988601,0.0008355622994713485,0.00028089265106245875,0.0001961832749657333
ray_gpis_uncertainty_only,Cylinder,3,0,2,minus_x,plus_z,0.008523496177364809,0.04139590211966837,0.03287240594230356,0.0,-1.0,0.008523496177364809,0.015581727125247413,0.04139590211966837,0.0002388248103670776,0.00013154203770682216,0.00012882630107924342
ray_gpis_uncertainty_only,Cylinder,3,0,3,minus_x,plus_z,0.03990654752351508,0.06528938366275938,0.025382836139244302,0.0,0.5,0.03990654752351508,0.012372276805659443,0.06528938366275938,0.00024086813209578395,0.00012384186265990138,0.0002054927754215896
ray_gpis_uncertainty_only,Cylinder,3,0,4,minus_x,minus_x,0.08331027302496063,0.08331027302496063,0.0,1.0,0.8660254037844387,0.08331027302496063,0.009577070797146203,0.06140969053827994,0.00021786073921248317,0.00012356991646811366,0.00021786073921248317
ray_gpis_uncertainty_only,Cylinder,9,0,0,minus_x,minus_x,0.05635288855552412,0.05635288855552412,0.0,1.0,1.0,0.05635288855552412,0.051093673291803254,0.045193934489280885,0.0007360057788901031,0.00045743974624201655,0.00017443689284846187
ray_gpis_uncertainty_only,Cylinder,9,0,1,minus_x,plus_z,0.01571555823853188,0.01774545547913875,0.0020298972406068705,0.0,-1.0,0.01571555823853188,0.01703385272959468,0.01774545547913875,0.0007193500059656799,0.00026527995942160487,0.0001369064557366073
ray_gpis_uncertainty_only,Cylinder,9,0,2,minus_x,minus_x,0.17733836102648814,0.17733836102648814,0.0,1.0,1.0,0.17733836102648814,0.04538365196707228,0.022853076851617526,0.0009330829489044845,0.0005723779904656112,0.00013917888281866908
ray_gpis_uncertainty_only,Cylinder,9,0,3,minus_x,plus_z,0.10347159094720604,0.11969891871178118,0.01622732776457514,0.0,0.5,0.10347159094720604,0.012517659077664445,0.11969891871178118,0.00041829998372122645,0.00014302338240668178,0.00022195855854079127
ray_gpis_uncertainty_only,Cylinder,9,0,4,plus_z,plus_z,0.09502472014172836,0.09502472014172836,0.0,1.0,0.8660254037844387,0.07053089260039691,0.023072195463892053,0.09502472014172836,0.00024251098511740565,0.00011904740676982328,0.00024251098511740565
ray_gpis_uncertainty_only,Cylinder,10,0,0,minus_x,minus_x,0.12961833060390165,0.12961833060390165,0.0,1.0,1.0,0.12961833060390165,0.12373769364380521,0.020521950542142064,0.0004411546397022903,0.0002582372981123626,0.0001672489452175796
ray_gpis_uncertainty_only,Cylinder,10,0,1,minus_x,minus_y,0.04830630323574192,0.07184147835696064,0.02353517512121872,0.0,0.5,0.04830630323574192,0.07184147835696064,0.03466320525676181,0.0004220103728584945,0.00014983693836256862,0.00011535191879374906
ray_gpis_uncertainty_only,Cylinder,10,0,2,minus_x,minus_x,0.16252417480908476,0.16252417480908476,0.0,1.0,1.0,0.16252417480908476,0.05013256617464634,0.002746252751819722,0.0006427785265259445,0.00016982312081381679,0.00012959371088072658
ray_gpis_uncertainty_only,Cylinder,10,0,3,minus_x,minus_x,0.10935719354297746,0.10935719354297746,0.0,1.0,0.5,0.10935719354297746,0.05086148562523074,0.021076452915440913,0.0003308338928036392,0.0001601485419087112,0.00022259558318182826
ray_gpis_uncertainty_only,Cylinder,10,0,4,plus_z,minus_x,0.0276068196401571,0.03364605731228465,0.006039237672127551,0.0,-0.5,0.03364605731228465,0.03152801800375937,0.0276068196401571,0.00011340731725795195,0.00011177936539752409,0.00011489370808703825
ray_gpis_uncertainty_only,Cylinder,5,0,0,minus_x,minus_x,0.24182355719527776,0.24182355719527776,0.0,1.0,1.0,0.24182355719527776,0.17935848494438994,0.10999192208279013,0.00013268942711874843,0.0001302754390053451,0.00012572499690577388
ray_gpis_uncertainty_only,Cylinder,5,0,1,minus_x,plus_z,0.016586312863408503,0.047000261201146754,0.03041394833773825,0.0,-1.0,0.016586312863408503,0.03764071835392624,0.047000261201146754,0.0005536230164580047,0.00020244548795744777,0.00012419017730280757
ray_gpis_uncertainty_only,Cylinder,5,0,2,minus_x,minus_x,0.08232373928567482,0.08232373928567482,0.0,1.0,1.0,0.08232373928567482,0.06369300607733785,0.045270464745053696,0.0006283728289417922,0.0003186261164955795,0.00016207637963816524
ray_gpis_uncertainty_only,Cylinder,5,0,3,minus_x,minus_x,0.1366432912242561,0.1366432912242561,0.0,1.0,0.5,0.1366432912242561,0.04596238202131786,0.11000809406523715,0.00022447685478255153,0.0001601485419087112,0.00014377961633726954
ray_gpis_uncertainty_only,Cylinder,5,0,4,plus_z,minus_x,0.04826177798871678,0.09312072492944012,0.04485894694072334,0.0,0.8660254037844387,0.09312072492944012,0.04545422844066138,0.04826177798871678,0.0001251904177479446,0.0001234879600815475,0.0001251904177479446
ray_gpis_uncertainty_only,Cylinder,11,0,0,minus_x,minus_x,0.09057607295149489,0.09057607295149489,0.0,1.0,0.5,0.09057607295149489,0.06154541053495405,0.06256997818365811,0.0006909297662787139,0.00034770945785567164,0.00021244975505396724
ray_gpis_uncertainty_only,Cylinder,11,0,1,minus_x,plus_z,0.0845893318851818,0.11072159545594595,0.026132263570764147,0.0,-0.5,0.0845893318851818,0.03216890146236295,0.11072159545594595,0.0012143944622948766,0.0004900993662886322,0.00023530441103503108
ray_gpis_uncertainty_only,Cylinder,11,0,2,minus_x,plus_z,0.07193464591359078,0.07726142487401222,0.005326778960421441,0.0,-0.5,0.07193464591359078,0.006598737171493729,0.07726142487401222,0.0006349256145767868,0.0003425089525990188,0.00017959828255698085
ray_gpis_uncertainty_only,Cylinder,11,0,3,minus_x,minus_x,0.1329348957151647,0.1329348957151647,0.0,1.0,1.0,0.1329348957151647,0.0205544847971465,0.016696614258130515,0.00046417320845648646,0.00029361824272200465,0.00013814325211569667
ray_gpis_uncertainty_only,Cylinder,11,0,4,minus_x,minus_x,0.09184890768982046,0.09184890768982046,0.0,1.0,0.8660254037844387,0.09184890768982046,0.05227175920215532,0.03224997117259576,0.00019165704725310206,0.00019165704725310206,0.00013728271005675197
ray_gpis_uncertainty_only,Cylinder,0,0,0,minus_x,minus_y,0.16363064851411052,0.2132968791263825,0.04966623061227199,0.0,0.5,0.16363064851411052,0.2132968791263825,0.06658408063245669,0.00013373995898291469,0.00013244914589449763,0.00012659112690016627
ray_gpis_uncertainty_only,Cylinder,0,0,1,minus_x,plus_z,-0.026928789578277268,-0.02015825123198356,0.0067705383462937085,0.0,-0.5,-0.026928789578277268,-0.04016590905602718,-0.02015825123198356,0.0007819739985279739,0.000354962598066777,0.00014456751523539424
ray_gpis_uncertainty_only,Cylinder,0,0,2,minus_x,minus_x,0.22501971824208006,0.22501971824208006,0.0,1.0,0.5,0.22501971824208006,0.17664537074148673,0.15069978373213716,0.0003048723447136581,0.00012771988986060023,0.00019879842875525355
ray_gpis_uncertainty_only,Cylinder,0,0,3,plus_z,minus_x,0.040907874062455996,0.04828115869055438,0.007373284628098387,0.0,0.8660254037844387,0.04828115869055438,0.03913392327583631,0.040907874062455996,0.0002052394556812942,0.00014711375115439296,0.0002052394556812942
ray_gpis_uncertainty_only,Cylinder,0,0,4,minus_x,minus_y,0.010096263684818307,0.015187460455677648,0.005091196770859341,0.0,-0.8660254037844387,0.010096263684818307,0.015187460455677648,0.01170812393175713,0.00025192851899191737,0.00011823901877505705,0.00011823901877505705
ray_gpis_uncertainty_only,Cross,8,0,0,minus_x,plus_z,0.19098096589572933,0.2175882239441972,0.026607258048467863,0.0,-1.0,0.19098096589572933,0.19362288441340159,0.2175882239441972,0.00011361407086951658,0.00011325271771056578,0.00011219846055610105
ray_gpis_uncertainty_only,Cross,8,0,1,minus_x,minus_x,0.223374909558268,0.223374909558268,0.0,1.0,0.5,0.223374909558268,0.05846912541727206,0.09687085533041007,0.00010426172957522795,0.00010415555880172178,0.00010393576667411253
ray_gpis_uncertainty_only,Cross,8,0,2,minus_x,minus_x,0.07744560430330238,0.07744560430330238,0.0,1.0,0.5,0.07744560430330238,0.05010705944918936,0.0640435962673842,0.00012077594146830961,0.00011857429490191862,0.0001137053404818289
ray_gpis_uncertainty_only,Cross,8,0,3,minus_y,minus_x,0.038149907056995724,0.1033978683309622,0.06524796127396648,0.0,-0.5,0.1033978683309622,0.038149907056995724,0.05496954203381166,0.0001122971807490103,0.00014563108561560512,0.00010873207793338224
ray_gpis_uncertainty_only,Cross,8,0,4,minus_y,minus_x,0.030952889753050883,0.09025637927981645,0.05930348952676556,0.0,nan,0.09025637927981645,0.030952889753050883,0.04861115507730163,0.00011862644896609709,0.00011862644896609709,0.00011862644896609709
ray_gpis_uncertainty_only,Cross,13,0,0,minus_x,minus_x,0.1172602941017773,0.1172602941017773,0.0,1.0,1.0,0.1172602941017773,0.06591231885609389,0.05491471132405357,0.00010920705244643614,0.00010911764547927305,0.00010821426258189604
ray_gpis_uncertainty_only,Cross,13,0,1,minus_x,minus_x,0.08177722155157119,0.08177722155157119,0.0,1.0,0.5,0.08177722155157119,0.02678510466614925,0.032753346531674166,0.00021627004025503993,0.0001331327366642654,0.00011147202894790098
ray_gpis_uncertainty_only,Cross,13,0,2,minus_x,minus_x,0.13086353952642704,0.13086353952642704,0.0,1.0,1.0,0.13086353952642704,0.11043359044238066,0.10428290215441305,0.00036656687734648585,0.00035278330324217677,0.00033248605905100703
ray_gpis_uncertainty_only,Cross,13,0,3,minus_x,minus_x,0.11031234326833494,0.11031234326833494,0.0,1.0,1.0,0.11031234326833494,0.05011968982643977,0.02421006117365332,0.00021138990996405482,0.00017633865354582667,0.00011141801223857328
ray_gpis_uncertainty_only,Cross,13,0,4,minus_y,minus_x,0.04770443914124167,0.07819034109834966,0.030485901957107986,0.0,0.5,0.07819034109834966,0.04770443914124167,0.041668350335424154,0.00013136694906279445,0.00013439933536574244,0.00011966580495936796
ray_gpis_uncertainty_only,Cross,4,0,0,minus_x,minus_x,0.3661094343546895,0.3661094343546895,0.0,1.0,1.0,0.3661094343546895,0.2978653276231875,0.19388637502994482,0.0002977961557917297,0.00024009140906855464,0.00012497621355578303
ray_gpis_uncertainty_only,Cross,4,0,1,minus_x,minus_x,0.14767151170156556,0.14767151170156556,0.0,1.0,0.5,0.14767151170156556,0.06365925642170428,0.06744265800344551,0.0004062505322508514,0.000360535632353276,0.00011238286242587492
ray_gpis_uncertainty_only,Cross,4,0,2,minus_x,minus_y,-0.010968047751991228,-0.006008463843687251,0.004959583908303977,0.0,0.8660254037844387,-0.010968047751991228,-0.006008463843687251,-0.017597332190286363,0.00020245666382834315,0.00020245666382834315,0.00011106783495051786
ray_gpis_uncertainty_only,Cross,4,0,3,minus_x,plus_z,0.10037979518444906,0.12732163785255624,0.026941842668107174,0.0,0.5,0.10037979518444906,0.09530985235467371,0.12732163785255624,0.0001042468284140341,0.00010418349847896025,0.0001042170260916464
ray_gpis_uncertainty_only,Cross,4,0,4,minus_x,minus_x,0.10683696341077664,0.10683696341077664,0.0,1.0,0.5,0.10683696341077664,0.03909947575909567,0.06572977483666365,0.00010311061487300321,0.0001029653285513632,0.00010286474571330473
ray_gpis_uncertainty_only,Cross,1,0,0,minus_x,minus_x,0.16277240221627193,0.16277240221627193,0.0,1.0,0.8660254037844387,0.16277240221627193,0.09913506264666794,0.11050257179292938,0.00030772219179198146,0.00015328096924349666,0.00015328096924349666
ray_gpis_uncertainty_only,Cross,1,0,1,minus_x,minus_x,0.12349349817896604,0.12349349817896604,0.0,1.0,0.5,0.12349349817896604,0.05051596708683792,0.07141596763805413,0.0005581827717833221,0.0001297874259762466,0.00012501160381361842
ray_gpis_uncertainty_only,Cross,1,0,2,minus_x,minus_x,0.0463431751246719,0.0463431751246719,0.0,1.0,0.5,0.0463431751246719,0.03076967318911472,0.0228619670092306,0.0002197345602326095,0.00010961497173411772,0.00016676838276907802
ray_gpis_uncertainty_only,Cross,1,0,3,minus_x,minus_y,0.09459982085176799,0.09976169214206398,0.005161871290295994,0.0,-1.0,0.09459982085176799,0.09976169214206398,0.09888554915092362,0.0001188201640616171,0.00011615285620791838,0.00011812726006610319
ray_gpis_uncertainty_only,Cross,1,0,4,plus_z,minus_x,0.028345458228454135,0.032186930216404064,0.0038414719879499293,0.0,0.8660254037844387,0.032186930216404064,0.02002145644756892,0.028345458228454135,0.0001143796180258505,0.00010925361857516691,0.0001143796180258505
ray_gpis_uncertainty_only,Cross,12,0,0,minus_x,minus_y,0.0736866103254748,0.09722732545498758,0.02354071512951278,0.0,0.5,0.0736866103254748,0.09722732545498758,0.07088686169494313,0.0007509255665354431,0.00040498393354937434,0.0001309608924202621
ray_gpis_uncertainty_only,Cross,12,0,1,minus_x,minus_x,0.12903543431978798,0.12903543431978798,0.0,1.0,1.0,0.12903543431978798,0.06589482900195648,0.056278671232885824,0.0002751966821961105,0.00017198751447722316,0.00011308507964713499
ray_gpis_uncertainty_only,Cross,12,0,2,minus_x,minus_x,0.18354032860829872,0.18354032860829872,0.0,1.0,1.0,0.18354032860829872,0.08879422685053351,0.04904578127364645,0.00037487054942175746,0.00015570054529234767,0.00015456060646101832
ray_gpis_uncertainty_only,Cross,12,0,3,minus_x,minus_y,0.02536490425532345,0.03398049823136262,0.008615593976039171,0.0,-0.8660254037844387,0.02536490425532345,0.03398049823136262,0.027076599297344517,0.00011880898819072172,0.000110859218693804,0.00011880898819072172
ray_gpis_uncertainty_only,Cross,12,0,4,minus_x,plus_z,-0.011048184691563545,-0.010872486174025697,0.00017569851753784782,0.0,0.8660254037844387,-0.011048184691563545,-0.022513894519099575,-0.010872486174025697,0.00012037361011607572,0.00011009180889232084,0.00012037361011607572
ray_gpis_uncertainty_only,Cross,7,0,0,minus_x,minus_x,0.15774087688176902,0.15774087688176902,0.0,1.0,1.0,0.15774087688176902,0.14666184878950833,0.07933540921204069,0.00033361854730173945,0.00024104135809466243,0.00011749396071536466
ray_gpis_uncertainty_only,Cross,7,0,1,minus_x,minus_x,0.12551304826952336,0.12551304826952336,0.0,1.0,0.5,0.12551304826952336,0.03447450979517841,0.054379056728940944,0.00016480329213663936,0.00012431497452780604,0.00010657886014087126
ray_gpis_uncertainty_only,Cross,7,0,2,minus_x,plus_z,0.07782765025306448,0.09510747691171761,0.01727982665865313,0.0,0.5,0.07782765025306448,0.051796314273797606,0.09510747691171761,0.00016140769002959132,0.00010891834244830534,0.0001259727287106216
ray_gpis_uncertainty_only,Cross,7,0,3,minus_x,minus_x,0.0825574395211961,0.0825574395211961,0.0,1.0,0.8660254037844387,0.0825574395211961,0.014815109685596961,0.02087029221075576,0.00015638599870726466,0.00012002715811831877,0.00015638599870726466
ray_gpis_uncertainty_only,Cross,7,0,4,minus_x,minus_y,-0.05413639687314786,-0.015344521437422931,0.03879187543572493,0.0,-1.0,-0.05413639687314786,-0.015344521437422931,-0.04777851170751257,0.0001256188261322677,0.00011952424392802641,0.00012276897905394435
ray_gpis_uncertainty_only,Cross,14,0,0,minus_x,minus_x,0.20141391514479368,0.20141391514479368,0.0,1.0,1.0,0.20141391514479368,0.04322521374115368,0.03852188219501168,0.00011693889246089384,0.00011684948549373075,0.00011459941015345976
ray_gpis_uncertainty_only,Cross,14,0,1,minus_x,plus_z,0.03027229430913103,0.04476716322256835,0.01449486891343732,0.0,-1.0,0.03027229430913103,0.037063537003085734,0.04476716322256835,0.0002407023566775024,0.0002381095546297729,0.00011160800204379484
ray_gpis_uncertainty_only,Cross,14,0,2,minus_x,minus_y,0.016717734794192363,0.07390203268444229,0.057184297890249924,0.0,0.0,0.016717734794192363,0.07390203268444229,0.030929565596361175,0.00032400171039626,0.00032400171039626,0.00011451372847659513
ray_gpis_uncertainty_only,Cross,14,0,3,minus_x,minus_x,0.0556838799484185,0.0556838799484185,0.0,1.0,1.0,0.0556838799484185,0.04184307829083411,0.02849281321269681,0.0004514438915066421,0.0003817213582806289,0.00011918524251086637
ray_gpis_uncertainty_only,Cross,14,0,4,minus_x,minus_x,0.14094872886668586,0.14094872886668586,0.0,1.0,1.0,0.14094872886668586,0.05166674084093792,0.0281604546405555,0.0004463774967007339,0.00034505705116316676,0.00011646205530269071
ray_gpis_uncertainty_only,Cross,2,0,0,minus_x,minus_x,0.2948871007894613,0.2948871007894613,0.0,1.0,1.0,0.2948871007894613,0.11736991874878372,0.08550499597316269,0.0001128634248743765,0.0001126883362303488,0.00011172907397849485
ray_gpis_uncertainty_only,Cross,2,0,1,minus_x,minus_x,-0.023802800210713126,-0.023802800210713126,0.0,1.0,0.5,-0.023802800210713126,-0.02809942456043779,-0.025338153595417023,0.00021719763753935695,0.0001384151983074844,0.00011053139314753935
ray_gpis_uncertainty_only,Cross,2,0,2,minus_x,minus_x,0.05472816380621881,0.05472816380621881,0.0,1.0,0.5,0.05472816380621881,0.011880589287492693,0.01767023683493041,0.0001049993370543234,0.00010474229202372953,0.00010426545486552641
ray_gpis_uncertainty_only,Cross,2,0,3,minus_x,minus_x,0.054402931572613,0.054402931572613,0.0,1.0,0.5,0.054402931572613,0.014999061372898082,0.008237851304577881,0.00010473484144313261,0.0001042952571879141,0.0001045113240252249
ray_gpis_uncertainty_only,Cross,2,0,4,minus_x,minus_x,0.09679852917274168,0.09679852917274168,0.0,1.0,1.0,0.09679852917274168,0.005233797999475764,0.012095531082688571,0.00010495835886104032,0.00010457465396029875,0.00010479072079760954
ray_gpis_uncertainty_only,Cross,6,0,0,minus_x,minus_x,0.1504333831060654,0.1504333831060654,0.0,1.0,0.5,0.1504333831060654,0.043360861485333746,0.08580462801742922,0.00033731962321326137,0.000250376935582608,0.00012450682697817683
ray_gpis_uncertainty_only,Cross,6,0,1,minus_x,minus_x,0.23547676231376058,0.23547676231376058,0.0,1.0,1.0,0.23547676231376058,0.07305914600945629,0.05489429702231374,0.00010932812438113615,0.0001089220677386038,0.00010812671825988218
ray_gpis_uncertainty_only,Cross,6,0,2,minus_x,minus_x,0.04871626702836862,0.04871626702836862,0.0,1.0,0.5,0.04871626702836862,0.009996363303705347,0.023725221091741022,0.00021159107564017177,0.00011629441723925993,0.0001145956848631613
ray_gpis_uncertainty_only,Cross,6,0,3,minus_x,minus_y,0.023550583961964966,0.029624239696013577,0.006073655734048611,0.0,-0.5,0.023550583961964966,0.029624239696013577,0.012935855375194927,0.00013835931895300746,0.00012036988482577726,0.00012121552572352812
ray_gpis_uncertainty_only,Cross,6,0,4,minus_y,plus_z,0.020527346369088373,0.030638885979038966,0.010111539609950593,0.0,-0.8660254037844387,0.012327926208945517,0.020527346369088373,0.030638885979038966,0.00012953783152624965,0.00012953783152624965,0.00011990049824817106
ray_gpis_uncertainty_only,Cross,3,0,0,minus_x,minus_x,0.28888962628512477,0.28888962628512477,0.0,1.0,0.5,0.28888962628512477,0.1048785953304106,0.12115717417239913,0.00012049095676047727,0.00011919083044631407,0.0001173095588455908
ray_gpis_uncertainty_only,Cross,3,0,1,minus_x,minus_x,0.06504301703520432,0.06504301703520432,0.0,1.0,0.5,0.06504301703520432,0.041170604526258425,0.04815573203814272,0.0002074355143122375,0.0001279042917303741,0.00012744421837851405
ray_gpis_uncertainty_only,Cross,3,0,2,minus_x,minus_x,0.0695045374214791,0.0695045374214791,0.0,1.0,1.0,0.0695045374214791,0.0017075399253874135,0.054156138508746676,0.00014820153592154384,0.00011597590491874143,0.00014542060671374202
ray_gpis_uncertainty_only,Cross,3,0,3,minus_x,minus_x,0.029311071404417244,0.029311071404417244,0.0,1.0,0.5,0.029311071404417244,0.009625530444772323,0.0067438538046068475,0.00013586709974333644,0.00011735239968402311,0.0001230781781487167
ray_gpis_uncertainty_only,Cross,3,0,4,minus_x,minus_y,0.04454271045450564,0.04581506381061107,0.0012723533561054268,0.0,-0.5,0.04454271045450564,0.04581506381061107,0.019115107188877878,0.000142904173117131,0.00010979751095874235,0.00013496557949110866
ray_gpis_uncertainty_only,Cross,9,0,0,minus_x,minus_x,0.16684914431975556,0.16684914431975556,0.0,1.0,0.5,0.16684914431975556,0.015519744680644543,0.0214903477951075,0.0002464355784468353,0.00016880239127203822,0.0001127665673266165
ray_gpis_uncertainty_only,Cross,9,0,1,minus_x,minus_x,0.1594531825829253,0.1594531825829253,0.0,1.0,1.0,0.1594531825829253,0.008514276295716772,0.014143946364598259,0.0002929774927906692,0.000113206151581835,0.00012181343481643125
ray_gpis_uncertainty_only,Cross,9,0,2,minus_x,minus_y,0.02425483517993987,0.045983766550447,0.021728931370507132,0.0,-1.0,0.02425483517993987,0.045983766550447,0.03672196934046057,0.0001710636424832046,0.00011025944695575163,0.00011842155799968168
ray_gpis_uncertainty_only,Cross,9,0,3,minus_x,minus_x,0.11719994131056377,0.11719994131056377,0.0,1.0,0.8660254037844387,0.11719994131056377,0.06953618467546674,0.006988801059894523,0.00017084385035559535,0.00015755946515128016,0.00015755946515128016
ray_gpis_uncertainty_only,Cross,9,0,4,minus_x,minus_y,0.022378949686575833,0.038038666151925415,0.015659716465349582,0.0,0.5,0.022378949686575833,0.038038666151925415,0.011403329772293525,0.00010894069419009611,0.0001068880592356436,0.00010670552001101896
ray_gpis_uncertainty_only,Cross,10,0,0,minus_x,minus_y,0.02685215565929361,0.04941131890869299,0.022559163249399383,0.0,-0.5,0.02685215565929361,0.04941131890869299,0.027501327545688237,0.0002444257843308151,0.00015465373871847987,0.00011726671800715849
ray_gpis_uncertainty_only,Cross,10,0,1,minus_x,minus_x,0.16179777011989355,0.16179777011989355,0.0,1.0,1.0,0.16179777011989355,0.07043704272854884,0.057438522423890526,0.0004589391755871475,0.000149138446431607,0.0001370740938000381
ray_gpis_uncertainty_only,Cross,10,0,2,minus_x,minus_x,0.10123794213632187,0.10123794213632187,0.0,1.0,1.0,0.10123794213632187,0.026306475251544392,0.04244305435154094,0.00019470806000754237,0.00011727044329745695,0.00011744925723178312
ray_gpis_uncertainty_only,Cross,10,0,3,minus_x,minus_x,0.12212036179553565,0.12212036179553565,0.0,1.0,1.0,0.12212036179553565,0.06495997147282773,0.10367143845992288,0.00014961714623495936,0.00011886486754519865,0.0001458471524529159
ray_gpis_uncertainty_only,Cross,10,0,4,minus_x,plus_z,0.025877245115146774,0.031563897975254385,0.0056866528601076105,0.0,0.5,0.025877245115146774,0.014408628935365653,0.031563897975254385,0.00011447275028331205,0.00010892951831920072,0.00011144036398036405
ray_gpis_uncertainty_only,Cross,5,0,0,minus_x,minus_x,0.2033056212294002,0.2033056212294002,0.0,1.0,1.0,0.2033056212294002,0.10245190335440574,0.08872096994943274,0.00011254491255385801,0.00011232884571654722,0.00011070089385611936
ray_gpis_uncertainty_only,Cross,5,0,1,minus_x,minus_x,0.14675779584525184,0.14675779584525184,0.0,1.0,1.0,0.14675779584525184,0.08773908672527098,0.040309264461718675,0.00010948831186397001,0.00010914558515651152,0.00010870786354644224
ray_gpis_uncertainty_only,Cross,5,0,2,minus_x,minus_x,0.16887235209697782,0.16887235209697782,0.0,1.0,0.5,0.16887235209697782,0.07514309115941431,0.0179916090257336,0.0001405032235197723,0.00011865997657878324,0.00012394617078825831
ray_gpis_uncertainty_only,Cross,5,0,3,minus_y,minus_y,0.01749346676845831,0.01749346676845831,0.0,1.0,0.5,0.015613622812183592,0.01749346676845831,0.008016458179695984,0.00010711157665355131,0.00010960752115352079,0.00010791996464831755
ray_gpis_uncertainty_only,Cross,5,0,4,minus_y,plus_z,0.009153963807872478,0.01496177987258751,0.005807816064715032,0.0,-0.5,0.007371440968836351,0.009153963807872478,0.01496177987258751,0.00010705942258937284,0.00011655891285045072,0.00010668689355952665
ray_gpis_uncertainty_only,Cross,11,0,0,minus_x,plus_z,0.28080992951174016,0.3286701257464123,0.04786019623467214,0.0,-0.5,0.28080992951174016,0.2706626630980626,0.3286701257464123,0.00027068908093497157,0.00014855171320959926,0.0001235848176293075
ray_gpis_uncertainty_only,Cross,11,0,1,minus_x,minus_y,0.13018298174693793,0.1351664809181508,0.0049834991712128796,0.0,0.5,0.13018298174693793,0.1351664809181508,0.07437929930249787,0.00010296346590621397,0.00010290386126143858,0.00010288523480994627
ray_gpis_uncertainty_only,Cross,11,0,2,minus_x,minus_x,0.07718020242909551,0.07718020242909551,0.0,1.0,1.0,0.07718020242909551,0.01002954119877486,0.05494642532227312,0.00010279769048793241,0.00010242888674838468,0.00010265612945659086
ray_gpis_uncertainty_only,Cross,11,0,3,minus_x,minus_x,0.058023293574701595,0.058023293574701595,0.0,1.0,0.5,0.058023293574701595,0.023981079535049687,0.04512732678118514,0.0001029653285513632,0.00010271945939166471,0.00010246241436107084
ray_gpis_uncertainty_only,Cross,11,0,4,minus_x,minus_x,0.1540799790698636,0.1540799790698636,0.0,1.0,1.0,0.1540799790698636,0.058344512558702766,0.10178562625422383,0.0001036992107401602,0.00010361352906329557,0.00010368803486926481
ray_gpis_uncertainty_only,Cross,0,0,0,minus_x,plus_z,0.013553462158067797,0.05512291906487987,0.041569456906812075,0.0,-1.0,0.013553462158067797,0.04843869948924523,0.05512291906487987,0.0001052694206009619,0.00010520236537558958,0.00010450946138007566
ray_gpis_uncertainty_only,Cross,0,0,1,minus_x,minus_x,0.22662220431310492,0.22662220431310492,0.0,1.0,0.5,0.22662220431310492,0.07959306770673796,0.1634745875067219,0.00010889412806136534,0.00010859796748263761,0.00010671297059161589
ray_gpis_uncertainty_only,Cross,0,0,2,minus_x,minus_x,0.11416268258116447,0.11416268258116447,0.0,1.0,1.0,0.11416268258116447,0.10738123543440437,0.04210825769322257,0.00028180720983073115,0.00014815869508311152,0.0001348966616205871
ray_gpis_uncertainty_only,Cross,0,0,3,minus_x,minus_x,0.1013037221307892,0.1013037221307892,0.0,1.0,0.5,0.1013037221307892,0.02922220333666825,0.016954642714743895,0.00014721060870215297,0.00012235547183081508,0.00012929941294714808
ray_gpis_uncertainty_only,Cross,0,0,4,minus_x,minus_x,0.02614211867345484,0.02614211867345484,0.0,1.0,0.5,0.02614211867345484,0.006067277441792918,-0.009128370579219558,0.000143783341627568,0.00010837817535502836,0.00012345070717856288
ray_gpis_uncertainty_only,Bowl,8,0,0,minus_y,minus_x,0.06563066815073476,0.08930793450969537,0.023677266358960614,0.0,0.8660254037844387,0.08930793450969537,0.06563066815073476,0.058518733651395316,0.0007907023536972702,0.0007907023536972702,0.0003447757917456329
ray_gpis_uncertainty_only,Bowl,8,0,1,minus_y,minus_x,0.0366347299214434,0.11548443276536874,0.07884970284392534,0.0,0.0,0.11548443276536874,0.0366347299214434,0.08192362098390765,0.0009202455985359848,0.0009202455985359848,0.0003129115211777389
ray_gpis_uncertainty_only,Bowl,8,0,2,minus_y,minus_x,0.03577069075163519,0.058616677674094286,0.022845986922459094,0.0,0.5,0.058616677674094286,0.03577069075163519,0.028332879633845676,0.0003610944258980453,0.0012352262856438756,0.00024603138444945216
ray_gpis_uncertainty_only,Bowl,8,0,3,minus_y,plus_z,0.13880825343341574,0.14633909275328627,0.00753083931987053,0.0,-0.5,0.06602578946117577,0.13880825343341574,0.14633909275328627,0.0004961846279911697,0.0011696090223267674,0.00044448504922911525
ray_gpis_uncertainty_only,Bowl,8,0,4,plus_z,minus_x,0.06275611866212827,0.1431352732471669,0.08037915458503864,0.0,-0.8660254037844387,0.1431352732471669,0.08804014721594311,0.06275611866212827,0.00015574152348563075,0.0006139298784546554,0.0006139298784546554
ray_gpis_uncertainty_only,Bowl,13,0,0,plus_z,minus_x,0.13798870322900364,0.27822971888173875,0.1402410156527351,0.0,0.8660254037844387,0.27822971888173875,0.08376544114239554,0.13798870322900364,0.0005198383587412536,0.0003295188653282821,0.0005198383587412536
ray_gpis_uncertainty_only,Bowl,13,0,1,minus_y,minus_x,0.08068016205721457,0.12472768074370694,0.04404751868649237,0.0,nan,0.12472768074370694,0.08068016205721457,0.12114998062589694,0.0004956500488333404,0.0004956500488333404,0.0004956500488333404
ray_gpis_uncertainty_only,Bowl,13,0,2,minus_x,minus_x,-0.04772046874850122,-0.04772046874850122,0.0,1.0,1.0,-0.04772046874850122,-0.05724754774940122,-0.055050662784923876,0.0004147423314861953,0.00013254227815195918,0.0003955421852879226
ray_gpis_uncertainty_only,Bowl,13,0,3,plus_z,minus_x,0.08306033787100875,0.09878857654347406,0.01572823867246531,0.0,0.0,0.09878857654347406,0.08834145939934346,0.08306033787100875,0.00019952486036345363,0.0001122971807490103,0.00019952486036345363
ray_gpis_uncertainty_only,Bowl,13,0,4,plus_z,minus_x,0.07837331532212011,0.09236143305474764,0.013988117732627536,0.0,0.8660254037844387,0.09236143305474764,0.0746889824454201,0.07837331532212011,0.00019265542505308986,0.00011840293154818937,0.00019265542505308986
ray_gpis_uncertainty_only,Bowl,4,0,0,minus_x,minus_x,0.12936047690632746,0.12936047690632746,0.0,1.0,1.0,0.12936047690632746,0.08413929025632338,0.05637810996287035,0.000523196707945317,0.0004360174643807113,0.00038015301106497645
ray_gpis_uncertainty_only,Bowl,4,0,1,minus_x,minus_x,0.16910779962293088,0.16910779962293088,0.0,1.0,1.0,0.16910779962293088,0.004458446598722854,0.03204095538999863,0.000355575408320874,0.00018443743465468287,0.0002547634649090469
ray_gpis_uncertainty_only,Bowl,4,0,2,minus_x,plus_z,-0.03268989771919839,0.0174690908665045,0.05015898858570289,0.0,-0.5,-0.03268989771919839,0.009533787001238747,0.0174690908665045,0.00026444176910445094,0.00010757723794085905,0.00014450232265517116
ray_gpis_uncertainty_only,Bowl,4,0,3,minus_x,minus_x,0.1290998059620948,0.1290998059620948,0.0,1.0,0.5,0.1290998059620948,0.06774078844636067,0.05993377962479374,0.0001720135915093124,0.00010515207395656034,0.00010651180491549894
ray_gpis_uncertainty_only,Bowl,4,0,4,minus_x,plus_z,0.018060977356669006,0.02606499657778083,0.008004019221111824,0.0,0.8660254037844387,0.018060977356669006,0.013355300109238799,0.02606499657778083,0.00015542859910055995,0.00010958144412143156,0.00015542859910055995
ray_gpis_uncertainty_only,Bowl,1,0,0,minus_x,minus_x,0.0820181819047126,0.0820181819047126,0.0,1.0,1.0,0.0820181819047126,-0.006312904292430088,-0.011278430503551484,0.0006041509914211929,0.00027601997135207057,0.00022972392616793513
ray_gpis_uncertainty_only,Bowl,1,0,1,plus_z,plus_z,0.20110000162808567,0.20110000162808567,0.0,1.0,0.5,0.1979605418777693,0.18882105169240787,0.20110000162808567,0.00027442368445917964,0.00030361319659277797,0.0003102293121628463
ray_gpis_uncertainty_only,Bowl,1,0,2,plus_z,minus_y,0.049339265300431534,0.08333738943087177,0.03399812413044023,0.0,-0.5,0.0656748357236907,0.08333738943087177,0.049339265300431534,0.0001568814623169601,0.00019548292038962245,0.0002952350187115371
ray_gpis_uncertainty_only,Bowl,1,0,3,plus_z,minus_x,0.03474561134816112,0.08575477398229914,0.05100916263413802,0.0,-0.8660254037844387,0.08575477398229914,0.03426964926431986,0.03474561134816112,0.00014352257130667567,0.00024932826636359096,0.00024932826636359096
ray_gpis_uncertainty_only,Bowl,1,0,4,plus_z,minus_x,0.017142352418516027,0.027376786469589076,0.01023443405107305,0.0,-1.0,0.027376786469589076,0.023254026686961082,0.017142352418516027,0.0001366717624478042,0.00026888976572081447,0.0002746788668446243
ray_gpis_uncertainty_only,Bowl,12,0,0,minus_x,plus_z,0.03809948967347343,0.11481611224361232,0.07671662257013889,0.0,-0.5,0.03809948967347343,0.0796381857084979,0.11481611224361232,0.000582151289563626,0.00017854030011221766,0.00027701089857146144
ray_gpis_uncertainty_only,Bowl,12,0,1,minus_x,minus_x,0.0523844377983933,0.0523844377983933,0.0,1.0,1.0,0.0523844377983933,0.0090211983497277,0.031461807483812665,0.0008483717101626098,0.00015608983812853694,0.0004813952255062759
ray_gpis_uncertainty_only,Bowl,12,0,2,minus_x,minus_x,0.04324385823409871,0.04324385823409871,0.0,1.0,0.5,0.04324385823409871,0.03018324729412436,0.0027863246047015178,0.0005197396385483444,0.00013698096154257655,0.0004131516325287521
ray_gpis_uncertainty_only,Bowl,12,0,3,minus_x,minus_x,0.17869739764760173,0.17869739764760173,0.0,1.0,0.5,0.17869739764760173,0.06742098503008398,0.04982773733439405,0.0005721954512409866,0.00013616139767691493,0.00031984056113287807
ray_gpis_uncertainty_only,Bowl,12,0,4,plus_z,minus_x,0.018359908382634904,0.08466150944761175,0.06630160106497685,0.0,-0.5,0.08466150944761175,0.022026288810579442,0.018359908382634904,0.00024073029635474086,0.00011442432150943205,0.0003392828512005508
ray_gpis_uncertainty_only,Bowl,7,0,0,plus_z,minus_x,0.1438832080479875,0.2136083140579943,0.06972510601000681,0.0,-0.5,0.2136083140579943,0.16848544300573293,0.1438832080479875,0.0005332028376869857,0.0005071854102425277,0.0006291253375820816
ray_gpis_uncertainty_only,Bowl,7,0,1,plus_z,minus_x,0.1150177740822309,0.14650876977299332,0.03149099569076241,0.0,0.5,0.14650876977299332,0.07657299869028089,0.1150177740822309,0.00020403804956004024,0.00020332093117758632,0.0004048311966471374
ray_gpis_uncertainty_only,Bowl,7,0,2,plus_z,plus_z,0.04008260523985552,0.04008260523985552,0.0,1.0,0.0,0.02942559121583188,0.024638262165566305,0.04008260523985552,0.00034003908513113856,0.0004306083428673446,0.0004306083428673446
ray_gpis_uncertainty_only,Bowl,7,0,3,plus_z,minus_y,0.07326057538197417,0.0927557073682026,0.01949513198622843,0.0,-0.5,0.08956436921784794,0.0927557073682026,0.07326057538197417,0.0002136213588528335,0.0003042353200726211,0.00039299408672377467
ray_gpis_uncertainty_only,Bowl,7,0,4,minus_x,minus_x,0.05971738904975188,0.05971738904975188,0.0,1.0,0.0,0.05971738904975188,0.059312782426417354,0.055662376382056955,0.0003256743657402694,0.00020299683092162013,0.0003256743657402694
ray_gpis_uncertainty_only,Bowl,14,0,0,plus_z,minus_x,0.14053079574663052,0.17647134570099765,0.03594054995436713,0.0,-1.0,0.17647134570099765,0.15158393639206358,0.14053079574663052,0.0003196487086825073,0.0003292785841040313,0.0006193185108713806
ray_gpis_uncertainty_only,Bowl,14,0,1,plus_z,minus_x,0.07270735587577504,0.07401622377723627,0.0013088679014612303,0.0,-0.8660254037844387,0.07401622377723627,0.06253570821549026,0.07270735587577504,0.0002559481072239578,0.00033651309786364436,0.00033651309786364436
ray_gpis_uncertainty_only,Bowl,14,0,2,plus_z,minus_x,0.017448611041005146,0.020436505438430008,0.0029878943974248617,0.0,-0.8660254037844387,0.020436505438430008,0.015283845413903152,0.017448611041005146,0.00027231703279539943,0.00037437136052176356,0.00037437136052176356
ray_gpis_uncertainty_only,Bowl,14,0,3,plus_z,minus_x,0.030189778616910634,0.05318326596210099,0.022993487345190355,0.0,-0.8660254037844387,0.05318326596210099,0.019340671410802535,0.030189778616910634,0.0003043917822651565,0.00042627210495993495,0.00042627210495993495
ray_gpis_uncertainty_only,Bowl,14,0,4,minus_y,minus_x,0.0026921216728111874,0.013415640015478236,0.010723518342667049,0.0,-0.8660254037844387,0.013415640015478236,0.0026921216728111874,0.007935791331381115,0.0001437535393051803,0.000391690235119313,0.000391690235119313
ray_gpis_uncertainty_only,Bowl,2,0,0,minus_x,minus_y,0.11237792973936395,0.1708576289975099,0.058479699258145945,0.0,0.5,0.11237792973936395,0.1708576289975099,0.07751118872271295,0.000529527838807553,0.00041218119440600276,0.0001849738764576614
ray_gpis_uncertainty_only,Bowl,2,0,1,minus_x,minus_x,0.1999542245434765,0.1999542245434765,0.0,1.0,0.5,0.1999542245434765,0.09337465440798814,0.08726813971812225,0.0007443560170941055,0.00013340468285605311,0.00019495951710268855
ray_gpis_uncertainty_only,Bowl,2,0,2,plus_z,minus_x,0.1360714014749589,0.13662812358656506,0.0005567221116061782,0.0,0.8660254037844387,0.13662812358656506,0.10890724420854336,0.1360714014749589,0.0003436265396885574,0.0002642219769768417,0.0003436265396885574
ray_gpis_uncertainty_only,Bowl,2,0,3,minus_y,minus_x,0.024692949225091132,0.03208146083047403,0.007388511605382897,0.0,-1.0,0.03208146083047403,0.024692949225091132,0.031989675194424194,0.00018161366460844874,0.00034091080306097865,0.0001949502038769424
ray_gpis_uncertainty_only,Bowl,2,0,4,minus_y,minus_y,0.039437009868753536,0.039437009868753536,0.0,1.0,0.0,0.03363323824769193,0.039437009868753536,0.022994077368674537,0.00013489107368513942,0.0004168173181824386,0.0004168173181824386
ray_gpis_uncertainty_only,Bowl,6,0,0,minus_x,minus_y,0.12446604055120478,0.1357303458877249,0.01126430533652012,0.0,0.5,0.12446604055120478,0.1357303458877249,0.06632937790692314,0.00012860092101618648,0.00012717972276732326,0.00011705810175044462
ray_gpis_uncertainty_only,Bowl,6,0,1,minus_x,minus_x,0.24045706249767457,0.24045706249767457,0.0,1.0,0.5,0.24045706249767457,0.15523528110053314,0.06138908096419221,0.0004469958948902786,0.00021694618044421077,0.00023093278286978602
ray_gpis_uncertainty_only,Bowl,6,0,2,minus_y,minus_x,0.028077749203253122,0.10753222960267261,0.07945448039941949,0.0,0.0,0.10753222960267261,0.028077749203253122,0.04555807163902692,0.00044012273428961635,0.00044012273428961635,0.0004170035826973617
ray_gpis_uncertainty_only,Bowl,6,0,3,plus_z,minus_y,0.0953212482323772,0.13512815507915443,0.039806906846777235,0.0,-0.8660254037844387,0.06309660123625838,0.13512815507915443,0.0953212482323772,0.000397263269405812,0.00038875098107382655,0.000397263269405812
ray_gpis_uncertainty_only,Bowl,6,0,4,minus_y,minus_y,0.1017395732539148,0.1017395732539148,0.0,1.0,1.0,0.056513798618805455,0.1017395732539148,0.08006621197789421,0.00019852648256346583,0.00037034432170912623,0.00022711436031386256
ray_gpis_uncertainty_only,Bowl,3,0,0,minus_x,minus_x,0.27396869211958674,0.27396869211958674,0.0,1.0,1.0,0.27396869211958674,0.1743784521072049,0.12122270007712685,0.00015540997264906764,0.00015107746003195643,0.00013879704056307673
ray_gpis_uncertainty_only,Bowl,3,0,1,plus_z,minus_y,0.05373617020174004,0.14572643401738516,0.09199026381564512,0.0,-1.0,0.11077654831629602,0.14572643401738516,0.05373617020174004,0.00037760118721053004,0.0002619346487335861,0.00045135075924918056
ray_gpis_uncertainty_only,Bowl,3,0,2,plus_z,plus_z,0.18231774955703273,0.18231774955703273,0.0,1.0,0.8660254037844387,0.08844927584395079,0.1256423316508456,0.18231774955703273,0.0003041012096218765,0.0004390610265545547,0.0004390610265545547
ray_gpis_uncertainty_only,Bowl,3,0,3,minus_y,minus_y,0.0981182949088929,0.0981182949088929,0.0,1.0,1.0,0.06537779142517519,0.0981182949088929,0.0867953240624234,0.00013614277122542262,0.00036137382267042994,0.00018537993310019374
ray_gpis_uncertainty_only,Bowl,3,0,4,minus_y,plus_z,0.019962650927392134,0.020328102784728297,0.00036545185733616314,0.0,-0.5,0.014163939932168135,0.019962650927392134,0.020328102784728297,0.0002864321577362716,0.0004205575096420944,0.0002831166493706405
ray_gpis_uncertainty_only,Bowl,9,0,0,minus_x,minus_y,0.08094899237356684,0.20525769773553926,0.12430870536197242,0.0,-0.5,0.08094899237356684,0.20525769773553926,0.11351449850602002,0.0004192592459730804,0.0002759566414169967,0.0001476278412155807
ray_gpis_uncertainty_only,Bowl,9,0,1,minus_x,minus_x,0.1883536461561663,0.1883536461561663,0.0,1.0,1.0,0.1883536461561663,0.10731496110882749,0.0019947596599139694,0.0005389882135204971,0.00025082583306357265,0.00011889466986758634
ray_gpis_uncertainty_only,Bowl,9,0,2,minus_x,minus_y,0.0738593995807042,0.13833005386098085,0.06447065428027665,0.0,0.0,0.0738593995807042,0.13833005386098085,0.08121095559196567,0.0003686828422360122,0.0003686828422360122,0.0002849457669071853
ray_gpis_uncertainty_only,Bowl,9,0,3,minus_y,minus_x,0.06821186125793477,0.11036937060456586,0.042157509346631095,0.0,nan,0.11036937060456586,0.06821186125793477,0.05971882050254118,0.0002450963365845382,0.0002450963365845382,0.0002450963365845382
ray_gpis_uncertainty_only,Bowl,9,0,4,minus_y,minus_y,0.06998745442444443,0.06998745442444443,0.0,1.0,nan,0.059288110110698344,0.06998745442444443,0.03186862970404947,0.0002905039000324905,0.0002905039000324905,0.0002905039000324905
ray_gpis_uncertainty_only,Bowl,10,0,0,minus_x,minus_y,0.11115364170821326,0.14656960897957375,0.03541596727136048,0.0,0.5,0.11115364170821326,0.14656960897957375,0.04805145969340727,0.0001455100136809051,0.0001449623960070312,0.00013529713032767177
ray_gpis_uncertainty_only,Bowl,10,0,1,minus_y,minus_x,0.045660939108935594,0.16302794897819695,0.11736700986926135,0.0,0.0,0.16302794897819695,0.045660939108935594,0.058936697373846936,0.0007695203530602157,0.0007695203530602157,0.00014526600716635585
ray_gpis_uncertainty_only,Bowl,10,0,2,minus_y,minus_x,0.12846811797380736,0.16597363186897668,0.03750551389516932,0.0,0.8660254037844387,0.16597363186897668,0.12846811797380736,0.08642402255906417,0.0012433362426236272,0.0012433362426236272,0.00014372746227309108
ray_gpis_uncertainty_only,Bowl,10,0,3,minus_y,minus_y,0.11324755800431119,0.11324755800431119,0.0,1.0,1.0,0.07247158234501061,0.11324755800431119,0.06118357236179395,0.0004857389139942825,0.0006422197329811752,0.00044897402403876185
ray_gpis_uncertainty_only,Bowl,10,0,4,minus_y,minus_x,0.047025277548723876,0.10849379891382727,0.06146852136510339,0.0,-0.8660254037844387,0.10849379891382727,0.047025277548723876,0.052803360182433146,0.0001821948098950088,0.00031109730480238795,0.00031109730480238795
ray_gpis_uncertainty_only,Bowl,5,0,0,minus_x,minus_x,0.2607287755429419,0.2607287755429419,0.0,1.0,0.5,0.2607287755429419,0.1877676866477801,0.20947599221229596,0.000649379740934819,0.0004434903967194259,0.00021515804110094905
ray_gpis_uncertainty_only,Bowl,5,0,1,minus_x,minus_x,0.14188133039993922,0.14188133039993922,0.0,1.0,1.0,0.14188133039993922,0.1373336693079671,0.06263457489047908,0.0004359131562523544,0.0002539569395594299,0.00013377348659560084
ray_gpis_uncertainty_only,Bowl,5,0,2,minus_x,minus_y,0.0026062549809988678,0.008529797196217825,0.005923542215218958,0.0,-0.5,0.0026062549809988678,0.008529797196217825,0.004546859530488168,0.0005600882577709854,0.0004156177747063339,0.00012368540046736598
ray_gpis_uncertainty_only,Bowl,5,0,3,minus_x,minus_x,0.09999165053982284,0.09999165053982284,0.0,1.0,1.0,0.09999165053982284,0.03582104638624917,0.012968860997371712,0.0005324019002728164,0.0003280809032730758,0.00012364814756438136
ray_gpis_uncertainty_only,Bowl,5,0,4,minus_x,minus_x,0.08492041123198768,0.08492041123198768,0.0,1.0,0.8660254037844387,0.08492041123198768,0.014051392416355113,0.06792509518688161,0.0003132616984657943,0.0002586526679806411,0.0003132616984657943
ray_gpis_uncertainty_only,Bowl,11,0,0,minus_x,minus_x,0.23786443324894374,0.23786443324894374,0.0,1.0,0.5,0.23786443324894374,0.1610480238274712,0.16662333849867306,0.0003747420269064605,0.00016878562746569514,0.00016194040654227138
ray_gpis_uncertainty_only,Bowl,11,0,1,minus_x,minus_x,0.10766469989476807,0.10766469989476807,0.0,1.0,0.8660254037844387,0.10766469989476807,0.0652382246476218,0.09194491794414911,0.0002558717387728393,0.00023066456196829677,0.00023066456196829677
ray_gpis_uncertainty_only,Bowl,11,0,2,plus_z,minus_x,0.07371222353986817,0.17534044664799653,0.10162822310812836,0.0,-0.5,0.17534044664799653,0.09508417273157166,0.07371222353986817,0.00017900223610922694,0.00016583892283961177,0.0002177247661165893
ray_gpis_uncertainty_only,Bowl,11,0,3,minus_y,minus_y,0.0008630131318321244,0.0008630131318321244,0.0,1.0,0.5,-0.045437566495021064,0.0008630131318321244,-0.050126385292008746,0.00011797452316386625,0.00018947775242850184,0.00012512336252257228
ray_gpis_uncertainty_only,Bowl,11,0,4,minus_y,plus_z,0.023596253768797926,0.06265266573097106,0.03905641196217313,0.0,-0.5,0.04343094616770271,0.023596253768797926,0.06265266573097106,0.00010666454181773588,0.00011581012950045988,0.00011364201054675505
ray_gpis_uncertainty_only,Bowl,0,0,0,minus_x,plus_z,0.008394190414278802,0.024921569302953805,0.016527378888675004,0.0,-1.0,0.008394190414278802,0.014187513820105913,0.024921569302953805,0.0007785001653246582,0.000672921712975949,0.0003571307170204818
ray_gpis_uncertainty_only,Bowl,0,0,1,minus_x,minus_y,0.05060706665714254,0.055659313277564015,0.005052246620421474,0.0,0.5,0.05060706665714254,0.055659313277564015,0.031012419988284967,0.0006615726160816848,0.00032222847221419215,0.00013752112863585353
ray_gpis_uncertainty_only,Bowl,0,0,2,minus_x,minus_x,0.20081375405404855,0.20081375405404855,0.0,1.0,0.5,0.20081375405404855,0.09464160183714254,0.12007157011510627,0.0009020401048474014,0.0003704374539665878,0.00032931024907156825
ray_gpis_uncertainty_only,Bowl,0,0,3,minus_x,plus_z,0.03641585389851565,0.03723389677464106,0.0008180428761254133,0.0,-0.5,0.03641585389851565,0.02096684798484738,0.03723389677464106,0.00042339618084952235,0.00015279854414984584,0.0001236928510479629
ray_gpis_uncertainty_only,Bowl,0,0,4,minus_x,minus_y,0.03726434467662787,0.07619804193367286,0.038933697257044986,0.0,-0.5,0.03726434467662787,0.07619804193367286,0.05491979158557081,0.00046770478365942836,0.00016180257080122828,0.00011607835040194914
ray_gpis_uncertainty_only,Cube,8,0,0,minus_x,minus_x,0.1857755958191485,0.1857755958191485,0.0,1.0,1.0,0.1857755958191485,0.1372625936971827,0.09634051687619732,0.00013806874630972743,0.00013687665341421962,0.00013337115524336696
ray_gpis_uncertainty_only,Cube,8,0,1,minus_x,minus_y,0.009960226505397352,0.018228967522729123,0.008268741017331771,0.0,-0.5,0.009960226505397352,0.018228967522729123,0.012514185453030013,0.0005151444929651916,0.0001921469229273498,0.00016378628788515925
ray_gpis_uncertainty_only,Cube,8,0,2,minus_x,minus_x,0.15627039798086828,0.15627039798086828,0.0,1.0,1.0,0.15627039798086828,0.11477129679067077,0.14992191682392875,0.0006110949325375259,0.00011811235890490934,0.0002124590682797134
ray_gpis_uncertainty_only,Cube,8,0,3,minus_x,minus_x,0.12710729822124955,0.12710729822124955,0.0,1.0,1.0,0.12710729822124955,0.014848045343562655,0.040928757968274,0.0002779124188236892,0.00012112239346606657,0.00013562495587393641
ray_gpis_uncertainty_only,Cube,8,0,4,minus_x,minus_x,-0.0023837041964083205,-0.0023837041964083205,0.0,1.0,1.0,-0.0023837041964083205,-0.0168135011177708,-0.012455373224913968,0.00015873665688559413,0.00010958516941173002,0.00013733113883063197
ray_gpis_uncertainty_only,Cube,13,0,0,minus_x,minus_x,0.2736035344500242,0.2736035344500242,0.0,1.0,0.5,0.2736035344500242,0.11234550159086054,0.15272679388856908,0.0005606265622191131,0.00039223971543833613,0.00020166690228506923
ray_gpis_uncertainty_only,Cube,13,0,1,minus_x,minus_x,0.13312177676828052,0.13312177676828052,0.0,1.0,1.0,0.13312177676828052,0.08273439412326766,0.025961139235396113,0.0003026837366633117,0.00013418140588328242,0.0001149272356997244
ray_gpis_uncertainty_only,Cube,13,0,2,minus_x,minus_x,0.17035068314932023,0.17035068314932023,0.0,1.0,1.0,0.17035068314932023,0.025429416803276705,0.009800822393205788,0.00016311014769598842,0.00013071129797026515,0.00011094862566096708
ray_gpis_uncertainty_only,Cube,13,0,3,minus_y,minus_y,0.00830713775448011,0.00830713775448011,0.0,1.0,0.5,0.006228609255263584,0.00830713775448011,0.00676758565381308,0.0001074058745871298,0.00010756606206996366,0.0001070147191057913
ray_gpis_uncertainty_only,Cube,13,0,4,minus_y,minus_x,0.000573862338000164,0.0029735936279042807,0.0023997312899041168,0.0,-0.5,0.0029735936279042807,0.000573862338000164,0.0007958348977503693,0.00010791251406772062,0.00010856816516024992,0.00010590458259684965
ray_gpis_uncertainty_only,Cube,4,0,0,minus_x,minus_x,0.21181437328106845,0.21181437328106845,0.0,1.0,0.5,0.21181437328106845,0.08320616430526895,0.09270615665927284,0.00021930242655798793,0.00013282540021464229,0.00013039651094004512
ray_gpis_uncertainty_only,Cube,4,0,1,minus_x,minus_x,0.12560120519987994,0.12560120519987994,0.0,1.0,1.0,0.12560120519987994,0.05857028775085915,0.05132414276730368,0.0002497771638445556,0.0001372603583149612,0.0001285543548874557
ray_gpis_uncertainty_only,Cube,4,0,2,minus_x,minus_x,-0.03562494844046593,-0.03562494844046593,0.0,1.0,0.8660254037844387,-0.03562494844046593,-0.07469742838545423,-0.046316019523080065,0.0001592097687534988,0.000155227433424443,0.0001592097687534988
ray_gpis_uncertainty_only,Cube,4,0,3,minus_x,minus_y,0.004746919407611294,0.07375973826487037,0.06901281885725907,0.0,-0.5,0.004746919407611294,0.07375973826487037,0.061515359406657644,0.00012296269414946437,0.00012154335126979277,0.00010964849934680387
ray_gpis_uncertainty_only,Cube,4,0,4,minus_x,minus_x,0.03821437570224728,0.03821437570224728,0.0,1.0,0.8660254037844387,0.03821437570224728,0.014481540575766894,0.03383008119370434,0.00010925361857516691,0.0001085793410311453,0.0001085793410311453
ray_gpis_uncertainty_only,Cube,1,0,0,minus_x,plus_z,0.01158827925383854,0.023132960767820565,0.011544681513982025,0.0,-1.0,0.01158827925383854,0.01834215236560721,0.023132960767820565,0.0003166349488310516,0.00022337230620905757,0.0001224765437655151
ray_gpis_uncertainty_only,Cube,1,0,1,minus_x,minus_x,0.11197498652933768,0.11197498652933768,0.0,1.0,0.5,0.11197498652933768,0.005917435044245467,0.018054715081402883,0.0005707500386051834,0.00022188032744452357,0.00013143772957846522
ray_gpis_uncertainty_only,Cube,1,0,2,minus_x,plus_z,0.004595803114982866,0.02206008629306888,0.017464283178086015,0.0,-1.0,0.004595803114982866,0.010664917490806447,0.02206008629306888,0.00029124150751158595,0.00020857731578871608,0.00012571195838972926
ray_gpis_uncertainty_only,Cube,1,0,3,minus_x,minus_x,0.09413071988636768,0.09413071988636768,0.0,1.0,0.5,0.09413071988636768,0.07115024389827562,0.08652219016709961,0.00039271096466109157,0.00017002056119963527,0.00016868318198248744
ray_gpis_uncertainty_only,Cube,1,0,4,minus_x,minus_x,0.03996566504204624,0.03996566504204624,0.0,1.0,0.5,0.03996566504204624,0.015329268856372869,0.016381148883737207,0.00037672946928068995,0.0002066774177365005,0.00011887604341609403
ray_gpis_uncertainty_only,Cube,12,0,0,minus_x,minus_x,0.21701128696027122,0.21701128696027122,0.0,1.0,0.5,0.21701128696027122,0.058463711766241266,0.07781296598815185,0.00011638568685157225,0.00011559965059859678,0.00011305900261504576
ray_gpis_uncertainty_only,Cube,12,0,1,minus_x,minus_x,0.13976558626398217,0.13976558626398217,0.0,1.0,0.5,0.13976558626398217,0.06982818279384073,0.031245951335535094,0.00019544194219633937,0.00011238658771617338,0.0001314898836426437
ray_gpis_uncertainty_only,Cube,12,0,2,minus_x,minus_y,0.010777287554069148,0.04736351774711389,0.036586230193044744,0.0,-1.0,0.010777287554069148,0.04736351774711389,0.015058222926919496,0.00013026053784415126,0.0001148005758295767,0.00011984461889369413
ray_gpis_uncertainty_only,Cube,12,0,3,minus_x,minus_x,0.08305249549543958,0.08305249549543958,0.0,1.0,1.0,0.08305249549543958,0.033090144497722185,0.05519211137766444,0.000130823056679219,0.00011450627789599821,0.00011831352458102629
ray_gpis_uncertainty_only,Cube,12,0,4,minus_x,minus_x,0.015456512160228808,0.015456512160228808,0.0,1.0,1.0,0.015456512160228808,0.00447959100705031,0.0050914458848630995,0.00012755970237776637,0.00010869855032069609,0.00010889971599681303
ray_gpis_uncertainty_only,Cube,7,0,0,minus_x,plus_z,0.21810902211463837,0.2932564564074488,0.07514743429281043,0.0,-0.5,0.21810902211463837,0.16310042776664221,0.2932564564074488,0.0008421113598160446,0.0005432965117506683,0.00020809489069506526
ray_gpis_uncertainty_only,Cube,7,0,1,minus_x,minus_y,0.13880849012671986,0.16458498528084292,0.025776495154123058,0.0,0.5,0.13880849012671986,0.16458498528084292,0.12253872522550802,0.00033846142468973994,0.00017006898997351527,0.00012452172813937068
ray_gpis_uncertainty_only,Cube,7,0,2,minus_x,minus_x,0.12020091436805391,0.12020091436805391,0.0,1.0,1.0,0.12020091436805391,0.07000146877861035,0.033896307721081764,0.0002247637021355331,0.00013163144467398524,0.00012527982471510768
ray_gpis_uncertainty_only,Cube,7,0,3,minus_x,minus_x,0.0645450380926792,0.0645450380926792,0.0,1.0,0.5,0.0645450380926792,0.029828786940503837,0.012446444556777125,0.00019805709598585963,0.00011559778795344755,0.00011867115244967863
ray_gpis_uncertainty_only,Cube,7,0,4,minus_x,minus_x,0.12494524478420888,0.12494524478420888,0.0,1.0,1.0,0.12494524478420888,0.00576449534730239,0.014086150038376766,0.00017741898773238063,0.00010921636567218229,0.00014116818783804774
ray_gpis_uncertainty_only,Cube,14,0,0,minus_x,plus_z,0.008833580757821646,0.05840521438942553,0.049571633631603884,0.0,-1.0,0.008833580757821646,0.03229564496431592,0.05840521438942553,0.0002874174970202148,0.0002050103503279388,0.00015140901086851954
ray_gpis_uncertainty_only,Cube,14,0,1,minus_x,minus_x,0.12243648321219275,0.12243648321219275,0.0,1.0,0.5,0.12243648321219275,0.005255037429967413,0.04034498042645879,0.0003725627320818603,0.00016670319018885493,0.00012718531070277095
ray_gpis_uncertainty_only,Cube,14,0,2,minus_x,minus_x,0.13835605996097988,0.13835605996097988,0.0,1.0,1.0,0.13835605996097988,0.11357842696032228,0.0772104542222245,0.00020368600962683558,0.00015877204714342952,0.00012006254837615415
ray_gpis_uncertainty_only,Cube,14,0,3,plus_z,minus_x,0.06135401040283284,0.10307404360293859,0.041720033200105755,0.0,-0.5,0.10307404360293859,0.07706319711921905,0.06135401040283284,0.00013348663924261928,0.00012267957208678126,0.0001340417074970901
ray_gpis_uncertainty_only,Cube,14,0,4,minus_y,minus_x,0.032667504974552064,0.09061848300334197,0.0579509780287899,0.0,0.8660254037844387,0.09061848300334197,0.032667504974552064,0.028380246385484864,0.00013073364971205592,0.00013073364971205592,0.0001231154310517013
ray_gpis_uncertainty_only,Cube,2,0,0,minus_x,plus_z,0.07381279574791716,0.1329841522323567,0.05917135648443955,0.0,-1.0,0.07381279574791716,0.0932303509409187,0.1329841522323567,0.00013212504563853145,0.0001309664803557098,0.00012764352140948176
ray_gpis_uncertainty_only,Cube,2,0,1,minus_x,minus_x,0.35245792778240875,0.35245792778240875,0.0,1.0,0.5,0.35245792778240875,0.10173821446384462,0.14271870832612255,0.00010962055966956541,0.00010878423199756071,0.00010801495955092832
ray_gpis_uncertainty_only,Cube,2,0,2,minus_x,minus_x,0.1289338855947697,0.1289338855947697,0.0,1.0,1.0,0.1289338855947697,0.018338933222786236,0.009616369334941366,0.0004256686079315841,0.00021394918439909816,0.00012340227840468287
ray_gpis_uncertainty_only,Cube,2,0,3,minus_x,minus_y,0.04219822344275981,0.05504182166923288,0.012843598226473074,0.0,-0.5,0.04219822344275981,0.05504182166923288,0.023878000575068947,0.00020003149984404445,0.0001404678332619369,0.0001477358746342361
ray_gpis_uncertainty_only,Cube,2,0,4,minus_x,minus_x,0.09622272311442182,0.09622272311442182,0.0,1.0,0.0,0.09622272311442182,0.01612284351310611,0.008965253022508057,0.00014277006266638637,0.00011550838098628446,0.00014277006266638637
ray_gpis_uncertainty_only,Cube,6,0,0,minus_x,minus_x,0.2319963247691575,0.2319963247691575,0.0,1.0,0.5,0.2319963247691575,0.07841316593976572,0.08464795313118051,0.0001179111932287924,0.00011656450078589842,0.00011373141751391813
ray_gpis_uncertainty_only,Cube,6,0,1,minus_x,plus_z,0.003475309215671407,0.024531138396096774,0.021055829180425367,0.0,-1.0,0.003475309215671407,0.005698389972471074,0.024531138396096774,0.000235360290389508,0.00014944578288123012,0.0001120084707508795
ray_gpis_uncertainty_only,Cube,6,0,2,minus_x,minus_x,0.1369699381006536,0.1369699381006536,0.0,1.0,1.0,0.1369699381006536,0.10866102535372468,0.04975733890079548,0.00033687258837744594,0.00022430921671912074,0.00012521276948973536
ray_gpis_uncertainty_only,Cube,6,0,3,minus_x,plus_z,0.0920738990963701,0.09448506402526824,0.0024111649288981463,0.0,0.5,0.0920738990963701,0.06630546667584902,0.09448506402526824,0.00011808255658252165,0.0001145658825407736,0.00011676752910716459
ray_gpis_uncertainty_only,Cube,6,0,4,minus_x,minus_x,0.0185660245522008,0.0185660245522008,0.0,1.0,0.0,0.0185660245522008,0.003760008298664852,0.0017539254119048886,0.00010940635547740385,0.00010621378169162199,0.00010940635547740385
ray_gpis_uncertainty_only,Cube,3,0,0,minus_x,minus_x,0.05853755696072438,0.05853755696072438,0.0,1.0,0.5,0.05853755696072438,-0.01375758576980124,-0.010414176044185264,0.0003179518389515579,0.00021070631919428706,0.00013223494170233607
ray_gpis_uncertainty_only,Cube,3,0,1,minus_x,minus_x,0.1839156749685696,0.1839156749685696,0.0,1.0,0.5,0.1839156749685696,0.09056522381380822,0.11456221396425209,0.00017418171046301723,0.0001226572203449905,0.000118488613225054
ray_gpis_uncertainty_only,Cube,3,0,2,minus_x,minus_y,0.0252936023084247,0.04978781854401926,0.024494216235594557,0.0,-0.5,0.0252936023084247,0.04978781854401926,0.04128952914891637,0.00015222112415358424,0.0001251010107807815,0.00011967698083026335
ray_gpis_uncertainty_only,Cube,3,0,3,minus_x,minus_x,0.15274768412431305,0.15274768412431305,0.0,1.0,0.5,0.15274768412431305,0.06588989506103826,0.017826172211232172,0.00015597621677443385,0.00011501291737658903,0.00012979860184714198
ray_gpis_uncertainty_only,Cube,3,0,4,minus_y,minus_y,0.03311321537352774,0.03311321537352774,0.0,1.0,0.5,0.02854168300908555,0.03311321537352774,0.032665290507503886,0.00010837072477443144,0.00011082196579081938,0.00010789016232592985
ray_gpis_uncertainty_only,Cube,9,0,0,minus_x,minus_y,0.09081320925810343,0.1307490708976753,0.03993586163957186,0.0,-0.5,0.09081320925810343,0.1307490708976753,0.11251326491924651,0.00011744553194148466,0.000116190109110903,0.00011387111590011045
ray_gpis_uncertainty_only,Cube,9,0,1,minus_x,minus_x,0.19912206734310212,0.19912206734310212,0.0,1.0,1.0,0.19912206734310212,0.06925306397595254,0.014126907570893077,0.0002456532674841583,0.00014057400403544307,0.00011002102837665007
ray_gpis_uncertainty_only,Cube,9,0,2,minus_x,minus_x,0.15611415237593573,0.15611415237593573,0.0,1.0,1.0,0.15611415237593573,0.05992245132909724,0.03504273852192663,0.0002059733378700912,0.0001719241845421493,0.00013970042346045375
ray_gpis_uncertainty_only,Cube,9,0,3,minus_x,minus_x,0.0604738734791187,0.0604738734791187,0.0,1.0,0.8660254037844387,0.0604738734791187,0.018497999044707503,0.006004413899676542,0.00010959634528262541,0.00010840052709681913,0.00010840052709681913
ray_gpis_uncertainty_only,Cube,9,0,4,plus_z,minus_y,-0.00715287871200232,0.0014585508625493127,0.008611429574551632,0.0,-0.8660254037844387,-0.002675767052114697,0.0014585508625493127,-0.00715287871200232,0.00010680237755877897,0.00010555813059909269,0.00010680237755877897
ray_gpis_uncertainty_only,Cube,10,0,0,minus_x,minus_y,0.09049809201731701,0.11767686098805907,0.027178768970742062,0.0,0.5,0.09049809201731701,0.11767686098805907,0.07269973191276918,0.00038413720903918147,0.00021725165424868464,0.00013570318697020411
ray_gpis_uncertainty_only,Cube,10,0,1,minus_x,minus_x,0.04674725248397532,0.04674725248397532,0.0,1.0,1.0,0.04674725248397532,0.027972928435030575,0.018911937982476645,0.0001074841056833975,0.00010732391820056364,0.00010627338633639738
ray_gpis_uncertainty_only,Cube,10,0,2,minus_x,minus_x,0.04211112044149479,0.04211112044149479,0.0,1.0,0.5,0.04211112044149479,0.028925837402780208,0.03492384410920224,0.0002474954235367477,0.00012918765423819423,0.00010481307253940031
ray_gpis_uncertainty_only,Cube,10,0,3,minus_x,minus_x,0.1187011294651158,0.1187011294651158,0.0,1.0,0.5,0.1187011294651158,0.016760485115558832,0.024822412108895464,0.00010619515524012968,0.00010550225124461576,0.00010455602750880644
ray_gpis_uncertainty_only,Cube,10,0,4,minus_x,minus_x,0.15620071680725733,0.15620071680725733,0.0,1.0,0.0,0.15620071680725733,0.1092291582834074,0.08635125114037778,0.00027740205405279994,0.00018135661957785487,0.00027740205405279994
ray_gpis_uncertainty_only,Cube,5,0,0,minus_x,minus_x,0.07768132207276013,0.07768132207276013,0.0,1.0,0.5,0.07768132207276013,0.022640097704936246,0.04390754948566461,0.00012645329115912318,0.00012549030361697078,0.00012225861428305507
ray_gpis_uncertainty_only,Cube,5,0,1,minus_x,minus_x,0.2470892018905324,0.2470892018905324,0.0,1.0,1.0,0.2470892018905324,0.08630345213886736,0.00938528259445065,0.00012433732626959682,0.0001209137772093527,0.00011656636343104765
ray_gpis_uncertainty_only,Cube,5,0,2,minus_x,minus_x,0.0020863066065865965,0.0020863066065865965,0.0,1.0,1.0,0.0020863066065865965,0.0012320551665226942,0.00030835835043974136,0.0005649460363201797,0.00016406382201239467,0.00014083663700148463
ray_gpis_uncertainty_only,Cube,5,0,3,minus_x,minus_y,0.04694850853357413,0.07528163041861369,0.02833312188503956,0.0,0.5,0.04694850853357413,0.07528163041861369,0.011012113233571208,0.0007117560016922653,0.00019605288980528712,0.00011363828525645658
ray_gpis_uncertainty_only,Cube,5,0,4,minus_x,minus_x,0.15154323221492794,0.15154323221492794,0.0,1.0,1.0,0.15154323221492794,0.08764159150150452,0.00434497620657559,0.0006228892016224563,0.0003671964514069259,0.00012206116662127897
ray_gpis_uncertainty_only,Cube,11,0,0,minus_x,minus_y,0.042395087134720566,0.04452663445009791,0.0021315473153773468,0.0,-0.5,0.042395087134720566,0.04452663445009791,0.043299038775226506,0.0001892877626232803,0.0001378619926981628,0.00011387856648070738
ray_gpis_uncertainty_only,Cube,11,0,1,minus_x,minus_x,0.14573106251256884,0.14573106251256884,0.0,1.0,1.0,0.14573106251256884,0.044048737830683526,0.026749126000430556,0.000471944164019078,0.00016422400949522853,0.00011346878454787657
ray_gpis_uncertainty_only,Cube,11,0,2,minus_x,minus_y,0.01415091302924587,0.059540457392027735,0.045389544362781864,0.0,-0.5,0.01415091302924587,0.059540457392027735,0.03047992969413882,0.000275636266451329,0.0002725144731812179,0.00012587214587256312
ray_gpis_uncertainty_only,Cube,11,0,3,minus_y,minus_x,0.03497820758383863,0.05228362262769737,0.01730541504385874,0.0,0.8660254037844387,0.05228362262769737,0.03497820758383863,0.02768556924337484,0.0003898015129379928,0.0003898015129379928,0.00019835139391943812
ray_gpis_uncertainty_only,Cube,11,0,4,minus_x,minus_x,0.039995281197939936,0.039995281197939936,0.0,1.0,1.0,0.039995281197939936,0.0025139295191627387,-0.0016646398725985723,0.0003738684463314712,0.00033786724088713527,0.00017789955018088222
ray_gpis_uncertainty_only,Cube,0,0,0,plus_z,minus_x,0.015061662433935974,0.2573690951389139,0.2423074327049779,0.0,-1.0,0.2573690951389139,0.16516811688915073,0.015061662433935974,0.00010537000343902037,0.00010571831808192655,0.00010627524898154661
ray_gpis_uncertainty_only,Cube,0,0,1,minus_x,minus_y,0.022707037456631995,0.10177846099624271,0.07907142353961072,0.0,0.5,0.022707037456631995,0.10177846099624271,0.011642507391978307,0.00010428966925246641,0.00010404752538306639,0.00010316276893718168
ray_gpis_uncertainty_only,Cube,0,0,2,minus_x,minus_y,0.16444698511397,0.16860039510283942,0.004153409988869428,0.0,0.0,0.16444698511397,0.16860039510283942,0.14581832743708634,0.00010343844041926786,0.00010267103061778471,0.00010267103061778471
ray_gpis_uncertainty_only,Cube,0,0,3,minus_x,minus_x,0.15240475784919216,0.15240475784919216,0.0,1.0,0.5,0.15240475784919216,0.09048418000701175,0.034408372915212704,0.0009658282506279647,0.00022187287686392665,0.00026882271049544215
ray_gpis_uncertainty_only,Cube,0,0,4,minus_x,minus_x,0.0945111081671608,0.0945111081671608,0.0,1.0,1.0,0.0945111081671608,0.03190365583454513,0.04769738202352147,0.00028236041544005275,0.00014621223090216517,0.00014968792675063014
ray_gpis_uncertainty_only,Thin_Irregular,8,0,0,minus_x,minus_y,0.059315841309843964,0.09138589289859006,0.032070051588746096,0.0,-0.5,0.059315841309843964,0.09138589289859006,0.08364573270012937,0.0012307279976084828,0.0008111169445328414,0.00013540330110117793
ray_gpis_uncertainty_only,Thin_Irregular,8,0,1,minus_x,minus_x,0.2299779799273009,0.2299779799273009,0.0,1.0,0.5,0.2299779799273009,0.12027687214048044,0.21327794159406355,0.0006299225497059524,0.0003150759148411453,0.00013144145486876369
ray_gpis_uncertainty_only,Thin_Irregular,8,0,2,minus_x,minus_y,0.05075175258324344,0.062272015849554385,0.011520263266310948,0.0,0.5,0.05075175258324344,0.062272015849554385,0.026039731807112443,0.000286491762381047,0.00012222136138007045,0.00010718980774981901
ray_gpis_uncertainty_only,Thin_Irregular,8,0,3,minus_x,minus_x,0.12444601263220934,0.12444601263220934,0.0,1.0,1.0,0.12444601263220934,0.058056883414999705,0.04696021062341571,0.0004545247065834701,0.00015685538528487086,0.0001223927247337997
ray_gpis_uncertainty_only,Thin_Irregular,8,0,4,minus_x,minus_y,0.024619194497412566,0.027462714906275165,0.0028435204088625987,0.0,-0.5,0.024619194497412566,0.027462714906275165,0.021794533549860717,0.00016012991545721889,0.00011887231812579557,0.00014453212497755885
ray_gpis_uncertainty_only,Thin_Irregular,13,0,0,minus_x,minus_x,0.1581064872232975,0.1581064872232975,0.0,1.0,1.0,0.1581064872232975,0.0569249445235987,0.054938074051894714,0.0017589834751561284,0.0009326228755526245,0.00018771569011732936
ray_gpis_uncertainty_only,Thin_Irregular,13,0,1,minus_x,minus_x,0.1895112904577737,0.1895112904577737,0.0,1.0,1.0,0.1895112904577737,0.0088114893789214,0.029361320613050412,0.00044379959581419826,0.00012328679440543056,0.00018120388267561793
ray_gpis_uncertainty_only,Thin_Irregular,13,0,2,minus_x,minus_x,0.04421498174246996,0.04421498174246996,0.0,1.0,1.0,0.04421498174246996,0.0103193652551834,0.016407322141592684,0.00014132465003058314,0.00011685693607432768,0.00012180784688098356
ray_gpis_uncertainty_only,Thin_Irregular,13,0,3,minus_x,minus_x,0.024513679228505225,0.024513679228505225,0.0,1.0,1.0,0.024513679228505225,-0.005192256015096652,0.017987012206296837,0.00013807619689032435,0.00011084059224231169,0.0001168643866549246
ray_gpis_uncertainty_only,Thin_Irregular,13,0,4,plus_z,plus_z,0.012077893011125718,0.012077893011125718,0.0,1.0,0.8660254037844387,0.007322773126928417,0.0017164480796004744,0.012077893011125718,0.00012361089466139674,0.00011180916771991178,0.00012361089466139674
ray_gpis_uncertainty_only,Thin_Irregular,4,0,0,minus_x,minus_x,0.019089408922841056,0.019089408922841056,0.0,1.0,0.5,0.019089408922841056,0.011640969347785135,0.013029939299729731,0.0008643215405754745,0.00031694601057097316,0.00016739050624892116
ray_gpis_uncertainty_only,Thin_Irregular,4,0,1,minus_x,minus_x,0.2082625163441677,0.2082625163441677,0.0,1.0,1.0,0.2082625163441677,0.03953065126843969,0.008096909931678442,0.0008152035879902542,0.0002473277854733169,0.0001220686172018759
ray_gpis_uncertainty_only,Thin_Irregular,4,0,2,minus_x,minus_x,0.059735342314044426,0.059735342314044426,0.0,1.0,1.0,0.059735342314044426,0.02487736633262083,0.03727399475146642,0.0002108162152580917,0.00012341345427557826,0.00013578886864706874
ray_gpis_uncertainty_only,Thin_Irregular,4,0,3,minus_x,minus_x,0.07808172157950743,0.07808172157950743,0.0,1.0,0.5,0.07808172157950743,0.018008819860953484,0.009801997111151484,0.0001850521075539291,0.00014782528160139918,0.00017301569459959865
ray_gpis_uncertainty_only,Thin_Irregular,4,0,4,plus_z,minus_y,0.02462523167500008,0.03259992969595393,0.007974698020953852,0.0,-0.8660254037844387,0.02811294722514357,0.03259992969595393,0.02462523167500008,0.00011396238551242277,0.00011396238551242277,0.00011609697685344145
ray_gpis_uncertainty_only,Thin_Irregular,1,0,0,minus_x,minus_x,0.15418529196326802,0.15418529196326802,0.0,1.0,1.0,0.15418529196326802,0.06367483121706541,0.032157109105051596,0.0016281736316159368,0.0009879340650513768,0.0002281276392750442
ray_gpis_uncertainty_only,Thin_Irregular,1,0,1,minus_x,minus_x,0.2183130790669494,0.2183130790669494,0.0,1.0,0.5,0.2183130790669494,0.015672327023899868,0.04265476133006396,0.0012065639020875096,0.00023341755149886012,0.00022255087969824672
ray_gpis_uncertainty_only,Thin_Irregular,1,0,2,minus_x,minus_x,0.051275960588026304,0.051275960588026304,0.0,1.0,0.5,0.051275960588026304,0.0274564844578713,0.013679479215597756,0.00022439862368628383,0.00011515447840793058,0.00012501905439421535
ray_gpis_uncertainty_only,Thin_Irregular,1,0,3,minus_x,minus_x,0.07805191001399747,0.07805191001399747,0.0,1.0,1.0,0.07805191001399747,-0.00022793487211358876,0.002039161886595142,0.00022797490237280726,0.00011547485337359831,0.0001272542285732925
ray_gpis_uncertainty_only,Thin_Irregular,1,0,4,minus_x,minus_x,0.02159556783442107,0.02159556783442107,0.0,1.0,0.5,0.02159556783442107,0.013738259075464776,0.014643466888701329,0.00011688301310641691,0.00011582503066165373,0.00011402571544749662
ray_gpis_uncertainty_only,Thin_Irregular,12,0,0,minus_x,minus_x,0.03820792061131195,0.03820792061131195,0.0,1.0,0.5,0.03820792061131195,-0.029319795281679828,-0.011177639686515362,0.0010404532076790929,0.0010056738974526525,0.00013498420594260097
ray_gpis_uncertainty_only,Thin_Irregular,12,0,1,minus_x,minus_x,0.1123445194262952,0.1123445194262952,0.0,1.0,1.0,0.1123445194262952,0.11225556656224389,0.0518239051475583,0.00019935349700972438,0.00013606454012915492,0.00012987310765311122
ray_gpis_uncertainty_only,Thin_Irregular,12,0,2,minus_x,minus_x,0.07581352131403463,0.07581352131403463,0.0,1.0,0.5,0.07581352131403463,0.05239719862064929,0.052086119708682155,0.00016924197552725673,0.00014252419350668788,0.0001521652447991073
ray_gpis_uncertainty_only,Thin_Irregular,12,0,3,minus_x,minus_x,0.1032082243529262,0.1032082243529262,0.0,1.0,0.0,0.1032082243529262,0.07033156514831729,0.051207931150111685,0.00013944710372015834,0.0001337474095635116,0.00013944710372015834
ray_gpis_uncertainty_only,Thin_Irregular,12,0,4,minus_x,minus_y,0.013962156281948301,0.029259716814848402,0.0152975605329001,0.0,-0.5,0.013962156281948301,0.029259716814848402,0.016879886945080136,0.00010999495134456083,0.00010896677122218534,0.00010748038039309904
ray_gpis_uncertainty_only,Thin_Irregular,7,0,0,minus_x,minus_y,0.30914287913675975,0.363244740302418,0.05410186116565824,0.0,0.5,0.30914287913675975,0.363244740302418,0.21099552470193,0.002060327911749482,0.001546720159240067,0.0009116029250435531
ray_gpis_uncertainty_only,Thin_Irregular,7,0,1,minus_x,plus_z,0.03920092481878229,0.0484518648003735,0.00925093998159121,0.0,-0.5,0.03920092481878229,0.030177504548482614,0.0484518648003735,0.002055762568488717,0.0008564574527554214,0.00013132969615980983
ray_gpis_uncertainty_only,Thin_Irregular,7,0,2,minus_x,plus_z,0.05346976670626591,0.06548267367007898,0.012012906963813075,0.0,-0.5,0.05346976670626591,0.02991456446557439,0.06548267367007898,0.0022340661380439997,0.0005215613055042922,0.0001441446947865188
ray_gpis_uncertainty_only,Thin_Irregular,7,0,3,minus_x,minus_x,0.13540208473267856,0.13540208473267856,0.0,1.0,0.5,0.13540208473267856,0.045902670042808125,0.10688174133516426,0.0018899311544373631,0.0004942698287777603,0.00028820167062804103
ray_gpis_uncertainty_only,Thin_Irregular,7,0,4,minus_x,minus_x,0.11454393078681235,0.11454393078681235,0.0,1.0,0.5,0.11454393078681235,0.042777719787658874,0.05640085624641333,0.000784604053478688,0.00048485974548384547,0.00014432350872084498
ray_gpis_uncertainty_only,Thin_Irregular,14,0,0,minus_x,minus_x,0.25891206259781746,0.25891206259781746,0.0,1.0,1.0,0.25891206259781746,0.16641766442491307,0.08839381369843624,0.001305870828218758,0.0007933268207125366,0.00040287169395014644
ray_gpis_uncertainty_only,Thin_Irregular,14,0,1,minus_x,minus_x,0.2039364553018741,0.2039364553018741,0.0,1.0,1.0,0.2039364553018741,0.13702187205781635,0.06001579961756254,0.0006164481746964157,0.0004898814368061721,0.00015887821791693568
ray_gpis_uncertainty_only,Thin_Irregular,14,0,2,minus_x,minus_x,0.15673618188808547,0.15673618188808547,0.0,1.0,1.0,0.15673618188808547,0.043440333363530925,0.014025909116217261,0.000193374406080693,0.00017558987019583583,0.0001221580314449966
ray_gpis_uncertainty_only,Thin_Irregular,14,0,3,minus_x,minus_x,0.025323922319495318,0.025323922319495318,0.0,1.0,0.0,0.025323922319495318,0.02142357948515805,0.022791769988167343,0.00013433228014037013,0.00013433228014037013,0.0001130198870669119
ray_gpis_uncertainty_only,Thin_Irregular,14,0,4,minus_y,minus_x,0.006714203011068065,0.007225529470136216,0.000511326459068151,0.0,0.8660254037844387,0.007225529470136216,0.006714203011068065,0.0008036708579408636,0.00012072378740413114,0.00012072378740413114,0.00011150369391543791
ray_gpis_uncertainty_only,Thin_Irregular,2,0,0,minus_x,minus_y,0.09806102751784013,0.0982235085634941,0.0001624810456539727,0.0,0.5,0.09806102751784013,0.0982235085634941,0.07468521637766465,0.00011806951806647703,0.00011507438466651365,0.0001121053282986395
ray_gpis_uncertainty_only,Thin_Irregular,2,0,1,minus_x,minus_x,0.2504953514167108,0.2504953514167108,0.0,1.0,0.5,0.2504953514167108,0.12685923453069464,0.15351536672424237,0.0008420703816227615,0.0002862384426407516,0.00014568323967978358
ray_gpis_uncertainty_only,Thin_Irregular,2,0,2,minus_x,minus_x,0.13514446421109194,0.13514446421109194,0.0,1.0,1.0,0.13514446421109194,0.08536367741019824,0.03351043886092553,0.0006664378452114761,0.0001969171571545303,0.00013997236965224147
ray_gpis_uncertainty_only,Thin_Irregular,2,0,3,minus_x,minus_x,0.10353512792204977,0.10353512792204977,0.0,1.0,1.0,0.10353512792204977,0.043997120858842886,0.04158758108986205,0.00018477271078154445,0.0001713877427391708,0.0001310987281613052
ray_gpis_uncertainty_only,Thin_Irregular,2,0,4,minus_x,minus_x,0.09123613809720976,0.09123613809720976,0.0,1.0,1.0,0.09123613809720976,0.04794028473561607,0.05282170616602344,0.00011632794485194609,0.00010787153587443754,0.00011220777378184721
ray_gpis_uncertainty_only,Thin_Irregular,6,0,0,minus_x,plus_z,0.24415580804496279,0.2761388029622146,0.03198299491725182,0.0,-0.5,0.24415580804496279,0.2293059954713464,0.2761388029622146,0.001307716709561646,0.0009667372214607894,0.00033719296334311366
ray_gpis_uncertainty_only,Thin_Irregular,6,0,1,minus_x,minus_x,0.09125914352829839,0.09125914352829839,0.0,1.0,0.5,0.09125914352829839,0.0602410411485369,0.07396463512589802,0.0010579210938885808,0.0004349520313553512,0.00013429130194708705
ray_gpis_uncertainty_only,Thin_Irregular,6,0,2,minus_x,minus_x,0.154855967819787,0.154855967819787,0.0,1.0,1.0,0.154855967819787,0.14278326979593653,0.10100183601834328,0.0020386523101478815,0.0007121285307221115,0.00013096461771056056
ray_gpis_uncertainty_only,Thin_Irregular,6,0,3,minus_x,minus_x,0.1571789202223588,0.1571789202223588,0.0,1.0,1.0,0.1571789202223588,0.08120729921515668,0.05111874383588155,0.000883342872839421,0.0008178112911991775,0.0007373375701718032
ray_gpis_uncertainty_only,Thin_Irregular,6,0,4,minus_y,minus_x,0.011506319236622597,0.10052989757509945,0.08902357833847685,0.0,0.0,0.10052989757509945,0.011506319236622597,0.037327545164653864,0.00012206116662127897,0.00012206116662127897,0.000116238537884783
ray_gpis_uncertainty_only,Thin_Irregular,3,0,0,minus_x,minus_x,-0.015173643593164254,-0.015173643593164254,0.0,1.0,1.0,-0.015173643593164254,-0.022999287947600477,-0.025301899162152253,0.0013082717778161168,0.0005816725897602737,0.0003409610944800079
ray_gpis_uncertainty_only,Thin_Irregular,3,0,1,minus_x,plus_z,0.17380709635425656,0.22437498060774175,0.050567884253485185,0.0,0.5,0.17380709635425656,0.17356524609749302,0.22437498060774175,0.00046969036338850856,0.000123975973110646,0.00018741394160315394
ray_gpis_uncertainty_only,Thin_Irregular,3,0,2,minus_x,minus_x,0.13550560489808855,0.13550560489808855,0.0,1.0,0.5,0.13550560489808855,0.08348152952345483,0.03668676093104395,0.0007975606131367385,0.00012112984404666349,0.00023626739857718349
ray_gpis_uncertainty_only,Thin_Irregular,3,0,3,minus_x,minus_x,0.14622380826163406,0.14622380826163406,0.0,1.0,0.5,0.14622380826163406,0.04625659041117802,0.09533791307804762,0.0003546012449078262,0.00022658536909148097,0.00016005540965124965
ray_gpis_uncertainty_only,Thin_Irregular,3,0,4,minus_x,minus_x,0.04681600022710819,0.04681600022710819,0.0,1.0,0.0,0.04681600022710819,0.014987278364358536,0.01556815074017126,0.0001326819765381515,0.0001326819765381515,0.00012132355914218351
ray_gpis_uncertainty_only,Thin_Irregular,9,0,0,minus_x,minus_x,0.3300250934112419,0.3300250934112419,0.0,1.0,1.0,0.3300250934112419,0.08534341504966514,0.034615000455955,0.001594739151187241,0.0003913884866051376,0.0003610944258980453
ray_gpis_uncertainty_only,Thin_Irregular,9,0,1,minus_x,minus_x,0.03476001300332332,0.03476001300332332,0.0,1.0,0.5,0.03476001300332332,-0.016546360164981677,-0.0011224065295734054,0.0005636198329739273,0.0002345835673622787,0.00014865229604765773
ray_gpis_uncertainty_only,Thin_Irregular,9,0,2,minus_x,minus_x,0.14502549353472172,0.14502549353472172,0.0,1.0,0.5,0.14502549353472172,0.03704975162672319,0.0944019354928346,0.00023681501625105739,0.0002018345403485,0.00018153170822188258
ray_gpis_uncertainty_only,Thin_Irregular,9,0,3,minus_y,minus_y,0.02867321059615613,0.02867321059615613,0.0,1.0,0.8660254037844387,0.025794958086549857,0.02867321059615613,0.022204364910878405,0.00011132487998111174,0.00011132487998111174,0.00011107156024081632
ray_gpis_uncertainty_only,Thin_Irregular,9,0,4,plus_z,minus_x,0.00846908782849698,0.02309617182956647,0.01462708400106949,0.0,-0.8660254037844387,0.02309617182956647,0.007748467070876952,0.00846908782849698,0.00010959634528262541,0.00011042335972888395,0.00011042335972888395
ray_gpis_uncertainty_only,Thin_Irregular,10,0,0,minus_x,plus_z,0.033161859951669814,0.08163554467257955,0.04847368472090974,0.0,-1.0,0.033161859951669814,0.06581870601857964,0.08163554467257955,0.0016765763284638524,0.0010611173929646611,0.00024642253993079066
ray_gpis_uncertainty_only,Thin_Irregular,10,0,1,minus_x,minus_y,0.08342251019887725,0.09195239174571801,0.008529881546840756,0.0,-0.5,0.08342251019887725,0.09195239174571801,0.08866760194804935,0.00273910746909678,0.0024764297995716333,0.0001629164326004684
ray_gpis_uncertainty_only,Thin_Irregular,10,0,2,minus_x,minus_y,0.08792782286888601,0.08871943997112708,0.0007916171022410712,0.0,-0.5,0.08792782286888601,0.08871943997112708,0.07259799967172265,0.0017369521083310246,0.00018065253971144557,0.00032840872881934047
ray_gpis_uncertainty_only,Thin_Irregular,10,0,3,minus_x,minus_x,0.05740559449410376,0.05740559449410376,0.0,1.0,1.0,0.05740559449410376,0.008371558583436411,0.014029242946739462,0.00169779930729419,0.00016195530770346522,0.0002129284548573196
ray_gpis_uncertainty_only,Thin_Irregular,10,0,4,minus_x,plus_z,0.08541859798677198,0.1153081509612276,0.029889552974455613,0.0,0.5,0.08541859798677198,0.016847878136535432,0.1153081509612276,0.0017770734848454595,0.0001278987037949264,0.00036609004018828273
ray_gpis_uncertainty_only,Thin_Irregular,5,0,0,minus_x,plus_z,0.24374996672741517,0.3058666966313875,0.06211672990397232,0.0,-1.0,0.24374996672741517,0.293760780920325,0.3058666966313875,0.000515446241479367,0.00033232959685847163,0.00012480671284720302
ray_gpis_uncertainty_only,Thin_Irregular,5,0,1,minus_x,minus_x,0.12731958890301975,0.12731958890301975,0.0,1.0,1.0,0.12731958890301975,0.026920128943613564,0.021013122159710962,0.0004895126330666244,0.00040902773616835475,0.00020647625206038356
ray_gpis_uncertainty_only,Thin_Irregular,5,0,2,minus_x,minus_x,0.12475412750569853,0.12475412750569853,0.0,1.0,0.5,0.12475412750569853,0.04595038804156604,0.06462682586289242,0.0008215142297558486,0.0003362579154781997,0.00011510604963405058
ray_gpis_uncertainty_only,Thin_Irregular,5,0,3,minus_x,minus_x,0.11357446284750727,0.11357446284750727,0.0,1.0,1.0,0.11357446284750727,0.07201550125765677,0.005865599039661995,0.0011420269729569554,0.0006985051441006362,0.00012294406769797206
ray_gpis_uncertainty_only,Thin_Irregular,5,0,4,minus_x,minus_y,0.028926314143964516,0.07489836323914512,0.0459720490951806,0.0,0.8660254037844387,0.028926314143964516,0.07489836323914512,0.0040505924619211875,0.0007007701206021011,0.0007007701206021011,0.00011663714394671842
ray_gpis_uncertainty_only,Thin_Irregular,11,0,0,minus_x,minus_x,0.18922273342969914,0.18922273342969914,0.0,1.0,1.0,0.18922273342969914,0.11266772870675679,0.07945939065159768,0.0005664305645041168,0.00042933429358527064,0.00013548153219744563
ray_gpis_uncertainty_only,Thin_Irregular,11,0,1,minus_x,minus_x,0.002113946860286209,0.002113946860286209,0.0,1.0,0.5,0.002113946860286209,-0.016685956430247284,-0.012184215746282478,0.0003172254073433578,0.00014816428301855922,0.00011979991541011259
ray_gpis_uncertainty_only,Thin_Irregular,11,0,2,minus_x,minus_x,0.07832483256958167,0.07832483256958167,0.0,1.0,1.0,0.07832483256958167,0.05175503266128689,0.06875693087679913,0.0003435855614952743,0.00011650675878627226,0.00015814806101843715
ray_gpis_uncertainty_only,Thin_Irregular,11,0,3,minus_x,minus_x,0.0941863917569783,0.0941863917569783,0.0,1.0,0.5,0.0941863917569783,0.024302060113094104,0.03293224197401079,0.0004399215686134994,0.0001423863577656448,0.00011407041893107817
ray_gpis_uncertainty_only,Thin_Irregular,11,0,4,minus_x,minus_x,0.10102550339526406,0.10102550339526406,0.0,1.0,0.8660254037844387,0.10102550339526406,0.07106911330034538,0.06521556946424434,0.0003402104484848678,0.0003402104484848678,0.0001415742444805801
ray_gpis_uncertainty_only,Thin_Irregular,0,0,0,minus_x,plus_z,0.09757242154241014,0.11979749958594432,0.022225078043534185,0.0,-0.5,0.09757242154241014,0.08922994119819921,0.11979749958594432,0.0016688687028363347,0.00048236007569357753,0.0002817327040247619
ray_gpis_uncertainty_only,Thin_Irregular,0,0,1,minus_x,minus_x,0.051113302994421905,0.051113302994421905,0.0,1.0,0.5,0.051113302994421905,-0.015283855491605214,0.027543024455767562,0.0014370327116921544,0.0005957877147011459,0.0002603402244858444
ray_gpis_uncertainty_only,Thin_Irregular,0,0,2,minus_x,minus_x,0.17748308440059613,0.17748308440059613,0.0,1.0,1.0,0.17748308440059613,0.11414532359005525,0.10498914927946301,0.0010110345901921391,0.0003367124008946121,0.00011836195335490629
ray_gpis_uncertainty_only,Thin_Irregular,0,0,3,minus_x,minus_x,0.1287488868931007,0.1287488868931007,0.0,1.0,1.0,0.1287488868931007,0.10626886753256037,0.05915949181317537,0.00047100166557356715,0.00014606694458052516,0.00014323199866339564
ray_gpis_uncertainty_only,Thin_Irregular,0,0,4,plus_z,minus_x,0.010332290977165703,0.0533843617052272,0.0430520707280615,0.0,0.0,0.0533843617052272,0.03750288294153181,0.010332290977165703,0.0002267492818646133,0.00010983848915202543,0.0002267492818646133
ray_gpis_pointwise,green_Pepper,8,0,0,minus_x,minus_x,-0.0009714190870044881,-0.0009714190870044881,0.0,1.0,1.0,-0.0009714190870044881,-0.01758679976587063,-0.04383939566055889,6.434941496991087e-06,6.300494078459451e-06,6.152781224955106e-06
ray_gpis_pointwise,green_Pepper,8,0,1,minus_x,minus_y,0.20209371899560818,0.21389680127087157,0.011803082275263388,0.0,0.5,0.20209371899560818,0.21389680127087157,0.15072154718096786,0.00129454187117517,0.0007783062756061554,2.946017775684595e-05
ray_gpis_pointwise,green_Pepper,8,0,2,minus_x,minus_x,0.16712556156835567,0.16712556156835567,0.0,1.0,0.5,0.16712556156835567,0.08407094475903154,0.09583475588021373,0.0005582625162787735,0.00022859967430122197,5.4688331147190183e-05
ray_gpis_pointwise,green_Pepper,8,0,3,minus_x,minus_y,-0.04711526503830732,-0.014886038692579429,0.03222922634572789,0.0,-0.5,-0.04711526503830732,-0.014886038692579429,-0.020901192747521224,0.00013932441652286798,8.564774907426909e-05,6.154926086310297e-05
ray_gpis_pointwise,green_Pepper,8,0,4,minus_y,minus_y,0.10615666269397084,0.10615666269397084,0.0,1.0,1.0,0.05631322335766109,0.10615666269397084,0.09684930476385933,2.3604950911249034e-05,9.136434528045356e-05,8.157244883477688e-05
ray_gpis_pointwise,green_Pepper,13,0,0,minus_x,minus_x,0.1604911505932285,0.1604911505932285,0.0,1.0,1.0,0.1604911505932285,0.12537889479714615,0.023717483526329408,1.2760960089508444e-05,1.2554873137560207e-05,1.2311664249864407e-05
ray_gpis_pointwise,green_Pepper,13,0,1,minus_x,minus_x,0.03473093752466272,0.03473093752466272,0.0,1.0,1.0,0.03473093752466272,0.0037908027120718835,0.007117078248810915,0.0006826345925219357,2.967982982227113e-05,7.28182349121198e-05
ray_gpis_pointwise,green_Pepper,13,0,2,minus_x,minus_x,0.17132532029889902,0.17132532029889902,0.0,1.0,0.5,0.17132532029889902,0.018733625549104183,0.0010807928513238974,0.0010631242766976357,5.892284752917476e-05,6.347466114675626e-05
ray_gpis_pointwise,green_Pepper,13,0,3,minus_x,minus_x,0.06939407050237201,0.06939407050237201,0.0,1.0,1.0,0.06939407050237201,0.052399357910371314,0.04457774108889401,0.00022122131485957652,4.537306813290343e-05,2.4304832550114952e-05
ray_gpis_pointwise,green_Pepper,13,0,4,minus_x,minus_x,0.06345088706780722,0.06345088706780722,0.0,1.0,1.0,0.06345088706780722,0.03807213022126821,0.0136223275631846,0.00013195860083214939,0.00010880961053771898,7.425226795021445e-05
ray_gpis_pointwise,green_Pepper,4,0,0,minus_x,minus_x,0.1781407531444179,0.1781407531444179,0.0,1.0,1.0,0.1781407531444179,0.06043964945336411,0.03615174703370316,0.00033600852475501597,9.806853631744161e-05,7.772611570544541e-05
ray_gpis_pointwise,green_Pepper,4,0,1,minus_x,minus_x,0.1037529805108015,0.1037529805108015,0.0,1.0,1.0,0.1037529805108015,0.027588837758863893,0.025702250181505293,0.000558583764359355,5.621719901682809e-05,2.488652171450667e-05
ray_gpis_pointwise,green_Pepper,4,0,2,minus_x,minus_x,0.18311002583961367,0.18311002583961367,0.0,1.0,1.0,0.18311002583961367,0.08775282458392153,0.02429501996940464,0.0003547322121448815,6.043667235644534e-05,2.587206290627364e-05
ray_gpis_pointwise,green_Pepper,4,0,3,minus_y,minus_x,0.002616533204260918,0.010731959847324557,0.008115426643063639,0.0,-0.5,0.010731959847324557,0.002616533204260918,0.005219541116078585,4.5166783820604905e-05,4.698583870776929e-05,3.177481994498521e-05
ray_gpis_pointwise,green_Pepper,4,0,4,minus_y,minus_x,0.0015563568649579196,0.0072997751218233375,0.005743418256865418,0.0,-0.5,0.0072997751218233375,0.0015563568649579196,0.003886065973233266,4.81374045193661e-05,4.8854402848519385e-05,2.678137389011681e-05
ray_gpis_pointwise,green_Pepper,1,0,0,minus_x,plus_z,0.012895211825320274,0.05018390104973325,0.037288689224412974,0.0,-1.0,0.012895211825320274,0.02979454104169238,0.05018390104973325,0.00045845258864574134,0.0002689103130251169,5.186373891774565e-05
ray_gpis_pointwise,green_Pepper,1,0,1,minus_x,minus_x,0.20557188151624517,0.20557188151624517,0.0,1.0,0.5,0.20557188151624517,0.045952499387975354,0.06969767739171878,0.00043604697566479445,8.652578253531829e-05,4.1707080526975915e-05
ray_gpis_pointwise,green_Pepper,1,0,2,minus_x,minus_y,0.0011772167328782945,0.017581771353815556,0.01640455462093726,0.0,-0.5,0.0011772167328782945,0.017581771353815556,0.011225598185276464,0.0002857217623386532,3.1846841011429206e-05,2.4712400772841647e-05
ray_gpis_pointwise,green_Pepper,1,0,3,minus_x,minus_x,0.11686044534507545,0.11686044534507545,0.0,1.0,1.0,0.11686044534507545,0.046298494759369535,0.023146505364995185,0.00029358628671616316,5.0270886276848614e-05,2.37698077398818e-05
ray_gpis_pointwise,green_Pepper,1,0,4,minus_x,minus_x,0.09128216722850901,0.09128216722850901,0.0,1.0,1.0,0.09128216722850901,0.030050342065408575,0.011564260963843775,0.00028738495893776417,4.926496330881491e-05,2.4680395654286258e-05
ray_gpis_pointwise,green_Pepper,12,0,0,minus_x,minus_x,0.24686665935560592,0.24686665935560592,0.0,1.0,1.0,0.24686665935560592,0.13856808706186396,0.13472453349881985,1.5877672922215424e-05,1.5536925275227986e-05,1.4987062058935408e-05
ray_gpis_pointwise,green_Pepper,12,0,1,minus_x,minus_x,0.044805778777909255,0.044805778777909255,0.0,1.0,1.0,0.044805778777909255,0.031573332121050846,0.012030663004727549,0.0003981427871622145,0.00011699790047714487,2.5057246602955274e-05
ray_gpis_pointwise,green_Pepper,12,0,2,minus_x,minus_x,0.14844872152638455,0.14844872152638455,0.0,1.0,1.0,0.14844872152638455,0.058527735193983466,0.05550390457177756,0.0006668684654869139,0.00021604735229630023,2.426790160825476e-05
ray_gpis_pointwise,green_Pepper,12,0,3,minus_x,minus_x,0.10570917053530315,0.10570917053530315,0.0,1.0,1.0,0.10570917053530315,0.026344769859728112,0.008340310537038431,0.00018817592354025692,8.25285169412382e-05,2.470354775141459e-05
ray_gpis_pointwise,green_Pepper,12,0,4,minus_y,plus_z,0.007919439844292775,0.01767224568902359,0.009752805844730816,0.0,-1.0,0.015245819831201546,0.007919439844292775,0.01767224568902359,5.580554352491163e-05,7.74686413933523e-05,2.4496030164300464e-05
ray_gpis_pointwise,green_Pepper,7,0,0,minus_x,minus_x,0.18392165294369878,0.18392165294369878,0.0,1.0,0.5,0.18392165294369878,0.035038947518620855,0.03912327616788258,0.00038264281465671957,6.64474573568441e-05,3.0446781238424592e-05
ray_gpis_pointwise,green_Pepper,7,0,1,minus_x,minus_x,0.02952860993055273,0.02952860993055273,0.0,1.0,0.5,0.02952860993055273,-0.024185532088402795,-0.017369307341615237,0.00042714690789580345,8.798563067102805e-05,2.599907384137623e-05
ray_gpis_pointwise,green_Pepper,7,0,2,minus_x,minus_x,0.18157190855595629,0.18157190855595629,0.0,1.0,1.0,0.18157190855595629,0.10173894386258764,0.10505273991679265,0.0001334498665528372,4.141143290325999e-05,6.628684786846861e-05
ray_gpis_pointwise,green_Pepper,7,0,3,minus_y,plus_z,0.04322878593626156,0.07457474092939387,0.03134595499313231,0.0,-0.5,0.07305927814690172,0.04322878593626156,0.07457474092939387,2.8812997697968967e-05,4.5013410272076726e-05,2.9235094189061783e-05
ray_gpis_pointwise,green_Pepper,7,0,4,plus_z,minus_x,0.02481359317128129,0.02934970758100852,0.004536114409727232,0.0,-0.5,0.02934970758100852,0.02091171393542346,0.02481359317128129,2.358484016440343e-05,3.075243148487061e-05,3.2221323635894805e-05
ray_gpis_pointwise,green_Pepper,14,0,0,minus_x,minus_x,0.07836510301093036,0.07836510301093036,0.0,1.0,0.5,0.07836510301093036,0.02426992942072459,0.0680158678167887,1.620069997443352e-05,1.5578609236399643e-05,1.4519571777782403e-05
ray_gpis_pointwise,green_Pepper,14,0,1,minus_x,minus_x,0.13955946546584813,0.13955946546584813,0.0,1.0,1.0,0.13955946546584813,0.09541721402965925,0.13504466226774475,0.0006785584264434874,2.5981644284911454e-05,0.00025293248472735286
ray_gpis_pointwise,green_Pepper,14,0,2,minus_x,minus_x,0.1720784567488477,0.1720784567488477,0.0,1.0,1.0,0.1720784567488477,0.061238743668418305,0.04942422732185492,8.618062565801665e-06,8.532559149898589e-06,8.408136636717245e-06
ray_gpis_pointwise,green_Pepper,14,0,3,minus_x,minus_x,0.043857971221168635,0.043857971221168635,0.0,1.0,1.0,0.043857971221168635,0.02612842899318768,0.02546667017396098,0.00015729101141914725,6.268545985221863e-05,5.7067005400313064e-05
ray_gpis_pointwise,green_Pepper,14,0,4,minus_x,minus_x,0.1212436926806496,0.1212436926806496,0.0,1.0,0.5,0.1212436926806496,0.03973074628680673,0.02835644119178171,9.191771096084267e-05,3.662671224446967e-05,7.314083632081747e-05
ray_gpis_pointwise,green_Pepper,2,0,0,minus_x,minus_x,0.22984736849327025,0.22984736849327025,0.0,1.0,1.0,0.22984736849327025,0.16341295987556592,0.09276716595842,2.4868266336852685e-05,2.4545082851545885e-05,2.3789700207998976e-05
ray_gpis_pointwise,green_Pepper,2,0,1,minus_x,minus_y,0.03447754336393305,0.07846903834157071,0.04399149497763766,0.0,-0.5,0.03447754336393305,0.07846903834157071,0.052489338496876314,0.0004582385008689016,8.154959505191073e-05,2.493222382327076e-05
ray_gpis_pointwise,green_Pepper,2,0,2,minus_x,minus_x,0.15741216508427947,0.15741216508427947,0.0,1.0,1.0,0.15741216508427947,0.10192963340480121,0.06922321622060568,0.0005206692148931324,8.905214053811505e-05,5.573980160988867e-05
ray_gpis_pointwise,green_Pepper,2,0,3,minus_x,plus_z,0.037536551188317446,0.04163826768335355,0.004101716495036101,0.0,-0.5,0.037536551188317446,-0.014325149225741463,0.04163826768335355,0.0003102189220953733,7.130354788387194e-05,5.5700482334941626e-05
ray_gpis_pointwise,green_Pepper,2,0,4,minus_x,minus_y,0.05297215986400239,0.05403251138258558,0.0010603515185831913,0.0,-0.5,0.05297215986400239,0.05403251138258558,0.045540970933566904,9.373599459649995e-05,2.372677954554092e-05,6.222155934665352e-05
ray_gpis_pointwise,green_Pepper,6,0,0,minus_x,plus_z,0.13340213637282156,0.2294723739123855,0.09607023753956395,0.0,-0.5,0.13340213637282156,0.22937900540084294,0.2294723739123855,0.00024458864936605096,2.7332824174663983e-05,4.071663715876639e-05
ray_gpis_pointwise,green_Pepper,6,0,1,minus_x,minus_y,0.14819344122030664,0.20492669274596637,0.05673325152565972,0.0,0.5,0.14819344122030664,0.20492669274596637,0.06863037798891031,1.8885011741076596e-05,1.8550637832959183e-05,1.8280661606695503e-05
ray_gpis_pointwise,green_Pepper,6,0,2,minus_x,minus_x,0.17478042358513818,0.17478042358513818,0.0,1.0,1.0,0.17478042358513818,0.06041300836469382,0.04882239695671137,0.0003801726270467043,0.00030349951703101397,2.556939398346003e-05
ray_gpis_pointwise,green_Pepper,6,0,3,minus_x,minus_x,0.1316215485370711,0.1316215485370711,0.0,1.0,1.0,0.1316215485370711,0.04831261403430731,0.014499379440403137,0.00012647321273107082,4.7094923502299935e-05,4.198669194011018e-05
ray_gpis_pointwise,green_Pepper,6,0,4,plus_z,minus_x,0.03056858814663188,0.06202047036207636,0.03145188221544448,0.0,-1.0,0.06202047036207636,0.05944665725425535,0.03056858814663188,2.5673536583781242e-05,5.424891787697561e-05,6.991816189838573e-05
ray_gpis_pointwise,green_Pepper,3,0,0,minus_x,minus_x,0.17599491231689296,0.17599491231689296,0.0,1.0,0.5,0.17599491231689296,0.0761970738354939,0.07971610026557874,9.787874660105444e-06,9.47592343436554e-06,9.147870514425449e-06
ray_gpis_pointwise,green_Pepper,3,0,1,minus_x,minus_x,0.17259632135301628,0.17259632135301628,0.0,1.0,0.5,0.17259632135301628,0.02393087803790106,0.10737056514567711,0.0006208386621437967,7.83212308306247e-05,2.6732142941909842e-05
ray_gpis_pointwise,green_Pepper,3,0,2,minus_x,minus_x,0.09662786955675229,0.09662786955675229,0.0,1.0,1.0,0.09662786955675229,0.07149060807720342,0.08012443986740891,0.0003680291411001235,2.6327128580305725e-05,7.378878945019096e-05
ray_gpis_pointwise,green_Pepper,3,0,3,minus_x,minus_x,0.11811240312266857,0.11811240312266857,0.0,1.0,1.0,0.11811240312266857,0.016977217125775157,0.022301764538445235,0.00014050380559638143,6.62274906062521e-05,8.413450996158645e-05
ray_gpis_pointwise,green_Pepper,3,0,4,minus_x,minus_x,0.02119670571560983,0.02119670571560983,0.0,1.0,0.5,0.02119670571560983,0.007745956382386288,0.004467163264513241,4.6651042794110253e-05,2.4393602870986797e-05,2.4888846382964402e-05
ray_gpis_pointwise,green_Pepper,9,0,0,minus_x,minus_x,0.02183942002002437,0.02183942002002437,0.0,1.0,1.0,0.02183942002002437,0.008273054607705277,0.00776889800575753,0.00048265428631566465,0.00021407630993053317,6.837912951596081e-05
ray_gpis_pointwise,green_Pepper,9,0,1,minus_x,minus_y,0.21048215455002633,0.21684023617757459,0.006358081627548251,0.0,-0.5,0.21048215455002633,0.21684023617757459,0.16170962221043456,0.00019919202895835042,2.4216333258664235e-05,2.4220402337959968e-05
ray_gpis_pointwise,green_Pepper,9,0,2,minus_x,plus_z,0.04276970002338176,0.08995928876512249,0.04718958874174073,0.0,-0.5,0.04276970002338176,0.021474080187841027,0.08995928876512249,0.0002606626076158136,2.34290291700745e-05,2.3041484382702038e-05
ray_gpis_pointwise,green_Pepper,9,0,3,minus_x,minus_x,0.04217128691017491,0.04217128691017491,0.0,1.0,1.0,0.04217128691017491,0.003810882293432183,0.01590659551372242,0.0002594510151538998,2.298113213328179e-05,5.074666842119768e-05
ray_gpis_pointwise,green_Pepper,9,0,4,minus_x,minus_x,0.1294435527194615,0.1294435527194615,0.0,1.0,1.0,0.1294435527194615,0.004392365816521471,0.10207250000154444,0.0002975027309730649,2.324225533811841e-05,2.7968875656370074e-05
ray_gpis_pointwise,green_Pepper,10,0,0,minus_x,minus_y,0.043949744109855915,0.08141164665019779,0.037461902540341874,0.0,0.5,0.043949744109855915,0.08141164665019779,0.019904337028452068,0.00031100111664272845,4.016954335384071e-05,2.7045580281992443e-05
ray_gpis_pointwise,green_Pepper,10,0,1,minus_x,minus_x,0.20532434403395028,0.20532434403395028,0.0,1.0,1.0,0.20532434403395028,0.06924991645412382,0.06500264716529858,0.00046841680887155235,7.709013152634725e-05,5.61188644496724e-05
ray_gpis_pointwise,green_Pepper,10,0,2,minus_x,minus_y,0.012973779969313481,0.0188139949184849,0.005840214949171418,0.0,0.5,0.012973779969313481,0.0188139949184849,0.006960462302009085,0.00033095304388552904,6.509355443995446e-05,2.4929413484642282e-05
ray_gpis_pointwise,green_Pepper,10,0,3,minus_x,plus_z,0.04748760697062948,0.07360143924284512,0.026113832272215642,0.0,-1.0,0.04748760697062948,0.04776895468950615,0.07360143924284512,0.00046549327089451253,8.882559632183984e-05,2.4253769879578613e-05
ray_gpis_pointwise,green_Pepper,10,0,4,minus_x,minus_x,0.10290812125942173,0.10290812125942173,0.0,1.0,0.5,0.10290812125942173,0.0029521482442202984,0.05469445705777509,0.0004033420409541577,7.886127423262224e-05,2.3700389647274278e-05
ray_gpis_pointwise,green_Pepper,5,0,0,minus_x,minus_x,0.20224855392283947,0.20224855392283947,0.0,1.0,1.0,0.20224855392283947,0.16738456592079498,0.0981863614595791,8.41875771584455e-06,8.202428034564946e-06,7.708070370426867e-06
ray_gpis_pointwise,green_Pepper,5,0,1,minus_x,minus_x,0.15779979070295536,0.15779979070295536,0.0,1.0,1.0,0.15779979070295536,0.14248723287546572,0.05565368021271133,0.0007846983498893678,0.0002690677938517183,2.6017989512183703e-05
ray_gpis_pointwise,green_Pepper,5,0,2,minus_x,minus_x,0.11054499624260616,0.11054499624260616,0.0,1.0,1.0,0.11054499624260616,0.10533223468686004,0.09338145099054307,0.00023922909167595208,0.00018832336354535073,0.0001504601095803082
ray_gpis_pointwise,green_Pepper,5,0,3,minus_y,minus_y,0.054330573772182755,0.054330573772182755,0.0,1.0,1.0,0.05020347715398643,0.054330573772182755,0.006344213063664839,6.0526170273078606e-05,0.0001344843185506761,4.822991104447283e-05
ray_gpis_pointwise,green_Pepper,5,0,4,plus_z,minus_x,0.0285739956329214,0.07362720326606909,0.045053207633147685,0.0,-1.0,0.07362720326606909,0.05255125503986402,0.0285739956329214,4.4869695557281375e-05,5.473927012644708e-05,6.504551856778562e-05
ray_gpis_pointwise,green_Pepper,11,0,0,minus_x,minus_x,0.22682422782268813,0.22682422782268813,0.0,1.0,0.5,0.22682422782268813,0.11498967326942922,0.13194623226588337,0.0005173772806301713,8.840820373734459e-05,6.595059676328674e-05
ray_gpis_pointwise,green_Pepper,11,0,1,minus_x,minus_x,0.16478788474863204,0.16478788474863204,0.0,1.0,1.0,0.16478788474863204,0.047526439725174896,0.03502917399377414,0.0005325724487192929,7.91125712567009e-05,3.808208930422552e-05
ray_gpis_pointwise,green_Pepper,11,0,2,minus_x,minus_x,0.04954215075173385,0.04954215075173385,0.0,1.0,1.0,0.04954215075173385,0.03955052852991636,0.03856776840557541,9.579529432812706e-05,5.411841630120762e-05,2.5095820092246868e-05
ray_gpis_pointwise,green_Pepper,11,0,3,minus_x,minus_x,0.06642626344818736,0.06642626344818736,0.0,1.0,0.5,0.06642626344818736,0.011720085888885734,0.04174563762243677,5.83028158871457e-05,4.723979873233475e-05,4.362071558716707e-05
ray_gpis_pointwise,green_Pepper,11,0,4,minus_y,minus_x,0.0196154570722209,0.03285717861573656,0.013241721543515661,0.0,-0.5,0.03285717861573656,0.0196154570722209,0.020108783213771075,4.3777370592579246e-05,4.709324275609106e-05,2.4123744879034348e-05
ray_gpis_pointwise,green_Pepper,0,0,0,minus_x,minus_x,0.2753694918455501,0.2753694918455501,0.0,1.0,0.5,0.2753694918455501,0.024869292523809206,0.05919284057400909,2.1051333533250727e-05,2.044962820946239e-05,1.9482367861201055e-05
ray_gpis_pointwise,green_Pepper,0,0,1,minus_x,minus_x,0.18267472921072125,0.18267472921072125,0.0,1.0,0.5,0.18267472921072125,0.05218928616674712,0.06771102479575641,0.00019355560652911663,4.104437539353967e-05,2.565405156929046e-05
ray_gpis_pointwise,green_Pepper,0,0,2,minus_y,minus_x,0.003070515798332507,0.07251784887165669,0.06944733307332418,0.0,-1.0,0.07251784887165669,0.003070515798332507,0.03950740740444869,4.913579687126912e-05,5.946174496784806e-05,5.23417693329975e-05
ray_gpis_pointwise,green_Pepper,0,0,3,plus_z,plus_z,0.0410727257952852,0.0410727257952852,0.0,1.0,1.0,0.023519833214511898,0.014632952105669506,0.0410727257952852,5.2976596634835005e-05,3.351372652105056e-05,6.033290992490947e-05
ray_gpis_pointwise,green_Pepper,0,0,4,minus_x,minus_x,0.04659262178372714,0.04659262178372714,0.0,1.0,1.0,0.04659262178372714,0.004948186480027927,0.008318309753804543,5.34312057425268e-05,2.4560831661801785e-05,3.5117845982313156e-05
ray_gpis_pointwise,Corner,8,0,0,minus_x,minus_x,0.20024570391595886,0.20024570391595886,0.0,1.0,0.5,0.20024570391595886,0.07194203077588929,0.07464264238553209,0.0005196189740672708,0.0004135665949434042,0.0002580703003332019
ray_gpis_pointwise,Corner,8,0,1,minus_x,minus_x,0.05656113626361625,0.05656113626361625,0.0,1.0,1.0,0.05656113626361625,0.046929292800861555,0.02558551473932058,0.00024155931896530092,0.00022317770344670862,2.87497623503441e-05
ray_gpis_pointwise,Corner,8,0,2,minus_x,minus_x,0.08628339227166959,0.08628339227166959,0.0,1.0,0.5,0.08628339227166959,0.024327500953229553,0.026498309471901682,0.0002832707541529089,9.476706327404827e-05,2.432623841741588e-05
ray_gpis_pointwise,Corner,8,0,3,minus_x,minus_x,0.12705668165842565,0.12705668165842565,0.0,1.0,1.0,0.12705668165842565,0.08319954151881837,0.0665721616004703,0.00023813308507669717,6.249576108530164e-05,5.0651760830078274e-05
ray_gpis_pointwise,Corner,8,0,4,minus_y,minus_y,0.07982311217762084,0.07982311217762084,0.0,1.0,0.5,0.019602003763607656,0.07982311217762084,0.023253221499474064,6.840393325546756e-05,0.00014052778715267777,2.3971308110048994e-05
ray_gpis_pointwise,Corner,13,0,0,minus_x,minus_x,0.17414205333868754,0.17414205333868754,0.0,1.0,0.5,0.17414205333868754,0.05205120630218346,0.06748348765119111,0.0007605755235999823,0.0001714829122647643,6.658151687588543e-05
ray_gpis_pointwise,Corner,13,0,1,minus_x,minus_y,-0.007098790067646132,0.008296616800712031,0.015395406868358164,0.0,0.5,-0.007098790067646132,0.008296616800712031,-0.0317579440590634,0.00032770540565252304,3.5110642784275115e-05,2.4166014554793946e-05
ray_gpis_pointwise,Corner,13,0,2,minus_x,minus_x,0.19503088189320306,0.19503088189320306,0.0,1.0,1.0,0.19503088189320306,0.11027921860426904,0.11215819427336993,0.00011311580601613969,5.999844506732188e-05,6.087064684834331e-05
ray_gpis_pointwise,Corner,13,0,3,minus_y,plus_z,0.021467151315814448,0.04179758523166599,0.020330433915851542,0.0,-0.5,0.01841285114133817,0.021467151315814448,0.04179758523166599,2.368574496358633e-05,2.3702343241893686e-05,2.3273940314538777e-05
ray_gpis_pointwise,Corner,13,0,4,minus_x,minus_y,0.027015305428544356,0.03597171884383321,0.008956413415288855,0.0,0.5,0.027015305428544356,0.03597171884383321,0.021682110696473966,2.7372429030947387e-05,2.3747183149680495e-05,2.329499511688482e-05
ray_gpis_pointwise,Corner,4,0,0,minus_x,minus_x,0.16703792225759406,0.16703792225759406,0.0,1.0,1.0,0.16703792225759406,0.12030438708393465,0.08539291316226294,0.0002915294608101249,0.0002600361476652324,7.778021972626448e-05
ray_gpis_pointwise,Corner,4,0,1,minus_x,minus_x,0.09753212268678857,0.09753212268678857,0.0,1.0,1.0,0.09753212268678857,0.014162799827387884,-0.007550195792913272,0.0003043971082661301,7.83858704380691e-05,2.697332456591539e-05
ray_gpis_pointwise,Corner,4,0,2,minus_x,minus_x,0.12421684172414027,0.12421684172414027,0.0,1.0,0.5,0.12421684172414027,0.08181899422358407,0.07921225297225598,9.889894135994837e-05,2.390695044596214e-05,3.9992897654883564e-05
ray_gpis_pointwise,Corner,4,0,3,minus_x,plus_z,-0.02229000401939729,-0.01316870893333999,0.009121295086057302,0.0,0.5,-0.02229000401939729,-0.0359714524153949,-0.01316870893333999,6.792171188862994e-05,2.3183967641671188e-05,4.740083386423066e-05
ray_gpis_pointwise,Corner,4,0,4,minus_x,plus_z,0.02314451935577644,0.02792019513323063,0.004775675777454191,0.0,-0.5,0.02314451935577644,0.020400331662318805,0.02792019513323063,4.4532003812491894e-05,2.2973521481617354e-05,2.2920099581824616e-05
ray_gpis_pointwise,Corner,1,0,0,minus_x,minus_x,0.09795390943061683,0.09795390943061683,0.0,1.0,0.5,0.09795390943061683,0.028296929628615464,0.05577025137958158,0.000521428300999105,0.0002335210156161338,9.217592014465481e-05
ray_gpis_pointwise,Corner,1,0,1,minus_x,minus_x,0.1119170725994959,0.1119170725994959,0.0,1.0,0.5,0.1119170725994959,0.03762126036496605,0.030909279107543042,0.0006963735795579851,0.00011774357699323446,0.0001277505944017321
ray_gpis_pointwise,Corner,1,0,2,minus_x,minus_x,0.02960131615137651,0.02960131615137651,0.0,1.0,0.5,0.02960131615137651,0.009629671792972694,0.027311618410064353,0.0002821334928739816,0.00012209800479467958,6.595148443011567e-05
ray_gpis_pointwise,Corner,1,0,3,minus_x,minus_x,0.03681314622003906,0.03681314622003906,0.0,1.0,1.0,0.03681314622003906,0.01078045102805214,0.0313775005138176,0.0002935755765065551,6.554805440828204e-05,0.00020242082246113569
ray_gpis_pointwise,Corner,1,0,4,minus_x,minus_x,0.0860200099996179,0.0860200099996179,0.0,1.0,1.0,0.0860200099996179,0.053502344447687755,0.06519351390454431,0.00019400072051212192,2.398661308689043e-05,3.325595389469527e-05
ray_gpis_pointwise,Corner,12,0,0,minus_x,minus_x,0.24072982569217116,0.24072982569217116,0.0,1.0,0.5,0.24072982569217116,0.13587355461980188,0.1440641972760266,0.0005470078904181719,0.0001796612050384283,2.7512529413797893e-05
ray_gpis_pointwise,Corner,12,0,1,minus_x,minus_x,0.02214791529897897,0.02214791529897897,0.0,1.0,0.5,0.02214791529897897,0.009081857543923322,0.016884510246782503,0.0003673924074973911,0.0002341930812690407,2.6792482458404265e-05
ray_gpis_pointwise,Corner,12,0,2,minus_x,minus_x,0.07458076947026904,0.07458076947026904,0.0,1.0,1.0,0.07458076947026904,0.05853190643362138,0.024634952390289233,0.0003726758877746761,0.00027776823844760656,7.91074417065829e-05
ray_gpis_pointwise,Corner,12,0,3,minus_y,minus_y,0.036184997573870836,0.036184997573870836,0.0,1.0,1.0,0.020333620417083975,0.036184997573870836,0.00493033477377236,0.0001382868067594245,0.00015424222510773689,0.00011085298319812864
ray_gpis_pointwise,Corner,12,0,4,plus_z,plus_z,0.057748734880342045,0.057748734880342045,0.0,1.0,1.0,0.05585352009411193,0.041241869853956725,0.057748734880342045,0.00014019211812410504,0.00012860145943704993,0.0001488762063672766
ray_gpis_pointwise,Corner,7,0,0,minus_x,plus_z,0.0019516186564977334,0.06197887849509248,0.06002725983859475,0.0,-1.0,0.0019516186564977334,0.04178040453923576,0.06197887849509248,0.0005424357950687408,0.0002746807876974344,2.7342797693563625e-05
ray_gpis_pointwise,Corner,7,0,1,minus_x,minus_x,0.1910717550786969,0.1910717550786969,0.0,1.0,0.5,0.1910717550786969,0.052811800862046676,0.11588112642914994,0.0007179392850957811,0.00021533168910536915,2.6717016226029955e-05
ray_gpis_pointwise,Corner,7,0,2,minus_x,minus_x,0.15492572816786054,0.15492572816786054,0.0,1.0,0.5,0.15492572816786054,0.05251772988449188,0.055370857099497406,0.0003068623773287982,2.9145116059225984e-05,2.443940866214689e-05
ray_gpis_pointwise,Corner,7,0,3,minus_x,minus_x,0.08676236101411328,0.08676236101411328,0.0,1.0,1.0,0.08676236101411328,0.041638174099012715,0.04758065495468766,0.0001861285709310323,5.294899892760441e-05,6.266833952395245e-05
ray_gpis_pointwise,Corner,7,0,4,minus_x,plus_z,0.043416130627647376,0.044270110636819626,0.0008539800091722505,0.0,-0.5,0.043416130627647376,0.007487119009596088,0.044270110636819626,8.327834802912548e-05,4.6551893319701776e-05,2.4921735530369915e-05
ray_gpis_pointwise,Corner,14,0,0,minus_x,minus_x,0.1383418981961091,0.1383418981961091,0.0,1.0,1.0,0.1383418981961091,0.10521506080821363,0.06575145404103006,0.00032309189555235207,0.00015367595187854022,9.9286982731428e-05
ray_gpis_pointwise,Corner,14,0,1,minus_x,minus_x,0.18587218696009955,0.18587218696009955,0.0,1.0,1.0,0.18587218696009955,0.08836908031652146,0.06486005948416684,0.00016668012540321797,4.441880446393043e-05,2.3264114133780822e-05
ray_gpis_pointwise,Corner,14,0,2,minus_x,minus_x,-0.031280141158923525,-0.031280141158923525,0.0,1.0,1.0,-0.031280141158923525,-0.03433339951859293,-0.03668610987996346,0.0003604007069952786,0.00028515307349152863,2.453899651300162e-05
ray_gpis_pointwise,Corner,14,0,3,minus_y,minus_y,0.14092371499495338,0.14092371499495338,0.0,1.0,1.0,0.11666413934381203,0.14092371499495338,0.05642839009222311,0.000189426020369865,0.0001995630591409281,3.858405398204923e-05
ray_gpis_pointwise,Corner,14,0,4,minus_y,minus_y,0.0715653191832657,0.0715653191832657,0.0,1.0,1.0,0.05192647039694276,0.0715653191832657,0.03160409863381253,7.007255044300109e-05,0.00010199176904279739,2.328553091501817e-05
ray_gpis_pointwise,Corner,2,0,0,minus_x,minus_x,0.23698928808417863,0.23698928808417863,0.0,1.0,1.0,0.23698928808417863,0.1573483611009875,0.06808823644289314,2.079174191749189e-05,2.035009856626857e-05,2.0074656276847236e-05
ray_gpis_pointwise,Corner,2,0,1,minus_x,minus_x,0.11051764842114087,0.11051764842114087,0.0,1.0,1.0,0.11051764842114087,0.08575186960608716,0.07809053947084832,0.00026179285487160087,4.657600948121399e-05,2.5783348974073306e-05
ray_gpis_pointwise,Corner,2,0,2,minus_x,minus_x,0.10132591139708236,0.10132591139708236,0.0,1.0,0.5,0.10132591139708236,0.09259952154001261,0.0720047357335899,0.000219670997466892,4.108781649847515e-05,9.227691771229729e-05
ray_gpis_pointwise,Corner,2,0,3,minus_x,minus_x,0.09002048409903463,0.09002048409903463,0.0,1.0,1.0,0.09002048409903463,0.03551012413103616,0.04930360632348274,0.00018627649114932865,2.4303335521835834e-05,5.273002170724794e-05
ray_gpis_pointwise,Corner,2,0,4,minus_x,minus_y,-0.005639188199890621,-0.0039318372455855455,0.0017073509543050758,0.0,-0.5,-0.005639188199890621,-0.0039318372455855455,-0.01736579310084907,0.00013954401947557926,2.3495844288845547e-05,2.3905091438791715e-05
ray_gpis_pointwise,Corner,6,0,0,minus_x,minus_x,0.15198897424692426,0.15198897424692426,0.0,1.0,1.0,0.15198897424692426,0.1345661411467427,0.08135895837031903,0.00027128439978696406,0.00015553811681456864,3.90285458706785e-05
ray_gpis_pointwise,Corner,6,0,1,minus_x,minus_x,0.07993952724747266,0.07993952724747266,0.0,1.0,1.0,0.07993952724747266,0.042531436208135376,0.012346434826128183,0.0002995739923790097,0.00010781105811474845,4.724889367935248e-05
ray_gpis_pointwise,Corner,6,0,2,minus_x,minus_x,0.1071988258448896,0.1071988258448896,0.0,1.0,1.0,0.1071988258448896,0.02014034264232556,0.010105189001871295,0.0001989229494938627,8.868400618666783e-05,2.4867347747203894e-05
ray_gpis_pointwise,Corner,6,0,3,minus_x,minus_x,0.05674640267425701,0.05674640267425701,0.0,1.0,0.5,0.05674640267425701,0.040237129371448854,0.03410215760420077,9.03215041034855e-05,2.373724964854773e-05,5.564574894378893e-05
ray_gpis_pointwise,Corner,6,0,4,minus_y,minus_y,0.03970582453007976,0.03970582453007976,0.0,1.0,0.5,0.0035185855013166734,0.03970582453007976,0.00903168645096275,2.360901635256596e-05,5.0997481594095007e-05,2.3456665076082572e-05
ray_gpis_pointwise,Corner,3,0,0,minus_x,minus_x,0.19236525730709902,0.19236525730709902,0.0,1.0,1.0,0.19236525730709902,0.14331011295690027,0.039068887807021224,2.4314185793627985e-05,2.4098741050693206e-05,2.3708622393314727e-05
ray_gpis_pointwise,Corner,3,0,1,minus_x,minus_x,0.09246571428235817,0.09246571428235817,0.0,1.0,0.5,0.09246571428235817,0.022420565670932202,0.011167880618671133,0.00019244790019001812,2.4396355001954362e-05,2.4438812033622526e-05
ray_gpis_pointwise,Corner,3,0,2,minus_x,minus_x,0.02594005183125947,0.02594005183125947,0.0,1.0,0.5,0.02594005183125947,0.020394102353268218,0.020471469564669498,0.00017875508638098836,6.160078919492662e-05,3.590747292037122e-05
ray_gpis_pointwise,Corner,3,0,3,minus_x,minus_x,0.13400653676454544,0.13400653676454544,0.0,1.0,1.0,0.13400653676454544,0.029298913352592826,0.008255682226413374,0.0001949237921508029,6.924732588231564e-05,3.079194721067324e-05
ray_gpis_pointwise,Corner,3,0,4,minus_x,minus_y,0.013404255526549114,0.01745953958228652,0.004055284055737407,0.0,-1.0,0.013404255526549114,0.01745953958228652,0.016517976972318937,4.992955655325204e-05,2.401174424448982e-05,2.4109516743919812e-05
ray_gpis_pointwise,Corner,9,0,0,minus_x,minus_y,0.07041672061145365,0.09882625023860414,0.028409529627150487,0.0,-0.5,0.07041672061145365,0.09882625023860414,0.07399573455036357,1.6270341802737676e-05,1.6207499356823973e-05,1.587353108334355e-05
ray_gpis_pointwise,Corner,9,0,1,minus_x,minus_x,0.11103013967218611,0.11103013967218611,0.0,1.0,1.0,0.11103013967218611,0.044075564742986906,0.0330501448265903,0.00035251493682153523,0.00014527374878525734,2.4313270841958e-05
ray_gpis_pointwise,Corner,9,0,2,minus_x,minus_x,0.15474972950055876,0.15474972950055876,0.0,1.0,1.0,0.15474972950055876,0.07292280443106836,0.023544519012042464,0.0003435875987634063,8.186380000552163e-05,2.4597762603661977e-05
ray_gpis_pointwise,Corner,9,0,3,minus_x,minus_x,0.08898215876405313,0.08898215876405313,0.0,1.0,1.0,0.08898215876405313,0.018142150847909044,0.07318295032738609,0.00019199421512894332,0.0001110830417019315,0.00012474331015255302
ray_gpis_pointwise,Corner,9,0,4,plus_z,minus_x,0.026095102049485508,0.04444150254379997,0.018346400494314463,0.0,-0.5,0.04444150254379997,0.023871663787846997,0.026095102049485508,2.3437376512447372e-05,3.7253921618685126e-05,4.670531416195445e-05
ray_gpis_pointwise,Corner,10,0,0,minus_x,plus_z,0.03981895539442187,0.07399306423023339,0.03417410883581151,0.0,-1.0,0.03981895539442187,0.07214352881393965,0.07399306423023339,0.0003955421852879226,0.00022540277859661728,8.192833047360182e-05
ray_gpis_pointwise,Corner,10,0,1,minus_x,minus_x,0.06849491720735257,0.06849491720735257,0.0,1.0,0.5,0.06849491720735257,0.0329563587208751,0.046174459571980186,0.0006398744299076498,0.0003812782233580947,0.00011326753883622587
ray_gpis_pointwise,Corner,10,0,2,minus_x,minus_x,0.10657313238078925,0.10657313238078925,0.0,1.0,1.0,0.10657313238078925,0.022137920247190634,0.0036371619757612494,0.0005809925496578217,0.00034117972245439887,5.08521989104338e-05
ray_gpis_pointwise,Corner,10,0,3,minus_x,minus_x,0.130962139380415,0.130962139380415,0.0,1.0,1.0,0.130962139380415,0.008976953449286063,0.0686458721041524,0.0002811259764712304,9.126388613367453e-05,0.00012212437286507338
ray_gpis_pointwise,Corner,10,0,4,minus_x,minus_x,0.04408769009062552,0.04408769009062552,0.0,1.0,1.0,0.04408769009062552,0.003499653430193761,0.015849407512328773,0.00011336551688145846,2.3775259251124226e-05,0.00010718522389652207
ray_gpis_pointwise,Corner,5,0,0,minus_x,minus_x,0.3143362200826016,0.3143362200826016,0.0,1.0,1.0,0.3143362200826016,0.12490447367851476,0.17968442046423072,0.0003804503649007529,0.00018880548304878175,0.0002848715230356902
ray_gpis_pointwise,Corner,5,0,1,minus_x,minus_x,0.09612063858619091,0.09612063858619091,0.0,1.0,0.5,0.09612063858619091,0.009405734261212828,0.011386491128775655,0.0001250954665010795,9.521874744677916e-05,2.660319660208188e-05
ray_gpis_pointwise,Corner,5,0,2,minus_x,minus_x,0.16137745458883535,0.16137745458883535,0.0,1.0,0.5,0.16137745458883535,0.0467368872566134,0.08510183994379117,0.00013396040594670922,8.181429438991472e-05,6.971550465095788e-05
ray_gpis_pointwise,Corner,5,0,3,minus_x,minus_y,-0.003102499511441592,0.010647710171331037,0.01375020968277263,0.0,-0.5,-0.003102499511441592,0.010647710171331037,0.0027113013485853266,5.135992978466675e-05,3.589588959584944e-05,2.3680688173044473e-05
ray_gpis_pointwise,Corner,5,0,4,plus_z,plus_z,-0.028879853681236134,-0.028879853681236134,0.0,1.0,1.0,-0.042457322647084794,-0.035592889060856225,-0.028879853681236134,2.3715921997791156e-05,2.488780955900438e-05,3.732362893060781e-05
ray_gpis_pointwise,Corner,11,0,0,minus_x,minus_y,0.054580248117484076,0.08324345049235271,0.028663202374868635,0.0,0.5,0.054580248117484076,0.08324345049235271,0.03534793510426493,0.0004943013191223145,0.00013049454719293863,2.6408946723677218e-05
ray_gpis_pointwise,Corner,11,0,1,minus_x,minus_y,0.012585975801167937,0.03806532322280254,0.0254793474216346,0.0,0.5,0.012585975801167937,0.03806532322280254,0.002665651644945477,0.0007165219285525382,0.00019591001910157502,2.4890823624446057e-05
ray_gpis_pointwise,Corner,11,0,2,minus_x,minus_x,0.14498407339851627,0.14498407339851627,0.0,1.0,0.5,0.14498407339851627,0.059632125799090274,0.06038218849307431,0.0009621601202525198,0.00022778738639317453,2.4222996216849424e-05
ray_gpis_pointwise,Corner,11,0,3,minus_y,minus_x,0.10480750703138053,0.1086843007491376,0.0038767937177570655,0.0,0.5,0.1086843007491376,0.10480750703138053,0.07415631159158753,0.0006325118592940271,0.0009049768559634686,3.546634616213851e-05
ray_gpis_pointwise,Corner,11,0,4,minus_y,minus_y,0.08406672614762323,0.08406672614762323,0.0,1.0,1.0,0.07013343954985163,0.08406672614762323,0.05974261991212215,0.00013024733925703913,0.00013834000856149942,8.41482833493501e-05
ray_gpis_pointwise,Corner,0,0,0,minus_x,minus_x,0.18238136352028078,0.18238136352028078,0.0,1.0,0.5,0.18238136352028078,0.06741428798588733,0.08183072001868447,1.8859909687307663e-05,1.8204236766905524e-05,1.739014987833798e-05
ray_gpis_pointwise,Corner,0,0,1,minus_x,minus_x,0.18569419165183437,0.18569419165183437,0.0,1.0,1.0,0.18569419165183437,0.18038550178771934,0.13106963459472537,0.00133777956943959,0.0001974992483155802,0.00019382165919523686
ray_gpis_pointwise,Corner,0,0,2,minus_x,minus_x,0.10985144834689042,0.10985144834689042,0.0,1.0,0.5,0.10985144834689042,0.014112986287710405,0.09558070245004269,0.00022359007562045008,6.38602941762656e-05,5.427254654932767e-05
ray_gpis_pointwise,Corner,0,0,3,minus_x,minus_x,0.06704594975114742,0.06704594975114742,0.0,1.0,0.5,0.06704594975114742,0.02630109627213617,0.043782183742208214,0.00017142915748991072,6.257070344872773e-05,6.017291889293119e-05
ray_gpis_pointwise,Corner,0,0,4,minus_x,plus_z,0.013514076339290249,0.021585953137860936,0.008071876798570687,0.0,-0.5,0.013514076339290249,0.019692516844893593,0.021585953137860936,0.0001669220218900591,5.331576176104136e-05,0.00012882723240181804
ray_gpis_pointwise,L_Shaped,8,0,0,minus_y,plus_z,0.19070432424295808,0.3192274598082589,0.12852313556530082,0.0,-1.0,0.21257641220857876,0.19070432424295808,0.3192274598082589,2.447903352731373e-05,2.4504837710992433e-05,2.395689080003649e-05
ray_gpis_pointwise,L_Shaped,8,0,1,minus_x,minus_x,0.05431330788243183,0.05431330788243183,0.0,1.0,0.5,0.05431330788243183,0.00926925346639218,0.030952031659905788,0.0003094853600487113,0.00026933831395581365,2.44266411755234e-05
ray_gpis_pointwise,L_Shaped,8,0,2,minus_x,minus_x,0.10298927897624544,0.10298927897624544,0.0,1.0,1.0,0.10298927897624544,0.07431452918270787,0.021616289979653258,0.0002612771058920771,0.0002286915696458891,2.3977234377525747e-05
ray_gpis_pointwise,L_Shaped,8,0,3,minus_y,minus_x,0.06515536635764241,0.13613884031547696,0.07098347395783455,0.0,0.5,0.13613884031547696,0.06515536635764241,0.028268548209714472,0.00017426522390451282,0.0002371282025706023,5.55452388653066e-05
ray_gpis_pointwise,L_Shaped,8,0,4,minus_x,minus_x,0.10143132463499249,0.10143132463499249,0.0,1.0,0.5,0.10143132463499249,0.07814939919997022,0.027050244417244462,0.00011041207471862435,5.755882375524379e-05,6.815731467213482e-05
ray_gpis_pointwise,L_Shaped,13,0,0,minus_x,plus_z,0.036914111661208504,0.054828670296239834,0.01791455863503133,0.0,-1.0,0.036914111661208504,0.05281728835559707,0.054828670296239834,2.0705965653178282e-05,2.0420440705493093e-05,1.993338628381025e-05
ray_gpis_pointwise,L_Shaped,13,0,1,minus_x,minus_x,0.09428812393996078,0.09428812393996078,0.0,1.0,0.5,0.09428812393996078,0.03442084332656581,0.054937710543247587,0.0011046520667150617,0.00010199555254075676,6.68428692733869e-05
ray_gpis_pointwise,L_Shaped,13,0,2,minus_x,plus_z,0.020398099740472575,0.04709438972021873,0.026696289979746157,0.0,-0.5,0.020398099740472575,0.0076633237524208475,0.04709438972021873,0.001409783260896802,0.00010181027028011158,2.4765817215666175e-05
ray_gpis_pointwise,L_Shaped,13,0,3,minus_x,minus_y,0.06425409052221676,0.06876013301225892,0.004506042490042161,0.0,0.5,0.06425409052221676,0.06876013301225892,0.06138643769795615,0.0021791430190205574,0.00011829668801510707,2.449612475174945e-05
ray_gpis_pointwise,L_Shaped,13,0,4,minus_x,minus_x,0.0905359372422172,0.0905359372422172,0.0,1.0,1.0,0.0905359372422172,0.08736241924497623,0.03484534754899016,0.0012185501400381327,0.000757813744712621,0.0001641786948312074
ray_gpis_pointwise,L_Shaped,4,0,0,minus_x,minus_x,0.17581744295578883,0.17581744295578883,0.0,1.0,0.5,0.17581744295578883,0.1004991615630969,0.03018051628067575,0.00016492471331730485,3.769223621929996e-05,3.8058191421441734e-05
ray_gpis_pointwise,L_Shaped,4,0,1,minus_x,minus_x,0.1934099197208149,0.1934099197208149,0.0,1.0,1.0,0.1934099197208149,0.01106753167519059,0.05342633650632067,0.00020529390894807875,2.3636726837139577e-05,2.9428498237393796e-05
ray_gpis_pointwise,L_Shaped,4,0,2,minus_x,minus_y,0.011089544029718956,0.014577721129536814,0.0034881770998178574,0.0,-0.5,0.011089544029718956,0.014577721129536814,0.007988157881244073,7.290500070666894e-05,5.224021879257634e-05,6.401252176146954e-05
ray_gpis_pointwise,L_Shaped,4,0,3,plus_z,minus_x,0.02833129122972644,0.07169941740576213,0.04336812617603569,0.0,-0.5,0.07169941740576213,0.023301622661814014,0.02833129122972644,5.6420387409161776e-05,5.698034874512814e-05,6.508470687549561e-05
ray_gpis_pointwise,L_Shaped,4,0,4,plus_z,minus_x,0.029791024645254183,0.04050429662542976,0.010713271980175576,0.0,-0.5,0.04050429662542976,0.03353215315819846,0.029791024645254183,5.9293033700669184e-05,4.626018198905513e-05,7.381231262115762e-05
ray_gpis_pointwise,L_Shaped,1,0,0,minus_x,minus_y,-0.037789355792199386,0.028782638054236753,0.06657199384643614,0.0,-0.5,-0.037789355792199386,0.028782638054236753,0.010560897679591452,0.0006431005895137787,0.0001660210982663557,3.113666389253922e-05
ray_gpis_pointwise,L_Shaped,1,0,1,minus_x,minus_x,0.2061871029701633,0.2061871029701633,0.0,1.0,0.5,0.2061871029701633,0.053374884354408736,0.12641912728889693,2.0493687770795077e-05,2.034308090514969e-05,2.0123236026847735e-05
ray_gpis_pointwise,L_Shaped,1,0,2,minus_x,minus_x,0.04520553699851393,0.04520553699851393,0.0,1.0,1.0,0.04520553699851393,0.04055483431394524,0.04339644081425276,2.343885353184305e-05,2.3161926947068423e-05,2.3264670744538307e-05
ray_gpis_pointwise,L_Shaped,1,0,3,minus_x,minus_x,0.09158212016765321,0.09158212016765321,0.0,1.0,0.5,0.09158212016765321,0.022888537817500332,0.008653625290485079,0.0002332610747544095,2.350287832086906e-05,4.4844189687864855e-05
ray_gpis_pointwise,L_Shaped,1,0,4,plus_z,minus_x,0.06373425178240721,0.07896571317861201,0.015231461396204793,0.0,-0.5,0.07896571317861201,0.04499256098590687,0.06373425178240721,1.3733362720813602e-05,1.3735793800151441e-05,1.3739197129325476e-05
ray_gpis_pointwise,L_Shaped,12,0,0,minus_x,minus_y,-0.024848011414316806,0.016952660432518307,0.041800671846835113,0.0,-0.5,-0.024848011414316806,0.016952660432518307,0.01303589606336314,0.0001614672364667058,5.624473487841897e-05,2.721145392570179e-05
ray_gpis_pointwise,L_Shaped,12,0,1,minus_x,minus_x,0.22544315322197,0.22544315322197,0.0,1.0,1.0,0.22544315322197,0.07604676448283199,0.1511942999012707,0.0005355330067686737,5.941002018516883e-05,8.606501069152728e-05
ray_gpis_pointwise,L_Shaped,12,0,2,minus_x,minus_x,0.08157065993330548,0.08157065993330548,0.0,1.0,0.5,0.08157065993330548,-0.023700449076309638,0.01880193318885426,0.00013592102914117277,8.996849646791816e-05,2.3595292077516206e-05
ray_gpis_pointwise,L_Shaped,12,0,3,minus_y,minus_x,0.001515228810114122,0.04652636438460955,0.04501113557449543,0.0,-0.5,0.04652636438460955,0.001515228810114122,0.007665728796148796,6.569903052877635e-05,7.542528328485787e-05,6.555137952091172e-05
ray_gpis_pointwise,L_Shaped,12,0,4,minus_y,minus_x,0.066937711050581,0.10532404056022282,0.038386329509641826,0.0,0.5,0.10532404056022282,0.066937711050581,0.05075488616629975,4.611609983840026e-05,4.8552174121141434e-05,2.3071281248121522e-05
ray_gpis_pointwise,L_Shaped,7,0,0,minus_x,minus_y,0.14741071125683436,0.1548190039438178,0.007408292686983453,0.0,0.5,0.14741071125683436,0.1548190039438178,0.10706851823527047,3.426534021855332e-05,3.358499816386029e-05,3.1253839551936835e-05
ray_gpis_pointwise,L_Shaped,7,0,1,minus_x,minus_x,0.2417290218727366,0.2417290218727366,0.0,1.0,1.0,0.2417290218727366,0.18152899057088578,0.044174779651405094,0.0006487478967756033,0.00014573597582057118,2.6399146008770913e-05
ray_gpis_pointwise,L_Shaped,7,0,2,minus_x,minus_x,0.08486655124163822,0.08486655124163822,0.0,1.0,1.0,0.08486655124163822,0.03487672120319252,0.012158521489973761,0.00026808682014234364,0.0002537854597903788,2.4655933884787373e-05
ray_gpis_pointwise,L_Shaped,7,0,3,minus_y,minus_x,0.015453699906638585,0.07020700218301401,0.054753302276375426,0.0,0.5,0.07020700218301401,0.015453699906638585,0.010962419510265553,0.0001712409866740927,0.00020027050049975514,2.341536855965387e-05
ray_gpis_pointwise,L_Shaped,7,0,4,minus_y,minus_y,0.0997746485474732,0.0997746485474732,0.0,1.0,1.0,0.06661128928413707,0.0997746485474732,0.008288337499180898,7.696373359067366e-05,0.00020469992887228727,2.350755676161498e-05
ray_gpis_pointwise,L_Shaped,14,0,0,minus_x,minus_x,0.1539691866958116,0.1539691866958116,0.0,1.0,0.5,0.1539691866958116,0.05651501805350467,0.09140569359850559,1.738486207614187e-05,1.7261905668419786e-05,1.6803536709630862e-05
ray_gpis_pointwise,L_Shaped,14,0,1,minus_x,minus_x,0.18255254090317885,0.18255254090317885,0.0,1.0,1.0,0.18255254090317885,0.09498818503886475,0.09094376278777272,0.0005250592948868871,0.00012166144733782858,2.7198857424082235e-05
ray_gpis_pointwise,L_Shaped,14,0,2,minus_x,minus_x,0.05737105439589962,0.05737105439589962,0.0,1.0,1.0,0.05737105439589962,0.020236307570110967,0.015745579681765043,5.6486460380256176e-05,3.8497080822708085e-05,2.385361040069256e-05
ray_gpis_pointwise,L_Shaped,14,0,3,plus_z,minus_x,0.033526173819067195,0.04841487853189841,0.014888704712831213,0.0,0.5,0.04841487853189841,0.012991279315981652,0.033526173819067195,4.43791359430179e-05,4.381114194984548e-05,5.5478009016951546e-05
ray_gpis_pointwise,L_Shaped,14,0,4,minus_y,minus_x,0.031231075788528462,0.03593181464428985,0.004700738855761388,0.0,0.5,0.03593181464428985,0.031231075788528462,0.016652964982906027,3.6241970519768074e-05,4.04318307118956e-05,2.3392989533022046e-05
ray_gpis_pointwise,L_Shaped,2,0,0,minus_y,plus_z,0.09523358948656951,0.10683842954970824,0.011604840063138722,0.0,-0.5,0.09943172046466436,0.09523358948656951,0.10683842954970824,1.581991568855301e-06,1.5886022310951375e-06,1.5878708836680744e-06
ray_gpis_pointwise,L_Shaped,2,0,1,minus_x,minus_y,0.07829310266723222,0.13620479264045315,0.05791168997322094,0.0,0.5,0.07829310266723222,0.13620479264045315,0.06556825777027431,3.375626874912996e-06,3.3648493626969866e-06,3.343657454024651e-06
ray_gpis_pointwise,L_Shaped,2,0,2,minus_x,minus_x,0.08281649975590644,0.08281649975590644,0.0,1.0,1.0,0.08281649975590644,0.02784281572984404,0.006984153069014898,2.9446323424053844e-06,2.93918219540501e-06,2.8411839139153017e-06
ray_gpis_pointwise,L_Shaped,2,0,3,minus_x,minus_y,0.043146407926480945,0.1064792386558936,0.06333283072941265,0.0,0.5,0.043146407926480945,0.1064792386558936,0.00339219816890568,0.0019238757668063045,0.0011769167613238096,2.4104176191031e-05
ray_gpis_pointwise,L_Shaped,2,0,4,minus_y,minus_x,0.07217153441055069,0.09445888154417315,0.02228734713362246,0.0,0.5,0.09445888154417315,0.07217153441055069,0.022280770153825458,2.290585689479485e-05,2.3034579498926178e-05,2.1421148630906828e-05
ray_gpis_pointwise,L_Shaped,6,0,0,minus_x,minus_x,0.08910691303384194,0.08910691303384194,0.0,1.0,1.0,0.08910691303384194,0.08721958993581358,0.05845648456910846,0.00044987653382122517,0.00039117372944019735,4.9751361075323075e-05
ray_gpis_pointwise,L_Shaped,6,0,1,minus_x,minus_x,0.08327580100980397,0.08327580100980397,0.0,1.0,0.5,0.08327580100980397,0.05298557161686129,0.0634661994679468,1.3148146535968408e-05,1.3123273674864322e-05,1.2665176654991228e-05
ray_gpis_pointwise,L_Shaped,6,0,2,minus_x,minus_x,0.1626639377915673,0.1626639377915673,0.0,1.0,0.5,0.1626639377915673,0.06426821296704621,0.07940609150719402,0.00021086802007630467,7.06309438101016e-05,5.446892464533448e-05
ray_gpis_pointwise,L_Shaped,6,0,3,minus_x,plus_z,0.03192742713606311,0.04982279527113287,0.017895368135069756,0.0,-0.5,0.03192742713606311,0.021424319790768087,0.04982279527113287,0.00019047864770982414,5.85134002903942e-05,2.358932397328317e-05
ray_gpis_pointwise,L_Shaped,6,0,4,minus_x,minus_x,0.11332286465032837,0.11332286465032837,0.0,1.0,1.0,0.11332286465032837,0.058262610234120826,0.04426383505916387,0.00021424778969958425,0.0001221776765305549,5.5400229030055925e-05
ray_gpis_pointwise,L_Shaped,3,0,0,minus_x,minus_y,0.042684291259657836,0.06459730210416198,0.021913010844504144,0.0,-0.5,0.042684291259657836,0.06459730210416198,0.05727292809613954,5.369787686504424e-06,5.360368959372863e-06,5.243801751930732e-06
ray_gpis_pointwise,L_Shaped,3,0,1,minus_x,minus_y,0.06831702739908674,0.102994796051748,0.034677768652661256,0.0,-0.5,0.06831702739908674,0.102994796051748,0.09338035602848738,3.270195520599373e-05,3.23578788083978e-05,3.0437737223110162e-05
ray_gpis_pointwise,L_Shaped,3,0,2,minus_x,minus_x,0.057982587030212085,0.057982587030212085,0.0,1.0,1.0,0.057982587030212085,0.020010527068097805,0.013436668071854174,0.0008284649229608476,0.0001806338841561228,2.573988058429677e-05
ray_gpis_pointwise,L_Shaped,3,0,3,minus_x,minus_x,0.12588263229388208,0.12588263229388208,0.0,1.0,0.5,0.12588263229388208,0.009869763497144302,0.0724665965480219,0.0015323326224461198,0.0002025238354690373,2.5063111024792306e-05
ray_gpis_pointwise,L_Shaped,3,0,4,minus_x,minus_y,0.06539470072910758,0.07392490688885345,0.008530206159745868,0.0,0.5,0.06539470072910758,0.07392490688885345,0.052065552837977536,0.000752175401430577,0.0005115070380270481,0.00017395199392922223
ray_gpis_pointwise,L_Shaped,9,0,0,minus_x,minus_x,0.09351730382853995,0.09351730382853995,0.0,1.0,1.0,0.09351730382853995,0.08852270037864829,0.03927481475392114,3.1735505672259023e-06,3.1567647056363057e-06,3.1109746032598196e-06
ray_gpis_pointwise,L_Shaped,9,0,1,minus_x,minus_x,0.12643093808248596,0.12643093808248596,0.0,1.0,1.0,0.12643093808248596,0.06372161718799829,0.02943773918163084,0.00036910874769091606,0.00016635790234431624,2.5818153517320752e-05
ray_gpis_pointwise,L_Shaped,9,0,2,minus_x,minus_y,0.018459749942881465,0.028224574313638118,0.009764824370756653,0.0,-0.5,0.018459749942881465,0.028224574313638118,0.02614637030096212,0.0005070008337497711,7.044396625133231e-05,6.032727105775848e-05
ray_gpis_pointwise,L_Shaped,9,0,3,minus_x,minus_x,0.1542283901072541,0.1542283901072541,0.0,1.0,0.5,0.1542283901072541,0.06099681827421677,0.07094411460820294,0.0004907206166535616,0.00030092959059402347,0.00015644381346646696
ray_gpis_pointwise,L_Shaped,9,0,4,minus_x,minus_y,0.032851867490968134,0.04324276313510633,0.010390895644138198,0.0,-0.5,0.032851867490968134,0.04324276313510633,0.035000790235923285,4.3460626329761e-05,3.611083229770884e-05,3.332223786856048e-05
ray_gpis_pointwise,L_Shaped,10,0,0,minus_x,minus_y,0.20365583768353462,0.210290834713514,0.006634997029979384,0.0,0.5,0.20365583768353462,0.210290834713514,0.11942792231125121,7.823115993232932e-06,7.47048034099862e-06,7.333002031373326e-06
ray_gpis_pointwise,L_Shaped,10,0,1,minus_x,minus_x,0.07570829444839733,0.07570829444839733,0.0,1.0,1.0,0.07570829444839733,0.07321976730276702,0.05266732375666161,0.00027771422173827887,0.00022021289623808116,6.375601515173912e-05
ray_gpis_pointwise,L_Shaped,10,0,2,minus_x,minus_x,0.14835602568786954,0.14835602568786954,0.0,1.0,0.5,0.14835602568786954,0.03638731600619172,0.05797086412424968,0.0003608536208048463,0.0002780341019388288,7.462474604835734e-05
ray_gpis_pointwise,L_Shaped,10,0,3,minus_x,minus_x,0.08082959380588584,0.08082959380588584,0.0,1.0,1.0,0.08082959380588584,0.05166406486151798,0.0413239676266669,9.384279837831855e-05,8.326179522555321e-05,4.3704043491743505e-05
ray_gpis_pointwise,L_Shaped,10,0,4,minus_x,minus_y,0.043840603882784435,0.060276524689346855,0.01643592080656242,0.0,0.5,0.043840603882784435,0.060276524689346855,0.043625113142231275,5.5298780353041366e-05,5.511234485311434e-05,2.3484490156988613e-05
ray_gpis_pointwise,L_Shaped,5,0,0,minus_x,minus_x,0.19151975137535454,0.19151975137535454,0.0,1.0,1.0,0.19151975137535454,0.12003739222416476,0.10273020082653117,2.0558359210554045e-06,2.053108119071112e-06,2.0446409507712815e-06
ray_gpis_pointwise,L_Shaped,5,0,1,minus_x,plus_z,0.011226938902121342,0.040809554510852775,0.029582615608731433,0.0,0.5,0.011226938902121342,0.010410406162819297,0.040809554510852775,1.469548692512035e-06,1.4390651585927117e-06,1.445252451048873e-06
ray_gpis_pointwise,L_Shaped,5,0,2,minus_x,minus_x,0.1645072276357824,0.1645072276357824,0.0,1.0,1.0,0.1645072276357824,0.09679891273906416,0.027945989763519696,1.9140013591822935e-06,1.859451231212006e-06,1.8538262338552158e-06
ray_gpis_pointwise,L_Shaped,5,0,3,minus_x,minus_x,0.09456518282731408,0.09456518282731408,0.0,1.0,1.0,0.09456518282731408,0.009550334316915099,0.03285629558976133,0.0004980915109626949,5.1074475777568296e-05,7.725089380983263e-05
ray_gpis_pointwise,L_Shaped,5,0,4,minus_x,minus_x,0.04763848423537154,0.04763848423537154,0.0,1.0,0.5,0.04763848423537154,0.003062205218916536,0.03129460676405227,0.0002911710471380502,7.883539365138859e-05,7.02942197676748e-05
ray_gpis_pointwise,L_Shaped,11,0,0,minus_x,minus_x,0.21969922475078624,0.21969922475078624,0.0,1.0,1.0,0.21969922475078624,0.1747982753816148,0.14649153734072135,0.0002815954212564975,0.00013466425298247486,6.605669477721676e-05
ray_gpis_pointwise,L_Shaped,11,0,1,minus_x,minus_x,0.0733533730608249,0.0733533730608249,0.0,1.0,0.5,0.0733533730608249,0.05245340095825035,0.05582229937787775,0.00034054534626193345,0.00018850182823371142,2.4260431018774398e-05
ray_gpis_pointwise,L_Shaped,11,0,2,minus_x,minus_x,0.16749709752108966,0.16749709752108966,0.0,1.0,0.5,0.16749709752108966,0.02460322568852813,0.06186811207243281,0.00036692508729174733,9.669754217611626e-05,2.385355946898926e-05
ray_gpis_pointwise,L_Shaped,11,0,3,minus_x,minus_x,0.026714789046986542,0.026714789046986542,0.0,1.0,1.0,0.026714789046986542,0.021914498054989906,0.013794495278551588,6.840686546638608e-05,6.618350016651675e-05,2.3385908207274042e-05
ray_gpis_pointwise,L_Shaped,11,0,4,minus_y,minus_x,0.041184425271048264,0.04657685443083903,0.005392429159790768,0.0,-0.5,0.04657685443083903,0.041184425271048264,0.024892611605661807,2.3099357349565253e-05,3.5816836316371337e-05,3.356025990797207e-05
ray_gpis_pointwise,L_Shaped,0,0,0,minus_x,minus_x,0.2934949391944188,0.2934949391944188,0.0,1.0,0.5,0.2934949391944188,0.2779810073283847,0.2589702829598304,0.00019135791808366776,0.00012590216647367924,0.00012599900946952403
ray_gpis_pointwise,L_Shaped,0,0,1,minus_x,minus_y,0.034269485410411804,0.10510107215854192,0.07083158674813012,0.0,-1.0,0.034269485410411804,0.10510107215854192,0.06993108712454521,1.5536386854364537e-05,1.545776831335388e-05,1.5499552318942733e-05
ray_gpis_pointwise,L_Shaped,0,0,2,minus_x,minus_x,0.15780860758928156,0.15780860758928156,0.0,1.0,0.5,0.15780860758928156,0.10261257242430338,0.09299165203249254,1.81816012627678e-05,1.8106953575625084e-05,1.814105962694157e-05
ray_gpis_pointwise,L_Shaped,0,0,3,plus_z,minus_x,0.01774485494377953,0.152404568907631,0.13465971396385146,0.0,-0.5,0.152404568907631,0.028614865409817614,0.01774485494377953,1.2173709365015384e-05,1.2138743841205724e-05,1.2177163625892717e-05
ray_gpis_pointwise,L_Shaped,0,0,4,minus_x,minus_x,0.1414517869101043,0.1414517869101043,0.0,1.0,1.0,0.1414517869101043,0.020689703327054665,0.03780193336602433,2.126607796526514e-05,2.1247213226160966e-05,2.1258532797219232e-05
ray_gpis_pointwise,Cylinder,8,0,0,minus_x,minus_x,0.3285600388902348,0.3285600388902348,0.0,1.0,0.5,0.3285600388902348,0.21881434791626023,0.24594401893562953,1.58571401698282e-05,1.5274403267540038e-05,1.4482288861472625e-05
ray_gpis_pointwise,Cylinder,8,0,1,minus_x,minus_x,0.0771343320064572,0.0771343320064572,0.0,1.0,0.5,0.0771343320064572,0.03030457705787487,0.05492424912354227,0.0006153492140583694,0.00032145093427971005,2.4084036340354942e-05
ray_gpis_pointwise,Cylinder,8,0,2,minus_x,minus_x,0.10951026726183766,0.10951026726183766,0.0,1.0,1.0,0.10951026726183766,0.1004361693795548,0.08194464849767902,0.0002065615844912827,3.3049531339202076e-05,2.31106678256765e-05
ray_gpis_pointwise,Cylinder,8,0,3,minus_x,minus_x,0.18790480519481345,0.18790480519481345,0.0,1.0,1.0,0.18790480519481345,0.023747526646332173,0.06100774207763815,0.0002090653870254755,2.3439906726707704e-05,2.518925248296e-05
ray_gpis_pointwise,Cylinder,8,0,4,minus_x,minus_x,-0.03253607266695402,-0.03253607266695402,0.0,1.0,1.0,-0.03253607266695402,-0.0383344603959932,-0.045538940396468996,5.100669295643456e-05,3.894151086569764e-05,2.4083232347038575e-05
ray_gpis_pointwise,Cylinder,13,0,0,minus_x,minus_x,0.14912582370212946,0.14912582370212946,0.0,1.0,1.0,0.14912582370212946,0.08866416095864865,0.0789533437497264,9.31342856347328e-06,9.16521548788296e-06,8.670789611642249e-06
ray_gpis_pointwise,Cylinder,13,0,1,minus_x,minus_y,0.132851787757006,0.14587376304765454,0.013021975290648524,0.0,0.5,0.132851787757006,0.14587376304765454,0.09977049300728547,1.8426291717332788e-05,1.799802339519374e-05,1.7210693840752356e-05
ray_gpis_pointwise,Cylinder,13,0,2,minus_x,plus_z,0.005858539760609238,0.020582104992233785,0.014723565231624547,0.0,-1.0,0.005858539760609238,0.01437189248799331,0.020582104992233785,0.000431746244430542,4.193712447886355e-05,2.4877001123968512e-05
ray_gpis_pointwise,Cylinder,13,0,3,minus_x,minus_x,0.16199901728261434,0.16199901728261434,0.0,1.0,1.0,0.16199901728261434,0.11150062850299258,0.1088262934816765,0.0007308046915568411,6.31166622042656e-05,2.5410543457837775e-05
ray_gpis_pointwise,Cylinder,13,0,4,minus_x,minus_x,0.14193330587319453,0.14193330587319453,0.0,1.0,0.5,0.14193330587319453,0.06654347422631102,0.11468615497900614,0.00030363956466317177,0.00021757814101874828,0.00014933552301954478
ray_gpis_pointwise,Cylinder,4,0,0,minus_x,plus_z,0.03322552031824527,0.04870430965961581,0.015478789341370536,0.0,-1.0,0.03322552031824527,0.04293056800946149,0.04870430965961581,0.0006803442956879735,0.0001877752656582743,8.719925972400233e-05
ray_gpis_pointwise,Cylinder,4,0,1,minus_x,minus_x,0.1841690818845899,0.1841690818845899,0.0,1.0,1.0,0.1841690818845899,0.11797173628374114,0.06134738528315076,0.0008116537355817854,0.000230198071221821,4.03839694627095e-05
ray_gpis_pointwise,Cylinder,4,0,2,minus_x,plus_z,0.11797429375243951,0.11925930994392908,0.0012850161914895741,0.0,-0.5,0.11797429375243951,0.048758688106620984,0.11925930994392908,0.00048033741768449545,0.00013620269601233304,2.827748903655447e-05
ray_gpis_pointwise,Cylinder,4,0,3,minus_y,minus_x,0.06446122567049328,0.13469860210725104,0.07023737643675776,0.0,0.5,0.13469860210725104,0.06446122567049328,0.00973401115537531,0.0002534488739911467,0.0002614684635773301,5.692611011909321e-05
ray_gpis_pointwise,Cylinder,4,0,4,minus_x,minus_x,0.05350427386996692,0.05350427386996692,0.0,1.0,0.5,0.05350427386996692,0.026169756761926455,0.00686715442851249,0.00016228845925070345,4.473506851354614e-05,6.325977301457897e-05
ray_gpis_pointwise,Cylinder,1,0,0,minus_x,minus_x,0.1948993072945377,0.1948993072945377,0.0,1.0,1.0,0.1948993072945377,0.0521246974280542,0.013194768999994999,0.0006384815787896514,0.0001825857616495341,2.787199991871603e-05
ray_gpis_pointwise,Cylinder,1,0,1,minus_x,minus_x,0.11298548593527691,0.11298548593527691,0.0,1.0,1.0,0.11298548593527691,0.03600856284765841,0.015937183157932577,0.0003488697111606598,7.403826020890847e-05,2.6589681510813534e-05
ray_gpis_pointwise,Cylinder,1,0,2,minus_x,minus_x,0.015173457940263146,0.015173457940263146,0.0,1.0,1.0,0.015173457940263146,0.0031093265053196983,0.008212417032718466,0.00017782037321012467,2.5920146072166972e-05,2.8291953640291467e-05
ray_gpis_pointwise,Cylinder,1,0,3,minus_x,minus_x,0.08031342920070228,0.08031342920070228,0.0,1.0,1.0,0.08031342920070228,-0.000889250290071586,0.001947184746105557,0.00021693974849767983,2.5466237275395542e-05,5.712211350328289e-05
ray_gpis_pointwise,Cylinder,1,0,4,minus_x,minus_x,0.06978500357916728,0.06978500357916728,0.0,1.0,0.5,0.06978500357916728,0.005368508120736526,0.009226940953302343,0.00012328386947046965,7.522854139097035e-05,6.0201200540177524e-05
ray_gpis_pointwise,Cylinder,12,0,0,minus_x,minus_x,0.24080039879925702,0.24080039879925702,0.0,1.0,1.0,0.24080039879925702,0.17926818626945185,0.13311546726475698,1.6228957974817604e-05,1.5325407730415463e-05,1.412067467754241e-05
ray_gpis_pointwise,Cylinder,12,0,1,minus_x,minus_x,0.045552149462712854,0.045552149462712854,0.0,1.0,1.0,0.045552149462712854,0.02081240384406441,0.013140763516423182,0.0004908291157335043,6.166451930766925e-05,3.97821786464192e-05
ray_gpis_pointwise,Cylinder,12,0,2,minus_x,minus_x,0.015283290541049266,0.015283290541049266,0.0,1.0,1.0,0.015283290541049266,0.007102249197054156,0.0009304651615104076,0.0009665907127782702,6.62363090668805e-05,5.154474638402462e-05
ray_gpis_pointwise,Cylinder,12,0,3,minus_x,minus_x,0.12523587371146305,0.12523587371146305,0.0,1.0,0.5,0.12523587371146305,0.015976283882238596,0.03774677887725453,0.0013070545392110944,0.00010367074719397351,9.680119546828791e-05
ray_gpis_pointwise,Cylinder,12,0,4,minus_x,minus_x,0.10980658865531079,0.10980658865531079,0.0,1.0,1.0,0.10980658865531079,0.0031191373192333005,0.038126745987334565,0.0003387359611224383,0.00020959872927051038,0.0002788007550407201
ray_gpis_pointwise,Cylinder,7,0,0,minus_x,minus_x,0.15038329585953625,0.15038329585953625,0.0,1.0,0.5,0.15038329585953625,0.03442561843004244,0.10929131638698286,0.0007695752428844571,0.00034885641071014106,4.3283576815156266e-05
ray_gpis_pointwise,Cylinder,7,0,1,minus_x,minus_x,0.0884016265740582,0.0884016265740582,0.0,1.0,0.5,0.0884016265740582,0.040156878640942806,0.0424212873628515,0.000541585439350456,0.00036071558133699,4.082232408109121e-05
ray_gpis_pointwise,Cylinder,7,0,2,minus_x,plus_z,0.07910355227030474,0.08707262751871281,0.007969075248408064,0.0,-1.0,0.07910355227030474,0.08456904515618213,0.08707262751871281,0.00014842719247099012,0.00010825345088960603,4.0821956645231694e-05
ray_gpis_pointwise,Cylinder,7,0,3,minus_y,minus_x,0.018745582589084764,0.14866774947612071,0.12992216688703595,0.0,-0.5,0.14866774947612071,0.018745582589084764,0.14286491045256644,0.00013193856284487993,0.00014825339894741774,0.00012623339716810733
ray_gpis_pointwise,Cylinder,7,0,4,minus_x,minus_x,0.11978413494617968,0.11978413494617968,0.0,1.0,0.5,0.11978413494617968,0.03407015366801258,0.06836749508315354,0.00014520037802867591,0.00010901653149630874,5.861935642315075e-05
ray_gpis_pointwise,Cylinder,14,0,0,minus_x,minus_x,0.07526808422634201,0.07526808422634201,0.0,1.0,0.5,0.07526808422634201,0.036834713537906016,0.0742673677344271,0.0007035860908217728,0.00033840289688669145,2.8778760679415427e-05
ray_gpis_pointwise,Cylinder,14,0,1,minus_x,minus_x,0.19869352753316383,0.19869352753316383,0.0,1.0,0.5,0.19869352753316383,0.002518819728564381,0.07378343732631054,0.000266397517407313,0.00011921143595827743,2.465478246449493e-05
ray_gpis_pointwise,Cylinder,14,0,2,minus_x,minus_x,0.003137000429761616,0.003137000429761616,0.0,1.0,0.5,0.003137000429761616,-0.008387295288716956,-0.004966151489574355,0.0004357377765700221,0.00023362375213764608,2.804940231726505e-05
ray_gpis_pointwise,Cylinder,14,0,3,minus_x,minus_x,0.16914665065967405,0.16914665065967405,0.0,1.0,1.0,0.16914665065967405,0.10521453447426599,0.029315302072187133,0.0002452574553899467,0.00010322550224373117,2.3317752493312582e-05
ray_gpis_pointwise,Cylinder,14,0,4,minus_y,plus_z,0.0660554753266287,0.06686130898653286,0.0008058336599041649,0.0,-0.5,0.03307426313034334,0.0660554753266287,0.06686130898653286,5.205364868743345e-05,7.16328650014475e-05,2.3656708435737528e-05
ray_gpis_pointwise,Cylinder,2,0,0,minus_x,minus_y,0.029846918563457614,0.10103868522904003,0.07119176666558241,0.0,-0.5,0.029846918563457614,0.10103868522904003,0.07455596910681733,0.0005716971354559064,0.0001778243313310668,6.735268834745511e-05
ray_gpis_pointwise,Cylinder,2,0,1,minus_x,plus_z,0.0683238495811071,0.0768122368118912,0.0084883872307841,0.0,-0.5,0.0683238495811071,0.04262683457327526,0.0768122368118912,0.00034013093682006,6.219607166713104e-05,2.4782795662758872e-05
ray_gpis_pointwise,Cylinder,2,0,2,minus_y,minus_x,0.13047833632526318,0.18121657378124856,0.05073823745598538,0.0,0.5,0.18121657378124856,0.13047833632526318,0.1077781446563647,0.00025956478202715516,0.00031396615668199956,2.5249100872315466e-05
ray_gpis_pointwise,Cylinder,2,0,3,minus_x,minus_y,0.04735451840357219,0.08802174572012667,0.04066722731655448,0.0,-0.5,0.04735451840357219,0.08802174572012667,0.05113298763583762,0.00019677534874062985,7.591567555209622e-05,2.348189809708856e-05
ray_gpis_pointwise,Cylinder,2,0,4,minus_x,minus_x,0.12378347859949301,0.12378347859949301,0.0,1.0,0.5,0.12378347859949301,0.0454323181770806,0.062041677317530186,0.00017897308862302452,5.741468339692801e-05,2.386402957199607e-05
ray_gpis_pointwise,Cylinder,6,0,0,minus_x,minus_x,0.12143067607032004,0.12143067607032004,0.0,1.0,1.0,0.12143067607032004,0.0700546616775049,0.04491549138476092,0.0005943463766016066,0.00039288008701987565,3.113453567493707e-05
ray_gpis_pointwise,Cylinder,6,0,1,minus_x,minus_x,0.06775697853688778,0.06775697853688778,0.0,1.0,1.0,0.06775697853688778,0.030792180886886844,0.005041012982112236,0.0010220055701211095,0.00019338031415827572,2.744983066804707e-05
ray_gpis_pointwise,Cylinder,6,0,2,minus_x,minus_x,0.14746288804105456,0.14746288804105456,0.0,1.0,1.0,0.14746288804105456,0.08809847686180516,0.0006097112392753345,0.0006013947422616184,0.000245070259552449,2.4329292500624433e-05
ray_gpis_pointwise,Cylinder,6,0,3,minus_x,minus_x,0.13086804463086787,0.13086804463086787,0.0,1.0,1.0,0.13086804463086787,0.0182150343494204,0.0008223128814817127,0.0003463209723122418,8.082183921942487e-05,2.453466731822118e-05
ray_gpis_pointwise,Cylinder,6,0,4,minus_x,minus_y,0.023795888749104654,0.032503168606220156,0.008707279857115502,0.0,-0.5,0.023795888749104654,0.032503168606220156,0.022321509378174675,6.825890159234405e-05,3.557898889994249e-05,4.58362337667495e-05
ray_gpis_pointwise,Cylinder,3,0,0,minus_x,minus_x,0.1936040557415566,0.1936040557415566,0.0,1.0,0.5,0.1936040557415566,0.15352457548275067,0.16279629391557027,2.8151189326308668e-06,2.678473947526072e-06,2.5610600005165907e-06
ray_gpis_pointwise,Cylinder,3,0,1,minus_x,minus_x,0.29789894207022605,0.29789894207022605,0.0,1.0,0.5,0.29789894207022605,0.1444646321871933,0.19165851035988601,0.0008025373099371791,9.869263885775581e-05,4.607897426467389e-05
ray_gpis_pointwise,Cylinder,3,0,2,minus_x,plus_z,0.008523496177364809,0.04139590211966837,0.03287240594230356,0.0,-1.0,0.008523496177364809,0.015581727125247413,0.04139590211966837,0.0002145434991689399,6.81565870763734e-05,4.601195905706845e-05
ray_gpis_pointwise,Cylinder,3,0,3,minus_x,plus_z,0.03990654752351508,0.06528938366275938,0.025382836139244302,0.0,0.5,0.03990654752351508,0.012372276805659443,0.06528938366275938,0.00022191903553903103,4.379454185254872e-05,0.0001231841742992401
ray_gpis_pointwise,Cylinder,3,0,4,plus_z,minus_x,0.06140969053827994,0.08331027302496063,0.021900582486680698,0.0,0.5,0.08331027302496063,0.009577070797146203,0.06140969053827994,0.00016919213521759957,5.523591607925482e-05,0.0001892611908260733
ray_gpis_pointwise,Cylinder,9,0,0,minus_x,minus_x,0.05635288855552412,0.05635288855552412,0.0,1.0,1.0,0.05635288855552412,0.051093673291803254,0.045193934489280885,0.0006978314486332238,0.00024623089120723307,2.9751634428976104e-05
ray_gpis_pointwise,Cylinder,9,0,1,minus_x,plus_z,0.01571555823853188,0.01774545547913875,0.0020298972406068705,0.0,-1.0,0.01571555823853188,0.01703385272959468,0.01774545547913875,0.0006745596183463931,7.798612205078825e-05,2.7396881705499254e-05
ray_gpis_pointwise,Cylinder,9,0,2,minus_x,minus_x,0.17733836102648814,0.17733836102648814,0.0,1.0,1.0,0.17733836102648814,0.04538365196707228,0.022853076851617526,0.0009309104643762112,0.00024790738825686276,2.5928391551133245e-05
ray_gpis_pointwise,Cylinder,9,0,3,minus_x,plus_z,0.10347159094720604,0.11969891871178118,0.01622732776457514,0.0,0.5,0.10347159094720604,0.012517659077664445,0.11969891871178118,0.00040316948434337974,5.026522194384597e-05,8.679041638970375e-05
ray_gpis_pointwise,Cylinder,9,0,4,minus_x,plus_z,0.07053089260039691,0.09502472014172836,0.024493827541331448,0.0,0.5,0.07053089260039691,0.023072195463892053,0.09502472014172836,0.00022406512289308012,2.492602652637288e-05,0.00018907079356722534
ray_gpis_pointwise,Cylinder,10,0,0,minus_x,minus_x,0.12961833060390165,0.12961833060390165,0.0,1.0,1.0,0.12961833060390165,0.12373769364380521,0.020521950542142064,0.0003974325372837484,7.764705515000969e-05,2.8088710678275675e-05
ray_gpis_pointwise,Cylinder,10,0,1,minus_x,minus_y,0.04830630323574192,0.07184147835696064,0.02353517512121872,0.0,0.5,0.04830630323574192,0.07184147835696064,0.03466320525676181,0.0003910445375367999,3.9548212953377515e-05,2.5513198124826886e-05
ray_gpis_pointwise,Cylinder,10,0,2,minus_x,minus_x,0.16252417480908476,0.16252417480908476,0.0,1.0,1.0,0.16252417480908476,0.05013256617464634,0.002746252751819722,0.0006341627449728549,5.366411278373562e-05,2.4852326532709412e-05
ray_gpis_pointwise,Cylinder,10,0,3,minus_x,minus_x,0.10935719354297746,0.10935719354297746,0.0,1.0,0.5,0.10935719354297746,0.05086148562523074,0.021076452915440913,0.00030355784110724926,2.7146465072291903e-05,6.893915997352451e-05
ray_gpis_pointwise,Cylinder,10,0,4,plus_z,minus_x,0.0276068196401571,0.03364605731228465,0.006039237672127551,0.0,-0.5,0.03364605731228465,0.03152801800375937,0.0276068196401571,5.038526433054358e-05,3.414773891563527e-05,5.7914829085348174e-05
ray_gpis_pointwise,Cylinder,5,0,0,minus_x,minus_x,0.24182355719527776,0.24182355719527776,0.0,1.0,1.0,0.24182355719527776,0.17935848494438994,0.10999192208279013,1.4139558516035322e-05,1.3704873708775267e-05,1.322850766882766e-05
ray_gpis_pointwise,Cylinder,5,0,1,minus_x,plus_z,0.016586312863408503,0.047000261201146754,0.03041394833773825,0.0,-1.0,0.016586312863408503,0.03764071835392624,0.047000261201146754,0.0005241230828687549,7.337224087677896e-05,4.26219412474893e-05
ray_gpis_pointwise,Cylinder,5,0,2,minus_x,minus_x,0.08232373928567482,0.08232373928567482,0.0,1.0,1.0,0.08232373928567482,0.06369300607733785,0.045270464745053696,0.000596536963712424,0.00013606295397039503,3.6980502045480534e-05
ray_gpis_pointwise,Cylinder,5,0,3,minus_x,minus_x,0.1366432912242561,0.1366432912242561,0.0,1.0,0.5,0.1366432912242561,0.04596238202131786,0.11000809406523715,0.0001858570467447862,6.870114884804934e-05,2.8295506126596592e-05
ray_gpis_pointwise,Cylinder,5,0,4,plus_z,minus_x,0.04826177798871678,0.09312072492944012,0.04485894694072334,0.0,0.5,0.09312072492944012,0.04545422844066138,0.04826177798871678,8.74814941198565e-05,6.162439240142703e-05,8.799074566923082e-05
ray_gpis_pointwise,Cylinder,11,0,0,minus_x,minus_x,0.09057607295149489,0.09057607295149489,0.0,1.0,0.5,0.09057607295149489,0.06154541053495405,0.06256997818365811,0.0006605489179491997,0.00013165795826353133,5.2183699153829366e-05
ray_gpis_pointwise,Cylinder,11,0,1,minus_x,plus_z,0.0845893318851818,0.11072159545594595,0.026132263570764147,0.0,-0.5,0.0845893318851818,0.03216890146236295,0.11072159545594595,0.0012100302847102284,0.00020673421386163682,5.524064181372523e-05
ray_gpis_pointwise,Cylinder,11,0,2,minus_x,plus_z,0.07193464591359078,0.07726142487401222,0.005326778960421441,0.0,-0.5,0.07193464591359078,0.006598737171493729,0.07726142487401222,0.000634604599326849,0.0003013225505128503,8.244629134424031e-05
ray_gpis_pointwise,Cylinder,11,0,3,minus_x,minus_x,0.1329348957151647,0.1329348957151647,0.0,1.0,1.0,0.1329348957151647,0.0205544847971465,0.016696614258130515,0.000462852738564834,0.00021108206419739872,2.5397046556463465e-05
ray_gpis_pointwise,Cylinder,11,0,4,minus_x,minus_x,0.09184890768982046,0.09184890768982046,0.0,1.0,1.0,0.09184890768982046,0.05227175920215532,0.03224997117259576,0.00017345004016533494,0.0001639155379962176,8.146536856656894e-05
ray_gpis_pointwise,Cylinder,0,0,0,minus_x,minus_y,0.16363064851411052,0.2132968791263825,0.04966623061227199,0.0,0.5,0.16363064851411052,0.2132968791263825,0.06658408063245669,1.3652314919454511e-05,1.3376990864344407e-05,1.268107553187292e-05
ray_gpis_pointwise,Cylinder,0,0,1,minus_x,plus_z,-0.026928789578277268,-0.02015825123198356,0.0067705383462937085,0.0,-0.5,-0.026928789578277268,-0.04016590905602718,-0.02015825123198356,0.000746619887650013,0.00013395337737165391,2.8947190003236756e-05
ray_gpis_pointwise,Cylinder,0,0,2,minus_x,minus_x,0.22501971824208006,0.22501971824208006,0.0,1.0,0.5,0.22501971824208006,0.17664537074148673,0.15069978373213716,0.00028178514912724495,8.73933095135726e-05,0.00013140580267645419
ray_gpis_pointwise,Cylinder,0,0,3,minus_x,minus_x,0.04828115869055438,0.04828115869055438,0.0,1.0,1.0,0.04828115869055438,0.03913392327583631,0.040907874062455996,0.00019453579443506896,7.230120536405593e-05,0.00017219041183125228
ray_gpis_pointwise,Cylinder,0,0,4,plus_z,plus_z,0.05031946957016231,0.05031946957016231,0.0,1.0,1.0,0.0420770677081207,0.014854657444749564,0.05031946957016231,0.00018608449317980558,3.333773202029988e-05,0.00020304926147218794
ray_gpis_pointwise,Cross,8,0,0,minus_x,plus_z,0.19098096589572933,0.2175882239441972,0.026607258048467863,0.0,-1.0,0.19098096589572933,0.19362288441340159,0.2175882239441972,1.4478501725534443e-05,1.439518564438913e-05,1.4224993719835766e-05
ray_gpis_pointwise,Cross,8,0,1,minus_x,minus_x,0.223374909558268,0.223374909558268,0.0,1.0,0.5,0.223374909558268,0.05846912541727206,0.09687085533041007,1.5473369785468094e-05,1.544296355859842e-05,1.5402603821712546e-05
ray_gpis_pointwise,Cross,8,0,2,minus_x,minus_x,0.07744560430330238,0.07744560430330238,0.0,1.0,1.0,0.07744560430330238,0.05010705944918936,0.0640435962673842,6.11090799793601e-05,2.3540493202744983e-05,4.3731739424401894e-05
ray_gpis_pointwise,Cross,8,0,3,minus_y,minus_x,0.038149907056995724,0.1033978683309622,0.06524796127396648,0.0,-1.0,0.1033978683309622,0.038149907056995724,0.05496954203381166,3.3724154491210356e-05,5.0563096010591835e-05,4.3124338844791055e-05
ray_gpis_pointwise,Cross,8,0,4,plus_z,minus_x,0.04861115507730163,0.09025637927981645,0.04164522420251482,0.0,0.5,0.09025637927981645,0.030952889753050883,0.04861115507730163,3.770878538489342e-05,3.309837484266609e-05,4.445689046406187e-05
ray_gpis_pointwise,Cross,13,0,0,minus_x,minus_x,0.1172602941017773,0.1172602941017773,0.0,1.0,1.0,0.1172602941017773,0.06591231885609389,0.05491471132405357,1.5514851838815957e-05,1.5472247469006106e-05,1.531029920442961e-05
ray_gpis_pointwise,Cross,13,0,1,minus_x,minus_x,0.08177722155157119,0.08177722155157119,0.0,1.0,0.5,0.08177722155157119,0.02678510466614925,0.032753346531674166,0.00017942949489224702,2.4112299797707237e-05,2.3631442672922276e-05
ray_gpis_pointwise,Cross,13,0,2,minus_x,minus_x,0.13086353952642704,0.13086353952642704,0.0,1.0,1.0,0.13086353952642704,0.11043359044238066,0.10428290215441305,0.000352862203726545,0.0002266503288410604,0.00019670517940539867
ray_gpis_pointwise,Cross,13,0,3,minus_x,minus_x,0.11031234326833494,0.11031234326833494,0.0,1.0,1.0,0.11031234326833494,0.05011968982643977,0.02421006117365332,0.00019602342217694968,0.00014981121057644486,2.4383592972299084e-05
ray_gpis_pointwise,Cross,13,0,4,minus_y,minus_x,0.04770443914124167,0.07819034109834966,0.030485901957107986,0.0,0.5,0.07819034109834966,0.04770443914124167,0.041668350335424154,9.08416768652387e-05,0.00011262836051173508,2.9085240385029465e-05
ray_gpis_pointwise,Cross,4,0,0,minus_x,minus_x,0.3661094343546895,0.3661094343546895,0.0,1.0,1.0,0.3661094343546895,0.2978653276231875,0.19388637502994482,0.0002504552830941975,0.00010868376557482406,2.5082079446292482e-05
ray_gpis_pointwise,Cross,4,0,1,minus_x,minus_x,0.14767151170156556,0.14767151170156556,0.0,1.0,0.5,0.14767151170156556,0.06365925642170428,0.06744265800344551,0.0004002755449619144,0.00023904087720438838,2.3978494937182404e-05
ray_gpis_pointwise,Cross,4,0,2,minus_x,minus_y,-0.010968047751991228,-0.006008463843687251,0.004959583908303977,0.0,0.5,-0.010968047751991228,-0.006008463843687251,-0.017597332190286363,0.0001798193115973845,0.00014280482719186693,2.377269083808642e-05
ray_gpis_pointwise,Cross,4,0,3,minus_x,plus_z,0.10037979518444906,0.12732163785255624,0.026941842668107174,0.0,0.5,0.10037979518444906,0.09530985235467371,0.12732163785255624,6.883972218929557e-06,6.874869995954214e-06,6.878560270706657e-06
ray_gpis_pointwise,Cross,4,0,4,minus_x,minus_x,0.10683696341077664,0.10683696341077664,0.0,1.0,0.5,0.10683696341077664,0.03909947575909567,0.06572977483666365,1.2145008440711536e-05,1.211429298564326e-05,1.2106833310099319e-05
ray_gpis_pointwise,Cross,1,0,0,minus_x,minus_x,0.16277240221627193,0.16277240221627193,0.0,1.0,1.0,0.16277240221627193,0.09913506264666794,0.11050257179292938,0.00026929331943392754,4.1516053897794336e-05,4.69487022201065e-05
ray_gpis_pointwise,Cross,1,0,1,minus_x,minus_x,0.12349349817896604,0.12349349817896604,0.0,1.0,1.0,0.12349349817896604,0.05051596708683792,0.07141596763805413,0.0005358838243409991,2.4266944819828495e-05,2.5886378352879547e-05
ray_gpis_pointwise,Cross,1,0,2,minus_x,minus_x,0.0463431751246719,0.0463431751246719,0.0,1.0,0.5,0.0463431751246719,0.03076967318911472,0.0228619670092306,0.00019108183914795518,2.8131893486715853e-05,5.990576755721122e-05
ray_gpis_pointwise,Cross,1,0,3,minus_x,minus_y,0.09459982085176799,0.09976169214206398,0.005161871290295994,0.0,-1.0,0.09459982085176799,0.09976169214206398,0.09888554915092362,5.7695768191479146e-05,2.307097201992292e-05,2.349967871850822e-05
ray_gpis_pointwise,Cross,1,0,4,plus_z,minus_x,0.028345458228454135,0.032186930216404064,0.0038414719879499293,0.0,-0.5,0.032186930216404064,0.02002145644756892,0.028345458228454135,2.3320482796407305e-05,3.0478275220957585e-05,5.0233556976309046e-05
ray_gpis_pointwise,Cross,12,0,0,minus_x,minus_y,0.0736866103254748,0.09722732545498758,0.02354071512951278,0.0,0.5,0.0736866103254748,0.09722732545498758,0.07088686169494313,0.0007142458343878388,0.00012189988046884537,2.7754333132179454e-05
ray_gpis_pointwise,Cross,12,0,1,minus_x,minus_x,0.12903543431978798,0.12903543431978798,0.0,1.0,1.0,0.12903543431978798,0.06589482900195648,0.056278671232885824,0.00023227755445986986,4.411944610183127e-05,2.4285654944833368e-05
ray_gpis_pointwise,Cross,12,0,2,minus_x,minus_x,0.18354032860829872,0.18354032860829872,0.0,1.0,1.0,0.18354032860829872,0.08879422685053351,0.04904578127364645,0.00036428944440558553,4.612778502632864e-05,3.530229878379032e-05
ray_gpis_pointwise,Cross,12,0,3,minus_x,minus_y,0.02536490425532345,0.03398049823136262,0.008615593976039171,0.0,-1.0,0.02536490425532345,0.03398049823136262,0.027076599297344517,7.760310836602002e-05,4.117327989661135e-05,6.878857675474137e-05
ray_gpis_pointwise,Cross,12,0,4,minus_x,plus_z,-0.011048184691563545,-0.010872486174025697,0.00017569851753784782,0.0,0.5,-0.011048184691563545,-0.022513894519099575,-0.010872486174025697,7.896275928942487e-05,4.1541898099239916e-05,6.427279731724411e-05
ray_gpis_pointwise,Cross,7,0,0,minus_x,minus_x,0.15774087688176902,0.15774087688176902,0.0,1.0,1.0,0.15774087688176902,0.14666184878950833,0.07933540921204069,0.0003012354427482933,0.00010589607700239867,2.5598657884984277e-05
ray_gpis_pointwise,Cross,7,0,1,minus_x,minus_x,0.12551304826952336,0.12551304826952336,0.0,1.0,0.5,0.12551304826952336,0.03447450979517841,0.054379056728940944,9.458480781177059e-05,2.486631456122268e-05,2.3458178475266322e-05
ray_gpis_pointwise,Cross,7,0,2,minus_x,plus_z,0.07782765025306448,0.09510747691171761,0.01727982665865313,0.0,0.5,0.07782765025306448,0.051796314273797606,0.09510747691171761,0.00012582616182044148,2.3628401322639547e-05,4.655895827454515e-05
ray_gpis_pointwise,Cross,7,0,3,minus_x,minus_x,0.0825574395211961,0.0825574395211961,0.0,1.0,1.0,0.0825574395211961,0.014815109685596961,0.02087029221075576,0.00012927719217259437,5.6260272685904056e-05,0.00012838839029427618
ray_gpis_pointwise,Cross,7,0,4,minus_x,minus_y,-0.05413639687314786,-0.015344521437422931,0.03879187543572493,0.0,-1.0,-0.05413639687314786,-0.015344521437422931,-0.04777851170751257,8.691615221323445e-05,2.4563863917137496e-05,5.648746446240693e-05
ray_gpis_pointwise,Cross,14,0,0,minus_x,minus_x,0.20141391514479368,0.20141391514479368,0.0,1.0,1.0,0.20141391514479368,0.04322521374115368,0.03852188219501168,1.5272975360858254e-05,1.5224562957882881e-05,1.486354540247703e-05
ray_gpis_pointwise,Cross,14,0,1,minus_x,plus_z,0.03027229430913103,0.04476716322256835,0.01449486891343732,0.0,-1.0,0.03027229430913103,0.037063537003085734,0.04476716322256835,0.00021805486176162958,0.0002022678090725094,2.4099037545965984e-05
ray_gpis_pointwise,Cross,14,0,2,minus_x,minus_y,0.016717734794192363,0.07390203268444229,0.057184297890249924,0.0,-0.5,0.016717734794192363,0.07390203268444229,0.030929565596361175,0.00032166228629648685,0.00027529746876098216,2.35238294408191e-05
ray_gpis_pointwise,Cross,14,0,3,minus_x,minus_x,0.0556838799484185,0.0556838799484185,0.0,1.0,1.0,0.0556838799484185,0.04184307829083411,0.02849281321269681,0.0004494480963330716,0.00029380357591435313,2.5820150767685845e-05
ray_gpis_pointwise,Cross,14,0,4,minus_x,minus_x,0.14094872886668586,0.14094872886668586,0.0,1.0,1.0,0.14094872886668586,0.05166674084093792,0.0281604546405555,0.000445439072791487,0.0002528373443055898,2.443008816044312e-05
ray_gpis_pointwise,Cross,2,0,0,minus_x,minus_x,0.2948871007894613,0.2948871007894613,0.0,1.0,1.0,0.2948871007894613,0.11736991874878372,0.08550499597316269,1.8082746464642696e-05,1.8001574062509462e-05,1.7812668374972418e-05
ray_gpis_pointwise,Cross,2,0,1,minus_x,minus_x,-0.023802800210713126,-0.023802800210713126,0.0,1.0,0.5,-0.023802800210713126,-0.02809942456043779,-0.025338153595417023,0.00018900835129898041,4.8843507101992145e-05,2.391388625255786e-05
ray_gpis_pointwise,Cross,2,0,2,minus_x,minus_x,0.05472816380621881,0.05472816380621881,0.0,1.0,0.5,0.05472816380621881,0.011880589287492693,0.01767023683493041,1.643167888687458e-05,1.6370466255466454e-05,1.6283602235489525e-05
ray_gpis_pointwise,Cross,2,0,3,minus_x,minus_x,0.054402931572613,0.054402931572613,0.0,1.0,0.5,0.054402931572613,0.014999061372898082,0.008237851304577881,1.2175976735306904e-05,1.2098455044906586e-05,1.2135700671933591e-05
ray_gpis_pointwise,Cross,2,0,4,minus_x,minus_x,0.09679852917274168,0.09679852917274168,0.0,1.0,1.0,0.09679852917274168,0.005233797999475764,0.012095531082688571,1.0500411008251831e-05,1.0449351975694299e-05,1.047171372192679e-05
ray_gpis_pointwise,Cross,6,0,0,minus_x,minus_x,0.1504333831060654,0.1504333831060654,0.0,1.0,0.5,0.1504333831060654,0.043360861485333746,0.08580462801742922,0.0002864705165848136,0.00010565075353952125,2.519226836739108e-05
ray_gpis_pointwise,Cross,6,0,1,minus_x,minus_x,0.23547676231376058,0.23547676231376058,0.0,1.0,1.0,0.23547676231376058,0.07305914600945629,0.05489429702231374,1.74688539118506e-05,1.7373615264659747e-05,1.721468652249314e-05
ray_gpis_pointwise,Cross,6,0,2,minus_x,minus_x,0.04871626702836862,0.04871626702836862,0.0,1.0,0.5,0.04871626702836862,0.009996363303705347,0.023725221091741022,0.00019419797172304243,2.432995825074613e-05,2.4226232198998332e-05
ray_gpis_pointwise,Cross,6,0,3,minus_x,minus_y,0.023550583961964966,0.029624239696013577,0.006073655734048611,0.0,-0.5,0.023550583961964966,0.029624239696013577,0.012935855375194927,0.00011121499119326472,3.84184459107928e-05,4.446669845492579e-05
ray_gpis_pointwise,Cross,6,0,4,minus_x,plus_z,0.012327926208945517,0.030638885979038966,0.01831095977009345,0.0,-1.0,0.012327926208945517,0.020527346369088373,0.030638885979038966,9.917610441334546e-05,6.989971734583378e-05,6.319626845652238e-05
ray_gpis_pointwise,Cross,3,0,0,minus_x,minus_x,0.28888962628512477,0.28888962628512477,0.0,1.0,0.5,0.28888962628512477,0.1048785953304106,0.12115717417239913,2.4103861505864188e-05,2.364591637160629e-05,2.3212935047922656e-05
ray_gpis_pointwise,Cross,3,0,1,minus_x,minus_x,0.06504301703520432,0.06504301703520432,0.0,1.0,1.0,0.06504301703520432,0.041170604526258425,0.04815573203814272,0.0001898704213090241,4.152728070039302e-05,4.764297045767307e-05
ray_gpis_pointwise,Cross,3,0,2,minus_x,minus_x,0.0695045374214791,0.0695045374214791,0.0,1.0,1.0,0.0695045374214791,0.0017075399253874135,0.054156138508746676,0.00011309669207548723,4.4125983549747616e-05,6.341357220662758e-05
ray_gpis_pointwise,Cross,3,0,3,minus_x,minus_x,0.029311071404417244,0.029311071404417244,0.0,1.0,0.5,0.029311071404417244,0.009625530444772323,0.0067438538046068475,9.990009129978716e-05,4.186576552456245e-05,6.259627116378397e-05
ray_gpis_pointwise,Cross,3,0,4,minus_x,minus_y,0.04454271045450564,0.04581506381061107,0.0012723533561054268,0.0,-0.5,0.04454271045450564,0.04581506381061107,0.019115107188877878,0.00010235650552203879,4.661655111704022e-05,7.658287358935922e-05
ray_gpis_pointwise,Cross,9,0,0,minus_x,minus_x,0.16684914431975556,0.16684914431975556,0.0,1.0,0.5,0.16684914431975556,0.015519744680644543,0.0214903477951075,0.0001971269812202081,6.507040234282613e-05,2.4157867301255465e-05
ray_gpis_pointwise,Cross,9,0,1,minus_x,minus_x,0.1594531825829253,0.1594531825829253,0.0,1.0,1.0,0.1594531825829253,0.008514276295716772,0.014143946364598259,0.0002692736452445388,2.3926622816361487e-05,5.312822759151459e-05
ray_gpis_pointwise,Cross,9,0,2,minus_x,minus_y,0.02425483517993987,0.045983766550447,0.021728931370507132,0.0,-1.0,0.02425483517993987,0.045983766550447,0.03672196934046057,0.00013861122715752572,2.8823722459492274e-05,3.890888183377683e-05
ray_gpis_pointwise,Cross,9,0,3,minus_x,minus_x,0.11719994131056377,0.11719994131056377,0.0,1.0,1.0,0.11719994131056377,0.06953618467546674,0.006988801059894523,0.0001500455691711977,8.62496963236481e-05,5.5063235777197406e-05
ray_gpis_pointwise,Cross,9,0,4,minus_y,minus_y,0.038038666151925415,0.038038666151925415,0.0,1.0,1.0,0.022378949686575833,0.038038666151925415,0.011403329772293525,3.4546061215223745e-05,3.949323217966594e-05,2.343377491342835e-05
ray_gpis_pointwise,Cross,10,0,0,minus_x,minus_y,0.02685215565929361,0.04941131890869299,0.022559163249399383,0.0,-0.5,0.02685215565929361,0.04941131890869299,0.027501327545688237,0.00020688746008090675,6.827254401287064e-05,2.4492022930644453e-05
ray_gpis_pointwise,Cross,10,0,1,minus_x,minus_x,0.16179777011989355,0.16179777011989355,0.0,1.0,1.0,0.16179777011989355,0.07043704272854884,0.057438522423890526,0.0004539647197816521,6.361487612593919e-05,5.306451203068718e-05
ray_gpis_pointwise,Cross,10,0,2,minus_x,minus_x,0.10123794213632187,0.10123794213632187,0.0,1.0,1.0,0.10123794213632187,0.026306475251544392,0.04244305435154094,0.00017442269017919898,4.6583052608184516e-05,7.200834807008505e-05
ray_gpis_pointwise,Cross,10,0,3,minus_x,minus_x,0.12212036179553565,0.12212036179553565,0.0,1.0,1.0,0.12212036179553565,0.06495997147282773,0.10367143845992288,0.00012793483620043844,4.740756776300259e-05,0.00010421880142530426
ray_gpis_pointwise,Cross,10,0,4,minus_x,plus_z,0.025877245115146774,0.031563897975254385,0.0056866528601076105,0.0,0.5,0.025877245115146774,0.014408628935365653,0.031563897975254385,6.278117507463321e-05,2.357676567044109e-05,4.2458108509890735e-05
ray_gpis_pointwise,Cross,5,0,0,minus_x,minus_x,0.2033056212294002,0.2033056212294002,0.0,1.0,1.0,0.2033056212294002,0.10245190335440574,0.08872096994943274,1.4231465684133582e-05,1.415750739397481e-05,1.3909018889535218e-05
ray_gpis_pointwise,Cross,5,0,1,minus_x,minus_x,0.14675779584525184,0.14675779584525184,0.0,1.0,1.0,0.14675779584525184,0.08773908672527098,0.040309264461718675,8.582394002587534e-06,8.534066182619426e-06,8.495228939864319e-06
ray_gpis_pointwise,Cross,5,0,2,minus_x,minus_x,0.16887235209697782,0.16887235209697782,0.0,1.0,1.0,0.16887235209697782,0.07514309115941431,0.0179916090257336,9.842302824836224e-05,4.804390118806623e-05,4.647106834454462e-05
ray_gpis_pointwise,Cross,5,0,3,minus_y,minus_y,0.01749346676845831,0.01749346676845831,0.0,1.0,0.5,0.015613622812183592,0.01749346676845831,0.008016458179695984,2.3335715013672598e-05,3.8171670894371346e-05,2.8134150852565654e-05
ray_gpis_pointwise,Cross,5,0,4,minus_y,plus_z,0.009153963807872478,0.01496177987258751,0.005807816064715032,0.0,0.5,0.007371440968836351,0.009153963807872478,0.01496177987258751,2.361038059461862e-05,4.2417577788000926e-05,3.4586140827741474e-05
ray_gpis_pointwise,Cross,11,0,0,minus_x,plus_z,0.28080992951174016,0.3286701257464123,0.04786019623467214,0.0,-0.5,0.28080992951174016,0.2706626630980626,0.3286701257464123,0.00022202846594154835,4.459450065041892e-05,2.4380391550948843e-05
ray_gpis_pointwise,Cross,11,0,1,minus_x,minus_y,0.13018298174693793,0.1351664809181508,0.0049834991712128796,0.0,0.5,0.13018298174693793,0.1351664809181508,0.07437929930249787,6.632052418353851e-07,6.623773742830963e-07,6.621494321734644e-07
ray_gpis_pointwise,Cross,11,0,2,minus_x,minus_x,0.07718020242909551,0.07718020242909551,0.0,1.0,1.0,0.07718020242909551,0.01002954119877486,0.05494642532227312,1.6145055269589648e-05,1.606724072189536e-05,1.6111120203277096e-05
ray_gpis_pointwise,Cross,11,0,3,minus_x,minus_x,0.058023293574701595,0.058023293574701595,0.0,1.0,0.5,0.058023293574701595,0.023981079535049687,0.04512732678118514,1.5443338270415552e-05,1.5388022802653722e-05,1.5343881386797875e-05
ray_gpis_pointwise,Cross,11,0,4,minus_x,minus_x,0.1540799790698636,0.1540799790698636,0.0,1.0,1.0,0.1540799790698636,0.058344512558702766,0.10178562625422383,1.143248300650157e-05,1.1410304978198837e-05,1.1422625902923755e-05
ray_gpis_pointwise,Cross,0,0,0,minus_x,plus_z,0.013553462158067797,0.05512291906487987,0.041569456906812075,0.0,-1.0,0.013553462158067797,0.04843869948924523,0.05512291906487987,5.281553058011923e-06,5.270806013868423e-06,5.236883225734346e-06
ray_gpis_pointwise,Cross,0,0,1,minus_x,minus_x,0.22662220431310492,0.22662220431310492,0.0,1.0,0.5,0.22662220431310492,0.07959306770673796,0.1634745875067219,3.8517046050401405e-06,3.826800366368843e-06,3.75011177311535e-06
ray_gpis_pointwise,Cross,0,0,2,minus_x,minus_x,0.11416268258116447,0.11416268258116447,0.0,1.0,1.0,0.11416268258116447,0.10738123543440437,0.04210825769322257,0.00026522402185946703,3.942964394809678e-05,2.4461995053570718e-05
ray_gpis_pointwise,Cross,0,0,3,minus_x,minus_x,0.1013037221307892,0.1013037221307892,0.0,1.0,0.5,0.1013037221307892,0.02922220333666825,0.016954642714743895,0.00011928284948226064,5.27783231518697e-05,6.430774374166504e-05
ray_gpis_pointwise,Cross,0,0,4,minus_x,minus_x,0.02614211867345484,0.02614211867345484,0.0,1.0,0.5,0.02614211867345484,0.006067277441792918,-0.009128370579219558,0.00012562693154904991,4.698678822023794e-05,4.880073538515717e-05
ray_gpis_pointwise,Bowl,8,0,0,minus_y,minus_x,0.06563066815073476,0.08930793450969537,0.023677266358960614,0.0,0.5,0.08930793450969537,0.06563066815073476,0.058518733651395316,0.0007506552501581609,0.0007860491750761867,0.00016559276264160872
ray_gpis_pointwise,Bowl,8,0,1,minus_x,minus_x,0.11548443276536874,0.11548443276536874,0.0,1.0,0.5,0.11548443276536874,0.0366347299214434,0.08192362098390765,0.0009191498975269496,0.0009084428893402219,9.850362403085455e-05
ray_gpis_pointwise,Bowl,8,0,2,minus_x,minus_x,0.13295107104299997,0.13295107104299997,0.0,1.0,1.0,0.13295107104299997,0.09674104401437111,0.06879918183256051,0.0009272673050872982,0.00047611285117454827,0.00010337422281736508
ray_gpis_pointwise,Bowl,8,0,3,minus_x,plus_z,0.021683663362599748,0.03489051696119383,0.013206853598594082,0.0,-1.0,0.021683663362599748,0.03097140428838685,0.03489051696119383,0.00037191715091466904,0.00018130088574253023,6.150739500299096e-05
ray_gpis_pointwise,Bowl,8,0,4,minus_x,minus_x,0.07103113479812184,0.07103113479812184,0.0,1.0,1.0,0.07103113479812184,0.010662120266246022,0.021259645227388435,0.00044854418956674635,0.00016349030192941427,0.00023680868616793305
ray_gpis_pointwise,Bowl,13,0,0,minus_x,minus_x,0.27822971888173875,0.27822971888173875,0.0,1.0,1.0,0.27822971888173875,0.08376544114239554,0.13798870322900364,0.0004898564657196403,0.0001202001585625112,0.0003769886097870767
ray_gpis_pointwise,Bowl,13,0,1,plus_z,minus_x,0.018605207674839863,0.154673379738676,0.13606817206383615,0.0,-0.5,0.154673379738676,0.023846092267113428,0.018605207674839863,0.00010642311099218205,8.628407522337511e-05,0.0002304978552274406
ray_gpis_pointwise,Bowl,13,0,2,plus_z,plus_z,-0.06677522303751238,-0.06677522303751238,0.0,1.0,1.0,-0.0748190602467097,-0.08147397079306573,-0.06677522303751238,0.00021630969422403723,0.0001233587390743196,0.0002613001561257988
ray_gpis_pointwise,Bowl,13,0,3,minus_x,minus_y,0.12485485430829812,0.12769921633874204,0.0028443620304439143,0.0,-0.5,0.12485485430829812,0.12769921633874204,0.06721767825318914,0.0002543588343542069,9.596399468136951e-05,0.00014463980915024877
ray_gpis_pointwise,Bowl,13,0,4,plus_z,minus_x,0.03336282190518536,0.053922406211065144,0.020559584305879786,0.0,-0.5,0.053922406211065144,0.038488723358598986,0.03336282190518536,9.066671191249043e-05,4.100005025975406e-05,0.0002409788139630109
ray_gpis_pointwise,Bowl,4,0,0,minus_x,minus_x,0.12936047690632746,0.12936047690632746,0.0,1.0,1.0,0.12936047690632746,0.08413929025632338,0.05637810996287035,0.0005078652175143361,0.0003430222568567842,0.0002222389739472419
ray_gpis_pointwise,Bowl,4,0,1,minus_x,minus_x,0.16910779962293088,0.16910779962293088,0.0,1.0,1.0,0.16910779962293088,0.004458446598722854,0.03204095538999863,0.0003404596645850688,6.0636026319116354e-05,0.00012961750326212496
ray_gpis_pointwise,Bowl,4,0,2,minus_x,plus_z,-0.03268989771919839,0.0174690908665045,0.05015898858570289,0.0,-1.0,-0.03268989771919839,0.009533787001238747,0.0174690908665045,0.00023988746397662908,5.0942795496666804e-05,2.5006567739183083e-05
ray_gpis_pointwise,Bowl,4,0,3,minus_x,minus_x,0.1290998059620948,0.1290998059620948,0.0,1.0,1.0,0.1290998059620948,0.06774078844636067,0.05993377962479374,0.00015222369984257966,2.4791999749140814e-05,2.2844160412205383e-05
ray_gpis_pointwise,Bowl,4,0,4,minus_x,plus_z,0.018060977356669006,0.02606499657778083,0.008004019221111824,0.0,0.5,0.018060977356669006,0.013355300109238799,0.02606499657778083,0.00013151238090358675,2.7715941541828215e-05,0.00010669827315723523
ray_gpis_pointwise,Bowl,1,0,0,minus_x,minus_x,0.0820181819047126,0.0820181819047126,0.0,1.0,1.0,0.0820181819047126,-0.006312904292430088,-0.011278430503551484,0.0005879116361029446,0.00010243327415082604,7.653286593267694e-05
ray_gpis_pointwise,Bowl,1,0,1,plus_z,plus_z,0.20110000162808567,0.20110000162808567,0.0,1.0,0.5,0.1979605418777693,0.18882105169240787,0.20110000162808567,0.00014753385039512068,0.00019734204397536814,0.00028726912569254637
ray_gpis_pointwise,Bowl,1,0,2,plus_z,minus_y,0.049339265300431534,0.08333738943087177,0.03399812413044023,0.0,-0.5,0.0656748357236907,0.08333738943087177,0.049339265300431534,8.645092020742595e-05,0.00011107650789199397,0.000278332328889519
ray_gpis_pointwise,Bowl,1,0,3,plus_z,minus_x,0.03474561134816112,0.08575477398229914,0.05100916263413802,0.0,-0.5,0.08575477398229914,0.03426964926431986,0.03474561134816112,9.370412590214983e-05,0.0001568424195284024,0.00023191193758975714
ray_gpis_pointwise,Bowl,1,0,4,plus_z,minus_x,0.017142352418516027,0.027376786469589076,0.01023443405107305,0.0,-1.0,0.027376786469589076,0.023254026686961082,0.017142352418516027,0.00011998879199381918,0.00019254221115261316,0.00026982775307260454
ray_gpis_pointwise,Bowl,12,0,0,minus_x,plus_z,0.03809948967347343,0.11481611224361232,0.07671662257013889,0.0,-0.5,0.03809948967347343,0.0796381857084979,0.11481611224361232,0.0005699731991626322,7.703241863055155e-05,0.00011395828187232837
ray_gpis_pointwise,Bowl,12,0,1,minus_x,minus_x,0.0523844377983933,0.0523844377983933,0.0,1.0,1.0,0.0523844377983933,0.0090211983497277,0.031461807483812665,0.0008459244854748249,9.096079156734049e-05,0.00028596018091775477
ray_gpis_pointwise,Bowl,12,0,2,minus_x,minus_x,0.04324385823409871,0.04324385823409871,0.0,1.0,0.5,0.04324385823409871,0.03018324729412436,0.0027863246047015178,0.0005189930088818073,0.00011765180533984676,0.000261978741036728
ray_gpis_pointwise,Bowl,12,0,3,minus_x,minus_x,0.17869739764760173,0.17869739764760173,0.0,1.0,0.5,0.17869739764760173,0.06742098503008398,0.04982773733439405,0.0005721697234548628,0.00012811835040338337,0.00019022150081582367
ray_gpis_pointwise,Bowl,12,0,4,plus_z,minus_x,0.018359908382634904,0.08466150944761175,0.06630160106497685,0.0,-0.5,0.08466150944761175,0.022026288810579442,0.018359908382634904,0.00015193996659945697,6.29157293587923e-05,0.0003362302668392658
ray_gpis_pointwise,Bowl,7,0,0,plus_z,minus_x,0.1438832080479875,0.2136083140579943,0.06972510601000681,0.0,-0.5,0.2136083140579943,0.16848544300573293,0.1438832080479875,0.00047631494817323983,0.00027397667872719467,0.0005679495516233146
ray_gpis_pointwise,Bowl,7,0,1,plus_z,minus_x,0.1150177740822309,0.14650876977299332,0.03149099569076241,0.0,0.5,0.14650876977299332,0.07657299869028089,0.1150177740822309,0.0001507798588136211,0.0001360321621177718,0.000378738681320101
ray_gpis_pointwise,Bowl,7,0,2,plus_z,plus_z,0.04008260523985552,0.04008260523985552,0.0,1.0,0.5,0.02942559121583188,0.024638262165566305,0.04008260523985552,0.00015185383381322026,0.00029909308068454266,0.000418738869484514
ray_gpis_pointwise,Bowl,7,0,3,plus_z,minus_y,0.07326057538197417,0.0927557073682026,0.01949513198622843,0.0,-0.5,0.08956436921784794,0.0927557073682026,0.07326057538197417,0.00010440201731398702,0.00021118084259796888,0.000389027816709131
ray_gpis_pointwise,Bowl,7,0,4,plus_z,minus_x,0.055662376382056955,0.05971738904975188,0.004055012667694924,0.0,-0.5,0.05971738904975188,0.059312782426417354,0.055662376382056955,0.00023930973839014769,0.00011928220192203298,0.00032478797947987914
ray_gpis_pointwise,Bowl,14,0,0,plus_z,minus_x,0.14053079574663052,0.17647134570099765,0.03594054995436713,0.0,-0.5,0.17647134570099765,0.15158393639206358,0.14053079574663052,0.00011649899533949792,0.0001138471343438141,0.0006025723996572196
ray_gpis_pointwise,Bowl,14,0,1,minus_y,minus_x,0.06253570821549026,0.07401622377723627,0.011480515561746008,0.0,-1.0,0.07401622377723627,0.06253570821549026,0.07270735587577504,0.0001191489864140749,0.0003242997045163065,0.0002599597501102835
ray_gpis_pointwise,Bowl,14,0,2,plus_z,minus_x,0.017505689639559785,0.05983799009873214,0.042332300459172356,0.0,-1.0,0.05983799009873214,0.024059511796776456,0.017505689639559785,0.00013780832523480058,0.0003354725195094943,0.00039411082980223
ray_gpis_pointwise,Bowl,14,0,3,minus_y,minus_y,0.046148965822362276,0.046148965822362276,0.0,1.0,1.0,0.03351362880722064,0.046148965822362276,0.03541403396827625,0.00017333940195385367,0.0004507109697442502,0.0003040219598915428
ray_gpis_pointwise,Bowl,14,0,4,plus_z,minus_y,0.014648976192211838,0.022539158024387773,0.007890181832175935,0.0,-0.5,0.004557859217360516,0.022539158024387773,0.014648976192211838,0.00028233701596036553,0.00013367812789510936,0.0004094220348633826
ray_gpis_pointwise,Bowl,2,0,0,minus_x,minus_y,0.11237792973936395,0.1708576289975099,0.058479699258145945,0.0,0.5,0.11237792973936395,0.1708576289975099,0.07751118872271295,0.000500691938214004,0.00021874562662560493,4.5007105654804036e-05
ray_gpis_pointwise,Bowl,2,0,1,minus_x,minus_x,0.1999542245434765,0.1999542245434765,0.0,1.0,1.0,0.1999542245434765,0.09337465440798814,0.08726813971812225,0.0007376172579824924,0.00010115137411048636,2.812546335917432e-05
ray_gpis_pointwise,Bowl,2,0,2,plus_z,minus_x,0.1360714014749589,0.13662812358656506,0.0005567221116061782,0.0,0.5,0.13662812358656506,0.10890724420854336,0.1360714014749589,0.0003168489784002304,0.00013218470849096775,0.00032920733792707324
ray_gpis_pointwise,Bowl,2,0,3,minus_y,minus_x,0.024692949225091132,0.03208146083047403,0.007388511605382897,0.0,-1.0,0.03208146083047403,0.024692949225091132,0.031989675194424194,8.45222020871006e-05,0.00033846625592559576,8.96893980097957e-05
ray_gpis_pointwise,Bowl,2,0,4,minus_y,minus_y,0.039437009868753536,0.039437009868753536,0.0,1.0,0.5,0.03363323824769193,0.039437009868753536,0.022994077368674537,0.00010128758003702387,0.00041629906627349555,0.00034396149567328393
ray_gpis_pointwise,Bowl,6,0,0,minus_x,minus_y,0.12446604055120478,0.1357303458877249,0.01126430533652012,0.0,0.5,0.12446604055120478,0.1357303458877249,0.06632937790692314,5.0685844144027214e-06,4.93959760206053e-06,4.507342055148911e-06
ray_gpis_pointwise,Bowl,6,0,1,minus_x,minus_x,0.24045706249767457,0.24045706249767457,0.0,1.0,0.5,0.24045706249767457,0.15523528110053314,0.06138908096419221,0.00043157950858585536,7.287744665518403e-05,0.00019336531113367528
ray_gpis_pointwise,Bowl,6,0,2,minus_y,minus_x,0.028077749203253122,0.10753222960267261,0.07945448039941949,0.0,-0.5,0.10753222960267261,0.028077749203253122,0.04555807163902692,0.00040282963891513646,0.00042821106035262346,0.0002792572195176035
ray_gpis_pointwise,Bowl,6,0,3,plus_z,minus_y,0.0953212482323772,0.13512815507915443,0.039806906846777235,0.0,0.5,0.06309660123625838,0.13512815507915443,0.0953212482323772,0.00025521533098071814,0.0002562766894698143,0.0003847407642751932
ray_gpis_pointwise,Bowl,6,0,4,minus_y,minus_y,0.1017395732539148,0.1017395732539148,0.0,1.0,0.5,0.056513798618805455,0.1017395732539148,0.08006621197789421,0.00011292772251181304,0.0003621034265961498,0.00010857167217181996
ray_gpis_pointwise,Bowl,3,0,0,minus_x,minus_x,0.27396869211958674,0.27396869211958674,0.0,1.0,1.0,0.27396869211958674,0.1743784521072049,0.12122270007712685,2.24481918849051e-05,2.1156214643269777e-05,1.9428376617725007e-05
ray_gpis_pointwise,Bowl,3,0,1,plus_z,minus_y,0.05373617020174004,0.14572643401738516,0.09199026381564512,0.0,-1.0,0.11077654831629602,0.14572643401738516,0.05373617020174004,0.00030066893668845296,0.00014044457930140197,0.00044188409810885787
ray_gpis_pointwise,Bowl,3,0,2,plus_z,plus_z,0.18231774955703273,0.18231774955703273,0.0,1.0,1.0,0.08844927584395079,0.1256423316508456,0.18231774955703273,0.00016229998436756432,0.0003063086187466979,0.00043339451076462865
ray_gpis_pointwise,Bowl,3,0,3,minus_y,minus_y,0.0981182949088929,0.0981182949088929,0.0,1.0,1.0,0.06537779142517519,0.0981182949088929,0.0867953240624234,6.76647323416546e-05,0.0003503754560369998,9.972514817491174e-05
ray_gpis_pointwise,Bowl,3,0,4,minus_y,plus_z,0.019962650927392134,0.020328102784728297,0.00036545185733616314,0.0,0.5,0.014163939932168135,0.019962650927392134,0.020328102784728297,0.0001156440848717466,0.00041654775850474834,0.00016291388601530343
ray_gpis_pointwise,Bowl,9,0,0,minus_x,minus_y,0.08094899237356684,0.20525769773553926,0.12430870536197242,0.0,-0.5,0.08094899237356684,0.20525769773553926,0.11351449850602002,0.00040721107507124543,0.00012996474106330425,0.00010299336281605065
ray_gpis_pointwise,Bowl,9,0,1,minus_x,minus_x,0.1883536461561663,0.1883536461561663,0.0,1.0,1.0,0.1883536461561663,0.10731496110882749,0.0019947596599139694,0.0005172475357539952,0.00011377558257663622,2.7804078854387626e-05
ray_gpis_pointwise,Bowl,9,0,2,minus_x,minus_y,0.0738593995807042,0.13833005386098085,0.06447065428027665,0.0,-0.5,0.0738593995807042,0.13833005386098085,0.08121095559196567,0.0003550324181560427,0.00030031942878849804,0.00015851760690566152
ray_gpis_pointwise,Bowl,9,0,3,minus_y,minus_x,0.06821186125793477,0.11036937060456586,0.042157509346631095,0.0,-0.5,0.11036937060456586,0.06821186125793477,0.05971882050254118,0.00017401299555785954,0.00023578623950015754,0.00017746388039086014
ray_gpis_pointwise,Bowl,9,0,4,minus_y,minus_y,0.06998745442444443,0.06998745442444443,0.0,1.0,1.0,0.059288110110698344,0.06998745442444443,0.03186862970404947,0.00022861859179101884,0.00028869137167930603,0.00022350461222231388
ray_gpis_pointwise,Bowl,10,0,0,minus_x,minus_y,0.11115364170821326,0.14656960897957375,0.03541596727136048,0.0,0.5,0.11115364170821326,0.14656960897957375,0.04805145969340727,2.0831155779887922e-05,2.0536501324386336e-05,1.8981099856318906e-05
ray_gpis_pointwise,Bowl,10,0,1,minus_y,minus_x,0.045660939108935594,0.16302794897819695,0.11736700986926135,0.0,-0.5,0.16302794897819695,0.045660939108935594,0.058936697373846936,0.0007459845510311425,0.0007675571832805872,4.8123212764039636e-05
ray_gpis_pointwise,Bowl,10,0,2,minus_x,minus_x,0.16597363186897668,0.16597363186897668,0.0,1.0,1.0,0.16597363186897668,0.12846811797380736,0.08642402255906417,0.0012431489303708076,0.0008582476293668151,2.5546925826347433e-05
ray_gpis_pointwise,Bowl,10,0,3,minus_x,minus_y,0.08172157760039556,0.09293411334749424,0.011212535747098684,0.0,0.5,0.08172157760039556,0.09293411334749424,0.01952409651199971,0.0008907078299671412,0.00044643739238381386,0.00026595074450597167
ray_gpis_pointwise,Bowl,10,0,4,minus_x,minus_x,0.12860683145323315,0.12860683145323315,0.0,1.0,1.0,0.12860683145323315,0.08054975199902836,0.06719711587004185,0.0006268699653446674,0.0005487308953888714,0.0002921733248513192
ray_gpis_pointwise,Bowl,5,0,0,minus_x,minus_x,0.2607287755429419,0.2607287755429419,0.0,1.0,0.5,0.2607287755429419,0.1877676866477801,0.20947599221229596,0.0005825065891258419,0.00017303107597399503,6.40675934846513e-05
ray_gpis_pointwise,Bowl,5,0,1,minus_x,minus_x,0.14188133039993922,0.14188133039993922,0.0,1.0,1.0,0.14188133039993922,0.1373336693079671,0.06263457489047908,0.0004283588204998523,0.0001491795846959576,8.897170482669026e-05
ray_gpis_pointwise,Bowl,5,0,2,minus_x,minus_y,0.0026062549809988678,0.008529797196217825,0.005923542215218958,0.0,-0.5,0.0026062549809988678,0.008529797196217825,0.004546859530488168,0.000551962701138109,0.0001915959146572277,7.53002823330462e-05
ray_gpis_pointwise,Bowl,5,0,3,minus_x,minus_x,0.09999165053982284,0.09999165053982284,0.0,1.0,1.0,0.09999165053982284,0.03582104638624917,0.012968860997371712,0.0005299753975123167,0.00014012539759278297,9.1134752437938e-05
ray_gpis_pointwise,Bowl,5,0,4,minus_x,minus_x,0.08492041123198768,0.08492041123198768,0.0,1.0,1.0,0.08492041123198768,0.014051392416355113,0.06792509518688161,0.00031143362866714597,0.00017733646382112056,0.00024273850431200117
ray_gpis_pointwise,Bowl,11,0,0,minus_x,minus_x,0.23786443324894374,0.23786443324894374,0.0,1.0,1.0,0.23786443324894374,0.1610480238274712,0.16662333849867306,0.00036032311618328094,0.00010987941641360521,0.00011709703539963812
ray_gpis_pointwise,Bowl,11,0,1,minus_x,minus_x,0.10766469989476807,0.10766469989476807,0.0,1.0,1.0,0.10766469989476807,0.0652382246476218,0.09194491794414911,0.00023723949561826885,0.00011471267498563975,0.00012733112089335918
ray_gpis_pointwise,Bowl,11,0,2,plus_z,minus_x,0.07371222353986817,0.17534044664799653,0.10162822310812836,0.0,-1.0,0.17534044664799653,0.09508417273157166,0.07371222353986817,6.705339910695329e-05,9.248625428881496e-05,0.00020095471700187773
ray_gpis_pointwise,Bowl,11,0,3,minus_y,minus_y,0.0008630131318321244,0.0008630131318321244,0.0,1.0,1.0,-0.045437566495021064,0.0008630131318321244,-0.050126385292008746,5.711632547900081e-05,0.00016581820091232657,4.277670450392179e-05
ray_gpis_pointwise,Bowl,11,0,4,minus_y,plus_z,0.023596253768797926,0.06265266573097106,0.03905641196217313,0.0,-0.5,0.04343094616770271,0.023596253768797926,0.06265266573097106,3.473447577562183e-05,7.095506589394063e-05,6.527863297378644e-05
ray_gpis_pointwise,Bowl,0,0,0,minus_x,plus_z,0.008394190414278802,0.024921569302953805,0.016527378888675004,0.0,-1.0,0.008394190414278802,0.014187513820105913,0.024921569302953805,0.0007623849669471383,0.00040198274655267596,0.0001474622986279428
ray_gpis_pointwise,Bowl,0,0,1,minus_x,minus_y,0.05060706665714254,0.055659313277564015,0.005052246620421474,0.0,0.5,0.05060706665714254,0.055659313277564015,0.031012419988284967,0.0006281696842052042,0.00014004390686750412,2.5448387532378547e-05
ray_gpis_pointwise,Bowl,0,0,2,minus_x,minus_x,0.20081375405404855,0.20081375405404855,0.0,1.0,0.5,0.20081375405404855,0.09464160183714254,0.12007157011510627,0.000897497171536088,0.00020108601893298328,0.00017636244592722505
ray_gpis_pointwise,Bowl,0,0,3,minus_x,plus_z,0.03641585389851565,0.03723389677464106,0.0008180428761254133,0.0,0.5,0.03641585389851565,0.02096684798484738,0.03723389677464106,0.0004099280049558729,6.256189954001456e-05,9.737502841744572e-05
ray_gpis_pointwise,Bowl,0,0,4,minus_x,minus_y,0.03726434467662787,0.07619804193367286,0.038933697257044986,0.0,-1.0,0.03726434467662787,0.07619804193367286,0.05491979158557081,0.0004662546853069216,8.097381942206994e-05,9.544657950755209e-05
ray_gpis_pointwise,Cube,8,0,0,minus_x,minus_x,0.1857755958191485,0.1857755958191485,0.0,1.0,1.0,0.1857755958191485,0.1372625936971827,0.09634051687619732,2.018733721342869e-05,1.9803335817414336e-05,1.9172593965777196e-05
ray_gpis_pointwise,Cube,8,0,1,minus_x,minus_y,0.009960226505397352,0.018228967522729123,0.008268741017331771,0.0,-0.5,0.009960226505397352,0.018228967522729123,0.012514185453030013,0.0004966197884641588,7.316818664548919e-05,5.6211287301266566e-05
ray_gpis_pointwise,Cube,8,0,2,minus_x,minus_x,0.15627039798086828,0.15627039798086828,0.0,1.0,1.0,0.15627039798086828,0.11477129679067077,0.14992191682392875,0.0006106034852564335,5.577522824751213e-05,0.00010786276106955484
ray_gpis_pointwise,Cube,8,0,3,minus_x,minus_x,0.12710729822124955,0.12710729822124955,0.0,1.0,0.5,0.12710729822124955,0.014848045343562655,0.040928757968274,0.00025445083156228065,3.303929042886011e-05,2.537216823839117e-05
ray_gpis_pointwise,Cube,8,0,4,minus_x,minus_x,-0.0023837041964083205,-0.0023837041964083205,0.0,1.0,1.0,-0.0023837041964083205,-0.0168135011177708,-0.012455373224913968,0.00013376180140767246,2.3703902115812525e-05,5.3415762522490695e-05
ray_gpis_pointwise,Cube,13,0,0,minus_x,minus_x,0.2736035344500242,0.2736035344500242,0.0,1.0,0.5,0.2736035344500242,0.11234550159086054,0.15272679388856908,0.00048632273683324456,0.00019482402421999723,6.085313361836597e-05
ray_gpis_pointwise,Cube,13,0,1,minus_x,minus_x,0.13312177676828052,0.13312177676828052,0.0,1.0,1.0,0.13312177676828052,0.08273439412326766,0.025961139235396113,0.0002796955232042819,4.947770503349602e-05,2.402915015409235e-05
ray_gpis_pointwise,Cube,13,0,2,minus_x,minus_x,0.17035068314932023,0.17035068314932023,0.0,1.0,1.0,0.17035068314932023,0.025429416803276705,0.009800822393205788,0.00014227376959752291,4.84403244627174e-05,2.382725324423518e-05
ray_gpis_pointwise,Cube,13,0,3,minus_x,minus_y,0.006228609255263584,0.00830713775448011,0.0020785284992165254,0.0,-0.5,0.006228609255263584,0.00830713775448011,0.00676758565381308,3.8007892726454884e-05,2.3734844944556244e-05,2.331922951270826e-05
ray_gpis_pointwise,Cube,13,0,4,minus_x,minus_y,0.01751844760192467,0.018075627555723672,0.000557179953799003,0.0,0.5,0.01751844760192467,0.018075627555723672,0.017464495220695597,4.061731669935398e-05,2.34267208725214e-05,2.3158581825555302e-05
ray_gpis_pointwise,Cube,4,0,0,minus_x,minus_x,0.21181437328106845,0.21181437328106845,0.0,1.0,0.5,0.21181437328106845,0.08320616430526895,0.09270615665927284,0.0001710098295006901,4.69432670797687e-05,2.538812259444967e-05
ray_gpis_pointwise,Cube,4,0,1,minus_x,minus_x,0.12560120519987994,0.12560120519987994,0.0,1.0,0.5,0.12560120519987994,0.05857028775085915,0.05132414276730368,0.00023155858798418194,3.230185029678978e-05,3.98890369979199e-05
ray_gpis_pointwise,Cube,4,0,2,minus_x,minus_x,-0.03562494844046593,-0.03562494844046593,0.0,1.0,0.5,-0.03562494844046593,-0.07469742838545423,-0.046316019523080065,0.00013946910621598363,0.00011813836317742243,0.00011560756684048101
ray_gpis_pointwise,Cube,4,0,3,plus_z,minus_y,0.061515359406657644,0.07375973826487037,0.012244378858212723,0.0,0.5,0.004746919407611294,0.07375973826487037,0.061515359406657644,2.7027168471249752e-05,3.269583248766139e-05,4.256527608959004e-05
ray_gpis_pointwise,Cube,4,0,4,minus_x,plus_z,0.017008958866639334,0.04114964577005531,0.024140686903415975,0.0,-1.0,0.017008958866639334,0.020360307943888212,0.04114964577005531,4.529136640485376e-05,3.4289787436136976e-05,2.3622618755325675e-05
ray_gpis_pointwise,Cube,1,0,0,minus_x,plus_z,0.01158827925383854,0.023132960767820565,0.011544681513982025,0.0,-1.0,0.01158827925383854,0.01834215236560721,0.023132960767820565,0.0002908988972194493,0.00012408864859025925,2.4365572244278155e-05
ray_gpis_pointwise,Cube,1,0,1,minus_x,minus_x,0.11197498652933768,0.11197498652933768,0.0,1.0,0.5,0.11197498652933768,0.005917435044245467,0.018054715081402883,0.0005696089938282967,0.00010715887765400112,2.351075818296522e-05
ray_gpis_pointwise,Cube,1,0,2,minus_x,plus_z,0.004595803114982866,0.02206008629306888,0.017464283178086015,0.0,-1.0,0.004595803114982866,0.010664917490806447,0.02206008629306888,0.0002845056005753577,0.00013467033568304032,2.4599445168860257e-05
ray_gpis_pointwise,Cube,1,0,3,minus_x,minus_x,0.09413071988636768,0.09413071988636768,0.0,1.0,0.5,0.09413071988636768,0.07115024389827562,0.08652219016709961,0.0003918600268661976,8.880763198249042e-05,8.136050746543333e-05
ray_gpis_pointwise,Cube,1,0,4,minus_x,minus_x,0.03996566504204624,0.03996566504204624,0.0,1.0,0.5,0.03996566504204624,0.015329268856372869,0.016381148883737207,0.0003756100486498326,0.00011785531387431547,2.3730332031846046e-05
ray_gpis_pointwise,Cube,12,0,0,minus_x,minus_x,0.21701128696027122,0.21701128696027122,0.0,1.0,0.5,0.21701128696027122,0.058463711766241266,0.07781296598815185,1.5876606994424947e-05,1.567206345498562e-05,1.531963971501682e-05
ray_gpis_pointwise,Cube,12,0,1,minus_x,minus_x,0.13976558626398217,0.13976558626398217,0.0,1.0,0.5,0.13976558626398217,0.06982818279384073,0.031245951335535094,0.0001770556264091283,2.429850064800121e-05,3.198304693796672e-05
ray_gpis_pointwise,Cube,12,0,2,minus_x,minus_y,0.010777287554069148,0.04736351774711389,0.036586230193044744,0.0,-1.0,0.010777287554069148,0.04736351774711389,0.015058222926919496,7.708161865593866e-05,2.5051231204997748e-05,5.975704698357731e-05
ray_gpis_pointwise,Cube,12,0,3,minus_x,minus_x,0.08305249549543958,0.08305249549543958,0.0,1.0,1.0,0.08305249549543958,0.033090144497722185,0.05519211137766444,7.985546835698187e-05,2.4631151973153464e-05,6.02035979682114e-05
ray_gpis_pointwise,Cube,12,0,4,minus_x,minus_x,0.015456512160228808,0.015456512160228808,0.0,1.0,0.5,0.015456512160228808,0.00447959100705031,0.0050914458848630995,8.152496593538672e-05,2.3701941245235503e-05,2.339169441256672e-05
ray_gpis_pointwise,Cube,7,0,0,minus_x,plus_z,0.21810902211463837,0.2932564564074488,0.07514743429281043,0.0,-0.5,0.21810902211463837,0.16310042776664221,0.2932564564074488,0.000767705962061882,0.00032781704794615507,3.298892261227593e-05
ray_gpis_pointwise,Cube,7,0,1,minus_x,minus_y,0.13880849012671986,0.16458498528084292,0.025776495154123058,0.0,0.5,0.13880849012671986,0.16458498528084292,0.12253872522550802,0.0003169011906720698,7.84859003033489e-05,2.367682827753015e-05
ray_gpis_pointwise,Cube,7,0,2,minus_x,minus_x,0.12020091436805391,0.12020091436805391,0.0,1.0,1.0,0.12020091436805391,0.07000146877861035,0.033896307721081764,0.000208869474590756,2.7721929654944688e-05,2.380398836976383e-05
ray_gpis_pointwise,Cube,7,0,3,minus_x,minus_x,0.0645450380926792,0.0645450380926792,0.0,1.0,1.0,0.0645450380926792,0.029828786940503837,0.012446444556777125,0.00017430054140277207,4.032715514767915e-05,4.031740172649734e-05
ray_gpis_pointwise,Cube,7,0,4,minus_x,minus_x,0.12494524478420888,0.12494524478420888,0.0,1.0,0.5,0.12494524478420888,0.00576449534730239,0.014086150038376766,0.00016285014862660319,3.466470298008062e-05,2.447469341859687e-05
ray_gpis_pointwise,Cube,14,0,0,minus_x,plus_z,0.008833580757821646,0.05840521438942553,0.049571633631603884,0.0,-1.0,0.008833580757821646,0.03229564496431592,0.05840521438942553,0.00024149491218850017,0.00011082055425504223,2.673603012226522e-05
ray_gpis_pointwise,Cube,14,0,1,minus_x,minus_x,0.12243648321219275,0.12243648321219275,0.0,1.0,0.5,0.12243648321219275,0.005255037429967413,0.04034498042645879,0.0003471286327112466,4.95623899041675e-05,2.5576269763405435e-05
ray_gpis_pointwise,Cube,14,0,2,minus_x,minus_x,0.13835605996097988,0.13835605996097988,0.0,1.0,1.0,0.13835605996097988,0.11357842696032228,0.0772104542222245,0.0001678039407124743,8.586981130065396e-05,3.163104338455014e-05
ray_gpis_pointwise,Cube,14,0,3,plus_z,minus_x,0.06135401040283284,0.10307404360293859,0.041720033200105755,0.0,-0.5,0.10307404360293859,0.07706319711921905,0.06135401040283284,7.082724187057465e-05,5.5865551985334605e-05,8.479753887513652e-05
ray_gpis_pointwise,Cube,14,0,4,plus_z,minus_x,0.028380246385484864,0.09061848300334197,0.0622382366178571,0.0,-0.5,0.09061848300334197,0.032667504974552064,0.028380246385484864,6.2542523664888e-05,2.9141592676751316e-05,6.452422530855983e-05
ray_gpis_pointwise,Cube,2,0,0,minus_x,plus_z,0.07381279574791716,0.1329841522323567,0.05917135648443955,0.0,-1.0,0.07381279574791716,0.0932303509409187,0.1329841522323567,1.1445072232163511e-05,1.1236772479605861e-05,1.0887776625168044e-05
ray_gpis_pointwise,Cube,2,0,1,minus_x,minus_x,0.35245792778240875,0.35245792778240875,0.0,1.0,0.5,0.35245792778240875,0.10173821446384462,0.14271870832612255,6.216850124474149e-06,6.144595317891799e-06,6.0961087910982314e-06
ray_gpis_pointwise,Cube,2,0,2,minus_x,minus_x,0.1289338855947697,0.1289338855947697,0.0,1.0,1.0,0.1289338855947697,0.018338933222786236,0.009616369334941366,0.0004008696705568582,8.87364731170237e-05,2.4560169549658895e-05
ray_gpis_pointwise,Cube,2,0,3,minus_x,minus_y,0.04219822344275981,0.05504182166923288,0.012843598226473074,0.0,-0.5,0.04219822344275981,0.05504182166923288,0.023878000575068947,0.00018139528401661664,2.725318154261913e-05,5.794926983071491e-05
ray_gpis_pointwise,Cube,2,0,4,minus_x,minus_x,0.09622272311442182,0.09622272311442182,0.0,1.0,0.5,0.09622272311442182,0.01612284351310611,0.008965253022508057,0.00011631587403826416,3.971008482039906e-05,0.00010640915570547804
ray_gpis_pointwise,Cube,6,0,0,minus_x,minus_x,0.2319963247691575,0.2319963247691575,0.0,1.0,0.5,0.2319963247691575,0.07841316593976572,0.08464795313118051,2.0062354451511055e-05,1.9680459445226006e-05,1.9183520635124296e-05
ray_gpis_pointwise,Cube,6,0,1,minus_x,plus_z,0.003475309215671407,0.024531138396096774,0.021055829180425367,0.0,-1.0,0.003475309215671407,0.005698389972471074,0.024531138396096774,0.00021268636919558048,5.2588602557079867e-05,2.4055696485447697e-05
ray_gpis_pointwise,Cube,6,0,2,minus_x,minus_x,0.1369699381006536,0.1369699381006536,0.0,1.0,1.0,0.1369699381006536,0.10866102535372468,0.04975733890079548,0.0003274629998486489,0.00012616162712220103,2.3706277715973556e-05
ray_gpis_pointwise,Cube,6,0,3,minus_x,plus_z,0.0920738990963701,0.09448506402526824,0.0024111649288981463,0.0,0.5,0.0920738990963701,0.06630546667584902,0.09448506402526824,6.408899207599461e-05,5.090754712000489e-05,6.095577191445045e-05
ray_gpis_pointwise,Cube,6,0,4,plus_z,minus_x,0.0017539254119048886,0.0185660245522008,0.01681209914029591,0.0,-0.5,0.0185660245522008,0.003760008298664852,0.0017539254119048886,2.3430016881320626e-05,2.3355007215286605e-05,2.553184822318144e-05
ray_gpis_pointwise,Cube,3,0,0,minus_x,minus_x,0.05853755696072438,0.05853755696072438,0.0,1.0,0.5,0.05853755696072438,-0.01375758576980124,-0.010414176044185264,0.00024612952256575227,6.668026617262512e-05,3.222154555260204e-05
ray_gpis_pointwise,Cube,3,0,1,minus_x,minus_x,0.1839156749685696,0.1839156749685696,0.0,1.0,1.0,0.1839156749685696,0.09056522381380822,0.11456221396425209,0.00014026518329046667,3.1592458981322125e-05,3.733871562872082e-05
ray_gpis_pointwise,Cube,3,0,2,minus_x,minus_y,0.0252936023084247,0.04978781854401926,0.024494216235594557,0.0,-0.5,0.0252936023084247,0.04978781854401926,0.04128952914891637,0.00012522358156275004,4.816774162463844e-05,4.483750308281742e-05
ray_gpis_pointwise,Cube,3,0,3,minus_x,minus_x,0.15274768412431305,0.15274768412431305,0.0,1.0,0.5,0.15274768412431305,0.06588989506103826,0.017826172211232172,0.0001298602728638798,4.748972423840314e-05,5.494179276865907e-05
ray_gpis_pointwise,Cube,3,0,4,minus_y,minus_y,0.03311321537352774,0.03311321537352774,0.0,1.0,0.5,0.02854168300908555,0.03311321537352774,0.032665290507503886,3.0322618840727955e-05,5.179053187021054e-05,2.354353819100652e-05
ray_gpis_pointwise,Cube,9,0,0,minus_x,minus_y,0.09081320925810343,0.1307490708976753,0.03993586163957186,0.0,-0.5,0.09081320925810343,0.1307490708976753,0.11251326491924651,2.1359408492571674e-05,2.1011172066209838e-05,2.0535901057883166e-05
ray_gpis_pointwise,Cube,9,0,1,minus_x,minus_x,0.19912206734310212,0.19912206734310212,0.0,1.0,1.0,0.19912206734310212,0.06925306397595254,0.014126907570893077,0.00021351267059799284,2.4629440304124728e-05,2.385262087045703e-05
ray_gpis_pointwise,Cube,9,0,2,minus_x,minus_x,0.15611415237593573,0.15611415237593573,0.0,1.0,0.5,0.15611415237593573,0.05992245132909724,0.03504273852192663,0.00017553303041495383,6.711790774716064e-05,6.797848618589342e-05
ray_gpis_pointwise,Cube,9,0,3,minus_x,minus_x,0.0604738734791187,0.0604738734791187,0.0,1.0,0.5,0.0604738734791187,0.018497999044707503,0.006004413899676542,4.6142900828272104e-05,2.3473852706956677e-05,2.3523161871707998e-05
ray_gpis_pointwise,Cube,9,0,4,plus_z,minus_y,-0.00715287871200232,0.0014585508625493127,0.008611429574551632,0.0,-1.0,-0.002675767052114697,0.0014585508625493127,-0.00715287871200232,2.3461052478523925e-05,2.3028025680105202e-05,2.3540325855719857e-05
ray_gpis_pointwise,Cube,10,0,0,minus_x,minus_y,0.09049809201731701,0.11767686098805907,0.027178768970742062,0.0,0.5,0.09049809201731701,0.11767686098805907,0.07269973191276918,0.00033986876951530576,9.255806071450934e-05,2.5893918063957244e-05
ray_gpis_pointwise,Cube,10,0,1,minus_x,minus_x,0.04674725248397532,0.04674725248397532,0.0,1.0,1.0,0.04674725248397532,0.027972928435030575,0.018911937982476645,1.4401640328287613e-05,1.4350228411785793e-05,1.419599175278563e-05
ray_gpis_pointwise,Cube,10,0,2,minus_x,minus_x,0.04211112044149479,0.04211112044149479,0.0,1.0,0.5,0.04211112044149479,0.028925837402780208,0.03492384410920224,0.00021608054521493614,3.9573205867782235e-05,2.2993261154624633e-05
ray_gpis_pointwise,Cube,10,0,3,minus_x,minus_x,0.1187011294651158,0.1187011294651158,0.0,1.0,0.5,0.1187011294651158,0.016760485115558832,0.024822412108895464,1.9912915377062745e-05,1.972640529857017e-05,1.9542689187801443e-05
ray_gpis_pointwise,Cube,10,0,4,plus_z,minus_x,0.08635125114037778,0.15620071680725733,0.06984946566687955,0.0,-0.5,0.15620071680725733,0.1092291582834074,0.08635125114037778,0.0002443448465783149,7.16026988811791e-05,0.00027054661768488586
ray_gpis_pointwise,Cube,5,0,0,minus_x,minus_x,0.07768132207276013,0.07768132207276013,0.0,1.0,0.5,0.07768132207276013,0.022640097704936246,0.04390754948566461,4.518584773904877e-06,4.4468347368820105e-06,4.306662503950065e-06
ray_gpis_pointwise,Cube,5,0,1,minus_x,minus_x,0.2470892018905324,0.2470892018905324,0.0,1.0,1.0,0.2470892018905324,0.08630345213886736,0.00938528259445065,1.3273112926981412e-05,1.2716959645331372e-05,1.2229009371367283e-05
ray_gpis_pointwise,Cube,5,0,2,minus_x,minus_x,0.0020863066065865965,0.0020863066065865965,0.0,1.0,1.0,0.0020863066065865965,0.0012320551665226942,0.00030835835043974136,0.0005565259489230812,6.475686677731574e-05,4.8161771701416e-05
ray_gpis_pointwise,Cube,5,0,3,minus_x,minus_y,0.04694850853357413,0.07528163041861369,0.02833312188503956,0.0,0.5,0.04694850853357413,0.07528163041861369,0.011012113233571208,0.0007109879516065121,0.0001240272104041651,2.384706021985039e-05
ray_gpis_pointwise,Cube,5,0,4,minus_x,minus_x,0.15154323221492794,0.15154323221492794,0.0,1.0,1.0,0.15154323221492794,0.08764159150150452,0.00434497620657559,0.0006220561335794628,0.00024094748368952423,2.370656147832051e-05
ray_gpis_pointwise,Cube,11,0,0,minus_x,minus_y,0.042395087134720566,0.04452663445009791,0.0021315473153773468,0.0,-0.5,0.042395087134720566,0.04452663445009791,0.043299038775226506,0.0001482845691498369,3.830076093436219e-05,2.434298221487552e-05
ray_gpis_pointwise,Cube,11,0,1,minus_x,minus_x,0.14573106251256884,0.14573106251256884,0.0,1.0,1.0,0.14573106251256884,0.044048737830683526,0.026749126000430556,0.00046989836846478283,6.26983237452805e-05,2.4144077542587183e-05
ray_gpis_pointwise,Cube,11,0,2,minus_x,minus_y,0.01415091302924587,0.059540457392027735,0.045389544362781864,0.0,-0.5,0.01415091302924587,0.059540457392027735,0.03047992969413882,0.0002546024334151298,0.00024013855727389455,2.4790302632027306e-05
ray_gpis_pointwise,Cube,11,0,3,minus_x,minus_x,0.05228362262769737,0.05228362262769737,0.0,1.0,1.0,0.05228362262769737,0.03497820758383863,0.02768556924337484,0.0003880141011904925,0.00036795256892219186,0.0001323895703535527
ray_gpis_pointwise,Cube,11,0,4,minus_y,minus_x,0.02697718528564863,0.036962144574576805,0.009984959288928175,0.0,0.5,0.036962144574576805,0.02697718528564863,0.006114299327051431,0.0002985438040923327,0.00030995148699730635,6.453774403780699e-05
ray_gpis_pointwise,Cube,0,0,0,plus_z,minus_x,0.015061662433935974,0.2573690951389139,0.2423074327049779,0.0,-0.5,0.2573690951389139,0.16516811688915073,0.015061662433935974,7.889095599011853e-08,7.876126062456024e-08,7.956871428405066e-08
ray_gpis_pointwise,Cube,0,0,1,minus_x,minus_y,0.022707037456631995,0.10177846099624271,0.07907142353961072,0.0,0.5,0.022707037456631995,0.10177846099624271,0.011642507391978307,1.696981939858233e-06,1.688313659542473e-06,1.673341216701374e-06
ray_gpis_pointwise,Cube,0,0,2,minus_x,minus_y,0.16444698511397,0.16860039510283942,0.004153409988869428,0.0,-0.5,0.16444698511397,0.16860039510283942,0.14581832743708634,1.920001523103565e-06,1.9051345816478715e-06,1.9057569033975597e-06
ray_gpis_pointwise,Cube,0,0,3,minus_x,minus_x,0.15240475784919216,0.15240475784919216,0.0,1.0,0.5,0.15240475784919216,0.09048418000701175,0.034408372915212704,0.0009636991308070719,0.0001001998534775339,0.00014021505194250494
ray_gpis_pointwise,Cube,0,0,4,minus_x,minus_x,0.0945111081671608,0.0945111081671608,0.0,1.0,0.5,0.0945111081671608,0.03190365583454513,0.04769738202352147,0.00028127824771218,9.035883704200387e-05,7.189541793195531e-05
ray_gpis_pointwise,Thin_Irregular,8,0,0,minus_x,minus_y,0.059315841309843964,0.09138589289859006,0.032070051588746096,0.0,-0.5,0.059315841309843964,0.09138589289859006,0.08364573270012937,0.0012276939814910293,0.000443682714831084,2.846094503183849e-05
ray_gpis_pointwise,Thin_Irregular,8,0,1,minus_x,minus_x,0.2299779799273009,0.2299779799273009,0.0,1.0,0.5,0.2299779799273009,0.12027687214048044,0.21327794159406355,0.0006278880755417049,0.00015952499234117568,5.2972882258472964e-05
ray_gpis_pointwise,Thin_Irregular,8,0,2,minus_x,minus_y,0.05075175258324344,0.062272015849554385,0.011520263266310948,0.0,0.5,0.05075175258324344,0.062272015849554385,0.026039731807112443,0.0002800294023472816,4.350762173999101e-05,2.3010674340184778e-05
ray_gpis_pointwise,Thin_Irregular,8,0,3,minus_x,minus_x,0.12444601263220934,0.12444601263220934,0.0,1.0,1.0,0.12444601263220934,0.058056883414999705,0.04696021062341571,0.00044755751150660217,9.274101466871798e-05,2.4210026822402142e-05
ray_gpis_pointwise,Thin_Irregular,8,0,4,minus_x,minus_y,0.024619194497412566,0.027462714906275165,0.0028435204088625987,0.0,-0.5,0.024619194497412566,0.027462714906275165,0.021794533549860717,0.0001299318391829729,5.872163819731213e-05,0.00011399883078411222
ray_gpis_pointwise,Thin_Irregular,13,0,0,minus_x,minus_x,0.1581064872232975,0.1581064872232975,0.0,1.0,1.0,0.1581064872232975,0.0569249445235987,0.054938074051894714,0.001756922691129148,0.0003976235748268664,5.142140798852779e-05
ray_gpis_pointwise,Thin_Irregular,13,0,1,minus_x,minus_x,0.1895112904577737,0.1895112904577737,0.0,1.0,1.0,0.1895112904577737,0.0088114893789214,0.029361320613050412,0.0004408467502798885,5.7908397138817236e-05,0.00011531964264577255
ray_gpis_pointwise,Thin_Irregular,13,0,2,minus_x,minus_x,0.04421498174246996,0.04421498174246996,0.0,1.0,1.0,0.04421498174246996,0.0103193652551834,0.016407322141592684,0.00011697386798914522,4.567095311358571e-05,5.3322208259487525e-05
ray_gpis_pointwise,Thin_Irregular,13,0,3,minus_x,minus_x,0.024513679228505225,0.024513679228505225,0.0,1.0,1.0,0.024513679228505225,-0.005192256015096652,0.017987012206296837,9.830597991822287e-05,4.8876983782975e-05,5.652532490785234e-05
ray_gpis_pointwise,Thin_Irregular,13,0,4,minus_x,plus_z,0.007322773126928417,0.012077893011125718,0.004755119884197301,0.0,0.5,0.007322773126928417,0.0017164480796004744,0.012077893011125718,8.552870713174343e-05,4.396477743284777e-05,7.5308904342819e-05
ray_gpis_pointwise,Thin_Irregular,4,0,0,minus_x,minus_x,0.019089408922841056,0.019089408922841056,0.0,1.0,0.5,0.019089408922841056,0.011640969347785135,0.013029939299729731,0.0008549707126803696,0.0001131879398599267,2.7107371352030896e-05
ray_gpis_pointwise,Thin_Irregular,4,0,1,minus_x,minus_x,0.2082625163441677,0.2082625163441677,0.0,1.0,1.0,0.2082625163441677,0.03953065126843969,0.008096909931678442,0.0008117886609397829,0.0001007370519801043,2.402188692940399e-05
ray_gpis_pointwise,Thin_Irregular,4,0,2,minus_x,minus_x,0.059735342314044426,0.059735342314044426,0.0,1.0,0.5,0.059735342314044426,0.02487736633262083,0.03727399475146642,0.0001984468544833362,5.006164428777993e-05,2.531750942580402e-05
ray_gpis_pointwise,Thin_Irregular,4,0,3,minus_x,minus_x,0.07808172157950743,0.07808172157950743,0.0,1.0,0.5,0.07808172157950743,0.018008819860953484,0.009801997111151484,0.00017539254622533917,6.069624578231014e-05,8.010365854715928e-05
ray_gpis_pointwise,Thin_Irregular,4,0,4,plus_z,minus_y,0.02462523167500008,0.03259992969595393,0.007974698020953852,0.0,-0.5,0.02811294722514357,0.03259992969595393,0.02462523167500008,2.4316042981809005e-05,4.978884680895135e-05,6.214741006260738e-05
ray_gpis_pointwise,Thin_Irregular,1,0,0,minus_x,minus_x,0.15418529196326802,0.15418529196326802,0.0,1.0,1.0,0.15418529196326802,0.06367483121706541,0.032157109105051596,0.0016179869417101145,0.0005958585534244776,3.3368763979524374e-05
ray_gpis_pointwise,Thin_Irregular,1,0,1,minus_x,minus_x,0.2183130790669494,0.2183130790669494,0.0,1.0,0.5,0.2183130790669494,0.015672327023899868,0.04265476133006396,0.0012052340898662806,7.276934775291011e-05,5.6920325732789934e-05
ray_gpis_pointwise,Thin_Irregular,1,0,2,minus_x,minus_x,0.051275960588026304,0.051275960588026304,0.0,1.0,1.0,0.051275960588026304,0.0274564844578713,0.013679479215597756,0.0002075620723189786,4.29311694460921e-05,2.506684177205898e-05
ray_gpis_pointwise,Thin_Irregular,1,0,3,minus_x,minus_x,0.07805191001399747,0.07805191001399747,0.0,1.0,1.0,0.07805191001399747,-0.00022793487211358876,0.002039161886595142,0.00021826144075021148,2.4582068363088183e-05,2.4792921976768412e-05
ray_gpis_pointwise,Thin_Irregular,1,0,4,minus_x,minus_x,0.02159556783442107,0.02159556783442107,0.0,1.0,1.0,0.02159556783442107,0.013738259075464776,0.014643466888701329,7.369972445303574e-05,2.4450524506391957e-05,5.312436769600026e-05
ray_gpis_pointwise,Thin_Irregular,12,0,0,minus_x,minus_x,0.03820792061131195,0.03820792061131195,0.0,1.0,0.5,0.03820792061131195,-0.029319795281679828,-0.011177639686515362,0.001026084995828569,0.0006028763018548489,2.7569927624426782e-05
ray_gpis_pointwise,Thin_Irregular,12,0,1,minus_x,minus_x,0.1123445194262952,0.1123445194262952,0.0,1.0,1.0,0.1123445194262952,0.11225556656224389,0.0518239051475583,0.00018354736675973982,4.539081055554561e-05,2.377870805503335e-05
ray_gpis_pointwise,Thin_Irregular,12,0,2,minus_x,minus_x,0.07581352131403463,0.07581352131403463,0.0,1.0,1.0,0.07581352131403463,0.05239719862064929,0.052086119708682155,0.00015087652718648314,7.035133603494614e-05,6.56163101666607e-05
ray_gpis_pointwise,Thin_Irregular,12,0,3,minus_x,minus_x,0.1032082243529262,0.1032082243529262,0.0,1.0,0.5,0.1032082243529262,0.07033156514831729,0.051207931150111685,0.00011952069326071069,5.9462690842337906e-05,0.00010291861690348014
ray_gpis_pointwise,Thin_Irregular,12,0,4,plus_z,minus_y,0.016879886945080136,0.029259716814848402,0.012379829869768266,0.0,-0.5,0.013962156281948301,0.029259716814848402,0.016879886945080136,4.435044320416637e-05,4.0038703446043655e-05,4.700277713709511e-05
ray_gpis_pointwise,Thin_Irregular,7,0,0,minus_x,minus_y,0.30914287913675975,0.363244740302418,0.05410186116565824,0.0,0.5,0.30914287913675975,0.363244740302418,0.21099552470193,0.0020578226540237665,0.0011424917029216886,0.0004062947118654847
ray_gpis_pointwise,Thin_Irregular,7,0,1,minus_x,plus_z,0.03920092481878229,0.0484518648003735,0.00925093998159121,0.0,-0.5,0.03920092481878229,0.030177504548482614,0.0484518648003735,0.002055238699540496,0.0004976731725037098,4.3124036892550066e-05
ray_gpis_pointwise,Thin_Irregular,7,0,2,minus_x,plus_z,0.05346976670626591,0.06548267367007898,0.012012906963813075,0.0,-0.5,0.05346976670626591,0.02991456446557439,0.06548267367007898,0.0022339285351336002,0.0002165155892726034,2.531335485400632e-05
ray_gpis_pointwise,Thin_Irregular,7,0,3,minus_x,minus_x,0.13540208473267856,0.13540208473267856,0.0,1.0,0.5,0.13540208473267856,0.045902670042808125,0.10688174133516426,0.0018896914552897215,0.00013284815941005945,0.00011471796460682526
ray_gpis_pointwise,Thin_Irregular,7,0,4,minus_x,minus_x,0.11454393078681235,0.11454393078681235,0.0,1.0,0.5,0.11454393078681235,0.042777719787658874,0.05640085624641333,0.0007837517186999321,0.00021589608513750136,5.3233317885315046e-05
ray_gpis_pointwise,Thin_Irregular,14,0,0,minus_x,minus_x,0.25891206259781746,0.25891206259781746,0.0,1.0,1.0,0.25891206259781746,0.16641766442491307,0.08839381369843624,0.0012915079714730382,0.0004366291395854205,0.0001759189908625558
ray_gpis_pointwise,Thin_Irregular,14,0,1,minus_x,minus_x,0.2039364553018741,0.2039364553018741,0.0,1.0,1.0,0.2039364553018741,0.13702187205781635,0.06001579961756254,0.0006146600935608149,0.00029661969165317714,6.353169737849385e-05
ray_gpis_pointwise,Thin_Irregular,14,0,2,minus_x,minus_x,0.15673618188808547,0.15673618188808547,0.0,1.0,1.0,0.15673618188808547,0.043440333363530925,0.014025909116217261,0.0001782548933988437,0.00016648750170134008,2.880409920180682e-05
ray_gpis_pointwise,Thin_Irregular,14,0,3,minus_y,minus_x,0.02142357948515805,0.025323922319495318,0.003900342834337267,0.0,-0.5,0.025323922319495318,0.02142357948515805,0.022791769988167343,9.046368359122425e-05,0.00010612107871565968,3.300303433206864e-05
ray_gpis_pointwise,Thin_Irregular,14,0,4,minus_x,minus_x,0.0053428514631295165,0.0053428514631295165,0.0,1.0,0.5,0.0053428514631295165,0.0024235338917476534,0.002540955688228208,0.00011338824697304517,9.817853424465284e-05,2.4617926101200283e-05
ray_gpis_pointwise,Thin_Irregular,2,0,0,minus_x,minus_y,0.09806102751784013,0.0982235085634941,0.0001624810456539727,0.0,0.5,0.09806102751784013,0.0982235085634941,0.07468521637766465,7.012217793089803e-07,6.704794941470027e-07,6.527133109557326e-07
ray_gpis_pointwise,Thin_Irregular,2,0,1,minus_x,minus_x,0.2504953514167108,0.2504953514167108,0.0,1.0,0.5,0.2504953514167108,0.12685923453069464,0.15351536672424237,0.0008315430022776127,8.530870400136337e-05,2.591180418676231e-05
ray_gpis_pointwise,Thin_Irregular,2,0,2,minus_x,minus_x,0.13514446421109194,0.13514446421109194,0.0,1.0,1.0,0.13514446421109194,0.08536367741019824,0.03351043886092553,0.0006633155280724168,8.552998770028353e-05,2.4226967070717365e-05
ray_gpis_pointwise,Thin_Irregular,2,0,3,minus_x,minus_x,0.10353512792204977,0.10353512792204977,0.0,1.0,1.0,0.10353512792204977,0.043997120858842886,0.04158758108986205,0.00017039226077031344,0.00012134014104958624,3.951678809244186e-05
ray_gpis_pointwise,Thin_Irregular,2,0,4,minus_x,minus_x,0.09123613809720976,0.09123613809720976,0.0,1.0,1.0,0.09123613809720976,0.04794028473561607,0.05282170616602344,8.023445116123185e-05,3.668584395200014e-05,5.7018231018446386e-05
ray_gpis_pointwise,Thin_Irregular,6,0,0,minus_x,plus_z,0.24415580804496279,0.2761388029622146,0.03198299491725182,0.0,-0.5,0.24415580804496279,0.2293059954713464,0.2761388029622146,0.0012978604063391685,0.0005903443088755012,3.414640013943426e-05
ray_gpis_pointwise,Thin_Irregular,6,0,1,minus_x,minus_x,0.09125914352829839,0.09125914352829839,0.0,1.0,0.5,0.09125914352829839,0.0602410411485369,0.07396463512589802,0.001052552368491888,0.00020713104458991438,2.5459492462687194e-05
ray_gpis_pointwise,Thin_Irregular,6,0,2,minus_x,minus_x,0.154855967819787,0.154855967819787,0.0,1.0,1.0,0.154855967819787,0.14278326979593653,0.10100183601834328,0.002037990838289261,0.0003262154059484601,2.559488893894013e-05
ray_gpis_pointwise,Thin_Irregular,6,0,3,minus_x,minus_x,0.1571789202223588,0.1571789202223588,0.0,1.0,1.0,0.1571789202223588,0.08120729921515668,0.05111874383588155,0.0008826369303278625,0.0005109084886498749,0.0004888578550890088
ray_gpis_pointwise,Thin_Irregular,6,0,4,minus_x,minus_x,0.10052989757509945,0.10052989757509945,0.0,1.0,0.5,0.10052989757509945,0.011506319236622597,0.037327545164653864,8.839396468829364e-05,7.83251307439059e-05,6.966009823372588e-05
ray_gpis_pointwise,Thin_Irregular,3,0,0,minus_x,minus_x,-0.015173643593164254,-0.015173643593164254,0.0,1.0,1.0,-0.015173643593164254,-0.022999287947600477,-0.025301899162152253,0.0012893368257209659,0.0002973472001031041,0.00016379629960283637
ray_gpis_pointwise,Thin_Irregular,3,0,1,minus_x,plus_z,0.17380709635425656,0.22437498060774175,0.050567884253485185,0.0,0.5,0.17380709635425656,0.17356524609749302,0.22437498060774175,0.00046482181642204523,5.973126826575026e-05,8.315272134495899e-05
ray_gpis_pointwise,Thin_Irregular,3,0,2,minus_x,minus_x,0.13550560489808855,0.13550560489808855,0.0,1.0,0.5,0.13550560489808855,0.08348152952345483,0.03668676093104395,0.0007964467513374984,3.446677510510199e-05,5.179393701837398e-05
ray_gpis_pointwise,Thin_Irregular,3,0,3,minus_x,minus_x,0.14622380826163406,0.14622380826163406,0.0,1.0,0.5,0.14622380826163406,0.04625659041117802,0.09533791307804762,0.0003503774059936404,0.00011193512182217091,5.790664363303222e-05
ray_gpis_pointwise,Thin_Irregular,3,0,4,plus_z,minus_x,0.01556815074017126,0.04681600022710819,0.03124784948693693,0.0,-0.5,0.04681600022710819,0.014987278364358536,0.01556815074017126,6.785550795029849e-05,7.027096580713987e-05,9.39684032346122e-05
ray_gpis_pointwise,Thin_Irregular,9,0,0,minus_x,minus_x,0.3300250934112419,0.3300250934112419,0.0,1.0,1.0,0.3300250934112419,0.08534341504966514,0.034615000455955,0.0015815322985872626,0.00012635497841984034,8.535687084076926e-05
ray_gpis_pointwise,Thin_Irregular,9,0,1,minus_x,minus_x,0.03476001300332332,0.03476001300332332,0.0,1.0,0.5,0.03476001300332332,-0.016546360164981677,-0.0011224065295734054,0.000560057582333684,0.00010854101128643379,2.6151004931307398e-05
ray_gpis_pointwise,Thin_Irregular,9,0,2,minus_x,minus_x,0.14502549353472172,0.14502549353472172,0.0,1.0,0.5,0.14502549353472172,0.03704975162672319,0.0944019354928346,0.00023153408255893737,0.00012421193241607398,9.402844443684444e-05
ray_gpis_pointwise,Thin_Irregular,9,0,3,minus_y,minus_y,0.02867321059615613,0.02867321059615613,0.0,1.0,0.5,0.025794958086549857,0.02867321059615613,0.022204364910878405,2.395410956523847e-05,5.4727330280002207e-05,4.449671905604191e-05
ray_gpis_pointwise,Thin_Irregular,9,0,4,minus_x,minus_x,0.02309617182956647,0.02309617182956647,0.0,1.0,1.0,0.02309617182956647,0.007748467070876952,0.00846908782849698,4.915104727842845e-05,2.3895549020380713e-05,4.3406555050751194e-05
ray_gpis_pointwise,Thin_Irregular,10,0,0,minus_x,plus_z,0.033161859951669814,0.08163554467257955,0.04847368472090974,0.0,-1.0,0.033161859951669814,0.06581870601857964,0.08163554467257955,0.0016683710273355246,0.0009485173504799604,6.776110967621207e-05
ray_gpis_pointwise,Thin_Irregular,10,0,1,minus_x,minus_y,0.08342251019887725,0.09195239174571801,0.008529881546840756,0.0,-0.5,0.08342251019887725,0.09195239174571801,0.08866760194804935,0.002738324226811528,0.001817826647311449,2.766252691799309e-05
ray_gpis_pointwise,Thin_Irregular,10,0,2,minus_x,minus_y,0.08792782286888601,0.08871943997112708,0.0007916171022410712,0.0,-0.5,0.08792782286888601,0.08871943997112708,0.07259799967172265,0.0017368074040859938,5.908400999032892e-05,0.00013590295566245914
ray_gpis_pointwise,Thin_Irregular,10,0,3,minus_x,minus_x,0.05740559449410376,0.05740559449410376,0.0,1.0,1.0,0.05740559449410376,0.008371558583436411,0.014029242946739462,0.001697766245342791,2.499917900422588e-05,2.7691883587976918e-05
ray_gpis_pointwise,Thin_Irregular,10,0,4,minus_x,plus_z,0.08541859798677198,0.1153081509612276,0.029889552974455613,0.0,0.5,0.08541859798677198,0.016847878136535432,0.1153081509612276,0.0017770702252164483,2.4723824026295915e-05,0.00017308378301095217
ray_gpis_pointwise,Thin_Irregular,5,0,0,minus_x,plus_z,0.24374996672741517,0.3058666966313875,0.06211672990397232,0.0,-1.0,0.24374996672741517,0.293760780920325,0.3058666966313875,0.0005086499149911106,0.0002568038471508771,3.447899507591501e-05
ray_gpis_pointwise,Thin_Irregular,5,0,1,minus_x,minus_x,0.12731958890301975,0.12731958890301975,0.0,1.0,1.0,0.12731958890301975,0.026920128943613564,0.021013122159710962,0.00047861324856057763,0.00021799888054374605,8.697720477357507e-05
ray_gpis_pointwise,Thin_Irregular,5,0,2,minus_x,minus_x,0.12475412750569853,0.12475412750569853,0.0,1.0,0.5,0.12475412750569853,0.04595038804156604,0.06462682586289242,0.0008183082100003958,0.00013485185627359897,2.299825609952677e-05
ray_gpis_pointwise,Thin_Irregular,5,0,3,minus_x,minus_x,0.11357446284750727,0.11357446284750727,0.0,1.0,1.0,0.11357446284750727,0.07201550125765677,0.005865599039661995,0.001140887732617557,0.00037104112561792135,2.3548423996544443e-05
ray_gpis_pointwise,Thin_Irregular,5,0,4,minus_y,minus_y,0.07489836323914512,0.07489836323914512,0.0,1.0,1.0,0.028926314143964516,0.07489836323914512,0.0040505924619211875,0.0005762970540672541,0.000699820346198976,2.416593451926019e-05
ray_gpis_pointwise,Thin_Irregular,11,0,0,minus_x,minus_x,0.18922273342969914,0.18922273342969914,0.0,1.0,1.0,0.18922273342969914,0.11266772870675679,0.07945939065159768,0.0005618089926429093,0.0002713145222514868,3.855627801385708e-05
ray_gpis_pointwise,Thin_Irregular,11,0,1,minus_x,minus_x,0.002113946860286209,0.002113946860286209,0.0,1.0,0.5,0.002113946860286209,-0.016685956430247284,-0.012184215746282478,0.0003112557460553944,6.0290261899353936e-05,4.7516925405943766e-05
ray_gpis_pointwise,Thin_Irregular,11,0,2,minus_x,minus_x,0.07832483256958167,0.07832483256958167,0.0,1.0,1.0,0.07832483256958167,0.05175503266128689,0.06875693087679913,0.0003355491498950869,4.9716811190592125e-05,8.925959991756827e-05
ray_gpis_pointwise,Thin_Irregular,11,0,3,minus_x,minus_x,0.0941863917569783,0.0941863917569783,0.0,1.0,0.5,0.0941863917569783,0.024302060113094104,0.03293224197401079,0.00043614767491817474,5.039971802034415e-05,3.7045549106551334e-05
ray_gpis_pointwise,Thin_Irregular,11,0,4,minus_x,minus_x,0.10102550339526406,0.10102550339526406,0.0,1.0,1.0,0.10102550339526406,0.07106911330034538,0.06521556946424434,0.0003383784496691078,0.00023955352662596852,2.389565997873433e-05
ray_gpis_pointwise,Thin_Irregular,0,0,0,minus_x,plus_z,0.09757242154241014,0.11979749958594432,0.022225078043534185,0.0,-0.5,0.09757242154241014,0.08922994119819921,0.11979749958594432,0.0016610673628747463,0.0001572871406096965,0.00011934120993828401
ray_gpis_pointwise,Thin_Irregular,0,0,1,minus_x,minus_x,0.051113302994421905,0.051113302994421905,0.0,1.0,0.5,0.051113302994421905,-0.015283855491605214,0.027543024455767562,0.0014360485365614295,0.00023464503465220332,9.299784142058343e-05
ray_gpis_pointwise,Thin_Irregular,0,0,2,minus_x,minus_x,0.17748308440059613,0.17748308440059613,0.0,1.0,1.0,0.17748308440059613,0.11414532359005525,0.10498914927946301,0.001010463573038578,0.00020100855908822268,4.270604040357284e-05
ray_gpis_pointwise,Thin_Irregular,0,0,3,minus_x,minus_x,0.1287488868931007,0.1287488868931007,0.0,1.0,1.0,0.1287488868931007,0.10626886753256037,0.05915949181317537,0.0004694171657320112,9.13234252948314e-05,5.3432038839673623e-05
ray_gpis_pointwise,Thin_Irregular,0,0,4,minus_x,minus_x,0.0533843617052272,0.0533843617052272,0.0,1.0,0.5,0.0533843617052272,0.03750288294153181,0.010332290977165703,0.00021255853062029928,2.4077287889667787e-05,0.00019457313464954495
ray_gpis_hit_only,green_Pepper,8,0,0,minus_x,minus_x,-0.0009714190870044881,-0.0009714190870044881,0.0,1.0,1.0,-0.0009714190870044881,-0.01758679976587063,-0.04383939566055889,6.434941951738438e-06,6.3568468249286525e-06,6.235763976292219e-06
ray_gpis_hit_only,green_Pepper,8,0,1,minus_x,minus_y,0.20209371899560818,0.21389680127087157,0.011803082275263388,0.0,0.5,0.20209371899560818,0.21389680127087157,0.15072154718096786,0.00013170350575819612,8.673822594573721e-05,5.465865251608193e-05
ray_gpis_hit_only,green_Pepper,8,0,2,minus_x,minus_x,0.16712556156835567,0.16712556156835567,0.0,1.0,0.5,0.16712556156835567,0.08407094475903154,0.09583475588021373,7.237314275698736e-05,4.382435872685164e-05,3.375629603397101e-05
ray_gpis_hit_only,green_Pepper,8,0,3,plus_z,minus_y,-0.020901192747521224,-0.014886038692579429,0.006015154054941796,0.0,0.5,-0.04711526503830732,-0.014886038692579429,-0.020901192747521224,3.7797351978952065e-05,4.347159483586438e-05,4.4618012907449156e-05
ray_gpis_hit_only,green_Pepper,8,0,4,minus_y,minus_y,0.08101570716839501,0.08101570716839501,0.0,1.0,1.0,0.05397088031643216,0.08101570716839501,0.049327491678604285,3.823497172561474e-05,4.786996578332037e-05,2.2453161363955587e-05
ray_gpis_hit_only,green_Pepper,13,0,0,minus_x,minus_x,0.1604911505932285,0.1604911505932285,0.0,1.0,1.0,0.1604911505932285,0.12537889479714615,0.023717483526329408,1.2760960089508444e-05,1.2686168702202849e-05,1.251427602255717e-05
ray_gpis_hit_only,green_Pepper,13,0,1,minus_x,minus_x,0.03473093752466272,0.03473093752466272,0.0,1.0,1.0,0.03473093752466272,0.0037908027120718835,0.007117078248810915,8.985546446638182e-05,6.483776815002784e-05,6.937867146916687e-05
ray_gpis_hit_only,green_Pepper,13,0,2,minus_x,minus_x,0.17132532029889902,0.17132532029889902,0.0,1.0,1.0,0.17132532029889902,0.018733625549104183,0.0010807928513238974,0.00010066157119581476,6.8341672886163e-05,3.85210441891104e-05
ray_gpis_hit_only,green_Pepper,13,0,3,minus_x,minus_x,0.06939407050237201,0.06939407050237201,0.0,1.0,1.0,0.06939407050237201,0.052399357910371314,0.04457774108889401,5.1977276598336175e-05,3.206589462934062e-05,2.8357646442600526e-05
ray_gpis_hit_only,green_Pepper,13,0,4,plus_z,minus_x,0.0136223275631846,0.06345088706780722,0.049828559504622616,0.0,-1.0,0.06345088706780722,0.03807213022126821,0.0136223275631846,3.889088111463934e-05,4.076761979376897e-05,5.275709190755151e-05
ray_gpis_hit_only,green_Pepper,4,0,0,minus_x,minus_x,0.1781407531444179,0.1781407531444179,0.0,1.0,1.0,0.1781407531444179,0.06043964945336411,0.03615174703370316,7.191224722191691e-05,4.9299036618322134e-05,4.466617974685505e-05
ray_gpis_hit_only,green_Pepper,4,0,1,minus_x,minus_x,0.1037529805108015,0.1037529805108015,0.0,1.0,1.0,0.1037529805108015,0.027588837758863893,0.025702250181505293,8.118989353533834e-05,5.202316242503002e-05,2.5267803721362725e-05
ray_gpis_hit_only,green_Pepper,4,0,2,minus_x,minus_x,0.18311002583961367,0.18311002583961367,0.0,1.0,0.5,0.18311002583961367,0.08775282458392153,0.02429501996940464,7.234702934511006e-05,3.54784497176297e-05,4.412350244820118e-05
ray_gpis_hit_only,green_Pepper,4,0,3,minus_x,minus_x,0.010731959847324557,0.010731959847324557,0.0,1.0,0.5,0.010731959847324557,0.002616533204260918,0.005219541116078585,3.2061197998700663e-05,3.0686456739204004e-05,2.5127963453996927e-05
ray_gpis_hit_only,green_Pepper,4,0,4,minus_x,plus_z,0.011096730320243386,0.019111973589367337,0.00801524326912395,0.0,-1.0,0.011096730320243386,0.01516398147736775,0.019111973589367337,3.2169449696084484e-05,3.138518150080927e-05,2.6788282411871478e-05
ray_gpis_hit_only,green_Pepper,1,0,0,minus_x,plus_z,0.012895211825320274,0.05018390104973325,0.037288689224412974,0.0,-0.5,0.012895211825320274,0.02979454104169238,0.05018390104973325,7.387183723039925e-05,5.9621430409606546e-05,6.904901238158345e-05
ray_gpis_hit_only,green_Pepper,1,0,1,minus_x,minus_x,0.20557188151624517,0.20557188151624517,0.0,1.0,0.5,0.20557188151624517,0.045952499387975354,0.06969767739171878,7.500458741560578e-05,5.9741218137787655e-05,3.922497489838861e-05
ray_gpis_hit_only,green_Pepper,1,0,2,minus_x,minus_y,0.0011772167328782945,0.017581771353815556,0.01640455462093726,0.0,-0.5,0.0011772167328782945,0.017581771353815556,0.011225598185276464,5.322547804098576e-05,3.713199475896545e-05,2.5987212211475708e-05
ray_gpis_hit_only,green_Pepper,1,0,3,minus_x,minus_x,0.11686044534507545,0.11686044534507545,0.0,1.0,1.0,0.11686044534507545,0.046298494759369535,0.023146505364995185,6.031238808645867e-05,5.160543150850572e-05,2.6009976863861084e-05
ray_gpis_hit_only,green_Pepper,1,0,4,minus_x,minus_x,0.09128216722850901,0.09128216722850901,0.0,1.0,1.0,0.09128216722850901,0.030050342065408575,0.011564260963843775,6.495600973721594e-05,6.367950118146837e-05,3.185459354426712e-05
ray_gpis_hit_only,green_Pepper,12,0,0,minus_x,minus_x,0.24686665935560592,0.24686665935560592,0.0,1.0,1.0,0.24686665935560592,0.13856808706186396,0.13472453349881985,1.5877672922215424e-05,1.566739047120791e-05,1.516233623988228e-05
ray_gpis_hit_only,green_Pepper,12,0,1,minus_x,minus_x,0.044805778777909255,0.044805778777909255,0.0,1.0,1.0,0.044805778777909255,0.031573332121050846,0.012030663004727549,7.466349052265286e-05,5.671250255545601e-05,2.4855509764165618e-05
ray_gpis_hit_only,green_Pepper,12,0,2,minus_x,minus_x,0.14844872152638455,0.14844872152638455,0.0,1.0,1.0,0.14844872152638455,0.058527735193983466,0.05550390457177756,9.568236418999732e-05,7.498701597796753e-05,2.4084012693492696e-05
ray_gpis_hit_only,green_Pepper,12,0,3,minus_x,minus_x,0.10570917053530315,0.10570917053530315,0.0,1.0,1.0,0.10570917053530315,0.026344769859728112,0.008340310537038431,5.3546558774542063e-05,4.913384691462852e-05,2.3649939976166934e-05
ray_gpis_hit_only,green_Pepper,12,0,4,minus_y,plus_z,0.007919439844292775,0.01767224568902359,0.009752805844730816,0.0,-1.0,0.015245819831201546,0.007919439844292775,0.01767224568902359,3.8222482544369996e-05,4.879358675680123e-05,3.29044196405448e-05
ray_gpis_hit_only,green_Pepper,7,0,0,minus_x,minus_x,0.18392165294369878,0.18392165294369878,0.0,1.0,1.0,0.18392165294369878,0.035038947518620855,0.03912327616788258,8.86011403053999e-05,5.414219413069077e-05,5.423898983281106e-05
ray_gpis_hit_only,green_Pepper,7,0,1,minus_x,minus_x,0.02952860993055273,0.02952860993055273,0.0,1.0,0.5,0.02952860993055273,-0.024185532088402795,-0.017369307341615237,0.00010368443327024579,4.2900715925497934e-05,3.323568307678215e-05
ray_gpis_hit_only,green_Pepper,7,0,2,minus_x,minus_x,0.18157190855595629,0.18157190855595629,0.0,1.0,1.0,0.18157190855595629,0.10173894386258764,0.10505273991679265,5.744907684857026e-05,3.122962880297564e-05,3.679481233120896e-05
ray_gpis_hit_only,green_Pepper,7,0,3,minus_y,plus_z,0.04322878593626156,0.07457474092939387,0.03134595499313231,0.0,-0.5,0.07305927814690172,0.04322878593626156,0.07457474092939387,2.3811993742128834e-05,2.7055122700403444e-05,2.4503800887032412e-05
ray_gpis_hit_only,green_Pepper,7,0,4,minus_y,minus_x,0.02091171393542346,0.02934970758100852,0.008437993645585062,0.0,-1.0,0.02934970758100852,0.02091171393542346,0.02481359317128129,2.410261004115455e-05,2.4837796445353888e-05,2.4333925466635264e-05
ray_gpis_hit_only,green_Pepper,14,0,0,minus_x,minus_x,0.07836510301093036,0.07836510301093036,0.0,1.0,0.5,0.07836510301093036,0.02426992942072459,0.0680158678167887,1.6200701793422922e-05,1.584148958500009e-05,1.4853499124001246e-05
ray_gpis_hit_only,green_Pepper,14,0,1,minus_x,minus_x,0.13955946546584813,0.13955946546584813,0.0,1.0,1.0,0.13955946546584813,0.09541721402965925,0.13504466226774475,8.410387818003073e-05,2.6004337996710092e-05,7.065918180160224e-05
ray_gpis_hit_only,green_Pepper,14,0,2,minus_x,minus_x,0.1720784567488477,0.1720784567488477,0.0,1.0,1.0,0.1720784567488477,0.061238743668418305,0.04942422732185492,8.618062565801665e-06,8.563812116335612e-06,8.446760148217436e-06
ray_gpis_hit_only,green_Pepper,14,0,3,minus_x,minus_x,0.043857971221168635,0.043857971221168635,0.0,1.0,1.0,0.043857971221168635,0.02612842899318768,0.02546667017396098,5.5875821999507025e-05,4.887102477368899e-05,4.242025170242414e-05
ray_gpis_hit_only,green_Pepper,14,0,4,minus_x,minus_x,0.1212436926806496,0.1212436926806496,0.0,1.0,1.0,0.1212436926806496,0.03973074628680673,0.02835644119178171,4.7775414714124054e-05,3.200470018782653e-05,2.9258246286190115e-05
ray_gpis_hit_only,green_Pepper,2,0,0,minus_x,minus_x,0.22984736849327025,0.22984736849327025,0.0,1.0,1.0,0.22984736849327025,0.16341295987556592,0.09276716595842,2.4868266336852685e-05,2.4734632461331785e-05,2.412905996607151e-05
ray_gpis_hit_only,green_Pepper,2,0,1,minus_x,minus_y,0.03447754336393305,0.07846903834157071,0.04399149497763766,0.0,-0.5,0.03447754336393305,0.07846903834157071,0.052489338496876314,7.663347787456587e-05,5.569044151343405e-05,2.464908902766183e-05
ray_gpis_hit_only,green_Pepper,2,0,2,minus_x,minus_x,0.15741216508427947,0.15741216508427947,0.0,1.0,1.0,0.15741216508427947,0.10192963340480121,0.06922321622060568,6.916880374774337e-05,6.132690759841353e-05,4.1998453525593504e-05
ray_gpis_hit_only,green_Pepper,2,0,3,minus_x,plus_z,0.037536551188317446,0.04163826768335355,0.004101716495036101,0.0,-0.5,0.037536551188317446,-0.014325149225741463,0.04163826768335355,6.899212894495577e-05,5.116700776852667e-05,4.1570179746486247e-05
ray_gpis_hit_only,green_Pepper,2,0,4,minus_x,minus_y,0.05297215986400239,0.05403251138258558,0.0010603515185831913,0.0,-0.5,0.05297215986400239,0.05403251138258558,0.045540970933566904,4.385815191199072e-05,2.2862275727675296e-05,3.696019484777935e-05
ray_gpis_hit_only,green_Pepper,6,0,0,minus_x,plus_z,0.13340213637282156,0.2294723739123855,0.09607023753956395,0.0,-1.0,0.13340213637282156,0.22937900540084294,0.2294723739123855,6.510774255730212e-05,3.747337541426532e-05,3.103593917330727e-05
ray_gpis_hit_only,green_Pepper,6,0,1,minus_x,minus_y,0.14819344122030664,0.20492669274596637,0.05673325152565972,0.0,0.5,0.14819344122030664,0.20492669274596637,0.06863037798891031,1.8885011741076596e-05,1.8670454664970748e-05,1.840759978222195e-05
ray_gpis_hit_only,green_Pepper,6,0,2,minus_y,minus_x,0.06041300836469382,0.17478042358513818,0.11436741522044436,0.0,0.5,0.17478042358513818,0.06041300836469382,0.04882239695671137,5.5721437092870474e-05,6.575022416654974e-05,3.464076871750876e-05
ray_gpis_hit_only,green_Pepper,6,0,3,minus_x,minus_x,0.16352648437493367,0.16352648437493367,0.0,1.0,1.0,0.16352648437493367,0.11023034309259638,0.06111363819752624,8.59370338730514e-05,6.946824578335509e-05,3.622336589614861e-05
ray_gpis_hit_only,green_Pepper,6,0,4,minus_y,minus_x,0.07117867991897697,0.08065818977235362,0.009479509853376644,0.0,0.5,0.08065818977235362,0.07117867991897697,0.027430308154468896,3.222974555683322e-05,5.517431054613553e-05,3.040288902411703e-05
ray_gpis_hit_only,green_Pepper,3,0,0,minus_x,minus_x,0.17599491231689296,0.17599491231689296,0.0,1.0,0.5,0.17599491231689296,0.0761970738354939,0.07971610026557874,9.787874660105444e-06,9.606543244444765e-06,9.278490324504673e-06
ray_gpis_hit_only,green_Pepper,3,0,1,minus_x,minus_x,0.17259632135301628,0.17259632135301628,0.0,1.0,0.5,0.17259632135301628,0.02393087803790106,0.10737056514567711,7.127348362701014e-05,5.6726534239714965e-05,3.728756928467192e-05
ray_gpis_hit_only,green_Pepper,3,0,2,minus_x,minus_x,0.09662786955675229,0.09662786955675229,0.0,1.0,1.0,0.09662786955675229,0.07149060807720342,0.08012443986740891,7.511836884077638e-05,4.148481457377784e-05,4.8991587391356006e-05
ray_gpis_hit_only,green_Pepper,3,0,3,minus_x,minus_x,0.11811240312266857,0.11811240312266857,0.0,1.0,1.0,0.11811240312266857,0.016977217125775157,0.022301764538445235,4.78033980471082e-05,3.40937876899261e-05,4.0137449104804546e-05
ray_gpis_hit_only,green_Pepper,3,0,4,minus_x,minus_x,0.02119670571560983,0.02119670571560983,0.0,1.0,0.5,0.02119670571560983,0.007745956382386288,0.004467163264513241,3.411864599911496e-05,2.3817447072360665e-05,2.6781364795169793e-05
ray_gpis_hit_only,green_Pepper,9,0,0,minus_x,minus_x,0.02183942002002437,0.02183942002002437,0.0,1.0,1.0,0.02183942002002437,0.008273054607705277,0.00776889800575753,7.784071931382641e-05,6.950327951926738e-05,4.447371611604467e-05
ray_gpis_hit_only,green_Pepper,9,0,1,minus_x,minus_y,0.21048215455002633,0.21684023617757459,0.006358081627548251,0.0,-0.5,0.21048215455002633,0.21684023617757459,0.16170962221043456,5.8981597248930484e-05,2.3868247808422893e-05,2.8392390959197655e-05
ray_gpis_hit_only,green_Pepper,9,0,2,minus_x,plus_z,0.04276970002338176,0.08995928876512249,0.04718958874174073,0.0,0.5,0.04276970002338176,0.021474080187841027,0.08995928876512249,5.1190796511946246e-05,2.412588582956232e-05,2.5609453587094322e-05
ray_gpis_hit_only,green_Pepper,9,0,3,minus_x,minus_x,0.04217128691017491,0.04217128691017491,0.0,1.0,1.0,0.04217128691017491,0.003810882293432183,0.01590659551372242,5.65365917282179e-05,2.2639011149294674e-05,3.830437708529644e-05
ray_gpis_hit_only,green_Pepper,9,0,4,minus_x,minus_x,0.1294435527194615,0.1294435527194615,0.0,1.0,1.0,0.1294435527194615,0.004392365816521471,0.10207250000154444,6.736860086675733e-05,2.3693550247116946e-05,3.619550261646509e-05
ray_gpis_hit_only,green_Pepper,10,0,0,minus_x,minus_y,0.043949744109855915,0.08141164665019779,0.037461902540341874,0.0,0.5,0.043949744109855915,0.08141164665019779,0.019904337028452068,6.671113078482449e-05,5.718063039239496e-05,3.2933825423242524e-05
ray_gpis_hit_only,green_Pepper,10,0,1,minus_y,minus_x,0.06924991645412382,0.20532434403395028,0.13607442757982646,0.0,0.5,0.20532434403395028,0.06924991645412382,0.06500264716529858,5.140990833751857e-05,7.95068553998135e-05,4.334681580075994e-05
ray_gpis_hit_only,green_Pepper,10,0,2,minus_y,minus_y,0.044055245263410425,0.044055245263410425,0.0,1.0,1.0,0.039620704750863656,0.044055245263410425,0.027536539333892884,7.867162639740855e-05,8.590241486672312e-05,3.4295229852432385e-05
ray_gpis_hit_only,green_Pepper,10,0,3,minus_y,minus_y,0.08464836345281679,0.08464836345281679,0.0,1.0,0.5,0.03314960898977082,0.08464836345281679,0.035903174218003375,0.0001081747977877967,0.00012697176134679466,6.001489600748755e-05
ray_gpis_hit_only,green_Pepper,10,0,4,minus_y,minus_y,0.04130577708706773,0.04130577708706773,0.0,1.0,1.0,0.039000458633985935,0.04130577708706773,0.02445997367808428,7.001394260441884e-05,8.211664680857211e-05,3.6936395190423355e-05
ray_gpis_hit_only,green_Pepper,5,0,0,minus_x,minus_x,0.20224855392283947,0.20224855392283947,0.0,1.0,1.0,0.20224855392283947,0.16738456592079498,0.0981863614595791,8.41875771584455e-06,8.306231393362395e-06,7.827677109162323e-06
ray_gpis_hit_only,green_Pepper,5,0,1,minus_x,minus_x,0.15779979070295536,0.15779979070295536,0.0,1.0,1.0,0.15779979070295536,0.14248723287546572,0.05565368021271133,8.449526649201289e-05,7.803617336321622e-05,3.537855809554458e-05
ray_gpis_hit_only,green_Pepper,5,0,2,minus_y,minus_x,0.10533223468686004,0.11054499624260616,0.005212761555746126,0.0,0.5,0.11054499624260616,0.10533223468686004,0.09338145099054307,5.6602370023028925e-05,6.62643724353984e-05,4.6745972213102505e-05
ray_gpis_hit_only,green_Pepper,5,0,3,minus_x,minus_x,0.08270083906704817,0.08270083906704817,0.0,1.0,0.5,0.08270083906704817,0.019314846383288398,0.01740354266032551,4.4503154640551656e-05,3.288600782980211e-05,3.655412365333177e-05
ray_gpis_hit_only,green_Pepper,5,0,4,minus_x,minus_y,0.030997708807582347,0.06659311528612843,0.03559540647854609,0.0,-0.5,0.030997708807582347,0.06659311528612843,0.015425438039891937,3.1266135920304805e-05,2.550706449255813e-05,2.823249997163657e-05
ray_gpis_hit_only,green_Pepper,11,0,0,minus_x,minus_x,0.22682422782268813,0.22682422782268813,0.0,1.0,0.5,0.22682422782268813,0.11498967326942922,0.13194623226588337,8.24106318759732e-05,4.608041126630269e-05,3.451521115493961e-05
ray_gpis_hit_only,green_Pepper,11,0,1,minus_x,minus_x,0.16478788474863204,0.16478788474863204,0.0,1.0,0.5,0.16478788474863204,0.047526439725174896,0.03502917399377414,9.841898281592876e-05,5.081204290036112e-05,7.421389454975724e-05
ray_gpis_hit_only,green_Pepper,11,0,2,minus_x,minus_x,0.04954215075173385,0.04954215075173385,0.0,1.0,1.0,0.04954215075173385,0.03955052852991636,0.03856776840557541,4.102260209037922e-05,3.4410662919981405e-05,2.756627327471506e-05
ray_gpis_hit_only,green_Pepper,11,0,3,minus_x,minus_x,0.06642626344818736,0.06642626344818736,0.0,1.0,0.5,0.06642626344818736,0.011720085888885734,0.04174563762243677,3.594517693272792e-05,3.1536594178760424e-05,3.070036109420471e-05
ray_gpis_hit_only,green_Pepper,11,0,4,minus_y,minus_x,0.0196154570722209,0.03285717861573656,0.013241721543515661,0.0,-0.5,0.03285717861573656,0.0196154570722209,0.020108783213771075,2.741159187280573e-05,2.8504084184532985e-05,2.3655058612348512e-05
ray_gpis_hit_only,green_Pepper,0,0,0,minus_x,minus_x,0.2753694918455501,0.2753694918455501,0.0,1.0,0.5,0.2753694918455501,0.024869292523809206,0.05919284057400909,2.1051333533250727e-05,2.07656867132755e-05,1.96564997168025e-05
ray_gpis_hit_only,green_Pepper,0,0,1,minus_x,minus_x,0.18267472921072125,0.18267472921072125,0.0,1.0,0.5,0.18267472921072125,0.05218928616674712,0.06771102479575641,5.21798683621455e-05,2.9046344934613444e-05,2.517191751394421e-05
ray_gpis_hit_only,green_Pepper,0,0,2,minus_y,minus_x,0.003070515798332507,0.07251784887165669,0.06944733307332418,0.0,-0.5,0.07251784887165669,0.003070515798332507,0.03950740740444869,3.109358294750564e-05,3.140405169688165e-05,2.9853095838916488e-05
ray_gpis_hit_only,green_Pepper,0,0,3,minus_x,plus_z,0.023519833214511898,0.0410727257952852,0.017552892580773305,0.0,0.5,0.023519833214511898,0.014632952105669506,0.0410727257952852,3.153077341266908e-05,2.585464062576648e-05,3.134887447231449e-05
ray_gpis_hit_only,green_Pepper,0,0,4,plus_z,minus_x,0.018230498739704393,0.04355199865296766,0.025321499913263268,0.0,-0.5,0.04355199865296766,0.018674739586137412,0.018230498739704393,3.2388030376750976e-05,2.9110649848007597e-05,3.462682798271999e-05
ray_gpis_hit_only,Corner,8,0,0,minus_x,minus_x,0.20024570391595886,0.20024570391595886,0.0,1.0,1.0,0.20024570391595886,0.07194203077588929,0.07464264238553209,9.73865098785609e-05,5.644807970384136e-05,7.148453005356714e-05
ray_gpis_hit_only,Corner,8,0,1,minus_x,minus_x,0.05656113626361625,0.05656113626361625,0.0,1.0,0.5,0.05656113626361625,0.046929292800861555,0.02558551473932058,7.305700273718685e-05,4.458034163690172e-05,5.4231237299973145e-05
ray_gpis_hit_only,Corner,8,0,2,minus_x,minus_x,0.08628339227166959,0.08628339227166959,0.0,1.0,0.5,0.08628339227166959,0.024327500953229553,0.026498309471901682,6.567201489815488e-05,4.9585352826397866e-05,2.5852679755189456e-05
ray_gpis_hit_only,Corner,8,0,3,minus_x,minus_x,0.12705668165842565,0.12705668165842565,0.0,1.0,0.5,0.12705668165842565,0.08319954151881837,0.0665721616004703,8.161805453710258e-05,3.690778976306319e-05,3.849096174235456e-05
ray_gpis_hit_only,Corner,8,0,4,minus_y,minus_y,0.07982311217762084,0.07982311217762084,0.0,1.0,0.5,0.019602003763607656,0.07982311217762084,0.023253221499474064,5.415187115431763e-05,5.457930456032045e-05,2.311893149453681e-05
ray_gpis_hit_only,Corner,13,0,0,minus_x,minus_x,0.17414205333868754,0.17414205333868754,0.0,1.0,0.5,0.17414205333868754,0.05205120630218346,0.06748348765119111,9.464404865866527e-05,8.354779856745154e-05,5.0882852519862354e-05
ray_gpis_hit_only,Corner,13,0,1,minus_x,minus_y,-0.007098790067646132,0.008296616800712031,0.015395406868358164,0.0,0.5,-0.007098790067646132,0.008296616800712031,-0.0317579440590634,0.00010373463737778366,4.540842564892955e-05,2.7289483114145696e-05
ray_gpis_hit_only,Corner,13,0,2,minus_x,minus_x,0.19503088189320306,0.19503088189320306,0.0,1.0,1.0,0.19503088189320306,0.11027921860426904,0.11215819427336993,4.3294312490615994e-05,3.2790445402497426e-05,3.392628423171118e-05
ray_gpis_hit_only,Corner,13,0,3,minus_y,plus_z,0.021467151315814448,0.04179758523166599,0.020330433915851542,0.0,-0.5,0.01841285114133817,0.021467151315814448,0.04179758523166599,2.291976306878496e-05,2.294047226314433e-05,2.2645876015303656e-05
ray_gpis_hit_only,Corner,13,0,4,minus_x,minus_y,0.027015305428544356,0.03597171884383321,0.008956413415288855,0.0,-0.5,0.027015305428544356,0.03597171884383321,0.021682110696473966,2.3826141841709614e-05,2.3037280698190443e-05,2.3484997655032203e-05
ray_gpis_hit_only,Corner,4,0,0,minus_x,minus_x,0.16703792225759406,0.16703792225759406,0.0,1.0,0.5,0.16703792225759406,0.12030438708393465,0.08539291316226294,7.592221663799137e-05,4.805004573427141e-05,5.1219616580056027e-05
ray_gpis_hit_only,Corner,4,0,1,minus_x,minus_x,0.09753212268678857,0.09753212268678857,0.0,1.0,0.5,0.09753212268678857,0.014162799827387884,-0.007550195792913272,7.875465234974399e-05,3.847945845336653e-05,4.799973976332694e-05
ray_gpis_hit_only,Corner,4,0,2,plus_z,minus_x,0.07921225297225598,0.12421684172414027,0.04500458875188429,0.0,-0.5,0.12421684172414027,0.08181899422358407,0.07921225297225598,4.843235365115106e-05,2.93256453005597e-05,5.0068127166014165e-05
ray_gpis_hit_only,Corner,4,0,3,minus_x,plus_z,-0.018355554103040572,0.0003882024568537812,0.018743756559894353,0.0,0.5,-0.018355554103040572,-0.02832862682025672,0.0003882024568537812,4.585961141856387e-05,2.7551024686545134e-05,3.147124880342744e-05
ray_gpis_hit_only,Corner,4,0,4,minus_x,minus_x,0.0820596945374521,0.0820596945374521,0.0,1.0,0.5,0.0820596945374521,0.021764935812750963,0.0752463474867906,3.15918296109885e-05,2.9444225219776854e-05,2.4554045012337156e-05
ray_gpis_hit_only,Corner,1,0,0,minus_x,minus_x,0.09795390943061683,0.09795390943061683,0.0,1.0,0.5,0.09795390943061683,0.028296929628615464,0.05577025137958158,6.81300662108697e-05,6.226712866919115e-05,5.622514072456397e-05
ray_gpis_hit_only,Corner,1,0,1,minus_x,minus_x,0.1119170725994959,0.1119170725994959,0.0,1.0,1.0,0.1119170725994959,0.03762126036496605,0.030909279107543042,0.00010657640814315528,8.760078344494104e-05,7.491383439628407e-05
ray_gpis_hit_only,Corner,1,0,2,minus_x,minus_x,0.02960131615137651,0.02960131615137651,0.0,1.0,1.0,0.02960131615137651,0.009629671792972694,0.027311618410064353,8.440941019216552e-05,5.498995597008616e-05,6.330801988951862e-05
ray_gpis_hit_only,Corner,1,0,3,minus_x,minus_x,0.03681314622003906,0.03681314622003906,0.0,1.0,1.0,0.03681314622003906,0.01078045102805214,0.0313775005138176,9.05962151591666e-05,4.6529978135367855e-05,5.906420847168192e-05
ray_gpis_hit_only,Corner,1,0,4,minus_x,minus_x,0.0860200099996179,0.0860200099996179,0.0,1.0,1.0,0.0860200099996179,0.053502344447687755,0.06519351390454431,6.093227057135664e-05,2.91264004772529e-05,4.120693847653456e-05
ray_gpis_hit_only,Corner,12,0,0,minus_y,minus_x,0.13587355461980188,0.24072982569217116,0.10485627107236928,0.0,-0.5,0.24072982569217116,0.13587355461980188,0.1440641972760266,5.770089410361834e-05,7.822431507520378e-05,3.519425808917731e-05
ray_gpis_hit_only,Corner,12,0,1,minus_x,minus_y,0.016527362349738173,0.04244209422895939,0.02591473187922122,0.0,0.5,0.016527362349738173,0.04244209422895939,0.00850375629571365,8.196721319109201e-05,5.451817196444608e-05,2.5455676222918555e-05
ray_gpis_hit_only,Corner,12,0,2,minus_x,minus_x,0.10926535111824931,0.10926535111824931,0.0,1.0,1.0,0.10926535111824931,0.09483963336244483,0.032905208962247356,8.327406976604834e-05,7.955724868224934e-05,2.418660733383149e-05
ray_gpis_hit_only,Corner,12,0,3,minus_x,minus_y,0.033581415173241425,0.03546777713288585,0.0018863619596444225,0.0,0.5,0.033581415173241425,0.03546777713288585,0.017542005061535138,6.185651727719232e-05,4.3594176531769335e-05,3.555506918928586e-05
ray_gpis_hit_only,Corner,12,0,4,minus_x,minus_y,0.0235458573839038,0.07359415067285957,0.05004829328895577,0.0,-0.5,0.0235458573839038,0.07359415067285957,0.05106801623330137,6.863973248982802e-05,5.82650100113824e-05,3.965353243984282e-05
ray_gpis_hit_only,Corner,7,0,0,minus_y,plus_z,0.04178040453923576,0.06197887849509248,0.02019847395585672,0.0,-0.5,0.0019516186564977334,0.04178040453923576,0.06197887849509248,6.157993630040437e-05,7.995429041329771e-05,3.3208783861482516e-05
ray_gpis_hit_only,Corner,7,0,1,minus_y,minus_x,0.07747210852421577,0.1568015482309833,0.07932943970676753,0.0,0.5,0.1568015482309833,0.07747210852421577,0.03296349299656587,6.249868602026254e-05,7.58052701712586e-05,3.408001794014126e-05
ray_gpis_hit_only,Corner,7,0,2,minus_x,minus_x,0.21018831717463848,0.21018831717463848,0.0,1.0,1.0,0.21018831717463848,0.08639339029955295,0.06760514089550795,0.0001701832516118884,0.00010240451956633478,3.488317088340409e-05
ray_gpis_hit_only,Corner,7,0,3,minus_x,minus_x,0.04156049111690763,0.04156049111690763,0.0,1.0,1.0,0.04156049111690763,0.03334620831304691,0.02804740133795125,6.425444007618353e-05,5.257568773231469e-05,3.221390943508595e-05
ray_gpis_hit_only,Corner,7,0,4,minus_x,minus_y,0.004935863278305641,0.02955517831107035,0.02461931503276471,0.0,0.5,0.004935863278305641,0.02955517831107035,0.0017994716203982852,5.7427339925197884e-05,5.427326323115267e-05,4.209286635159515e-05
ray_gpis_hit_only,Corner,14,0,0,minus_x,minus_x,0.1383418981961091,0.1383418981961091,0.0,1.0,1.0,0.1383418981961091,0.10521506080821363,0.06575145404103006,5.434092599898577e-05,4.2691550333984196e-05,4.0588911360828206e-05
ray_gpis_hit_only,Corner,14,0,1,minus_x,minus_x,0.18587218696009955,0.18587218696009955,0.0,1.0,1.0,0.18587218696009955,0.08836908031652146,0.06486005948416684,4.660247213905677e-05,3.4528722608229145e-05,2.263932765345089e-05
ray_gpis_hit_only,Corner,14,0,2,minus_x,minus_x,-0.031280141158923525,-0.031280141158923525,0.0,1.0,1.0,-0.031280141158923525,-0.03433339951859293,-0.03668610987996346,7.636019290657714e-05,4.418622484081425e-05,2.4204558940255083e-05
ray_gpis_hit_only,Corner,14,0,3,minus_x,minus_y,0.11666413934381203,0.14092371499495338,0.02425957565114134,0.0,0.5,0.11666413934381203,0.14092371499495338,0.05642839009222311,4.460227137315087e-05,3.579261101549491e-05,3.0353587135323323e-05
ray_gpis_hit_only,Corner,14,0,4,minus_y,minus_y,0.05740226086902023,0.05740226086902023,0.0,1.0,1.0,0.045403973961285926,0.05740226086902023,0.026092953164630672,4.21591721533332e-05,4.82018876937218e-05,2.2797710698796436e-05
ray_gpis_hit_only,Corner,2,0,0,minus_x,minus_x,0.23698928808417863,0.23698928808417863,0.0,1.0,1.0,0.23698928808417863,0.1573483611009875,0.06808823644289314,2.0791740098502487e-05,2.056142511719372e-05,2.0264196791686118e-05
ray_gpis_hit_only,Corner,2,0,1,minus_x,minus_x,0.11051764842114087,0.11051764842114087,0.0,1.0,1.0,0.11051764842114087,0.08575186960608716,0.07809053947084832,6.48659624857828e-05,3.3716263715177774e-05,3.360173650435172e-05
ray_gpis_hit_only,Corner,2,0,2,minus_x,minus_x,0.10132591139708236,0.10132591139708236,0.0,1.0,0.5,0.10132591139708236,0.09259952154001261,0.0720047357335899,7.018154428806156e-05,2.9131977498764172e-05,5.8835852541960776e-05
ray_gpis_hit_only,Corner,2,0,3,minus_x,minus_x,0.09002048409903463,0.09002048409903463,0.0,1.0,1.0,0.09002048409903463,0.03551012413103616,0.04930360632348274,4.7652174544055015e-05,2.8081010896130465e-05,3.482434476609342e-05
ray_gpis_hit_only,Corner,2,0,4,minus_x,minus_y,-0.005639188199890621,-0.0039318372455855455,0.0017073509543050758,0.0,-0.5,-0.005639188199890621,-0.0039318372455855455,-0.01736579310084907,4.399069439386949e-05,2.2965541575103998e-05,2.333472184545826e-05
ray_gpis_hit_only,Corner,6,0,0,minus_x,minus_x,0.15198897424692426,0.15198897424692426,0.0,1.0,1.0,0.15198897424692426,0.1345661411467427,0.08135895837031903,7.157219806686044e-05,5.012497422285378e-05,4.6149718400556594e-05
ray_gpis_hit_only,Corner,6,0,1,minus_x,minus_x,0.07993952724747266,0.07993952724747266,0.0,1.0,1.0,0.07993952724747266,0.042531436208135376,0.012346434826128183,9.68517706496641e-05,4.07480874855537e-05,3.0216408049454913e-05
ray_gpis_hit_only,Corner,6,0,2,minus_x,minus_x,0.1071988258448896,0.1071988258448896,0.0,1.0,1.0,0.1071988258448896,0.02014034264232556,0.010105189001871295,7.387281220871955e-05,4.5911881898064166e-05,2.4272116206702776e-05
ray_gpis_hit_only,Corner,6,0,3,plus_z,minus_x,0.03410215760420077,0.05674640267425701,0.022644245070056246,0.0,-0.5,0.05674640267425701,0.040237129371448854,0.03410215760420077,3.929076774511486e-05,3.0191898986231536e-05,4.2881914851022884e-05
ray_gpis_hit_only,Corner,6,0,4,minus_x,minus_x,0.057442139095506994,0.057442139095506994,0.0,1.0,1.0,0.057442139095506994,0.010135481978860494,0.04843993786603251,4.0199356590164825e-05,2.924682485172525e-05,3.206387555110268e-05
ray_gpis_hit_only,Corner,3,0,0,minus_x,minus_x,0.19236525730709902,0.19236525730709902,0.0,1.0,1.0,0.19236525730709902,0.14331011295690027,0.039068887807021224,2.4314185793627985e-05,2.4230028429883532e-05,2.3913593395263888e-05
ray_gpis_hit_only,Corner,3,0,1,minus_x,minus_x,0.09246571428235817,0.09246571428235817,0.0,1.0,0.5,0.09246571428235817,0.022420565670932202,0.011167880618671133,5.0478360208217055e-05,2.402477548457682e-05,2.6688992875278927e-05
ray_gpis_hit_only,Corner,3,0,2,minus_x,minus_x,0.02594005183125947,0.02594005183125947,0.0,1.0,0.5,0.02594005183125947,0.020394102353268218,0.020471469564669498,5.051905463915318e-05,3.3254029403906316e-05,2.6894296752288938e-05
ray_gpis_hit_only,Corner,3,0,3,minus_x,minus_x,0.13400653676454544,0.13400653676454544,0.0,1.0,1.0,0.13400653676454544,0.029298913352592826,0.008255682226413374,5.109259291202761e-05,3.5013159504160285e-05,3.468351496849209e-05
ray_gpis_hit_only,Corner,3,0,4,minus_x,minus_y,0.013404255526549114,0.01745953958228652,0.004055284055737407,0.0,-0.5,0.013404255526549114,0.01745953958228652,0.016517976972318937,3.3175412681885064e-05,2.6981502742273733e-05,2.3297983716474846e-05
ray_gpis_hit_only,Corner,9,0,0,minus_x,minus_y,0.07041672061145365,0.09882625023860414,0.028409529627150487,0.0,-0.5,0.07041672061145365,0.09882625023860414,0.07399573455036357,1.6270341802737676e-05,1.623960633878596e-05,1.594378045410849e-05
ray_gpis_hit_only,Corner,9,0,1,minus_x,minus_x,0.11103013967218611,0.11103013967218611,0.0,1.0,1.0,0.11103013967218611,0.044075564742986906,0.0330501448265903,6.88207073835656e-05,6.628246774198487e-05,2.3213438907987438e-05
ray_gpis_hit_only,Corner,9,0,2,minus_x,minus_x,0.15474972950055876,0.15474972950055876,0.0,1.0,1.0,0.15474972950055876,0.07292280443106836,0.023544519012042464,8.022954716579989e-05,5.281758421915583e-05,3.3565855119377375e-05
ray_gpis_hit_only,Corner,9,0,3,minus_x,minus_x,0.08898215876405313,0.08898215876405313,0.0,1.0,0.5,0.08898215876405313,0.018142150847909044,0.07318295032738609,5.098389374325052e-05,4.551483289105818e-05,4.137240466661751e-05
ray_gpis_hit_only,Corner,9,0,4,plus_z,minus_x,0.026095102049485508,0.04444150254379997,0.018346400494314463,0.0,-0.5,0.04444150254379997,0.023871663787846997,0.026095102049485508,2.8563630621647462e-05,2.971177855215501e-05,2.9812346838298254e-05
ray_gpis_hit_only,Corner,10,0,0,minus_x,plus_z,0.03981895539442187,0.07399306423023339,0.03417410883581151,0.0,-1.0,0.03981895539442187,0.07214352881393965,0.07399306423023339,9.071814565686509e-05,7.405627547996119e-05,4.93152292619925e-05
ray_gpis_hit_only,Corner,10,0,1,minus_x,minus_x,0.06849491720735257,0.06849491720735257,0.0,1.0,0.5,0.06849491720735257,0.0329563587208751,0.046174459571980186,0.00011210659431526437,8.043159323278815e-05,6.263406248763204e-05
ray_gpis_hit_only,Corner,10,0,2,minus_x,minus_x,0.10657313238078925,0.10657313238078925,0.0,1.0,1.0,0.10657313238078925,0.022137920247190634,0.0036371619757612494,0.00010267338075209409,6.940650928299874e-05,5.8406581956660375e-05
ray_gpis_hit_only,Corner,10,0,3,minus_x,minus_x,0.130962139380415,0.130962139380415,0.0,1.0,0.5,0.130962139380415,0.008976953449286063,0.0686458721041524,9.139211033470929e-05,4.9915415729628876e-05,4.940526559948921e-05
ray_gpis_hit_only,Corner,10,0,4,minus_x,minus_x,0.04408769009062552,0.04408769009062552,0.0,1.0,1.0,0.04408769009062552,0.003499653430193761,0.015849407512328773,5.609481377177872e-05,3.451309385127388e-05,4.985893610864878e-05
ray_gpis_hit_only,Corner,5,0,0,minus_y,minus_x,0.12490447367851476,0.3143362200826016,0.18943174640408683,0.0,-0.5,0.3143362200826016,0.12490447367851476,0.17968442046423072,7.259105041157454e-05,8.313015860039741e-05,7.230180926853791e-05
ray_gpis_hit_only,Corner,5,0,1,minus_x,minus_x,0.15562637035496402,0.15562637035496402,0.0,1.0,1.0,0.15562637035496402,0.0729231813302969,0.034814088760321826,0.00011496175284264609,5.7565175666240975e-05,3.674238905659877e-05
ray_gpis_hit_only,Corner,5,0,2,minus_x,minus_x,0.12489983751112665,0.12489983751112665,0.0,1.0,0.5,0.12489983751112665,0.07842693522718991,0.08401035103493504,7.48768070479855e-05,4.122110112803057e-05,3.940150054404512e-05
ray_gpis_hit_only,Corner,5,0,3,minus_y,minus_x,0.034209608882285636,0.07916568576946226,0.04495607688717662,0.0,-0.5,0.07916568576946226,0.034209608882285636,0.04274118541129701,3.939653470297344e-05,5.470434916787781e-05,3.7713027268182486e-05
ray_gpis_hit_only,Corner,5,0,4,minus_x,plus_z,-0.02453122740468261,-0.007800598736968034,0.016730628667714575,0.0,-0.5,-0.02453122740468261,-0.025274752164384018,-0.007800598736968034,4.7606728912796825e-05,4.700553108705208e-05,3.614212982938625e-05
ray_gpis_hit_only,Corner,11,0,0,minus_x,minus_y,0.054580248117484076,0.08324345049235271,0.028663202374868635,0.0,0.5,0.054580248117484076,0.08324345049235271,0.03534793510426493,6.337616650853306e-05,5.263831917545758e-05,3.309224848635495e-05
ray_gpis_hit_only,Corner,11,0,1,minus_x,minus_y,0.012585975801167937,0.03806532322280254,0.0254793474216346,0.0,0.5,0.012585975801167937,0.03806532322280254,0.002665651644945477,7.975663902470842e-05,6.17629339103587e-05,2.5368091883137822e-05
ray_gpis_hit_only,Corner,11,0,2,minus_x,minus_x,0.14498407339851627,0.14498407339851627,0.0,1.0,0.5,0.14498407339851627,0.059632125799090274,0.06038218849307431,9.185679664369673e-05,7.389912207145244e-05,2.6969515602104366e-05
ray_gpis_hit_only,Corner,11,0,3,minus_y,minus_x,0.10480750703138053,0.1086843007491376,0.0038767937177570655,0.0,0.5,0.1086843007491376,0.10480750703138053,0.07415631159158753,9.72371781244874e-05,0.00011833268217742443,3.4943222999572754e-05
ray_gpis_hit_only,Corner,11,0,4,minus_x,minus_y,0.07013343954985163,0.08406672614762323,0.0139332865977716,0.0,0.5,0.07013343954985163,0.08406672614762323,0.05974261991212215,6.889455835334957e-05,4.1798022721195593e-05,3.661423033918254e-05
ray_gpis_hit_only,Corner,0,0,0,minus_x,minus_x,0.18238136352028078,0.18238136352028078,0.0,1.0,0.5,0.18238136352028078,0.06741428798588733,0.08183072001868447,1.8859909687307663e-05,1.8496770280762576e-05,1.777125544322189e-05
ray_gpis_hit_only,Corner,0,0,1,minus_x,minus_x,0.18569419165183437,0.18569419165183437,0.0,1.0,0.5,0.18569419165183437,0.18038550178771934,0.13106963459472537,0.00016520782082807273,5.443922054837458e-05,7.346089842030779e-05
ray_gpis_hit_only,Corner,0,0,2,minus_x,minus_x,0.10985144834689042,0.10985144834689042,0.0,1.0,0.5,0.10985144834689042,0.014112986287710405,0.09558070245004269,9.15528362384066e-05,4.217940295347944e-05,3.2568459573667496e-05
ray_gpis_hit_only,Corner,0,0,3,minus_x,minus_x,0.06704594975114742,0.06704594975114742,0.0,1.0,0.5,0.06704594975114742,0.02630109627213617,0.043782183742208214,5.592414163402282e-05,3.2855354220373556e-05,3.0667593819089234e-05
ray_gpis_hit_only,Corner,0,0,4,minus_x,plus_z,0.013514076339290249,0.021585953137860936,0.008071876798570687,0.0,-0.5,0.013514076339290249,0.019692516844893593,0.021585953137860936,4.5092732761986554e-05,3.2679326977813616e-05,4.426757732289843e-05
ray_gpis_hit_only,L_Shaped,8,0,0,minus_y,plus_z,0.19070432424295808,0.3192274598082589,0.12852313556530082,0.0,-0.8660254037844387,0.21257641220857876,0.19070432424295808,0.3192274598082589,2.4504837710992433e-05,2.4504837710992433e-05,2.4092365492833778e-05
ray_gpis_hit_only,L_Shaped,8,0,1,minus_x,minus_x,0.05431330788243183,0.05431330788243183,0.0,1.0,0.5,0.05431330788243183,0.00926925346639218,0.030952031659905788,6.0527385358000174e-05,5.6448945542797446e-05,2.8411166567821056e-05
ray_gpis_hit_only,L_Shaped,8,0,2,minus_x,minus_x,0.10298927897624544,0.10298927897624544,0.0,1.0,1.0,0.10298927897624544,0.07431452918270787,0.021616289979653258,6.350588955683634e-05,4.6185406972654164e-05,3.212797673768364e-05
ray_gpis_hit_only,L_Shaped,8,0,3,minus_y,minus_x,0.06515536635764241,0.13613884031547696,0.07098347395783455,0.0,0.5,0.13613884031547696,0.06515536635764241,0.028268548209714472,5.2402352594072e-05,6.68004504404962e-05,3.09724455291871e-05
ray_gpis_hit_only,L_Shaped,8,0,4,minus_x,minus_x,0.10143132463499249,0.10143132463499249,0.0,1.0,0.5,0.10143132463499249,0.07814939919997022,0.027050244417244462,5.558871271205135e-05,4.518621790339239e-05,4.585435090120882e-05
ray_gpis_hit_only,L_Shaped,13,0,0,minus_x,plus_z,0.036914111661208504,0.054828670296239834,0.01791455863503133,0.0,-1.0,0.036914111661208504,0.05281728835559707,0.054828670296239834,2.0705965653178282e-05,2.0570349079207517e-05,2.024836794589646e-05
ray_gpis_hit_only,L_Shaped,13,0,1,minus_x,minus_x,0.09428812393996078,0.09428812393996078,0.0,1.0,1.0,0.09428812393996078,0.03442084332656581,0.054937710543247587,0.00016692327335476875,3.453881072346121e-05,4.256162719684653e-05
ray_gpis_hit_only,L_Shaped,13,0,2,minus_x,plus_z,0.020398099740472575,0.04709438972021873,0.026696289979746157,0.0,-0.5,0.020398099740472575,0.0076633237524208475,0.04709438972021873,0.00018694784375838935,5.302355202729814e-05,3.638937050709501e-05
ray_gpis_hit_only,L_Shaped,13,0,3,minus_x,minus_y,0.06425409052221676,0.06876013301225892,0.004506042490042161,0.0,0.5,0.06425409052221676,0.06876013301225892,0.06138643769795615,0.00028388723148964345,6.436512194341049e-05,2.5540513888699934e-05
ray_gpis_hit_only,L_Shaped,13,0,4,minus_x,minus_x,0.0905359372422172,0.0905359372422172,0.0,1.0,1.0,0.0905359372422172,0.08736241924497623,0.03484534754899016,0.00016951224824879318,0.00014362714136950672,4.44414654339198e-05
ray_gpis_hit_only,L_Shaped,4,0,0,minus_x,minus_x,0.17581744295578883,0.17581744295578883,0.0,1.0,0.5,0.17581744295578883,0.1004991615630969,0.03018051628067575,4.990386514691636e-05,3.079954331042245e-05,3.5670505894813687e-05
ray_gpis_hit_only,L_Shaped,4,0,1,minus_x,minus_x,0.1934099197208149,0.1934099197208149,0.0,1.0,1.0,0.1934099197208149,0.01106753167519059,0.05342633650632067,7.125244883354753e-05,2.8846006898675114e-05,3.0223143767216243e-05
ray_gpis_hit_only,L_Shaped,4,0,2,minus_x,minus_y,0.011089544029718956,0.014577721129536814,0.0034881770998178574,0.0,-0.5,0.011089544029718956,0.014577721129536814,0.007988157881244073,3.605441816034727e-05,2.97782571578864e-05,3.2142641430255026e-05
ray_gpis_hit_only,L_Shaped,4,0,3,plus_z,minus_x,0.02833129122972644,0.07169941740576213,0.04336812617603569,0.0,-0.5,0.07169941740576213,0.023301622661814014,0.02833129122972644,3.4722637792583555e-05,3.574779839254916e-05,3.820182246272452e-05
ray_gpis_hit_only,L_Shaped,4,0,4,plus_z,minus_x,0.029791024645254183,0.04050429662542976,0.010713271980175576,0.0,-1.0,0.04050429662542976,0.03353215315819846,0.029791024645254183,3.1983177905203775e-05,3.358442336320877e-05,3.732282857527025e-05
ray_gpis_hit_only,L_Shaped,1,0,0,minus_x,minus_y,-0.037789355792199386,0.028782638054236753,0.06657199384643614,0.0,-1.0,-0.037789355792199386,0.028782638054236753,0.010560897679591452,0.0001031789361150004,4.359199010650627e-05,4.76127170259133e-05
ray_gpis_hit_only,L_Shaped,1,0,1,minus_x,minus_x,0.2061871029701633,0.2061871029701633,0.0,1.0,0.5,0.2061871029701633,0.053374884354408736,0.12641912728889693,2.0493687770795077e-05,2.0421595763764344e-05,2.0208175556035712e-05
ray_gpis_hit_only,L_Shaped,1,0,2,minus_x,minus_x,0.04520553699851393,0.04520553699851393,0.0,1.0,1.0,0.04520553699851393,0.04055483431394524,0.04339644081425276,2.343885353184305e-05,2.32397869694978e-05,2.3330490876105614e-05
ray_gpis_hit_only,L_Shaped,1,0,3,minus_x,minus_x,0.09158212016765321,0.09158212016765321,0.0,1.0,0.5,0.09158212016765321,0.022888537817500332,0.008653625290485079,5.719027467421256e-05,3.0169705496518873e-05,4.643809370463714e-05
ray_gpis_hit_only,L_Shaped,1,0,4,minus_y,minus_x,0.04499256098590687,0.07896571317861201,0.033973152192705136,0.0,-0.8660254037844387,0.07896571317861201,0.04499256098590687,0.06373425178240721,1.3737738299823832e-05,1.3739197129325476e-05,1.3739197129325476e-05
ray_gpis_hit_only,L_Shaped,12,0,0,minus_x,minus_y,-0.024848011414316806,0.016952660432518307,0.041800671846835113,0.0,-0.5,-0.024848011414316806,0.016952660432518307,0.01303589606336314,4.555112900561653e-05,4.174368586973287e-05,4.0497834561392665e-05
ray_gpis_hit_only,L_Shaped,12,0,1,plus_z,minus_x,0.1511942999012707,0.22544315322197,0.0742488533206993,0.0,0.5,0.22544315322197,0.07604676448283199,0.1511942999012707,7.113180618034676e-05,5.777642218163237e-05,7.329550862777978e-05
ray_gpis_hit_only,L_Shaped,12,0,2,minus_y,minus_x,0.04873245721943975,0.10115270014462852,0.052420242925188765,0.0,0.5,0.10115270014462852,0.04873245721943975,0.018664516680274468,5.838602737640031e-05,0.00010362729517510161,2.7523874450707808e-05
ray_gpis_hit_only,L_Shaped,12,0,3,minus_y,minus_x,0.06368442455696777,0.07909035208238024,0.015405927525412477,0.0,-0.5,0.07909035208238024,0.06368442455696777,0.07538590322625949,6.939504237379879e-05,8.28262054710649e-05,3.052928514080122e-05
ray_gpis_hit_only,L_Shaped,12,0,4,minus_y,plus_z,0.01737680616997972,0.10087735416971366,0.08350054799973394,0.0,-1.0,0.06502627316690313,0.01737680616997972,0.10087735416971366,4.412862836034037e-05,4.65976627310738e-05,2.34464187087724e-05
ray_gpis_hit_only,L_Shaped,7,0,0,minus_x,minus_y,0.14741071125683436,0.1548190039438178,0.007408292686983453,0.0,0.5,0.14741071125683436,0.1548190039438178,0.10706851823527047,3.426534021855332e-05,3.407683107070625e-05,3.2363950595026836e-05
ray_gpis_hit_only,L_Shaped,7,0,1,minus_y,minus_x,0.18152899057088578,0.2417290218727366,0.06020003130185081,0.0,0.5,0.2417290218727366,0.18152899057088578,0.044174779651405094,7.06939899828285e-05,7.747169001959264e-05,2.9443537641782314e-05
ray_gpis_hit_only,L_Shaped,7,0,2,minus_y,minus_x,0.05852944168341234,0.1766673221106736,0.11813788042726125,0.0,0.5,0.1766673221106736,0.05852944168341234,0.024074995750561823,7.520930375903845e-05,8.371855801669881e-05,3.702389221871272e-05
ray_gpis_hit_only,L_Shaped,7,0,3,minus_x,minus_x,0.13334238149100452,0.13334238149100452,0.0,1.0,1.0,0.13334238149100452,0.03217432197036063,0.031892691817687835,8.657290891278535e-05,8.2197948358953e-05,2.4757677238085307e-05
ray_gpis_hit_only,L_Shaped,7,0,4,minus_y,minus_x,0.02368637206113322,0.037479701617672445,0.013793329556539224,0.0,0.5,0.037479701617672445,0.02368637206113322,0.005647507631956761,4.2507192119956017e-05,4.68634461867623e-05,2.3477241484215483e-05
ray_gpis_hit_only,L_Shaped,14,0,0,minus_x,minus_x,0.1539691866958116,0.1539691866958116,0.0,1.0,0.5,0.1539691866958116,0.05651501805350467,0.09140569359850559,1.738486207614187e-05,1.733310637064278e-05,1.682040783634875e-05
ray_gpis_hit_only,L_Shaped,14,0,1,minus_x,minus_x,0.18255254090317885,0.18255254090317885,0.0,1.0,1.0,0.18255254090317885,0.09498818503886475,0.09094376278777272,9.780852997209877e-05,5.431913086795248e-05,4.320830339565873e-05
ray_gpis_hit_only,L_Shaped,14,0,2,minus_x,minus_x,0.05737105439589962,0.05737105439589962,0.0,1.0,1.0,0.05737105439589962,0.020236307570110967,0.015745579681765043,4.3713989725802094e-05,2.6322904886910692e-05,2.3217155103338882e-05
ray_gpis_hit_only,L_Shaped,14,0,3,minus_x,minus_x,0.04841487853189841,0.04841487853189841,0.0,1.0,1.0,0.04841487853189841,0.012991279315981652,0.033526173819067195,3.4908745874417946e-05,3.0295528631540947e-05,3.059697701246478e-05
ray_gpis_hit_only,L_Shaped,14,0,4,minus_y,minus_x,0.006679166891462862,0.023664173708043412,0.01698500681658055,0.0,-0.5,0.023664173708043412,0.006679166891462862,0.0161621725991421,2.8310081688687205e-05,2.943829349533189e-05,2.4727431082283147e-05
ray_gpis_hit_only,L_Shaped,2,0,0,plus_z,plus_z,0.10683842954970824,0.10683842954970824,0.0,1.0,0.0,0.09943172046466436,0.09523358948656951,0.10683842954970824,1.584917185937229e-06,1.5886023447819753e-06,1.5886023447819753e-06
ray_gpis_hit_only,L_Shaped,2,0,1,minus_x,minus_y,0.04609177878178211,0.04821253898375938,0.0021207602019772676,0.0,-0.5,0.04609177878178211,0.04821253898375938,0.042246012829728896,3.868621661240468e-06,3.85600833396893e-06,3.85867087970837e-06
ray_gpis_hit_only,L_Shaped,2,0,2,minus_x,minus_x,0.06776460281998342,0.06776460281998342,0.0,1.0,1.0,0.06776460281998342,0.033914095361544216,0.015306025750286278,2.449968690143578e-07,2.432909695926355e-07,2.401241374627716e-07
ray_gpis_hit_only,L_Shaped,2,0,3,minus_x,minus_x,0.12388998830010811,0.12388998830010811,0.0,1.0,1.0,0.12388998830010811,0.03232121429349066,0.018366364058165163,8.492404958815314e-06,8.369341230718419e-06,8.212220564018935e-06
ray_gpis_hit_only,L_Shaped,2,0,4,minus_x,minus_y,0.07719725168726288,0.07804280035881361,0.0008455486715507332,0.0,0.5,0.07719725168726288,0.07804280035881361,0.00278610887338826,7.611662294948474e-05,7.574349001515657e-05,2.909428258135449e-05
ray_gpis_hit_only,L_Shaped,6,0,0,minus_y,minus_x,0.08721958993581358,0.08910691303384194,0.0018873230980283595,0.0,0.5,0.08910691303384194,0.08721958993581358,0.05845648456910846,4.653920768760145e-05,5.592363595496863e-05,3.4518001484684646e-05
ray_gpis_hit_only,L_Shaped,6,0,1,minus_y,minus_x,0.08125982194454329,0.10463595942623927,0.02337613748169598,0.0,0.5,0.10463595942623927,0.08125982194454329,-0.000756629558924804,4.5118049456505105e-05,8.962129504652694e-05,3.5863809898728505e-05
ray_gpis_hit_only,L_Shaped,6,0,2,minus_x,minus_y,0.03719190392973326,0.14374309181172595,0.10655118788199269,0.0,-0.5,0.03719190392973326,0.14374309181172595,0.04389073214732575,5.111266364110634e-05,4.994311530026607e-05,2.5776946131372824e-05
ray_gpis_hit_only,L_Shaped,6,0,3,minus_y,minus_y,0.12101470057407415,0.12101470057407415,0.0,1.0,1.0,0.09304163285242151,0.12101470057407415,0.03974163102018735,5.7820921938400716e-05,5.9929458075203e-05,2.503430368960835e-05
ray_gpis_hit_only,L_Shaped,6,0,4,minus_y,minus_x,0.03751959461143817,0.06598167730067706,0.028462082689238888,0.0,-0.5,0.06598167730067706,0.03751959461143817,0.06517720262819304,4.9341102567268535e-05,5.262188278720714e-05,2.4984457922982983e-05
ray_gpis_hit_only,L_Shaped,3,0,0,minus_x,minus_y,0.042684291259657836,0.06459730210416198,0.021913010844504144,0.0,-0.5,0.042684291259657836,0.06459730210416198,0.05727292809613954,5.369787686504424e-06,5.367886842577718e-06,5.2797486205236055e-06
ray_gpis_hit_only,L_Shaped,3,0,1,minus_x,minus_y,0.06831702739908674,0.102994796051748,0.034677768652661256,0.0,-0.5,0.06831702739908674,0.102994796051748,0.09338035602848738,3.270195520599373e-05,3.262449536123313e-05,3.096771251875907e-05
ray_gpis_hit_only,L_Shaped,3,0,2,minus_x,minus_x,0.057982587030212085,0.057982587030212085,0.0,1.0,1.0,0.057982587030212085,0.020010527068097805,0.013436668071854174,9.99424300971441e-05,6.497479625977576e-05,4.443036232260056e-05
ray_gpis_hit_only,L_Shaped,3,0,3,minus_x,minus_x,0.12588263229388208,0.12588263229388208,0.0,1.0,0.5,0.12588263229388208,0.009869763497144302,0.0724665965480219,0.00014106142043601722,0.00012187659012852237,3.278380609117448e-05
ray_gpis_hit_only,L_Shaped,3,0,4,minus_y,minus_y,0.07392490688885345,0.07392490688885345,0.0,1.0,1.0,0.06539470072910758,0.07392490688885345,0.052065552837977536,9.967578807845712e-05,0.00011641898890957236,4.716309194918722e-05
ray_gpis_hit_only,L_Shaped,9,0,0,minus_x,minus_x,0.09351730382853995,0.09351730382853995,0.0,1.0,1.0,0.09351730382853995,0.08852270037864829,0.03927481475392114,3.1735505672259023e-06,3.167276418025722e-06,3.12302745442139e-06
ray_gpis_hit_only,L_Shaped,9,0,1,minus_x,minus_x,0.12643093808248596,0.12643093808248596,0.0,1.0,1.0,0.12643093808248596,0.06372161718799829,0.02943773918163084,7.247595203807577e-05,5.258211604086682e-05,3.5891618608729914e-05
ray_gpis_hit_only,L_Shaped,9,0,2,minus_x,minus_y,0.018459749942881465,0.028224574313638118,0.009764824370756653,0.0,-0.5,0.018459749942881465,0.028224574313638118,0.02614637030096212,7.020209159236401e-05,4.039984560222365e-05,3.7381389120128006e-05
ray_gpis_hit_only,L_Shaped,9,0,3,minus_x,minus_x,0.1542283901072541,0.1542283901072541,0.0,1.0,0.5,0.1542283901072541,0.06099681827421677,0.07094411460820294,9.696805500425398e-05,6.300704262685031e-05,3.664500400191173e-05
ray_gpis_hit_only,L_Shaped,9,0,4,minus_x,minus_y,0.032851867490968134,0.04324276313510633,0.010390895644138198,0.0,-0.5,0.032851867490968134,0.04324276313510633,0.035000790235923285,3.49238034687005e-05,2.7171228794031776e-05,2.433017834846396e-05
ray_gpis_hit_only,L_Shaped,10,0,0,minus_x,minus_y,0.20365583768353462,0.210290834713514,0.006634997029979384,0.0,0.5,0.20365583768353462,0.210290834713514,0.11942792231125121,7.823115993232932e-06,7.590441782667767e-06,7.461298991984222e-06
ray_gpis_hit_only,L_Shaped,10,0,1,minus_y,minus_x,0.07321976730276702,0.07570829444839733,0.0024885271456303037,0.0,0.5,0.07570829444839733,0.07321976730276702,0.05266732375666161,4.8890968173509464e-05,5.895897629670799e-05,4.1586979932617396e-05
ray_gpis_hit_only,L_Shaped,10,0,2,minus_y,minus_x,0.04830592521138877,0.15241169324447779,0.10410576803308902,0.0,-0.5,0.15241169324447779,0.04830592521138877,0.04969490252526032,6.80484008626081e-05,6.885983748361468e-05,4.05230930482503e-05
ray_gpis_hit_only,L_Shaped,10,0,3,minus_x,minus_x,0.07737573773106088,0.07737573773106088,0.0,1.0,1.0,0.07737573773106088,0.07288027808479758,0.02113397117285798,5.41867375432048e-05,4.7751134843565524e-05,3.8533071347046643e-05
ray_gpis_hit_only,L_Shaped,10,0,4,minus_y,minus_x,0.07402240596234932,0.10794929663468067,0.033926890672331345,0.0,0.5,0.10794929663468067,0.07402240596234932,0.02343910067603794,4.645755689125508e-05,8.223964687203988e-05,2.57698538916884e-05
ray_gpis_hit_only,L_Shaped,5,0,0,minus_y,minus_x,0.12003739222416476,0.19151975137535454,0.07148235915118978,0.0,0.8660254037844387,0.19151975137535454,0.12003739222416476,0.10273020082653117,2.0558359210554045e-06,2.0558359210554045e-06,2.0505926840996835e-06
ray_gpis_hit_only,L_Shaped,5,0,1,minus_y,plus_z,0.0638769848064073,0.06642083678062033,0.0025438519742130294,0.0,-0.5,0.03269001934620941,0.0638769848064073,0.06642083678062033,4.1780243918765336e-05,0.00010399238090030849,3.642961382865906e-05
ray_gpis_hit_only,L_Shaped,5,0,2,minus_y,minus_x,0.008073611262923719,0.12189303475690283,0.11381942349397911,0.0,-0.5,0.12189303475690283,0.008073611262923719,0.04022860110330284,5.557342592510395e-05,0.00010971019219141454,3.545512299751863e-05
ray_gpis_hit_only,L_Shaped,5,0,3,minus_y,plus_z,0.07074111315408638,0.11524643312704264,0.04450531997295626,0.0,-1.0,0.08960120577661268,0.07074111315408638,0.11524643312704264,8.803548553260043e-05,0.00013250096526462585,4.7446064854739234e-05
ray_gpis_hit_only,L_Shaped,5,0,4,minus_x,minus_x,0.11669210319094803,0.11669210319094803,0.0,1.0,0.5,0.11669210319094803,0.07459931523265395,0.0817466803031568,0.00010160668898606673,9.613730071578175e-05,4.3597505282377824e-05
ray_gpis_hit_only,L_Shaped,11,0,0,minus_x,minus_x,0.21969922475078624,0.21969922475078624,0.0,1.0,1.0,0.21969922475078624,0.1747982753816148,0.14649153734072135,5.689038516720757e-05,4.7852005081949756e-05,3.118004678981379e-05
ray_gpis_hit_only,L_Shaped,11,0,1,minus_y,minus_x,0.05245340095825035,0.0733533730608249,0.02089997210257455,0.0,-0.5,0.0733533730608249,0.05245340095825035,0.05582229937787775,5.617500937660225e-05,8.567262557335198e-05,2.3863402020651847e-05
ray_gpis_hit_only,L_Shaped,11,0,2,minus_x,minus_x,0.050591807503036934,0.050591807503036934,0.0,1.0,1.0,0.050591807503036934,0.020407931342046326,0.006354787623579772,8.519714174326509e-05,7.208695751614869e-05,3.0574312404496595e-05
ray_gpis_hit_only,L_Shaped,11,0,3,minus_y,minus_x,0.013385819562480084,0.04798145525494413,0.034595635692464044,0.0,-0.5,0.04798145525494413,0.013385819562480084,0.022185280145677,7.225944864330813e-05,7.66961820772849e-05,7.105099939508364e-05
ray_gpis_hit_only,L_Shaped,11,0,4,minus_x,minus_x,0.17437628788669346,0.17437628788669346,0.0,1.0,0.5,0.17437628788669346,0.021804197423745175,0.03414466236770075,8.524071017745882e-05,4.9774189392337576e-05,3.7428922951221466e-05
ray_gpis_hit_only,L_Shaped,0,0,0,minus_x,minus_x,0.2934949391944188,0.2934949391944188,0.0,1.0,0.5,0.2934949391944188,0.2779810073283847,0.2589702829598304,5.200027590035461e-05,4.2183473851764575e-05,4.489940693019889e-05
ray_gpis_hit_only,L_Shaped,0,0,1,minus_x,minus_y,0.034269485410411804,0.10510107215854192,0.07083158674813012,0.0,-1.0,0.034269485410411804,0.10510107215854192,0.06993108712454521,1.5536386854364537e-05,1.5478935893042944e-05,1.551631976326462e-05
ray_gpis_hit_only,L_Shaped,0,0,2,minus_x,minus_x,0.15780860758928156,0.15780860758928156,0.0,1.0,0.5,0.15780860758928156,0.10261257242430338,0.09299165203249254,1.81816012627678e-05,1.8132050172425807e-05,1.8161652405979112e-05
ray_gpis_hit_only,L_Shaped,0,0,3,plus_z,minus_x,0.01774485494377953,0.152404568907631,0.13465971396385146,0.0,-0.5,0.152404568907631,0.028614865409817614,0.01774485494377953,1.217543649545405e-05,1.2149103895353619e-05,1.2177163625892717e-05
ray_gpis_hit_only,L_Shaped,0,0,4,minus_x,minus_x,0.1414517869101043,0.1414517869101043,0.0,1.0,1.0,0.1414517869101043,0.020689703327054665,0.03780193336602433,2.126607796526514e-05,2.1256268155411817e-05,2.12645700230496e-05
ray_gpis_hit_only,Cylinder,8,0,0,minus_x,minus_x,0.3285600388902348,0.3285600388902348,0.0,1.0,0.5,0.3285600388902348,0.21881434791626023,0.24594401893562953,1.58571401698282e-05,1.5581344996462576e-05,1.4780785932089202e-05
ray_gpis_hit_only,Cylinder,8,0,1,minus_x,minus_x,0.0771343320064572,0.0771343320064572,0.0,1.0,0.5,0.0771343320064572,0.03030457705787487,0.05492424912354227,8.577766129747033e-05,6.291253521339968e-05,2.73978803306818e-05
ray_gpis_hit_only,Cylinder,8,0,2,minus_x,minus_x,0.10951026726183766,0.10951026726183766,0.0,1.0,1.0,0.10951026726183766,0.1004361693795548,0.08194464849767902,4.9376965762348846e-05,2.836591738741845e-05,2.2519188860314898e-05
ray_gpis_hit_only,Cylinder,8,0,3,minus_x,minus_x,0.18790480519481345,0.18790480519481345,0.0,1.0,1.0,0.18790480519481345,0.023747526646332173,0.06100774207763815,5.286962914397009e-05,2.248164855700452e-05,3.354089494678192e-05
ray_gpis_hit_only,Cylinder,8,0,4,minus_y,minus_x,-0.0383344603959932,-0.03253607266695402,0.005798387729039178,0.0,-0.5,-0.03253607266695402,-0.0383344603959932,-0.045538940396468996,3.0489680284517817e-05,3.572725472622551e-05,3.082760304096155e-05
ray_gpis_hit_only,Cylinder,13,0,0,minus_x,minus_x,0.14912582370212946,0.14912582370212946,0.0,1.0,1.0,0.14912582370212946,0.08866416095864865,0.0789533437497264,9.31342856347328e-06,9.271811904909555e-06,8.891257493814919e-06
ray_gpis_hit_only,Cylinder,13,0,1,minus_x,minus_y,0.132851787757006,0.14587376304765454,0.013021975290648524,0.0,0.5,0.132851787757006,0.14587376304765454,0.09977049300728547,1.8426291717332788e-05,1.823981074267067e-05,1.7462762116338126e-05
ray_gpis_hit_only,Cylinder,13,0,2,minus_y,plus_z,0.01437189248799331,0.020582104992233785,0.0062102125042404754,0.0,-0.5,0.005858539760609238,0.01437189248799331,0.020582104992233785,5.819487341796048e-05,6.174933514557779e-05,2.4761298845987767e-05
ray_gpis_hit_only,Cylinder,13,0,3,minus_x,minus_x,0.19125950157411054,0.19125950157411054,0.0,1.0,0.5,0.19125950157411054,0.05263112011897286,0.09478476888380727,8.707014058018103e-05,6.655340257566422e-05,2.797171509882901e-05
ray_gpis_hit_only,Cylinder,13,0,4,minus_y,minus_x,0.04843145408365834,0.1494202388211069,0.10098878473744854,0.0,-0.5,0.1494202388211069,0.04843145408365834,0.09496308674602882,5.483832865138538e-05,6.289242446655408e-05,3.832375296042301e-05
ray_gpis_hit_only,Cylinder,4,0,0,minus_x,plus_z,0.03322552031824527,0.04870430965961581,0.015478789341370536,0.0,-1.0,0.03322552031824527,0.04293056800946149,0.04870430965961581,0.00013793332618661225,7.381987961707637e-05,3.676843334687874e-05
ray_gpis_hit_only,Cylinder,4,0,1,minus_x,minus_x,0.1841690818845899,0.1841690818845899,0.0,1.0,1.0,0.1841690818845899,0.11797173628374114,0.06134738528315076,0.00013088480045553297,6.370658229570836e-05,2.8098524126107804e-05
ray_gpis_hit_only,Cylinder,4,0,2,minus_x,plus_z,0.11797429375243951,0.11925930994392908,0.0012850161914895741,0.0,-0.5,0.11797429375243951,0.048758688106620984,0.11925930994392908,7.386830839095637e-05,6.828532787039876e-05,3.0442764909821562e-05
ray_gpis_hit_only,Cylinder,4,0,3,minus_y,minus_x,0.06446122567049328,0.13469860210725104,0.07023737643675776,0.0,0.5,0.13469860210725104,0.06446122567049328,0.00973401115537531,6.378657417371869e-05,8.055477519519627e-05,4.496939800446853e-05
ray_gpis_hit_only,Cylinder,4,0,4,minus_x,minus_x,0.05350427386996692,0.05350427386996692,0.0,1.0,0.5,0.05350427386996692,0.026169756761926455,0.00686715442851249,4.5587177737616e-05,3.9732909499434754e-05,3.989603646914475e-05
ray_gpis_hit_only,Cylinder,1,0,0,minus_y,minus_x,0.0521246974280542,0.1948993072945377,0.1427746098664835,0.0,0.5,0.1948993072945377,0.0521246974280542,0.013194768999994999,7.78043395257555e-05,8.032754703890532e-05,3.6240406188881025e-05
ray_gpis_hit_only,Cylinder,1,0,1,minus_x,minus_y,0.02712409530539439,0.08178789076759974,0.054663795462205345,0.0,0.5,0.02712409530539439,0.08178789076759974,0.0071613392593613545,9.143611532635987e-05,7.615604408783838e-05,2.7742504244088195e-05
ray_gpis_hit_only,Cylinder,1,0,2,minus_x,plus_z,0.014889654358293813,0.021614616299346134,0.006724961941052321,0.0,-0.5,0.014889654358293813,0.011588522713349758,0.021614616299346134,0.0001256226096302271,0.00010804344492498785,3.6279234336689115e-05
ray_gpis_hit_only,Cylinder,1,0,3,minus_x,minus_x,0.097105437384024,0.097105437384024,0.0,1.0,0.5,0.097105437384024,0.0029173928430197282,0.032020271661198585,0.00013487580872606486,0.00012654555030167103,4.5066284656059e-05
ray_gpis_hit_only,Cylinder,1,0,4,minus_y,minus_x,0.0407757633196697,0.1960867439631,0.1553109806434303,0.0,-1.0,0.1960867439631,0.0407757633196697,0.04779993496636159,7.09111409378238e-05,8.828313002595678e-05,7.764640031382442e-05
ray_gpis_hit_only,Cylinder,12,0,0,minus_x,minus_x,0.24080039879925702,0.24080039879925702,0.0,1.0,1.0,0.24080039879925702,0.17926818626945185,0.13311546726475698,1.6228957974817604e-05,1.5603083738824353e-05,1.4482135156868026e-05
ray_gpis_hit_only,Cylinder,12,0,1,minus_x,minus_x,0.045552149462712854,0.045552149462712854,0.0,1.0,1.0,0.045552149462712854,0.02081240384406441,0.013140763516423182,9.28289009607397e-05,4.196672671241686e-05,3.356598972459324e-05
ray_gpis_hit_only,Cylinder,12,0,2,minus_x,minus_x,0.015283290541049266,0.015283290541049266,0.0,1.0,1.0,0.015283290541049266,0.007102249197054156,0.0009304651615104076,0.00011746505333576351,4.8783676902530715e-05,3.4460386814316735e-05
ray_gpis_hit_only,Cylinder,12,0,3,minus_x,minus_x,0.12523587371146305,0.12523587371146305,0.0,1.0,0.5,0.12523587371146305,0.015976283882238596,0.03774677887725453,0.00011097935930592939,5.431316458270885e-05,4.496268229559064e-05
ray_gpis_hit_only,Cylinder,12,0,4,plus_z,minus_x,0.038126745987334565,0.10980658865531079,0.07167984266797622,0.0,0.5,0.10980658865531079,0.0031191373192333005,0.038126745987334565,0.00011115636880276725,6.32442461210303e-05,0.00011394315515644848
ray_gpis_hit_only,Cylinder,7,0,0,plus_z,minus_x,0.10929131638698286,0.15038329585953625,0.041091979472553386,0.0,-0.5,0.15038329585953625,0.03442561843004244,0.10929131638698286,7.998484943527728e-05,8.049407915677875e-05,8.608905773144215e-05
ray_gpis_hit_only,Cylinder,7,0,1,minus_y,minus_x,0.040286211085502566,0.0980190207648704,0.057732809679367836,0.0,0.5,0.0980190207648704,0.040286211085502566,0.0027506628167012215,0.00010930064308922738,0.00011035433999495581,7.036704482743517e-05
ray_gpis_hit_only,Cylinder,7,0,2,minus_x,minus_y,0.09113207059707945,0.12433589900117564,0.03320382840409619,0.0,-1.0,0.09113207059707945,0.12433589900117564,0.11879767732632857,6.79803270031698e-05,4.689917841460556e-05,5.480957042891532e-05
ray_gpis_hit_only,Cylinder,7,0,3,minus_x,minus_x,0.09771883993223485,0.09771883993223485,0.0,1.0,1.0,0.09771883993223485,0.05586972697114567,0.058508004055961904,6.656736513832584e-05,3.524653584463522e-05,3.83082551707048e-05
ray_gpis_hit_only,Cylinder,7,0,4,minus_x,minus_x,0.028909746666455627,0.028909746666455627,0.0,1.0,0.5,0.028909746666455627,0.02132625840377078,0.016731982111787724,8.372046431759372e-05,2.2672042177873664e-05,2.6831423383555375e-05
ray_gpis_hit_only,Cylinder,14,0,0,minus_y,minus_x,0.036834713537906016,0.07526808422634201,0.038433370688436,0.0,-0.5,0.07526808422634201,0.036834713537906016,0.0742673677344271,7.598090451210737e-05,0.00011655167327262461,3.541840487741865e-05
ray_gpis_hit_only,Cylinder,14,0,1,minus_y,minus_x,0.0760020314614479,0.23021992694934523,0.15421789548789733,0.0,0.5,0.23021992694934523,0.0760020314614479,0.050707797689694356,5.1080456614727154e-05,6.420082354452461e-05,3.4016691643046215e-05
ray_gpis_hit_only,Cylinder,14,0,2,minus_x,minus_x,0.011104701480686097,0.011104701480686097,0.0,1.0,1.0,0.011104701480686097,0.001888278762852913,-0.006082555128322398,6.541441689478233e-05,4.6063505578786135e-05,2.4707349439268e-05
ray_gpis_hit_only,Cylinder,14,0,3,minus_x,minus_x,0.25371630224562636,0.25371630224562636,0.0,1.0,1.0,0.25371630224562636,0.12812069280040117,0.05431703915325192,5.9075824538012967e-05,3.8702164602000266e-05,2.2596539565711282e-05
ray_gpis_hit_only,Cylinder,14,0,4,minus_x,minus_y,0.06308981481139853,0.06395985971286078,0.0008700449014622524,0.0,0.5,0.06308981481139853,0.06395985971286078,0.05224504138674224,5.025861173635349e-05,4.5038981625111774e-05,2.775130451482255e-05
ray_gpis_hit_only,Cylinder,2,0,0,minus_x,minus_y,0.029846918563457614,0.10103868522904003,0.07119176666558241,0.0,-0.5,0.029846918563457614,0.10103868522904003,0.07455596910681733,7.937124610180035e-05,6.730025779688731e-05,3.5872828448191285e-05
ray_gpis_hit_only,Cylinder,2,0,1,minus_x,plus_z,0.0683238495811071,0.0768122368118912,0.0084883872307841,0.0,-0.5,0.0683238495811071,0.04262683457327526,0.0768122368118912,7.101906521711498e-05,4.6235592890297994e-05,2.973643859149888e-05
ray_gpis_hit_only,Cylinder,2,0,2,minus_y,minus_x,0.13047833632526318,0.18121657378124856,0.05073823745598538,0.0,0.5,0.18121657378124856,0.13047833632526318,0.1077781446563647,5.953386425971985e-05,7.62540876166895e-05,3.6456738598644733e-05
ray_gpis_hit_only,Cylinder,2,0,3,minus_y,minus_y,0.08802174572012667,0.08802174572012667,0.0,1.0,0.5,0.04735451840357219,0.08802174572012667,0.05113298763583762,4.714495662483387e-05,7.279156125150621e-05,2.3764318029861897e-05
ray_gpis_hit_only,Cylinder,2,0,4,minus_x,minus_x,0.0934182984636528,0.0934182984636528,0.0,1.0,0.5,0.0934182984636528,0.029634676776792324,0.054602632150538066,4.474395245779306e-05,3.362634015502408e-05,2.4076487534330226e-05
ray_gpis_hit_only,Cylinder,6,0,0,minus_x,minus_x,0.12143067607032004,0.12143067607032004,0.0,1.0,1.0,0.12143067607032004,0.0700546616775049,0.04491549138476092,7.59747126721777e-05,6.476846465375274e-05,4.8601606977172196e-05
ray_gpis_hit_only,Cylinder,6,0,1,minus_y,minus_x,0.030792180886886844,0.06775697853688778,0.036964797650000936,0.0,0.5,0.06775697853688778,0.030792180886886844,0.005041012982112236,9.534594573779032e-05,9.974119166145101e-05,4.0013197576627135e-05
ray_gpis_hit_only,Cylinder,6,0,2,minus_x,minus_x,0.19113597998088627,0.19113597998088627,0.0,1.0,1.0,0.19113597998088627,0.0778860622374582,0.002215523903993488,6.812495121266693e-05,5.475289799505845e-05,2.3755155780236237e-05
ray_gpis_hit_only,Cylinder,6,0,3,minus_x,minus_x,0.10572506458215658,0.10572506458215658,0.0,1.0,1.0,0.10572506458215658,0.004713626443176855,8.404871844924777e-05,6.437606498366222e-05,4.1824438085313886e-05,2.4672031941008754e-05
ray_gpis_hit_only,Cylinder,6,0,4,plus_z,minus_x,0.026551838240786663,0.03211896818435822,0.005567129943571558,0.0,0.5,0.03211896818435822,0.01575202604072734,0.026551838240786663,3.946253127651289e-05,2.8062675482942723e-05,4.694288509199396e-05
ray_gpis_hit_only,Cylinder,3,0,0,minus_x,minus_x,0.1936040557415566,0.1936040557415566,0.0,1.0,0.5,0.1936040557415566,0.15352457548275067,0.16279629391557027,2.8151189326308668e-06,2.723596026044106e-06,2.6004920528066577e-06
ray_gpis_hit_only,Cylinder,3,0,1,minus_x,minus_x,0.29789894207022605,0.29789894207022605,0.0,1.0,0.5,0.29789894207022605,0.1444646321871933,0.19165851035988601,0.00010430315160192549,8.179277210729197e-05,5.72871467738878e-05
ray_gpis_hit_only,Cylinder,3,0,2,minus_x,plus_z,0.008523496177364809,0.04139590211966837,0.03287240594230356,0.0,-1.0,0.008523496177364809,0.015581727125247413,0.04139590211966837,5.382040762924589e-05,3.183567969244905e-05,3.081448812736198e-05
ray_gpis_hit_only,Cylinder,3,0,3,minus_x,plus_z,0.03990654752351508,0.06528938366275938,0.025382836139244302,0.0,0.5,0.03990654752351508,0.012372276805659443,0.06528938366275938,5.223771950113587e-05,3.116942025371827e-05,4.934142270940356e-05
ray_gpis_hit_only,Cylinder,3,0,4,minus_x,minus_x,0.08331027302496063,0.08331027302496063,0.0,1.0,1.0,0.08331027302496063,0.009577070797146203,0.06140969053827994,5.635678462567739e-05,3.409887358429842e-05,5.333950321073644e-05
ray_gpis_hit_only,Cylinder,9,0,0,minus_x,minus_x,0.05635288855552412,0.05635288855552412,0.0,1.0,1.0,0.05635288855552412,0.051093673291803254,0.045193934489280885,9.041958401212469e-05,7.483243098249659e-05,3.898929571732879e-05
ray_gpis_hit_only,Cylinder,9,0,1,minus_y,plus_z,0.01703385272959468,0.01774545547913875,0.0007116027495440713,0.0,-0.5,0.01571555823853188,0.01703385272959468,0.01774545547913875,7.300999277504161e-05,8.894365601008758e-05,2.8952703360118903e-05
ray_gpis_hit_only,Cylinder,9,0,2,minus_y,minus_x,0.022721587799830356,0.16314627480274413,0.14042468700291377,0.0,0.5,0.16314627480274413,0.022721587799830356,0.018834349323786803,0.00010337157436879352,0.00011848569556605071,4.176771471975371e-05
ray_gpis_hit_only,Cylinder,9,0,3,minus_y,minus_x,0.06815495677906214,0.12534850072946624,0.0571935439504041,0.0,0.5,0.12534850072946624,0.06815495677906214,0.059380354175886385,9.277522622141987e-05,9.8299169621896e-05,3.6862817069049925e-05
ray_gpis_hit_only,Cylinder,9,0,4,minus_y,minus_x,0.0598437480162517,0.08670329827441392,0.026859550258162224,0.0,0.5,0.08670329827441392,0.0598437480162517,-0.004690003332449844,9.025853796629235e-05,0.0001365390926366672,4.0499809983884916e-05
ray_gpis_hit_only,Cylinder,10,0,0,minus_y,minus_x,0.12373769364380521,0.12961833060390165,0.0058806369600964414,0.0,0.5,0.12961833060390165,0.12373769364380521,0.020521950542142064,6.0072194173699245e-05,6.611862045247108e-05,3.5051059967372566e-05
ray_gpis_hit_only,Cylinder,10,0,1,minus_x,minus_x,0.07876049580724387,0.07876049580724387,0.0,1.0,1.0,0.07876049580724387,0.02916341581220505,0.012982023462382308,7.521596853621304e-05,6.391735223587602e-05,4.024377994937822e-05
ray_gpis_hit_only,Cylinder,10,0,2,minus_x,minus_x,0.14325685740414795,0.14325685740414795,0.0,1.0,1.0,0.14325685740414795,0.03074065639112833,0.010645100628397408,8.813942258711904e-05,6.778669194318354e-05,2.3418371711159125e-05
ray_gpis_hit_only,Cylinder,10,0,3,minus_x,minus_x,0.12353944375529002,0.12353944375529002,0.0,1.0,0.5,0.12353944375529002,0.005077468628594817,0.0006324899614912338,7.406796794384718e-05,2.342473453609273e-05,3.263850885559805e-05
ray_gpis_hit_only,Cylinder,10,0,4,minus_x,minus_x,0.06508599919065361,0.06508599919065361,0.0,1.0,1.0,0.06508599919065361,0.00392780552927785,0.01866239076954057,4.287818228476681e-05,2.4621200282126665e-05,4.230286504025571e-05
ray_gpis_hit_only,Cylinder,5,0,0,minus_x,minus_x,0.24182355719527776,0.24182355719527776,0.0,1.0,1.0,0.24182355719527776,0.17935848494438994,0.10999192208279013,1.4139558516035322e-05,1.3882320672564674e-05,1.339741993433563e-05
ray_gpis_hit_only,Cylinder,5,0,1,minus_x,plus_z,0.016586312863408503,0.047000261201146754,0.03041394833773825,0.0,-1.0,0.016586312863408503,0.03764071835392624,0.047000261201146754,8.48569325171411e-05,5.851515379617922e-05,3.103930066572502e-05
ray_gpis_hit_only,Cylinder,5,0,2,minus_x,minus_x,0.08232373928567482,0.08232373928567482,0.0,1.0,1.0,0.08232373928567482,0.06369300607733785,0.045270464745053696,9.51180190895684e-05,6.382998253684491e-05,3.771065894397907e-05
ray_gpis_hit_only,Cylinder,5,0,3,minus_x,minus_x,0.1366432912242561,0.1366432912242561,0.0,1.0,1.0,0.1366432912242561,0.04596238202131786,0.11000809406523715,6.455106631619856e-05,3.764079883694649e-05,4.2412164475535974e-05
ray_gpis_hit_only,Cylinder,5,0,4,minus_x,minus_x,0.09312072492944012,0.09312072492944012,0.0,1.0,0.5,0.09312072492944012,0.04545422844066138,0.04826177798871678,4.2006744479294866e-05,3.916020432370715e-05,3.500669481582008e-05
ray_gpis_hit_only,Cylinder,11,0,0,minus_x,minus_x,0.09057607295149489,0.09057607295149489,0.0,1.0,0.5,0.09057607295149489,0.06154541053495405,0.06256997818365811,9.848540503298864e-05,6.002608279231936e-05,3.9148875657701865e-05
ray_gpis_hit_only,Cylinder,11,0,1,minus_x,plus_z,0.0845893318851818,0.11072159545594595,0.026132263570764147,0.0,-0.5,0.0845893318851818,0.03216890146236295,0.11072159545594595,0.00017602008301764727,9.318166848970577e-05,5.664493073709309e-05
ray_gpis_hit_only,Cylinder,11,0,2,minus_x,plus_z,0.07193464591359078,0.07726142487401222,0.005326778960421441,0.0,-0.5,0.07193464591359078,0.006598737171493729,0.07726142487401222,0.00010482974903425202,7.37618756829761e-05,5.122321454109624e-05
ray_gpis_hit_only,Cylinder,11,0,3,minus_x,minus_x,0.1329348957151647,0.1329348957151647,0.0,1.0,1.0,0.1329348957151647,0.0205544847971465,0.016696614258130515,0.00011488314339658245,5.748367038904689e-05,3.930015009245835e-05
ray_gpis_hit_only,Cylinder,11,0,4,minus_x,minus_x,0.09184890768982046,0.09184890768982046,0.0,1.0,1.0,0.09184890768982046,0.05227175920215532,0.03224997117259576,5.74250407225918e-05,4.251355494488962e-05,3.6089269997319207e-05
ray_gpis_hit_only,Cylinder,0,0,0,minus_x,minus_y,0.16363064851411052,0.2132968791263825,0.04966623061227199,0.0,0.5,0.16363064851411052,0.2132968791263825,0.06658408063245669,1.3652314919454511e-05,1.352054732706165e-05,1.2922553651151247e-05
ray_gpis_hit_only,Cylinder,0,0,1,minus_x,plus_z,-0.026928789578277268,-0.02015825123198356,0.0067705383462937085,0.0,-0.5,-0.026928789578277268,-0.04016590905602718,-0.02015825123198356,0.00011282154446234927,7.705206371610984e-05,3.284775448264554e-05
ray_gpis_hit_only,Cylinder,0,0,2,minus_x,minus_x,0.22501971824208006,0.22501971824208006,0.0,1.0,0.5,0.22501971824208006,0.17664537074148673,0.15069978373213716,6.950253737159073e-05,3.661630762508139e-05,4.1386399971088395e-05
ray_gpis_hit_only,Cylinder,0,0,3,minus_x,minus_x,0.04828115869055438,0.04828115869055438,0.0,1.0,1.0,0.04828115869055438,0.03913392327583631,0.040907874062455996,4.574614285957068e-05,4.198931128485128e-05,4.252681537764147e-05
ray_gpis_hit_only,Cylinder,0,0,4,minus_x,plus_z,0.0420770677081207,0.05031946957016231,0.008242401862041615,0.0,0.5,0.0420770677081207,0.014854657444749564,0.05031946957016231,4.702794103650376e-05,2.692196903808508e-05,4.286828334443271e-05
ray_gpis_hit_only,Cross,8,0,0,minus_x,plus_z,0.19098096589572933,0.2175882239441972,0.026607258048467863,0.0,-1.0,0.19098096589572933,0.19362288441340159,0.2175882239441972,1.4478501725534443e-05,1.4432453099288978e-05,1.429810254194308e-05
ray_gpis_hit_only,Cross,8,0,1,minus_x,minus_x,0.223374909558268,0.223374909558268,0.0,1.0,0.5,0.223374909558268,0.05846912541727206,0.09687085533041007,1.5473369785468094e-05,1.545761369925458e-05,1.5424995581270196e-05
ray_gpis_hit_only,Cross,8,0,2,minus_x,minus_x,0.07744560430330238,0.07744560430330238,0.0,1.0,1.0,0.07744560430330238,0.05010705944918936,0.0640435962673842,3.507864676066674e-05,2.4801145627861843e-05,2.9706301575060934e-05
ray_gpis_hit_only,Cross,8,0,3,minus_y,minus_x,0.038149907056995724,0.1033978683309622,0.06524796127396648,0.0,-0.5,0.1033978683309622,0.038149907056995724,0.05496954203381166,2.8959886549273506e-05,3.7289297324605286e-05,2.8717817258439027e-05
ray_gpis_hit_only,Cross,8,0,4,minus_x,minus_x,0.09025637927981645,0.09025637927981645,0.0,1.0,1.0,0.09025637927981645,0.030952889753050883,0.04861115507730163,3.156394814141095e-05,2.771864819806069e-05,2.903471795434598e-05
ray_gpis_hit_only,Cross,13,0,0,minus_x,minus_x,0.1172602941017773,0.1172602941017773,0.0,1.0,1.0,0.1172602941017773,0.06591231885609389,0.05491471132405357,1.5514851838815957e-05,1.5502149835810997e-05,1.537380740046501e-05
ray_gpis_hit_only,Cross,13,0,1,minus_x,minus_x,0.08177722155157119,0.08177722155157119,0.0,1.0,0.5,0.08177722155157119,0.02678510466614925,0.032753346531674166,5.234863783698529e-05,3.361443668836728e-05,2.3354079530690797e-05
ray_gpis_hit_only,Cross,13,0,2,minus_x,minus_x,0.13086353952642704,0.13086353952642704,0.0,1.0,1.0,0.13086353952642704,0.11043359044238066,0.10428290215441305,6.703670806018636e-05,5.517897443496622e-05,4.7488705604337156e-05
ray_gpis_hit_only,Cross,13,0,3,minus_x,minus_x,0.11031234326833494,0.11031234326833494,0.0,1.0,1.0,0.11031234326833494,0.05011968982643977,0.02421006117365332,5.7533892686478794e-05,4.768108556163497e-05,2.3356255042017438e-05
ray_gpis_hit_only,Cross,13,0,4,minus_x,minus_x,0.07819034109834966,0.07819034109834966,0.0,1.0,1.0,0.07819034109834966,0.04770443914124167,0.041668350335424154,4.468301631277427e-05,4.248824916430749e-05,3.332603591843508e-05
ray_gpis_hit_only,Cross,4,0,0,minus_y,minus_x,0.2978653276231875,0.3661094343546895,0.068244106731502,0.0,0.5,0.3661094343546895,0.2978653276231875,0.19388637502994482,5.752721335738897e-05,5.776984471594915e-05,2.6804907975019887e-05
ray_gpis_hit_only,Cross,4,0,1,minus_x,minus_x,0.12279125556989101,0.12279125556989101,0.0,1.0,1.0,0.12279125556989101,0.10343957069089343,0.07123223536036083,1.3574239346780814e-05,1.3572057468991261e-05,1.3488174772646744e-05
ray_gpis_hit_only,Cross,4,0,2,minus_x,minus_x,0.04005998090529289,0.04005998090529289,0.0,1.0,1.0,0.04005998090529289,0.004637146326162467,-0.011094809488730262,1.5669133063056506e-05,1.566347236803267e-05,1.5624973457306623e-05
ray_gpis_hit_only,Cross,4,0,3,minus_x,plus_z,0.09554133551928456,0.09785784805890718,0.002316512539622617,0.0,0.5,0.09554133551928456,0.08118862321566667,0.09785784805890718,1.4768715118407272e-05,1.4748021385457832e-05,1.476712350267917e-05
ray_gpis_hit_only,Cross,4,0,4,minus_x,minus_x,0.11028227359454312,0.11028227359454312,0.0,1.0,1.0,0.11028227359454312,0.048015847814736,0.0751449628570986,4.048364644404501e-05,2.3123377104639076e-05,2.920989390986506e-05
ray_gpis_hit_only,Cross,1,0,0,minus_x,minus_x,0.16277240221627193,0.16277240221627193,0.0,1.0,0.5,0.16277240221627193,0.09913506264666794,0.11050257179292938,4.994052869733423e-05,3.8558238884434104e-05,3.288311927462928e-05
ray_gpis_hit_only,Cross,1,0,1,minus_x,minus_x,0.12349349817896604,0.12349349817896604,0.0,1.0,1.0,0.12349349817896604,0.05051596708683792,0.07141596763805413,0.00010963372187688947,3.1891449907561764e-05,3.3930817153304815e-05
ray_gpis_hit_only,Cross,1,0,2,minus_x,minus_x,0.0463431751246719,0.0463431751246719,0.0,1.0,0.5,0.0463431751246719,0.03076967318911472,0.0228619670092306,5.248680099612102e-05,2.6987388991983607e-05,5.1717866881517693e-05
ray_gpis_hit_only,Cross,1,0,3,minus_x,minus_y,0.09459982085176799,0.09976169214206398,0.005161871290295994,0.0,-0.5,0.09459982085176799,0.09976169214206398,0.09888554915092362,3.542692866176367e-05,2.5902812922140583e-05,2.447410224704072e-05
ray_gpis_hit_only,Cross,1,0,4,plus_z,minus_x,0.028345458228454135,0.032186930216404064,0.0038414719879499293,0.0,0.5,0.032186930216404064,0.02002145644756892,0.028345458228454135,2.7496222173795104e-05,2.532958023948595e-05,2.9070626624161378e-05
ray_gpis_hit_only,Cross,12,0,0,minus_x,minus_y,0.0736866103254748,0.09722732545498758,0.02354071512951278,0.0,0.5,0.0736866103254748,0.09722732545498758,0.07088686169494313,0.00012438320845831186,7.597672811243683e-05,2.8556820325320587e-05
ray_gpis_hit_only,Cross,12,0,1,minus_x,minus_x,0.12903543431978798,0.12903543431978798,0.0,1.0,1.0,0.12903543431978798,0.06589482900195648,0.056278671232885824,5.9480342315509915e-05,4.324477049522102e-05,2.4302669771714136e-05
ray_gpis_hit_only,Cross,12,0,2,minus_x,minus_x,0.18354032860829872,0.18354032860829872,0.0,1.0,0.5,0.18354032860829872,0.08879422685053351,0.04904578127364645,7.026594539638609e-05,4.286949842935428e-05,4.597697625285946e-05
ray_gpis_hit_only,Cross,12,0,3,plus_z,minus_y,0.027076599297344517,0.03398049823136262,0.0069038989340181045,0.0,-0.5,0.02536490425532345,0.03398049823136262,0.027076599297344517,3.2191041100304574e-05,2.925851549662184e-05,3.731027391040698e-05
ray_gpis_hit_only,Cross,12,0,4,plus_z,plus_z,-0.004915560331472668,-0.004915560331472668,0.0,1.0,1.0,-0.005127344762524744,-0.00979807946254141,-0.004915560331472668,3.814237788901664e-05,3.0644951038993895e-05,3.979883695137687e-05
ray_gpis_hit_only,Cross,7,0,0,minus_y,minus_x,0.14666184878950833,0.15774087688176902,0.01107902809226069,0.0,0.5,0.15774087688176902,0.14666184878950833,0.07933540921204069,6.366393790813163e-05,6.52158705634065e-05,2.49023887590738e-05
ray_gpis_hit_only,Cross,7,0,1,minus_x,minus_y,0.1119909733094514,0.19945879068719397,0.08746781737774256,0.0,0.5,0.1119909733094514,0.19945879068719397,0.036459948354221505,1.909325146698393e-05,1.9072011127718724e-05,1.8620106857270002e-05
ray_gpis_hit_only,Cross,7,0,2,minus_x,minus_y,0.09130122316843503,0.09275925034754084,0.0014580271791058141,0.0,0.5,0.09130122316843503,0.09275925034754084,0.03897734693209798,5.6337154092034325e-05,3.1297309760702774e-05,2.3497350412071683e-05
ray_gpis_hit_only,Cross,7,0,3,minus_x,minus_x,0.06699958398058392,0.06699958398058392,0.0,1.0,0.5,0.06699958398058392,0.01696684731056919,0.0127940586640376,5.958746260148473e-05,2.37826843658695e-05,4.442716817720793e-05
ray_gpis_hit_only,Cross,7,0,4,minus_x,minus_y,-0.06608475564454597,-0.052269295702432994,0.013815459942112973,0.0,-1.0,-0.06608475564454597,-0.052269295702432994,-0.061195101423265674,4.674206502386369e-05,2.327902075194288e-05,4.081084261997603e-05
ray_gpis_hit_only,Cross,14,0,0,minus_x,minus_x,0.20141391514479368,0.20141391514479368,0.0,1.0,1.0,0.20141391514479368,0.04322521374115368,0.03852188219501168,1.5272975360858254e-05,1.526129744888749e-05,1.4967423339840025e-05
ray_gpis_hit_only,Cross,14,0,1,minus_x,plus_z,0.03027229430913103,0.04476716322256835,0.01449486891343732,0.0,-1.0,0.03027229430913103,0.037063537003085734,0.04476716322256835,5.5258038628380746e-05,5.369008795241825e-05,2.3689439331064932e-05
ray_gpis_hit_only,Cross,14,0,2,minus_y,minus_y,0.07390203268444229,0.07390203268444229,0.0,1.0,0.5,0.016717734794192363,0.07390203268444229,0.030929565596361175,5.9910202253377065e-05,6.808561738580465e-05,3.0396238798857667e-05
ray_gpis_hit_only,Cross,14,0,3,minus_x,minus_y,0.03173732031345955,0.07162540337219336,0.039888083058733814,0.0,0.5,0.03173732031345955,0.07162540337219336,0.027079395864027633,5.3438852773979306e-05,5.046879596193321e-05,2.2965330572333187e-05
ray_gpis_hit_only,Cross,14,0,4,minus_x,minus_x,0.12149673739626066,0.12149673739626066,0.0,1.0,1.0,0.12149673739626066,0.04198606448292952,0.008604677907394165,5.758801125921309e-05,4.6186607505660504e-05,3.634003223851323e-05
ray_gpis_hit_only,Cross,2,0,0,minus_x,minus_x,0.2948871007894613,0.2948871007894613,0.0,1.0,1.0,0.2948871007894613,0.11736991874878372,0.08550499597316269,1.8082746464642696e-05,1.8054694010061212e-05,1.7901003957376815e-05
ray_gpis_hit_only,Cross,2,0,1,minus_x,minus_x,-0.023802800210713126,-0.023802800210713126,0.0,1.0,0.5,-0.023802800210713126,-0.02809942456043779,-0.025338153595417023,5.3862033382756636e-05,4.125008490518667e-05,2.3334339857683517e-05
ray_gpis_hit_only,Cross,2,0,2,minus_x,minus_x,0.05472816380621881,0.05472816380621881,0.0,1.0,0.5,0.05472816380621881,0.011880589287492693,0.01767023683493041,1.643167888687458e-05,1.6391453755204566e-05,1.63168315339135e-05
ray_gpis_hit_only,Cross,2,0,3,minus_x,minus_x,0.054402931572613,0.054402931572613,0.0,1.0,0.5,0.054402931572613,0.014999061372898082,0.008237851304577881,1.2175976735306904e-05,1.2124872228014283e-05,1.214999156218255e-05
ray_gpis_hit_only,Cross,2,0,4,minus_x,minus_x,0.09679852917274168,0.09679852917274168,0.0,1.0,1.0,0.09679852917274168,0.005233797999475764,0.012095531082688571,1.0500411008251831e-05,1.0462023965374101e-05,1.0483639016456436e-05
ray_gpis_hit_only,Cross,6,0,0,minus_x,minus_x,0.1504333831060654,0.1504333831060654,0.0,1.0,0.5,0.1504333831060654,0.043360861485333746,0.08580462801742922,7.234334043459967e-05,4.87277538923081e-05,3.3461052225902677e-05
ray_gpis_hit_only,Cross,6,0,1,minus_x,minus_x,0.23547676231376058,0.23547676231376058,0.0,1.0,1.0,0.23547676231376058,0.07305914600945629,0.05489429702231374,1.74688539118506e-05,1.7403972378815524e-05,1.7276888684136793e-05
ray_gpis_hit_only,Cross,6,0,2,minus_x,minus_x,0.04871626702836862,0.04871626702836862,0.0,1.0,0.5,0.04871626702836862,0.009996363303705347,0.023725221091741022,5.6538599892519414e-05,2.633299482113216e-05,2.4224242224590853e-05
ray_gpis_hit_only,Cross,6,0,3,minus_x,minus_y,0.023550583961964966,0.029624239696013577,0.006073655734048611,0.0,0.5,0.023550583961964966,0.029624239696013577,0.012935855375194927,4.010248085251078e-05,3.527461740304716e-05,2.944924017356243e-05
ray_gpis_hit_only,Cross,6,0,4,minus_y,plus_z,0.020527346369088373,0.030638885979038966,0.010111539609950593,0.0,-0.5,0.012327926208945517,0.020527346369088373,0.030638885979038966,3.49772562913131e-05,3.9096637920010835e-05,2.983720514748711e-05
ray_gpis_hit_only,Cross,3,0,0,minus_x,minus_x,0.28888962628512477,0.28888962628512477,0.0,1.0,0.5,0.28888962628512477,0.1048785953304106,0.12115717417239913,2.4103861505864188e-05,2.3843775124987587e-05,2.346743167436216e-05
ray_gpis_hit_only,Cross,3,0,1,minus_x,minus_x,0.06504301703520432,0.06504301703520432,0.0,1.0,0.5,0.06504301703520432,0.041170604526258425,0.04815573203814272,4.151264511165209e-05,3.498903242871165e-05,2.8334812668617815e-05
ray_gpis_hit_only,Cross,3,0,2,minus_x,minus_x,0.0695045374214791,0.0695045374214791,0.0,1.0,1.0,0.0695045374214791,0.0017075399253874135,0.054156138508746676,4.611830081557855e-05,2.9768598324153572e-05,3.577764437068254e-05
ray_gpis_hit_only,Cross,3,0,3,minus_x,minus_x,0.029311071404417244,0.029311071404417244,0.0,1.0,0.5,0.029311071404417244,0.009625530444772323,0.0067438538046068475,4.8279900511261076e-05,2.9021166483289562e-05,3.2852527510840446e-05
ray_gpis_hit_only,Cross,3,0,4,minus_x,minus_y,0.04454271045450564,0.04581506381061107,0.0012723533561054268,0.0,-0.5,0.04454271045450564,0.04581506381061107,0.019115107188877878,3.9038695831550285e-05,3.004607788170688e-05,3.5845019738189876e-05
ray_gpis_hit_only,Cross,9,0,0,minus_y,minus_x,0.015519744680644543,0.16684914431975556,0.15132939963911102,0.0,-0.5,0.16684914431975556,0.015519744680644543,0.0214903477951075,3.999795444542542e-05,5.0673952500801533e-05,2.4459090127493255e-05
ray_gpis_hit_only,Cross,9,0,1,minus_y,minus_x,0.051136653193420756,0.12644860520121454,0.07531195200779378,0.0,-0.5,0.12644860520121454,0.051136653193420756,0.0974249802909058,4.2297331674490124e-05,5.245860302238725e-05,2.2924685254110955e-05
ray_gpis_hit_only,Cross,9,0,2,minus_y,minus_y,0.12844572135238302,0.12844572135238302,0.0,1.0,0.5,0.017385552127848702,0.12844572135238302,0.10772688500787769,5.190774754737504e-05,5.4103944421513006e-05,2.2773025193600915e-05
ray_gpis_hit_only,Cross,9,0,3,minus_y,minus_x,0.07485215107354748,0.17562728469046063,0.10077513361691315,0.0,0.5,0.17562728469046063,0.07485215107354748,0.04267408999879063,5.960698763374239e-05,9.482158202445135e-05,2.8523951186798513e-05
ray_gpis_hit_only,Cross,9,0,4,minus_y,minus_x,0.09848512060230585,0.1411131069888546,0.042627986386548744,0.0,-0.5,0.1411131069888546,0.09848512060230585,0.12160916134906119,5.52747915207874e-05,6.28348279860802e-05,3.028571154573001e-05
ray_gpis_hit_only,Cross,10,0,0,minus_x,minus_y,0.02685215565929361,0.04941131890869299,0.022559163249399383,0.0,-0.5,0.02685215565929361,0.04941131890869299,0.027501327545688237,5.84655390412081e-05,4.3297888623783365e-05,2.459206007188186e-05
ray_gpis_hit_only,Cross,10,0,1,minus_x,minus_x,0.16179777011989355,0.16179777011989355,0.0,1.0,0.5,0.16179777011989355,0.07043704272854884,0.057438522423890526,5.896772563573904e-05,3.6014906072523445e-05,4.1602153942221776e-05
ray_gpis_hit_only,Cross,10,0,2,minus_x,minus_x,0.10123794213632187,0.10123794213632187,0.0,1.0,1.0,0.10123794213632187,0.026306475251544392,0.04244305435154094,5.214055272517726e-05,3.175774691044353e-05,3.671412923722528e-05
ray_gpis_hit_only,Cross,10,0,3,plus_z,minus_x,0.10367143845992288,0.12212036179553565,0.018448923335612766,0.0,0.5,0.12212036179553565,0.06495997147282773,0.10367143845992288,4.643262946046889e-05,3.173211734974757e-05,5.192138269194402e-05
ray_gpis_hit_only,Cross,10,0,4,minus_x,minus_x,0.03608774177001772,0.03608774177001772,0.0,1.0,0.5,0.03608774177001772,0.013828016039911462,0.01915158479364154,4.515075488598086e-05,3.491235838737339e-05,3.1449293601326644e-05
ray_gpis_hit_only,Cross,5,0,0,minus_x,minus_x,0.2033056212294002,0.2033056212294002,0.0,1.0,1.0,0.2033056212294002,0.10245190335440574,0.08872096994943274,1.4231465684133582e-05,1.4204143553797621e-05,1.3998286704008933e-05
ray_gpis_hit_only,Cross,5,0,1,minus_x,minus_x,0.14675779584525184,0.14675779584525184,0.0,1.0,1.0,0.14675779584525184,0.08773908672527098,0.040309264461718675,8.582394002587534e-06,8.555528438591864e-06,8.52121775096748e-06
ray_gpis_hit_only,Cross,5,0,2,minus_x,minus_x,0.16887235209697782,0.16887235209697782,0.0,1.0,0.5,0.16887235209697782,0.07514309115941431,0.0179916090257336,4.311323937145062e-05,3.451308293733746e-05,3.503013067529537e-05
ray_gpis_hit_only,Cross,5,0,3,minus_y,minus_y,0.01749346676845831,0.01749346676845831,0.0,1.0,1.0,0.015613622812183592,0.01749346676845831,0.008016458179695984,2.5373519747518003e-05,2.822642090904992e-05,2.3590080672875047e-05
ray_gpis_hit_only,Cross,5,0,4,minus_y,plus_z,0.009153963807872478,0.01496177987258751,0.005807816064715032,0.0,0.5,0.007371440968836351,0.009153963807872478,0.01496177987258751,2.3111520931706764e-05,3.1325929739978164e-05,2.4938022761489265e-05
ray_gpis_hit_only,Cross,11,0,0,minus_x,plus_z,0.28080992951174016,0.3286701257464123,0.04786019623467214,0.0,-0.5,0.28080992951174016,0.2706626630980626,0.3286701257464123,5.254653297015466e-05,3.911303065251559e-05,2.5627394279581495e-05
ray_gpis_hit_only,Cross,11,0,1,minus_x,minus_y,0.13018298174693793,0.1351664809181508,0.0049834991712128796,0.0,0.5,0.13018298174693793,0.1351664809181508,0.07437929930249787,6.63205298678804e-07,6.628213213843992e-07,6.62701324927184e-07
ray_gpis_hit_only,Cross,11,0,2,minus_x,minus_x,0.07718020242909551,0.07718020242909551,0.0,1.0,1.0,0.07718020242909551,0.01002954119877486,0.05494642532227312,1.6145055269589648e-05,1.6087133190012537e-05,1.6122821762110107e-05
ray_gpis_hit_only,Cross,11,0,3,minus_x,minus_x,0.058023293574701595,0.058023293574701595,0.0,1.0,0.5,0.058023293574701595,0.023981079535049687,0.04512732678118514,1.5443338270415552e-05,1.5406460079248063e-05,1.5367908417829312e-05
ray_gpis_hit_only,Cross,11,0,4,minus_x,minus_x,0.1540799790698636,0.1540799790698636,0.0,1.0,1.0,0.1540799790698636,0.058344512558702766,0.10178562625422383,1.143248300650157e-05,1.1423036994528957e-05,1.1431250641180668e-05
ray_gpis_hit_only,Cross,0,0,0,minus_x,plus_z,0.013553462158067797,0.05512291906487987,0.041569456906812075,0.0,-1.0,0.013553462158067797,0.04843869948924523,0.05512291906487987,5.281553512759274e-06,5.278188837110065e-06,5.243425221124198e-06
ray_gpis_hit_only,Cross,0,0,1,minus_x,minus_x,0.22662220431310492,0.22662220431310492,0.0,1.0,0.5,0.22662220431310492,0.07959306770673796,0.1634745875067219,3.8517046050401405e-06,3.84122904506512e-06,3.774554670599173e-06
ray_gpis_hit_only,Cross,0,0,2,minus_x,minus_x,0.11416268258116447,0.11416268258116447,0.0,1.0,1.0,0.11416268258116447,0.10738123543440437,0.04210825769322257,7.299317803699523e-05,3.504760024952702e-05,3.345098230056465e-05
ray_gpis_hit_only,Cross,0,0,3,minus_x,minus_x,0.1013037221307892,0.1013037221307892,0.0,1.0,1.0,0.1013037221307892,0.02922220333666825,0.016954642714743895,4.7231194912455976e-05,3.913107866537757e-05,3.590808773878962e-05
ray_gpis_hit_only,Cross,0,0,4,minus_x,minus_x,0.02614211867345484,0.02614211867345484,0.0,1.0,0.5,0.02614211867345484,0.006067277441792918,-0.009128370579219558,4.074924436281435e-05,3.228423520340584e-05,4.033922232338227e-05
ray_gpis_hit_only,Bowl,8,0,0,minus_x,minus_x,0.08930793450969537,0.08930793450969537,0.0,1.0,0.5,0.08930793450969537,0.06563066815073476,0.058518733651395316,0.00011868713045259938,6.494909030152485e-05,6.65254337945953e-05
ray_gpis_hit_only,Bowl,8,0,1,plus_z,minus_x,0.08010037298598088,0.14532722083375255,0.06522684784777166,0.0,0.5,0.14532722083375255,0.02262296532303676,0.08010037298598088,9.430775389773771e-05,8.36699255160056e-05,0.00010080173524329439
ray_gpis_hit_only,Bowl,8,0,2,minus_x,minus_y,0.003178158729940317,0.037317530709862656,0.03413937197992234,0.0,-0.5,0.003178158729940317,0.037317530709862656,0.007441268237946996,0.00017042657418642193,7.485648529836908e-05,7.255846867337823e-05
ray_gpis_hit_only,Bowl,8,0,3,minus_x,minus_x,0.07398000690379791,0.07398000690379791,0.0,1.0,0.5,0.07398000690379791,0.055123710875705556,0.0302004269359617,0.00019669500761665404,6.192977161845192e-05,7.607984298374504e-05
ray_gpis_hit_only,Bowl,8,0,4,minus_x,plus_z,0.04055192683137343,0.04264714587771812,0.0020952190463446874,0.0,0.5,0.04055192683137343,0.03081812404559625,0.04264714587771812,0.0001744196197250858,4.7110959712881595e-05,4.8672573029762134e-05
ray_gpis_hit_only,Bowl,13,0,0,plus_z,minus_x,0.13798870322900364,0.27822971888173875,0.1402410156527351,0.0,0.5,0.27822971888173875,0.08376544114239554,0.13798870322900364,8.42210283735767e-05,5.7813267630990595e-05,0.00010692283103708178
ray_gpis_hit_only,Bowl,13,0,1,minus_x,minus_x,0.12472768074370694,0.12472768074370694,0.0,1.0,0.5,0.12472768074370694,0.08068016205721457,0.12114998062589694,8.231741958297789e-05,7.964997348608449e-05,5.1103997975587845e-05
ray_gpis_hit_only,Bowl,13,0,2,plus_z,minus_x,-0.06401641990737583,-0.058483020918714046,0.005533398988661786,0.0,-1.0,-0.058483020918714046,-0.0608533806568482,-0.06401641990737583,3.6128487408859655e-05,6.436053081415594e-05,7.834708958398551e-05
ray_gpis_hit_only,Bowl,13,0,3,plus_z,minus_x,0.13082537240857017,0.13084699816470158,2.1625756131404827e-05,0.0,-0.5,0.13084699816470158,0.10102390245053994,0.13082537240857017,2.328996197320521e-05,4.057538535562344e-05,5.5634161981288344e-05
ray_gpis_hit_only,Bowl,13,0,4,minus_x,plus_z,0.050086006357709656,0.05594801188115783,0.005862005523448177,0.0,0.5,0.050086006357709656,0.016011393017724695,0.05594801188115783,3.878468487528153e-05,2.808961107803043e-05,3.823994120466523e-05
ray_gpis_hit_only,Bowl,4,0,0,minus_x,minus_x,0.12936047690632746,0.12936047690632746,0.0,1.0,1.0,0.12936047690632746,0.08413929025632338,0.05637810996287035,7.985802221810445e-05,6.886632763780653e-05,6.011082950863056e-05
ray_gpis_hit_only,Bowl,4,0,1,minus_x,minus_x,0.16910779962293088,0.16910779962293088,0.0,1.0,1.0,0.16910779962293088,0.004458446598722854,0.03204095538999863,6.390611088136211e-05,4.5668195525649935e-05,4.915941826766357e-05
ray_gpis_hit_only,Bowl,4,0,2,minus_x,plus_z,-0.03268989771919839,0.0174690908665045,0.05015898858570289,0.0,-0.5,-0.03268989771919839,0.009533787001238747,0.0174690908665045,5.254818097455427e-05,2.9674642064492218e-05,4.1159586544381455e-05
ray_gpis_hit_only,Bowl,4,0,3,minus_x,minus_x,0.1290998059620948,0.1290998059620948,0.0,1.0,1.0,0.1290998059620948,0.06774078844636067,0.05993377962479374,3.7938840250717476e-05,2.25776711886283e-05,2.2360329239745624e-05
ray_gpis_hit_only,Bowl,4,0,4,plus_z,plus_z,0.02606499657778083,0.02606499657778083,0.0,1.0,1.0,0.018060977356669006,0.013355300109238799,0.02606499657778083,3.1844341719988734e-05,2.4312837922479957e-05,3.507791552692652e-05
ray_gpis_hit_only,Bowl,1,0,0,minus_x,minus_x,0.0820181819047126,0.0820181819047126,0.0,1.0,1.0,0.0820181819047126,-0.006312904292430088,-0.011278430503551484,0.00011343279766151682,5.572862573899329e-05,5.374656029744074e-05
ray_gpis_hit_only,Bowl,1,0,1,minus_y,plus_z,0.18882105169240787,0.20110000162808567,0.012278949935677796,0.0,-1.0,0.1979605418777693,0.18882105169240787,0.20110000162808567,5.8329515013610944e-05,6.519017915707082e-05,5.2041297749383375e-05
ray_gpis_hit_only,Bowl,1,0,2,plus_z,minus_x,0.05355888627756811,0.08440564976720388,0.030846763489635776,0.0,-1.0,0.08440564976720388,0.07590202117364486,0.05355888627756811,3.711803219630383e-05,3.8317888538585976e-05,5.709409379051067e-05
ray_gpis_hit_only,Bowl,1,0,3,plus_z,minus_x,0.03758743621917837,0.076072297007579,0.03848486078840063,0.0,-1.0,0.076072297007579,0.053301844703501744,0.03758743621917837,3.4688051528064534e-05,3.9572816604049876e-05,5.007660365663469e-05
ray_gpis_hit_only,Bowl,1,0,4,plus_z,minus_y,0.028021614210242185,0.06287575979748605,0.03485414558724387,0.0,-0.5,0.051953391153486184,0.06287575979748605,0.028021614210242185,3.853485395666212e-05,4.369861198938452e-05,6.426121399272233e-05
ray_gpis_hit_only,Bowl,12,0,0,minus_x,plus_z,0.03809948967347343,0.11481611224361232,0.07671662257013889,0.0,-0.5,0.03809948967347343,0.0796381857084979,0.11481611224361232,7.778413419146091e-05,4.078586425748654e-05,7.08153675077483e-05
ray_gpis_hit_only,Bowl,12,0,1,minus_x,minus_x,0.0523844377983933,0.0523844377983933,0.0,1.0,1.0,0.0523844377983933,0.0090211983497277,0.031461807483812665,0.00010942361404886469,4.9349971959600225e-05,7.524825923610479e-05
ray_gpis_hit_only,Bowl,12,0,2,minus_x,minus_x,0.04324385823409871,0.04324385823409871,0.0,1.0,0.5,0.04324385823409871,0.03018324729412436,0.0027863246047015178,8.640223677502945e-05,4.7202614950947464e-05,5.398680877988227e-05
ray_gpis_hit_only,Bowl,12,0,3,minus_x,minus_x,0.17869739764760173,0.17869739764760173,0.0,1.0,0.5,0.17869739764760173,0.06742098503008398,0.04982773733439405,7.01911558280699e-05,4.3667390855262056e-05,5.830900772707537e-05
ray_gpis_hit_only,Bowl,12,0,4,plus_z,minus_x,0.018359908382634904,0.08466150944761175,0.06630160106497685,0.0,-0.5,0.08466150944761175,0.022026288810579442,0.018359908382634904,5.005354978493415e-05,3.195011959178373e-05,6.878886051708832e-05
ray_gpis_hit_only,Bowl,7,0,0,plus_z,minus_x,0.1438832080479875,0.2136083140579943,0.06972510601000681,0.0,-1.0,0.2136083140579943,0.16848544300573293,0.1438832080479875,5.919456452829763e-05,7.062563236104324e-05,8.151432120939717e-05
ray_gpis_hit_only,Bowl,7,0,1,plus_z,minus_x,0.1150177740822309,0.14650876977299332,0.03149099569076241,0.0,0.5,0.14650876977299332,0.07657299869028089,0.1150177740822309,5.16987347509712e-05,4.521911978372373e-05,7.807909423718229e-05
ray_gpis_hit_only,Bowl,7,0,2,minus_x,plus_z,0.02942559121583188,0.04008260523985552,0.010657014024023637,0.0,-0.5,0.02942559121583188,0.024638262165566305,0.04008260523985552,7.04707344993949e-05,5.8747315051732585e-05,4.444934893399477e-05
ray_gpis_hit_only,Bowl,7,0,3,minus_y,minus_x,0.07529083688666804,0.09969746758778686,0.024406630701118814,0.0,-1.0,0.09969746758778686,0.07529083688666804,0.07681046501642674,5.5819768022047356e-05,6.637325714109465e-05,5.9705729654524475e-05
ray_gpis_hit_only,Bowl,7,0,4,minus_x,minus_x,0.09681867584552817,0.09681867584552817,0.0,1.0,1.0,0.09681867584552817,0.032877516077476576,0.05250171276968296,5.301385681377724e-05,3.435011603869498e-05,5.201147359912284e-05
ray_gpis_hit_only,Bowl,14,0,0,plus_z,minus_x,0.14053079574663052,0.17647134570099765,0.03594054995436713,0.0,-1.0,0.17647134570099765,0.15158393639206358,0.14053079574663052,7.795252167852595e-05,8.08705881354399e-05,8.501519187120721e-05
ray_gpis_hit_only,Bowl,14,0,1,minus_x,minus_x,0.07401622377723627,0.07401622377723627,0.0,1.0,0.5,0.07401622377723627,0.06253570821549026,0.07270735587577504,5.447805597214028e-05,5.0703485612757504e-05,4.271000943845138e-05
ray_gpis_hit_only,Bowl,14,0,2,plus_z,minus_x,0.01702571033203848,0.024676696256759167,0.007650985924720688,0.0,-0.5,0.024676696256759167,0.020141922768893372,0.01702571033203848,4.819879541173577e-05,4.6047782234381884e-05,5.083237192593515e-05
ray_gpis_hit_only,Bowl,14,0,3,plus_z,minus_x,0.01935263810589205,0.08051779150751448,0.06116515340162243,0.0,0.5,0.08051779150751448,0.00899390475580708,0.01935263810589205,5.948062607785687e-05,3.977747473982163e-05,5.9561476518865675e-05
ray_gpis_hit_only,Bowl,14,0,4,minus_y,minus_x,-0.0027679425810090974,0.004602832312330052,0.007370774893339149,0.0,-0.5,0.004602832312330052,-0.0027679425810090974,-0.0010500776057634775,5.368851270759478e-05,6.553562707267702e-05,4.424654980539344e-05
ray_gpis_hit_only,Bowl,2,0,0,minus_x,minus_y,0.11237792973936395,0.1708576289975099,0.058479699258145945,0.0,0.5,0.11237792973936395,0.1708576289975099,0.07751118872271295,0.00010532085434533656,5.176454578759149e-05,3.893865505233407e-05
ray_gpis_hit_only,Bowl,2,0,1,minus_x,minus_x,0.1999542245434765,0.1999542245434765,0.0,1.0,0.5,0.1999542245434765,0.09337465440798814,0.08726813971812225,9.044725447893143e-05,3.6400320823304355e-05,5.6293571105925366e-05
ray_gpis_hit_only,Bowl,2,0,2,minus_x,minus_x,0.13662812358656506,0.13662812358656506,0.0,1.0,0.5,0.13662812358656506,0.10890724420854336,0.1360714014749589,6.09019334660843e-05,5.345086538000032e-05,5.1109174819430336e-05
ray_gpis_hit_only,Bowl,2,0,3,minus_y,minus_x,0.04396507276461392,0.08735855679876303,0.04339348403414911,0.0,0.5,0.08735855679876303,0.04396507276461392,0.0408120419038458,7.883732905611396e-05,8.726539090275764e-05,5.4660558816976845e-05
ray_gpis_hit_only,Bowl,2,0,4,plus_z,minus_x,0.033058849115630284,0.08745632843006068,0.0543974793144304,0.0,-0.5,0.08745632843006068,0.042247602081999514,0.033058849115630284,7.439790351781994e-05,3.553526403266005e-05,9.546442743157968e-05
ray_gpis_hit_only,Bowl,6,0,0,minus_x,minus_y,0.12446604055120478,0.1357303458877249,0.01126430533652012,0.0,0.5,0.12446604055120478,0.1357303458877249,0.06632937790692314,5.0685844144027214e-06,5.0125699999625795e-06,4.613643795892131e-06
ray_gpis_hit_only,Bowl,6,0,1,minus_x,minus_x,0.24045706249767457,0.24045706249767457,0.0,1.0,1.0,0.24045706249767457,0.15523528110053314,0.06138908096419221,7.352308603003621e-05,4.520943548413925e-05,3.50109621649608e-05
ray_gpis_hit_only,Bowl,6,0,2,plus_z,minus_x,0.04555807163902692,0.10753222960267261,0.06197415796364569,0.0,-0.5,0.10753222960267261,0.028077749203253122,0.04555807163902692,4.652047573472373e-05,4.936427649226971e-05,6.488325743703172e-05
ray_gpis_hit_only,Bowl,6,0,3,plus_z,plus_z,0.0727929612917706,0.0727929612917706,0.0,1.0,1.0,0.053925506877695706,0.06652992575508854,0.0727929612917706,5.050983963883482e-05,5.54321231902577e-05,7.783824548823759e-05
ray_gpis_hit_only,Bowl,6,0,4,minus_y,minus_y,0.05673222666974309,0.05673222666974309,0.0,1.0,1.0,0.018794613481768918,0.05673222666974309,0.03682397781468294,3.2659740099916235e-05,6.201243377290666e-05,4.8666606744518504e-05
ray_gpis_hit_only,Bowl,3,0,0,minus_x,minus_x,0.27396869211958674,0.27396869211958674,0.0,1.0,1.0,0.27396869211958674,0.1743784521072049,0.12122270007712685,2.24481918849051e-05,2.1822381313540973e-05,2.004853740800172e-05
ray_gpis_hit_only,Bowl,3,0,1,minus_y,minus_y,0.14572643401738516,0.14572643401738516,0.0,1.0,0.5,0.11077654831629602,0.14572643401738516,0.05373617020174004,4.879193875240162e-05,6.5078646002803e-05,6.150043191155419e-05
ray_gpis_hit_only,Bowl,3,0,2,plus_z,minus_x,0.0704956056356647,0.1300240478207929,0.059528442185128205,0.0,0.5,0.1300240478207929,0.06967664668721041,0.0704956056356647,4.173536581220105e-05,3.2375319278799e-05,4.5699067413806915e-05
ray_gpis_hit_only,Bowl,3,0,3,minus_x,minus_y,0.062323534810083236,0.06846378531374386,0.006140250503660627,0.0,0.5,0.062323534810083236,0.06846378531374386,0.03975310194118331,5.023333869758062e-05,3.6081102734897286e-05,2.9986973459017463e-05
ray_gpis_hit_only,Bowl,3,0,4,plus_z,minus_x,0.07391238432657954,0.08839630923078401,0.01448392490420447,0.0,0.5,0.08839630923078401,0.06226348426912731,0.07391238432657954,4.121582242078148e-05,3.767251473618671e-05,4.1857525502564386e-05
ray_gpis_hit_only,Bowl,9,0,0,minus_x,minus_y,0.08094899237356684,0.20525769773553926,0.12430870536197242,0.0,-0.5,0.08094899237356684,0.20525769773553926,0.11351449850602002,7.051145075820386e-05,5.355082612368278e-05,3.654803731478751e-05
ray_gpis_hit_only,Bowl,9,0,1,minus_x,minus_x,0.1883536461561663,0.1883536461561663,0.0,1.0,1.0,0.1883536461561663,0.10731496110882749,0.0019947596599139694,7.190315227489918e-05,4.223943324177526e-05,2.741663411143236e-05
ray_gpis_hit_only,Bowl,9,0,2,minus_x,minus_y,0.0738593995807042,0.13833005386098085,0.06447065428027665,0.0,-1.0,0.0738593995807042,0.13833005386098085,0.08121095559196567,6.792129715904593e-05,3.9848891901783645e-05,5.799955761176534e-05
ray_gpis_hit_only,Bowl,9,0,3,plus_z,minus_x,0.05971882050254118,0.11036937060456586,0.05065055010202468,0.0,-1.0,0.11036937060456586,0.06821186125793477,0.05971882050254118,4.703977901954204e-05,4.723263919004239e-05,6.77786665619351e-05
ray_gpis_hit_only,Bowl,9,0,4,plus_z,minus_y,0.013713999388036302,0.0660290978147966,0.0523150984267603,0.0,-1.0,0.02167832880644993,0.0660290978147966,0.013713999388036302,4.6219829528126866e-05,4.414341310621239e-05,7.616703805979341e-05
ray_gpis_hit_only,Bowl,10,0,0,minus_x,minus_y,0.11115364170821326,0.14656960897957375,0.03541596727136048,0.0,0.5,0.11115364170821326,0.14656960897957375,0.04805145969340727,2.0831155779887922e-05,2.07527591555845e-05,1.9369083020137623e-05
ray_gpis_hit_only,Bowl,10,0,1,minus_x,minus_x,0.16302794897819695,0.16302794897819695,0.0,1.0,0.5,0.16302794897819695,0.045660939108935594,0.058936697373846936,0.00010507704428164288,9.103519550990313e-05,4.409669782035053e-05
ray_gpis_hit_only,Bowl,10,0,2,minus_x,minus_x,0.13771447588401287,0.13771447588401287,0.0,1.0,1.0,0.13771447588401287,0.09834508430657873,0.07027372450936298,0.00010326498886570334,0.00010261643183184788,3.9597798604518175e-05
ray_gpis_hit_only,Bowl,10,0,3,plus_z,minus_x,0.03811106644894802,0.09649993996533357,0.05838887351638555,0.0,-1.0,0.09649993996533357,0.0798531701278794,0.03811106644894802,5.8390833146404475e-05,8.047134906519204e-05,8.079710823949426e-05
ray_gpis_hit_only,Bowl,10,0,4,minus_x,minus_x,0.12751893907845813,0.12751893907845813,0.0,1.0,1.0,0.12751893907845813,0.06073663425857445,0.036627001643450785,6.1018388805678114e-05,6.031562588759698e-05,5.1192437240388244e-05
ray_gpis_hit_only,Bowl,5,0,0,minus_y,minus_x,0.1877676866477801,0.2607287755429419,0.07296108889516179,0.0,-0.5,0.2607287755429419,0.1877676866477801,0.20947599221229596,7.410329999402165e-05,9.297169890487567e-05,4.7665445890743285e-05
ray_gpis_hit_only,Bowl,5,0,1,minus_x,minus_x,0.1701500166174213,0.1701500166174213,0.0,1.0,1.0,0.1701500166174213,0.09984148982102586,0.07705985464548121,0.00013084597594570369,6.188837141962722e-05,3.761687912628986e-05
ray_gpis_hit_only,Bowl,5,0,2,minus_x,minus_y,0.05268855823747576,0.07085573291233749,0.01816717467486173,0.0,0.5,0.05268855823747576,0.07085573291233749,0.041955444632404304,8.0093763244804e-05,5.336746835382655e-05,3.618414484662935e-05
ray_gpis_hit_only,Bowl,5,0,3,minus_y,plus_z,0.039403330420720084,0.04298272119869995,0.003579390777979863,0.0,-0.5,0.00904347023816765,0.039403330420720084,0.04298272119869995,6.573164864676073e-05,6.605326052522287e-05,3.7477584555745125e-05
ray_gpis_hit_only,Bowl,5,0,4,minus_y,minus_x,0.03153823129870925,0.13710778272436774,0.10556955142565849,0.0,0.5,0.13710778272436774,0.03153823129870925,0.020209801996486032,8.229691593442112e-05,8.51971490192227e-05,4.435704249772243e-05
ray_gpis_hit_only,Bowl,11,0,0,minus_x,minus_x,0.23786443324894374,0.23786443324894374,0.0,1.0,0.5,0.23786443324894374,0.1610480238274712,0.16662333849867306,8.670951501699165e-05,5.1634953706525266e-05,3.9963560993783176e-05
ray_gpis_hit_only,Bowl,11,0,1,minus_x,minus_x,0.10766469989476807,0.10766469989476807,0.0,1.0,0.5,0.10766469989476807,0.0652382246476218,0.09194491794414911,5.4587620979873464e-05,4.342960528447293e-05,3.507573273964226e-05
ray_gpis_hit_only,Bowl,11,0,2,minus_y,minus_x,0.09508417273157166,0.17534044664799653,0.08025627391642487,0.0,-0.5,0.17534044664799653,0.09508417273157166,0.07371222353986817,4.056715260958299e-05,4.802113471669145e-05,4.2685172957135364e-05
ray_gpis_hit_only,Bowl,11,0,3,plus_z,minus_y,-0.03114641107554872,-0.013560268385522045,0.017586142690026674,0.0,-1.0,-0.023512048700844446,-0.013560268385522045,-0.03114641107554872,3.740187094081193e-05,3.3214575523743406e-05,5.920851617702283e-05
ray_gpis_hit_only,Bowl,11,0,4,minus_y,minus_x,0.06260633655160153,0.07869240954743018,0.01608607299582865,0.0,-0.5,0.07869240954743018,0.06260633655160153,0.05078635327440262,2.22968083107844e-05,4.8650919779902324e-05,2.8382572054397315e-05
ray_gpis_hit_only,Bowl,0,0,0,minus_x,plus_z,0.008394190414278802,0.024921569302953805,0.016527378888675004,0.0,-0.5,0.008394190414278802,0.014187513820105913,0.024921569302953805,0.00010386524809291586,9.438466804567724e-05,9.55235882429406e-05
ray_gpis_hit_only,Bowl,0,0,1,minus_x,minus_y,0.05060706665714254,0.055659313277564015,0.005052246620421474,0.0,0.5,0.05060706665714254,0.055659313277564015,0.031012419988284967,0.00010436418961035088,5.39880566066131e-05,2.9701925086556002e-05
ray_gpis_hit_only,Bowl,0,0,2,minus_x,minus_x,0.20081375405404855,0.20081375405404855,0.0,1.0,0.5,0.20081375405404855,0.09464160183714254,0.12007157011510627,9.229080023942515e-05,6.628629489568993e-05,5.6479744671378285e-05
ray_gpis_hit_only,Bowl,0,0,3,minus_x,plus_z,0.03641585389851565,0.03723389677464106,0.0008180428761254133,0.0,0.5,0.03641585389851565,0.02096684798484738,0.03723389677464106,7.639820978511125e-05,3.7844700273126364e-05,3.9949463825905696e-05
ray_gpis_hit_only,Bowl,0,0,4,minus_x,minus_y,0.03726434467662787,0.07619804193367286,0.038933697257044986,0.0,-0.5,0.03726434467662787,0.07619804193367286,0.05491979158557081,6.819037662353367e-05,5.040678661316633e-05,3.8016085454728454e-05
ray_gpis_hit_only,Cube,8,0,0,minus_x,minus_x,0.1857755958191485,0.1857755958191485,0.0,1.0,1.0,0.1857755958191485,0.1372625936971827,0.09634051687619732,2.018733721342869e-05,2.0013039829791524e-05,1.9500492271617986e-05
ray_gpis_hit_only,Cube,8,0,1,minus_x,minus_y,0.009960226505397352,0.018228967522729123,0.008268741017331771,0.0,-1.0,0.009960226505397352,0.018228967522729123,0.012514185453030013,8.091273775789887e-05,3.950529207941145e-05,4.819967580260709e-05
ray_gpis_hit_only,Cube,8,0,2,minus_x,minus_x,0.15627039798086828,0.15627039798086828,0.0,1.0,1.0,0.15627039798086828,0.11477129679067077,0.14992191682392875,0.0001053572486853227,3.6669389373855665e-05,7.872090645832941e-05
ray_gpis_hit_only,Cube,8,0,3,minus_x,minus_x,0.12710729822124955,0.12710729822124955,0.0,1.0,1.0,0.12710729822124955,0.014848045343562655,0.040928757968274,6.106527871452272e-05,3.287981962785125e-05,3.760809704544954e-05
ray_gpis_hit_only,Cube,8,0,4,minus_x,minus_x,-0.0023837041964083205,-0.0023837041964083205,0.0,1.0,1.0,-0.0023837041964083205,-0.0168135011177708,-0.012455373224913968,4.397065640660003e-05,2.3059072191244923e-05,4.278028791304678e-05
ray_gpis_hit_only,Cube,13,0,0,minus_x,minus_x,0.2736035344500242,0.2736035344500242,0.0,1.0,1.0,0.2736035344500242,0.11234550159086054,0.15272679388856908,7.946671394165605e-05,5.817766214022413e-05,5.823148967465386e-05
ray_gpis_hit_only,Cube,13,0,1,minus_x,minus_x,0.13312177676828052,0.13312177676828052,0.0,1.0,1.0,0.13312177676828052,0.08273439412326766,0.025961139235396113,6.379942351486534e-05,3.730978642124683e-05,2.4794268028927036e-05
ray_gpis_hit_only,Cube,13,0,2,minus_x,minus_x,0.17035068314932023,0.17035068314932023,0.0,1.0,1.0,0.17035068314932023,0.025429416803276705,0.009800822393205788,4.668522160500288e-05,3.439661304582842e-05,2.5864361305139028e-05
ray_gpis_hit_only,Cube,13,0,3,minus_x,minus_y,0.006228609255263584,0.00830713775448011,0.0020785284992165254,0.0,-0.5,0.006228609255263584,0.00830713775448011,0.00676758565381308,2.4696024411241524e-05,2.3079372112988494e-05,2.3007441996014677e-05
ray_gpis_hit_only,Cube,13,0,4,minus_x,minus_y,0.01751844760192467,0.018075627555723672,0.000557179953799003,0.0,-0.5,0.01751844760192467,0.018075627555723672,0.017464495220695597,2.839010085153859e-05,2.2619073206442408e-05,2.2717920728609897e-05
ray_gpis_hit_only,Cube,4,0,0,minus_x,minus_x,0.21181437328106845,0.21181437328106845,0.0,1.0,1.0,0.21181437328106845,0.08320616430526895,0.09270615665927284,4.625580186257139e-05,2.9923459806013852e-05,3.681587622850202e-05
ray_gpis_hit_only,Cube,4,0,1,minus_x,minus_x,0.12560120519987994,0.12560120519987994,0.0,1.0,1.0,0.12560120519987994,0.05857028775085915,0.05132414276730368,5.561185025726445e-05,2.9683083994314075e-05,2.701509765756782e-05
ray_gpis_hit_only,Cube,4,0,2,minus_y,minus_x,-0.07469742838545423,-0.03562494844046593,0.0390724799449883,0.0,-0.5,-0.03562494844046593,-0.07469742838545423,-0.046316019523080065,4.297906343708746e-05,4.578476364258677e-05,3.55680676875636e-05
ray_gpis_hit_only,Cube,4,0,3,minus_x,minus_x,0.0463094004093193,0.0463094004093193,0.0,1.0,1.0,0.0463094004093193,0.027048722624880783,0.023456461463648104,4.098766657989472e-05,3.24240536428988e-05,3.17609119520057e-05
ray_gpis_hit_only,Cube,4,0,4,minus_x,plus_z,0.03529169414181532,0.06413750306129762,0.028845808919482296,0.0,-1.0,0.03529169414181532,0.053150356475407556,0.06413750306129762,3.8639682315988466e-05,2.9507322324207053e-05,2.7646528906188905e-05
ray_gpis_hit_only,Cube,1,0,0,minus_x,plus_z,0.01158827925383854,0.023132960767820565,0.011544681513982025,0.0,-1.0,0.01158827925383854,0.01834215236560721,0.023132960767820565,5.701942427549511e-05,4.841562622459605e-05,2.5908211682690307e-05
ray_gpis_hit_only,Cube,1,0,1,minus_x,minus_x,0.11197498652933768,0.11197498652933768,0.0,1.0,0.5,0.11197498652933768,0.005917435044245467,0.018054715081402883,6.598627078346908e-05,4.4758489821106195e-05,2.7454172595753334e-05
ray_gpis_hit_only,Cube,1,0,2,minus_x,plus_z,0.004595803114982866,0.02206008629306888,0.017464283178086015,0.0,-1.0,0.004595803114982866,0.010664917490806447,0.02206008629306888,6.0759066400351e-05,5.2725288696819916e-05,3.453677345532924e-05
ray_gpis_hit_only,Cube,1,0,3,minus_x,minus_x,0.09413071988636768,0.09413071988636768,0.0,1.0,0.5,0.09413071988636768,0.07115024389827562,0.08652219016709961,7.567978173028678e-05,4.736050686915405e-05,4.507794074015692e-05
ray_gpis_hit_only,Cube,1,0,4,minus_y,minus_x,0.015329268856372869,0.03996566504204624,0.02463639618567337,0.0,-0.5,0.03996566504204624,0.015329268856372869,0.016381148883737207,9.127784142037854e-05,9.601851343177259e-05,2.310705167474225e-05
ray_gpis_hit_only,Cube,12,0,0,minus_x,minus_x,0.21701128696027122,0.21701128696027122,0.0,1.0,0.5,0.21701128696027122,0.058463711766241266,0.07781296598815185,1.5876606994424947e-05,1.5769381207064725e-05,1.542280188004952e-05
ray_gpis_hit_only,Cube,12,0,1,minus_x,minus_x,0.13976558626398217,0.13976558626398217,0.0,1.0,0.5,0.13976558626398217,0.06982818279384073,0.031245951335535094,5.139848872204311e-05,2.5172144887619652e-05,4.109637302462943e-05
ray_gpis_hit_only,Cube,12,0,2,minus_x,minus_y,0.010777287554069148,0.04736351774711389,0.036586230193044744,0.0,-1.0,0.010777287554069148,0.04736351774711389,0.015058222926919496,4.1510225855745375e-05,2.604108340165112e-05,3.582284989533946e-05
ray_gpis_hit_only,Cube,12,0,3,minus_x,minus_x,0.08305249549543958,0.08305249549543958,0.0,1.0,1.0,0.08305249549543958,0.033090144497722185,0.05519211137766444,4.264862582203932e-05,2.6261766834068112e-05,3.431972800171934e-05
ray_gpis_hit_only,Cube,12,0,4,minus_x,minus_x,0.015456512160228808,0.015456512160228808,0.0,1.0,1.0,0.015456512160228808,0.00447959100705031,0.0050914458848630995,4.267684562364593e-05,2.308975854248274e-05,2.3245500415214337e-05
ray_gpis_hit_only,Cube,7,0,0,minus_y,plus_z,0.16310042776664221,0.2932564564074488,0.13015602864080658,0.0,-1.0,0.21810902211463837,0.16310042776664221,0.2932564564074488,9.62936319410801e-05,0.0001247050822712481,4.993961920263246e-05
ray_gpis_hit_only,Cube,7,0,1,minus_x,minus_y,0.05579805830304263,0.13980722136396778,0.08400916306092515,0.0,-0.5,0.05579805830304263,0.13980722136396778,0.08780889861782826,7.23166813259013e-05,5.062218406237662e-05,3.296027716714889e-05
ray_gpis_hit_only,Cube,7,0,2,minus_x,minus_x,0.18799080443830074,0.18799080443830074,0.0,1.0,1.0,0.18799080443830074,0.1361606944816791,0.12143243253087116,9.655328176449984e-05,5.4532240028493106e-05,3.45155676768627e-05
ray_gpis_hit_only,Cube,7,0,3,minus_x,plus_z,0.044350542939151305,0.10393284395806734,0.05958230101891604,0.0,-0.5,0.044350542939151305,0.03423023812687631,0.10393284395806734,6.424282764783129e-05,5.430497185443528e-05,2.3991906346054748e-05
ray_gpis_hit_only,Cube,7,0,4,minus_x,minus_x,0.12010825650172685,0.12010825650172685,0.0,1.0,0.5,0.12010825650172685,0.013953946996127509,0.07782608533379942,6.529634265461937e-05,2.8755988751072437e-05,2.6068839360959828e-05
ray_gpis_hit_only,Cube,14,0,0,minus_x,plus_z,0.008833580757821646,0.05840521438942553,0.049571633631603884,0.0,-1.0,0.008833580757821646,0.03229564496431592,0.05840521438942553,4.8948884796118364e-05,4.8078156396513805e-05,3.33437419612892e-05
ray_gpis_hit_only,Cube,14,0,1,minus_x,minus_x,0.12243648321219275,0.12243648321219275,0.0,1.0,0.5,0.12243648321219275,0.005255037429967413,0.04034498042645879,6.12139338045381e-05,4.346545392763801e-05,2.6443296519573778e-05
ray_gpis_hit_only,Cube,14,0,2,minus_x,minus_x,0.13835605996097988,0.13835605996097988,0.0,1.0,1.0,0.13835605996097988,0.11357842696032228,0.0772104542222245,5.93431614106521e-05,4.004234142485075e-05,3.3382697438355535e-05
ray_gpis_hit_only,Cube,14,0,3,plus_z,minus_x,0.06135401040283284,0.10307404360293859,0.041720033200105755,0.0,-1.0,0.10307404360293859,0.07706319711921905,0.06135401040283284,3.175297752022743e-05,3.415546234464273e-05,4.325160989537835e-05
ray_gpis_hit_only,Cube,14,0,4,minus_x,minus_x,0.09061848300334197,0.09061848300334197,0.0,1.0,1.0,0.09061848300334197,0.032667504974552064,0.028380246385484864,4.05491009587422e-05,3.449045470915735e-05,2.9849450584151782e-05
ray_gpis_hit_only,Cube,2,0,0,minus_x,plus_z,0.07381279574791716,0.1329841522323567,0.05917135648443955,0.0,-1.0,0.07381279574791716,0.0932303509409187,0.1329841522323567,1.1445072232163511e-05,1.1344714039296377e-05,1.1056868970626965e-05
ray_gpis_hit_only,Cube,2,0,1,minus_x,minus_x,0.35245792778240875,0.35245792778240875,0.0,1.0,0.5,0.35245792778240875,0.10173821446384462,0.14271870832612255,6.216850124474149e-06,6.169419975776691e-06,6.1257919696799945e-06
ray_gpis_hit_only,Cube,2,0,2,minus_x,minus_x,0.1289338855947697,0.1289338855947697,0.0,1.0,1.0,0.1289338855947697,0.018338933222786236,0.009616369334941366,6.694332842016593e-05,4.70991108159069e-05,3.0347358915605582e-05
ray_gpis_hit_only,Cube,2,0,3,minus_x,minus_y,0.04219822344275981,0.05504182166923288,0.012843598226473074,0.0,-0.5,0.04219822344275981,0.05504182166923288,0.023878000575068947,4.4943248212803155e-05,3.900588126271032e-05,4.1022511140909046e-05
ray_gpis_hit_only,Cube,2,0,4,plus_z,minus_x,0.008965253022508057,0.09622272311442182,0.08725747009191376,0.0,-0.5,0.09622272311442182,0.01612284351310611,0.008965253022508057,4.160459138802253e-05,3.032101085409522e-05,4.7427485696971416e-05
ray_gpis_hit_only,Cube,6,0,0,minus_x,minus_x,0.2319963247691575,0.2319963247691575,0.0,1.0,0.5,0.2319963247691575,0.07841316593976572,0.08464795313118051,2.0062354451511055e-05,1.9833216356346384e-05,1.935117325047031e-05
ray_gpis_hit_only,Cube,6,0,1,minus_x,plus_z,0.003475309215671407,0.024531138396096774,0.021055829180425367,0.0,-1.0,0.003475309215671407,0.005698389972471074,0.024531138396096774,5.03422888868954e-05,4.43409189756494e-05,2.373890674789436e-05
ray_gpis_hit_only,Cube,6,0,2,minus_x,minus_x,0.1369699381006536,0.1369699381006536,0.0,1.0,1.0,0.1369699381006536,0.10866102535372468,0.04975733890079548,6.128282257122919e-05,5.664436685037799e-05,2.5101175197050907e-05
ray_gpis_hit_only,Cube,6,0,3,minus_x,plus_z,0.0920738990963701,0.09448506402526824,0.0024111649288981463,0.0,0.5,0.0920738990963701,0.06630546667584902,0.09448506402526824,3.6088422348257154e-05,2.905714063672349e-05,3.022878991032485e-05
ray_gpis_hit_only,Cube,6,0,4,plus_z,minus_x,0.0017539254119048886,0.0185660245522008,0.01681209914029591,0.0,-0.5,0.0185660245522008,0.003760008298664852,0.0017539254119048886,2.2814945623395033e-05,2.245618998131249e-05,2.309924275323283e-05
ray_gpis_hit_only,Cube,3,0,0,minus_x,minus_x,0.05853755696072438,0.05853755696072438,0.0,1.0,0.5,0.05853755696072438,-0.01375758576980124,-0.010414176044185264,5.819218131364323e-05,4.528716453933157e-05,2.9777973395539448e-05
ray_gpis_hit_only,Cube,3,0,1,minus_x,minus_x,0.1839156749685696,0.1839156749685696,0.0,1.0,1.0,0.1839156749685696,0.09056522381380822,0.11456221396425209,5.844237239216454e-05,2.898016646213364e-05,3.444042522460222e-05
ray_gpis_hit_only,Cube,3,0,2,minus_x,minus_y,0.0252936023084247,0.04978781854401926,0.024494216235594557,0.0,-1.0,0.0252936023084247,0.04978781854401926,0.04128952914891637,4.675267337006517e-05,3.382877184776589e-05,3.4005071938736364e-05
ray_gpis_hit_only,Cube,3,0,3,minus_x,minus_x,0.15274768412431305,0.15274768412431305,0.0,1.0,0.5,0.15274768412431305,0.06588989506103826,0.017826172211232172,4.251767313689925e-05,2.8284071959205903e-05,4.082030864083208e-05
ray_gpis_hit_only,Cube,3,0,4,minus_y,minus_y,0.03311321537352774,0.03311321537352774,0.0,1.0,0.5,0.02854168300908555,0.03311321537352774,0.032665290507503886,2.3367170797428116e-05,2.939757177955471e-05,2.3160029741120525e-05
ray_gpis_hit_only,Cube,9,0,0,minus_x,minus_y,0.09081320925810343,0.1307490708976753,0.03993586163957186,0.0,-0.5,0.09081320925810343,0.1307490708976753,0.11251326491924651,2.1359408492571674e-05,2.11310889426386e-05,2.0709343516500667e-05
ray_gpis_hit_only,Cube,9,0,1,minus_x,minus_x,0.19912206734310212,0.19912206734310212,0.0,1.0,1.0,0.19912206734310212,0.06925306397595254,0.014126907570893077,4.9272104661213234e-05,3.0181121474015526e-05,2.3292555852094665e-05
ray_gpis_hit_only,Cube,9,0,2,minus_x,minus_x,0.15611415237593573,0.15611415237593573,0.0,1.0,1.0,0.15611415237593573,0.05992245132909724,0.03504273852192663,6.220367504283786e-05,4.202418858767487e-05,3.8200843846425414e-05
ray_gpis_hit_only,Cube,9,0,3,minus_x,minus_x,0.0604738734791187,0.0604738734791187,0.0,1.0,1.0,0.0604738734791187,0.018497999044707503,0.006004413899676542,2.8655913411057554e-05,2.2934513253858313e-05,2.2624750272370875e-05
ray_gpis_hit_only,Cube,9,0,4,minus_x,minus_y,-0.002675767052114697,0.0014585508625493127,0.00413431791466401,0.0,0.5,-0.002675767052114697,0.0014585508625493127,-0.00715287871200232,2.2687196178594604e-05,2.235048305010423e-05,2.225838034064509e-05
ray_gpis_hit_only,Cube,10,0,0,minus_x,minus_y,0.09049809201731701,0.11767686098805907,0.027178768970742062,0.0,0.5,0.09049809201731701,0.11767686098805907,0.07269973191276918,7.91299098636955e-05,4.9441478040535e-05,3.1183801183942705e-05
ray_gpis_hit_only,Cube,10,0,1,minus_x,minus_x,0.04674725248397532,0.04674725248397532,0.0,1.0,1.0,0.04674725248397532,0.027972928435030575,0.018911937982476645,1.4401640328287613e-05,1.4380177162820473e-05,1.4239418305805884e-05
ray_gpis_hit_only,Cube,10,0,2,minus_x,minus_x,0.04211112044149479,0.04211112044149479,0.0,1.0,0.5,0.04211112044149479,0.028925837402780208,0.03492384410920224,4.764190089190379e-05,3.7955142033752054e-05,2.256627703900449e-05
ray_gpis_hit_only,Cube,10,0,3,minus_x,minus_x,0.1187011294651158,0.1187011294651158,0.0,1.0,0.5,0.1187011294651158,0.016760485115558832,0.024822412108895464,1.9912915377062745e-05,1.978298678295687e-05,1.96055589185562e-05
ray_gpis_hit_only,Cube,10,0,4,plus_z,minus_x,0.08635125114037778,0.15620071680725733,0.06984946566687955,0.0,-0.5,0.15620071680725733,0.1092291582834074,0.08635125114037778,5.801230145152658e-05,4.026224269182421e-05,5.9395119023974985e-05
ray_gpis_hit_only,Cube,5,0,0,minus_x,minus_x,0.07768132207276013,0.07768132207276013,0.0,1.0,0.5,0.07768132207276013,0.022640097704936246,0.04390754948566461,4.518584773904877e-06,4.484174041863298e-06,4.3686950448318385e-06
ray_gpis_hit_only,Cube,5,0,1,minus_x,minus_x,0.2470892018905324,0.2470892018905324,0.0,1.0,1.0,0.2470892018905324,0.08630345213886736,0.00938528259445065,1.3273112926981412e-05,1.2907645213999785e-05,1.244355553353671e-05
ray_gpis_hit_only,Cube,5,0,2,minus_x,minus_x,0.0020863066065865965,0.0020863066065865965,0.0,1.0,1.0,0.0020863066065865965,0.0012320551665226942,0.00030835835043974136,7.241962885018438e-05,3.432363519095816e-05,3.375723827048205e-05
ray_gpis_hit_only,Cube,5,0,3,minus_x,minus_y,0.04694850853357413,0.07528163041861369,0.02833312188503956,0.0,0.5,0.04694850853357413,0.07528163041861369,0.011012113233571208,7.881991768954322e-05,4.5876084186602384e-05,2.347548070247285e-05
ray_gpis_hit_only,Cube,5,0,4,minus_x,minus_x,0.15154323221492794,0.15154323221492794,0.0,1.0,1.0,0.15154323221492794,0.08764159150150452,0.00434497620657559,0.00013543732347898185,0.00010387500515207648,3.643770833150484e-05
ray_gpis_hit_only,Cube,11,0,0,minus_x,minus_y,0.042395087134720566,0.04452663445009791,0.0021315473153773468,0.0,-0.5,0.042395087134720566,0.04452663445009791,0.043299038775226506,4.388633169583045e-05,3.523696796037257e-05,2.5898652893374674e-05
ray_gpis_hit_only,Cube,11,0,1,minus_x,minus_x,0.14573106251256884,0.14573106251256884,0.0,1.0,1.0,0.14573106251256884,0.044048737830683526,0.026749126000430556,7.122230454115197e-05,4.9148577090818435e-05,2.366797525610309e-05
ray_gpis_hit_only,Cube,11,0,2,minus_x,minus_y,0.01415091302924587,0.059540457392027735,0.045389544362781864,0.0,-0.5,0.01415091302924587,0.059540457392027735,0.03047992969413882,7.209117757156491e-05,6.358994141919538e-05,2.6071516913361847e-05
ray_gpis_hit_only,Cube,11,0,3,minus_y,minus_x,0.03497820758383863,0.05228362262769737,0.01730541504385874,0.0,0.5,0.05228362262769737,0.03497820758383863,0.02768556924337484,6.0250822571106255e-05,0.0001047780315275304,4.156863724347204e-05
ray_gpis_hit_only,Cube,11,0,4,minus_y,minus_x,0.0025139295191627387,0.039995281197939936,0.0374813516787772,0.0,0.5,0.039995281197939936,0.0025139295191627387,-0.0016646398725985723,7.710447971476242e-05,8.538733527529985e-05,6.112791743362322e-05
ray_gpis_hit_only,Cube,0,0,0,plus_z,minus_x,0.015061662433935974,0.2573690951389139,0.2423074327049779,0.0,-1.0,0.2573690951389139,0.16516811688915073,0.015061662433935974,7.889095599011853e-08,7.91517393849972e-08,7.956871428405066e-08
ray_gpis_hit_only,Cube,0,0,1,minus_x,minus_y,0.022707037456631995,0.10177846099624271,0.07907142353961072,0.0,0.5,0.022707037456631995,0.10177846099624271,0.011642507391978307,1.696981939858233e-06,1.693041895123315e-06,1.678645276115276e-06
ray_gpis_hit_only,Cube,0,0,2,minus_x,minus_y,0.16444698511397,0.16860039510283942,0.004153409988869428,0.0,0.0,0.16444698511397,0.16860039510283942,0.14581832743708634,1.920001523103565e-06,1.9057569033975597e-06,1.9057569033975597e-06
ray_gpis_hit_only,Cube,0,0,3,minus_x,minus_x,0.15240475784919216,0.15240475784919216,0.0,1.0,0.5,0.15240475784919216,0.09048418000701175,0.034408372915212704,0.0001106353010982275,6.408910849131644e-05,8.001621608855203e-05
ray_gpis_hit_only,Cube,0,0,4,minus_x,minus_x,0.0945111081671608,0.0945111081671608,0.0,1.0,1.0,0.0945111081671608,0.03190365583454513,0.04769738202352147,8.206524216802791e-05,4.6703466068720445e-05,5.394512481871061e-05
ray_gpis_hit_only,Thin_Irregular,8,0,0,minus_y,minus_y,0.09138589289859006,0.09138589289859006,0.0,1.0,0.5,0.059315841309843964,0.09138589289859006,0.08364573270012937,9.489172953180969e-05,9.800319094210863e-05,2.980156205012463e-05
ray_gpis_hit_only,Thin_Irregular,8,0,1,minus_x,minus_x,0.20475988317856364,0.20475988317856364,0.0,1.0,0.5,0.20475988317856364,0.11203116572742167,0.17289807522413758,6.625035894103348e-05,4.477096808841452e-05,3.132316851406358e-05
ray_gpis_hit_only,Thin_Irregular,8,0,2,minus_y,minus_x,0.06582606126892243,0.09384890982536043,0.028022848556437996,0.0,0.5,0.09384890982536043,0.06582606126892243,0.05820223590978235,7.029749394860119e-05,8.247540245065466e-05,2.4349043087568134e-05
ray_gpis_hit_only,Thin_Irregular,8,0,3,minus_x,minus_y,0.04429281591026468,0.04620729502469112,0.0019144791144264373,0.0,0.5,0.04429281591026468,0.04620729502469112,0.018678822588959587,7.924235251266509e-05,6.32761002634652e-05,2.2683630959363654e-05
ray_gpis_hit_only,Thin_Irregular,8,0,4,minus_x,minus_x,0.08191703214128221,0.08191703214128221,0.0,1.0,0.5,0.08191703214128221,0.030121329972313093,0.01892955368626026,8.595717372372746e-05,6.108354864409193e-05,6.38976925984025e-05
ray_gpis_hit_only,Thin_Irregular,13,0,0,minus_x,minus_x,0.1581064872232975,0.1581064872232975,0.0,1.0,1.0,0.1581064872232975,0.0569249445235987,0.054938074051894714,0.00015240821812767535,9.98567629721947e-05,5.271732516121119e-05
ray_gpis_hit_only,Thin_Irregular,13,0,1,minus_x,minus_x,0.1895112904577737,0.1895112904577737,0.0,1.0,1.0,0.1895112904577737,0.0088114893789214,0.029361320613050412,7.61934497859329e-05,3.458638093434274e-05,5.4085721785668284e-05
ray_gpis_hit_only,Thin_Irregular,13,0,2,minus_x,minus_x,0.04421498174246996,0.04421498174246996,0.0,1.0,1.0,0.04421498174246996,0.0103193652551834,0.016407322141592684,4.5013548515271395e-05,3.1537056202068925e-05,3.9818056393414736e-05
ray_gpis_hit_only,Thin_Irregular,13,0,3,minus_x,minus_x,0.024513679228505225,0.024513679228505225,0.0,1.0,1.0,0.024513679228505225,-0.005192256015096652,0.017987012206296837,4.757476563099772e-05,3.30102484440431e-05,3.4818258427549154e-05
ray_gpis_hit_only,Thin_Irregular,13,0,4,plus_z,plus_z,0.012077893011125718,0.012077893011125718,0.0,1.0,1.0,0.007322773126928417,0.0017164480796004744,0.012077893011125718,3.8941387174418196e-05,2.5177467250614427e-05,4.507137418841012e-05
ray_gpis_hit_only,Thin_Irregular,4,0,0,minus_y,minus_x,0.011640969347785135,0.019089408922841056,0.007448439575055921,0.0,-0.5,0.019089408922841056,0.011640969347785135,0.013029939299729731,0.00010088847193401307,0.00010300232679583132,4.638809332391247e-05
ray_gpis_hit_only,Thin_Irregular,4,0,1,minus_x,minus_x,0.17308368578932976,0.17308368578932976,0.0,1.0,1.0,0.17308368578932976,0.048417652261908084,0.01144369665856182,0.00012743601109832525,0.0001095700281439349,3.6737725167768076e-05
ray_gpis_hit_only,Thin_Irregular,4,0,2,minus_x,minus_x,0.0362365872295658,0.0362365872295658,0.0,1.0,1.0,0.0362365872295658,0.03327930491774023,0.011951085707042064,5.9620906540658325e-05,4.807214281754568e-05,3.2295178243657574e-05
ray_gpis_hit_only,Thin_Irregular,4,0,3,minus_y,minus_x,0.029688647923634126,0.11550084925952186,0.08581220133588774,0.0,0.5,0.11550084925952186,0.029688647923634126,0.0237133107793136,5.2900843002134934e-05,7.436129089910537e-05,4.687942782766186e-05
ray_gpis_hit_only,Thin_Irregular,4,0,4,plus_z,minus_x,0.03638316849088641,0.10671074463979924,0.07032757614891283,0.0,-0.5,0.10671074463979924,0.023170002597694972,0.03638316849088641,4.327757778810337e-05,4.816976797883399e-05,5.676827277056873e-05
ray_gpis_hit_only,Thin_Irregular,1,0,0,minus_x,minus_x,0.15418529196326802,0.15418529196326802,0.0,1.0,1.0,0.15418529196326802,0.06367483121706541,0.032157109105051596,0.0001252873189514503,0.00012036115367664024,6.593598664039746e-05
ray_gpis_hit_only,Thin_Irregular,1,0,1,minus_x,minus_x,0.2183130790669494,0.2183130790669494,0.0,1.0,0.5,0.2183130790669494,0.015672327023899868,0.04265476133006396,0.00013262742140796036,7.337691204156727e-05,6.982962077017874e-05
ray_gpis_hit_only,Thin_Irregular,1,0,2,minus_x,minus_x,0.051275960588026304,0.051275960588026304,0.0,1.0,0.5,0.051275960588026304,0.0274564844578713,0.013679479215597756,6.941819447092712e-05,2.5536694010952488e-05,3.031469532288611e-05
ray_gpis_hit_only,Thin_Irregular,1,0,3,minus_x,minus_x,0.07805191001399747,0.07805191001399747,0.0,1.0,1.0,0.07805191001399747,-0.00022793487211358876,0.002039161886595142,5.4144024034030735e-05,2.3982240236364305e-05,3.963351991842501e-05
ray_gpis_hit_only,Thin_Irregular,1,0,4,minus_x,minus_x,0.02159556783442107,0.02159556783442107,0.0,1.0,1.0,0.02159556783442107,0.013738259075464776,0.014643466888701329,4.276305116945878e-05,2.402136306045577e-05,3.996187660959549e-05
ray_gpis_hit_only,Thin_Irregular,12,0,0,minus_y,minus_x,-0.029319795281679828,0.03820792061131195,0.06752771589299178,0.0,-0.5,0.03820792061131195,-0.029319795281679828,-0.011177639686515362,7.356869173236191e-05,0.00012229871936142445,2.9009153877268545e-05
ray_gpis_hit_only,Thin_Irregular,12,0,1,minus_x,minus_x,0.18086804383552468,0.18086804383552468,0.0,1.0,1.0,0.18086804383552468,0.08636248039044869,0.07655718014729085,1.9656965378089808e-05,1.947555210790597e-05,1.9343244275660254e-05
ray_gpis_hit_only,Thin_Irregular,12,0,2,minus_y,minus_x,0.06167353648847851,0.09804289823011947,0.03636936174164096,0.0,0.5,0.09804289823011947,0.06167353648847851,0.035918983119240355,5.769223935203627e-05,6.133523129392415e-05,3.508439112920314e-05
ray_gpis_hit_only,Thin_Irregular,12,0,3,minus_x,minus_x,0.12979939744762803,0.12979939744762803,0.0,1.0,1.0,0.12979939744762803,0.06686065883852654,0.02767775856744925,6.0381902585504577e-05,5.592055094894022e-05,3.4878212318290025e-05
ray_gpis_hit_only,Thin_Irregular,12,0,4,minus_x,minus_x,0.046102940068953324,0.046102940068953324,0.0,1.0,0.5,0.046102940068953324,0.02972059515279124,0.028896677464239073,3.270411252742633e-05,2.4727962227188982e-05,3.058345464523882e-05
ray_gpis_hit_only,Thin_Irregular,7,0,0,minus_x,minus_y,0.30914287913675975,0.363244740302418,0.05410186116565824,0.0,0.5,0.30914287913675975,0.363244740302418,0.21099552470193,0.00015834812074899673,0.00014074129285290837,8.699041063664481e-05
ray_gpis_hit_only,Thin_Irregular,7,0,1,minus_x,plus_z,0.03920092481878229,0.0484518648003735,0.00925093998159121,0.0,-0.5,0.03920092481878229,0.030177504548482614,0.0484518648003735,0.00018609140533953905,7.821631152182817e-05,3.019249197677709e-05
ray_gpis_hit_only,Thin_Irregular,7,0,2,minus_x,plus_z,0.05346976670626591,0.06548267367007898,0.012012906963813075,0.0,-0.5,0.05346976670626591,0.02991456446557439,0.06548267367007898,0.00025864579947665334,0.00012335226347204298,4.5942229917272925e-05
ray_gpis_hit_only,Thin_Irregular,7,0,3,minus_x,minus_x,0.13540208473267856,0.13540208473267856,0.0,1.0,0.5,0.13540208473267856,0.045902670042808125,0.10688174133516426,0.00016177706129383296,0.0001478015328757465,8.110037742881104e-05
ray_gpis_hit_only,Thin_Irregular,7,0,4,minus_y,minus_x,0.042777719787658874,0.11454393078681235,0.07176621099915348,0.0,-0.5,0.11454393078681235,0.042777719787658874,0.05640085624641333,0.00010316717089153826,0.00011831438314402476,3.2217107218457386e-05
ray_gpis_hit_only,Thin_Irregular,14,0,0,minus_y,minus_x,0.16641766442491307,0.25891206259781746,0.09249439817290439,0.0,-0.5,0.25891206259781746,0.16641766442491307,0.08839381369843624,5.655525455949828e-05,0.00011875732889166102,7.163288682932034e-05
ray_gpis_hit_only,Thin_Irregular,14,0,1,minus_y,minus_x,0.10624248703319661,0.13492942147441866,0.028686934441222056,0.0,-0.5,0.13492942147441866,0.10624248703319661,0.12523666266839495,8.812062878860161e-05,0.00010368461516918615,5.700499968952499e-05
ray_gpis_hit_only,Thin_Irregular,14,0,2,minus_y,minus_x,0.02499017006040305,0.19917568351265746,0.17418551345225441,0.0,0.5,0.19917568351265746,0.02499017006040305,0.024846470680203736,0.00013613176997750998,0.00015558987797703594,7.040879427222535e-05
ray_gpis_hit_only,Thin_Irregular,14,0,3,minus_x,minus_y,0.05533664710691266,0.07454454984059755,0.01920790273368489,0.0,0.5,0.05533664710691266,0.07454454984059755,0.028581151131162996,0.00020939705427736044,0.0001884073717519641,6.150342233013362e-05
ray_gpis_hit_only,Thin_Irregular,14,0,4,minus_x,minus_x,0.06059791265092551,0.06059791265092551,0.0,1.0,0.5,0.06059791265092551,0.004739120891008142,0.009880621041365889,0.00023719861928839236,9.576157754054293e-05,4.0905564674176276e-05
ray_gpis_hit_only,Thin_Irregular,2,0,0,minus_x,minus_y,0.09806102751784013,0.0982235085634941,0.0001624810456539727,0.0,0.5,0.09806102751784013,0.0982235085634941,0.07468521637766465,7.012217793089803e-07,6.834334840277734e-07,6.658000870629621e-07
ray_gpis_hit_only,Thin_Irregular,2,0,1,minus_x,minus_x,0.2504953514167108,0.2504953514167108,0.0,1.0,0.5,0.2504953514167108,0.12685923453069464,0.15351536672424237,9.082999895326793e-05,7.020356133580208e-05,4.082907980773598e-05
ray_gpis_hit_only,Thin_Irregular,2,0,2,minus_x,minus_x,0.13514446421109194,0.13514446421109194,0.0,1.0,1.0,0.13514446421109194,0.08536367741019824,0.03351043886092553,7.455058221239597e-05,6.220901559572667e-05,3.392329745111056e-05
ray_gpis_hit_only,Thin_Irregular,2,0,3,minus_x,minus_x,0.10353512792204977,0.10353512792204977,0.0,1.0,0.5,0.10353512792204977,0.043997120858842886,0.04158758108986205,5.9171008615521714e-05,4.2618084989953786e-05,4.333248580223881e-05
ray_gpis_hit_only,Thin_Irregular,2,0,4,minus_x,minus_x,0.09123613809720976,0.09123613809720976,0.0,1.0,1.0,0.09123613809720976,0.04794028473561607,0.05282170616602344,3.438338899286464e-05,2.4411037884419784e-05,3.052407191717066e-05
ray_gpis_hit_only,Thin_Irregular,6,0,0,minus_y,plus_z,0.2293059954713464,0.2761388029622146,0.04683280749086821,0.0,-0.5,0.24415580804496279,0.2293059954713464,0.2761388029622146,9.885736653814092e-05,0.00017351718270219862,0.00013713673979509622
ray_gpis_hit_only,Thin_Irregular,6,0,1,minus_x,minus_y,0.09182638097582041,0.10332217606111538,0.011495795085294969,0.0,0.5,0.09182638097582041,0.10332217606111538,0.08544761889267444,4.261708090780303e-05,3.504332198644988e-05,2.7876712920260616e-05
ray_gpis_hit_only,Thin_Irregular,6,0,2,minus_x,minus_y,0.12295417961659083,0.15259394256727332,0.02963976295068249,0.0,0.5,0.12295417961659083,0.15259394256727332,0.03433782690109438,0.00017078609380405396,4.602659828378819e-05,3.532276241458021e-05
ray_gpis_hit_only,Thin_Irregular,6,0,3,plus_z,minus_x,0.06804249988546907,0.1641909324613804,0.09614843257591132,0.0,-0.5,0.1641909324613804,0.06835348119356255,0.06804249988546907,6.281534297158942e-05,4.9489222874399275e-05,0.00015935295959934592
ray_gpis_hit_only,Thin_Irregular,6,0,4,minus_x,minus_x,0.16684234846582313,0.16684234846582313,0.0,1.0,0.5,0.16684234846582313,0.04355919868831082,0.00953028785597676,0.00013376298011280596,6.158011819934472e-05,0.00010398496669949964
ray_gpis_hit_only,Thin_Irregular,3,0,0,minus_y,minus_x,-0.022999287947600477,-0.015173643593164254,0.007825644354436223,0.0,0.5,-0.015173643593164254,-0.022999287947600477,-0.025301899162152253,9.568569657858461e-05,0.0001524647668702528,7.337254646699876e-05
ray_gpis_hit_only,Thin_Irregular,3,0,1,minus_x,minus_x,0.15654835835597702,0.15654835835597702,0.0,1.0,1.0,0.15654835835597702,0.12876487061146152,0.12280652078518328,5.40048313268926e-06,5.397019322117558e-06,5.3746948651678395e-06
ray_gpis_hit_only,Thin_Irregular,3,0,2,minus_x,minus_x,0.11078614347560078,0.11078614347560078,0.0,1.0,1.0,0.11078614347560078,0.09396614317234975,0.08545739269741348,1.1452791113697458e-05,1.14152107926202e-05,1.1349551641615108e-05
ray_gpis_hit_only,Thin_Irregular,3,0,3,minus_y,minus_x,0.0776041557793622,0.09774091728138323,0.02013676150202104,0.0,0.5,0.09774091728138323,0.0776041557793622,0.052639815741154505,5.5530148529214785e-05,9.23120605875738e-05,2.29266061069211e-05
ray_gpis_hit_only,Thin_Irregular,3,0,4,minus_y,minus_x,0.032364955122362815,0.05374237446772301,0.021377419345360194,0.0,-0.5,0.05374237446772301,0.032364955122362815,0.04187055385404048,6.914421828696504e-05,0.00010532220039749518,4.7209781769197434e-05
ray_gpis_hit_only,Thin_Irregular,9,0,0,minus_x,minus_x,0.3300250934112419,0.3300250934112419,0.0,1.0,0.5,0.3300250934112419,0.08534341504966514,0.034615000455955,0.00012152368435636163,4.3384989112382755e-05,5.772568329120986e-05
ray_gpis_hit_only,Thin_Irregular,9,0,1,minus_x,minus_x,0.03476001300332332,0.03476001300332332,0.0,1.0,0.5,0.03476001300332332,-0.016546360164981677,-0.0011224065295734054,8.634156256448478e-05,4.875449667451903e-05,3.655935506685637e-05
ray_gpis_hit_only,Thin_Irregular,9,0,2,minus_x,minus_x,0.14502549353472172,0.14502549353472172,0.0,1.0,0.5,0.14502549353472172,0.03704975162672319,0.0944019354928346,6.866149487905204e-05,5.432826219475828e-05,4.8935737140709534e-05
ray_gpis_hit_only,Thin_Irregular,9,0,3,minus_y,minus_y,0.02867321059615613,0.02867321059615613,0.0,1.0,1.0,0.025794958086549857,0.02867321059615613,0.022204364910878405,3.2736996217863634e-05,3.363492214703001e-05,3.244536856072955e-05
ray_gpis_hit_only,Thin_Irregular,9,0,4,minus_x,minus_x,0.02309617182956647,0.02309617182956647,0.0,1.0,1.0,0.02309617182956647,0.007748467070876952,0.00846908782849698,3.088736048084684e-05,2.7583759219851345e-05,3.0095108741079457e-05
ray_gpis_hit_only,Thin_Irregular,10,0,0,minus_x,plus_z,0.033161859951669814,0.08163554467257955,0.04847368472090974,0.0,-1.0,0.033161859951669814,0.06581870601857964,0.08163554467257955,0.00012598831381183118,0.00010350906086387113,5.980519927106798e-05
ray_gpis_hit_only,Thin_Irregular,10,0,1,minus_y,minus_y,0.09195239174571801,0.09195239174571801,0.0,1.0,0.5,0.08342251019887725,0.09195239174571801,0.08866760194804935,0.00011494639329612255,0.00017476007633376867,3.473921969998628e-05
ray_gpis_hit_only,Thin_Irregular,10,0,2,minus_y,minus_y,0.04373367209162504,0.04373367209162504,0.0,1.0,0.5,0.04035690404146208,0.04373367209162504,0.04334927785661613,0.00012857357796747237,0.0001560460077598691,2.441112337692175e-05
ray_gpis_hit_only,Thin_Irregular,10,0,3,minus_y,minus_x,0.0019828749133681267,0.03230884102710996,0.03032596611374183,0.0,-0.5,0.03230884102710996,0.0019828749133681267,0.019105398488410197,0.00010420605394756421,0.00010572508472250775,2.5561828806530684e-05
ray_gpis_hit_only,Thin_Irregular,10,0,4,minus_x,minus_x,0.0700185990255251,0.0700185990255251,0.0,1.0,0.5,0.0700185990255251,0.020738610122234657,0.05022374462475221,0.00011602988524828106,0.00010186227154918015,3.1914914870867506e-05
ray_gpis_hit_only,Thin_Irregular,5,0,0,minus_x,plus_z,0.24374996672741517,0.3058666966313875,0.06211672990397232,0.0,-1.0,0.24374996672741517,0.293760780920325,0.3058666966313875,7.101841765688732e-05,6.494343688245863e-05,2.712437344598584e-05
ray_gpis_hit_only,Thin_Irregular,5,0,1,minus_x,minus_x,0.12731958890301975,0.12731958890301975,0.0,1.0,0.5,0.12731958890301975,0.026920128943613564,0.021013122159710962,7.134432235034183e-05,4.651741255656816e-05,5.117878026794642e-05
ray_gpis_hit_only,Thin_Irregular,5,0,2,minus_x,minus_x,0.12475412750569853,0.12475412750569853,0.0,1.0,0.5,0.12475412750569853,0.04595038804156604,0.06462682586289242,8.86973284650594e-05,7.08791776560247e-05,2.4007005777093582e-05
ray_gpis_hit_only,Thin_Irregular,5,0,3,minus_x,minus_x,0.11357446284750727,0.11357446284750727,0.0,1.0,1.0,0.11357446284750727,0.07201550125765677,0.005865599039661995,0.00012090282689314336,7.177519728429615e-05,2.4740238586673513e-05
ray_gpis_hit_only,Thin_Irregular,5,0,4,minus_x,minus_y,0.028926314143964516,0.07489836323914512,0.0459720490951806,0.0,0.5,0.028926314143964516,0.07489836323914512,0.0040505924619211875,0.00012261599476914853,6.886156188556924e-05,2.5928433387889527e-05
ray_gpis_hit_only,Thin_Irregular,11,0,0,minus_x,minus_x,0.18922273342969914,0.18922273342969914,0.0,1.0,1.0,0.18922273342969914,0.11266772870675679,0.07945939065159768,9.436607069801539e-05,5.895757203688845e-05,3.151922646793537e-05
ray_gpis_hit_only,Thin_Irregular,11,0,1,minus_x,minus_x,0.002113946860286209,0.002113946860286209,0.0,1.0,0.5,0.002113946860286209,-0.016685956430247284,-0.012184215746282478,8.190138032659888e-05,4.390924368635751e-05,3.378162728040479e-05
ray_gpis_hit_only,Thin_Irregular,11,0,2,minus_x,minus_x,0.07832483256958167,0.07832483256958167,0.0,1.0,1.0,0.07832483256958167,0.05175503266128689,0.06875693087679913,7.88595643825829e-05,3.101319816778414e-05,4.29062893090304e-05
ray_gpis_hit_only,Thin_Irregular,11,0,3,minus_x,minus_x,0.0941863917569783,0.0941863917569783,0.0,1.0,0.5,0.0941863917569783,0.024302060113094104,0.03293224197401079,0.00010506773833185434,4.441711280378513e-05,2.9868588171666488e-05
ray_gpis_hit_only,Thin_Irregular,11,0,4,minus_x,minus_x,0.10102550339526406,0.10102550339526406,0.0,1.0,1.0,0.10102550339526406,0.07106911330034538,0.06521556946424434,8.516803791280836e-05,5.628920916933566e-05,4.742740929941647e-05
ray_gpis_hit_only,Thin_Irregular,0,0,0,minus_y,plus_z,0.08922994119819921,0.11979749958594432,0.03056755838774511,0.0,-1.0,0.09757242154241014,0.08922994119819921,0.11979749958594432,7.811645627953112e-05,0.0001747536298353225,6.406622560461983e-05
ray_gpis_hit_only,Thin_Irregular,0,0,1,minus_x,minus_x,0.058485374496661136,0.058485374496661136,0.0,1.0,0.5,0.058485374496661136,-0.012304669985883476,0.037328419116826106,0.00013469831901602447,9.20334059628658e-05,6.482981552835554e-05
ray_gpis_hit_only,Thin_Irregular,0,0,2,minus_x,minus_x,0.18830530747517754,0.18830530747517754,0.0,1.0,0.5,0.18830530747517754,0.08327237508953028,0.16461445683584924,0.0001250727364094928,7.845602522138506e-05,2.821778252837248e-05
ray_gpis_hit_only,Thin_Irregular,0,0,3,minus_x,minus_x,0.11439564910143751,0.11439564910143751,0.0,1.0,0.5,0.11439564910143751,0.07567787570219298,0.03460049206833493,6.963968917261809e-05,3.442554225330241e-05,4.3027579522458836e-05
ray_gpis_hit_only,Thin_Irregular,0,0,4,minus_x,minus_x,0.05012595684245402,0.05012595684245402,0.0,1.0,0.5,0.05012595684245402,0.048012942168548456,0.021201535399301807,5.5380653066094965e-05,2.764795317489188e-05,4.724537575384602e-05
ray_gpis_novelty_only,green_Pepper,8,0,0,minus_y,minus_x,-0.01758679976587063,-0.0009714190870044881,0.016615380678866143,0.0,nan,-0.0009714190870044881,-0.01758679976587063,-0.04383939566055889,0.053546737879514694,0.053546737879514694,0.053546737879514694
ray_gpis_novelty_only,green_Pepper,8,0,1,plus_z,minus_y,0.11334331825792698,0.18493889672234376,0.07159557846441678,0.0,nan,0.1434558692825691,0.18493889672234376,0.11334331825792698,0.028969645500183105,0.028969645500183105,0.028969645500183105
ray_gpis_novelty_only,green_Pepper,8,0,2,plus_z,minus_x,0.11347158835599619,0.18128488600524778,0.06781329764925159,0.0,nan,0.18128488600524778,0.09442686646741705,0.11347158835599619,0.04682701453566551,0.04682701453566551,0.04682701453566551
ray_gpis_novelty_only,green_Pepper,8,0,3,plus_z,minus_x,-0.026824723796643246,0.02508684973604358,0.05191157353268683,0.0,nan,0.02508684973604358,-0.0015987937107291295,-0.026824723796643246,0.18397514522075653,0.18397514522075653,0.18397514522075653
ray_gpis_novelty_only,green_Pepper,8,0,4,plus_z,minus_x,0.017968035988565112,0.10663358439068027,0.08866554840211516,0.0,nan,0.10663358439068027,0.01876016855607532,0.017968035988565112,0.07189322263002396,0.07189322263002396,0.07189322263002396
ray_gpis_novelty_only,green_Pepper,13,0,0,minus_y,minus_x,0.12537889479714615,0.1604911505932285,0.03511225579608235,0.0,nan,0.1604911505932285,0.12537889479714615,0.023717483526329408,0.0981740653514862,0.0981740653514862,0.0981740653514862
ray_gpis_novelty_only,green_Pepper,13,0,1,plus_z,minus_y,0.024636187946732613,0.029771384843019555,0.005135196896286942,0.0,nan,0.010333306663160902,0.029771384843019555,0.024636187946732613,0.20855720341205597,0.20855720341205597,0.20855720341205597
ray_gpis_novelty_only,green_Pepper,13,0,2,minus_x,minus_x,0.11213397101454214,0.11213397101454214,0.0,1.0,1.0,0.11213397101454214,0.04599630586864489,0.04481202231475634,0.991872251033783,0.9573298692703247,0.7058635354042053
ray_gpis_novelty_only,green_Pepper,13,0,3,minus_x,minus_y,0.0481049714894658,0.06755972981865777,0.019454758329191968,0.0,-0.5,0.0481049714894658,0.06755972981865777,0.051002324809850896,0.9869471192359924,0.71232670545578,0.21228814125061035
ray_gpis_novelty_only,green_Pepper,13,0,4,minus_y,minus_x,0.06114503606885502,0.10120073832142717,0.040055702252572156,0.0,0.5,0.10120073832142717,0.06114503606885502,0.04275852061915397,0.9883849024772644,0.9895725250244141,0.7723008990287781
ray_gpis_novelty_only,green_Pepper,4,0,0,minus_x,minus_x,0.1781407531444179,0.1781407531444179,0.0,1.0,1.0,0.1781407531444179,0.06043964945336411,0.03615174703370316,0.823928952217102,0.5148213505744934,0.4578186273574829
ray_gpis_novelty_only,green_Pepper,4,0,1,minus_x,minus_x,0.1037529805108015,0.1037529805108015,0.0,1.0,1.0,0.1037529805108015,0.027588837758863893,0.025702250181505293,0.9488252997398376,0.3831579089164734,0.21458029747009277
ray_gpis_novelty_only,green_Pepper,4,0,2,minus_x,minus_x,0.18311002583961367,0.18311002583961367,0.0,1.0,1.0,0.18311002583961367,0.08775282458392153,0.02429501996940464,0.9219000339508057,0.4354685842990875,0.28986451029777527
ray_gpis_novelty_only,green_Pepper,4,0,3,minus_x,minus_x,0.010731959847324557,0.010731959847324557,0.0,1.0,0.5,0.010731959847324557,0.002616533204260918,0.005219541116078585,0.2900010645389557,0.28374984860420227,0.24867983162403107
ray_gpis_novelty_only,green_Pepper,4,0,4,minus_x,plus_z,0.011096730320243386,0.019111973589367337,0.00801524326912395,0.0,-1.0,0.011096730320243386,0.01516398147736775,0.019111973589367337,0.3042852580547333,0.295093297958374,0.24299706518650055
ray_gpis_novelty_only,green_Pepper,1,0,0,minus_x,plus_z,0.012895211825320274,0.05018390104973325,0.037288689224412974,0.0,-1.0,0.012895211825320274,0.02979454104169238,0.05018390104973325,0.8752279281616211,0.7555881142616272,0.33365774154663086
ray_gpis_novelty_only,green_Pepper,1,0,1,minus_x,minus_x,0.20557188151624517,0.20557188151624517,0.0,1.0,0.5,0.20557188151624517,0.045952499387975354,0.06969767739171878,0.8634093403816223,0.4827573299407959,0.3423512279987335
ray_gpis_novelty_only,green_Pepper,1,0,2,minus_x,minus_y,0.0011772167328782945,0.017581771353815556,0.01640455462093726,0.0,-0.5,0.0011772167328782945,0.017581771353815556,0.011225598185276464,0.8708279728889465,0.2763385474681854,0.21826565265655518
ray_gpis_novelty_only,green_Pepper,1,0,3,minus_x,minus_x,0.11686044534507545,0.11686044534507545,0.0,1.0,1.0,0.11686044534507545,0.046298494759369535,0.023146505364995185,0.850903332233429,0.34495091438293457,0.2165551632642746
ray_gpis_novelty_only,green_Pepper,1,0,4,minus_x,minus_x,0.09128216722850901,0.09128216722850901,0.0,1.0,1.0,0.09128216722850901,0.030050342065408575,0.011564260963843775,0.8927211761474609,0.36697033047676086,0.2584482729434967
ray_gpis_novelty_only,green_Pepper,12,0,0,minus_x,minus_x,0.24686665935560592,0.24686665935560592,0.0,1.0,nan,0.24686665935560592,0.13856808706186396,0.13472453349881985,0.12529948353767395,0.12529948353767395,0.12529948353767395
ray_gpis_novelty_only,green_Pepper,12,0,1,minus_x,minus_x,0.044805778777909255,0.044805778777909255,0.0,1.0,1.0,0.044805778777909255,0.031573332121050846,0.012030663004727549,0.9184308052062988,0.6399109959602356,0.2179608792066574
ray_gpis_novelty_only,green_Pepper,12,0,2,minus_x,minus_x,0.14844872152638455,0.14844872152638455,0.0,1.0,1.0,0.14844872152638455,0.058527735193983466,0.05550390457177756,0.9936863780021667,0.846674919128418,0.21379327774047852
ray_gpis_novelty_only,green_Pepper,12,0,3,minus_x,minus_x,0.10570917053530315,0.10570917053530315,0.0,1.0,1.0,0.10570917053530315,0.026344769859728112,0.008340310537038431,0.9052127003669739,0.5712523460388184,0.21055945754051208
ray_gpis_novelty_only,green_Pepper,12,0,4,minus_y,plus_z,0.007919439844292775,0.01767224568902359,0.009752805844730816,0.0,-1.0,0.015245819831201546,0.007919439844292775,0.01767224568902359,0.4740699529647827,0.47880780696868896,0.2892884612083435
ray_gpis_novelty_only,green_Pepper,7,0,0,minus_x,minus_x,0.18392165294369878,0.18392165294369878,0.0,1.0,0.5,0.18392165294369878,0.035038947518620855,0.03912327616788258,0.8008434176445007,0.37713688611984253,0.28083857893943787
ray_gpis_novelty_only,green_Pepper,7,0,1,minus_x,minus_x,0.02952860993055273,0.02952860993055273,0.0,1.0,0.5,0.02952860993055273,-0.024185532088402795,-0.017369307341615237,0.9210705757141113,0.5002784729003906,0.24356737732887268
ray_gpis_novelty_only,green_Pepper,7,0,2,minus_x,minus_x,0.18157190855595629,0.18157190855595629,0.0,1.0,1.0,0.18157190855595629,0.10173894386258764,0.10505273991679265,0.7094689607620239,0.3306387960910797,0.5092402696609497
ray_gpis_novelty_only,green_Pepper,7,0,3,minus_y,plus_z,0.04322878593626156,0.07457474092939387,0.03134595499313231,0.0,-1.0,0.07305927814690172,0.04322878593626156,0.07457474092939387,0.2342296540737152,0.2500259280204773,0.23230084776878357
ray_gpis_novelty_only,green_Pepper,7,0,4,plus_z,minus_x,0.02481359317128129,0.02934970758100852,0.004536114409727232,0.0,-0.5,0.02934970758100852,0.02091171393542346,0.02481359317128129,0.22007127106189728,0.22894887626171112,0.2330416738986969
ray_gpis_novelty_only,green_Pepper,14,0,0,plus_z,minus_x,0.0680158678167887,0.07836510301093036,0.01034923519414166,0.0,nan,0.07836510301093036,0.02426992942072459,0.0680158678167887,0.11218752712011337,0.11218752712011337,0.11218752712011337
ray_gpis_novelty_only,green_Pepper,14,0,1,minus_x,minus_x,0.1549871762600436,0.1549871762600436,0.0,1.0,1.0,0.1549871762600436,0.1274055422934613,0.08718128581497225,0.946329653263092,0.41219836473464966,0.21632353961467743
ray_gpis_novelty_only,green_Pepper,14,0,2,minus_x,minus_x,0.16746630205272317,0.16746630205272317,0.0,1.0,1.0,0.16746630205272317,0.0866104161979826,0.06182367160167157,0.9216710925102234,0.6515699028968811,0.2158326357603073
ray_gpis_novelty_only,green_Pepper,14,0,3,minus_x,minus_x,0.02700932311278459,0.02700932311278459,0.0,1.0,1.0,0.02700932311278459,0.022072139654699785,0.018937621274994876,0.7280785441398621,0.7186792492866516,0.2759111225605011
ray_gpis_novelty_only,green_Pepper,14,0,4,minus_x,minus_x,0.09245331432223947,0.09245331432223947,0.0,1.0,1.0,0.09245331432223947,0.04260602747666464,0.025060270927252937,0.6875740885734558,0.6774226427078247,0.2586020827293396
ray_gpis_novelty_only,green_Pepper,2,0,0,plus_z,minus_x,0.09276716595842,0.22984736849327025,0.13708020253485026,0.0,nan,0.22984736849327025,0.16341295987556592,0.09276716595842,0.18880055844783783,0.18880055844783783,0.18880055844783783
ray_gpis_novelty_only,green_Pepper,2,0,1,minus_x,minus_y,0.08998655007096878,0.16991056329948012,0.07992401322851134,0.0,-0.5,0.08998655007096878,0.16991056329948012,0.10072974118866584,0.9197402000427246,0.668295681476593,0.4293510913848877
ray_gpis_novelty_only,green_Pepper,2,0,2,minus_x,minus_x,0.14398556728431283,0.14398556728431283,0.0,1.0,1.0,0.14398556728431283,0.09234260226077634,0.0459045732794468,0.9688758850097656,0.6245477199554443,0.28520962595939636
ray_gpis_novelty_only,green_Pepper,2,0,3,minus_x,minus_x,0.054052660502933,0.054052660502933,0.0,1.0,1.0,0.054052660502933,0.04534844016225392,0.038114048370617715,0.9783084988594055,0.7626708745956421,0.3478318750858307
ray_gpis_novelty_only,green_Pepper,2,0,4,minus_x,minus_x,0.11851826450060121,0.11851826450060121,0.0,1.0,1.0,0.11851826450060121,0.037367654047059995,0.08710794899171592,0.8271706104278564,0.2726718783378601,0.4979732036590576
ray_gpis_novelty_only,green_Pepper,6,0,0,minus_x,plus_z,0.13340213637282156,0.2294723739123855,0.09607023753956395,0.0,-0.5,0.13340213637282156,0.22937900540084294,0.2294723739123855,0.6534047722816467,0.24750418961048126,0.29957422614097595
ray_gpis_novelty_only,green_Pepper,6,0,1,minus_x,minus_y,0.14819344122030664,0.20492669274596637,0.05673325152565972,0.0,nan,0.14819344122030664,0.20492669274596637,0.06863037798891031,0.16621798276901245,0.16621798276901245,0.16621798276901245
ray_gpis_novelty_only,green_Pepper,6,0,2,minus_x,minus_x,0.17478042358513818,0.17478042358513818,0.0,1.0,1.0,0.17478042358513818,0.06041300836469382,0.04882239695671137,0.8909648060798645,0.8486335873603821,0.2379646599292755
ray_gpis_novelty_only,green_Pepper,6,0,3,minus_x,minus_x,0.1316215485370711,0.1316215485370711,0.0,1.0,1.0,0.1316215485370711,0.04831261403430731,0.014499379440403137,0.6577394604682922,0.3175963759422302,0.308231383562088
ray_gpis_novelty_only,green_Pepper,6,0,4,plus_z,minus_x,0.03056858814663188,0.06202047036207636,0.03145188221544448,0.0,-1.0,0.06202047036207636,0.05944665725425535,0.03056858814663188,0.2952522933483124,0.39891165494918823,0.43479013442993164
ray_gpis_novelty_only,green_Pepper,3,0,0,plus_z,minus_x,0.07971610026557874,0.17599491231689296,0.09627881205131422,0.0,nan,0.17599491231689296,0.0761970738354939,0.07971610026557874,0.08078990876674652,0.08078990876674652,0.08078990876674652
ray_gpis_novelty_only,green_Pepper,3,0,1,minus_x,minus_x,0.21591414958668081,0.21591414958668081,0.0,1.0,1.0,0.21591414958668081,0.06467299773540086,0.014433853083854975,0.9543049335479736,0.7922132611274719,0.2166660726070404
ray_gpis_novelty_only,green_Pepper,3,0,2,minus_x,minus_x,0.11776399083242961,0.11776399083242961,0.0,1.0,0.5,0.11776399083242961,0.03767583176126432,0.03253779178839211,0.9496763348579407,0.2752254009246826,0.3942112326622009
ray_gpis_novelty_only,green_Pepper,3,0,3,minus_x,minus_x,0.0979392394992622,0.0979392394992622,0.0,1.0,1.0,0.0979392394992622,0.023594016180871535,0.019628693633100158,0.8589720726013184,0.3821379244327545,0.35152846574783325
ray_gpis_novelty_only,green_Pepper,3,0,4,minus_x,minus_x,0.06125338989889284,0.06125338989889284,0.0,1.0,0.5,0.06125338989889284,0.04050825582631834,0.018387200592967612,0.5486831665039062,0.3146287500858307,0.3637475371360779
ray_gpis_novelty_only,green_Pepper,9,0,0,minus_x,minus_x,0.02183942002002437,0.02183942002002437,0.0,1.0,1.0,0.02183942002002437,0.008273054607705277,0.00776889800575753,0.8774534463882446,0.6856195330619812,0.37416014075279236
ray_gpis_novelty_only,green_Pepper,9,0,1,minus_x,minus_y,0.21048215455002633,0.21684023617757459,0.006358081627548251,0.0,-0.5,0.21048215455002633,0.21684023617757459,0.16170962221043456,0.7801986336708069,0.2172994464635849,0.24510414898395538
ray_gpis_novelty_only,green_Pepper,9,0,2,minus_x,plus_z,0.04276970002338176,0.08995928876512249,0.04718958874174073,0.0,0.5,0.04276970002338176,0.021474080187841027,0.08995928876512249,0.7908807396888733,0.21469135582447052,0.21833983063697815
ray_gpis_novelty_only,green_Pepper,9,0,3,minus_x,minus_x,0.04217128691017491,0.04217128691017491,0.0,1.0,1.0,0.04217128691017491,0.003810882293432183,0.01590659551372242,0.850635826587677,0.21650023758411407,0.3913552165031433
ray_gpis_novelty_only,green_Pepper,9,0,4,minus_x,minus_x,0.1294435527194615,0.1294435527194615,0.0,1.0,1.0,0.1294435527194615,0.004392365816521471,0.10207250000154444,0.8638049364089966,0.21676640212535858,0.3121338486671448
ray_gpis_novelty_only,green_Pepper,10,0,0,minus_x,minus_y,0.043949744109855915,0.08141164665019779,0.037461902540341874,0.0,0.5,0.043949744109855915,0.08141164665019779,0.019904337028452068,0.7796463370323181,0.3013852834701538,0.24320605397224426
ray_gpis_novelty_only,green_Pepper,10,0,1,minus_x,minus_x,0.20532434403395028,0.20532434403395028,0.0,1.0,1.0,0.20532434403395028,0.06924991645412382,0.06500264716529858,0.8949591517448425,0.5179435610771179,0.39762935042381287
ray_gpis_novelty_only,green_Pepper,10,0,2,minus_x,minus_y,0.012973779969313481,0.0188139949184849,0.005840214949171418,0.0,0.5,0.012973779969313481,0.0188139949184849,0.006960462302009085,0.8826572299003601,0.4037267863750458,0.24049411714076996
ray_gpis_novelty_only,green_Pepper,10,0,3,minus_x,plus_z,0.04748760697062948,0.07360143924284512,0.026113832272215642,0.0,-1.0,0.04748760697062948,0.04776895468950615,0.07360143924284512,0.9894382357597351,0.4821047782897949,0.3300322890281677
ray_gpis_novelty_only,green_Pepper,10,0,4,minus_x,minus_x,0.10290812125942173,0.10290812125942173,0.0,1.0,0.5,0.10290812125942173,0.0029521482442202984,0.05469445705777509,0.9898673295974731,0.43553096055984497,0.265384703874588
ray_gpis_novelty_only,green_Pepper,5,0,0,plus_z,minus_x,0.0981863614595791,0.20224855392283947,0.10406219246326037,0.0,nan,0.20224855392283947,0.16738456592079498,0.0981863614595791,0.0678788274526596,0.0678788274526596,0.0678788274526596
ray_gpis_novelty_only,green_Pepper,5,0,1,minus_x,minus_x,0.22925174687244348,0.22925174687244348,0.0,1.0,1.0,0.22925174687244348,0.07798153598470553,0.04166671777893083,0.9865244626998901,0.8333976864814758,0.24141426384449005
ray_gpis_novelty_only,green_Pepper,5,0,2,minus_x,minus_x,0.09380069906501887,0.09380069906501887,0.0,1.0,1.0,0.09380069906501887,0.03278589202608684,0.029352185580504564,0.9691029191017151,0.5713145136833191,0.5425999760627747
ray_gpis_novelty_only,green_Pepper,5,0,3,minus_x,minus_x,0.06826123859503908,0.06826123859503908,0.0,1.0,0.5,0.06826123859503908,0.006010591808994659,0.026741287346715104,0.9438855051994324,0.7053556442260742,0.40751948952674866
ray_gpis_novelty_only,green_Pepper,5,0,4,minus_y,minus_x,0.05349179065106813,0.09992135661523804,0.04642956596416992,0.0,0.5,0.09992135661523804,0.05349179065106813,0.04112820251205507,0.8573822975158691,0.8751704096794128,0.8462290167808533
ray_gpis_novelty_only,green_Pepper,11,0,0,minus_x,minus_x,0.22682422782268813,0.22682422782268813,0.0,1.0,0.5,0.22682422782268813,0.11498967326942922,0.13194623226588337,0.8691408038139343,0.4786173701286316,0.41496288776397705
ray_gpis_novelty_only,green_Pepper,11,0,1,minus_x,minus_x,0.16478788474863204,0.16478788474863204,0.0,1.0,1.0,0.16478788474863204,0.047526439725174896,0.03502917399377414,0.9350863695144653,0.45074114203453064,0.3514815866947174
ray_gpis_novelty_only,green_Pepper,11,0,2,minus_x,minus_x,0.04954215075173385,0.04954215075173385,0.0,1.0,1.0,0.04954215075173385,0.03955052852991636,0.03856776840557541,0.6305121183395386,0.42494186758995056,0.23937742412090302
ray_gpis_novelty_only,green_Pepper,11,0,3,minus_x,minus_x,0.06642626344818736,0.06642626344818736,0.0,1.0,0.5,0.06642626344818736,0.011720085888885734,0.04174563762243677,0.4065427780151367,0.31180933117866516,0.29012545943260193
ray_gpis_novelty_only,green_Pepper,11,0,4,minus_y,minus_x,0.0196154570722209,0.03285717861573656,0.013241721543515661,0.0,-0.5,0.03285717861573656,0.0196154570722209,0.020108783213771075,0.2905983626842499,0.3259696662425995,0.21559934318065643
ray_gpis_novelty_only,green_Pepper,0,0,0,minus_x,minus_x,0.2753694918455501,0.2753694918455501,0.0,1.0,nan,0.2753694918455501,0.024869292523809206,0.05919284057400909,0.16007809340953827,0.16007809340953827,0.16007809340953827
ray_gpis_novelty_only,green_Pepper,0,0,1,minus_x,minus_x,0.18267472921072125,0.18267472921072125,0.0,1.0,0.5,0.18267472921072125,0.05218928616674712,0.06771102479575641,0.8457126021385193,0.28707829117774963,0.22585904598236084
ray_gpis_novelty_only,green_Pepper,0,0,2,minus_y,minus_x,0.003070515798332507,0.07251784887165669,0.06944733307332418,0.0,-0.5,0.07251784887165669,0.003070515798332507,0.03950740740444869,0.3517877161502838,0.3677027225494385,0.31399908661842346
ray_gpis_novelty_only,green_Pepper,0,0,3,plus_z,plus_z,0.0410727257952852,0.0410727257952852,0.0,1.0,1.0,0.023519833214511898,0.014632952105669506,0.0410727257952852,0.3514120876789093,0.3124425709247589,0.37323281168937683
ray_gpis_novelty_only,green_Pepper,0,0,4,minus_x,minus_x,0.04659262178372714,0.04659262178372714,0.0,1.0,1.0,0.04659262178372714,0.004948186480027927,0.008318309753804543,0.3766990303993225,0.21234948933124542,0.24034392833709717
ray_gpis_novelty_only,Corner,8,0,0,minus_x,minus_x,0.20024570391595886,0.20024570391595886,0.0,1.0,0.5,0.20024570391595886,0.07194203077588929,0.07464264238553209,0.9150632619857788,0.8872630596160889,0.7544419169425964
ray_gpis_novelty_only,Corner,8,0,1,minus_x,minus_x,0.05656113626361625,0.05656113626361625,0.0,1.0,1.0,0.05656113626361625,0.046929292800861555,0.02558551473932058,0.8487626910209656,0.8163022994995117,0.3404483497142792
ray_gpis_novelty_only,Corner,8,0,2,minus_x,minus_x,0.08628339227166959,0.08628339227166959,0.0,1.0,0.5,0.08628339227166959,0.024327500953229553,0.026498309471901682,0.8368911743164062,0.5903245806694031,0.2141340970993042
ray_gpis_novelty_only,Corner,8,0,3,minus_x,minus_x,0.12705668165842565,0.12705668165842565,0.0,1.0,0.5,0.12705668165842565,0.08319954151881837,0.0665721616004703,0.8082894682884216,0.4101963937282562,0.41314539313316345
ray_gpis_novelty_only,Corner,8,0,4,minus_y,minus_y,0.07982311217762084,0.07982311217762084,0.0,1.0,0.5,0.019602003763607656,0.07982311217762084,0.023253221499474064,0.4800626337528229,0.7286601066589355,0.2133915275335312
ray_gpis_novelty_only,Corner,13,0,0,minus_x,minus_x,0.17414205333868754,0.17414205333868754,0.0,1.0,0.5,0.17414205333868754,0.05205120630218346,0.06748348765119111,0.910873532295227,0.5751939415931702,0.3465287387371063
ray_gpis_novelty_only,Corner,13,0,1,minus_x,minus_y,-0.007098790067646132,0.008296616800712031,0.015395406868358164,0.0,0.5,-0.007098790067646132,0.008296616800712031,-0.0317579440590634,0.8768835663795471,0.305146187543869,0.22793392837047577
ray_gpis_novelty_only,Corner,13,0,2,minus_x,minus_x,0.19503088189320306,0.19503088189320306,0.0,1.0,0.5,0.19503088189320306,0.11027921860426904,0.11215819427336993,0.7114072442054749,0.4183160662651062,0.3803779184818268
ray_gpis_novelty_only,Corner,13,0,3,plus_z,plus_z,0.04179758523166599,0.04179758523166599,0.0,1.0,0.5,0.01841285114133817,0.021467151315814448,0.04179758523166599,0.2145698070526123,0.21370534598827362,0.21581058204174042
ray_gpis_novelty_only,Corner,13,0,4,minus_x,plus_z,0.025039519237206265,0.03324020684576401,0.008200687608557744,0.0,0.5,0.025039519237206265,0.02219492206518714,0.03324020684576401,0.22568778693675995,0.21386484801769257,0.21647515892982483
ray_gpis_novelty_only,Corner,4,0,0,minus_x,minus_x,0.16703792225759406,0.16703792225759406,0.0,1.0,1.0,0.16703792225759406,0.12030438708393465,0.08539291316226294,0.8953204154968262,0.8164376020431519,0.48987773060798645
ray_gpis_novelty_only,Corner,4,0,1,minus_x,minus_x,0.09753212268678857,0.09753212268678857,0.0,1.0,1.0,0.09753212268678857,0.014162799827387884,-0.007550195792913272,0.8361182808876038,0.5342389345169067,0.3234059512615204
ray_gpis_novelty_only,Corner,4,0,2,minus_x,minus_x,0.12421684172414027,0.12421684172414027,0.0,1.0,0.5,0.12421684172414027,0.08181899422358407,0.07921225297225598,0.5686749815940857,0.2612038552761078,0.33677148818969727
ray_gpis_novelty_only,Corner,4,0,3,minus_x,plus_z,-0.02229000401939729,-0.01316870893333999,0.009121295086057302,0.0,0.5,-0.02229000401939729,-0.0359714524153949,-0.01316870893333999,0.4473537504673004,0.24037344753742218,0.3298953175544739
ray_gpis_novelty_only,Corner,4,0,4,minus_x,plus_z,0.02314451935577644,0.02792019513323063,0.004775675777454191,0.0,0.5,0.02314451935577644,0.020400331662318805,0.02792019513323063,0.29857197403907776,0.21768160164356232,0.21967533230781555
ray_gpis_novelty_only,Corner,1,0,0,minus_x,minus_x,0.09795390943061683,0.09795390943061683,0.0,1.0,0.5,0.09795390943061683,0.028296929628615464,0.05577025137958158,0.9457058906555176,0.7825093269348145,0.5350879430770874
ray_gpis_novelty_only,Corner,1,0,1,minus_x,minus_x,0.1119170725994959,0.1119170725994959,0.0,1.0,0.5,0.1119170725994959,0.03762126036496605,0.030909279107543042,0.9674121737480164,0.6349945664405823,0.6748104095458984
ray_gpis_novelty_only,Corner,1,0,2,minus_x,minus_x,0.02960131615137651,0.02960131615137651,0.0,1.0,0.5,0.02960131615137651,0.009629671792972694,0.027311618410064353,0.8803699016571045,0.6654074192047119,0.4071682095527649
ray_gpis_novelty_only,Corner,1,0,3,minus_x,minus_x,0.03681314622003906,0.03681314622003906,0.0,1.0,1.0,0.03681314622003906,0.01078045102805214,0.0313775005138176,0.9049928784370422,0.4260445535182953,0.8622308373451233
ray_gpis_novelty_only,Corner,1,0,4,minus_x,minus_x,0.0860200099996179,0.0860200099996179,0.0,1.0,1.0,0.0860200099996179,0.053502344447687755,0.06519351390454431,0.875148594379425,0.24975793063640594,0.28912997245788574
ray_gpis_novelty_only,Corner,12,0,0,minus_x,minus_x,0.24072982569217116,0.24072982569217116,0.0,1.0,0.5,0.24072982569217116,0.13587355461980188,0.1440641972760266,0.8770319223403931,0.6689972877502441,0.25212159752845764
ray_gpis_novelty_only,Corner,12,0,1,minus_x,minus_x,0.02214791529897897,0.02214791529897897,0.0,1.0,0.5,0.02214791529897897,0.009081857543923322,0.016884510246782503,0.9240343570709229,0.8499079942703247,0.28637364506721497
ray_gpis_novelty_only,Corner,12,0,2,minus_x,minus_x,0.07458076947026904,0.07458076947026904,0.0,1.0,1.0,0.07458076947026904,0.05853190643362138,0.024634952390289233,0.9682102203369141,0.9414418339729309,0.45331016182899475
ray_gpis_novelty_only,Corner,12,0,3,minus_y,minus_y,0.036184997573870836,0.036184997573870836,0.0,1.0,1.0,0.020333620417083975,0.036184997573870836,0.00493033477377236,0.7438361048698425,0.8358454704284668,0.6673339605331421
ray_gpis_novelty_only,Corner,12,0,4,plus_z,plus_z,0.057748734880342045,0.057748734880342045,0.0,1.0,0.5,0.05585352009411193,0.041241869853956725,0.057748734880342045,0.7477812767028809,0.7969370484352112,0.8044410943984985
ray_gpis_novelty_only,Corner,7,0,0,minus_x,plus_z,0.0019516186564977334,0.06197887849509248,0.06002725983859475,0.0,-1.0,0.0019516186564977334,0.04178040453923576,0.06197887849509248,0.9134238362312317,0.7315787672996521,0.24432730674743652
ray_gpis_novelty_only,Corner,7,0,1,minus_x,minus_x,0.1910717550786969,0.1910717550786969,0.0,1.0,0.5,0.1910717550786969,0.052811800862046676,0.11588112642914994,0.9424552321434021,0.676222026348114,0.2374228984117508
ray_gpis_novelty_only,Corner,7,0,2,minus_x,minus_x,0.15492572816786054,0.15492572816786054,0.0,1.0,0.5,0.15492572816786054,0.05251772988449188,0.055370857099497406,0.8919742107391357,0.23510020971298218,0.2158423215150833
ray_gpis_novelty_only,Corner,7,0,3,minus_x,minus_x,0.08676236101411328,0.08676236101411328,0.0,1.0,1.0,0.08676236101411328,0.041638174099012715,0.04758065495468766,0.8242552876472473,0.3557744324207306,0.41791102290153503
ray_gpis_novelty_only,Corner,7,0,4,minus_x,plus_z,0.043416130627647376,0.044270110636819626,0.0008539800091722505,0.0,0.5,0.043416130627647376,0.007487119009596088,0.044270110636819626,0.5864923000335693,0.3156547248363495,0.3367574214935303
ray_gpis_novelty_only,Corner,14,0,0,minus_x,minus_x,0.1383418981961091,0.1383418981961091,0.0,1.0,1.0,0.1383418981961091,0.10521506080821363,0.06575145404103006,0.7867286205291748,0.6213452219963074,0.5008048415184021
ray_gpis_novelty_only,Corner,14,0,1,minus_x,minus_x,0.18587218696009955,0.18587218696009955,0.0,1.0,1.0,0.18587218696009955,0.08836908031652146,0.06486005948416684,0.6659736037254333,0.3560444414615631,0.21365074813365936
ray_gpis_novelty_only,Corner,14,0,2,minus_x,minus_x,-0.031280141158923525,-0.031280141158923525,0.0,1.0,1.0,-0.031280141158923525,-0.03433339951859293,-0.03668610987996346,0.8865765929222107,0.8403177261352539,0.2156737595796585
ray_gpis_novelty_only,Corner,14,0,3,minus_y,minus_y,0.14092371499495338,0.14092371499495338,0.0,1.0,1.0,0.11666413934381203,0.14092371499495338,0.05642839009222311,0.8032422065734863,0.8542720675468445,0.33648520708084106
ray_gpis_novelty_only,Corner,14,0,4,minus_y,minus_y,0.0715653191832657,0.0715653191832657,0.0,1.0,1.0,0.05192647039694276,0.0715653191832657,0.03160409863381253,0.49052152037620544,0.6261588335037231,0.21639016270637512
ray_gpis_novelty_only,Corner,2,0,0,plus_z,minus_x,0.06808823644289314,0.23698928808417863,0.1689010516412855,0.0,nan,0.23698928808417863,0.1573483611009875,0.06808823644289314,0.16709277033805847,0.16709277033805847,0.16709277033805847
ray_gpis_novelty_only,Corner,2,0,1,minus_x,minus_y,0.12538481033466758,0.148942851083038,0.023558040748370424,0.0,0.5,0.12538481033466758,0.148942851083038,0.03417426457973188,0.9879621267318726,0.9568442106246948,0.6241579651832581
ray_gpis_novelty_only,Corner,2,0,2,minus_y,minus_x,0.07864970470132315,0.098179905458751,0.01953020075742784,0.0,0.5,0.098179905458751,0.07864970470132315,0.06381205110680477,0.9182427525520325,0.9358464479446411,0.572536289691925
ray_gpis_novelty_only,Corner,2,0,3,minus_y,minus_y,0.0998009781090794,0.0998009781090794,0.0,1.0,1.0,0.09700717069752185,0.0998009781090794,0.056543308033388584,0.9756184220314026,0.9795109629631042,0.3436027467250824
ray_gpis_novelty_only,Corner,2,0,4,minus_x,minus_x,0.0038525562980776806,0.0038525562980776806,0.0,1.0,0.5,0.0038525562980776806,-0.01981269808770625,-0.015002193924870344,0.9681686758995056,0.7346376776695251,0.41442054510116577
ray_gpis_novelty_only,Corner,6,0,0,minus_x,minus_x,0.15198897424692426,0.15198897424692426,0.0,1.0,1.0,0.15198897424692426,0.1345661411467427,0.08135895837031903,0.8809370994567871,0.7542226314544678,0.36714673042297363
ray_gpis_novelty_only,Corner,6,0,1,minus_x,minus_x,0.07993952724747266,0.07993952724747266,0.0,1.0,1.0,0.07993952724747266,0.042531436208135376,0.012346434826128183,0.8934534192085266,0.6384347677230835,0.36549779772758484
ray_gpis_novelty_only,Corner,6,0,2,minus_x,minus_x,0.1071988258448896,0.1071988258448896,0.0,1.0,1.0,0.1071988258448896,0.02014034264232556,0.010105189001871295,0.7986646294593811,0.5652353763580322,0.21235665678977966
ray_gpis_novelty_only,Corner,6,0,3,minus_x,minus_x,0.05674640267425701,0.05674640267425701,0.0,1.0,0.5,0.05674640267425701,0.040237129371448854,0.03410215760420077,0.5756563544273376,0.2716962695121765,0.39521288871765137
ray_gpis_novelty_only,Corner,6,0,4,minus_y,minus_y,0.03970582453007976,0.03970582453007976,0.0,1.0,1.0,0.0035185855013166734,0.03970582453007976,0.00903168645096275,0.21357373893260956,0.39566460251808167,0.23747070133686066
ray_gpis_novelty_only,Corner,3,0,0,plus_z,minus_x,0.039068887807021224,0.19236525730709902,0.1532963695000778,0.0,nan,0.19236525730709902,0.14331011295690027,0.039068887807021224,0.2008085697889328,0.2008085697889328,0.2008085697889328
ray_gpis_novelty_only,Corner,3,0,1,plus_z,minus_x,0.06832997229460941,0.09944842657499703,0.03111845428038762,0.0,nan,0.09944842657499703,0.04387796122636306,0.06832997229460941,0.12411145120859146,0.12411145120859146,0.12411145120859146
ray_gpis_novelty_only,Corner,3,0,2,plus_z,plus_z,0.02902586728145684,0.02902586728145684,0.0,1.0,nan,0.007033279481722721,0.007684848299802205,0.02902586728145684,0.19998542964458466,0.19998542964458466,0.19998542964458466
ray_gpis_novelty_only,Corner,3,0,3,minus_x,minus_x,0.05264951365011761,0.05264951365011761,0.0,1.0,1.0,0.05264951365011761,0.0363310349731476,0.00583046717468505,0.9745904803276062,0.9388628602027893,0.4439779222011566
ray_gpis_novelty_only,Corner,3,0,4,minus_x,minus_x,0.046109545155012976,0.046109545155012976,0.0,1.0,1.0,0.046109545155012976,0.028849955375617298,0.023839301732736407,0.9938786625862122,0.4574691951274872,0.31704166531562805
ray_gpis_novelty_only,Corner,9,0,0,minus_y,minus_y,0.09882625023860414,0.09882625023860414,0.0,1.0,nan,0.07041672061145365,0.09882625023860414,0.07399573455036357,0.1473277062177658,0.1473277062177658,0.1473277062177658
ray_gpis_novelty_only,Corner,9,0,1,minus_y,minus_x,0.08500800829616251,0.10113442404858919,0.01612641575242668,0.0,0.5,0.10113442404858919,0.08500800829616251,0.037718517558383846,0.7630786895751953,0.7962643504142761,0.30714741349220276
ray_gpis_novelty_only,Corner,9,0,2,minus_y,minus_x,0.020318727690036953,0.11197358934448087,0.09165486165444392,0.0,-0.5,0.11197358934448087,0.020318727690036953,0.04242948255259704,0.6580697298049927,0.8499161005020142,0.5932034850120544
ray_gpis_novelty_only,Corner,9,0,3,minus_y,minus_x,0.09145074279379106,0.12504077022299043,0.033590027429199365,0.0,0.5,0.12504077022299043,0.09145074279379106,0.026648419715640692,0.8223867416381836,0.9443095922470093,0.6355195641517639
ray_gpis_novelty_only,Corner,9,0,4,minus_x,plus_z,0.004576443499234251,0.05657062059782614,0.05199417709859189,0.0,-1.0,0.004576443499234251,0.03703394010221872,0.05657062059782614,0.821010947227478,0.6676046848297119,0.5658743977546692
ray_gpis_novelty_only,Corner,10,0,0,minus_x,plus_z,0.03981895539442187,0.07399306423023339,0.03417410883581151,0.0,-1.0,0.03981895539442187,0.07214352881393965,0.07399306423023339,0.9359085559844971,0.8457173109054565,0.5345872044563293
ray_gpis_novelty_only,Corner,10,0,1,minus_x,minus_x,0.06849491720735257,0.06849491720735257,0.0,1.0,0.5,0.06849491720735257,0.0329563587208751,0.046174459571980186,0.9886966943740845,0.96410071849823,0.6126855611801147
ray_gpis_novelty_only,Corner,10,0,2,minus_x,minus_x,0.10657313238078925,0.10657313238078925,0.0,1.0,1.0,0.10657313238078925,0.022137920247190634,0.0036371619757612494,0.9718058705329895,0.9241408705711365,0.4014167785644531
ray_gpis_novelty_only,Corner,10,0,3,minus_x,minus_x,0.130962139380415,0.130962139380415,0.0,1.0,1.0,0.130962139380415,0.008976953449286063,0.0686458721041524,0.9006074070930481,0.5647146105766296,0.6848056316375732
ray_gpis_novelty_only,Corner,10,0,4,minus_x,minus_x,0.04408769009062552,0.04408769009062552,0.0,1.0,1.0,0.04408769009062552,0.003499653430193761,0.015849407512328773,0.6461769938468933,0.2995174825191498,0.6378197073936462
ray_gpis_novelty_only,Corner,5,0,0,minus_x,minus_x,0.3143362200826016,0.3143362200826016,0.0,1.0,1.0,0.3143362200826016,0.12490447367851476,0.17968442046423072,0.8917751312255859,0.772767186164856,0.7866451144218445
ray_gpis_novelty_only,Corner,5,0,1,minus_x,minus_x,0.09612063858619091,0.09612063858619091,0.0,1.0,0.5,0.09612063858619091,0.009405734261212828,0.011386491128775655,0.7197771072387695,0.6475512385368347,0.24883992969989777
ray_gpis_novelty_only,Corner,5,0,2,minus_x,minus_x,0.16137745458883535,0.16137745458883535,0.0,1.0,0.5,0.16137745458883535,0.0467368872566134,0.08510183994379117,0.6968727111816406,0.6129013895988464,0.46742871403694153
ray_gpis_novelty_only,Corner,5,0,3,minus_x,minus_y,-0.003102499511441592,0.010647710171331037,0.01375020968277263,0.0,-0.5,-0.003102499511441592,0.010647710171331037,0.0027113013485853266,0.2924289107322693,0.24413390457630157,0.21317259967327118
ray_gpis_novelty_only,Corner,5,0,4,plus_z,plus_z,-0.028879853681236134,-0.028879853681236134,0.0,1.0,0.5,-0.042457322647084794,-0.035592889060856225,-0.028879853681236134,0.22253349423408508,0.2177582085132599,0.2554996609687805
ray_gpis_novelty_only,Corner,11,0,0,minus_x,minus_y,0.054580248117484076,0.08324345049235271,0.028663202374868635,0.0,0.5,0.054580248117484076,0.08324345049235271,0.03534793510426493,0.8958641290664673,0.5976942777633667,0.22628122568130493
ray_gpis_novelty_only,Corner,11,0,1,minus_x,minus_y,0.012585975801167937,0.03806532322280254,0.0254793474216346,0.0,0.5,0.012585975801167937,0.03806532322280254,0.002665651644945477,0.9901163578033447,0.7411165237426758,0.21176846325397491
ray_gpis_novelty_only,Corner,11,0,2,minus_x,minus_x,0.14498407339851627,0.14498407339851627,0.0,1.0,0.5,0.14498407339851627,0.059632125799090274,0.06038218849307431,0.9986758232116699,0.8440267443656921,0.23539085686206818
ray_gpis_novelty_only,Corner,11,0,3,minus_y,minus_x,0.10480750703138053,0.1086843007491376,0.0038767937177570655,0.0,0.5,0.1086843007491376,0.10480750703138053,0.07415631159158753,0.958800196647644,0.993334949016571,0.26909831166267395
ray_gpis_novelty_only,Corner,11,0,4,minus_y,minus_y,0.08406672614762323,0.08406672614762323,0.0,1.0,1.0,0.07013343954985163,0.08406672614762323,0.05974261991212215,0.7253839373588562,0.813683807849884,0.5841647386550903
ray_gpis_novelty_only,Corner,0,0,0,minus_x,minus_x,0.18238136352028078,0.18238136352028078,0.0,1.0,nan,0.18238136352028078,0.06741428798588733,0.08183072001868447,0.13585932552814484,0.13585932552814484,0.13585932552814484
ray_gpis_novelty_only,Corner,0,0,1,minus_x,minus_x,0.18569419165183437,0.18569419165183437,0.0,1.0,1.0,0.18569419165183437,0.18038550178771934,0.13106963459472537,0.9934255480766296,0.6943296194076538,0.6564658284187317
ray_gpis_novelty_only,Corner,0,0,2,minus_x,minus_x,0.10985144834689042,0.10985144834689042,0.0,1.0,0.5,0.10985144834689042,0.014112986287710405,0.09558070245004269,0.7943663597106934,0.453972190618515,0.3618999421596527
ray_gpis_novelty_only,Corner,0,0,3,minus_x,minus_x,0.06704594975114742,0.06704594975114742,0.0,1.0,1.0,0.06704594975114742,0.02630109627213617,0.043782183742208214,0.7908214926719666,0.3522723317146301,0.3822041153907776
ray_gpis_novelty_only,Corner,0,0,4,minus_x,plus_z,0.013514076339290249,0.021585953137860936,0.008071876798570687,0.0,-0.5,0.013514076339290249,0.019692516844893593,0.021585953137860936,0.7459293007850647,0.40330949425697327,0.7300480008125305
ray_gpis_novelty_only,L_Shaped,8,0,0,plus_z,plus_z,0.3192274598082589,0.3192274598082589,0.0,1.0,nan,0.21257641220857876,0.19070432424295808,0.3192274598082589,0.21646563708782196,0.21646563708782196,0.21646563708782196
ray_gpis_novelty_only,L_Shaped,8,0,1,plus_z,minus_x,0.017399408029543317,0.031297885185969765,0.013898477156426448,0.0,nan,0.031297885185969765,0.007951940371297206,0.017399408029543317,0.10294618457555771,0.10294618457555771,0.10294618457555771
ray_gpis_novelty_only,L_Shaped,8,0,2,plus_z,minus_x,0.011731533904551394,0.10470544647279545,0.09297391256824405,0.0,nan,0.10470544647279545,0.057068583977154086,0.011731533904551394,0.11629591137170792,0.11629591137170792,0.11629591137170792
ray_gpis_novelty_only,L_Shaped,8,0,3,plus_z,minus_y,0.020895067391555222,0.04666541598593066,0.025770348594375436,0.0,nan,0.041767662935999206,0.04666541598593066,0.020895067391555222,0.1315513700246811,0.1315513700246811,0.1315513700246811
ray_gpis_novelty_only,L_Shaped,8,0,4,plus_z,minus_x,0.011259196254796211,0.05341799043054529,0.04215879417574908,0.0,nan,0.05341799043054529,0.02198733023138799,0.011259196254796211,0.17472530901432037,0.17472530901432037,0.17472530901432037
ray_gpis_novelty_only,L_Shaped,13,0,0,minus_y,plus_z,0.05281728835559707,0.054828670296239834,0.0020113819406427647,0.0,nan,0.036914111661208504,0.05281728835559707,0.054828670296239834,0.15657806396484375,0.15657806396484375,0.15657806396484375
ray_gpis_novelty_only,L_Shaped,13,0,1,minus_x,plus_z,0.012172604398226206,0.034589951256711715,0.02241734685848551,0.0,-0.5,0.012172604398226206,0.004627400124438019,0.034589951256711715,0.9924339056015015,0.9168192148208618,0.3588542342185974
ray_gpis_novelty_only,L_Shaped,13,0,2,minus_y,plus_z,0.015031837434457629,0.022214482996612384,0.007182645562154755,0.0,nan,0.008746014837015592,0.015031837434457629,0.022214482996612384,0.16206033527851105,0.16206033527851105,0.16206033527851105
ray_gpis_novelty_only,L_Shaped,13,0,3,minus_x,minus_x,0.09067929799008262,0.09067929799008262,0.0,1.0,1.0,0.09067929799008262,0.05905313062673628,0.030670000433954125,0.9970709681510925,0.9251088500022888,0.3689410388469696
ray_gpis_novelty_only,L_Shaped,13,0,4,minus_x,plus_z,0.011919422966673254,0.03199182652685606,0.020072403560182805,0.0,-1.0,0.011919422966673254,0.026312186417284944,0.03199182652685606,0.9997380971908569,0.9987214207649231,0.3530631363391876
ray_gpis_novelty_only,L_Shaped,4,0,0,minus_x,minus_x,0.17581744295578883,0.17581744295578883,0.0,1.0,1.0,0.17581744295578883,0.1004991615630969,0.03018051628067575,0.7037272453308105,0.3436643183231354,0.2736431956291199
ray_gpis_novelty_only,L_Shaped,4,0,1,minus_x,minus_x,0.1934099197208149,0.1934099197208149,0.0,1.0,1.0,0.1934099197208149,0.01106753167519059,0.05342633650632067,0.7107784152030945,0.2451918125152588,0.3072451055049896
ray_gpis_novelty_only,L_Shaped,4,0,2,minus_x,minus_y,0.011089544029718956,0.014577721129536814,0.0034881770998178574,0.0,-0.5,0.011089544029718956,0.014577721129536814,0.007988157881244073,0.4844052791595459,0.2656886875629425,0.41643375158309937
ray_gpis_novelty_only,L_Shaped,4,0,3,plus_z,minus_x,0.02833129122972644,0.07169941740576213,0.04336812617603569,0.0,0.5,0.07169941740576213,0.023301622661814014,0.02833129122972644,0.3260743319988251,0.31437948346138,0.42562833428382874
ray_gpis_novelty_only,L_Shaped,4,0,4,plus_z,minus_x,0.029791024645254183,0.04050429662542976,0.010713271980175576,0.0,-0.5,0.04050429662542976,0.03353215315819846,0.029791024645254183,0.4214089810848236,0.31394636631011963,0.43517404794692993
ray_gpis_novelty_only,L_Shaped,1,0,0,minus_x,minus_y,-0.037789355792199386,0.028782638054236753,0.06657199384643614,0.0,-0.5,-0.037789355792199386,0.028782638054236753,0.010560897679591452,0.8854725956916809,0.5916265845298767,0.2713716924190521
ray_gpis_novelty_only,L_Shaped,1,0,1,minus_y,minus_x,0.053374884354408736,0.2061871029701633,0.15281221861575456,0.0,nan,0.2061871029701633,0.053374884354408736,0.12641912728889693,0.19160349667072296,0.19160349667072296,0.19160349667072296
ray_gpis_novelty_only,L_Shaped,1,0,2,plus_z,plus_z,0.049756928706531645,0.049756928706531645,0.0,1.0,nan,0.018582066611049053,0.025590585998997273,0.049756928706531645,0.16818946599960327,0.16818946599960327,0.16818946599960327
ray_gpis_novelty_only,L_Shaped,1,0,3,plus_z,minus_x,0.020980890226030557,0.08751397162040547,0.06653308139437492,0.0,nan,0.08751397162040547,0.04973406057938495,0.020980890226030557,0.1614159792661667,0.1614159792661667,0.1614159792661667
ray_gpis_novelty_only,L_Shaped,1,0,4,plus_z,minus_y,0.009168760190507885,0.07676242317186782,0.06759366298135994,0.0,nan,0.044482278736257375,0.07676242317186782,0.009168760190507885,0.1724683940410614,0.1724683940410614,0.1724683940410614
ray_gpis_novelty_only,L_Shaped,12,0,0,minus_x,minus_y,-0.024848011414316806,0.016952660432518307,0.041800671846835113,0.0,-0.5,-0.024848011414316806,0.016952660432518307,0.01303589606336314,0.7540260553359985,0.35198259353637695,0.2977837026119232
ray_gpis_novelty_only,L_Shaped,12,0,1,minus_x,minus_x,0.22544315322197,0.22544315322197,0.0,1.0,1.0,0.22544315322197,0.07604676448283199,0.1511942999012707,0.9449329376220703,0.3631332218647003,0.5343380570411682
ray_gpis_novelty_only,L_Shaped,12,0,2,minus_x,minus_x,0.08157065993330548,0.08157065993330548,0.0,1.0,0.5,0.08157065993330548,-0.023700449076309638,0.01880193318885426,0.7148072123527527,0.6163198351860046,0.27975931763648987
ray_gpis_novelty_only,L_Shaped,12,0,3,minus_y,minus_x,0.001515228810114122,0.04652636438460955,0.04501113557449543,0.0,-0.5,0.04652636438460955,0.001515228810114122,0.007665728796148796,0.45156940817832947,0.4776814877986908,0.3779269754886627
ray_gpis_novelty_only,L_Shaped,12,0,4,minus_x,minus_x,0.10532404056022282,0.10532404056022282,0.0,1.0,1.0,0.10532404056022282,0.066937711050581,0.05075488616629975,0.3109220862388611,0.299518346786499,0.21454468369483948
ray_gpis_novelty_only,L_Shaped,7,0,0,minus_y,minus_y,0.1548190039438178,0.1548190039438178,0.0,1.0,nan,0.14741071125683436,0.1548190039438178,0.10706851823527047,0.20824138820171356,0.20824138820171356,0.20824138820171356
ray_gpis_novelty_only,L_Shaped,7,0,1,minus_x,minus_y,0.16644098267714053,0.20794304706819994,0.04150206439105941,0.0,0.5,0.16644098267714053,0.20794304706819994,0.019933423616615764,0.9287227988243103,0.8240208625793457,0.26532629132270813
ray_gpis_novelty_only,L_Shaped,7,0,2,minus_x,minus_x,0.07335189849423307,0.07335189849423307,0.0,1.0,1.0,0.07335189849423307,0.047794770404210984,0.020380296576669288,0.7156588435173035,0.4103564918041229,0.30107203125953674
ray_gpis_novelty_only,L_Shaped,7,0,3,minus_x,minus_x,0.1045707801631729,0.1045707801631729,0.0,1.0,1.0,0.1045707801631729,0.08942945895315457,0.01840406084151036,0.6510140895843506,0.5377764105796814,0.2550745904445648
ray_gpis_novelty_only,L_Shaped,7,0,4,minus_x,minus_y,0.0792167963812822,0.09304995061061694,0.013833154229334732,0.0,0.5,0.0792167963812822,0.09304995061061694,0.018881871287016683,0.37018021941185,0.33436575531959534,0.28496015071868896
ray_gpis_novelty_only,L_Shaped,14,0,0,plus_z,minus_x,0.09140569359850559,0.1539691866958116,0.06256349309730602,0.0,nan,0.1539691866958116,0.05651501805350467,0.09140569359850559,0.15351513028144836,0.15351513028144836,0.15351513028144836
ray_gpis_novelty_only,L_Shaped,14,0,1,minus_x,minus_y,0.0374611400556516,0.06639557608513624,0.028934436029484645,0.0,-0.5,0.0374611400556516,0.06639557608513624,0.0426257329521299,0.9472291469573975,0.8516645431518555,0.358248770236969
ray_gpis_novelty_only,L_Shaped,14,0,2,minus_x,minus_x,0.10356299294626237,0.10356299294626237,0.0,1.0,0.5,0.10356299294626237,0.003006583256726425,0.00580747798784631,0.9946621656417847,0.6595516800880432,0.21276912093162537
ray_gpis_novelty_only,L_Shaped,14,0,3,minus_x,minus_x,0.1528543946436388,0.1528543946436388,0.0,1.0,1.0,0.1528543946436388,0.03778609180502146,0.017616027936517176,0.9841334223747253,0.7429688572883606,0.4352622926235199
ray_gpis_novelty_only,L_Shaped,14,0,4,minus_x,minus_x,0.09518923026874115,0.09518923026874115,0.0,1.0,0.5,0.09518923026874115,0.031365254243348906,0.03763363513801776,0.5146424770355225,0.3276241421699524,0.2386719435453415
ray_gpis_novelty_only,L_Shaped,2,0,0,plus_z,plus_z,0.10683842954970824,0.10683842954970824,0.0,1.0,nan,0.09943172046466436,0.09523358948656951,0.10683842954970824,0.01510231476277113,0.01510231476277113,0.01510231476277113
ray_gpis_novelty_only,L_Shaped,2,0,1,minus_x,minus_y,0.04609177878178211,0.04821253898375938,0.0021207602019772676,0.0,nan,0.04609177878178211,0.04821253898375938,0.042246012829728896,0.03762108087539673,0.03762108087539673,0.03762108087539673
ray_gpis_novelty_only,L_Shaped,2,0,2,minus_x,minus_x,0.06776460281998342,0.06776460281998342,0.0,1.0,nan,0.06776460281998342,0.033914095361544216,0.015306025750286278,0.002348315203562379,0.002348315203562379,0.002348315203562379
ray_gpis_novelty_only,L_Shaped,2,0,3,minus_x,minus_x,0.12388998830010811,0.12388998830010811,0.0,1.0,nan,0.12388998830010811,0.03232121429349066,0.018366364058165163,0.07682474702596664,0.07682474702596664,0.07682474702596664
ray_gpis_novelty_only,L_Shaped,2,0,4,minus_x,minus_y,0.07719725168726288,0.07804280035881361,0.0008455486715507332,0.0,0.5,0.07719725168726288,0.07804280035881361,0.00278610887338826,0.9992504119873047,0.9974660277366638,0.2592291235923767
ray_gpis_novelty_only,L_Shaped,6,0,0,minus_y,minus_x,0.08721958993581358,0.08910691303384194,0.0018873230980283595,0.0,0.5,0.08910691303384194,0.08721958993581358,0.05845648456910846,0.8650607466697693,0.8653551340103149,0.32660341262817383
ray_gpis_novelty_only,L_Shaped,6,0,1,minus_y,minus_x,0.08125982194454329,0.10463595942623927,0.02337613748169598,0.0,0.5,0.10463595942623927,0.08125982194454329,-0.000756629558924804,0.8843744397163391,0.9600770473480225,0.25196242332458496
ray_gpis_novelty_only,L_Shaped,6,0,2,minus_x,minus_y,0.03719190392973326,0.14374309181172595,0.10655118788199269,0.0,-0.5,0.03719190392973326,0.14374309181172595,0.04389073214732575,0.8359909057617188,0.6190411448478699,0.21540100872516632
ray_gpis_novelty_only,L_Shaped,6,0,3,minus_x,minus_y,0.09304163285242151,0.12101470057407415,0.027973067721652645,0.0,0.5,0.09304163285242151,0.12101470057407415,0.03974163102018735,0.8908233046531677,0.8866493105888367,0.26371854543685913
ray_gpis_novelty_only,L_Shaped,6,0,4,minus_y,minus_x,0.07260909430829776,0.09953709253166254,0.02692799822336478,0.0,0.5,0.09953709253166254,0.07260909430829776,0.02552438426111392,0.9650869965553284,0.9655309319496155,0.21300464868545532
ray_gpis_novelty_only,L_Shaped,3,0,0,plus_z,minus_y,0.05727292809613954,0.06459730210416198,0.007324374008022438,0.0,nan,0.042684291259657836,0.06459730210416198,0.05727292809613954,0.046391043812036514,0.046391043812036514,0.046391043812036514
ray_gpis_novelty_only,L_Shaped,3,0,1,minus_x,plus_z,0.009085206420474945,0.11259516729802987,0.10350996087755493,0.0,-1.0,0.009085206420474945,0.09505945898259682,0.11259516729802987,0.973504900932312,0.9169732928276062,0.8820087313652039
ray_gpis_novelty_only,L_Shaped,3,0,2,minus_x,minus_x,0.054944825838471156,0.054944825838471156,0.0,1.0,0.5,0.054944825838471156,0.009293328359015751,0.014872619902455309,0.9988806843757629,0.8938469290733337,0.4803382456302643
ray_gpis_novelty_only,L_Shaped,3,0,3,minus_x,minus_x,0.20707110547705376,0.20707110547705376,0.0,1.0,0.5,0.20707110547705376,0.046946531772914635,0.10836094473623104,0.999980092048645,0.9686764478683472,0.4399968087673187
ray_gpis_novelty_only,L_Shaped,3,0,4,minus_x,minus_x,0.0785491372699404,0.0785491372699404,0.0,1.0,0.5,0.0785491372699404,0.03997512199409925,0.04954649136602285,0.9938976168632507,0.8225958943367004,0.40591108798980713
ray_gpis_novelty_only,L_Shaped,9,0,0,minus_y,minus_x,0.08852270037864829,0.09351730382853995,0.004994603449891666,0.0,nan,0.09351730382853995,0.08852270037864829,0.03927481475392114,0.029547272250056267,0.029547272250056267,0.029547272250056267
ray_gpis_novelty_only,L_Shaped,9,0,1,minus_y,minus_x,0.010590636981324453,0.118516115065877,0.10792547808455255,0.0,nan,0.118516115065877,0.010590636981324453,0.03149066326354222,0.11148003488779068,0.11148003488779068,0.11148003488779068
ray_gpis_novelty_only,L_Shaped,9,0,2,minus_y,minus_y,0.05867819665804952,0.05867819665804952,0.0,1.0,1.0,0.03016284797237412,0.05867819665804952,0.013873485795953155,0.9775398373603821,0.9834975600242615,0.26094380021095276
ray_gpis_novelty_only,L_Shaped,9,0,3,minus_x,minus_x,0.1177464625562894,0.1177464625562894,0.0,1.0,0.5,0.1177464625562894,0.03736592612144385,0.0861235798148724,0.9872718453407288,0.9533588290214539,0.46879664063453674
ray_gpis_novelty_only,L_Shaped,9,0,4,minus_x,minus_x,0.07077396234341038,0.07077396234341038,0.0,1.0,0.5,0.07077396234341038,0.02827729065497775,0.04199674818953636,0.8566151261329651,0.613245964050293,0.21290962398052216
ray_gpis_novelty_only,L_Shaped,10,0,0,plus_z,minus_y,0.11942792231125121,0.210290834713514,0.0908629124022628,0.0,nan,0.20365583768353462,0.210290834713514,0.11942792231125121,0.06485781818628311,0.06485781818628311,0.06485781818628311
ray_gpis_novelty_only,L_Shaped,10,0,1,plus_z,minus_y,0.029072203615706838,0.03783651152258277,0.008764307906875934,0.0,nan,0.024734202911044778,0.03783651152258277,0.029072203615706838,0.1930701583623886,0.1930701583623886,0.1930701583623886
ray_gpis_novelty_only,L_Shaped,10,0,2,minus_x,minus_y,0.024972905633676545,0.10525486216698704,0.0802819565333105,0.0,-0.5,0.024972905633676545,0.10525486216698704,0.09551509568576283,0.9996078610420227,0.9498955011367798,0.33580097556114197
ray_gpis_novelty_only,L_Shaped,10,0,3,minus_y,minus_x,0.16340772457784802,0.19196387694234263,0.028556152364494602,0.0,0.5,0.19196387694234263,0.16340772457784802,0.09294537882199672,0.9934352040290833,0.9938715100288391,0.3072528839111328
ray_gpis_novelty_only,L_Shaped,10,0,4,minus_x,minus_x,0.18375477507511417,0.18375477507511417,0.0,1.0,0.5,0.18375477507511417,0.08196847389683737,0.08418531524803519,0.9990642666816711,0.9984820485115051,0.7576446533203125
ray_gpis_novelty_only,L_Shaped,5,0,0,plus_z,minus_x,0.10273020082653117,0.19151975137535454,0.08878955054882337,0.0,nan,0.19151975137535454,0.12003739222416476,0.10273020082653117,0.01901976205408573,0.01901976205408573,0.01901976205408573
ray_gpis_novelty_only,L_Shaped,5,0,1,plus_z,minus_x,0.015482596959362382,0.05709935480539152,0.04161675784602914,0.0,nan,0.05709935480539152,0.04561960978747648,0.015482596959362382,0.046793751418590546,0.046793751418590546,0.046793751418590546
ray_gpis_novelty_only,L_Shaped,5,0,2,minus_x,minus_x,0.1953520231914571,0.1953520231914571,0.0,1.0,nan,0.1953520231914571,0.05299773249981249,0.014515939350464635,0.0195557102560997,0.0195557102560997,0.0195557102560997
ray_gpis_novelty_only,L_Shaped,5,0,3,minus_x,minus_x,0.10083073254951158,0.10083073254951158,0.0,1.0,0.5,0.10083073254951158,0.01837549773384728,0.021984487407701314,0.9753555655479431,0.7279971837997437,0.3435186445713043
ray_gpis_novelty_only,L_Shaped,5,0,4,minus_x,plus_z,0.03694251755834288,0.051326244990308356,0.014383727431965476,0.0,-0.5,0.03694251755834288,0.012250455649047365,0.051326244990308356,0.95350581407547,0.6103208661079407,0.30788367986679077
ray_gpis_novelty_only,L_Shaped,11,0,0,minus_x,minus_x,0.21969922475078624,0.21969922475078624,0.0,1.0,1.0,0.21969922475078624,0.1747982753816148,0.14649153734072135,0.8266505599021912,0.7384626269340515,0.3887009620666504
ray_gpis_novelty_only,L_Shaped,11,0,1,minus_x,minus_x,0.0733533730608249,0.0733533730608249,0.0,1.0,0.5,0.0733533730608249,0.05245340095825035,0.05582229937787775,0.917451024055481,0.7580657005310059,0.21800950169563293
ray_gpis_novelty_only,L_Shaped,11,0,2,minus_x,minus_x,0.16749709752108966,0.16749709752108966,0.0,1.0,0.5,0.16749709752108966,0.02460322568852813,0.06186811207243281,0.9160360097885132,0.6064205169677734,0.2734568417072296
ray_gpis_novelty_only,L_Shaped,11,0,3,minus_x,minus_x,0.026714789046986542,0.026714789046986542,0.0,1.0,1.0,0.026714789046986542,0.021914498054989906,0.013794495278551588,0.46729159355163574,0.4013461172580719,0.215877965092659
ray_gpis_novelty_only,L_Shaped,11,0,4,plus_z,minus_x,0.024892611605661807,0.04657685443083903,0.021684242825177225,0.0,-1.0,0.04657685443083903,0.041184425271048264,0.024892611605661807,0.21658363938331604,0.2510097622871399,0.2543688416481018
ray_gpis_novelty_only,L_Shaped,0,0,0,minus_x,minus_x,0.2934949391944188,0.2934949391944188,0.0,1.0,0.5,0.2934949391944188,0.2779810073283847,0.2589702829598304,0.6557862758636475,0.5535569190979004,0.5795029401779175
ray_gpis_novelty_only,L_Shaped,0,0,1,minus_x,minus_y,0.034269485410411804,0.10510107215854192,0.07083158674813012,0.0,nan,0.034269485410411804,0.10510107215854192,0.06993108712454521,0.14757905900478363,0.14757905900478363,0.14757905900478363
ray_gpis_novelty_only,L_Shaped,0,0,2,minus_x,minus_x,0.15780860758928156,0.15780860758928156,0.0,1.0,nan,0.15780860758928156,0.10261257242430338,0.09299165203249254,0.17274244129657745,0.17274244129657745,0.17274244129657745
ray_gpis_novelty_only,L_Shaped,0,0,3,plus_z,minus_x,0.01774485494377953,0.152404568907631,0.13465971396385146,0.0,nan,0.152404568907631,0.028614865409817614,0.01774485494377953,0.11587916314601898,0.11587916314601898,0.11587916314601898
ray_gpis_novelty_only,L_Shaped,0,0,4,plus_z,minus_x,0.03780193336602433,0.1414517869101043,0.10364985354407996,0.0,nan,0.1414517869101043,0.020689703327054665,0.03780193336602433,0.20256410539150238,0.20256410539150238,0.20256410539150238
ray_gpis_novelty_only,Cylinder,8,0,0,minus_y,minus_x,0.21881434791626023,0.3285600388902348,0.10974569097397455,0.0,nan,0.3285600388902348,0.21881434791626023,0.24594401893562953,0.10072561353445053,0.10072561353445053,0.10072561353445053
ray_gpis_novelty_only,Cylinder,8,0,1,plus_z,minus_y,0.05014863617969462,0.09732263518549877,0.04717399900580416,0.0,nan,0.04298758617993098,0.09732263518549877,0.05014863617969462,0.19496901333332062,0.19496901333332062,0.19496901333332062
ray_gpis_novelty_only,Cylinder,8,0,2,plus_z,plus_z,0.06337395553968495,0.06337395553968495,0.0,1.0,nan,0.045544164967434575,0.04746168383428706,0.06337395553968495,0.060026176273822784,0.060026176273822784,0.060026176273822784
ray_gpis_novelty_only,Cylinder,8,0,3,plus_z,minus_x,0.013335888003491392,0.14773072027183115,0.13439483226833976,0.0,nan,0.14773072027183115,0.12023603361115692,0.013335888003491392,0.07259698212146759,0.07259698212146759,0.07259698212146759
ray_gpis_novelty_only,Cylinder,8,0,4,plus_z,minus_x,-0.01807751774716132,0.00833699312543007,0.02641451087259139,0.0,nan,0.00833699312543007,-0.019762795708483494,-0.01807751774716132,0.11159966140985489,0.11159966140985489,0.11159966140985489
ray_gpis_novelty_only,Cylinder,13,0,0,minus_y,minus_x,0.08866416095864865,0.14912582370212946,0.060461662743480804,0.0,nan,0.14912582370212946,0.08866416095864865,0.0789533437497264,0.06853680312633514,0.06853680312633514,0.06853680312633514
ray_gpis_novelty_only,Cylinder,13,0,1,minus_x,minus_x,0.16800354594718264,0.16800354594718264,0.0,1.0,0.5,0.16800354594718264,0.05984556474516972,0.07361198959614401,0.9631136655807495,0.9364379048347473,0.24205954372882843
ray_gpis_novelty_only,Cylinder,13,0,2,minus_x,plus_z,0.009274149815323929,0.011241169319158306,0.0019670195038343774,0.0,-1.0,0.009274149815323929,0.00980155287736073,0.011241169319158306,0.9788413643836975,0.7085546851158142,0.2150910347700119
ray_gpis_novelty_only,Cylinder,13,0,3,minus_x,minus_x,0.2012019103167898,0.2012019103167898,0.0,1.0,0.5,0.2012019103167898,0.07628323963990047,0.08814740422138634,0.9948616623878479,0.7375746369361877,0.21577684581279755
ray_gpis_novelty_only,Cylinder,13,0,4,minus_x,minus_x,0.1723561440315986,0.1723561440315986,0.0,1.0,0.5,0.1723561440315986,0.043272045810060944,0.09249509050758231,0.9600955843925476,0.6640565991401672,0.6330201029777527
ray_gpis_novelty_only,Cylinder,4,0,0,minus_x,plus_z,0.03322552031824527,0.04870430965961581,0.015478789341370536,0.0,-1.0,0.03322552031824527,0.04293056800946149,0.04870430965961581,0.8573440313339233,0.6015933156013489,0.49406757950782776
ray_gpis_novelty_only,Cylinder,4,0,1,minus_x,minus_x,0.1841690818845899,0.1841690818845899,0.0,1.0,1.0,0.1841690818845899,0.11797173628374114,0.06134738528315076,0.9358347654342651,0.7035523056983948,0.3045977056026459
ray_gpis_novelty_only,Cylinder,4,0,2,minus_x,plus_z,0.11797429375243951,0.11925930994392908,0.0012850161914895741,0.0,-0.5,0.11797429375243951,0.048758688106620984,0.11925930994392908,0.9131488800048828,0.6027272343635559,0.21611656248569489
ray_gpis_novelty_only,Cylinder,4,0,3,minus_x,minus_x,0.13469860210725104,0.13469860210725104,0.0,1.0,1.0,0.13469860210725104,0.06446122567049328,0.00973401115537531,0.8621885180473328,0.8462804555892944,0.41683825850486755
ray_gpis_novelty_only,Cylinder,4,0,4,minus_y,minus_y,0.02747549327537313,0.02747549327537313,0.0,1.0,1.0,0.0025343326492998086,0.02747549327537313,0.0006796341121794169,0.39879605174064636,0.6613855957984924,0.21513915061950684
ray_gpis_novelty_only,Cylinder,1,0,0,minus_x,minus_x,0.1948993072945377,0.1948993072945377,0.0,1.0,1.0,0.1948993072945377,0.0521246974280542,0.013194768999994999,0.889470100402832,0.6041831374168396,0.2204696089029312
ray_gpis_novelty_only,Cylinder,1,0,1,minus_x,minus_x,0.11298548593527691,0.11298548593527691,0.0,1.0,1.0,0.11298548593527691,0.03600856284765841,0.015937183157932577,0.9292569160461426,0.4348824620246887,0.3370077610015869
ray_gpis_novelty_only,Cylinder,1,0,2,minus_x,minus_x,0.015173457940263146,0.015173457940263146,0.0,1.0,1.0,0.015173457940263146,0.0031093265053196983,0.008212417032718466,0.8034551739692688,0.2437143623828888,0.2664731442928314
ray_gpis_novelty_only,Cylinder,1,0,3,minus_x,minus_x,0.08031342920070228,0.08031342920070228,0.0,1.0,1.0,0.08031342920070228,-0.000889250290071586,0.001947184746105557,0.9197688102722168,0.303815096616745,0.4368400573730469
ray_gpis_novelty_only,Cylinder,1,0,4,minus_x,minus_x,0.06978500357916728,0.06978500357916728,0.0,1.0,0.5,0.06978500357916728,0.005368508120736526,0.009226940953302343,0.7435552477836609,0.49542108178138733,0.49080991744995117
ray_gpis_novelty_only,Cylinder,12,0,0,minus_x,minus_x,0.24080039879925702,0.24080039879925702,0.0,1.0,nan,0.24080039879925702,0.17926818626945185,0.13311546726475698,0.10786962509155273,0.10786962509155273,0.10786962509155273
ray_gpis_novelty_only,Cylinder,12,0,1,minus_x,minus_x,0.045552149462712854,0.045552149462712854,0.0,1.0,1.0,0.045552149462712854,0.02081240384406441,0.013140763516423182,0.9413808584213257,0.4352084994316101,0.3130471706390381
ray_gpis_novelty_only,Cylinder,12,0,2,minus_x,minus_x,0.015283290541049266,0.015283290541049266,0.0,1.0,1.0,0.015283290541049266,0.007102249197054156,0.0009304651615104076,0.9736428260803223,0.4377500116825104,0.3217175006866455
ray_gpis_novelty_only,Cylinder,12,0,3,minus_x,minus_x,0.12523587371146305,0.12523587371146305,0.0,1.0,0.5,0.12523587371146305,0.015976283882238596,0.03774677887725453,0.9998329281806946,0.6761687994003296,0.6115875244140625
ray_gpis_novelty_only,Cylinder,12,0,4,minus_x,minus_x,0.10980658865531079,0.10980658865531079,0.0,1.0,1.0,0.10980658865531079,0.0031191373192333005,0.038126745987334565,0.9527612924575806,0.8737165927886963,0.9081323742866516
ray_gpis_novelty_only,Cylinder,7,0,0,minus_x,minus_x,0.15038329585953625,0.15038329585953625,0.0,1.0,0.5,0.15038329585953625,0.03442561843004244,0.10929131638698286,0.9356349110603333,0.7521820068359375,0.2993360459804535
ray_gpis_novelty_only,Cylinder,7,0,1,minus_x,minus_x,0.0884016265740582,0.0884016265740582,0.0,1.0,0.5,0.0884016265740582,0.040156878640942806,0.0424212873628515,0.9175418615341187,0.8121685981750488,0.2898959219455719
ray_gpis_novelty_only,Cylinder,7,0,2,minus_x,plus_z,0.07910355227030474,0.08707262751871281,0.007969075248408064,0.0,-1.0,0.07910355227030474,0.08456904515618213,0.08707262751871281,0.7202467322349548,0.6933770179748535,0.2371457815170288
ray_gpis_novelty_only,Cylinder,7,0,3,minus_y,minus_x,0.018745582589084764,0.14866774947612071,0.12992216688703595,0.0,-0.5,0.14866774947612071,0.018745582589084764,0.14286491045256644,0.7028501629829407,0.7188414335250854,0.6546670794487
ray_gpis_novelty_only,Cylinder,7,0,4,minus_x,minus_x,0.11978413494617968,0.11978413494617968,0.0,1.0,0.5,0.11978413494617968,0.03407015366801258,0.06836749508315354,0.7226771712303162,0.6902389526367188,0.49094879627227783
ray_gpis_novelty_only,Cylinder,14,0,0,minus_x,minus_x,0.07526808422634201,0.07526808422634201,0.0,1.0,0.5,0.07526808422634201,0.036834713537906016,0.0742673677344271,0.9066523909568787,0.7784335017204285,0.23163709044456482
ray_gpis_novelty_only,Cylinder,14,0,1,minus_x,minus_x,0.19869352753316383,0.19869352753316383,0.0,1.0,0.5,0.19869352753316383,0.002518819728564381,0.07378343732631054,0.8130569458007812,0.644140899181366,0.22813431918621063
ray_gpis_novelty_only,Cylinder,14,0,2,minus_x,minus_x,0.003137000429761616,0.003137000429761616,0.0,1.0,0.5,0.003137000429761616,-0.008387295288716956,-0.004966151489574355,0.9301384091377258,0.8334552049636841,0.30080094933509827
ray_gpis_novelty_only,Cylinder,14,0,3,minus_x,minus_x,0.16914665065967405,0.16914665065967405,0.0,1.0,1.0,0.16914665065967405,0.10521453447426599,0.029315302072187133,0.8917412161827087,0.5906109809875488,0.21779322624206543
ray_gpis_novelty_only,Cylinder,14,0,4,minus_y,plus_z,0.0660554753266287,0.06686130898653286,0.0008058336599041649,0.0,-0.5,0.03307426313034334,0.0660554753266287,0.06686130898653286,0.3889797329902649,0.4655509889125824,0.2599088251590729
ray_gpis_novelty_only,Cylinder,2,0,0,minus_x,minus_y,0.029846918563457614,0.10103868522904003,0.07119176666558241,0.0,-0.5,0.029846918563457614,0.10103868522904003,0.07455596910681733,0.8618348836898804,0.5948931574821472,0.3963392674922943
ray_gpis_novelty_only,Cylinder,2,0,1,minus_x,plus_z,0.0683238495811071,0.0768122368118912,0.0084883872307841,0.0,-0.5,0.0683238495811071,0.04262683457327526,0.0768122368118912,0.8603618741035461,0.3932606875896454,0.23786942660808563
ray_gpis_novelty_only,Cylinder,2,0,2,minus_y,minus_x,0.13047833632526318,0.18121657378124856,0.05073823745598538,0.0,0.5,0.18121657378124856,0.13047833632526318,0.1077781446563647,0.8157772421836853,0.8550640940666199,0.27210912108421326
ray_gpis_novelty_only,Cylinder,2,0,3,minus_x,minus_y,0.04735451840357219,0.08802174572012667,0.04066722731655448,0.0,-0.5,0.04735451840357219,0.08802174572012667,0.05113298763583762,0.7929428815841675,0.47331079840660095,0.21334564685821533
ray_gpis_novelty_only,Cylinder,2,0,4,minus_x,minus_x,0.12378347859949301,0.12378347859949301,0.0,1.0,0.5,0.12378347859949301,0.0454323181770806,0.062041677317530186,0.7955484390258789,0.42493385076522827,0.2378537803888321
ray_gpis_novelty_only,Cylinder,6,0,0,minus_x,minus_x,0.12143067607032004,0.12143067607032004,0.0,1.0,1.0,0.12143067607032004,0.0700546616775049,0.04491549138476092,0.909461498260498,0.79241544008255,0.2517731785774231
ray_gpis_novelty_only,Cylinder,6,0,1,minus_x,minus_x,0.06775697853688778,0.06775697853688778,0.0,1.0,1.0,0.06775697853688778,0.030792180886886844,0.005041012982112236,0.9676263928413391,0.6379626393318176,0.27115046977996826
ray_gpis_novelty_only,Cylinder,6,0,2,minus_x,minus_x,0.14746288804105456,0.14746288804105456,0.0,1.0,1.0,0.14746288804105456,0.08809847686180516,0.0006097112392753345,0.9499337077140808,0.7990332245826721,0.21393832564353943
ray_gpis_novelty_only,Cylinder,6,0,3,minus_x,minus_x,0.13086804463086787,0.13086804463086787,0.0,1.0,1.0,0.13086804463086787,0.0182150343494204,0.0008223128814817127,0.9286578297615051,0.4930083155632019,0.21453452110290527
ray_gpis_novelty_only,Cylinder,6,0,4,minus_x,minus_y,0.023795888749104654,0.032503168606220156,0.008707279857115502,0.0,-0.5,0.023795888749104654,0.032503168606220156,0.022321509378174675,0.42939671874046326,0.2362477034330368,0.31787872314453125
ray_gpis_novelty_only,Cylinder,3,0,0,plus_z,minus_x,0.16279629391557027,0.1936040557415566,0.030807761825986324,0.0,nan,0.1936040557415566,0.15352457548275067,0.16279629391557027,0.02368001639842987,0.02368001639842987,0.02368001639842987
ray_gpis_novelty_only,Cylinder,3,0,1,minus_x,minus_x,0.21037687777291703,0.21037687777291703,0.0,1.0,1.0,0.21037687777291703,0.13704102123231832,0.1168432328979,0.9079648852348328,0.4963470697402954,0.21804025769233704
ray_gpis_novelty_only,Cylinder,3,0,2,minus_x,plus_z,0.09340196107735987,0.14109186287328457,0.047689901795924694,0.0,-0.5,0.09340196107735987,0.04491653055172218,0.14109186287328457,0.9329524040222168,0.3912375569343567,0.284494012594223
ray_gpis_novelty_only,Cylinder,3,0,3,minus_x,plus_z,0.06529242515012179,0.07661285326828438,0.011320428118162584,0.0,0.5,0.06529242515012179,0.01423278170368003,0.07661285326828438,0.8396000862121582,0.23997794091701508,0.7700891494750977
ray_gpis_novelty_only,Cylinder,3,0,4,plus_z,minus_x,0.0370853175753455,0.049243474604954374,0.012158157029608874,0.0,0.5,0.049243474604954374,0.006068414562183655,0.0370853175753455,0.715568482875824,0.23791635036468506,0.7416391372680664
ray_gpis_novelty_only,Cylinder,9,0,0,minus_x,minus_x,0.05635288855552412,0.05635288855552412,0.0,1.0,1.0,0.05635288855552412,0.051093673291803254,0.045193934489280885,0.9085361957550049,0.7027077674865723,0.22766008973121643
ray_gpis_novelty_only,Cylinder,9,0,1,minus_x,plus_z,0.01571555823853188,0.01774545547913875,0.0020298972406068705,0.0,-1.0,0.01571555823853188,0.01703385272959468,0.01774545547913875,0.9310327172279358,0.40662145614624023,0.21736060082912445
ray_gpis_novelty_only,Cylinder,9,0,2,minus_x,minus_x,0.17733836102648814,0.17733836102648814,0.0,1.0,1.0,0.17733836102648814,0.04538365196707228,0.022853076851617526,0.997970461845398,0.8500499725341797,0.21503500640392303
ray_gpis_novelty_only,Cylinder,9,0,3,minus_x,plus_z,0.10347159094720604,0.11969891871178118,0.01622732776457514,0.0,0.5,0.10347159094720604,0.012517659077664445,0.11969891871178118,0.924069881439209,0.3308026194572449,0.5356730222702026
ray_gpis_novelty_only,Cylinder,9,0,4,minus_x,plus_z,0.07053089260039691,0.09502472014172836,0.024493827541331448,0.0,0.5,0.07053089260039691,0.023072195463892053,0.09502472014172836,0.831463634967804,0.24071472883224487,0.7718639969825745
ray_gpis_novelty_only,Cylinder,10,0,0,minus_x,minus_x,0.12961833060390165,0.12961833060390165,0.0,1.0,1.0,0.12961833060390165,0.12373769364380521,0.020521950542142064,0.855251669883728,0.3865712881088257,0.23814177513122559
ray_gpis_novelty_only,Cylinder,10,0,1,minus_x,minus_y,0.04830630323574192,0.07184147835696064,0.02353517512121872,0.0,0.5,0.04830630323574192,0.07184147835696064,0.03466320525676181,0.9107735753059387,0.2755592167377472,0.21613332629203796
ray_gpis_novelty_only,Cylinder,10,0,2,minus_x,minus_x,0.16252417480908476,0.16252417480908476,0.0,1.0,1.0,0.16252417480908476,0.05013256617464634,0.002746252751819722,0.9688040614128113,0.37760159373283386,0.25047916173934937
ray_gpis_novelty_only,Cylinder,10,0,3,minus_x,minus_x,0.10935719354297746,0.10935719354297746,0.0,1.0,0.5,0.10935719354297746,0.05086148562523074,0.021076452915440913,0.821740448474884,0.28262147307395935,0.37142425775527954
ray_gpis_novelty_only,Cylinder,10,0,4,plus_z,minus_x,0.0276068196401571,0.03364605731228465,0.006039237672127551,0.0,-0.5,0.03364605731228465,0.03152801800375937,0.0276068196401571,0.3029516935348511,0.23026712238788605,0.3795967102050781
ray_gpis_novelty_only,Cylinder,5,0,0,plus_z,minus_x,0.10999192208279013,0.24182355719527776,0.13183163511248763,0.0,nan,0.24182355719527776,0.17935848494438994,0.10999192208279013,0.10656130313873291,0.10656130313873291,0.10656130313873291
ray_gpis_novelty_only,Cylinder,5,0,1,plus_z,minus_x,0.045822313619054145,0.10323051686270235,0.057408203243648204,0.0,nan,0.10323051686270235,0.08137936169660093,0.045822313619054145,0.13551929593086243,0.13551929593086243,0.13551929593086243
ray_gpis_novelty_only,Cylinder,5,0,2,minus_x,minus_x,0.12848804497783056,0.12848804497783056,0.0,1.0,0.5,0.12848804497783056,0.07719496965518641,0.08967095205876058,0.9981738924980164,0.7435100078582764,0.32662755250930786
ray_gpis_novelty_only,Cylinder,5,0,3,minus_x,minus_x,0.23038842784770974,0.23038842784770974,0.0,1.0,0.5,0.23038842784770974,0.09145349793154756,0.1630250887999657,0.9470126032829285,0.7157461047172546,0.25437065958976746
ray_gpis_novelty_only,Cylinder,5,0,4,minus_x,minus_x,0.06416039274332885,0.06416039274332885,0.0,1.0,0.5,0.06416039274332885,0.02357210541030308,0.016457946770447207,0.6102281212806702,0.2132079303264618,0.5938401818275452
ray_gpis_novelty_only,Cylinder,11,0,0,minus_x,minus_x,0.09057607295149489,0.09057607295149489,0.0,1.0,0.5,0.09057607295149489,0.06154541053495405,0.06256997818365811,0.8741572499275208,0.5734302401542664,0.36710309982299805
ray_gpis_novelty_only,Cylinder,11,0,1,minus_x,plus_z,0.0845893318851818,0.11072159545594595,0.026132263570764147,0.0,-0.5,0.0845893318851818,0.03216890146236295,0.11072159545594595,0.988100528717041,0.6464939713478088,0.38543441891670227
ray_gpis_novelty_only,Cylinder,11,0,2,minus_x,plus_z,0.07193464591359078,0.07726142487401222,0.005326778960421441,0.0,-0.5,0.07193464591359078,0.006598737171493729,0.07726142487401222,0.9958571791648865,0.9561605453491211,0.4948521554470062
ray_gpis_novelty_only,Cylinder,11,0,3,minus_x,minus_x,0.1329348957151647,0.1329348957151647,0.0,1.0,1.0,0.1329348957151647,0.0205544847971465,0.016696614258130515,0.990470826625824,0.8974817991256714,0.28512394428253174
ray_gpis_novelty_only,Cylinder,11,0,4,minus_y,minus_x,0.05227175920215532,0.09184890768982046,0.03957714848766514,0.0,0.5,0.09184890768982046,0.05227175920215532,0.03224997117259576,0.8467885255813599,0.8714380264282227,0.567261815071106
ray_gpis_novelty_only,Cylinder,0,0,0,minus_x,minus_y,0.16363064851411052,0.2132968791263825,0.04966623061227199,0.0,nan,0.16363064851411052,0.2132968791263825,0.06658408063245669,0.1020810455083847,0.1020810455083847,0.1020810455083847
ray_gpis_novelty_only,Cylinder,0,0,1,minus_x,plus_z,-0.026928789578277268,-0.02015825123198356,0.0067705383462937085,0.0,-0.5,-0.026928789578277268,-0.04016590905602718,-0.02015825123198356,0.9389596581459045,0.5439444184303284,0.23501074314117432
ray_gpis_novelty_only,Cylinder,0,0,2,minus_x,minus_x,0.22501971824208006,0.22501971824208006,0.0,1.0,0.5,0.22501971824208006,0.17664537074148673,0.15069978373213716,0.8871307373046875,0.5697944164276123,0.7694905400276184
ray_gpis_novelty_only,Cylinder,0,0,3,minus_x,minus_x,0.04828115869055438,0.04828115869055438,0.0,1.0,1.0,0.04828115869055438,0.03913392327583631,0.040907874062455996,0.852107048034668,0.45858487486839294,0.820219099521637
ray_gpis_novelty_only,Cylinder,0,0,4,minus_x,plus_z,0.0420770677081207,0.05031946957016231,0.008242401862041615,0.0,0.5,0.0420770677081207,0.014854657444749564,0.05031946957016231,0.8690608143806458,0.28166714310646057,0.8434464931488037
ray_gpis_novelty_only,Cross,8,0,0,plus_z,plus_z,0.2175882239441972,0.2175882239441972,0.0,1.0,nan,0.19098096589572933,0.19362288441340159,0.2175882239441972,0.1274358183145523,0.1274358183145523,0.1274358183145523
ray_gpis_novelty_only,Cross,8,0,1,minus_y,minus_x,0.0720951203831448,0.2081238461082926,0.1360287257251478,0.0,nan,0.2081238461082926,0.0720951203831448,0.08024613641333567,0.06337014585733414,0.06337014585733414,0.06337014585733414
ray_gpis_novelty_only,Cross,8,0,2,plus_z,minus_x,0.04207784378261481,0.09411842848328245,0.052040584700667636,0.0,nan,0.09411842848328245,0.05339852487393326,0.04207784378261481,0.06995338946580887,0.06995338946580887,0.06995338946580887
ray_gpis_novelty_only,Cross,8,0,3,minus_y,minus_x,0.06460926004999201,0.09443000143696922,0.029820741386977212,0.0,-1.0,0.09443000143696922,0.06460926004999201,0.06530627371889852,0.26712411642074585,0.6687613725662231,0.3288545310497284
ray_gpis_novelty_only,Cross,8,0,4,minus_y,minus_x,0.03602016014407616,0.1345252805031808,0.09850512035910464,0.0,-0.5,0.1345252805031808,0.03602016014407616,0.04551486454843068,0.24367153644561768,0.6020612120628357,0.23380644619464874
ray_gpis_novelty_only,Cross,13,0,0,minus_y,minus_x,0.06591231885609389,0.1172602941017773,0.05134797524568341,0.0,nan,0.1172602941017773,0.06591231885609389,0.05491471132405357,0.14206822216510773,0.14206822216510773,0.14206822216510773
ray_gpis_novelty_only,Cross,13,0,1,plus_z,minus_y,0.04230901860724978,0.1605942850971977,0.11828526648994792,0.0,nan,0.14483822423443043,0.1605942850971977,0.04230901860724978,0.1901365965604782,0.1901365965604782,0.1901365965604782
ray_gpis_novelty_only,Cross,13,0,2,minus_y,minus_x,0.008961823435238325,0.01747612026406009,0.008514296828821766,0.0,nan,0.01747612026406009,0.008961823435238325,0.005482714546047096,0.1525101512670517,0.1525101512670517,0.1525101512670517
ray_gpis_novelty_only,Cross,13,0,3,minus_x,minus_x,0.19864465463028053,0.19864465463028053,0.0,1.0,0.5,0.19864465463028053,0.071245199680051,0.09002574681929926,0.9235461950302124,0.7683353424072266,0.6714959144592285
ray_gpis_novelty_only,Cross,13,0,4,minus_x,minus_x,0.09029748998647258,0.09029748998647258,0.0,1.0,1.0,0.09029748998647258,0.026148038862364054,0.009933880014695418,0.9661605954170227,0.7055466771125793,0.257869690656662
ray_gpis_novelty_only,Cross,4,0,0,minus_x,minus_x,0.3661094343546895,0.3661094343546895,0.0,1.0,1.0,0.3661094343546895,0.2978653276231875,0.19388637502994482,0.7675619125366211,0.5659766793251038,0.21579818427562714
ray_gpis_novelty_only,Cross,4,0,1,minus_x,minus_x,0.14767151170156556,0.14767151170156556,0.0,1.0,0.5,0.14767151170156556,0.06365925642170428,0.06744265800344551,0.9547397494316101,0.8080952763557434,0.21611063182353973
ray_gpis_novelty_only,Cross,4,0,2,minus_x,minus_y,-0.010968047751991228,-0.006008463843687251,0.004959583908303977,0.0,0.5,-0.010968047751991228,-0.006008463843687251,-0.017597332190286363,0.7478249073028564,0.6776331067085266,0.2226344645023346
ray_gpis_novelty_only,Cross,4,0,3,plus_z,plus_z,0.12732163785255624,0.12732163785255624,0.0,1.0,nan,0.10037979518444906,0.09530985235467371,0.12732163785255624,0.06603531539440155,0.06603531539440155,0.06603531539440155
ray_gpis_novelty_only,Cross,4,0,4,plus_z,minus_x,0.03853964284487699,0.11336476929202588,0.07482512644714889,0.0,nan,0.11336476929202588,0.04078266881939385,0.03853964284487699,0.08355238288640976,0.08355238288640976,0.08355238288640976
ray_gpis_novelty_only,Cross,1,0,0,minus_x,minus_x,0.16277240221627193,0.16277240221627193,0.0,1.0,0.5,0.16277240221627193,0.09913506264666794,0.11050257179292938,0.7614090442657471,0.3573235273361206,0.32020431756973267
ray_gpis_novelty_only,Cross,1,0,1,minus_x,minus_x,0.12349349817896604,0.12349349817896604,0.0,1.0,1.0,0.12349349817896604,0.05051596708683792,0.07141596763805413,0.9290333986282349,0.25434714555740356,0.27142134308815
ray_gpis_novelty_only,Cross,1,0,2,minus_x,minus_x,0.0463431751246719,0.0463431751246719,0.0,1.0,0.5,0.0463431751246719,0.03076967318911472,0.0228619670092306,0.8050644397735596,0.27304497361183167,0.45842060446739197
ray_gpis_novelty_only,Cross,1,0,3,minus_x,minus_y,0.09459982085176799,0.09976169214206398,0.005161871290295994,0.0,-0.5,0.09459982085176799,0.09976169214206398,0.09888554915092362,0.3674279451370239,0.2230062484741211,0.2142821103334427
ray_gpis_novelty_only,Cross,1,0,4,plus_z,minus_x,0.028345458228454135,0.032186930216404064,0.0038414719879499293,0.0,0.5,0.032186930216404064,0.02002145644756892,0.028345458228454135,0.24606271088123322,0.23722048103809357,0.34709420800209045
ray_gpis_novelty_only,Cross,12,0,0,minus_x,minus_y,0.0736866103254748,0.09722732545498758,0.02354071512951278,0.0,0.5,0.0736866103254748,0.09722732545498758,0.07088686169494313,0.9211506843566895,0.49889591336250305,0.2186872512102127
ray_gpis_novelty_only,Cross,12,0,1,minus_x,minus_x,0.12903543431978798,0.12903543431978798,0.0,1.0,1.0,0.12903543431978798,0.06589482900195648,0.056278671232885824,0.754692554473877,0.32989177107810974,0.21490606665611267
ray_gpis_novelty_only,Cross,12,0,2,minus_x,minus_x,0.18354032860829872,0.18354032860829872,0.0,1.0,1.0,0.18354032860829872,0.08879422685053351,0.04904578127364645,0.9343633651733398,0.3125810921192169,0.30502912402153015
ray_gpis_novelty_only,Cross,12,0,3,minus_x,minus_y,0.02536490425532345,0.03398049823136262,0.008615593976039171,0.0,-1.0,0.02536490425532345,0.03398049823136262,0.027076599297344517,0.5150604844093323,0.268334299325943,0.49605998396873474
ray_gpis_novelty_only,Cross,12,0,4,minus_x,plus_z,-0.011048184691563545,-0.010872486174025697,0.00017569851753784782,0.0,0.5,-0.011048184691563545,-0.022513894519099575,-0.010872486174025697,0.5234841704368591,0.2880896031856537,0.4927182197570801
ray_gpis_novelty_only,Cross,7,0,0,minus_x,minus_x,0.15774087688176902,0.15774087688176902,0.0,1.0,1.0,0.15774087688176902,0.14666184878950833,0.07933540921204069,0.818415105342865,0.5059729218482971,0.21680140495300293
ray_gpis_novelty_only,Cross,7,0,1,minus_x,minus_x,0.12551304826952336,0.12551304826952336,0.0,1.0,0.5,0.12551304826952336,0.03447450979517841,0.054379056728940944,0.5038720965385437,0.26236656308174133,0.21657010912895203
ray_gpis_novelty_only,Cross,7,0,2,minus_x,plus_z,0.07782765025306448,0.09510747691171761,0.01727982665865313,0.0,0.5,0.07782765025306448,0.051796314273797606,0.09510747691171761,0.6701669096946716,0.21740920841693878,0.3409378230571747
ray_gpis_novelty_only,Cross,7,0,3,minus_x,minus_x,0.0825574395211961,0.0825574395211961,0.0,1.0,1.0,0.0825574395211961,0.014815109685596961,0.02087029221075576,0.7807484269142151,0.35870257019996643,0.6949234008789062
ray_gpis_novelty_only,Cross,7,0,4,minus_x,minus_y,-0.05413639687314786,-0.015344521437422931,0.03879187543572493,0.0,-1.0,-0.05413639687314786,-0.015344521437422931,-0.04777851170751257,0.5698266625404358,0.2256522923707962,0.3572981059551239
ray_gpis_novelty_only,Cross,14,0,0,plus_z,minus_x,0.03852188219501168,0.20141391514479368,0.162892032949782,0.0,nan,0.20141391514479368,0.04322521374115368,0.03852188219501168,0.13060645759105682,0.13060645759105682,0.13060645759105682
ray_gpis_novelty_only,Cross,14,0,1,minus_x,minus_x,0.0578838525838819,0.0578838525838819,0.0,1.0,0.5,0.0578838525838819,0.026610144969849037,0.03290151915153622,0.8995316624641418,0.7294823527336121,0.4496328830718994
ray_gpis_novelty_only,Cross,14,0,2,minus_x,minus_y,0.03855436198748341,0.08980656771565998,0.05125220572817657,0.0,0.5,0.03855436198748341,0.08980656771565998,0.029973979491249025,0.9417905807495117,0.9060614109039307,0.5352256298065186
ray_gpis_novelty_only,Cross,14,0,3,minus_x,minus_x,0.09403516023385172,0.09403516023385172,0.0,1.0,nan,0.09403516023385172,0.03173890887811548,0.009493031025442633,0.15316946804523468,0.15316946804523468,0.15316946804523468
ray_gpis_novelty_only,Cross,14,0,4,minus_x,minus_x,0.16809172380976212,0.16809172380976212,0.0,1.0,nan,0.16809172380976212,0.05521223158796773,0.009690481850505583,0.22042511403560638,0.22042511403560638,0.22042511403560638
ray_gpis_novelty_only,Cross,2,0,0,plus_z,minus_x,0.08550499597316269,0.2948871007894613,0.2093821048162986,0.0,nan,0.2948871007894613,0.11736991874878372,0.08550499597316269,0.16021797060966492,0.16021797060966492,0.16021797060966492
ray_gpis_novelty_only,Cross,2,0,1,minus_x,minus_y,0.006452166753284305,0.016772150245170314,0.010319983491886009,0.0,nan,0.006452166753284305,0.016772150245170314,0.01517961664537637,0.03483723849058151,0.03483723849058151,0.03483723849058151
ray_gpis_novelty_only,Cross,2,0,2,minus_x,plus_z,0.017446682946291703,0.03696194801518915,0.019515265068897447,0.0,nan,0.017446682946291703,0.032167117060125205,0.03696194801518915,0.032107941806316376,0.032107941806316376,0.032107941806316376
ray_gpis_novelty_only,Cross,2,0,3,plus_z,minus_x,0.032822401244398614,0.10294855168631545,0.07012615044191683,0.0,nan,0.10294855168631545,0.009095994857905909,0.032822401244398614,0.08297557383775711,0.08297557383775711,0.08297557383775711
ray_gpis_novelty_only,Cross,2,0,4,minus_x,minus_x,0.15113964135829017,0.15113964135829017,0.0,1.0,nan,0.15113964135829017,0.04436741827841362,0.03667798605296091,0.04311836138367653,0.04311836138367653,0.04311836138367653
ray_gpis_novelty_only,Cross,6,0,0,minus_x,minus_x,0.1504333831060654,0.1504333831060654,0.0,1.0,0.5,0.1504333831060654,0.043360861485333746,0.08580462801742922,0.7887866497039795,0.49905696511268616,0.2687487304210663
ray_gpis_novelty_only,Cross,6,0,1,minus_x,minus_x,0.23547676231376058,0.23547676231376058,0.0,1.0,nan,0.23547676231376058,0.07305914600945629,0.05489429702231374,0.1597837209701538,0.1597837209701538,0.1597837209701538
ray_gpis_novelty_only,Cross,6,0,2,minus_x,minus_x,0.04871626702836862,0.04871626702836862,0.0,1.0,0.5,0.04871626702836862,0.009996363303705347,0.023725221091741022,0.8366439938545227,0.2264338731765747,0.21757051348686218
ray_gpis_novelty_only,Cross,6,0,3,minus_x,minus_y,0.023550583961964966,0.029624239696013577,0.006073655734048611,0.0,-0.5,0.023550583961964966,0.029624239696013577,0.012935855375194927,0.6611650586128235,0.33103540539741516,0.3914850056171417
ray_gpis_novelty_only,Cross,6,0,4,minus_x,plus_z,0.012327926208945517,0.030638885979038966,0.01831095977009345,0.0,-1.0,0.012327926208945517,0.020527346369088373,0.030638885979038966,0.656990647315979,0.5238115191459656,0.5230482220649719
ray_gpis_novelty_only,Cross,3,0,0,plus_z,minus_x,0.12115717417239913,0.28888962628512477,0.16773245211272564,0.0,nan,0.28888962628512477,0.1048785953304106,0.12115717417239913,0.2000470608472824,0.2000470608472824,0.2000470608472824
ray_gpis_novelty_only,Cross,3,0,1,minus_x,minus_x,0.10413325399037437,0.10413325399037437,0.0,1.0,0.5,0.10413325399037437,0.06262268999026449,0.06503629835984154,0.9910309910774231,0.5794309377670288,0.34303340315818787
ray_gpis_novelty_only,Cross,3,0,2,minus_x,minus_x,0.12296161495680635,0.12296161495680635,0.0,1.0,1.0,0.12296161495680635,0.006769157688194416,0.04891706758831982,0.9955180883407593,0.3422677516937256,0.5079472661018372
ray_gpis_novelty_only,Cross,3,0,3,minus_x,minus_x,0.07060916083549507,0.07060916083549507,0.0,1.0,0.5,0.07060916083549507,0.009898068290078,0.012717876318952381,0.964539110660553,0.47293800115585327,0.2440892606973648
ray_gpis_novelty_only,Cross,3,0,4,minus_x,minus_x,0.08366512437649998,0.08366512437649998,0.0,1.0,0.5,0.08366512437649998,0.042474200316966804,0.004276872194048598,0.9572955965995789,0.47363993525505066,0.7064493894577026
ray_gpis_novelty_only,Cross,9,0,0,minus_x,minus_x,0.16684914431975556,0.16684914431975556,0.0,1.0,0.5,0.16684914431975556,0.015519744680644543,0.0214903477951075,0.6633962988853455,0.39202213287353516,0.21690018475055695
ray_gpis_novelty_only,Cross,9,0,1,minus_x,minus_x,0.1594531825829253,0.1594531825829253,0.0,1.0,1.0,0.1594531825829253,0.008514276295716772,0.014143946364598259,0.7999035716056824,0.21746356785297394,0.30842968821525574
ray_gpis_novelty_only,Cross,9,0,2,minus_x,minus_y,0.02425483517993987,0.045983766550447,0.021728931370507132,0.0,-1.0,0.02425483517993987,0.045983766550447,0.03672196934046057,0.7793329358100891,0.22916658222675323,0.25881966948509216
ray_gpis_novelty_only,Cross,9,0,3,minus_x,minus_x,0.11719994131056377,0.11719994131056377,0.0,1.0,1.0,0.11719994131056377,0.06953618467546674,0.006988801059894523,0.8186386227607727,0.5718863010406494,0.389902263879776
ray_gpis_novelty_only,Cross,9,0,4,minus_y,minus_y,0.038038666151925415,0.038038666151925415,0.0,1.0,1.0,0.022378949686575833,0.038038666151925415,0.011403329772293525,0.23599521815776825,0.2686285078525543,0.21511320769786835
ray_gpis_novelty_only,Cross,10,0,0,minus_x,minus_y,0.02685215565929361,0.04941131890869299,0.022559163249399383,0.0,-0.5,0.02685215565929361,0.04941131890869299,0.027501327545688237,0.7679554224014282,0.38024991750717163,0.2153548300266266
ray_gpis_novelty_only,Cross,10,0,1,minus_x,minus_x,0.16179777011989355,0.16179777011989355,0.0,1.0,1.0,0.16179777011989355,0.07043704272854884,0.057438522423890526,0.9684682488441467,0.4632483720779419,0.3467410206794739
ray_gpis_novelty_only,Cross,10,0,2,minus_x,minus_x,0.10123794213632187,0.10123794213632187,0.0,1.0,1.0,0.10123794213632187,0.026306475251544392,0.04244305435154094,0.8457220196723938,0.3210216462612152,0.5196091532707214
ray_gpis_novelty_only,Cross,10,0,3,minus_x,minus_x,0.12212036179553565,0.12212036179553565,0.0,1.0,1.0,0.12212036179553565,0.06495997147282773,0.10367143845992288,0.7793869376182556,0.3325934112071991,0.6542904376983643
ray_gpis_novelty_only,Cross,10,0,4,minus_x,plus_z,0.025877245115146774,0.031563897975254385,0.0056866528601076105,0.0,0.5,0.025877245115146774,0.014408628935365653,0.031563897975254385,0.4403510093688965,0.213758185505867,0.2870083749294281
ray_gpis_novelty_only,Cross,5,0,0,plus_z,minus_x,0.08872096994943274,0.2033056212294002,0.11458465127996748,0.0,nan,0.2033056212294002,0.10245190335440574,0.08872096994943274,0.12645143270492554,0.12645143270492554,0.12645143270492554
ray_gpis_novelty_only,Cross,5,0,1,plus_z,minus_x,0.059989233785484875,0.15015952409223882,0.09017029030675394,0.0,nan,0.15015952409223882,0.1252518325971051,0.059989233785484875,0.06274552643299103,0.06274552643299103,0.06274552643299103
ray_gpis_novelty_only,Cross,5,0,2,minus_x,minus_x,0.2223082160695129,0.2223082160695129,0.0,1.0,0.5,0.2223082160695129,0.06448164379191301,0.029502116676833556,0.656738817691803,0.2140958160161972,0.2307300567626953
ray_gpis_novelty_only,Cross,5,0,3,minus_x,minus_x,0.05829753776604296,0.05829753776604296,0.0,1.0,0.5,0.05829753776604296,0.014848689884419342,0.038266201354695384,0.8900626301765442,0.7979933023452759,0.22811269760131836
ray_gpis_novelty_only,Cross,5,0,4,minus_x,plus_z,0.006311539213947004,0.014502235496026361,0.008190696282079357,0.0,-1.0,0.006311539213947004,0.009487559222204234,0.014502235496026361,0.855273962020874,0.778093159198761,0.2815740704536438
ray_gpis_novelty_only,Cross,11,0,0,minus_x,plus_z,0.28080992951174016,0.3286701257464123,0.04786019623467214,0.0,-0.5,0.28080992951174016,0.2706626630980626,0.3286701257464123,0.7200212478637695,0.32119518518447876,0.21814210712909698
ray_gpis_novelty_only,Cross,11,0,1,minus_y,minus_y,0.1351664809181508,0.1351664809181508,0.0,1.0,nan,0.13018298174693793,0.1351664809181508,0.07437929930249787,0.0064411708153784275,0.0064411708153784275,0.0064411708153784275
ray_gpis_novelty_only,Cross,11,0,2,plus_z,plus_z,0.08560688012374607,0.08560688012374607,0.0,1.0,nan,0.06003890646207588,0.05923724532622965,0.08560688012374607,0.16781838238239288,0.16781838238239288,0.16781838238239288
ray_gpis_novelty_only,Cross,11,0,3,minus_y,minus_x,0.09830769509956705,0.1432778409512674,0.04497014585170034,0.0,0.5,0.1432778409512674,0.09830769509956705,0.030312830289811465,0.7639556527137756,0.8730303049087524,0.2194250077009201
ray_gpis_novelty_only,Cross,11,0,4,minus_x,minus_x,0.13165642884586237,0.13165642884586237,0.0,1.0,1.0,0.13165642884586237,0.050103601689944766,0.02266798289263583,0.8677926063537598,0.8471035957336426,0.2165469378232956
ray_gpis_novelty_only,Cross,0,0,0,minus_x,plus_z,0.013553462158067797,0.05512291906487987,0.041569456906812075,0.0,nan,0.013553462158067797,0.04843869948924523,0.05512291906487987,0.05017177388072014,0.05017177388072014,0.05017177388072014
ray_gpis_novelty_only,Cross,0,0,1,minus_x,minus_x,0.22662220431310492,0.22662220431310492,0.0,1.0,nan,0.22662220431310492,0.07959306770673796,0.1634745875067219,0.035371094942092896,0.035371094942092896,0.035371094942092896
ray_gpis_novelty_only,Cross,0,0,2,minus_x,minus_x,0.11416268258116447,0.11416268258116447,0.0,1.0,1.0,0.11416268258116447,0.10738123543440437,0.04210825769322257,0.884494960308075,0.29081034660339355,0.2540937066078186
ray_gpis_novelty_only,Cross,0,0,3,minus_x,minus_x,0.1013037221307892,0.1013037221307892,0.0,1.0,0.5,0.1013037221307892,0.02922220333666825,0.016954642714743895,0.7352237701416016,0.3338356018066406,0.43399348855018616
ray_gpis_novelty_only,Cross,0,0,4,minus_x,minus_x,0.02614211867345484,0.02614211867345484,0.0,1.0,0.5,0.02614211867345484,0.006067277441792918,-0.009128370579219558,0.7689736485481262,0.33238890767097473,0.4122806191444397
ray_gpis_novelty_only,Bowl,8,0,0,minus_x,minus_x,0.08930793450969537,0.08930793450969537,0.0,1.0,1.0,0.08930793450969537,0.06563066815073476,0.058518733651395316,0.9646512866020203,0.9530520439147949,0.621808648109436
ray_gpis_novelty_only,Bowl,8,0,1,minus_x,minus_x,0.14532722083375255,0.14532722083375255,0.0,1.0,0.5,0.14532722083375255,0.02262296532303676,0.08010037298598088,0.9989091753959656,0.9953092336654663,0.7571789622306824
ray_gpis_novelty_only,Bowl,8,0,2,minus_x,minus_x,0.043698849593373223,0.043698849593373223,0.0,1.0,0.5,0.043698849593373223,0.02704933903626472,0.037644779316611476,0.9757280349731445,0.7027273178100586,0.5430724620819092
ray_gpis_novelty_only,Bowl,8,0,3,minus_x,minus_x,0.08757095251423497,0.08757095251423497,0.0,1.0,0.5,0.08757095251423497,0.03633095262307795,0.04540267247440699,0.9935982823371887,0.8803967237472534,0.6617487668991089
ray_gpis_novelty_only,Bowl,8,0,4,minus_x,minus_x,0.0632765724784532,0.0632765724784532,0.0,1.0,1.0,0.0632765724784532,0.002153973058941272,0.0321348046437121,0.9791339039802551,0.831536054611206,0.9584546089172363
ray_gpis_novelty_only,Bowl,13,0,0,minus_x,minus_x,0.27822971888173875,0.27822971888173875,0.0,1.0,1.0,0.27822971888173875,0.08376544114239554,0.13798870322900364,0.9407305121421814,0.5521144866943359,0.8559128642082214
ray_gpis_novelty_only,Bowl,13,0,1,plus_z,minus_x,0.018605207674839863,0.154673379738676,0.13606817206383615,0.0,-0.5,0.154673379738676,0.023846092267113428,0.018605207674839863,0.6726376414299011,0.5968580842018127,0.8911705017089844
ray_gpis_novelty_only,Bowl,13,0,2,plus_z,plus_z,-0.06677522303751238,-0.06677522303751238,0.0,1.0,1.0,-0.0748190602467097,-0.08147397079306573,-0.06677522303751238,0.8669859766960144,0.7269131541252136,0.9288251996040344
ray_gpis_novelty_only,Bowl,13,0,3,minus_x,minus_y,0.12485485430829812,0.12769921633874204,0.0028443620304439143,0.0,-0.5,0.12485485430829812,0.12769921633874204,0.06721767825318914,0.9113996624946594,0.5692103505134583,0.7177516222000122
ray_gpis_novelty_only,Bowl,13,0,4,plus_z,minus_x,0.03336282190518536,0.053922406211065144,0.020559584305879786,0.0,-0.5,0.053922406211065144,0.038488723358598986,0.03336282190518536,0.5831583738327026,0.37617141008377075,0.9014036655426025
ray_gpis_novelty_only,Bowl,4,0,0,minus_x,minus_x,0.12936047690632746,0.12936047690632746,0.0,1.0,1.0,0.12936047690632746,0.08413929025632338,0.05637810996287035,0.9423305988311768,0.8616263270378113,0.715836226940155
ray_gpis_novelty_only,Bowl,4,0,1,minus_x,minus_x,0.16910779962293088,0.16910779962293088,0.0,1.0,1.0,0.16910779962293088,0.004458446598722854,0.03204095538999863,0.9208617210388184,0.42602741718292236,0.6176511645317078
ray_gpis_novelty_only,Bowl,4,0,2,minus_x,plus_z,-0.03268989771919839,0.0174690908665045,0.05015898858570289,0.0,-1.0,-0.03268989771919839,0.009533787001238747,0.0174690908665045,0.8756511807441711,0.37113460898399353,0.28483685851097107
ray_gpis_novelty_only,Bowl,4,0,3,minus_x,minus_x,0.1290998059620948,0.1290998059620948,0.0,1.0,1.0,0.1290998059620948,0.06774078844636067,0.05993377962479374,0.7951295375823975,0.2171548455953598,0.2162976711988449
ray_gpis_novelty_only,Bowl,4,0,4,minus_x,plus_z,0.018060977356669006,0.02606499657778083,0.008004019221111824,0.0,0.5,0.018060977356669006,0.013355300109238799,0.02606499657778083,0.7433867454528809,0.228056862950325,0.6918716430664062
ray_gpis_novelty_only,Bowl,1,0,0,minus_x,minus_x,0.0820181819047126,0.0820181819047126,0.0,1.0,1.0,0.0820181819047126,-0.006312904292430088,-0.011278430503551484,0.9185404777526855,0.5474029183387756,0.4450933337211609
ray_gpis_novelty_only,Bowl,1,0,1,plus_z,plus_z,0.20110000162808567,0.20110000162808567,0.0,1.0,0.5,0.1979605418777693,0.18882105169240787,0.20110000162808567,0.7291763424873352,0.7639341354370117,0.8775928020477295
ray_gpis_novelty_only,Bowl,1,0,2,plus_z,minus_y,0.049339265300431534,0.08333738943087177,0.03399812413044023,0.0,-0.5,0.0656748357236907,0.08333738943087177,0.049339265300431534,0.599760115146637,0.662736713886261,0.8931534886360168
ray_gpis_novelty_only,Bowl,1,0,3,plus_z,minus_x,0.03474561134816112,0.08575477398229914,0.05100916263413802,0.0,-0.5,0.08575477398229914,0.03426964926431986,0.03474561134816112,0.6064037680625916,0.7903078198432922,0.8788414001464844
ray_gpis_novelty_only,Bowl,1,0,4,plus_z,minus_x,0.017142352418516027,0.027376786469589076,0.01023443405107305,0.0,-1.0,0.027376786469589076,0.023254026686961082,0.017142352418516027,0.7043249011039734,0.8958327174186707,0.9593429565429688
ray_gpis_novelty_only,Bowl,12,0,0,minus_x,plus_z,0.03809948967347343,0.11481611224361232,0.07671662257013889,0.0,-0.5,0.03809948967347343,0.0796381857084979,0.11481611224361232,0.9484422206878662,0.5122445225715637,0.6062036752700806
ray_gpis_novelty_only,Bowl,12,0,1,minus_x,minus_x,0.0523844377983933,0.0523844377983933,0.0,1.0,1.0,0.0523844377983933,0.0090211983497277,0.031461807483812665,0.9867426753044128,0.5956875681877136,0.7867546677589417
ray_gpis_novelty_only,Bowl,12,0,2,minus_x,minus_x,0.04324385823409871,0.04324385823409871,0.0,1.0,0.5,0.04324385823409871,0.03018324729412436,0.0027863246047015178,0.989876925945282,0.7290883660316467,0.8752131462097168
ray_gpis_novelty_only,Bowl,12,0,3,minus_x,minus_x,0.17869739764760173,0.17869739764760173,0.0,1.0,1.0,0.17869739764760173,0.06742098503008398,0.04982773733439405,0.9979441165924072,0.8767778277397156,0.8738217949867249
ray_gpis_novelty_only,Bowl,12,0,4,plus_z,minus_x,0.018359908382634904,0.08466150944761175,0.06630160106497685,0.0,-0.5,0.08466150944761175,0.022026288810579442,0.018359908382634904,0.7734212875366211,0.5508835911750793,0.9701938629150391
ray_gpis_novelty_only,Bowl,7,0,0,plus_z,minus_x,0.1438832080479875,0.2136083140579943,0.06972510601000681,0.0,-0.5,0.2136083140579943,0.16848544300573293,0.1438832080479875,0.9137548208236694,0.7827112674713135,0.9228977560997009
ray_gpis_novelty_only,Bowl,7,0,1,plus_z,minus_x,0.1150177740822309,0.14650876977299332,0.03149099569076241,0.0,0.5,0.14650876977299332,0.07657299869028089,0.1150177740822309,0.6999785900115967,0.6020014882087708,0.9105461239814758
ray_gpis_novelty_only,Bowl,7,0,2,plus_z,plus_z,0.04008260523985552,0.04008260523985552,0.0,1.0,0.5,0.02942559121583188,0.024638262165566305,0.04008260523985552,0.6549783945083618,0.8418525457382202,0.9423785209655762
ray_gpis_novelty_only,Bowl,7,0,3,plus_z,minus_y,0.07326057538197417,0.0927557073682026,0.01949513198622843,0.0,-0.5,0.08956436921784794,0.0927557073682026,0.07326057538197417,0.7156033515930176,0.8514787554740906,0.9787554740905762
ray_gpis_novelty_only,Bowl,7,0,4,plus_z,minus_x,0.055662376382056955,0.05971738904975188,0.004055012667694924,0.0,-0.5,0.05971738904975188,0.059312782426417354,0.055662376382056955,0.9520938992500305,0.7638903856277466,0.9808409214019775
ray_gpis_novelty_only,Bowl,14,0,0,plus_z,minus_x,0.14053079574663052,0.17647134570099765,0.03594054995436713,0.0,-0.5,0.17647134570099765,0.15158393639206358,0.14053079574663052,0.6251653432846069,0.5340957641601562,0.9339202046394348
ray_gpis_novelty_only,Bowl,14,0,1,minus_y,minus_x,0.06253570821549026,0.07401622377723627,0.011480515561746008,0.0,-1.0,0.07401622377723627,0.06253570821549026,0.07270735587577504,0.6329988837242126,0.9160750508308411,0.8948982357978821
ray_gpis_novelty_only,Bowl,14,0,2,plus_z,minus_x,0.017505689639559785,0.05983799009873214,0.042332300459172356,0.0,-1.0,0.05983799009873214,0.024059511796776456,0.017505689639559785,0.6903848648071289,0.9360837936401367,0.9564376473426819
ray_gpis_novelty_only,Bowl,14,0,3,minus_y,minus_y,0.046148965822362276,0.046148965822362276,0.0,1.0,1.0,0.03351362880722064,0.046148965822362276,0.03541403396827625,0.8124294877052307,0.9903462529182434,0.9764057993888855
ray_gpis_novelty_only,Bowl,14,0,4,plus_z,minus_y,0.014648976192211838,0.022539158024387773,0.007890181832175935,0.0,-0.5,0.004557859217360516,0.022539158024387773,0.014648976192211838,0.9732521176338196,0.8102264404296875,0.9965265393257141
ray_gpis_novelty_only,Bowl,2,0,0,minus_x,minus_y,0.11237792973936395,0.1708576289975099,0.058479699258145945,0.0,0.5,0.11237792973936395,0.1708576289975099,0.07751118872271295,0.9319639205932617,0.7549810409545898,0.3733177185058594
ray_gpis_novelty_only,Bowl,2,0,1,minus_x,minus_x,0.1999542245434765,0.1999542245434765,0.0,1.0,1.0,0.1999542245434765,0.09337465440798814,0.08726813971812225,0.9733026623725891,0.5948114991188049,0.2887449264526367
ray_gpis_novelty_only,Bowl,2,0,2,plus_z,minus_x,0.1360714014749589,0.13662812358656506,0.0005567221116061782,0.0,0.5,0.13662812358656506,0.10890724420854336,0.1360714014749589,0.9101629257202148,0.6039296388626099,0.9302074909210205
ray_gpis_novelty_only,Bowl,2,0,3,minus_y,minus_x,0.024692949225091132,0.03208146083047403,0.007388511605382897,0.0,-0.5,0.03208146083047403,0.024692949225091132,0.031989675194424194,0.5666815638542175,0.9619134068489075,0.5156872868537903
ray_gpis_novelty_only,Bowl,2,0,4,minus_y,minus_y,0.039437009868753536,0.039437009868753536,0.0,1.0,0.5,0.03363323824769193,0.039437009868753536,0.022994077368674537,0.6263737082481384,0.9903395175933838,0.9757401347160339
ray_gpis_novelty_only,Bowl,6,0,0,minus_x,minus_y,0.12446604055120478,0.1357303458877249,0.01126430533652012,0.0,nan,0.12446604055120478,0.1357303458877249,0.06632937790692314,0.03941328078508377,0.03941328078508377,0.03941328078508377
ray_gpis_novelty_only,Bowl,6,0,1,minus_x,minus_x,0.24045706249767457,0.24045706249767457,0.0,1.0,0.5,0.24045706249767457,0.15523528110053314,0.06138908096419221,0.9234987497329712,0.45504307746887207,0.6762599945068359
ray_gpis_novelty_only,Bowl,6,0,2,minus_y,minus_x,0.028077749203253122,0.10753222960267261,0.07945448039941949,0.0,-0.5,0.10753222960267261,0.028077749203253122,0.04555807163902692,0.9487580060958862,0.9496835470199585,0.8441858887672424
ray_gpis_novelty_only,Bowl,6,0,3,plus_z,minus_y,0.0953212482323772,0.13512815507915443,0.039806906846777235,0.0,-0.5,0.06309660123625838,0.13512815507915443,0.0953212482323772,0.9108511805534363,0.9043736457824707,0.9495515823364258
ray_gpis_novelty_only,Bowl,6,0,4,minus_y,minus_y,0.1017395732539148,0.1017395732539148,0.0,1.0,0.5,0.056513798618805455,0.1017395732539148,0.08006621197789421,0.6832167506217957,0.9361957907676697,0.5939753651618958
ray_gpis_novelty_only,Bowl,3,0,0,plus_z,minus_x,0.12122270007712685,0.27396869211958674,0.1527459920424599,0.0,nan,0.27396869211958674,0.1743784521072049,0.12122270007712685,0.14444498717784882,0.14444498717784882,0.14444498717784882
ray_gpis_novelty_only,Bowl,3,0,1,plus_z,minus_y,0.08610133512948581,0.1695293416767572,0.0834280065472714,0.0,nan,0.1333686900263295,0.1695293416767572,0.08610133512948581,0.03317337855696678,0.03317337855696678,0.03317337855696678
ray_gpis_novelty_only,Bowl,3,0,2,minus_x,minus_x,0.16241008716610034,0.16241008716610034,0.0,1.0,0.5,0.16241008716610034,0.07941357234848984,0.09051428026337716,0.9767918586730957,0.9584209322929382,0.6529929041862488
ray_gpis_novelty_only,Bowl,3,0,3,minus_y,minus_x,0.013337916609907574,0.16980942640327557,0.156471509793368,0.0,-0.5,0.16980942640327557,0.013337916609907574,0.028838897783650785,0.8728259205818176,0.9059888124465942,0.44744667410850525
ray_gpis_novelty_only,Bowl,3,0,4,minus_y,minus_y,0.14905344056114866,0.14905344056114866,0.0,1.0,1.0,0.07920061313538773,0.14905344056114866,0.005482806442749566,0.899294376373291,0.9679638147354126,0.21307799220085144
ray_gpis_novelty_only,Bowl,9,0,0,minus_x,minus_y,0.08094899237356684,0.20525769773553926,0.12430870536197242,0.0,-1.0,0.08094899237356684,0.20525769773553926,0.11351449850602002,0.9282898902893066,0.6237700581550598,0.6292048692703247
ray_gpis_novelty_only,Bowl,9,0,1,minus_x,minus_x,0.1883536461561663,0.1883536461561663,0.0,1.0,1.0,0.1883536461561663,0.10731496110882749,0.0019947596599139694,0.9173248410224915,0.613091230392456,0.3040819764137268
ray_gpis_novelty_only,Bowl,9,0,2,minus_x,minus_y,0.0738593995807042,0.13833005386098085,0.06447065428027665,0.0,-0.5,0.0738593995807042,0.13833005386098085,0.08121095559196567,0.924127459526062,0.8976930379867554,0.6924269795417786
ray_gpis_novelty_only,Bowl,9,0,3,minus_y,minus_x,0.06821186125793477,0.11036937060456586,0.042157509346631095,0.0,0.5,0.11036937060456586,0.06821186125793477,0.05971882050254118,0.8505047559738159,0.9217966198921204,0.8041093945503235
ray_gpis_novelty_only,Bowl,9,0,4,minus_y,minus_y,0.06998745442444443,0.06998745442444443,0.0,1.0,1.0,0.059288110110698344,0.06998745442444443,0.03186862970404947,0.9349191784858704,0.9681407809257507,0.9083914160728455
ray_gpis_novelty_only,Bowl,10,0,0,plus_z,minus_y,0.04805145969340727,0.14656960897957375,0.09851814928616648,0.0,nan,0.11115364170821326,0.14656960897957375,0.04805145969340727,0.14315959811210632,0.14315959811210632,0.14315959811210632
ray_gpis_novelty_only,Bowl,10,0,1,minus_x,minus_y,0.04326132198361565,0.06789820438204142,0.024636882398425763,0.0,-1.0,0.04326132198361565,0.06789820438204142,0.06534378428649146,0.9862408638000488,0.7282360196113586,0.7509002685546875
ray_gpis_novelty_only,Bowl,10,0,2,plus_z,minus_x,0.1327930958268912,0.19377521278224785,0.06098211695535666,0.0,nan,0.19377521278224785,0.13600853338661817,0.1327930958268912,0.18748943507671356,0.18748943507671356,0.18748943507671356
ray_gpis_novelty_only,Bowl,10,0,3,minus_x,minus_x,0.06178818433403416,0.06178818433403416,0.0,1.0,1.0,0.06178818433403416,0.02354318225657609,0.013759418119648426,0.998990535736084,0.9988597631454468,0.9528024792671204
ray_gpis_novelty_only,Bowl,10,0,4,minus_x,minus_x,0.1668555293692925,0.1668555293692925,0.0,1.0,1.0,0.1668555293692925,0.06984819537266596,0.02048139806677396,0.9998529553413391,0.8999412655830383,0.8825446963310242
ray_gpis_novelty_only,Bowl,5,0,0,minus_x,minus_x,0.2607287755429419,0.2607287755429419,0.0,1.0,0.5,0.2607287755429419,0.1877676866477801,0.20947599221229596,0.8857700824737549,0.5504165291786194,0.3894954025745392
ray_gpis_novelty_only,Bowl,5,0,1,minus_x,minus_x,0.14188133039993922,0.14188133039993922,0.0,1.0,1.0,0.14188133039993922,0.1373336693079671,0.06263457489047908,0.9566852450370789,0.6597020030021667,0.5542156100273132
ray_gpis_novelty_only,Bowl,5,0,2,minus_x,minus_y,0.0026062549809988678,0.008529797196217825,0.005923542215218958,0.0,-0.5,0.0026062549809988678,0.008529797196217825,0.004546859530488168,0.9627911448478699,0.6876028180122375,0.5577381253242493
ray_gpis_novelty_only,Bowl,5,0,3,minus_x,minus_x,0.09999165053982284,0.09999165053982284,0.0,1.0,1.0,0.09999165053982284,0.03582104638624917,0.012968860997371712,0.9795388579368591,0.6725686192512512,0.6443371772766113
ray_gpis_novelty_only,Bowl,5,0,4,minus_x,minus_x,0.08492041123198768,0.08492041123198768,0.0,1.0,1.0,0.08492041123198768,0.014051392416355113,0.06792509518688161,0.9621754288673401,0.800243616104126,0.9450759291648865
ray_gpis_novelty_only,Bowl,11,0,0,minus_x,minus_x,0.23786443324894374,0.23786443324894374,0.0,1.0,1.0,0.23786443324894374,0.1610480238274712,0.16662333849867306,0.9074317812919617,0.6475314497947693,0.6513881683349609
ray_gpis_novelty_only,Bowl,11,0,1,minus_x,minus_x,0.10766469989476807,0.10766469989476807,0.0,1.0,1.0,0.10766469989476807,0.0652382246476218,0.09194491794414911,0.8736723065376282,0.561748206615448,0.685768187046051
ray_gpis_novelty_only,Bowl,11,0,2,plus_z,minus_x,0.07371222353986817,0.17534044664799653,0.10162822310812836,0.0,-1.0,0.17534044664799653,0.09508417273157166,0.07371222353986817,0.43412452936172485,0.5031601786613464,0.8561736345291138
ray_gpis_novelty_only,Bowl,11,0,3,minus_y,minus_y,0.0008630131318321244,0.0008630131318321244,0.0,1.0,1.0,-0.045437566495021064,0.0008630131318321244,-0.050126385292008746,0.3688594400882721,0.8295016288757324,0.3678298592567444
ray_gpis_novelty_only,Bowl,11,0,4,minus_y,plus_z,0.023596253768797926,0.06265266573097106,0.03905641196217313,0.0,-0.5,0.04343094616770271,0.023596253768797926,0.06265266573097106,0.2384108304977417,0.5246846079826355,0.509942352771759
ray_gpis_novelty_only,Bowl,0,0,0,minus_x,plus_z,0.008394190414278802,0.024921569302953805,0.016527378888675004,0.0,-1.0,0.008394190414278802,0.014187513820105913,0.024921569302953805,0.9543851613998413,0.8228404521942139,0.5402207970619202
ray_gpis_novelty_only,Bowl,0,0,1,minus_x,minus_y,0.05060706665714254,0.055659313277564015,0.005052246620421474,0.0,0.5,0.05060706665714254,0.055659313277564015,0.031012419988284967,0.901828944683075,0.5539548993110657,0.23784780502319336
ray_gpis_novelty_only,Bowl,0,0,2,minus_x,minus_x,0.20081375405404855,0.20081375405404855,0.0,1.0,1.0,0.20081375405404855,0.09464160183714254,0.12007157011510627,0.9892852902412415,0.7469274401664734,0.7682967782020569
ray_gpis_novelty_only,Bowl,0,0,3,minus_x,plus_z,0.03641585389851565,0.03723389677464106,0.0008180428761254133,0.0,0.5,0.03641585389851565,0.02096684798484738,0.03723389677464106,0.9751596450805664,0.4953136444091797,0.6421692967414856
ray_gpis_novelty_only,Bowl,0,0,4,minus_x,minus_y,0.03726434467662787,0.07619804193367286,0.038933697257044986,0.0,-1.0,0.03726434467662787,0.07619804193367286,0.05491979158557081,0.9894402027130127,0.5597329139709473,0.680051326751709
ray_gpis_novelty_only,Cube,8,0,0,minus_y,minus_x,0.1372625936971827,0.1857755958191485,0.0485130021219658,0.0,nan,0.1857755958191485,0.1372625936971827,0.09634051687619732,0.14621222019195557,0.14621222019195557,0.14621222019195557
ray_gpis_novelty_only,Cube,8,0,1,minus_x,minus_x,0.08027407216861349,0.08027407216861349,0.0,1.0,0.5,0.08027407216861349,0.0028778224725224955,0.005825667164961468,0.8879940509796143,0.6823102831840515,0.5362891554832458
ray_gpis_novelty_only,Cube,8,0,2,minus_x,plus_z,0.03899050014038352,0.039226544002743946,0.0002360438623604244,0.0,-0.5,0.03899050014038352,0.036958265515267374,0.039226544002743946,0.9947998523712158,0.8240225315093994,0.4158252477645874
ray_gpis_novelty_only,Cube,8,0,3,minus_x,minus_x,0.14319231444171776,0.14319231444171776,0.0,1.0,0.5,0.14319231444171776,0.05912098000695032,0.06373596013856098,0.9881814122200012,0.669914722442627,0.21552152931690216
ray_gpis_novelty_only,Cube,8,0,4,minus_x,plus_z,0.027750846261031636,0.0479017817863121,0.020150935525280467,0.0,-0.5,0.027750846261031636,0.021875930417514566,0.0479017817863121,0.89576655626297,0.4957555830478668,0.4804559350013733
ray_gpis_novelty_only,Cube,13,0,0,minus_x,minus_x,0.2736035344500242,0.2736035344500242,0.0,1.0,0.5,0.2736035344500242,0.11234550159086054,0.15272679388856908,0.8108372688293457,0.6140145659446716,0.3564938008785248
ray_gpis_novelty_only,Cube,13,0,1,minus_x,minus_x,0.13312177676828052,0.13312177676828052,0.0,1.0,1.0,0.13312177676828052,0.08273439412326766,0.025961139235396113,0.8801994323730469,0.37336230278015137,0.23051467537879944
ray_gpis_novelty_only,Cube,13,0,2,minus_x,minus_x,0.17035068314932023,0.17035068314932023,0.0,1.0,1.0,0.17035068314932023,0.025429416803276705,0.009800822393205788,0.7834654450416565,0.372153103351593,0.23417377471923828
ray_gpis_novelty_only,Cube,13,0,3,minus_x,minus_y,0.006228609255263584,0.00830713775448011,0.0020785284992165254,0.0,-0.5,0.006228609255263584,0.00830713775448011,0.00676758565381308,0.23759964108467102,0.21618466079235077,0.21600838005542755
ray_gpis_novelty_only,Cube,13,0,4,minus_x,minus_y,0.01751844760192467,0.018075627555723672,0.000557179953799003,0.0,-0.5,0.01751844760192467,0.018075627555723672,0.017464495220695597,0.27901652455329895,0.21341092884540558,0.21561284363269806
ray_gpis_novelty_only,Cube,4,0,0,minus_x,minus_x,0.21181437328106845,0.21181437328106845,0.0,1.0,0.5,0.21181437328106845,0.08320616430526895,0.09270615665927284,0.7007563710212708,0.3358713686466217,0.28233790397644043
ray_gpis_novelty_only,Cube,4,0,1,minus_x,minus_x,0.12560120519987994,0.12560120519987994,0.0,1.0,0.5,0.12560120519987994,0.05857028775085915,0.05132414276730368,0.8570025563240051,0.2443903684616089,0.24761319160461426
ray_gpis_novelty_only,Cube,4,0,2,minus_x,minus_x,-0.03562494844046593,-0.03562494844046593,0.0,1.0,1.0,-0.03562494844046593,-0.07469742838545423,-0.046316019523080065,0.7758957743644714,0.691443145275116,0.7157934308052063
ray_gpis_novelty_only,Cube,4,0,3,plus_z,minus_y,0.061515359406657644,0.07375973826487037,0.012244378858212723,0.0,0.5,0.004746919407611294,0.07375973826487037,0.061515359406657644,0.23017939925193787,0.24247589707374573,0.24428267776966095
ray_gpis_novelty_only,Cube,4,0,4,minus_x,plus_z,0.017008958866639334,0.04114964577005531,0.024140686903415975,0.0,-1.0,0.017008958866639334,0.020360307943888212,0.04114964577005531,0.2588534355163574,0.2473888099193573,0.21335861086845398
ray_gpis_novelty_only,Cube,1,0,0,minus_x,plus_z,0.01158827925383854,0.023132960767820565,0.011544681513982025,0.0,-1.0,0.01158827925383854,0.01834215236560721,0.023132960767820565,0.8310985565185547,0.5947375893592834,0.21545259654521942
ray_gpis_novelty_only,Cube,1,0,1,minus_x,minus_x,0.11197498652933768,0.11197498652933768,0.0,1.0,0.5,0.11197498652933768,0.005917435044245467,0.018054715081402883,0.9894697070121765,0.7069962620735168,0.21294307708740234
ray_gpis_novelty_only,Cube,1,0,2,minus_x,plus_z,0.004595803114982866,0.02206008629306888,0.017464283178086015,0.0,-1.0,0.004595803114982866,0.010664917490806447,0.02206008629306888,0.9415099620819092,0.741372287273407,0.2747294306755066
ray_gpis_novelty_only,Cube,1,0,3,minus_x,minus_x,0.09413071988636768,0.09413071988636768,0.0,1.0,0.5,0.09413071988636768,0.07115024389827562,0.08652219016709961,0.9835839867591858,0.5713495016098022,0.550812840461731
ray_gpis_novelty_only,Cube,1,0,4,minus_x,minus_x,0.03996566504204624,0.03996566504204624,0.0,1.0,0.5,0.03996566504204624,0.015329268856372869,0.016381148883737207,0.984649658203125,0.6490334868431091,0.2118300348520279
ray_gpis_novelty_only,Cube,12,0,0,minus_x,minus_x,0.21701128696027122,0.21701128696027122,0.0,1.0,nan,0.21701128696027122,0.058463711766241266,0.07781296598815185,0.13641373813152313,0.13641373813152313,0.13641373813152313
ray_gpis_novelty_only,Cube,12,0,1,minus_x,minus_x,0.13976558626398217,0.13976558626398217,0.0,1.0,0.5,0.13976558626398217,0.06982818279384073,0.031245951335535094,0.8311427235603333,0.223978191614151,0.3254004716873169
ray_gpis_novelty_only,Cube,12,0,2,minus_x,minus_y,0.010777287554069148,0.04736351774711389,0.036586230193044744,0.0,-1.0,0.010777287554069148,0.04736351774711389,0.015058222926919496,0.53560471534729,0.23838694393634796,0.4473876953125
ray_gpis_novelty_only,Cube,12,0,3,minus_x,minus_x,0.08305249549543958,0.08305249549543958,0.0,1.0,1.0,0.08305249549543958,0.033090144497722185,0.05519211137766444,0.5366472005844116,0.23827816545963287,0.46848320960998535
ray_gpis_novelty_only,Cube,12,0,4,minus_x,minus_x,0.015456512160228808,0.015456512160228808,0.0,1.0,0.5,0.015456512160228808,0.00447959100705031,0.0050914458848630995,0.5367668271064758,0.21482022106647491,0.21428772807121277
ray_gpis_novelty_only,Cube,7,0,0,minus_x,plus_z,0.21810902211463837,0.2932564564074488,0.07514743429281043,0.0,-0.5,0.21810902211463837,0.16310042776664221,0.2932564564074488,0.8753751516342163,0.6844527721405029,0.25525540113449097
ray_gpis_novelty_only,Cube,7,0,1,minus_x,minus_y,0.13880849012671986,0.16458498528084292,0.025776495154123058,0.0,0.5,0.13880849012671986,0.16458498528084292,0.12253872522550802,0.8432676196098328,0.4575367867946625,0.2143706977367401
ray_gpis_novelty_only,Cube,7,0,2,minus_x,minus_x,0.12020091436805391,0.12020091436805391,0.0,1.0,0.5,0.12020091436805391,0.07000146877861035,0.033896307721081764,0.8482111096382141,0.22192828357219696,0.2644505500793457
ray_gpis_novelty_only,Cube,7,0,3,minus_x,minus_x,0.0645450380926792,0.0645450380926792,0.0,1.0,0.5,0.0645450380926792,0.029828786940503837,0.012446444556777125,0.7879997491836548,0.27591124176979065,0.27738359570503235
ray_gpis_novelty_only,Cube,7,0,4,minus_x,minus_x,0.12494524478420888,0.12494524478420888,0.0,1.0,1.0,0.12494524478420888,0.00576449534730239,0.014086150038376766,0.8106303811073303,0.2330019474029541,0.3423464596271515
ray_gpis_novelty_only,Cube,14,0,0,minus_x,plus_z,0.008833580757821646,0.05840521438942553,0.049571633631603884,0.0,-1.0,0.008833580757821646,0.03229564496431592,0.05840521438942553,0.8148326873779297,0.6017867922782898,0.24338479340076447
ray_gpis_novelty_only,Cube,14,0,1,minus_x,minus_x,0.12243648321219275,0.12243648321219275,0.0,1.0,0.5,0.12243648321219275,0.005255037429967413,0.04034498042645879,0.8747105002403259,0.3554040789604187,0.21864131093025208
ray_gpis_novelty_only,Cube,14,0,2,minus_x,minus_x,0.13835605996097988,0.13835605996097988,0.0,1.0,1.0,0.13835605996097988,0.11357842696032228,0.0772104542222245,0.762076199054718,0.5202947854995728,0.2780442237854004
ray_gpis_novelty_only,Cube,14,0,3,plus_z,minus_x,0.06135401040283284,0.10307404360293859,0.041720033200105755,0.0,-0.5,0.10307404360293859,0.07706319711921905,0.06135401040283284,0.4685591757297516,0.36266231536865234,0.5255439281463623
ray_gpis_novelty_only,Cube,14,0,4,minus_x,minus_x,0.09061848300334197,0.09061848300334197,0.0,1.0,0.5,0.09061848300334197,0.032667504974552064,0.028380246385484864,0.4049878418445587,0.3059036433696747,0.39874279499053955
ray_gpis_novelty_only,Cube,2,0,0,plus_z,plus_z,0.1329841522323567,0.1329841522323567,0.0,1.0,nan,0.07381279574791716,0.0932303509409187,0.1329841522323567,0.08662303537130356,0.08662303537130356,0.08662303537130356
ray_gpis_novelty_only,Cube,2,0,1,plus_z,minus_x,0.11194089464411161,0.16787205193858734,0.05593115729447573,0.0,nan,0.16787205193858734,0.15402405958472365,0.11194089464411161,0.0809200257062912,0.0809200257062912,0.0809200257062912
ray_gpis_novelty_only,Cube,2,0,2,minus_x,minus_x,0.2529280717151482,0.2529280717151482,0.0,1.0,nan,0.2529280717151482,0.10074421266152822,0.052196803424665206,0.09361270815134048,0.09361270815134048,0.09361270815134048
ray_gpis_novelty_only,Cube,2,0,3,minus_x,minus_x,0.06542214667519786,0.06542214667519786,0.0,1.0,1.0,0.06542214667519786,0.03699111582021408,0.02328627519590798,0.8281623721122742,0.2821348011493683,0.21546275913715363
ray_gpis_novelty_only,Cube,2,0,4,minus_x,minus_x,0.06851905561485228,0.06851905561485228,0.0,1.0,1.0,0.06851905561485228,0.011094434679101206,0.011102681632922495,0.844596803188324,0.25401073694229126,0.49889183044433594
ray_gpis_novelty_only,Cube,6,0,0,minus_x,minus_x,0.2319963247691575,0.2319963247691575,0.0,1.0,nan,0.2319963247691575,0.07841316593976572,0.08464795313118051,0.17014800012111664,0.17014800012111664,0.17014800012111664
ray_gpis_novelty_only,Cube,6,0,1,minus_x,plus_z,0.003475309215671407,0.024531138396096774,0.021055829180425367,0.0,-1.0,0.003475309215671407,0.005698389972471074,0.024531138396096774,0.8498461842536926,0.3703271448612213,0.21451666951179504
ray_gpis_novelty_only,Cube,6,0,2,minus_x,minus_x,0.1369699381006536,0.1369699381006536,0.0,1.0,1.0,0.1369699381006536,0.10866102535372468,0.04975733890079548,0.937907874584198,0.7272723317146301,0.21290390193462372
ray_gpis_novelty_only,Cube,6,0,3,plus_z,plus_z,0.09448506402526824,0.09448506402526824,0.0,1.0,1.0,0.0920738990963701,0.06630546667584902,0.09448506402526824,0.3977726101875305,0.3672730624675751,0.4489651620388031
ray_gpis_novelty_only,Cube,6,0,4,minus_y,minus_y,0.009712577705890069,0.009712577705890069,0.0,1.0,0.5,0.005197640647070401,0.009712577705890069,0.007313050152148448,0.2144905924797058,0.2159157544374466,0.2128865122795105
ray_gpis_novelty_only,Cube,3,0,0,minus_x,minus_x,0.05853755696072438,0.05853755696072438,0.0,1.0,0.5,0.05853755696072438,-0.01375758576980124,-0.010414176044185264,0.6967847943305969,0.4079993665218353,0.25554609298706055
ray_gpis_novelty_only,Cube,3,0,1,minus_x,minus_x,0.1839156749685696,0.1839156749685696,0.0,1.0,1.0,0.1839156749685696,0.09056522381380822,0.11456221396425209,0.739413857460022,0.2819809913635254,0.2984718978404999
ray_gpis_novelty_only,Cube,3,0,2,minus_x,minus_y,0.0252936023084247,0.04978781854401926,0.024494216235594557,0.0,-1.0,0.0252936023084247,0.04978781854401926,0.04128952914891637,0.7601595520973206,0.314849853515625,0.3788832128047943
ray_gpis_novelty_only,Cube,3,0,3,minus_x,minus_x,0.15274768412431305,0.15274768412431305,0.0,1.0,0.5,0.15274768412431305,0.06588989506103826,0.017826172211232172,0.7514035105705261,0.32991111278533936,0.42438316345214844
ray_gpis_novelty_only,Cube,3,0,4,minus_y,minus_y,0.03311321537352774,0.03311321537352774,0.0,1.0,0.5,0.02854168300908555,0.03311321537352774,0.032665290507503886,0.2641321122646332,0.33536043763160706,0.21689477562904358
ray_gpis_novelty_only,Cube,9,0,0,minus_y,minus_y,0.1307490708976753,0.1307490708976753,0.0,1.0,nan,0.09081320925810343,0.1307490708976753,0.11251326491924651,0.18186651170253754,0.18186651170253754,0.18186651170253754
ray_gpis_novelty_only,Cube,9,0,1,minus_x,minus_x,0.17825470229559304,0.17825470229559304,0.0,1.0,0.5,0.17825470229559304,0.015274945746615365,0.025875682797327326,0.7483447194099426,0.3534095883369446,0.21505750715732574
ray_gpis_novelty_only,Cube,9,0,2,minus_x,minus_x,0.16242709012485113,0.16242709012485113,0.0,1.0,1.0,0.16242709012485113,0.06989416721638386,0.07115836867839065,0.7818617820739746,0.5935934782028198,0.6099746227264404
ray_gpis_novelty_only,Cube,9,0,3,minus_x,minus_x,0.061118147181735916,0.061118147181735916,0.0,1.0,1.0,0.061118147181735916,0.010647100548256905,0.000679082744720394,0.3217887878417969,0.21521897614002228,0.21338602900505066
ray_gpis_novelty_only,Cube,9,0,4,plus_z,minus_x,-0.02040816101854115,-0.01802758373139912,0.002380577287142027,0.0,0.5,-0.01802758373139912,-0.020809070506615734,-0.02040816101854115,0.2163958102464676,0.21440951526165009,0.21727144718170166
ray_gpis_novelty_only,Cube,10,0,0,minus_x,minus_y,0.09049809201731701,0.11767686098805907,0.027178768970742062,0.0,0.5,0.09049809201731701,0.11767686098805907,0.07269973191276918,0.8443574905395508,0.4745628237724304,0.24164803326129913
ray_gpis_novelty_only,Cube,10,0,1,plus_z,minus_x,0.018911937982476645,0.04674725248397532,0.027835314501498676,0.0,nan,0.04674725248397532,0.027972928435030575,0.018911937982476645,0.13398855924606323,0.13398855924606323,0.13398855924606323
ray_gpis_novelty_only,Cube,10,0,2,plus_z,minus_y,0.029762187662240813,0.04785627565626027,0.01809408799401946,0.0,nan,0.03462646495645905,0.04785627565626027,0.029762187662240813,0.16276995837688446,0.16276995837688446,0.16276995837688446
ray_gpis_novelty_only,Cube,10,0,3,minus_x,minus_x,0.21838460655100844,0.21838460655100844,0.0,1.0,0.5,0.21838460655100844,0.027518490001238405,0.03333960996586793,0.9429238438606262,0.3984932005405426,0.21293261647224426
ray_gpis_novelty_only,Cube,10,0,4,minus_x,minus_x,0.11343235807462337,0.11343235807462337,0.0,1.0,1.0,0.11343235807462337,0.007953539102898088,0.01819625752110976,0.9094981551170349,0.21342305839061737,0.25369375944137573
ray_gpis_novelty_only,Cube,5,0,0,plus_z,minus_x,0.04390754948566461,0.07768132207276013,0.03377377258709552,0.0,nan,0.07768132207276013,0.022640097704936246,0.04390754948566461,0.03573323041200638,0.03573323041200638,0.03573323041200638
ray_gpis_novelty_only,Cube,5,0,1,plus_z,minus_x,0.028144773846630333,0.21296149550019589,0.18481672165356555,0.0,nan,0.21296149550019589,0.14819791064334037,0.028144773846630333,0.10501277446746826,0.10501277446746826,0.10501277446746826
ray_gpis_novelty_only,Cube,5,0,2,plus_z,minus_y,0.016696411445875192,0.026005918049113896,0.009309506603238704,0.0,nan,0.011867926203184609,0.026005918049113896,0.016696411445875192,0.16475419700145721,0.16475419700145721,0.16475419700145721
ray_gpis_novelty_only,Cube,5,0,3,minus_x,plus_z,0.1132649673770697,0.20024382990251455,0.08697886252544484,0.0,nan,0.1132649673770697,0.17216227601260947,0.20024382990251455,0.09611085802316666,0.09611085802316666,0.09611085802316666
ray_gpis_novelty_only,Cube,5,0,4,minus_x,minus_y,0.04545357279974371,0.07787982932801696,0.032426256528273245,0.0,0.5,0.04545357279974371,0.07787982932801696,0.007623814229806125,0.9999887943267822,0.8487143516540527,0.3590353727340698
ray_gpis_novelty_only,Cube,11,0,0,minus_x,minus_y,0.042395087134720566,0.04452663445009791,0.0021315473153773468,0.0,-0.5,0.042395087134720566,0.04452663445009791,0.043299038775226506,0.7170004844665527,0.2931184768676758,0.22742341458797455
ray_gpis_novelty_only,Cube,11,0,1,minus_x,minus_x,0.14573106251256884,0.14573106251256884,0.0,1.0,1.0,0.14573106251256884,0.044048737830683526,0.026749126000430556,0.9838072657585144,0.5206996202468872,0.21021802723407745
ray_gpis_novelty_only,Cube,11,0,2,minus_x,minus_y,0.01415091302924587,0.059540457392027735,0.045389544362781864,0.0,-0.5,0.01415091302924587,0.059540457392027735,0.03047992969413882,0.8722271919250488,0.8412518501281738,0.2174769639968872
ray_gpis_novelty_only,Cube,11,0,3,minus_x,minus_x,0.05228362262769737,0.05228362262769737,0.0,1.0,1.0,0.05228362262769737,0.03497820758383863,0.02768556924337484,0.9899113774299622,0.9833865165710449,0.7381073832511902
ray_gpis_novelty_only,Cube,11,0,4,minus_y,minus_x,0.02697718528564863,0.036962144574576805,0.009984959288928175,0.0,0.5,0.036962144574576805,0.02697718528564863,0.006114299327051431,0.97471684217453,0.9858964085578918,0.45352229475975037
ray_gpis_novelty_only,Cube,0,0,0,minus_x,minus_x,0.2573690951389139,0.2573690951389139,0.0,1.0,nan,0.2573690951389139,0.16516811688915073,0.015061662433935974,0.0007487041293643415,0.0007487041293643415,0.0007487041293643415
ray_gpis_novelty_only,Cube,0,0,1,minus_x,minus_x,0.11078965268141794,0.11078965268141794,0.0,1.0,1.0,0.11078965268141794,0.014852294109000463,0.04300214978920758,0.9189730882644653,0.28844311833381653,0.38032618165016174
ray_gpis_novelty_only,Cube,0,0,2,minus_x,minus_x,0.07209506531919307,0.07209506531919307,0.0,1.0,0.5,0.07209506531919307,0.0001987243924076454,0.0004795786860478657,0.8865292072296143,0.37360483407974243,0.3727005422115326
ray_gpis_novelty_only,Cube,0,0,3,minus_x,minus_x,0.09734448628968351,0.09734448628968351,0.0,1.0,1.0,0.09734448628968351,0.0,0.013622111648461055,0.8876288533210754,0.278529554605484,0.33017057180404663
ray_gpis_novelty_only,Cube,0,0,4,minus_x,minus_x,0.08583994892720304,0.08583994892720304,0.0,1.0,1.0,0.08583994892720304,0.020750892096139117,0.028210758192069196,0.8520210385322571,0.2162306308746338,0.29438817501068115
ray_gpis_novelty_only,Thin_Irregular,8,0,0,minus_x,minus_y,0.059315841309843964,0.09138589289859006,0.032070051588746096,0.0,-0.5,0.059315841309843964,0.09138589289859006,0.08364573270012937,0.9907416701316833,0.8647926449775696,0.24231858551502228
ray_gpis_novelty_only,Thin_Irregular,8,0,1,minus_x,minus_x,0.2299779799273009,0.2299779799273009,0.0,1.0,0.5,0.2299779799273009,0.12027687214048044,0.21327794159406355,0.9846649169921875,0.7793741822242737,0.38103577494621277
ray_gpis_novelty_only,Thin_Irregular,8,0,2,minus_x,minus_y,0.05075175258324344,0.062272015849554385,0.011520263266310948,0.0,0.5,0.05075175258324344,0.062272015849554385,0.026039731807112443,0.9339569807052612,0.36827030777931213,0.21076366305351257
ray_gpis_novelty_only,Thin_Irregular,8,0,3,minus_x,minus_x,0.12444601263220934,0.12444601263220934,0.0,1.0,1.0,0.12444601263220934,0.058056883414999705,0.04696021062341571,0.9656035304069519,0.6290034651756287,0.2440832257270813
ray_gpis_novelty_only,Thin_Irregular,8,0,4,minus_x,minus_y,0.024619194497412566,0.027462714906275165,0.0028435204088625987,0.0,-0.5,0.024619194497412566,0.027462714906275165,0.021794533549860717,0.7415736317634583,0.40185534954071045,0.6932877898216248
ray_gpis_novelty_only,Thin_Irregular,13,0,0,minus_x,minus_x,0.1581064872232975,0.1581064872232975,0.0,1.0,1.0,0.1581064872232975,0.0569249445235987,0.054938074051894714,0.9956151843070984,0.8384385108947754,0.3446139395236969
ray_gpis_novelty_only,Thin_Irregular,13,0,1,minus_x,minus_x,0.1895112904577737,0.1895112904577737,0.0,1.0,1.0,0.1895112904577737,0.0088114893789214,0.029361320613050412,0.9774898290634155,0.34588536620140076,0.7226541638374329
ray_gpis_novelty_only,Thin_Irregular,13,0,2,minus_x,minus_x,0.04421498174246996,0.04421498174246996,0.0,1.0,1.0,0.04421498174246996,0.0103193652551834,0.016407322141592684,0.6976046562194824,0.30443406105041504,0.38982948660850525
ray_gpis_novelty_only,Thin_Irregular,13,0,3,minus_x,minus_x,0.024513679228505225,0.024513679228505225,0.0,1.0,1.0,0.024513679228505225,-0.005192256015096652,0.017987012206296837,0.6287490129470825,0.30260762572288513,0.41442248225212097
ray_gpis_novelty_only,Thin_Irregular,13,0,4,minus_x,plus_z,0.007322773126928417,0.012077893011125718,0.004755119884197301,0.0,0.5,0.007322773126928417,0.0017164480796004744,0.012077893011125718,0.6086322069168091,0.298125296831131,0.5534359812736511
ray_gpis_novelty_only,Thin_Irregular,4,0,0,minus_x,minus_x,0.019089408922841056,0.019089408922841056,0.0,1.0,0.5,0.019089408922841056,0.011640969347785135,0.013029939299729731,0.9757711291313171,0.5420882105827332,0.2923290729522705
ray_gpis_novelty_only,Thin_Irregular,4,0,1,minus_x,minus_x,0.2082625163441677,0.2082625163441677,0.0,1.0,1.0,0.2082625163441677,0.03953065126843969,0.008096909931678442,0.9857870936393738,0.5887892246246338,0.22787940502166748
ray_gpis_novelty_only,Thin_Irregular,4,0,2,minus_x,minus_x,0.059735342314044426,0.059735342314044426,0.0,1.0,0.5,0.059735342314044426,0.02487736633262083,0.03727399475146642,0.8569892048835754,0.32012683153152466,0.3044913113117218
ray_gpis_novelty_only,Thin_Irregular,4,0,3,minus_x,minus_x,0.07808172157950743,0.07808172157950743,0.0,1.0,0.5,0.07808172157950743,0.018008819860953484,0.009801997111151484,0.8763585090637207,0.41503751277923584,0.5560184121131897
ray_gpis_novelty_only,Thin_Irregular,4,0,4,plus_z,minus_y,0.02462523167500008,0.03259992969595393,0.007974698020953852,0.0,-0.5,0.02811294722514357,0.03259992969595393,0.02462523167500008,0.25210002064704895,0.3069121837615967,0.3517782986164093
ray_gpis_novelty_only,Thin_Irregular,1,0,0,minus_x,minus_x,0.15418529196326802,0.15418529196326802,0.0,1.0,1.0,0.15418529196326802,0.06367483121706541,0.032157109105051596,0.9836006760597229,0.8381207585334778,0.28903111815452576
ray_gpis_novelty_only,Thin_Irregular,1,0,1,minus_x,minus_x,0.2183130790669494,0.2183130790669494,0.0,1.0,1.0,0.2183130790669494,0.015672327023899868,0.04265476133006396,0.9953039288520813,0.417356014251709,0.4533361494541168
ray_gpis_novelty_only,Thin_Irregular,1,0,2,minus_x,minus_x,0.051275960588026304,0.051275960588026304,0.0,1.0,1.0,0.051275960588026304,0.0274564844578713,0.013679479215597756,0.8807663917541504,0.2593846023082733,0.24248060584068298
ray_gpis_novelty_only,Thin_Irregular,1,0,3,minus_x,minus_x,0.07805191001399747,0.07805191001399747,0.0,1.0,1.0,0.07805191001399747,-0.00022793487211358876,0.002039161886595142,0.8922502398490906,0.21167145669460297,0.3114514946937561
ray_gpis_novelty_only,Thin_Irregular,1,0,4,minus_x,minus_x,0.02159556783442107,0.02159556783442107,0.0,1.0,1.0,0.02159556783442107,0.013738259075464776,0.014643466888701329,0.44086208939552307,0.21238279342651367,0.35152027010917664
ray_gpis_novelty_only,Thin_Irregular,12,0,0,minus_x,minus_x,0.03820792061131195,0.03820792061131195,0.0,1.0,0.5,0.03820792061131195,-0.029319795281679828,-0.011177639686515362,0.9765844345092773,0.8661054372787476,0.215480238199234
ray_gpis_novelty_only,Thin_Irregular,12,0,1,minus_x,minus_x,0.1123445194262952,0.1123445194262952,0.0,1.0,1.0,0.1123445194262952,0.11225556656224389,0.0518239051475583,0.8538777828216553,0.2992268204689026,0.2736940085887909
ray_gpis_novelty_only,Thin_Irregular,12,0,2,minus_x,minus_x,0.07581352131403463,0.07581352131403463,0.0,1.0,1.0,0.07581352131403463,0.05239719862064929,0.052086119708682155,0.7704882621765137,0.49419888854026794,0.44785675406455994
ray_gpis_novelty_only,Thin_Irregular,12,0,3,minus_x,minus_x,0.1032082243529262,0.1032082243529262,0.0,1.0,0.5,0.1032082243529262,0.07033156514831729,0.051207931150111685,0.718477725982666,0.48993349075317383,0.6628527045249939
ray_gpis_novelty_only,Thin_Irregular,12,0,4,plus_z,minus_y,0.016879886945080136,0.029259716814848402,0.012379829869768266,0.0,-0.5,0.013962156281948301,0.029259716814848402,0.016879886945080136,0.31272441148757935,0.2523326575756073,0.37294432520866394
ray_gpis_novelty_only,Thin_Irregular,7,0,0,minus_x,minus_y,0.30914287913675975,0.363244740302418,0.05410186116565824,0.0,0.5,0.30914287913675975,0.363244740302418,0.21099552470193,0.9987840056419373,0.9497365951538086,0.7374030947685242
ray_gpis_novelty_only,Thin_Irregular,7,0,1,minus_x,plus_z,0.03920092481878229,0.0484518648003735,0.00925093998159121,0.0,-0.5,0.03920092481878229,0.030177504548482614,0.0484518648003735,0.9971497654914856,0.9116052985191345,0.304081529378891
ray_gpis_novelty_only,Thin_Irregular,7,0,2,minus_x,plus_z,0.05346976670626591,0.06548267367007898,0.012012906963813075,0.0,-0.5,0.05346976670626591,0.02991456446557439,0.06548267367007898,0.9989541172981262,0.7661697268486023,0.31872299313545227
ray_gpis_novelty_only,Thin_Irregular,7,0,3,minus_x,minus_x,0.13540208473267856,0.13540208473267856,0.0,1.0,0.5,0.13540208473267856,0.045902670042808125,0.10688174133516426,0.9991095662117004,0.66746586561203,0.5405640602111816
ray_gpis_novelty_only,Thin_Irregular,7,0,4,minus_x,minus_x,0.11454393078681235,0.11454393078681235,0.0,1.0,0.5,0.11454393078681235,0.042777719787658874,0.05640085624641333,0.9890053868293762,0.746501624584198,0.40782684087753296
ray_gpis_novelty_only,Thin_Irregular,14,0,0,minus_x,minus_x,0.25891206259781746,0.25891206259781746,0.0,1.0,1.0,0.25891206259781746,0.16641766442491307,0.08839381369843624,0.9732238054275513,0.7781482338905334,0.6211768984794617
ray_gpis_novelty_only,Thin_Irregular,14,0,1,minus_x,minus_x,0.2039364553018741,0.2039364553018741,0.0,1.0,1.0,0.2039364553018741,0.13702187205781635,0.06001579961756254,0.9804091453552246,0.9251644015312195,0.38770294189453125
ray_gpis_novelty_only,Thin_Irregular,14,0,2,minus_y,minus_x,0.043440333363530925,0.15673618188808547,0.11329584852455454,0.0,0.5,0.15673618188808547,0.043440333363530925,0.014025909116217261,0.8380285501480103,0.8709610104560852,0.26979756355285645
ray_gpis_novelty_only,Thin_Irregular,14,0,3,minus_x,minus_x,0.0038753320167145278,0.0038753320167145278,0.0,1.0,0.5,0.0038753320167145278,-0.0006964116565100209,0.0035177249097839702,0.8954094052314758,0.8608608245849609,0.36242201924324036
ray_gpis_novelty_only,Thin_Irregular,14,0,4,minus_x,minus_y,-0.0020443990078008456,0.001870949111945297,0.003915348119746143,0.0,-0.5,-0.0020443990078008456,0.001870949111945297,0.0006863390399202141,0.9350228905677795,0.9133995175361633,0.5248711705207825
ray_gpis_novelty_only,Thin_Irregular,2,0,0,plus_z,minus_y,0.07468521637766465,0.0982235085634941,0.02353829218582945,0.0,nan,0.09806102751784013,0.0982235085634941,0.07468521637766465,0.005939058493822813,0.005939058493822813,0.005939058493822813
ray_gpis_novelty_only,Thin_Irregular,2,0,1,minus_x,minus_y,0.1239907947740492,0.15916130726494157,0.03517051249089237,0.0,nan,0.1239907947740492,0.15916130726494157,0.0565079465023047,0.037518177181482315,0.037518177181482315,0.037518177181482315
ray_gpis_novelty_only,Thin_Irregular,2,0,2,plus_z,minus_y,0.06688337405127992,0.15549818304836516,0.08861480899708524,0.0,nan,0.1265750933278803,0.15549818304836516,0.06688337405127992,0.049424439668655396,0.049424439668655396,0.049424439668655396
ray_gpis_novelty_only,Thin_Irregular,2,0,3,minus_x,minus_y,0.15384513691269647,0.17235564499160766,0.018510508078911192,0.0,0.5,0.15384513691269647,0.17235564499160766,0.11461736276631146,0.9977443814277649,0.9737134575843811,0.30912598967552185
ray_gpis_novelty_only,Thin_Irregular,2,0,4,minus_x,minus_x,0.1678076978440729,0.1678076978440729,0.0,1.0,1.0,0.1678076978440729,0.14660479448239372,0.06879127096031012,0.9965187311172485,0.9638211131095886,0.7160149812698364
ray_gpis_novelty_only,Thin_Irregular,6,0,0,minus_x,plus_z,0.24415580804496279,0.2761388029622146,0.03198299491725182,0.0,-0.5,0.24415580804496279,0.2293059954713464,0.2761388029622146,0.9707658886909485,0.8827625513076782,0.40670108795166016
ray_gpis_novelty_only,Thin_Irregular,6,0,1,minus_x,minus_x,0.09125914352829839,0.09125914352829839,0.0,1.0,0.5,0.09125914352829839,0.0602410411485369,0.07396463512589802,0.9966585040092468,0.7691636085510254,0.2684549391269684
ray_gpis_novelty_only,Thin_Irregular,6,0,2,minus_x,minus_x,0.154855967819787,0.154855967819787,0.0,1.0,1.0,0.154855967819787,0.14278326979593653,0.10100183601834328,0.9995477795600891,0.799487292766571,0.25175437331199646
ray_gpis_novelty_only,Thin_Irregular,6,0,3,minus_x,minus_x,0.1571789202223588,0.1571789202223588,0.0,1.0,1.0,0.1571789202223588,0.08120729921515668,0.05111874383588155,0.9967653155326843,0.9691357612609863,0.9297043085098267
ray_gpis_novelty_only,Thin_Irregular,6,0,4,minus_y,minus_x,0.011506319236622597,0.10052989757509945,0.08902357833847685,0.0,-1.0,0.10052989757509945,0.011506319236622597,0.037327545164653864,0.3998928964138031,0.5368314981460571,0.4379858374595642
ray_gpis_novelty_only,Thin_Irregular,3,0,0,minus_x,minus_x,-0.015173643593164254,-0.015173643593164254,0.0,1.0,1.0,-0.015173643593164254,-0.022999287947600477,-0.025301899162152253,0.9653134346008301,0.7743104100227356,0.5933468341827393
ray_gpis_novelty_only,Thin_Irregular,3,0,1,minus_x,plus_z,0.17380709635425656,0.22437498060774175,0.050567884253485185,0.0,0.5,0.17380709635425656,0.17356524609749302,0.22437498060774175,0.970379650592804,0.38778287172317505,0.4623396098613739
ray_gpis_novelty_only,Thin_Irregular,3,0,2,minus_x,minus_x,0.13550560489808855,0.13550560489808855,0.0,1.0,0.5,0.13550560489808855,0.08348152952345483,0.03668676093104395,0.9926802515983582,0.26165392994880676,0.3847280442714691
ray_gpis_novelty_only,Thin_Irregular,3,0,3,minus_x,minus_x,0.14622380826163406,0.14622380826163406,0.0,1.0,0.5,0.14622380826163406,0.04625659041117802,0.09533791307804762,0.9658267498016357,0.5812095403671265,0.38720598816871643
ray_gpis_novelty_only,Thin_Irregular,3,0,4,plus_z,minus_x,0.01556815074017126,0.04681600022710819,0.03124784948693693,0.0,0.5,0.04681600022710819,0.014987278364358536,0.01556815074017126,0.4378228187561035,0.4297339916229248,0.6474458575248718
ray_gpis_novelty_only,Thin_Irregular,9,0,0,minus_x,minus_x,0.3300250934112419,0.3300250934112419,0.0,1.0,1.0,0.3300250934112419,0.08534341504966514,0.034615000455955,0.9917184710502625,0.5081719160079956,0.3775133192539215
ray_gpis_novelty_only,Thin_Irregular,9,0,1,minus_x,minus_x,0.03476001300332332,0.03476001300332332,0.0,1.0,0.5,0.03476001300332332,-0.016546360164981677,-0.0011224065295734054,0.9819761514663696,0.677085816860199,0.2737427353858948
ray_gpis_novelty_only,Thin_Irregular,9,0,2,minus_x,minus_x,0.14502549353472172,0.14502549353472172,0.0,1.0,0.5,0.14502549353472172,0.03704975162672319,0.0944019354928346,0.9375476837158203,0.7416031956672668,0.6238070726394653
ray_gpis_novelty_only,Thin_Irregular,9,0,3,minus_y,minus_y,0.02867321059615613,0.02867321059615613,0.0,1.0,1.0,0.025794958086549857,0.02867321059615613,0.022204364910878405,0.30065712332725525,0.32841795682907104,0.2979278564453125
ray_gpis_novelty_only,Thin_Irregular,9,0,4,minus_x,minus_x,0.02309617182956647,0.02309617182956647,0.0,1.0,1.0,0.02309617182956647,0.007748467070876952,0.00846908782849698,0.28978732228279114,0.2518022358417511,0.2806476056575775
ray_gpis_novelty_only,Thin_Irregular,10,0,0,minus_x,plus_z,0.033161859951669814,0.08163554467257955,0.04847368472090974,0.0,-1.0,0.033161859951669814,0.06581870601857964,0.08163554467257955,0.9904268980026245,0.937282919883728,0.3696900010108948
ray_gpis_novelty_only,Thin_Irregular,10,0,1,minus_x,minus_y,0.08342251019887725,0.09195239174571801,0.008529881546840756,0.0,-0.5,0.08342251019887725,0.09195239174571801,0.08866760194804935,0.9997140765190125,0.9859573245048523,0.26607441902160645
ray_gpis_novelty_only,Thin_Irregular,10,0,2,minus_x,minus_y,0.08792782286888601,0.08871943997112708,0.0007916171022410712,0.0,-0.5,0.08792782286888601,0.08871943997112708,0.07259799967172265,0.9998362064361572,0.43181532621383667,0.7211878895759583
ray_gpis_novelty_only,Thin_Irregular,10,0,3,minus_x,minus_x,0.05740559449410376,0.05740559449410376,0.0,1.0,1.0,0.05740559449410376,0.008371558583436411,0.014029242946739462,0.9999059438705444,0.34377965331077576,0.34424126148223877
ray_gpis_novelty_only,Thin_Irregular,10,0,4,minus_x,plus_z,0.08541859798677198,0.1153081509612276,0.029889552974455613,0.0,0.5,0.08541859798677198,0.016847878136535432,0.1153081509612276,0.9998075366020203,0.2529626190662384,0.7170548439025879
ray_gpis_novelty_only,Thin_Irregular,5,0,0,minus_x,plus_z,0.24374996672741517,0.3058666966313875,0.06211672990397232,0.0,-1.0,0.24374996672741517,0.293760780920325,0.3058666966313875,0.9561617374420166,0.7942525744438171,0.2424982786178589
ray_gpis_novelty_only,Thin_Irregular,5,0,1,minus_x,minus_x,0.12731958890301975,0.12731958890301975,0.0,1.0,1.0,0.12731958890301975,0.026920128943613564,0.021013122159710962,0.9613019227981567,0.8557456731796265,0.4912095069885254
ray_gpis_novelty_only,Thin_Irregular,5,0,2,minus_x,minus_x,0.12475412750569853,0.12475412750569853,0.0,1.0,0.5,0.12475412750569853,0.04595038804156604,0.06462682586289242,0.9856168627738953,0.6755451560020447,0.21369779109954834
ray_gpis_novelty_only,Thin_Irregular,5,0,3,minus_x,minus_x,0.11357446284750727,0.11357446284750727,0.0,1.0,1.0,0.11357446284750727,0.07201550125765677,0.005865599039661995,0.9947396516799927,0.9047870635986328,0.2089637815952301
ray_gpis_novelty_only,Thin_Irregular,5,0,4,minus_y,minus_y,0.07489836323914512,0.07489836323914512,0.0,1.0,1.0,0.028926314143964516,0.07489836323914512,0.0040505924619211875,0.9769667387008667,0.9910022616386414,0.22793471813201904
ray_gpis_novelty_only,Thin_Irregular,11,0,0,minus_x,minus_x,0.18922273342969914,0.18922273342969914,0.0,1.0,1.0,0.18922273342969914,0.11266772870675679,0.07945939065159768,0.9779183268547058,0.8769432306289673,0.29558679461479187
ray_gpis_novelty_only,Thin_Irregular,11,0,1,minus_x,minus_x,0.002113946860286209,0.002113946860286209,0.0,1.0,0.5,0.002113946860286209,-0.016685956430247284,-0.012184215746282478,0.9472854733467102,0.3380933403968811,0.2915007770061493
ray_gpis_novelty_only,Thin_Irregular,11,0,2,minus_x,minus_x,0.07832483256958167,0.07832483256958167,0.0,1.0,1.0,0.07832483256958167,0.05175503266128689,0.06875693087679913,0.9372870326042175,0.2859606444835663,0.5816811919212341
ray_gpis_novelty_only,Thin_Irregular,11,0,3,minus_x,minus_x,0.0941863917569783,0.0941863917569783,0.0,1.0,1.0,0.0941863917569783,0.024302060113094104,0.03293224197401079,0.9673112034797668,0.3119478225708008,0.31226781010627747
ray_gpis_novelty_only,Thin_Irregular,11,0,4,minus_x,minus_x,0.10102550339526406,0.10102550339526406,0.0,1.0,1.0,0.10102550339526406,0.07106911330034538,0.06521556946424434,0.9742793440818787,0.9280721545219421,0.33500027656555176
ray_gpis_novelty_only,Thin_Irregular,0,0,0,minus_x,plus_z,0.09757242154241014,0.11979749958594432,0.022225078043534185,0.0,-0.5,0.09757242154241014,0.08922994119819921,0.11979749958594432,0.994719386100769,0.6374117732048035,0.5216654539108276
ray_gpis_novelty_only,Thin_Irregular,0,0,1,minus_x,minus_x,0.051113302994421905,0.051113302994421905,0.0,1.0,0.5,0.051113302994421905,-0.015283855491605214,0.027543024455767562,0.9982866644859314,0.8569204807281494,0.5480822324752808
ray_gpis_novelty_only,Thin_Irregular,0,0,2,minus_x,minus_x,0.17748308440059613,0.17748308440059613,0.0,1.0,1.0,0.17748308440059613,0.11414532359005525,0.10498914927946301,0.9962476491928101,0.802864670753479,0.296330988407135
ray_gpis_novelty_only,Thin_Irregular,0,0,3,minus_x,minus_x,0.1287488868931007,0.1287488868931007,0.0,1.0,1.0,0.1287488868931007,0.10626886753256037,0.05915949181317537,0.9730138778686523,0.6704906225204468,0.3836332857608795
ray_gpis_novelty_only,Thin_Irregular,0,0,4,minus_x,minus_x,0.0533843617052272,0.0533843617052272,0.0,1.0,0.5,0.0533843617052272,0.03750288294153181,0.010332290977165703,0.9177530407905579,0.2712576985359192,0.8667497038841248
ray_gpis,green_Pepper,8,0,0,minus_x,minus_x,-0.0009714190870044881,-0.0009714190870044881,0.0,1.0,1.0,-0.0009714190870044881,-0.01758679976587063,-0.04383939566055889,6.434941951738438e-06,6.3568468249286525e-06,6.235763976292219e-06
ray_gpis,green_Pepper,8,0,1,minus_x,minus_y,0.20209371899560818,0.21389680127087157,0.011803082275263388,0.0,0.5,0.20209371899560818,0.21389680127087157,0.15072154718096786,0.00129454187117517,0.0007606169092468917,5.465865251608193e-05
ray_gpis,green_Pepper,8,0,2,minus_x,minus_x,0.16712556156835567,0.16712556156835567,0.0,1.0,0.5,0.16712556156835567,0.08407094475903154,0.09583475588021373,0.0005452396580949426,0.0003009105275850743,5.3926254622638226e-05
ray_gpis,green_Pepper,8,0,3,minus_x,minus_y,-0.04711526503830732,-0.014886038692579429,0.03222922634572789,0.0,-0.5,-0.04711526503830732,-0.014886038692579429,-0.020901192747521224,0.0001234889932675287,9.203844092553481e-05,5.5542983318446204e-05
ray_gpis,green_Pepper,8,0,4,minus_y,minus_y,0.10615666269397084,0.10615666269397084,0.0,1.0,1.0,0.05631322335766109,0.10615666269397084,0.09684930476385933,2.703615973587148e-05,8.155054092640057e-05,6.848616612842306e-05
ray_gpis,green_Pepper,13,0,0,minus_x,minus_x,0.1604911505932285,0.1604911505932285,0.0,1.0,1.0,0.1604911505932285,0.12537889479714615,0.023717483526329408,1.2760960089508444e-05,1.2686168702202849e-05,1.251427602255717e-05
ray_gpis,green_Pepper,13,0,1,minus_x,minus_x,0.03473093752466272,0.03473093752466272,0.0,1.0,1.0,0.03473093752466272,0.0037908027120718835,0.007117078248810915,0.0006565747316926718,6.483776815002784e-05,9.375699301017448e-05
ray_gpis,green_Pepper,13,0,2,minus_x,minus_x,0.17132532029889902,0.17132532029889902,0.0,1.0,0.5,0.17132532029889902,0.018733625549104183,0.0010807928513238974,0.001062074676156044,7.299076241906732e-05,7.886891398811713e-05
ray_gpis,green_Pepper,13,0,3,minus_x,minus_x,0.06939407050237201,0.06939407050237201,0.0,1.0,1.0,0.06939407050237201,0.052399357910371314,0.04457774108889401,0.0002123526792274788,4.1514893382554874e-05,2.8357646442600526e-05
ray_gpis,green_Pepper,13,0,4,minus_x,minus_x,0.06345088706780722,0.06345088706780722,0.0,1.0,1.0,0.06345088706780722,0.03807213022126821,0.0136223275631846,0.00012169968249509111,9.75026996457018e-05,6.594087608391419e-05
ray_gpis,green_Pepper,4,0,0,minus_x,minus_x,0.1781407531444179,0.1781407531444179,0.0,1.0,1.0,0.1781407531444179,0.06043964945336411,0.03615174703370316,0.0003306776634417474,0.0001250579225597903,9.404260345036164e-05
ray_gpis,green_Pepper,4,0,1,minus_x,minus_x,0.1037529805108015,0.1037529805108015,0.0,1.0,1.0,0.1037529805108015,0.027588837758863893,0.025702250181505293,0.000539557368028909,5.24011229572352e-05,2.5267803721362725e-05
ray_gpis,green_Pepper,4,0,2,minus_x,minus_x,0.18311002583961367,0.18311002583961367,0.0,1.0,1.0,0.18311002583961367,0.08775282458392153,0.02429501996940464,0.0003466818598099053,5.4097952670417726e-05,4.412350244820118e-05
ray_gpis,green_Pepper,4,0,3,minus_x,minus_x,0.010731959847324557,0.010731959847324557,0.0,1.0,0.5,0.010731959847324557,0.002616533204260918,0.005219541116078585,3.234159157727845e-05,3.0835799407213926e-05,2.759717062872369e-05
ray_gpis,green_Pepper,4,0,4,minus_x,plus_z,0.011096730320243386,0.019111973589367337,0.00801524326912395,0.0,-1.0,0.011096730320243386,0.01516398147736775,0.019111973589367337,3.350838233018294e-05,3.250494410167448e-05,2.6996400265488774e-05
ray_gpis,green_Pepper,1,0,0,minus_x,plus_z,0.012895211825320274,0.05018390104973325,0.037288689224412974,0.0,-1.0,0.012895211825320274,0.02979454104169238,0.05018390104973325,0.0004309783107601106,0.00030209129909053445,6.904901238158345e-05
ray_gpis,green_Pepper,1,0,1,minus_x,minus_x,0.20557188151624517,0.20557188151624517,0.0,1.0,0.5,0.20557188151624517,0.045952499387975354,0.06969767739171878,0.00041191006312146783,0.00011504264693940058,5.153407619218342e-05
ray_gpis,green_Pepper,1,0,2,minus_x,minus_y,0.0011772167328782945,0.017581771353815556,0.01640455462093726,0.0,-0.5,0.0011772167328782945,0.017581771353815556,0.011225598185276464,0.0002680477045942098,3.713199475896545e-05,2.5987212211475708e-05
ray_gpis,green_Pepper,1,0,3,minus_x,minus_x,0.11686044534507545,0.11686044534507545,0.0,1.0,1.0,0.11686044534507545,0.046298494759369535,0.023146505364995185,0.0002766831312328577,5.160543150850572e-05,2.6009976863861084e-05
ray_gpis,green_Pepper,1,0,4,minus_x,minus_x,0.09128216722850901,0.09128216722850901,0.0,1.0,1.0,0.09128216722850901,0.030050342065408575,0.011564260963843775,0.0002730240230448544,6.654293247265741e-05,3.185459354426712e-05
ray_gpis,green_Pepper,12,0,0,minus_x,minus_x,0.24686665935560592,0.24686665935560592,0.0,1.0,1.0,0.24686665935560592,0.13856808706186396,0.13472453349881985,1.5877672922215424e-05,1.566739047120791e-05,1.516233623988228e-05
ray_gpis,green_Pepper,12,0,1,minus_x,minus_x,0.044805778777909255,0.044805778777909255,0.0,1.0,1.0,0.044805778777909255,0.031573332121050846,0.012030663004727549,0.00039322240627370775,0.00017443626711610705,2.4855509764165618e-05
ray_gpis,green_Pepper,12,0,2,minus_x,minus_x,0.14844872152638455,0.14844872152638455,0.0,1.0,1.0,0.14844872152638455,0.058527735193983466,0.05550390457177756,0.0006634629098698497,0.0002991219225805253,2.4084012693492696e-05
ray_gpis,green_Pepper,12,0,3,minus_x,minus_x,0.10570917053530315,0.10570917053530315,0.0,1.0,1.0,0.10570917053530315,0.026344769859728112,0.008340310537038431,0.00017754037980921566,7.537566125392914e-05,2.3649939976166934e-05
ray_gpis,green_Pepper,12,0,4,minus_y,plus_z,0.007919439844292775,0.01767224568902359,0.009752805844730816,0.0,-1.0,0.015245819831201546,0.007919439844292775,0.01767224568902359,5.48897405678872e-05,5.631232124869712e-05,3.29044196405448e-05
ray_gpis,green_Pepper,7,0,0,minus_x,minus_x,0.18392165294369878,0.18392165294369878,0.0,1.0,0.5,0.18392165294369878,0.035038947518620855,0.03912327616788258,0.0003488147631287575,9.172396676149219e-05,5.423898983281106e-05
ray_gpis,green_Pepper,7,0,1,minus_x,minus_x,0.02952860993055273,0.02952860993055273,0.0,1.0,0.5,0.02952860993055273,-0.024185532088402795,-0.017369307341615237,0.0004090658330824226,0.00010109554568771273,3.323568307678215e-05
ray_gpis,green_Pepper,7,0,2,minus_x,minus_x,0.18157190855595629,0.18157190855595629,0.0,1.0,1.0,0.18157190855595629,0.10173894386258764,0.10505273991679265,0.00012447248445823789,4.046162575832568e-05,6.977329758228734e-05
ray_gpis,green_Pepper,7,0,3,minus_y,plus_z,0.04322878593626156,0.07457474092939387,0.03134595499313231,0.0,-1.0,0.07305927814690172,0.04322878593626156,0.07457474092939387,2.539759771025274e-05,2.7055122700403444e-05,2.5240380637114868e-05
ray_gpis,green_Pepper,7,0,4,plus_z,minus_x,0.02481359317128129,0.02934970758100852,0.004536114409727232,0.0,-0.5,0.02934970758100852,0.02091171393542346,0.02481359317128129,2.410261004115455e-05,2.4837796445353888e-05,2.5523153453832492e-05
ray_gpis,green_Pepper,14,0,0,minus_x,minus_x,0.07836510301093036,0.07836510301093036,0.0,1.0,0.5,0.07836510301093036,0.02426992942072459,0.0680158678167887,1.6200701793422922e-05,1.584148958500009e-05,1.4853499124001246e-05
ray_gpis,green_Pepper,14,0,1,minus_x,minus_x,0.13955946546584813,0.13955946546584813,0.0,1.0,1.0,0.13955946546584813,0.09541721402965925,0.13504466226774475,0.0006360723054967821,2.6004337996710092e-05,0.0002728627296164632
ray_gpis,green_Pepper,14,0,2,minus_x,minus_x,0.1720784567488477,0.1720784567488477,0.0,1.0,1.0,0.1720784567488477,0.061238743668418305,0.04942422732185492,8.618062565801665e-06,8.563812116335612e-06,8.446760148217436e-06
ray_gpis,green_Pepper,14,0,3,minus_x,minus_x,0.043857971221168635,0.043857971221168635,0.0,1.0,0.5,0.043857971221168635,0.02612842899318768,0.02546667017396098,0.00014216308773029596,6.35001779301092e-05,6.881997978780419e-05
ray_gpis,green_Pepper,14,0,4,minus_x,minus_x,0.1212436926806496,0.1212436926806496,0.0,1.0,0.5,0.1212436926806496,0.03973074628680673,0.02835644119178171,8.191752567654476e-05,4.4923795940121636e-05,6.821294664405286e-05
ray_gpis,green_Pepper,2,0,0,minus_x,minus_x,0.22984736849327025,0.22984736849327025,0.0,1.0,1.0,0.22984736849327025,0.16341295987556592,0.09276716595842,2.4868266336852685e-05,2.4734632461331785e-05,2.412905996607151e-05
ray_gpis,green_Pepper,2,0,1,minus_x,minus_y,0.03447754336393305,0.07846903834157071,0.04399149497763766,0.0,-0.5,0.03447754336393305,0.07846903834157071,0.052489338496876314,0.00041983419214375317,0.000114000155008398,2.464908902766183e-05
ray_gpis,green_Pepper,2,0,2,minus_x,minus_x,0.15741216508427947,0.15741216508427947,0.0,1.0,1.0,0.15741216508427947,0.10192963340480121,0.06922321622060568,0.0005026661674492061,0.0001137800863943994,5.040261021349579e-05
ray_gpis,green_Pepper,2,0,3,minus_x,plus_z,0.037536551188317446,0.04163826768335355,0.004101716495036101,0.0,-0.5,0.037536551188317446,-0.014325149225741463,0.04163826768335355,0.0002958311524707824,6.412250513676554e-05,4.769304723595269e-05
ray_gpis,green_Pepper,2,0,4,minus_x,minus_y,0.05297215986400239,0.05403251138258558,0.0010603515185831913,0.0,-0.5,0.05297215986400239,0.05403251138258558,0.045540970933566904,8.243083721026778e-05,2.2862275727675296e-05,5.1523998990887776e-05
ray_gpis,green_Pepper,6,0,0,minus_x,plus_z,0.13340213637282156,0.2294723739123855,0.09607023753956395,0.0,-0.5,0.13340213637282156,0.22937900540084294,0.2294723739123855,0.00020283796766307205,3.747337541426532e-05,3.947467848774977e-05
ray_gpis,green_Pepper,6,0,1,minus_x,minus_y,0.14819344122030664,0.20492669274596637,0.05673325152565972,0.0,0.5,0.14819344122030664,0.20492669274596637,0.06863037798891031,1.8885011741076596e-05,1.8670454664970748e-05,1.840759978222195e-05
ray_gpis,green_Pepper,6,0,2,minus_x,minus_x,0.17478042358513818,0.17478042358513818,0.0,1.0,1.0,0.17478042358513818,0.06041300836469382,0.04882239695671137,0.00036185368662700057,0.0003314657078590244,3.464076871750876e-05
ray_gpis,green_Pepper,6,0,3,minus_x,minus_x,0.1316215485370711,0.1316215485370711,0.0,1.0,1.0,0.1316215485370711,0.04831261403430731,0.014499379440403137,0.00010696789831854403,4.1412105929339305e-05,4.138360600336455e-05
ray_gpis,green_Pepper,6,0,4,plus_z,minus_x,0.03056858814663188,0.06202047036207636,0.03145188221544448,0.0,-1.0,0.06202047036207636,0.05944665725425535,0.03056858814663188,3.3223095670109615e-05,4.70183149445802e-05,5.124718518345617e-05
ray_gpis,green_Pepper,3,0,0,minus_x,minus_x,0.17599491231689296,0.17599491231689296,0.0,1.0,0.5,0.17599491231689296,0.0761970738354939,0.07971610026557874,9.787874660105444e-06,9.606543244444765e-06,9.278490324504673e-06
ray_gpis,green_Pepper,3,0,1,minus_x,minus_x,0.17259632135301628,0.17259632135301628,0.0,1.0,0.5,0.17259632135301628,0.02393087803790106,0.10737056514567711,0.0006012068479321897,0.00010446045052958652,3.728756928467192e-05
ray_gpis,green_Pepper,3,0,2,minus_x,minus_x,0.09662786955675229,0.09662786955675229,0.0,1.0,1.0,0.09662786955675229,0.07149060807720342,0.08012443986740891,0.0003537769662216306,4.148481457377784e-05,9.94530419120565e-05
ray_gpis,green_Pepper,3,0,3,minus_x,minus_x,0.11811240312266857,0.11811240312266857,0.0,1.0,1.0,0.11811240312266857,0.016977217125775157,0.022301764538445235,0.00012755554053001106,6.176574970595539e-05,8.49357747938484e-05
ray_gpis,green_Pepper,3,0,4,minus_x,minus_x,0.02119670571560983,0.02119670571560983,0.0,1.0,0.5,0.02119670571560983,0.007745956382386288,0.004467163264513241,3.832185757346451e-05,2.3817447072360665e-05,2.6781364795169793e-05
ray_gpis,green_Pepper,9,0,0,minus_x,minus_x,0.02183942002002437,0.02183942002002437,0.0,1.0,1.0,0.02183942002002437,0.008273054607705277,0.00776889800575753,0.0004464331432245672,0.00024429900804534554,7.956480112625286e-05
ray_gpis,green_Pepper,9,0,1,minus_x,minus_y,0.21048215455002633,0.21684023617757459,0.006358081627548251,0.0,-0.5,0.21048215455002633,0.21684023617757459,0.16170962221043456,0.0001783365587471053,2.3868247808422893e-05,2.8392390959197655e-05
ray_gpis,green_Pepper,9,0,2,minus_x,plus_z,0.04276970002338176,0.08995928876512249,0.04718958874174073,0.0,0.5,0.04276970002338176,0.021474080187841027,0.08995928876512249,0.00022950940183363855,2.412588582956232e-05,2.5609453587094322e-05
ray_gpis,green_Pepper,9,0,3,minus_x,minus_x,0.04217128691017491,0.04217128691017491,0.0,1.0,1.0,0.04217128691017491,0.003810882293432183,0.01590659551372242,0.00024488213239237666,2.2639011149294674e-05,5.519150727195665e-05
ray_gpis,green_Pepper,9,0,4,minus_x,minus_x,0.1294435527194615,0.1294435527194615,0.0,1.0,1.0,0.1294435527194615,0.004392365816521471,0.10207250000154444,0.00026849890127778053,2.3693550247116946e-05,3.9376165659632534e-05
ray_gpis,green_Pepper,10,0,0,minus_x,minus_y,0.043949744109855915,0.08141164665019779,0.037461902540341874,0.0,0.5,0.043949744109855915,0.08141164665019779,0.019904337028452068,0.0002794420288410038,5.718063039239496e-05,3.2933825423242524e-05
ray_gpis,green_Pepper,10,0,1,minus_x,minus_x,0.20532434403395028,0.20532434403395028,0.0,1.0,1.0,0.20532434403395028,0.06924991645412382,0.06500264716529858,0.00043479795567691326,0.00012031730875605717,6.749184831278399e-05
ray_gpis,green_Pepper,10,0,2,minus_x,minus_y,0.012973779969313481,0.0188139949184849,0.005840214949171418,0.0,0.5,0.012973779969313481,0.0188139949184849,0.006960462302009085,0.00030707925907336175,7.425929652526975e-05,2.804606810968835e-05
ray_gpis,green_Pepper,10,0,3,minus_x,plus_z,0.04748760697062948,0.07360143924284512,0.026113832272215642,0.0,-1.0,0.04748760697062948,0.04776895468950615,0.07360143924284512,0.00046191352885216475,9.78621537797153e-05,4.607368464348838e-05
ray_gpis,green_Pepper,10,0,4,minus_x,minus_x,0.10290812125942173,0.10290812125942173,0.0,1.0,0.5,0.10290812125942173,0.0029521482442202984,0.05469445705777509,0.0003996505693066865,7.522551459260285e-05,3.133562859147787e-05
ray_gpis,green_Pepper,5,0,0,minus_x,minus_x,0.20224855392283947,0.20224855392283947,0.0,1.0,1.0,0.20224855392283947,0.16738456592079498,0.0981863614595791,8.41875771584455e-06,8.306231393362395e-06,7.827677109162323e-06
ray_gpis,green_Pepper,5,0,1,minus_x,minus_x,0.15779979070295536,0.15779979070295536,0.0,1.0,1.0,0.15779979070295536,0.14248723287546572,0.05565368021271133,0.0007460327469743788,0.000396182294934988,3.537855809554458e-05
ray_gpis,green_Pepper,5,0,2,minus_x,minus_x,0.11054499624260616,0.11054499624260616,0.0,1.0,1.0,0.11054499624260616,0.10533223468686004,0.09338145099054307,0.00022240399266593158,0.00020086772565264255,0.00017023175314534456
ray_gpis,green_Pepper,5,0,3,minus_y,minus_y,0.054330573772182755,0.054330573772182755,0.0,1.0,1.0,0.05020347715398643,0.054330573772182755,0.006344213063664839,7.233751966850832e-05,0.00011739284673240036,4.113045724807307e-05
ray_gpis,green_Pepper,5,0,4,plus_z,minus_x,0.0285739956329214,0.07362720326606909,0.045053207633147685,0.0,-1.0,0.07362720326606909,0.05255125503986402,0.0285739956329214,3.5998506064061075e-05,3.877145718433894e-05,4.4855147280031815e-05
ray_gpis,green_Pepper,11,0,0,minus_x,minus_x,0.22682422782268813,0.22682422782268813,0.0,1.0,0.5,0.22682422782268813,0.11498967326942922,0.13194623226588337,0.0005004185950383544,0.0001042456497089006,7.708965131314471e-05
ray_gpis,green_Pepper,11,0,1,minus_x,minus_x,0.16478788474863204,0.16478788474863204,0.0,1.0,1.0,0.16478788474863204,0.047526439725174896,0.03502917399377414,0.0005203902255743742,9.703350951895118e-05,7.421389454975724e-05
ray_gpis,green_Pepper,11,0,2,minus_x,minus_x,0.04954215075173385,0.04954215075173385,0.0,1.0,1.0,0.04954215075173385,0.03955052852991636,0.03856776840557541,8.630238880869001e-05,5.4581429139943793e-05,2.756627327471506e-05
ray_gpis,green_Pepper,11,0,3,minus_x,minus_x,0.06642626344818736,0.06642626344818736,0.0,1.0,0.5,0.06642626344818736,0.011720085888885734,0.04174563762243677,4.8494792281417176e-05,3.457971615716815e-05,3.350976112415083e-05
ray_gpis,green_Pepper,11,0,4,minus_y,minus_x,0.0196154570722209,0.03285717861573656,0.013241721543515661,0.0,-0.5,0.03285717861573656,0.0196154570722209,0.020108783213771075,3.215813194401562e-05,3.607238249969669e-05,2.3655058612348512e-05
ray_gpis,green_Pepper,0,0,0,minus_x,minus_x,0.2753694918455501,0.2753694918455501,0.0,1.0,0.5,0.2753694918455501,0.024869292523809206,0.05919284057400909,2.1051333533250727e-05,2.07656867132755e-05,1.96564997168025e-05
ray_gpis,green_Pepper,0,0,1,minus_x,minus_x,0.18267472921072125,0.18267472921072125,0.0,1.0,0.5,0.18267472921072125,0.05218928616674712,0.06771102479575641,0.00017998964176513255,3.467963688308373e-05,2.517191751394421e-05
ray_gpis,green_Pepper,0,0,2,minus_y,minus_x,0.003070515798332507,0.07251784887165669,0.06944733307332418,0.0,-0.5,0.07251784887165669,0.003070515798332507,0.03950740740444869,3.8811507693026215e-05,4.135430572205223e-05,3.4787470212904736e-05
ray_gpis,green_Pepper,0,0,3,plus_z,plus_z,0.0410727257952852,0.0410727257952852,0.0,1.0,1.0,0.023519833214511898,0.014632952105669506,0.0410727257952852,3.915931665687822e-05,3.525286228978075e-05,4.210764745948836e-05
ray_gpis,green_Pepper,0,0,4,minus_x,minus_x,0.04659262178372714,0.04659262178372714,0.0,1.0,1.0,0.04659262178372714,0.004948186480027927,0.008318309753804543,4.2414503695908934e-05,2.384941399213858e-05,2.6844003514270298e-05
ray_gpis,Corner,8,0,0,minus_x,minus_x,0.20024570391595886,0.20024570391595886,0.0,1.0,0.5,0.20024570391595886,0.07194203077588929,0.07464264238553209,0.0005044593126513064,0.000489133526571095,0.00030766864074394107
ray_gpis,Corner,8,0,1,minus_x,minus_x,0.05656113626361625,0.05656113626361625,0.0,1.0,1.0,0.05656113626361625,0.046929292800861555,0.02558551473932058,0.00022660155082121491,0.00021793531777802855,5.4231237299973145e-05
ray_gpis,Corner,8,0,2,minus_x,minus_x,0.08628339227166959,0.08628339227166959,0.0,1.0,0.5,0.08628339227166959,0.024327500953229553,0.026498309471901682,0.0002545089810155332,0.00011624503531493247,2.5852679755189456e-05
ray_gpis,Corner,8,0,3,minus_x,minus_x,0.12705668165842565,0.12705668165842565,0.0,1.0,0.5,0.12705668165842565,0.08319954151881837,0.0665721616004703,0.000214450090425089,5.6344961194554344e-05,5.6750039220787585e-05
ray_gpis,Corner,8,0,4,minus_y,minus_y,0.07982311217762084,0.07982311217762084,0.0,1.0,0.5,0.019602003763607656,0.07982311217762084,0.023253221499474064,7.381247996818274e-05,0.00012197349860798568,2.311893149453681e-05
ray_gpis,Corner,13,0,0,minus_x,minus_x,0.17414205333868754,0.17414205333868754,0.0,1.0,0.5,0.17414205333868754,0.05205120630218346,0.06748348765119111,0.0007377255242317915,0.00031722671701572835,8.478188829030842e-05
ray_gpis,Corner,13,0,1,minus_x,minus_y,-0.007098790067646132,0.008296616800712031,0.015395406868358164,0.0,0.5,-0.007098790067646132,0.008296616800712031,-0.0317579440590634,0.00031626209965907037,4.540842564892955e-05,2.7289483114145696e-05
ray_gpis,Corner,13,0,2,minus_x,minus_x,0.19503088189320306,0.19503088189320306,0.0,1.0,1.0,0.19503088189320306,0.11027921860426904,0.11215819427336993,0.00010230706539005041,4.7641129640396684e-05,4.9875561671797186e-05
ray_gpis,Corner,13,0,3,minus_y,plus_z,0.021467151315814448,0.04179758523166599,0.020330433915851542,0.0,-0.5,0.01841285114133817,0.021467151315814448,0.04179758523166599,2.291976306878496e-05,2.294047226314433e-05,2.2645876015303656e-05
ray_gpis,Corner,13,0,4,minus_x,minus_y,0.027015305428544356,0.03597171884383321,0.008956413415288855,0.0,-0.5,0.027015305428544356,0.03597171884383321,0.021682110696473966,2.3826141841709614e-05,2.3037280698190443e-05,2.3484997655032203e-05
ray_gpis,Corner,4,0,0,minus_x,minus_x,0.16703792225759406,0.16703792225759406,0.0,1.0,1.0,0.16703792225759406,0.12030438708393465,0.08539291316226294,0.0002799710491672158,0.00027092185337096453,8.887450530892238e-05
ray_gpis,Corner,4,0,1,minus_x,minus_x,0.09753212268678857,0.09753212268678857,0.0,1.0,1.0,0.09753212268678857,0.014162799827387884,-0.007550195792913272,0.0002779649803414941,7.395375723717734e-05,4.799973976332694e-05
ray_gpis,Corner,4,0,2,minus_x,minus_x,0.12421684172414027,0.12421684172414027,0.0,1.0,0.5,0.12421684172414027,0.08181899422358407,0.07921225297225598,8.452741894870996e-05,2.93256453005597e-05,5.0068127166014165e-05
ray_gpis,Corner,4,0,3,minus_x,plus_z,-0.02229000401939729,-0.01316870893333999,0.009121295086057302,0.0,0.5,-0.02229000401939729,-0.0359714524153949,-0.01316870893333999,5.2654690080089495e-05,2.5873039703583345e-05,3.754158387891948e-05
ray_gpis,Corner,4,0,4,minus_x,plus_z,0.02314451935577644,0.02792019513323063,0.004775675777454191,0.0,0.5,0.02314451935577644,0.020400331662318805,0.02792019513323063,3.268323416705243e-05,2.2663423806079663e-05,2.2816984710516408e-05
ray_gpis,Corner,1,0,0,minus_x,minus_x,0.09795390943061683,0.09795390943061683,0.0,1.0,0.5,0.09795390943061683,0.028296929628615464,0.05577025137958158,0.0005176987033337355,0.0002916416560765356,0.00010611838661134243
ray_gpis,Corner,1,0,1,minus_x,minus_x,0.1119170725994959,0.1119170725994959,0.0,1.0,0.5,0.1119170725994959,0.03762126036496605,0.030909279107543042,0.0006814905791543424,0.00014016422210261226,0.00019193494517821819
ray_gpis,Corner,1,0,2,minus_x,minus_x,0.02960131615137651,0.02960131615137651,0.0,1.0,0.5,0.02960131615137651,0.009629671792972694,0.027311618410064353,0.00027801631949841976,0.00013304295134730637,7.393820851575583e-05
ray_gpis,Corner,1,0,3,minus_x,minus_x,0.03681314622003906,0.03681314622003906,0.0,1.0,1.0,0.03681314622003906,0.01078045102805214,0.0313775005138176,0.0002902934211306274,6.529578968184069e-05,0.00024359155213460326
ray_gpis,Corner,1,0,4,minus_x,minus_x,0.0860200099996179,0.0860200099996179,0.0,1.0,1.0,0.0860200099996179,0.053502344447687755,0.06519351390454431,0.00018331206229049712,2.91264004772529e-05,4.120693847653456e-05
ray_gpis,Corner,12,0,0,minus_x,minus_x,0.24072982569217116,0.24072982569217116,0.0,1.0,0.5,0.24072982569217116,0.13587355461980188,0.1440641972760266,0.000515350082423538,0.0002856808132492006,3.519425808917731e-05
ray_gpis,Corner,12,0,1,minus_x,minus_x,0.02214791529897897,0.02214791529897897,0.0,1.0,0.5,0.02214791529897897,0.009081857543923322,0.016884510246782503,0.00035880101495422423,0.0002200066955992952,4.4805099605582654e-05
ray_gpis,Corner,12,0,2,minus_x,minus_x,0.07458076947026904,0.07458076947026904,0.0,1.0,1.0,0.07458076947026904,0.05853190643362138,0.024634952390289233,0.0003651609004009515,0.00028017713339067996,6.878891872474924e-05
ray_gpis,Corner,12,0,3,minus_y,minus_y,0.036184997573870836,0.036184997573870836,0.0,1.0,1.0,0.020333620417083975,0.036184997573870836,0.00493033477377236,0.00012737674114760011,0.0001431384589523077,9.892477828543633e-05
ray_gpis,Corner,12,0,4,plus_z,plus_z,0.057748734880342045,0.057748734880342045,0.0,1.0,1.0,0.05585352009411193,0.041241869853956725,0.057748734880342045,0.00011759437620639801,0.00011589848872972652,0.00012650457210838795
ray_gpis,Corner,7,0,0,minus_x,plus_z,0.0019516186564977334,0.06197887849509248,0.06002725983859475,0.0,-1.0,0.0019516186564977334,0.04178040453923576,0.06197887849509248,0.0005217824364081025,0.00027869237237609923,3.3208783861482516e-05
ray_gpis,Corner,7,0,1,minus_x,minus_x,0.1910717550786969,0.1910717550786969,0.0,1.0,0.5,0.1910717550786969,0.052811800862046676,0.11588112642914994,0.0006970282411202788,0.00034059566678479314,2.9598037144751288e-05
ray_gpis,Corner,7,0,2,minus_x,minus_x,0.15492572816786054,0.15492572816786054,0.0,1.0,0.5,0.15492572816786054,0.05251772988449188,0.055370857099497406,0.0002984896127600223,3.0185496143531054e-05,2.475292785675265e-05
ray_gpis,Corner,7,0,3,minus_x,minus_x,0.08676236101411328,0.08676236101411328,0.0,1.0,1.0,0.08676236101411328,0.041638174099012715,0.04758065495468766,0.00016663339920341969,4.0653583710081875e-05,5.7110410125460476e-05
ray_gpis,Corner,7,0,4,minus_x,plus_z,0.043416130627647376,0.044270110636819626,0.0008539800091722505,0.0,0.5,0.043416130627647376,0.007487119009596088,0.044270110636819626,7.044525409583002e-05,3.4642816899577156e-05,4.044888919452205e-05
ray_gpis,Corner,14,0,0,minus_x,minus_x,0.1383418981961091,0.1383418981961091,0.0,1.0,1.0,0.1383418981961091,0.10521506080821363,0.06575145404103006,0.0002936377131845802,0.00016717174730729312,0.00011142191215185449
ray_gpis,Corner,14,0,1,minus_x,minus_x,0.18587218696009955,0.18587218696009955,0.0,1.0,1.0,0.18587218696009955,0.08836908031652146,0.06486005948416684,0.00014324119547381997,4.953131792717613e-05,2.263932765345089e-05
ray_gpis,Corner,14,0,2,minus_x,minus_x,-0.031280141158923525,-0.031280141158923525,0.0,1.0,1.0,-0.031280141158923525,-0.03433339951859293,-0.03668610987996346,0.00034649635199457407,0.00033255014568567276,2.4204558940255083e-05
ray_gpis,Corner,14,0,3,minus_y,minus_y,0.14092371499495338,0.14092371499495338,0.0,1.0,1.0,0.11666413934381203,0.14092371499495338,0.05642839009222311,0.00017359154298901558,0.00018872828513849527,4.1556886571925133e-05
ray_gpis,Corner,14,0,4,minus_y,minus_y,0.0715653191832657,0.0715653191832657,0.0,1.0,1.0,0.05192647039694276,0.0715653191832657,0.03160409863381253,6.109063542680815e-05,8.680519385961816e-05,2.2885271391714923e-05
ray_gpis,Corner,2,0,0,minus_x,minus_x,0.23698928808417863,0.23698928808417863,0.0,1.0,1.0,0.23698928808417863,0.1573483611009875,0.06808823644289314,2.0791740098502487e-05,2.056142511719372e-05,2.0264196791686118e-05
ray_gpis,Corner,2,0,1,minus_x,minus_x,0.11051764842114087,0.11051764842114087,0.0,1.0,1.0,0.11051764842114087,0.08575186960608716,0.07809053947084832,0.0002541180874686688,3.7602785596391186e-05,3.360173650435172e-05
ray_gpis,Corner,2,0,2,minus_x,minus_x,0.10132591139708236,0.10132591139708236,0.0,1.0,0.5,0.10132591139708236,0.09259952154001261,0.0720047357335899,0.00020812288857996464,3.7747904571006075e-05,0.00010585707059362903
ray_gpis,Corner,2,0,3,minus_x,minus_x,0.09002048409903463,0.09002048409903463,0.0,1.0,1.0,0.09002048409903463,0.03551012413103616,0.04930360632348274,0.00017238451982848346,2.8081010896130465e-05,5.096815948490985e-05
ray_gpis,Corner,2,0,4,minus_x,minus_y,-0.005639188199890621,-0.0039318372455855455,0.0017073509543050758,0.0,-0.5,-0.005639188199890621,-0.0039318372455855455,-0.01736579310084907,0.00012878158304374665,2.2965541575103998e-05,2.333472184545826e-05
ray_gpis,Corner,6,0,0,minus_x,minus_x,0.15198897424692426,0.15198897424692426,0.0,1.0,1.0,0.15198897424692426,0.1345661411467427,0.08135895837031903,0.0002602360909804702,0.00018807504966389388,4.960687874699943e-05
ray_gpis,Corner,6,0,1,minus_x,minus_x,0.07993952724747266,0.07993952724747266,0.0,1.0,1.0,0.07993952724747266,0.042531436208135376,0.012346434826128183,0.00028552633011713624,0.00011737073509721085,5.2386381867108867e-05
ray_gpis,Corner,6,0,2,minus_x,minus_x,0.1071988258448896,0.1071988258448896,0.0,1.0,1.0,0.1071988258448896,0.02014034264232556,0.010105189001871295,0.00018063843890558928,9.84262878773734e-05,2.4272116206702776e-05
ray_gpis,Corner,6,0,3,minus_x,minus_x,0.05674640267425701,0.05674640267425701,0.0,1.0,0.5,0.05674640267425701,0.040237129371448854,0.03410215760420077,7.621195254614577e-05,3.0191898986231536e-05,4.9965663492912427e-05
ray_gpis,Corner,6,0,4,minus_y,minus_y,0.03970582453007976,0.03970582453007976,0.0,1.0,1.0,0.0035185855013166734,0.03970582453007976,0.00903168645096275,2.27649125008611e-05,4.282097506802529e-05,2.5502209609840065e-05
ray_gpis,Corner,3,0,0,minus_x,minus_x,0.19236525730709902,0.19236525730709902,0.0,1.0,1.0,0.19236525730709902,0.14331011295690027,0.039068887807021224,2.4314185793627985e-05,2.4230028429883532e-05,2.3913593395263888e-05
ray_gpis,Corner,3,0,1,minus_x,minus_x,0.09246571428235817,0.09246571428235817,0.0,1.0,0.5,0.09246571428235817,0.022420565670932202,0.011167880618671133,0.00017340606427751482,2.402477548457682e-05,2.6688992875278927e-05
ray_gpis,Corner,3,0,2,minus_x,minus_x,0.02594005183125947,0.02594005183125947,0.0,1.0,0.5,0.02594005183125947,0.020394102353268218,0.020471469564669498,0.00016450438124593347,5.1920709665864706e-05,2.9282196919666603e-05
ray_gpis,Corner,3,0,3,minus_x,minus_x,0.13400653676454544,0.13400653676454544,0.0,1.0,1.0,0.13400653676454544,0.029298913352592826,0.008255682226413374,0.00018945374176837504,4.98673107358627e-05,3.468351496849209e-05
ray_gpis,Corner,3,0,4,minus_x,minus_y,0.013404255526549114,0.01745953958228652,0.004055284055737407,0.0,-0.5,0.013404255526549114,0.01745953958228652,0.016517976972318937,4.0243099647341296e-05,2.6981502742273733e-05,2.3297983716474846e-05
ray_gpis,Corner,9,0,0,minus_x,minus_y,0.07041672061145365,0.09882625023860414,0.028409529627150487,0.0,-0.5,0.07041672061145365,0.09882625023860414,0.07399573455036357,1.6270341802737676e-05,1.623960633878596e-05,1.594378045410849e-05
ray_gpis,Corner,9,0,1,minus_x,minus_x,0.11103013967218611,0.11103013967218611,0.0,1.0,1.0,0.11103013967218611,0.044075564742986906,0.0330501448265903,0.00033386267023161054,0.000181344265001826,2.3213438907987438e-05
ray_gpis,Corner,9,0,2,minus_x,minus_x,0.15474972950055876,0.15474972950055876,0.0,1.0,1.0,0.15474972950055876,0.07292280443106836,0.023544519012042464,0.00033603678457438946,8.751547284191474e-05,3.3565855119377375e-05
ray_gpis,Corner,9,0,3,minus_x,minus_x,0.08898215876405313,0.08898215876405313,0.0,1.0,1.0,0.08898215876405313,0.018142150847909044,0.07318295032738609,0.00017442708485759795,0.00012634431186597794,0.00014599415590055287
ray_gpis,Corner,9,0,4,plus_z,minus_x,0.026095102049485508,0.04444150254379997,0.018346400494314463,0.0,-0.5,0.04444150254379997,0.023871663787846997,0.026095102049485508,2.8563630621647462e-05,3.130836921627633e-05,3.571254637790844e-05
ray_gpis,Corner,10,0,0,minus_x,plus_z,0.03981895539442187,0.07399306423023339,0.03417410883581151,0.0,-1.0,0.03981895539442187,0.07214352881393965,0.07399306423023339,0.00038467784179374576,0.00022098093177191913,9.154004510492086e-05
ray_gpis,Corner,10,0,1,minus_x,minus_x,0.06849491720735257,0.06849491720735257,0.0,1.0,0.5,0.06849491720735257,0.0329563587208751,0.046174459571980186,0.0006342901615425944,0.00037174407043494284,0.00013016490265727043
ray_gpis,Corner,10,0,2,minus_x,minus_x,0.10657313238078925,0.10657313238078925,0.0,1.0,1.0,0.10657313238078925,0.022137920247190634,0.0036371619757612494,0.0005693528801202774,0.0004019752668682486,8.037376392167062e-05
ray_gpis,Corner,10,0,3,minus_x,minus_x,0.130962139380415,0.130962139380415,0.0,1.0,1.0,0.130962139380415,0.008976953449286063,0.0686458721041524,0.00026663229800760746,0.00011219915904803202,0.000140281263156794
ray_gpis,Corner,10,0,4,minus_x,minus_x,0.04408769009062552,0.04408769009062552,0.0,1.0,1.0,0.04408769009062552,0.003499653430193761,0.015849407512328773,9.93415160337463e-05,3.451309385127388e-05,9.664768731454387e-05
ray_gpis,Corner,5,0,0,minus_x,minus_x,0.3143362200826016,0.3143362200826016,0.0,1.0,1.0,0.3143362200826016,0.12490447367851476,0.17968442046423072,0.00036658626049757004,0.00019689550390467048,0.0002872342010959983
ray_gpis,Corner,5,0,1,minus_x,minus_x,0.09612063858619091,0.09612063858619091,0.0,1.0,0.5,0.09612063858619091,0.009405734261212828,0.011386491128775655,0.00011675807763822377,9.725023119244725e-05,2.883718116208911e-05
ray_gpis,Corner,5,0,2,minus_x,minus_x,0.16137745458883535,0.16137745458883535,0.0,1.0,0.5,0.16137745458883535,0.0467368872566134,0.08510183994379117,0.00011254083801759407,8.694914140505716e-05,6.487859354820102e-05
ray_gpis,Corner,5,0,3,minus_x,minus_y,-0.003102499511441592,0.010647710171331037,0.01375020968277263,0.0,-0.5,-0.003102499511441592,0.010647710171331037,0.0027113013485853266,3.1350846256827936e-05,2.6238694772473536e-05,2.3034961486700922e-05
ray_gpis,Corner,5,0,4,plus_z,plus_z,-0.028879853681236134,-0.028879853681236134,0.0,1.0,1.0,-0.042457322647084794,-0.035592889060856225,-0.028879853681236134,2.392212991253473e-05,2.4633722205180675e-05,2.7307007258059457e-05
ray_gpis,Corner,11,0,0,minus_x,minus_y,0.054580248117484076,0.08324345049235271,0.028663202374868635,0.0,0.5,0.054580248117484076,0.08324345049235271,0.03534793510426493,0.000462123571196571,0.00016791242524050176,3.309224848635495e-05
ray_gpis,Corner,11,0,1,minus_x,minus_y,0.012585975801167937,0.03806532322280254,0.0254793474216346,0.0,0.5,0.012585975801167937,0.03806532322280254,0.002665651644945477,0.0007171808974817395,0.0002488009340595454,2.5368091883137822e-05
ray_gpis,Corner,11,0,2,minus_x,minus_x,0.14498407339851627,0.14498407339851627,0.0,1.0,0.5,0.14498407339851627,0.059632125799090274,0.06038218849307431,0.0009614502778276801,0.0002837635111063719,2.6969515602104366e-05
ray_gpis,Corner,11,0,3,minus_y,minus_x,0.10480750703138053,0.1086843007491376,0.0038767937177570655,0.0,0.5,0.1086843007491376,0.10480750703138053,0.07415631159158753,0.000657586264424026,0.0009003353188745677,3.4943222999572754e-05
ray_gpis,Corner,11,0,4,minus_y,minus_y,0.08406672614762323,0.08406672614762323,0.0,1.0,1.0,0.07013343954985163,0.08406672614762323,0.05974261991212215,0.00010700849816203117,0.00012305659765843302,8.310745033668354e-05
ray_gpis,Corner,0,0,0,minus_x,minus_x,0.18238136352028078,0.18238136352028078,0.0,1.0,0.5,0.18238136352028078,0.06741428798588733,0.08183072001868447,1.8859909687307663e-05,1.8496770280762576e-05,1.777125544322189e-05
ray_gpis,Corner,0,0,1,minus_x,minus_x,0.18569419165183437,0.18569419165183437,0.0,1.0,1.0,0.18569419165183437,0.18038550178771934,0.13106963459472537,0.001337511232122779,0.00022966509277466685,0.0002101343561662361
ray_gpis,Corner,0,0,2,minus_x,minus_x,0.10985144834689042,0.10985144834689042,0.0,1.0,0.5,0.10985144834689042,0.014112986287710405,0.09558070245004269,0.00020094325009267777,6.547150405822322e-05,4.4869593693874776e-05
ray_gpis,Corner,0,0,3,minus_x,minus_x,0.06704594975114742,0.06704594975114742,0.0,1.0,1.0,0.06704594975114742,0.02630109627213617,0.043782183742208214,0.00015405885642394423,4.306176560930908e-05,5.100205817143433e-05
ray_gpis,Corner,0,0,4,minus_x,plus_z,0.013514076339290249,0.021585953137860936,0.008071876798570687,0.0,-0.5,0.013514076339290249,0.019692516844893593,0.021585953137860936,0.0001418927713530138,4.983541657566093e-05,0.00013887177919968963
ray_gpis,L_Shaped,8,0,0,minus_y,plus_z,0.19070432424295808,0.3192274598082589,0.12852313556530082,0.0,-0.8660254037844387,0.21257641220857876,0.19070432424295808,0.3192274598082589,2.4504837710992433e-05,2.4504837710992433e-05,2.4092365492833778e-05
ray_gpis,L_Shaped,8,0,1,minus_x,minus_x,0.05431330788243183,0.05431330788243183,0.0,1.0,0.5,0.05431330788243183,0.00926925346639218,0.030952031659905788,0.00028715719236060977,0.00028209236916154623,2.8411166567821056e-05
ray_gpis,L_Shaped,8,0,2,minus_x,minus_x,0.10298927897624544,0.10298927897624544,0.0,1.0,1.0,0.10298927897624544,0.07431452918270787,0.021616289979653258,0.00024608257808722556,0.00023151848290581256,3.212797673768364e-05
ray_gpis,L_Shaped,8,0,3,minus_y,minus_x,0.06515536635764241,0.13613884031547696,0.07098347395783455,0.0,0.5,0.13613884031547696,0.06515536635764241,0.028268548209714472,0.00018919320427812636,0.00021202166681177914,5.279820106807165e-05
ray_gpis,L_Shaped,8,0,4,minus_x,minus_x,0.10143132463499249,0.10143132463499249,0.0,1.0,1.0,0.10143132463499249,0.07814939919997022,0.027050244417244462,9.390470222570002e-05,6.027201015967876e-05,5.1182305469410494e-05
ray_gpis,L_Shaped,13,0,0,minus_x,plus_z,0.036914111661208504,0.054828670296239834,0.01791455863503133,0.0,-1.0,0.036914111661208504,0.05281728835559707,0.054828670296239834,2.0705965653178282e-05,2.0570349079207517e-05,2.024836794589646e-05
ray_gpis,L_Shaped,13,0,1,minus_x,minus_x,0.09428812393996078,0.09428812393996078,0.0,1.0,0.5,0.09428812393996078,0.03442084332656581,0.054937710543247587,0.0010846360819414258,0.0001838028838392347,8.916710066841915e-05
ray_gpis,L_Shaped,13,0,2,minus_x,plus_z,0.020398099740472575,0.04709438972021873,0.026696289979746157,0.0,-0.5,0.020398099740472575,0.0076633237524208475,0.04709438972021873,0.001404640031978488,0.0001635078660910949,3.638937050709501e-05
ray_gpis,L_Shaped,13,0,3,minus_x,minus_y,0.06425409052221676,0.06876013301225892,0.004506042490042161,0.0,0.5,0.06425409052221676,0.06876013301225892,0.06138643769795615,0.0021766896825283766,0.00016140841762535274,2.5540513888699934e-05
ray_gpis,L_Shaped,13,0,4,minus_x,minus_x,0.0905359372422172,0.0905359372422172,0.0,1.0,1.0,0.0905359372422172,0.08736241924497623,0.03484534754899016,0.0012162680504843593,0.0010355584090575576,0.0002511762722861022
ray_gpis,L_Shaped,4,0,0,minus_x,minus_x,0.17581744295578883,0.17581744295578883,0.0,1.0,1.0,0.17581744295578883,0.1004991615630969,0.03018051628067575,0.0001455454621464014,4.578433799906634e-05,3.5670505894813687e-05
ray_gpis,L_Shaped,4,0,1,minus_x,minus_x,0.1934099197208149,0.1934099197208149,0.0,1.0,1.0,0.1934099197208149,0.01106753167519059,0.05342633650632067,0.00017811080033425242,2.8846006898675114e-05,3.617670154199004e-05
ray_gpis,L_Shaped,4,0,2,minus_x,minus_y,0.011089544029718956,0.014577721129536814,0.0034881770998178574,0.0,-0.5,0.011089544029718956,0.014577721129536814,0.007988157881244073,5.797576886834577e-05,2.97782571578864e-05,5.0901755457744e-05
ray_gpis,L_Shaped,4,0,3,plus_z,minus_x,0.02833129122972644,0.07169941740576213,0.04336812617603569,0.0,0.5,0.07169941740576213,0.023301622661814014,0.02833129122972644,3.809433110291138e-05,3.574779839254916e-05,5.133113882038742e-05
ray_gpis,L_Shaped,4,0,4,plus_z,minus_x,0.029791024645254183,0.04050429662542976,0.010713271980175576,0.0,-0.5,0.04050429662542976,0.03353215315819846,0.029791024645254183,4.946905391989276e-05,3.459834260866046e-05,5.108493132865988e-05
ray_gpis,L_Shaped,1,0,0,minus_x,minus_y,-0.037789355792199386,0.028782638054236753,0.06657199384643614,0.0,-0.5,-0.037789355792199386,0.028782638054236753,0.010560897679591452,0.0005936123197898269,0.00014177447883412242,4.76127170259133e-05
ray_gpis,L_Shaped,1,0,1,minus_x,minus_x,0.2061871029701633,0.2061871029701633,0.0,1.0,0.5,0.2061871029701633,0.053374884354408736,0.12641912728889693,2.0493687770795077e-05,2.0421595763764344e-05,2.0208175556035712e-05
ray_gpis,L_Shaped,1,0,2,minus_x,minus_x,0.04520553699851393,0.04520553699851393,0.0,1.0,1.0,0.04520553699851393,0.04055483431394524,0.04339644081425276,2.343885353184305e-05,2.32397869694978e-05,2.3330490876105614e-05
ray_gpis,L_Shaped,1,0,3,minus_x,minus_x,0.09158212016765321,0.09158212016765321,0.0,1.0,0.5,0.09158212016765321,0.022888537817500332,0.008653625290485079,0.00022097057080827653,3.0169705496518873e-05,4.643809370463714e-05
ray_gpis,L_Shaped,1,0,4,minus_y,minus_x,0.04499256098590687,0.07896571317861201,0.033973152192705136,0.0,-0.8660254037844387,0.07896571317861201,0.04499256098590687,0.06373425178240721,1.3737738299823832e-05,1.3739197129325476e-05,1.3739197129325476e-05
ray_gpis,L_Shaped,12,0,0,minus_x,minus_y,-0.024848011414316806,0.016952660432518307,0.041800671846835113,0.0,-0.5,-0.024848011414316806,0.016952660432518307,0.01303589606336314,0.00015268147399183363,4.627538510248996e-05,4.0497834561392665e-05
ray_gpis,L_Shaped,12,0,1,minus_x,minus_x,0.22544315322197,0.22544315322197,0.0,1.0,1.0,0.22544315322197,0.07604676448283199,0.1511942999012707,0.0005166806513443589,5.777642218163237e-05,0.00010297597327735275
ray_gpis,L_Shaped,12,0,2,minus_x,minus_x,0.08157065993330548,0.08157065993330548,0.0,1.0,0.5,0.08157065993330548,-0.023700449076309638,0.01880193318885426,0.00011945222649956122,0.00010299389396095648,3.345156801515259e-05
ray_gpis,L_Shaped,12,0,3,minus_y,minus_x,0.001515228810114122,0.04652636438460955,0.04501113557449543,0.0,-0.5,0.04652636438460955,0.001515228810114122,0.007665728796148796,5.4136668040882796e-05,5.504453292815015e-05,4.652812276617624e-05
ray_gpis,L_Shaped,12,0,4,minus_x,minus_x,0.10532404056022282,0.10532404056022282,0.0,1.0,1.0,0.10532404056022282,0.066937711050581,0.05075488616629975,3.47971472365316e-05,3.3955959224840626e-05,2.238238630525302e-05
ray_gpis,L_Shaped,7,0,0,minus_x,minus_y,0.14741071125683436,0.1548190039438178,0.007408292686983453,0.0,0.5,0.14741071125683436,0.1548190039438178,0.10706851823527047,3.426534021855332e-05,3.407683107070625e-05,3.2363950595026836e-05
ray_gpis,L_Shaped,7,0,1,minus_x,minus_x,0.2417290218727366,0.2417290218727366,0.0,1.0,1.0,0.2417290218727366,0.18152899057088578,0.044174779651405094,0.0006521615432575345,0.0001912303559947759,2.9443537641782314e-05
ray_gpis,L_Shaped,7,0,2,minus_y,minus_x,0.03487672120319252,0.08486655124163822,0.049989830038445704,0.0,0.5,0.08486655124163822,0.03487672120319252,0.012158521489973761,0.0002508658217266202,0.00025506733800284564,2.4083610696834512e-05
ray_gpis,L_Shaped,7,0,3,minus_y,minus_y,0.050245260384826795,0.050245260384826795,0.0,1.0,1.0,0.04431859000598082,0.050245260384826795,0.008337954651241541,0.00027310900622978806,0.0002766137185972184,2.37823769566603e-05
ray_gpis,L_Shaped,7,0,4,minus_x,minus_y,0.024762809492490323,0.060547406227497214,0.03578459673500689,0.0,-0.5,0.024762809492490323,0.060547406227497214,0.05630001744239943,0.00011248599184909835,0.00010867528908420354,3.2128558814292774e-05
ray_gpis,L_Shaped,14,0,0,minus_x,minus_x,0.1539691866958116,0.1539691866958116,0.0,1.0,0.5,0.1539691866958116,0.05651501805350467,0.09140569359850559,1.738486207614187e-05,1.733310637064278e-05,1.682040783634875e-05
ray_gpis,L_Shaped,14,0,1,minus_x,minus_x,0.18255254090317885,0.18255254090317885,0.0,1.0,1.0,0.18255254090317885,0.09498818503886475,0.09094376278777272,0.000506327545735985,0.00015120214084163308,4.320830339565873e-05
ray_gpis,L_Shaped,14,0,2,minus_x,minus_x,0.05737105439589962,0.05737105439589962,0.0,1.0,1.0,0.05737105439589962,0.020236307570110967,0.015745579681765043,4.5412325562210754e-05,2.9961043765069917e-05,2.3217155103338882e-05
ray_gpis,L_Shaped,14,0,3,minus_y,minus_x,0.012991279315981652,0.04841487853189841,0.03542359921591676,0.0,-1.0,0.04841487853189841,0.012991279315981652,0.033526173819067195,3.4908745874417946e-05,3.736911094165407e-05,3.494369229883887e-05
ray_gpis,L_Shaped,14,0,4,minus_x,minus_x,0.041744409492855516,0.041744409492855516,0.0,1.0,1.0,0.041744409492855516,0.027587429705645206,0.030679070343305193,3.781437044381164e-05,2.8065487640560605e-05,3.32280651491601e-05
ray_gpis,L_Shaped,2,0,0,plus_z,plus_z,0.10683842954970824,0.10683842954970824,0.0,1.0,0.0,0.09943172046466436,0.09523358948656951,0.10683842954970824,1.584917185937229e-06,1.5886023447819753e-06,1.5886023447819753e-06
ray_gpis,L_Shaped,2,0,1,minus_x,minus_y,0.04609177878178211,0.04821253898375938,0.0021207602019772676,0.0,-0.5,0.04609177878178211,0.04821253898375938,0.042246012829728896,3.868621661240468e-06,3.85600833396893e-06,3.85867087970837e-06
ray_gpis,L_Shaped,2,0,2,minus_x,minus_x,0.06776460281998342,0.06776460281998342,0.0,1.0,1.0,0.06776460281998342,0.033914095361544216,0.015306025750286278,2.449968690143578e-07,2.432909695926355e-07,2.401241374627716e-07
ray_gpis,L_Shaped,2,0,3,minus_x,minus_x,0.12388998830010811,0.12388998830010811,0.0,1.0,1.0,0.12388998830010811,0.03232121429349066,0.018366364058165163,8.492404958815314e-06,8.369341230718419e-06,8.212220564018935e-06
ray_gpis,L_Shaped,2,0,4,minus_x,minus_y,0.07719725168726288,0.07804280035881361,0.0008455486715507332,0.0,0.5,0.07719725168726288,0.07804280035881361,0.00278610887338826,0.0008107745670713484,0.000731591833755374,2.909428258135449e-05
ray_gpis,L_Shaped,6,0,0,minus_y,minus_x,0.08721958993581358,0.08910691303384194,0.0018873230980283595,0.0,0.5,0.08910691303384194,0.08721958993581358,0.05845648456910846,0.0004156417562626302,0.00041578320087864995,5.3578329243464395e-05
ray_gpis,L_Shaped,6,0,1,minus_y,minus_x,0.08125982194454329,0.10463595942623927,0.02337613748169598,0.0,0.5,0.10463595942623927,0.08125982194454329,-0.000756629558924804,0.0006968320230953395,0.0007742479792796075,3.5863809898728505e-05
ray_gpis,L_Shaped,6,0,2,minus_x,minus_y,0.03719190392973326,0.14374309181172595,0.10655118788199269,0.0,-0.5,0.03719190392973326,0.14374309181172595,0.04389073214732575,0.0002053685748251155,0.00012870284263044596,2.5776946131372824e-05
ray_gpis,L_Shaped,6,0,3,minus_x,minus_y,0.09304163285242151,0.12101470057407415,0.027973067721652645,0.0,0.5,0.09304163285242151,0.12101470057407415,0.03974163102018735,0.00030059507116675377,0.00029918659129180014,3.281265526311472e-05
ray_gpis,L_Shaped,6,0,4,minus_x,minus_x,0.09953709253166254,0.09953709253166254,0.0,1.0,1.0,0.09953709253166254,0.07260909430829776,0.02552438426111392,0.0005287779495120049,0.0005227153887972236,3.0228842661017552e-05
ray_gpis,L_Shaped,3,0,0,minus_x,minus_y,0.042684291259657836,0.06459730210416198,0.021913010844504144,0.0,-0.5,0.042684291259657836,0.06459730210416198,0.05727292809613954,5.369787686504424e-06,5.367886842577718e-06,5.2797486205236055e-06
ray_gpis,L_Shaped,3,0,1,minus_x,minus_y,0.06831702739908674,0.102994796051748,0.034677768652661256,0.0,-0.5,0.06831702739908674,0.102994796051748,0.09338035602848738,3.270195520599373e-05,3.262449536123313e-05,3.096771251875907e-05
ray_gpis,L_Shaped,3,0,2,minus_x,minus_x,0.057982587030212085,0.057982587030212085,0.0,1.0,1.0,0.057982587030212085,0.020010527068097805,0.013436668071854174,0.0008284649229608476,0.0002504962030798197,4.443036232260056e-05
ray_gpis,L_Shaped,3,0,3,minus_x,minus_x,0.12588263229388208,0.12588263229388208,0.0,1.0,0.5,0.12588263229388208,0.009869763497144302,0.0724665965480219,0.001531940302811563,0.00034719405812211335,3.278380609117448e-05
ray_gpis,L_Shaped,3,0,4,minus_x,minus_y,0.06539470072910758,0.07392490688885345,0.008530206159745868,0.0,0.5,0.06539470072910758,0.07392490688885345,0.052065552837977536,0.0007489834097214043,0.0006965506472624838,0.0002104332234011963
ray_gpis,L_Shaped,9,0,0,minus_x,minus_x,0.09351730382853995,0.09351730382853995,0.0,1.0,1.0,0.09351730382853995,0.08852270037864829,0.03927481475392114,3.1735505672259023e-06,3.167276418025722e-06,3.12302745442139e-06
ray_gpis,L_Shaped,9,0,1,minus_x,minus_x,0.12643093808248596,0.12643093808248596,0.0,1.0,1.0,0.12643093808248596,0.06372161718799829,0.02943773918163084,0.00035062251845374703,0.00018899442511610687,3.5891618608729914e-05
ray_gpis,L_Shaped,9,0,2,minus_x,minus_y,0.018459749942881465,0.028224574313638118,0.009764824370756653,0.0,-0.5,0.018459749942881465,0.028224574313638118,0.02614637030096212,0.0004978226497769356,8.745949889998883e-05,6.740375101799145e-05
ray_gpis,L_Shaped,9,0,3,minus_x,minus_x,0.1542283901072541,0.1542283901072541,0.0,1.0,0.5,0.1542283901072541,0.06099681827421677,0.07094411460820294,0.00047600193647667766,0.00042934357770718634,0.00016788333596196026
ray_gpis,L_Shaped,9,0,4,minus_x,minus_y,0.032851867490968134,0.04324276313510633,0.010390895644138198,0.0,-0.5,0.032851867490968134,0.04324276313510633,0.035000790235923285,3.49238034687005e-05,2.9273169275256805e-05,2.433017834846396e-05
ray_gpis,L_Shaped,10,0,0,minus_x,minus_y,0.20365583768353462,0.210290834713514,0.006634997029979384,0.0,0.5,0.20365583768353462,0.210290834713514,0.11942792231125121,7.823115993232932e-06,7.590441782667767e-06,7.461298991984222e-06
ray_gpis,L_Shaped,10,0,1,minus_x,minus_x,0.07570829444839733,0.07570829444839733,0.0,1.0,1.0,0.07570829444839733,0.07321976730276702,0.05266732375666161,0.0002667899534571916,0.00025453331181779504,5.821185186505318e-05
ray_gpis,L_Shaped,10,0,2,minus_x,minus_x,0.14835602568786954,0.14835602568786954,0.0,1.0,0.5,0.14835602568786954,0.03638731600619172,0.05797086412424968,0.0003523925261106342,0.00033989481744356453,5.541503560380079e-05
ray_gpis,L_Shaped,10,0,3,minus_x,minus_x,0.08082959380588584,0.08082959380588584,0.0,1.0,1.0,0.08082959380588584,0.05166406486151798,0.0413239676266669,8.326561510330066e-05,7.169049058575183e-05,3.749834286281839e-05
ray_gpis,L_Shaped,10,0,4,minus_y,minus_y,0.060276524689346855,0.060276524689346855,0.0,1.0,1.0,0.043840603882784435,0.060276524689346855,0.043625113142231275,3.7044574128231034e-05,4.3240474042249843e-05,2.3443330064765178e-05
ray_gpis,L_Shaped,5,0,0,minus_y,minus_x,0.12003739222416476,0.19151975137535454,0.07148235915118978,0.0,0.8660254037844387,0.19151975137535454,0.12003739222416476,0.10273020082653117,2.0558359210554045e-06,2.0558359210554045e-06,2.0505926840996835e-06
ray_gpis,L_Shaped,5,0,1,minus_x,plus_z,0.03269001934620941,0.06642083678062033,0.03373081743441092,0.0,-1.0,0.03269001934620941,0.0638769848064073,0.06642083678062033,0.0006735032075084746,0.0005301578203216195,8.866919233696535e-05
ray_gpis,L_Shaped,5,0,2,minus_x,plus_z,0.09310117240347998,0.09351023393541286,0.000409061531932875,0.0,-0.5,0.09310117240347998,0.09302940780141294,0.09351023393541286,0.0007323399768210948,0.0006501582101918757,3.531200491124764e-05
ray_gpis,L_Shaped,5,0,3,minus_x,minus_x,0.19129845749637153,0.19129845749637153,0.0,1.0,1.0,0.19129845749637153,0.07870781014464578,0.06155707540117006,1.428997165930923e-05,1.424725996912457e-05,1.3843139640812296e-05
ray_gpis,L_Shaped,5,0,4,minus_x,plus_z,0.014305700166031499,0.02044831671836078,0.006142616552329283,0.0,-0.5,0.014305700166031499,0.005879669878671723,0.02044831671836078,0.0003375019005034119,3.578867472242564e-05,3.237370037822984e-05
ray_gpis,L_Shaped,11,0,0,minus_x,minus_x,0.21969922475078624,0.21969922475078624,0.0,1.0,1.0,0.21969922475078624,0.1747982753816148,0.14649153734072135,0.00025502266362309456,0.00020562545978464186,6.265533738769591e-05
ray_gpis,L_Shaped,11,0,1,minus_x,minus_x,0.0733533730608249,0.0733533730608249,0.0,1.0,0.5,0.0733533730608249,0.05245340095825035,0.05582229937787775,0.00032586074667051435,0.00022690276091452688,2.3863402020651847e-05
ray_gpis,L_Shaped,11,0,2,minus_x,minus_x,0.16749709752108966,0.16749709752108966,0.0,1.0,0.5,0.16749709752108966,0.02460322568852813,0.06186811207243281,0.0003454356046859175,0.00010229519830318168,3.44837608281523e-05
ray_gpis,L_Shaped,11,0,3,minus_x,minus_x,0.026714789046986542,0.026714789046986542,0.0,1.0,1.0,0.026714789046986542,0.021914498054989906,0.013794495278551588,5.71269411011599e-05,5.0952137826243415e-05,2.2860516764922068e-05
ray_gpis,L_Shaped,11,0,4,minus_y,minus_x,0.041184425271048264,0.04657685443083903,0.005392429159790768,0.0,-0.5,0.04657685443083903,0.041184425271048264,0.024892611605661807,2.2640284441877156e-05,2.731431959546171e-05,2.699283868423663e-05
ray_gpis,L_Shaped,0,0,0,minus_x,minus_x,0.2934949391944188,0.2934949391944188,0.0,1.0,0.5,0.2934949391944188,0.2779810073283847,0.2589702829598304,0.00015681347576901317,0.00011944763537030667,0.0001250463246833533
ray_gpis,L_Shaped,0,0,1,minus_x,minus_y,0.034269485410411804,0.10510107215854192,0.07083158674813012,0.0,-1.0,0.034269485410411804,0.10510107215854192,0.06993108712454521,1.5536386854364537e-05,1.5478935893042944e-05,1.551631976326462e-05
ray_gpis,L_Shaped,0,0,2,minus_x,minus_x,0.15780860758928156,0.15780860758928156,0.0,1.0,0.5,0.15780860758928156,0.10261257242430338,0.09299165203249254,1.81816012627678e-05,1.8132050172425807e-05,1.8161652405979112e-05
ray_gpis,L_Shaped,0,0,3,plus_z,minus_x,0.01774485494377953,0.152404568907631,0.13465971396385146,0.0,-0.5,0.152404568907631,0.028614865409817614,0.01774485494377953,1.217543649545405e-05,1.2149103895353619e-05,1.2177163625892717e-05
ray_gpis,L_Shaped,0,0,4,minus_x,minus_x,0.1414517869101043,0.1414517869101043,0.0,1.0,1.0,0.1414517869101043,0.020689703327054665,0.03780193336602433,2.126607796526514e-05,2.1256268155411817e-05,2.12645700230496e-05
ray_gpis,Cylinder,8,0,0,minus_x,minus_x,0.3285600388902348,0.3285600388902348,0.0,1.0,0.5,0.3285600388902348,0.21881434791626023,0.24594401893562953,1.58571401698282e-05,1.5581344996462576e-05,1.4780785932089202e-05
ray_gpis,Cylinder,8,0,1,minus_x,minus_x,0.0771343320064572,0.0771343320064572,0.0,1.0,0.5,0.0771343320064572,0.03030457705787487,0.05492424912354227,0.0005968367913737893,0.0004030062409583479,2.73978803306818e-05
ray_gpis,Cylinder,8,0,2,minus_x,minus_x,0.10951026726183766,0.10951026726183766,0.0,1.0,1.0,0.10951026726183766,0.1004361693795548,0.08194464849767902,0.00018758534861262888,3.127030868199654e-05,2.2519188860314898e-05
ray_gpis,Cylinder,8,0,3,minus_x,minus_x,0.18790480519481345,0.18790480519481345,0.0,1.0,1.0,0.18790480519481345,0.023747526646332173,0.06100774207763815,0.00019190275634173304,2.248164855700452e-05,3.354089494678192e-05
ray_gpis,Cylinder,8,0,4,minus_x,minus_x,-0.03253607266695402,-0.03253607266695402,0.0,1.0,1.0,-0.03253607266695402,-0.0383344603959932,-0.045538940396468996,4.330260708229616e-05,3.572725472622551e-05,3.082760304096155e-05
ray_gpis,Cylinder,13,0,0,minus_x,minus_x,0.14912582370212946,0.14912582370212946,0.0,1.0,1.0,0.14912582370212946,0.08866416095864865,0.0789533437497264,9.31342856347328e-06,9.271811904909555e-06,8.891257493814919e-06
ray_gpis,Cylinder,13,0,1,minus_x,minus_y,0.132851787757006,0.14587376304765454,0.013021975290648524,0.0,0.5,0.132851787757006,0.14587376304765454,0.09977049300728547,1.8426291717332788e-05,1.823981074267067e-05,1.7462762116338126e-05
ray_gpis,Cylinder,13,0,2,minus_x,plus_z,0.005858539760609238,0.020582104992233785,0.014723565231624547,0.0,-1.0,0.005858539760609238,0.01437189248799331,0.020582104992233785,0.00041541774407960474,6.174933514557779e-05,2.4761298845987767e-05
ray_gpis,Cylinder,13,0,3,minus_x,minus_x,0.16199901728261434,0.16199901728261434,0.0,1.0,1.0,0.16199901728261434,0.11150062850299258,0.1088262934816765,0.0007258064579218626,5.5014726967783645e-05,3.19662613037508e-05
ray_gpis,Cylinder,13,0,4,minus_x,minus_x,0.14193330587319453,0.14193330587319453,0.0,1.0,0.5,0.14193330587319453,0.06654347422631102,0.11468615497900614,0.00029646605253219604,0.00025029637617990375,0.0001754006661940366
ray_gpis,Cylinder,4,0,0,minus_x,plus_z,0.03322552031824527,0.04870430965961581,0.015478789341370536,0.0,-1.0,0.03322552031824527,0.04293056800946149,0.04870430965961581,0.0006413806113414466,0.0002601481101009995,0.00012686334957834333
ray_gpis,Cylinder,4,0,1,minus_x,minus_x,0.1841690818845899,0.1841690818845899,0.0,1.0,1.0,0.1841690818845899,0.11797173628374114,0.06134738528315076,0.000776141881942749,0.0003019359428435564,4.176320362603292e-05
ray_gpis,Cylinder,4,0,2,minus_x,plus_z,0.11797429375243951,0.11925930994392908,0.0012850161914895741,0.0,-0.5,0.11797429375243951,0.048758688106620984,0.11925930994392908,0.0004550158337224275,0.00016570686420891434,3.0442764909821562e-05
ray_gpis,Cylinder,4,0,3,minus_x,minus_x,0.13469860210725104,0.13469860210725104,0.0,1.0,1.0,0.13469860210725104,0.06446122567049328,0.00973401115537531,0.0002447568695060909,0.0002444637648295611,7.393793930532411e-05
ray_gpis,Cylinder,4,0,4,minus_y,minus_y,0.02747549327537313,0.02747549327537313,0.0,1.0,1.0,0.0025343326492998086,0.02747549327537313,0.0006796341121794169,5.317006434779614e-05,9.597582538845018e-05,2.389621477050241e-05
ray_gpis,Cylinder,1,0,0,minus_x,minus_x,0.1948993072945377,0.1948993072945377,0.0,1.0,1.0,0.1948993072945377,0.0521246974280542,0.013194768999994999,0.0005919614341109991,0.00022123944654595107,3.6240406188881025e-05
ray_gpis,Cylinder,1,0,1,minus_x,minus_x,0.11298548593527691,0.11298548593527691,0.0,1.0,1.0,0.11298548593527691,0.03600856284765841,0.015937183157932577,0.0003473506076261401,8.073836943367496e-05,5.408680226537399e-05
ray_gpis,Cylinder,1,0,2,minus_x,minus_x,0.015173457940263146,0.015173457940263146,0.0,1.0,1.0,0.015173457940263146,0.0031093265053196983,0.008212417032718466,0.00016122516535688192,2.9983208150952123e-05,3.4615637559909374e-05
ray_gpis,Cylinder,1,0,3,minus_x,minus_x,0.08031342920070228,0.08031342920070228,0.0,1.0,1.0,0.08031342920070228,-0.000889250290071586,0.001947184746105557,0.00020471248717512935,4.231973071000539e-05,6.158817996038124e-05
ray_gpis,Cylinder,1,0,4,minus_x,minus_x,0.06978500357916728,0.06978500357916728,0.0,1.0,0.5,0.06978500357916728,0.005368508120736526,0.009226940953302343,0.00010391652904218063,6.343938002828509e-05,6.343217683024704e-05
ray_gpis,Cylinder,12,0,0,minus_x,minus_x,0.24080039879925702,0.24080039879925702,0.0,1.0,1.0,0.24080039879925702,0.17926818626945185,0.13311546726475698,1.6228957974817604e-05,1.5603083738824353e-05,1.4482135156868026e-05
ray_gpis,Cylinder,12,0,1,minus_x,minus_x,0.045552149462712854,0.045552149462712854,0.0,1.0,1.0,0.045552149462712854,0.02081240384406441,0.013140763516423182,0.0004743931058328599,6.0287296946626157e-05,3.955435749958269e-05
ray_gpis,Cylinder,12,0,2,minus_x,minus_x,0.015283290541049266,0.015283290541049266,0.0,1.0,1.0,0.015283290541049266,0.007102249197054156,0.0009304651615104076,0.0009511187672615051,7.771101809339598e-05,4.5364740799413994e-05
ray_gpis,Cylinder,12,0,3,minus_x,minus_x,0.12523587371146305,0.12523587371146305,0.0,1.0,1.0,0.12523587371146305,0.015976283882238596,0.03774677887725453,0.0013068029657006264,0.0001062546725734137,0.00010706733155529946
ray_gpis,Cylinder,12,0,4,minus_x,minus_x,0.10980658865531079,0.10980658865531079,0.0,1.0,1.0,0.10980658865531079,0.0031191373192333005,0.038126745987334565,0.0003318992967251688,0.0002140894066542387,0.00031957891769707203
ray_gpis,Cylinder,7,0,0,minus_x,minus_x,0.15038329585953625,0.15038329585953625,0.0,1.0,0.5,0.15038329585953625,0.03442561843004244,0.10929131638698286,0.0007668266771361232,0.00044424168299883604,8.608905773144215e-05
ray_gpis,Cylinder,7,0,1,minus_x,minus_x,0.0884016265740582,0.0884016265740582,0.0,1.0,0.5,0.0884016265740582,0.040156878640942806,0.0424212873628515,0.0005304446676746011,0.0004490870633162558,4.92898871016223e-05
ray_gpis,Cylinder,7,0,2,minus_x,plus_z,0.07910355227030474,0.08707262751871281,0.007969075248408064,0.0,-1.0,0.07910355227030474,0.08456904515618213,0.08707262751871281,0.00012853941007051617,0.00010450874106027186,2.961858808703255e-05
ray_gpis,Cylinder,7,0,3,minus_y,minus_x,0.018745582589084764,0.14866774947612071,0.12992216688703595,0.0,-0.5,0.14866774947612071,0.018745582589084764,0.14286491045256644,0.00012441346189007163,0.00012950973177794367,0.00011377739429008216
ray_gpis,Cylinder,7,0,4,minus_x,minus_x,0.11978413494617968,0.11978413494617968,0.0,1.0,0.5,0.11978413494617968,0.03407015366801258,0.06836749508315354,0.00012701324885711074,0.00010838340676855296,7.366285717580467e-05
ray_gpis,Cylinder,14,0,0,minus_x,minus_x,0.07526808422634201,0.07526808422634201,0.0,1.0,0.5,0.07526808422634201,0.036834713537906016,0.0742673677344271,0.0006586025119759142,0.00040748697938397527,3.541840487741865e-05
ray_gpis,Cylinder,14,0,1,minus_x,minus_x,0.19869352753316383,0.19869352753316383,0.0,1.0,0.5,0.19869352753316383,0.002518819728564381,0.07378343732631054,0.00024505265173502266,0.0001306565827690065,2.7853566280100495e-05
ray_gpis,Cylinder,14,0,2,minus_x,minus_x,0.003137000429761616,0.003137000429761616,0.0,1.0,0.5,0.003137000429761616,-0.008387295288716956,-0.004966151489574355,0.00041829058318398893,0.0003158159088343382,4.873536090599373e-05
ray_gpis,Cylinder,14,0,3,minus_x,minus_x,0.16914665065967405,0.16914665065967405,0.0,1.0,1.0,0.16914665065967405,0.10521453447426599,0.029315302072187133,0.00023311284894589335,0.000107848274637945,2.2862464902573265e-05
ray_gpis,Cylinder,14,0,4,minus_y,plus_z,0.0660554753266287,0.06686130898653286,0.0008058336599041649,0.0,-0.5,0.03307426313034334,0.0660554753266287,0.06686130898653286,4.275972241885029e-05,5.492315540323034e-05,2.8557675250340253e-05
ray_gpis,Cylinder,2,0,0,minus_x,minus_y,0.029846918563457614,0.10103868522904003,0.07119176666558241,0.0,-0.5,0.029846918563457614,0.10103868522904003,0.07455596910681733,0.0005335088935680687,0.000214331696042791,7.418353197863325e-05
ray_gpis,Cylinder,2,0,1,minus_x,plus_z,0.0683238495811071,0.0768122368118912,0.0084883872307841,0.0,-0.5,0.0683238495811071,0.04262683457327526,0.0768122368118912,0.00032536243088543415,7.412519335048273e-05,2.973643859149888e-05
ray_gpis,Cylinder,2,0,2,minus_y,minus_x,0.13047833632526318,0.18121657378124856,0.05073823745598538,0.0,0.5,0.18121657378124856,0.13047833632526318,0.1077781446563647,0.00027639782638289034,0.00028782381559722126,3.6456738598644733e-05
ray_gpis,Cylinder,2,0,3,minus_x,minus_y,0.04735451840357219,0.08802174572012667,0.04066722731655448,0.0,-0.5,0.04735451840357219,0.08802174572012667,0.05113298763583762,0.0001776723947841674,8.897657971829176e-05,2.3764318029861897e-05
ray_gpis,Cylinder,2,0,4,minus_x,minus_x,0.12378347859949301,0.12378347859949301,0.0,1.0,0.5,0.12378347859949301,0.0454323181770806,0.062041677317530186,0.00016996095655485988,5.672278712154366e-05,3.033524080819916e-05
ray_gpis,Cylinder,6,0,0,minus_x,minus_x,0.12143067607032004,0.12143067607032004,0.0,1.0,1.0,0.12143067607032004,0.0700546616775049,0.04491549138476092,0.0005766272661276162,0.0004479450290091336,4.8601606977172196e-05
ray_gpis,Cylinder,6,0,1,minus_x,minus_x,0.06775697853688778,0.06775697853688778,0.0,1.0,1.0,0.06775697853688778,0.030792180886886844,0.005041012982112236,0.0010022929636761546,0.00028662115801125765,4.0013197576627135e-05
ray_gpis,Cylinder,6,0,2,minus_x,minus_x,0.14746288804105456,0.14746288804105456,0.0,1.0,1.0,0.14746288804105456,0.08809847686180516,0.0006097112392753345,0.0005811331211589277,0.00033115476253442466,2.3532933482783847e-05
ray_gpis,Cylinder,6,0,3,minus_x,minus_x,0.13086804463086787,0.13086804463086787,0.0,1.0,1.0,0.13086804463086787,0.0182150343494204,0.0008223128814817127,0.0003344752185512334,9.925816266331822e-05,2.658356424944941e-05
ray_gpis,Cylinder,6,0,4,minus_x,minus_y,0.023795888749104654,0.032503168606220156,0.008707279857115502,0.0,-0.5,0.023795888749104654,0.032503168606220156,0.022321509378174675,4.868393443757668e-05,2.6743813577922992e-05,3.606753671192564e-05
ray_gpis,Cylinder,3,0,0,minus_x,minus_x,0.1936040557415566,0.1936040557415566,0.0,1.0,0.5,0.1936040557415566,0.15352457548275067,0.16279629391557027,2.8151189326308668e-06,2.723596026044106e-06,2.6004920528066577e-06
ray_gpis,Cylinder,3,0,1,minus_x,minus_x,0.29789894207022605,0.29789894207022605,0.0,1.0,0.5,0.29789894207022605,0.1444646321871933,0.19165851035988601,0.0007900869240984321,0.00013888538524042815,5.72871467738878e-05
ray_gpis,Cylinder,3,0,2,minus_x,plus_z,0.008523496177364809,0.04139590211966837,0.03287240594230356,0.0,-1.0,0.008523496177364809,0.015581727125247413,0.04139590211966837,0.00019017173326574266,6.19510465185158e-05,3.3561314921826124e-05
ray_gpis,Cylinder,3,0,3,minus_x,plus_z,0.03990654752351508,0.06528938366275938,0.025382836139244302,0.0,0.5,0.03990654752351508,0.012372276805659443,0.06528938366275938,0.0001965021074283868,4.243266812409274e-05,0.0001298736606258899
ray_gpis,Cylinder,3,0,4,plus_z,minus_x,0.06140969053827994,0.08331027302496063,0.021900582486680698,0.0,0.5,0.08331027302496063,0.009577070797146203,0.06140969053827994,0.00016510725254192948,5.096960376249626e-05,0.00017498095985502005
ray_gpis,Cylinder,9,0,0,minus_x,minus_x,0.05635288855552412,0.05635288855552412,0.0,1.0,1.0,0.05635288855552412,0.051093673291803254,0.045193934489280885,0.0006686878623440862,0.0003214464522898197,3.898929571732879e-05
ray_gpis,Cylinder,9,0,1,minus_x,plus_z,0.01571555823853188,0.01774545547913875,0.0020298972406068705,0.0,-1.0,0.01571555823853188,0.01703385272959468,0.01774545547913875,0.0006697383942082524,9.378558752359822e-05,2.8952703360118903e-05
ray_gpis,Cylinder,9,0,2,minus_x,minus_x,0.17733836102648814,0.17733836102648814,0.0,1.0,1.0,0.17733836102648814,0.04538365196707228,0.022853076851617526,0.000925875676330179,0.00042866283911280334,2.8397360438248143e-05
ray_gpis,Cylinder,9,0,3,minus_x,plus_z,0.10347159094720604,0.11969891871178118,0.01622732776457514,0.0,0.5,0.10347159094720604,0.012517659077664445,0.11969891871178118,0.0003865384205710143,4.731251101475209e-05,0.0001188972091767937
ray_gpis,Cylinder,9,0,4,minus_x,plus_z,0.07053089260039691,0.09502472014172836,0.024493827541331448,0.0,0.5,0.07053089260039691,0.023072195463892053,0.09502472014172836,0.00020163906447123736,2.746470636338927e-05,0.0001871854910859838
ray_gpis,Cylinder,10,0,0,minus_x,minus_x,0.12961833060390165,0.12961833060390165,0.0,1.0,1.0,0.12961833060390165,0.12373769364380521,0.020521950542142064,0.0003772982454393059,9.982712799683213e-05,3.5051059967372566e-05
ray_gpis,Cylinder,10,0,1,minus_x,minus_y,0.04830630323574192,0.07184147835696064,0.02353517512121872,0.0,0.5,0.04830630323574192,0.07184147835696064,0.03466320525676181,0.00038435589522123337,4.128894943278283e-05,2.4931394364102744e-05
ray_gpis,Cylinder,10,0,2,minus_x,minus_x,0.16252417480908476,0.16252417480908476,0.0,1.0,1.0,0.16252417480908476,0.05013256617464634,0.002746252751819722,0.000619421829469502,5.3512030717683956e-05,3.246052438043989e-05
ray_gpis,Cylinder,10,0,3,minus_x,minus_x,0.10935719354297746,0.10935719354297746,0.0,1.0,0.5,0.10935719354297746,0.05086148562523074,0.021076452915440913,0.0002718595787882805,4.526141856331378e-05,8.125737076625228e-05
ray_gpis,Cylinder,10,0,4,plus_z,minus_x,0.0276068196401571,0.03364605731228465,0.006039237672127551,0.0,-0.5,0.03364605731228465,0.03152801800375937,0.0276068196401571,3.4356937248958275e-05,2.5274179279222153e-05,4.361327228252776e-05
ray_gpis,Cylinder,5,0,0,minus_x,minus_x,0.24182355719527776,0.24182355719527776,0.0,1.0,1.0,0.24182355719527776,0.17935848494438994,0.10999192208279013,1.4139558516035322e-05,1.3882320672564674e-05,1.339741993433563e-05
ray_gpis,Cylinder,5,0,1,minus_x,plus_z,0.016586312863408503,0.047000261201146754,0.03041394833773825,0.0,-1.0,0.016586312863408503,0.03764071835392624,0.047000261201146754,0.0005180043517611921,8.824158430797979e-05,3.7129433621885255e-05
ray_gpis,Cylinder,5,0,2,minus_x,minus_x,0.08232373928567482,0.08232373928567482,0.0,1.0,1.0,0.08232373928567482,0.06369300607733785,0.045270464745053696,0.0005895502981729805,0.00019373251416254789,3.771065894397907e-05
ray_gpis,Cylinder,5,0,3,minus_x,minus_x,0.1366432912242561,0.1366432912242561,0.0,1.0,0.5,0.1366432912242561,0.04596238202131786,0.11000809406523715,0.00017448732978664339,7.624877616763115e-05,4.2412164475535974e-05
ray_gpis,Cylinder,5,0,4,plus_z,minus_x,0.04826177798871678,0.09312072492944012,0.04485894694072334,0.0,0.5,0.09312072492944012,0.04545422844066138,0.04826177798871678,6.92074463586323e-05,5.7180674048140645e-05,7.276350515894592e-05
ray_gpis,Cylinder,11,0,0,minus_x,minus_x,0.09057607295149489,0.09057607295149489,0.0,1.0,0.5,0.09057607295149489,0.06154541053495405,0.06256997818365811,0.0006039812578819692,0.0001771978713804856,7.799096056260169e-05
ray_gpis,Cylinder,11,0,1,minus_x,plus_z,0.0845893318851818,0.11072159545594595,0.026132263570764147,0.0,-0.5,0.0845893318851818,0.03216890146236295,0.11072159545594595,0.0011999438283964992,0.00031684627174399793,9.069441875908524e-05
ray_gpis,Cylinder,11,0,2,minus_x,plus_z,0.07193464591359078,0.07726142487401222,0.005326778960421441,0.0,-0.5,0.07193464591359078,0.006598737171493729,0.07726142487401222,0.0006322952103801072,0.0003274935588706285,8.887459989637136e-05
ray_gpis,Cylinder,11,0,3,minus_x,minus_x,0.1329348957151647,0.1329348957151647,0.0,1.0,1.0,0.1329348957151647,0.0205544847971465,0.016696614258130515,0.0004597500083036721,0.00026349714607931674,3.930015009245835e-05
ray_gpis,Cylinder,11,0,4,minus_x,minus_x,0.09184890768982046,0.09184890768982046,0.0,1.0,1.0,0.09184890768982046,0.05227175920215532,0.03224997117259576,0.00016229298489633948,0.00016168742149602622,7.78752364567481e-05
ray_gpis,Cylinder,0,0,0,minus_x,minus_y,0.16363064851411052,0.2132968791263825,0.04966623061227199,0.0,0.5,0.16363064851411052,0.2132968791263825,0.06658408063245669,1.3652314919454511e-05,1.352054732706165e-05,1.2922553651151247e-05
ray_gpis,Cylinder,0,0,1,minus_x,plus_z,-0.026928789578277268,-0.02015825123198356,0.0067705383462937085,0.0,-0.5,-0.026928789578277268,-0.04016590905602718,-0.02015825123198356,0.0007342420285567641,0.00019307991897221655,3.284775448264554e-05
ray_gpis,Cylinder,0,0,2,minus_x,minus_x,0.22501971824208006,0.22501971824208006,0.0,1.0,0.5,0.22501971824208006,0.17664537074148673,0.15069978373213716,0.0002704616344999522,7.277407712535933e-05,0.00015297351637855172
ray_gpis,Cylinder,0,0,3,minus_x,minus_x,0.04828115869055438,0.04828115869055438,0.0,1.0,1.0,0.04828115869055438,0.03913392327583631,0.040907874062455996,0.0001748859795043245,6.353034405037761e-05,0.00016834132838994265
ray_gpis,Cylinder,0,0,4,minus_x,plus_z,0.0420770677081207,0.05031946957016231,0.008242401862041615,0.0,0.5,0.0420770677081207,0.014854657444749564,0.05031946957016231,0.00019320951832924038,3.086339347646572e-05,0.00018751494644675404
ray_gpis,Cross,8,0,0,minus_x,plus_z,0.19098096589572933,0.2175882239441972,0.026607258048467863,0.0,-1.0,0.19098096589572933,0.19362288441340159,0.2175882239441972,1.4478501725534443e-05,1.4432453099288978e-05,1.429810254194308e-05
ray_gpis,Cross,8,0,1,minus_x,minus_x,0.223374909558268,0.223374909558268,0.0,1.0,0.5,0.223374909558268,0.05846912541727206,0.09687085533041007,1.5473369785468094e-05,1.545761369925458e-05,1.5424995581270196e-05
ray_gpis,Cross,8,0,2,minus_x,minus_x,0.07744560430330238,0.07744560430330238,0.0,1.0,1.0,0.07744560430330238,0.05010705944918936,0.0640435962673842,5.273568967822939e-05,2.4801145627861843e-05,3.271771493018605e-05
ray_gpis,Cross,8,0,3,minus_y,minus_x,0.038149907056995724,0.1033978683309622,0.06524796127396648,0.0,-0.5,0.1033978683309622,0.038149907056995724,0.05496954203381166,3.0631505069322884e-05,4.022616849397309e-05,3.00719948427286e-05
ray_gpis,Cross,8,0,4,plus_z,minus_x,0.04861115507730163,0.09025637927981645,0.04164522420251482,0.0,0.5,0.09025637927981645,0.030952889753050883,0.04861115507730163,3.156394814141095e-05,2.771864819806069e-05,3.487919457256794e-05
ray_gpis,Cross,13,0,0,minus_x,minus_x,0.1172602941017773,0.1172602941017773,0.0,1.0,1.0,0.1172602941017773,0.06591231885609389,0.05491471132405357,1.5514851838815957e-05,1.5502149835810997e-05,1.537380740046501e-05
ray_gpis,Cross,13,0,1,minus_x,minus_x,0.08177722155157119,0.08177722155157119,0.0,1.0,0.5,0.08177722155157119,0.02678510466614925,0.032753346531674166,0.00015124925994314253,3.361443668836728e-05,2.3354079530690797e-05
ray_gpis,Cross,13,0,2,minus_x,minus_x,0.13086353952642704,0.13086353952642704,0.0,1.0,1.0,0.13086353952642704,0.11043359044238066,0.10428290215441305,0.0003294759662821889,0.0002803779789246619,0.0002445768332108855
ray_gpis,Cross,13,0,3,minus_x,minus_x,0.11031234326833494,0.11031234326833494,0.0,1.0,1.0,0.11031234326833494,0.05011968982643977,0.02421006117365332,0.00017205065523739904,0.0001322807074757293,2.3356255042017438e-05
ray_gpis,Cross,13,0,4,minus_y,minus_x,0.04770443914124167,0.07819034109834966,0.030485901957107986,0.0,0.5,0.07819034109834966,0.04770443914124167,0.041668350335424154,8.62425658851862e-05,0.00010107943671755493,3.332603591843508e-05
ray_gpis,Cross,4,0,0,minus_x,minus_x,0.3661094343546895,0.3661094343546895,0.0,1.0,1.0,0.3661094343546895,0.2978653276231875,0.19388637502994482,0.00022857698786538094,0.00012735847849398851,2.6804907975019887e-05
ray_gpis,Cross,4,0,1,minus_x,minus_x,0.14767151170156556,0.14767151170156556,0.0,1.0,0.5,0.14767151170156556,0.06365925642170428,0.06744265800344551,0.00038786351797170937,0.0002913471544161439,2.3469980078516528e-05
ray_gpis,Cross,4,0,2,minus_x,minus_y,-0.010968047751991228,-0.006008463843687251,0.004959583908303977,0.0,0.5,-0.010968047751991228,-0.006008463843687251,-0.017597332190286363,0.00015140214236453176,0.00013719133858103305,2.4727527488721535e-05
ray_gpis,Cross,4,0,3,minus_x,plus_z,0.10037979518444906,0.12732163785255624,0.026941842668107174,0.0,0.5,0.10037979518444906,0.09530985235467371,0.12732163785255624,6.883972218929557e-06,6.879790362290805e-06,6.8820040723949205e-06
ray_gpis,Cross,4,0,4,minus_x,minus_x,0.10683696341077664,0.10683696341077664,0.0,1.0,0.5,0.10683696341077664,0.03909947575909567,0.06572977483666365,1.2145008440711536e-05,1.2127895388402976e-05,1.2116048310417682e-05
ray_gpis,Cross,1,0,0,minus_x,minus_x,0.16277240221627193,0.16277240221627193,0.0,1.0,0.5,0.16277240221627193,0.09913506264666794,0.11050257179292938,0.0002343024534638971,5.477089507621713e-05,4.9081227189162746e-05
ray_gpis,Cross,1,0,1,minus_x,minus_x,0.12349349817896604,0.12349349817896604,0.0,1.0,1.0,0.12349349817896604,0.05051596708683792,0.07141596763805413,0.0005185704212635756,3.1891449907561764e-05,3.3930817153304815e-05
ray_gpis,Cross,1,0,2,minus_x,minus_x,0.0463431751246719,0.0463431751246719,0.0,1.0,0.5,0.0463431751246719,0.03076967318911472,0.0228619670092306,0.00017690047388896346,2.9810807973262854e-05,7.166494469856843e-05
ray_gpis,Cross,1,0,3,minus_x,minus_y,0.09459982085176799,0.09976169214206398,0.005161871290295994,0.0,-0.5,0.09459982085176799,0.09976169214206398,0.09888554915092362,4.343747423263267e-05,2.5902812922140583e-05,2.447410224704072e-05
ray_gpis,Cross,1,0,4,plus_z,minus_x,0.028345458228454135,0.032186930216404064,0.0038414719879499293,0.0,0.5,0.032186930216404064,0.02002145644756892,0.028345458228454135,2.7496222173795104e-05,2.591719567135442e-05,3.881526572513394e-05
ray_gpis,Cross,12,0,0,minus_x,minus_y,0.0736866103254748,0.09722732545498758,0.02354071512951278,0.0,0.5,0.0736866103254748,0.09722732545498758,0.07088686169494313,0.0006704485276713967,0.00020204483007546514,2.8556820325320587e-05
ray_gpis,Cross,12,0,1,minus_x,minus_x,0.12903543431978798,0.12903543431978798,0.0,1.0,1.0,0.12903543431978798,0.06589482900195648,0.056278671232885824,0.00020768889226019382,5.572584632318467e-05,2.4302669771714136e-05
ray_gpis,Cross,12,0,2,minus_x,minus_x,0.18354032860829872,0.18354032860829872,0.0,1.0,1.0,0.18354032860829872,0.08879422685053351,0.04904578127364645,0.0003502652980387211,4.61922500107903e-05,4.597697625285946e-05
ray_gpis,Cross,12,0,3,minus_x,minus_y,0.02536490425532345,0.03398049823136262,0.008615593976039171,0.0,-1.0,0.02536490425532345,0.03398049823136262,0.027076599297344517,6.0514576034620404e-05,2.925851549662184e-05,5.893638444831595e-05
ray_gpis,Cross,12,0,4,minus_x,plus_z,-0.011048184691563545,-0.010872486174025697,0.00017569851753784782,0.0,0.5,-0.011048184691563545,-0.022513894519099575,-0.010872486174025697,6.301367830019444e-05,3.101442052866332e-05,5.9310270444257185e-05
ray_gpis,Cross,7,0,0,minus_x,minus_x,0.15774087688176902,0.15774087688176902,0.0,1.0,1.0,0.15774087688176902,0.14666184878950833,0.07933540921204069,0.00027303845854476094,0.00011962711869273335,2.49023887590738e-05
ray_gpis,Cross,7,0,1,minus_x,minus_x,0.12551304826952336,0.12551304826952336,0.0,1.0,0.5,0.12551304826952336,0.03447450979517841,0.054379056728940944,8.303978393087164e-05,3.15991164825391e-05,2.2984981114859693e-05
ray_gpis,Cross,7,0,2,minus_x,plus_z,0.07782765025306448,0.09510747691171761,0.01727982665865313,0.0,0.5,0.07782765025306448,0.051796314273797606,0.09510747691171761,0.00010817009024322033,2.321172178199049e-05,4.29488682129886e-05
ray_gpis,Cross,7,0,3,minus_x,minus_x,0.0825574395211961,0.0825574395211961,0.0,1.0,1.0,0.0825574395211961,0.014815109685596961,0.02087029221075576,0.00011439637455623597,4.174746936769225e-05,0.0001086762931663543
ray_gpis,Cross,7,0,4,minus_x,minus_y,-0.05413639687314786,-0.015344521437422931,0.03879187543572493,0.0,-1.0,-0.05413639687314786,-0.015344521437422931,-0.04777851170751257,7.158095831982791e-05,2.6970919861923903e-05,4.135508061153814e-05
ray_gpis,Cross,14,0,0,minus_x,minus_x,0.20141391514479368,0.20141391514479368,0.0,1.0,1.0,0.20141391514479368,0.04322521374115368,0.03852188219501168,1.5272975360858254e-05,1.526129744888749e-05,1.4967423339840025e-05
ray_gpis,Cross,14,0,1,minus_x,plus_z,0.03027229430913103,0.04476716322256835,0.01449486891343732,0.0,-1.0,0.03027229430913103,0.037063537003085734,0.04476716322256835,0.00020775251323357224,0.00019087739929091185,2.3689439331064932e-05
ray_gpis,Cross,14,0,2,minus_x,minus_y,0.016717734794192363,0.07390203268444229,0.057184297890249924,0.0,-0.5,0.016717734794192363,0.07390203268444229,0.030929565596361175,0.0003171415301039815,0.0003120991459582001,3.0396238798857667e-05
ray_gpis,Cross,14,0,3,minus_x,minus_x,0.0556838799484185,0.0556838799484185,0.0,1.0,1.0,0.0556838799484185,0.04184307829083411,0.02849281321269681,0.0004464179219212383,0.00037116778548806906,3.174946323269978e-05
ray_gpis,Cross,14,0,4,minus_x,minus_x,0.14094872886668586,0.14094872886668586,0.0,1.0,1.0,0.14094872886668586,0.05166674084093792,0.0281604546405555,0.0004426484811119735,0.00028687241137959063,3.026877311640419e-05
ray_gpis,Cross,2,0,0,minus_x,minus_x,0.2948871007894613,0.2948871007894613,0.0,1.0,1.0,0.2948871007894613,0.11736991874878372,0.08550499597316269,1.8082746464642696e-05,1.8054694010061212e-05,1.7901003957376815e-05
ray_gpis,Cross,2,0,1,minus_x,minus_x,-0.023802800210713126,-0.023802800210713126,0.0,1.0,0.5,-0.023802800210713126,-0.02809942456043779,-0.025338153595417023,0.00018249658751301467,4.9684338591760024e-05,2.3334339857683517e-05
ray_gpis,Cross,2,0,2,minus_x,minus_x,0.05472816380621881,0.05472816380621881,0.0,1.0,0.5,0.05472816380621881,0.011880589287492693,0.01767023683493041,1.643167888687458e-05,1.6391453755204566e-05,1.63168315339135e-05
ray_gpis,Cross,2,0,3,minus_x,minus_x,0.054402931572613,0.054402931572613,0.0,1.0,0.5,0.054402931572613,0.014999061372898082,0.008237851304577881,1.2175976735306904e-05,1.2124872228014283e-05,1.214999156218255e-05
ray_gpis,Cross,2,0,4,minus_x,minus_x,0.09679852917274168,0.09679852917274168,0.0,1.0,1.0,0.09679852917274168,0.005233797999475764,0.012095531082688571,1.0500411008251831e-05,1.0462023965374101e-05,1.0483639016456436e-05
ray_gpis,Cross,6,0,0,minus_x,minus_x,0.1504333831060654,0.1504333831060654,0.0,1.0,0.5,0.1504333831060654,0.043360861485333746,0.08580462801742922,0.0002660732134245336,0.00012136650911998004,3.3461052225902677e-05
ray_gpis,Cross,6,0,1,minus_x,minus_x,0.23547676231376058,0.23547676231376058,0.0,1.0,1.0,0.23547676231376058,0.07305914600945629,0.05489429702231374,1.74688539118506e-05,1.7403972378815524e-05,1.7276888684136793e-05
ray_gpis,Cross,6,0,2,minus_x,minus_x,0.04871626702836862,0.04871626702836862,0.0,1.0,0.5,0.04871626702836862,0.009996363303705347,0.023725221091741022,0.00017702640616334975,2.633299482113216e-05,2.4224242224590853e-05
ray_gpis,Cross,6,0,3,minus_x,minus_y,0.023550583961964966,0.029624239696013577,0.006073655734048611,0.0,-0.5,0.023550583961964966,0.029624239696013577,0.012935855375194927,9.147834498435259e-05,3.8990849134279415e-05,4.6914454287616536e-05
ray_gpis,Cross,6,0,4,minus_x,plus_z,0.012327926208945517,0.030638885979038966,0.01831095977009345,0.0,-1.0,0.012327926208945517,0.020527346369088373,0.030638885979038966,8.510514453519136e-05,6.785340519854799e-05,6.271374149946496e-05
ray_gpis,Cross,3,0,0,minus_x,minus_x,0.28888962628512477,0.28888962628512477,0.0,1.0,0.5,0.28888962628512477,0.1048785953304106,0.12115717417239913,2.4103861505864188e-05,2.3843775124987587e-05,2.346743167436216e-05
ray_gpis,Cross,3,0,1,minus_x,minus_x,0.06504301703520432,0.06504301703520432,0.0,1.0,1.0,0.06504301703520432,0.041170604526258425,0.04815573203814272,0.00017725021461956203,3.498903242871165e-05,4.148157313466072e-05
ray_gpis,Cross,3,0,2,minus_x,minus_x,0.0695045374214791,0.0695045374214791,0.0,1.0,1.0,0.0695045374214791,0.0017075399253874135,0.054156138508746676,9.832021169131622e-05,3.349278631503694e-05,5.6049710110528395e-05
ray_gpis,Cross,3,0,3,minus_x,minus_x,0.029311071404417244,0.029311071404417244,0.0,1.0,0.5,0.029311071404417244,0.009625530444772323,0.0067438538046068475,8.914343925425783e-05,3.197117621311918e-05,5.995394167257473e-05
ray_gpis,Cross,3,0,4,minus_x,minus_y,0.04454271045450564,0.04581506381061107,0.0012723533561054268,0.0,-0.5,0.04454271045450564,0.04581506381061107,0.019115107188877878,9.365261212224141e-05,3.096387445111759e-05,7.174962956923991e-05
ray_gpis,Cross,9,0,0,minus_x,minus_x,0.16684914431975556,0.16684914431975556,0.0,1.0,0.5,0.16684914431975556,0.015519744680644543,0.0214903477951075,0.00016348445205949247,6.617427425226197e-05,2.4459090127493255e-05
ray_gpis,Cross,9,0,1,minus_x,minus_x,0.1594531825829253,0.1594531825829253,0.0,1.0,1.0,0.1594531825829253,0.008514276295716772,0.014143946364598259,0.0002343537489650771,2.3846845579100773e-05,3.744506466318853e-05
ray_gpis,Cross,9,0,2,minus_x,minus_y,0.02425483517993987,0.045983766550447,0.021728931370507132,0.0,-1.0,0.02425483517993987,0.045983766550447,0.03672196934046057,0.00013331553782336414,2.5018496671691537e-05,3.0649829568574205e-05
ray_gpis,Cross,9,0,3,minus_x,minus_x,0.11719994131056377,0.11719994131056377,0.0,1.0,1.0,0.11719994131056377,0.06953618467546674,0.006988801059894523,0.0001398593740304932,9.01060993783176e-05,6.143279460957274e-05
ray_gpis,Cross,9,0,4,minus_y,minus_y,0.038038666151925415,0.038038666151925415,0.0,1.0,1.0,0.022378949686575833,0.038038666151925415,0.011403329772293525,2.5709483452374116e-05,2.871318065444939e-05,2.29145007324405e-05
ray_gpis,Cross,10,0,0,minus_x,minus_y,0.02685215565929361,0.04941131890869299,0.022559163249399383,0.0,-0.5,0.02685215565929361,0.04941131890869299,0.027501327545688237,0.00018770810856949538,5.880707249161787e-05,2.459206007188186e-05
ray_gpis,Cross,10,0,1,minus_x,minus_x,0.16179777011989355,0.16179777011989355,0.0,1.0,1.0,0.16179777011989355,0.07043704272854884,0.057438522423890526,0.00044446802348829806,6.527858204208314e-05,4.676839307649061e-05
ray_gpis,Cross,10,0,2,minus_x,minus_x,0.10123794213632187,0.10123794213632187,0.0,1.0,1.0,0.10123794213632187,0.026306475251544392,0.04244305435154094,0.00016466889064759016,3.755546276806854e-05,6.0001792007824406e-05
ray_gpis,Cross,10,0,3,minus_x,minus_x,0.12212036179553565,0.12212036179553565,0.0,1.0,1.0,0.12212036179553565,0.06495997147282773,0.10367143845992288,0.00011660964810289443,3.703514448716305e-05,9.305234561907127e-05
ray_gpis,Cross,10,0,4,minus_x,plus_z,0.025877245115146774,0.031563897975254385,0.0056866528601076105,0.0,0.5,0.025877245115146774,0.014408628935365653,0.031563897975254385,4.7863850340945646e-05,2.2939479094929993e-05,3.1984316592570394e-05
ray_gpis,Cross,5,0,0,minus_x,minus_x,0.2033056212294002,0.2033056212294002,0.0,1.0,1.0,0.2033056212294002,0.10245190335440574,0.08872096994943274,1.4231465684133582e-05,1.4204143553797621e-05,1.3998286704008933e-05
ray_gpis,Cross,5,0,1,minus_x,minus_x,0.14675779584525184,0.14675779584525184,0.0,1.0,1.0,0.14675779584525184,0.08773908672527098,0.040309264461718675,8.582394002587534e-06,8.555528438591864e-06,8.52121775096748e-06
ray_gpis,Cross,5,0,2,minus_x,minus_x,0.16887235209697782,0.16887235209697782,0.0,1.0,0.5,0.16887235209697782,0.07514309115941431,0.0179916090257336,8.555637032259256e-05,3.451308293733746e-05,3.92857073165942e-05
ray_gpis,Cross,5,0,3,minus_y,minus_y,0.01749346676845831,0.01749346676845831,0.0,1.0,1.0,0.015613622812183592,0.01749346676845831,0.008016458179695984,2.5373519747518003e-05,2.822642090904992e-05,2.3590080672875047e-05
ray_gpis,Cross,5,0,4,minus_y,plus_z,0.009153963807872478,0.01496177987258751,0.005807816064715032,0.0,0.5,0.007371440968836351,0.009153963807872478,0.01496177987258751,2.3111520931706764e-05,3.1325929739978164e-05,2.4938022761489265e-05
ray_gpis,Cross,11,0,0,minus_x,plus_z,0.28080992951174016,0.3286701257464123,0.04786019623467214,0.0,-0.5,0.28080992951174016,0.2706626630980626,0.3286701257464123,0.00019490189151838422,4.771409658133052e-05,2.5627394279581495e-05
ray_gpis,Cross,11,0,1,minus_x,minus_y,0.13018298174693793,0.1351664809181508,0.0049834991712128796,0.0,0.5,0.13018298174693793,0.1351664809181508,0.07437929930249787,6.63205298678804e-07,6.628213213843992e-07,6.62701324927184e-07
ray_gpis,Cross,11,0,2,minus_x,minus_x,0.07718020242909551,0.07718020242909551,0.0,1.0,1.0,0.07718020242909551,0.01002954119877486,0.05494642532227312,1.6145055269589648e-05,1.6087133190012537e-05,1.6122821762110107e-05
ray_gpis,Cross,11,0,3,minus_x,minus_x,0.058023293574701595,0.058023293574701595,0.0,1.0,0.5,0.058023293574701595,0.023981079535049687,0.04512732678118514,1.5443338270415552e-05,1.5406460079248063e-05,1.5367908417829312e-05
ray_gpis,Cross,11,0,4,minus_x,minus_x,0.1540799790698636,0.1540799790698636,0.0,1.0,1.0,0.1540799790698636,0.058344512558702766,0.10178562625422383,1.143248300650157e-05,1.1423036994528957e-05,1.1431250641180668e-05
ray_gpis,Cross,0,0,0,minus_x,plus_z,0.013553462158067797,0.05512291906487987,0.041569456906812075,0.0,-1.0,0.013553462158067797,0.04843869948924523,0.05512291906487987,5.281553512759274e-06,5.278188837110065e-06,5.243425221124198e-06
ray_gpis,Cross,0,0,1,minus_x,minus_x,0.22662220431310492,0.22662220431310492,0.0,1.0,0.5,0.22662220431310492,0.07959306770673796,0.1634745875067219,3.8517046050401405e-06,3.84122904506512e-06,3.774554670599173e-06
ray_gpis,Cross,0,0,2,minus_x,minus_x,0.11416268258116447,0.11416268258116447,0.0,1.0,1.0,0.11416268258116447,0.10738123543440437,0.04210825769322257,0.00024925704929046333,3.504760024952702e-05,3.345098230056465e-05
ray_gpis,Cross,0,0,3,minus_x,minus_x,0.1013037221307892,0.1013037221307892,0.0,1.0,0.5,0.1013037221307892,0.02922220333666825,0.016954642714743895,0.00010611112520564348,3.976563675678335e-05,5.611510277958587e-05
ray_gpis,Cross,0,0,4,minus_x,minus_x,0.02614211867345484,0.02614211867345484,0.0,1.0,0.5,0.02614211867345484,0.006067277441792918,-0.009128370579219558,0.00011056559742428362,3.5338955058250576e-05,4.9604666855884716e-05
ray_gpis,Bowl,8,0,0,minus_x,minus_x,0.08930793450969537,0.08930793450969537,0.0,1.0,1.0,0.08930793450969537,0.06563066815073476,0.058518733651395316,0.0007627520244568586,0.0007535804761573672,0.00021438456315081567
ray_gpis,Bowl,8,0,1,minus_x,minus_x,0.14532722083375255,0.14532722083375255,0.0,1.0,0.5,0.14532722083375255,0.02262296532303676,0.08010037298598088,0.0009799962863326073,0.0009764645365066826,0.00010253863729303703
ray_gpis,Bowl,8,0,2,minus_x,minus_x,0.043698849593373223,0.043698849593373223,0.0,1.0,0.5,0.043698849593373223,0.02704933903626472,0.037644779316611476,0.0005897196824662387,0.00023998357937671244,6.229445716599002e-05
ray_gpis,Bowl,8,0,3,minus_x,minus_x,0.08757095251423497,0.08757095251423497,0.0,1.0,0.5,0.08757095251423497,0.03633095262307795,0.04540267247440699,0.0008820741786621511,0.0004565898852888495,7.787227514199913e-05
ray_gpis,Bowl,8,0,4,minus_x,minus_x,0.0632765724784532,0.0632765724784532,0.0,1.0,1.0,0.0632765724784532,0.002153973058941272,0.0321348046437121,0.00043132572318427265,0.00025142758386209607,0.00042221613693982363
ray_gpis,Bowl,13,0,0,minus_x,minus_x,0.27822971888173875,0.27822971888173875,0.0,1.0,1.0,0.27822971888173875,0.08376544114239554,0.13798870322900364,0.0004875361919403076,0.00016979363863356411,0.0004341625317465514
ray_gpis,Bowl,13,0,1,plus_z,minus_x,0.018605207674839863,0.154673379738676,0.13606817206383615,0.0,-0.5,0.154673379738676,0.023846092267113428,0.018605207674839863,9.541860345052555e-05,8.466871804557741e-05,0.00022166613780427724
ray_gpis,Bowl,13,0,2,plus_z,plus_z,-0.06677522303751238,-0.06677522303751238,0.0,1.0,1.0,-0.0748190602467097,-0.08147397079306573,-0.06677522303751238,0.00023585442977491766,0.00011340688797645271,0.0002526771277189255
ray_gpis,Bowl,13,0,3,minus_x,minus_y,0.12485485430829812,0.12769921633874204,0.0028443620304439143,0.0,-0.5,0.12485485430829812,0.12769921633874204,0.06721767825318914,0.00024349064915440977,7.347469363594428e-05,0.00015167731908150017
ray_gpis,Bowl,13,0,4,plus_z,minus_x,0.03336282190518536,0.053922406211065144,0.020559584305879786,0.0,-0.5,0.053922406211065144,0.038488723358598986,0.03336282190518536,7.837392331566662e-05,4.171047839918174e-05,0.0002228548692073673
ray_gpis,Bowl,4,0,0,minus_x,minus_x,0.12936047690632746,0.12936047690632746,0.0,1.0,1.0,0.12936047690632746,0.08413929025632338,0.05637810996287035,0.000493024243041873,0.000375684117898345,0.000272127304924652
ray_gpis,Bowl,4,0,1,minus_x,minus_x,0.16910779962293088,0.16910779962293088,0.0,1.0,1.0,0.16910779962293088,0.004458446598722854,0.03204095538999863,0.00032743578776717186,7.857540185796097e-05,0.0001573549525346607
ray_gpis,Bowl,4,0,2,minus_x,plus_z,-0.03268989771919839,0.0174690908665045,0.05015898858570289,0.0,-0.5,-0.03268989771919839,0.009533787001238747,0.0174690908665045,0.00023155874805524945,3.963529525208287e-05,4.1159586544381455e-05
ray_gpis,Bowl,4,0,3,minus_x,minus_x,0.1290998059620948,0.1290998059620948,0.0,1.0,1.0,0.1290998059620948,0.06774078844636067,0.05993377962479374,0.00013609181041829288,2.25776711886283e-05,2.2360329239745624e-05
ray_gpis,Bowl,4,0,4,minus_x,plus_z,0.018060977356669006,0.02606499657778083,0.008004019221111824,0.0,0.5,0.018060977356669006,0.013355300109238799,0.02606499657778083,0.00011554356024134904,2.4312837922479957e-05,0.0001075366380973719
ray_gpis,Bowl,1,0,0,minus_x,minus_x,0.0820181819047126,0.0820181819047126,0.0,1.0,1.0,0.0820181819047126,-0.006312904292430088,-0.011278430503551484,0.0005549371126107872,0.00014425157860387117,8.990153582999483e-05
ray_gpis,Bowl,1,0,1,plus_z,plus_z,0.20110000162808567,0.20110000162808567,0.0,1.0,0.5,0.1979605418777693,0.18882105169240787,0.20110000162808567,0.00018246585386805236,0.0002319404884474352,0.00027225501253269613
ray_gpis,Bowl,1,0,2,plus_z,minus_y,0.049339265300431534,0.08333738943087177,0.03399812413044023,0.0,-0.5,0.0656748357236907,0.08333738943087177,0.049339265300431534,7.74547879700549e-05,0.0001295537076657638,0.00026369019178673625
ray_gpis,Bowl,1,0,3,plus_z,minus_x,0.03474561134816112,0.08575477398229914,0.05100916263413802,0.0,-0.5,0.08575477398229914,0.03426964926431986,0.03474561134816112,7.402287155855447e-05,0.0001970460725715384,0.00021912000374868512
ray_gpis,Bowl,1,0,4,plus_z,minus_x,0.017142352418516027,0.027376786469589076,0.01023443405107305,0.0,-1.0,0.027376786469589076,0.023254026686961082,0.017142352418516027,9.626132668927312e-05,0.00024088025384116918,0.0002635112323332578
ray_gpis,Bowl,12,0,0,minus_x,plus_z,0.03809948967347343,0.11481611224361232,0.07671662257013889,0.0,-0.5,0.03809948967347343,0.0796381857084979,0.11481611224361232,0.0005521368584595621,9.1456291556824e-05,0.00013949774438515306
ray_gpis,Bowl,12,0,1,minus_x,minus_x,0.0523844377983933,0.0523844377983933,0.0,1.0,1.0,0.0523844377983933,0.0090211983497277,0.031461807483812665,0.000837124593090266,7.483290391974151e-05,0.00037873993278481066
ray_gpis,Bowl,12,0,2,minus_x,minus_x,0.04324385823409871,0.04324385823409871,0.0,1.0,0.5,0.04324385823409871,0.03018324729412436,0.0027863246047015178,0.0005144782480783761,9.740775567479432e-05,0.00036159573937766254
ray_gpis,Bowl,12,0,3,minus_x,minus_x,0.17869739764760173,0.17869739764760173,0.0,1.0,0.5,0.17869739764760173,0.06742098503008398,0.04982773733439405,0.0005710190744139254,0.00011938329407712445,0.0002794836473185569
ray_gpis,Bowl,12,0,4,plus_z,minus_x,0.018359908382634904,0.08466150944761175,0.06630160106497685,0.0,-0.5,0.08466150944761175,0.022026288810579442,0.018359908382634904,0.00018618593458086252,6.303448026301339e-05,0.00032917014323174953
ray_gpis,Bowl,7,0,0,plus_z,minus_x,0.1438832080479875,0.2136083140579943,0.06972510601000681,0.0,-0.5,0.2136083140579943,0.16848544300573293,0.1438832080479875,0.00048721666098572314,0.00035533818299882114,0.0005757088074460626
ray_gpis,Bowl,7,0,1,plus_z,minus_x,0.1150177740822309,0.14650876977299332,0.03149099569076241,0.0,0.5,0.14650876977299332,0.07657299869028089,0.1150177740822309,0.00014266643847804517,0.00012239950592629611,0.0003686174750328064
ray_gpis,Bowl,7,0,2,plus_z,plus_z,0.04008260523985552,0.04008260523985552,0.0,1.0,0.5,0.02942559121583188,0.024638262165566305,0.04008260523985552,0.0002227182558272034,0.0003625087265390903,0.00040579604683443904
ray_gpis,Bowl,7,0,3,plus_z,minus_y,0.07326057538197417,0.0927557073682026,0.01949513198622843,0.0,-0.5,0.08956436921784794,0.0927557073682026,0.07326057538197417,0.00011281465413048863,0.00025797143462114036,0.00038464509998448193
ray_gpis,Bowl,7,0,4,plus_z,minus_x,0.055662376382056955,0.05971738904975188,0.004055012667694924,0.0,-0.5,0.05971738904975188,0.059312782426417354,0.055662376382056955,0.0003100725880358368,0.0001280277210753411,0.00031943473732098937
ray_gpis,Bowl,14,0,0,plus_z,minus_x,0.14053079574663052,0.17647134570099765,0.03594054995436713,0.0,-1.0,0.17647134570099765,0.15158393639206358,0.14053079574663052,0.0001392017147736624,0.00014449791342485696,0.0005783940432593226
ray_gpis,Bowl,14,0,1,minus_y,minus_x,0.06253570821549026,0.07401622377723627,0.011480515561746008,0.0,-1.0,0.07401622377723627,0.06253570821549026,0.07270735587577504,0.00016201486869249493,0.0003082712646573782,0.00030114498804323375
ray_gpis,Bowl,14,0,2,plus_z,minus_x,0.017505689639559785,0.05983799009873214,0.042332300459172356,0.0,-1.0,0.05983799009873214,0.024059511796776456,0.017505689639559785,0.00019810334197245538,0.00037300854455679655,0.00038111908361315727
ray_gpis,Bowl,14,0,3,minus_y,minus_y,0.046148965822362276,0.046148965822362276,0.0,1.0,1.0,0.03351362880722064,0.046148965822362276,0.03541403396827625,0.0002675674913916737,0.00044686070759780705,0.0004405705549288541
ray_gpis,Bowl,14,0,4,plus_z,minus_y,0.014648976192211838,0.022539158024387773,0.007890181832175935,0.0,-0.5,0.004557859217360516,0.022539158024387773,0.014648976192211838,0.0003985947114415467,0.00016079943452496082,0.00040812671068124473
ray_gpis,Bowl,2,0,0,minus_x,minus_y,0.11237792973936395,0.1708576289975099,0.058479699258145945,0.0,0.5,0.11237792973936395,0.1708576289975099,0.07751118872271295,0.0004935008473694324,0.000298512662993744,4.684497253037989e-05
ray_gpis,Bowl,2,0,1,minus_x,minus_x,0.1999542245434765,0.1999542245434765,0.0,1.0,1.0,0.1999542245434765,0.09337465440798814,0.08726813971812225,0.0007244836888276041,7.84886724431999e-05,5.6293571105925366e-05
ray_gpis,Bowl,2,0,2,plus_z,minus_x,0.1360714014749589,0.13662812358656506,0.0005567221116061782,0.0,0.5,0.13662812358656506,0.10890724420854336,0.1360714014749589,0.0003127561358269304,0.0001595714857103303,0.0003196439938619733
ray_gpis,Bowl,2,0,3,minus_y,minus_x,0.024692949225091132,0.03208146083047403,0.007388511605382897,0.0,-1.0,0.03208146083047403,0.024692949225091132,0.031989675194424194,9.054934344021603e-05,0.0003279266820754856,0.00010053333971882239
ray_gpis,Bowl,2,0,4,minus_y,minus_y,0.039437009868753536,0.039437009868753536,0.0,1.0,0.5,0.03363323824769193,0.039437009868753536,0.022994077368674537,7.635556539753452e-05,0.0004127906577195972,0.0004067053960170597
ray_gpis,Bowl,6,0,0,minus_x,minus_y,0.12446604055120478,0.1357303458877249,0.01126430533652012,0.0,0.5,0.12446604055120478,0.1357303458877249,0.06632937790692314,5.0685844144027214e-06,5.0125699999625795e-06,4.613643795892131e-06
ray_gpis,Bowl,6,0,1,minus_x,minus_x,0.24045706249767457,0.24045706249767457,0.0,1.0,0.5,0.24045706249767457,0.15523528110053314,0.06138908096419221,0.00041193669312633574,9.871985821519047e-05,0.00015617060125805438
ray_gpis,Bowl,6,0,2,minus_y,minus_x,0.028077749203253122,0.10753222960267261,0.07945448039941949,0.0,-0.5,0.10753222960267261,0.028077749203253122,0.04555807163902692,0.0004175699723418802,0.00041797730955295265,0.0003520285536069423
ray_gpis,Bowl,6,0,3,plus_z,minus_y,0.0953212482323772,0.13512815507915443,0.039806906846777235,0.0,-0.5,0.06309660123625838,0.13512815507915443,0.0953212482323772,0.00036184772034175694,0.00035157613456249237,0.0003772219642996788
ray_gpis,Bowl,6,0,4,minus_y,minus_y,0.1017395732539148,0.1017395732539148,0.0,1.0,0.5,0.056513798618805455,0.1017395732539148,0.08006621197789421,0.00013563661195803434,0.0003467148053459823,0.00013490032870322466
ray_gpis,Bowl,3,0,0,minus_x,minus_x,0.27396869211958674,0.27396869211958674,0.0,1.0,1.0,0.27396869211958674,0.1743784521072049,0.12122270007712685,2.24481918849051e-05,2.1822381313540973e-05,2.004853740800172e-05
ray_gpis,Bowl,3,0,1,plus_z,minus_y,0.05373617020174004,0.14572643401738516,0.09199026381564512,0.0,-1.0,0.11077654831629602,0.14572643401738516,0.05373617020174004,0.0003398534026928246,0.00015946102212183177,0.0004312646633479744
ray_gpis,Bowl,3,0,2,plus_z,plus_z,0.18231774955703273,0.18231774955703273,0.0,1.0,1.0,0.08844927584395079,0.1256423316508456,0.18231774955703273,0.00020920290262438357,0.0003957219305448234,0.00041626952588558197
ray_gpis,Bowl,3,0,3,minus_y,minus_y,0.0981182949088929,0.0981182949088929,0.0,1.0,1.0,0.06537779142517519,0.0981182949088929,0.0867953240624234,5.328268161974847e-05,0.00033459998667240143,0.00012634499580599368
ray_gpis,Bowl,3,0,4,minus_y,plus_z,0.019962650927392134,0.020328102784728297,0.00036545185733616314,0.0,0.5,0.014163939932168135,0.019962650927392134,0.020328102784728297,0.0001605882862349972,0.00039790497976355255,0.00021026823378633708
ray_gpis,Bowl,9,0,0,minus_x,minus_y,0.08094899237356684,0.20525769773553926,0.12430870536197242,0.0,-0.5,0.08094899237356684,0.20525769773553926,0.11351449850602002,0.0003891941159963608,0.0001721334847388789,9.062504977919161e-05
ray_gpis,Bowl,9,0,1,minus_x,minus_x,0.1883536461561663,0.1883536461561663,0.0,1.0,1.0,0.1883536461561663,0.10731496110882749,0.0019947596599139694,0.0004944272805005312,0.0001517595665063709,3.615372770582326e-05
ray_gpis,Bowl,9,0,2,minus_x,minus_y,0.0738593995807042,0.13833005386098085,0.06447065428027665,0.0,-0.5,0.0738593995807042,0.13833005386098085,0.08121095559196567,0.0003407099284231663,0.00033096401602961123,0.00019730413623619825
ray_gpis,Bowl,9,0,3,minus_y,minus_x,0.06821186125793477,0.11036937060456586,0.042157509346631095,0.0,0.5,0.11036937060456586,0.06821186125793477,0.05971882050254118,0.00020845560356974602,0.00022592897585127503,0.00019708427134901285
ray_gpis,Bowl,9,0,4,minus_y,minus_y,0.06998745442444443,0.06998745442444443,0.0,1.0,1.0,0.059288110110698344,0.06998745442444443,0.03186862970404947,0.00027159767341800034,0.000281248678220436,0.00026389124104753137
ray_gpis,Bowl,10,0,0,minus_x,minus_y,0.11115364170821326,0.14656960897957375,0.03541596727136048,0.0,0.5,0.11115364170821326,0.14656960897957375,0.04805145969340727,2.0831155779887922e-05,2.07527591555845e-05,1.9369083020137623e-05
ray_gpis,Bowl,10,0,1,minus_x,minus_x,0.16302794897819695,0.16302794897819695,0.0,1.0,0.5,0.16302794897819695,0.045660939108935594,0.058936697373846936,0.0007663070573471487,0.0007616344373673201,4.720458673546091e-05
ray_gpis,Bowl,10,0,2,minus_y,minus_x,0.09834508430657873,0.13771447588401287,0.03936939157743413,0.0,0.5,0.13771447588401287,0.09834508430657873,0.07027372450936298,0.0006786260055378079,0.0006807835889048874,0.00012065104237990454
ray_gpis,Bowl,10,0,3,minus_y,plus_z,0.03180706890924456,0.05650077859799563,0.024693709688751064,0.0,-0.5,0.01988770897680292,0.03180706890924456,0.05650077859799563,0.0001508660934632644,0.0004813501436728984,6.380358536262065e-05
ray_gpis,Bowl,10,0,4,minus_y,minus_x,0.05707566051266433,0.09954349103632443,0.0424678305236601,0.0,-0.5,0.09954349103632443,0.05707566051266433,0.06390684358399212,0.00011661076860036701,0.0002225859061582014,8.399307989748195e-05
ray_gpis,Bowl,5,0,0,minus_x,minus_x,0.2607287755429419,0.2607287755429419,0.0,1.0,0.5,0.2607287755429419,0.1877676866477801,0.20947599221229596,0.0005752011202275753,0.00024410444893874228,8.380306826438755e-05
ray_gpis,Bowl,5,0,1,minus_x,minus_x,0.14188133039993922,0.14188133039993922,0.0,1.0,1.0,0.14188133039993922,0.1373336693079671,0.06263457489047908,0.0004170316969975829,0.00016753589443396777,6.920079613337293e-05
ray_gpis,Bowl,5,0,2,minus_x,minus_y,0.0026062549809988678,0.008529797196217825,0.005923542215218958,0.0,-0.5,0.0026062549809988678,0.008529797196217825,0.004546859530488168,0.0005392479943111539,0.0002857799408957362,6.382711580954492e-05
ray_gpis,Bowl,5,0,3,minus_x,minus_x,0.09999165053982284,0.09999165053982284,0.0,1.0,1.0,0.09999165053982284,0.03582104638624917,0.012968860997371712,0.000521508336532861,0.00021718678181059659,7.967109559103847e-05
ray_gpis,Bowl,5,0,4,minus_x,minus_x,0.08492041123198768,0.08492041123198768,0.0,1.0,1.0,0.08492041123198768,0.014051392416355113,0.06792509518688161,0.00030141271417960525,0.00020698514708783478,0.0002960560959763825
ray_gpis,Bowl,11,0,0,minus_x,minus_x,0.23786443324894374,0.23786443324894374,0.0,1.0,1.0,0.23786443324894374,0.1610480238274712,0.16662333849867306,0.00034005282213911414,0.00010486150858923793,0.0001054860622389242
ray_gpis,Bowl,11,0,1,minus_x,minus_x,0.10766469989476807,0.10766469989476807,0.0,1.0,1.0,0.10766469989476807,0.0652382246476218,0.09194491794414911,0.00022354804968927056,0.0001295754045713693,0.00015818241809029132
ray_gpis,Bowl,11,0,2,plus_z,minus_x,0.07371222353986817,0.17534044664799653,0.10162822310812836,0.0,-1.0,0.17534044664799653,0.09508417273157166,0.07371222353986817,7.524297689087689e-05,8.34435413707979e-05,0.0001864102086983621
ray_gpis,Bowl,11,0,3,minus_y,minus_y,0.0008630131318321244,0.0008630131318321244,0.0,1.0,0.5,-0.045437566495021064,0.0008630131318321244,-0.050126385292008746,4.279735730960965e-05,0.00015717210771981627,4.348071161075495e-05
ray_gpis,Bowl,11,0,4,minus_y,plus_z,0.023596253768797926,0.06265266573097106,0.03905641196217313,0.0,-0.5,0.04343094616770271,0.023596253768797926,0.06265266573097106,2.5429981178604066e-05,6.0763792134821415e-05,5.72042990825139e-05
ray_gpis,Bowl,0,0,0,minus_x,plus_z,0.008394190414278802,0.024921569302953805,0.016527378888675004,0.0,-1.0,0.008394190414278802,0.014187513820105913,0.024921569302953805,0.0007429890101775527,0.0005537071847356856,0.00018639894551597536
ray_gpis,Bowl,0,0,1,minus_x,minus_y,0.05060706665714254,0.055659313277564015,0.005052246620421474,0.0,0.5,0.05060706665714254,0.055659313277564015,0.031012419988284967,0.0005815881304442883,0.00017850003496278077,2.9701925086556002e-05
ray_gpis,Bowl,0,0,2,minus_x,minus_x,0.20081375405404855,0.20081375405404855,0.0,1.0,0.5,0.20081375405404855,0.09464160183714254,0.12007157011510627,0.0008923750137910247,0.0002765782701317221,0.0002530080091673881
ray_gpis,Bowl,0,0,3,minus_x,plus_z,0.03641585389851565,0.03723389677464106,0.0008180428761254133,0.0,0.5,0.03641585389851565,0.02096684798484738,0.03723389677464106,0.00040464624180458486,7.568320143036544e-05,7.94317529653199e-05
ray_gpis,Bowl,0,0,4,minus_x,minus_y,0.03726434467662787,0.07619804193367286,0.038933697257044986,0.0,-0.5,0.03726434467662787,0.07619804193367286,0.05491979158557081,0.00045967320329509676,9.056622366188094e-05,7.745973562123254e-05
ray_gpis,Cube,8,0,0,minus_x,minus_x,0.1857755958191485,0.1857755958191485,0.0,1.0,1.0,0.1857755958191485,0.1372625936971827,0.09634051687619732,2.018733721342869e-05,2.0013039829791524e-05,1.9500492271617986e-05
ray_gpis,Cube,8,0,1,minus_x,minus_y,0.009960226505397352,0.018228967522729123,0.008268741017331771,0.0,-0.5,0.009960226505397352,0.018228967522729123,0.012514185453030013,0.00048535995301790535,9.703939576866105e-05,6.88103391439654e-05
ray_gpis,Cube,8,0,2,minus_x,minus_x,0.15627039798086828,0.15627039798086828,0.0,1.0,1.0,0.15627039798086828,0.11477129679067077,0.14992191682392875,0.0006088486989028752,4.139454904361628e-05,0.00010563292016740888
ray_gpis,Cube,8,0,3,minus_x,minus_x,0.12710729822124955,0.12710729822124955,0.0,1.0,1.0,0.12710729822124955,0.014848045343562655,0.040928757968274,0.00023938446247484535,3.287981962785125e-05,3.760809704544954e-05
ray_gpis,Cube,8,0,4,minus_x,minus_x,-0.0023837041964083205,-0.0023837041964083205,0.0,1.0,1.0,-0.0023837041964083205,-0.0168135011177708,-0.012455373224913968,0.0001187421876238659,2.3059072191244923e-05,5.176305785425939e-05
ray_gpis,Cube,13,0,0,minus_x,minus_x,0.2736035344500242,0.2736035344500242,0.0,1.0,0.5,0.2736035344500242,0.11234550159086054,0.15272679388856908,0.0004545769188553095,0.0002324813394807279,7.18930023140274e-05
ray_gpis,Cube,13,0,1,minus_x,minus_x,0.13312177676828052,0.13312177676828052,0.0,1.0,1.0,0.13312177676828052,0.08273439412326766,0.025961139235396113,0.000266422051936388,4.733250898425467e-05,2.4794268028927036e-05
ray_gpis,Cube,13,0,2,minus_x,minus_x,0.17035068314932023,0.17035068314932023,0.0,1.0,1.0,0.17035068314932023,0.025429416803276705,0.009800822393205788,0.00012779116514138877,4.8644615162629634e-05,2.5864361305139028e-05
ray_gpis,Cube,13,0,3,minus_x,minus_y,0.006228609255263584,0.00830713775448011,0.0020785284992165254,0.0,-0.5,0.006228609255263584,0.00830713775448011,0.00676758565381308,2.537620639486704e-05,2.3079372112988494e-05,2.3007441996014677e-05
ray_gpis,Cube,13,0,4,minus_x,minus_y,0.01751844760192467,0.018075627555723672,0.000557179953799003,0.0,-0.5,0.01751844760192467,0.018075627555723672,0.017464495220695597,3.0013748983037658e-05,2.2619073206442408e-05,2.2717920728609897e-05
ray_gpis,Cube,4,0,0,minus_x,minus_x,0.21181437328106845,0.21181437328106845,0.0,1.0,0.5,0.21181437328106845,0.08320616430526895,0.09270615665927284,0.00015367756714113057,4.3821477447636425e-05,3.681587622850202e-05
ray_gpis,Cube,4,0,1,minus_x,minus_x,0.12560120519987994,0.12560120519987994,0.0,1.0,0.5,0.12560120519987994,0.05857028775085915,0.05132414276730368,0.00021405966253951192,2.9683083994314075e-05,3.0074521419010125e-05
ray_gpis,Cube,4,0,2,minus_x,minus_x,-0.03562494844046593,-0.03562494844046593,0.0,1.0,1.0,-0.03562494844046593,-0.07469742838545423,-0.046316019523080065,0.00012353018973954022,0.00010733094677561894,0.00011396130867069587
ray_gpis,Cube,4,0,3,minus_x,minus_y,0.004746919407611294,0.07375973826487037,0.06901281885725907,0.0,-0.5,0.004746919407611294,0.07375973826487037,0.061515359406657644,2.7976775527349673e-05,2.718701580306515e-05,2.6699364752857946e-05
ray_gpis,Cube,4,0,4,minus_y,minus_x,0.014481540575766894,0.03821437570224728,0.02373283512648039,0.0,-1.0,0.03821437570224728,0.014481540575766894,0.03383008119370434,2.6296414944226854e-05,2.7215797672397457e-05,2.7018579203286208e-05
ray_gpis,Cube,1,0,0,minus_x,plus_z,0.01158827925383854,0.023132960767820565,0.011544681513982025,0.0,-1.0,0.01158827925383854,0.01834215236560721,0.023132960767820565,0.0002631548559293151,0.00013284791202750057,2.5908211682690307e-05
ray_gpis,Cube,1,0,1,minus_x,minus_x,0.11197498652933768,0.11197498652933768,0.0,1.0,0.5,0.11197498652933768,0.005917435044245467,0.018054715081402883,0.0005647398647852242,0.00015686856932006776,2.7454172595753334e-05
ray_gpis,Cube,1,0,2,minus_x,plus_z,0.004595803114982866,0.02206008629306888,0.017464283178086015,0.0,-1.0,0.004595803114982866,0.010664917490806447,0.02206008629306888,0.0002742067736107856,0.0001546334387967363,3.453677345532924e-05
ray_gpis,Cube,1,0,3,minus_x,minus_x,0.09413071988636768,0.09413071988636768,0.0,1.0,0.5,0.09413071988636768,0.07115024389827562,0.08652219016709961,0.00038626420428045094,9.714116458781064e-05,9.056954877451062e-05
ray_gpis,Cube,1,0,4,minus_x,minus_x,0.03996566504204624,0.03996566504204624,0.0,1.0,0.5,0.03996566504204624,0.015329268856372869,0.016381148883737207,0.00037094653816893697,0.0001341405586572364,2.310705167474225e-05
ray_gpis,Cube,12,0,0,minus_x,minus_x,0.21701128696027122,0.21701128696027122,0.0,1.0,0.5,0.21701128696027122,0.058463711766241266,0.07781296598815185,1.5876606994424947e-05,1.5769381207064725e-05,1.542280188004952e-05
ray_gpis,Cube,12,0,1,minus_x,minus_x,0.13976558626398217,0.13976558626398217,0.0,1.0,0.5,0.13976558626398217,0.06982818279384073,0.031245951335535094,0.0001617001398699358,2.5172144887619652e-05,4.2786869016708806e-05
ray_gpis,Cube,12,0,2,minus_x,minus_y,0.010777287554069148,0.04736351774711389,0.036586230193044744,0.0,-1.0,0.010777287554069148,0.04736351774711389,0.015058222926919496,6.403370935004205e-05,2.604108340165112e-05,5.3617008234141394e-05
ray_gpis,Cube,12,0,3,minus_x,minus_x,0.08305249549543958,0.08305249549543958,0.0,1.0,1.0,0.08305249549543958,0.033090144497722185,0.05519211137766444,6.451219815062359e-05,2.6261766834068112e-05,5.5427899496862665e-05
ray_gpis,Cube,12,0,4,minus_x,minus_x,0.015456512160228808,0.015456512160228808,0.0,1.0,1.0,0.015456512160228808,0.00447959100705031,0.0050914458848630995,6.627424590988085e-05,2.308975854248274e-05,2.3245500415214337e-05
ray_gpis,Cube,7,0,0,minus_x,plus_z,0.21810902211463837,0.2932564564074488,0.07514743429281043,0.0,-0.5,0.21810902211463837,0.16310042776664221,0.2932564564074488,0.0007371633546426892,0.0003718608058989048,4.993961920263246e-05
ray_gpis,Cube,7,0,1,minus_x,minus_y,0.13880849012671986,0.16458498528084292,0.025776495154123058,0.0,0.5,0.13880849012671986,0.16458498528084292,0.12253872522550802,0.0002854135527741164,7.684947195230052e-05,2.59672524407506e-05
ray_gpis,Cube,7,0,2,minus_x,minus_x,0.12020091436805391,0.12020091436805391,0.0,1.0,0.5,0.12020091436805391,0.07000146877861035,0.033896307721081764,0.00019064707157667726,2.80335771094542e-05,3.03531651297817e-05
ray_gpis,Cube,7,0,3,minus_x,minus_x,0.0645450380926792,0.0645450380926792,0.0,1.0,0.5,0.0645450380926792,0.029828786940503837,0.012446444556777125,0.000156068941578269,3.1168041459750384e-05,3.1618528737453744e-05
ray_gpis,Cube,7,0,4,minus_x,minus_x,0.12494524478420888,0.12494524478420888,0.0,1.0,1.0,0.12494524478420888,0.00576449534730239,0.014086150038376766,0.00014382122026290745,2.4592645786469802e-05,4.832842751056887e-05
ray_gpis,Cube,14,0,0,minus_x,plus_z,0.008833580757821646,0.05840521438942553,0.049571633631603884,0.0,-1.0,0.008833580757821646,0.03229564496431592,0.05840521438942553,0.00023419717035721987,0.00012337251973804086,3.33437419612892e-05
ray_gpis,Cube,14,0,1,minus_x,minus_x,0.12243648321219275,0.12243648321219275,0.0,1.0,0.5,0.12243648321219275,0.005255037429967413,0.04034498042645879,0.0003258845244999975,5.4203941544983536e-05,2.6443296519573778e-05
ray_gpis,Cube,14,0,2,minus_x,minus_x,0.13835605996097988,0.13835605996097988,0.0,1.0,1.0,0.13835605996097988,0.11357842696032228,0.0772104542222245,0.00015522426110692322,7.812315743649378e-05,3.3382697438355535e-05
ray_gpis,Cube,14,0,3,plus_z,minus_x,0.06135401040283284,0.10307404360293859,0.041720033200105755,0.0,-0.5,0.10307404360293859,0.07706319711921905,0.06135401040283284,6.149733235361055e-05,4.4491258449852467e-05,7.044480298645794e-05
ray_gpis,Cube,14,0,4,minus_x,minus_x,0.09061848300334197,0.09061848300334197,0.0,1.0,0.5,0.09061848300334197,0.032667504974552064,0.028380246385484864,4.936458935844712e-05,3.4785156458383426e-05,4.729304419015534e-05
ray_gpis,Cube,2,0,0,minus_x,plus_z,0.07381279574791716,0.1329841522323567,0.05917135648443955,0.0,-1.0,0.07381279574791716,0.0932303509409187,0.1329841522323567,1.1445072232163511e-05,1.1344714039296377e-05,1.1056868970626965e-05
ray_gpis,Cube,2,0,1,minus_x,minus_x,0.35245792778240875,0.35245792778240875,0.0,1.0,0.5,0.35245792778240875,0.10173821446384462,0.14271870832612255,6.216850124474149e-06,6.169419975776691e-06,6.1257919696799945e-06
ray_gpis,Cube,2,0,2,minus_x,minus_x,0.1289338855947697,0.1289338855947697,0.0,1.0,1.0,0.1289338855947697,0.018338933222786236,0.009616369334941366,0.0003907078644260764,0.00011572331277420744,3.0347358915605582e-05
ray_gpis,Cube,2,0,3,minus_x,minus_y,0.04219822344275981,0.05504182166923288,0.012843598226473074,0.0,-0.5,0.04219822344275981,0.05504182166923288,0.023878000575068947,0.00016398538718931377,3.900588126271032e-05,6.158178439363837e-05
ray_gpis,Cube,2,0,4,minus_x,minus_x,0.09622272311442182,0.09622272311442182,0.0,1.0,0.5,0.09622272311442182,0.01612284351310611,0.008965253022508057,0.00010531353473197669,3.69737645087298e-05,9.574377327226102e-05
ray_gpis,Cube,6,0,0,minus_x,minus_x,0.2319963247691575,0.2319963247691575,0.0,1.0,0.5,0.2319963247691575,0.07841316593976572,0.08464795313118051,2.0062354451511055e-05,1.9833216356346384e-05,1.935117325047031e-05
ray_gpis,Cube,6,0,1,minus_x,plus_z,0.003475309215671407,0.024531138396096774,0.021055829180425367,0.0,-1.0,0.003475309215671407,0.005698389972471074,0.024531138396096774,0.00020002004748675972,5.534382944460958e-05,2.373890674789436e-05
ray_gpis,Cube,6,0,2,minus_x,minus_x,0.1369699381006536,0.1369699381006536,0.0,1.0,1.0,0.1369699381006536,0.10866102535372468,0.04975733890079548,0.0003159554617013782,0.00016313388186972588,2.5101175197050907e-05
ray_gpis,Cube,6,0,3,plus_z,plus_z,0.09448506402526824,0.09448506402526824,0.0,1.0,1.0,0.0920738990963701,0.06630546667584902,0.09448506402526824,4.6970006224000826e-05,4.1310770029667765e-05,5.110994607093744e-05
ray_gpis,Cube,6,0,4,minus_y,minus_y,0.009712577705890069,0.009712577705890069,0.0,1.0,0.5,0.005197640647070401,0.009712577705890069,0.007313050152148448,2.2718837499269284e-05,2.294023215654306e-05,2.259505163237918e-05
ray_gpis,Cube,3,0,0,minus_x,minus_x,0.05853755696072438,0.05853755696072438,0.0,1.0,0.5,0.05853755696072438,-0.01375758576980124,-0.010414176044185264,0.00022154400357976556,8.596804400440305e-05,3.36921657435596e-05
ray_gpis,Cube,3,0,1,minus_x,minus_x,0.1839156749685696,0.1839156749685696,0.0,1.0,0.5,0.1839156749685696,0.09056522381380822,0.11456221396425209,0.00012879236601293087,3.4587003028718755e-05,3.444042522460222e-05
ray_gpis,Cube,3,0,2,minus_x,minus_y,0.0252936023084247,0.04978781854401926,0.024494216235594557,0.0,-1.0,0.0252936023084247,0.04978781854401926,0.04128952914891637,0.00011571234063012525,3.7480647733900696e-05,4.44684992544353e-05
ray_gpis,Cube,3,0,3,minus_x,minus_x,0.15274768412431305,0.15274768412431305,0.0,1.0,0.5,0.15274768412431305,0.06588989506103826,0.017826172211232172,0.00011720107431756333,3.6531902878778055e-05,5.5084339692257345e-05
ray_gpis,Cube,3,0,4,minus_y,minus_y,0.03311321537352774,0.03311321537352774,0.0,1.0,0.5,0.02854168300908555,0.03311321537352774,0.032665290507503886,2.862418841687031e-05,3.6785510019399226e-05,2.3160029741120525e-05
ray_gpis,Cube,9,0,0,minus_x,minus_y,0.09081320925810343,0.1307490708976753,0.03993586163957186,0.0,-0.5,0.09081320925810343,0.1307490708976753,0.11251326491924651,2.1359408492571674e-05,2.11310889426386e-05,2.0709343516500667e-05
ray_gpis,Cube,9,0,1,minus_x,minus_x,0.19912206734310212,0.19912206734310212,0.0,1.0,1.0,0.19912206734310212,0.06925306397595254,0.014126907570893077,0.0001962687383638695,3.0181121474015526e-05,2.3292555852094665e-05
ray_gpis,Cube,9,0,2,minus_x,minus_x,0.15611415237593573,0.15611415237593573,0.0,1.0,1.0,0.15611415237593573,0.05992245132909724,0.03504273852192663,0.00016391489771194756,6.765941361663863e-05,5.576443436439149e-05
ray_gpis,Cube,9,0,3,minus_x,minus_x,0.0604738734791187,0.0604738734791187,0.0,1.0,1.0,0.0604738734791187,0.018497999044707503,0.006004413899676542,3.3075903047574684e-05,2.2934513253858313e-05,2.2624750272370875e-05
ray_gpis,Cube,9,0,4,minus_x,minus_y,-0.002675767052114697,0.0014585508625493127,0.00413431791466401,0.0,0.5,-0.002675767052114697,0.0014585508625493127,-0.00715287871200232,2.2687196178594604e-05,2.235048305010423e-05,2.225838034064509e-05
ray_gpis,Cube,10,0,0,minus_x,minus_y,0.09049809201731701,0.11767686098805907,0.027178768970742062,0.0,0.5,0.09049809201731701,0.11767686098805907,0.07269973191276918,0.00032434912282042205,0.00010309955541742966,3.1183801183942705e-05
ray_gpis,Cube,10,0,1,minus_x,minus_x,0.04674725248397532,0.04674725248397532,0.0,1.0,1.0,0.04674725248397532,0.027972928435030575,0.018911937982476645,1.4401640328287613e-05,1.4380177162820473e-05,1.4239418305805884e-05
ray_gpis,Cube,10,0,2,minus_x,minus_x,0.04211112044149479,0.04211112044149479,0.0,1.0,0.5,0.04211112044149479,0.028925837402780208,0.03492384410920224,0.00019852665718644857,4.72644496767316e-05,2.256627703900449e-05
ray_gpis,Cube,10,0,3,minus_x,minus_x,0.1187011294651158,0.1187011294651158,0.0,1.0,0.5,0.1187011294651158,0.016760485115558832,0.024822412108895464,1.9912915377062745e-05,1.978298678295687e-05,1.96055589185562e-05
ray_gpis,Cube,10,0,4,plus_z,minus_x,0.08635125114037778,0.15620071680725733,0.06984946566687955,0.0,-0.5,0.15620071680725733,0.1092291582834074,0.08635125114037778,0.0002498588874004781,7.387108053080738e-05,0.0002559019485488534
ray_gpis,Cube,5,0,0,minus_x,minus_x,0.07768132207276013,0.07768132207276013,0.0,1.0,0.5,0.07768132207276013,0.022640097704936246,0.04390754948566461,4.518584773904877e-06,4.484174041863298e-06,4.3686950448318385e-06
ray_gpis,Cube,5,0,1,minus_x,minus_x,0.2470892018905324,0.2470892018905324,0.0,1.0,1.0,0.2470892018905324,0.08630345213886736,0.00938528259445065,1.3273112926981412e-05,1.2907645213999785e-05,1.244355553353671e-05
ray_gpis,Cube,5,0,2,minus_x,minus_x,0.0020863066065865965,0.0020863066065865965,0.0,1.0,1.0,0.0020863066065865965,0.0012320551665226942,0.00030835835043974136,0.0005451543256640434,8.259253081632778e-05,4.813934720004909e-05
ray_gpis,Cube,5,0,3,minus_x,minus_y,0.04694850853357413,0.07528163041861369,0.02833312188503956,0.0,0.5,0.04694850853357413,0.07528163041861369,0.011012113233571208,0.0007074142922647297,0.00015630980487912893,2.347548070247285e-05
ray_gpis,Cube,5,0,4,minus_x,minus_x,0.15154323221492794,0.15154323221492794,0.0,1.0,1.0,0.15154323221492794,0.08764159150150452,0.00434497620657559,0.0006198507035151124,0.00031489532557316124,3.643770833150484e-05
ray_gpis,Cube,11,0,0,minus_x,minus_y,0.042395087134720566,0.04452663445009791,0.0021315473153773468,0.0,-0.5,0.042395087134720566,0.04452663445009791,0.043299038775226506,0.00013571941235568374,4.0409897337667644e-05,2.5898652893374674e-05
ray_gpis,Cube,11,0,1,minus_x,minus_x,0.14573106251256884,0.14573106251256884,0.0,1.0,1.0,0.14573106251256884,0.044048737830683526,0.026749126000430556,0.00046430210932157934,8.551137580070645e-05,2.366797525610309e-05
ray_gpis,Cube,11,0,2,minus_x,minus_y,0.01415091302924587,0.059540457392027735,0.045389544362781864,0.0,-0.5,0.01415091302924587,0.059540457392027735,0.03047992969413882,0.0002404174447292462,0.00022925330267753452,2.6071516913361847e-05
ray_gpis,Cube,11,0,3,minus_x,minus_x,0.05228362262769737,0.05228362262769737,0.0,1.0,1.0,0.05228362262769737,0.03497820758383863,0.02768556924337484,0.000384065875550732,0.0003819580015260726,0.0001464046217733994
ray_gpis,Cube,11,0,4,minus_y,minus_x,0.02697718528564863,0.036962144574576805,0.009984959288928175,0.0,0.5,0.036962144574576805,0.02697718528564863,0.006114299327051431,0.0003009038628078997,0.0003073303960263729,6.426790059776977e-05
ray_gpis,Cube,0,0,0,plus_z,minus_x,0.015061662433935974,0.2573690951389139,0.2423074327049779,0.0,-1.0,0.2573690951389139,0.16516811688915073,0.015061662433935974,7.889095599011853e-08,7.91517393849972e-08,7.956871428405066e-08
ray_gpis,Cube,0,0,1,minus_x,minus_y,0.022707037456631995,0.10177846099624271,0.07907142353961072,0.0,0.5,0.022707037456631995,0.10177846099624271,0.011642507391978307,1.696981939858233e-06,1.693041895123315e-06,1.678645276115276e-06
ray_gpis,Cube,0,0,2,minus_x,minus_y,0.16444698511397,0.16860039510283942,0.004153409988869428,0.0,0.0,0.16444698511397,0.16860039510283942,0.14581832743708634,1.920001523103565e-06,1.9057569033975597e-06,1.9057569033975597e-06
ray_gpis,Cube,0,0,3,minus_x,minus_x,0.15240475784919216,0.15240475784919216,0.0,1.0,0.5,0.15240475784919216,0.09048418000701175,0.034408372915212704,0.0009603031794540584,0.00012342473200988024,0.00018747671856544912
ray_gpis,Cube,0,0,4,minus_x,minus_x,0.0945111081671608,0.0945111081671608,0.0,1.0,1.0,0.0945111081671608,0.03190365583454513,0.04769738202352147,0.000276028091320768,7.311542867682874e-05,7.374574488494545e-05
ray_gpis,Thin_Irregular,8,0,0,minus_x,minus_y,0.059315841309843964,0.09138589289859006,0.032070051588746096,0.0,-0.5,0.059315841309843964,0.09138589289859006,0.08364573270012937,0.0012193334987387061,0.0007014479488134384,2.980156205012463e-05
ray_gpis,Thin_Irregular,8,0,1,minus_x,minus_x,0.2299779799273009,0.2299779799273009,0.0,1.0,0.5,0.2299779799273009,0.12027687214048044,0.21327794159406355,0.000620262639131397,0.00024482584558427334,5.008389780414291e-05
ray_gpis,Thin_Irregular,8,0,2,minus_x,minus_y,0.05075175258324344,0.062272015849554385,0.011520263266310948,0.0,0.5,0.05075175258324344,0.062272015849554385,0.026039731807112443,0.0002675709838513285,4.489525599638e-05,2.200049493694678e-05
ray_gpis,Thin_Irregular,8,0,3,minus_x,minus_x,0.12444601263220934,0.12444601263220934,0.0,1.0,1.0,0.12444601263220934,0.058056883414999705,0.04696021062341571,0.00042105113971047103,9.866258187685162e-05,2.9874010579078458e-05
ray_gpis,Thin_Irregular,8,0,4,minus_x,minus_y,0.024619194497412566,0.027462714906275165,0.0028435204088625987,0.0,-0.5,0.024619194497412566,0.027462714906275165,0.021794533549860717,0.00011047420412069187,4.776947753271088e-05,9.621983917895705e-05
ray_gpis,Thin_Irregular,13,0,0,minus_x,minus_x,0.1581064872232975,0.1581064872232975,0.0,1.0,1.0,0.1581064872232975,0.0569249445235987,0.054938074051894714,0.0017512706108391285,0.0007819469319656491,6.179450429044664e-05
ray_gpis,Thin_Irregular,13,0,1,minus_x,minus_x,0.1895112904577737,0.1895112904577737,0.0,1.0,1.0,0.1895112904577737,0.0088114893789214,0.029361320613050412,0.0004338095895946026,3.8365196814993396e-05,0.00013094773748889565
ray_gpis,Thin_Irregular,13,0,2,minus_x,minus_x,0.04421498174246996,0.04421498174246996,0.0,1.0,1.0,0.04421498174246996,0.0103193652551834,0.016407322141592684,9.858873090706766e-05,3.331155676278286e-05,4.459000047063455e-05
ray_gpis,Thin_Irregular,13,0,3,minus_x,minus_x,0.024513679228505225,0.024513679228505225,0.0,1.0,1.0,0.024513679228505225,-0.005192256015096652,0.017987012206296837,7.877893222030252e-05,3.30102484440431e-05,4.744162652059458e-05
ray_gpis,Thin_Irregular,13,0,4,minus_x,plus_z,0.007322773126928417,0.012077893011125718,0.004755119884197301,0.0,0.5,0.007322773126928417,0.0017164480796004744,0.012077893011125718,7.301384903257713e-05,3.3052157959900796e-05,6.841071444796398e-05
ray_gpis,Thin_Irregular,4,0,0,minus_x,minus_x,0.019089408922841056,0.019089408922841056,0.0,1.0,0.5,0.019089408922841056,0.011640969347785135,0.013029939299729731,0.0008433799957856536,0.0001717601844575256,4.638809332391247e-05
ray_gpis,Thin_Irregular,4,0,1,minus_x,minus_x,0.2082625163441677,0.2082625163441677,0.0,1.0,1.0,0.2082625163441677,0.03953065126843969,0.008096909931678442,0.0008036171784624457,0.000145623940625228,2.7816924557555467e-05
ray_gpis,Thin_Irregular,4,0,2,minus_x,minus_x,0.059735342314044426,0.059735342314044426,0.0,1.0,1.0,0.059735342314044426,0.02487736633262083,0.03727399475146642,0.000180667222593911,3.7861023884033784e-05,4.1346531361341476e-05
ray_gpis,Thin_Irregular,4,0,3,minus_x,minus_x,0.07808172157950743,0.07808172157950743,0.0,1.0,0.5,0.07808172157950743,0.018008819860953484,0.009801997111151484,0.0001621719857212156,6.135303556220606e-05,9.61999103310518e-05
ray_gpis,Thin_Irregular,4,0,4,plus_z,minus_y,0.02462523167500008,0.03259992969595393,0.007974698020953852,0.0,-0.5,0.02811294722514357,0.03259992969595393,0.02462523167500008,2.731087079155259e-05,3.37953788402956e-05,3.8683352613588795e-05
ray_gpis,Thin_Irregular,1,0,0,minus_x,minus_x,0.15418529196326802,0.15418529196326802,0.0,1.0,1.0,0.15418529196326802,0.06367483121706541,0.032157109105051596,0.0016014727298170328,0.0008280080510303378,6.593598664039746e-05
ray_gpis,Thin_Irregular,1,0,1,minus_x,minus_x,0.2183130790669494,0.2183130790669494,0.0,1.0,1.0,0.2183130790669494,0.015672327023899868,0.04265476133006396,0.001200897735543549,9.741821850184351e-05,0.00010089035640703514
ray_gpis,Thin_Irregular,1,0,2,minus_x,minus_x,0.051275960588026304,0.051275960588026304,0.0,1.0,0.5,0.051275960588026304,0.0274564844578713,0.013679479215597756,0.00019764275930356234,2.856674836948514e-05,3.031469532288611e-05
ray_gpis,Thin_Irregular,1,0,3,minus_x,minus_x,0.07805191001399747,0.07805191001399747,0.0,1.0,1.0,0.07805191001399747,-0.00022793487211358876,0.002039161886595142,0.00020341065828688443,2.3982240236364305e-05,3.963351991842501e-05
ray_gpis,Thin_Irregular,1,0,4,minus_x,minus_x,0.02159556783442107,0.02159556783442107,0.0,1.0,1.0,0.02159556783442107,0.013738259075464776,0.014643466888701329,5.011852044845e-05,2.402136306045577e-05,3.996187660959549e-05
ray_gpis,Thin_Irregular,12,0,0,minus_x,minus_x,0.03820792061131195,0.03820792061131195,0.0,1.0,0.5,0.03820792061131195,-0.029319795281679828,-0.011177639686515362,0.001016090391203761,0.000871019612532109,2.9009153877268545e-05
ray_gpis,Thin_Irregular,12,0,1,minus_x,minus_x,0.1123445194262952,0.1123445194262952,0.0,1.0,1.0,0.1123445194262952,0.11225556656224389,0.0518239051475583,0.00016796232375781983,3.869019201374613e-05,3.417110929149203e-05
ray_gpis,Thin_Irregular,12,0,2,minus_x,minus_x,0.07581352131403463,0.07581352131403463,0.0,1.0,0.5,0.07581352131403463,0.05239719862064929,0.052086119708682155,0.00013039895566180348,6.289994780672714e-05,6.693197065033019e-05
ray_gpis,Thin_Irregular,12,0,3,minus_x,minus_x,0.1032082243529262,0.1032082243529262,0.0,1.0,0.5,0.1032082243529262,0.07033156514831729,0.051207931150111685,0.00010018963803304359,6.384820153471082e-05,9.243289241567254e-05
ray_gpis,Thin_Irregular,12,0,4,plus_z,minus_y,0.016879886945080136,0.029259716814848402,0.012379829869768266,0.0,-0.5,0.013962156281948301,0.029259716814848402,0.016879886945080136,3.350689075887203e-05,2.7495874746819027e-05,3.9959159039426595e-05
ray_gpis,Thin_Irregular,7,0,0,minus_x,minus_y,0.30914287913675975,0.363244740302418,0.05410186116565824,0.0,0.5,0.30914287913675975,0.363244740302418,0.21099552470193,0.0020578226540237665,0.0014175089308992028,0.000662684440612793
ray_gpis,Thin_Irregular,7,0,1,minus_x,plus_z,0.03920092481878229,0.0484518648003735,0.00925093998159121,0.0,-0.5,0.03920092481878229,0.030177504548482614,0.0484518648003735,0.002049903152510524,0.0007807511719875038,3.8964131817920133e-05
ray_gpis,Thin_Irregular,7,0,2,minus_x,plus_z,0.05346976670626591,0.06548267367007898,0.012012906963813075,0.0,-0.5,0.05346976670626591,0.02991456446557439,0.06548267367007898,0.002231729682534933,0.00039960446883924305,4.5942229917272925e-05
ray_gpis,Thin_Irregular,7,0,3,minus_x,minus_x,0.13540208473267856,0.13540208473267856,0.0,1.0,0.5,0.13540208473267856,0.045902670042808125,0.10688174133516426,0.001888248254545033,0.00026240290026180446,0.00015299636288546026
ray_gpis,Thin_Irregular,7,0,4,minus_x,minus_x,0.11454393078681235,0.11454393078681235,0.0,1.0,0.5,0.11454393078681235,0.042777719787658874,0.05640085624641333,0.0007755993865430355,0.00036194859421812,5.88590010011103e-05
ray_gpis,Thin_Irregular,14,0,0,minus_x,minus_x,0.25891206259781746,0.25891206259781746,0.0,1.0,1.0,0.25891206259781746,0.16641766442491307,0.08839381369843624,0.0012709045549854636,0.0006166354287415743,0.0002502545830793679
ray_gpis,Thin_Irregular,14,0,1,minus_x,minus_x,0.2039364553018741,0.2039364553018741,0.0,1.0,1.0,0.2039364553018741,0.13702187205781635,0.06001579961756254,0.0006043714238330722,0.00044621890992857516,5.8298755902796984e-05
ray_gpis,Thin_Irregular,14,0,2,minus_x,minus_x,0.15673618188808547,0.15673618188808547,0.0,1.0,1.0,0.15673618188808547,0.043440333363530925,0.014025909116217261,0.0001620532711967826,0.00015293192700482905,3.295793794677593e-05
ray_gpis,Thin_Irregular,14,0,3,minus_y,minus_x,0.02142357948515805,0.025323922319495318,0.003900342834337267,0.0,-0.5,0.025323922319495318,0.02142357948515805,0.022791769988167343,8.454382623312995e-05,9.74332942860201e-05,2.460490941302851e-05
ray_gpis,Thin_Irregular,14,0,4,minus_x,minus_x,0.0053428514631295165,0.0053428514631295165,0.0,1.0,0.5,0.0053428514631295165,0.0024235338917476534,0.002540955688228208,9.109147504204884e-05,8.867062570061535e-05,2.365516593272332e-05
ray_gpis,Thin_Irregular,2,0,0,minus_x,minus_y,0.09806102751784013,0.0982235085634941,0.0001624810456539727,0.0,0.5,0.09806102751784013,0.0982235085634941,0.07468521637766465,7.012217793089803e-07,6.834334840277734e-07,6.658000870629621e-07
ray_gpis,Thin_Irregular,2,0,1,minus_x,minus_x,0.2504953514167108,0.2504953514167108,0.0,1.0,0.5,0.2504953514167108,0.12685923453069464,0.15351536672424237,0.0008315430022776127,0.00012852909276261926,4.082907980773598e-05
ray_gpis,Thin_Irregular,2,0,2,minus_x,minus_x,0.13514446421109194,0.13514446421109194,0.0,1.0,1.0,0.13514446421109194,0.08536367741019824,0.03351043886092553,0.0006574397557415068,9.917665011016652e-05,3.392329745111056e-05
ray_gpis,Thin_Irregular,2,0,3,minus_x,minus_x,0.10353512792204977,0.10353512792204977,0.0,1.0,1.0,0.10353512792204977,0.043997120858842886,0.04158758108986205,0.00015440657443832606,0.00012975181743968278,4.426579107530415e-05
ray_gpis,Thin_Irregular,2,0,4,minus_x,minus_x,0.09123613809720976,0.09123613809720976,0.0,1.0,1.0,0.09123613809720976,0.04794028473561607,0.05282170616602344,5.730978227802552e-05,2.5056191589101218e-05,3.4264234272995964e-05
ray_gpis,Thin_Irregular,6,0,0,minus_x,plus_z,0.24415580804496279,0.2761388029622146,0.03198299491725182,0.0,-0.5,0.24415580804496279,0.2293059954713464,0.2761388029622146,0.0012694867327809334,0.0008221665630117059,0.00013713673979509622
ray_gpis,Thin_Irregular,6,0,1,minus_x,minus_x,0.09125914352829839,0.09125914352829839,0.0,1.0,0.5,0.09125914352829839,0.0602410411485369,0.07396463512589802,0.001043528551235795,0.0003345492877997458,3.543212005752139e-05
ray_gpis,Thin_Irregular,6,0,2,minus_x,minus_x,0.154855967819787,0.154855967819787,0.0,1.0,1.0,0.154855967819787,0.14278326979593653,0.10100183601834328,0.002037730300799012,0.000569337687920779,3.2970914617180824e-05
ray_gpis,Thin_Irregular,6,0,3,minus_x,minus_x,0.1571789202223588,0.1571789202223588,0.0,1.0,1.0,0.1571789202223588,0.08120729921515668,0.05111874383588155,0.0008804855169728398,0.0007925701793283224,0.0006855059182271361
ray_gpis,Thin_Irregular,6,0,4,minus_y,minus_x,0.011506319236622597,0.10052989757509945,0.08902357833847685,0.0,-1.0,0.10052989757509945,0.011506319236622597,0.037327545164653864,4.881139466306195e-05,6.491632666438818e-05,4.964632535120472e-05
ray_gpis,Thin_Irregular,3,0,0,minus_x,minus_x,-0.015173643593164254,-0.015173643593164254,0.0,1.0,1.0,-0.015173643593164254,-0.022999287947600477,-0.025301899162152253,0.0012628922704607248,0.0004503951349761337,0.00020144171139691025
ray_gpis,Thin_Irregular,3,0,1,minus_x,plus_z,0.17380709635425656,0.22437498060774175,0.050567884253485185,0.0,0.5,0.17380709635425656,0.17356524609749302,0.22437498060774175,0.00045577797573059797,4.287770207156427e-05,8.664889173815027e-05
ray_gpis,Thin_Irregular,3,0,2,minus_x,minus_x,0.13550560489808855,0.13550560489808855,0.0,1.0,0.5,0.13550560489808855,0.08348152952345483,0.03668676093104395,0.0007917226757854223,2.9472292226273566e-05,9.089869126910344e-05
ray_gpis,Thin_Irregular,3,0,3,minus_x,minus_x,0.14622380826163406,0.14622380826163406,0.0,1.0,0.5,0.14622380826163406,0.04625659041117802,0.09533791307804762,0.00034248337033204734,0.00012291302846278995,6.197440961841494e-05
ray_gpis,Thin_Irregular,3,0,4,plus_z,minus_x,0.01556815074017126,0.04681600022710819,0.03124784948693693,0.0,0.5,0.04681600022710819,0.014987278364358536,0.01556815074017126,5.2937553846277297e-05,4.9996477173408493e-05,7.85504380473867e-05
ray_gpis,Thin_Irregular,9,0,0,minus_x,minus_x,0.3300250934112419,0.3300250934112419,0.0,1.0,1.0,0.3300250934112419,0.08534341504966514,0.034615000455955,0.0015815322985872626,0.00017653229588177055,0.0001354595151497051
ray_gpis,Thin_Irregular,9,0,1,minus_x,minus_x,0.03476001300332332,0.03476001300332332,0.0,1.0,0.5,0.03476001300332332,-0.016546360164981677,-0.0011224065295734054,0.0005534612573683262,0.00015883320884313434,3.655935506685637e-05
ray_gpis,Thin_Irregular,9,0,2,minus_x,minus_x,0.14502549353472172,0.14502549353472172,0.0,1.0,0.5,0.14502549353472172,0.03704975162672319,0.0944019354928346,0.0002220253663836047,0.0001426169474143535,0.00011324076331220567
ray_gpis,Thin_Irregular,9,0,3,minus_y,minus_y,0.02867321059615613,0.02867321059615613,0.0,1.0,1.0,0.025794958086549857,0.02867321059615613,0.022204364910878405,3.2736996217863634e-05,3.656109038274735e-05,3.244536856072955e-05
ray_gpis,Thin_Irregular,9,0,4,minus_x,minus_x,0.02309617182956647,0.02309617182956647,0.0,1.0,1.0,0.02309617182956647,0.007748467070876952,0.00846908782849698,3.088736048084684e-05,2.7583759219851345e-05,3.0095108741079457e-05
ray_gpis,Thin_Irregular,10,0,0,minus_x,plus_z,0.033161859951669814,0.08163554467257955,0.04847368472090974,0.0,-1.0,0.033161859951669814,0.06581870601857964,0.08163554467257955,0.0016605262644588947,0.000994567177258432,6.741619290551171e-05
ray_gpis,Thin_Irregular,10,0,1,minus_x,minus_y,0.08342251019887725,0.09195239174571801,0.008529881546840756,0.0,-0.5,0.08342251019887725,0.09195239174571801,0.08866760194804935,0.002738324226811528,0.0024416542146354914,3.473921969998628e-05
ray_gpis,Thin_Irregular,10,0,2,minus_x,minus_y,0.08792782286888601,0.08871943997112708,0.0007916171022410712,0.0,-0.5,0.08792782286888601,0.08871943997112708,0.07259799967172265,0.0017363227671012282,7.800853200023994e-05,0.00019036880985368043
ray_gpis,Thin_Irregular,10,0,3,minus_x,minus_x,0.05740559449410376,0.05740559449410376,0.0,1.0,1.0,0.05740559449410376,0.008371558583436411,0.014029242946739462,0.0016967167612165213,5.5676940974080935e-05,7.1549198764842e-05
ray_gpis,Thin_Irregular,10,0,4,minus_x,plus_z,0.08541859798677198,0.1153081509612276,0.029889552974455613,0.0,0.5,0.08541859798677198,0.016847878136535432,0.1153081509612276,0.001776731456629932,3.235358963138424e-05,0.00026250662631355226
ray_gpis,Thin_Irregular,5,0,0,minus_x,plus_z,0.24374996672741517,0.3058666966313875,0.06211672990397232,0.0,-1.0,0.24374996672741517,0.293760780920325,0.3058666966313875,0.0004928499693050981,0.0002639536396600306,2.764607052085921e-05
ray_gpis,Thin_Irregular,5,0,1,minus_x,minus_x,0.12731958890301975,0.12731958890301975,0.0,1.0,1.0,0.12731958890301975,0.026920128943613564,0.021013122159710962,0.0004705694445874542,0.00035002370714209974,0.00010142309474758804
ray_gpis,Thin_Irregular,5,0,2,minus_x,minus_x,0.12475412750569853,0.12475412750569853,0.0,1.0,0.5,0.12475412750569853,0.04595038804156604,0.06462682586289242,0.0008096982492133975,0.00020515138749033213,2.4007005777093582e-05
ray_gpis,Thin_Irregular,5,0,3,minus_x,minus_x,0.11357446284750727,0.11357446284750727,0.0,1.0,1.0,0.11357446284750727,0.07201550125765677,0.005865599039661995,0.0011360194766893983,0.0006319984095171094,2.4740238586673513e-05
ray_gpis,Thin_Irregular,5,0,4,minus_y,minus_y,0.07489836323914512,0.07489836323914512,0.0,1.0,1.0,0.028926314143964516,0.07489836323914512,0.0040505924619211875,0.0006846290780231357,0.0006944647757336497,2.5928433387889527e-05
ray_gpis,Thin_Irregular,11,0,0,minus_x,minus_x,0.18922273342969914,0.18922273342969914,0.0,1.0,1.0,0.18922273342969914,0.11266772870675679,0.07945939065159768,0.00055392284411937,0.0003765017900150269,3.3219992474187165e-05
ray_gpis,Thin_Irregular,11,0,1,minus_x,minus_x,0.002113946860286209,0.002113946860286209,0.0,1.0,0.5,0.002113946860286209,-0.016685956430247284,-0.012184215746282478,0.0003005030157510191,4.9699134251568466e-05,3.378162728040479e-05
ray_gpis,Thin_Irregular,11,0,2,minus_x,minus_x,0.07832483256958167,0.07832483256958167,0.0,1.0,1.0,0.07832483256958167,0.05175503266128689,0.06875693087679913,0.0003220382786821574,3.192160511389375e-05,9.19917511055246e-05
ray_gpis,Thin_Irregular,11,0,3,minus_x,minus_x,0.0941863917569783,0.0941863917569783,0.0,1.0,0.5,0.0941863917569783,0.024302060113094104,0.03293224197401079,0.0004255410749465227,4.441711280378513e-05,3.452353848842904e-05
ray_gpis,Thin_Irregular,11,0,4,minus_x,minus_x,0.10102550339526406,0.10102550339526406,0.0,1.0,1.0,0.10102550339526406,0.07106911330034538,0.06521556946424434,0.00033073057420551777,0.0003157398314215243,4.742740929941647e-05
ray_gpis,Thin_Irregular,0,0,0,minus_x,plus_z,0.09757242154241014,0.11979749958594432,0.022225078043534185,0.0,-0.5,0.09757242154241014,0.08922994119819921,0.11979749958594432,0.0016600560629740357,0.0002423302794340998,0.00014697022561449558
ray_gpis,Thin_Irregular,0,0,1,minus_x,minus_x,0.051113302994421905,0.051113302994421905,0.0,1.0,0.5,0.051113302994421905,-0.015283855491605214,0.027543024455767562,0.0014345706440508366,0.000401752651669085,0.0001426878443453461
ray_gpis,Thin_Irregular,0,0,2,minus_x,minus_x,0.17748308440059613,0.17748308440059613,0.0,1.0,1.0,0.17748308440059613,0.11414532359005525,0.10498914927946301,0.001007240847684443,0.00027033447986468673,3.307061706436798e-05
ray_gpis,Thin_Irregular,0,0,3,minus_x,minus_x,0.1287488868931007,0.1287488868931007,0.0,1.0,1.0,0.1287488868931007,0.10626886753256037,0.05915949181317537,0.00045829114969819784,9.361287084175274e-05,5.494856304721907e-05
ray_gpis,Thin_Irregular,0,0,4,minus_x,minus_x,0.0533843617052272,0.0533843617052272,0.0,1.0,0.5,0.0533843617052272,0.03750288294153181,0.010332290977165703,0.0002080998383462429,2.915285949711688e-05,0.0001965348783414811
