planner,object,initial_pose_seed,planner_seed,step,recall@5,f@5,surface_coverage,visibility_surface_coverage,chamfer_mm
ray_gpis_uncertainty_only,green_Pepper,8,0,0,0.17653333333333332,0.30009066183136895,0.17653333333333332,0.025331942046531053,24.660143910978903
ray_gpis_uncertainty_only,green_Pepper,8,0,1,0.20856666666666668,0.29911924274436447,0.20856666666666668,0.049746227054374155,27.502677994641747
ray_gpis_uncertainty_only,green_Pepper,8,0,2,0.4012,0.5012129617399727,0.4012,0.0753927850135384,18.012081529026737
ray_gpis_uncertainty_only,green_Pepper,8,0,3,0.6034333333333334,0.6683385233083283,0.6034333333333334,0.10069455470832973,11.313292205335511
ray_gpis_uncertainty_only,green_Pepper,8,0,4,0.6091333333333333,0.621223258270021,0.6091333333333333,0.12585721501071162,11.868276224728382
ray_gpis_uncertainty_only,green_Pepper,8,0,5,0.7749333333333334,0.7273799209639918,0.7749333333333334,0.14858284547872644,9.16832344775999
ray_gpis_uncertainty_only,green_Pepper,13,0,0,0.24973333333333333,0.3996585938333511,0.24973333333333333,0.025173419059472523,21.987050723367314
ray_gpis_uncertainty_only,green_Pepper,13,0,1,0.38903333333333334,0.5601497444265796,0.38903333333333334,0.051244515649817045,15.560831558971197
ray_gpis_uncertainty_only,green_Pepper,13,0,2,0.42336666666666667,0.5948806819512423,0.42336666666666667,0.07485915127810623,13.8089333852315
ray_gpis_uncertainty_only,green_Pepper,13,0,3,0.6224666666666666,0.7662060022501413,0.6224666666666666,0.098515246888556,7.437933130462223
ray_gpis_uncertainty_only,green_Pepper,13,0,4,0.7192333333333333,0.8356000727525134,0.7192333333333333,0.12084770544906119,5.753715145173672
ray_gpis_uncertainty_only,green_Pepper,13,0,5,0.7789,0.8736722029737816,0.7789,0.14301878993471756,5.489342294638464
ray_gpis_uncertainty_only,green_Pepper,4,0,0,0.26153333333333334,0.41462770173862495,0.26153333333333334,0.025980856380777725,19.402332364458942
ray_gpis_uncertainty_only,green_Pepper,4,0,1,0.4241,0.5927684548830429,0.4241,0.051001357425053837,13.343502845523403
ray_gpis_uncertainty_only,green_Pepper,4,0,2,0.5377666666666666,0.6965214353938444,0.5377666666666666,0.07475464765125174,10.325070172719515
ray_gpis_uncertainty_only,green_Pepper,4,0,3,0.7902333333333333,0.879631461233458,0.7902333333333333,0.10153853902094938,5.252978175054925
ray_gpis_uncertainty_only,green_Pepper,4,0,4,0.8067,0.8903634210807826,0.8067,0.12531571496500138,4.984495038103281
ray_gpis_uncertainty_only,green_Pepper,4,0,5,0.8247,0.901460151401026,0.8247,0.14755989897778016,4.867424911243495
ray_gpis_uncertainty_only,green_Pepper,1,0,0,0.25533333333333336,0.4067976633032395,0.25533333333333336,0.026098971174773278,18.578227511008286
ray_gpis_uncertainty_only,green_Pepper,1,0,1,0.26653333333333334,0.4196928751285598,0.26653333333333334,0.04927147505143261,18.364398493245886
ray_gpis_uncertainty_only,green_Pepper,1,0,2,0.4565,0.625264756644805,0.4565,0.07382515787281377,12.367175845055499
ray_gpis_uncertainty_only,green_Pepper,1,0,3,0.4586,0.6264419733776833,0.4586,0.09646805326895415,12.526723783444238
ray_gpis_uncertainty_only,green_Pepper,1,0,4,0.5953,0.7433024187227587,0.5953,0.11890104639562955,8.458785765203018
ray_gpis_uncertainty_only,green_Pepper,1,0,5,0.7209333333333333,0.8345845859512677,0.7209333333333333,0.14187197243990926,5.94212093371093
ray_gpis_uncertainty_only,green_Pepper,12,0,0,0.22476666666666667,0.3670358979941758,0.22476666666666667,0.026339008079423288,22.10629933507831
ray_gpis_uncertainty_only,green_Pepper,12,0,1,0.4429,0.6139025573497817,0.4429,0.05164083170070452,13.078188736636305
ray_gpis_uncertainty_only,green_Pepper,12,0,2,0.4911,0.658708336127691,0.4911,0.07598082084084819,11.637399029935885
ray_gpis_uncertainty_only,green_Pepper,12,0,3,0.6766666666666666,0.8071570576540755,0.6766666666666666,0.10175293820126165,7.261451337612561
ray_gpis_uncertainty_only,green_Pepper,12,0,4,0.8397,0.9128662281893787,0.8397,0.12894242492414032,5.14288531670983
ray_gpis_uncertainty_only,green_Pepper,12,0,5,0.8532,0.9207856680336715,0.8532,0.15249360742657336,4.982021888965202
ray_gpis_uncertainty_only,green_Pepper,7,0,0,0.27216666666666667,0.42787894667889426,0.27216666666666667,0.027815744430831364,18.105985173062248
ray_gpis_uncertainty_only,green_Pepper,7,0,1,0.4423,0.611800599622593,0.4423,0.05390247838570824,12.979135809683736
ray_gpis_uncertainty_only,green_Pepper,7,0,2,0.5005,0.6413292095531458,0.5005,0.07846846924012896,10.307997519262148
ray_gpis_uncertainty_only,green_Pepper,7,0,3,0.7502,0.822901118109102,0.7502,0.10413777676567199,6.368674760975423
ray_gpis_uncertainty_only,green_Pepper,7,0,4,0.8126,0.8661299040453636,0.8126,0.1285320670528674,5.782226787311252
ray_gpis_uncertainty_only,green_Pepper,7,0,5,0.841,0.8870416179807871,0.841,0.1508516440712261,5.4513054009476845
ray_gpis_uncertainty_only,green_Pepper,14,0,0,0.20273333333333332,0.33712100216174273,0.20273333333333332,0.02698450674092895,23.31549234960228
ray_gpis_uncertainty_only,green_Pepper,14,0,1,0.28813333333333335,0.4154861051726731,0.28813333333333335,0.050544339110236716,18.641769629722763
ray_gpis_uncertainty_only,green_Pepper,14,0,2,0.41756666666666664,0.5550455706385212,0.41756666666666664,0.07649345173638418,15.389833035406374
ray_gpis_uncertainty_only,green_Pepper,14,0,3,0.6254333333333333,0.7271240273873689,0.6254333333333333,0.10039243965930364,8.294446396129603
ray_gpis_uncertainty_only,green_Pepper,14,0,4,0.6782333333333334,0.7709819986085376,0.6782333333333334,0.12360210903360584,7.402969571356169
ray_gpis_uncertainty_only,green_Pepper,14,0,5,0.8728666666666667,0.8922256912891872,0.8728666666666667,0.1501812641755298,5.248668731857872
ray_gpis_uncertainty_only,green_Pepper,2,0,0,0.16713333333333333,0.2863997258239561,0.16713333333333333,0.024683568848033317,25.018098583724818
ray_gpis_uncertainty_only,green_Pepper,2,0,1,0.3479333333333333,0.5162470943172264,0.3479333333333333,0.046762819217509424,18.111796398864314
ray_gpis_uncertainty_only,green_Pepper,2,0,2,0.38,0.5507246376811594,0.38,0.06578255857983141,16.225524520251902
ray_gpis_uncertainty_only,green_Pepper,2,0,3,0.5489,0.7081368027654389,0.5489,0.09176025758327003,9.935853696451215
ray_gpis_uncertainty_only,green_Pepper,2,0,4,0.6254666666666666,0.7456733539537563,0.6254666666666666,0.1158643435520911,8.385387778851667
ray_gpis_uncertainty_only,green_Pepper,2,0,5,0.6964666666666667,0.7986455138177587,0.6964666666666667,0.13740848798594107,7.277079974122177
ray_gpis_uncertainty_only,green_Pepper,6,0,0,0.12366666666666666,0.2075495447616117,0.12366666666666666,0.025102028846483184,25.09846313409737
ray_gpis_uncertainty_only,green_Pepper,6,0,1,0.22003333333333333,0.34095168113443325,0.22003333333333333,0.046511186718224413,22.130487929125906
ray_gpis_uncertainty_only,green_Pepper,6,0,2,0.3449333333333333,0.4891451223547399,0.3449333333333333,0.07002263445240414,16.011563694158422
ray_gpis_uncertainty_only,green_Pepper,6,0,3,0.5298333333333334,0.6639255459398781,0.5298333333333334,0.09540773093793412,9.723506081750674
ray_gpis_uncertainty_only,green_Pepper,6,0,4,0.7067666666666667,0.7955470944769492,0.7067666666666667,0.1207470519199279,6.851578429902571
ray_gpis_uncertainty_only,green_Pepper,6,0,5,0.7934333333333333,0.8549937517312045,0.7934333333333333,0.14441331919879466,5.892576340536997
ray_gpis_uncertainty_only,green_Pepper,3,0,0,0.22263333333333332,0.36418659178276397,0.22263333333333332,0.027600778660634248,23.288284315181244
ray_gpis_uncertainty_only,green_Pepper,3,0,1,0.3700333333333333,0.5401815040996569,0.3700333333333333,0.051996617536836195,16.269624990679944
ray_gpis_uncertainty_only,green_Pepper,3,0,2,0.5537333333333333,0.7127778254526732,0.5537333333333333,0.07798172111076637,9.811930485539637
ray_gpis_uncertainty_only,green_Pepper,3,0,3,0.6798333333333333,0.8094056950094255,0.6798333333333333,0.10284607594936386,6.863359077207934
ray_gpis_uncertainty_only,green_Pepper,3,0,4,0.8648333333333333,0.9275180981320941,0.8648333333333333,0.12560855336816623,4.489392548926355
ray_gpis_uncertainty_only,green_Pepper,3,0,5,0.9024333333333333,0.9487148038477039,0.9024333333333333,0.14765352673418322,4.087572292000634
ray_gpis_uncertainty_only,green_Pepper,9,0,0,0.19493333333333332,0.3262664583798259,0.19493333333333332,0.0237707732199727,20.438654582033635
ray_gpis_uncertainty_only,green_Pepper,9,0,1,0.24143333333333333,0.34810587839985024,0.24143333333333333,0.04981785575091899,18.96409257651825
ray_gpis_uncertainty_only,green_Pepper,9,0,2,0.4381,0.5585880329498766,0.4381,0.07334074159422976,14.498197237046268
ray_gpis_uncertainty_only,green_Pepper,9,0,3,0.4757,0.6013577329732583,0.4757,0.09563912621803546,13.072397484963895
ray_gpis_uncertainty_only,green_Pepper,9,0,4,0.5218333333333334,0.6435290198834333,0.5218333333333334,0.11712885964691974,11.36292319337671
ray_gpis_uncertainty_only,green_Pepper,9,0,5,0.7022333333333334,0.7729725726028948,0.7022333333333334,0.14284304418675633,7.361355313992518
ray_gpis_uncertainty_only,green_Pepper,10,0,0,0.2429,0.39086008528441546,0.2429,0.02421220969372436,20.290410201767745
ray_gpis_uncertainty_only,green_Pepper,10,0,1,0.2778,0.4348098293942714,0.2778,0.04576033141951649,19.38229606217521
ray_gpis_uncertainty_only,green_Pepper,10,0,2,0.47073333333333334,0.6401341734282217,0.47073333333333334,0.071059825855832,11.973200290594155
ray_gpis_uncertainty_only,green_Pepper,10,0,3,0.4849,0.6531079533975351,0.4849,0.09618416602035323,11.691954578240429
ray_gpis_uncertainty_only,green_Pepper,10,0,4,0.5391666666666667,0.7005955603681646,0.5391666666666667,0.11803435752407695,10.435729891582248
ray_gpis_uncertainty_only,green_Pepper,10,0,5,0.6744,0.8035036816275863,0.6744,0.14018991344877185,7.413547287924592
ray_gpis_uncertainty_only,green_Pepper,5,0,0,0.1866,0.31451205123883363,0.1866,0.02514446323693746,25.779263996254766
ray_gpis_uncertainty_only,green_Pepper,5,0,1,0.3484,0.5167606051616731,0.3484,0.051318613416328436,16.251677912470925
ray_gpis_uncertainty_only,green_Pepper,5,0,2,0.5089333333333333,0.6745603958646285,0.5089333333333333,0.07792566697462018,9.618973922678904
ray_gpis_uncertainty_only,green_Pepper,5,0,3,0.6462333333333333,0.7851053921072346,0.6462333333333333,0.10144260389636113,6.836589797657945
ray_gpis_uncertainty_only,green_Pepper,5,0,4,0.7233,0.8394359658794174,0.7233,0.12422818742904966,5.98004083823624
ray_gpis_uncertainty_only,green_Pepper,5,0,5,0.8400333333333333,0.9130631691454865,0.8400333333333333,0.14725455836268445,4.996924461887604
ray_gpis_uncertainty_only,green_Pepper,11,0,0,0.23796666666666666,0.38444761571393954,0.23796666666666666,0.026636637493141675,18.27247993096897
ray_gpis_uncertainty_only,green_Pepper,11,0,1,0.44016666666666665,0.6112718435366277,0.44016666666666665,0.05241435288097528,10.916247639453783
ray_gpis_uncertainty_only,green_Pepper,11,0,2,0.6340666666666667,0.7760597282852597,0.6340666666666667,0.07840221660754508,6.407838139940556
ray_gpis_uncertainty_only,green_Pepper,11,0,3,0.703,0.8256018790369936,0.703,0.10334626655824389,5.6611174962832305
ray_gpis_uncertainty_only,green_Pepper,11,0,4,0.8051,0.8920281424851809,0.8051,0.12693619685912488,4.939241634224663
ray_gpis_uncertainty_only,green_Pepper,11,0,5,0.8602666666666666,0.9248853211009175,0.8602666666666666,0.15011086685446443,4.660226916078713
ray_gpis_uncertainty_only,green_Pepper,0,0,0,0.23516666666666666,0.3807853191202267,0.23516666666666666,0.026892788068556377,21.036948665486307
ray_gpis_uncertainty_only,green_Pepper,0,0,1,0.4882666666666667,0.6561548109657768,0.4882666666666667,0.05185330823752731,11.287993034192647
ray_gpis_uncertainty_only,green_Pepper,0,0,2,0.7224,0.838829540176498,0.7224,0.07951905287534006,6.27602855472955
ray_gpis_uncertainty_only,green_Pepper,0,0,3,0.7830666666666667,0.8783369475809467,0.7830666666666667,0.10437018914130541,5.4619917433363545
ray_gpis_uncertainty_only,green_Pepper,0,0,4,0.7861,0.8802418677565645,0.7861,0.12761901477289436,5.288981988630916
ray_gpis_uncertainty_only,green_Pepper,0,0,5,0.8822666666666666,0.9374512998512431,0.8822666666666666,0.15182842761547943,4.650805408838711
ray_gpis_uncertainty_only,Corner,8,0,0,0.22656666666666667,0.36943229067587036,0.22656666666666667,0.01395916252323968,16.32794888727207
ray_gpis_uncertainty_only,Corner,8,0,1,0.2863,0.44137432145175964,0.2863,0.026602501162138224,14.836933920663764
ray_gpis_uncertainty_only,Corner,8,0,2,0.3158,0.476939185292326,0.3158,0.0392606496661761,14.26270500095374
ray_gpis_uncertainty_only,Corner,8,0,3,0.4706,0.6357054996358449,0.4706,0.04917115696155086,9.318825537283779
ray_gpis_uncertainty_only,Corner,8,0,4,0.6409333333333334,0.7762909248138611,0.6409333333333334,0.06324942042637006,6.38086699601301
ray_gpis_uncertainty_only,Corner,8,0,5,0.7532666666666666,0.8457918884083718,0.7532666666666666,0.07747976803290865,5.470644381497644
ray_gpis_uncertainty_only,Corner,13,0,0,0.2784333333333333,0.435585221495059,0.2784333333333333,0.015361696013389875,18.74924806633235
ray_gpis_uncertainty_only,Corner,13,0,1,0.43856666666666666,0.6097272748337466,0.43856666666666666,0.02655261623269595,12.50078293443498
ray_gpis_uncertainty_only,Corner,13,0,2,0.5182666666666667,0.6026284847661004,0.5182666666666667,0.04243606139979552,11.372997001977794
ray_gpis_uncertainty_only,Corner,13,0,3,0.7998333333333333,0.7976593666593035,0.7998333333333333,0.05603359760443175,7.425350070987042
ray_gpis_uncertainty_only,Corner,13,0,4,0.8075666666666667,0.8160722178006417,0.8075666666666667,0.06563413868281932,6.924176239559763
ray_gpis_uncertainty_only,Corner,13,0,5,0.8463333333333334,0.8498988934153151,0.8463333333333334,0.07848865406345934,6.33801511095388
ray_gpis_uncertainty_only,Corner,4,0,0,0.26256666666666667,0.41592523167093487,0.26256666666666667,0.01487784886162602,14.693079320834716
ray_gpis_uncertainty_only,Corner,4,0,1,0.37256666666666666,0.5362296187548695,0.37256666666666666,0.025574403063814668,10.806061548253465
ray_gpis_uncertainty_only,Corner,4,0,2,0.4256333333333333,0.580890710633912,0.4256333333333333,0.038722245379206134,9.930857385794683
ray_gpis_uncertainty_only,Corner,4,0,3,0.5249333333333334,0.67352579624899,0.5249333333333334,0.05210391291202582,8.587636644323048
ray_gpis_uncertainty_only,Corner,4,0,4,0.567,0.6805347673180947,0.567,0.06629337846006247,8.352708882150493
ray_gpis_uncertainty_only,Corner,4,0,5,0.6994666666666667,0.7757224737180174,0.6994666666666667,0.07976523792927431,6.672388312753803
ray_gpis_uncertainty_only,Corner,1,0,0,0.267,0.4214680347277033,0.267,0.01595855135772935,15.812157174313501
ray_gpis_uncertainty_only,Corner,1,0,1,0.3521666666666667,0.5194219441583201,0.3521666666666667,0.029931303584593505,13.421300110484488
ray_gpis_uncertainty_only,Corner,1,0,2,0.463,0.631339016757816,0.463,0.04160279153054164,10.75818650496947
ray_gpis_uncertainty_only,Corner,1,0,3,0.49523333333333336,0.6609403329091925,0.49523333333333336,0.05088403454041377,9.770574675761349
ray_gpis_uncertainty_only,Corner,1,0,4,0.5679666666666666,0.6977534791292316,0.5679666666666666,0.06392273292920743,8.737769813851413
ray_gpis_uncertainty_only,Corner,1,0,5,0.6862333333333334,0.7837734891288495,0.6862333333333334,0.07727030930192218,7.409559182466251
ray_gpis_uncertainty_only,Corner,12,0,0,0.2412,0.38865613922010955,0.2412,0.014781233655200033,21.688327946334454
ray_gpis_uncertainty_only,Corner,12,0,1,0.4592,0.6293859649122807,0.4592,0.028329480069499115,10.62168283972001
ray_gpis_uncertainty_only,Corner,12,0,2,0.4831666666666667,0.6515338802112597,0.4831666666666667,0.041110733214479944,10.21343929387283
ray_gpis_uncertainty_only,Corner,12,0,3,0.57,0.7261146496815287,0.57,0.05371963295923885,7.935851408032275
ray_gpis_uncertainty_only,Corner,12,0,4,0.6159,0.7622996472553996,0.6159,0.06590520488418601,7.04521786786491
ray_gpis_uncertainty_only,Corner,12,0,5,0.6956666666666667,0.8200483821357416,0.6956666666666667,0.0760462619583237,6.175574926839215
ray_gpis_uncertainty_only,Corner,7,0,0,0.25276666666666664,0.40353351249235025,0.25276666666666664,0.0147610122600415,20.086017616727407
ray_gpis_uncertainty_only,Corner,7,0,1,0.2543,0.405485131148848,0.2543,0.02777315203964255,20.004743289324875
ray_gpis_uncertainty_only,Corner,7,0,2,0.42506666666666665,0.5965568862275449,0.42506666666666665,0.041450441664132365,13.218992171451227
ray_gpis_uncertainty_only,Corner,7,0,3,0.6019,0.7514826143954054,0.6019,0.05446826186869828,7.407090847997518
ray_gpis_uncertainty_only,Corner,7,0,4,0.7215333333333334,0.8382449754095187,0.7215333333333334,0.06830156585104549,5.386120759770549
ray_gpis_uncertainty_only,Corner,7,0,5,0.7883666666666667,0.8816611060371661,0.7883666666666667,0.0818144209218422,4.665144470329225
ray_gpis_uncertainty_only,Corner,14,0,0,0.21596666666666667,0.3552180706707969,0.21596666666666667,0.012567667090866827,22.32835786201899
ray_gpis_uncertainty_only,Corner,14,0,1,0.32763333333333333,0.493559968866906,0.32763333333333333,0.02663581284023216,18.727001154517538
ray_gpis_uncertainty_only,Corner,14,0,2,0.5145,0.6794321558270056,0.5145,0.04089680211257586,10.54192165487474
ray_gpis_uncertainty_only,Corner,14,0,3,0.5400666666666667,0.6450987563084126,0.5400666666666667,0.05423855642037638,11.614176496203482
ray_gpis_uncertainty_only,Corner,14,0,4,0.6334666666666666,0.7203288189460946,0.6334666666666666,0.06703619300226032,9.269280248033697
ray_gpis_uncertainty_only,Corner,14,0,5,0.6802,0.7554987643203921,0.6802,0.07979277472572012,8.503265405703083
ray_gpis_uncertainty_only,Corner,2,0,0,0.2056,0.3410749834107498,0.2056,0.012299470974613846,21.825286937414454
ray_gpis_uncertainty_only,Corner,2,0,1,0.40653333333333336,0.5780642714949284,0.40653333333333336,0.026355302792204934,11.806975041910007
ray_gpis_uncertainty_only,Corner,2,0,2,0.5250666666666667,0.6885819199160693,0.5250666666666667,0.039383605693667424,8.931407894241202
ray_gpis_uncertainty_only,Corner,2,0,3,0.6527666666666667,0.7899078313131517,0.6527666666666667,0.0529338013877015,7.096598714617784
ray_gpis_uncertainty_only,Corner,2,0,4,0.7856,0.8799283154121863,0.7856,0.0668778366288991,5.709684902828718
ray_gpis_uncertainty_only,Corner,2,0,5,0.8339,0.8742891272122957,0.8339,0.07879381481246388,5.519285366363941
ray_gpis_uncertainty_only,Corner,6,0,0,0.3471,0.5153292257441913,0.3471,0.016433290179153834,12.788511913261631
ray_gpis_uncertainty_only,Corner,6,0,1,0.5007333333333334,0.6673181999911155,0.5007333333333334,0.02987664146373056,9.670427351082312
ray_gpis_uncertainty_only,Corner,6,0,2,0.5973666666666667,0.7472577272385882,0.5973666666666667,0.04291209120041716,7.605732830683635
ray_gpis_uncertainty_only,Corner,6,0,3,0.749,0.8544565530834778,0.749,0.05779191745209192,5.867567650874403
ray_gpis_uncertainty_only,Corner,6,0,4,0.8401,0.9112029557577348,0.8401,0.07062695225785298,5.053944145363477
ray_gpis_uncertainty_only,Corner,6,0,5,0.9095666666666666,0.9509087802878146,0.9095666666666666,0.08384016308246452,4.601097179332467
ray_gpis_uncertainty_only,Corner,3,0,0,0.291,0.45081332300542215,0.291,0.013977482509515853,17.312115290103243
ray_gpis_uncertainty_only,Corner,3,0,1,0.4740333333333333,0.6431785803125212,0.4740333333333333,0.02605093207904409,10.64841590754332
ray_gpis_uncertainty_only,Corner,3,0,2,0.5818333333333333,0.7356442945948793,0.5818333333333333,0.040202206642381756,8.052023913760655
ray_gpis_uncertainty_only,Corner,3,0,3,0.6149666666666667,0.7615843464261388,0.6149666666666667,0.05231306915653518,7.593181782533787
ray_gpis_uncertainty_only,Corner,3,0,4,0.8140666666666667,0.8955908831906843,0.8140666666666667,0.06584391723995017,4.797646137114498
ray_gpis_uncertainty_only,Corner,3,0,5,0.836,0.9089951387172334,0.836,0.0760925096800801,4.58368510149456
ray_gpis_uncertainty_only,Corner,9,0,0,0.3046333333333333,0.46700222284677684,0.3046333333333333,0.015302807699686444,17.94553113302162
ray_gpis_uncertainty_only,Corner,9,0,1,0.3708666666666667,0.5374189434582305,0.3708666666666667,0.029070009513831083,16.020099810121263
ray_gpis_uncertainty_only,Corner,9,0,2,0.4835333333333333,0.6484490831304166,0.4835333333333333,0.04267888325272304,11.480482665580832
ray_gpis_uncertainty_only,Corner,9,0,3,0.6769333333333334,0.8031988126309754,0.6769333333333334,0.0563420124796704,7.077961856425879
ray_gpis_uncertainty_only,Corner,9,0,4,0.8125666666666667,0.8921809713950285,0.8125666666666667,0.06912633041294265,5.339342878412023
ray_gpis_uncertainty_only,Corner,9,0,5,0.8557,0.918276073444514,0.8557,0.079589981872138,4.9040913536605615
ray_gpis_uncertainty_only,Corner,10,0,0,0.27736666666666665,0.43427885493593593,0.27736666666666665,0.016179064632805214,13.979200033092459
ray_gpis_uncertainty_only,Corner,10,0,1,0.3107,0.4740978103303578,0.3107,0.028198232628753706,13.236306820270098
ray_gpis_uncertainty_only,Corner,10,0,2,0.3723,0.5425927275377104,0.3723,0.03812251160082318,12.068029733636507
ray_gpis_uncertainty_only,Corner,10,0,3,0.48056666666666664,0.6491658599184996,0.48056666666666664,0.05101696897566366,9.554726316092877
ray_gpis_uncertainty_only,Corner,10,0,4,0.6402333333333333,0.7801279992989146,0.6402333333333333,0.06548959283567904,6.901700571701188
ray_gpis_uncertainty_only,Corner,10,0,5,0.7017,0.8242156893895402,0.7017,0.07899626773121995,6.054664391871033
ray_gpis_uncertainty_only,Corner,5,0,0,0.18556666666666666,0.313042989287823,0.18556666666666666,0.0129417950528062,16.671070717153324
ray_gpis_uncertainty_only,Corner,5,0,1,0.4570666666666667,0.6273792093704246,0.4570666666666667,0.028782710879886247,8.713822073243467
ray_gpis_uncertainty_only,Corner,5,0,2,0.5706,0.7234998479566155,0.5706,0.04088015532883602,7.639821357375838
ray_gpis_uncertainty_only,Corner,5,0,3,0.7989666666666667,0.8848773025454508,0.7989666666666667,0.056336675978494025,5.245995802833535
ray_gpis_uncertainty_only,Corner,5,0,4,0.8182,0.8955250127167819,0.8182,0.07031359346763667,5.3556730154211
ray_gpis_uncertainty_only,Corner,5,0,5,0.8374,0.8604148600222952,0.8374,0.08308621425226993,5.96683740958497
ray_gpis_uncertainty_only,Corner,11,0,0,0.302,0.4639016897081413,0.302,0.014843439403552703,17.577555865151414
ray_gpis_uncertainty_only,Corner,11,0,1,0.34996666666666665,0.5184819378256253,0.34996666666666665,0.026858210896916358,16.040174796627564
ray_gpis_uncertainty_only,Corner,11,0,2,0.3615333333333333,0.5310679136267933,0.3615333333333333,0.03954589722670416,15.378129284450198
ray_gpis_uncertainty_only,Corner,11,0,3,0.5106333333333334,0.6760519870253096,0.5106333333333334,0.0506589896714754,10.16823049490128
ray_gpis_uncertainty_only,Corner,11,0,4,0.6405,0.7808594940566901,0.6405,0.06532441384187904,6.249326125347003
ray_gpis_uncertainty_only,Corner,11,0,5,0.7406333333333334,0.8509929336065417,0.7406333333333334,0.07903361650189053,5.306775988222338
ray_gpis_uncertainty_only,Corner,0,0,0,0.14786666666666667,0.25763735625508194,0.14786666666666667,0.014667440564133464,24.244223702321438
ray_gpis_uncertainty_only,Corner,0,0,1,0.2820666666666667,0.4400187197753627,0.2820666666666667,0.028342150255018347,15.606909770045508
ray_gpis_uncertainty_only,Corner,0,0,2,0.4553,0.6257129114271971,0.4553,0.040707537527598,10.030404763506624
ray_gpis_uncertainty_only,Corner,0,0,3,0.5817333333333333,0.7355643597740875,0.5817333333333333,0.055018023165278804,7.810462015508472
ray_gpis_uncertainty_only,Corner,0,0,4,0.6703,0.8026103095252349,0.6703,0.06722194036444845,6.591074943759975
ray_gpis_uncertainty_only,Corner,0,0,5,0.7018333333333333,0.8241962626630959,0.7018333333333333,0.0790709663918598,6.526668576483986
ray_gpis_uncertainty_only,L_Shaped,8,0,0,0.11183333333333334,0.187964793006623,0.11183333333333334,0.02461071157282423,21.1728940694951
ray_gpis_uncertainty_only,L_Shaped,8,0,1,0.24906666666666666,0.3786691172495811,0.24906666666666666,0.04766100388131347,15.638485912361743
ray_gpis_uncertainty_only,L_Shaped,8,0,2,0.29006666666666664,0.4329824251320129,0.29006666666666664,0.07095105131124767,14.558860471519507
ray_gpis_uncertainty_only,L_Shaped,8,0,3,0.35533333333333333,0.5072969543147208,0.35533333333333333,0.09504524585791903,11.774634932352255
ray_gpis_uncertainty_only,L_Shaped,8,0,4,0.4081666666666667,0.561741758604827,0.4081666666666667,0.1153632297556455,10.66515325986883
ray_gpis_uncertainty_only,L_Shaped,8,0,5,0.5168333333333334,0.6543885286809356,0.5168333333333334,0.13913879354454217,8.706135821451744
ray_gpis_uncertainty_only,L_Shaped,13,0,0,0.2591333333333333,0.4116058664689999,0.2591333333333333,0.029113963083183352,16.601435910053105
ray_gpis_uncertainty_only,L_Shaped,13,0,1,0.29063333333333335,0.4485199781302084,0.29063333333333335,0.05301457067416338,16.15961320369281
ray_gpis_uncertainty_only,L_Shaped,13,0,2,0.3741,0.5428081020701692,0.3741,0.07424793941395745,14.6020475239036
ray_gpis_uncertainty_only,L_Shaped,13,0,3,0.3943,0.5632062018106417,0.3943,0.09487763781925544,13.943901164362217
ray_gpis_uncertainty_only,L_Shaped,13,0,4,0.46,0.6274602923328585,0.46,0.11447702494509712,12.446502955569809
ray_gpis_uncertainty_only,L_Shaped,13,0,5,0.5636333333333333,0.7179962295750757,0.5636333333333333,0.13481304554779416,9.126597842786273
ray_gpis_uncertainty_only,L_Shaped,4,0,0,0.3038,0.4660223960730173,0.3038,0.026934919808635556,15.762701956181898
ray_gpis_uncertainty_only,L_Shaped,4,0,1,0.4744333333333333,0.6418398390288061,0.4744333333333333,0.057547408547210306,11.802968912164381
ray_gpis_uncertainty_only,L_Shaped,4,0,2,0.7199666666666666,0.835249758749621,0.7199666666666666,0.08149644616495609,5.738627414634046
ray_gpis_uncertainty_only,L_Shaped,4,0,3,0.7360333333333333,0.84633930277934,0.7360333333333333,0.10594320040331154,5.490245468183131
ray_gpis_uncertainty_only,L_Shaped,4,0,4,0.7805666666666666,0.8746705940090664,0.7805666666666666,0.1304021958335637,5.067247968833462
ray_gpis_uncertainty_only,L_Shaped,4,0,5,0.8467666666666667,0.9151748906344962,0.8467666666666667,0.15483752164851622,4.550561858139841
ray_gpis_uncertainty_only,L_Shaped,1,0,0,0.2566,0.4054256199474397,0.2566,0.02841618026445339,19.69524384873689
ray_gpis_uncertainty_only,L_Shaped,1,0,1,0.26063333333333333,0.3676362641552403,0.26063333333333333,0.0566262488762841,20.84061776370798
ray_gpis_uncertainty_only,L_Shaped,1,0,2,0.47473333333333334,0.5738233671254036,0.47473333333333334,0.08131131136569479,13.027045216234663
ray_gpis_uncertainty_only,L_Shaped,1,0,3,0.5116,0.6190289041239175,0.5116,0.10325047319043618,11.49719534630777
ray_gpis_uncertainty_only,L_Shaped,1,0,4,0.6379,0.7106110242915707,0.6379,0.12675245938962051,8.885653205682798
ray_gpis_uncertainty_only,L_Shaped,1,0,5,0.6890666666666667,0.7556035852774776,0.6890666666666667,0.14759079001713976,7.926470737531996
ray_gpis_uncertainty_only,L_Shaped,12,0,0,0.24506666666666665,0.39366031270079244,0.24506666666666665,0.02719481159357569,16.64804231685207
ray_gpis_uncertainty_only,L_Shaped,12,0,1,0.27163333333333334,0.36881230128647563,0.27163333333333334,0.05092151282757526,17.732443831536646
ray_gpis_uncertainty_only,L_Shaped,12,0,2,0.49433333333333335,0.5942554545084456,0.49433333333333335,0.07849398964380047,11.629784048400488
ray_gpis_uncertainty_only,L_Shaped,12,0,3,0.5029,0.570555005432136,0.5029,0.10164302462418995,11.891327315739609
ray_gpis_uncertainty_only,L_Shaped,12,0,4,0.6027,0.614392992049968,0.6027,0.12356711475874801,10.241635041890998
ray_gpis_uncertainty_only,L_Shaped,12,0,5,0.6648333333333334,0.6667907921396008,0.6648333333333334,0.143951696019992,9.270248457176034
ray_gpis_uncertainty_only,L_Shaped,7,0,0,0.17453333333333335,0.29628825877298914,0.17453333333333335,0.025035502203226638,23.28715047245427
ray_gpis_uncertainty_only,L_Shaped,7,0,1,0.2875333333333333,0.4436989700298235,0.2875333333333333,0.04820750852757912,19.07141333004431
ray_gpis_uncertainty_only,L_Shaped,7,0,2,0.5277333333333334,0.6854279919025601,0.5277333333333334,0.07636293231823972,10.193401075952664
ray_gpis_uncertainty_only,L_Shaped,7,0,3,0.5686,0.7203047131057526,0.5686,0.0967699698691219,9.586586840472734
ray_gpis_uncertainty_only,L_Shaped,7,0,4,0.6330666666666667,0.7705499734905794,0.6330666666666667,0.11946080751486263,7.953721952600775
ray_gpis_uncertainty_only,L_Shaped,7,0,5,0.7178,0.8310973797180766,0.7178,0.14170021123828988,6.567050001242046
ray_gpis_uncertainty_only,L_Shaped,14,0,0,0.3131,0.47688675653034807,0.3131,0.029311373635666445,15.808983679251307
ray_gpis_uncertainty_only,L_Shaped,14,0,1,0.46076666666666666,0.6308559432261597,0.46076666666666666,0.04972467242394992,11.673034153616653
ray_gpis_uncertainty_only,L_Shaped,14,0,2,0.6855,0.8134084841293385,0.6855,0.07441652056716815,6.146065848699459
ray_gpis_uncertainty_only,L_Shaped,14,0,3,0.7711333333333333,0.8707795385252382,0.7711333333333333,0.09898767192378195,5.251695590177862
ray_gpis_uncertainty_only,L_Shaped,14,0,4,0.8518333333333333,0.9191944170571366,0.8518333333333333,0.12151743302567142,4.55796219985836
ray_gpis_uncertainty_only,L_Shaped,14,0,5,0.8931333333333333,0.94285859076518,0.8931333333333333,0.14576160660315615,4.256700246431906
ray_gpis_uncertainty_only,L_Shaped,2,0,0,0.23113333333333333,0.3754805869930145,0.23113333333333333,0.028225772146395732,20.183168641920943
ray_gpis_uncertainty_only,L_Shaped,2,0,1,0.3178,0.48231901654272274,0.3178,0.054170062196870684,17.326273075748286
ray_gpis_uncertainty_only,L_Shaped,2,0,2,0.3594,0.5284107953245049,0.3594,0.07876248616096233,15.292733390973979
ray_gpis_uncertainty_only,L_Shaped,2,0,3,0.4250333333333333,0.5961753981444883,0.4250333333333333,0.09952060071201858,13.494490318189868
ray_gpis_uncertainty_only,L_Shaped,2,0,4,0.5631,0.7200653864445964,0.5631,0.12344586872390365,9.322939111026363
ray_gpis_uncertainty_only,L_Shaped,2,0,5,0.6684666666666667,0.7972626381318593,0.6684666666666667,0.14820641289398326,7.317359800354404
ray_gpis_uncertainty_only,L_Shaped,6,0,0,0.2435,0.39163650985122633,0.2435,0.02584688682098895,19.34810089292677
ray_gpis_uncertainty_only,L_Shaped,6,0,1,0.31643333333333334,0.4807434228850683,0.31643333333333334,0.051917166960822686,16.49779095262094
ray_gpis_uncertainty_only,L_Shaped,6,0,2,0.4332666666666667,0.5640192238948722,0.4332666666666667,0.075991296450854,11.409021768844053
ray_gpis_uncertainty_only,L_Shaped,6,0,3,0.6316666666666667,0.7266831616864395,0.6316666666666667,0.10110618934473528,8.899062163710711
ray_gpis_uncertainty_only,L_Shaped,6,0,4,0.6714666666666667,0.7586105888225027,0.6714666666666667,0.1204987123341818,8.073863481774369
ray_gpis_uncertainty_only,L_Shaped,6,0,5,0.8513666666666667,0.871933453472831,0.8513666666666667,0.14365207919314515,5.731662052793466
ray_gpis_uncertainty_only,L_Shaped,3,0,0,0.2501,0.40012798976081915,0.2501,0.025750858855037487,21.361364102214313
ray_gpis_uncertainty_only,L_Shaped,3,0,1,0.28436666666666666,0.442812281020477,0.28436666666666666,0.05080289024071377,19.41582354369809
ray_gpis_uncertainty_only,L_Shaped,3,0,2,0.3433,0.5111293084195637,0.3433,0.07415167020378713,15.910642481896748
ray_gpis_uncertainty_only,L_Shaped,3,0,3,0.3977333333333333,0.5691118954497758,0.3977333333333333,0.09699246656353595,13.937256879700966
ray_gpis_uncertainty_only,L_Shaped,3,0,4,0.5330666666666667,0.6949945277436579,0.5330666666666667,0.1224298112216222,10.063292005142866
ray_gpis_uncertainty_only,L_Shaped,3,0,5,0.614,0.7603892284727655,0.614,0.14447936636426112,8.067378842978432
ray_gpis_uncertainty_only,L_Shaped,9,0,0,0.2869333333333333,0.4459179444674679,0.2869333333333333,0.030276722748135927,17.01080976120665
ray_gpis_uncertainty_only,L_Shaped,9,0,1,0.36933333333333335,0.5394352482960079,0.36933333333333335,0.05040186184952867,12.719837704001783
ray_gpis_uncertainty_only,L_Shaped,9,0,2,0.4991,0.6658661863784938,0.4991,0.0739896912606814,10.18935691605005
ray_gpis_uncertainty_only,L_Shaped,9,0,3,0.5201333333333333,0.6843259363213753,0.5201333333333333,0.09705541843814439,9.584468620654011
ray_gpis_uncertainty_only,L_Shaped,9,0,4,0.7291333333333333,0.8385543264286294,0.7291333333333333,0.12221093847572505,5.658715711762806
ray_gpis_uncertainty_only,L_Shaped,9,0,5,0.7791,0.8714061939195975,0.7791,0.14457390623211164,5.410762382365616
ray_gpis_uncertainty_only,L_Shaped,10,0,0,0.187,0.3128648099933265,0.187,0.025736644416292396,24.682241137477735
ray_gpis_uncertainty_only,L_Shaped,10,0,1,0.35076666666666667,0.5165206476768611,0.35076666666666667,0.048632135260056004,14.221991244276243
ray_gpis_uncertainty_only,L_Shaped,10,0,2,0.4231666666666667,0.5922289421252585,0.4231666666666667,0.07208650997579205,11.885218735755643
ray_gpis_uncertainty_only,L_Shaped,10,0,3,0.5926,0.740584967813128,0.5926,0.09179588471784883,7.664942094127824
ray_gpis_uncertainty_only,L_Shaped,10,0,4,0.7021333333333334,0.8214145616190138,0.7021333333333334,0.11569497901148422,6.144249668774846
ray_gpis_uncertainty_only,L_Shaped,10,0,5,0.7678333333333334,0.8652551655017983,0.7678333333333334,0.13814457662214127,5.388690661084275
ray_gpis_uncertainty_only,L_Shaped,5,0,0,0.2035,0.3381803074366431,0.2035,0.026636184470137155,21.867820338419964
ray_gpis_uncertainty_only,L_Shaped,5,0,1,0.2972,0.4582176996608079,0.2972,0.05515561861735702,16.952044091470974
ray_gpis_uncertainty_only,L_Shaped,5,0,2,0.3253,0.4909077190070173,0.3253,0.08150088998653392,16.24867990758017
ray_gpis_uncertainty_only,L_Shaped,5,0,3,0.4129333333333333,0.5840088914104973,0.4129333333333333,0.09995336645321255,13.255322627466967
ray_gpis_uncertainty_only,L_Shaped,5,0,4,0.6339333333333333,0.7753073489068688,0.6339333333333333,0.12368914876563791,7.453887903875987
ray_gpis_uncertainty_only,L_Shaped,5,0,5,0.6562,0.7896130490729003,0.6562,0.14725183038500944,7.2645988776514
ray_gpis_uncertainty_only,L_Shaped,11,0,0,0.2637,0.4173458890559468,0.2637,0.025925881469504326,18.67696007267469
ray_gpis_uncertainty_only,L_Shaped,11,0,1,0.4674,0.637045113806733,0.4674,0.05355051158587873,10.885152395452966
ray_gpis_uncertainty_only,L_Shaped,11,0,2,0.5508666666666666,0.7103984868675579,0.5508666666666666,0.07786504254833274,9.530663426178135
ray_gpis_uncertainty_only,L_Shaped,11,0,3,0.7859333333333334,0.8778955843886476,0.7859333333333334,0.1059234591870321,5.8212170838535915
ray_gpis_uncertainty_only,L_Shaped,11,0,4,0.8211333333333334,0.8998100824436375,0.8211333333333334,0.12809931279046083,5.48420905232536
ray_gpis_uncertainty_only,L_Shaped,11,0,5,0.9027,0.9469060837575145,0.9027,0.14836651961390618,4.839299305203806
ray_gpis_uncertainty_only,L_Shaped,0,0,0,0.06146666666666667,0.1071295779884737,0.06146666666666667,0.021944112965767877,23.210374055230822
ray_gpis_uncertainty_only,L_Shaped,0,0,1,0.27953333333333336,0.4006245171828925,0.27953333333333336,0.050265295408304975,15.20272440149872
ray_gpis_uncertainty_only,L_Shaped,0,0,2,0.29933333333333334,0.4348940025933043,0.29933333333333334,0.0732458124779765,14.168203647477783
ray_gpis_uncertainty_only,L_Shaped,0,0,3,0.45513333333333333,0.5927026101825859,0.45513333333333333,0.09617995273894818,10.129282959634896
ray_gpis_uncertainty_only,L_Shaped,0,0,4,0.4716,0.6104474651263654,0.4716,0.11670265178200956,9.960957891070729
ray_gpis_uncertainty_only,L_Shaped,0,0,5,0.6481,0.7518992520364697,0.6481,0.14448672839021925,7.923142898359461
ray_gpis_uncertainty_only,Cylinder,8,0,0,0.057633333333333335,0.09996341347739088,0.057633333333333335,0.034825256369194896,34.65147145393847
ray_gpis_uncertainty_only,Cylinder,8,0,1,0.3045,0.4285234523676256,0.3045,0.07026971905664467,20.583336659860567
ray_gpis_uncertainty_only,Cylinder,8,0,2,0.3989333333333333,0.5056577843740828,0.3989333333333333,0.10535313221169293,15.804500049916701
ray_gpis_uncertainty_only,Cylinder,8,0,3,0.5163,0.6151680516359205,0.5163,0.13788556960884985,12.885472001709083
ray_gpis_uncertainty_only,Cylinder,8,0,4,0.7882333333333333,0.8030728568307339,0.7882333333333333,0.19705894961337628,7.156318546331968
ray_gpis_uncertainty_only,Cylinder,8,0,5,0.8118333333333333,0.7705367841637799,0.8118333333333333,0.24303126416026355,7.856882933923545
ray_gpis_uncertainty_only,Cylinder,13,0,0,0.1637,0.28134398900060154,0.1637,0.0348292514590591,25.399308413207184
ray_gpis_uncertainty_only,Cylinder,13,0,1,0.27426666666666666,0.430469812702731,0.27426666666666666,0.08050094915416144,20.865068526645278
ray_gpis_uncertainty_only,Cylinder,13,0,2,0.3921,0.563321600459737,0.3921,0.1480872018922677,15.368723384591053
ray_gpis_uncertainty_only,Cylinder,13,0,3,0.3978,0.5691801402203462,0.3978,0.18067800033496748,15.174849865859478
ray_gpis_uncertainty_only,Cylinder,13,0,4,0.5762666666666667,0.7311791575029606,0.5762666666666667,0.21404623266527162,8.561855342121943
ray_gpis_uncertainty_only,Cylinder,13,0,5,0.7748,0.8731124633761551,0.7748,0.24792680320860894,5.062051382644593
ray_gpis_uncertainty_only,Cylinder,4,0,0,0.2775,0.43444227005870845,0.2775,0.03714495919318417,19.73778139526578
ray_gpis_uncertainty_only,Cylinder,4,0,1,0.3052,0.4676677903769537,0.3052,0.0708417146995151,19.02110727347354
ray_gpis_uncertainty_only,Cylinder,4,0,2,0.4835,0.6518368722615436,0.4835,0.11671871298060965,12.29398566915311
ray_gpis_uncertainty_only,Cylinder,4,0,3,0.6257666666666667,0.7698111660139831,0.6257666666666667,0.18457987007824606,8.287798139998676
ray_gpis_uncertainty_only,Cylinder,4,0,4,0.8256666666666667,0.9045097681212342,0.8256666666666667,0.22366564429971142,5.542362855070835
ray_gpis_uncertainty_only,Cylinder,4,0,5,0.8726333333333334,0.9319852613966073,0.8726333333333334,0.2588217004931641,4.910402286964056
ray_gpis_uncertainty_only,Cylinder,1,0,0,0.31453333333333333,0.47854752003245765,0.31453333333333333,0.038555758884770044,17.127558230622554
ray_gpis_uncertainty_only,Cylinder,1,0,1,0.5076666666666667,0.6734468273269953,0.5076666666666667,0.1133918033929879,10.242846976917475
ray_gpis_uncertainty_only,Cylinder,1,0,2,0.6480333333333334,0.7864323132622723,0.6480333333333334,0.16358212197716074,7.090346450581948
ray_gpis_uncertainty_only,Cylinder,1,0,3,0.6698333333333333,0.8016057712025354,0.6698333333333333,0.1931061451902685,6.849859699090931
ray_gpis_uncertainty_only,Cylinder,1,0,4,0.7919666666666667,0.8819192004032377,0.7919666666666667,0.22894767616379771,5.337880485271599
ray_gpis_uncertainty_only,Cylinder,1,0,5,0.9114666666666666,0.951704203982405,0.9114666666666666,0.26073823251598693,4.36004384219881
ray_gpis_uncertainty_only,Cylinder,12,0,0,0.14116666666666666,0.24740762377683656,0.14116666666666666,0.037229928310940866,30.17586575646176
ray_gpis_uncertainty_only,Cylinder,12,0,1,0.32293333333333335,0.4882080225760936,0.32293333333333335,0.0724780891133612,17.181948479620882
ray_gpis_uncertainty_only,Cylinder,12,0,2,0.3640333333333333,0.5337601720388064,0.3640333333333333,0.10290026478474092,16.297982447267206
ray_gpis_uncertainty_only,Cylinder,12,0,3,0.37876666666666664,0.5490434625798557,0.37876666666666664,0.1353831843215346,15.885148333646594
ray_gpis_uncertainty_only,Cylinder,12,0,4,0.5097333333333334,0.6742793362913188,0.5097333333333334,0.20918630479066877,9.95732511725168
ray_gpis_uncertainty_only,Cylinder,12,0,5,0.5543666666666667,0.7124060822786533,0.5543666666666667,0.2469569498950583,8.641715374772918
ray_gpis_uncertainty_only,Cylinder,7,0,0,0.19866666666666666,0.3302354867145196,0.19866666666666666,0.06767401355853285,21.58238241017174
ray_gpis_uncertainty_only,Cylinder,7,0,1,0.3175,0.4806187825740558,0.3175,0.12560677161987288,16.447151612679924
ray_gpis_uncertainty_only,Cylinder,7,0,2,0.42673333333333335,0.569020409148114,0.42673333333333335,0.16071655812294539,10.028973590459705
ray_gpis_uncertainty_only,Cylinder,7,0,3,0.5156,0.6481239614184188,0.5156,0.19483248537192702,9.291864078266114
ray_gpis_uncertainty_only,Cylinder,7,0,4,0.5327666666666667,0.6668695440075035,0.5327666666666667,0.2258441327657877,8.981425577673312
ray_gpis_uncertainty_only,Cylinder,7,0,5,0.5829333333333333,0.7009396976755161,0.5829333333333333,0.25447887286228554,8.429543319229348
ray_gpis_uncertainty_only,Cylinder,14,0,0,0.23946666666666666,0.38640275387263334,0.23946666666666666,0.07094188725181882,20.267285248176055
ray_gpis_uncertainty_only,Cylinder,14,0,1,0.3005333333333333,0.46167083809897536,0.3005333333333333,0.12475270421487882,19.206712719701592
ray_gpis_uncertainty_only,Cylinder,14,0,2,0.49446666666666667,0.6603643656321392,0.49446666666666667,0.16143326983043202,12.12406944849994
ray_gpis_uncertainty_only,Cylinder,14,0,3,0.5239666666666667,0.6635013660619008,0.5239666666666667,0.1936354742907918,11.574958396272338
ray_gpis_uncertainty_only,Cylinder,14,0,4,0.7577,0.8326480167215748,0.7577,0.23002417655473206,6.823059303509948
ray_gpis_uncertainty_only,Cylinder,14,0,5,0.8645,0.8987034920482035,0.8645,0.26205646025873996,5.743024063456439
ray_gpis_uncertainty_only,Cylinder,2,0,0,0.20336666666666667,0.337996177391208,0.20336666666666667,0.037143142865390416,22.339508817240333
ray_gpis_uncertainty_only,Cylinder,2,0,1,0.2488,0.36784309595466563,0.2488,0.11326590136105524,16.5480427577002
ray_gpis_uncertainty_only,Cylinder,2,0,2,0.3265,0.43616694553577273,0.3265,0.15790284179345027,15.097824175312741
ray_gpis_uncertainty_only,Cylinder,2,0,3,0.4617,0.5666452818610359,0.4617,0.18753828992248084,11.791603552488422
ray_gpis_uncertainty_only,Cylinder,2,0,4,0.5195,0.6139998002646081,0.5195,0.2102924845708269,10.984538933833488
ray_gpis_uncertainty_only,Cylinder,2,0,5,0.6916,0.7377832788641011,0.6916,0.24375039757865685,7.640495445593693
ray_gpis_uncertainty_only,Cylinder,6,0,0,0.2819333333333333,0.4398564667949451,0.2819333333333333,0.07243295612676162,18.365397325451642
ray_gpis_uncertainty_only,Cylinder,6,0,1,0.39076666666666665,0.5612871428652652,0.39076666666666665,0.1270915521383822,15.499312160190431
ray_gpis_uncertainty_only,Cylinder,6,0,2,0.45943333333333336,0.6290441214021529,0.45943333333333336,0.16659963672731495,13.604668824649348
ray_gpis_uncertainty_only,Cylinder,6,0,3,0.6355333333333333,0.7765070094432075,0.6355333333333333,0.20067394331227242,8.675875302770956
ray_gpis_uncertainty_only,Cylinder,6,0,4,0.834,0.9073750540740754,0.834,0.23770479199066288,5.032540891562521
ray_gpis_uncertainty_only,Cylinder,6,0,5,0.8718333333333333,0.92969656345225,0.8718333333333333,0.270534651440778,4.5031433137296
ray_gpis_uncertainty_only,Cylinder,3,0,0,0.1392,0.2443820224719101,0.1392,0.042971102831922486,27.644404875584147
ray_gpis_uncertainty_only,Cylinder,3,0,1,0.2809,0.4379860782134667,0.2809,0.1015074215778314,17.96992869420376
ray_gpis_uncertainty_only,Cylinder,3,0,2,0.5832333333333334,0.7358850202836927,0.5832333333333334,0.157352887743455,8.12079305905894
ray_gpis_uncertainty_only,Cylinder,3,0,3,0.5937333333333333,0.7444085164610575,0.5937333333333333,0.1870282414511574,7.8594878410593
ray_gpis_uncertainty_only,Cylinder,3,0,4,0.646,0.7843150639845726,0.646,0.2165995962662633,6.8349732410877335
ray_gpis_uncertainty_only,Cylinder,3,0,5,0.7671666666666667,0.8676253370095333,0.7671666666666667,0.24510092123560684,5.553731592878596
ray_gpis_uncertainty_only,Cylinder,9,0,0,0.30306666666666665,0.46515911183873937,0.30306666666666665,0.03690645016828521,18.028614670734648
ray_gpis_uncertainty_only,Cylinder,9,0,1,0.35273333333333334,0.5215120003942635,0.35273333333333334,0.06661024641235982,17.129068870187435
ray_gpis_uncertainty_only,Cylinder,9,0,2,0.3672666666666667,0.5372275586327954,0.3672666666666667,0.09730015630479541,16.673066134963964
ray_gpis_uncertainty_only,Cylinder,9,0,3,0.558,0.7145659196592835,0.558,0.13356950082033114,10.407178843534542
ray_gpis_uncertainty_only,Cylinder,9,0,4,0.6947333333333333,0.8180375106064895,0.6947333333333333,0.1669594900164314,7.026510050366053
ray_gpis_uncertainty_only,Cylinder,9,0,5,0.8464666666666667,0.9130622307482179,0.8464666666666667,0.23125256745503092,5.389554746120684
ray_gpis_uncertainty_only,Cylinder,10,0,0,0.2721,0.42779655687445955,0.2721,0.037815424397376354,19.54244765137913
ray_gpis_uncertainty_only,Cylinder,10,0,1,0.3864,0.5574148874783612,0.3864,0.06704901075878672,14.006111893547692
ray_gpis_uncertainty_only,Cylinder,10,0,2,0.43443333333333334,0.6057211907141031,0.43443333333333334,0.09814946663684525,13.24102769111029
ray_gpis_uncertainty_only,Cylinder,10,0,3,0.6237,0.7682453655231879,0.6237,0.14353885416109857,7.877153839995387
ray_gpis_uncertainty_only,Cylinder,10,0,4,0.7819,0.8776025590661654,0.7819,0.21680679851050394,5.275227757437056
ray_gpis_uncertainty_only,Cylinder,10,0,5,0.8268333333333333,0.9052093787063225,0.8268333333333333,0.2523630549230524,4.877211879918408
ray_gpis_uncertainty_only,Cylinder,5,0,0,0.1644,0.28237718996908273,0.1644,0.03528869778747454,25.18613040225106
ray_gpis_uncertainty_only,Cylinder,5,0,1,0.35586666666666666,0.5242007471643605,0.35586666666666666,0.07839063371039129,14.553103656017212
ray_gpis_uncertainty_only,Cylinder,5,0,2,0.3712,0.540787060027769,0.3712,0.1152888031374808,14.267615417428258
ray_gpis_uncertainty_only,Cylinder,5,0,3,0.47063333333333335,0.6231107993134438,0.47063333333333335,0.15282086307100137,10.986013558334161
ray_gpis_uncertainty_only,Cylinder,5,0,4,0.6384,0.7597540905376999,0.6384,0.19211930085918028,7.174537530952932
ray_gpis_uncertainty_only,Cylinder,5,0,5,0.7033666666666667,0.8080158685264167,0.7033666666666667,0.21946603429281408,6.4239931107471495
ray_gpis_uncertainty_only,Cylinder,11,0,0,0.2893,0.44877065074071204,0.2893,0.038650630360103064,18.621796812813436
ray_gpis_uncertainty_only,Cylinder,11,0,1,0.36993333333333334,0.5393467236922069,0.36993333333333334,0.09520343661946705,15.582924169719982
ray_gpis_uncertainty_only,Cylinder,11,0,2,0.45413333333333333,0.6239360555773887,0.45413333333333333,0.14932678153008264,12.312697463009023
ray_gpis_uncertainty_only,Cylinder,11,0,3,0.535,0.6958707014909795,0.535,0.1882486275908133,10.042212191425953
ray_gpis_uncertainty_only,Cylinder,11,0,4,0.7097,0.8288055972061442,0.7097,0.22538278110143148,6.967978261853065
ray_gpis_uncertainty_only,Cylinder,11,0,5,0.8577333333333333,0.9206545048959647,0.8577333333333333,0.25922661725142576,5.486571689055952
ray_gpis_uncertainty_only,Cylinder,0,0,0,0.1921,0.3222883986242765,0.1921,0.034779872506054105,23.38313976437952
ray_gpis_uncertainty_only,Cylinder,0,0,1,0.32093333333333335,0.485919047138387,0.32093333333333335,0.06945156387826347,17.07997255141585
ray_gpis_uncertainty_only,Cylinder,0,0,2,0.3388,0.45899025756010975,0.3388,0.10646452603070038,16.526204835218866
ray_gpis_uncertainty_only,Cylinder,0,0,3,0.5982,0.6840099758021898,0.5982,0.18081870224815955,9.998672058339544
ray_gpis_uncertainty_only,Cylinder,0,0,4,0.6381,0.7249178498646458,0.6381,0.22482429098740947,9.285062540964367
ray_gpis_uncertainty_only,Cylinder,0,0,5,0.6439,0.7350141135494641,0.6439,0.25581232713230156,8.89517641590821
ray_gpis_uncertainty_only,Cross,8,0,0,0.14456666666666668,0.24181216676236916,0.14456666666666668,0.021281241826089644,20.815969115204826
ray_gpis_uncertainty_only,Cross,8,0,1,0.28886666666666666,0.4327931326580985,0.28886666666666666,0.042727275393257026,17.00399577523142
ray_gpis_uncertainty_only,Cross,8,0,2,0.5131666666666667,0.6561680422163665,0.5131666666666667,0.06490842613911008,9.068512011742813
ray_gpis_uncertainty_only,Cross,8,0,3,0.6058,0.7336136465196689,0.6058,0.08552063608591332,7.160324473050568
ray_gpis_uncertainty_only,Cross,8,0,4,0.6529333333333334,0.7717635535766646,0.6529333333333334,0.10654502959311958,6.658568062634897
ray_gpis_uncertainty_only,Cross,8,0,5,0.6945333333333333,0.8027164433297155,0.6945333333333333,0.12598445519116677,6.255353060606488
ray_gpis_uncertainty_only,Cross,13,0,0,0.2207,0.3615958056852626,0.2207,0.02118640420972068,19.39976504581183
ray_gpis_uncertainty_only,Cross,13,0,1,0.3148,0.4788560997870399,0.3148,0.04119936149639746,16.644791467288645
ray_gpis_uncertainty_only,Cross,13,0,2,0.3895,0.5606333213386111,0.3895,0.06417374460792712,13.594688395670369
ray_gpis_uncertainty_only,Cross,13,0,3,0.5292,0.6914968608650381,0.5292,0.08684632982974184,9.178658900365877
ray_gpis_uncertainty_only,Cross,13,0,4,0.6701333333333334,0.8018092041333731,0.6701333333333334,0.10881194338446089,6.426738391840053
ray_gpis_uncertainty_only,Cross,13,0,5,0.7393666666666666,0.8495136432746148,0.7393666666666666,0.12826057390275739,5.359173953803124
ray_gpis_uncertainty_only,Cross,4,0,0,0.036366666666666665,0.0607777126441293,0.036366666666666665,0.023525556332141647,26.955514181986302
ray_gpis_uncertainty_only,Cross,4,0,1,0.3313,0.4268871469988188,0.3313,0.046367042902852304,14.41884389602347
ray_gpis_uncertainty_only,Cross,4,0,2,0.47683333333333333,0.5745586587003844,0.47683333333333333,0.06869155780206866,11.09398658300174
ray_gpis_uncertainty_only,Cross,4,0,3,0.506,0.5635906109483931,0.506,0.0887446703341745,11.512778573697068
ray_gpis_uncertainty_only,Cross,4,0,4,0.6330666666666667,0.6639704061328422,0.6330666666666667,0.10746533600752735,9.71353378172194
ray_gpis_uncertainty_only,Cross,4,0,5,0.8075666666666667,0.7708073695436188,0.8075666666666667,0.13024651221925687,7.681615944776158
ray_gpis_uncertainty_only,Cross,1,0,0,0.2402,0.3873568779229157,0.2402,0.022691139573372553,17.869091384403973
ray_gpis_uncertainty_only,Cross,1,0,1,0.37943333333333334,0.5501292801391876,0.37943333333333334,0.04415057481217484,14.125556075940015
ray_gpis_uncertainty_only,Cross,1,0,2,0.5078666666666667,0.6736227783181536,0.5078666666666667,0.06527434137524883,9.444579666745657
ray_gpis_uncertainty_only,Cross,1,0,3,0.5968666666666667,0.7199659534428255,0.5968666666666667,0.0874823366548531,7.590635718397374
ray_gpis_uncertainty_only,Cross,1,0,4,0.7298,0.8145657742945935,0.7298,0.10840733300417246,6.329991083629056
ray_gpis_uncertainty_only,Cross,1,0,5,0.7679,0.8429112325230477,0.7679,0.12789666660720234,5.81700745184947
ray_gpis_uncertainty_only,Cross,12,0,0,0.2502,0.40025595904655253,0.2502,0.023300692213134636,19.40168436027265
ray_gpis_uncertainty_only,Cross,12,0,1,0.31056666666666666,0.47394256937202733,0.31056666666666666,0.04501708854627276,16.51302498038414
ray_gpis_uncertainty_only,Cross,12,0,2,0.43683333333333335,0.6029780036918153,0.43683333333333335,0.06413198383870755,10.680549353083446
ray_gpis_uncertainty_only,Cross,12,0,3,0.6560666666666667,0.786518332300114,0.6560666666666667,0.08735278855482809,6.132613138761594
ray_gpis_uncertainty_only,Cross,12,0,4,0.6902,0.8118832365554375,0.6902,0.10661756506007518,5.941346821911914
ray_gpis_uncertainty_only,Cross,12,0,5,0.7045,0.8008350518638739,0.7045,0.12335357852411097,6.269314807213822
ray_gpis_uncertainty_only,Cross,7,0,0,0.2408,0.38813668600902645,0.2408,0.023564225225184025,18.901226104891883
ray_gpis_uncertainty_only,Cross,7,0,1,0.3754,0.5458775628907955,0.3754,0.04607513370475602,14.258883421366447
ray_gpis_uncertainty_only,Cross,7,0,2,0.5053333333333333,0.6713906111603188,0.5053333333333333,0.06626449321276905,9.639444468867158
ray_gpis_uncertainty_only,Cross,7,0,3,0.599,0.7492182614133833,0.599,0.08532447865778267,8.023675144321025
ray_gpis_uncertainty_only,Cross,7,0,4,0.712,0.8317757009345794,0.712,0.10640822590749265,6.222783733628596
ray_gpis_uncertainty_only,Cross,7,0,5,0.7129333333333333,0.7776393040614316,0.7129333333333333,0.12452992787411962,7.726335449805442
ray_gpis_uncertainty_only,Cross,14,0,0,0.26516666666666666,0.4191806086154657,0.26516666666666666,0.021719574407476117,18.12330609042663
ray_gpis_uncertainty_only,Cross,14,0,1,0.4499,0.6205945237602594,0.4499,0.04533986568858596,11.676112188706433
ray_gpis_uncertainty_only,Cross,14,0,2,0.4824333333333333,0.6508668180693904,0.4824333333333333,0.06765438224918073,11.010668931357195
ray_gpis_uncertainty_only,Cross,14,0,3,0.5010333333333333,0.6675845528635828,0.5010333333333333,0.0874588076573707,10.420925681725029
ray_gpis_uncertainty_only,Cross,14,0,4,0.5665,0.7232684328120013,0.5665,0.10682428422391978,9.225758477130544
ray_gpis_uncertainty_only,Cross,14,0,5,0.7609,0.8642171616786871,0.7609,0.1304825545925071,5.925223675604929
ray_gpis_uncertainty_only,Cross,2,0,0,0.27213333333333334,0.42783775285609477,0.27213333333333334,0.022131598586163634,18.07402719928707
ray_gpis_uncertainty_only,Cross,2,0,1,0.5658333333333333,0.722724853645556,0.5658333333333333,0.04707883012638669,9.010049741142945
ray_gpis_uncertainty_only,Cross,2,0,2,0.5953333333333334,0.6989220534348429,0.5953333333333334,0.07015359137257472,9.618554724689359
ray_gpis_uncertainty_only,Cross,2,0,3,0.6603333333333333,0.7536502172410617,0.6603333333333333,0.09014517905825115,8.029862303417069
ray_gpis_uncertainty_only,Cross,2,0,4,0.7332666666666666,0.8080531488136747,0.7332666666666666,0.11077632421537652,7.152979384301603
ray_gpis_uncertainty_only,Cross,2,0,5,0.892,0.9048516779864164,0.892,0.13450852300283972,5.28493692290111
ray_gpis_uncertainty_only,Cross,6,0,0,0.23513333333333333,0.3807416203378852,0.23513333333333333,0.023226593650506173,16.92773693740054
ray_gpis_uncertainty_only,Cross,6,0,1,0.36346666666666666,0.5311750034439506,0.36346666666666666,0.04671681567386762,15.047622243024874
ray_gpis_uncertainty_only,Cross,6,0,2,0.625,0.7666517657577112,0.625,0.07081140944562148,7.791859153995653
ray_gpis_uncertainty_only,Cross,6,0,3,0.6915333333333333,0.8153680327860798,0.6915333333333333,0.09225887359626746,6.584296060174512
ray_gpis_uncertainty_only,Cross,6,0,4,0.7254333333333334,0.8389186167480448,0.7254333333333334,0.11306770297329226,6.068564141218709
ray_gpis_uncertainty_only,Cross,6,0,5,0.7578666666666667,0.8594459631171332,0.7578666666666667,0.13028693773104066,5.5897673765938665
ray_gpis_uncertainty_only,Cross,3,0,0,0.19216666666666668,0.3223822172515029,0.19216666666666668,0.023894357456479012,20.870517379590947
ray_gpis_uncertainty_only,Cross,3,0,1,0.44016666666666665,0.6112718435366277,0.44016666666666665,0.04746648186227737,10.616799579438046
ray_gpis_uncertainty_only,Cross,3,0,2,0.5109333333333334,0.676314860571832,0.5109333333333334,0.07148079429921815,8.504740488232681
ray_gpis_uncertainty_only,Cross,3,0,3,0.5946666666666667,0.7458193979933111,0.5946666666666667,0.09384443751481443,7.598453139090929
ray_gpis_uncertainty_only,Cross,3,0,4,0.6356333333333334,0.7751304693977283,0.6356333333333334,0.11393632255277006,7.197487133905911
ray_gpis_uncertainty_only,Cross,3,0,5,0.6973,0.819673179852234,0.6973,0.134268699893254,6.022129332040013
ray_gpis_uncertainty_only,Cross,9,0,0,0.27463333333333334,0.4309213107037318,0.27463333333333334,0.02287447235998073,17.547169286868808
ray_gpis_uncertainty_only,Cross,9,0,1,0.4263,0.5977704550234874,0.4263,0.04545278998117365,12.642512962345403
ray_gpis_uncertainty_only,Cross,9,0,2,0.6093,0.7572236376064126,0.6093,0.06821658677165904,7.464474264026503
ray_gpis_uncertainty_only,Cross,9,0,3,0.6413333333333333,0.7814784727863525,0.6413333333333333,0.08635565677907917,7.093551833779531
ray_gpis_uncertainty_only,Cross,9,0,4,0.816,0.8986784140969163,0.816,0.11053620484660365,4.885292976102471
ray_gpis_uncertainty_only,Cross,9,0,5,0.8536666666666667,0.9210573637834921,0.8536666666666667,0.129068205713073,4.649975213789917
ray_gpis_uncertainty_only,Cross,10,0,0,0.29646666666666666,0.4573456060060678,0.29646666666666666,0.023019444220177408,15.824299509166119
ray_gpis_uncertainty_only,Cross,10,0,1,0.31943333333333335,0.4841977616653614,0.31943333333333335,0.042928728413786144,15.164028129485166
ray_gpis_uncertainty_only,Cross,10,0,2,0.4771,0.6459955317852549,0.4771,0.06354834547161585,9.47605965350492
ray_gpis_uncertainty_only,Cross,10,0,3,0.5964666666666667,0.7472334739215768,0.5964666666666667,0.08559983759375213,6.942774060134176
ray_gpis_uncertainty_only,Cross,10,0,4,0.7689,0.8693538357171124,0.7689,0.10801087491367296,5.37077516723213
ray_gpis_uncertainty_only,Cross,10,0,5,0.8103333333333333,0.8952310808322592,0.8103333333333333,0.1279568758634116,5.09832169954088
ray_gpis_uncertainty_only,Cross,5,0,0,0.21883333333333332,0.35908655818405577,0.21883333333333332,0.022481969584372846,18.98999211072322
ray_gpis_uncertainty_only,Cross,5,0,1,0.3912,0.562392179413456,0.3912,0.04414089712779754,12.646318157264622
ray_gpis_uncertainty_only,Cross,5,0,2,0.5493666666666667,0.7091499752587078,0.5493666666666667,0.06462953142745922,7.955725797886871
ray_gpis_uncertainty_only,Cross,5,0,3,0.7825666666666666,0.8780223273556856,0.7825666666666666,0.08878650047055914,4.946285710737245
ray_gpis_uncertainty_only,Cross,5,0,4,0.8108,0.895515794124144,0.8108,0.11149656922005825,4.98988389929322
ray_gpis_uncertainty_only,Cross,5,0,5,0.8259333333333333,0.9046697579320164,0.8259333333333333,0.13038815392999492,4.899857089460285
ray_gpis_uncertainty_only,Cross,11,0,0,0.0629,0.10773007535967115,0.0629,0.024690993482161618,27.64709124543475
ray_gpis_uncertainty_only,Cross,11,0,1,0.26903333333333335,0.3885400048714113,0.26903333333333335,0.04670778911460934,19.86946742576643
ray_gpis_uncertainty_only,Cross,11,0,2,0.3857333333333333,0.5187229866183493,0.3857333333333333,0.06765944367691698,15.213005424154987
ray_gpis_uncertainty_only,Cross,11,0,3,0.4582,0.5959031890474448,0.4582,0.08676735266993484,12.780053293181414
ray_gpis_uncertainty_only,Cross,11,0,4,0.5268,0.6539264826221464,0.5268,0.10750137466553604,11.369659643697952
ray_gpis_uncertainty_only,Cross,11,0,5,0.7434666666666667,0.80800646169201,0.7434666666666667,0.12874937119803798,6.393989274858368
ray_gpis_uncertainty_only,Cross,0,0,0,0.21976666666666667,0.36034214193971525,0.21976666666666667,0.022023417250110734,21.29631002095288
ray_gpis_uncertainty_only,Cross,0,0,1,0.22993333333333332,0.37389560409778305,0.22993333333333332,0.04281938708679373,19.48415340288171
ray_gpis_uncertainty_only,Cross,0,0,2,0.4291,0.600517808410888,0.4291,0.06405972176655614,11.493050119200667
ray_gpis_uncertainty_only,Cross,0,0,3,0.5560333333333334,0.7146804909920524,0.5560333333333334,0.08742814250315667,7.9470816793580354
ray_gpis_uncertainty_only,Cross,0,0,4,0.6891666666666667,0.8159842131228416,0.6891666666666667,0.11049818958790747,6.251030669410251
ray_gpis_uncertainty_only,Cross,0,0,5,0.7436666666666667,0.8421263317962965,0.7436666666666667,0.1306089657747208,5.3664206996944595
ray_gpis_uncertainty_only,Bowl,8,0,0,0.22843333333333332,0.3719100208938214,0.22843333333333332,0.12377485283689942,12.623013369430904
ray_gpis_uncertainty_only,Bowl,8,0,1,0.28003333333333336,0.4375406890445562,0.28003333333333336,0.18585658027101198,11.287864968525337
ray_gpis_uncertainty_only,Bowl,8,0,2,0.3107666666666667,0.4741754189659996,0.3107666666666667,0.22388936148473002,10.946228164732611
ray_gpis_uncertainty_only,Bowl,8,0,3,0.34223333333333333,0.5099461097176348,0.34223333333333333,0.25590963841092057,10.489498959424164
ray_gpis_uncertainty_only,Bowl,8,0,4,0.4861,0.6487543631510505,0.4861,0.3510885295206442,8.312238955859183
ray_gpis_uncertainty_only,Bowl,8,0,5,0.559,0.7115104818131788,0.559,0.3946607284404936,7.583262574220315
ray_gpis_uncertainty_only,Bowl,13,0,0,0.21096666666666666,0.3484268765999614,0.21096666666666666,0.13155852946041932,15.039115078451822
ray_gpis_uncertainty_only,Bowl,13,0,1,0.3213666666666667,0.48641557982896505,0.3213666666666667,0.18032082059045748,10.169818140457643
ray_gpis_uncertainty_only,Bowl,13,0,2,0.39576666666666666,0.5670957418861796,0.39576666666666666,0.23618479593115352,8.80912100303915
ray_gpis_uncertainty_only,Bowl,13,0,3,0.40803333333333336,0.5193752731376784,0.40803333333333336,0.29020767862243474,11.226378467694083
ray_gpis_uncertainty_only,Bowl,13,0,4,0.4991333333333333,0.6024356110086871,0.4991333333333333,0.33740699887740017,10.154359714806848
ray_gpis_uncertainty_only,Bowl,13,0,5,0.5923333333333334,0.6808089263308073,0.5923333333333334,0.3799594170424781,8.414143592822185
ray_gpis_uncertainty_only,Bowl,4,0,0,0.2815666666666667,0.43941009701667233,0.2815666666666667,0.1246619061378375,11.516188376510758
ray_gpis_uncertainty_only,Bowl,4,0,1,0.3974,0.5687705739229998,0.3974,0.21411660315200418,8.465671314166654
ray_gpis_uncertainty_only,Bowl,4,0,2,0.5846333333333333,0.7378783735459307,0.5846333333333333,0.29596706241539605,6.655323686883017
ray_gpis_uncertainty_only,Bowl,4,0,3,0.6099666666666667,0.7051884758267323,0.6099666666666667,0.36319510002481925,7.68556145874792
ray_gpis_uncertainty_only,Bowl,4,0,4,0.8056333333333333,0.8342882817888271,0.8056333333333333,0.4694063946769355,5.805771405247072
ray_gpis_uncertainty_only,Bowl,4,0,5,0.8523,0.8523492591454961,0.8523,0.5298106508671906,5.7808200092048265
ray_gpis_uncertainty_only,Bowl,1,0,0,0.17806666666666668,0.3023032086469357,0.17806666666666668,0.10959549077816597,15.42714208243469
ray_gpis_uncertainty_only,Bowl,1,0,1,0.26216666666666666,0.3843213905516483,0.26216666666666666,0.191812771468978,13.736000737316049
ray_gpis_uncertainty_only,Bowl,1,0,2,0.4546,0.585421392179734,0.4546,0.2256963641203999,9.294307021055214
ray_gpis_uncertainty_only,Bowl,1,0,3,0.5048,0.6347606574801655,0.5048,0.24927212321133485,8.605785490138087
ray_gpis_uncertainty_only,Bowl,1,0,4,0.5379333333333334,0.6695062688283266,0.5379333333333334,0.27083327610829333,7.963864839392001
ray_gpis_uncertainty_only,Bowl,1,0,5,0.5543,0.6866486212468427,0.5543,0.28855396430098273,7.705897562968416
ray_gpis_uncertainty_only,Bowl,12,0,0,0.32353333333333334,0.48889336624187785,0.32353333333333334,0.12458159287983836,10.609265759964998
ray_gpis_uncertainty_only,Bowl,12,0,1,0.3577666666666667,0.5269928559153513,0.3577666666666667,0.18356199983285917,9.248046343018277
ray_gpis_uncertainty_only,Bowl,12,0,2,0.4078333333333333,0.5793772937137446,0.4078333333333333,0.2321701236083067,8.115614771842568
ray_gpis_uncertainty_only,Bowl,12,0,3,0.45203333333333334,0.6226211519478433,0.45203333333333334,0.2803120466796045,7.782142272770226
ray_gpis_uncertainty_only,Bowl,12,0,4,0.6685,0.801318549595445,0.6685,0.37411850113631884,6.36028192329234
ray_gpis_uncertainty_only,Bowl,12,0,5,0.7000333333333333,0.8196784579780799,0.7000333333333333,0.43150499743388393,6.371313969027699
ray_gpis_uncertainty_only,Bowl,7,0,0,0.1988,0.33112132825847473,0.1988,0.11955382127917809,17.450638859204478
ray_gpis_uncertainty_only,Bowl,7,0,1,0.31193333333333334,0.4750045363064622,0.31193333333333334,0.15647965638920358,10.69030425706811
ray_gpis_uncertainty_only,Bowl,7,0,2,0.419,0.5900223103886931,0.419,0.18907517988658704,8.358993008529685
ray_gpis_uncertainty_only,Bowl,7,0,3,0.4604333333333333,0.6301049156285486,0.4604333333333333,0.21819014690305139,7.922047579257251
ray_gpis_uncertainty_only,Bowl,7,0,4,0.5450666666666667,0.7033654910105228,0.5450666666666667,0.2508629687831868,7.467600277821489
ray_gpis_uncertainty_only,Bowl,7,0,5,0.6196,0.7630828800602747,0.6196,0.2919174946180534,6.755237837545179
ray_gpis_uncertainty_only,Bowl,14,0,0,0.29436666666666667,0.4482423551046669,0.29436666666666667,0.12288466836243635,11.919151129691576
ray_gpis_uncertainty_only,Bowl,14,0,1,0.42346666666666666,0.5887731508512974,0.42346666666666666,0.1697742086621097,8.708978033300768
ray_gpis_uncertainty_only,Bowl,14,0,2,0.5004333333333333,0.6614805067270725,0.5004333333333333,0.20931261500621476,8.272759400517
ray_gpis_uncertainty_only,Bowl,14,0,3,0.5190333333333333,0.6789291177680776,0.5190333333333333,0.24167736817836222,7.785690442348652
ray_gpis_uncertainty_only,Bowl,14,0,4,0.5540333333333334,0.7091188963849883,0.5540333333333334,0.274902417524918,7.3701409765880355
ray_gpis_uncertainty_only,Bowl,14,0,5,0.5610666666666667,0.7118110180577994,0.5610666666666667,0.2954342762768343,7.323564697267153
ray_gpis_uncertainty_only,Bowl,2,0,0,0.20933333333333334,0.3461962513781698,0.20933333333333334,0.12317005331662058,16.863481536826022
ray_gpis_uncertainty_only,Bowl,2,0,1,0.2975,0.45857418111753373,0.2975,0.19066750467101848,12.49304815201988
ray_gpis_uncertainty_only,Bowl,2,0,2,0.4909,0.6585284056610102,0.4909,0.3080386250939823,7.840505672290068
ray_gpis_uncertainty_only,Bowl,2,0,3,0.6592,0.7945998071359691,0.6592,0.35742659240934194,6.002650230337217
ray_gpis_uncertainty_only,Bowl,2,0,4,0.6939,0.8192927563610602,0.6939,0.3886408111638424,5.663113578737872
ray_gpis_uncertainty_only,Bowl,2,0,5,0.7524333333333333,0.8587297662298138,0.7524333333333333,0.41885923165332006,5.465466488694966
ray_gpis_uncertainty_only,Bowl,6,0,0,0.13506666666666667,0.2379889580641372,0.13506666666666667,0.09351432885550154,29.222796302929943
ray_gpis_uncertainty_only,Bowl,6,0,1,0.2216,0.362454998615342,0.2216,0.1663609163111757,16.410805997148326
ray_gpis_uncertainty_only,Bowl,6,0,2,0.43216666666666664,0.6029120611130165,0.43216666666666664,0.2934531627758292,10.36361237726295
ray_gpis_uncertainty_only,Bowl,6,0,3,0.46153333333333335,0.6309898103162697,0.46153333333333335,0.3456834636069433,10.34469079606083
ray_gpis_uncertainty_only,Bowl,6,0,4,0.5709333333333333,0.7263110585486469,0.5709333333333333,0.38581500437450333,7.11518278360126
ray_gpis_uncertainty_only,Bowl,6,0,5,0.7089666666666666,0.8280506318025617,0.7089666666666666,0.4122887040763033,5.839306374754266
ray_gpis_uncertainty_only,Bowl,3,0,0,0.0727,0.1267962270313637,0.0727,0.0741146594561156,32.87064033935435
ray_gpis_uncertainty_only,Bowl,3,0,1,0.27786666666666665,0.40076491915095047,0.27786666666666665,0.197212501115949,14.436170591757243
ray_gpis_uncertainty_only,Bowl,3,0,2,0.3196333333333333,0.4545010893526905,0.3196333333333333,0.23450938833797458,12.420907015199374
ray_gpis_uncertainty_only,Bowl,3,0,3,0.5066,0.6368188389097232,0.5066,0.276759607969512,8.787093733696638
ray_gpis_uncertainty_only,Bowl,3,0,4,0.6233333333333333,0.7349371338186161,0.6233333333333333,0.31866032479909195,7.469708365059048
ray_gpis_uncertainty_only,Bowl,3,0,5,0.6478333333333334,0.7548997847460083,0.6478333333333334,0.3509017067093751,7.2035095415410835
ray_gpis_uncertainty_only,Bowl,9,0,0,0.1809,0.3054678694531311,0.1809,0.12579715482709228,19.73002489052377
ray_gpis_uncertainty_only,Bowl,9,0,1,0.24,0.38641686182669793,0.24,0.17725801185862722,17.33736802799084
ray_gpis_uncertainty_only,Bowl,9,0,2,0.40423333333333333,0.5747705079828642,0.40423333333333333,0.283111275229115,9.520029028481018
ray_gpis_uncertainty_only,Bowl,9,0,3,0.482,0.6486299075635684,0.482,0.3372062561027651,8.234430861305604
ray_gpis_uncertainty_only,Bowl,9,0,4,0.5624333333333333,0.7168417688215032,0.5624333333333333,0.37280530913181686,7.592673632793009
ray_gpis_uncertainty_only,Bowl,9,0,5,0.6551,0.7868292232459476,0.6551,0.3936742670187679,6.498933460885855
ray_gpis_uncertainty_only,Bowl,10,0,0,0.13056666666666666,0.23097561694725358,0.13056666666666666,0.07331810565069277,28.74035976668446
ray_gpis_uncertainty_only,Bowl,10,0,1,0.20636666666666667,0.34212925865546684,0.20636666666666667,0.1640691571426924,16.079131726155797
ray_gpis_uncertainty_only,Bowl,10,0,2,0.24053333333333332,0.38779019776440243,0.24053333333333332,0.20184299968027739,15.658054067531408
ray_gpis_uncertainty_only,Bowl,10,0,3,0.34826666666666667,0.5162583157382098,0.34826666666666667,0.3089546016703358,12.738801789929793
ray_gpis_uncertainty_only,Bowl,10,0,4,0.47823333333333334,0.629505873742521,0.47823333333333334,0.3643939523216945,8.617755518089865
ray_gpis_uncertainty_only,Bowl,10,0,5,0.5405666666666666,0.6765311512912449,0.5405666666666666,0.40804747009134595,8.438677382687146
ray_gpis_uncertainty_only,Bowl,5,0,0,0.1464,0.25540823447313327,0.1464,0.12500942025251996,24.337490441049923
ray_gpis_uncertainty_only,Bowl,5,0,1,0.3478333333333333,0.5161370100160751,0.3478333333333333,0.19639476926578306,10.103533848945453
ray_gpis_uncertainty_only,Bowl,5,0,2,0.49033333333333334,0.6580183404160144,0.49033333333333334,0.25930863082817746,7.738348176785216
ray_gpis_uncertainty_only,Bowl,5,0,3,0.49323333333333336,0.6606245953970132,0.49323333333333336,0.2962450918757258,7.765871026181731
ray_gpis_uncertainty_only,Bowl,5,0,4,0.6143666666666666,0.7606162459368361,0.6143666666666666,0.39888453496377835,6.2863143880502514
ray_gpis_uncertainty_only,Bowl,5,0,5,0.7340333333333333,0.8455366571688238,0.7340333333333333,0.46982027633455353,5.585086926922951
ray_gpis_uncertainty_only,Bowl,11,0,0,0.14916666666666667,0.25144863915715543,0.14916666666666667,0.11544410090357433,20.56640360895554
ray_gpis_uncertainty_only,Bowl,11,0,1,0.33573333333333333,0.48931307240609917,0.33573333333333333,0.22131995751227462,10.545513945394852
ray_gpis_uncertainty_only,Bowl,11,0,2,0.4404,0.5969777723008672,0.4404,0.293291982193629,9.377105850200149
ray_gpis_uncertainty_only,Bowl,11,0,3,0.5189333333333334,0.6706899958407354,0.5189333333333334,0.34038329531306255,7.944438188395605
ray_gpis_uncertainty_only,Bowl,11,0,4,0.5638333333333333,0.6715530089725675,0.5638333333333333,0.37093653550428973,8.691133593511289
ray_gpis_uncertainty_only,Bowl,11,0,5,0.5865333333333334,0.6951492627413655,0.5865333333333334,0.4058865846989985,8.268128127265184
ray_gpis_uncertainty_only,Bowl,0,0,0,0.2275,0.37067209775967414,0.2275,0.10805287727237904,17.199486013253825
ray_gpis_uncertainty_only,Bowl,0,0,1,0.23886666666666667,0.37906628817395294,0.23886666666666667,0.1646422294908033,17.36829103379525
ray_gpis_uncertainty_only,Bowl,0,0,2,0.27836666666666665,0.4296733548310955,0.27836666666666665,0.20960986099070883,13.77651259908803
ray_gpis_uncertainty_only,Bowl,0,0,3,0.4713,0.630487108885144,0.4713,0.2923415948421029,8.482320247958633
ray_gpis_uncertainty_only,Bowl,0,0,4,0.5107666666666667,0.6669029627836597,0.5107666666666667,0.341600018754824,7.784738063441371
ray_gpis_uncertainty_only,Bowl,0,0,5,0.5537,0.7041673074602876,0.5537,0.3911509873125148,6.824353429992272
ray_gpis_uncertainty_only,Cube,8,0,0,0.17773333333333333,0.30182271029095437,0.17773333333333333,0.02490986261363172,20.477832961424475
ray_gpis_uncertainty_only,Cube,8,0,1,0.3224,0.48759830611010285,0.3224,0.04756109017126397,14.128288069736259
ray_gpis_uncertainty_only,Cube,8,0,2,0.33116666666666666,0.4975585326155002,0.33116666666666666,0.07269815636651626,14.080917321873777
ray_gpis_uncertainty_only,Cube,8,0,3,0.4915,0.6538289305963685,0.4915,0.09554240887870961,10.226221500344838
ray_gpis_uncertainty_only,Cube,8,0,4,0.6566,0.780936228817618,0.6566,0.12046346959870338,6.725527473705313
ray_gpis_uncertainty_only,Cube,8,0,5,0.6821333333333334,0.7785525246212097,0.6821333333333334,0.1444373745007051,7.0663873130834585
ray_gpis_uncertainty_only,Cube,13,0,0,0.21983333333333333,0.3604317529717174,0.21983333333333333,0.026688397361670717,19.625289293515497
ray_gpis_uncertainty_only,Cube,13,0,1,0.46416666666666667,0.6340352874217416,0.46416666666666667,0.05185632722169419,10.547786560597828
ray_gpis_uncertainty_only,Cube,13,0,2,0.6222666666666666,0.7671570641900222,0.6222666666666666,0.07702429185082277,7.564320111782311
ray_gpis_uncertainty_only,Cube,13,0,3,0.8823666666666666,0.9375077473393424,0.8823666666666666,0.10567831359947497,4.276687395249041
ray_gpis_uncertainty_only,Cube,13,0,4,0.8972,0.9458148850938225,0.8972,0.12444112360440482,4.321306097094378
ray_gpis_uncertainty_only,Cube,13,0,5,0.8982333333333333,0.9463887474318227,0.8982333333333333,0.14039555125625508,4.358299430585179
ray_gpis_uncertainty_only,Cube,4,0,0,0.2898,0.44864678234914124,0.2898,0.02939004597090049,18.328451001269855
ray_gpis_uncertainty_only,Cube,4,0,1,0.4940333333333333,0.6604611556302097,0.4940333333333333,0.057264793619439536,10.233440832453486
ray_gpis_uncertainty_only,Cube,4,0,2,0.6487666666666667,0.7860623608300896,0.6487666666666667,0.0855533920582467,6.940584241522072
ray_gpis_uncertainty_only,Cube,4,0,3,0.6956666666666667,0.7504374123896237,0.6956666666666667,0.11224256244693265,8.153501881098917
ray_gpis_uncertainty_only,Cube,4,0,4,0.7125,0.755184331797235,0.7125,0.13374769654279894,8.132026053819795
ray_gpis_uncertainty_only,Cube,4,0,5,0.7562666666666666,0.7933987074994823,0.7562666666666666,0.15461898226870655,7.485874532937473
ray_gpis_uncertainty_only,Cube,1,0,0,0.3661333333333333,0.536014054265079,0.3661333333333333,0.029754562428498096,14.311297155185963
ray_gpis_uncertainty_only,Cube,1,0,1,0.37703333333333333,0.5476023335189175,0.37703333333333333,0.055298837595357135,14.23686834158281
ray_gpis_uncertainty_only,Cube,1,0,2,0.49206666666666665,0.6595773200482552,0.49206666666666665,0.0783753397755457,10.655805143870879
ray_gpis_uncertainty_only,Cube,1,0,3,0.4972,0.6641731231632381,0.4972,0.10117336921872296,10.60806439625492
ray_gpis_uncertainty_only,Cube,1,0,4,0.6107,0.7583038430496057,0.6107,0.12741918699855112,8.419372901045042
ray_gpis_uncertainty_only,Cube,1,0,5,0.6642666666666667,0.798269508091652,0.6642666666666667,0.15136699821361338,7.549807999603358
ray_gpis_uncertainty_only,Cube,12,0,0,0.25916666666666666,0.41164791528788874,0.25916666666666666,0.02865017546961271,17.105184281018502
ray_gpis_uncertainty_only,Cube,12,0,1,0.46336666666666665,0.62865920224816,0.46336666666666665,0.053545590042439924,10.742563036427342
ray_gpis_uncertainty_only,Cube,12,0,2,0.6303666666666666,0.7684247885121421,0.6303666666666666,0.08231758810234946,7.116569153573473
ray_gpis_uncertainty_only,Cube,12,0,3,0.6436666666666667,0.7792020760662113,0.6436666666666667,0.10713329380685457,6.739618575977049
ray_gpis_uncertainty_only,Cube,12,0,4,0.7640666666666667,0.8622545715616509,0.7640666666666667,0.13094853909090473,5.870733629102698
ray_gpis_uncertainty_only,Cube,12,0,5,0.7874666666666666,0.8777110837218797,0.7874666666666666,0.15421874150084525,5.551011498953145
ray_gpis_uncertainty_only,Cube,7,0,0,0.08696666666666666,0.14526554959627638,0.08696666666666666,0.027201768810523583,26.14842704991913
ray_gpis_uncertainty_only,Cube,7,0,1,0.2502333333333333,0.36337457171091475,0.2502333333333333,0.054681554288108995,18.797487801754183
ray_gpis_uncertainty_only,Cube,7,0,2,0.37156666666666666,0.5021830618376346,0.37156666666666666,0.07736115559735034,13.244726556587887
ray_gpis_uncertainty_only,Cube,7,0,3,0.4937666666666667,0.6223839762056885,0.4937666666666667,0.10058343102222801,9.969792395742461
ray_gpis_uncertainty_only,Cube,7,0,4,0.5655,0.6869290142983677,0.5655,0.12201639586266022,8.540745810464028
ray_gpis_uncertainty_only,Cube,7,0,5,0.7392666666666666,0.8118742590825766,0.7392666666666666,0.1479042844084706,6.070661563927834
ray_gpis_uncertainty_only,Cube,14,0,0,0.2702333333333333,0.4254861311570053,0.2702333333333333,0.0262179276770345,18.033151435898066
ray_gpis_uncertainty_only,Cube,14,0,1,0.2774,0.43431971191482693,0.2774,0.04911270493684991,17.75795012566417
ray_gpis_uncertainty_only,Cube,14,0,2,0.40826666666666667,0.5567561951270197,0.40826666666666667,0.07538366863240645,10.393796944611259
ray_gpis_uncertainty_only,Cube,14,0,3,0.5658666666666666,0.6951122550879996,0.5658666666666666,0.10310148517930362,7.3548694219028
ray_gpis_uncertainty_only,Cube,14,0,4,0.6400666666666667,0.7564662654908324,0.6400666666666667,0.12740801326416468,6.458655670229177
ray_gpis_uncertainty_only,Cube,14,0,5,0.6895333333333333,0.7891337704653845,0.6895333333333333,0.1461039315701875,6.19019599250712
ray_gpis_uncertainty_only,Cube,2,0,0,0.10363333333333333,0.18272884254652677,0.10363333333333333,0.022136414996812515,29.21737791822152
ray_gpis_uncertainty_only,Cube,2,0,1,0.1507,0.25654163829444393,0.1507,0.04048516730595006,26.303858685733513
ray_gpis_uncertainty_only,Cube,2,0,2,0.4527333333333333,0.6089995660768527,0.4527333333333333,0.06734267895327681,11.783598707319149
ray_gpis_uncertainty_only,Cube,2,0,3,0.6043333333333333,0.7379334516716224,0.6043333333333333,0.09250628641087615,8.970182207144966
ray_gpis_uncertainty_only,Cube,2,0,4,0.6617,0.7801316751143822,0.6617,0.11355055804256607,6.971469339057245
ray_gpis_uncertainty_only,Cube,2,0,5,0.8071,0.876354398228804,0.8071,0.13802155386335407,5.594270002979087
ray_gpis_uncertainty_only,Cube,6,0,0,0.31306666666666666,0.47684809098294073,0.31306666666666666,0.030165925279461173,15.872777399130705
ray_gpis_uncertainty_only,Cube,6,0,1,0.549,0.7088444157520982,0.549,0.059641178291659026,9.741976640416064
ray_gpis_uncertainty_only,Cube,6,0,2,0.554,0.7123197249677696,0.554,0.0847476383385684,9.688990467240046
ray_gpis_uncertainty_only,Cube,6,0,3,0.7392666666666666,0.8492896630684232,0.7392666666666666,0.10959787767446359,5.753098207562113
ray_gpis_uncertainty_only,Cube,6,0,4,0.8906,0.9413635621647933,0.8906,0.1366738080522024,4.455043499148132
ray_gpis_uncertainty_only,Cube,6,0,5,0.9242333333333334,0.9599295867169941,0.9242333333333334,0.1602850715799611,4.2545748491002415
ray_gpis_uncertainty_only,Cube,3,0,0,0.23543333333333333,0.3811348244880339,0.23543333333333333,0.027304995666152892,20.45583711666264
ray_gpis_uncertainty_only,Cube,3,0,1,0.3310666666666667,0.43967238144875825,0.3310666666666667,0.053265200034442337,15.658771446690908
ray_gpis_uncertainty_only,Cube,3,0,2,0.5253,0.6235880564173278,0.5253,0.07920705455432976,10.793780941380097
ray_gpis_uncertainty_only,Cube,3,0,3,0.5417666666666666,0.6488816587257525,0.5417666666666666,0.10378725581001266,10.04794342215359
ray_gpis_uncertainty_only,Cube,3,0,4,0.7616666666666667,0.8016293428500656,0.7616666666666667,0.13159678548904877,6.709499797934178
ray_gpis_uncertainty_only,Cube,3,0,5,0.7974333333333333,0.8347425582235933,0.7974333333333333,0.15455305037763434,6.030703166092116
ray_gpis_uncertainty_only,Cube,9,0,0,0.2765666666666667,0.43168516314924765,0.2765666666666667,0.029264911732109856,17.45987678136968
ray_gpis_uncertainty_only,Cube,9,0,1,0.3547666666666667,0.5224983724073511,0.3547666666666667,0.053856737540111894,14.464741097514882
ray_gpis_uncertainty_only,Cube,9,0,2,0.5664666666666667,0.7216204397504532,0.5664666666666667,0.08047911502209582,8.373140208224926
ray_gpis_uncertainty_only,Cube,9,0,3,0.7847666666666666,0.8777345921263889,0.7847666666666666,0.10791835947712644,4.926555753799708
ray_gpis_uncertainty_only,Cube,9,0,4,0.8863666666666666,0.9382084656055076,0.8863666666666666,0.13493522420407783,4.3360301583969845
ray_gpis_uncertainty_only,Cube,9,0,5,0.8980666666666667,0.9310555868935053,0.8980666666666667,0.15898095479469312,4.542534234306209
ray_gpis_uncertainty_only,Cube,10,0,0,0.25116666666666665,0.3921929847929393,0.25116666666666665,0.028527532113095368,18.881311560294424
ray_gpis_uncertainty_only,Cube,10,0,1,0.3248333333333333,0.4826910768102563,0.3248333333333333,0.05291824742813134,16.455903443189722
ray_gpis_uncertainty_only,Cube,10,0,2,0.36566666666666664,0.5294383292942316,0.36566666666666664,0.07431672935498172,15.457238140679657
ray_gpis_uncertainty_only,Cube,10,0,3,0.40696666666666664,0.5715494497357264,0.40696666666666664,0.09259292778036213,14.690954640196885
ray_gpis_uncertainty_only,Cube,10,0,4,0.5370333333333334,0.6902505792008422,0.5370333333333334,0.12230375086751295,10.222492810954826
ray_gpis_uncertainty_only,Cube,10,0,5,0.7493333333333333,0.8464512960080995,0.7493333333333333,0.14351494828652034,6.030197927758692
ray_gpis_uncertainty_only,Cube,5,0,0,0.1439,0.2515954191799983,0.1439,0.021075632584931066,26.905502230801204
ray_gpis_uncertainty_only,Cube,5,0,1,0.1973,0.3292767412527584,0.1973,0.03980544077373318,25.173340593383188
ray_gpis_uncertainty_only,Cube,5,0,2,0.40536666666666665,0.5763659431432908,0.40536666666666665,0.06687090481796999,14.15643918834934
ray_gpis_uncertainty_only,Cube,5,0,3,0.40896666666666665,0.5784522497498774,0.40896666666666665,0.08860437895007511,14.435187465123203
ray_gpis_uncertainty_only,Cube,5,0,4,0.457,0.6254007582834515,0.457,0.11316158608104077,12.254279893130352
ray_gpis_uncertainty_only,Cube,5,0,5,0.6391333333333333,0.7769439904983795,0.6391333333333333,0.1388155802551593,7.542759105542653
ray_gpis_uncertainty_only,Cube,11,0,0,0.3194666666666667,0.4842360549717058,0.3194666666666667,0.02946991169649294,16.24595894604475
ray_gpis_uncertainty_only,Cube,11,0,1,0.3574333333333333,0.5266311421064264,0.3574333333333333,0.05369281058458919,14.933586933786923
ray_gpis_uncertainty_only,Cube,11,0,2,0.5073,0.6723622046189952,0.5073,0.07474708830383013,9.051229085418383
ray_gpis_uncertainty_only,Cube,11,0,3,0.5234,0.6865131176482411,0.5234,0.09487899757439491,8.935017346252165
ray_gpis_uncertainty_only,Cube,11,0,4,0.5656666666666667,0.7214913252320797,0.5656666666666667,0.11692756487370144,8.72518182766097
ray_gpis_uncertainty_only,Cube,11,0,5,0.6541333333333333,0.7614866064300196,0.6541333333333333,0.1402837612911659,7.432308070093832
ray_gpis_uncertainty_only,Cube,0,0,0,0.16996666666666665,0.29054958830735916,0.16996666666666665,0.023026752362169365,27.026487656286236
ray_gpis_uncertainty_only,Cube,0,0,1,0.18036666666666668,0.30561125074129514,0.18036666666666668,0.041837071293842676,26.220592930064015
ray_gpis_uncertainty_only,Cube,0,0,2,0.1964,0.32831828819792713,0.1964,0.06502930508883763,25.600162698600535
ray_gpis_uncertainty_only,Cube,0,0,3,0.32693333333333335,0.4927652733118971,0.32693333333333335,0.08523237874767124,17.045004207765444
ray_gpis_uncertainty_only,Cube,0,0,4,0.4762,0.6451700311610893,0.4762,0.1127704864017518,10.280942556820927
ray_gpis_uncertainty_only,Cube,0,0,5,0.5869,0.7396811393282501,0.5869,0.13573945837257617,7.430820111188277
ray_gpis_uncertainty_only,Thin_Irregular,8,0,0,0.11483333333333333,0.18420940359340027,0.11483333333333333,0.4520053143975737,25.954654398097702
ray_gpis_uncertainty_only,Thin_Irregular,8,0,1,0.17523333333333332,0.24352524490324423,0.17523333333333332,0.47341640109990846,24.77932141058637
ray_gpis_uncertainty_only,Thin_Irregular,8,0,2,0.3841,0.47350322483054513,0.3841,0.6632957303408386,16.536367912632667
ray_gpis_uncertainty_only,Thin_Irregular,8,0,3,0.41613333333333336,0.5242549774137886,0.41613333333333336,0.7964218535596923,15.071686061356782
ray_gpis_uncertainty_only,Thin_Irregular,8,0,4,0.5638,0.6487009900459979,0.5638,0.9541206541306795,10.048131160879217
ray_gpis_uncertainty_only,Thin_Irregular,8,0,5,0.5818666666666666,0.6733201845434105,0.5818666666666666,0.9541206541306795,9.550587977841461
ray_gpis_uncertainty_only,Thin_Irregular,13,0,0,0.29723333333333335,0.45825731685381715,0.29723333333333335,0.4366126708191086,20.57812092349087
ray_gpis_uncertainty_only,Thin_Irregular,13,0,1,0.4454666666666667,0.6163638040771147,0.4454666666666667,0.774850622973516,13.826743281335187
ray_gpis_uncertainty_only,Thin_Irregular,13,0,2,0.6748666666666666,0.8058750945348884,0.6748666666666666,0.9331691203835194,7.448852165447441
ray_gpis_uncertainty_only,Thin_Irregular,13,0,3,0.7392666666666666,0.8500900762773583,0.7392666666666666,0.9549643934043898,6.318547619208415
ray_gpis_uncertainty_only,Thin_Irregular,13,0,4,0.7794333333333333,0.8746037555058636,0.7794333333333333,0.9549643934043898,5.899684613562102
ray_gpis_uncertainty_only,Thin_Irregular,13,0,5,0.7984,0.8866816485169893,0.7984,0.9550135462229644,5.584652163732883
ray_gpis_uncertainty_only,Thin_Irregular,4,0,0,0.3568,0.5259433962264151,0.3568,0.4580955779271023,18.81048370507737
ray_gpis_uncertainty_only,Thin_Irregular,4,0,1,0.3773,0.5450328051492561,0.3773,0.5056180240891882,18.688138367461548
ray_gpis_uncertainty_only,Thin_Irregular,4,0,2,0.6116666666666667,0.7532953214934238,0.6116666666666667,0.8210637617646593,8.758114441775916
ray_gpis_uncertainty_only,Thin_Irregular,4,0,3,0.6919333333333333,0.8130306638074682,0.6919333333333333,0.9329059072892176,7.4298005942011
ray_gpis_uncertainty_only,Thin_Irregular,4,0,4,0.8119333333333333,0.8911123853869757,0.8119333333333333,0.9886855707190861,5.489837949017477
ray_gpis_uncertainty_only,Thin_Irregular,4,0,5,0.8529333333333333,0.9157376170619758,0.8529333333333333,0.9992896201088315,5.222997833196252
ray_gpis_uncertainty_only,Thin_Irregular,1,0,0,0.2698333333333333,0.42499015618847613,0.2698333333333333,0.499141043714324,23.77791606287659
ray_gpis_uncertainty_only,Thin_Irregular,1,0,1,0.40763333333333335,0.5791754481517442,0.40763333333333335,0.6574595411243275,16.786862093502034
ray_gpis_uncertainty_only,Thin_Irregular,1,0,2,0.6646333333333333,0.7974885272186936,0.6646333333333333,0.8639980919375198,7.805218386110686
ray_gpis_uncertainty_only,Thin_Irregular,1,0,3,0.7385666666666667,0.8487644878067199,0.7385666666666667,0.8659361091417332,6.780391378103658
ray_gpis_uncertainty_only,Thin_Irregular,1,0,4,0.8657666666666667,0.9268163978207173,0.8657666666666667,0.9994370785645554,4.997512508773338
ray_gpis_uncertainty_only,Thin_Irregular,1,0,5,0.9039,0.9484119656551384,0.9039,1.0,4.603292429332223
ray_gpis_uncertainty_only,Thin_Irregular,12,0,0,0.3023,0.4638088138208779,0.3023,0.4474268645346019,22.800906983139328
ray_gpis_uncertainty_only,Thin_Irregular,12,0,1,0.394,0.5020167344321899,0.394,0.7857139695075839,15.118667670946586
ray_gpis_uncertainty_only,Thin_Irregular,12,0,2,0.5305333333333333,0.6143612538584851,0.5305333333333333,0.9421927553505236,11.601747032001986
ray_gpis_uncertainty_only,Thin_Irregular,12,0,3,0.612,0.6901747751725197,0.612,0.9457976146275683,9.894274279804726
ray_gpis_uncertainty_only,Thin_Irregular,12,0,4,0.7591,0.7933829995254459,0.7591,0.9993515802495684,7.615347381505086
ray_gpis_uncertainty_only,Thin_Irregular,12,0,5,0.7666333333333334,0.8073451558073942,0.7666333333333334,0.9998525415442759,7.347451168276668
ray_gpis_uncertainty_only,Thin_Irregular,7,0,0,0.049933333333333337,0.08378774385723248,0.049933333333333337,0.49513711026369545,37.075311455751596
ray_gpis_uncertainty_only,Thin_Irregular,7,0,1,0.2829333333333333,0.39293062299399223,0.2829333333333333,0.5416626149677154,21.48409823816202
ray_gpis_uncertainty_only,Thin_Irregular,7,0,2,0.3033,0.4321315478127745,0.3033,0.6517142017437841,19.771214368341372
ray_gpis_uncertainty_only,Thin_Irregular,7,0,3,0.34796666666666665,0.48560131451904043,0.34796666666666665,0.654554352798093,18.307267169822143
ray_gpis_uncertainty_only,Thin_Irregular,7,0,4,0.49246666666666666,0.621003399251719,0.49246666666666666,0.8455311824297247,13.156138842717723
ray_gpis_uncertainty_only,Thin_Irregular,7,0,5,0.6394666666666666,0.7355473300385313,0.6394666666666666,0.996652292141107,8.610644602282887
ray_gpis_uncertainty_only,Thin_Irregular,14,0,0,0.13896666666666666,0.244022359448623,0.13896666666666666,0.3868575088396164,33.048018410832185
ray_gpis_uncertainty_only,Thin_Irregular,14,0,1,0.3375,0.5029344220464405,0.3375,0.8199865414213373,16.83550876225126
ray_gpis_uncertainty_only,Thin_Irregular,14,0,2,0.5488666666666666,0.7068708773483146,0.5488666666666666,0.8649185480748531,9.907596593819676
ray_gpis_uncertainty_only,Thin_Irregular,14,0,3,0.7629666666666667,0.8636070592364,0.7629666666666667,0.9998525415442759,5.879642533524336
ray_gpis_uncertainty_only,Thin_Irregular,14,0,4,0.8053333333333333,0.8889309815558953,0.8053333333333333,0.9999016943628507,5.532228542454552
ray_gpis_uncertainty_only,Thin_Irregular,14,0,5,0.8195333333333333,0.8956451845669634,0.8195333333333333,0.9999016943628507,5.379821126244251
ray_gpis_uncertainty_only,Thin_Irregular,2,0,0,0.0889,0.15545311814035168,0.0889,0.48122817202259455,38.727911615609514
ray_gpis_uncertainty_only,Thin_Irregular,2,0,1,0.16806666666666667,0.2535141456581918,0.16806666666666667,0.763917221583061,29.474885426391758
ray_gpis_uncertainty_only,Thin_Irregular,2,0,2,0.39686666666666665,0.5040094970749026,0.39686666666666665,0.7857616474225059,16.472479426677058
ray_gpis_uncertainty_only,Thin_Irregular,2,0,3,0.5662666666666667,0.6391539612859946,0.5662666666666667,0.9772197986760652,10.865451919443439
ray_gpis_uncertainty_only,Thin_Irregular,2,0,4,0.7028,0.7426890892080443,0.7028,0.9994964681940773,8.37917523933303
ray_gpis_uncertainty_only,Thin_Irregular,2,0,5,0.8461,0.8339252273052541,0.8461,0.9994964681940773,6.969982838118526
ray_gpis_uncertainty_only,Thin_Irregular,6,0,0,0.0443,0.07219226708800669,0.0443,0.49655644956441103,46.06284650689086
ray_gpis_uncertainty_only,Thin_Irregular,6,0,1,0.21766666666666667,0.3163480751329695,0.21766666666666667,0.52024058697092,29.016219076014114
ray_gpis_uncertainty_only,Thin_Irregular,6,0,2,0.28503333333333336,0.40760721866126787,0.28503333333333336,0.630243020928414,24.693706078153497
ray_gpis_uncertainty_only,Thin_Irregular,6,0,3,0.4426,0.5624631864810549,0.4426,0.8630584040366613,15.305233813770728
ray_gpis_uncertainty_only,Thin_Irregular,6,0,4,0.6403,0.7196421067034137,0.6403,0.9994935184488258,9.067794256760687
ray_gpis_uncertainty_only,Thin_Irregular,6,0,5,0.6488666666666667,0.7311484259400363,0.6488666666666667,0.9994935184488258,8.860170094533201
ray_gpis_uncertainty_only,Thin_Irregular,3,0,0,0.17556666666666668,0.2986928289902742,0.17556666666666668,0.38662007256354847,27.795951128806035
ray_gpis_uncertainty_only,Thin_Irregular,3,0,1,0.20056666666666667,0.28351918539710996,0.20056666666666667,0.6871364862540857,25.602892869221286
ray_gpis_uncertainty_only,Thin_Irregular,3,0,2,0.351,0.4573262817513665,0.351,0.7971389202115797,20.483792540291176
ray_gpis_uncertainty_only,Thin_Irregular,3,0,3,0.48846666666666666,0.5928318866494551,0.48846666666666666,0.8660423507255347,13.078249460785297
ray_gpis_uncertainty_only,Thin_Irregular,3,0,4,0.6864,0.7390556949110891,0.6864,0.9994935184488256,8.088586241640394
ray_gpis_uncertainty_only,Thin_Irregular,3,0,5,0.7414,0.7858716951381973,0.7414,0.9994935184488256,7.211485262333058
ray_gpis_uncertainty_only,Thin_Irregular,9,0,0,0.21733333333333332,0.35706462212486306,0.21733333333333332,0.35906075342246346,28.82600918288509
ray_gpis_uncertainty_only,Thin_Irregular,9,0,1,0.5233333333333333,0.687089715536105,0.5233333333333333,0.6627381549914266,11.488450858894124
ray_gpis_uncertainty_only,Thin_Irregular,9,0,2,0.5825,0.7218497285394283,0.5825,0.978385220495677,9.248453518368681
ray_gpis_uncertainty_only,Thin_Irregular,9,0,3,0.7898,0.86687522207415,0.7898,0.978385220495677,5.693715609222734
ray_gpis_uncertainty_only,Thin_Irregular,9,0,4,0.8347,0.8955484326703061,0.8347,0.9995529080783475,5.284666173071585
ray_gpis_uncertainty_only,Thin_Irregular,9,0,5,0.8586666666666667,0.9040175204988031,0.8586666666666667,0.9998525415442759,5.256180239814922
ray_gpis_uncertainty_only,Thin_Irregular,10,0,0,0.2685,0.4222912395581531,0.2685,0.3893425080968242,23.281099430178365
ray_gpis_uncertainty_only,Thin_Irregular,10,0,1,0.2956,0.45545309950982293,0.2956,0.39104577054128203,21.542770712069217
ray_gpis_uncertainty_only,Thin_Irregular,10,0,2,0.36973333333333336,0.5388756097087002,0.36973333333333336,0.657635532789812,18.230891481389982
ray_gpis_uncertainty_only,Thin_Irregular,10,0,3,0.4583,0.6268034325775862,0.4583,0.657635532789812,14.525126498343349
ray_gpis_uncertainty_only,Thin_Irregular,10,0,4,0.5222333333333333,0.68420902707169,0.5222333333333333,0.680476900087323,12.689964546411169
ray_gpis_uncertainty_only,Thin_Irregular,10,0,5,0.6293666666666666,0.7696276250584619,0.6293666666666666,0.8632801643365682,8.22546597034509
ray_gpis_uncertainty_only,Thin_Irregular,5,0,0,0.0456,0.07689713322091063,0.0456,0.47220427497104417,42.71996652277145
ray_gpis_uncertainty_only,Thin_Irregular,5,0,1,0.21403333333333333,0.3206470999483258,0.21403333333333333,0.4950947950871297,28.380466243854674
ray_gpis_uncertainty_only,Thin_Irregular,5,0,2,0.314,0.44796668885134555,0.314,0.6070043898290759,23.546231529669203
ray_gpis_uncertainty_only,Thin_Irregular,5,0,3,0.43466666666666665,0.5727208163570441,0.43466666666666665,0.65387184317559,17.609974993177417
ray_gpis_uncertainty_only,Thin_Irregular,5,0,4,0.5637333333333333,0.6862952792045514,0.5637333333333333,0.8097099992090439,12.024599337735873
ray_gpis_uncertainty_only,Thin_Irregular,5,0,5,0.5993,0.7152215933485159,0.5993,0.8335700534058234,11.366665995470203
ray_gpis_uncertainty_only,Thin_Irregular,11,0,0,0.22893333333333332,0.3725724205272865,0.22893333333333332,0.4781419596972961,23.056018266436585
ray_gpis_uncertainty_only,Thin_Irregular,11,0,1,0.3917,0.5617951539569856,0.3917,0.7489019042358113,13.04850136925929
ray_gpis_uncertainty_only,Thin_Irregular,11,0,2,0.42323333333333335,0.5639091008172719,0.42323333333333335,0.7489019042358113,13.379917457374065
ray_gpis_uncertainty_only,Thin_Irregular,11,0,3,0.5045666666666667,0.6422339333868535,0.5045666666666667,0.7507416158028755,12.031931251939868
ray_gpis_uncertainty_only,Thin_Irregular,11,0,4,0.6190333333333333,0.7364203251438318,0.6190333333333333,0.9053806900787507,9.507287847869021
ray_gpis_uncertainty_only,Thin_Irregular,11,0,5,0.7661,0.8374458285390959,0.7661,0.9529680137448059,6.336951268984632
ray_gpis_uncertainty_only,Thin_Irregular,0,0,0,0.1702,0.29059280287317557,0.1702,0.47210885176944767,31.966738744530474
ray_gpis_uncertainty_only,Thin_Irregular,0,0,1,0.241,0.3881652244155857,0.241,0.4932634949808324,27.13484603396777
ray_gpis_uncertainty_only,Thin_Irregular,0,0,2,0.3143666666666667,0.4392785274100076,0.3143666666666667,0.6852949017017032,17.575852450113135
ray_gpis_uncertainty_only,Thin_Irregular,0,0,3,0.5031,0.6167616118106037,0.5031,0.8646934784660081,12.352902554042481
ray_gpis_uncertainty_only,Thin_Irregular,0,0,4,0.667,0.7455104987037044,0.667,0.9975864325395877,8.13152703718157
ray_gpis_uncertainty_only,Thin_Irregular,0,0,5,0.6744333333333333,0.7558427896808702,0.6744333333333333,0.9975864325395877,8.010797180942866
ray_gpis_pointwise,green_Pepper,8,0,0,0.17653333333333332,0.30009066183136895,0.17653333333333332,0.025331942046531053,24.660143910978903
ray_gpis_pointwise,green_Pepper,8,0,1,0.20856666666666668,0.29911924274436447,0.20856666666666668,0.049746227054374155,27.502677994641747
ray_gpis_pointwise,green_Pepper,8,0,2,0.4012,0.5012129617399727,0.4012,0.0753927850135384,18.012081529026737
ray_gpis_pointwise,green_Pepper,8,0,3,0.6034333333333334,0.6683385233083283,0.6034333333333334,0.10069455470832973,11.313292205335511
ray_gpis_pointwise,green_Pepper,8,0,4,0.6091333333333333,0.621223258270021,0.6091333333333333,0.12585721501071162,11.868276224728382
ray_gpis_pointwise,green_Pepper,8,0,5,0.7749333333333334,0.7273799209639918,0.7749333333333334,0.14858284547872644,9.16832344775999
ray_gpis_pointwise,green_Pepper,13,0,0,0.24973333333333333,0.3996585938333511,0.24973333333333333,0.025173419059472523,21.987050723367314
ray_gpis_pointwise,green_Pepper,13,0,1,0.38903333333333334,0.5601497444265796,0.38903333333333334,0.051244515649817045,15.560831558971197
ray_gpis_pointwise,green_Pepper,13,0,2,0.42336666666666667,0.5948806819512423,0.42336666666666667,0.07485915127810623,13.8089333852315
ray_gpis_pointwise,green_Pepper,13,0,3,0.6224666666666666,0.7662060022501413,0.6224666666666666,0.098515246888556,7.437933130462223
ray_gpis_pointwise,green_Pepper,13,0,4,0.7192333333333333,0.8356000727525134,0.7192333333333333,0.12084770544906119,5.753715145173672
ray_gpis_pointwise,green_Pepper,13,0,5,0.8210666666666666,0.8990509598203206,0.8210666666666666,0.14381120009398485,4.947767276321062
ray_gpis_pointwise,green_Pepper,4,0,0,0.26153333333333334,0.41462770173862495,0.26153333333333334,0.025980856380777725,19.402332364458942
ray_gpis_pointwise,green_Pepper,4,0,1,0.4241,0.5927684548830429,0.4241,0.051001357425053837,13.343502845523403
ray_gpis_pointwise,green_Pepper,4,0,2,0.5377666666666666,0.6965214353938444,0.5377666666666666,0.07475464765125174,10.325070172719515
ray_gpis_pointwise,green_Pepper,4,0,3,0.7902333333333333,0.879631461233458,0.7902333333333333,0.10153853902094938,5.252978175054925
ray_gpis_pointwise,green_Pepper,4,0,4,0.7935666666666666,0.882247994437719,0.7935666666666666,0.124538396068946,5.11060516617208
ray_gpis_pointwise,green_Pepper,4,0,5,0.7955333333333333,0.8838043513026769,0.7955333333333333,0.14607896635767187,5.017446240206714
ray_gpis_pointwise,green_Pepper,1,0,0,0.25533333333333336,0.4067976633032395,0.25533333333333336,0.026098971174773278,18.578227511008286
ray_gpis_pointwise,green_Pepper,1,0,1,0.26653333333333334,0.4196928751285598,0.26653333333333334,0.04927147505143261,18.364398493245886
ray_gpis_pointwise,green_Pepper,1,0,2,0.4565,0.625264756644805,0.4565,0.07382515787281377,12.367175845055499
ray_gpis_pointwise,green_Pepper,1,0,3,0.4586,0.6264419733776833,0.4586,0.09646805326895415,12.526723783444238
ray_gpis_pointwise,green_Pepper,1,0,4,0.5953,0.7433024187227587,0.5953,0.11890104639562955,8.458785765203018
ray_gpis_pointwise,green_Pepper,1,0,5,0.7209333333333333,0.8345845859512677,0.7209333333333333,0.14187197243990926,5.94212093371093
ray_gpis_pointwise,green_Pepper,12,0,0,0.22476666666666667,0.3670358979941758,0.22476666666666667,0.026339008079423288,22.10629933507831
ray_gpis_pointwise,green_Pepper,12,0,1,0.4429,0.6139025573497817,0.4429,0.05164083170070452,13.078188736636305
ray_gpis_pointwise,green_Pepper,12,0,2,0.4911,0.658708336127691,0.4911,0.07598082084084819,11.637399029935885
ray_gpis_pointwise,green_Pepper,12,0,3,0.6766666666666666,0.8071570576540755,0.6766666666666666,0.10175293820126165,7.261451337612561
ray_gpis_pointwise,green_Pepper,12,0,4,0.8397,0.9128662281893787,0.8397,0.12894242492414032,5.14288531670983
ray_gpis_pointwise,green_Pepper,12,0,5,0.8532,0.9207856680336715,0.8532,0.15249360742657336,4.982021888965202
ray_gpis_pointwise,green_Pepper,7,0,0,0.27216666666666667,0.42787894667889426,0.27216666666666667,0.027815744430831364,18.105985173062248
ray_gpis_pointwise,green_Pepper,7,0,1,0.4423,0.611800599622593,0.4423,0.05390247838570824,12.979135809683736
ray_gpis_pointwise,green_Pepper,7,0,2,0.5005,0.6413292095531458,0.5005,0.07846846924012896,10.307997519262148
ray_gpis_pointwise,green_Pepper,7,0,3,0.7502,0.822901118109102,0.7502,0.10413777676567199,6.368674760975423
ray_gpis_pointwise,green_Pepper,7,0,4,0.8126,0.8661299040453636,0.8126,0.1285320670528674,5.782226787311252
ray_gpis_pointwise,green_Pepper,7,0,5,0.8470333333333333,0.8909434972166449,0.8470333333333333,0.15108598374575938,5.421342655240648
ray_gpis_pointwise,green_Pepper,14,0,0,0.20273333333333332,0.33712100216174273,0.20273333333333332,0.02698450674092895,23.31549234960228
ray_gpis_pointwise,green_Pepper,14,0,1,0.28813333333333335,0.4154861051726731,0.28813333333333335,0.050544339110236716,18.641769629722763
ray_gpis_pointwise,green_Pepper,14,0,2,0.41756666666666664,0.5550455706385212,0.41756666666666664,0.07649345173638418,15.389833035406374
ray_gpis_pointwise,green_Pepper,14,0,3,0.6254333333333333,0.7271240273873689,0.6254333333333333,0.10039243965930364,8.294446396129603
ray_gpis_pointwise,green_Pepper,14,0,4,0.6782333333333334,0.7709819986085376,0.6782333333333334,0.12360210903360584,7.402969571356169
ray_gpis_pointwise,green_Pepper,14,0,5,0.8728666666666667,0.8922256912891872,0.8728666666666667,0.1501812641755298,5.248668731857872
ray_gpis_pointwise,green_Pepper,2,0,0,0.16713333333333333,0.2863997258239561,0.16713333333333333,0.024683568848033317,25.018098583724818
ray_gpis_pointwise,green_Pepper,2,0,1,0.3479333333333333,0.5162470943172264,0.3479333333333333,0.046762819217509424,18.111796398864314
ray_gpis_pointwise,green_Pepper,2,0,2,0.38,0.5507246376811594,0.38,0.06578255857983141,16.225524520251902
ray_gpis_pointwise,green_Pepper,2,0,3,0.5489,0.7081368027654389,0.5489,0.09176025758327003,9.935853696451215
ray_gpis_pointwise,green_Pepper,2,0,4,0.6254666666666666,0.7456733539537563,0.6254666666666666,0.1158643435520911,8.385387778851667
ray_gpis_pointwise,green_Pepper,2,0,5,0.6964666666666667,0.7986455138177587,0.6964666666666667,0.13740848798594107,7.277079974122177
ray_gpis_pointwise,green_Pepper,6,0,0,0.12366666666666666,0.2075495447616117,0.12366666666666666,0.025102028846483184,25.09846313409737
ray_gpis_pointwise,green_Pepper,6,0,1,0.22003333333333333,0.34095168113443325,0.22003333333333333,0.046511186718224413,22.130487929125906
ray_gpis_pointwise,green_Pepper,6,0,2,0.3449333333333333,0.4891451223547399,0.3449333333333333,0.07002263445240414,16.011563694158422
ray_gpis_pointwise,green_Pepper,6,0,3,0.5298333333333334,0.6639255459398781,0.5298333333333334,0.09540773093793412,9.723506081750674
ray_gpis_pointwise,green_Pepper,6,0,4,0.7067666666666667,0.7955470944769492,0.7067666666666667,0.1207470519199279,6.851578429902571
ray_gpis_pointwise,green_Pepper,6,0,5,0.7475,0.826115682623581,0.7475,0.14419335042201598,6.262901991061129
ray_gpis_pointwise,green_Pepper,3,0,0,0.22263333333333332,0.36418659178276397,0.22263333333333332,0.027600778660634248,23.288284315181244
ray_gpis_pointwise,green_Pepper,3,0,1,0.3700333333333333,0.5401815040996569,0.3700333333333333,0.051996617536836195,16.269624990679944
ray_gpis_pointwise,green_Pepper,3,0,2,0.5537333333333333,0.7127778254526732,0.5537333333333333,0.07798172111076637,9.811930485539637
ray_gpis_pointwise,green_Pepper,3,0,3,0.6798333333333333,0.8094056950094255,0.6798333333333333,0.10284607594936386,6.863359077207934
ray_gpis_pointwise,green_Pepper,3,0,4,0.8648333333333333,0.9275180981320941,0.8648333333333333,0.12560855336816623,4.489392548926355
ray_gpis_pointwise,green_Pepper,3,0,5,0.9024333333333333,0.9487148038477039,0.9024333333333333,0.14765352673418322,4.087572292000634
ray_gpis_pointwise,green_Pepper,9,0,0,0.19493333333333332,0.3262664583798259,0.19493333333333332,0.0237707732199727,20.438654582033635
ray_gpis_pointwise,green_Pepper,9,0,1,0.24143333333333333,0.34810587839985024,0.24143333333333333,0.04981785575091899,18.96409257651825
ray_gpis_pointwise,green_Pepper,9,0,2,0.4381,0.5585880329498766,0.4381,0.07334074159422976,14.498197237046268
ray_gpis_pointwise,green_Pepper,9,0,3,0.4757,0.6013577329732583,0.4757,0.09563912621803546,13.072397484963895
ray_gpis_pointwise,green_Pepper,9,0,4,0.5218333333333334,0.6435290198834333,0.5218333333333334,0.11712885964691974,11.36292319337671
ray_gpis_pointwise,green_Pepper,9,0,5,0.7022333333333334,0.7729725726028948,0.7022333333333334,0.14284304418675633,7.361355313992518
ray_gpis_pointwise,green_Pepper,10,0,0,0.2429,0.39086008528441546,0.2429,0.02421220969372436,20.290410201767745
ray_gpis_pointwise,green_Pepper,10,0,1,0.2778,0.4348098293942714,0.2778,0.04576033141951649,19.38229606217521
ray_gpis_pointwise,green_Pepper,10,0,2,0.47073333333333334,0.6401341734282217,0.47073333333333334,0.071059825855832,11.973200290594155
ray_gpis_pointwise,green_Pepper,10,0,3,0.4849,0.6531079533975351,0.4849,0.09618416602035323,11.691954578240429
ray_gpis_pointwise,green_Pepper,10,0,4,0.5391666666666667,0.7005955603681646,0.5391666666666667,0.11803435752407695,10.435729891582248
ray_gpis_pointwise,green_Pepper,10,0,5,0.6744,0.8035036816275863,0.6744,0.14018991344877185,7.413547287924592
ray_gpis_pointwise,green_Pepper,5,0,0,0.1866,0.31451205123883363,0.1866,0.02514446323693746,25.779263996254766
ray_gpis_pointwise,green_Pepper,5,0,1,0.3484,0.5167606051616731,0.3484,0.051318613416328436,16.251677912470925
ray_gpis_pointwise,green_Pepper,5,0,2,0.5089333333333333,0.6745603958646285,0.5089333333333333,0.07792566697462018,9.618973922678904
ray_gpis_pointwise,green_Pepper,5,0,3,0.6462333333333333,0.7851053921072346,0.6462333333333333,0.10144260389636113,6.836589797657945
ray_gpis_pointwise,green_Pepper,5,0,4,0.7233,0.8394359658794174,0.7233,0.12422818742904966,5.98004083823624
ray_gpis_pointwise,green_Pepper,5,0,5,0.7668,0.8680099615123388,0.7668,0.14462952710289317,5.463683714429318
ray_gpis_pointwise,green_Pepper,11,0,0,0.23796666666666666,0.38444761571393954,0.23796666666666666,0.026636637493141675,18.27247993096897
ray_gpis_pointwise,green_Pepper,11,0,1,0.44016666666666665,0.6112718435366277,0.44016666666666665,0.05241435288097528,10.916247639453783
ray_gpis_pointwise,green_Pepper,11,0,2,0.6340666666666667,0.7760597282852597,0.6340666666666667,0.07840221660754508,6.407838139940556
ray_gpis_pointwise,green_Pepper,11,0,3,0.703,0.8256018790369936,0.703,0.10334626655824389,5.6611174962832305
ray_gpis_pointwise,green_Pepper,11,0,4,0.8051,0.8920281424851809,0.8051,0.12693619685912488,4.939241634224663
ray_gpis_pointwise,green_Pepper,11,0,5,0.8376333333333333,0.9116435995574018,0.8376333333333333,0.14705919968419753,4.736089321552765
ray_gpis_pointwise,green_Pepper,0,0,0,0.23516666666666666,0.3807853191202267,0.23516666666666666,0.026892788068556377,21.036948665486307
ray_gpis_pointwise,green_Pepper,0,0,1,0.4882666666666667,0.6561548109657768,0.4882666666666667,0.05185330823752731,11.287993034192647
ray_gpis_pointwise,green_Pepper,0,0,2,0.7224,0.838829540176498,0.7224,0.07951905287534006,6.27602855472955
ray_gpis_pointwise,green_Pepper,0,0,3,0.7269666666666666,0.8419000559748305,0.7269666666666666,0.10447611202789933,6.133357041648173
ray_gpis_pointwise,green_Pepper,0,0,4,0.7904666666666667,0.8829727817701157,0.7904666666666667,0.127258769065752,5.428098033261243
ray_gpis_pointwise,green_Pepper,0,0,5,0.8684,0.9295654035538429,0.8684,0.15247065941851337,4.866866845647781
ray_gpis_pointwise,Corner,8,0,0,0.22656666666666667,0.36943229067587036,0.22656666666666667,0.01395916252323968,16.32794888727207
ray_gpis_pointwise,Corner,8,0,1,0.4043,0.5696779945918292,0.4043,0.028412358585738887,10.858590712008693
ray_gpis_pointwise,Corner,8,0,2,0.46123333333333333,0.6262391308554455,0.46123333333333333,0.041142867250551024,10.054202940584355
ray_gpis_pointwise,Corner,8,0,3,0.5596333333333333,0.7125225231271151,0.5596333333333333,0.05502593412359981,8.591275348813616
ray_gpis_pointwise,Corner,8,0,4,0.7319333333333333,0.8395792047855407,0.7319333333333333,0.06900340406518055,5.992783919401222
ray_gpis_pointwise,Corner,8,0,5,0.871,0.9194023169631615,0.871,0.08310791054558242,4.733064901602272
ray_gpis_pointwise,Corner,13,0,0,0.2784333333333333,0.435585221495059,0.2784333333333333,0.015361696013389875,18.74924806633235
ray_gpis_pointwise,Corner,13,0,1,0.43856666666666666,0.6097272748337466,0.43856666666666666,0.02655261623269595,12.50078293443498
ray_gpis_pointwise,Corner,13,0,2,0.5182666666666667,0.6026284847661004,0.5182666666666667,0.04243606139979552,11.372997001977794
ray_gpis_pointwise,Corner,13,0,3,0.7998333333333333,0.7976593666593035,0.7998333333333333,0.05603359760443175,7.425350070987042
ray_gpis_pointwise,Corner,13,0,4,0.8073333333333333,0.8191265179751179,0.8073333333333333,0.06663076411130375,6.85544329115823
ray_gpis_pointwise,Corner,13,0,5,0.8408,0.8461418234036623,0.8408,0.07718633566340131,6.3967185267900515
ray_gpis_pointwise,Corner,4,0,0,0.26256666666666667,0.41592523167093487,0.26256666666666667,0.01487784886162602,14.693079320834716
ray_gpis_pointwise,Corner,4,0,1,0.4144,0.5829631539285289,0.4144,0.026754825099511256,10.730420923071696
ray_gpis_pointwise,Corner,4,0,2,0.5305333333333333,0.6804952766153175,0.5305333333333333,0.04145992239814314,8.754544605915719
ray_gpis_pointwise,Corner,4,0,3,0.6907666666666666,0.8047121183394578,0.6907666666666666,0.05617040210221595,6.517602760540338
ray_gpis_pointwise,Corner,4,0,4,0.7025666666666667,0.7824221143200605,0.7025666666666667,0.06935609786145028,6.860185944059082
ray_gpis_pointwise,Corner,4,0,5,0.7322333333333333,0.8055666336758369,0.7322333333333333,0.07966442829950948,6.407494051083347
ray_gpis_pointwise,Corner,1,0,0,0.267,0.4214680347277033,0.267,0.01595855135772935,15.812157174313501
ray_gpis_pointwise,Corner,1,0,1,0.3521666666666667,0.5194219441583201,0.3521666666666667,0.029931303584593505,13.421300110484488
ray_gpis_pointwise,Corner,1,0,2,0.463,0.631339016757816,0.463,0.04160279153054164,10.75818650496947
ray_gpis_pointwise,Corner,1,0,3,0.49523333333333336,0.6609403329091925,0.49523333333333336,0.05088403454041377,9.770574675761349
ray_gpis_pointwise,Corner,1,0,4,0.5679666666666666,0.6977534791292316,0.5679666666666666,0.06392273292920743,8.737769813851413
ray_gpis_pointwise,Corner,1,0,5,0.6862333333333334,0.7837734891288495,0.6862333333333334,0.07727030930192218,7.409559182466251
ray_gpis_pointwise,Corner,12,0,0,0.2412,0.38865613922010955,0.2412,0.014781233655200033,21.688327946334454
ray_gpis_pointwise,Corner,12,0,1,0.4592,0.6293859649122807,0.4592,0.028329480069499115,10.62168283972001
ray_gpis_pointwise,Corner,12,0,2,0.4831666666666667,0.6515338802112597,0.4831666666666667,0.041110733214479944,10.21343929387283
ray_gpis_pointwise,Corner,12,0,3,0.57,0.7261146496815287,0.57,0.05371963295923885,7.935851408032275
ray_gpis_pointwise,Corner,12,0,4,0.6159,0.7622996472553996,0.6159,0.06590520488418601,7.04521786786491
ray_gpis_pointwise,Corner,12,0,5,0.6956666666666667,0.8200483821357416,0.6956666666666667,0.0760462619583237,6.175574926839215
ray_gpis_pointwise,Corner,7,0,0,0.25276666666666664,0.40353351249235025,0.25276666666666664,0.0147610122600415,20.086017616727407
ray_gpis_pointwise,Corner,7,0,1,0.2543,0.405485131148848,0.2543,0.02777315203964255,20.004743289324875
ray_gpis_pointwise,Corner,7,0,2,0.42506666666666665,0.5965568862275449,0.42506666666666665,0.041450441664132365,13.218992171451227
ray_gpis_pointwise,Corner,7,0,3,0.6019,0.7514826143954054,0.6019,0.05446826186869828,7.407090847997518
ray_gpis_pointwise,Corner,7,0,4,0.7215333333333334,0.8382449754095187,0.7215333333333334,0.06830156585104549,5.386120759770549
ray_gpis_pointwise,Corner,7,0,5,0.7883666666666667,0.8816611060371661,0.7883666666666667,0.0818144209218422,4.665144470329225
ray_gpis_pointwise,Corner,14,0,0,0.21596666666666667,0.3552180706707969,0.21596666666666667,0.012567667090866827,22.32835786201899
ray_gpis_pointwise,Corner,14,0,1,0.32763333333333333,0.493559968866906,0.32763333333333333,0.02663581284023216,18.727001154517538
ray_gpis_pointwise,Corner,14,0,2,0.5145,0.6794321558270056,0.5145,0.04089680211257586,10.54192165487474
ray_gpis_pointwise,Corner,14,0,3,0.5145,0.648152014668082,0.5145,0.0522986154581841,11.619996713073126
ray_gpis_pointwise,Corner,14,0,4,0.6995666666666667,0.7890757296630354,0.6995666666666667,0.06352582006937568,7.018374226520169
ray_gpis_pointwise,Corner,14,0,5,0.8111666666666667,0.8606410488463011,0.8111666666666667,0.07728762326622807,5.856446524947365
ray_gpis_pointwise,Corner,2,0,0,0.2056,0.3410749834107498,0.2056,0.012299470974613846,21.825286937414454
ray_gpis_pointwise,Corner,2,0,1,0.40653333333333336,0.5780642714949284,0.40653333333333336,0.026355302792204934,11.806975041910007
ray_gpis_pointwise,Corner,2,0,2,0.5250666666666667,0.6885819199160693,0.5250666666666667,0.039383605693667424,8.931407894241202
ray_gpis_pointwise,Corner,2,0,3,0.6527666666666667,0.7899078313131517,0.6527666666666667,0.0529338013877015,7.096598714617784
ray_gpis_pointwise,Corner,2,0,4,0.7856,0.8799283154121863,0.7856,0.0668778366288991,5.709684902828718
ray_gpis_pointwise,Corner,2,0,5,0.8339,0.8742891272122957,0.8339,0.07879381481246388,5.519285366363941
ray_gpis_pointwise,Corner,6,0,0,0.3471,0.5153292257441913,0.3471,0.016433290179153834,12.788511913261631
ray_gpis_pointwise,Corner,6,0,1,0.5007333333333334,0.6673181999911155,0.5007333333333334,0.02987664146373056,9.670427351082312
ray_gpis_pointwise,Corner,6,0,2,0.5973666666666667,0.7472577272385882,0.5973666666666667,0.04291209120041716,7.605732830683635
ray_gpis_pointwise,Corner,6,0,3,0.749,0.8544565530834778,0.749,0.05779191745209192,5.867567650874403
ray_gpis_pointwise,Corner,6,0,4,0.8401,0.9112029557577348,0.8401,0.07062695225785298,5.053944145363477
ray_gpis_pointwise,Corner,6,0,5,0.9095666666666666,0.9509087802878146,0.9095666666666666,0.08384016308246452,4.601097179332467
ray_gpis_pointwise,Corner,3,0,0,0.291,0.45081332300542215,0.291,0.013977482509515853,17.312115290103243
ray_gpis_pointwise,Corner,3,0,1,0.4740333333333333,0.6431785803125212,0.4740333333333333,0.02605093207904409,10.64841590754332
ray_gpis_pointwise,Corner,3,0,2,0.5818333333333333,0.7356442945948793,0.5818333333333333,0.040202206642381756,8.052023913760655
ray_gpis_pointwise,Corner,3,0,3,0.6149666666666667,0.7615843464261388,0.6149666666666667,0.05231306915653518,7.593181782533787
ray_gpis_pointwise,Corner,3,0,4,0.8140666666666667,0.8955908831906843,0.8140666666666667,0.06584391723995017,4.797646137114498
ray_gpis_pointwise,Corner,3,0,5,0.836,0.9089951387172334,0.836,0.0760925096800801,4.58368510149456
ray_gpis_pointwise,Corner,9,0,0,0.3046333333333333,0.46700222284677684,0.3046333333333333,0.015302807699686444,17.94553113302162
ray_gpis_pointwise,Corner,9,0,1,0.3708666666666667,0.5374189434582305,0.3708666666666667,0.029070009513831083,16.020099810121263
ray_gpis_pointwise,Corner,9,0,2,0.4835333333333333,0.6484490831304166,0.4835333333333333,0.04267888325272304,11.480482665580832
ray_gpis_pointwise,Corner,9,0,3,0.6769333333333334,0.8031988126309754,0.6769333333333334,0.0563420124796704,7.077961856425879
ray_gpis_pointwise,Corner,9,0,4,0.8125666666666667,0.8921809713950285,0.8125666666666667,0.06912633041294265,5.339342878412023
ray_gpis_pointwise,Corner,9,0,5,0.8557,0.918276073444514,0.8557,0.079589981872138,4.9040913536605615
ray_gpis_pointwise,Corner,10,0,0,0.27736666666666665,0.43427885493593593,0.27736666666666665,0.016179064632805214,13.979200033092459
ray_gpis_pointwise,Corner,10,0,1,0.3107,0.4740978103303578,0.3107,0.028198232628753706,13.236306820270098
ray_gpis_pointwise,Corner,10,0,2,0.3723,0.5425927275377104,0.3723,0.03812251160082318,12.068029733636507
ray_gpis_pointwise,Corner,10,0,3,0.48056666666666664,0.6491658599184996,0.48056666666666664,0.05101696897566366,9.554726316092877
ray_gpis_pointwise,Corner,10,0,4,0.6402333333333333,0.7801279992989146,0.6402333333333333,0.06548959283567904,6.901700571701188
ray_gpis_pointwise,Corner,10,0,5,0.7017,0.8242156893895402,0.7017,0.07899626773121995,6.054664391871033
ray_gpis_pointwise,Corner,5,0,0,0.18556666666666666,0.313042989287823,0.18556666666666666,0.0129417950528062,16.671070717153324
ray_gpis_pointwise,Corner,5,0,1,0.4570666666666667,0.6273792093704246,0.4570666666666667,0.028782710879886247,8.713822073243467
ray_gpis_pointwise,Corner,5,0,2,0.5706,0.7234998479566155,0.5706,0.04088015532883602,7.639821357375838
ray_gpis_pointwise,Corner,5,0,3,0.7989666666666667,0.8848773025454508,0.7989666666666667,0.056336675978494025,5.245995802833535
ray_gpis_pointwise,Corner,5,0,4,0.8134,0.8817748030340092,0.8134,0.06826952392871669,5.4959021901297715
ray_gpis_pointwise,Corner,5,0,5,0.8140666666666667,0.8528949493527731,0.8140666666666667,0.07912283729549886,5.948448592427487
ray_gpis_pointwise,Corner,11,0,0,0.302,0.4639016897081413,0.302,0.014843439403552703,17.577555865151414
ray_gpis_pointwise,Corner,11,0,1,0.34996666666666665,0.5184819378256253,0.34996666666666665,0.026858210896916358,16.040174796627564
ray_gpis_pointwise,Corner,11,0,2,0.3615333333333333,0.5310679136267933,0.3615333333333333,0.03954589722670416,15.378129284450198
ray_gpis_pointwise,Corner,11,0,3,0.5106333333333334,0.6760519870253096,0.5106333333333334,0.0506589896714754,10.16823049490128
ray_gpis_pointwise,Corner,11,0,4,0.6405,0.7808594940566901,0.6405,0.06532441384187904,6.249326125347003
ray_gpis_pointwise,Corner,11,0,5,0.762,0.8649262202043133,0.762,0.07928900412510308,4.9780294265701235
ray_gpis_pointwise,Corner,0,0,0,0.14786666666666667,0.25763735625508194,0.14786666666666667,0.014667440564133464,24.244223702321438
ray_gpis_pointwise,Corner,0,0,1,0.2820666666666667,0.4400187197753627,0.2820666666666667,0.028342150255018347,15.606909770045508
ray_gpis_pointwise,Corner,0,0,2,0.4553,0.6257129114271971,0.4553,0.040707537527598,10.030404763506624
ray_gpis_pointwise,Corner,0,0,3,0.5817333333333333,0.7355643597740875,0.5817333333333333,0.055018023165278804,7.810462015508472
ray_gpis_pointwise,Corner,0,0,4,0.6703,0.8026103095252349,0.6703,0.06722194036444845,6.591074943759975
ray_gpis_pointwise,Corner,0,0,5,0.6893666666666667,0.8161243858645252,0.6893666666666667,0.07825827636029557,6.431585618319341
ray_gpis_pointwise,L_Shaped,8,0,0,0.11183333333333334,0.187964793006623,0.11183333333333334,0.02461071157282423,21.1728940694951
ray_gpis_pointwise,L_Shaped,8,0,1,0.24906666666666666,0.3786691172495811,0.24906666666666666,0.04766100388131347,15.638485912361743
ray_gpis_pointwise,L_Shaped,8,0,2,0.29006666666666664,0.4329824251320129,0.29006666666666664,0.07095105131124767,14.558860471519507
ray_gpis_pointwise,L_Shaped,8,0,3,0.38663333333333333,0.5359717041082583,0.38663333333333333,0.09363872592113151,12.178012455156713
ray_gpis_pointwise,L_Shaped,8,0,4,0.4523,0.6011270704659007,0.4523,0.11403908650597687,9.94192845045623
ray_gpis_pointwise,L_Shaped,8,0,5,0.5860333333333333,0.7025583951008932,0.5860333333333333,0.13937205103224265,8.48237614275249
ray_gpis_pointwise,L_Shaped,13,0,0,0.2591333333333333,0.4116058664689999,0.2591333333333333,0.029113963083183352,16.601435910053105
ray_gpis_pointwise,L_Shaped,13,0,1,0.29063333333333335,0.4485199781302084,0.29063333333333335,0.05301457067416338,16.15961320369281
ray_gpis_pointwise,L_Shaped,13,0,2,0.3741,0.5428081020701692,0.3741,0.07424793941395745,14.6020475239036
ray_gpis_pointwise,L_Shaped,13,0,3,0.3943,0.5632062018106417,0.3943,0.09487763781925544,13.943901164362217
ray_gpis_pointwise,L_Shaped,13,0,4,0.46,0.6274602923328585,0.46,0.11447702494509712,12.446502955569809
ray_gpis_pointwise,L_Shaped,13,0,5,0.5636333333333333,0.7179962295750757,0.5636333333333333,0.13481304554779416,9.126597842786273
ray_gpis_pointwise,L_Shaped,4,0,0,0.3038,0.4660223960730173,0.3038,0.026934919808635556,15.762701956181898
ray_gpis_pointwise,L_Shaped,4,0,1,0.4744333333333333,0.6418398390288061,0.4744333333333333,0.057547408547210306,11.802968912164381
ray_gpis_pointwise,L_Shaped,4,0,2,0.7199666666666666,0.835249758749621,0.7199666666666666,0.08149644616495609,5.738627414634046
ray_gpis_pointwise,L_Shaped,4,0,3,0.7360333333333333,0.84633930277934,0.7360333333333333,0.10594320040331154,5.490245468183131
ray_gpis_pointwise,L_Shaped,4,0,4,0.7805666666666666,0.8746705940090664,0.7805666666666666,0.1304021958335637,5.067247968833462
ray_gpis_pointwise,L_Shaped,4,0,5,0.8286,0.9044616186543206,0.8286,0.1547914431489088,4.6502349068609385
ray_gpis_pointwise,L_Shaped,1,0,0,0.2566,0.4054256199474397,0.2566,0.02841618026445339,19.69524384873689
ray_gpis_pointwise,L_Shaped,1,0,1,0.26063333333333333,0.3676362641552403,0.26063333333333333,0.0566262488762841,20.84061776370798
ray_gpis_pointwise,L_Shaped,1,0,2,0.47473333333333334,0.5738233671254036,0.47473333333333334,0.08131131136569479,13.027045216234663
ray_gpis_pointwise,L_Shaped,1,0,3,0.5116,0.6190289041239175,0.5116,0.10325047319043618,11.49719534630777
ray_gpis_pointwise,L_Shaped,1,0,4,0.6379,0.7106110242915707,0.6379,0.12675245938962051,8.885653205682798
ray_gpis_pointwise,L_Shaped,1,0,5,0.7228,0.774345276073978,0.7228,0.14850017906754964,7.371065969246497
ray_gpis_pointwise,L_Shaped,12,0,0,0.24506666666666665,0.39366031270079244,0.24506666666666665,0.02719481159357569,16.64804231685207
ray_gpis_pointwise,L_Shaped,12,0,1,0.27163333333333334,0.36881230128647563,0.27163333333333334,0.05092151282757526,17.732443831536646
ray_gpis_pointwise,L_Shaped,12,0,2,0.49433333333333335,0.5942554545084456,0.49433333333333335,0.07849398964380047,11.629784048400488
ray_gpis_pointwise,L_Shaped,12,0,3,0.6074333333333334,0.6758261144417511,0.6074333333333334,0.10328867235306918,8.743468019929217
ray_gpis_pointwise,L_Shaped,12,0,4,0.6549,0.6773413432518652,0.6549,0.12414797691156385,8.383697360568762
ray_gpis_pointwise,L_Shaped,12,0,5,0.7370666666666666,0.7442790543024462,0.7370666666666666,0.14600710361933983,7.4804766406975425
ray_gpis_pointwise,L_Shaped,7,0,0,0.17453333333333335,0.29628825877298914,0.17453333333333335,0.025035502203226638,23.28715047245427
ray_gpis_pointwise,L_Shaped,7,0,1,0.2875333333333333,0.4436989700298235,0.2875333333333333,0.04820750852757912,19.07141333004431
ray_gpis_pointwise,L_Shaped,7,0,2,0.5277333333333334,0.6854279919025601,0.5277333333333334,0.07636293231823972,10.193401075952664
ray_gpis_pointwise,L_Shaped,7,0,3,0.6388333333333334,0.7702945431441983,0.6388333333333334,0.106217118930342,7.888242184234527
ray_gpis_pointwise,L_Shaped,7,0,4,0.6578,0.7857482430508369,0.6578,0.13047166466100285,7.4327494506040095
ray_gpis_pointwise,L_Shaped,7,0,5,0.8082666666666667,0.8855228915983101,0.8082666666666667,0.15522827173485262,5.455921092894852
ray_gpis_pointwise,L_Shaped,14,0,0,0.3131,0.47688675653034807,0.3131,0.029311373635666445,15.808983679251307
ray_gpis_pointwise,L_Shaped,14,0,1,0.46076666666666666,0.6308559432261597,0.46076666666666666,0.04972467242394992,11.673034153616653
ray_gpis_pointwise,L_Shaped,14,0,2,0.6855,0.8134084841293385,0.6855,0.07441652056716815,6.146065848699459
ray_gpis_pointwise,L_Shaped,14,0,3,0.7711333333333333,0.8707795385252382,0.7711333333333333,0.09898767192378195,5.251695590177862
ray_gpis_pointwise,L_Shaped,14,0,4,0.8278666666666666,0.9043057123443053,0.8278666666666666,0.12043073755577201,4.7643282723958915
ray_gpis_pointwise,L_Shaped,14,0,5,0.8825,0.9355367881328338,0.8825,0.14240162218771793,4.453958960122201
ray_gpis_pointwise,L_Shaped,2,0,0,0.23113333333333333,0.3754805869930145,0.23113333333333333,0.028225772146395732,20.183168641920943
ray_gpis_pointwise,L_Shaped,2,0,1,0.3078,0.470714176479584,0.3078,0.055070561750228966,17.60492111254134
ray_gpis_pointwise,L_Shaped,2,0,2,0.3783666666666667,0.5490072791468162,0.3783666666666667,0.08019604354251872,14.982062727157848
ray_gpis_pointwise,L_Shaped,2,0,3,0.4618,0.6318237789027227,0.4618,0.10520411703594194,12.562717839172516
ray_gpis_pointwise,L_Shaped,2,0,4,0.5094,0.6749701868292036,0.5094,0.12466631301613092,11.67481071191915
ray_gpis_pointwise,L_Shaped,2,0,5,0.5979,0.7471417212397543,0.5979,0.14686116411922448,7.8624041132454785
ray_gpis_pointwise,L_Shaped,6,0,0,0.2435,0.39163650985122633,0.2435,0.02584688682098895,19.34810089292677
ray_gpis_pointwise,L_Shaped,6,0,1,0.31643333333333334,0.4807434228850683,0.31643333333333334,0.051917166960822686,16.49779095262094
ray_gpis_pointwise,L_Shaped,6,0,2,0.4332666666666667,0.5640192238948722,0.4332666666666667,0.075991296450854,11.409021768844053
ray_gpis_pointwise,L_Shaped,6,0,3,0.6316666666666667,0.7266831616864395,0.6316666666666667,0.10110618934473528,8.899062163710711
ray_gpis_pointwise,L_Shaped,6,0,4,0.6714666666666667,0.7586105888225027,0.6714666666666667,0.1204987123341818,8.073863481774369
ray_gpis_pointwise,L_Shaped,6,0,5,0.8513666666666667,0.871933453472831,0.8513666666666667,0.14365207919314515,5.731662052793466
ray_gpis_pointwise,L_Shaped,3,0,0,0.2501,0.40012798976081915,0.2501,0.025750858855037487,21.361364102214313
ray_gpis_pointwise,L_Shaped,3,0,1,0.28436666666666666,0.442812281020477,0.28436666666666666,0.05080289024071377,19.41582354369809
ray_gpis_pointwise,L_Shaped,3,0,2,0.3433,0.5111293084195637,0.3433,0.07415167020378713,15.910642481896748
ray_gpis_pointwise,L_Shaped,3,0,3,0.3977333333333333,0.5691118954497758,0.3977333333333333,0.09699246656353595,13.937256879700966
ray_gpis_pointwise,L_Shaped,3,0,4,0.5330666666666667,0.6949945277436579,0.5330666666666667,0.1224298112216222,10.063292005142866
ray_gpis_pointwise,L_Shaped,3,0,5,0.614,0.7603892284727655,0.614,0.14447936636426112,8.067378842978432
ray_gpis_pointwise,L_Shaped,9,0,0,0.2869333333333333,0.4459179444674679,0.2869333333333333,0.030276722748135927,17.01080976120665
ray_gpis_pointwise,L_Shaped,9,0,1,0.36933333333333335,0.5394352482960079,0.36933333333333335,0.05040186184952867,12.719837704001783
ray_gpis_pointwise,L_Shaped,9,0,2,0.4991,0.6658661863784938,0.4991,0.0739896912606814,10.18935691605005
ray_gpis_pointwise,L_Shaped,9,0,3,0.5201333333333333,0.6843259363213753,0.5201333333333333,0.09705541843814439,9.584468620654011
ray_gpis_pointwise,L_Shaped,9,0,4,0.7291333333333333,0.8385543264286294,0.7291333333333333,0.12221093847572505,5.658715711762806
ray_gpis_pointwise,L_Shaped,9,0,5,0.7791,0.8714061939195975,0.7791,0.14457390623211164,5.410762382365616
ray_gpis_pointwise,L_Shaped,10,0,0,0.187,0.3128648099933265,0.187,0.025736644416292396,24.682241137477735
ray_gpis_pointwise,L_Shaped,10,0,1,0.35076666666666667,0.5165206476768611,0.35076666666666667,0.048632135260056004,14.221991244276243
ray_gpis_pointwise,L_Shaped,10,0,2,0.4231666666666667,0.5922289421252585,0.4231666666666667,0.07208650997579205,11.885218735755643
ray_gpis_pointwise,L_Shaped,10,0,3,0.5926,0.740584967813128,0.5926,0.09179588471784883,7.664942094127824
ray_gpis_pointwise,L_Shaped,10,0,4,0.7021333333333334,0.8214145616190138,0.7021333333333334,0.11569497901148422,6.144249668774846
ray_gpis_pointwise,L_Shaped,10,0,5,0.7678333333333334,0.8652551655017983,0.7678333333333334,0.13814457662214127,5.388690661084275
ray_gpis_pointwise,L_Shaped,5,0,0,0.2035,0.3381803074366431,0.2035,0.026636184470137155,21.867820338419964
ray_gpis_pointwise,L_Shaped,5,0,1,0.3602666666666667,0.5297000588119977,0.3602666666666667,0.05295038130775427,15.552871461357617
ray_gpis_pointwise,L_Shaped,5,0,2,0.37073333333333336,0.540926997714119,0.37073333333333336,0.07424252676617024,15.206650052832824
ray_gpis_pointwise,L_Shaped,5,0,3,0.5456666666666666,0.7054342253499014,0.5456666666666666,0.09744032012871452,9.769572712869989
ray_gpis_pointwise,L_Shaped,5,0,4,0.6675333333333333,0.7999994081772155,0.6675333333333333,0.12141059875038453,7.258015678415169
ray_gpis_pointwise,L_Shaped,5,0,5,0.7406333333333334,0.847637892412587,0.7406333333333334,0.1478287957769214,6.258467633741571
ray_gpis_pointwise,L_Shaped,11,0,0,0.2637,0.4173458890559468,0.2637,0.025925881469504326,18.67696007267469
ray_gpis_pointwise,L_Shaped,11,0,1,0.4674,0.637045113806733,0.4674,0.05355051158587873,10.885152395452966
ray_gpis_pointwise,L_Shaped,11,0,2,0.5508666666666666,0.7103984868675579,0.5508666666666666,0.07786504254833274,9.530663426178135
ray_gpis_pointwise,L_Shaped,11,0,3,0.7859333333333334,0.8778955843886476,0.7859333333333334,0.1059234591870321,5.8212170838535915
ray_gpis_pointwise,L_Shaped,11,0,4,0.8291,0.9046103734356341,0.8291,0.13386535834190927,5.290663660707292
ray_gpis_pointwise,L_Shaped,11,0,5,0.9023333333333333,0.9457947987066824,0.9023333333333333,0.1588267573124637,4.761588747176984
ray_gpis_pointwise,L_Shaped,0,0,0,0.06146666666666667,0.1071295779884737,0.06146666666666667,0.021944112965767877,23.210374055230822
ray_gpis_pointwise,L_Shaped,0,0,1,0.27953333333333336,0.4006245171828925,0.27953333333333336,0.050265295408304975,15.20272440149872
ray_gpis_pointwise,L_Shaped,0,0,2,0.29933333333333334,0.4348940025933043,0.29933333333333334,0.0732458124779765,14.168203647477783
ray_gpis_pointwise,L_Shaped,0,0,3,0.45513333333333333,0.5927026101825859,0.45513333333333333,0.09617995273894818,10.129282959634896
ray_gpis_pointwise,L_Shaped,0,0,4,0.4716,0.6104474651263654,0.4716,0.11670265178200956,9.960957891070729
ray_gpis_pointwise,L_Shaped,0,0,5,0.6481,0.7518992520364697,0.6481,0.14448672839021925,7.923142898359461
ray_gpis_pointwise,Cylinder,8,0,0,0.057633333333333335,0.09996341347739088,0.057633333333333335,0.034825256369194896,34.65147145393847
ray_gpis_pointwise,Cylinder,8,0,1,0.3045,0.4285234523676256,0.3045,0.07026971905664467,20.583336659860567
ray_gpis_pointwise,Cylinder,8,0,2,0.3989333333333333,0.5056577843740828,0.3989333333333333,0.10535313221169293,15.804500049916701
ray_gpis_pointwise,Cylinder,8,0,3,0.5163,0.6151680516359205,0.5163,0.13788556960884985,12.885472001709083
ray_gpis_pointwise,Cylinder,8,0,4,0.7882333333333333,0.8030728568307339,0.7882333333333333,0.19705894961337628,7.156318546331968
ray_gpis_pointwise,Cylinder,8,0,5,0.8118333333333333,0.7705367841637799,0.8118333333333333,0.24303126416026355,7.856882933923545
ray_gpis_pointwise,Cylinder,13,0,0,0.1637,0.28134398900060154,0.1637,0.0348292514590591,25.399308413207184
ray_gpis_pointwise,Cylinder,13,0,1,0.27426666666666666,0.430469812702731,0.27426666666666666,0.08050094915416144,20.865068526645278
ray_gpis_pointwise,Cylinder,13,0,2,0.3921,0.563321600459737,0.3921,0.1480872018922677,15.368723384591053
ray_gpis_pointwise,Cylinder,13,0,3,0.3978,0.5691801402203462,0.3978,0.18067800033496748,15.174849865859478
ray_gpis_pointwise,Cylinder,13,0,4,0.5762666666666667,0.7311791575029606,0.5762666666666667,0.21404623266527162,8.561855342121943
ray_gpis_pointwise,Cylinder,13,0,5,0.7748,0.8731124633761551,0.7748,0.24792680320860894,5.062051382644593
ray_gpis_pointwise,Cylinder,4,0,0,0.2775,0.43444227005870845,0.2775,0.03714495919318417,19.73778139526578
ray_gpis_pointwise,Cylinder,4,0,1,0.3052,0.4676677903769537,0.3052,0.0708417146995151,19.02110727347354
ray_gpis_pointwise,Cylinder,4,0,2,0.4835,0.6518368722615436,0.4835,0.11671871298060965,12.29398566915311
ray_gpis_pointwise,Cylinder,4,0,3,0.6257666666666667,0.7698111660139831,0.6257666666666667,0.18457987007824606,8.287798139998676
ray_gpis_pointwise,Cylinder,4,0,4,0.7156666666666667,0.8342723916844764,0.7156666666666667,0.2190424848744765,6.784218570880548
ray_gpis_pointwise,Cylinder,4,0,5,0.7982,0.8877766655544433,0.7982,0.24794671867001639,5.247520038837592
ray_gpis_pointwise,Cylinder,1,0,0,0.31453333333333333,0.47854752003245765,0.31453333333333333,0.038555758884770044,17.127558230622554
ray_gpis_pointwise,Cylinder,1,0,1,0.5076666666666667,0.6734468273269953,0.5076666666666667,0.1133918033929879,10.242846976917475
ray_gpis_pointwise,Cylinder,1,0,2,0.6480333333333334,0.7864323132622723,0.6480333333333334,0.16358212197716074,7.090346450581948
ray_gpis_pointwise,Cylinder,1,0,3,0.6698333333333333,0.8016057712025354,0.6698333333333333,0.1931061451902685,6.849859699090931
ray_gpis_pointwise,Cylinder,1,0,4,0.7919666666666667,0.8819192004032377,0.7919666666666667,0.22894767616379771,5.337880485271599
ray_gpis_pointwise,Cylinder,1,0,5,0.9114666666666666,0.951704203982405,0.9114666666666666,0.26073823251598693,4.36004384219881
ray_gpis_pointwise,Cylinder,12,0,0,0.14116666666666666,0.24740762377683656,0.14116666666666666,0.037229928310940866,30.17586575646176
ray_gpis_pointwise,Cylinder,12,0,1,0.32293333333333335,0.4882080225760936,0.32293333333333335,0.0724780891133612,17.181948479620882
ray_gpis_pointwise,Cylinder,12,0,2,0.3640333333333333,0.5337601720388064,0.3640333333333333,0.10290026478474092,16.297982447267206
ray_gpis_pointwise,Cylinder,12,0,3,0.37876666666666664,0.5490434625798557,0.37876666666666664,0.1353831843215346,15.885148333646594
ray_gpis_pointwise,Cylinder,12,0,4,0.5097333333333334,0.6742793362913188,0.5097333333333334,0.20918630479066877,9.95732511725168
ray_gpis_pointwise,Cylinder,12,0,5,0.647,0.7840859249466295,0.647,0.24995713886499557,7.185169351112459
ray_gpis_pointwise,Cylinder,7,0,0,0.19866666666666666,0.3302354867145196,0.19866666666666666,0.06767401355853285,21.58238241017174
ray_gpis_pointwise,Cylinder,7,0,1,0.3175,0.4806187825740558,0.3175,0.12560677161987288,16.447151612679924
ray_gpis_pointwise,Cylinder,7,0,2,0.42673333333333335,0.569020409148114,0.42673333333333335,0.16071655812294539,10.028973590459705
ray_gpis_pointwise,Cylinder,7,0,3,0.5156,0.6481239614184188,0.5156,0.19483248537192702,9.291864078266114
ray_gpis_pointwise,Cylinder,7,0,4,0.5327666666666667,0.6668695440075035,0.5327666666666667,0.2258441327657877,8.981425577673312
ray_gpis_pointwise,Cylinder,7,0,5,0.7052333333333334,0.7866536789536832,0.7052333333333334,0.258841041041885,6.7279220886786595
ray_gpis_pointwise,Cylinder,14,0,0,0.23946666666666666,0.38640275387263334,0.23946666666666666,0.07094188725181882,20.267285248176055
ray_gpis_pointwise,Cylinder,14,0,1,0.3005333333333333,0.46167083809897536,0.3005333333333333,0.12475270421487882,19.206712719701592
ray_gpis_pointwise,Cylinder,14,0,2,0.49446666666666667,0.6603643656321392,0.49446666666666667,0.16143326983043202,12.12406944849994
ray_gpis_pointwise,Cylinder,14,0,3,0.5239666666666667,0.6635013660619008,0.5239666666666667,0.1936354742907918,11.574958396272338
ray_gpis_pointwise,Cylinder,14,0,4,0.7577,0.8326480167215748,0.7577,0.23002417655473206,6.823059303509948
ray_gpis_pointwise,Cylinder,14,0,5,0.8645,0.8987034920482035,0.8645,0.26205646025873996,5.743024063456439
ray_gpis_pointwise,Cylinder,2,0,0,0.20336666666666667,0.337996177391208,0.20336666666666667,0.037143142865390416,22.339508817240333
ray_gpis_pointwise,Cylinder,2,0,1,0.2488,0.36784309595466563,0.2488,0.11326590136105524,16.5480427577002
ray_gpis_pointwise,Cylinder,2,0,2,0.3265,0.43616694553577273,0.3265,0.15790284179345027,15.097824175312741
ray_gpis_pointwise,Cylinder,2,0,3,0.4617,0.5666452818610359,0.4617,0.18753828992248084,11.791603552488422
ray_gpis_pointwise,Cylinder,2,0,4,0.5195,0.6139998002646081,0.5195,0.2102924845708269,10.984538933833488
ray_gpis_pointwise,Cylinder,2,0,5,0.6916,0.7377832788641011,0.6916,0.24375039757865685,7.640495445593693
ray_gpis_pointwise,Cylinder,6,0,0,0.2819333333333333,0.4398564667949451,0.2819333333333333,0.07243295612676162,18.365397325451642
ray_gpis_pointwise,Cylinder,6,0,1,0.39076666666666665,0.5612871428652652,0.39076666666666665,0.1270915521383822,15.499312160190431
ray_gpis_pointwise,Cylinder,6,0,2,0.45943333333333336,0.6290441214021529,0.45943333333333336,0.16659963672731495,13.604668824649348
ray_gpis_pointwise,Cylinder,6,0,3,0.6355333333333333,0.7765070094432075,0.6355333333333333,0.20067394331227242,8.675875302770956
ray_gpis_pointwise,Cylinder,6,0,4,0.834,0.9073750540740754,0.834,0.23770479199066288,5.032540891562521
ray_gpis_pointwise,Cylinder,6,0,5,0.8745,0.93117094282318,0.8745,0.270942838054258,4.534086529147896
ray_gpis_pointwise,Cylinder,3,0,0,0.1392,0.2443820224719101,0.1392,0.042971102831922486,27.644404875584147
ray_gpis_pointwise,Cylinder,3,0,1,0.2809,0.4379860782134667,0.2809,0.1015074215778314,17.96992869420376
ray_gpis_pointwise,Cylinder,3,0,2,0.5832333333333334,0.7358850202836927,0.5832333333333334,0.157352887743455,8.12079305905894
ray_gpis_pointwise,Cylinder,3,0,3,0.5937333333333333,0.7444085164610575,0.5937333333333333,0.1870282414511574,7.8594878410593
ray_gpis_pointwise,Cylinder,3,0,4,0.646,0.7843150639845726,0.646,0.2165995962662633,6.8349732410877335
ray_gpis_pointwise,Cylinder,3,0,5,0.7336,0.8457247545228526,0.7336,0.24295326691367855,5.965611569763376
ray_gpis_pointwise,Cylinder,9,0,0,0.30306666666666665,0.46515911183873937,0.30306666666666665,0.03690645016828521,18.028614670734648
ray_gpis_pointwise,Cylinder,9,0,1,0.35273333333333334,0.5215120003942635,0.35273333333333334,0.06661024641235982,17.129068870187435
ray_gpis_pointwise,Cylinder,9,0,2,0.3672666666666667,0.5372275586327954,0.3672666666666667,0.09730015630479541,16.673066134963964
ray_gpis_pointwise,Cylinder,9,0,3,0.558,0.7145659196592835,0.558,0.13356950082033114,10.407178843534542
ray_gpis_pointwise,Cylinder,9,0,4,0.6947333333333333,0.8180375106064895,0.6947333333333333,0.1669594900164314,7.026510050366053
ray_gpis_pointwise,Cylinder,9,0,5,0.8044666666666667,0.8885684032068865,0.8044666666666667,0.19957728242815106,6.224862172700579
ray_gpis_pointwise,Cylinder,10,0,0,0.2721,0.42779655687445955,0.2721,0.037815424397376354,19.54244765137913
ray_gpis_pointwise,Cylinder,10,0,1,0.3864,0.5574148874783612,0.3864,0.06704901075878672,14.006111893547692
ray_gpis_pointwise,Cylinder,10,0,2,0.43443333333333334,0.6057211907141031,0.43443333333333334,0.09814946663684525,13.24102769111029
ray_gpis_pointwise,Cylinder,10,0,3,0.6237,0.7682453655231879,0.6237,0.14353885416109857,7.877153839995387
ray_gpis_pointwise,Cylinder,10,0,4,0.7819,0.8776025590661654,0.7819,0.21680679851050394,5.275227757437056
ray_gpis_pointwise,Cylinder,10,0,5,0.8268333333333333,0.9052093787063225,0.8268333333333333,0.2523630549230524,4.877211879918408
ray_gpis_pointwise,Cylinder,5,0,0,0.1644,0.28237718996908273,0.1644,0.03528869778747454,25.18613040225106
ray_gpis_pointwise,Cylinder,5,0,1,0.35586666666666666,0.5242007471643605,0.35586666666666666,0.07839063371039129,14.553103656017212
ray_gpis_pointwise,Cylinder,5,0,2,0.3712,0.540787060027769,0.3712,0.1152888031374808,14.267615417428258
ray_gpis_pointwise,Cylinder,5,0,3,0.47063333333333335,0.6231107993134438,0.47063333333333335,0.15282086307100137,10.986013558334161
ray_gpis_pointwise,Cylinder,5,0,4,0.6384,0.7597540905376999,0.6384,0.19211930085918028,7.174537530952932
ray_gpis_pointwise,Cylinder,5,0,5,0.7033666666666667,0.8080158685264167,0.7033666666666667,0.21946603429281408,6.4239931107471495
ray_gpis_pointwise,Cylinder,11,0,0,0.2893,0.44877065074071204,0.2893,0.038650630360103064,18.621796812813436
ray_gpis_pointwise,Cylinder,11,0,1,0.36993333333333334,0.5393467236922069,0.36993333333333334,0.09520343661946705,15.582924169719982
ray_gpis_pointwise,Cylinder,11,0,2,0.45413333333333333,0.6239360555773887,0.45413333333333333,0.14932678153008264,12.312697463009023
ray_gpis_pointwise,Cylinder,11,0,3,0.535,0.6958707014909795,0.535,0.1882486275908133,10.042212191425953
ray_gpis_pointwise,Cylinder,11,0,4,0.7097,0.8288055972061442,0.7097,0.22538278110143148,6.967978261853065
ray_gpis_pointwise,Cylinder,11,0,5,0.8577333333333333,0.9206545048959647,0.8577333333333333,0.25922661725142576,5.486571689055952
ray_gpis_pointwise,Cylinder,0,0,0,0.1921,0.3222883986242765,0.1921,0.034779872506054105,23.38313976437952
ray_gpis_pointwise,Cylinder,0,0,1,0.32093333333333335,0.485919047138387,0.32093333333333335,0.06945156387826347,17.07997255141585
ray_gpis_pointwise,Cylinder,0,0,2,0.3388,0.45899025756010975,0.3388,0.10646452603070038,16.526204835218866
ray_gpis_pointwise,Cylinder,0,0,3,0.5982,0.6840099758021898,0.5982,0.18081870224815955,9.998672058339544
ray_gpis_pointwise,Cylinder,0,0,4,0.6521,0.7322911344927442,0.6521,0.22871528587942935,9.173364090616525
ray_gpis_pointwise,Cylinder,0,0,5,0.7102666666666667,0.7826106040629065,0.7102666666666667,0.2630221763276548,7.715370186764112
ray_gpis_pointwise,Cross,8,0,0,0.14456666666666668,0.24181216676236916,0.14456666666666668,0.021281241826089644,20.815969115204826
ray_gpis_pointwise,Cross,8,0,1,0.28886666666666666,0.4327931326580985,0.28886666666666666,0.042727275393257026,17.00399577523142
ray_gpis_pointwise,Cross,8,0,2,0.5131666666666667,0.6561680422163665,0.5131666666666667,0.06490842613911008,9.068512011742813
ray_gpis_pointwise,Cross,8,0,3,0.6058,0.7336136465196689,0.6058,0.08552063608591332,7.160324473050568
ray_gpis_pointwise,Cross,8,0,4,0.6529333333333334,0.7717635535766646,0.6529333333333334,0.10654502959311958,6.658568062634897
ray_gpis_pointwise,Cross,8,0,5,0.7192333333333333,0.8203747086539662,0.7192333333333333,0.12652731001813863,5.8646364468782215
ray_gpis_pointwise,Cross,13,0,0,0.2207,0.3615958056852626,0.2207,0.02118640420972068,19.39976504581183
ray_gpis_pointwise,Cross,13,0,1,0.3148,0.4788560997870399,0.3148,0.04119936149639746,16.644791467288645
ray_gpis_pointwise,Cross,13,0,2,0.3895,0.5606333213386111,0.3895,0.06417374460792712,13.594688395670369
ray_gpis_pointwise,Cross,13,0,3,0.5292,0.6914968608650381,0.5292,0.08684632982974184,9.178658900365877
ray_gpis_pointwise,Cross,13,0,4,0.6701333333333334,0.8018092041333731,0.6701333333333334,0.10881194338446089,6.426738391840053
ray_gpis_pointwise,Cross,13,0,5,0.7393666666666666,0.8495136432746148,0.7393666666666666,0.12826057390275739,5.359173953803124
ray_gpis_pointwise,Cross,4,0,0,0.036366666666666665,0.0607777126441293,0.036366666666666665,0.023525556332141647,26.955514181986302
ray_gpis_pointwise,Cross,4,0,1,0.3313,0.4268871469988188,0.3313,0.046367042902852304,14.41884389602347
ray_gpis_pointwise,Cross,4,0,2,0.47683333333333333,0.5745586587003844,0.47683333333333333,0.06869155780206866,11.09398658300174
ray_gpis_pointwise,Cross,4,0,3,0.506,0.5635906109483931,0.506,0.0887446703341745,11.512778573697068
ray_gpis_pointwise,Cross,4,0,4,0.6330666666666667,0.6639704061328422,0.6330666666666667,0.10746533600752735,9.71353378172194
ray_gpis_pointwise,Cross,4,0,5,0.8075666666666667,0.7708073695436188,0.8075666666666667,0.13024651221925687,7.681615944776158
ray_gpis_pointwise,Cross,1,0,0,0.2402,0.3873568779229157,0.2402,0.022691139573372553,17.869091384403973
ray_gpis_pointwise,Cross,1,0,1,0.37943333333333334,0.5501292801391876,0.37943333333333334,0.04415057481217484,14.125556075940015
ray_gpis_pointwise,Cross,1,0,2,0.5078666666666667,0.6736227783181536,0.5078666666666667,0.06527434137524883,9.444579666745657
ray_gpis_pointwise,Cross,1,0,3,0.5968666666666667,0.7199659534428255,0.5968666666666667,0.0874823366548531,7.590635718397374
ray_gpis_pointwise,Cross,1,0,4,0.7298,0.8145657742945935,0.7298,0.10840733300417246,6.329991083629056
ray_gpis_pointwise,Cross,1,0,5,0.7679,0.8429112325230477,0.7679,0.12789666660720234,5.81700745184947
ray_gpis_pointwise,Cross,12,0,0,0.2502,0.40025595904655253,0.2502,0.023300692213134636,19.40168436027265
ray_gpis_pointwise,Cross,12,0,1,0.31056666666666666,0.47394256937202733,0.31056666666666666,0.04501708854627276,16.51302498038414
ray_gpis_pointwise,Cross,12,0,2,0.43683333333333335,0.6029780036918153,0.43683333333333335,0.06413198383870755,10.680549353083446
ray_gpis_pointwise,Cross,12,0,3,0.6560666666666667,0.786518332300114,0.6560666666666667,0.08735278855482809,6.132613138761594
ray_gpis_pointwise,Cross,12,0,4,0.6902,0.8118832365554375,0.6902,0.10661756506007518,5.941346821911914
ray_gpis_pointwise,Cross,12,0,5,0.7045,0.8008350518638739,0.7045,0.12335357852411097,6.269314807213822
ray_gpis_pointwise,Cross,7,0,0,0.2408,0.38813668600902645,0.2408,0.023564225225184025,18.901226104891883
ray_gpis_pointwise,Cross,7,0,1,0.3754,0.5458775628907955,0.3754,0.04607513370475602,14.258883421366447
ray_gpis_pointwise,Cross,7,0,2,0.5053333333333333,0.6713906111603188,0.5053333333333333,0.06626449321276905,9.639444468867158
ray_gpis_pointwise,Cross,7,0,3,0.599,0.7492182614133833,0.599,0.08532447865778267,8.023675144321025
ray_gpis_pointwise,Cross,7,0,4,0.712,0.8317757009345794,0.712,0.10640822590749265,6.222783733628596
ray_gpis_pointwise,Cross,7,0,5,0.7129333333333333,0.7776393040614316,0.7129333333333333,0.12452992787411962,7.726335449805442
ray_gpis_pointwise,Cross,14,0,0,0.26516666666666666,0.4191806086154657,0.26516666666666666,0.021719574407476117,18.12330609042663
ray_gpis_pointwise,Cross,14,0,1,0.4499,0.6205945237602594,0.4499,0.04533986568858596,11.676112188706433
ray_gpis_pointwise,Cross,14,0,2,0.4824333333333333,0.6508668180693904,0.4824333333333333,0.06765438224918073,11.010668931357195
ray_gpis_pointwise,Cross,14,0,3,0.5010333333333333,0.6675845528635828,0.5010333333333333,0.0874588076573707,10.420925681725029
ray_gpis_pointwise,Cross,14,0,4,0.5665,0.7232684328120013,0.5665,0.10682428422391978,9.225758477130544
ray_gpis_pointwise,Cross,14,0,5,0.7609,0.8642171616786871,0.7609,0.1304825545925071,5.925223675604929
ray_gpis_pointwise,Cross,2,0,0,0.27213333333333334,0.42783775285609477,0.27213333333333334,0.022131598586163634,18.07402719928707
ray_gpis_pointwise,Cross,2,0,1,0.5658333333333333,0.722724853645556,0.5658333333333333,0.04707883012638669,9.010049741142945
ray_gpis_pointwise,Cross,2,0,2,0.5953333333333334,0.6989220534348429,0.5953333333333334,0.07015359137257472,9.618554724689359
ray_gpis_pointwise,Cross,2,0,3,0.6603333333333333,0.7536502172410617,0.6603333333333333,0.09014517905825115,8.029862303417069
ray_gpis_pointwise,Cross,2,0,4,0.7332666666666666,0.8080531488136747,0.7332666666666666,0.11077632421537652,7.152979384301603
ray_gpis_pointwise,Cross,2,0,5,0.892,0.9048516779864164,0.892,0.13450852300283972,5.28493692290111
ray_gpis_pointwise,Cross,6,0,0,0.23513333333333333,0.3807416203378852,0.23513333333333333,0.023226593650506173,16.92773693740054
ray_gpis_pointwise,Cross,6,0,1,0.36346666666666666,0.5311750034439506,0.36346666666666666,0.04671681567386762,15.047622243024874
ray_gpis_pointwise,Cross,6,0,2,0.625,0.7666517657577112,0.625,0.07081140944562148,7.791859153995653
ray_gpis_pointwise,Cross,6,0,3,0.6915333333333333,0.8153680327860798,0.6915333333333333,0.09225887359626746,6.584296060174512
ray_gpis_pointwise,Cross,6,0,4,0.7254333333333334,0.8389186167480448,0.7254333333333334,0.11306770297329226,6.068564141218709
ray_gpis_pointwise,Cross,6,0,5,0.7436333333333334,0.8512465429569903,0.7436333333333334,0.1318505424003876,5.941058892976953
ray_gpis_pointwise,Cross,3,0,0,0.19216666666666668,0.3223822172515029,0.19216666666666668,0.023894357456479012,20.870517379590947
ray_gpis_pointwise,Cross,3,0,1,0.44016666666666665,0.6112718435366277,0.44016666666666665,0.04746648186227737,10.616799579438046
ray_gpis_pointwise,Cross,3,0,2,0.5109333333333334,0.676314860571832,0.5109333333333334,0.07148079429921815,8.504740488232681
ray_gpis_pointwise,Cross,3,0,3,0.5946666666666667,0.7458193979933111,0.5946666666666667,0.09384443751481443,7.598453139090929
ray_gpis_pointwise,Cross,3,0,4,0.6356333333333334,0.7751304693977283,0.6356333333333334,0.11393632255277006,7.197487133905911
ray_gpis_pointwise,Cross,3,0,5,0.6973,0.819673179852234,0.6973,0.134268699893254,6.022129332040013
ray_gpis_pointwise,Cross,9,0,0,0.27463333333333334,0.4309213107037318,0.27463333333333334,0.02287447235998073,17.547169286868808
ray_gpis_pointwise,Cross,9,0,1,0.4263,0.5977704550234874,0.4263,0.04545278998117365,12.642512962345403
ray_gpis_pointwise,Cross,9,0,2,0.6093,0.7572236376064126,0.6093,0.06821658677165904,7.464474264026503
ray_gpis_pointwise,Cross,9,0,3,0.6413333333333333,0.7814784727863525,0.6413333333333333,0.08635565677907917,7.093551833779531
ray_gpis_pointwise,Cross,9,0,4,0.816,0.8986784140969163,0.816,0.11053620484660365,4.885292976102471
ray_gpis_pointwise,Cross,9,0,5,0.8822666666666666,0.9367170802488417,0.8822666666666666,0.1325749667078536,4.5977232871286855
ray_gpis_pointwise,Cross,10,0,0,0.29646666666666666,0.4573456060060678,0.29646666666666666,0.023019444220177408,15.824299509166119
ray_gpis_pointwise,Cross,10,0,1,0.31943333333333335,0.4841977616653614,0.31943333333333335,0.042928728413786144,15.164028129485166
ray_gpis_pointwise,Cross,10,0,2,0.4771,0.6459955317852549,0.4771,0.06354834547161585,9.47605965350492
ray_gpis_pointwise,Cross,10,0,3,0.5964666666666667,0.7472334739215768,0.5964666666666667,0.08559983759375213,6.942774060134176
ray_gpis_pointwise,Cross,10,0,4,0.7689,0.8693538357171124,0.7689,0.10801087491367296,5.37077516723213
ray_gpis_pointwise,Cross,10,0,5,0.8103333333333333,0.8952310808322592,0.8103333333333333,0.1279568758634116,5.09832169954088
ray_gpis_pointwise,Cross,5,0,0,0.21883333333333332,0.35908655818405577,0.21883333333333332,0.022481969584372846,18.98999211072322
ray_gpis_pointwise,Cross,5,0,1,0.3912,0.562392179413456,0.3912,0.04414089712779754,12.646318157264622
ray_gpis_pointwise,Cross,5,0,2,0.5493666666666667,0.7091499752587078,0.5493666666666667,0.06462953142745922,7.955725797886871
ray_gpis_pointwise,Cross,5,0,3,0.7825666666666666,0.8780223273556856,0.7825666666666666,0.08878650047055914,4.946285710737245
ray_gpis_pointwise,Cross,5,0,4,0.8108,0.895515794124144,0.8108,0.11149656922005825,4.98988389929322
ray_gpis_pointwise,Cross,5,0,5,0.8259333333333333,0.9046697579320164,0.8259333333333333,0.13038815392999492,4.899857089460285
ray_gpis_pointwise,Cross,11,0,0,0.0629,0.10773007535967115,0.0629,0.024690993482161618,27.64709124543475
ray_gpis_pointwise,Cross,11,0,1,0.26903333333333335,0.3885400048714113,0.26903333333333335,0.04670778911460934,19.86946742576643
ray_gpis_pointwise,Cross,11,0,2,0.3857333333333333,0.5187229866183493,0.3857333333333333,0.06765944367691698,15.213005424154987
ray_gpis_pointwise,Cross,11,0,3,0.4582,0.5959031890474448,0.4582,0.08676735266993484,12.780053293181414
ray_gpis_pointwise,Cross,11,0,4,0.5268,0.6539264826221464,0.5268,0.10750137466553604,11.369659643697952
ray_gpis_pointwise,Cross,11,0,5,0.7434666666666667,0.80800646169201,0.7434666666666667,0.12874937119803798,6.393989274858368
ray_gpis_pointwise,Cross,0,0,0,0.21976666666666667,0.36034214193971525,0.21976666666666667,0.022023417250110734,21.29631002095288
ray_gpis_pointwise,Cross,0,0,1,0.22993333333333332,0.37389560409778305,0.22993333333333332,0.04281938708679373,19.48415340288171
ray_gpis_pointwise,Cross,0,0,2,0.4291,0.600517808410888,0.4291,0.06405972176655614,11.493050119200667
ray_gpis_pointwise,Cross,0,0,3,0.5560333333333334,0.7146804909920524,0.5560333333333334,0.08742814250315667,7.9470816793580354
ray_gpis_pointwise,Cross,0,0,4,0.6891666666666667,0.8159842131228416,0.6891666666666667,0.11049818958790747,6.251030669410251
ray_gpis_pointwise,Cross,0,0,5,0.7436666666666667,0.8421263317962965,0.7436666666666667,0.1306089657747208,5.3664206996944595
ray_gpis_pointwise,Bowl,8,0,0,0.22843333333333332,0.3719100208938214,0.22843333333333332,0.12377485283689942,12.623013369430904
ray_gpis_pointwise,Bowl,8,0,1,0.28003333333333336,0.4375406890445562,0.28003333333333336,0.18585658027101198,11.287864968525337
ray_gpis_pointwise,Bowl,8,0,2,0.3842,0.5530251218099249,0.3842,0.2793235311881973,9.092623600413244
ray_gpis_pointwise,Bowl,8,0,3,0.5247333333333334,0.6859761928529249,0.5247333333333334,0.3394573180654379,7.870717863618957
ray_gpis_pointwise,Bowl,8,0,4,0.5502,0.7076598562155246,0.5502,0.39019948085520134,7.473186787125934
ray_gpis_pointwise,Bowl,8,0,5,0.6405,0.7786909910136465,0.6405,0.4676361760823082,6.100607472278261
ray_gpis_pointwise,Bowl,13,0,0,0.21096666666666666,0.3484268765999614,0.21096666666666666,0.13155852946041932,15.039115078451822
ray_gpis_pointwise,Bowl,13,0,1,0.4563,0.6266565954817002,0.4563,0.20686529230301604,8.744538045486493
ray_gpis_pointwise,Bowl,13,0,2,0.4763,0.64526180315654,0.4763,0.2560590170401632,8.182901019999743
ray_gpis_pointwise,Bowl,13,0,3,0.4809333333333333,0.5784865801190276,0.4809333333333333,0.31857018040705387,11.189147343666844
ray_gpis_pointwise,Bowl,13,0,4,0.6339,0.7033414344273258,0.6339,0.3787606642542967,9.575120736380756
ray_gpis_pointwise,Bowl,13,0,5,0.6634,0.7367042563325111,0.6634,0.4315095375564532,8.758108637627343
ray_gpis_pointwise,Bowl,4,0,0,0.2815666666666667,0.43941009701667233,0.2815666666666667,0.1246619061378375,11.516188376510758
ray_gpis_pointwise,Bowl,4,0,1,0.3974,0.5687705739229998,0.3974,0.21411660315200418,8.465671314166654
ray_gpis_pointwise,Bowl,4,0,2,0.5846333333333333,0.7378783735459307,0.5846333333333333,0.29596706241539605,6.655323686883017
ray_gpis_pointwise,Bowl,4,0,3,0.6099666666666667,0.7051884758267323,0.6099666666666667,0.36319510002481925,7.68556145874792
ray_gpis_pointwise,Bowl,4,0,4,0.8056333333333333,0.8342882817888271,0.8056333333333333,0.4694063946769355,5.805771405247072
ray_gpis_pointwise,Bowl,4,0,5,0.8523,0.8523492591454961,0.8523,0.5298106508671906,5.7808200092048265
ray_gpis_pointwise,Bowl,1,0,0,0.17806666666666668,0.3023032086469357,0.17806666666666668,0.10959549077816597,15.42714208243469
ray_gpis_pointwise,Bowl,1,0,1,0.26216666666666666,0.3843213905516483,0.26216666666666666,0.191812771468978,13.736000737316049
ray_gpis_pointwise,Bowl,1,0,2,0.4546,0.585421392179734,0.4546,0.2256963641203999,9.294307021055214
ray_gpis_pointwise,Bowl,1,0,3,0.5048,0.6347606574801655,0.5048,0.24927212321133485,8.605785490138087
ray_gpis_pointwise,Bowl,1,0,4,0.5379333333333334,0.6695062688283266,0.5379333333333334,0.27083327610829333,7.963864839392001
ray_gpis_pointwise,Bowl,1,0,5,0.5543,0.6866486212468427,0.5543,0.28855396430098273,7.705897562968416
ray_gpis_pointwise,Bowl,12,0,0,0.32353333333333334,0.48889336624187785,0.32353333333333334,0.12458159287983836,10.609265759964998
ray_gpis_pointwise,Bowl,12,0,1,0.3577666666666667,0.5269928559153513,0.3577666666666667,0.18356199983285917,9.248046343018277
ray_gpis_pointwise,Bowl,12,0,2,0.4078333333333333,0.5793772937137446,0.4078333333333333,0.2321701236083067,8.115614771842568
ray_gpis_pointwise,Bowl,12,0,3,0.45203333333333334,0.6226211519478433,0.45203333333333334,0.2803120466796045,7.782142272770226
ray_gpis_pointwise,Bowl,12,0,4,0.6685,0.801318549595445,0.6685,0.37411850113631884,6.36028192329234
ray_gpis_pointwise,Bowl,12,0,5,0.7000333333333333,0.8196784579780799,0.7000333333333333,0.43150499743388393,6.371313969027699
ray_gpis_pointwise,Bowl,7,0,0,0.1988,0.33112132825847473,0.1988,0.11955382127917809,17.450638859204478
ray_gpis_pointwise,Bowl,7,0,1,0.31193333333333334,0.4750045363064622,0.31193333333333334,0.15647965638920358,10.69030425706811
ray_gpis_pointwise,Bowl,7,0,2,0.419,0.5900223103886931,0.419,0.18907517988658704,8.358993008529685
ray_gpis_pointwise,Bowl,7,0,3,0.4604333333333333,0.6301049156285486,0.4604333333333333,0.21819014690305139,7.922047579257251
ray_gpis_pointwise,Bowl,7,0,4,0.5450666666666667,0.7033654910105228,0.5450666666666667,0.2508629687831868,7.467600277821489
ray_gpis_pointwise,Bowl,7,0,5,0.6143666666666666,0.7590278673925798,0.6143666666666666,0.30099526161530116,7.065405436631386
ray_gpis_pointwise,Bowl,14,0,0,0.29436666666666667,0.4482423551046669,0.29436666666666667,0.12288466836243635,11.919151129691576
ray_gpis_pointwise,Bowl,14,0,1,0.42346666666666666,0.5887731508512974,0.42346666666666666,0.1697742086621097,8.708978033300768
ray_gpis_pointwise,Bowl,14,0,2,0.48856666666666665,0.6513088590667877,0.48856666666666665,0.2003712748930956,8.377070441216247
ray_gpis_pointwise,Bowl,14,0,3,0.5070333333333333,0.6688145487063475,0.5070333333333333,0.22915656810396853,7.906329400814697
ray_gpis_pointwise,Bowl,14,0,4,0.5638333333333333,0.7149635145287098,0.5638333333333333,0.2626977999219986,7.322080620819053
ray_gpis_pointwise,Bowl,14,0,5,0.5820333333333333,0.7296124907209216,0.5820333333333333,0.2893613350333412,7.0600393720867585
ray_gpis_pointwise,Bowl,2,0,0,0.20933333333333334,0.3461962513781698,0.20933333333333334,0.12317005331662058,16.863481536826022
ray_gpis_pointwise,Bowl,2,0,1,0.2975,0.45857418111753373,0.2975,0.19066750467101848,12.49304815201988
ray_gpis_pointwise,Bowl,2,0,2,0.4909,0.6585284056610102,0.4909,0.3080386250939823,7.840505672290068
ray_gpis_pointwise,Bowl,2,0,3,0.6592,0.7945998071359691,0.6592,0.35742659240934194,6.002650230337217
ray_gpis_pointwise,Bowl,2,0,4,0.6939,0.8192927563610602,0.6939,0.3886408111638424,5.663113578737872
ray_gpis_pointwise,Bowl,2,0,5,0.7524333333333333,0.8587297662298138,0.7524333333333333,0.41885923165332006,5.465466488694966
ray_gpis_pointwise,Bowl,6,0,0,0.13506666666666667,0.2379889580641372,0.13506666666666667,0.09351432885550154,29.222796302929943
ray_gpis_pointwise,Bowl,6,0,1,0.2216,0.362454998615342,0.2216,0.1663609163111757,16.410805997148326
ray_gpis_pointwise,Bowl,6,0,2,0.43216666666666664,0.6029120611130165,0.43216666666666664,0.2934531627758292,10.36361237726295
ray_gpis_pointwise,Bowl,6,0,3,0.46153333333333335,0.6309898103162697,0.46153333333333335,0.3456834636069433,10.34469079606083
ray_gpis_pointwise,Bowl,6,0,4,0.5709333333333333,0.7263110585486469,0.5709333333333333,0.38581500437450333,7.11518278360126
ray_gpis_pointwise,Bowl,6,0,5,0.7089666666666666,0.8280506318025617,0.7089666666666666,0.4122887040763033,5.839306374754266
ray_gpis_pointwise,Bowl,3,0,0,0.0727,0.1267962270313637,0.0727,0.0741146594561156,32.87064033935435
ray_gpis_pointwise,Bowl,3,0,1,0.27786666666666665,0.40076491915095047,0.27786666666666665,0.197212501115949,14.436170591757243
ray_gpis_pointwise,Bowl,3,0,2,0.3196333333333333,0.4545010893526905,0.3196333333333333,0.23450938833797458,12.420907015199374
ray_gpis_pointwise,Bowl,3,0,3,0.5066,0.6368188389097232,0.5066,0.276759607969512,8.787093733696638
ray_gpis_pointwise,Bowl,3,0,4,0.6233333333333333,0.7349371338186161,0.6233333333333333,0.31866032479909195,7.469708365059048
ray_gpis_pointwise,Bowl,3,0,5,0.6478333333333334,0.7548997847460083,0.6478333333333334,0.3509017067093751,7.2035095415410835
ray_gpis_pointwise,Bowl,9,0,0,0.1809,0.3054678694531311,0.1809,0.12579715482709228,19.73002489052377
ray_gpis_pointwise,Bowl,9,0,1,0.24,0.38641686182669793,0.24,0.17725801185862722,17.33736802799084
ray_gpis_pointwise,Bowl,9,0,2,0.40423333333333333,0.5747705079828642,0.40423333333333333,0.283111275229115,9.520029028481018
ray_gpis_pointwise,Bowl,9,0,3,0.482,0.6486299075635684,0.482,0.3372062561027651,8.234430861305604
ray_gpis_pointwise,Bowl,9,0,4,0.5624333333333333,0.7168417688215032,0.5624333333333333,0.37280530913181686,7.592673632793009
ray_gpis_pointwise,Bowl,9,0,5,0.6551,0.7868292232459476,0.6551,0.3936742670187679,6.498933460885855
ray_gpis_pointwise,Bowl,10,0,0,0.13056666666666666,0.23097561694725358,0.13056666666666666,0.07331810565069277,28.74035976668446
ray_gpis_pointwise,Bowl,10,0,1,0.20636666666666667,0.34212925865546684,0.20636666666666667,0.1640691571426924,16.079131726155797
ray_gpis_pointwise,Bowl,10,0,2,0.24053333333333332,0.38779019776440243,0.24053333333333332,0.20184299968027739,15.658054067531408
ray_gpis_pointwise,Bowl,10,0,3,0.3829,0.5537638296333791,0.3829,0.2612161461289617,10.382318625975872
ray_gpis_pointwise,Bowl,10,0,4,0.4661666666666667,0.6354854072337747,0.4661666666666667,0.3583232859657321,9.429234113935278
ray_gpis_pointwise,Bowl,10,0,5,0.6215,0.7640922386870078,0.6215,0.44677318719313264,6.77110084575539
ray_gpis_pointwise,Bowl,5,0,0,0.1464,0.25540823447313327,0.1464,0.12500942025251996,24.337490441049923
ray_gpis_pointwise,Bowl,5,0,1,0.3478333333333333,0.5161370100160751,0.3478333333333333,0.19639476926578306,10.103533848945453
ray_gpis_pointwise,Bowl,5,0,2,0.49033333333333334,0.6580183404160144,0.49033333333333334,0.25930863082817746,7.738348176785216
ray_gpis_pointwise,Bowl,5,0,3,0.49323333333333336,0.6606245953970132,0.49323333333333336,0.2962450918757258,7.765871026181731
ray_gpis_pointwise,Bowl,5,0,4,0.6143666666666666,0.7606162459368361,0.6143666666666666,0.39888453496377835,6.2863143880502514
ray_gpis_pointwise,Bowl,5,0,5,0.7340333333333333,0.8455366571688238,0.7340333333333333,0.46982027633455353,5.585086926922951
ray_gpis_pointwise,Bowl,11,0,0,0.14916666666666667,0.25144863915715543,0.14916666666666667,0.11544410090357433,20.56640360895554
ray_gpis_pointwise,Bowl,11,0,1,0.33573333333333333,0.48931307240609917,0.33573333333333333,0.22131995751227462,10.545513945394852
ray_gpis_pointwise,Bowl,11,0,2,0.4404,0.5969777723008672,0.4404,0.293291982193629,9.377105850200149
ray_gpis_pointwise,Bowl,11,0,3,0.5189333333333334,0.6706899958407354,0.5189333333333334,0.34038329531306255,7.944438188395605
ray_gpis_pointwise,Bowl,11,0,4,0.5638333333333333,0.6715530089725675,0.5638333333333333,0.37093653550428973,8.691133593511289
ray_gpis_pointwise,Bowl,11,0,5,0.5865333333333334,0.6951492627413655,0.5865333333333334,0.4058865846989985,8.268128127265184
ray_gpis_pointwise,Bowl,0,0,0,0.2275,0.37067209775967414,0.2275,0.10805287727237904,17.199486013253825
ray_gpis_pointwise,Bowl,0,0,1,0.23886666666666667,0.37906628817395294,0.23886666666666667,0.1646422294908033,17.36829103379525
ray_gpis_pointwise,Bowl,0,0,2,0.27836666666666665,0.4296733548310955,0.27836666666666665,0.20960986099070883,13.77651259908803
ray_gpis_pointwise,Bowl,0,0,3,0.4713,0.630487108885144,0.4713,0.2923415948421029,8.482320247958633
ray_gpis_pointwise,Bowl,0,0,4,0.5107666666666667,0.6669029627836597,0.5107666666666667,0.341600018754824,7.784738063441371
ray_gpis_pointwise,Bowl,0,0,5,0.5537,0.7041673074602876,0.5537,0.3911509873125148,6.824353429992272
ray_gpis_pointwise,Cube,8,0,0,0.17773333333333333,0.30182271029095437,0.17773333333333333,0.02490986261363172,20.477832961424475
ray_gpis_pointwise,Cube,8,0,1,0.3224,0.48759830611010285,0.3224,0.04756109017126397,14.128288069736259
ray_gpis_pointwise,Cube,8,0,2,0.33116666666666666,0.4975585326155002,0.33116666666666666,0.07269815636651626,14.080917321873777
ray_gpis_pointwise,Cube,8,0,3,0.4915,0.6538289305963685,0.4915,0.09554240887870961,10.226221500344838
ray_gpis_pointwise,Cube,8,0,4,0.6566,0.780936228817618,0.6566,0.12046346959870338,6.725527473705313
ray_gpis_pointwise,Cube,8,0,5,0.6821333333333334,0.7785525246212097,0.6821333333333334,0.1444373745007051,7.0663873130834585
ray_gpis_pointwise,Cube,13,0,0,0.21983333333333333,0.3604317529717174,0.21983333333333333,0.026688397361670717,19.625289293515497
ray_gpis_pointwise,Cube,13,0,1,0.46416666666666667,0.6340352874217416,0.46416666666666667,0.05185632722169419,10.547786560597828
ray_gpis_pointwise,Cube,13,0,2,0.6222666666666666,0.7671570641900222,0.6222666666666666,0.07702429185082277,7.564320111782311
ray_gpis_pointwise,Cube,13,0,3,0.8823666666666666,0.9375077473393424,0.8823666666666666,0.10567831359947497,4.276687395249041
ray_gpis_pointwise,Cube,13,0,4,0.8934666666666666,0.943736356594606,0.8934666666666666,0.13160096601379456,4.216203592810289
ray_gpis_pointwise,Cube,13,0,5,0.9254,0.9612548041965306,0.9254,0.15374312633851578,4.077229552125429
ray_gpis_pointwise,Cube,4,0,0,0.2898,0.44864678234914124,0.2898,0.02939004597090049,18.328451001269855
ray_gpis_pointwise,Cube,4,0,1,0.4940333333333333,0.6604611556302097,0.4940333333333333,0.057264793619439536,10.233440832453486
ray_gpis_pointwise,Cube,4,0,2,0.6487666666666667,0.7860623608300896,0.6487666666666667,0.0855533920582467,6.940584241522072
ray_gpis_pointwise,Cube,4,0,3,0.6956666666666667,0.7504374123896237,0.6956666666666667,0.11224256244693265,8.153501881098917
ray_gpis_pointwise,Cube,4,0,4,0.7954666666666667,0.8119527717962813,0.7954666666666667,0.1364000978744963,7.139610708671
ray_gpis_pointwise,Cube,4,0,5,0.8128,0.8289617306629207,0.8128,0.15518530174746692,6.7248398958772615
ray_gpis_pointwise,Cube,1,0,0,0.3661333333333333,0.536014054265079,0.3661333333333333,0.029754562428498096,14.311297155185963
ray_gpis_pointwise,Cube,1,0,1,0.37703333333333333,0.5476023335189175,0.37703333333333333,0.055298837595357135,14.23686834158281
ray_gpis_pointwise,Cube,1,0,2,0.49206666666666665,0.6595773200482552,0.49206666666666665,0.0783753397755457,10.655805143870879
ray_gpis_pointwise,Cube,1,0,3,0.4972,0.6641731231632381,0.4972,0.10117336921872296,10.60806439625492
ray_gpis_pointwise,Cube,1,0,4,0.6107,0.7583038430496057,0.6107,0.12741918699855112,8.419372901045042
ray_gpis_pointwise,Cube,1,0,5,0.6642666666666667,0.798269508091652,0.6642666666666667,0.15136699821361338,7.549807999603358
ray_gpis_pointwise,Cube,12,0,0,0.25916666666666666,0.41164791528788874,0.25916666666666666,0.02865017546961271,17.105184281018502
ray_gpis_pointwise,Cube,12,0,1,0.46336666666666665,0.62865920224816,0.46336666666666665,0.053545590042439924,10.742563036427342
ray_gpis_pointwise,Cube,12,0,2,0.6303666666666666,0.7684247885121421,0.6303666666666666,0.08231758810234946,7.116569153573473
ray_gpis_pointwise,Cube,12,0,3,0.6436666666666667,0.7792020760662113,0.6436666666666667,0.10713329380685457,6.739618575977049
ray_gpis_pointwise,Cube,12,0,4,0.7640666666666667,0.8622545715616509,0.7640666666666667,0.13094853909090473,5.870733629102698
ray_gpis_pointwise,Cube,12,0,5,0.7874666666666666,0.8777110837218797,0.7874666666666666,0.15421874150084525,5.551011498953145
ray_gpis_pointwise,Cube,7,0,0,0.08696666666666666,0.14526554959627638,0.08696666666666666,0.027201768810523583,26.14842704991913
ray_gpis_pointwise,Cube,7,0,1,0.2502333333333333,0.36337457171091475,0.2502333333333333,0.054681554288108995,18.797487801754183
ray_gpis_pointwise,Cube,7,0,2,0.37156666666666666,0.5021830618376346,0.37156666666666666,0.07736115559735034,13.244726556587887
ray_gpis_pointwise,Cube,7,0,3,0.4937666666666667,0.6223839762056885,0.4937666666666667,0.10058343102222801,9.969792395742461
ray_gpis_pointwise,Cube,7,0,4,0.5655,0.6869290142983677,0.5655,0.12201639586266022,8.540745810464028
ray_gpis_pointwise,Cube,7,0,5,0.7392666666666666,0.8118742590825766,0.7392666666666666,0.1479042844084706,6.070661563927834
ray_gpis_pointwise,Cube,14,0,0,0.2702333333333333,0.4254861311570053,0.2702333333333333,0.0262179276770345,18.033151435898066
ray_gpis_pointwise,Cube,14,0,1,0.2774,0.43431971191482693,0.2774,0.04911270493684991,17.75795012566417
ray_gpis_pointwise,Cube,14,0,2,0.40826666666666667,0.5567561951270197,0.40826666666666667,0.07538366863240645,10.393796944611259
ray_gpis_pointwise,Cube,14,0,3,0.5658666666666666,0.6951122550879996,0.5658666666666666,0.10310148517930362,7.3548694219028
ray_gpis_pointwise,Cube,14,0,4,0.6400666666666667,0.7564662654908324,0.6400666666666667,0.12740801326416468,6.458655670229177
ray_gpis_pointwise,Cube,14,0,5,0.6781666666666667,0.7848465118763173,0.6781666666666667,0.14776859026035508,6.172071237378677
ray_gpis_pointwise,Cube,2,0,0,0.10363333333333333,0.18272884254652677,0.10363333333333333,0.022136414996812515,29.21737791822152
ray_gpis_pointwise,Cube,2,0,1,0.1507,0.25654163829444393,0.1507,0.04048516730595006,26.303858685733513
ray_gpis_pointwise,Cube,2,0,2,0.4527333333333333,0.6089995660768527,0.4527333333333333,0.06734267895327681,11.783598707319149
ray_gpis_pointwise,Cube,2,0,3,0.6043333333333333,0.7379334516716224,0.6043333333333333,0.09250628641087615,8.970182207144966
ray_gpis_pointwise,Cube,2,0,4,0.6617,0.7801316751143822,0.6617,0.11355055804256607,6.971469339057245
ray_gpis_pointwise,Cube,2,0,5,0.8071,0.876354398228804,0.8071,0.13802155386335407,5.594270002979087
ray_gpis_pointwise,Cube,6,0,0,0.31306666666666666,0.47684809098294073,0.31306666666666666,0.030165925279461173,15.872777399130705
ray_gpis_pointwise,Cube,6,0,1,0.549,0.7088444157520982,0.549,0.059641178291659026,9.741976640416064
ray_gpis_pointwise,Cube,6,0,2,0.554,0.7123197249677696,0.554,0.0847476383385684,9.688990467240046
ray_gpis_pointwise,Cube,6,0,3,0.7392666666666666,0.8492896630684232,0.7392666666666666,0.10959787767446359,5.753098207562113
ray_gpis_pointwise,Cube,6,0,4,0.8906,0.9413635621647933,0.8906,0.1366738080522024,4.455043499148132
ray_gpis_pointwise,Cube,6,0,5,0.8936,0.9431174875766982,0.8936,0.1588756290680054,4.372322571792449
ray_gpis_pointwise,Cube,3,0,0,0.23543333333333333,0.3811348244880339,0.23543333333333333,0.027304995666152892,20.45583711666264
ray_gpis_pointwise,Cube,3,0,1,0.3310666666666667,0.43967238144875825,0.3310666666666667,0.053265200034442337,15.658771446690908
ray_gpis_pointwise,Cube,3,0,2,0.5253,0.6235880564173278,0.5253,0.07920705455432976,10.793780941380097
ray_gpis_pointwise,Cube,3,0,3,0.5417666666666666,0.6488816587257525,0.5417666666666666,0.10378725581001266,10.04794342215359
ray_gpis_pointwise,Cube,3,0,4,0.7616666666666667,0.8016293428500656,0.7616666666666667,0.13159678548904877,6.709499797934178
ray_gpis_pointwise,Cube,3,0,5,0.7974333333333333,0.8347425582235933,0.7974333333333333,0.15455305037763434,6.030703166092116
ray_gpis_pointwise,Cube,9,0,0,0.2765666666666667,0.43168516314924765,0.2765666666666667,0.029264911732109856,17.45987678136968
ray_gpis_pointwise,Cube,9,0,1,0.3547666666666667,0.5224983724073511,0.3547666666666667,0.053856737540111894,14.464741097514882
ray_gpis_pointwise,Cube,9,0,2,0.5664666666666667,0.7216204397504532,0.5664666666666667,0.08047911502209582,8.373140208224926
ray_gpis_pointwise,Cube,9,0,3,0.7847666666666666,0.8777345921263889,0.7847666666666666,0.10791835947712644,4.926555753799708
ray_gpis_pointwise,Cube,9,0,4,0.8863666666666666,0.9382084656055076,0.8863666666666666,0.13493522420407783,4.3360301583969845
ray_gpis_pointwise,Cube,9,0,5,0.8980666666666667,0.9310555868935053,0.8980666666666667,0.15898095479469312,4.542534234306209
ray_gpis_pointwise,Cube,10,0,0,0.25116666666666665,0.3921929847929393,0.25116666666666665,0.028527532113095368,18.881311560294424
ray_gpis_pointwise,Cube,10,0,1,0.3248333333333333,0.4826910768102563,0.3248333333333333,0.05291824742813134,16.455903443189722
ray_gpis_pointwise,Cube,10,0,2,0.36566666666666664,0.5294383292942316,0.36566666666666664,0.07431672935498172,15.457238140679657
ray_gpis_pointwise,Cube,10,0,3,0.40696666666666664,0.5715494497357264,0.40696666666666664,0.09259292778036213,14.690954640196885
ray_gpis_pointwise,Cube,10,0,4,0.5370333333333334,0.6902505792008422,0.5370333333333334,0.12230375086751295,10.222492810954826
ray_gpis_pointwise,Cube,10,0,5,0.6467,0.77660183034122,0.6467,0.14724099172233737,8.015842250590936
ray_gpis_pointwise,Cube,5,0,0,0.1439,0.2515954191799983,0.1439,0.021075632584931066,26.905502230801204
ray_gpis_pointwise,Cube,5,0,1,0.1973,0.3292767412527584,0.1973,0.03980544077373318,25.173340593383188
ray_gpis_pointwise,Cube,5,0,2,0.40536666666666665,0.5763659431432908,0.40536666666666665,0.06687090481796999,14.15643918834934
ray_gpis_pointwise,Cube,5,0,3,0.40896666666666665,0.5784522497498774,0.40896666666666665,0.08860437895007511,14.435187465123203
ray_gpis_pointwise,Cube,5,0,4,0.457,0.6254007582834515,0.457,0.11316158608104077,12.254279893130352
ray_gpis_pointwise,Cube,5,0,5,0.6391333333333333,0.7769439904983795,0.6391333333333333,0.1388155802551593,7.542759105542653
ray_gpis_pointwise,Cube,11,0,0,0.3194666666666667,0.4842360549717058,0.3194666666666667,0.02946991169649294,16.24595894604475
ray_gpis_pointwise,Cube,11,0,1,0.3574333333333333,0.5266311421064264,0.3574333333333333,0.05369281058458919,14.933586933786923
ray_gpis_pointwise,Cube,11,0,2,0.5073,0.6723622046189952,0.5073,0.07474708830383013,9.051229085418383
ray_gpis_pointwise,Cube,11,0,3,0.5234,0.6865131176482411,0.5234,0.09487899757439491,8.935017346252165
ray_gpis_pointwise,Cube,11,0,4,0.5865,0.7387967402759384,0.5865,0.1166161926192145,8.253391662099846
ray_gpis_pointwise,Cube,11,0,5,0.6632,0.7657739255615871,0.6632,0.1402733352783426,7.180072159757974
ray_gpis_pointwise,Cube,0,0,0,0.16996666666666665,0.29054958830735916,0.16996666666666665,0.023026752362169365,27.026487656286236
ray_gpis_pointwise,Cube,0,0,1,0.18036666666666668,0.30561125074129514,0.18036666666666668,0.041837071293842676,26.220592930064015
ray_gpis_pointwise,Cube,0,0,2,0.1964,0.32831828819792713,0.1964,0.06502930508883763,25.600162698600535
ray_gpis_pointwise,Cube,0,0,3,0.32693333333333335,0.4927652733118971,0.32693333333333335,0.08523237874767124,17.045004207765444
ray_gpis_pointwise,Cube,0,0,4,0.4762,0.6451700311610893,0.4762,0.1127704864017518,10.280942556820927
ray_gpis_pointwise,Cube,0,0,5,0.5869,0.7396811393282501,0.5869,0.13573945837257617,7.430820111188277
ray_gpis_pointwise,Thin_Irregular,8,0,0,0.11483333333333333,0.18420940359340027,0.11483333333333333,0.4520053143975737,25.954654398097702
ray_gpis_pointwise,Thin_Irregular,8,0,1,0.17523333333333332,0.24352524490324423,0.17523333333333332,0.47341640109990846,24.77932141058637
ray_gpis_pointwise,Thin_Irregular,8,0,2,0.3841,0.47350322483054513,0.3841,0.6632957303408386,16.536367912632667
ray_gpis_pointwise,Thin_Irregular,8,0,3,0.41613333333333336,0.5242549774137886,0.41613333333333336,0.7964218535596923,15.071686061356782
ray_gpis_pointwise,Thin_Irregular,8,0,4,0.5638,0.6487009900459979,0.5638,0.9541206541306795,10.048131160879217
ray_gpis_pointwise,Thin_Irregular,8,0,5,0.5818666666666666,0.6733201845434105,0.5818666666666666,0.9541206541306795,9.550587977841461
ray_gpis_pointwise,Thin_Irregular,13,0,0,0.29723333333333335,0.45825731685381715,0.29723333333333335,0.4366126708191086,20.57812092349087
ray_gpis_pointwise,Thin_Irregular,13,0,1,0.4454666666666667,0.6163638040771147,0.4454666666666667,0.774850622973516,13.826743281335187
ray_gpis_pointwise,Thin_Irregular,13,0,2,0.6748666666666666,0.8058750945348884,0.6748666666666666,0.9331691203835194,7.448852165447441
ray_gpis_pointwise,Thin_Irregular,13,0,3,0.7392666666666666,0.8500900762773583,0.7392666666666666,0.9549643934043898,6.318547619208415
ray_gpis_pointwise,Thin_Irregular,13,0,4,0.7794333333333333,0.8746037555058636,0.7794333333333333,0.9549643934043898,5.899684613562102
ray_gpis_pointwise,Thin_Irregular,13,0,5,0.7907666666666666,0.881926528632792,0.7907666666666666,0.9549643934043898,5.642039880532582
ray_gpis_pointwise,Thin_Irregular,4,0,0,0.3568,0.5259433962264151,0.3568,0.4580955779271023,18.81048370507737
ray_gpis_pointwise,Thin_Irregular,4,0,1,0.3773,0.5450328051492561,0.3773,0.5056180240891882,18.688138367461548
ray_gpis_pointwise,Thin_Irregular,4,0,2,0.6116666666666667,0.7532953214934238,0.6116666666666667,0.8210637617646593,8.758114441775916
ray_gpis_pointwise,Thin_Irregular,4,0,3,0.6919333333333333,0.8130306638074682,0.6919333333333333,0.9329059072892176,7.4298005942011
ray_gpis_pointwise,Thin_Irregular,4,0,4,0.8119333333333333,0.8911123853869757,0.8119333333333333,0.9886855707190861,5.489837949017477
ray_gpis_pointwise,Thin_Irregular,4,0,5,0.8529333333333333,0.9157376170619758,0.8529333333333333,0.9992896201088315,5.222997833196252
ray_gpis_pointwise,Thin_Irregular,1,0,0,0.2698333333333333,0.42499015618847613,0.2698333333333333,0.499141043714324,23.77791606287659
ray_gpis_pointwise,Thin_Irregular,1,0,1,0.40763333333333335,0.5791754481517442,0.40763333333333335,0.6574595411243275,16.786862093502034
ray_gpis_pointwise,Thin_Irregular,1,0,2,0.6646333333333333,0.7974885272186936,0.6646333333333333,0.8639980919375198,7.805218386110686
ray_gpis_pointwise,Thin_Irregular,1,0,3,0.7385666666666667,0.8487644878067199,0.7385666666666667,0.8659361091417332,6.780391378103658
ray_gpis_pointwise,Thin_Irregular,1,0,4,0.8657666666666667,0.9268163978207173,0.8657666666666667,0.9994370785645554,4.997512508773338
ray_gpis_pointwise,Thin_Irregular,1,0,5,0.9039,0.9484119656551384,0.9039,1.0,4.603292429332223
ray_gpis_pointwise,Thin_Irregular,12,0,0,0.3023,0.4638088138208779,0.3023,0.4474268645346019,22.800906983139328
ray_gpis_pointwise,Thin_Irregular,12,0,1,0.394,0.5020167344321899,0.394,0.7857139695075839,15.118667670946586
ray_gpis_pointwise,Thin_Irregular,12,0,2,0.5305333333333333,0.6143612538584851,0.5305333333333333,0.9421927553505236,11.601747032001986
ray_gpis_pointwise,Thin_Irregular,12,0,3,0.612,0.6901747751725197,0.612,0.9457976146275683,9.894274279804726
ray_gpis_pointwise,Thin_Irregular,12,0,4,0.7591,0.7933829995254459,0.7591,0.9993515802495684,7.615347381505086
ray_gpis_pointwise,Thin_Irregular,12,0,5,0.7672,0.810262886470526,0.7672,0.9996020608969222,7.266860326941773
ray_gpis_pointwise,Thin_Irregular,7,0,0,0.049933333333333337,0.08378774385723248,0.049933333333333337,0.49513711026369545,37.075311455751596
ray_gpis_pointwise,Thin_Irregular,7,0,1,0.2829333333333333,0.39293062299399223,0.2829333333333333,0.5416626149677154,21.48409823816202
ray_gpis_pointwise,Thin_Irregular,7,0,2,0.3033,0.4321315478127745,0.3033,0.6517142017437841,19.771214368341372
ray_gpis_pointwise,Thin_Irregular,7,0,3,0.34796666666666665,0.48560131451904043,0.34796666666666665,0.654554352798093,18.307267169822143
ray_gpis_pointwise,Thin_Irregular,7,0,4,0.49246666666666666,0.621003399251719,0.49246666666666666,0.8455311824297247,13.156138842717723
ray_gpis_pointwise,Thin_Irregular,7,0,5,0.6394666666666666,0.7355473300385313,0.6394666666666666,0.996652292141107,8.610644602282887
ray_gpis_pointwise,Thin_Irregular,14,0,0,0.13896666666666666,0.244022359448623,0.13896666666666666,0.3868575088396164,33.048018410832185
ray_gpis_pointwise,Thin_Irregular,14,0,1,0.3375,0.5029344220464405,0.3375,0.8199865414213373,16.83550876225126
ray_gpis_pointwise,Thin_Irregular,14,0,2,0.5488666666666666,0.7068708773483146,0.5488666666666666,0.8649185480748531,9.907596593819676
ray_gpis_pointwise,Thin_Irregular,14,0,3,0.7629666666666667,0.8636070592364,0.7629666666666667,0.9998525415442759,5.879642533524336
ray_gpis_pointwise,Thin_Irregular,14,0,4,0.7971333333333334,0.8850306387215581,0.7971333333333334,0.9999016943628507,5.650896650873269
ray_gpis_pointwise,Thin_Irregular,14,0,5,0.8066666666666666,0.8903734901846876,0.8066666666666666,0.9999508471814254,5.632417024707274
ray_gpis_pointwise,Thin_Irregular,2,0,0,0.0889,0.15545311814035168,0.0889,0.48122817202259455,38.727911615609514
ray_gpis_pointwise,Thin_Irregular,2,0,1,0.16806666666666667,0.2535141456581918,0.16806666666666667,0.763917221583061,29.474885426391758
ray_gpis_pointwise,Thin_Irregular,2,0,2,0.39686666666666665,0.5040094970749026,0.39686666666666665,0.7857616474225059,16.472479426677058
ray_gpis_pointwise,Thin_Irregular,2,0,3,0.5662666666666667,0.6391539612859946,0.5662666666666667,0.9772197986760652,10.865451919443439
ray_gpis_pointwise,Thin_Irregular,2,0,4,0.7028,0.7426890892080443,0.7028,0.9994964681940773,8.37917523933303
ray_gpis_pointwise,Thin_Irregular,2,0,5,0.8461,0.8339252273052541,0.8461,0.9994964681940773,6.969982838118526
ray_gpis_pointwise,Thin_Irregular,6,0,0,0.0443,0.07219226708800669,0.0443,0.49655644956441103,46.06284650689086
ray_gpis_pointwise,Thin_Irregular,6,0,1,0.21766666666666667,0.3163480751329695,0.21766666666666667,0.52024058697092,29.016219076014114
ray_gpis_pointwise,Thin_Irregular,6,0,2,0.28503333333333336,0.40760721866126787,0.28503333333333336,0.630243020928414,24.693706078153497
ray_gpis_pointwise,Thin_Irregular,6,0,3,0.4426,0.5624631864810549,0.4426,0.8630584040366613,15.305233813770728
ray_gpis_pointwise,Thin_Irregular,6,0,4,0.6403,0.7196421067034137,0.6403,0.9994935184488258,9.067794256760687
ray_gpis_pointwise,Thin_Irregular,6,0,5,0.7944333333333333,0.8201720042785131,0.7944333333333333,0.9998525415442759,7.140892597612103
ray_gpis_pointwise,Thin_Irregular,3,0,0,0.17556666666666668,0.2986928289902742,0.17556666666666668,0.38662007256354847,27.795951128806035
ray_gpis_pointwise,Thin_Irregular,3,0,1,0.20056666666666667,0.28351918539710996,0.20056666666666667,0.6871364862540857,25.602892869221286
ray_gpis_pointwise,Thin_Irregular,3,0,2,0.351,0.4573262817513665,0.351,0.7971389202115797,20.483792540291176
ray_gpis_pointwise,Thin_Irregular,3,0,3,0.48846666666666666,0.5928318866494551,0.48846666666666666,0.8660423507255347,13.078249460785297
ray_gpis_pointwise,Thin_Irregular,3,0,4,0.6864,0.7390556949110891,0.6864,0.9994935184488256,8.088586241640394
ray_gpis_pointwise,Thin_Irregular,3,0,5,0.6946333333333333,0.7546238456512604,0.6946333333333333,0.9996020608969222,7.815418851684944
ray_gpis_pointwise,Thin_Irregular,9,0,0,0.21733333333333332,0.35706462212486306,0.21733333333333332,0.35906075342246346,28.82600918288509
ray_gpis_pointwise,Thin_Irregular,9,0,1,0.5233333333333333,0.687089715536105,0.5233333333333333,0.6627381549914266,11.488450858894124
ray_gpis_pointwise,Thin_Irregular,9,0,2,0.5825,0.7218497285394283,0.5825,0.978385220495677,9.248453518368681
ray_gpis_pointwise,Thin_Irregular,9,0,3,0.7898,0.86687522207415,0.7898,0.978385220495677,5.693715609222734
ray_gpis_pointwise,Thin_Irregular,9,0,4,0.8347,0.8955484326703061,0.8347,0.9995529080783475,5.284666173071585
ray_gpis_pointwise,Thin_Irregular,9,0,5,0.8826,0.9186446044998726,0.8826,0.9998033887257013,5.077334916526129
ray_gpis_pointwise,Thin_Irregular,10,0,0,0.2685,0.4222912395581531,0.2685,0.3893425080968242,23.281099430178365
ray_gpis_pointwise,Thin_Irregular,10,0,1,0.2956,0.45545309950982293,0.2956,0.39104577054128203,21.542770712069217
ray_gpis_pointwise,Thin_Irregular,10,0,2,0.36973333333333336,0.5388756097087002,0.36973333333333336,0.657635532789812,18.230891481389982
ray_gpis_pointwise,Thin_Irregular,10,0,3,0.4583,0.6268034325775862,0.4583,0.657635532789812,14.525126498343349
ray_gpis_pointwise,Thin_Irregular,10,0,4,0.5222333333333333,0.68420902707169,0.5222333333333333,0.680476900087323,12.689964546411169
ray_gpis_pointwise,Thin_Irregular,10,0,5,0.6293666666666666,0.7696276250584619,0.6293666666666666,0.8632801643365682,8.22546597034509
ray_gpis_pointwise,Thin_Irregular,5,0,0,0.0456,0.07689713322091063,0.0456,0.47220427497104417,42.71996652277145
ray_gpis_pointwise,Thin_Irregular,5,0,1,0.21403333333333333,0.3206470999483258,0.21403333333333333,0.4950947950871297,28.380466243854674
ray_gpis_pointwise,Thin_Irregular,5,0,2,0.314,0.44796668885134555,0.314,0.6070043898290759,23.546231529669203
ray_gpis_pointwise,Thin_Irregular,5,0,3,0.43466666666666665,0.5727208163570441,0.43466666666666665,0.65387184317559,17.609974993177417
ray_gpis_pointwise,Thin_Irregular,5,0,4,0.5637333333333333,0.6862952792045514,0.5637333333333333,0.8097099992090439,12.024599337735873
ray_gpis_pointwise,Thin_Irregular,5,0,5,0.6665,0.7611936424436965,0.6665,0.9786254643320835,8.962256309978958
ray_gpis_pointwise,Thin_Irregular,11,0,0,0.22893333333333332,0.3725724205272865,0.22893333333333332,0.4781419596972961,23.056018266436585
ray_gpis_pointwise,Thin_Irregular,11,0,1,0.3917,0.5617951539569856,0.3917,0.7489019042358113,13.04850136925929
ray_gpis_pointwise,Thin_Irregular,11,0,2,0.42323333333333335,0.5639091008172719,0.42323333333333335,0.7489019042358113,13.379917457374065
ray_gpis_pointwise,Thin_Irregular,11,0,3,0.5045666666666667,0.6422339333868535,0.5045666666666667,0.7507416158028755,12.031931251939868
ray_gpis_pointwise,Thin_Irregular,11,0,4,0.6190333333333333,0.7364203251438318,0.6190333333333333,0.9053806900787507,9.507287847869021
ray_gpis_pointwise,Thin_Irregular,11,0,5,0.7661,0.8374458285390959,0.7661,0.9529680137448059,6.336951268984632
ray_gpis_pointwise,Thin_Irregular,0,0,0,0.1702,0.29059280287317557,0.1702,0.47210885176944767,31.966738744530474
ray_gpis_pointwise,Thin_Irregular,0,0,1,0.241,0.3881652244155857,0.241,0.4932634949808324,27.13484603396777
ray_gpis_pointwise,Thin_Irregular,0,0,2,0.3143666666666667,0.4392785274100076,0.3143666666666667,0.6852949017017032,17.575852450113135
ray_gpis_pointwise,Thin_Irregular,0,0,3,0.5031,0.6167616118106037,0.5031,0.8646934784660081,12.352902554042481
ray_gpis_pointwise,Thin_Irregular,0,0,4,0.667,0.7455104987037044,0.667,0.9975864325395877,8.13152703718157
ray_gpis_pointwise,Thin_Irregular,0,0,5,0.7418,0.7988948604089317,0.7418,0.9975864325395877,6.793404313028655
ray_gpis_hit_only,green_Pepper,8,0,0,0.17653333333333332,0.30009066183136895,0.17653333333333332,0.025331942046531053,24.660143910978903
ray_gpis_hit_only,green_Pepper,8,0,1,0.20856666666666668,0.29911924274436447,0.20856666666666668,0.049746227054374155,27.502677994641747
ray_gpis_hit_only,green_Pepper,8,0,2,0.4012,0.5012129617399727,0.4012,0.0753927850135384,18.012081529026737
ray_gpis_hit_only,green_Pepper,8,0,3,0.6034333333333334,0.6683385233083283,0.6034333333333334,0.10069455470832973,11.313292205335511
ray_gpis_hit_only,green_Pepper,8,0,4,0.6182,0.6474373305608071,0.6182,0.12352437590374547,11.375045523319528
ray_gpis_hit_only,green_Pepper,8,0,5,0.7408,0.7284530377292021,0.7408,0.14181146731550842,9.306143691457804
ray_gpis_hit_only,green_Pepper,13,0,0,0.24973333333333333,0.3996585938333511,0.24973333333333333,0.025173419059472523,21.987050723367314
ray_gpis_hit_only,green_Pepper,13,0,1,0.38903333333333334,0.5601497444265796,0.38903333333333334,0.051244515649817045,15.560831558971197
ray_gpis_hit_only,green_Pepper,13,0,2,0.42336666666666667,0.5948806819512423,0.42336666666666667,0.07485915127810623,13.8089333852315
ray_gpis_hit_only,green_Pepper,13,0,3,0.6224666666666666,0.7662060022501413,0.6224666666666666,0.098515246888556,7.437933130462223
ray_gpis_hit_only,green_Pepper,13,0,4,0.7192333333333333,0.8356000727525134,0.7192333333333333,0.12084770544906119,5.753715145173672
ray_gpis_hit_only,green_Pepper,13,0,5,0.7432,0.849222400315698,0.7432,0.1409716370285958,5.454269771729486
ray_gpis_hit_only,green_Pepper,4,0,0,0.26153333333333334,0.41462770173862495,0.26153333333333334,0.025980856380777725,19.402332364458942
ray_gpis_hit_only,green_Pepper,4,0,1,0.4241,0.5927684548830429,0.4241,0.051001357425053837,13.343502845523403
ray_gpis_hit_only,green_Pepper,4,0,2,0.5377666666666666,0.6965214353938444,0.5377666666666666,0.07475464765125174,10.325070172719515
ray_gpis_hit_only,green_Pepper,4,0,3,0.7902333333333333,0.879631461233458,0.7902333333333333,0.10153853902094938,5.252978175054925
ray_gpis_hit_only,green_Pepper,4,0,4,0.8067,0.8903634210807826,0.8067,0.12531571496500138,4.984495038103281
ray_gpis_hit_only,green_Pepper,4,0,5,0.8247,0.901460151401026,0.8247,0.14755989897778016,4.867424911243495
ray_gpis_hit_only,green_Pepper,1,0,0,0.25533333333333336,0.4067976633032395,0.25533333333333336,0.026098971174773278,18.578227511008286
ray_gpis_hit_only,green_Pepper,1,0,1,0.26653333333333334,0.4196928751285598,0.26653333333333334,0.04927147505143261,18.364398493245886
ray_gpis_hit_only,green_Pepper,1,0,2,0.4565,0.625264756644805,0.4565,0.07382515787281377,12.367175845055499
ray_gpis_hit_only,green_Pepper,1,0,3,0.4586,0.6264419733776833,0.4586,0.09646805326895415,12.526723783444238
ray_gpis_hit_only,green_Pepper,1,0,4,0.5953,0.7433024187227587,0.5953,0.11890104639562955,8.458785765203018
ray_gpis_hit_only,green_Pepper,1,0,5,0.7209333333333333,0.8345845859512677,0.7209333333333333,0.14187197243990926,5.94212093371093
ray_gpis_hit_only,green_Pepper,12,0,0,0.22476666666666667,0.3670358979941758,0.22476666666666667,0.026339008079423288,22.10629933507831
ray_gpis_hit_only,green_Pepper,12,0,1,0.4429,0.6139025573497817,0.4429,0.05164083170070452,13.078188736636305
ray_gpis_hit_only,green_Pepper,12,0,2,0.4911,0.658708336127691,0.4911,0.07598082084084819,11.637399029935885
ray_gpis_hit_only,green_Pepper,12,0,3,0.6766666666666666,0.8071570576540755,0.6766666666666666,0.10175293820126165,7.261451337612561
ray_gpis_hit_only,green_Pepper,12,0,4,0.8397,0.9128662281893787,0.8397,0.12894242492414032,5.14288531670983
ray_gpis_hit_only,green_Pepper,12,0,5,0.8532,0.9207856680336715,0.8532,0.15249360742657336,4.982021888965202
ray_gpis_hit_only,green_Pepper,7,0,0,0.27216666666666667,0.42787894667889426,0.27216666666666667,0.027815744430831364,18.105985173062248
ray_gpis_hit_only,green_Pepper,7,0,1,0.4423,0.611800599622593,0.4423,0.05390247838570824,12.979135809683736
ray_gpis_hit_only,green_Pepper,7,0,2,0.5005,0.6413292095531458,0.5005,0.07846846924012896,10.307997519262148
ray_gpis_hit_only,green_Pepper,7,0,3,0.7502,0.822901118109102,0.7502,0.10413777676567199,6.368674760975423
ray_gpis_hit_only,green_Pepper,7,0,4,0.8126,0.8661299040453636,0.8126,0.1285320670528674,5.782226787311252
ray_gpis_hit_only,green_Pepper,7,0,5,0.841,0.8870416179807871,0.841,0.1508516440712261,5.4513054009476845
ray_gpis_hit_only,green_Pepper,14,0,0,0.20273333333333332,0.33712100216174273,0.20273333333333332,0.02698450674092895,23.31549234960228
ray_gpis_hit_only,green_Pepper,14,0,1,0.28813333333333335,0.4154861051726731,0.28813333333333335,0.050544339110236716,18.641769629722763
ray_gpis_hit_only,green_Pepper,14,0,2,0.41756666666666664,0.5550455706385212,0.41756666666666664,0.07649345173638418,15.389833035406374
ray_gpis_hit_only,green_Pepper,14,0,3,0.6254333333333333,0.7271240273873689,0.6254333333333333,0.10039243965930364,8.294446396129603
ray_gpis_hit_only,green_Pepper,14,0,4,0.6782333333333334,0.7709819986085376,0.6782333333333334,0.12360210903360584,7.402969571356169
ray_gpis_hit_only,green_Pepper,14,0,5,0.8728666666666667,0.8922256912891872,0.8728666666666667,0.1501812641755298,5.248668731857872
ray_gpis_hit_only,green_Pepper,2,0,0,0.16713333333333333,0.2863997258239561,0.16713333333333333,0.024683568848033317,25.018098583724818
ray_gpis_hit_only,green_Pepper,2,0,1,0.3479333333333333,0.5162470943172264,0.3479333333333333,0.046762819217509424,18.111796398864314
ray_gpis_hit_only,green_Pepper,2,0,2,0.38,0.5507246376811594,0.38,0.06578255857983141,16.225524520251902
ray_gpis_hit_only,green_Pepper,2,0,3,0.5489,0.7081368027654389,0.5489,0.09176025758327003,9.935853696451215
ray_gpis_hit_only,green_Pepper,2,0,4,0.6254666666666666,0.7456733539537563,0.6254666666666666,0.1158643435520911,8.385387778851667
ray_gpis_hit_only,green_Pepper,2,0,5,0.6964666666666667,0.7986455138177587,0.6964666666666667,0.13740848798594107,7.277079974122177
ray_gpis_hit_only,green_Pepper,6,0,0,0.12366666666666666,0.2075495447616117,0.12366666666666666,0.025102028846483184,25.09846313409737
ray_gpis_hit_only,green_Pepper,6,0,1,0.22003333333333333,0.34095168113443325,0.22003333333333333,0.046511186718224413,22.130487929125906
ray_gpis_hit_only,green_Pepper,6,0,2,0.3449333333333333,0.4891451223547399,0.3449333333333333,0.07002263445240414,16.011563694158422
ray_gpis_hit_only,green_Pepper,6,0,3,0.3998,0.5495581307194337,0.3998,0.09376995094332621,13.210251981536947
ray_gpis_hit_only,green_Pepper,6,0,4,0.5889,0.7130846150943674,0.5889,0.11595252313946193,8.24974901485357
ray_gpis_hit_only,green_Pepper,6,0,5,0.6838666666666666,0.7842632950133444,0.6838666666666666,0.138829926557266,7.011309202314649
ray_gpis_hit_only,green_Pepper,3,0,0,0.22263333333333332,0.36418659178276397,0.22263333333333332,0.027600778660634248,23.288284315181244
ray_gpis_hit_only,green_Pepper,3,0,1,0.3700333333333333,0.5401815040996569,0.3700333333333333,0.051996617536836195,16.269624990679944
ray_gpis_hit_only,green_Pepper,3,0,2,0.5537333333333333,0.7127778254526732,0.5537333333333333,0.07798172111076637,9.811930485539637
ray_gpis_hit_only,green_Pepper,3,0,3,0.6798333333333333,0.8094056950094255,0.6798333333333333,0.10284607594936386,6.863359077207934
ray_gpis_hit_only,green_Pepper,3,0,4,0.8648333333333333,0.9275180981320941,0.8648333333333333,0.12560855336816623,4.489392548926355
ray_gpis_hit_only,green_Pepper,3,0,5,0.9024333333333333,0.9487148038477039,0.9024333333333333,0.14765352673418322,4.087572292000634
ray_gpis_hit_only,green_Pepper,9,0,0,0.19493333333333332,0.3262664583798259,0.19493333333333332,0.0237707732199727,20.438654582033635
ray_gpis_hit_only,green_Pepper,9,0,1,0.24143333333333333,0.34810587839985024,0.24143333333333333,0.04981785575091899,18.96409257651825
ray_gpis_hit_only,green_Pepper,9,0,2,0.4381,0.5585880329498766,0.4381,0.07334074159422976,14.498197237046268
ray_gpis_hit_only,green_Pepper,9,0,3,0.4757,0.6013577329732583,0.4757,0.09563912621803546,13.072397484963895
ray_gpis_hit_only,green_Pepper,9,0,4,0.5218333333333334,0.6435290198834333,0.5218333333333334,0.11712885964691974,11.36292319337671
ray_gpis_hit_only,green_Pepper,9,0,5,0.7022333333333334,0.7729725726028948,0.7022333333333334,0.14284304418675633,7.361355313992518
ray_gpis_hit_only,green_Pepper,10,0,0,0.2429,0.39086008528441546,0.2429,0.02421220969372436,20.290410201767745
ray_gpis_hit_only,green_Pepper,10,0,1,0.2778,0.4348098293942714,0.2778,0.04576033141951649,19.38229606217521
ray_gpis_hit_only,green_Pepper,10,0,2,0.33736666666666665,0.5040597458483952,0.33736666666666665,0.06803362969603756,17.28508431046111
ray_gpis_hit_only,green_Pepper,10,0,3,0.3779,0.5481149911118056,0.3779,0.08810402281977137,14.46386678597673
ray_gpis_hit_only,green_Pepper,10,0,4,0.46323333333333333,0.6327633545646224,0.46323333333333333,0.10984826563120387,11.86525642572272
ray_gpis_hit_only,green_Pepper,10,0,5,0.5109333333333334,0.6740691316516901,0.5109333333333334,0.1332957131876159,11.26342979135723
ray_gpis_hit_only,green_Pepper,5,0,0,0.1866,0.31451205123883363,0.1866,0.02514446323693746,25.779263996254766
ray_gpis_hit_only,green_Pepper,5,0,1,0.3484,0.5167606051616731,0.3484,0.051318613416328436,16.251677912470925
ray_gpis_hit_only,green_Pepper,5,0,2,0.5089333333333333,0.6745603958646285,0.5089333333333333,0.07792566697462018,9.618973922678904
ray_gpis_hit_only,green_Pepper,5,0,3,0.6392,0.7798926305514885,0.6392,0.10261718281059769,6.9856084082973355
ray_gpis_hit_only,green_Pepper,5,0,4,0.7595666666666666,0.8625934696185367,0.7595666666666666,0.127310736418599,5.8146981261815105
ray_gpis_hit_only,green_Pepper,5,0,5,0.8087666666666666,0.893591178426119,0.8087666666666666,0.14953897711267763,5.332823725418589
ray_gpis_hit_only,green_Pepper,11,0,0,0.23796666666666666,0.38444761571393954,0.23796666666666666,0.026636637493141675,18.27247993096897
ray_gpis_hit_only,green_Pepper,11,0,1,0.44016666666666665,0.6112718435366277,0.44016666666666665,0.05241435288097528,10.916247639453783
ray_gpis_hit_only,green_Pepper,11,0,2,0.6340666666666667,0.7760597282852597,0.6340666666666667,0.07840221660754508,6.407838139940556
ray_gpis_hit_only,green_Pepper,11,0,3,0.703,0.8256018790369936,0.703,0.10334626655824389,5.6611174962832305
ray_gpis_hit_only,green_Pepper,11,0,4,0.8051,0.8920281424851809,0.8051,0.12693619685912488,4.939241634224663
ray_gpis_hit_only,green_Pepper,11,0,5,0.8376333333333333,0.9116435995574018,0.8376333333333333,0.14705919968419753,4.736089321552765
ray_gpis_hit_only,green_Pepper,0,0,0,0.23516666666666666,0.3807853191202267,0.23516666666666666,0.026892788068556377,21.036948665486307
ray_gpis_hit_only,green_Pepper,0,0,1,0.4882666666666667,0.6561548109657768,0.4882666666666667,0.05185330823752731,11.287993034192647
ray_gpis_hit_only,green_Pepper,0,0,2,0.7224,0.838829540176498,0.7224,0.07951905287534006,6.27602855472955
ray_gpis_hit_only,green_Pepper,0,0,3,0.7269666666666666,0.8419000559748305,0.7269666666666666,0.10447611202789933,6.133357041648173
ray_gpis_hit_only,green_Pepper,0,0,4,0.7627666666666667,0.8654198891893424,0.7627666666666667,0.1262106769790105,5.713694077824948
ray_gpis_hit_only,green_Pepper,0,0,5,0.7926333333333333,0.8836503879290468,0.7926333333333333,0.14545977023727447,5.517287541986863
ray_gpis_hit_only,Corner,8,0,0,0.22656666666666667,0.36943229067587036,0.22656666666666667,0.01395916252323968,16.32794888727207
ray_gpis_hit_only,Corner,8,0,1,0.4043,0.5696779945918292,0.4043,0.028412358585738887,10.858590712008693
ray_gpis_hit_only,Corner,8,0,2,0.46123333333333333,0.6262391308554455,0.46123333333333333,0.041142867250551024,10.054202940584355
ray_gpis_hit_only,Corner,8,0,3,0.5596333333333333,0.7125225231271151,0.5596333333333333,0.05502593412359981,8.591275348813616
ray_gpis_hit_only,Corner,8,0,4,0.7319333333333333,0.8395792047855407,0.7319333333333333,0.06900340406518055,5.992783919401222
ray_gpis_hit_only,Corner,8,0,5,0.871,0.9194023169631615,0.871,0.08310791054558242,4.733064901602272
ray_gpis_hit_only,Corner,13,0,0,0.2784333333333333,0.435585221495059,0.2784333333333333,0.015361696013389875,18.74924806633235
ray_gpis_hit_only,Corner,13,0,1,0.43856666666666666,0.6097272748337466,0.43856666666666666,0.02655261623269595,12.50078293443498
ray_gpis_hit_only,Corner,13,0,2,0.5182666666666667,0.6026284847661004,0.5182666666666667,0.04243606139979552,11.372997001977794
ray_gpis_hit_only,Corner,13,0,3,0.7998333333333333,0.7976593666593035,0.7998333333333333,0.05603359760443175,7.425350070987042
ray_gpis_hit_only,Corner,13,0,4,0.8073333333333333,0.8191265179751179,0.8073333333333333,0.06663076411130375,6.85544329115823
ray_gpis_hit_only,Corner,13,0,5,0.8408,0.8461418234036623,0.8408,0.07718633566340131,6.3967185267900515
ray_gpis_hit_only,Corner,4,0,0,0.26256666666666667,0.41592523167093487,0.26256666666666667,0.01487784886162602,14.693079320834716
ray_gpis_hit_only,Corner,4,0,1,0.4144,0.5829631539285289,0.4144,0.026754825099511256,10.730420923071696
ray_gpis_hit_only,Corner,4,0,2,0.5305333333333333,0.6804952766153175,0.5305333333333333,0.04145992239814314,8.754544605915719
ray_gpis_hit_only,Corner,4,0,3,0.6278333333333334,0.7597075295875735,0.6278333333333334,0.054530072877194226,7.513606017865748
ray_gpis_hit_only,Corner,4,0,4,0.6550333333333334,0.7413519754845329,0.6550333333333334,0.06696009767072991,7.670779151492462
ray_gpis_hit_only,Corner,4,0,5,0.7754,0.823411670021985,0.7754,0.07849012331411809,6.297231067571877
ray_gpis_hit_only,Corner,1,0,0,0.267,0.4214680347277033,0.267,0.01595855135772935,15.812157174313501
ray_gpis_hit_only,Corner,1,0,1,0.3521666666666667,0.5194219441583201,0.3521666666666667,0.029931303584593505,13.421300110484488
ray_gpis_hit_only,Corner,1,0,2,0.463,0.631339016757816,0.463,0.04160279153054164,10.75818650496947
ray_gpis_hit_only,Corner,1,0,3,0.49523333333333336,0.6609403329091925,0.49523333333333336,0.05088403454041377,9.770574675761349
ray_gpis_hit_only,Corner,1,0,4,0.5679666666666666,0.6977534791292316,0.5679666666666666,0.06392273292920743,8.737769813851413
ray_gpis_hit_only,Corner,1,0,5,0.6862333333333334,0.7837734891288495,0.6862333333333334,0.07727030930192218,7.409559182466251
ray_gpis_hit_only,Corner,12,0,0,0.2412,0.38865613922010955,0.2412,0.014781233655200033,21.688327946334454
ray_gpis_hit_only,Corner,12,0,1,0.3555,0.5245296938399114,0.3555,0.02682900929946286,15.544660086367026
ray_gpis_hit_only,Corner,12,0,2,0.3722,0.5410570561896496,0.3722,0.03808236180984124,14.666806226416615
ray_gpis_hit_only,Corner,12,0,3,0.4841,0.6503224073078989,0.4841,0.04971975909806385,10.67890669588995
ray_gpis_hit_only,Corner,12,0,4,0.5239333333333334,0.6839038224811403,0.5239333333333334,0.06070572094154293,9.911185062087021
ray_gpis_hit_only,Corner,12,0,5,0.5514,0.7074496798650441,0.5514,0.06938915480582895,9.108143925634817
ray_gpis_hit_only,Corner,7,0,0,0.25276666666666664,0.40353351249235025,0.25276666666666664,0.0147610122600415,20.086017616727407
ray_gpis_hit_only,Corner,7,0,1,0.2864333333333333,0.445313917031586,0.2864333333333333,0.02860408723840862,19.465725038874865
ray_gpis_hit_only,Corner,7,0,2,0.3539,0.5227860255558018,0.3539,0.03909769376166613,13.694706791000245
ray_gpis_hit_only,Corner,7,0,3,0.5785,0.7329743427304403,0.5785,0.05323315414292359,7.870230860285892
ray_gpis_hit_only,Corner,7,0,4,0.6320333333333333,0.7745348338473479,0.6320333333333333,0.06690658927003802,7.1367740521893275
ray_gpis_hit_only,Corner,7,0,5,0.6386333333333334,0.7794706971256535,0.6386333333333334,0.08005603431566594,6.986391151009723
ray_gpis_hit_only,Corner,14,0,0,0.21596666666666667,0.3552180706707969,0.21596666666666667,0.012567667090866827,22.32835786201899
ray_gpis_hit_only,Corner,14,0,1,0.32763333333333333,0.493559968866906,0.32763333333333333,0.02663581284023216,18.727001154517538
ray_gpis_hit_only,Corner,14,0,2,0.5145,0.6794321558270056,0.5145,0.04089680211257586,10.54192165487474
ray_gpis_hit_only,Corner,14,0,3,0.5145,0.648152014668082,0.5145,0.0522986154581841,11.619996713073126
ray_gpis_hit_only,Corner,14,0,4,0.6627,0.7648161540118941,0.6627,0.06456675669276932,7.702771956381025
ray_gpis_hit_only,Corner,14,0,5,0.7446333333333334,0.8222184148809143,0.7446333333333334,0.07749846146519665,6.545866128398255
ray_gpis_hit_only,Corner,2,0,0,0.2056,0.3410749834107498,0.2056,0.012299470974613846,21.825286937414454
ray_gpis_hit_only,Corner,2,0,1,0.40653333333333336,0.5780642714949284,0.40653333333333336,0.026355302792204934,11.806975041910007
ray_gpis_hit_only,Corner,2,0,2,0.5250666666666667,0.6885819199160693,0.5250666666666667,0.039383605693667424,8.931407894241202
ray_gpis_hit_only,Corner,2,0,3,0.6527666666666667,0.7899078313131517,0.6527666666666667,0.0529338013877015,7.096598714617784
ray_gpis_hit_only,Corner,2,0,4,0.7856,0.8799283154121863,0.7856,0.0668778366288991,5.709684902828718
ray_gpis_hit_only,Corner,2,0,5,0.8339,0.8742891272122957,0.8339,0.07879381481246388,5.519285366363941
ray_gpis_hit_only,Corner,6,0,0,0.3471,0.5153292257441913,0.3471,0.016433290179153834,12.788511913261631
ray_gpis_hit_only,Corner,6,0,1,0.5007333333333334,0.6673181999911155,0.5007333333333334,0.02987664146373056,9.670427351082312
ray_gpis_hit_only,Corner,6,0,2,0.5973666666666667,0.7472577272385882,0.5973666666666667,0.04291209120041716,7.605732830683635
ray_gpis_hit_only,Corner,6,0,3,0.749,0.8544565530834778,0.749,0.05779191745209192,5.867567650874403
ray_gpis_hit_only,Corner,6,0,4,0.8043666666666667,0.8885587106876786,0.8043666666666667,0.07179241812710181,5.515042537273352
ray_gpis_hit_only,Corner,6,0,5,0.9029666666666667,0.9460008497831855,0.9029666666666667,0.08190417510812913,4.639809840921181
ray_gpis_hit_only,Corner,3,0,0,0.291,0.45081332300542215,0.291,0.013977482509515853,17.312115290103243
ray_gpis_hit_only,Corner,3,0,1,0.4740333333333333,0.6431785803125212,0.4740333333333333,0.02605093207904409,10.64841590754332
ray_gpis_hit_only,Corner,3,0,2,0.5818333333333333,0.7356442945948793,0.5818333333333333,0.040202206642381756,8.052023913760655
ray_gpis_hit_only,Corner,3,0,3,0.6149666666666667,0.7615843464261388,0.6149666666666667,0.05231306915653518,7.593181782533787
ray_gpis_hit_only,Corner,3,0,4,0.8140666666666667,0.8955908831906843,0.8140666666666667,0.06584391723995017,4.797646137114498
ray_gpis_hit_only,Corner,3,0,5,0.836,0.9089951387172334,0.836,0.0760925096800801,4.58368510149456
ray_gpis_hit_only,Corner,9,0,0,0.3046333333333333,0.46700222284677684,0.3046333333333333,0.015302807699686444,17.94553113302162
ray_gpis_hit_only,Corner,9,0,1,0.3708666666666667,0.5374189434582305,0.3708666666666667,0.029070009513831083,16.020099810121263
ray_gpis_hit_only,Corner,9,0,2,0.4835333333333333,0.6484490831304166,0.4835333333333333,0.04267888325272304,11.480482665580832
ray_gpis_hit_only,Corner,9,0,3,0.6769333333333334,0.8031988126309754,0.6769333333333334,0.0563420124796704,7.077961856425879
ray_gpis_hit_only,Corner,9,0,4,0.8125666666666667,0.8921809713950285,0.8125666666666667,0.06912633041294265,5.339342878412023
ray_gpis_hit_only,Corner,9,0,5,0.8557,0.918276073444514,0.8557,0.079589981872138,4.9040913536605615
ray_gpis_hit_only,Corner,10,0,0,0.27736666666666665,0.43427885493593593,0.27736666666666665,0.016179064632805214,13.979200033092459
ray_gpis_hit_only,Corner,10,0,1,0.3107,0.4740978103303578,0.3107,0.028198232628753706,13.236306820270098
ray_gpis_hit_only,Corner,10,0,2,0.3723,0.5425927275377104,0.3723,0.03812251160082318,12.068029733636507
ray_gpis_hit_only,Corner,10,0,3,0.48056666666666664,0.6491658599184996,0.48056666666666664,0.05101696897566366,9.554726316092877
ray_gpis_hit_only,Corner,10,0,4,0.6402333333333333,0.7801279992989146,0.6402333333333333,0.06548959283567904,6.901700571701188
ray_gpis_hit_only,Corner,10,0,5,0.7017,0.8242156893895402,0.7017,0.07899626773121995,6.054664391871033
ray_gpis_hit_only,Corner,5,0,0,0.18556666666666666,0.313042989287823,0.18556666666666666,0.0129417950528062,16.671070717153324
ray_gpis_hit_only,Corner,5,0,1,0.28036666666666665,0.43794746296633774,0.28036666666666665,0.024283770957761883,14.12780807128244
ray_gpis_hit_only,Corner,5,0,2,0.4307,0.5935738333213018,0.4307,0.03945084761454416,11.48345307799866
ray_gpis_hit_only,Corner,5,0,3,0.5736666666666667,0.7184736708324284,0.5736666666666667,0.052706828532836626,8.046725687571799
ray_gpis_hit_only,Corner,5,0,4,0.6205333333333334,0.752683279714714,0.6205333333333334,0.06426916817902674,7.7895210922616265
ray_gpis_hit_only,Corner,5,0,5,0.6315,0.7281520523100314,0.6315,0.07471045964290908,8.435254095169652
ray_gpis_hit_only,Corner,11,0,0,0.302,0.4639016897081413,0.302,0.014843439403552703,17.577555865151414
ray_gpis_hit_only,Corner,11,0,1,0.34996666666666665,0.5184819378256253,0.34996666666666665,0.026858210896916358,16.040174796627564
ray_gpis_hit_only,Corner,11,0,2,0.3615333333333333,0.5310679136267933,0.3615333333333333,0.03954589722670416,15.378129284450198
ray_gpis_hit_only,Corner,11,0,3,0.5106333333333334,0.6760519870253096,0.5106333333333334,0.0506589896714754,10.16823049490128
ray_gpis_hit_only,Corner,11,0,4,0.6405,0.7808594940566901,0.6405,0.06532441384187904,6.249326125347003
ray_gpis_hit_only,Corner,11,0,5,0.7406333333333334,0.8509929336065417,0.7406333333333334,0.07903361650189053,5.306775988222338
ray_gpis_hit_only,Corner,0,0,0,0.14786666666666667,0.25763735625508194,0.14786666666666667,0.014667440564133464,24.244223702321438
ray_gpis_hit_only,Corner,0,0,1,0.2820666666666667,0.4400187197753627,0.2820666666666667,0.028342150255018347,15.606909770045508
ray_gpis_hit_only,Corner,0,0,2,0.4553,0.6257129114271971,0.4553,0.040707537527598,10.030404763506624
ray_gpis_hit_only,Corner,0,0,3,0.5817333333333333,0.7355643597740875,0.5817333333333333,0.055018023165278804,7.810462015508472
ray_gpis_hit_only,Corner,0,0,4,0.6703,0.8026103095252349,0.6703,0.06722194036444845,6.591074943759975
ray_gpis_hit_only,Corner,0,0,5,0.6893666666666667,0.8161243858645252,0.6893666666666667,0.07825827636029557,6.431585618319341
ray_gpis_hit_only,L_Shaped,8,0,0,0.11183333333333334,0.187964793006623,0.11183333333333334,0.02461071157282423,21.1728940694951
ray_gpis_hit_only,L_Shaped,8,0,1,0.24906666666666666,0.3786691172495811,0.24906666666666666,0.04766100388131347,15.638485912361743
ray_gpis_hit_only,L_Shaped,8,0,2,0.29006666666666664,0.4329824251320129,0.29006666666666664,0.07095105131124767,14.558860471519507
ray_gpis_hit_only,L_Shaped,8,0,3,0.38663333333333333,0.5359717041082583,0.38663333333333333,0.09363872592113151,12.178012455156713
ray_gpis_hit_only,L_Shaped,8,0,4,0.4523,0.6011270704659007,0.4523,0.11403908650597687,9.94192845045623
ray_gpis_hit_only,L_Shaped,8,0,5,0.5860333333333333,0.7025583951008932,0.5860333333333333,0.13937205103224265,8.48237614275249
ray_gpis_hit_only,L_Shaped,13,0,0,0.2591333333333333,0.4116058664689999,0.2591333333333333,0.029113963083183352,16.601435910053105
ray_gpis_hit_only,L_Shaped,13,0,1,0.29063333333333335,0.4485199781302084,0.29063333333333335,0.05301457067416338,16.15961320369281
ray_gpis_hit_only,L_Shaped,13,0,2,0.3741,0.5428081020701692,0.3741,0.07424793941395745,14.6020475239036
ray_gpis_hit_only,L_Shaped,13,0,3,0.3943,0.5632062018106417,0.3943,0.09487763781925544,13.943901164362217
ray_gpis_hit_only,L_Shaped,13,0,4,0.46,0.6274602923328585,0.46,0.11447702494509712,12.446502955569809
ray_gpis_hit_only,L_Shaped,13,0,5,0.5636333333333333,0.7179962295750757,0.5636333333333333,0.13481304554779416,9.126597842786273
ray_gpis_hit_only,L_Shaped,4,0,0,0.3038,0.4660223960730173,0.3038,0.026934919808635556,15.762701956181898
ray_gpis_hit_only,L_Shaped,4,0,1,0.4744333333333333,0.6418398390288061,0.4744333333333333,0.057547408547210306,11.802968912164381
ray_gpis_hit_only,L_Shaped,4,0,2,0.7199666666666666,0.835249758749621,0.7199666666666666,0.08149644616495609,5.738627414634046
ray_gpis_hit_only,L_Shaped,4,0,3,0.7360333333333333,0.84633930277934,0.7360333333333333,0.10594320040331154,5.490245468183131
ray_gpis_hit_only,L_Shaped,4,0,4,0.7805666666666666,0.8746705940090664,0.7805666666666666,0.1304021958335637,5.067247968833462
ray_gpis_hit_only,L_Shaped,4,0,5,0.8286,0.9044616186543206,0.8286,0.1547914431489088,4.6502349068609385
ray_gpis_hit_only,L_Shaped,1,0,0,0.2566,0.4054256199474397,0.2566,0.02841618026445339,19.69524384873689
ray_gpis_hit_only,L_Shaped,1,0,1,0.26063333333333333,0.3676362641552403,0.26063333333333333,0.0566262488762841,20.84061776370798
ray_gpis_hit_only,L_Shaped,1,0,2,0.47473333333333334,0.5738233671254036,0.47473333333333334,0.08131131136569479,13.027045216234663
ray_gpis_hit_only,L_Shaped,1,0,3,0.5116,0.6190289041239175,0.5116,0.10325047319043618,11.49719534630777
ray_gpis_hit_only,L_Shaped,1,0,4,0.6379,0.7106110242915707,0.6379,0.12675245938962051,8.885653205682798
ray_gpis_hit_only,L_Shaped,1,0,5,0.6890666666666667,0.7556035852774776,0.6890666666666667,0.14759079001713976,7.926470737531996
ray_gpis_hit_only,L_Shaped,12,0,0,0.24506666666666665,0.39366031270079244,0.24506666666666665,0.02719481159357569,16.64804231685207
ray_gpis_hit_only,L_Shaped,12,0,1,0.27163333333333334,0.36881230128647563,0.27163333333333334,0.05092151282757526,17.732443831536646
ray_gpis_hit_only,L_Shaped,12,0,2,0.40476666666666666,0.5200066011877463,0.40476666666666666,0.07213923061803494,14.154185372836324
ray_gpis_hit_only,L_Shaped,12,0,3,0.45826666666666666,0.5687390584071861,0.45826666666666666,0.09500735469930714,12.371827586788216
ray_gpis_hit_only,L_Shaped,12,0,4,0.5519,0.6324234829641538,0.5519,0.11719549689996302,9.981279597939954
ray_gpis_hit_only,L_Shaped,12,0,5,0.5665,0.6498002891341336,0.5665,0.1338213052715854,9.67725505523535
ray_gpis_hit_only,L_Shaped,7,0,0,0.17453333333333335,0.29628825877298914,0.17453333333333335,0.025035502203226638,23.28715047245427
ray_gpis_hit_only,L_Shaped,7,0,1,0.2875333333333333,0.4436989700298235,0.2875333333333333,0.04820750852757912,19.07141333004431
ray_gpis_hit_only,L_Shaped,7,0,2,0.45893333333333336,0.6252279606007093,0.45893333333333336,0.07125721543468362,11.559742711587335
ray_gpis_hit_only,L_Shaped,7,0,3,0.5235666666666666,0.6837574022841216,0.5235666666666666,0.09339976680407004,10.105001691702446
ray_gpis_hit_only,L_Shaped,7,0,4,0.6965333333333333,0.8170997837751262,0.6965333333333333,0.11663412054463616,6.661704323575518
ray_gpis_hit_only,L_Shaped,7,0,5,0.7308,0.8407861558362594,0.7308,0.14085049775388414,6.060514257670337
ray_gpis_hit_only,L_Shaped,14,0,0,0.3131,0.47688675653034807,0.3131,0.029311373635666445,15.808983679251307
ray_gpis_hit_only,L_Shaped,14,0,1,0.46076666666666666,0.6308559432261597,0.46076666666666666,0.04972467242394992,11.673034153616653
ray_gpis_hit_only,L_Shaped,14,0,2,0.6855,0.8134084841293385,0.6855,0.07441652056716815,6.146065848699459
ray_gpis_hit_only,L_Shaped,14,0,3,0.7711333333333333,0.8707795385252382,0.7711333333333333,0.09898767192378195,5.251695590177862
ray_gpis_hit_only,L_Shaped,14,0,4,0.8518333333333333,0.9191944170571366,0.8518333333333333,0.12151743302567142,4.55796219985836
ray_gpis_hit_only,L_Shaped,14,0,5,0.8632,0.9258735839485994,0.8632,0.14167709283128266,4.497305417922077
ray_gpis_hit_only,L_Shaped,2,0,0,0.23113333333333333,0.3754805869930145,0.23113333333333333,0.028225772146395732,20.183168641920943
ray_gpis_hit_only,L_Shaped,2,0,1,0.3178,0.48231901654272274,0.3178,0.054170062196870684,17.326273075748286
ray_gpis_hit_only,L_Shaped,2,0,2,0.3594,0.5284107953245049,0.3594,0.07876248616096233,15.292733390973979
ray_gpis_hit_only,L_Shaped,2,0,3,0.4250333333333333,0.5961753981444883,0.4250333333333333,0.09952060071201858,13.494490318189868
ray_gpis_hit_only,L_Shaped,2,0,4,0.5631,0.7200653864445964,0.5631,0.12344586872390365,9.322939111026363
ray_gpis_hit_only,L_Shaped,2,0,5,0.6684666666666667,0.7972626381318593,0.6684666666666667,0.14820641289398326,7.317359800354404
ray_gpis_hit_only,L_Shaped,6,0,0,0.2435,0.39163650985122633,0.2435,0.02584688682098895,19.34810089292677
ray_gpis_hit_only,L_Shaped,6,0,1,0.3148,0.4788560997870399,0.3148,0.04884316193512307,16.686313684069074
ray_gpis_hit_only,L_Shaped,6,0,2,0.4042,0.5601159217315832,0.4042,0.07164029648958259,13.6527268043609
ray_gpis_hit_only,L_Shaped,6,0,3,0.4404,0.5973078256613165,0.4404,0.0891110158956564,12.962278098021132
ray_gpis_hit_only,L_Shaped,6,0,4,0.5798666666666666,0.7183225262353906,0.5798666666666666,0.11074146434619561,8.446578988732613
ray_gpis_hit_only,L_Shaped,6,0,5,0.6262333333333333,0.7558421208468288,0.6262333333333333,0.13217118315067922,7.542635355927088
ray_gpis_hit_only,L_Shaped,3,0,0,0.2501,0.40012798976081915,0.2501,0.025750858855037487,21.361364102214313
ray_gpis_hit_only,L_Shaped,3,0,1,0.28436666666666666,0.442812281020477,0.28436666666666666,0.05080289024071377,19.41582354369809
ray_gpis_hit_only,L_Shaped,3,0,2,0.3433,0.5111293084195637,0.3433,0.07415167020378713,15.910642481896748
ray_gpis_hit_only,L_Shaped,3,0,3,0.3977333333333333,0.5691118954497758,0.3977333333333333,0.09699246656353595,13.937256879700966
ray_gpis_hit_only,L_Shaped,3,0,4,0.5330666666666667,0.6949945277436579,0.5330666666666667,0.1224298112216222,10.063292005142866
ray_gpis_hit_only,L_Shaped,3,0,5,0.6251666666666666,0.7689194346325113,0.6251666666666666,0.14275686235605015,7.352518734972996
ray_gpis_hit_only,L_Shaped,9,0,0,0.2869333333333333,0.4459179444674679,0.2869333333333333,0.030276722748135927,17.01080976120665
ray_gpis_hit_only,L_Shaped,9,0,1,0.36933333333333335,0.5394352482960079,0.36933333333333335,0.05040186184952867,12.719837704001783
ray_gpis_hit_only,L_Shaped,9,0,2,0.4991,0.6658661863784938,0.4991,0.0739896912606814,10.18935691605005
ray_gpis_hit_only,L_Shaped,9,0,3,0.5201333333333333,0.6843259363213753,0.5201333333333333,0.09705541843814439,9.584468620654011
ray_gpis_hit_only,L_Shaped,9,0,4,0.7291333333333333,0.8385543264286294,0.7291333333333333,0.12221093847572505,5.658715711762806
ray_gpis_hit_only,L_Shaped,9,0,5,0.7791,0.8714061939195975,0.7791,0.14457390623211164,5.410762382365616
ray_gpis_hit_only,L_Shaped,10,0,0,0.187,0.3128648099933265,0.187,0.025736644416292396,24.682241137477735
ray_gpis_hit_only,L_Shaped,10,0,1,0.35076666666666667,0.5165206476768611,0.35076666666666667,0.048632135260056004,14.221991244276243
ray_gpis_hit_only,L_Shaped,10,0,2,0.4205,0.5897404149796281,0.4205,0.07066288577958502,12.154590939423276
ray_gpis_hit_only,L_Shaped,10,0,3,0.4735333333333333,0.6380463401910169,0.4735333333333333,0.08745507143522746,10.417620752091533
ray_gpis_hit_only,L_Shaped,10,0,4,0.565,0.7154220779220778,0.565,0.10889223190403947,8.409337049187661
ray_gpis_hit_only,L_Shaped,10,0,5,0.6614333333333333,0.7894444838844271,0.6614333333333333,0.12749051294580221,6.9813907440994205
ray_gpis_hit_only,L_Shaped,5,0,0,0.2035,0.3381803074366431,0.2035,0.026636184470137155,21.867820338419964
ray_gpis_hit_only,L_Shaped,5,0,1,0.2972,0.4582176996608079,0.2972,0.05515561861735702,16.952044091470974
ray_gpis_hit_only,L_Shaped,5,0,2,0.3532666666666667,0.5220946844672152,0.3532666666666667,0.07996632093211248,15.421729769975899
ray_gpis_hit_only,L_Shaped,5,0,3,0.3607,0.5301682957301389,0.3607,0.09882141617153795,15.297441113719467
ray_gpis_hit_only,L_Shaped,5,0,4,0.4295,0.6009094088842253,0.4295,0.11932161022444997,10.975804794434767
ray_gpis_hit_only,L_Shaped,5,0,5,0.5601,0.7176015120751733,0.5601,0.139716130813277,8.830817924116483
ray_gpis_hit_only,L_Shaped,11,0,0,0.2637,0.4173458890559468,0.2637,0.025925881469504326,18.67696007267469
ray_gpis_hit_only,L_Shaped,11,0,1,0.4674,0.637045113806733,0.4674,0.05355051158587873,10.885152395452966
ray_gpis_hit_only,L_Shaped,11,0,2,0.5261333333333333,0.6894985147649834,0.5261333333333333,0.07806867237486313,9.614063830933942
ray_gpis_hit_only,L_Shaped,11,0,3,0.5922666666666667,0.7400903222680203,0.5922666666666667,0.10012084485781395,8.517407887857965
ray_gpis_hit_only,L_Shaped,11,0,4,0.6087333333333333,0.7534761418305004,0.6087333333333333,0.12154499425653743,8.010720868050884
ray_gpis_hit_only,L_Shaped,11,0,5,0.8725,0.9278524297171938,0.8725,0.15091673044197354,4.821057071497993
ray_gpis_hit_only,L_Shaped,0,0,0,0.06146666666666667,0.1071295779884737,0.06146666666666667,0.021944112965767877,23.210374055230822
ray_gpis_hit_only,L_Shaped,0,0,1,0.27953333333333336,0.4006245171828925,0.27953333333333336,0.050265295408304975,15.20272440149872
ray_gpis_hit_only,L_Shaped,0,0,2,0.29933333333333334,0.4348940025933043,0.29933333333333334,0.0732458124779765,14.168203647477783
ray_gpis_hit_only,L_Shaped,0,0,3,0.45513333333333333,0.5927026101825859,0.45513333333333333,0.09617995273894818,10.129282959634896
ray_gpis_hit_only,L_Shaped,0,0,4,0.4716,0.6104474651263654,0.4716,0.11670265178200956,9.960957891070729
ray_gpis_hit_only,L_Shaped,0,0,5,0.6481,0.7518992520364697,0.6481,0.14448672839021925,7.923142898359461
ray_gpis_hit_only,Cylinder,8,0,0,0.057633333333333335,0.09996341347739088,0.057633333333333335,0.034825256369194896,34.65147145393847
ray_gpis_hit_only,Cylinder,8,0,1,0.3045,0.4285234523676256,0.3045,0.07026971905664467,20.583336659860567
ray_gpis_hit_only,Cylinder,8,0,2,0.3989333333333333,0.5056577843740828,0.3989333333333333,0.10535313221169293,15.804500049916701
ray_gpis_hit_only,Cylinder,8,0,3,0.5163,0.6151680516359205,0.5163,0.13788556960884985,12.885472001709083
ray_gpis_hit_only,Cylinder,8,0,4,0.7882333333333333,0.8030728568307339,0.7882333333333333,0.19705894961337628,7.156318546331968
ray_gpis_hit_only,Cylinder,8,0,5,0.7882333333333333,0.7647383964347407,0.7882333333333333,0.225890159552141,8.05311917576464
ray_gpis_hit_only,Cylinder,13,0,0,0.1637,0.28134398900060154,0.1637,0.0348292514590591,25.399308413207184
ray_gpis_hit_only,Cylinder,13,0,1,0.27426666666666666,0.430469812702731,0.27426666666666666,0.08050094915416144,20.865068526645278
ray_gpis_hit_only,Cylinder,13,0,2,0.3921,0.563321600459737,0.3921,0.1480872018922677,15.368723384591053
ray_gpis_hit_only,Cylinder,13,0,3,0.4061666666666667,0.5776934929477303,0.4061666666666667,0.1849399660191606,15.266428008277938
ray_gpis_hit_only,Cylinder,13,0,4,0.6246333333333334,0.7689529945218408,0.6246333333333334,0.21814751443295763,7.431262249268348
ray_gpis_hit_only,Cylinder,13,0,5,0.6911666666666667,0.8173844486054992,0.6911666666666667,0.2513931950892003,6.765491850650234
ray_gpis_hit_only,Cylinder,4,0,0,0.2775,0.43444227005870845,0.2775,0.03714495919318417,19.73778139526578
ray_gpis_hit_only,Cylinder,4,0,1,0.3052,0.4676677903769537,0.3052,0.0708417146995151,19.02110727347354
ray_gpis_hit_only,Cylinder,4,0,2,0.4835,0.6518368722615436,0.4835,0.11671871298060965,12.29398566915311
ray_gpis_hit_only,Cylinder,4,0,3,0.6257666666666667,0.7698111660139831,0.6257666666666667,0.18457987007824606,8.287798139998676
ray_gpis_hit_only,Cylinder,4,0,4,0.7156666666666667,0.8342723916844764,0.7156666666666667,0.2190424848744765,6.784218570880548
ray_gpis_hit_only,Cylinder,4,0,5,0.7982,0.8877766655544433,0.7982,0.24794671867001639,5.247520038837592
ray_gpis_hit_only,Cylinder,1,0,0,0.31453333333333333,0.47854752003245765,0.31453333333333333,0.038555758884770044,17.127558230622554
ray_gpis_hit_only,Cylinder,1,0,1,0.3611666666666667,0.5306722174605119,0.3611666666666667,0.06808483352239916,15.428226922942075
ray_gpis_hit_only,Cylinder,1,0,2,0.38676666666666665,0.5577963127659062,0.38676666666666665,0.10453663149927107,14.531085462707813
ray_gpis_hit_only,Cylinder,1,0,3,0.40123333333333333,0.5726859671242001,0.40123333333333333,0.14538583372749547,14.3919747182851
ray_gpis_hit_only,Cylinder,1,0,4,0.5060666666666667,0.669791404508224,0.5060666666666667,0.20491350236732025,10.387162504362308
ray_gpis_hit_only,Cylinder,1,0,5,0.5536333333333333,0.7105671678278938,0.5536333333333333,0.23474138194602312,8.946471757867927
ray_gpis_hit_only,Cylinder,12,0,0,0.14116666666666666,0.24740762377683656,0.14116666666666666,0.037229928310940866,30.17586575646176
ray_gpis_hit_only,Cylinder,12,0,1,0.32293333333333335,0.4882080225760936,0.32293333333333335,0.0724780891133612,17.181948479620882
ray_gpis_hit_only,Cylinder,12,0,2,0.3640333333333333,0.5337601720388064,0.3640333333333333,0.10290026478474092,16.297982447267206
ray_gpis_hit_only,Cylinder,12,0,3,0.37876666666666664,0.5490434625798557,0.37876666666666664,0.1353831843215346,15.885148333646594
ray_gpis_hit_only,Cylinder,12,0,4,0.5097333333333334,0.6742793362913188,0.5097333333333334,0.20918630479066877,9.95732511725168
ray_gpis_hit_only,Cylinder,12,0,5,0.5543666666666667,0.7124060822786533,0.5543666666666667,0.2469569498950583,8.641715374772918
ray_gpis_hit_only,Cylinder,7,0,0,0.19866666666666666,0.3302354867145196,0.19866666666666666,0.06767401355853285,21.58238241017174
ray_gpis_hit_only,Cylinder,7,0,1,0.28263333333333335,0.43952680310150244,0.28263333333333335,0.1236908897579482,17.42674482211147
ray_gpis_hit_only,Cylinder,7,0,2,0.359,0.479813014187005,0.359,0.15661840925354206,13.731391878082867
ray_gpis_hit_only,Cylinder,7,0,3,0.44606666666666667,0.5709450847840845,0.44606666666666667,0.1857689341511457,12.528192786690187
ray_gpis_hit_only,Cylinder,7,0,4,0.5577333333333333,0.6686639247163193,0.5577333333333333,0.2167064597676298,10.92072184658613
ray_gpis_hit_only,Cylinder,7,0,5,0.5940333333333333,0.6975736713827749,0.5940333333333333,0.24568926341342345,10.155239787147876
ray_gpis_hit_only,Cylinder,14,0,0,0.23946666666666666,0.38640275387263334,0.23946666666666666,0.07094188725181882,20.267285248176055
ray_gpis_hit_only,Cylinder,14,0,1,0.26916666666666667,0.42323746741053936,0.26916666666666667,0.12549360245566163,20.044526950719845
ray_gpis_hit_only,Cylinder,14,0,2,0.33343333333333336,0.49923949887198726,0.33343333333333336,0.15735190677098773,18.188350779184777
ray_gpis_hit_only,Cylinder,14,0,3,0.35586666666666666,0.5103442003526734,0.35586666666666666,0.17634724673364188,17.851397221638134
ray_gpis_hit_only,Cylinder,14,0,4,0.6494666666666666,0.7640605025982997,0.6494666666666666,0.21272083864138577,8.511455988246208
ray_gpis_hit_only,Cylinder,14,0,5,0.7397333333333334,0.8271503174096982,0.7397333333333334,0.24525400660911778,6.989010033451331
ray_gpis_hit_only,Cylinder,2,0,0,0.20336666666666667,0.337996177391208,0.20336666666666667,0.037143142865390416,22.339508817240333
ray_gpis_hit_only,Cylinder,2,0,1,0.2488,0.36784309595466563,0.2488,0.11326590136105524,16.5480427577002
ray_gpis_hit_only,Cylinder,2,0,2,0.3265,0.43616694553577273,0.3265,0.15790284179345027,15.097824175312741
ray_gpis_hit_only,Cylinder,2,0,3,0.4617,0.5666452818610359,0.4617,0.18753828992248084,11.791603552488422
ray_gpis_hit_only,Cylinder,2,0,4,0.5741,0.6546670275811626,0.5741,0.21090741515870157,9.80836101099937
ray_gpis_hit_only,Cylinder,2,0,5,0.7076333333333333,0.7480853260448154,0.7076333333333333,0.2445434751054185,7.301549969974889
ray_gpis_hit_only,Cylinder,6,0,0,0.2819333333333333,0.4398564667949451,0.2819333333333333,0.07243295612676162,18.365397325451642
ray_gpis_hit_only,Cylinder,6,0,1,0.39076666666666665,0.5612871428652652,0.39076666666666665,0.1270915521383822,15.499312160190431
ray_gpis_hit_only,Cylinder,6,0,2,0.4210333333333333,0.592079323752152,0.4210333333333333,0.16430262280086086,14.88768391922856
ray_gpis_hit_only,Cylinder,6,0,3,0.6445333333333333,0.7832153037330383,0.6445333333333333,0.19734957534039602,7.866500947900387
ray_gpis_hit_only,Cylinder,6,0,4,0.8022666666666667,0.8889403683151949,0.8022666666666667,0.23462219444080884,5.430889250279861
ray_gpis_hit_only,Cylinder,6,0,5,0.8461666666666666,0.9154922065559815,0.8461666666666666,0.26834876475725833,4.702200396838954
ray_gpis_hit_only,Cylinder,3,0,0,0.1392,0.2443820224719101,0.1392,0.042971102831922486,27.644404875584147
ray_gpis_hit_only,Cylinder,3,0,1,0.2809,0.4379860782134667,0.2809,0.1015074215778314,17.96992869420376
ray_gpis_hit_only,Cylinder,3,0,2,0.5832333333333334,0.7358850202836927,0.5832333333333334,0.157352887743455,8.12079305905894
ray_gpis_hit_only,Cylinder,3,0,3,0.5937333333333333,0.7444085164610575,0.5937333333333333,0.1870282414511574,7.8594878410593
ray_gpis_hit_only,Cylinder,3,0,4,0.646,0.7843150639845726,0.646,0.2165995962662633,6.8349732410877335
ray_gpis_hit_only,Cylinder,3,0,5,0.7671666666666667,0.8676253370095333,0.7671666666666667,0.24510092123560684,5.553731592878596
ray_gpis_hit_only,Cylinder,9,0,0,0.30306666666666665,0.46515911183873937,0.30306666666666665,0.03690645016828521,18.028614670734648
ray_gpis_hit_only,Cylinder,9,0,1,0.35273333333333334,0.5215120003942635,0.35273333333333334,0.06661024641235982,17.129068870187435
ray_gpis_hit_only,Cylinder,9,0,2,0.3685,0.5385458531238582,0.3685,0.0970705916408981,16.454910650644273
ray_gpis_hit_only,Cylinder,9,0,3,0.3904666666666667,0.5612674409236885,0.3904666666666667,0.12261246161750393,15.888299529226387
ray_gpis_hit_only,Cylinder,9,0,4,0.45963333333333334,0.6294223977027507,0.45963333333333334,0.14769640146317714,12.209796808014934
ray_gpis_hit_only,Cylinder,9,0,5,0.5263,0.6892661457190024,0.5263,0.17731744689359127,9.935734916862092
ray_gpis_hit_only,Cylinder,10,0,0,0.2721,0.42779655687445955,0.2721,0.037815424397376354,19.54244765137913
ray_gpis_hit_only,Cylinder,10,0,1,0.3847,0.5515342505182648,0.3847,0.07340247107904928,15.137621546935604
ray_gpis_hit_only,Cylinder,10,0,2,0.46386666666666665,0.6302947463255086,0.46386666666666665,0.10579067220290116,13.143813515520042
ray_gpis_hit_only,Cylinder,10,0,3,0.6360333333333333,0.7735516037296566,0.6360333333333333,0.13910022791614898,8.043366457151985
ray_gpis_hit_only,Cylinder,10,0,4,0.8204,0.8970910474849466,0.8204,0.20983079215192052,5.152251273753998
ray_gpis_hit_only,Cylinder,10,0,5,0.9348,0.9621770466756002,0.9348,0.26521090448763057,4.157356840799044
ray_gpis_hit_only,Cylinder,5,0,0,0.1644,0.28237718996908273,0.1644,0.03528869778747454,25.18613040225106
ray_gpis_hit_only,Cylinder,5,0,1,0.35586666666666666,0.5242007471643605,0.35586666666666666,0.07839063371039129,14.553103656017212
ray_gpis_hit_only,Cylinder,5,0,2,0.3712,0.540787060027769,0.3712,0.1152888031374808,14.267615417428258
ray_gpis_hit_only,Cylinder,5,0,3,0.47063333333333335,0.6231107993134438,0.47063333333333335,0.15282086307100137,10.986013558334161
ray_gpis_hit_only,Cylinder,5,0,4,0.6384,0.7597540905376999,0.6384,0.19211930085918028,7.174537530952932
ray_gpis_hit_only,Cylinder,5,0,5,0.7742666666666667,0.8528748154671401,0.7742666666666667,0.22980107808027075,5.539166176887404
ray_gpis_hit_only,Cylinder,11,0,0,0.2893,0.44877065074071204,0.2893,0.038650630360103064,18.621796812813436
ray_gpis_hit_only,Cylinder,11,0,1,0.36993333333333334,0.5393467236922069,0.36993333333333334,0.09520343661946705,15.582924169719982
ray_gpis_hit_only,Cylinder,11,0,2,0.45413333333333333,0.6239360555773887,0.45413333333333333,0.14932678153008264,12.312697463009023
ray_gpis_hit_only,Cylinder,11,0,3,0.535,0.6958707014909795,0.535,0.1882486275908133,10.042212191425953
ray_gpis_hit_only,Cylinder,11,0,4,0.7097,0.8288055972061442,0.7097,0.22538278110143148,6.967978261853065
ray_gpis_hit_only,Cylinder,11,0,5,0.8577333333333333,0.9206545048959647,0.8577333333333333,0.25922661725142576,5.486571689055952
ray_gpis_hit_only,Cylinder,0,0,0,0.1921,0.3222883986242765,0.1921,0.034779872506054105,23.38313976437952
ray_gpis_hit_only,Cylinder,0,0,1,0.32093333333333335,0.485919047138387,0.32093333333333335,0.06945156387826347,17.07997255141585
ray_gpis_hit_only,Cylinder,0,0,2,0.3388,0.45899025756010975,0.3388,0.10646452603070038,16.526204835218866
ray_gpis_hit_only,Cylinder,0,0,3,0.5982,0.6840099758021898,0.5982,0.18081870224815955,9.998672058339544
ray_gpis_hit_only,Cylinder,0,0,4,0.6521,0.7322911344927442,0.6521,0.22871528587942935,9.173364090616525
ray_gpis_hit_only,Cylinder,0,0,5,0.7022666666666667,0.7743682022008649,0.7022666666666667,0.2621798778978364,7.952907171705876
ray_gpis_hit_only,Cross,8,0,0,0.14456666666666668,0.24181216676236916,0.14456666666666668,0.021281241826089644,20.815969115204826
ray_gpis_hit_only,Cross,8,0,1,0.28886666666666666,0.4327931326580985,0.28886666666666666,0.042727275393257026,17.00399577523142
ray_gpis_hit_only,Cross,8,0,2,0.5131666666666667,0.6561680422163665,0.5131666666666667,0.06490842613911008,9.068512011742813
ray_gpis_hit_only,Cross,8,0,3,0.6058,0.7336136465196689,0.6058,0.08552063608591332,7.160324473050568
ray_gpis_hit_only,Cross,8,0,4,0.6529333333333334,0.7717635535766646,0.6529333333333334,0.10654502959311958,6.658568062634897
ray_gpis_hit_only,Cross,8,0,5,0.7882,0.862019932856481,0.7882,0.12433844370917436,5.205093271994128
ray_gpis_hit_only,Cross,13,0,0,0.2207,0.3615958056852626,0.2207,0.02118640420972068,19.39976504581183
ray_gpis_hit_only,Cross,13,0,1,0.3148,0.4788560997870399,0.3148,0.04119936149639746,16.644791467288645
ray_gpis_hit_only,Cross,13,0,2,0.3895,0.5606333213386111,0.3895,0.06417374460792712,13.594688395670369
ray_gpis_hit_only,Cross,13,0,3,0.5292,0.6914968608650381,0.5292,0.08684632982974184,9.178658900365877
ray_gpis_hit_only,Cross,13,0,4,0.6701333333333334,0.8018092041333731,0.6701333333333334,0.10881194338446089,6.426738391840053
ray_gpis_hit_only,Cross,13,0,5,0.7867666666666666,0.8799995452317227,0.7867666666666666,0.12861968025506357,5.439418636096832
ray_gpis_hit_only,Cross,4,0,0,0.036366666666666665,0.0607777126441293,0.036366666666666665,0.023525556332141647,26.955514181986302
ray_gpis_hit_only,Cross,4,0,1,0.2612,0.3586430402673168,0.2612,0.04515549048385842,18.250598195998457
ray_gpis_hit_only,Cross,4,0,2,0.3679,0.4814342958372078,0.3679,0.06582391005224007,15.285507010652202
ray_gpis_hit_only,Cross,4,0,3,0.4544666666666667,0.5214942767425007,0.4544666666666667,0.08852546397928437,13.373340148233025
ray_gpis_hit_only,Cross,4,0,4,0.5702666666666667,0.6170356122617853,0.5702666666666667,0.10885813947057708,11.534411707401274
ray_gpis_hit_only,Cross,4,0,5,0.7372333333333333,0.7273178858563284,0.7372333333333333,0.13198175328902229,8.70567980650332
ray_gpis_hit_only,Cross,1,0,0,0.2402,0.3873568779229157,0.2402,0.022691139573372553,17.869091384403973
ray_gpis_hit_only,Cross,1,0,1,0.37943333333333334,0.5501292801391876,0.37943333333333334,0.04415057481217484,14.125556075940015
ray_gpis_hit_only,Cross,1,0,2,0.5078666666666667,0.6736227783181536,0.5078666666666667,0.06527434137524883,9.444579666745657
ray_gpis_hit_only,Cross,1,0,3,0.5968666666666667,0.7199659534428255,0.5968666666666667,0.0874823366548531,7.590635718397374
ray_gpis_hit_only,Cross,1,0,4,0.7298,0.8145657742945935,0.7298,0.10840733300417246,6.329991083629056
ray_gpis_hit_only,Cross,1,0,5,0.7679,0.8429112325230477,0.7679,0.12789666660720234,5.81700745184947
ray_gpis_hit_only,Cross,12,0,0,0.2502,0.40025595904655253,0.2502,0.023300692213134636,19.40168436027265
ray_gpis_hit_only,Cross,12,0,1,0.31056666666666666,0.47394256937202733,0.31056666666666666,0.04501708854627276,16.51302498038414
ray_gpis_hit_only,Cross,12,0,2,0.43683333333333335,0.6029780036918153,0.43683333333333335,0.06413198383870755,10.680549353083446
ray_gpis_hit_only,Cross,12,0,3,0.6560666666666667,0.786518332300114,0.6560666666666667,0.08735278855482809,6.132613138761594
ray_gpis_hit_only,Cross,12,0,4,0.6924666666666667,0.8135949315974585,0.6924666666666667,0.10910184780518606,5.896702027657718
ray_gpis_hit_only,Cross,12,0,5,0.7132666666666667,0.8086793712659859,0.7132666666666667,0.1274366370484355,6.098146732812777
ray_gpis_hit_only,Cross,7,0,0,0.2408,0.38813668600902645,0.2408,0.023564225225184025,18.901226104891883
ray_gpis_hit_only,Cross,7,0,1,0.365,0.5347985347985348,0.365,0.043612842236681555,13.959336578380492
ray_gpis_hit_only,Cross,7,0,2,0.47796666666666665,0.6467895081079862,0.47796666666666665,0.06239700198183854,10.235483417296242
ray_gpis_hit_only,Cross,7,0,3,0.5849,0.7380907312764212,0.5849,0.08429753273719556,7.854041105557222
ray_gpis_hit_only,Cross,7,0,4,0.6737666666666666,0.8050903152570051,0.6737666666666666,0.10483562354351118,6.829092289064889
ray_gpis_hit_only,Cross,7,0,5,0.6743,0.7390055596124592,0.6743,0.12687639647379434,8.33536541931466
ray_gpis_hit_only,Cross,14,0,0,0.26516666666666666,0.4191806086154657,0.26516666666666666,0.021719574407476117,18.12330609042663
ray_gpis_hit_only,Cross,14,0,1,0.4499,0.6205945237602594,0.4499,0.04533986568858596,11.676112188706433
ray_gpis_hit_only,Cross,14,0,2,0.4824333333333333,0.6508668180693904,0.4824333333333333,0.06765438224918073,11.010668931357195
ray_gpis_hit_only,Cross,14,0,3,0.5690666666666667,0.7247688507538327,0.5690666666666667,0.08810348359786331,8.337846365305213
ray_gpis_hit_only,Cross,14,0,4,0.6090666666666666,0.7565061710672922,0.6090666666666666,0.1050230909166455,7.682788070191125
ray_gpis_hit_only,Cross,14,0,5,0.7844333333333333,0.8780029084635529,0.7844333333333333,0.12524296190516823,5.717027237787443
ray_gpis_hit_only,Cross,2,0,0,0.27213333333333334,0.42783775285609477,0.27213333333333334,0.022131598586163634,18.07402719928707
ray_gpis_hit_only,Cross,2,0,1,0.5658333333333333,0.722724853645556,0.5658333333333333,0.04707883012638669,9.010049741142945
ray_gpis_hit_only,Cross,2,0,2,0.5953333333333334,0.6989220534348429,0.5953333333333334,0.07015359137257472,9.618554724689359
ray_gpis_hit_only,Cross,2,0,3,0.6603333333333333,0.7536502172410617,0.6603333333333333,0.09014517905825115,8.029862303417069
ray_gpis_hit_only,Cross,2,0,4,0.7332666666666666,0.8080531488136747,0.7332666666666666,0.11077632421537652,7.152979384301603
ray_gpis_hit_only,Cross,2,0,5,0.892,0.9048516779864164,0.892,0.13450852300283972,5.28493692290111
ray_gpis_hit_only,Cross,6,0,0,0.23513333333333333,0.3807416203378852,0.23513333333333333,0.023226593650506173,16.92773693740054
ray_gpis_hit_only,Cross,6,0,1,0.36346666666666666,0.5311750034439506,0.36346666666666666,0.04671681567386762,15.047622243024874
ray_gpis_hit_only,Cross,6,0,2,0.625,0.7666517657577112,0.625,0.07081140944562148,7.791859153995653
ray_gpis_hit_only,Cross,6,0,3,0.6915333333333333,0.8153680327860798,0.6915333333333333,0.09225887359626746,6.584296060174512
ray_gpis_hit_only,Cross,6,0,4,0.7254333333333334,0.8389186167480448,0.7254333333333334,0.11306770297329226,6.068564141218709
ray_gpis_hit_only,Cross,6,0,5,0.7578666666666667,0.8594459631171332,0.7578666666666667,0.13028693773104066,5.5897673765938665
ray_gpis_hit_only,Cross,3,0,0,0.19216666666666668,0.3223822172515029,0.19216666666666668,0.023894357456479012,20.870517379590947
ray_gpis_hit_only,Cross,3,0,1,0.44016666666666665,0.6112718435366277,0.44016666666666665,0.04746648186227737,10.616799579438046
ray_gpis_hit_only,Cross,3,0,2,0.5109333333333334,0.676314860571832,0.5109333333333334,0.07148079429921815,8.504740488232681
ray_gpis_hit_only,Cross,3,0,3,0.5946666666666667,0.7458193979933111,0.5946666666666667,0.09384443751481443,7.598453139090929
ray_gpis_hit_only,Cross,3,0,4,0.6356333333333334,0.7751304693977283,0.6356333333333334,0.11393632255277006,7.197487133905911
ray_gpis_hit_only,Cross,3,0,5,0.6973,0.819673179852234,0.6973,0.134268699893254,6.022129332040013
ray_gpis_hit_only,Cross,9,0,0,0.27463333333333334,0.4309213107037318,0.27463333333333334,0.02287447235998073,17.547169286868808
ray_gpis_hit_only,Cross,9,0,1,0.28736666666666666,0.44644105538437634,0.28736666666666666,0.042172774894977734,17.55668352919854
ray_gpis_hit_only,Cross,9,0,2,0.33153333333333335,0.4975777085777971,0.33153333333333335,0.05967178681712998,15.169299784129185
ray_gpis_hit_only,Cross,9,0,3,0.45613333333333334,0.6260234299301801,0.45613333333333334,0.08123440907884495,10.862903803129786
ray_gpis_hit_only,Cross,9,0,4,0.5406333333333333,0.7008755810037276,0.5406333333333333,0.10134302179451178,8.305254090772234
ray_gpis_hit_only,Cross,9,0,5,0.6672333333333333,0.7993607016060335,0.6672333333333333,0.12129159368621593,6.271791810082679
ray_gpis_hit_only,Cross,10,0,0,0.29646666666666666,0.4573456060060678,0.29646666666666666,0.023019444220177408,15.824299509166119
ray_gpis_hit_only,Cross,10,0,1,0.31943333333333335,0.4841977616653614,0.31943333333333335,0.042928728413786144,15.164028129485166
ray_gpis_hit_only,Cross,10,0,2,0.4771,0.6459955317852549,0.4771,0.06354834547161585,9.47605965350492
ray_gpis_hit_only,Cross,10,0,3,0.5964666666666667,0.7472334739215768,0.5964666666666667,0.08559983759375213,6.942774060134176
ray_gpis_hit_only,Cross,10,0,4,0.7405,0.8509049123814997,0.7405,0.10809902849005294,5.7732384765693885
ray_gpis_hit_only,Cross,10,0,5,0.7969333333333334,0.8869926541515174,0.7969333333333334,0.12886710250364156,5.353919018160075
ray_gpis_hit_only,Cross,5,0,0,0.21883333333333332,0.35908655818405577,0.21883333333333332,0.022481969584372846,18.98999211072322
ray_gpis_hit_only,Cross,5,0,1,0.3912,0.562392179413456,0.3912,0.04414089712779754,12.646318157264622
ray_gpis_hit_only,Cross,5,0,2,0.5493666666666667,0.7091499752587078,0.5493666666666667,0.06462953142745922,7.955725797886871
ray_gpis_hit_only,Cross,5,0,3,0.7825666666666666,0.8780223273556856,0.7825666666666666,0.08878650047055914,4.946285710737245
ray_gpis_hit_only,Cross,5,0,4,0.8108,0.895515794124144,0.8108,0.11149656922005825,4.98988389929322
ray_gpis_hit_only,Cross,5,0,5,0.8259333333333333,0.9046697579320164,0.8259333333333333,0.13038815392999492,4.899857089460285
ray_gpis_hit_only,Cross,11,0,0,0.0629,0.10773007535967115,0.0629,0.024690993482161618,27.64709124543475
ray_gpis_hit_only,Cross,11,0,1,0.26903333333333335,0.3885400048714113,0.26903333333333335,0.04670778911460934,19.86946742576643
ray_gpis_hit_only,Cross,11,0,2,0.3857333333333333,0.5187229866183493,0.3857333333333333,0.06765944367691698,15.213005424154987
ray_gpis_hit_only,Cross,11,0,3,0.4582,0.5959031890474448,0.4582,0.08676735266993484,12.780053293181414
ray_gpis_hit_only,Cross,11,0,4,0.5268,0.6539264826221464,0.5268,0.10750137466553604,11.369659643697952
ray_gpis_hit_only,Cross,11,0,5,0.7434666666666667,0.80800646169201,0.7434666666666667,0.12874937119803798,6.393989274858368
ray_gpis_hit_only,Cross,0,0,0,0.21976666666666667,0.36034214193971525,0.21976666666666667,0.022023417250110734,21.29631002095288
ray_gpis_hit_only,Cross,0,0,1,0.22993333333333332,0.37389560409778305,0.22993333333333332,0.04281938708679373,19.48415340288171
ray_gpis_hit_only,Cross,0,0,2,0.4291,0.600517808410888,0.4291,0.06405972176655614,11.493050119200667
ray_gpis_hit_only,Cross,0,0,3,0.5560333333333334,0.7146804909920524,0.5560333333333334,0.08742814250315667,7.9470816793580354
ray_gpis_hit_only,Cross,0,0,4,0.6891666666666667,0.8159842131228416,0.6891666666666667,0.11049818958790747,6.251030669410251
ray_gpis_hit_only,Cross,0,0,5,0.7436666666666667,0.8421263317962965,0.7436666666666667,0.1306089657747208,5.3664206996944595
ray_gpis_hit_only,Bowl,8,0,0,0.22843333333333332,0.3719100208938214,0.22843333333333332,0.12377485283689942,12.623013369430904
ray_gpis_hit_only,Bowl,8,0,1,0.30083333333333334,0.4612179554035168,0.30083333333333334,0.1865205745432712,10.15347390376468
ray_gpis_hit_only,Bowl,8,0,2,0.37223333333333336,0.5413183283894977,0.37223333333333336,0.23329225197743308,9.864677135095835
ray_gpis_hit_only,Bowl,8,0,3,0.375,0.544496487119438,0.375,0.2679098985360622,9.863063794087159
ray_gpis_hit_only,Bowl,8,0,4,0.45176666666666665,0.6184764940232359,0.45176666666666665,0.31291816806302264,8.953689935902146
ray_gpis_hit_only,Bowl,8,0,5,0.4955333333333333,0.6590284208546093,0.4955333333333333,0.3538316724777842,8.409596536724285
ray_gpis_hit_only,Bowl,13,0,0,0.21096666666666666,0.3484268765999614,0.21096666666666666,0.13155852946041932,15.039115078451822
ray_gpis_hit_only,Bowl,13,0,1,0.3213666666666667,0.48641557982896505,0.3213666666666667,0.18032082059045748,10.169818140457643
ray_gpis_hit_only,Bowl,13,0,2,0.44003333333333333,0.611143260572672,0.44003333333333333,0.2397711165335003,8.775076009869004
ray_gpis_hit_only,Bowl,13,0,3,0.45006666666666667,0.5471268406652962,0.45006666666666667,0.29590883822270814,11.464505632403737
ray_gpis_hit_only,Bowl,13,0,4,0.6109,0.6779522130738663,0.6109,0.34072399262051545,9.107233793278615
ray_gpis_hit_only,Bowl,13,0,5,0.6603,0.728038219431576,0.6603,0.4139639096476042,8.048572032003635
ray_gpis_hit_only,Bowl,4,0,0,0.2815666666666667,0.43941009701667233,0.2815666666666667,0.1246619061378375,11.516188376510758
ray_gpis_hit_only,Bowl,4,0,1,0.3974,0.5687705739229998,0.3974,0.21411660315200418,8.465671314166654
ray_gpis_hit_only,Bowl,4,0,2,0.5846333333333333,0.7378783735459307,0.5846333333333333,0.29596706241539605,6.655323686883017
ray_gpis_hit_only,Bowl,4,0,3,0.6099666666666667,0.7051884758267323,0.6099666666666667,0.36319510002481925,7.68556145874792
ray_gpis_hit_only,Bowl,4,0,4,0.8056333333333333,0.8342882817888271,0.8056333333333333,0.4694063946769355,5.805771405247072
ray_gpis_hit_only,Bowl,4,0,5,0.8521666666666666,0.8603532783666079,0.8521666666666666,0.5248035537467073,5.640669998625364
ray_gpis_hit_only,Bowl,1,0,0,0.17806666666666668,0.3023032086469357,0.17806666666666668,0.10959549077816597,15.42714208243469
ray_gpis_hit_only,Bowl,1,0,1,0.26216666666666666,0.3843213905516483,0.26216666666666666,0.191812771468978,13.736000737316049
ray_gpis_hit_only,Bowl,1,0,2,0.4407333333333333,0.5731424422440562,0.4407333333333333,0.2348114566565628,9.79582720447721
ray_gpis_hit_only,Bowl,1,0,3,0.4941333333333333,0.6267013285216243,0.4941333333333333,0.265902372006324,8.933489720445358
ray_gpis_hit_only,Bowl,1,0,4,0.5317,0.6642887647408027,0.5317,0.2880364558619397,8.080803770472684
ray_gpis_hit_only,Bowl,1,0,5,0.561,0.6923103789510449,0.561,0.30804546341299277,7.668324992258297
ray_gpis_hit_only,Bowl,12,0,0,0.32353333333333334,0.48889336624187785,0.32353333333333334,0.12458159287983836,10.609265759964998
ray_gpis_hit_only,Bowl,12,0,1,0.3577666666666667,0.5269928559153513,0.3577666666666667,0.18356199983285917,9.248046343018277
ray_gpis_hit_only,Bowl,12,0,2,0.4078333333333333,0.5793772937137446,0.4078333333333333,0.2321701236083067,8.115614771842568
ray_gpis_hit_only,Bowl,12,0,3,0.45203333333333334,0.6226211519478433,0.45203333333333334,0.2803120466796045,7.782142272770226
ray_gpis_hit_only,Bowl,12,0,4,0.6685,0.801318549595445,0.6685,0.37411850113631884,6.36028192329234
ray_gpis_hit_only,Bowl,12,0,5,0.7000333333333333,0.8196784579780799,0.7000333333333333,0.43150499743388393,6.371313969027699
ray_gpis_hit_only,Bowl,7,0,0,0.1988,0.33112132825847473,0.1988,0.11955382127917809,17.450638859204478
ray_gpis_hit_only,Bowl,7,0,1,0.31193333333333334,0.4750045363064622,0.31193333333333334,0.15647965638920358,10.69030425706811
ray_gpis_hit_only,Bowl,7,0,2,0.419,0.5900223103886931,0.419,0.18907517988658704,8.358993008529685
ray_gpis_hit_only,Bowl,7,0,3,0.44916666666666666,0.619447901604525,0.44916666666666666,0.21525434319477743,8.109675953358728
ray_gpis_hit_only,Bowl,7,0,4,0.5327666666666667,0.694738738491193,0.5327666666666667,0.26481813213677546,7.080044787789281
ray_gpis_hit_only,Bowl,7,0,5,0.6556666666666666,0.7915574143367212,0.6556666666666666,0.35252270662383495,6.0409871314022405
ray_gpis_hit_only,Bowl,14,0,0,0.29436666666666667,0.4482423551046669,0.29436666666666667,0.12288466836243635,11.919151129691576
ray_gpis_hit_only,Bowl,14,0,1,0.42346666666666666,0.5887731508512974,0.42346666666666666,0.1697742086621097,8.708978033300768
ray_gpis_hit_only,Bowl,14,0,2,0.5027333333333334,0.6627893746285337,0.5027333333333334,0.19438936727012654,8.121602919965792
ray_gpis_hit_only,Bowl,14,0,3,0.5209,0.6798150849605722,0.5209,0.21997790456746946,7.732054817417353
ray_gpis_hit_only,Bowl,14,0,4,0.5444,0.6991677230664642,0.5444,0.24759950515324355,7.42235678187325
ray_gpis_hit_only,Bowl,14,0,5,0.5451333333333334,0.6963997804854551,0.5451333333333334,0.2630003621266969,7.477755339717673
ray_gpis_hit_only,Bowl,2,0,0,0.20933333333333334,0.3461962513781698,0.20933333333333334,0.12317005331662058,16.863481536826022
ray_gpis_hit_only,Bowl,2,0,1,0.2975,0.45857418111753373,0.2975,0.19066750467101848,12.49304815201988
ray_gpis_hit_only,Bowl,2,0,2,0.4909,0.6585284056610102,0.4909,0.3080386250939823,7.840505672290068
ray_gpis_hit_only,Bowl,2,0,3,0.6599666666666667,0.7951565292475753,0.6599666666666667,0.3522915307839455,6.282908433164041
ray_gpis_hit_only,Bowl,2,0,4,0.7228333333333333,0.8391216020121892,0.7228333333333333,0.4024468682707783,6.147242782072958
ray_gpis_hit_only,Bowl,2,0,5,0.7733333333333333,0.8721804511278195,0.7733333333333333,0.42687806503626574,5.3717935066411915
ray_gpis_hit_only,Bowl,6,0,0,0.13506666666666667,0.2379889580641372,0.13506666666666667,0.09351432885550154,29.222796302929943
ray_gpis_hit_only,Bowl,6,0,1,0.2216,0.362454998615342,0.2216,0.1663609163111757,16.410805997148326
ray_gpis_hit_only,Bowl,6,0,2,0.43216666666666664,0.6029120611130165,0.43216666666666664,0.2934531627758292,10.36361237726295
ray_gpis_hit_only,Bowl,6,0,3,0.48036666666666666,0.6484701327520435,0.48036666666666666,0.3533444509185096,8.603107976043942
ray_gpis_hit_only,Bowl,6,0,4,0.5646666666666667,0.7212630940438141,0.5646666666666667,0.3893364281884442,6.456075800738096
ray_gpis_hit_only,Bowl,6,0,5,0.6373,0.7779953207135571,0.6373,0.41965353675906913,6.11279158155107
ray_gpis_hit_only,Bowl,3,0,0,0.0727,0.1267962270313637,0.0727,0.0741146594561156,32.87064033935435
ray_gpis_hit_only,Bowl,3,0,1,0.27786666666666665,0.40076491915095047,0.27786666666666665,0.197212501115949,14.436170591757243
ray_gpis_hit_only,Bowl,3,0,2,0.4087,0.5464913531683356,0.4087,0.2472386944081595,11.05056490540152
ray_gpis_hit_only,Bowl,3,0,3,0.4776,0.6169869588040003,0.4776,0.29384344625930553,9.61295863758138
ray_gpis_hit_only,Bowl,3,0,4,0.5488,0.6793104936140836,0.5488,0.3321583853568393,8.763619977441586
ray_gpis_hit_only,Bowl,3,0,5,0.6397333333333334,0.7532228779406631,0.6397333333333334,0.36481612926780177,7.249302437294986
ray_gpis_hit_only,Bowl,9,0,0,0.1809,0.3054678694531311,0.1809,0.12579715482709228,19.73002489052377
ray_gpis_hit_only,Bowl,9,0,1,0.24,0.38641686182669793,0.24,0.17725801185862722,17.33736802799084
ray_gpis_hit_only,Bowl,9,0,2,0.40423333333333333,0.5747705079828642,0.40423333333333333,0.283111275229115,9.520029028481018
ray_gpis_hit_only,Bowl,9,0,3,0.482,0.6486299075635684,0.482,0.3372062561027651,8.234430861305604
ray_gpis_hit_only,Bowl,9,0,4,0.5526,0.7083487280661096,0.5526,0.36817760005893985,7.953382479612092
ray_gpis_hit_only,Bowl,9,0,5,0.5692666666666667,0.7220627274541459,0.5692666666666667,0.39254753822743516,7.833506787884571
ray_gpis_hit_only,Bowl,10,0,0,0.13056666666666666,0.23097561694725358,0.13056666666666666,0.07331810565069277,28.74035976668446
ray_gpis_hit_only,Bowl,10,0,1,0.20636666666666667,0.34212925865546684,0.20636666666666667,0.1640691571426924,16.079131726155797
ray_gpis_hit_only,Bowl,10,0,2,0.3379333333333333,0.5051572076336638,0.3379333333333333,0.22187664446182587,10.430915433163644
ray_gpis_hit_only,Bowl,10,0,3,0.4737,0.6428716835176767,0.4737,0.3061524119506351,7.58309077121928
ray_gpis_hit_only,Bowl,10,0,4,0.5167333333333334,0.6809827499666247,0.5167333333333334,0.362076075835597,7.237868392947701
ray_gpis_hit_only,Bowl,10,0,5,0.6805666666666667,0.8085016890450828,0.6805666666666667,0.45281225232460487,6.11274379696747
ray_gpis_hit_only,Bowl,5,0,0,0.1464,0.25540823447313327,0.1464,0.12500942025251996,24.337490441049923
ray_gpis_hit_only,Bowl,5,0,1,0.2846666666666667,0.44317592112091336,0.2846666666666667,0.18980043763202545,13.70825097947045
ray_gpis_hit_only,Bowl,5,0,2,0.4423,0.6133259377383347,0.4423,0.2492249544609584,7.957700329565014
ray_gpis_hit_only,Bowl,5,0,3,0.4992666666666667,0.6660144959758104,0.4992666666666667,0.300253536824617,7.5208469431798495
ray_gpis_hit_only,Bowl,5,0,4,0.5449,0.7054178263965305,0.5449,0.3368177154654043,7.172218534911207
ray_gpis_hit_only,Bowl,5,0,5,0.5858666666666666,0.7369560576952398,0.5858666666666666,0.4039442532894576,7.054841667269354
ray_gpis_hit_only,Bowl,11,0,0,0.14916666666666667,0.25144863915715543,0.14916666666666667,0.11544410090357433,20.56640360895554
ray_gpis_hit_only,Bowl,11,0,1,0.33573333333333333,0.48931307240609917,0.33573333333333333,0.22131995751227462,10.545513945394852
ray_gpis_hit_only,Bowl,11,0,2,0.4404,0.5969777723008672,0.4404,0.293291982193629,9.377105850200149
ray_gpis_hit_only,Bowl,11,0,3,0.5452333333333333,0.6920619450324389,0.5452333333333333,0.32530432051323127,7.923135874027331
ray_gpis_hit_only,Bowl,11,0,4,0.5602333333333334,0.6609155339568902,0.5602333333333334,0.3532029094233598,9.47590937891979
ray_gpis_hit_only,Bowl,11,0,5,0.6338,0.7235218705084917,0.6338,0.39278962758906677,8.499978602952815
ray_gpis_hit_only,Bowl,0,0,0,0.2275,0.37067209775967414,0.2275,0.10805287727237904,17.199486013253825
ray_gpis_hit_only,Bowl,0,0,1,0.23886666666666667,0.37906628817395294,0.23886666666666667,0.1646422294908033,17.36829103379525
ray_gpis_hit_only,Bowl,0,0,2,0.27836666666666665,0.4296733548310955,0.27836666666666665,0.20960986099070883,13.77651259908803
ray_gpis_hit_only,Bowl,0,0,3,0.4713,0.630487108885144,0.4713,0.2923415948421029,8.482320247958633
ray_gpis_hit_only,Bowl,0,0,4,0.5107666666666667,0.6669029627836597,0.5107666666666667,0.341600018754824,7.784738063441371
ray_gpis_hit_only,Bowl,0,0,5,0.5537,0.7041673074602876,0.5537,0.3911509873125148,6.824353429992272
ray_gpis_hit_only,Cube,8,0,0,0.17773333333333333,0.30182271029095437,0.17773333333333333,0.02490986261363172,20.477832961424475
ray_gpis_hit_only,Cube,8,0,1,0.3224,0.48759830611010285,0.3224,0.04756109017126397,14.128288069736259
ray_gpis_hit_only,Cube,8,0,2,0.33116666666666666,0.4975585326155002,0.33116666666666666,0.07269815636651626,14.080917321873777
ray_gpis_hit_only,Cube,8,0,3,0.4915,0.6538289305963685,0.4915,0.09554240887870961,10.226221500344838
ray_gpis_hit_only,Cube,8,0,4,0.6566,0.780936228817618,0.6566,0.12046346959870338,6.725527473705313
ray_gpis_hit_only,Cube,8,0,5,0.6821333333333334,0.7785525246212097,0.6821333333333334,0.1444373745007051,7.0663873130834585
ray_gpis_hit_only,Cube,13,0,0,0.21983333333333333,0.3604317529717174,0.21983333333333333,0.026688397361670717,19.625289293515497
ray_gpis_hit_only,Cube,13,0,1,0.46416666666666667,0.6340352874217416,0.46416666666666667,0.05185632722169419,10.547786560597828
ray_gpis_hit_only,Cube,13,0,2,0.6222666666666666,0.7671570641900222,0.6222666666666666,0.07702429185082277,7.564320111782311
ray_gpis_hit_only,Cube,13,0,3,0.8823666666666666,0.9375077473393424,0.8823666666666666,0.10567831359947497,4.276687395249041
ray_gpis_hit_only,Cube,13,0,4,0.8934666666666666,0.943736356594606,0.8934666666666666,0.13160096601379456,4.216203592810289
ray_gpis_hit_only,Cube,13,0,5,0.9254,0.9612548041965306,0.9254,0.15374312633851578,4.077229552125429
ray_gpis_hit_only,Cube,4,0,0,0.2898,0.44864678234914124,0.2898,0.02939004597090049,18.328451001269855
ray_gpis_hit_only,Cube,4,0,1,0.4940333333333333,0.6604611556302097,0.4940333333333333,0.057264793619439536,10.233440832453486
ray_gpis_hit_only,Cube,4,0,2,0.6487666666666667,0.7860623608300896,0.6487666666666667,0.0855533920582467,6.940584241522072
ray_gpis_hit_only,Cube,4,0,3,0.6538,0.7113649324446354,0.6538,0.10934019889803347,9.117358221175875
ray_gpis_hit_only,Cube,4,0,4,0.7199,0.7576743328539547,0.7199,0.13362346979017536,7.941633795220018
ray_gpis_hit_only,Cube,4,0,5,0.7635333333333333,0.79296602699577,0.7635333333333333,0.15220366072866276,7.280470630966667
ray_gpis_hit_only,Cube,1,0,0,0.3661333333333333,0.536014054265079,0.3661333333333333,0.029754562428498096,14.311297155185963
ray_gpis_hit_only,Cube,1,0,1,0.37703333333333333,0.5476023335189175,0.37703333333333333,0.055298837595357135,14.23686834158281
ray_gpis_hit_only,Cube,1,0,2,0.49206666666666665,0.6595773200482552,0.49206666666666665,0.0783753397755457,10.655805143870879
ray_gpis_hit_only,Cube,1,0,3,0.4972,0.6641731231632381,0.4972,0.10117336921872296,10.60806439625492
ray_gpis_hit_only,Cube,1,0,4,0.6107,0.7583038430496057,0.6107,0.12741918699855112,8.419372901045042
ray_gpis_hit_only,Cube,1,0,5,0.6308333333333334,0.7736331119059786,0.6308333333333334,0.1500058094426308,7.962873431303332
ray_gpis_hit_only,Cube,12,0,0,0.25916666666666666,0.41164791528788874,0.25916666666666666,0.02865017546961271,17.105184281018502
ray_gpis_hit_only,Cube,12,0,1,0.46336666666666665,0.62865920224816,0.46336666666666665,0.053545590042439924,10.742563036427342
ray_gpis_hit_only,Cube,12,0,2,0.6303666666666666,0.7684247885121421,0.6303666666666666,0.08231758810234946,7.116569153573473
ray_gpis_hit_only,Cube,12,0,3,0.6436666666666667,0.7792020760662113,0.6436666666666667,0.10713329380685457,6.739618575977049
ray_gpis_hit_only,Cube,12,0,4,0.7640666666666667,0.8622545715616509,0.7640666666666667,0.13094853909090473,5.870733629102698
ray_gpis_hit_only,Cube,12,0,5,0.7874666666666666,0.8777110837218797,0.7874666666666666,0.15421874150084525,5.551011498953145
ray_gpis_hit_only,Cube,7,0,0,0.08696666666666666,0.14526554959627638,0.08696666666666666,0.027201768810523583,26.14842704991913
ray_gpis_hit_only,Cube,7,0,1,0.2046,0.3083659773629186,0.2046,0.04663017303089831,21.747990868144306
ray_gpis_hit_only,Cube,7,0,2,0.2441,0.3641640356659612,0.2441,0.06995938910515001,19.624194348888263
ray_gpis_hit_only,Cube,7,0,3,0.4183,0.552154840104262,0.4183,0.09168018701204196,14.371058783168872
ray_gpis_hit_only,Cube,7,0,4,0.457,0.5965053830434133,0.457,0.1145346066806929,13.065369711020521
ray_gpis_hit_only,Cube,7,0,5,0.6026,0.7166136395451401,0.6026,0.14066987533029218,9.06289219117304
ray_gpis_hit_only,Cube,14,0,0,0.2702333333333333,0.4254861311570053,0.2702333333333333,0.0262179276770345,18.033151435898066
ray_gpis_hit_only,Cube,14,0,1,0.2774,0.43431971191482693,0.2774,0.04911270493684991,17.75795012566417
ray_gpis_hit_only,Cube,14,0,2,0.40826666666666667,0.5567561951270197,0.40826666666666667,0.07538366863240645,10.393796944611259
ray_gpis_hit_only,Cube,14,0,3,0.5658666666666666,0.6951122550879996,0.5658666666666666,0.10310148517930362,7.3548694219028
ray_gpis_hit_only,Cube,14,0,4,0.6400666666666667,0.7564662654908324,0.6400666666666667,0.12740801326416468,6.458655670229177
ray_gpis_hit_only,Cube,14,0,5,0.7820666666666667,0.8470847484941744,0.7820666666666667,0.15125830367120827,5.652655266033444
ray_gpis_hit_only,Cube,2,0,0,0.10363333333333333,0.18272884254652677,0.10363333333333333,0.022136414996812515,29.21737791822152
ray_gpis_hit_only,Cube,2,0,1,0.1507,0.25654163829444393,0.1507,0.04048516730595006,26.303858685733513
ray_gpis_hit_only,Cube,2,0,2,0.4527333333333333,0.6089995660768527,0.4527333333333333,0.06734267895327681,11.783598707319149
ray_gpis_hit_only,Cube,2,0,3,0.6043333333333333,0.7379334516716224,0.6043333333333333,0.09250628641087615,8.970182207144966
ray_gpis_hit_only,Cube,2,0,4,0.6617,0.7801316751143822,0.6617,0.11355055804256607,6.971469339057245
ray_gpis_hit_only,Cube,2,0,5,0.6708333333333333,0.7890969281368903,0.6708333333333333,0.13622255709139158,6.659065073348956
ray_gpis_hit_only,Cube,6,0,0,0.31306666666666666,0.47684809098294073,0.31306666666666666,0.030165925279461173,15.872777399130705
ray_gpis_hit_only,Cube,6,0,1,0.549,0.7088444157520982,0.549,0.059641178291659026,9.741976640416064
ray_gpis_hit_only,Cube,6,0,2,0.554,0.7123197249677696,0.554,0.0847476383385684,9.688990467240046
ray_gpis_hit_only,Cube,6,0,3,0.7392666666666666,0.8492896630684232,0.7392666666666666,0.10959787767446359,5.753098207562113
ray_gpis_hit_only,Cube,6,0,4,0.8906,0.9413635621647933,0.8906,0.1366738080522024,4.455043499148132
ray_gpis_hit_only,Cube,6,0,5,0.8936,0.9431174875766982,0.8936,0.1588756290680054,4.372322571792449
ray_gpis_hit_only,Cube,3,0,0,0.23543333333333333,0.3811348244880339,0.23543333333333333,0.027304995666152892,20.45583711666264
ray_gpis_hit_only,Cube,3,0,1,0.3310666666666667,0.43967238144875825,0.3310666666666667,0.053265200034442337,15.658771446690908
ray_gpis_hit_only,Cube,3,0,2,0.5253,0.6235880564173278,0.5253,0.07920705455432976,10.793780941380097
ray_gpis_hit_only,Cube,3,0,3,0.5417666666666666,0.6488816587257525,0.5417666666666666,0.10378725581001266,10.04794342215359
ray_gpis_hit_only,Cube,3,0,4,0.7616666666666667,0.8016293428500656,0.7616666666666667,0.13159678548904877,6.709499797934178
ray_gpis_hit_only,Cube,3,0,5,0.7974333333333333,0.8347425582235933,0.7974333333333333,0.15455305037763434,6.030703166092116
ray_gpis_hit_only,Cube,9,0,0,0.2765666666666667,0.43168516314924765,0.2765666666666667,0.029264911732109856,17.45987678136968
ray_gpis_hit_only,Cube,9,0,1,0.3547666666666667,0.5224983724073511,0.3547666666666667,0.053856737540111894,14.464741097514882
ray_gpis_hit_only,Cube,9,0,2,0.5664666666666667,0.7216204397504532,0.5664666666666667,0.08047911502209582,8.373140208224926
ray_gpis_hit_only,Cube,9,0,3,0.7847666666666666,0.8777345921263889,0.7847666666666666,0.10791835947712644,4.926555753799708
ray_gpis_hit_only,Cube,9,0,4,0.8863666666666666,0.9382084656055076,0.8863666666666666,0.13493522420407783,4.3360301583969845
ray_gpis_hit_only,Cube,9,0,5,0.8969666666666667,0.9355326985533929,0.8969666666666667,0.16139669927424688,4.492385156699213
ray_gpis_hit_only,Cube,10,0,0,0.25116666666666665,0.3921929847929393,0.25116666666666665,0.028527532113095368,18.881311560294424
ray_gpis_hit_only,Cube,10,0,1,0.3248333333333333,0.4826910768102563,0.3248333333333333,0.05291824742813134,16.455903443189722
ray_gpis_hit_only,Cube,10,0,2,0.36566666666666664,0.5294383292942316,0.36566666666666664,0.07431672935498172,15.457238140679657
ray_gpis_hit_only,Cube,10,0,3,0.40696666666666664,0.5715494497357264,0.40696666666666664,0.09259292778036213,14.690954640196885
ray_gpis_hit_only,Cube,10,0,4,0.5370333333333334,0.6902505792008422,0.5370333333333334,0.12230375086751295,10.222492810954826
ray_gpis_hit_only,Cube,10,0,5,0.6467,0.77660183034122,0.6467,0.14724099172233737,8.015842250590936
ray_gpis_hit_only,Cube,5,0,0,0.1439,0.2515954191799983,0.1439,0.021075632584931066,26.905502230801204
ray_gpis_hit_only,Cube,5,0,1,0.1973,0.3292767412527584,0.1973,0.03980544077373318,25.173340593383188
ray_gpis_hit_only,Cube,5,0,2,0.40536666666666665,0.5763659431432908,0.40536666666666665,0.06687090481796999,14.15643918834934
ray_gpis_hit_only,Cube,5,0,3,0.40896666666666665,0.5784522497498774,0.40896666666666665,0.08860437895007511,14.435187465123203
ray_gpis_hit_only,Cube,5,0,4,0.457,0.6254007582834515,0.457,0.11316158608104077,12.254279893130352
ray_gpis_hit_only,Cube,5,0,5,0.6391333333333333,0.7769439904983795,0.6391333333333333,0.1388155802551593,7.542759105542653
ray_gpis_hit_only,Cube,11,0,0,0.3194666666666667,0.4842360549717058,0.3194666666666667,0.02946991169649294,16.24595894604475
ray_gpis_hit_only,Cube,11,0,1,0.3574333333333333,0.5266311421064264,0.3574333333333333,0.05369281058458919,14.933586933786923
ray_gpis_hit_only,Cube,11,0,2,0.5073,0.6723622046189952,0.5073,0.07474708830383013,9.051229085418383
ray_gpis_hit_only,Cube,11,0,3,0.5234,0.6865131176482411,0.5234,0.09487899757439491,8.935017346252165
ray_gpis_hit_only,Cube,11,0,4,0.5656666666666667,0.7214913252320797,0.5656666666666667,0.11692756487370144,8.72518182766097
ray_gpis_hit_only,Cube,11,0,5,0.5991333333333333,0.7240052547512424,0.5991333333333333,0.14000776162077183,8.184830835835813
ray_gpis_hit_only,Cube,0,0,0,0.16996666666666665,0.29054958830735916,0.16996666666666665,0.023026752362169365,27.026487656286236
ray_gpis_hit_only,Cube,0,0,1,0.18036666666666668,0.30561125074129514,0.18036666666666668,0.041837071293842676,26.220592930064015
ray_gpis_hit_only,Cube,0,0,2,0.1964,0.32831828819792713,0.1964,0.06502930508883763,25.600162698600535
ray_gpis_hit_only,Cube,0,0,3,0.32693333333333335,0.4927652733118971,0.32693333333333335,0.08523237874767124,17.045004207765444
ray_gpis_hit_only,Cube,0,0,4,0.4762,0.6451700311610893,0.4762,0.1127704864017518,10.280942556820927
ray_gpis_hit_only,Cube,0,0,5,0.5869,0.7396811393282501,0.5869,0.13573945837257617,7.430820111188277
ray_gpis_hit_only,Thin_Irregular,8,0,0,0.11483333333333333,0.18420940359340027,0.11483333333333333,0.4520053143975737,25.954654398097702
ray_gpis_hit_only,Thin_Irregular,8,0,1,0.20483333333333334,0.2755952964919903,0.20483333333333334,0.46290899725324736,23.753439796367008
ray_gpis_hit_only,Thin_Irregular,8,0,2,0.4002,0.48035517967055397,0.4002,0.6632363407113168,16.804476365753107
ray_gpis_hit_only,Thin_Irregular,8,0,3,0.4476333333333333,0.5461812409394764,0.4476333333333333,0.6632363407113168,15.064899358653156
ray_gpis_hit_only,Thin_Irregular,8,0,4,0.48996666666666666,0.5904740568497411,0.48996666666666666,0.8423276614246961,13.684058212593566
ray_gpis_hit_only,Thin_Irregular,8,0,5,0.5964333333333334,0.6723910889910233,0.5964333333333334,0.8423276614246961,9.993474066346286
ray_gpis_hit_only,Thin_Irregular,13,0,0,0.29723333333333335,0.45825731685381715,0.29723333333333335,0.4366126708191086,20.57812092349087
ray_gpis_hit_only,Thin_Irregular,13,0,1,0.4454666666666667,0.6163638040771147,0.4454666666666667,0.774850622973516,13.826743281335187
ray_gpis_hit_only,Thin_Irregular,13,0,2,0.6748666666666666,0.8058750945348884,0.6748666666666666,0.9331691203835194,7.448852165447441
ray_gpis_hit_only,Thin_Irregular,13,0,3,0.7392666666666666,0.8500900762773583,0.7392666666666666,0.9549643934043898,6.318547619208415
ray_gpis_hit_only,Thin_Irregular,13,0,4,0.7794333333333333,0.8746037555058636,0.7794333333333333,0.9549643934043898,5.899684613562102
ray_gpis_hit_only,Thin_Irregular,13,0,5,0.7984,0.8866816485169893,0.7984,0.9550135462229644,5.584652163732883
ray_gpis_hit_only,Thin_Irregular,4,0,0,0.3568,0.5259433962264151,0.3568,0.4580955779271023,18.81048370507737
ray_gpis_hit_only,Thin_Irregular,4,0,1,0.36846666666666666,0.5375843655742002,0.36846666666666666,0.4906918517578736,18.691746074312
ray_gpis_hit_only,Thin_Irregular,4,0,2,0.5539333333333334,0.71066805136353,0.5539333333333334,0.8204361763264597,10.841902722973064
ray_gpis_hit_only,Thin_Irregular,4,0,3,0.5986333333333334,0.7469046385930957,0.5986333333333334,0.8441203137329687,9.556042720621416
ray_gpis_hit_only,Thin_Irregular,4,0,4,0.6372333333333333,0.7765932865167299,0.6372333333333333,0.8441203137329687,8.869244454180162
ray_gpis_hit_only,Thin_Irregular,4,0,5,0.6882,0.8129764550076163,0.6882,0.8458854614429494,7.653323397839557
ray_gpis_hit_only,Thin_Irregular,1,0,0,0.2698333333333333,0.42499015618847613,0.2698333333333333,0.499141043714324,23.77791606287659
ray_gpis_hit_only,Thin_Irregular,1,0,1,0.40763333333333335,0.5791754481517442,0.40763333333333335,0.6574595411243275,16.786862093502034
ray_gpis_hit_only,Thin_Irregular,1,0,2,0.6646333333333333,0.7974885272186936,0.6646333333333333,0.8639980919375198,7.805218386110686
ray_gpis_hit_only,Thin_Irregular,1,0,3,0.7385666666666667,0.8487644878067199,0.7385666666666667,0.8659361091417332,6.780391378103658
ray_gpis_hit_only,Thin_Irregular,1,0,4,0.8657666666666667,0.9268163978207173,0.8657666666666667,0.9994370785645554,4.997512508773338
ray_gpis_hit_only,Thin_Irregular,1,0,5,0.9039,0.9484119656551384,0.9039,1.0,4.603292429332223
ray_gpis_hit_only,Thin_Irregular,12,0,0,0.3023,0.4638088138208779,0.3023,0.4474268645346019,22.800906983139328
ray_gpis_hit_only,Thin_Irregular,12,0,1,0.31303333333333333,0.4344890185391981,0.31303333333333333,0.6528210154340043,21.47499149216298
ray_gpis_hit_only,Thin_Irregular,12,0,2,0.5240666666666667,0.6153570623747228,0.5240666666666667,0.8111395128440078,12.5835838589493
ray_gpis_hit_only,Thin_Irregular,12,0,3,0.5818666666666666,0.6770305988632013,0.5818666666666666,0.8340300329600935,11.192552245912244
ray_gpis_hit_only,Thin_Irregular,12,0,4,0.7766666666666666,0.8068299963108293,0.7766666666666666,0.9996020608969222,6.97735176547872
ray_gpis_hit_only,Thin_Irregular,12,0,5,0.8485333333333334,0.8529329363797826,0.8485333333333334,0.9998525415442759,6.315303671776449
ray_gpis_hit_only,Thin_Irregular,7,0,0,0.049933333333333337,0.08378774385723248,0.049933333333333337,0.49513711026369545,37.075311455751596
ray_gpis_hit_only,Thin_Irregular,7,0,1,0.2829333333333333,0.39293062299399223,0.2829333333333333,0.5416626149677154,21.48409823816202
ray_gpis_hit_only,Thin_Irregular,7,0,2,0.3033,0.4321315478127745,0.3033,0.6517142017437841,19.771214368341372
ray_gpis_hit_only,Thin_Irregular,7,0,3,0.34796666666666665,0.48560131451904043,0.34796666666666665,0.654554352798093,18.307267169822143
ray_gpis_hit_only,Thin_Irregular,7,0,4,0.49246666666666666,0.621003399251719,0.49246666666666666,0.8455311824297247,13.156138842717723
ray_gpis_hit_only,Thin_Irregular,7,0,5,0.5399,0.6637811190393779,0.5399,0.9997003665340716,10.932654977055794
ray_gpis_hit_only,Thin_Irregular,14,0,0,0.13896666666666666,0.244022359448623,0.13896666666666666,0.3868575088396164,33.048018410832185
ray_gpis_hit_only,Thin_Irregular,14,0,1,0.2592333333333333,0.41044002387353606,0.2592333333333333,0.4968599427971105,23.911758332692145
ray_gpis_hit_only,Thin_Irregular,14,0,2,0.34946666666666665,0.5166825109067327,0.34946666666666665,0.6333831671862435,20.579378136673586
ray_gpis_hit_only,Thin_Irregular,14,0,3,0.37246666666666667,0.5416726809671357,0.37246666666666667,0.6552275930256886,18.758662114103867
ray_gpis_hit_only,Thin_Irregular,14,0,4,0.4270333333333333,0.5970093280740484,0.4270333333333333,0.6552275930256886,16.386015029874628
ray_gpis_hit_only,Thin_Irregular,14,0,5,0.49243333333333333,0.6576072407249739,0.49243333333333333,0.6766457612557129,14.612801237605854
ray_gpis_hit_only,Thin_Irregular,2,0,0,0.0889,0.15545311814035168,0.0889,0.48122817202259455,38.727911615609514
ray_gpis_hit_only,Thin_Irregular,2,0,1,0.16806666666666667,0.2535141456581918,0.16806666666666667,0.763917221583061,29.474885426391758
ray_gpis_hit_only,Thin_Irregular,2,0,2,0.39686666666666665,0.5040094970749026,0.39686666666666665,0.7857616474225059,16.472479426677058
ray_gpis_hit_only,Thin_Irregular,2,0,3,0.5662666666666667,0.6391539612859946,0.5662666666666667,0.9772197986760652,10.865451919443439
ray_gpis_hit_only,Thin_Irregular,2,0,4,0.7028,0.7426890892080443,0.7028,0.9994964681940773,8.37917523933303
ray_gpis_hit_only,Thin_Irregular,2,0,5,0.8461,0.8339252273052541,0.8461,0.9994964681940773,6.969982838118526
ray_gpis_hit_only,Thin_Irregular,6,0,0,0.0443,0.07219226708800669,0.0443,0.49655644956441103,46.06284650689086
ray_gpis_hit_only,Thin_Irregular,6,0,1,0.20816666666666667,0.3014982625593531,0.20816666666666667,0.49660560238298557,34.03808887394824
ray_gpis_hit_only,Thin_Irregular,6,0,2,0.27473333333333333,0.3933246435351735,0.27473333333333333,0.49844531395004965,27.310414005453893
ray_gpis_hit_only,Thin_Irregular,6,0,3,0.3959,0.5162788231517643,0.3959,0.6770359104178447,18.38151677036314
ray_gpis_hit_only,Thin_Irregular,6,0,4,0.4622,0.5843213230372334,0.4622,0.7870383443753389,15.147765705817694
ray_gpis_hit_only,Thin_Irregular,6,0,5,0.6801666666666667,0.7511636715030565,0.6801666666666667,0.9974316870181681,9.087948789863074
ray_gpis_hit_only,Thin_Irregular,3,0,0,0.17556666666666668,0.2986928289902742,0.17556666666666668,0.38662007256354847,27.795951128806035
ray_gpis_hit_only,Thin_Irregular,3,0,1,0.1949,0.27569354104267374,0.1949,0.4131900158137622,31.575087256494978
ray_gpis_hit_only,Thin_Irregular,3,0,2,0.3209666666666667,0.43224189939865076,0.3209666666666667,0.5231924497712563,24.95870316427757
ray_gpis_hit_only,Thin_Irregular,3,0,3,0.42956666666666665,0.5430280428742515,0.42956666666666665,0.5680058193506413,18.49894081834569
ray_gpis_hit_only,Thin_Irregular,3,0,4,0.5132666666666666,0.6206321986536137,0.5132666666666666,0.8417929413843362,13.222061960425503
ray_gpis_hit_only,Thin_Irregular,3,0,5,0.5432,0.6529971537759766,0.5432,0.8433856257619031,12.574552518931613
ray_gpis_hit_only,Thin_Irregular,9,0,0,0.21733333333333332,0.35706462212486306,0.21733333333333332,0.35906075342246346,28.82600918288509
ray_gpis_hit_only,Thin_Irregular,9,0,1,0.5233333333333333,0.687089715536105,0.5233333333333333,0.6627381549914266,11.488450858894124
ray_gpis_hit_only,Thin_Irregular,9,0,2,0.5825,0.7218497285394283,0.5825,0.978385220495677,9.248453518368681
ray_gpis_hit_only,Thin_Irregular,9,0,3,0.7898,0.86687522207415,0.7898,0.978385220495677,5.693715609222734
ray_gpis_hit_only,Thin_Irregular,9,0,4,0.8347,0.8955484326703061,0.8347,0.9995529080783475,5.284666173071585
ray_gpis_hit_only,Thin_Irregular,9,0,5,0.8826,0.9186446044998726,0.8826,0.9998033887257013,5.077334916526129
ray_gpis_hit_only,Thin_Irregular,10,0,0,0.2685,0.4222912395581531,0.2685,0.3893425080968242,23.281099430178365
ray_gpis_hit_only,Thin_Irregular,10,0,1,0.2956,0.45545309950982293,0.2956,0.39104577054128203,21.542770712069217
ray_gpis_hit_only,Thin_Irregular,10,0,2,0.37776666666666664,0.5474054912555409,0.37776666666666664,0.6330963921244942,16.78008999681209
ray_gpis_hit_only,Thin_Irregular,10,0,3,0.42156666666666665,0.591139163347166,0.42156666666666665,0.6330963921244942,15.716151587370595
ray_gpis_hit_only,Thin_Irregular,10,0,4,0.42333333333333334,0.5931220382605341,0.42333333333333334,0.6349361036915583,15.654373240152259
ray_gpis_hit_only,Thin_Irregular,10,0,5,0.5006,0.6631406372860592,0.5006,0.679681286458036,12.760142742847808
ray_gpis_hit_only,Thin_Irregular,5,0,0,0.0456,0.07689713322091063,0.0456,0.47220427497104417,42.71996652277145
ray_gpis_hit_only,Thin_Irregular,5,0,1,0.21403333333333333,0.3206470999483258,0.21403333333333333,0.4950947950871297,28.380466243854674
ray_gpis_hit_only,Thin_Irregular,5,0,2,0.314,0.44796668885134555,0.314,0.6070043898290759,23.546231529669203
ray_gpis_hit_only,Thin_Irregular,5,0,3,0.43466666666666665,0.5727208163570441,0.43466666666666665,0.65387184317559,17.609974993177417
ray_gpis_hit_only,Thin_Irregular,5,0,4,0.5637333333333333,0.6862952792045514,0.5637333333333333,0.8097099992090439,12.024599337735873
ray_gpis_hit_only,Thin_Irregular,5,0,5,0.5993,0.7152215933485159,0.5993,0.8335700534058234,11.366665995470203
ray_gpis_hit_only,Thin_Irregular,11,0,0,0.22893333333333332,0.3725724205272865,0.22893333333333332,0.4781419596972961,23.056018266436585
ray_gpis_hit_only,Thin_Irregular,11,0,1,0.3917,0.5617951539569856,0.3917,0.7489019042358113,13.04850136925929
ray_gpis_hit_only,Thin_Irregular,11,0,2,0.42323333333333335,0.5639091008172719,0.42323333333333335,0.7489019042358113,13.379917457374065
ray_gpis_hit_only,Thin_Irregular,11,0,3,0.5045666666666667,0.6422339333868535,0.5045666666666667,0.7507416158028755,12.031931251939868
ray_gpis_hit_only,Thin_Irregular,11,0,4,0.6190333333333333,0.7364203251438318,0.6190333333333333,0.9053806900787507,9.507287847869021
ray_gpis_hit_only,Thin_Irregular,11,0,5,0.7661,0.8374458285390959,0.7661,0.9529680137448059,6.336951268984632
ray_gpis_hit_only,Thin_Irregular,0,0,0,0.1702,0.29059280287317557,0.1702,0.47210885176944767,31.966738744530474
ray_gpis_hit_only,Thin_Irregular,0,0,1,0.2346,0.3798227440713748,0.2346,0.47210885176944767,26.584091948723643
ray_gpis_hit_only,Thin_Irregular,0,0,2,0.31266666666666665,0.4383081185680359,0.31266666666666665,0.6833466476865427,17.44478680588427
ray_gpis_hit_only,Thin_Irregular,0,0,3,0.5144666666666666,0.6266134260432135,0.5144666666666666,0.8580151337574901,12.181984259654852
ray_gpis_hit_only,Thin_Irregular,0,0,4,0.6607666666666666,0.741009075144651,0.6607666666666666,0.8874263033154225,8.555171242681414
ray_gpis_hit_only,Thin_Irregular,0,0,5,0.7341333333333333,0.791135031987105,0.7341333333333333,0.9974287372729165,6.95923905084679
ray_gpis_novelty_only,green_Pepper,8,0,0,0.17653333333333332,0.30009066183136895,0.17653333333333332,0.025331942046531053,24.660143910978903
ray_gpis_novelty_only,green_Pepper,8,0,1,0.18896666666666667,0.2825038620654983,0.18896666666666667,0.049536304291232625,28.934895001877265
ray_gpis_novelty_only,green_Pepper,8,0,2,0.27453333333333335,0.3958471803234253,0.27453333333333335,0.07179524355990494,20.853218170727125
ray_gpis_novelty_only,green_Pepper,8,0,3,0.37456666666666666,0.5093187686794215,0.37456666666666666,0.0929241838883983,17.69475368899373
ray_gpis_novelty_only,green_Pepper,8,0,4,0.37583333333333335,0.48249404488277825,0.37583333333333335,0.11274907043183055,18.879261652957947
ray_gpis_novelty_only,green_Pepper,8,0,5,0.38193333333333335,0.5004620808713434,0.38193333333333335,0.1292524066704502,18.078874893916097
ray_gpis_novelty_only,green_Pepper,13,0,0,0.24973333333333333,0.3996585938333511,0.24973333333333333,0.025173419059472523,21.987050723367314
ray_gpis_novelty_only,green_Pepper,13,0,1,0.35596666666666665,0.5250374886304973,0.35596666666666665,0.050470899550591045,15.829989887785338
ray_gpis_novelty_only,green_Pepper,13,0,2,0.379,0.5496736765772299,0.379,0.07346057236865901,15.132274094673981
ray_gpis_novelty_only,green_Pepper,13,0,3,0.4951,0.661807647591772,0.4951,0.09438717939779286,12.244844433563419
ray_gpis_novelty_only,green_Pepper,13,0,4,0.5509,0.7099126190812378,0.5509,0.11909969214727952,10.256378797585123
ray_gpis_novelty_only,green_Pepper,13,0,5,0.6287666666666667,0.7710576551500928,0.6287666666666667,0.1439132316428792,7.863045444113134
ray_gpis_novelty_only,green_Pepper,4,0,0,0.26153333333333334,0.41462770173862495,0.26153333333333334,0.025980856380777725,19.402332364458942
ray_gpis_novelty_only,green_Pepper,4,0,1,0.4241,0.5927684548830429,0.4241,0.051001357425053837,13.343502845523403
ray_gpis_novelty_only,green_Pepper,4,0,2,0.5377666666666666,0.6965214353938444,0.5377666666666666,0.07475464765125174,10.325070172719515
ray_gpis_novelty_only,green_Pepper,4,0,3,0.7902333333333333,0.879631461233458,0.7902333333333333,0.10153853902094938,5.252978175054925
ray_gpis_novelty_only,green_Pepper,4,0,4,0.8067,0.8903634210807826,0.8067,0.12531571496500138,4.984495038103281
ray_gpis_novelty_only,green_Pepper,4,0,5,0.8247,0.901460151401026,0.8247,0.14755989897778016,4.867424911243495
ray_gpis_novelty_only,green_Pepper,1,0,0,0.25533333333333336,0.4067976633032395,0.25533333333333336,0.026098971174773278,18.578227511008286
ray_gpis_novelty_only,green_Pepper,1,0,1,0.26653333333333334,0.4196928751285598,0.26653333333333334,0.04927147505143261,18.364398493245886
ray_gpis_novelty_only,green_Pepper,1,0,2,0.4565,0.625264756644805,0.4565,0.07382515787281377,12.367175845055499
ray_gpis_novelty_only,green_Pepper,1,0,3,0.4586,0.6264419733776833,0.4586,0.09646805326895415,12.526723783444238
ray_gpis_novelty_only,green_Pepper,1,0,4,0.5953,0.7433024187227587,0.5953,0.11890104639562955,8.458785765203018
ray_gpis_novelty_only,green_Pepper,1,0,5,0.7209333333333333,0.8345845859512677,0.7209333333333333,0.14187197243990926,5.94212093371093
ray_gpis_novelty_only,green_Pepper,12,0,0,0.22476666666666667,0.3670358979941758,0.22476666666666667,0.026339008079423288,22.10629933507831
ray_gpis_novelty_only,green_Pepper,12,0,1,0.4429,0.6139025573497817,0.4429,0.05164083170070452,13.078188736636305
ray_gpis_novelty_only,green_Pepper,12,0,2,0.4911,0.658708336127691,0.4911,0.07598082084084819,11.637399029935885
ray_gpis_novelty_only,green_Pepper,12,0,3,0.6766666666666666,0.8071570576540755,0.6766666666666666,0.10175293820126165,7.261451337612561
ray_gpis_novelty_only,green_Pepper,12,0,4,0.8397,0.9128662281893787,0.8397,0.12894242492414032,5.14288531670983
ray_gpis_novelty_only,green_Pepper,12,0,5,0.8532,0.9207856680336715,0.8532,0.15249360742657336,4.982021888965202
ray_gpis_novelty_only,green_Pepper,7,0,0,0.27216666666666667,0.42787894667889426,0.27216666666666667,0.027815744430831364,18.105985173062248
ray_gpis_novelty_only,green_Pepper,7,0,1,0.4423,0.611800599622593,0.4423,0.05390247838570824,12.979135809683736
ray_gpis_novelty_only,green_Pepper,7,0,2,0.5005,0.6413292095531458,0.5005,0.07846846924012896,10.307997519262148
ray_gpis_novelty_only,green_Pepper,7,0,3,0.7502,0.822901118109102,0.7502,0.10413777676567199,6.368674760975423
ray_gpis_novelty_only,green_Pepper,7,0,4,0.8126,0.8661299040453636,0.8126,0.1285320670528674,5.782226787311252
ray_gpis_novelty_only,green_Pepper,7,0,5,0.8470333333333333,0.8909434972166449,0.8470333333333333,0.15108598374575938,5.421342655240648
ray_gpis_novelty_only,green_Pepper,14,0,0,0.20273333333333332,0.33712100216174273,0.20273333333333332,0.02698450674092895,23.31549234960228
ray_gpis_novelty_only,green_Pepper,14,0,1,0.27853333333333335,0.40513686997853143,0.27853333333333335,0.05174816196308801,17.441138018184347
ray_gpis_novelty_only,green_Pepper,14,0,2,0.4267666666666667,0.560124046238575,0.4267666666666667,0.07543294779394046,13.803669819952344
ray_gpis_novelty_only,green_Pepper,14,0,3,0.6272,0.7275903482912982,0.6272,0.09937067820328713,8.280535959408482
ray_gpis_novelty_only,green_Pepper,14,0,4,0.6550333333333334,0.7545996714040828,0.6550333333333334,0.1238830290478271,7.787727599007305
ray_gpis_novelty_only,green_Pepper,14,0,5,0.7957666666666666,0.8470529857263223,0.7957666666666666,0.14588472890703824,5.979307422915673
ray_gpis_novelty_only,green_Pepper,2,0,0,0.16713333333333333,0.2863997258239561,0.16713333333333333,0.024683568848033317,25.018098583724818
ray_gpis_novelty_only,green_Pepper,2,0,1,0.23393333333333333,0.3791668917823761,0.23393333333333333,0.047089790790772204,21.443360730715323
ray_gpis_novelty_only,green_Pepper,2,0,2,0.30646666666666667,0.4691534418533449,0.30646666666666667,0.06911378014612872,18.436855722996587
ray_gpis_novelty_only,green_Pepper,2,0,3,0.4431,0.6131390091376577,0.4431,0.09036455757224449,13.015721230974478
ray_gpis_novelty_only,green_Pepper,2,0,4,0.5218333333333334,0.6671916696405907,0.5218333333333334,0.1167628082777589,10.384438073866082
ray_gpis_novelty_only,green_Pepper,2,0,5,0.6763333333333333,0.785709934141192,0.6763333333333333,0.13984872513522034,7.223521922158934
ray_gpis_novelty_only,green_Pepper,6,0,0,0.12366666666666666,0.2075495447616117,0.12366666666666666,0.025102028846483184,25.09846313409737
ray_gpis_novelty_only,green_Pepper,6,0,1,0.22003333333333333,0.34095168113443325,0.22003333333333333,0.046511186718224413,22.130487929125906
ray_gpis_novelty_only,green_Pepper,6,0,2,0.3449333333333333,0.4891451223547399,0.3449333333333333,0.07002263445240414,16.011563694158422
ray_gpis_novelty_only,green_Pepper,6,0,3,0.5298333333333334,0.6639255459398781,0.5298333333333334,0.09540773093793412,9.723506081750674
ray_gpis_novelty_only,green_Pepper,6,0,4,0.7067666666666667,0.7955470944769492,0.7067666666666667,0.1207470519199279,6.851578429902571
ray_gpis_novelty_only,green_Pepper,6,0,5,0.7475,0.826115682623581,0.7475,0.14419335042201598,6.262901991061129
ray_gpis_novelty_only,green_Pepper,3,0,0,0.22263333333333332,0.36418659178276397,0.22263333333333332,0.027600778660634248,23.288284315181244
ray_gpis_novelty_only,green_Pepper,3,0,1,0.28526666666666667,0.4439026920483427,0.28526666666666667,0.05223222037617284,19.2736180187276
ray_gpis_novelty_only,green_Pepper,3,0,2,0.49233333333333335,0.6598168416350235,0.49233333333333335,0.07667328287196455,11.378773215508481
ray_gpis_novelty_only,green_Pepper,3,0,3,0.6361,0.7775808324674531,0.6361,0.10182756021175655,7.806742637223904
ray_gpis_novelty_only,green_Pepper,3,0,4,0.7786,0.8755200719667153,0.7786,0.12748418566511366,5.069252981072055
ray_gpis_novelty_only,green_Pepper,3,0,5,0.8810666666666667,0.9367734618656082,0.8810666666666667,0.15058613616121586,4.158968100858601
ray_gpis_novelty_only,green_Pepper,9,0,0,0.19493333333333332,0.3262664583798259,0.19493333333333332,0.0237707732199727,20.438654582033635
ray_gpis_novelty_only,green_Pepper,9,0,1,0.24143333333333333,0.34810587839985024,0.24143333333333333,0.04981785575091899,18.96409257651825
ray_gpis_novelty_only,green_Pepper,9,0,2,0.4381,0.5585880329498766,0.4381,0.07334074159422976,14.498197237046268
ray_gpis_novelty_only,green_Pepper,9,0,3,0.4757,0.6013577329732583,0.4757,0.09563912621803546,13.072397484963895
ray_gpis_novelty_only,green_Pepper,9,0,4,0.5218333333333334,0.6435290198834333,0.5218333333333334,0.11712885964691974,11.36292319337671
ray_gpis_novelty_only,green_Pepper,9,0,5,0.7022333333333334,0.7729725726028948,0.7022333333333334,0.14284304418675633,7.361355313992518
ray_gpis_novelty_only,green_Pepper,10,0,0,0.2429,0.39086008528441546,0.2429,0.02421220969372436,20.290410201767745
ray_gpis_novelty_only,green_Pepper,10,0,1,0.2778,0.4348098293942714,0.2778,0.04576033141951649,19.38229606217521
ray_gpis_novelty_only,green_Pepper,10,0,2,0.47073333333333334,0.6401341734282217,0.47073333333333334,0.071059825855832,11.973200290594155
ray_gpis_novelty_only,green_Pepper,10,0,3,0.4849,0.6531079533975351,0.4849,0.09618416602035323,11.691954578240429
ray_gpis_novelty_only,green_Pepper,10,0,4,0.5391666666666667,0.7005955603681646,0.5391666666666667,0.11803435752407695,10.435729891582248
ray_gpis_novelty_only,green_Pepper,10,0,5,0.6744,0.8035036816275863,0.6744,0.14018991344877185,7.413547287924592
ray_gpis_novelty_only,green_Pepper,5,0,0,0.1866,0.31451205123883363,0.1866,0.02514446323693746,25.779263996254766
ray_gpis_novelty_only,green_Pepper,5,0,1,0.26,0.41269841269841273,0.26,0.04896219223569295,20.547021624447797
ray_gpis_novelty_only,green_Pepper,5,0,2,0.4727,0.6419501595708562,0.4727,0.07376789517507215,11.914141966329217
ray_gpis_novelty_only,green_Pepper,5,0,3,0.5819666666666666,0.7357508586358751,0.5819666666666666,0.1000180389979512,8.645012746278024
ray_gpis_novelty_only,green_Pepper,5,0,4,0.6738333333333333,0.8040120972309142,0.6738333333333333,0.12374388890425644,7.146889838205671
ray_gpis_novelty_only,green_Pepper,5,0,5,0.7522333333333333,0.8575038878819823,0.7522333333333333,0.14695401634385796,5.684552208643016
ray_gpis_novelty_only,green_Pepper,11,0,0,0.23796666666666666,0.38444761571393954,0.23796666666666666,0.026636637493141675,18.27247993096897
ray_gpis_novelty_only,green_Pepper,11,0,1,0.44016666666666665,0.6112718435366277,0.44016666666666665,0.05241435288097528,10.916247639453783
ray_gpis_novelty_only,green_Pepper,11,0,2,0.6340666666666667,0.7760597282852597,0.6340666666666667,0.07840221660754508,6.407838139940556
ray_gpis_novelty_only,green_Pepper,11,0,3,0.703,0.8256018790369936,0.703,0.10334626655824389,5.6611174962832305
ray_gpis_novelty_only,green_Pepper,11,0,4,0.8051,0.8920281424851809,0.8051,0.12693619685912488,4.939241634224663
ray_gpis_novelty_only,green_Pepper,11,0,5,0.8376333333333333,0.9116435995574018,0.8376333333333333,0.14705919968419753,4.736089321552765
ray_gpis_novelty_only,green_Pepper,0,0,0,0.23516666666666666,0.3807853191202267,0.23516666666666666,0.026892788068556377,21.036948665486307
ray_gpis_novelty_only,green_Pepper,0,0,1,0.4882666666666667,0.6561548109657768,0.4882666666666667,0.05185330823752731,11.287993034192647
ray_gpis_novelty_only,green_Pepper,0,0,2,0.7224,0.838829540176498,0.7224,0.07951905287534006,6.27602855472955
ray_gpis_novelty_only,green_Pepper,0,0,3,0.7269666666666666,0.8419000559748305,0.7269666666666666,0.10447611202789933,6.133357041648173
ray_gpis_novelty_only,green_Pepper,0,0,4,0.7904666666666667,0.8829727817701157,0.7904666666666667,0.127258769065752,5.428098033261243
ray_gpis_novelty_only,green_Pepper,0,0,5,0.8684,0.9295654035538429,0.8684,0.15247065941851337,4.866866845647781
ray_gpis_novelty_only,Corner,8,0,0,0.22656666666666667,0.36943229067587036,0.22656666666666667,0.01395916252323968,16.32794888727207
ray_gpis_novelty_only,Corner,8,0,1,0.4043,0.5696779945918292,0.4043,0.028412358585738887,10.858590712008693
ray_gpis_novelty_only,Corner,8,0,2,0.46123333333333333,0.6262391308554455,0.46123333333333333,0.041142867250551024,10.054202940584355
ray_gpis_novelty_only,Corner,8,0,3,0.5596333333333333,0.7125225231271151,0.5596333333333333,0.05502593412359981,8.591275348813616
ray_gpis_novelty_only,Corner,8,0,4,0.7319333333333333,0.8395792047855407,0.7319333333333333,0.06900340406518055,5.992783919401222
ray_gpis_novelty_only,Corner,8,0,5,0.871,0.9194023169631615,0.871,0.08310791054558242,4.733064901602272
ray_gpis_novelty_only,Corner,13,0,0,0.2784333333333333,0.435585221495059,0.2784333333333333,0.015361696013389875,18.74924806633235
ray_gpis_novelty_only,Corner,13,0,1,0.43856666666666666,0.6097272748337466,0.43856666666666666,0.02655261623269595,12.50078293443498
ray_gpis_novelty_only,Corner,13,0,2,0.5182666666666667,0.6026284847661004,0.5182666666666667,0.04243606139979552,11.372997001977794
ray_gpis_novelty_only,Corner,13,0,3,0.7998333333333333,0.7976593666593035,0.7998333333333333,0.05603359760443175,7.425350070987042
ray_gpis_novelty_only,Corner,13,0,4,0.8413666666666667,0.8394569518909695,0.8413666666666667,0.06920540919488945,6.633357951768437
ray_gpis_novelty_only,Corner,13,0,5,0.8697,0.8644964711281757,0.8697,0.07960290076205809,6.211701536577921
ray_gpis_novelty_only,Corner,4,0,0,0.26256666666666667,0.41592523167093487,0.26256666666666667,0.01487784886162602,14.693079320834716
ray_gpis_novelty_only,Corner,4,0,1,0.4144,0.5829631539285289,0.4144,0.026754825099511256,10.730420923071696
ray_gpis_novelty_only,Corner,4,0,2,0.5305333333333333,0.6804952766153175,0.5305333333333333,0.04145992239814314,8.754544605915719
ray_gpis_novelty_only,Corner,4,0,3,0.6907666666666666,0.8047121183394578,0.6907666666666666,0.05617040210221595,6.517602760540338
ray_gpis_novelty_only,Corner,4,0,4,0.7025666666666667,0.7824221143200605,0.7025666666666667,0.06935609786145028,6.860185944059082
ray_gpis_novelty_only,Corner,4,0,5,0.7322333333333333,0.8055666336758369,0.7322333333333333,0.07966442829950948,6.407494051083347
ray_gpis_novelty_only,Corner,1,0,0,0.267,0.4214680347277033,0.267,0.01595855135772935,15.812157174313501
ray_gpis_novelty_only,Corner,1,0,1,0.3521666666666667,0.5194219441583201,0.3521666666666667,0.029931303584593505,13.421300110484488
ray_gpis_novelty_only,Corner,1,0,2,0.463,0.631339016757816,0.463,0.04160279153054164,10.75818650496947
ray_gpis_novelty_only,Corner,1,0,3,0.49523333333333336,0.6609403329091925,0.49523333333333336,0.05088403454041377,9.770574675761349
ray_gpis_novelty_only,Corner,1,0,4,0.5679666666666666,0.6977534791292316,0.5679666666666666,0.06392273292920743,8.737769813851413
ray_gpis_novelty_only,Corner,1,0,5,0.6862333333333334,0.7837734891288495,0.6862333333333334,0.07727030930192218,7.409559182466251
ray_gpis_novelty_only,Corner,12,0,0,0.2412,0.38865613922010955,0.2412,0.014781233655200033,21.688327946334454
ray_gpis_novelty_only,Corner,12,0,1,0.4592,0.6293859649122807,0.4592,0.028329480069499115,10.62168283972001
ray_gpis_novelty_only,Corner,12,0,2,0.4831666666666667,0.6515338802112597,0.4831666666666667,0.041110733214479944,10.21343929387283
ray_gpis_novelty_only,Corner,12,0,3,0.57,0.7261146496815287,0.57,0.05371963295923885,7.935851408032275
ray_gpis_novelty_only,Corner,12,0,4,0.6159,0.7622996472553996,0.6159,0.06590520488418601,7.04521786786491
ray_gpis_novelty_only,Corner,12,0,5,0.6956666666666667,0.8200483821357416,0.6956666666666667,0.0760462619583237,6.175574926839215
ray_gpis_novelty_only,Corner,7,0,0,0.25276666666666664,0.40353351249235025,0.25276666666666664,0.0147610122600415,20.086017616727407
ray_gpis_novelty_only,Corner,7,0,1,0.2543,0.405485131148848,0.2543,0.02777315203964255,20.004743289324875
ray_gpis_novelty_only,Corner,7,0,2,0.42506666666666665,0.5965568862275449,0.42506666666666665,0.041450441664132365,13.218992171451227
ray_gpis_novelty_only,Corner,7,0,3,0.6019,0.7514826143954054,0.6019,0.05446826186869828,7.407090847997518
ray_gpis_novelty_only,Corner,7,0,4,0.7215333333333334,0.8382449754095187,0.7215333333333334,0.06830156585104549,5.386120759770549
ray_gpis_novelty_only,Corner,7,0,5,0.7883666666666667,0.8816611060371661,0.7883666666666667,0.0818144209218422,4.665144470329225
ray_gpis_novelty_only,Corner,14,0,0,0.21596666666666667,0.3552180706707969,0.21596666666666667,0.012567667090866827,22.32835786201899
ray_gpis_novelty_only,Corner,14,0,1,0.32763333333333333,0.493559968866906,0.32763333333333333,0.02663581284023216,18.727001154517538
ray_gpis_novelty_only,Corner,14,0,2,0.5145,0.6794321558270056,0.5145,0.04089680211257586,10.54192165487474
ray_gpis_novelty_only,Corner,14,0,3,0.5145,0.648152014668082,0.5145,0.0522986154581841,11.619996713073126
ray_gpis_novelty_only,Corner,14,0,4,0.6995666666666667,0.7890757296630354,0.6995666666666667,0.06352582006937568,7.018374226520169
ray_gpis_novelty_only,Corner,14,0,5,0.8111666666666667,0.8606410488463011,0.8111666666666667,0.07728762326622807,5.856446524947365
ray_gpis_novelty_only,Corner,2,0,0,0.2056,0.3410749834107498,0.2056,0.012299470974613846,21.825286937414454
ray_gpis_novelty_only,Corner,2,0,1,0.2572,0.40916321985364296,0.2572,0.023233314825792432,15.12098556578493
ray_gpis_novelty_only,Corner,2,0,2,0.3647666666666667,0.5345480301883105,0.3647666666666667,0.03716938052189309,12.019659606852958
ray_gpis_novelty_only,Corner,2,0,3,0.44216666666666665,0.6131977348896337,0.44216666666666665,0.048040871761596084,10.062660299897654
ray_gpis_novelty_only,Corner,2,0,4,0.554,0.7129987129987131,0.554,0.06172643918528832,8.177214505013021
ray_gpis_novelty_only,Corner,2,0,5,0.5682,0.7168512692967908,0.5682,0.07144212573298667,8.010090843595005
ray_gpis_novelty_only,Corner,6,0,0,0.3471,0.5153292257441913,0.3471,0.016433290179153834,12.788511913261631
ray_gpis_novelty_only,Corner,6,0,1,0.5007333333333334,0.6673181999911155,0.5007333333333334,0.02987664146373056,9.670427351082312
ray_gpis_novelty_only,Corner,6,0,2,0.5973666666666667,0.7472577272385882,0.5973666666666667,0.04291209120041716,7.605732830683635
ray_gpis_novelty_only,Corner,6,0,3,0.749,0.8544565530834778,0.749,0.05779191745209192,5.867567650874403
ray_gpis_novelty_only,Corner,6,0,4,0.8401,0.9112029557577348,0.8401,0.07062695225785298,5.053944145363477
ray_gpis_novelty_only,Corner,6,0,5,0.9095666666666666,0.9509087802878146,0.9095666666666666,0.08384016308246452,4.601097179332467
ray_gpis_novelty_only,Corner,3,0,0,0.291,0.45081332300542215,0.291,0.013977482509515853,17.312115290103243
ray_gpis_novelty_only,Corner,3,0,1,0.3244,0.4898822108124434,0.3244,0.02575524145345202,15.985284880404727
ray_gpis_novelty_only,Corner,3,0,2,0.38716666666666666,0.5582121831070528,0.38716666666666666,0.03765994350672905,14.396236600281775
ray_gpis_novelty_only,Corner,3,0,3,0.4156666666666667,0.5872380503885096,0.4156666666666667,0.04900090365190981,12.725791858561825
ray_gpis_novelty_only,Corner,3,0,4,0.47046666666666664,0.6398875640386272,0.47046666666666664,0.06018200046875635,11.436665916495587
ray_gpis_novelty_only,Corner,3,0,5,0.5220666666666667,0.6859971091936402,0.5220666666666667,0.06981062667319403,10.123524987690915
ray_gpis_novelty_only,Corner,9,0,0,0.3046333333333333,0.46700222284677684,0.3046333333333333,0.015302807699686444,17.94553113302162
ray_gpis_novelty_only,Corner,9,0,1,0.39453333333333335,0.565828473085381,0.39453333333333335,0.026688978258990168,11.879126359365946
ray_gpis_novelty_only,Corner,9,0,2,0.4824,0.6508364813815435,0.4824,0.038882201145709144,9.219893575005315
ray_gpis_novelty_only,Corner,9,0,3,0.5050666666666667,0.6711552090715804,0.5050666666666667,0.049859444732425595,8.707442247893994
ray_gpis_novelty_only,Corner,9,0,4,0.6163,0.7626059518653715,0.6163,0.061631300454194855,6.875777717640446
ray_gpis_novelty_only,Corner,9,0,5,0.6223,0.7671823953646058,0.6223,0.0711129175392996,6.830041294456397
ray_gpis_novelty_only,Corner,10,0,0,0.27736666666666665,0.43427885493593593,0.27736666666666665,0.016179064632805214,13.979200033092459
ray_gpis_novelty_only,Corner,10,0,1,0.3107,0.4740978103303578,0.3107,0.028198232628753706,13.236306820270098
ray_gpis_novelty_only,Corner,10,0,2,0.3723,0.5425927275377104,0.3723,0.03812251160082318,12.068029733636507
ray_gpis_novelty_only,Corner,10,0,3,0.48056666666666664,0.6491658599184996,0.48056666666666664,0.05101696897566366,9.554726316092877
ray_gpis_novelty_only,Corner,10,0,4,0.6402333333333333,0.7801279992989146,0.6402333333333333,0.06548959283567904,6.901700571701188
ray_gpis_novelty_only,Corner,10,0,5,0.7017,0.8242156893895402,0.7017,0.07899626773121995,6.054664391871033
ray_gpis_novelty_only,Corner,5,0,0,0.18556666666666666,0.313042989287823,0.18556666666666666,0.0129417950528062,16.671070717153324
ray_gpis_novelty_only,Corner,5,0,1,0.4570666666666667,0.6273792093704246,0.4570666666666667,0.028782710879886247,8.713822073243467
ray_gpis_novelty_only,Corner,5,0,2,0.5706,0.7234998479566155,0.5706,0.04088015532883602,7.639821357375838
ray_gpis_novelty_only,Corner,5,0,3,0.7989666666666667,0.8848773025454508,0.7989666666666667,0.056336675978494025,5.245995802833535
ray_gpis_novelty_only,Corner,5,0,4,0.8134,0.8817748030340092,0.8134,0.06826952392871669,5.4959021901297715
ray_gpis_novelty_only,Corner,5,0,5,0.8140666666666667,0.8528949493527731,0.8140666666666667,0.07912283729549886,5.948448592427487
ray_gpis_novelty_only,Corner,11,0,0,0.302,0.4639016897081413,0.302,0.014843439403552703,17.577555865151414
ray_gpis_novelty_only,Corner,11,0,1,0.34996666666666665,0.5184819378256253,0.34996666666666665,0.026858210896916358,16.040174796627564
ray_gpis_novelty_only,Corner,11,0,2,0.3615333333333333,0.5310679136267933,0.3615333333333333,0.03954589722670416,15.378129284450198
ray_gpis_novelty_only,Corner,11,0,3,0.5106333333333334,0.6760519870253096,0.5106333333333334,0.0506589896714754,10.16823049490128
ray_gpis_novelty_only,Corner,11,0,4,0.6405,0.7808594940566901,0.6405,0.06532441384187904,6.249326125347003
ray_gpis_novelty_only,Corner,11,0,5,0.762,0.8649262202043133,0.762,0.07928900412510308,4.9780294265701235
ray_gpis_novelty_only,Corner,0,0,0,0.14786666666666667,0.25763735625508194,0.14786666666666667,0.014667440564133464,24.244223702321438
ray_gpis_novelty_only,Corner,0,0,1,0.2820666666666667,0.4400187197753627,0.2820666666666667,0.028342150255018347,15.606909770045508
ray_gpis_novelty_only,Corner,0,0,2,0.4553,0.6257129114271971,0.4553,0.040707537527598,10.030404763506624
ray_gpis_novelty_only,Corner,0,0,3,0.5817333333333333,0.7355643597740875,0.5817333333333333,0.055018023165278804,7.810462015508472
ray_gpis_novelty_only,Corner,0,0,4,0.6703,0.8026103095252349,0.6703,0.06722194036444845,6.591074943759975
ray_gpis_novelty_only,Corner,0,0,5,0.6893666666666667,0.8161243858645252,0.6893666666666667,0.07825827636029557,6.431585618319341
ray_gpis_novelty_only,L_Shaped,8,0,0,0.11183333333333334,0.187964793006623,0.11183333333333334,0.02461071157282423,21.1728940694951
ray_gpis_novelty_only,L_Shaped,8,0,1,0.3667666666666667,0.5071922528148819,0.3667666666666667,0.048624482659881584,15.149099235476102
ray_gpis_novelty_only,L_Shaped,8,0,2,0.3783666666666667,0.5245916608444252,0.3783666666666667,0.07021110159243471,14.798561218540868
ray_gpis_novelty_only,L_Shaped,8,0,3,0.3866,0.5363231947489766,0.3866,0.08992087655881194,14.411970900750083
ray_gpis_novelty_only,L_Shaped,8,0,4,0.4049,0.5572182621405318,0.4049,0.10784923950170339,14.10271534326763
ray_gpis_novelty_only,L_Shaped,8,0,5,0.42446666666666666,0.568477458395328,0.42446666666666666,0.12586079737756944,13.543472097979667
ray_gpis_novelty_only,L_Shaped,13,0,0,0.2591333333333333,0.4116058664689999,0.2591333333333333,0.029113963083183352,16.601435910053105
ray_gpis_novelty_only,L_Shaped,13,0,1,0.3032,0.46442315482459695,0.3032,0.05407397002609299,15.515184744837892
ray_gpis_novelty_only,L_Shaped,13,0,2,0.3134,0.47659575922282316,0.3134,0.07354194505270728,15.469897727895761
ray_gpis_novelty_only,L_Shaped,13,0,3,0.32786666666666664,0.4916275966572808,0.32786666666666664,0.09244829633754217,15.173346762079445
ray_gpis_novelty_only,L_Shaped,13,0,4,0.41326666666666667,0.5823068946473634,0.41326666666666667,0.11442106066547081,13.446618942414567
ray_gpis_novelty_only,L_Shaped,13,0,5,0.4251,0.5942263176140367,0.4251,0.13383706139138102,13.259722609546264
ray_gpis_novelty_only,L_Shaped,4,0,0,0.3038,0.4660223960730173,0.3038,0.026934919808635556,15.762701956181898
ray_gpis_novelty_only,L_Shaped,4,0,1,0.4744333333333333,0.6418398390288061,0.4744333333333333,0.057547408547210306,11.802968912164381
ray_gpis_novelty_only,L_Shaped,4,0,2,0.7199666666666666,0.835249758749621,0.7199666666666666,0.08149644616495609,5.738627414634046
ray_gpis_novelty_only,L_Shaped,4,0,3,0.7360333333333333,0.84633930277934,0.7360333333333333,0.10594320040331154,5.490245468183131
ray_gpis_novelty_only,L_Shaped,4,0,4,0.7805666666666666,0.8746705940090664,0.7805666666666666,0.1304021958335637,5.067247968833462
ray_gpis_novelty_only,L_Shaped,4,0,5,0.8286,0.9044616186543206,0.8286,0.1547914431489088,4.6502349068609385
ray_gpis_novelty_only,L_Shaped,1,0,0,0.2566,0.4054256199474397,0.2566,0.02841618026445339,19.69524384873689
ray_gpis_novelty_only,L_Shaped,1,0,1,0.26063333333333333,0.3676362641552403,0.26063333333333333,0.0566262488762841,20.84061776370798
ray_gpis_novelty_only,L_Shaped,1,0,2,0.29413333333333336,0.42101114850964905,0.29413333333333336,0.07764765660535577,18.1708933633399
ray_gpis_novelty_only,L_Shaped,1,0,3,0.33313333333333334,0.4707680772161807,0.33313333333333334,0.09676139773817279,15.951390470216355
ray_gpis_novelty_only,L_Shaped,1,0,4,0.3496,0.49174896744221125,0.3496,0.1144550695705977,13.854529087937083
ray_gpis_novelty_only,L_Shaped,1,0,5,0.3552666666666667,0.5009177276327191,0.3552666666666667,0.13003642386625927,13.549110844729299
ray_gpis_novelty_only,L_Shaped,12,0,0,0.24506666666666665,0.39366031270079244,0.24506666666666665,0.02719481159357569,16.64804231685207
ray_gpis_novelty_only,L_Shaped,12,0,1,0.27163333333333334,0.36881230128647563,0.27163333333333334,0.05092151282757526,17.732443831536646
ray_gpis_novelty_only,L_Shaped,12,0,2,0.49433333333333335,0.5942554545084456,0.49433333333333335,0.07849398964380047,11.629784048400488
ray_gpis_novelty_only,L_Shaped,12,0,3,0.6074333333333334,0.6758261144417511,0.6074333333333334,0.10328867235306918,8.743468019929217
ray_gpis_novelty_only,L_Shaped,12,0,4,0.6549,0.6773413432518652,0.6549,0.12414797691156385,8.383697360568762
ray_gpis_novelty_only,L_Shaped,12,0,5,0.8068666666666666,0.7826653838120881,0.8068666666666666,0.15047632624061405,6.832896444777277
ray_gpis_novelty_only,L_Shaped,7,0,0,0.17453333333333335,0.29628825877298914,0.17453333333333335,0.025035502203226638,23.28715047245427
ray_gpis_novelty_only,L_Shaped,7,0,1,0.2921,0.45110726271680696,0.2921,0.04817009634009548,15.693889111766504
ray_gpis_novelty_only,L_Shaped,7,0,2,0.4481,0.6175482453939475,0.4481,0.07131040180125393,10.299588799358778
ray_gpis_novelty_only,L_Shaped,7,0,3,0.5300666666666667,0.6909001438881806,0.5300666666666667,0.09406664894617064,9.333333815378005
ray_gpis_novelty_only,L_Shaped,7,0,4,0.6633666666666667,0.7954709240513534,0.6633666666666667,0.11316354316302557,6.785034414053134
ray_gpis_novelty_only,L_Shaped,7,0,5,0.7806,0.8746877204326357,0.7806,0.13570754094513232,5.595833370243596
ray_gpis_novelty_only,L_Shaped,14,0,0,0.3131,0.47688675653034807,0.3131,0.029311373635666445,15.808983679251307
ray_gpis_novelty_only,L_Shaped,14,0,1,0.39693333333333336,0.5682924501288537,0.39693333333333336,0.05493428047663063,13.215323249209074
ray_gpis_novelty_only,L_Shaped,14,0,2,0.43446666666666667,0.6057535901845053,0.43446666666666667,0.07893447707161073,12.161764295622243
ray_gpis_novelty_only,L_Shaped,14,0,3,0.5495666666666666,0.7093165831307676,0.5495666666666666,0.09877547707086962,9.41982594293201
ray_gpis_novelty_only,L_Shaped,14,0,4,0.7577333333333334,0.8621709777744064,0.7577333333333334,0.1281541043780362,5.502771150324192
ray_gpis_novelty_only,L_Shaped,14,0,5,0.9193,0.9573602080431476,0.9193,0.15514880107298043,4.193911446018786
ray_gpis_novelty_only,L_Shaped,2,0,0,0.23113333333333333,0.3754805869930145,0.23113333333333333,0.028225772146395732,20.183168641920943
ray_gpis_novelty_only,L_Shaped,2,0,1,0.3178,0.48231901654272274,0.3178,0.054170062196870684,17.326273075748286
ray_gpis_novelty_only,L_Shaped,2,0,2,0.3594,0.5284107953245049,0.3594,0.07876248616096233,15.292733390973979
ray_gpis_novelty_only,L_Shaped,2,0,3,0.4250333333333333,0.5961753981444883,0.4250333333333333,0.09952060071201858,13.494490318189868
ray_gpis_novelty_only,L_Shaped,2,0,4,0.5631,0.7200653864445964,0.5631,0.12344586872390365,9.322939111026363
ray_gpis_novelty_only,L_Shaped,2,0,5,0.6684666666666667,0.7972626381318593,0.6684666666666667,0.14820641289398326,7.317359800354404
ray_gpis_novelty_only,L_Shaped,6,0,0,0.2435,0.39163650985122633,0.2435,0.02584688682098895,19.34810089292677
ray_gpis_novelty_only,L_Shaped,6,0,1,0.3148,0.4788560997870399,0.3148,0.04884316193512307,16.686313684069074
ray_gpis_novelty_only,L_Shaped,6,0,2,0.4042,0.5601159217315832,0.4042,0.07164029648958259,13.6527268043609
ray_gpis_novelty_only,L_Shaped,6,0,3,0.4404,0.5973078256613165,0.4404,0.0891110158956564,12.962278098021132
ray_gpis_novelty_only,L_Shaped,6,0,4,0.5444333333333333,0.690349458513738,0.5444333333333333,0.11126681280680747,10.276005834784804
ray_gpis_novelty_only,L_Shaped,6,0,5,0.6371666666666667,0.7629585528220357,0.6371666666666667,0.13426569201445268,8.07658395409609
ray_gpis_novelty_only,L_Shaped,3,0,0,0.2501,0.40012798976081915,0.2501,0.025750858855037487,21.361364102214313
ray_gpis_novelty_only,L_Shaped,3,0,1,0.29686666666666667,0.4574009178569587,0.29686666666666667,0.04703927138052688,18.229891257106292
ray_gpis_novelty_only,L_Shaped,3,0,2,0.30446666666666666,0.46648612427743363,0.30446666666666666,0.06645152855163391,17.997889117318813
ray_gpis_novelty_only,L_Shaped,3,0,3,0.3529333333333333,0.5214309501159048,0.3529333333333333,0.08851272338554621,16.001445696829297
ray_gpis_novelty_only,L_Shaped,3,0,4,0.5741,0.7285020555929586,0.5741,0.11400348499715951,8.72142870134334
ray_gpis_novelty_only,L_Shaped,3,0,5,0.6778666666666666,0.807051192862899,0.6778666666666666,0.13939562132185296,6.870746971160133
ray_gpis_novelty_only,L_Shaped,9,0,0,0.2869333333333333,0.4459179444674679,0.2869333333333333,0.030276722748135927,17.01080976120665
ray_gpis_novelty_only,L_Shaped,9,0,1,0.36466666666666664,0.5344406448461162,0.36466666666666664,0.05322510416896789,14.84178812780191
ray_gpis_novelty_only,L_Shaped,9,0,2,0.3746,0.5450312818274407,0.3746,0.07215269901270298,14.717140009159698
ray_gpis_novelty_only,L_Shaped,9,0,3,0.4323666666666667,0.6037094784854902,0.4323666666666667,0.09154777417530169,11.54492573894467
ray_gpis_novelty_only,L_Shaped,9,0,4,0.5757,0.7214559410417796,0.5757,0.1145147596431979,7.891505751904551
ray_gpis_novelty_only,L_Shaped,9,0,5,0.6690666666666667,0.79222990338519,0.6690666666666667,0.13691449745365708,6.8419349756870735
ray_gpis_novelty_only,L_Shaped,10,0,0,0.187,0.3128648099933265,0.187,0.025736644416292396,24.682241137477735
ray_gpis_novelty_only,L_Shaped,10,0,1,0.2773333333333333,0.4322927323045777,0.2773333333333333,0.04951001081107936,18.844600872938095
ray_gpis_novelty_only,L_Shaped,10,0,2,0.3010333333333333,0.46136493592028455,0.3010333333333333,0.072631088483078,17.710474380727256
ray_gpis_novelty_only,L_Shaped,10,0,3,0.3242333333333333,0.4863378415539611,0.3242333333333333,0.08788633065079668,16.076192698701096
ray_gpis_novelty_only,L_Shaped,10,0,4,0.4867,0.6497455661318091,0.4867,0.11008781227693014,10.422524541066904
ray_gpis_novelty_only,L_Shaped,10,0,5,0.7238333333333333,0.8335003412069233,0.7238333333333333,0.139374239064271,6.24844431833263
ray_gpis_novelty_only,L_Shaped,5,0,0,0.2035,0.3381803074366431,0.2035,0.026636184470137155,21.867820338419964
ray_gpis_novelty_only,L_Shaped,5,0,1,0.2828,0.4409105082631743,0.2828,0.051836517096433124,18.851949231448728
ray_gpis_novelty_only,L_Shaped,5,0,2,0.2956666666666667,0.4563931052225367,0.2956666666666667,0.07371335441130485,18.387061678749355
ray_gpis_novelty_only,L_Shaped,5,0,3,0.48546666666666666,0.6517451284139938,0.48546666666666666,0.09673881888365404,10.920192309583037
ray_gpis_novelty_only,L_Shaped,5,0,4,0.6058333333333333,0.7525758609635054,0.6058333333333333,0.12205569027291097,8.717141546311803
ray_gpis_novelty_only,L_Shaped,5,0,5,0.6594333333333333,0.7895183785218483,0.6594333333333333,0.14897429571966234,7.820744347744529
ray_gpis_novelty_only,L_Shaped,11,0,0,0.2637,0.4173458890559468,0.2637,0.025925881469504326,18.67696007267469
ray_gpis_novelty_only,L_Shaped,11,0,1,0.4674,0.637045113806733,0.4674,0.05355051158587873,10.885152395452966
ray_gpis_novelty_only,L_Shaped,11,0,2,0.5508666666666666,0.7103984868675579,0.5508666666666666,0.07786504254833274,9.530663426178135
ray_gpis_novelty_only,L_Shaped,11,0,3,0.7859333333333334,0.8778955843886476,0.7859333333333334,0.1059234591870321,5.8212170838535915
ray_gpis_novelty_only,L_Shaped,11,0,4,0.8291,0.9046103734356341,0.8291,0.13386535834190927,5.290663660707292
ray_gpis_novelty_only,L_Shaped,11,0,5,0.8713666666666666,0.9295029850412959,0.8713666666666666,0.1577745909465308,4.907755038476502
ray_gpis_novelty_only,L_Shaped,0,0,0,0.06146666666666667,0.1071295779884737,0.06146666666666667,0.021944112965767877,23.210374055230822
ray_gpis_novelty_only,L_Shaped,0,0,1,0.27953333333333336,0.4006245171828925,0.27953333333333336,0.050265295408304975,15.20272440149872
ray_gpis_novelty_only,L_Shaped,0,0,2,0.29933333333333334,0.4348940025933043,0.29933333333333334,0.0732458124779765,14.168203647477783
ray_gpis_novelty_only,L_Shaped,0,0,3,0.45513333333333333,0.5927026101825859,0.45513333333333333,0.09617995273894818,10.129282959634896
ray_gpis_novelty_only,L_Shaped,0,0,4,0.4716,0.6104474651263654,0.4716,0.11670265178200956,9.960957891070729
ray_gpis_novelty_only,L_Shaped,0,0,5,0.5132,0.6482493984923897,0.5132,0.13584457662799296,9.348826503306865
ray_gpis_novelty_only,Cylinder,8,0,0,0.057633333333333335,0.09996341347739088,0.057633333333333335,0.034825256369194896,34.65147145393847
ray_gpis_novelty_only,Cylinder,8,0,1,0.2071,0.3187777613936511,0.2071,0.0675937558598038,22.09503475987426
ray_gpis_novelty_only,Cylinder,8,0,2,0.2509,0.3689263975733457,0.2509,0.09603722725033524,19.686090950019654
ray_gpis_novelty_only,Cylinder,8,0,3,0.2977,0.43230035311303067,0.2977,0.11976637163975584,18.229820661822007
ray_gpis_novelty_only,Cylinder,8,0,4,0.30546666666666666,0.44563624111652206,0.30546666666666666,0.14057924260357643,17.772409566935835
ray_gpis_novelty_only,Cylinder,8,0,5,0.30546666666666666,0.42755872336936074,0.30546666666666666,0.15843218760810882,19.134374679950543
ray_gpis_novelty_only,Cylinder,13,0,0,0.1637,0.28134398900060154,0.1637,0.0348292514590591,25.399308413207184
ray_gpis_novelty_only,Cylinder,13,0,1,0.227,0.3700081499592502,0.227,0.06455378834023896,22.097244314789222
ray_gpis_novelty_only,Cylinder,13,0,2,0.368,0.5380116959064328,0.368,0.12375602051030732,16.50616568401355
ray_gpis_novelty_only,Cylinder,13,0,3,0.3767333333333333,0.5472858457217568,0.3767333333333333,0.17035433419659565,16.15080700311712
ray_gpis_novelty_only,Cylinder,13,0,4,0.5980666666666666,0.7484877560385466,0.5980666666666666,0.21285325294287427,8.298863054800476
ray_gpis_novelty_only,Cylinder,13,0,5,0.8533,0.9208439000701452,0.8533,0.24914613128562013,4.707067177653481
ray_gpis_novelty_only,Cylinder,4,0,0,0.2775,0.43444227005870845,0.2775,0.03714495919318417,19.73778139526578
ray_gpis_novelty_only,Cylinder,4,0,1,0.3052,0.4676677903769537,0.3052,0.0708417146995151,19.02110727347354
ray_gpis_novelty_only,Cylinder,4,0,2,0.4835,0.6518368722615436,0.4835,0.11671871298060965,12.29398566915311
ray_gpis_novelty_only,Cylinder,4,0,3,0.6257666666666667,0.7698111660139831,0.6257666666666667,0.18457987007824606,8.287798139998676
ray_gpis_novelty_only,Cylinder,4,0,4,0.8256666666666667,0.9045097681212342,0.8256666666666667,0.22366564429971142,5.542362855070835
ray_gpis_novelty_only,Cylinder,4,0,5,0.8726333333333334,0.9319852613966073,0.8726333333333334,0.2588217004931641,4.910402286964056
ray_gpis_novelty_only,Cylinder,1,0,0,0.31453333333333333,0.47854752003245765,0.31453333333333333,0.038555758884770044,17.127558230622554
ray_gpis_novelty_only,Cylinder,1,0,1,0.5076666666666667,0.6734468273269953,0.5076666666666667,0.1133918033929879,10.242846976917475
ray_gpis_novelty_only,Cylinder,1,0,2,0.6480333333333334,0.7864323132622723,0.6480333333333334,0.16358212197716074,7.090346450581948
ray_gpis_novelty_only,Cylinder,1,0,3,0.6698333333333333,0.8016057712025354,0.6698333333333333,0.1931061451902685,6.849859699090931
ray_gpis_novelty_only,Cylinder,1,0,4,0.7919666666666667,0.8819192004032377,0.7919666666666667,0.22894767616379771,5.337880485271599
ray_gpis_novelty_only,Cylinder,1,0,5,0.9114666666666666,0.951704203982405,0.9114666666666666,0.26073823251598693,4.36004384219881
ray_gpis_novelty_only,Cylinder,12,0,0,0.14116666666666666,0.24740762377683656,0.14116666666666666,0.037229928310940866,30.17586575646176
ray_gpis_novelty_only,Cylinder,12,0,1,0.32293333333333335,0.4882080225760936,0.32293333333333335,0.0724780891133612,17.181948479620882
ray_gpis_novelty_only,Cylinder,12,0,2,0.3640333333333333,0.5337601720388064,0.3640333333333333,0.10290026478474092,16.297982447267206
ray_gpis_novelty_only,Cylinder,12,0,3,0.37876666666666664,0.5490434625798557,0.37876666666666664,0.1353831843215346,15.885148333646594
ray_gpis_novelty_only,Cylinder,12,0,4,0.5097333333333334,0.6742793362913188,0.5097333333333334,0.20918630479066877,9.95732511725168
ray_gpis_novelty_only,Cylinder,12,0,5,0.647,0.7840859249466295,0.647,0.24995713886499557,7.185169351112459
ray_gpis_novelty_only,Cylinder,7,0,0,0.19866666666666666,0.3302354867145196,0.19866666666666666,0.06767401355853285,21.58238241017174
ray_gpis_novelty_only,Cylinder,7,0,1,0.3175,0.4806187825740558,0.3175,0.12560677161987288,16.447151612679924
ray_gpis_novelty_only,Cylinder,7,0,2,0.42673333333333335,0.569020409148114,0.42673333333333335,0.16071655812294539,10.028973590459705
ray_gpis_novelty_only,Cylinder,7,0,3,0.5156,0.6481239614184188,0.5156,0.19483248537192702,9.291864078266114
ray_gpis_novelty_only,Cylinder,7,0,4,0.5327666666666667,0.6668695440075035,0.5327666666666667,0.2258441327657877,8.981425577673312
ray_gpis_novelty_only,Cylinder,7,0,5,0.7052333333333334,0.7866536789536832,0.7052333333333334,0.258841041041885,6.7279220886786595
ray_gpis_novelty_only,Cylinder,14,0,0,0.23946666666666666,0.38640275387263334,0.23946666666666666,0.07094188725181882,20.267285248176055
ray_gpis_novelty_only,Cylinder,14,0,1,0.3005333333333333,0.46167083809897536,0.3005333333333333,0.12475270421487882,19.206712719701592
ray_gpis_novelty_only,Cylinder,14,0,2,0.49446666666666667,0.6603643656321392,0.49446666666666667,0.16143326983043202,12.12406944849994
ray_gpis_novelty_only,Cylinder,14,0,3,0.5239666666666667,0.6635013660619008,0.5239666666666667,0.1936354742907918,11.574958396272338
ray_gpis_novelty_only,Cylinder,14,0,4,0.7577,0.8326480167215748,0.7577,0.23002417655473206,6.823059303509948
ray_gpis_novelty_only,Cylinder,14,0,5,0.8645,0.8987034920482035,0.8645,0.26205646025873996,5.743024063456439
ray_gpis_novelty_only,Cylinder,2,0,0,0.20336666666666667,0.337996177391208,0.20336666666666667,0.037143142865390416,22.339508817240333
ray_gpis_novelty_only,Cylinder,2,0,1,0.2488,0.36784309595466563,0.2488,0.11326590136105524,16.5480427577002
ray_gpis_novelty_only,Cylinder,2,0,2,0.3265,0.43616694553577273,0.3265,0.15790284179345027,15.097824175312741
ray_gpis_novelty_only,Cylinder,2,0,3,0.4617,0.5666452818610359,0.4617,0.18753828992248084,11.791603552488422
ray_gpis_novelty_only,Cylinder,2,0,4,0.5195,0.6139998002646081,0.5195,0.2102924845708269,10.984538933833488
ray_gpis_novelty_only,Cylinder,2,0,5,0.6916,0.7377832788641011,0.6916,0.24375039757865685,7.640495445593693
ray_gpis_novelty_only,Cylinder,6,0,0,0.2819333333333333,0.4398564667949451,0.2819333333333333,0.07243295612676162,18.365397325451642
ray_gpis_novelty_only,Cylinder,6,0,1,0.39076666666666665,0.5612871428652652,0.39076666666666665,0.1270915521383822,15.499312160190431
ray_gpis_novelty_only,Cylinder,6,0,2,0.45943333333333336,0.6290441214021529,0.45943333333333336,0.16659963672731495,13.604668824649348
ray_gpis_novelty_only,Cylinder,6,0,3,0.6355333333333333,0.7765070094432075,0.6355333333333333,0.20067394331227242,8.675875302770956
ray_gpis_novelty_only,Cylinder,6,0,4,0.834,0.9073750540740754,0.834,0.23770479199066288,5.032540891562521
ray_gpis_novelty_only,Cylinder,6,0,5,0.8745,0.93117094282318,0.8745,0.270942838054258,4.534086529147896
ray_gpis_novelty_only,Cylinder,3,0,0,0.1392,0.2443820224719101,0.1392,0.042971102831922486,27.644404875584147
ray_gpis_novelty_only,Cylinder,3,0,1,0.2556333333333333,0.40717831638748037,0.2556333333333333,0.08775332307907274,20.46355998391394
ray_gpis_novelty_only,Cylinder,3,0,2,0.4474666666666667,0.6175551941603974,0.4474666666666667,0.13806146837033806,12.645623227227999
ray_gpis_novelty_only,Cylinder,3,0,3,0.5523666666666667,0.7109571552377573,0.5523666666666667,0.16837985748574671,8.989025260000043
ray_gpis_novelty_only,Cylinder,3,0,4,0.6360333333333333,0.7762495803878791,0.6360333333333333,0.1996712353231092,7.142326367034602
ray_gpis_novelty_only,Cylinder,3,0,5,0.6871333333333334,0.8133348979632246,0.6871333333333334,0.236985303985295,6.5922410138931165
ray_gpis_novelty_only,Cylinder,9,0,0,0.30306666666666665,0.46515911183873937,0.30306666666666665,0.03690645016828521,18.028614670734648
ray_gpis_novelty_only,Cylinder,9,0,1,0.35273333333333334,0.5215120003942635,0.35273333333333334,0.06661024641235982,17.129068870187435
ray_gpis_novelty_only,Cylinder,9,0,2,0.3672666666666667,0.5372275586327954,0.3672666666666667,0.09730015630479541,16.673066134963964
ray_gpis_novelty_only,Cylinder,9,0,3,0.558,0.7145659196592835,0.558,0.13356950082033114,10.407178843534542
ray_gpis_novelty_only,Cylinder,9,0,4,0.6947333333333333,0.8180375106064895,0.6947333333333333,0.1669594900164314,7.026510050366053
ray_gpis_novelty_only,Cylinder,9,0,5,0.8044666666666667,0.8885684032068865,0.8044666666666667,0.19957728242815106,6.224862172700579
ray_gpis_novelty_only,Cylinder,10,0,0,0.2721,0.42779655687445955,0.2721,0.037815424397376354,19.54244765137913
ray_gpis_novelty_only,Cylinder,10,0,1,0.3864,0.5574148874783612,0.3864,0.06704901075878672,14.006111893547692
ray_gpis_novelty_only,Cylinder,10,0,2,0.43443333333333334,0.6057211907141031,0.43443333333333334,0.09814946663684525,13.24102769111029
ray_gpis_novelty_only,Cylinder,10,0,3,0.6237,0.7682453655231879,0.6237,0.14353885416109857,7.877153839995387
ray_gpis_novelty_only,Cylinder,10,0,4,0.7819,0.8776025590661654,0.7819,0.21680679851050394,5.275227757437056
ray_gpis_novelty_only,Cylinder,10,0,5,0.8268333333333333,0.9052093787063225,0.8268333333333333,0.2523630549230524,4.877211879918408
ray_gpis_novelty_only,Cylinder,5,0,0,0.1644,0.28237718996908273,0.1644,0.03528869778747454,25.18613040225106
ray_gpis_novelty_only,Cylinder,5,0,1,0.24406666666666665,0.39236911205187286,0.24406666666666665,0.08547709388942269,20.823664868960048
ray_gpis_novelty_only,Cylinder,5,0,2,0.2805666666666667,0.438191425670927,0.2805666666666667,0.12371737671965992,19.207780786299846
ray_gpis_novelty_only,Cylinder,5,0,3,0.40846666666666664,0.5666794706487576,0.40846666666666664,0.17439896661476917,13.138658616608655
ray_gpis_novelty_only,Cylinder,5,0,4,0.6898,0.7970678984964673,0.6898,0.22342161812972333,7.029035452763491
ray_gpis_novelty_only,Cylinder,5,0,5,0.786,0.8612282912397962,0.786,0.25956074346644703,5.583444398815141
ray_gpis_novelty_only,Cylinder,11,0,0,0.2893,0.44877065074071204,0.2893,0.038650630360103064,18.621796812813436
ray_gpis_novelty_only,Cylinder,11,0,1,0.36993333333333334,0.5393467236922069,0.36993333333333334,0.09520343661946705,15.582924169719982
ray_gpis_novelty_only,Cylinder,11,0,2,0.45413333333333333,0.6239360555773887,0.45413333333333333,0.14932678153008264,12.312697463009023
ray_gpis_novelty_only,Cylinder,11,0,3,0.535,0.6958707014909795,0.535,0.1882486275908133,10.042212191425953
ray_gpis_novelty_only,Cylinder,11,0,4,0.7097,0.8288055972061442,0.7097,0.22538278110143148,6.967978261853065
ray_gpis_novelty_only,Cylinder,11,0,5,0.7905,0.8810773564082995,0.7905,0.25918339463310763,5.904970683804274
ray_gpis_novelty_only,Cylinder,0,0,0,0.1921,0.3222883986242765,0.1921,0.034779872506054105,23.38313976437952
ray_gpis_novelty_only,Cylinder,0,0,1,0.32093333333333335,0.485919047138387,0.32093333333333335,0.06945156387826347,17.07997255141585
ray_gpis_novelty_only,Cylinder,0,0,2,0.3388,0.45899025756010975,0.3388,0.10646452603070038,16.526204835218866
ray_gpis_novelty_only,Cylinder,0,0,3,0.5982,0.6840099758021898,0.5982,0.18081870224815955,9.998672058339544
ray_gpis_novelty_only,Cylinder,0,0,4,0.6521,0.7322911344927442,0.6521,0.22871528587942935,9.173364090616525
ray_gpis_novelty_only,Cylinder,0,0,5,0.7022666666666667,0.7743682022008649,0.7022666666666667,0.2621798778978364,7.952907171705876
ray_gpis_novelty_only,Cross,8,0,0,0.14456666666666668,0.24181216676236916,0.14456666666666668,0.021281241826089644,20.815969115204826
ray_gpis_novelty_only,Cross,8,0,1,0.31133333333333335,0.45940039070656635,0.31133333333333335,0.04073484092135207,16.26635324729214
ray_gpis_novelty_only,Cross,8,0,2,0.37506666666666666,0.5314955110897112,0.37506666666666666,0.06298990772546025,14.707460409080584
ray_gpis_novelty_only,Cross,8,0,3,0.4154333333333333,0.573573354872326,0.4154333333333333,0.08452257554337793,12.285154488729027
ray_gpis_novelty_only,Cross,8,0,4,0.4835333333333333,0.638182614922318,0.4835333333333333,0.10174303336756882,10.60320270349389
ray_gpis_novelty_only,Cross,8,0,5,0.5248333333333334,0.6742027750663941,0.5248333333333334,0.12009753284469639,9.598170082412455
ray_gpis_novelty_only,Cross,13,0,0,0.2207,0.3615958056852626,0.2207,0.02118640420972068,19.39976504581183
ray_gpis_novelty_only,Cross,13,0,1,0.27186666666666665,0.4275081245413565,0.27186666666666665,0.043144759565321274,18.01243544809937
ray_gpis_novelty_only,Cross,13,0,2,0.3070333333333333,0.4698171431486063,0.3070333333333333,0.061141857356365556,17.442257384063033
ray_gpis_novelty_only,Cross,13,0,3,0.3147333333333333,0.4787789665838446,0.3147333333333333,0.0788967841375363,17.501561588707673
ray_gpis_novelty_only,Cross,13,0,4,0.5122,0.6774236212141251,0.5122,0.10021265243297238,9.191073218030084
ray_gpis_novelty_only,Cross,13,0,5,0.6236666666666667,0.7677211112005977,0.6236666666666667,0.12243852080280067,7.888354277111568
ray_gpis_novelty_only,Cross,4,0,0,0.036366666666666665,0.0607777126441293,0.036366666666666665,0.023525556332141647,26.955514181986302
ray_gpis_novelty_only,Cross,4,0,1,0.3313,0.4268871469988188,0.3313,0.046367042902852304,14.41884389602347
ray_gpis_novelty_only,Cross,4,0,2,0.47683333333333333,0.5745586587003844,0.47683333333333333,0.06869155780206866,11.09398658300174
ray_gpis_novelty_only,Cross,4,0,3,0.506,0.5635906109483931,0.506,0.0887446703341745,11.512778573697068
ray_gpis_novelty_only,Cross,4,0,4,0.6686,0.6909122488009494,0.6686,0.10820315627861704,9.343548957615734
ray_gpis_novelty_only,Cross,4,0,5,0.7005,0.7294518916458264,0.7005,0.12696930129347375,8.654351985201968
ray_gpis_novelty_only,Cross,1,0,0,0.2402,0.3873568779229157,0.2402,0.022691139573372553,17.869091384403973
ray_gpis_novelty_only,Cross,1,0,1,0.37943333333333334,0.5501292801391876,0.37943333333333334,0.04415057481217484,14.125556075940015
ray_gpis_novelty_only,Cross,1,0,2,0.5078666666666667,0.6736227783181536,0.5078666666666667,0.06527434137524883,9.444579666745657
ray_gpis_novelty_only,Cross,1,0,3,0.5968666666666667,0.7199659534428255,0.5968666666666667,0.0874823366548531,7.590635718397374
ray_gpis_novelty_only,Cross,1,0,4,0.7298,0.8145657742945935,0.7298,0.10840733300417246,6.329991083629056
ray_gpis_novelty_only,Cross,1,0,5,0.7679,0.8429112325230477,0.7679,0.12789666660720234,5.81700745184947
ray_gpis_novelty_only,Cross,12,0,0,0.2502,0.40025595904655253,0.2502,0.023300692213134636,19.40168436027265
ray_gpis_novelty_only,Cross,12,0,1,0.31056666666666666,0.47394256937202733,0.31056666666666666,0.04501708854627276,16.51302498038414
ray_gpis_novelty_only,Cross,12,0,2,0.43683333333333335,0.6029780036918153,0.43683333333333335,0.06413198383870755,10.680549353083446
ray_gpis_novelty_only,Cross,12,0,3,0.6560666666666667,0.786518332300114,0.6560666666666667,0.08735278855482809,6.132613138761594
ray_gpis_novelty_only,Cross,12,0,4,0.6902,0.8118832365554375,0.6902,0.10661756506007518,5.941346821911914
ray_gpis_novelty_only,Cross,12,0,5,0.7045,0.8008350518638739,0.7045,0.12335357852411097,6.269314807213822
ray_gpis_novelty_only,Cross,7,0,0,0.2408,0.38813668600902645,0.2408,0.023564225225184025,18.901226104891883
ray_gpis_novelty_only,Cross,7,0,1,0.3754,0.5458775628907955,0.3754,0.04607513370475602,14.258883421366447
ray_gpis_novelty_only,Cross,7,0,2,0.5053333333333333,0.6713906111603188,0.5053333333333333,0.06626449321276905,9.639444468867158
ray_gpis_novelty_only,Cross,7,0,3,0.599,0.7492182614133833,0.599,0.08532447865778267,8.023675144321025
ray_gpis_novelty_only,Cross,7,0,4,0.712,0.8317757009345794,0.712,0.10640822590749265,6.222783733628596
ray_gpis_novelty_only,Cross,7,0,5,0.7129333333333333,0.7776393040614316,0.7129333333333333,0.12452992787411962,7.726335449805442
ray_gpis_novelty_only,Cross,14,0,0,0.26516666666666666,0.4191806086154657,0.26516666666666666,0.021719574407476117,18.12330609042663
ray_gpis_novelty_only,Cross,14,0,1,0.2967666666666667,0.45770249081047737,0.2967666666666667,0.041705404241196634,16.830508453196426
ray_gpis_novelty_only,Cross,14,0,2,0.3473333333333333,0.5155863433943593,0.3473333333333333,0.061215169876742796,15.712174520987045
ray_gpis_novelty_only,Cross,14,0,3,0.3836,0.5541407053818427,0.3836,0.07820942552222573,14.421115668310886
ray_gpis_novelty_only,Cross,14,0,4,0.4799,0.6481758656156944,0.4799,0.09729985493663419,11.207648448118404
ray_gpis_novelty_only,Cross,14,0,5,0.6903,0.8162675894254565,0.6903,0.11894999899064142,6.277044731550798
ray_gpis_novelty_only,Cross,2,0,0,0.27213333333333334,0.42783775285609477,0.27213333333333334,0.022131598586163634,18.07402719928707
ray_gpis_novelty_only,Cross,2,0,1,0.3453,0.5133427488292575,0.3453,0.04326981879815583,15.479256323508842
ray_gpis_novelty_only,Cross,2,0,2,0.3704,0.5197949155825418,0.3704,0.06271829724133174,15.079761480955568
ray_gpis_novelty_only,Cross,2,0,3,0.38353333333333334,0.5372415985288335,0.38353333333333334,0.08247956681405685,14.64830987021119
ray_gpis_novelty_only,Cross,2,0,4,0.4144333333333333,0.5700639997732321,0.4144333333333333,0.10110268163582191,14.189332252243059
ray_gpis_novelty_only,Cross,2,0,5,0.5903666666666667,0.7212036411315222,0.5903666666666667,0.12118108672979902,8.178081817546913
ray_gpis_novelty_only,Cross,6,0,0,0.23513333333333333,0.3807416203378852,0.23513333333333333,0.023226593650506173,16.92773693740054
ray_gpis_novelty_only,Cross,6,0,1,0.36346666666666666,0.5311750034439506,0.36346666666666666,0.04671681567386762,15.047622243024874
ray_gpis_novelty_only,Cross,6,0,2,0.625,0.7666517657577112,0.625,0.07081140944562148,7.791859153995653
ray_gpis_novelty_only,Cross,6,0,3,0.6915333333333333,0.8153680327860798,0.6915333333333333,0.09225887359626746,6.584296060174512
ray_gpis_novelty_only,Cross,6,0,4,0.7254333333333334,0.8389186167480448,0.7254333333333334,0.11306770297329226,6.068564141218709
ray_gpis_novelty_only,Cross,6,0,5,0.7436333333333334,0.8512465429569903,0.7436333333333334,0.1318505424003876,5.941058892976953
ray_gpis_novelty_only,Cross,3,0,0,0.19216666666666668,0.3223822172515029,0.19216666666666668,0.023894357456479012,20.870517379590947
ray_gpis_novelty_only,Cross,3,0,1,0.28496666666666665,0.44353939142390203,0.28496666666666665,0.04653223986218004,16.040956015959488
ray_gpis_novelty_only,Cross,3,0,2,0.3771,0.5476726454142764,0.3771,0.06839326682341137,13.06847963259753
ray_gpis_novelty_only,Cross,3,0,3,0.5050666666666667,0.6706342603710828,0.5050666666666667,0.08827171255584092,10.172050508300657
ray_gpis_novelty_only,Cross,3,0,4,0.5895333333333334,0.7412434212065778,0.5895333333333334,0.10980535662268857,8.71560559240949
ray_gpis_novelty_only,Cross,3,0,5,0.707,0.8249085455830778,0.707,0.13219146289927952,6.172040849901246
ray_gpis_novelty_only,Cross,9,0,0,0.27463333333333334,0.4309213107037318,0.27463333333333334,0.02287447235998073,17.547169286868808
ray_gpis_novelty_only,Cross,9,0,1,0.4263,0.5977704550234874,0.4263,0.04545278998117365,12.642512962345403
ray_gpis_novelty_only,Cross,9,0,2,0.6093,0.7572236376064126,0.6093,0.06821658677165904,7.464474264026503
ray_gpis_novelty_only,Cross,9,0,3,0.6413333333333333,0.7814784727863525,0.6413333333333333,0.08635565677907917,7.093551833779531
ray_gpis_novelty_only,Cross,9,0,4,0.816,0.8986784140969163,0.816,0.11053620484660365,4.885292976102471
ray_gpis_novelty_only,Cross,9,0,5,0.8822666666666666,0.9367170802488417,0.8822666666666666,0.1325749667078536,4.5977232871286855
ray_gpis_novelty_only,Cross,10,0,0,0.29646666666666666,0.4573456060060678,0.29646666666666666,0.023019444220177408,15.824299509166119
ray_gpis_novelty_only,Cross,10,0,1,0.31943333333333335,0.4841977616653614,0.31943333333333335,0.042928728413786144,15.164028129485166
ray_gpis_novelty_only,Cross,10,0,2,0.4771,0.6459955317852549,0.4771,0.06354834547161585,9.47605965350492
ray_gpis_novelty_only,Cross,10,0,3,0.5964666666666667,0.7472334739215768,0.5964666666666667,0.08559983759375213,6.942774060134176
ray_gpis_novelty_only,Cross,10,0,4,0.7689,0.8693538357171124,0.7689,0.10801087491367296,5.37077516723213
ray_gpis_novelty_only,Cross,10,0,5,0.8103333333333333,0.8952310808322592,0.8103333333333333,0.1279568758634116,5.09832169954088
ray_gpis_novelty_only,Cross,5,0,0,0.21883333333333332,0.35908655818405577,0.21883333333333332,0.022481969584372846,18.98999211072322
ray_gpis_novelty_only,Cross,5,0,1,0.2885,0.4478075281334885,0.2885,0.04359285635543021,17.47089633473912
ray_gpis_novelty_only,Cross,5,0,2,0.3403,0.5077967619189734,0.3403,0.06366046940018381,15.67018914167849
ray_gpis_novelty_only,Cross,5,0,3,0.5749333333333333,0.7301049779884863,0.5749333333333333,0.0863315017386667,8.532903791894958
ray_gpis_novelty_only,Cross,5,0,4,0.6523,0.7884025157545292,0.6523,0.10638428634469646,7.290879766932525
ray_gpis_novelty_only,Cross,5,0,5,0.6608,0.7947140549684762,0.6608,0.1254441589794945,7.246003825254414
ray_gpis_novelty_only,Cross,11,0,0,0.0629,0.10773007535967115,0.0629,0.024690993482161618,27.64709124543475
ray_gpis_novelty_only,Cross,11,0,1,0.26903333333333335,0.3885400048714113,0.26903333333333335,0.04670778911460934,19.86946742576643
ray_gpis_novelty_only,Cross,11,0,2,0.38926666666666665,0.5237064857895621,0.38926666666666665,0.06813844287958856,14.98477990258168
ray_gpis_novelty_only,Cross,11,0,3,0.4730333333333333,0.6093133659133082,0.4730333333333333,0.08819895427071933,12.309462299563291
ray_gpis_novelty_only,Cross,11,0,4,0.5910333333333333,0.7076210610128753,0.5910333333333333,0.10872090831992276,9.403960782277133
ray_gpis_novelty_only,Cross,11,0,5,0.7834666666666666,0.8392774898587376,0.7834666666666666,0.1304105137051749,5.972655497332999
ray_gpis_novelty_only,Cross,0,0,0,0.21976666666666667,0.36034214193971525,0.21976666666666667,0.022023417250110734,21.29631002095288
ray_gpis_novelty_only,Cross,0,0,1,0.22993333333333332,0.37389560409778305,0.22993333333333332,0.04281938708679373,19.48415340288171
ray_gpis_novelty_only,Cross,0,0,2,0.4291,0.600517808410888,0.4291,0.06405972176655614,11.493050119200667
ray_gpis_novelty_only,Cross,0,0,3,0.5560333333333334,0.7146804909920524,0.5560333333333334,0.08742814250315667,7.9470816793580354
ray_gpis_novelty_only,Cross,0,0,4,0.6891666666666667,0.8159842131228416,0.6891666666666667,0.11049818958790747,6.251030669410251
ray_gpis_novelty_only,Cross,0,0,5,0.7436666666666667,0.8421263317962965,0.7436666666666667,0.1306089657747208,5.3664206996944595
ray_gpis_novelty_only,Bowl,8,0,0,0.22843333333333332,0.3719100208938214,0.22843333333333332,0.12377485283689942,12.623013369430904
ray_gpis_novelty_only,Bowl,8,0,1,0.30083333333333334,0.4612179554035168,0.30083333333333334,0.1865205745432712,10.15347390376468
ray_gpis_novelty_only,Bowl,8,0,2,0.4388,0.6065451762372693,0.4388,0.2673989470488786,8.554571034751051
ray_gpis_novelty_only,Bowl,8,0,3,0.4849,0.6502440258306426,0.4849,0.31695106159731795,8.178764316913352
ray_gpis_novelty_only,Bowl,8,0,4,0.5898666666666667,0.7378149783448775,0.5898666666666667,0.4170052376173113,6.720315827185409
ray_gpis_novelty_only,Bowl,8,0,5,0.6738333333333333,0.8010915508233307,0.6738333333333333,0.4761489725800311,5.75064241004403
ray_gpis_novelty_only,Bowl,13,0,0,0.21096666666666666,0.3484268765999614,0.21096666666666666,0.13155852946041932,15.039115078451822
ray_gpis_novelty_only,Bowl,13,0,1,0.4563,0.6266565954817002,0.4563,0.20686529230301604,8.744538045486493
ray_gpis_novelty_only,Bowl,13,0,2,0.4763,0.64526180315654,0.4763,0.2560590170401632,8.182901019999743
ray_gpis_novelty_only,Bowl,13,0,3,0.4809333333333333,0.5784865801190276,0.4809333333333333,0.31857018040705387,11.189147343666844
ray_gpis_novelty_only,Bowl,13,0,4,0.6339,0.7033414344273258,0.6339,0.3787606642542967,9.575120736380756
ray_gpis_novelty_only,Bowl,13,0,5,0.6634,0.7367042563325111,0.6634,0.4315095375564532,8.758108637627343
ray_gpis_novelty_only,Bowl,4,0,0,0.2815666666666667,0.43941009701667233,0.2815666666666667,0.1246619061378375,11.516188376510758
ray_gpis_novelty_only,Bowl,4,0,1,0.3974,0.5687705739229998,0.3974,0.21411660315200418,8.465671314166654
ray_gpis_novelty_only,Bowl,4,0,2,0.5846333333333333,0.7378783735459307,0.5846333333333333,0.29596706241539605,6.655323686883017
ray_gpis_novelty_only,Bowl,4,0,3,0.6099666666666667,0.7051884758267323,0.6099666666666667,0.36319510002481925,7.68556145874792
ray_gpis_novelty_only,Bowl,4,0,4,0.8056333333333333,0.8342882817888271,0.8056333333333333,0.4694063946769355,5.805771405247072
ray_gpis_novelty_only,Bowl,4,0,5,0.8523,0.8523492591454961,0.8523,0.5298106508671906,5.7808200092048265
ray_gpis_novelty_only,Bowl,1,0,0,0.17806666666666668,0.3023032086469357,0.17806666666666668,0.10959549077816597,15.42714208243469
ray_gpis_novelty_only,Bowl,1,0,1,0.26216666666666666,0.3843213905516483,0.26216666666666666,0.191812771468978,13.736000737316049
ray_gpis_novelty_only,Bowl,1,0,2,0.4546,0.585421392179734,0.4546,0.2256963641203999,9.294307021055214
ray_gpis_novelty_only,Bowl,1,0,3,0.5048,0.6347606574801655,0.5048,0.24927212321133485,8.605785490138087
ray_gpis_novelty_only,Bowl,1,0,4,0.5379333333333334,0.6695062688283266,0.5379333333333334,0.27083327610829333,7.963864839392001
ray_gpis_novelty_only,Bowl,1,0,5,0.5543,0.6866486212468427,0.5543,0.28855396430098273,7.705897562968416
ray_gpis_novelty_only,Bowl,12,0,0,0.32353333333333334,0.48889336624187785,0.32353333333333334,0.12458159287983836,10.609265759964998
ray_gpis_novelty_only,Bowl,12,0,1,0.3577666666666667,0.5269928559153513,0.3577666666666667,0.18356199983285917,9.248046343018277
ray_gpis_novelty_only,Bowl,12,0,2,0.4078333333333333,0.5793772937137446,0.4078333333333333,0.2321701236083067,8.115614771842568
ray_gpis_novelty_only,Bowl,12,0,3,0.45203333333333334,0.6226211519478433,0.45203333333333334,0.2803120466796045,7.782142272770226
ray_gpis_novelty_only,Bowl,12,0,4,0.6685,0.801318549595445,0.6685,0.37411850113631884,6.36028192329234
ray_gpis_novelty_only,Bowl,12,0,5,0.7000333333333333,0.8196784579780799,0.7000333333333333,0.43150499743388393,6.371313969027699
ray_gpis_novelty_only,Bowl,7,0,0,0.1988,0.33112132825847473,0.1988,0.11955382127917809,17.450638859204478
ray_gpis_novelty_only,Bowl,7,0,1,0.31193333333333334,0.4750045363064622,0.31193333333333334,0.15647965638920358,10.69030425706811
ray_gpis_novelty_only,Bowl,7,0,2,0.419,0.5900223103886931,0.419,0.18907517988658704,8.358993008529685
ray_gpis_novelty_only,Bowl,7,0,3,0.4604333333333333,0.6301049156285486,0.4604333333333333,0.21819014690305139,7.922047579257251
ray_gpis_novelty_only,Bowl,7,0,4,0.5450666666666667,0.7033654910105228,0.5450666666666667,0.2508629687831868,7.467600277821489
ray_gpis_novelty_only,Bowl,7,0,5,0.6143666666666666,0.7590278673925798,0.6143666666666666,0.30099526161530116,7.065405436631386
ray_gpis_novelty_only,Bowl,14,0,0,0.29436666666666667,0.4482423551046669,0.29436666666666667,0.12288466836243635,11.919151129691576
ray_gpis_novelty_only,Bowl,14,0,1,0.42346666666666666,0.5887731508512974,0.42346666666666666,0.1697742086621097,8.708978033300768
ray_gpis_novelty_only,Bowl,14,0,2,0.48856666666666665,0.6513088590667877,0.48856666666666665,0.2003712748930956,8.377070441216247
ray_gpis_novelty_only,Bowl,14,0,3,0.5070333333333333,0.6688145487063475,0.5070333333333333,0.22915656810396853,7.906329400814697
ray_gpis_novelty_only,Bowl,14,0,4,0.5638333333333333,0.7149635145287098,0.5638333333333333,0.2626977999219986,7.322080620819053
ray_gpis_novelty_only,Bowl,14,0,5,0.5820333333333333,0.7296124907209216,0.5820333333333333,0.2893613350333412,7.0600393720867585
ray_gpis_novelty_only,Bowl,2,0,0,0.20933333333333334,0.3461962513781698,0.20933333333333334,0.12317005331662058,16.863481536826022
ray_gpis_novelty_only,Bowl,2,0,1,0.2975,0.45857418111753373,0.2975,0.19066750467101848,12.49304815201988
ray_gpis_novelty_only,Bowl,2,0,2,0.4909,0.6585284056610102,0.4909,0.3080386250939823,7.840505672290068
ray_gpis_novelty_only,Bowl,2,0,3,0.6592,0.7945998071359691,0.6592,0.35742659240934194,6.002650230337217
ray_gpis_novelty_only,Bowl,2,0,4,0.6939,0.8192927563610602,0.6939,0.3886408111638424,5.663113578737872
ray_gpis_novelty_only,Bowl,2,0,5,0.7524333333333333,0.8587297662298138,0.7524333333333333,0.41885923165332006,5.465466488694966
ray_gpis_novelty_only,Bowl,6,0,0,0.13506666666666667,0.2379889580641372,0.13506666666666667,0.09351432885550154,29.222796302929943
ray_gpis_novelty_only,Bowl,6,0,1,0.2216,0.362454998615342,0.2216,0.1663609163111757,16.410805997148326
ray_gpis_novelty_only,Bowl,6,0,2,0.43216666666666664,0.6029120611130165,0.43216666666666664,0.2934531627758292,10.36361237726295
ray_gpis_novelty_only,Bowl,6,0,3,0.46153333333333335,0.6309898103162697,0.46153333333333335,0.3456834636069433,10.34469079606083
ray_gpis_novelty_only,Bowl,6,0,4,0.5709333333333333,0.7263110585486469,0.5709333333333333,0.38581500437450333,7.11518278360126
ray_gpis_novelty_only,Bowl,6,0,5,0.7089666666666666,0.8280506318025617,0.7089666666666666,0.4122887040763033,5.839306374754266
ray_gpis_novelty_only,Bowl,3,0,0,0.0727,0.1267962270313637,0.0727,0.0741146594561156,32.87064033935435
ray_gpis_novelty_only,Bowl,3,0,1,0.15046666666666667,0.24801892710849055,0.15046666666666667,0.1188651575969127,28.968627061100165
ray_gpis_novelty_only,Bowl,3,0,2,0.21023333333333333,0.33412026223797636,0.21023333333333333,0.17946064073591814,21.528801743495332
ray_gpis_novelty_only,Bowl,3,0,3,0.3496,0.4965303494040767,0.3496,0.2650307817047036,13.938068627576394
ray_gpis_novelty_only,Bowl,3,0,4,0.3587,0.5098682660139843,0.3587,0.2864042120622295,13.466969316479073
ray_gpis_novelty_only,Bowl,3,0,5,0.5176333333333333,0.6589217065751329,0.5176333333333333,0.3773078605726976,8.066240678534582
ray_gpis_novelty_only,Bowl,9,0,0,0.1809,0.3054678694531311,0.1809,0.12579715482709228,19.73002489052377
ray_gpis_novelty_only,Bowl,9,0,1,0.24,0.38641686182669793,0.24,0.17725801185862722,17.33736802799084
ray_gpis_novelty_only,Bowl,9,0,2,0.40423333333333333,0.5747705079828642,0.40423333333333333,0.283111275229115,9.520029028481018
ray_gpis_novelty_only,Bowl,9,0,3,0.482,0.6486299075635684,0.482,0.3372062561027651,8.234430861305604
ray_gpis_novelty_only,Bowl,9,0,4,0.5624333333333333,0.7168417688215032,0.5624333333333333,0.37280530913181686,7.592673632793009
ray_gpis_novelty_only,Bowl,9,0,5,0.6551,0.7868292232459476,0.6551,0.3936742670187679,6.498933460885855
ray_gpis_novelty_only,Bowl,10,0,0,0.13056666666666666,0.23097561694725358,0.13056666666666666,0.07331810565069277,28.74035976668446
ray_gpis_novelty_only,Bowl,10,0,1,0.16213333333333332,0.27902707664066084,0.16213333333333332,0.13078110351718367,25.283575526029136
ray_gpis_novelty_only,Bowl,10,0,2,0.1921,0.3222883986242765,0.1921,0.19120864041490301,24.969547243124246
ray_gpis_novelty_only,Bowl,10,0,3,0.29456666666666664,0.4550814944511677,0.29456666666666664,0.22606636374414155,11.853044887252608
ray_gpis_novelty_only,Bowl,10,0,4,0.34873333333333334,0.5168696787852018,0.34873333333333334,0.26965712971492556,10.8648880413897
ray_gpis_novelty_only,Bowl,10,0,5,0.5228666666666667,0.6837252081544943,0.5228666666666667,0.3632988122256357,8.08092565778652
ray_gpis_novelty_only,Bowl,5,0,0,0.1464,0.25540823447313327,0.1464,0.12500942025251996,24.337490441049923
ray_gpis_novelty_only,Bowl,5,0,1,0.3478333333333333,0.5161370100160751,0.3478333333333333,0.19639476926578306,10.103533848945453
ray_gpis_novelty_only,Bowl,5,0,2,0.49033333333333334,0.6580183404160144,0.49033333333333334,0.25930863082817746,7.738348176785216
ray_gpis_novelty_only,Bowl,5,0,3,0.49323333333333336,0.6606245953970132,0.49323333333333336,0.2962450918757258,7.765871026181731
ray_gpis_novelty_only,Bowl,5,0,4,0.6143666666666666,0.7606162459368361,0.6143666666666666,0.39888453496377835,6.2863143880502514
ray_gpis_novelty_only,Bowl,5,0,5,0.7340333333333333,0.8455366571688238,0.7340333333333333,0.46982027633455353,5.585086926922951
ray_gpis_novelty_only,Bowl,11,0,0,0.14916666666666667,0.25144863915715543,0.14916666666666667,0.11544410090357433,20.56640360895554
ray_gpis_novelty_only,Bowl,11,0,1,0.33573333333333333,0.48931307240609917,0.33573333333333333,0.22131995751227462,10.545513945394852
ray_gpis_novelty_only,Bowl,11,0,2,0.4404,0.5969777723008672,0.4404,0.293291982193629,9.377105850200149
ray_gpis_novelty_only,Bowl,11,0,3,0.5189333333333334,0.6706899958407354,0.5189333333333334,0.34038329531306255,7.944438188395605
ray_gpis_novelty_only,Bowl,11,0,4,0.5638333333333333,0.6715530089725675,0.5638333333333333,0.37093653550428973,8.691133593511289
ray_gpis_novelty_only,Bowl,11,0,5,0.5865333333333334,0.6951492627413655,0.5865333333333334,0.4058865846989985,8.268128127265184
ray_gpis_novelty_only,Bowl,0,0,0,0.2275,0.37067209775967414,0.2275,0.10805287727237904,17.199486013253825
ray_gpis_novelty_only,Bowl,0,0,1,0.23886666666666667,0.37906628817395294,0.23886666666666667,0.1646422294908033,17.36829103379525
ray_gpis_novelty_only,Bowl,0,0,2,0.27836666666666665,0.4296733548310955,0.27836666666666665,0.20960986099070883,13.77651259908803
ray_gpis_novelty_only,Bowl,0,0,3,0.4713,0.630487108885144,0.4713,0.2923415948421029,8.482320247958633
ray_gpis_novelty_only,Bowl,0,0,4,0.5107666666666667,0.6669029627836597,0.5107666666666667,0.341600018754824,7.784738063441371
ray_gpis_novelty_only,Bowl,0,0,5,0.5537,0.7041673074602876,0.5537,0.3911509873125148,6.824353429992272
ray_gpis_novelty_only,Cube,8,0,0,0.17773333333333333,0.30182271029095437,0.17773333333333333,0.02490986261363172,20.477832961424475
ray_gpis_novelty_only,Cube,8,0,1,0.2813,0.43908530398813705,0.2813,0.04705058406416524,17.32146735622879
ray_gpis_novelty_only,Cube,8,0,2,0.35076666666666667,0.5193593761567505,0.35076666666666667,0.07157838131286998,14.633680356252036
ray_gpis_novelty_only,Cube,8,0,3,0.3993333333333333,0.5583498762971341,0.3993333333333333,0.09631105580387288,13.998423543926332
ray_gpis_novelty_only,Cube,8,0,4,0.5603333333333333,0.7015421907388518,0.5603333333333333,0.12395468636259029,8.795210249725105
ray_gpis_novelty_only,Cube,8,0,5,0.6349,0.7292930369998835,0.6349,0.1472143607606122,7.561841759460247
ray_gpis_novelty_only,Cube,13,0,0,0.21983333333333333,0.3604317529717174,0.21983333333333333,0.026688397361670717,19.625289293515497
ray_gpis_novelty_only,Cube,13,0,1,0.46416666666666667,0.6340352874217416,0.46416666666666667,0.05185632722169419,10.547786560597828
ray_gpis_novelty_only,Cube,13,0,2,0.6222666666666666,0.7671570641900222,0.6222666666666666,0.07702429185082277,7.564320111782311
ray_gpis_novelty_only,Cube,13,0,3,0.8823666666666666,0.9375077473393424,0.8823666666666666,0.10567831359947497,4.276687395249041
ray_gpis_novelty_only,Cube,13,0,4,0.8934666666666666,0.943736356594606,0.8934666666666666,0.13160096601379456,4.216203592810289
ray_gpis_novelty_only,Cube,13,0,5,0.9254,0.9612548041965306,0.9254,0.15374312633851578,4.077229552125429
ray_gpis_novelty_only,Cube,4,0,0,0.2898,0.44864678234914124,0.2898,0.02939004597090049,18.328451001269855
ray_gpis_novelty_only,Cube,4,0,1,0.4940333333333333,0.6604611556302097,0.4940333333333333,0.057264793619439536,10.233440832453486
ray_gpis_novelty_only,Cube,4,0,2,0.6487666666666667,0.7860623608300896,0.6487666666666667,0.0855533920582467,6.940584241522072
ray_gpis_novelty_only,Cube,4,0,3,0.6956666666666667,0.7504374123896237,0.6956666666666667,0.11224256244693265,8.153501881098917
ray_gpis_novelty_only,Cube,4,0,4,0.7954666666666667,0.8119527717962813,0.7954666666666667,0.1364000978744963,7.139610708671
ray_gpis_novelty_only,Cube,4,0,5,0.8128,0.8289617306629207,0.8128,0.15518530174746692,6.7248398958772615
ray_gpis_novelty_only,Cube,1,0,0,0.3661333333333333,0.536014054265079,0.3661333333333333,0.029754562428498096,14.311297155185963
ray_gpis_novelty_only,Cube,1,0,1,0.37703333333333333,0.5476023335189175,0.37703333333333333,0.055298837595357135,14.23686834158281
ray_gpis_novelty_only,Cube,1,0,2,0.49206666666666665,0.6595773200482552,0.49206666666666665,0.0783753397755457,10.655805143870879
ray_gpis_novelty_only,Cube,1,0,3,0.4972,0.6641731231632381,0.4972,0.10117336921872296,10.60806439625492
ray_gpis_novelty_only,Cube,1,0,4,0.6107,0.7583038430496057,0.6107,0.12741918699855112,8.419372901045042
ray_gpis_novelty_only,Cube,1,0,5,0.6642666666666667,0.798269508091652,0.6642666666666667,0.15136699821361338,7.549807999603358
ray_gpis_novelty_only,Cube,12,0,0,0.25916666666666666,0.41164791528788874,0.25916666666666666,0.02865017546961271,17.105184281018502
ray_gpis_novelty_only,Cube,12,0,1,0.46336666666666665,0.62865920224816,0.46336666666666665,0.053545590042439924,10.742563036427342
ray_gpis_novelty_only,Cube,12,0,2,0.6303666666666666,0.7684247885121421,0.6303666666666666,0.08231758810234946,7.116569153573473
ray_gpis_novelty_only,Cube,12,0,3,0.6436666666666667,0.7792020760662113,0.6436666666666667,0.10713329380685457,6.739618575977049
ray_gpis_novelty_only,Cube,12,0,4,0.7640666666666667,0.8622545715616509,0.7640666666666667,0.13094853909090473,5.870733629102698
ray_gpis_novelty_only,Cube,12,0,5,0.7874666666666666,0.8777110837218797,0.7874666666666666,0.15421874150084525,5.551011498953145
ray_gpis_novelty_only,Cube,7,0,0,0.08696666666666666,0.14526554959627638,0.08696666666666666,0.027201768810523583,26.14842704991913
ray_gpis_novelty_only,Cube,7,0,1,0.2502333333333333,0.36337457171091475,0.2502333333333333,0.054681554288108995,18.797487801754183
ray_gpis_novelty_only,Cube,7,0,2,0.37156666666666666,0.5021830618376346,0.37156666666666666,0.07736115559735034,13.244726556587887
ray_gpis_novelty_only,Cube,7,0,3,0.4937666666666667,0.6223839762056885,0.4937666666666667,0.10058343102222801,9.969792395742461
ray_gpis_novelty_only,Cube,7,0,4,0.5655,0.6869290142983677,0.5655,0.12201639586266022,8.540745810464028
ray_gpis_novelty_only,Cube,7,0,5,0.7392666666666666,0.8118742590825766,0.7392666666666666,0.1479042844084706,6.070661563927834
ray_gpis_novelty_only,Cube,14,0,0,0.2702333333333333,0.4254861311570053,0.2702333333333333,0.0262179276770345,18.033151435898066
ray_gpis_novelty_only,Cube,14,0,1,0.2774,0.43431971191482693,0.2774,0.04911270493684991,17.75795012566417
ray_gpis_novelty_only,Cube,14,0,2,0.40826666666666667,0.5567561951270197,0.40826666666666667,0.07538366863240645,10.393796944611259
ray_gpis_novelty_only,Cube,14,0,3,0.5658666666666666,0.6951122550879996,0.5658666666666666,0.10310148517930362,7.3548694219028
ray_gpis_novelty_only,Cube,14,0,4,0.6400666666666667,0.7564662654908324,0.6400666666666667,0.12740801326416468,6.458655670229177
ray_gpis_novelty_only,Cube,14,0,5,0.7820666666666667,0.8470847484941744,0.7820666666666667,0.15125830367120827,5.652655266033444
ray_gpis_novelty_only,Cube,2,0,0,0.10363333333333333,0.18272884254652677,0.10363333333333333,0.022136414996812515,29.21737791822152
ray_gpis_novelty_only,Cube,2,0,1,0.19226666666666667,0.3157129947788835,0.19226666666666667,0.04219283065727132,24.419811667927494
ray_gpis_novelty_only,Cube,2,0,2,0.27826666666666666,0.4276538894229951,0.27826666666666666,0.061788494240286825,19.02579261279743
ray_gpis_novelty_only,Cube,2,0,3,0.5313333333333333,0.6805819611381433,0.5313333333333333,0.08759654367025943,9.961781168496133
ray_gpis_novelty_only,Cube,2,0,4,0.6104333333333334,0.7460041078133411,0.6104333333333334,0.11189936064125063,8.25294577448152
ray_gpis_novelty_only,Cube,2,0,5,0.7048333333333333,0.8145231634281934,0.7048333333333333,0.1399378272994075,6.593214984221119
ray_gpis_novelty_only,Cube,6,0,0,0.31306666666666666,0.47684809098294073,0.31306666666666666,0.030165925279461173,15.872777399130705
ray_gpis_novelty_only,Cube,6,0,1,0.549,0.7088444157520982,0.549,0.059641178291659026,9.741976640416064
ray_gpis_novelty_only,Cube,6,0,2,0.554,0.7123197249677696,0.554,0.0847476383385684,9.688990467240046
ray_gpis_novelty_only,Cube,6,0,3,0.7392666666666666,0.8492896630684232,0.7392666666666666,0.10959787767446359,5.753098207562113
ray_gpis_novelty_only,Cube,6,0,4,0.8949,0.9437747270936915,0.8949,0.13104815395923208,4.489966580129426
ray_gpis_novelty_only,Cube,6,0,5,0.9123,0.9534873047995815,0.9123,0.1533920091561622,4.279022213590179
ray_gpis_novelty_only,Cube,3,0,0,0.23543333333333333,0.3811348244880339,0.23543333333333333,0.027304995666152892,20.45583711666264
ray_gpis_novelty_only,Cube,3,0,1,0.3310666666666667,0.43967238144875825,0.3310666666666667,0.053265200034442337,15.658771446690908
ray_gpis_novelty_only,Cube,3,0,2,0.5253,0.6235880564173278,0.5253,0.07920705455432976,10.793780941380097
ray_gpis_novelty_only,Cube,3,0,3,0.5417666666666666,0.6488816587257525,0.5417666666666666,0.10378725581001266,10.04794342215359
ray_gpis_novelty_only,Cube,3,0,4,0.7616666666666667,0.8016293428500656,0.7616666666666667,0.13159678548904877,6.709499797934178
ray_gpis_novelty_only,Cube,3,0,5,0.7974333333333333,0.8347425582235933,0.7974333333333333,0.15455305037763434,6.030703166092116
ray_gpis_novelty_only,Cube,9,0,0,0.2765666666666667,0.43168516314924765,0.2765666666666667,0.029264911732109856,17.45987678136968
ray_gpis_novelty_only,Cube,9,0,1,0.3926,0.5624342340469229,0.3926,0.054763290885419875,14.634992244164977
ray_gpis_novelty_only,Cube,9,0,2,0.5903,0.740688936342516,0.5903,0.08265359929215443,8.318258157265092
ray_gpis_novelty_only,Cube,9,0,3,0.8262666666666667,0.9031160264673671,0.8262666666666667,0.10861894783383441,4.799972350609413
ray_gpis_novelty_only,Cube,9,0,4,0.934,0.964234173649103,0.934,0.1334002605872293,4.169345135541508
ray_gpis_novelty_only,Cube,9,0,5,0.9398333333333333,0.9438260126305619,0.9398333333333333,0.15546828135867338,4.543024136453854
ray_gpis_novelty_only,Cube,10,0,0,0.25116666666666665,0.3921929847929393,0.25116666666666665,0.028527532113095368,18.881311560294424
ray_gpis_novelty_only,Cube,10,0,1,0.3248333333333333,0.4826910768102563,0.3248333333333333,0.05291824742813134,16.455903443189722
ray_gpis_novelty_only,Cube,10,0,2,0.33973333333333333,0.501603014792733,0.33973333333333333,0.0754620042526716,15.923666327401376
ray_gpis_novelty_only,Cube,10,0,3,0.3664,0.5313652024549738,0.3664,0.09732020764225235,15.215794038626365
ray_gpis_novelty_only,Cube,10,0,4,0.6109333333333333,0.7497498090059822,0.6109333333333333,0.12494622664611257,8.549431231709669
ray_gpis_novelty_only,Cube,10,0,5,0.7742,0.8631821670806056,0.7742,0.15279414361847002,6.33385106371425
ray_gpis_novelty_only,Cube,5,0,0,0.1439,0.2515954191799983,0.1439,0.021075632584931066,26.905502230801204
ray_gpis_novelty_only,Cube,5,0,1,0.17336666666666667,0.2955029686656629,0.17336666666666667,0.03854423510943075,25.995579217254686
ray_gpis_novelty_only,Cube,5,0,2,0.19306666666666666,0.3236477425122932,0.19306666666666666,0.056243643211355825,24.776591846912197
ray_gpis_novelty_only,Cube,5,0,3,0.20543333333333333,0.3403441539581684,0.20543333333333333,0.07219587133298973,25.01167018288459
ray_gpis_novelty_only,Cube,5,0,4,0.2939,0.4536091213352381,0.2939,0.0935147970015174,19.11754331457734
ray_gpis_novelty_only,Cube,5,0,5,0.33336666666666664,0.49906269413498183,0.33336666666666664,0.11789820495027625,17.38133521964058
ray_gpis_novelty_only,Cube,11,0,0,0.3194666666666667,0.4842360549717058,0.3194666666666667,0.02946991169649294,16.24595894604475
ray_gpis_novelty_only,Cube,11,0,1,0.3574333333333333,0.5266311421064264,0.3574333333333333,0.05369281058458919,14.933586933786923
ray_gpis_novelty_only,Cube,11,0,2,0.5073,0.6723622046189952,0.5073,0.07474708830383013,9.051229085418383
ray_gpis_novelty_only,Cube,11,0,3,0.5234,0.6865131176482411,0.5234,0.09487899757439491,8.935017346252165
ray_gpis_novelty_only,Cube,11,0,4,0.5865,0.7387967402759384,0.5865,0.1166161926192145,8.253391662099846
ray_gpis_novelty_only,Cube,11,0,5,0.6632,0.7657739255615871,0.6632,0.1402733352783426,7.180072159757974
ray_gpis_novelty_only,Cube,0,0,0,0.16996666666666665,0.29054958830735916,0.16996666666666665,0.023026752362169365,27.026487656286236
ray_gpis_novelty_only,Cube,0,0,1,0.37733333333333335,0.547918683446273,0.37733333333333335,0.04804310417332278,14.184409423664949
ray_gpis_novelty_only,Cube,0,0,2,0.4911,0.658708336127691,0.4911,0.07464666444198399,10.085964799619807
ray_gpis_novelty_only,Cube,0,0,3,0.5758,0.730803401446884,0.5758,0.09912733534714173,8.473404088961287
ray_gpis_novelty_only,Cube,0,0,4,0.7067,0.8281478877365676,0.7067,0.12332548200585343,6.667419793497692
ray_gpis_novelty_only,Cube,0,0,5,0.8416,0.9139878366637706,0.8416,0.14585557324462275,4.639108305329567
ray_gpis_novelty_only,Thin_Irregular,8,0,0,0.11483333333333333,0.18420940359340027,0.11483333333333333,0.4520053143975737,25.954654398097702
ray_gpis_novelty_only,Thin_Irregular,8,0,1,0.17523333333333332,0.24352524490324423,0.17523333333333332,0.47341640109990846,24.77932141058637
ray_gpis_novelty_only,Thin_Irregular,8,0,2,0.3841,0.47350322483054513,0.3841,0.6632957303408386,16.536367912632667
ray_gpis_novelty_only,Thin_Irregular,8,0,3,0.41613333333333336,0.5242549774137886,0.41613333333333336,0.7964218535596923,15.071686061356782
ray_gpis_novelty_only,Thin_Irregular,8,0,4,0.5638,0.6487009900459979,0.5638,0.9541206541306795,10.048131160879217
ray_gpis_novelty_only,Thin_Irregular,8,0,5,0.5818666666666666,0.6733201845434105,0.5818666666666666,0.9541206541306795,9.550587977841461
ray_gpis_novelty_only,Thin_Irregular,13,0,0,0.29723333333333335,0.45825731685381715,0.29723333333333335,0.4366126708191086,20.57812092349087
ray_gpis_novelty_only,Thin_Irregular,13,0,1,0.4454666666666667,0.6163638040771147,0.4454666666666667,0.774850622973516,13.826743281335187
ray_gpis_novelty_only,Thin_Irregular,13,0,2,0.6748666666666666,0.8058750945348884,0.6748666666666666,0.9331691203835194,7.448852165447441
ray_gpis_novelty_only,Thin_Irregular,13,0,3,0.7392666666666666,0.8500900762773583,0.7392666666666666,0.9549643934043898,6.318547619208415
ray_gpis_novelty_only,Thin_Irregular,13,0,4,0.7794333333333333,0.8746037555058636,0.7794333333333333,0.9549643934043898,5.899684613562102
ray_gpis_novelty_only,Thin_Irregular,13,0,5,0.7907666666666666,0.881926528632792,0.7907666666666666,0.9549643934043898,5.642039880532582
ray_gpis_novelty_only,Thin_Irregular,4,0,0,0.3568,0.5259433962264151,0.3568,0.4580955779271023,18.81048370507737
ray_gpis_novelty_only,Thin_Irregular,4,0,1,0.3773,0.5450328051492561,0.3773,0.5056180240891882,18.688138367461548
ray_gpis_novelty_only,Thin_Irregular,4,0,2,0.6116666666666667,0.7532953214934238,0.6116666666666667,0.8210637617646593,8.758114441775916
ray_gpis_novelty_only,Thin_Irregular,4,0,3,0.6919333333333333,0.8130306638074682,0.6919333333333333,0.9329059072892176,7.4298005942011
ray_gpis_novelty_only,Thin_Irregular,4,0,4,0.8119333333333333,0.8911123853869757,0.8119333333333333,0.9886855707190861,5.489837949017477
ray_gpis_novelty_only,Thin_Irregular,4,0,5,0.8529333333333333,0.9157376170619758,0.8529333333333333,0.9992896201088315,5.222997833196252
ray_gpis_novelty_only,Thin_Irregular,1,0,0,0.2698333333333333,0.42499015618847613,0.2698333333333333,0.499141043714324,23.77791606287659
ray_gpis_novelty_only,Thin_Irregular,1,0,1,0.40763333333333335,0.5791754481517442,0.40763333333333335,0.6574595411243275,16.786862093502034
ray_gpis_novelty_only,Thin_Irregular,1,0,2,0.6646333333333333,0.7974885272186936,0.6646333333333333,0.8639980919375198,7.805218386110686
ray_gpis_novelty_only,Thin_Irregular,1,0,3,0.7385666666666667,0.8487644878067199,0.7385666666666667,0.8659361091417332,6.780391378103658
ray_gpis_novelty_only,Thin_Irregular,1,0,4,0.8657666666666667,0.9268163978207173,0.8657666666666667,0.9994370785645554,4.997512508773338
ray_gpis_novelty_only,Thin_Irregular,1,0,5,0.9039,0.9484119656551384,0.9039,1.0,4.603292429332223
ray_gpis_novelty_only,Thin_Irregular,12,0,0,0.3023,0.4638088138208779,0.3023,0.4474268645346019,22.800906983139328
ray_gpis_novelty_only,Thin_Irregular,12,0,1,0.394,0.5020167344321899,0.394,0.7857139695075839,15.118667670946586
ray_gpis_novelty_only,Thin_Irregular,12,0,2,0.5305333333333333,0.6143612538584851,0.5305333333333333,0.9421927553505236,11.601747032001986
ray_gpis_novelty_only,Thin_Irregular,12,0,3,0.612,0.6901747751725197,0.612,0.9457976146275683,9.894274279804726
ray_gpis_novelty_only,Thin_Irregular,12,0,4,0.7591,0.7933829995254459,0.7591,0.9993515802495684,7.615347381505086
ray_gpis_novelty_only,Thin_Irregular,12,0,5,0.7672,0.810262886470526,0.7672,0.9996020608969222,7.266860326941773
ray_gpis_novelty_only,Thin_Irregular,7,0,0,0.049933333333333337,0.08378774385723248,0.049933333333333337,0.49513711026369545,37.075311455751596
ray_gpis_novelty_only,Thin_Irregular,7,0,1,0.2829333333333333,0.39293062299399223,0.2829333333333333,0.5416626149677154,21.48409823816202
ray_gpis_novelty_only,Thin_Irregular,7,0,2,0.3033,0.4321315478127745,0.3033,0.6517142017437841,19.771214368341372
ray_gpis_novelty_only,Thin_Irregular,7,0,3,0.34796666666666665,0.48560131451904043,0.34796666666666665,0.654554352798093,18.307267169822143
ray_gpis_novelty_only,Thin_Irregular,7,0,4,0.49246666666666666,0.621003399251719,0.49246666666666666,0.8455311824297247,13.156138842717723
ray_gpis_novelty_only,Thin_Irregular,7,0,5,0.6394666666666666,0.7355473300385313,0.6394666666666666,0.996652292141107,8.610644602282887
ray_gpis_novelty_only,Thin_Irregular,14,0,0,0.13896666666666666,0.244022359448623,0.13896666666666666,0.3868575088396164,33.048018410832185
ray_gpis_novelty_only,Thin_Irregular,14,0,1,0.3375,0.5029344220464405,0.3375,0.8199865414213373,16.83550876225126
ray_gpis_novelty_only,Thin_Irregular,14,0,2,0.5488666666666666,0.7068708773483146,0.5488666666666666,0.8649185480748531,9.907596593819676
ray_gpis_novelty_only,Thin_Irregular,14,0,3,0.6023666666666667,0.7503112107118455,0.6023666666666667,0.8895996269394282,8.431438007396912
ray_gpis_novelty_only,Thin_Irregular,14,0,4,0.6106,0.75418654272856,0.6106,0.8898501075867821,8.317678747894092
ray_gpis_novelty_only,Thin_Irregular,14,0,5,0.6125,0.7521421437207592,0.6125,0.9998525415442759,8.40037070467698
ray_gpis_novelty_only,Thin_Irregular,2,0,0,0.0889,0.15545311814035168,0.0889,0.48122817202259455,38.727911615609514
ray_gpis_novelty_only,Thin_Irregular,2,0,1,0.1403,0.23013833451801632,0.1403,0.4824790921571933,38.74132115016465
ray_gpis_novelty_only,Thin_Irregular,2,0,2,0.23283333333333334,0.3541291292920655,0.23283333333333334,0.5272817643277984,31.182274437598952
ray_gpis_novelty_only,Thin_Irregular,2,0,3,0.2853,0.42101250334334545,0.2853,0.529046912037779,25.495311454334175
ray_gpis_novelty_only,Thin_Irregular,2,0,4,0.43633333333333335,0.5748576402560419,0.43633333333333335,0.6832958371515226,15.702108758577017
ray_gpis_novelty_only,Thin_Irregular,2,0,5,0.6421,0.7426653381001148,0.6421,0.985221135381791,8.470842843672363
ray_gpis_novelty_only,Thin_Irregular,6,0,0,0.0443,0.07219226708800669,0.0443,0.49655644956441103,46.06284650689086
ray_gpis_novelty_only,Thin_Irregular,6,0,1,0.21766666666666667,0.3163480751329695,0.21766666666666667,0.52024058697092,29.016219076014114
ray_gpis_novelty_only,Thin_Irregular,6,0,2,0.28503333333333336,0.40760721866126787,0.28503333333333336,0.630243020928414,24.693706078153497
ray_gpis_novelty_only,Thin_Irregular,6,0,3,0.4426,0.5624631864810549,0.4426,0.8630584040366613,15.305233813770728
ray_gpis_novelty_only,Thin_Irregular,6,0,4,0.6403,0.7196421067034137,0.6403,0.9994935184488258,9.067794256760687
ray_gpis_novelty_only,Thin_Irregular,6,0,5,0.6488666666666667,0.7311484259400363,0.6488666666666667,0.9994935184488258,8.860170094533201
ray_gpis_novelty_only,Thin_Irregular,3,0,0,0.17556666666666668,0.2986928289902742,0.17556666666666668,0.38662007256354847,27.795951128806035
ray_gpis_novelty_only,Thin_Irregular,3,0,1,0.20056666666666667,0.28351918539710996,0.20056666666666667,0.6871364862540857,25.602892869221286
ray_gpis_novelty_only,Thin_Irregular,3,0,2,0.351,0.4573262817513665,0.351,0.7971389202115797,20.483792540291176
ray_gpis_novelty_only,Thin_Irregular,3,0,3,0.48846666666666666,0.5928318866494551,0.48846666666666666,0.8660423507255347,13.078249460785297
ray_gpis_novelty_only,Thin_Irregular,3,0,4,0.6864,0.7390556949110891,0.6864,0.9994935184488256,8.088586241640394
ray_gpis_novelty_only,Thin_Irregular,3,0,5,0.6946333333333333,0.7546238456512604,0.6946333333333333,0.9996020608969222,7.815418851684944
ray_gpis_novelty_only,Thin_Irregular,9,0,0,0.21733333333333332,0.35706462212486306,0.21733333333333332,0.35906075342246346,28.82600918288509
ray_gpis_novelty_only,Thin_Irregular,9,0,1,0.5233333333333333,0.687089715536105,0.5233333333333333,0.6627381549914266,11.488450858894124
ray_gpis_novelty_only,Thin_Irregular,9,0,2,0.5825,0.7218497285394283,0.5825,0.978385220495677,9.248453518368681
ray_gpis_novelty_only,Thin_Irregular,9,0,3,0.7898,0.86687522207415,0.7898,0.978385220495677,5.693715609222734
ray_gpis_novelty_only,Thin_Irregular,9,0,4,0.8347,0.8955484326703061,0.8347,0.9995529080783475,5.284666173071585
ray_gpis_novelty_only,Thin_Irregular,9,0,5,0.8826,0.9186446044998726,0.8826,0.9998033887257013,5.077334916526129
ray_gpis_novelty_only,Thin_Irregular,10,0,0,0.2685,0.4222912395581531,0.2685,0.3893425080968242,23.281099430178365
ray_gpis_novelty_only,Thin_Irregular,10,0,1,0.2956,0.45545309950982293,0.2956,0.39104577054128203,21.542770712069217
ray_gpis_novelty_only,Thin_Irregular,10,0,2,0.36973333333333336,0.5388756097087002,0.36973333333333336,0.657635532789812,18.230891481389982
ray_gpis_novelty_only,Thin_Irregular,10,0,3,0.4583,0.6268034325775862,0.4583,0.657635532789812,14.525126498343349
ray_gpis_novelty_only,Thin_Irregular,10,0,4,0.5222333333333333,0.68420902707169,0.5222333333333333,0.680476900087323,12.689964546411169
ray_gpis_novelty_only,Thin_Irregular,10,0,5,0.6293666666666666,0.7696276250584619,0.6293666666666666,0.8632801643365682,8.22546597034509
ray_gpis_novelty_only,Thin_Irregular,5,0,0,0.0456,0.07689713322091063,0.0456,0.47220427497104417,42.71996652277145
ray_gpis_novelty_only,Thin_Irregular,5,0,1,0.21403333333333333,0.3206470999483258,0.21403333333333333,0.4950947950871297,28.380466243854674
ray_gpis_novelty_only,Thin_Irregular,5,0,2,0.314,0.44796668885134555,0.314,0.6070043898290759,23.546231529669203
ray_gpis_novelty_only,Thin_Irregular,5,0,3,0.43466666666666665,0.5727208163570441,0.43466666666666665,0.65387184317559,17.609974993177417
ray_gpis_novelty_only,Thin_Irregular,5,0,4,0.5637333333333333,0.6862952792045514,0.5637333333333333,0.8097099992090439,12.024599337735873
ray_gpis_novelty_only,Thin_Irregular,5,0,5,0.6665,0.7611936424436965,0.6665,0.9786254643320835,8.962256309978958
ray_gpis_novelty_only,Thin_Irregular,11,0,0,0.22893333333333332,0.3725724205272865,0.22893333333333332,0.4781419596972961,23.056018266436585
ray_gpis_novelty_only,Thin_Irregular,11,0,1,0.3917,0.5617951539569856,0.3917,0.7489019042358113,13.04850136925929
ray_gpis_novelty_only,Thin_Irregular,11,0,2,0.42323333333333335,0.5639091008172719,0.42323333333333335,0.7489019042358113,13.379917457374065
ray_gpis_novelty_only,Thin_Irregular,11,0,3,0.5045666666666667,0.6422339333868535,0.5045666666666667,0.7507416158028755,12.031931251939868
ray_gpis_novelty_only,Thin_Irregular,11,0,4,0.6190333333333333,0.7364203251438318,0.6190333333333333,0.9053806900787507,9.507287847869021
ray_gpis_novelty_only,Thin_Irregular,11,0,5,0.7661,0.8374458285390959,0.7661,0.9529680137448059,6.336951268984632
ray_gpis_novelty_only,Thin_Irregular,0,0,0,0.1702,0.29059280287317557,0.1702,0.47210885176944767,31.966738744530474
ray_gpis_novelty_only,Thin_Irregular,0,0,1,0.241,0.3881652244155857,0.241,0.4932634949808324,27.13484603396777
ray_gpis_novelty_only,Thin_Irregular,0,0,2,0.3143666666666667,0.4392785274100076,0.3143666666666667,0.6852949017017032,17.575852450113135
ray_gpis_novelty_only,Thin_Irregular,0,0,3,0.5031,0.6167616118106037,0.5031,0.8646934784660081,12.352902554042481
ray_gpis_novelty_only,Thin_Irregular,0,0,4,0.667,0.7455104987037044,0.667,0.9975864325395877,8.13152703718157
ray_gpis_novelty_only,Thin_Irregular,0,0,5,0.7418,0.7988948604089317,0.7418,0.9975864325395877,6.793404313028655
ray_gpis,green_Pepper,8,0,0,0.17653333333333332,0.30009066183136895,0.17653333333333332,0.025331942046531053,24.660143910978903
ray_gpis,green_Pepper,8,0,1,0.20856666666666668,0.29911924274436447,0.20856666666666668,0.049746227054374155,27.502677994641747
ray_gpis,green_Pepper,8,0,2,0.4012,0.5012129617399727,0.4012,0.0753927850135384,18.012081529026737
ray_gpis,green_Pepper,8,0,3,0.6034333333333334,0.6683385233083283,0.6034333333333334,0.10069455470832973,11.313292205335511
ray_gpis,green_Pepper,8,0,4,0.6091333333333333,0.621223258270021,0.6091333333333333,0.12585721501071162,11.868276224728382
ray_gpis,green_Pepper,8,0,5,0.7749333333333334,0.7273799209639918,0.7749333333333334,0.14858284547872644,9.16832344775999
ray_gpis,green_Pepper,13,0,0,0.24973333333333333,0.3996585938333511,0.24973333333333333,0.025173419059472523,21.987050723367314
ray_gpis,green_Pepper,13,0,1,0.38903333333333334,0.5601497444265796,0.38903333333333334,0.051244515649817045,15.560831558971197
ray_gpis,green_Pepper,13,0,2,0.42336666666666667,0.5948806819512423,0.42336666666666667,0.07485915127810623,13.8089333852315
ray_gpis,green_Pepper,13,0,3,0.6224666666666666,0.7662060022501413,0.6224666666666666,0.098515246888556,7.437933130462223
ray_gpis,green_Pepper,13,0,4,0.7192333333333333,0.8356000727525134,0.7192333333333333,0.12084770544906119,5.753715145173672
ray_gpis,green_Pepper,13,0,5,0.8210666666666666,0.8990509598203206,0.8210666666666666,0.14381120009398485,4.947767276321062
ray_gpis,green_Pepper,4,0,0,0.26153333333333334,0.41462770173862495,0.26153333333333334,0.025980856380777725,19.402332364458942
ray_gpis,green_Pepper,4,0,1,0.4241,0.5927684548830429,0.4241,0.051001357425053837,13.343502845523403
ray_gpis,green_Pepper,4,0,2,0.5377666666666666,0.6965214353938444,0.5377666666666666,0.07475464765125174,10.325070172719515
ray_gpis,green_Pepper,4,0,3,0.7902333333333333,0.879631461233458,0.7902333333333333,0.10153853902094938,5.252978175054925
ray_gpis,green_Pepper,4,0,4,0.8067,0.8903634210807826,0.8067,0.12531571496500138,4.984495038103281
ray_gpis,green_Pepper,4,0,5,0.8247,0.901460151401026,0.8247,0.14755989897778016,4.867424911243495
ray_gpis,green_Pepper,1,0,0,0.25533333333333336,0.4067976633032395,0.25533333333333336,0.026098971174773278,18.578227511008286
ray_gpis,green_Pepper,1,0,1,0.26653333333333334,0.4196928751285598,0.26653333333333334,0.04927147505143261,18.364398493245886
ray_gpis,green_Pepper,1,0,2,0.4565,0.625264756644805,0.4565,0.07382515787281377,12.367175845055499
ray_gpis,green_Pepper,1,0,3,0.4586,0.6264419733776833,0.4586,0.09646805326895415,12.526723783444238
ray_gpis,green_Pepper,1,0,4,0.5953,0.7433024187227587,0.5953,0.11890104639562955,8.458785765203018
ray_gpis,green_Pepper,1,0,5,0.7209333333333333,0.8345845859512677,0.7209333333333333,0.14187197243990926,5.94212093371093
ray_gpis,green_Pepper,12,0,0,0.22476666666666667,0.3670358979941758,0.22476666666666667,0.026339008079423288,22.10629933507831
ray_gpis,green_Pepper,12,0,1,0.4429,0.6139025573497817,0.4429,0.05164083170070452,13.078188736636305
ray_gpis,green_Pepper,12,0,2,0.4911,0.658708336127691,0.4911,0.07598082084084819,11.637399029935885
ray_gpis,green_Pepper,12,0,3,0.6766666666666666,0.8071570576540755,0.6766666666666666,0.10175293820126165,7.261451337612561
ray_gpis,green_Pepper,12,0,4,0.8397,0.9128662281893787,0.8397,0.12894242492414032,5.14288531670983
ray_gpis,green_Pepper,12,0,5,0.8532,0.9207856680336715,0.8532,0.15249360742657336,4.982021888965202
ray_gpis,green_Pepper,7,0,0,0.27216666666666667,0.42787894667889426,0.27216666666666667,0.027815744430831364,18.105985173062248
ray_gpis,green_Pepper,7,0,1,0.4423,0.611800599622593,0.4423,0.05390247838570824,12.979135809683736
ray_gpis,green_Pepper,7,0,2,0.5005,0.6413292095531458,0.5005,0.07846846924012896,10.307997519262148
ray_gpis,green_Pepper,7,0,3,0.7502,0.822901118109102,0.7502,0.10413777676567199,6.368674760975423
ray_gpis,green_Pepper,7,0,4,0.8126,0.8661299040453636,0.8126,0.1285320670528674,5.782226787311252
ray_gpis,green_Pepper,7,0,5,0.8470333333333333,0.8909434972166449,0.8470333333333333,0.15108598374575938,5.421342655240648
ray_gpis,green_Pepper,14,0,0,0.20273333333333332,0.33712100216174273,0.20273333333333332,0.02698450674092895,23.31549234960228
ray_gpis,green_Pepper,14,0,1,0.28813333333333335,0.4154861051726731,0.28813333333333335,0.050544339110236716,18.641769629722763
ray_gpis,green_Pepper,14,0,2,0.41756666666666664,0.5550455706385212,0.41756666666666664,0.07649345173638418,15.389833035406374
ray_gpis,green_Pepper,14,0,3,0.6254333333333333,0.7271240273873689,0.6254333333333333,0.10039243965930364,8.294446396129603
ray_gpis,green_Pepper,14,0,4,0.6782333333333334,0.7709819986085376,0.6782333333333334,0.12360210903360584,7.402969571356169
ray_gpis,green_Pepper,14,0,5,0.8728666666666667,0.8922256912891872,0.8728666666666667,0.1501812641755298,5.248668731857872
ray_gpis,green_Pepper,2,0,0,0.16713333333333333,0.2863997258239561,0.16713333333333333,0.024683568848033317,25.018098583724818
ray_gpis,green_Pepper,2,0,1,0.3479333333333333,0.5162470943172264,0.3479333333333333,0.046762819217509424,18.111796398864314
ray_gpis,green_Pepper,2,0,2,0.38,0.5507246376811594,0.38,0.06578255857983141,16.225524520251902
ray_gpis,green_Pepper,2,0,3,0.5489,0.7081368027654389,0.5489,0.09176025758327003,9.935853696451215
ray_gpis,green_Pepper,2,0,4,0.6254666666666666,0.7456733539537563,0.6254666666666666,0.1158643435520911,8.385387778851667
ray_gpis,green_Pepper,2,0,5,0.6964666666666667,0.7986455138177587,0.6964666666666667,0.13740848798594107,7.277079974122177
ray_gpis,green_Pepper,6,0,0,0.12366666666666666,0.2075495447616117,0.12366666666666666,0.025102028846483184,25.09846313409737
ray_gpis,green_Pepper,6,0,1,0.22003333333333333,0.34095168113443325,0.22003333333333333,0.046511186718224413,22.130487929125906
ray_gpis,green_Pepper,6,0,2,0.3449333333333333,0.4891451223547399,0.3449333333333333,0.07002263445240414,16.011563694158422
ray_gpis,green_Pepper,6,0,3,0.5298333333333334,0.6639255459398781,0.5298333333333334,0.09540773093793412,9.723506081750674
ray_gpis,green_Pepper,6,0,4,0.7067666666666667,0.7955470944769492,0.7067666666666667,0.1207470519199279,6.851578429902571
ray_gpis,green_Pepper,6,0,5,0.7475,0.826115682623581,0.7475,0.14419335042201598,6.262901991061129
ray_gpis,green_Pepper,3,0,0,0.22263333333333332,0.36418659178276397,0.22263333333333332,0.027600778660634248,23.288284315181244
ray_gpis,green_Pepper,3,0,1,0.3700333333333333,0.5401815040996569,0.3700333333333333,0.051996617536836195,16.269624990679944
ray_gpis,green_Pepper,3,0,2,0.5537333333333333,0.7127778254526732,0.5537333333333333,0.07798172111076637,9.811930485539637
ray_gpis,green_Pepper,3,0,3,0.6798333333333333,0.8094056950094255,0.6798333333333333,0.10284607594936386,6.863359077207934
ray_gpis,green_Pepper,3,0,4,0.8648333333333333,0.9275180981320941,0.8648333333333333,0.12560855336816623,4.489392548926355
ray_gpis,green_Pepper,3,0,5,0.9024333333333333,0.9487148038477039,0.9024333333333333,0.14765352673418322,4.087572292000634
ray_gpis,green_Pepper,9,0,0,0.19493333333333332,0.3262664583798259,0.19493333333333332,0.0237707732199727,20.438654582033635
ray_gpis,green_Pepper,9,0,1,0.24143333333333333,0.34810587839985024,0.24143333333333333,0.04981785575091899,18.96409257651825
ray_gpis,green_Pepper,9,0,2,0.4381,0.5585880329498766,0.4381,0.07334074159422976,14.498197237046268
ray_gpis,green_Pepper,9,0,3,0.4757,0.6013577329732583,0.4757,0.09563912621803546,13.072397484963895
ray_gpis,green_Pepper,9,0,4,0.5218333333333334,0.6435290198834333,0.5218333333333334,0.11712885964691974,11.36292319337671
ray_gpis,green_Pepper,9,0,5,0.7022333333333334,0.7729725726028948,0.7022333333333334,0.14284304418675633,7.361355313992518
ray_gpis,green_Pepper,10,0,0,0.2429,0.39086008528441546,0.2429,0.02421220969372436,20.290410201767745
ray_gpis,green_Pepper,10,0,1,0.2778,0.4348098293942714,0.2778,0.04576033141951649,19.38229606217521
ray_gpis,green_Pepper,10,0,2,0.47073333333333334,0.6401341734282217,0.47073333333333334,0.071059825855832,11.973200290594155
ray_gpis,green_Pepper,10,0,3,0.4849,0.6531079533975351,0.4849,0.09618416602035323,11.691954578240429
ray_gpis,green_Pepper,10,0,4,0.5391666666666667,0.7005955603681646,0.5391666666666667,0.11803435752407695,10.435729891582248
ray_gpis,green_Pepper,10,0,5,0.6744,0.8035036816275863,0.6744,0.14018991344877185,7.413547287924592
ray_gpis,green_Pepper,5,0,0,0.1866,0.31451205123883363,0.1866,0.02514446323693746,25.779263996254766
ray_gpis,green_Pepper,5,0,1,0.3484,0.5167606051616731,0.3484,0.051318613416328436,16.251677912470925
ray_gpis,green_Pepper,5,0,2,0.5089333333333333,0.6745603958646285,0.5089333333333333,0.07792566697462018,9.618973922678904
ray_gpis,green_Pepper,5,0,3,0.6462333333333333,0.7851053921072346,0.6462333333333333,0.10144260389636113,6.836589797657945
ray_gpis,green_Pepper,5,0,4,0.7233,0.8394359658794174,0.7233,0.12422818742904966,5.98004083823624
ray_gpis,green_Pepper,5,0,5,0.7668,0.8680099615123388,0.7668,0.14462952710289317,5.463683714429318
ray_gpis,green_Pepper,11,0,0,0.23796666666666666,0.38444761571393954,0.23796666666666666,0.026636637493141675,18.27247993096897
ray_gpis,green_Pepper,11,0,1,0.44016666666666665,0.6112718435366277,0.44016666666666665,0.05241435288097528,10.916247639453783
ray_gpis,green_Pepper,11,0,2,0.6340666666666667,0.7760597282852597,0.6340666666666667,0.07840221660754508,6.407838139940556
ray_gpis,green_Pepper,11,0,3,0.703,0.8256018790369936,0.703,0.10334626655824389,5.6611174962832305
ray_gpis,green_Pepper,11,0,4,0.8051,0.8920281424851809,0.8051,0.12693619685912488,4.939241634224663
ray_gpis,green_Pepper,11,0,5,0.8376333333333333,0.9116435995574018,0.8376333333333333,0.14705919968419753,4.736089321552765
ray_gpis,green_Pepper,0,0,0,0.23516666666666666,0.3807853191202267,0.23516666666666666,0.026892788068556377,21.036948665486307
ray_gpis,green_Pepper,0,0,1,0.4882666666666667,0.6561548109657768,0.4882666666666667,0.05185330823752731,11.287993034192647
ray_gpis,green_Pepper,0,0,2,0.7224,0.838829540176498,0.7224,0.07951905287534006,6.27602855472955
ray_gpis,green_Pepper,0,0,3,0.7269666666666666,0.8419000559748305,0.7269666666666666,0.10447611202789933,6.133357041648173
ray_gpis,green_Pepper,0,0,4,0.7904666666666667,0.8829727817701157,0.7904666666666667,0.127258769065752,5.428098033261243
ray_gpis,green_Pepper,0,0,5,0.8684,0.9295654035538429,0.8684,0.15247065941851337,4.866866845647781
ray_gpis,Corner,8,0,0,0.22656666666666667,0.36943229067587036,0.22656666666666667,0.01395916252323968,16.32794888727207
ray_gpis,Corner,8,0,1,0.4043,0.5696779945918292,0.4043,0.028412358585738887,10.858590712008693
ray_gpis,Corner,8,0,2,0.46123333333333333,0.6262391308554455,0.46123333333333333,0.041142867250551024,10.054202940584355
ray_gpis,Corner,8,0,3,0.5596333333333333,0.7125225231271151,0.5596333333333333,0.05502593412359981,8.591275348813616
ray_gpis,Corner,8,0,4,0.7319333333333333,0.8395792047855407,0.7319333333333333,0.06900340406518055,5.992783919401222
ray_gpis,Corner,8,0,5,0.871,0.9194023169631615,0.871,0.08310791054558242,4.733064901602272
ray_gpis,Corner,13,0,0,0.2784333333333333,0.435585221495059,0.2784333333333333,0.015361696013389875,18.74924806633235
ray_gpis,Corner,13,0,1,0.43856666666666666,0.6097272748337466,0.43856666666666666,0.02655261623269595,12.50078293443498
ray_gpis,Corner,13,0,2,0.5182666666666667,0.6026284847661004,0.5182666666666667,0.04243606139979552,11.372997001977794
ray_gpis,Corner,13,0,3,0.7998333333333333,0.7976593666593035,0.7998333333333333,0.05603359760443175,7.425350070987042
ray_gpis,Corner,13,0,4,0.8073333333333333,0.8191265179751179,0.8073333333333333,0.06663076411130375,6.85544329115823
ray_gpis,Corner,13,0,5,0.8408,0.8461418234036623,0.8408,0.07718633566340131,6.3967185267900515
ray_gpis,Corner,4,0,0,0.26256666666666667,0.41592523167093487,0.26256666666666667,0.01487784886162602,14.693079320834716
ray_gpis,Corner,4,0,1,0.4144,0.5829631539285289,0.4144,0.026754825099511256,10.730420923071696
ray_gpis,Corner,4,0,2,0.5305333333333333,0.6804952766153175,0.5305333333333333,0.04145992239814314,8.754544605915719
ray_gpis,Corner,4,0,3,0.6907666666666666,0.8047121183394578,0.6907666666666666,0.05617040210221595,6.517602760540338
ray_gpis,Corner,4,0,4,0.7025666666666667,0.7824221143200605,0.7025666666666667,0.06935609786145028,6.860185944059082
ray_gpis,Corner,4,0,5,0.7322333333333333,0.8055666336758369,0.7322333333333333,0.07966442829950948,6.407494051083347
ray_gpis,Corner,1,0,0,0.267,0.4214680347277033,0.267,0.01595855135772935,15.812157174313501
ray_gpis,Corner,1,0,1,0.3521666666666667,0.5194219441583201,0.3521666666666667,0.029931303584593505,13.421300110484488
ray_gpis,Corner,1,0,2,0.463,0.631339016757816,0.463,0.04160279153054164,10.75818650496947
ray_gpis,Corner,1,0,3,0.49523333333333336,0.6609403329091925,0.49523333333333336,0.05088403454041377,9.770574675761349
ray_gpis,Corner,1,0,4,0.5679666666666666,0.6977534791292316,0.5679666666666666,0.06392273292920743,8.737769813851413
ray_gpis,Corner,1,0,5,0.6862333333333334,0.7837734891288495,0.6862333333333334,0.07727030930192218,7.409559182466251
ray_gpis,Corner,12,0,0,0.2412,0.38865613922010955,0.2412,0.014781233655200033,21.688327946334454
ray_gpis,Corner,12,0,1,0.4592,0.6293859649122807,0.4592,0.028329480069499115,10.62168283972001
ray_gpis,Corner,12,0,2,0.4831666666666667,0.6515338802112597,0.4831666666666667,0.041110733214479944,10.21343929387283
ray_gpis,Corner,12,0,3,0.57,0.7261146496815287,0.57,0.05371963295923885,7.935851408032275
ray_gpis,Corner,12,0,4,0.6159,0.7622996472553996,0.6159,0.06590520488418601,7.04521786786491
ray_gpis,Corner,12,0,5,0.6956666666666667,0.8200483821357416,0.6956666666666667,0.0760462619583237,6.175574926839215
ray_gpis,Corner,7,0,0,0.25276666666666664,0.40353351249235025,0.25276666666666664,0.0147610122600415,20.086017616727407
ray_gpis,Corner,7,0,1,0.2543,0.405485131148848,0.2543,0.02777315203964255,20.004743289324875
ray_gpis,Corner,7,0,2,0.42506666666666665,0.5965568862275449,0.42506666666666665,0.041450441664132365,13.218992171451227
ray_gpis,Corner,7,0,3,0.6019,0.7514826143954054,0.6019,0.05446826186869828,7.407090847997518
ray_gpis,Corner,7,0,4,0.7215333333333334,0.8382449754095187,0.7215333333333334,0.06830156585104549,5.386120759770549
ray_gpis,Corner,7,0,5,0.7883666666666667,0.8816611060371661,0.7883666666666667,0.0818144209218422,4.665144470329225
ray_gpis,Corner,14,0,0,0.21596666666666667,0.3552180706707969,0.21596666666666667,0.012567667090866827,22.32835786201899
ray_gpis,Corner,14,0,1,0.32763333333333333,0.493559968866906,0.32763333333333333,0.02663581284023216,18.727001154517538
ray_gpis,Corner,14,0,2,0.5145,0.6794321558270056,0.5145,0.04089680211257586,10.54192165487474
ray_gpis,Corner,14,0,3,0.5145,0.648152014668082,0.5145,0.0522986154581841,11.619996713073126
ray_gpis,Corner,14,0,4,0.6995666666666667,0.7890757296630354,0.6995666666666667,0.06352582006937568,7.018374226520169
ray_gpis,Corner,14,0,5,0.8111666666666667,0.8606410488463011,0.8111666666666667,0.07728762326622807,5.856446524947365
ray_gpis,Corner,2,0,0,0.2056,0.3410749834107498,0.2056,0.012299470974613846,21.825286937414454
ray_gpis,Corner,2,0,1,0.40653333333333336,0.5780642714949284,0.40653333333333336,0.026355302792204934,11.806975041910007
ray_gpis,Corner,2,0,2,0.5250666666666667,0.6885819199160693,0.5250666666666667,0.039383605693667424,8.931407894241202
ray_gpis,Corner,2,0,3,0.6527666666666667,0.7899078313131517,0.6527666666666667,0.0529338013877015,7.096598714617784
ray_gpis,Corner,2,0,4,0.7856,0.8799283154121863,0.7856,0.0668778366288991,5.709684902828718
ray_gpis,Corner,2,0,5,0.8339,0.8742891272122957,0.8339,0.07879381481246388,5.519285366363941
ray_gpis,Corner,6,0,0,0.3471,0.5153292257441913,0.3471,0.016433290179153834,12.788511913261631
ray_gpis,Corner,6,0,1,0.5007333333333334,0.6673181999911155,0.5007333333333334,0.02987664146373056,9.670427351082312
ray_gpis,Corner,6,0,2,0.5973666666666667,0.7472577272385882,0.5973666666666667,0.04291209120041716,7.605732830683635
ray_gpis,Corner,6,0,3,0.749,0.8544565530834778,0.749,0.05779191745209192,5.867567650874403
ray_gpis,Corner,6,0,4,0.8401,0.9112029557577348,0.8401,0.07062695225785298,5.053944145363477
ray_gpis,Corner,6,0,5,0.9095666666666666,0.9509087802878146,0.9095666666666666,0.08384016308246452,4.601097179332467
ray_gpis,Corner,3,0,0,0.291,0.45081332300542215,0.291,0.013977482509515853,17.312115290103243
ray_gpis,Corner,3,0,1,0.4740333333333333,0.6431785803125212,0.4740333333333333,0.02605093207904409,10.64841590754332
ray_gpis,Corner,3,0,2,0.5818333333333333,0.7356442945948793,0.5818333333333333,0.040202206642381756,8.052023913760655
ray_gpis,Corner,3,0,3,0.6149666666666667,0.7615843464261388,0.6149666666666667,0.05231306915653518,7.593181782533787
ray_gpis,Corner,3,0,4,0.8140666666666667,0.8955908831906843,0.8140666666666667,0.06584391723995017,4.797646137114498
ray_gpis,Corner,3,0,5,0.836,0.9089951387172334,0.836,0.0760925096800801,4.58368510149456
ray_gpis,Corner,9,0,0,0.3046333333333333,0.46700222284677684,0.3046333333333333,0.015302807699686444,17.94553113302162
ray_gpis,Corner,9,0,1,0.3708666666666667,0.5374189434582305,0.3708666666666667,0.029070009513831083,16.020099810121263
ray_gpis,Corner,9,0,2,0.4835333333333333,0.6484490831304166,0.4835333333333333,0.04267888325272304,11.480482665580832
ray_gpis,Corner,9,0,3,0.6769333333333334,0.8031988126309754,0.6769333333333334,0.0563420124796704,7.077961856425879
ray_gpis,Corner,9,0,4,0.8125666666666667,0.8921809713950285,0.8125666666666667,0.06912633041294265,5.339342878412023
ray_gpis,Corner,9,0,5,0.8557,0.918276073444514,0.8557,0.079589981872138,4.9040913536605615
ray_gpis,Corner,10,0,0,0.27736666666666665,0.43427885493593593,0.27736666666666665,0.016179064632805214,13.979200033092459
ray_gpis,Corner,10,0,1,0.3107,0.4740978103303578,0.3107,0.028198232628753706,13.236306820270098
ray_gpis,Corner,10,0,2,0.3723,0.5425927275377104,0.3723,0.03812251160082318,12.068029733636507
ray_gpis,Corner,10,0,3,0.48056666666666664,0.6491658599184996,0.48056666666666664,0.05101696897566366,9.554726316092877
ray_gpis,Corner,10,0,4,0.6402333333333333,0.7801279992989146,0.6402333333333333,0.06548959283567904,6.901700571701188
ray_gpis,Corner,10,0,5,0.7017,0.8242156893895402,0.7017,0.07899626773121995,6.054664391871033
ray_gpis,Corner,5,0,0,0.18556666666666666,0.313042989287823,0.18556666666666666,0.0129417950528062,16.671070717153324
ray_gpis,Corner,5,0,1,0.4570666666666667,0.6273792093704246,0.4570666666666667,0.028782710879886247,8.713822073243467
ray_gpis,Corner,5,0,2,0.5706,0.7234998479566155,0.5706,0.04088015532883602,7.639821357375838
ray_gpis,Corner,5,0,3,0.7989666666666667,0.8848773025454508,0.7989666666666667,0.056336675978494025,5.245995802833535
ray_gpis,Corner,5,0,4,0.8134,0.8817748030340092,0.8134,0.06826952392871669,5.4959021901297715
ray_gpis,Corner,5,0,5,0.8140666666666667,0.8528949493527731,0.8140666666666667,0.07912283729549886,5.948448592427487
ray_gpis,Corner,11,0,0,0.302,0.4639016897081413,0.302,0.014843439403552703,17.577555865151414
ray_gpis,Corner,11,0,1,0.34996666666666665,0.5184819378256253,0.34996666666666665,0.026858210896916358,16.040174796627564
ray_gpis,Corner,11,0,2,0.3615333333333333,0.5310679136267933,0.3615333333333333,0.03954589722670416,15.378129284450198
ray_gpis,Corner,11,0,3,0.5106333333333334,0.6760519870253096,0.5106333333333334,0.0506589896714754,10.16823049490128
ray_gpis,Corner,11,0,4,0.6405,0.7808594940566901,0.6405,0.06532441384187904,6.249326125347003
ray_gpis,Corner,11,0,5,0.762,0.8649262202043133,0.762,0.07928900412510308,4.9780294265701235
ray_gpis,Corner,0,0,0,0.14786666666666667,0.25763735625508194,0.14786666666666667,0.014667440564133464,24.244223702321438
ray_gpis,Corner,0,0,1,0.2820666666666667,0.4400187197753627,0.2820666666666667,0.028342150255018347,15.606909770045508
ray_gpis,Corner,0,0,2,0.4553,0.6257129114271971,0.4553,0.040707537527598,10.030404763506624
ray_gpis,Corner,0,0,3,0.5817333333333333,0.7355643597740875,0.5817333333333333,0.055018023165278804,7.810462015508472
ray_gpis,Corner,0,0,4,0.6703,0.8026103095252349,0.6703,0.06722194036444845,6.591074943759975
ray_gpis,Corner,0,0,5,0.6893666666666667,0.8161243858645252,0.6893666666666667,0.07825827636029557,6.431585618319341
ray_gpis,L_Shaped,8,0,0,0.11183333333333334,0.187964793006623,0.11183333333333334,0.02461071157282423,21.1728940694951
ray_gpis,L_Shaped,8,0,1,0.24906666666666666,0.3786691172495811,0.24906666666666666,0.04766100388131347,15.638485912361743
ray_gpis,L_Shaped,8,0,2,0.29006666666666664,0.4329824251320129,0.29006666666666664,0.07095105131124767,14.558860471519507
ray_gpis,L_Shaped,8,0,3,0.38663333333333333,0.5359717041082583,0.38663333333333333,0.09363872592113151,12.178012455156713
ray_gpis,L_Shaped,8,0,4,0.4523,0.6011270704659007,0.4523,0.11403908650597687,9.94192845045623
ray_gpis,L_Shaped,8,0,5,0.5860333333333333,0.7025583951008932,0.5860333333333333,0.13937205103224265,8.48237614275249
ray_gpis,L_Shaped,13,0,0,0.2591333333333333,0.4116058664689999,0.2591333333333333,0.029113963083183352,16.601435910053105
ray_gpis,L_Shaped,13,0,1,0.29063333333333335,0.4485199781302084,0.29063333333333335,0.05301457067416338,16.15961320369281
ray_gpis,L_Shaped,13,0,2,0.3741,0.5428081020701692,0.3741,0.07424793941395745,14.6020475239036
ray_gpis,L_Shaped,13,0,3,0.3943,0.5632062018106417,0.3943,0.09487763781925544,13.943901164362217
ray_gpis,L_Shaped,13,0,4,0.46,0.6274602923328585,0.46,0.11447702494509712,12.446502955569809
ray_gpis,L_Shaped,13,0,5,0.5636333333333333,0.7179962295750757,0.5636333333333333,0.13481304554779416,9.126597842786273
ray_gpis,L_Shaped,4,0,0,0.3038,0.4660223960730173,0.3038,0.026934919808635556,15.762701956181898
ray_gpis,L_Shaped,4,0,1,0.4744333333333333,0.6418398390288061,0.4744333333333333,0.057547408547210306,11.802968912164381
ray_gpis,L_Shaped,4,0,2,0.7199666666666666,0.835249758749621,0.7199666666666666,0.08149644616495609,5.738627414634046
ray_gpis,L_Shaped,4,0,3,0.7360333333333333,0.84633930277934,0.7360333333333333,0.10594320040331154,5.490245468183131
ray_gpis,L_Shaped,4,0,4,0.7805666666666666,0.8746705940090664,0.7805666666666666,0.1304021958335637,5.067247968833462
ray_gpis,L_Shaped,4,0,5,0.8286,0.9044616186543206,0.8286,0.1547914431489088,4.6502349068609385
ray_gpis,L_Shaped,1,0,0,0.2566,0.4054256199474397,0.2566,0.02841618026445339,19.69524384873689
ray_gpis,L_Shaped,1,0,1,0.26063333333333333,0.3676362641552403,0.26063333333333333,0.0566262488762841,20.84061776370798
ray_gpis,L_Shaped,1,0,2,0.47473333333333334,0.5738233671254036,0.47473333333333334,0.08131131136569479,13.027045216234663
ray_gpis,L_Shaped,1,0,3,0.5116,0.6190289041239175,0.5116,0.10325047319043618,11.49719534630777
ray_gpis,L_Shaped,1,0,4,0.6379,0.7106110242915707,0.6379,0.12675245938962051,8.885653205682798
ray_gpis,L_Shaped,1,0,5,0.6890666666666667,0.7556035852774776,0.6890666666666667,0.14759079001713976,7.926470737531996
ray_gpis,L_Shaped,12,0,0,0.24506666666666665,0.39366031270079244,0.24506666666666665,0.02719481159357569,16.64804231685207
ray_gpis,L_Shaped,12,0,1,0.27163333333333334,0.36881230128647563,0.27163333333333334,0.05092151282757526,17.732443831536646
ray_gpis,L_Shaped,12,0,2,0.49433333333333335,0.5942554545084456,0.49433333333333335,0.07849398964380047,11.629784048400488
ray_gpis,L_Shaped,12,0,3,0.6074333333333334,0.6758261144417511,0.6074333333333334,0.10328867235306918,8.743468019929217
ray_gpis,L_Shaped,12,0,4,0.6549,0.6773413432518652,0.6549,0.12414797691156385,8.383697360568762
ray_gpis,L_Shaped,12,0,5,0.8068666666666666,0.7826653838120881,0.8068666666666666,0.15047632624061405,6.832896444777277
ray_gpis,L_Shaped,7,0,0,0.17453333333333335,0.29628825877298914,0.17453333333333335,0.025035502203226638,23.28715047245427
ray_gpis,L_Shaped,7,0,1,0.2875333333333333,0.4436989700298235,0.2875333333333333,0.04820750852757912,19.07141333004431
ray_gpis,L_Shaped,7,0,2,0.5277333333333334,0.6854279919025601,0.5277333333333334,0.07636293231823972,10.193401075952664
ray_gpis,L_Shaped,7,0,3,0.5686,0.7203047131057526,0.5686,0.0967699698691219,9.586586840472734
ray_gpis,L_Shaped,7,0,4,0.6330666666666667,0.7705499734905794,0.6330666666666667,0.11946080751486263,7.953721952600775
ray_gpis,L_Shaped,7,0,5,0.6656666666666666,0.7953127829830697,0.6656666666666666,0.14569162720021234,6.9840376563475095
ray_gpis,L_Shaped,14,0,0,0.3131,0.47688675653034807,0.3131,0.029311373635666445,15.808983679251307
ray_gpis,L_Shaped,14,0,1,0.46076666666666666,0.6308559432261597,0.46076666666666666,0.04972467242394992,11.673034153616653
ray_gpis,L_Shaped,14,0,2,0.6855,0.8134084841293385,0.6855,0.07441652056716815,6.146065848699459
ray_gpis,L_Shaped,14,0,3,0.7711333333333333,0.8707795385252382,0.7711333333333333,0.09898767192378195,5.251695590177862
ray_gpis,L_Shaped,14,0,4,0.7940666666666667,0.8837708178412198,0.7940666666666667,0.12401381824075784,5.069438039558552
ray_gpis,L_Shaped,14,0,5,0.8638333333333333,0.9255152273340753,0.8638333333333333,0.14737805209442945,4.524446995773954
ray_gpis,L_Shaped,2,0,0,0.23113333333333333,0.3754805869930145,0.23113333333333333,0.028225772146395732,20.183168641920943
ray_gpis,L_Shaped,2,0,1,0.3178,0.48231901654272274,0.3178,0.054170062196870684,17.326273075748286
ray_gpis,L_Shaped,2,0,2,0.3594,0.5284107953245049,0.3594,0.07876248616096233,15.292733390973979
ray_gpis,L_Shaped,2,0,3,0.4250333333333333,0.5961753981444883,0.4250333333333333,0.09952060071201858,13.494490318189868
ray_gpis,L_Shaped,2,0,4,0.5631,0.7200653864445964,0.5631,0.12344586872390365,9.322939111026363
ray_gpis,L_Shaped,2,0,5,0.6684666666666667,0.7972626381318593,0.6684666666666667,0.14820641289398326,7.317359800354404
ray_gpis,L_Shaped,6,0,0,0.2435,0.39163650985122633,0.2435,0.02584688682098895,19.34810089292677
ray_gpis,L_Shaped,6,0,1,0.3148,0.4788560997870399,0.3148,0.04884316193512307,16.686313684069074
ray_gpis,L_Shaped,6,0,2,0.4042,0.5601159217315832,0.4042,0.07164029648958259,13.6527268043609
ray_gpis,L_Shaped,6,0,3,0.4404,0.5973078256613165,0.4404,0.0891110158956564,12.962278098021132
ray_gpis,L_Shaped,6,0,4,0.5444333333333333,0.690349458513738,0.5444333333333333,0.11126681280680747,10.276005834784804
ray_gpis,L_Shaped,6,0,5,0.6748333333333333,0.7898865510454005,0.6748333333333333,0.13685843188828897,7.423506402622928
ray_gpis,L_Shaped,3,0,0,0.2501,0.40012798976081915,0.2501,0.025750858855037487,21.361364102214313
ray_gpis,L_Shaped,3,0,1,0.28436666666666666,0.442812281020477,0.28436666666666666,0.05080289024071377,19.41582354369809
ray_gpis,L_Shaped,3,0,2,0.3433,0.5111293084195637,0.3433,0.07415167020378713,15.910642481896748
ray_gpis,L_Shaped,3,0,3,0.3977333333333333,0.5691118954497758,0.3977333333333333,0.09699246656353595,13.937256879700966
ray_gpis,L_Shaped,3,0,4,0.5330666666666667,0.6949945277436579,0.5330666666666667,0.1224298112216222,10.063292005142866
ray_gpis,L_Shaped,3,0,5,0.614,0.7603892284727655,0.614,0.14447936636426112,8.067378842978432
ray_gpis,L_Shaped,9,0,0,0.2869333333333333,0.4459179444674679,0.2869333333333333,0.030276722748135927,17.01080976120665
ray_gpis,L_Shaped,9,0,1,0.36933333333333335,0.5394352482960079,0.36933333333333335,0.05040186184952867,12.719837704001783
ray_gpis,L_Shaped,9,0,2,0.4991,0.6658661863784938,0.4991,0.0739896912606814,10.18935691605005
ray_gpis,L_Shaped,9,0,3,0.5201333333333333,0.6843259363213753,0.5201333333333333,0.09705541843814439,9.584468620654011
ray_gpis,L_Shaped,9,0,4,0.7291333333333333,0.8385543264286294,0.7291333333333333,0.12221093847572505,5.658715711762806
ray_gpis,L_Shaped,9,0,5,0.7791,0.8714061939195975,0.7791,0.14457390623211164,5.410762382365616
ray_gpis,L_Shaped,10,0,0,0.187,0.3128648099933265,0.187,0.025736644416292396,24.682241137477735
ray_gpis,L_Shaped,10,0,1,0.35076666666666667,0.5165206476768611,0.35076666666666667,0.048632135260056004,14.221991244276243
ray_gpis,L_Shaped,10,0,2,0.4231666666666667,0.5922289421252585,0.4231666666666667,0.07208650997579205,11.885218735755643
ray_gpis,L_Shaped,10,0,3,0.5926,0.740584967813128,0.5926,0.09179588471784883,7.664942094127824
ray_gpis,L_Shaped,10,0,4,0.7021333333333334,0.8214145616190138,0.7021333333333334,0.11569497901148422,6.144249668774846
ray_gpis,L_Shaped,10,0,5,0.7938666666666667,0.8816910863083607,0.7938666666666667,0.13777590928685227,5.326325964048258
ray_gpis,L_Shaped,5,0,0,0.2035,0.3381803074366431,0.2035,0.026636184470137155,21.867820338419964
ray_gpis,L_Shaped,5,0,1,0.2972,0.4582176996608079,0.2972,0.05515561861735702,16.952044091470974
ray_gpis,L_Shaped,5,0,2,0.3253,0.4909077190070173,0.3253,0.08150088998653392,16.24867990758017
ray_gpis,L_Shaped,5,0,3,0.4129333333333333,0.5840088914104973,0.4129333333333333,0.09995336645321255,13.255322627466967
ray_gpis,L_Shaped,5,0,4,0.6339333333333333,0.7753073489068688,0.6339333333333333,0.12368914876563791,7.453887903875987
ray_gpis,L_Shaped,5,0,5,0.6562,0.7896130490729003,0.6562,0.14725183038500944,7.2645988776514
ray_gpis,L_Shaped,11,0,0,0.2637,0.4173458890559468,0.2637,0.025925881469504326,18.67696007267469
ray_gpis,L_Shaped,11,0,1,0.4674,0.637045113806733,0.4674,0.05355051158587873,10.885152395452966
ray_gpis,L_Shaped,11,0,2,0.5508666666666666,0.7103984868675579,0.5508666666666666,0.07786504254833274,9.530663426178135
ray_gpis,L_Shaped,11,0,3,0.7859333333333334,0.8778955843886476,0.7859333333333334,0.1059234591870321,5.8212170838535915
ray_gpis,L_Shaped,11,0,4,0.8291,0.9046103734356341,0.8291,0.13386535834190927,5.290663660707292
ray_gpis,L_Shaped,11,0,5,0.9023333333333333,0.9457947987066824,0.9023333333333333,0.1588267573124637,4.761588747176984
ray_gpis,L_Shaped,0,0,0,0.06146666666666667,0.1071295779884737,0.06146666666666667,0.021944112965767877,23.210374055230822
ray_gpis,L_Shaped,0,0,1,0.27953333333333336,0.4006245171828925,0.27953333333333336,0.050265295408304975,15.20272440149872
ray_gpis,L_Shaped,0,0,2,0.29933333333333334,0.4348940025933043,0.29933333333333334,0.0732458124779765,14.168203647477783
ray_gpis,L_Shaped,0,0,3,0.45513333333333333,0.5927026101825859,0.45513333333333333,0.09617995273894818,10.129282959634896
ray_gpis,L_Shaped,0,0,4,0.4716,0.6104474651263654,0.4716,0.11670265178200956,9.960957891070729
ray_gpis,L_Shaped,0,0,5,0.6481,0.7518992520364697,0.6481,0.14448672839021925,7.923142898359461
ray_gpis,Cylinder,8,0,0,0.057633333333333335,0.09996341347739088,0.057633333333333335,0.034825256369194896,34.65147145393847
ray_gpis,Cylinder,8,0,1,0.3045,0.4285234523676256,0.3045,0.07026971905664467,20.583336659860567
ray_gpis,Cylinder,8,0,2,0.3989333333333333,0.5056577843740828,0.3989333333333333,0.10535313221169293,15.804500049916701
ray_gpis,Cylinder,8,0,3,0.5163,0.6151680516359205,0.5163,0.13788556960884985,12.885472001709083
ray_gpis,Cylinder,8,0,4,0.7882333333333333,0.8030728568307339,0.7882333333333333,0.19705894961337628,7.156318546331968
ray_gpis,Cylinder,8,0,5,0.8118333333333333,0.7705367841637799,0.8118333333333333,0.24303126416026355,7.856882933923545
ray_gpis,Cylinder,13,0,0,0.1637,0.28134398900060154,0.1637,0.0348292514590591,25.399308413207184
ray_gpis,Cylinder,13,0,1,0.27426666666666666,0.430469812702731,0.27426666666666666,0.08050094915416144,20.865068526645278
ray_gpis,Cylinder,13,0,2,0.3921,0.563321600459737,0.3921,0.1480872018922677,15.368723384591053
ray_gpis,Cylinder,13,0,3,0.3978,0.5691801402203462,0.3978,0.18067800033496748,15.174849865859478
ray_gpis,Cylinder,13,0,4,0.5762666666666667,0.7311791575029606,0.5762666666666667,0.21404623266527162,8.561855342121943
ray_gpis,Cylinder,13,0,5,0.7748,0.8731124633761551,0.7748,0.24792680320860894,5.062051382644593
ray_gpis,Cylinder,4,0,0,0.2775,0.43444227005870845,0.2775,0.03714495919318417,19.73778139526578
ray_gpis,Cylinder,4,0,1,0.3052,0.4676677903769537,0.3052,0.0708417146995151,19.02110727347354
ray_gpis,Cylinder,4,0,2,0.4835,0.6518368722615436,0.4835,0.11671871298060965,12.29398566915311
ray_gpis,Cylinder,4,0,3,0.6257666666666667,0.7698111660139831,0.6257666666666667,0.18457987007824606,8.287798139998676
ray_gpis,Cylinder,4,0,4,0.8256666666666667,0.9045097681212342,0.8256666666666667,0.22366564429971142,5.542362855070835
ray_gpis,Cylinder,4,0,5,0.8726333333333334,0.9319852613966073,0.8726333333333334,0.2588217004931641,4.910402286964056
ray_gpis,Cylinder,1,0,0,0.31453333333333333,0.47854752003245765,0.31453333333333333,0.038555758884770044,17.127558230622554
ray_gpis,Cylinder,1,0,1,0.5076666666666667,0.6734468273269953,0.5076666666666667,0.1133918033929879,10.242846976917475
ray_gpis,Cylinder,1,0,2,0.6480333333333334,0.7864323132622723,0.6480333333333334,0.16358212197716074,7.090346450581948
ray_gpis,Cylinder,1,0,3,0.6698333333333333,0.8016057712025354,0.6698333333333333,0.1931061451902685,6.849859699090931
ray_gpis,Cylinder,1,0,4,0.7919666666666667,0.8819192004032377,0.7919666666666667,0.22894767616379771,5.337880485271599
ray_gpis,Cylinder,1,0,5,0.9114666666666666,0.951704203982405,0.9114666666666666,0.26073823251598693,4.36004384219881
ray_gpis,Cylinder,12,0,0,0.14116666666666666,0.24740762377683656,0.14116666666666666,0.037229928310940866,30.17586575646176
ray_gpis,Cylinder,12,0,1,0.32293333333333335,0.4882080225760936,0.32293333333333335,0.0724780891133612,17.181948479620882
ray_gpis,Cylinder,12,0,2,0.3640333333333333,0.5337601720388064,0.3640333333333333,0.10290026478474092,16.297982447267206
ray_gpis,Cylinder,12,0,3,0.37876666666666664,0.5490434625798557,0.37876666666666664,0.1353831843215346,15.885148333646594
ray_gpis,Cylinder,12,0,4,0.5097333333333334,0.6742793362913188,0.5097333333333334,0.20918630479066877,9.95732511725168
ray_gpis,Cylinder,12,0,5,0.647,0.7840859249466295,0.647,0.24995713886499557,7.185169351112459
ray_gpis,Cylinder,7,0,0,0.19866666666666666,0.3302354867145196,0.19866666666666666,0.06767401355853285,21.58238241017174
ray_gpis,Cylinder,7,0,1,0.3175,0.4806187825740558,0.3175,0.12560677161987288,16.447151612679924
ray_gpis,Cylinder,7,0,2,0.42673333333333335,0.569020409148114,0.42673333333333335,0.16071655812294539,10.028973590459705
ray_gpis,Cylinder,7,0,3,0.5156,0.6481239614184188,0.5156,0.19483248537192702,9.291864078266114
ray_gpis,Cylinder,7,0,4,0.5327666666666667,0.6668695440075035,0.5327666666666667,0.2258441327657877,8.981425577673312
ray_gpis,Cylinder,7,0,5,0.7052333333333334,0.7866536789536832,0.7052333333333334,0.258841041041885,6.7279220886786595
ray_gpis,Cylinder,14,0,0,0.23946666666666666,0.38640275387263334,0.23946666666666666,0.07094188725181882,20.267285248176055
ray_gpis,Cylinder,14,0,1,0.3005333333333333,0.46167083809897536,0.3005333333333333,0.12475270421487882,19.206712719701592
ray_gpis,Cylinder,14,0,2,0.49446666666666667,0.6603643656321392,0.49446666666666667,0.16143326983043202,12.12406944849994
ray_gpis,Cylinder,14,0,3,0.5239666666666667,0.6635013660619008,0.5239666666666667,0.1936354742907918,11.574958396272338
ray_gpis,Cylinder,14,0,4,0.7577,0.8326480167215748,0.7577,0.23002417655473206,6.823059303509948
ray_gpis,Cylinder,14,0,5,0.8645,0.8987034920482035,0.8645,0.26205646025873996,5.743024063456439
ray_gpis,Cylinder,2,0,0,0.20336666666666667,0.337996177391208,0.20336666666666667,0.037143142865390416,22.339508817240333
ray_gpis,Cylinder,2,0,1,0.2488,0.36784309595466563,0.2488,0.11326590136105524,16.5480427577002
ray_gpis,Cylinder,2,0,2,0.3265,0.43616694553577273,0.3265,0.15790284179345027,15.097824175312741
ray_gpis,Cylinder,2,0,3,0.4617,0.5666452818610359,0.4617,0.18753828992248084,11.791603552488422
ray_gpis,Cylinder,2,0,4,0.5195,0.6139998002646081,0.5195,0.2102924845708269,10.984538933833488
ray_gpis,Cylinder,2,0,5,0.6916,0.7377832788641011,0.6916,0.24375039757865685,7.640495445593693
ray_gpis,Cylinder,6,0,0,0.2819333333333333,0.4398564667949451,0.2819333333333333,0.07243295612676162,18.365397325451642
ray_gpis,Cylinder,6,0,1,0.39076666666666665,0.5612871428652652,0.39076666666666665,0.1270915521383822,15.499312160190431
ray_gpis,Cylinder,6,0,2,0.45943333333333336,0.6290441214021529,0.45943333333333336,0.16659963672731495,13.604668824649348
ray_gpis,Cylinder,6,0,3,0.6355333333333333,0.7765070094432075,0.6355333333333333,0.20067394331227242,8.675875302770956
ray_gpis,Cylinder,6,0,4,0.834,0.9073750540740754,0.834,0.23770479199066288,5.032540891562521
ray_gpis,Cylinder,6,0,5,0.8745,0.93117094282318,0.8745,0.270942838054258,4.534086529147896
ray_gpis,Cylinder,3,0,0,0.1392,0.2443820224719101,0.1392,0.042971102831922486,27.644404875584147
ray_gpis,Cylinder,3,0,1,0.2809,0.4379860782134667,0.2809,0.1015074215778314,17.96992869420376
ray_gpis,Cylinder,3,0,2,0.5832333333333334,0.7358850202836927,0.5832333333333334,0.157352887743455,8.12079305905894
ray_gpis,Cylinder,3,0,3,0.5937333333333333,0.7444085164610575,0.5937333333333333,0.1870282414511574,7.8594878410593
ray_gpis,Cylinder,3,0,4,0.646,0.7843150639845726,0.646,0.2165995962662633,6.8349732410877335
ray_gpis,Cylinder,3,0,5,0.7336,0.8457247545228526,0.7336,0.24295326691367855,5.965611569763376
ray_gpis,Cylinder,9,0,0,0.30306666666666665,0.46515911183873937,0.30306666666666665,0.03690645016828521,18.028614670734648
ray_gpis,Cylinder,9,0,1,0.35273333333333334,0.5215120003942635,0.35273333333333334,0.06661024641235982,17.129068870187435
ray_gpis,Cylinder,9,0,2,0.3672666666666667,0.5372275586327954,0.3672666666666667,0.09730015630479541,16.673066134963964
ray_gpis,Cylinder,9,0,3,0.558,0.7145659196592835,0.558,0.13356950082033114,10.407178843534542
ray_gpis,Cylinder,9,0,4,0.6947333333333333,0.8180375106064895,0.6947333333333333,0.1669594900164314,7.026510050366053
ray_gpis,Cylinder,9,0,5,0.8044666666666667,0.8885684032068865,0.8044666666666667,0.19957728242815106,6.224862172700579
ray_gpis,Cylinder,10,0,0,0.2721,0.42779655687445955,0.2721,0.037815424397376354,19.54244765137913
ray_gpis,Cylinder,10,0,1,0.3864,0.5574148874783612,0.3864,0.06704901075878672,14.006111893547692
ray_gpis,Cylinder,10,0,2,0.43443333333333334,0.6057211907141031,0.43443333333333334,0.09814946663684525,13.24102769111029
ray_gpis,Cylinder,10,0,3,0.6237,0.7682453655231879,0.6237,0.14353885416109857,7.877153839995387
ray_gpis,Cylinder,10,0,4,0.7819,0.8776025590661654,0.7819,0.21680679851050394,5.275227757437056
ray_gpis,Cylinder,10,0,5,0.8268333333333333,0.9052093787063225,0.8268333333333333,0.2523630549230524,4.877211879918408
ray_gpis,Cylinder,5,0,0,0.1644,0.28237718996908273,0.1644,0.03528869778747454,25.18613040225106
ray_gpis,Cylinder,5,0,1,0.35586666666666666,0.5242007471643605,0.35586666666666666,0.07839063371039129,14.553103656017212
ray_gpis,Cylinder,5,0,2,0.3712,0.540787060027769,0.3712,0.1152888031374808,14.267615417428258
ray_gpis,Cylinder,5,0,3,0.47063333333333335,0.6231107993134438,0.47063333333333335,0.15282086307100137,10.986013558334161
ray_gpis,Cylinder,5,0,4,0.6384,0.7597540905376999,0.6384,0.19211930085918028,7.174537530952932
ray_gpis,Cylinder,5,0,5,0.7033666666666667,0.8080158685264167,0.7033666666666667,0.21946603429281408,6.4239931107471495
ray_gpis,Cylinder,11,0,0,0.2893,0.44877065074071204,0.2893,0.038650630360103064,18.621796812813436
ray_gpis,Cylinder,11,0,1,0.36993333333333334,0.5393467236922069,0.36993333333333334,0.09520343661946705,15.582924169719982
ray_gpis,Cylinder,11,0,2,0.45413333333333333,0.6239360555773887,0.45413333333333333,0.14932678153008264,12.312697463009023
ray_gpis,Cylinder,11,0,3,0.535,0.6958707014909795,0.535,0.1882486275908133,10.042212191425953
ray_gpis,Cylinder,11,0,4,0.7097,0.8288055972061442,0.7097,0.22538278110143148,6.967978261853065
ray_gpis,Cylinder,11,0,5,0.8577333333333333,0.9206545048959647,0.8577333333333333,0.25922661725142576,5.486571689055952
ray_gpis,Cylinder,0,0,0,0.1921,0.3222883986242765,0.1921,0.034779872506054105,23.38313976437952
ray_gpis,Cylinder,0,0,1,0.32093333333333335,0.485919047138387,0.32093333333333335,0.06945156387826347,17.07997255141585
ray_gpis,Cylinder,0,0,2,0.3388,0.45899025756010975,0.3388,0.10646452603070038,16.526204835218866
ray_gpis,Cylinder,0,0,3,0.5982,0.6840099758021898,0.5982,0.18081870224815955,9.998672058339544
ray_gpis,Cylinder,0,0,4,0.6521,0.7322911344927442,0.6521,0.22871528587942935,9.173364090616525
ray_gpis,Cylinder,0,0,5,0.7022666666666667,0.7743682022008649,0.7022666666666667,0.2621798778978364,7.952907171705876
ray_gpis,Cross,8,0,0,0.14456666666666668,0.24181216676236916,0.14456666666666668,0.021281241826089644,20.815969115204826
ray_gpis,Cross,8,0,1,0.28886666666666666,0.4327931326580985,0.28886666666666666,0.042727275393257026,17.00399577523142
ray_gpis,Cross,8,0,2,0.5131666666666667,0.6561680422163665,0.5131666666666667,0.06490842613911008,9.068512011742813
ray_gpis,Cross,8,0,3,0.6058,0.7336136465196689,0.6058,0.08552063608591332,7.160324473050568
ray_gpis,Cross,8,0,4,0.6529333333333334,0.7717635535766646,0.6529333333333334,0.10654502959311958,6.658568062634897
ray_gpis,Cross,8,0,5,0.7192333333333333,0.8203747086539662,0.7192333333333333,0.12652731001813863,5.8646364468782215
ray_gpis,Cross,13,0,0,0.2207,0.3615958056852626,0.2207,0.02118640420972068,19.39976504581183
ray_gpis,Cross,13,0,1,0.3148,0.4788560997870399,0.3148,0.04119936149639746,16.644791467288645
ray_gpis,Cross,13,0,2,0.3895,0.5606333213386111,0.3895,0.06417374460792712,13.594688395670369
ray_gpis,Cross,13,0,3,0.5292,0.6914968608650381,0.5292,0.08684632982974184,9.178658900365877
ray_gpis,Cross,13,0,4,0.6701333333333334,0.8018092041333731,0.6701333333333334,0.10881194338446089,6.426738391840053
ray_gpis,Cross,13,0,5,0.7393666666666666,0.8495136432746148,0.7393666666666666,0.12826057390275739,5.359173953803124
ray_gpis,Cross,4,0,0,0.036366666666666665,0.0607777126441293,0.036366666666666665,0.023525556332141647,26.955514181986302
ray_gpis,Cross,4,0,1,0.3313,0.4268871469988188,0.3313,0.046367042902852304,14.41884389602347
ray_gpis,Cross,4,0,2,0.47683333333333333,0.5745586587003844,0.47683333333333333,0.06869155780206866,11.09398658300174
ray_gpis,Cross,4,0,3,0.506,0.5635906109483931,0.506,0.0887446703341745,11.512778573697068
ray_gpis,Cross,4,0,4,0.6330666666666667,0.6639704061328422,0.6330666666666667,0.10746533600752735,9.71353378172194
ray_gpis,Cross,4,0,5,0.8075666666666667,0.7708073695436188,0.8075666666666667,0.13024651221925687,7.681615944776158
ray_gpis,Cross,1,0,0,0.2402,0.3873568779229157,0.2402,0.022691139573372553,17.869091384403973
ray_gpis,Cross,1,0,1,0.37943333333333334,0.5501292801391876,0.37943333333333334,0.04415057481217484,14.125556075940015
ray_gpis,Cross,1,0,2,0.5078666666666667,0.6736227783181536,0.5078666666666667,0.06527434137524883,9.444579666745657
ray_gpis,Cross,1,0,3,0.5968666666666667,0.7199659534428255,0.5968666666666667,0.0874823366548531,7.590635718397374
ray_gpis,Cross,1,0,4,0.7298,0.8145657742945935,0.7298,0.10840733300417246,6.329991083629056
ray_gpis,Cross,1,0,5,0.7679,0.8429112325230477,0.7679,0.12789666660720234,5.81700745184947
ray_gpis,Cross,12,0,0,0.2502,0.40025595904655253,0.2502,0.023300692213134636,19.40168436027265
ray_gpis,Cross,12,0,1,0.31056666666666666,0.47394256937202733,0.31056666666666666,0.04501708854627276,16.51302498038414
ray_gpis,Cross,12,0,2,0.43683333333333335,0.6029780036918153,0.43683333333333335,0.06413198383870755,10.680549353083446
ray_gpis,Cross,12,0,3,0.6560666666666667,0.786518332300114,0.6560666666666667,0.08735278855482809,6.132613138761594
ray_gpis,Cross,12,0,4,0.6902,0.8118832365554375,0.6902,0.10661756506007518,5.941346821911914
ray_gpis,Cross,12,0,5,0.7045,0.8008350518638739,0.7045,0.12335357852411097,6.269314807213822
ray_gpis,Cross,7,0,0,0.2408,0.38813668600902645,0.2408,0.023564225225184025,18.901226104891883
ray_gpis,Cross,7,0,1,0.3754,0.5458775628907955,0.3754,0.04607513370475602,14.258883421366447
ray_gpis,Cross,7,0,2,0.5053333333333333,0.6713906111603188,0.5053333333333333,0.06626449321276905,9.639444468867158
ray_gpis,Cross,7,0,3,0.599,0.7492182614133833,0.599,0.08532447865778267,8.023675144321025
ray_gpis,Cross,7,0,4,0.712,0.8317757009345794,0.712,0.10640822590749265,6.222783733628596
ray_gpis,Cross,7,0,5,0.7129333333333333,0.7776393040614316,0.7129333333333333,0.12452992787411962,7.726335449805442
ray_gpis,Cross,14,0,0,0.26516666666666666,0.4191806086154657,0.26516666666666666,0.021719574407476117,18.12330609042663
ray_gpis,Cross,14,0,1,0.4499,0.6205945237602594,0.4499,0.04533986568858596,11.676112188706433
ray_gpis,Cross,14,0,2,0.4824333333333333,0.6508668180693904,0.4824333333333333,0.06765438224918073,11.010668931357195
ray_gpis,Cross,14,0,3,0.5010333333333333,0.6675845528635828,0.5010333333333333,0.0874588076573707,10.420925681725029
ray_gpis,Cross,14,0,4,0.5665,0.7232684328120013,0.5665,0.10682428422391978,9.225758477130544
ray_gpis,Cross,14,0,5,0.7609,0.8642171616786871,0.7609,0.1304825545925071,5.925223675604929
ray_gpis,Cross,2,0,0,0.27213333333333334,0.42783775285609477,0.27213333333333334,0.022131598586163634,18.07402719928707
ray_gpis,Cross,2,0,1,0.5658333333333333,0.722724853645556,0.5658333333333333,0.04707883012638669,9.010049741142945
ray_gpis,Cross,2,0,2,0.5953333333333334,0.6989220534348429,0.5953333333333334,0.07015359137257472,9.618554724689359
ray_gpis,Cross,2,0,3,0.6603333333333333,0.7536502172410617,0.6603333333333333,0.09014517905825115,8.029862303417069
ray_gpis,Cross,2,0,4,0.7332666666666666,0.8080531488136747,0.7332666666666666,0.11077632421537652,7.152979384301603
ray_gpis,Cross,2,0,5,0.892,0.9048516779864164,0.892,0.13450852300283972,5.28493692290111
ray_gpis,Cross,6,0,0,0.23513333333333333,0.3807416203378852,0.23513333333333333,0.023226593650506173,16.92773693740054
ray_gpis,Cross,6,0,1,0.36346666666666666,0.5311750034439506,0.36346666666666666,0.04671681567386762,15.047622243024874
ray_gpis,Cross,6,0,2,0.625,0.7666517657577112,0.625,0.07081140944562148,7.791859153995653
ray_gpis,Cross,6,0,3,0.6915333333333333,0.8153680327860798,0.6915333333333333,0.09225887359626746,6.584296060174512
ray_gpis,Cross,6,0,4,0.7254333333333334,0.8389186167480448,0.7254333333333334,0.11306770297329226,6.068564141218709
ray_gpis,Cross,6,0,5,0.7436333333333334,0.8512465429569903,0.7436333333333334,0.1318505424003876,5.941058892976953
ray_gpis,Cross,3,0,0,0.19216666666666668,0.3223822172515029,0.19216666666666668,0.023894357456479012,20.870517379590947
ray_gpis,Cross,3,0,1,0.44016666666666665,0.6112718435366277,0.44016666666666665,0.04746648186227737,10.616799579438046
ray_gpis,Cross,3,0,2,0.5109333333333334,0.676314860571832,0.5109333333333334,0.07148079429921815,8.504740488232681
ray_gpis,Cross,3,0,3,0.5946666666666667,0.7458193979933111,0.5946666666666667,0.09384443751481443,7.598453139090929
ray_gpis,Cross,3,0,4,0.6356333333333334,0.7751304693977283,0.6356333333333334,0.11393632255277006,7.197487133905911
ray_gpis,Cross,3,0,5,0.6973,0.819673179852234,0.6973,0.134268699893254,6.022129332040013
ray_gpis,Cross,9,0,0,0.27463333333333334,0.4309213107037318,0.27463333333333334,0.02287447235998073,17.547169286868808
ray_gpis,Cross,9,0,1,0.4263,0.5977704550234874,0.4263,0.04545278998117365,12.642512962345403
ray_gpis,Cross,9,0,2,0.6093,0.7572236376064126,0.6093,0.06821658677165904,7.464474264026503
ray_gpis,Cross,9,0,3,0.6413333333333333,0.7814784727863525,0.6413333333333333,0.08635565677907917,7.093551833779531
ray_gpis,Cross,9,0,4,0.816,0.8986784140969163,0.816,0.11053620484660365,4.885292976102471
ray_gpis,Cross,9,0,5,0.8822666666666666,0.9367170802488417,0.8822666666666666,0.1325749667078536,4.5977232871286855
ray_gpis,Cross,10,0,0,0.29646666666666666,0.4573456060060678,0.29646666666666666,0.023019444220177408,15.824299509166119
ray_gpis,Cross,10,0,1,0.31943333333333335,0.4841977616653614,0.31943333333333335,0.042928728413786144,15.164028129485166
ray_gpis,Cross,10,0,2,0.4771,0.6459955317852549,0.4771,0.06354834547161585,9.47605965350492
ray_gpis,Cross,10,0,3,0.5964666666666667,0.7472334739215768,0.5964666666666667,0.08559983759375213,6.942774060134176
ray_gpis,Cross,10,0,4,0.7689,0.8693538357171124,0.7689,0.10801087491367296,5.37077516723213
ray_gpis,Cross,10,0,5,0.8103333333333333,0.8952310808322592,0.8103333333333333,0.1279568758634116,5.09832169954088
ray_gpis,Cross,5,0,0,0.21883333333333332,0.35908655818405577,0.21883333333333332,0.022481969584372846,18.98999211072322
ray_gpis,Cross,5,0,1,0.3912,0.562392179413456,0.3912,0.04414089712779754,12.646318157264622
ray_gpis,Cross,5,0,2,0.5493666666666667,0.7091499752587078,0.5493666666666667,0.06462953142745922,7.955725797886871
ray_gpis,Cross,5,0,3,0.7825666666666666,0.8780223273556856,0.7825666666666666,0.08878650047055914,4.946285710737245
ray_gpis,Cross,5,0,4,0.8108,0.895515794124144,0.8108,0.11149656922005825,4.98988389929322
ray_gpis,Cross,5,0,5,0.8259333333333333,0.9046697579320164,0.8259333333333333,0.13038815392999492,4.899857089460285
ray_gpis,Cross,11,0,0,0.0629,0.10773007535967115,0.0629,0.024690993482161618,27.64709124543475
ray_gpis,Cross,11,0,1,0.26903333333333335,0.3885400048714113,0.26903333333333335,0.04670778911460934,19.86946742576643
ray_gpis,Cross,11,0,2,0.3857333333333333,0.5187229866183493,0.3857333333333333,0.06765944367691698,15.213005424154987
ray_gpis,Cross,11,0,3,0.4582,0.5959031890474448,0.4582,0.08676735266993484,12.780053293181414
ray_gpis,Cross,11,0,4,0.5268,0.6539264826221464,0.5268,0.10750137466553604,11.369659643697952
ray_gpis,Cross,11,0,5,0.7434666666666667,0.80800646169201,0.7434666666666667,0.12874937119803798,6.393989274858368
ray_gpis,Cross,0,0,0,0.21976666666666667,0.36034214193971525,0.21976666666666667,0.022023417250110734,21.29631002095288
ray_gpis,Cross,0,0,1,0.22993333333333332,0.37389560409778305,0.22993333333333332,0.04281938708679373,19.48415340288171
ray_gpis,Cross,0,0,2,0.4291,0.600517808410888,0.4291,0.06405972176655614,11.493050119200667
ray_gpis,Cross,0,0,3,0.5560333333333334,0.7146804909920524,0.5560333333333334,0.08742814250315667,7.9470816793580354
ray_gpis,Cross,0,0,4,0.6891666666666667,0.8159842131228416,0.6891666666666667,0.11049818958790747,6.251030669410251
ray_gpis,Cross,0,0,5,0.7436666666666667,0.8421263317962965,0.7436666666666667,0.1306089657747208,5.3664206996944595
ray_gpis,Bowl,8,0,0,0.22843333333333332,0.3719100208938214,0.22843333333333332,0.12377485283689942,12.623013369430904
ray_gpis,Bowl,8,0,1,0.30083333333333334,0.4612179554035168,0.30083333333333334,0.1865205745432712,10.15347390376468
ray_gpis,Bowl,8,0,2,0.4388,0.6065451762372693,0.4388,0.2673989470488786,8.554571034751051
ray_gpis,Bowl,8,0,3,0.4849,0.6502440258306426,0.4849,0.31695106159731795,8.178764316913352
ray_gpis,Bowl,8,0,4,0.5898666666666667,0.7378149783448775,0.5898666666666667,0.4170052376173113,6.720315827185409
ray_gpis,Bowl,8,0,5,0.6738333333333333,0.8010915508233307,0.6738333333333333,0.4761489725800311,5.75064241004403
ray_gpis,Bowl,13,0,0,0.21096666666666666,0.3484268765999614,0.21096666666666666,0.13155852946041932,15.039115078451822
ray_gpis,Bowl,13,0,1,0.4563,0.6266565954817002,0.4563,0.20686529230301604,8.744538045486493
ray_gpis,Bowl,13,0,2,0.4763,0.64526180315654,0.4763,0.2560590170401632,8.182901019999743
ray_gpis,Bowl,13,0,3,0.4809333333333333,0.5784865801190276,0.4809333333333333,0.31857018040705387,11.189147343666844
ray_gpis,Bowl,13,0,4,0.6339,0.7033414344273258,0.6339,0.3787606642542967,9.575120736380756
ray_gpis,Bowl,13,0,5,0.6634,0.7367042563325111,0.6634,0.4315095375564532,8.758108637627343
ray_gpis,Bowl,4,0,0,0.2815666666666667,0.43941009701667233,0.2815666666666667,0.1246619061378375,11.516188376510758
ray_gpis,Bowl,4,0,1,0.3974,0.5687705739229998,0.3974,0.21411660315200418,8.465671314166654
ray_gpis,Bowl,4,0,2,0.5846333333333333,0.7378783735459307,0.5846333333333333,0.29596706241539605,6.655323686883017
ray_gpis,Bowl,4,0,3,0.6099666666666667,0.7051884758267323,0.6099666666666667,0.36319510002481925,7.68556145874792
ray_gpis,Bowl,4,0,4,0.8056333333333333,0.8342882817888271,0.8056333333333333,0.4694063946769355,5.805771405247072
ray_gpis,Bowl,4,0,5,0.8523,0.8523492591454961,0.8523,0.5298106508671906,5.7808200092048265
ray_gpis,Bowl,1,0,0,0.17806666666666668,0.3023032086469357,0.17806666666666668,0.10959549077816597,15.42714208243469
ray_gpis,Bowl,1,0,1,0.26216666666666666,0.3843213905516483,0.26216666666666666,0.191812771468978,13.736000737316049
ray_gpis,Bowl,1,0,2,0.4546,0.585421392179734,0.4546,0.2256963641203999,9.294307021055214
ray_gpis,Bowl,1,0,3,0.5048,0.6347606574801655,0.5048,0.24927212321133485,8.605785490138087
ray_gpis,Bowl,1,0,4,0.5379333333333334,0.6695062688283266,0.5379333333333334,0.27083327610829333,7.963864839392001
ray_gpis,Bowl,1,0,5,0.5543,0.6866486212468427,0.5543,0.28855396430098273,7.705897562968416
ray_gpis,Bowl,12,0,0,0.32353333333333334,0.48889336624187785,0.32353333333333334,0.12458159287983836,10.609265759964998
ray_gpis,Bowl,12,0,1,0.3577666666666667,0.5269928559153513,0.3577666666666667,0.18356199983285917,9.248046343018277
ray_gpis,Bowl,12,0,2,0.4078333333333333,0.5793772937137446,0.4078333333333333,0.2321701236083067,8.115614771842568
ray_gpis,Bowl,12,0,3,0.45203333333333334,0.6226211519478433,0.45203333333333334,0.2803120466796045,7.782142272770226
ray_gpis,Bowl,12,0,4,0.6685,0.801318549595445,0.6685,0.37411850113631884,6.36028192329234
ray_gpis,Bowl,12,0,5,0.7000333333333333,0.8196784579780799,0.7000333333333333,0.43150499743388393,6.371313969027699
ray_gpis,Bowl,7,0,0,0.1988,0.33112132825847473,0.1988,0.11955382127917809,17.450638859204478
ray_gpis,Bowl,7,0,1,0.31193333333333334,0.4750045363064622,0.31193333333333334,0.15647965638920358,10.69030425706811
ray_gpis,Bowl,7,0,2,0.419,0.5900223103886931,0.419,0.18907517988658704,8.358993008529685
ray_gpis,Bowl,7,0,3,0.4604333333333333,0.6301049156285486,0.4604333333333333,0.21819014690305139,7.922047579257251
ray_gpis,Bowl,7,0,4,0.5450666666666667,0.7033654910105228,0.5450666666666667,0.2508629687831868,7.467600277821489
ray_gpis,Bowl,7,0,5,0.6143666666666666,0.7590278673925798,0.6143666666666666,0.30099526161530116,7.065405436631386
ray_gpis,Bowl,14,0,0,0.29436666666666667,0.4482423551046669,0.29436666666666667,0.12288466836243635,11.919151129691576
ray_gpis,Bowl,14,0,1,0.42346666666666666,0.5887731508512974,0.42346666666666666,0.1697742086621097,8.708978033300768
ray_gpis,Bowl,14,0,2,0.48856666666666665,0.6513088590667877,0.48856666666666665,0.2003712748930956,8.377070441216247
ray_gpis,Bowl,14,0,3,0.5070333333333333,0.6688145487063475,0.5070333333333333,0.22915656810396853,7.906329400814697
ray_gpis,Bowl,14,0,4,0.5638333333333333,0.7149635145287098,0.5638333333333333,0.2626977999219986,7.322080620819053
ray_gpis,Bowl,14,0,5,0.5820333333333333,0.7296124907209216,0.5820333333333333,0.2893613350333412,7.0600393720867585
ray_gpis,Bowl,2,0,0,0.20933333333333334,0.3461962513781698,0.20933333333333334,0.12317005331662058,16.863481536826022
ray_gpis,Bowl,2,0,1,0.2975,0.45857418111753373,0.2975,0.19066750467101848,12.49304815201988
ray_gpis,Bowl,2,0,2,0.4909,0.6585284056610102,0.4909,0.3080386250939823,7.840505672290068
ray_gpis,Bowl,2,0,3,0.6592,0.7945998071359691,0.6592,0.35742659240934194,6.002650230337217
ray_gpis,Bowl,2,0,4,0.6939,0.8192927563610602,0.6939,0.3886408111638424,5.663113578737872
ray_gpis,Bowl,2,0,5,0.7524333333333333,0.8587297662298138,0.7524333333333333,0.41885923165332006,5.465466488694966
ray_gpis,Bowl,6,0,0,0.13506666666666667,0.2379889580641372,0.13506666666666667,0.09351432885550154,29.222796302929943
ray_gpis,Bowl,6,0,1,0.2216,0.362454998615342,0.2216,0.1663609163111757,16.410805997148326
ray_gpis,Bowl,6,0,2,0.43216666666666664,0.6029120611130165,0.43216666666666664,0.2934531627758292,10.36361237726295
ray_gpis,Bowl,6,0,3,0.46153333333333335,0.6309898103162697,0.46153333333333335,0.3456834636069433,10.34469079606083
ray_gpis,Bowl,6,0,4,0.5709333333333333,0.7263110585486469,0.5709333333333333,0.38581500437450333,7.11518278360126
ray_gpis,Bowl,6,0,5,0.7089666666666666,0.8280506318025617,0.7089666666666666,0.4122887040763033,5.839306374754266
ray_gpis,Bowl,3,0,0,0.0727,0.1267962270313637,0.0727,0.0741146594561156,32.87064033935435
ray_gpis,Bowl,3,0,1,0.27786666666666665,0.40076491915095047,0.27786666666666665,0.197212501115949,14.436170591757243
ray_gpis,Bowl,3,0,2,0.3196333333333333,0.4545010893526905,0.3196333333333333,0.23450938833797458,12.420907015199374
ray_gpis,Bowl,3,0,3,0.5066,0.6368188389097232,0.5066,0.276759607969512,8.787093733696638
ray_gpis,Bowl,3,0,4,0.6233333333333333,0.7349371338186161,0.6233333333333333,0.31866032479909195,7.469708365059048
ray_gpis,Bowl,3,0,5,0.6478333333333334,0.7548997847460083,0.6478333333333334,0.3509017067093751,7.2035095415410835
ray_gpis,Bowl,9,0,0,0.1809,0.3054678694531311,0.1809,0.12579715482709228,19.73002489052377
ray_gpis,Bowl,9,0,1,0.24,0.38641686182669793,0.24,0.17725801185862722,17.33736802799084
ray_gpis,Bowl,9,0,2,0.40423333333333333,0.5747705079828642,0.40423333333333333,0.283111275229115,9.520029028481018
ray_gpis,Bowl,9,0,3,0.482,0.6486299075635684,0.482,0.3372062561027651,8.234430861305604
ray_gpis,Bowl,9,0,4,0.5624333333333333,0.7168417688215032,0.5624333333333333,0.37280530913181686,7.592673632793009
ray_gpis,Bowl,9,0,5,0.6551,0.7868292232459476,0.6551,0.3936742670187679,6.498933460885855
ray_gpis,Bowl,10,0,0,0.13056666666666666,0.23097561694725358,0.13056666666666666,0.07331810565069277,28.74035976668446
ray_gpis,Bowl,10,0,1,0.20636666666666667,0.34212925865546684,0.20636666666666667,0.1640691571426924,16.079131726155797
ray_gpis,Bowl,10,0,2,0.3379333333333333,0.5051572076336638,0.3379333333333333,0.22187664446182587,10.430915433163644
ray_gpis,Bowl,10,0,3,0.4337666666666667,0.6035022919402425,0.4337666666666667,0.3007492088124745,9.112812080563367
ray_gpis,Bowl,10,0,4,0.4792,0.6353093608494871,0.4792,0.36377613167868644,9.153509410356774
ray_gpis,Bowl,10,0,5,0.551,0.6923850213621514,0.551,0.4082583645658199,8.102513681662387
ray_gpis,Bowl,5,0,0,0.1464,0.25540823447313327,0.1464,0.12500942025251996,24.337490441049923
ray_gpis,Bowl,5,0,1,0.3478333333333333,0.5161370100160751,0.3478333333333333,0.19639476926578306,10.103533848945453
ray_gpis,Bowl,5,0,2,0.49033333333333334,0.6580183404160144,0.49033333333333334,0.25930863082817746,7.738348176785216
ray_gpis,Bowl,5,0,3,0.49323333333333336,0.6606245953970132,0.49323333333333336,0.2962450918757258,7.765871026181731
ray_gpis,Bowl,5,0,4,0.6143666666666666,0.7606162459368361,0.6143666666666666,0.39888453496377835,6.2863143880502514
ray_gpis,Bowl,5,0,5,0.7340333333333333,0.8455366571688238,0.7340333333333333,0.46982027633455353,5.585086926922951
ray_gpis,Bowl,11,0,0,0.14916666666666667,0.25144863915715543,0.14916666666666667,0.11544410090357433,20.56640360895554
ray_gpis,Bowl,11,0,1,0.33573333333333333,0.48931307240609917,0.33573333333333333,0.22131995751227462,10.545513945394852
ray_gpis,Bowl,11,0,2,0.4404,0.5969777723008672,0.4404,0.293291982193629,9.377105850200149
ray_gpis,Bowl,11,0,3,0.5189333333333334,0.6706899958407354,0.5189333333333334,0.34038329531306255,7.944438188395605
ray_gpis,Bowl,11,0,4,0.5638333333333333,0.6715530089725675,0.5638333333333333,0.37093653550428973,8.691133593511289
ray_gpis,Bowl,11,0,5,0.5865333333333334,0.6951492627413655,0.5865333333333334,0.4058865846989985,8.268128127265184
ray_gpis,Bowl,0,0,0,0.2275,0.37067209775967414,0.2275,0.10805287727237904,17.199486013253825
ray_gpis,Bowl,0,0,1,0.23886666666666667,0.37906628817395294,0.23886666666666667,0.1646422294908033,17.36829103379525
ray_gpis,Bowl,0,0,2,0.27836666666666665,0.4296733548310955,0.27836666666666665,0.20960986099070883,13.77651259908803
ray_gpis,Bowl,0,0,3,0.4713,0.630487108885144,0.4713,0.2923415948421029,8.482320247958633
ray_gpis,Bowl,0,0,4,0.5107666666666667,0.6669029627836597,0.5107666666666667,0.341600018754824,7.784738063441371
ray_gpis,Bowl,0,0,5,0.5537,0.7041673074602876,0.5537,0.3911509873125148,6.824353429992272
ray_gpis,Cube,8,0,0,0.17773333333333333,0.30182271029095437,0.17773333333333333,0.02490986261363172,20.477832961424475
ray_gpis,Cube,8,0,1,0.3224,0.48759830611010285,0.3224,0.04756109017126397,14.128288069736259
ray_gpis,Cube,8,0,2,0.33116666666666666,0.4975585326155002,0.33116666666666666,0.07269815636651626,14.080917321873777
ray_gpis,Cube,8,0,3,0.4915,0.6538289305963685,0.4915,0.09554240887870961,10.226221500344838
ray_gpis,Cube,8,0,4,0.6566,0.780936228817618,0.6566,0.12046346959870338,6.725527473705313
ray_gpis,Cube,8,0,5,0.6821333333333334,0.7785525246212097,0.6821333333333334,0.1444373745007051,7.0663873130834585
ray_gpis,Cube,13,0,0,0.21983333333333333,0.3604317529717174,0.21983333333333333,0.026688397361670717,19.625289293515497
ray_gpis,Cube,13,0,1,0.46416666666666667,0.6340352874217416,0.46416666666666667,0.05185632722169419,10.547786560597828
ray_gpis,Cube,13,0,2,0.6222666666666666,0.7671570641900222,0.6222666666666666,0.07702429185082277,7.564320111782311
ray_gpis,Cube,13,0,3,0.8823666666666666,0.9375077473393424,0.8823666666666666,0.10567831359947497,4.276687395249041
ray_gpis,Cube,13,0,4,0.8934666666666666,0.943736356594606,0.8934666666666666,0.13160096601379456,4.216203592810289
ray_gpis,Cube,13,0,5,0.9254,0.9612548041965306,0.9254,0.15374312633851578,4.077229552125429
ray_gpis,Cube,4,0,0,0.2898,0.44864678234914124,0.2898,0.02939004597090049,18.328451001269855
ray_gpis,Cube,4,0,1,0.4940333333333333,0.6604611556302097,0.4940333333333333,0.057264793619439536,10.233440832453486
ray_gpis,Cube,4,0,2,0.6487666666666667,0.7860623608300896,0.6487666666666667,0.0855533920582467,6.940584241522072
ray_gpis,Cube,4,0,3,0.6956666666666667,0.7504374123896237,0.6956666666666667,0.11224256244693265,8.153501881098917
ray_gpis,Cube,4,0,4,0.7125,0.755184331797235,0.7125,0.13374769654279894,8.132026053819795
ray_gpis,Cube,4,0,5,0.7222666666666666,0.7696658723730019,0.7222666666666666,0.1533339542236704,7.744909733273424
ray_gpis,Cube,1,0,0,0.3661333333333333,0.536014054265079,0.3661333333333333,0.029754562428498096,14.311297155185963
ray_gpis,Cube,1,0,1,0.37703333333333333,0.5476023335189175,0.37703333333333333,0.055298837595357135,14.23686834158281
ray_gpis,Cube,1,0,2,0.49206666666666665,0.6595773200482552,0.49206666666666665,0.0783753397755457,10.655805143870879
ray_gpis,Cube,1,0,3,0.4972,0.6641731231632381,0.4972,0.10117336921872296,10.60806439625492
ray_gpis,Cube,1,0,4,0.6107,0.7583038430496057,0.6107,0.12741918699855112,8.419372901045042
ray_gpis,Cube,1,0,5,0.6642666666666667,0.798269508091652,0.6642666666666667,0.15136699821361338,7.549807999603358
ray_gpis,Cube,12,0,0,0.25916666666666666,0.41164791528788874,0.25916666666666666,0.02865017546961271,17.105184281018502
ray_gpis,Cube,12,0,1,0.46336666666666665,0.62865920224816,0.46336666666666665,0.053545590042439924,10.742563036427342
ray_gpis,Cube,12,0,2,0.6303666666666666,0.7684247885121421,0.6303666666666666,0.08231758810234946,7.116569153573473
ray_gpis,Cube,12,0,3,0.6436666666666667,0.7792020760662113,0.6436666666666667,0.10713329380685457,6.739618575977049
ray_gpis,Cube,12,0,4,0.7640666666666667,0.8622545715616509,0.7640666666666667,0.13094853909090473,5.870733629102698
ray_gpis,Cube,12,0,5,0.7874666666666666,0.8777110837218797,0.7874666666666666,0.15421874150084525,5.551011498953145
ray_gpis,Cube,7,0,0,0.08696666666666666,0.14526554959627638,0.08696666666666666,0.027201768810523583,26.14842704991913
ray_gpis,Cube,7,0,1,0.2502333333333333,0.36337457171091475,0.2502333333333333,0.054681554288108995,18.797487801754183
ray_gpis,Cube,7,0,2,0.37156666666666666,0.5021830618376346,0.37156666666666666,0.07736115559735034,13.244726556587887
ray_gpis,Cube,7,0,3,0.4937666666666667,0.6223839762056885,0.4937666666666667,0.10058343102222801,9.969792395742461
ray_gpis,Cube,7,0,4,0.5655,0.6869290142983677,0.5655,0.12201639586266022,8.540745810464028
ray_gpis,Cube,7,0,5,0.7392666666666666,0.8118742590825766,0.7392666666666666,0.1479042844084706,6.070661563927834
ray_gpis,Cube,14,0,0,0.2702333333333333,0.4254861311570053,0.2702333333333333,0.0262179276770345,18.033151435898066
ray_gpis,Cube,14,0,1,0.2774,0.43431971191482693,0.2774,0.04911270493684991,17.75795012566417
ray_gpis,Cube,14,0,2,0.40826666666666667,0.5567561951270197,0.40826666666666667,0.07538366863240645,10.393796944611259
ray_gpis,Cube,14,0,3,0.5658666666666666,0.6951122550879996,0.5658666666666666,0.10310148517930362,7.3548694219028
ray_gpis,Cube,14,0,4,0.6400666666666667,0.7564662654908324,0.6400666666666667,0.12740801326416468,6.458655670229177
ray_gpis,Cube,14,0,5,0.7820666666666667,0.8470847484941744,0.7820666666666667,0.15125830367120827,5.652655266033444
ray_gpis,Cube,2,0,0,0.10363333333333333,0.18272884254652677,0.10363333333333333,0.022136414996812515,29.21737791822152
ray_gpis,Cube,2,0,1,0.1507,0.25654163829444393,0.1507,0.04048516730595006,26.303858685733513
ray_gpis,Cube,2,0,2,0.4527333333333333,0.6089995660768527,0.4527333333333333,0.06734267895327681,11.783598707319149
ray_gpis,Cube,2,0,3,0.6043333333333333,0.7379334516716224,0.6043333333333333,0.09250628641087615,8.970182207144966
ray_gpis,Cube,2,0,4,0.6617,0.7801316751143822,0.6617,0.11355055804256607,6.971469339057245
ray_gpis,Cube,2,0,5,0.8071,0.876354398228804,0.8071,0.13802155386335407,5.594270002979087
ray_gpis,Cube,6,0,0,0.31306666666666666,0.47684809098294073,0.31306666666666666,0.030165925279461173,15.872777399130705
ray_gpis,Cube,6,0,1,0.549,0.7088444157520982,0.549,0.059641178291659026,9.741976640416064
ray_gpis,Cube,6,0,2,0.554,0.7123197249677696,0.554,0.0847476383385684,9.688990467240046
ray_gpis,Cube,6,0,3,0.7392666666666666,0.8492896630684232,0.7392666666666666,0.10959787767446359,5.753098207562113
ray_gpis,Cube,6,0,4,0.8949,0.9437747270936915,0.8949,0.13104815395923208,4.489966580129426
ray_gpis,Cube,6,0,5,0.9123,0.9534873047995815,0.9123,0.1533920091561622,4.279022213590179
ray_gpis,Cube,3,0,0,0.23543333333333333,0.3811348244880339,0.23543333333333333,0.027304995666152892,20.45583711666264
ray_gpis,Cube,3,0,1,0.3310666666666667,0.43967238144875825,0.3310666666666667,0.053265200034442337,15.658771446690908
ray_gpis,Cube,3,0,2,0.5253,0.6235880564173278,0.5253,0.07920705455432976,10.793780941380097
ray_gpis,Cube,3,0,3,0.5417666666666666,0.6488816587257525,0.5417666666666666,0.10378725581001266,10.04794342215359
ray_gpis,Cube,3,0,4,0.7616666666666667,0.8016293428500656,0.7616666666666667,0.13159678548904877,6.709499797934178
ray_gpis,Cube,3,0,5,0.7974333333333333,0.8347425582235933,0.7974333333333333,0.15455305037763434,6.030703166092116
ray_gpis,Cube,9,0,0,0.2765666666666667,0.43168516314924765,0.2765666666666667,0.029264911732109856,17.45987678136968
ray_gpis,Cube,9,0,1,0.3547666666666667,0.5224983724073511,0.3547666666666667,0.053856737540111894,14.464741097514882
ray_gpis,Cube,9,0,2,0.5664666666666667,0.7216204397504532,0.5664666666666667,0.08047911502209582,8.373140208224926
ray_gpis,Cube,9,0,3,0.7847666666666666,0.8777345921263889,0.7847666666666666,0.10791835947712644,4.926555753799708
ray_gpis,Cube,9,0,4,0.8863666666666666,0.9382084656055076,0.8863666666666666,0.13493522420407783,4.3360301583969845
ray_gpis,Cube,9,0,5,0.8969666666666667,0.9355326985533929,0.8969666666666667,0.16139669927424688,4.492385156699213
ray_gpis,Cube,10,0,0,0.25116666666666665,0.3921929847929393,0.25116666666666665,0.028527532113095368,18.881311560294424
ray_gpis,Cube,10,0,1,0.3248333333333333,0.4826910768102563,0.3248333333333333,0.05291824742813134,16.455903443189722
ray_gpis,Cube,10,0,2,0.36566666666666664,0.5294383292942316,0.36566666666666664,0.07431672935498172,15.457238140679657
ray_gpis,Cube,10,0,3,0.40696666666666664,0.5715494497357264,0.40696666666666664,0.09259292778036213,14.690954640196885
ray_gpis,Cube,10,0,4,0.5370333333333334,0.6902505792008422,0.5370333333333334,0.12230375086751295,10.222492810954826
ray_gpis,Cube,10,0,5,0.6467,0.77660183034122,0.6467,0.14724099172233737,8.015842250590936
ray_gpis,Cube,5,0,0,0.1439,0.2515954191799983,0.1439,0.021075632584931066,26.905502230801204
ray_gpis,Cube,5,0,1,0.1973,0.3292767412527584,0.1973,0.03980544077373318,25.173340593383188
ray_gpis,Cube,5,0,2,0.40536666666666665,0.5763659431432908,0.40536666666666665,0.06687090481796999,14.15643918834934
ray_gpis,Cube,5,0,3,0.40896666666666665,0.5784522497498774,0.40896666666666665,0.08860437895007511,14.435187465123203
ray_gpis,Cube,5,0,4,0.457,0.6254007582834515,0.457,0.11316158608104077,12.254279893130352
ray_gpis,Cube,5,0,5,0.6391333333333333,0.7769439904983795,0.6391333333333333,0.1388155802551593,7.542759105542653
ray_gpis,Cube,11,0,0,0.3194666666666667,0.4842360549717058,0.3194666666666667,0.02946991169649294,16.24595894604475
ray_gpis,Cube,11,0,1,0.3574333333333333,0.5266311421064264,0.3574333333333333,0.05369281058458919,14.933586933786923
ray_gpis,Cube,11,0,2,0.5073,0.6723622046189952,0.5073,0.07474708830383013,9.051229085418383
ray_gpis,Cube,11,0,3,0.5234,0.6865131176482411,0.5234,0.09487899757439491,8.935017346252165
ray_gpis,Cube,11,0,4,0.5865,0.7387967402759384,0.5865,0.1166161926192145,8.253391662099846
ray_gpis,Cube,11,0,5,0.6632,0.7657739255615871,0.6632,0.1402733352783426,7.180072159757974
ray_gpis,Cube,0,0,0,0.16996666666666665,0.29054958830735916,0.16996666666666665,0.023026752362169365,27.026487656286236
ray_gpis,Cube,0,0,1,0.18036666666666668,0.30561125074129514,0.18036666666666668,0.041837071293842676,26.220592930064015
ray_gpis,Cube,0,0,2,0.1964,0.32831828819792713,0.1964,0.06502930508883763,25.600162698600535
ray_gpis,Cube,0,0,3,0.32693333333333335,0.4927652733118971,0.32693333333333335,0.08523237874767124,17.045004207765444
ray_gpis,Cube,0,0,4,0.4762,0.6451700311610893,0.4762,0.1127704864017518,10.280942556820927
ray_gpis,Cube,0,0,5,0.5869,0.7396811393282501,0.5869,0.13573945837257617,7.430820111188277
ray_gpis,Thin_Irregular,8,0,0,0.11483333333333333,0.18420940359340027,0.11483333333333333,0.4520053143975737,25.954654398097702
ray_gpis,Thin_Irregular,8,0,1,0.17523333333333332,0.24352524490324423,0.17523333333333332,0.47341640109990846,24.77932141058637
ray_gpis,Thin_Irregular,8,0,2,0.3841,0.47350322483054513,0.3841,0.6632957303408386,16.536367912632667
ray_gpis,Thin_Irregular,8,0,3,0.41613333333333336,0.5242549774137886,0.41613333333333336,0.7964218535596923,15.071686061356782
ray_gpis,Thin_Irregular,8,0,4,0.5638,0.6487009900459979,0.5638,0.9541206541306795,10.048131160879217
ray_gpis,Thin_Irregular,8,0,5,0.5818666666666666,0.6733201845434105,0.5818666666666666,0.9541206541306795,9.550587977841461
ray_gpis,Thin_Irregular,13,0,0,0.29723333333333335,0.45825731685381715,0.29723333333333335,0.4366126708191086,20.57812092349087
ray_gpis,Thin_Irregular,13,0,1,0.4454666666666667,0.6163638040771147,0.4454666666666667,0.774850622973516,13.826743281335187
ray_gpis,Thin_Irregular,13,0,2,0.6748666666666666,0.8058750945348884,0.6748666666666666,0.9331691203835194,7.448852165447441
ray_gpis,Thin_Irregular,13,0,3,0.7392666666666666,0.8500900762773583,0.7392666666666666,0.9549643934043898,6.318547619208415
ray_gpis,Thin_Irregular,13,0,4,0.7794333333333333,0.8746037555058636,0.7794333333333333,0.9549643934043898,5.899684613562102
ray_gpis,Thin_Irregular,13,0,5,0.7907666666666666,0.881926528632792,0.7907666666666666,0.9549643934043898,5.642039880532582
ray_gpis,Thin_Irregular,4,0,0,0.3568,0.5259433962264151,0.3568,0.4580955779271023,18.81048370507737
ray_gpis,Thin_Irregular,4,0,1,0.3773,0.5450328051492561,0.3773,0.5056180240891882,18.688138367461548
ray_gpis,Thin_Irregular,4,0,2,0.6116666666666667,0.7532953214934238,0.6116666666666667,0.8210637617646593,8.758114441775916
ray_gpis,Thin_Irregular,4,0,3,0.6919333333333333,0.8130306638074682,0.6919333333333333,0.9329059072892176,7.4298005942011
ray_gpis,Thin_Irregular,4,0,4,0.8119333333333333,0.8911123853869757,0.8119333333333333,0.9886855707190861,5.489837949017477
ray_gpis,Thin_Irregular,4,0,5,0.8529333333333333,0.9157376170619758,0.8529333333333333,0.9992896201088315,5.222997833196252
ray_gpis,Thin_Irregular,1,0,0,0.2698333333333333,0.42499015618847613,0.2698333333333333,0.499141043714324,23.77791606287659
ray_gpis,Thin_Irregular,1,0,1,0.40763333333333335,0.5791754481517442,0.40763333333333335,0.6574595411243275,16.786862093502034
ray_gpis,Thin_Irregular,1,0,2,0.6646333333333333,0.7974885272186936,0.6646333333333333,0.8639980919375198,7.805218386110686
ray_gpis,Thin_Irregular,1,0,3,0.7385666666666667,0.8487644878067199,0.7385666666666667,0.8659361091417332,6.780391378103658
ray_gpis,Thin_Irregular,1,0,4,0.8657666666666667,0.9268163978207173,0.8657666666666667,0.9994370785645554,4.997512508773338
ray_gpis,Thin_Irregular,1,0,5,0.9039,0.9484119656551384,0.9039,1.0,4.603292429332223
ray_gpis,Thin_Irregular,12,0,0,0.3023,0.4638088138208779,0.3023,0.4474268645346019,22.800906983139328
ray_gpis,Thin_Irregular,12,0,1,0.394,0.5020167344321899,0.394,0.7857139695075839,15.118667670946586
ray_gpis,Thin_Irregular,12,0,2,0.5305333333333333,0.6143612538584851,0.5305333333333333,0.9421927553505236,11.601747032001986
ray_gpis,Thin_Irregular,12,0,3,0.612,0.6901747751725197,0.612,0.9457976146275683,9.894274279804726
ray_gpis,Thin_Irregular,12,0,4,0.7591,0.7933829995254459,0.7591,0.9993515802495684,7.615347381505086
ray_gpis,Thin_Irregular,12,0,5,0.7672,0.810262886470526,0.7672,0.9996020608969222,7.266860326941773
ray_gpis,Thin_Irregular,7,0,0,0.049933333333333337,0.08378774385723248,0.049933333333333337,0.49513711026369545,37.075311455751596
ray_gpis,Thin_Irregular,7,0,1,0.2829333333333333,0.39293062299399223,0.2829333333333333,0.5416626149677154,21.48409823816202
ray_gpis,Thin_Irregular,7,0,2,0.3033,0.4321315478127745,0.3033,0.6517142017437841,19.771214368341372
ray_gpis,Thin_Irregular,7,0,3,0.34796666666666665,0.48560131451904043,0.34796666666666665,0.654554352798093,18.307267169822143
ray_gpis,Thin_Irregular,7,0,4,0.49246666666666666,0.621003399251719,0.49246666666666666,0.8455311824297247,13.156138842717723
ray_gpis,Thin_Irregular,7,0,5,0.6394666666666666,0.7355473300385313,0.6394666666666666,0.996652292141107,8.610644602282887
ray_gpis,Thin_Irregular,14,0,0,0.13896666666666666,0.244022359448623,0.13896666666666666,0.3868575088396164,33.048018410832185
ray_gpis,Thin_Irregular,14,0,1,0.3375,0.5029344220464405,0.3375,0.8199865414213373,16.83550876225126
ray_gpis,Thin_Irregular,14,0,2,0.5488666666666666,0.7068708773483146,0.5488666666666666,0.8649185480748531,9.907596593819676
ray_gpis,Thin_Irregular,14,0,3,0.7629666666666667,0.8636070592364,0.7629666666666667,0.9998525415442759,5.879642533524336
ray_gpis,Thin_Irregular,14,0,4,0.7971333333333334,0.8850306387215581,0.7971333333333334,0.9999016943628507,5.650896650873269
ray_gpis,Thin_Irregular,14,0,5,0.8066666666666666,0.8903734901846876,0.8066666666666666,0.9999508471814254,5.632417024707274
ray_gpis,Thin_Irregular,2,0,0,0.0889,0.15545311814035168,0.0889,0.48122817202259455,38.727911615609514
ray_gpis,Thin_Irregular,2,0,1,0.16806666666666667,0.2535141456581918,0.16806666666666667,0.763917221583061,29.474885426391758
ray_gpis,Thin_Irregular,2,0,2,0.39686666666666665,0.5040094970749026,0.39686666666666665,0.7857616474225059,16.472479426677058
ray_gpis,Thin_Irregular,2,0,3,0.5662666666666667,0.6391539612859946,0.5662666666666667,0.9772197986760652,10.865451919443439
ray_gpis,Thin_Irregular,2,0,4,0.7028,0.7426890892080443,0.7028,0.9994964681940773,8.37917523933303
ray_gpis,Thin_Irregular,2,0,5,0.8461,0.8339252273052541,0.8461,0.9994964681940773,6.969982838118526
ray_gpis,Thin_Irregular,6,0,0,0.0443,0.07219226708800669,0.0443,0.49655644956441103,46.06284650689086
ray_gpis,Thin_Irregular,6,0,1,0.21766666666666667,0.3163480751329695,0.21766666666666667,0.52024058697092,29.016219076014114
ray_gpis,Thin_Irregular,6,0,2,0.28503333333333336,0.40760721866126787,0.28503333333333336,0.630243020928414,24.693706078153497
ray_gpis,Thin_Irregular,6,0,3,0.4426,0.5624631864810549,0.4426,0.8630584040366613,15.305233813770728
ray_gpis,Thin_Irregular,6,0,4,0.6403,0.7196421067034137,0.6403,0.9994935184488258,9.067794256760687
ray_gpis,Thin_Irregular,6,0,5,0.6488666666666667,0.7311484259400363,0.6488666666666667,0.9994935184488258,8.860170094533201
ray_gpis,Thin_Irregular,3,0,0,0.17556666666666668,0.2986928289902742,0.17556666666666668,0.38662007256354847,27.795951128806035
ray_gpis,Thin_Irregular,3,0,1,0.20056666666666667,0.28351918539710996,0.20056666666666667,0.6871364862540857,25.602892869221286
ray_gpis,Thin_Irregular,3,0,2,0.351,0.4573262817513665,0.351,0.7971389202115797,20.483792540291176
ray_gpis,Thin_Irregular,3,0,3,0.48846666666666666,0.5928318866494551,0.48846666666666666,0.8660423507255347,13.078249460785297
ray_gpis,Thin_Irregular,3,0,4,0.6864,0.7390556949110891,0.6864,0.9994935184488256,8.088586241640394
ray_gpis,Thin_Irregular,3,0,5,0.6946333333333333,0.7546238456512604,0.6946333333333333,0.9996020608969222,7.815418851684944
ray_gpis,Thin_Irregular,9,0,0,0.21733333333333332,0.35706462212486306,0.21733333333333332,0.35906075342246346,28.82600918288509
ray_gpis,Thin_Irregular,9,0,1,0.5233333333333333,0.687089715536105,0.5233333333333333,0.6627381549914266,11.488450858894124
ray_gpis,Thin_Irregular,9,0,2,0.5825,0.7218497285394283,0.5825,0.978385220495677,9.248453518368681
ray_gpis,Thin_Irregular,9,0,3,0.7898,0.86687522207415,0.7898,0.978385220495677,5.693715609222734
ray_gpis,Thin_Irregular,9,0,4,0.8347,0.8955484326703061,0.8347,0.9995529080783475,5.284666173071585
ray_gpis,Thin_Irregular,9,0,5,0.8826,0.9186446044998726,0.8826,0.9998033887257013,5.077334916526129
ray_gpis,Thin_Irregular,10,0,0,0.2685,0.4222912395581531,0.2685,0.3893425080968242,23.281099430178365
ray_gpis,Thin_Irregular,10,0,1,0.2956,0.45545309950982293,0.2956,0.39104577054128203,21.542770712069217
ray_gpis,Thin_Irregular,10,0,2,0.36973333333333336,0.5388756097087002,0.36973333333333336,0.657635532789812,18.230891481389982
ray_gpis,Thin_Irregular,10,0,3,0.4583,0.6268034325775862,0.4583,0.657635532789812,14.525126498343349
ray_gpis,Thin_Irregular,10,0,4,0.5222333333333333,0.68420902707169,0.5222333333333333,0.680476900087323,12.689964546411169
ray_gpis,Thin_Irregular,10,0,5,0.6293666666666666,0.7696276250584619,0.6293666666666666,0.8632801643365682,8.22546597034509
ray_gpis,Thin_Irregular,5,0,0,0.0456,0.07689713322091063,0.0456,0.47220427497104417,42.71996652277145
ray_gpis,Thin_Irregular,5,0,1,0.21403333333333333,0.3206470999483258,0.21403333333333333,0.4950947950871297,28.380466243854674
ray_gpis,Thin_Irregular,5,0,2,0.314,0.44796668885134555,0.314,0.6070043898290759,23.546231529669203
ray_gpis,Thin_Irregular,5,0,3,0.43466666666666665,0.5727208163570441,0.43466666666666665,0.65387184317559,17.609974993177417
ray_gpis,Thin_Irregular,5,0,4,0.5637333333333333,0.6862952792045514,0.5637333333333333,0.8097099992090439,12.024599337735873
ray_gpis,Thin_Irregular,5,0,5,0.6665,0.7611936424436965,0.6665,0.9786254643320835,8.962256309978958
ray_gpis,Thin_Irregular,11,0,0,0.22893333333333332,0.3725724205272865,0.22893333333333332,0.4781419596972961,23.056018266436585
ray_gpis,Thin_Irregular,11,0,1,0.3917,0.5617951539569856,0.3917,0.7489019042358113,13.04850136925929
ray_gpis,Thin_Irregular,11,0,2,0.42323333333333335,0.5639091008172719,0.42323333333333335,0.7489019042358113,13.379917457374065
ray_gpis,Thin_Irregular,11,0,3,0.5045666666666667,0.6422339333868535,0.5045666666666667,0.7507416158028755,12.031931251939868
ray_gpis,Thin_Irregular,11,0,4,0.6190333333333333,0.7364203251438318,0.6190333333333333,0.9053806900787507,9.507287847869021
ray_gpis,Thin_Irregular,11,0,5,0.7661,0.8374458285390959,0.7661,0.9529680137448059,6.336951268984632
ray_gpis,Thin_Irregular,0,0,0,0.1702,0.29059280287317557,0.1702,0.47210885176944767,31.966738744530474
ray_gpis,Thin_Irregular,0,0,1,0.241,0.3881652244155857,0.241,0.4932634949808324,27.13484603396777
ray_gpis,Thin_Irregular,0,0,2,0.3143666666666667,0.4392785274100076,0.3143666666666667,0.6852949017017032,17.575852450113135
ray_gpis,Thin_Irregular,0,0,3,0.5031,0.6167616118106037,0.5031,0.8646934784660081,12.352902554042481
ray_gpis,Thin_Irregular,0,0,4,0.667,0.7455104987037044,0.667,0.9975864325395877,8.13152703718157
ray_gpis,Thin_Irregular,0,0,5,0.7418,0.7988948604089317,0.7418,0.9975864325395877,6.793404313028655
