planner,object,initial_pose_seed,planner_seed,step,selected_action,oracle_action,selected_gain_f@5,oracle_gain_f@5,oracle_regret_f@5,oracle_action_accuracy,score_gain_spearman,minus_x_gain_f@5,minus_y_gain_f@5,plus_z_gain_f@5,minus_x_score,minus_y_score,plus_z_score
ray_gpis_uncertainty_only,green_Pepper,8,0,0,minus_x,minus_y,0.07035286518524803,0.28103170916146725,0.21067884397621922,0.0,-0.5,0.07035286518524803,0.28103170916146725,0.11464543095396129,0.0001157449369202368,0.00011498311505420133,0.00011304037616355345
ray_gpis_uncertainty_only,green_Pepper,8,0,1,minus_x,minus_x,0.318013306932803,0.318013306932803,0.0,1.0,1.0,0.318013306932803,0.2531623783433408,0.16588763202435503,0.00010702775762183592,0.00010629015014274046,0.0001047646437655203
ray_gpis_uncertainty_only,green_Pepper,8,0,2,minus_x,minus_x,0.1030755724768535,0.1030755724768535,0.0,1.0,1.0,0.1030755724768535,0.010833076572839606,0.03406748203052867,0.00035082752583548427,0.00013508106349036098,0.0001721402513794601
ray_gpis_uncertainty_only,green_Pepper,8,0,3,minus_x,minus_x,0.10928369704439689,0.10928369704439689,0.0,1.0,0.5,0.10928369704439689,0.0271073890795388,0.06467838044714103,0.00016538257477805018,0.0001218525503645651,0.00011959502444369718
ray_gpis_uncertainty_only,green_Pepper,8,0,4,plus_z,plus_z,-0.03490838199456747,-0.03490838199456747,0.0,1.0,nan,-0.06544310599607672,-0.04990628837952482,-0.03490838199456747,0.0001327713835053146,0.0001327713835053146,0.0001327713835053146
ray_gpis_uncertainty_only,green_Pepper,13,0,0,minus_x,minus_x,0.2617166216057381,0.2617166216057381,0.0,1.0,1.0,0.2617166216057381,0.17209189656558893,0.05615393697143417,0.00012478063581511378,0.00012377480743452907,0.0001223927247337997
ray_gpis_uncertainty_only,green_Pepper,13,0,1,minus_x,minus_x,0.1825906917966521,0.1825906917966521,0.0,1.0,1.0,0.1825906917966521,0.14387374347584814,0.13088367631315,0.00033104809699580073,0.00023040565429255366,0.00018357689259573817
ray_gpis_uncertainty_only,green_Pepper,13,0,2,minus_y,minus_x,0.06749724363502829,0.08161527894308207,0.014118035308053778,0.0,0.8660254037844387,0.08161527894308207,0.06749724363502829,0.022104677638431935,0.00014430488226935267,0.00014430488226935267,0.00012196803436381742
ray_gpis_uncertainty_only,green_Pepper,13,0,3,minus_y,minus_x,-0.04999793703798272,-0.013432529354530542,0.03656540768345218,0.0,0.8660254037844387,-0.013432529354530542,-0.04999793703798272,-0.06656725357696136,0.00012548844097182155,0.00012548844097182155,0.00011449137673480436
ray_gpis_uncertainty_only,green_Pepper,13,0,4,minus_x,minus_y,0.024548375028556668,0.054785721134569254,0.030237346106012586,0.0,-0.5,0.024548375028556668,0.054785721134569254,0.04071517481239628,0.00011410022125346586,0.00011294538126094267,0.00010883638606173918
ray_gpis_uncertainty_only,green_Pepper,4,0,0,minus_x,minus_x,0.23513748297246262,0.23513748297246262,0.0,1.0,0.5,0.23513748297246262,0.05230825555710794,0.05888837582615264,0.0003395901876501739,0.00028308870969340205,0.00021379085956141353
ray_gpis_uncertainty_only,green_Pepper,4,0,1,minus_x,minus_x,0.12454461127519123,0.12454461127519123,0.0,1.0,1.0,0.12454461127519123,0.054657013197292215,0.05912136613801222,0.0002686699735932052,0.0001393427955918014,0.00013938749907538295
ray_gpis_uncertainty_only,green_Pepper,4,0,2,minus_x,minus_x,0.08873718028519473,0.08873718028519473,0.0,1.0,0.5,0.08873718028519473,0.02651906284747174,0.015080127610703986,0.00023159588454291224,0.00011687928781611845,0.00012782792327925563
ray_gpis_uncertainty_only,green_Pepper,4,0,3,plus_z,minus_x,0.005143765427664926,0.02765444071228751,0.022510675284622583,0.0,0.5,0.02765444071228751,0.00212042710473892,0.005143765427664926,0.00011310929403407499,0.00011098215327365324,0.00011349672422511503
ray_gpis_uncertainty_only,green_Pepper,4,0,4,minus_x,minus_x,0.03516281131935062,0.03516281131935062,0.0,1.0,0.5,0.03516281131935062,0.027711081709941743,0.018344386786379063,0.00011391768202884123,0.00011076608643634245,0.00011263618216617033
ray_gpis_uncertainty_only,green_Pepper,1,0,0,minus_x,minus_y,0.25706113980693596,0.329568641895539,0.07250750208860307,0.0,0.5,0.25706113980693596,0.329568641895539,0.23768975068372994,0.0005141274887137115,0.0003617277252487838,0.0002077726530842483
ray_gpis_uncertainty_only,green_Pepper,1,0,1,minus_x,minus_x,0.23962854800344097,0.23962854800344097,0.0,1.0,1.0,0.23962854800344097,0.12123443545952611,0.10395359348642408,0.0002923590946011245,0.0002649819361977279,0.0001257268595509231
ray_gpis_uncertainty_only,green_Pepper,1,0,2,minus_x,minus_x,0.014148652646731485,0.014148652646731485,0.0,1.0,0.5,0.014148652646731485,-0.026333818450376967,-0.03159366688445808,0.00013131852028891444,0.00011418962822062895,0.00012501160381361842
ray_gpis_uncertainty_only,green_Pepper,1,0,3,minus_x,minus_y,0.06931919627478444,0.10027909719341621,0.030959900918631766,0.0,-0.5,0.06931919627478444,0.10027909719341621,0.07436340467025271,0.00012351031182333827,0.00011901015386683866,0.000115504655695986
ray_gpis_uncertainty_only,green_Pepper,1,0,4,minus_y,minus_x,0.054309073322262424,0.0805041532659756,0.026195079943713173,0.0,0.0,0.0805041532659756,0.054309073322262424,0.027206429647183006,0.0001165030334959738,0.00011774728045566007,0.0001165030334959738
ray_gpis_uncertainty_only,green_Pepper,12,0,0,minus_x,minus_x,0.1596827249421513,0.1596827249421513,0.0,1.0,1.0,0.1596827249421513,0.14676400926016075,0.02748856523354326,0.000468081037979573,0.0003561174380593002,0.00016169267473742366
ray_gpis_uncertainty_only,green_Pepper,12,0,1,minus_x,minus_x,0.16811385689330138,0.16811385689330138,0.0,1.0,1.0,0.16811385689330138,0.0165434022272698,0.03136272471710677,0.00033627840457484126,0.00012341345427557826,0.0001325068878941238
ray_gpis_uncertainty_only,green_Pepper,12,0,2,minus_x,minus_x,0.10023268415241993,0.10023268415241993,0.0,1.0,1.0,0.10023268415241993,0.007317020691949505,0.015727882723091446,0.00020827556727454066,0.00011453980550868437,0.00017818267224356532
ray_gpis_uncertainty_only,green_Pepper,12,0,3,plus_z,minus_x,0.030440328435320074,0.0679005156690704,0.03746018723375033,0.0,0.5,0.0679005156690704,0.008485004285884057,0.030440328435320074,0.00011558661208255216,0.00011306086526019499,0.00011732632265193388
ray_gpis_uncertainty_only,green_Pepper,12,0,4,minus_x,minus_y,0.0032018012749486235,0.019433306808724904,0.01623150553377628,0.0,0.5,0.0032018012749486235,0.019433306808724904,0.0030407219997014012,0.00011669302330119535,0.00011374259338481352,0.00011161917791469023
ray_gpis_uncertainty_only,green_Pepper,7,0,0,minus_x,minus_x,0.23577449224143698,0.23577449224143698,0.0,1.0,1.0,0.23577449224143698,0.19902211536830228,0.1539245443494337,0.00048418360529467463,0.00019807199714705348,0.00013822520850226283
ray_gpis_uncertainty_only,green_Pepper,7,0,1,minus_x,minus_x,0.17091307542797618,0.17091307542797618,0.0,1.0,1.0,0.17091307542797618,0.127349433059451,0.03992988037428136,0.0005925113218836486,0.0003004932659678161,0.00013020093319937587
ray_gpis_uncertainty_only,green_Pepper,7,0,2,minus_x,minus_y,0.026086852761513124,0.08005054842804393,0.05396369566653081,0.0,-0.5,0.026086852761513124,0.08005054842804393,0.016421983213305458,0.00021237711189314723,0.00013128126738592982,0.00013565848348662257
ray_gpis_uncertainty_only,green_Pepper,7,0,3,minus_y,plus_z,0.03828948176866731,0.07536114454415888,0.037071662775491565,0.0,0.0,0.07298828969899607,0.03828948176866731,0.07536114454415888,0.00019397790310904384,0.0001996440696530044,0.0001996440696530044
ray_gpis_uncertainty_only,green_Pepper,7,0,4,minus_y,minus_x,0.10203377935406344,0.11701175159443644,0.014977972240373005,0.0,nan,0.11701175159443644,0.10203377935406344,0.07519588615542727,0.00015479529974982142,0.00015479529974982142,0.00015479529974982142
ray_gpis_uncertainty_only,green_Pepper,14,0,0,minus_x,minus_x,0.3260183527885086,0.3260183527885086,0.0,1.0,1.0,0.3260183527885086,0.20405880075143495,0.11619915831830391,0.00012350099859759212,0.00012178549513919279,0.0001163167689810507
ray_gpis_uncertainty_only,green_Pepper,14,0,1,minus_x,minus_x,0.16104467900773634,0.16104467900773634,0.0,1.0,1.0,0.16104467900773634,0.09253635384421977,0.04133100147184099,0.0002517366665415466,0.00016488152323290706,0.0001320989686064422
ray_gpis_uncertainty_only,green_Pepper,14,0,2,plus_z,minus_y,0.06010296071423582,0.07007510400367789,0.00997214328944207,0.0,-0.5,0.0540289941035178,0.07007510400367789,0.06010296071423582,0.00011395493493182585,0.00011308321700198576,0.00011450255260569975
ray_gpis_uncertainty_only,green_Pepper,14,0,3,minus_x,minus_x,0.057675103799017524,0.057675103799017524,0.0,1.0,1.0,0.057675103799017524,0.03389216932642258,0.009842097334303523,0.00011531094060046598,0.000113891604996752,0.00011310556874377653
ray_gpis_uncertainty_only,green_Pepper,14,0,4,minus_y,minus_x,0.013291419029271001,0.04531320571166819,0.03202178668239719,0.0,0.8660254037844387,0.04531320571166819,0.013291419029271001,0.004024518120423037,0.00011593678937060758,0.00011593678937060758,0.00011141428694827482
ray_gpis_uncertainty_only,green_Pepper,2,0,0,minus_x,minus_y,0.16008881845642497,0.16798156812332543,0.007892749666900456,0.0,0.8660254037844387,0.16008881845642497,0.16798156812332543,0.05209344394671728,0.0004751199739985168,0.0004751199739985168,0.00018166954396292567
ray_gpis_uncertainty_only,green_Pepper,2,0,1,minus_x,minus_x,0.10364042325796796,0.10364042325796796,0.0,1.0,1.0,0.10364042325796796,0.0712437429628534,0.05489921142360554,0.0003787355381064117,0.00032723339973017573,0.00012372637866064906
ray_gpis_uncertainty_only,green_Pepper,2,0,2,minus_x,minus_x,0.052198651032483445,0.052198651032483445,0.0,1.0,1.0,0.052198651032483445,-0.021079975964613085,-0.024178827247822055,0.0002460332470946014,0.00020107458112761378,0.0001998787629418075
ray_gpis_uncertainty_only,green_Pepper,2,0,3,plus_z,minus_y,0.0560197411707819,0.06278633096330688,0.00676658979252498,0.0,-0.5,0.012632712278602298,0.06278633096330688,0.0560197411707819,0.00011091882333857939,0.00010997259960277006,0.00012072006211383268
ray_gpis_uncertainty_only,green_Pepper,2,0,4,minus_x,plus_z,0.03886378345975572,0.05212575475940895,0.01326197129965323,0.0,-0.5,0.03886378345975572,0.021138968515333367,0.05212575475940895,0.00011404061660869047,0.00011008063302142546,0.00010976770863635466
ray_gpis_uncertainty_only,green_Pepper,6,0,0,minus_x,minus_y,0.23964220426211041,0.2398410440879541,0.00019883982584367743,0.0,0.5,0.23964220426211041,0.2398410440879541,0.1939254265337011,0.0002622978645376861,0.00017973053036257625,0.00012414547381922603
ray_gpis_uncertainty_only,green_Pepper,6,0,1,minus_x,plus_z,-0.0059531804352837,0.04831286079234065,0.05426604122762435,0.0,-0.5,-0.0059531804352837,-0.025205249588734713,0.04831286079234065,0.00031302141724154353,0.0001916719484142959,0.00012412684736773372
ray_gpis_uncertainty_only,green_Pepper,6,0,2,minus_x,minus_y,0.03966006223517815,0.15909607147036975,0.1194360092351916,0.0,-0.5,0.03966006223517815,0.15909607147036975,0.13652660464526112,0.00016155483899638057,0.0001427365350537002,0.00012605841038748622
ray_gpis_uncertainty_only,green_Pepper,6,0,3,plus_z,minus_y,0.0404505263976036,0.05284392257375181,0.012393396176148208,0.0,-1.0,0.05012405871315495,0.05284392257375181,0.0404505263976036,0.00012538040755316615,0.00012474338291212916,0.00013765523908659816
ray_gpis_uncertainty_only,green_Pepper,6,0,4,minus_x,minus_x,-0.0021085711842541155,-0.0021085711842541155,0.0,1.0,0.5,-0.0021085711842541155,-0.027081512260005325,-0.03394455093496396,0.0001580735552124679,0.000112423840619158,0.00014471838949248195
ray_gpis_uncertainty_only,green_Pepper,3,0,0,minus_x,minus_x,0.2786280883108804,0.2786280883108804,0.0,1.0,1.0,0.2786280883108804,0.1315021334766837,0.032886511325928736,0.00012325140414759517,0.00012092495308024809,0.00011671164975268766
ray_gpis_uncertainty_only,green_Pepper,3,0,1,minus_x,minus_x,0.17277625853681,0.17277625853681,0.0,1.0,0.5,0.17277625853681,0.02178829468371879,0.013834657318197219,0.0005078429239802063,0.00013474765000864863,0.00015101413009688258
ray_gpis_uncertainty_only,green_Pepper,3,0,2,minus_x,minus_x,0.06989688331438448,0.06989688331438448,0.0,1.0,1.0,0.06989688331438448,0.04232258126157207,0.04801059896792115,0.00012292544124647975,0.00011567974434001371,0.0001221282291226089
ray_gpis_uncertainty_only,green_Pepper,3,0,3,minus_x,minus_x,0.016744325102390323,0.016744325102390323,0.0,1.0,0.5,0.016744325102390323,0.013340383941120804,-0.0023929927162520404,0.00011282244668109342,0.0001111907695303671,0.00011238286242587492
ray_gpis_uncertainty_only,green_Pepper,3,0,4,minus_y,minus_x,-0.027927574027229674,-0.025979378112142237,0.0019481959150874362,0.0,-0.8660254037844387,-0.025979378112142237,-0.027927574027229674,-0.03950782532314523,0.00011200660810573027,0.00011230463132960722,0.00011230463132960722
ray_gpis_uncertainty_only,green_Pepper,9,0,0,minus_x,minus_x,0.16880626285116995,0.16880626285116995,0.0,1.0,1.0,0.16880626285116995,0.0941563511861847,0.037150024374632384,0.0004951136070303619,0.0003471245872788131,0.00028992461739107966
ray_gpis_uncertainty_only,green_Pepper,9,0,1,minus_x,minus_x,0.23623269326353635,0.23623269326353635,0.0,1.0,0.5,0.23623269326353635,0.10532254960118992,0.11564256579798626,0.000427296559792012,0.00028749200282618403,0.00016968155978247523
ray_gpis_uncertainty_only,green_Pepper,9,0,2,minus_y,minus_x,0.04235830680475727,0.05873622767825404,0.016377920873496765,0.0,0.5,0.05873622767825404,0.04235830680475727,0.027288512043701973,0.0001139102314482443,0.00011803412780864164,0.00011288763926131651
ray_gpis_uncertainty_only,green_Pepper,9,0,3,minus_y,minus_y,0.03680928679886075,0.03680928679886075,0.0,1.0,0.5,-0.01911735172695439,0.03680928679886075,0.014413226322425365,0.00011098215327365324,0.00011345947132213041,0.00011069530592067167
ray_gpis_uncertainty_only,green_Pepper,9,0,4,minus_x,minus_x,0.03186101944937536,0.03186101944937536,0.0,1.0,0.5,0.03186101944937536,0.009677480423209595,0.014558794440624356,0.00011148134217364714,0.00011097097740275785,0.00011062080011470243
ray_gpis_uncertainty_only,green_Pepper,10,0,0,minus_x,minus_x,0.22357662081348878,0.22357662081348878,0.0,1.0,1.0,0.22357662081348878,0.1720786326591675,0.06157855894192582,0.0002647397923283279,0.0001510215806774795,0.0001359434681944549
ray_gpis_uncertainty_only,green_Pepper,10,0,1,minus_x,minus_x,0.16491579903531894,0.16491579903531894,0.0,1.0,0.5,0.16491579903531894,0.06683947823418268,0.03498379263187279,0.0002237653243355453,0.00012638996122404933,0.00016204285202547908
ray_gpis_uncertainty_only,green_Pepper,10,0,2,minus_x,minus_x,0.08598170162525764,0.08598170162525764,0.0,1.0,nan,0.08598170162525764,0.03884522394314438,0.02880490310881123,0.00012696365593001246,0.00012696365593001246,0.00012696365593001246
ray_gpis_uncertainty_only,green_Pepper,10,0,3,minus_x,minus_y,0.04707473992759825,0.05361922104208405,0.006544481114485801,0.0,0.5,0.04707473992759825,0.05361922104208405,0.01688957880528974,0.00011392140731913969,0.00011220777378184721,0.00011100450501544401
ray_gpis_uncertainty_only,green_Pepper,10,0,4,minus_x,minus_y,0.017832231804299714,0.030388223903229483,0.012555992098929769,0.0,0.0,0.017832231804299714,0.030388223903229483,0.02007488681769165,0.00011191347584826872,0.00011191347584826872,0.00011056864605052397
ray_gpis_uncertainty_only,green_Pepper,5,0,0,minus_x,minus_x,0.22277666382370043,0.22277666382370043,0.0,1.0,1.0,0.22277666382370043,0.18270437551968022,0.15098362494035378,0.0001282954472117126,0.00012695620534941554,0.00012196803436381742
ray_gpis_uncertainty_only,green_Pepper,5,0,1,minus_x,minus_x,0.1762093677634503,0.1762093677634503,0.0,1.0,1.0,0.1762093677634503,0.11273653561062091,0.06519827778960963,0.0004546681302599609,0.00039156171260401607,0.00011481175170047209
ray_gpis_uncertainty_only,green_Pepper,5,0,2,minus_y,minus_y,0.05967634824414614,0.05967634824414614,0.0,1.0,0.5,0.03180652766436254,0.05967634824414614,0.052280645831025985,0.00012703443644568324,0.00015506352065131068,0.00011430883751017973
ray_gpis_uncertainty_only,green_Pepper,5,0,3,minus_y,minus_y,0.0874024963836576,0.0874024963836576,0.0,1.0,0.5,0.04839613248507568,0.0874024963836576,0.03329274111978775,0.00011237168655497953,0.00014477054355666041,0.00011557171092135832
ray_gpis_uncertainty_only,green_Pepper,5,0,4,minus_x,minus_x,0.03564194703314816,0.03564194703314816,0.0,1.0,1.0,0.03564194703314816,0.013999816613787242,0.009187534031388278,0.00012010911450488493,0.00011003220424754545,0.00010983476386172697
ray_gpis_uncertainty_only,green_Pepper,11,0,0,minus_x,minus_x,0.20492290550146808,0.20492290550146808,0.0,1.0,0.5,0.20492290550146808,0.07200434298475455,0.12147307199456314,0.0005817768978886306,0.00024011003552004695,0.0002290962147526443
ray_gpis_uncertainty_only,green_Pepper,11,0,1,minus_x,minus_x,0.22408317088260643,0.22408317088260643,0.0,1.0,1.0,0.22408317088260643,0.04349309804632584,0.03498150853275661,0.0005849433946423233,0.00032431090949103236,0.00012781302211806178
ray_gpis_uncertainty_only,green_Pepper,11,0,2,minus_x,minus_x,0.11076365350274198,0.11076365350274198,0.0,1.0,1.0,0.11076365350274198,0.0307660920570344,0.04711406001915064,0.00012229586718603969,0.00011948699102504179,0.0001214613948832266
ray_gpis_uncertainty_only,green_Pepper,11,0,3,minus_x,minus_x,0.06130284892983817,0.06130284892983817,0.0,1.0,0.0,0.06130284892983817,0.037474956322448794,0.02623993600535457,0.00011604482278926298,0.00011248717055423185,0.00011604482278926298
ray_gpis_uncertainty_only,green_Pepper,11,0,4,minus_x,minus_x,0.028845300631837434,0.028845300631837434,0.0,1.0,1.0,0.028845300631837434,0.012795688704126396,0.0005179843512365112,0.00011118331894977018,0.00011041963443858549,0.00011034140334231779
ray_gpis_uncertainty_only,green_Pepper,0,0,0,minus_x,minus_x,0.18561329164454177,0.18561329164454177,0.0,1.0,1.0,0.18561329164454177,0.140703521075504,0.07089061492942683,0.0004578029620461166,0.0002391619491390884,0.00012730638263747096
ray_gpis_uncertainty_only,green_Pepper,0,0,1,minus_x,minus_x,0.13333223214932322,0.13333223214932322,0.0,1.0,1.0,0.13333223214932322,0.03809838830113088,0.053203552346786975,0.0003914667177014053,0.0001205524240504019,0.00016804615734145045
ray_gpis_uncertainty_only,green_Pepper,0,0,2,minus_x,minus_x,0.021303357223257602,0.021303357223257602,0.0,1.0,0.5,0.021303357223257602,0.010702096145370543,-0.00017674710394288695,0.0002743957447819412,0.00012260506628081203,0.00012327934382483363
ray_gpis_uncertainty_only,green_Pepper,0,0,3,minus_x,minus_x,0.03950585575003984,0.03950585575003984,0.0,1.0,1.0,0.03950585575003984,0.006951425495105301,0.0286476974699299,0.00031172315357252955,0.00011191720113856718,0.00019858236191794276
ray_gpis_uncertainty_only,green_Pepper,0,0,4,minus_x,minus_x,0.10491608986255652,0.10491608986255652,0.0,1.0,1.0,0.10491608986255652,0.0002106597975970459,0.0030929831565669197,0.0002929588663391769,0.00011453980550868437,0.00014745647786185145
ray_gpis_uncertainty_only,Corner,8,0,0,minus_x,minus_x,0.33693389386932954,0.33693389386932954,0.0,1.0,0.5,0.33693389386932954,0.032920720612966026,0.10817434727060204,0.0006610119598917663,0.00035545992432162166,0.0003043303149752319
ray_gpis_uncertainty_only,Corner,8,0,1,minus_x,minus_x,0.10079363591075474,0.10079363591075474,0.0,1.0,1.0,0.10079363591075474,0.035451556763747005,0.051053270276716245,0.00018240901408717036,0.0001135432903538458,0.00011382641241652891
ray_gpis_uncertainty_only,Corner,8,0,2,plus_z,minus_x,0.05348972576003708,0.058275461145791074,0.0047857353857539975,0.0,-0.5,0.058275461145791074,0.03278104640304624,0.05348972576003708,0.0001093970422516577,0.00011233443365199491,0.00012771057663485408
ray_gpis_uncertainty_only,Corner,8,0,3,minus_y,minus_y,0.014257744509870607,0.014257744509870607,0.0,1.0,0.8660254037844387,0.013175322856536886,0.014257744509870607,0.009661594403167939,0.00011733749852282926,0.00011733749852282926,0.00010800937161548063
ray_gpis_uncertainty_only,Corner,8,0,4,minus_x,minus_x,0.02976542388781056,0.02976542388781056,0.0,1.0,1.0,0.02976542388781056,0.02208689409876785,0.010940646627480954,0.0001191628907690756,0.00011044571147067472,0.00010758841381175444
ray_gpis_uncertainty_only,Corner,13,0,0,minus_x,minus_x,0.09036607343989056,0.09036607343989056,0.0,1.0,0.5,0.09036607343989056,0.06864860388236271,0.07123004042304615,0.0006283355760388076,0.00034470687387511134,0.00018867681501433253
ray_gpis_uncertainty_only,Corner,13,0,1,minus_x,minus_x,0.18298461264333366,0.18298461264333366,0.0,1.0,0.5,0.18298461264333366,0.032840085134760555,0.03422112567172697,0.00019445474026724696,0.0001171288822661154,0.00010814720735652372
ray_gpis_uncertainty_only,Corner,13,0,2,minus_x,minus_x,0.22677566101092783,0.22677566101092783,0.0,1.0,0.5,0.22677566101092783,0.09393746515532009,0.053594357496411615,0.00025689805625006557,0.00013788993237540126,0.00014396588085219264
ray_gpis_uncertainty_only,Corner,13,0,3,plus_z,minus_y,0.014079456505247667,0.03574884387549915,0.02166938737025148,0.0,-0.5,0.023355899138441272,0.03574884387549915,0.014079456505247667,0.00010676512465579435,0.0001067800258169882,0.00010687315807444975
ray_gpis_uncertainty_only,Corner,13,0,4,minus_x,minus_y,0.013637741407907411,0.01421133966357202,0.0005735982556646091,0.0,-0.5,0.013637741407907411,0.01421133966357202,0.005412996108896673,0.00010877678141696379,0.00010625848517520353,0.00010689178452594206
ray_gpis_uncertainty_only,Corner,4,0,0,minus_x,minus_x,0.2717297666680889,0.2717297666680889,0.0,1.0,0.5,0.2717297666680889,0.16589650910635056,0.18849517154884576,0.000341462146025151,0.0003028197097592056,0.00016444193897768855
ray_gpis_uncertainty_only,Corner,4,0,1,minus_x,minus_x,0.10163857450918301,0.10163857450918301,0.0,1.0,1.0,0.10163857450918301,-0.001323434026865744,-0.006162240438865707,0.00019976141629740596,0.00019547174451872706,0.0001199694161186926
ray_gpis_uncertainty_only,Corner,4,0,2,minus_y,minus_x,0.06991582858326895,0.10619271492783522,0.03627688634456627,0.0,0.5,0.10619271492783522,0.06991582858326895,0.06649051576589116,0.00014544109581038356,0.00014786998508498073,0.00012027302727801725
ray_gpis_uncertainty_only,Corner,4,0,3,minus_x,minus_x,0.054540415218199745,0.054540415218199745,0.0,1.0,0.0,0.054540415218199745,0.03354841368976191,0.042819439948624805,0.00011481175170047209,0.00011481175170047209,0.00011415982589824125
ray_gpis_uncertainty_only,Corner,4,0,4,minus_y,plus_z,0.014431469658474305,0.021038145106144324,0.0066066754476700185,0.0,0.5,0.008495721521710853,0.014431469658474305,0.021038145106144324,0.00010862404451472685,0.00011544132576091215,0.00010865384683711454
ray_gpis_uncertainty_only,Corner,1,0,0,minus_x,minus_x,0.17474082146738107,0.17474082146738107,0.0,1.0,1.0,0.17474082146738107,0.06571582700766393,0.05066345897326113,0.0005554949748329818,0.00036013330100104213,0.0002177359419874847
ray_gpis_uncertainty_only,Corner,1,0,1,minus_x,minus_x,0.10733980534557974,0.10733980534557974,0.0,1.0,1.0,0.10733980534557974,0.014495809493679679,0.0665785269218564,0.00021907518384978175,0.0001331383245997131,0.00018490495858713984
ray_gpis_uncertainty_only,Corner,1,0,2,minus_x,minus_x,0.05188191409580489,0.05188191409580489,0.0,1.0,0.5,0.05188191409580489,0.029228355320292776,0.018505069015832376,0.00021039153216406703,0.00011606344924075529,0.00012378970859572291
ray_gpis_uncertainty_only,Corner,1,0,3,minus_x,minus_x,0.11103896816375847,0.11103896816375847,0.0,1.0,1.0,0.11103896816375847,0.0006038137364087204,0.0207379767746253,0.00019824336050078273,0.00011677125439746305,0.00016391108511015773
ray_gpis_uncertainty_only,Corner,1,0,4,minus_x,plus_z,0.014013866166204259,0.02470947997220052,0.010695613805996262,0.0,0.8660254037844387,0.014013866166204259,0.008970813660671428,0.02470947997220052,0.00011065060243709013,0.0001101551388273947,0.00011065060243709013
ray_gpis_uncertainty_only,Corner,12,0,0,minus_x,minus_x,0.07888561247559739,0.07888561247559739,0.0,1.0,1.0,0.07888561247559739,0.041178123030251534,0.0348143232712565,0.0004185793804936111,0.00036926212487742305,0.0001385176437906921
ray_gpis_uncertainty_only,Corner,12,0,1,minus_x,minus_y,0.19277903737456958,0.23513508297913444,0.04235604560456485,0.0,0.5,0.19277903737456958,0.23513508297913444,0.12377477983118879,0.00041311437962576747,0.00037627312121912837,0.00021062808809801936
ray_gpis_uncertainty_only,Corner,12,0,2,minus_x,minus_x,0.09852997057231616,0.09852997057231616,0.0,1.0,1.0,0.09852997057231616,0.06392594950464026,0.041152265829930146,0.00016809831140562892,0.0001569783198647201,0.00012587214587256312
ray_gpis_uncertainty_only,Corner,12,0,3,minus_x,minus_x,0.08148033818479528,0.08148033818479528,0.0,1.0,1.0,0.08148033818479528,0.06220827123439665,0.08029249024689444,0.00010744312749011442,0.00010664964065654203,0.00010674649820430204
ray_gpis_uncertainty_only,Corner,12,0,4,minus_x,plus_z,0.034414150794085274,0.03871110855330795,0.004296957759222675,0.0,0.5,0.034414150794085274,0.027612344299241975,0.03871110855330795,0.00010841542825801298,0.00010595301137072966,0.00010619515524012968
ray_gpis_uncertainty_only,Corner,7,0,0,minus_y,minus_x,0.06932189553699836,0.23046621274001017,0.1611443172030118,0.0,0.8660254037844387,0.23046621274001017,0.06932189553699836,0.0616466968536476,0.00024076196132227778,0.00024076196132227778,0.00014099496183916926
ray_gpis_uncertainty_only,Corner,7,0,1,minus_y,minus_y,0.15891772664746173,0.15891772664746173,0.0,1.0,0.8660254037844387,0.11749542631712406,0.15891772664746173,0.049282689458648665,0.0003803970175795257,0.0003803970175795257,0.00014714541612192988
ray_gpis_uncertainty_only,Corner,7,0,2,minus_y,minus_y,0.09527632296350397,0.09527632296350397,0.0,1.0,1.0,0.07799971609533585,0.09527632296350397,0.044119422881042425,0.00017779524205252528,0.00018616969464346766,0.00011841410741908476
ray_gpis_uncertainty_only,Corner,7,0,3,minus_y,minus_y,0.06711215112688951,0.06711215112688951,0.0,1.0,0.5,0.06098723612245571,0.06711215112688951,0.03187084079008473,0.0001151135002146475,0.00012402440188452601,0.00011621246085269377
ray_gpis_uncertainty_only,Corner,7,0,4,minus_x,minus_x,0.04603054749723923,0.04603054749723923,0.0,1.0,1.0,0.04603054749723923,0.04152671691571175,0.018457591631039327,0.00011467019066913053,0.00011069903121097013,0.00010802054748637602
ray_gpis_uncertainty_only,Corner,14,0,0,minus_x,minus_y,0.20319488946140746,0.2200544746463265,0.016859585184919035,0.0,-0.5,0.20319488946140746,0.2200544746463265,0.10120056059370464,0.0005855338531546295,0.00018322485266253352,0.00021322275279089808
ray_gpis_uncertainty_only,Corner,14,0,1,minus_x,minus_x,0.22568499904041195,0.22568499904041195,0.0,1.0,1.0,0.22568499904041195,0.044357235307331044,0.10445428756004238,0.0005550479399971664,0.00014361570356413722,0.00016746314940974116
ray_gpis_uncertainty_only,Corner,14,0,2,minus_x,minus_x,0.14938129474771544,0.14938129474771544,0.0,1.0,0.5,0.14938129474771544,0.049504235982530176,0.04941563200534149,0.00015029142377898097,0.00011032463953597471,0.00012142414198024198
ray_gpis_uncertainty_only,Corner,14,0,3,plus_z,minus_y,0.00824976863615512,0.020082683816805003,0.011832915180649883,0.0,0.0,0.007940461022213463,0.020082683816805003,0.00824976863615512,0.00010826269135577604,0.00010826269135577604,0.0001083260212908499
ray_gpis_uncertainty_only,Corner,14,0,4,minus_x,minus_x,0.011228059494555631,0.011228059494555631,0.0,1.0,0.5,0.011228059494555631,0.00043635798063534903,0.0024497810416858057,0.00010884011135203764,0.00010847130761248991,0.00010770389781100675
ray_gpis_uncertainty_only,Corner,2,0,0,minus_x,minus_x,0.23789290654396328,0.23789290654396328,0.0,1.0,0.5,0.23789290654396328,0.21984526182591052,0.05408659571283825,0.0005997905391268432,0.0001832229900173843,0.00022736768005415797
ray_gpis_uncertainty_only,Corner,2,0,1,minus_x,minus_x,0.14157425945613988,0.14157425945613988,0.0,1.0,1.0,0.14157425945613988,0.08882373943325805,0.0514174796965321,0.0005668906378559768,0.00019799376605078578,0.00014754774747416377
ray_gpis_uncertainty_only,Corner,2,0,2,minus_x,minus_x,0.13906228722705993,0.13906228722705993,0.0,1.0,0.5,0.13906228722705993,0.007613044288354298,0.043934640868404595,0.00027550215600058436,0.0001420808839611709,0.0001194758151541464
ray_gpis_uncertainty_only,Corner,2,0,3,plus_z,plus_z,0.03049600838280664,0.03049600838280664,0.0,1.0,0.8660254037844387,0.017228114806940642,0.016507611435686353,0.03049600838280664,0.00011231208191020414,0.00011104920849902555,0.00011231208191020414
ray_gpis_uncertainty_only,Corner,2,0,4,minus_x,minus_x,0.05981126201315301,0.05981126201315301,0.0,1.0,0.8660254037844387,0.05981126201315301,0.003283937674617876,0.009219789151590607,0.00013705919263884425,0.00011506134615046903,0.00011506134615046903
ray_gpis_uncertainty_only,Corner,6,0,0,minus_x,minus_x,0.16485164790487794,0.16485164790487794,0.0,1.0,1.0,0.16485164790487794,0.10461277829281501,0.07859697161817358,0.0003522561746649444,0.0002586452174000442,0.00013707595644518733
ray_gpis_uncertainty_only,Corner,6,0,1,minus_x,minus_x,0.11548945504486674,0.11548945504486674,0.0,1.0,1.0,0.11548945504486674,0.11417298414505173,0.06256135262705576,0.00019457394955679774,0.00017080100951716304,0.00013075972674414515
ray_gpis_uncertainty_only,Corner,6,0,2,minus_y,minus_y,0.10891311935519177,0.10891311935519177,0.0,1.0,0.0,0.020214888284750487,0.10891311935519177,0.0911745110238179,0.00011333653674228117,0.00011333653674228117,0.00011057237134082243
ray_gpis_uncertainty_only,Corner,6,0,3,minus_y,plus_z,0.035156395891802306,0.03791275135545491,0.0027563554636526044,0.0,-0.5,0.014153313202995066,0.035156395891802306,0.03791275135545491,0.00010878050670726225,0.00010936537728412077,0.00010775977716548368
ray_gpis_uncertainty_only,Corner,6,0,4,minus_x,minus_x,0.04196765163378524,0.04196765163378524,0.0,1.0,1.0,0.04196765163378524,0.015465701836930967,0.010540195019476784,0.00011315027222735807,0.0001099688743124716,0.00010744685278041288
ray_gpis_uncertainty_only,Corner,3,0,0,minus_x,minus_x,0.2421758340595096,0.2421758340595096,0.0,1.0,0.5,0.2421758340595096,0.13038603728095433,0.09049340733466993,0.000409295957069844,0.000190390448551625,0.00019467825768515468
ray_gpis_uncertainty_only,Corner,3,0,1,minus_x,minus_x,0.1882354271185781,0.1882354271185781,0.0,1.0,0.5,0.1882354271185781,0.07549127356774166,0.056069935970174956,0.0001715199905447662,0.00011707859084708616,0.00012173520372016355
ray_gpis_uncertainty_only,Corner,3,0,2,minus_x,minus_y,-0.06748955633232345,-0.06535156151099863,0.002137994821324818,0.0,-0.8660254037844387,-0.06748955633232345,-0.06535156151099863,-0.08202409181419945,0.00011478567466838285,0.0001098422144423239,0.00011478567466838285
ray_gpis_uncertainty_only,Corner,3,0,3,minus_x,minus_y,0.036104379124824115,0.04557567775240712,0.009471298627583002,0.0,-1.0,0.036104379124824115,0.04557567775240712,0.04375415045321385,0.00011201778397662565,0.00010539794311625883,0.00010859051690204069
ray_gpis_uncertainty_only,Corner,3,0,4,minus_x,minus_y,0.015771738141720837,0.03427102032627827,0.01849928218455743,0.0,-0.8660254037844387,0.015771738141720837,0.03427102032627827,0.02046216556824665,0.00011009180889232084,0.00010490993008716032,0.00011009180889232084
ray_gpis_uncertainty_only,Corner,9,0,0,minus_x,minus_x,0.17222460954171792,0.17222460954171792,0.0,1.0,1.0,0.17222460954171792,0.09132421018003156,0.05230801835362142,0.00011073069617850706,0.00011055560753447935,0.00010890530393226072
ray_gpis_uncertainty_only,Corner,9,0,1,minus_x,minus_x,0.12080809547685933,0.12080809547685933,0.0,1.0,1.0,0.12080809547685933,0.07509168095875207,0.034728710234990356,0.0002574792015366256,0.00016113201854750514,0.0001134166304836981
ray_gpis_uncertainty_only,Corner,9,0,2,minus_x,minus_x,0.10294221822458327,0.10294221822458327,0.0,1.0,0.5,0.10294221822458327,0.04339220571798208,0.01813568122152598,0.00018952618120238185,0.00013342330930754542,0.00015479157445952296
ray_gpis_uncertainty_only,Corner,9,0,3,minus_y,minus_y,0.02029494083947625,0.02029494083947625,0.0,1.0,1.0,-0.01519095506051682,0.02029494083947625,0.018426220289438078,0.00010817700967891142,0.00011474097118480131,0.00010954046592814848
ray_gpis_uncertainty_only,Corner,9,0,4,plus_z,plus_z,0.009141154055540834,0.009141154055540834,0.0,1.0,0.8660254037844387,0.005404792367997624,0.008430534871928685,0.009141154055540834,0.00010847503290278837,0.00010847875819308683,0.00010847875819308683
ray_gpis_uncertainty_only,Corner,10,0,0,minus_x,minus_x,0.17470807890521778,0.17470807890521778,0.0,1.0,1.0,0.17470807890521778,0.12989547179800986,0.07340970044217254,0.0005323292571119964,0.00030341389356181026,0.00018659996567294002
ray_gpis_uncertainty_only,Corner,10,0,1,minus_x,minus_x,0.17394366584399523,0.17394366584399523,0.0,1.0,0.5,0.17394366584399523,0.05973922403330312,0.04194540162516125,0.0002331027644686401,0.0001670868950895965,0.00019110756693407893
ray_gpis_uncertainty_only,Corner,10,0,2,plus_z,minus_x,0.06790016180706893,0.10497386416908205,0.03707370236201313,0.0,-0.5,0.10497386416908205,0.09824545264511653,0.06790016180706893,0.00011985206947429106,0.00011236423597438261,0.00012104043707950041
ray_gpis_uncertainty_only,Corner,10,0,3,minus_x,plus_z,-0.030079041805353368,-0.015492039460617946,0.014587002344735422,0.0,0.0,-0.030079041805353368,-0.031341330703335224,-0.015492039460617946,0.00012378598330542445,0.00011352280125720426,0.00011352280125720426
ray_gpis_uncertainty_only,Corner,10,0,4,minus_x,minus_y,0.0026716657696840285,0.022078542180826943,0.019406876411142915,0.0,-0.5,0.0026716657696840285,0.022078542180826943,0.022068382020120292,0.00011037493095500395,0.00010808015213115141,0.00010719725833041593
ray_gpis_uncertainty_only,Corner,5,0,0,minus_x,minus_x,0.2459921641627143,0.2459921641627143,0.0,1.0,0.5,0.2459921641627143,0.24494348807831212,0.20039503105588763,0.0004817677545361221,0.0002901723491959274,0.0003384278970770538
ray_gpis_uncertainty_only,Corner,5,0,1,minus_x,minus_x,0.21061961742129764,0.21061961742129764,0.0,1.0,1.0,0.21061961742129764,0.16436364904307488,0.06217704905529209,0.00023604946909472346,0.00022450851975008845,0.00011305713996989653
ray_gpis_uncertainty_only,Corner,5,0,2,minus_x,minus_x,0.16323166729023164,0.16323166729023164,0.0,1.0,1.0,0.16323166729023164,0.025861152251893893,0.022523582400056585,0.00018266792176291347,0.00013067031977698207,0.00011181289301021025
ray_gpis_uncertainty_only,Corner,5,0,3,minus_x,minus_x,0.038246375983383984,0.038246375983383984,0.0,1.0,0.8660254037844387,0.038246375983383984,0.009719034720855335,0.020379106497718458,0.00010888481483561918,0.0001084526811609976,0.0001084526811609976
ray_gpis_uncertainty_only,Corner,5,0,4,minus_x,minus_x,0.024875908309950012,0.024875908309950012,0.0,1.0,0.8660254037844387,0.024875908309950012,0.012977486493492951,0.004556188484845403,0.00010815838322741911,0.00010815838322741911,0.00010730529174907133
ray_gpis_uncertainty_only,Corner,11,0,0,minus_x,minus_y,0.24467092180645522,0.26794431763128534,0.023273395824830123,0.0,0.5,0.24467092180645522,0.26794431763128534,0.15584598078148126,0.00037709268508479,0.00019854138372465968,0.00012270192382857203
ray_gpis_uncertainty_only,Corner,11,0,1,minus_x,minus_x,0.2184782874814657,0.2184782874814657,0.0,1.0,1.0,0.2184782874814657,0.022678223818366705,0.09422491772274177,0.00022704730508849025,0.00017092766938731074,0.00018170865951105952
ray_gpis_uncertainty_only,Corner,11,0,2,minus_x,minus_y,0.021528220209269366,0.03708967259739793,0.01556145238812856,0.0,0.8660254037844387,0.021528220209269366,0.03708967259739793,0.019571465689025458,0.00011602619633777067,0.00011602619633777067,0.00010856816516024992
ray_gpis_uncertainty_only,Corner,11,0,3,minus_x,minus_y,0.02127966375739876,0.02165394523739217,0.0003742814799934102,0.0,0.5,0.02127966375739876,0.02165394523739217,0.012881167572224017,0.00010909715638263151,0.0001082962189684622,0.00010814720735652372
ray_gpis_uncertainty_only,Corner,11,0,4,minus_y,minus_y,0.019724664446307938,0.019724664446307938,0.0,1.0,0.8660254037844387,0.011922246690085903,0.019724664446307938,0.008842476924247666,0.00010960752115352079,0.00010960752115352079,0.00010823661432368681
ray_gpis_uncertainty_only,Corner,0,0,0,minus_x,minus_y,0.1414433448927901,0.15899002115921967,0.017546676266429584,0.0,0.5,0.1414433448927901,0.15899002115921967,0.1348630202365393,0.0001396128791384399,0.00013716908870264888,0.0001327844220213592
ray_gpis_uncertainty_only,Corner,0,0,1,minus_x,minus_x,0.24399487095419997,0.24399487095419997,0.0,1.0,1.0,0.24399487095419997,0.11539139871983978,0.06638827901921535,0.0003632588195614517,0.00030079873977229,0.00015608052490279078
ray_gpis_uncertainty_only,Corner,0,0,2,minus_y,minus_y,0.13037884384775245,0.13037884384775245,0.0,1.0,0.8660254037844387,0.0760260041926768,0.13037884384775245,0.04691847974517849,0.00011535936937434599,0.00011986510799033567,0.00011535936937434599
ray_gpis_uncertainty_only,Corner,0,0,3,minus_x,minus_x,0.05881527879831683,0.05881527879831683,0.0,1.0,0.8660254037844387,0.05881527879831683,0.019220939689755023,0.006846083108844159,0.00013108010170981288,0.00011430883751017973,0.00011430883751017973
ray_gpis_uncertainty_only,Corner,0,0,4,minus_x,minus_x,0.0594612828983051,0.0594612828983051,0.0,1.0,1.0,0.0594612828983051,0.016082496814292635,0.01736423398256637,0.00011353770241839811,0.00010859424219233915,0.0001106431518564932
ray_gpis_uncertainty_only,L_Shaped,8,0,0,minus_y,minus_x,0.11051360640218011,0.20809426254585162,0.09758065614367151,0.0,0.0,0.20809426254585162,0.11051360640218011,0.1553016407454293,0.00011317076132399961,0.00011317076132399961,0.00011120008275611326
ray_gpis_uncertainty_only,L_Shaped,8,0,1,minus_y,minus_x,0.14630722394490836,0.19889681315223362,0.05258958920732526,0.0,0.5,0.19889681315223362,0.14630722394490836,0.055582391030010836,0.00017723272321745753,0.00019345449982210994,0.00013834069250151515
ray_gpis_uncertainty_only,L_Shaped,8,0,2,minus_y,minus_x,0.08802484649167464,0.1291460448478874,0.04112119835621275,0.0,-0.5,0.1291460448478874,0.08802484649167464,0.09387366424262067,0.0001849440741352737,0.0002155585098080337,0.0001285543548874557
ray_gpis_uncertainty_only,L_Shaped,8,0,3,minus_x,minus_x,0.10639747503586117,0.10639747503586117,0.0,1.0,0.5,0.10639747503586117,0.08234559920758211,0.09688393873588019,0.00013050268171355128,0.00012166256055934355,0.00011524761066539213
ray_gpis_uncertainty_only,L_Shaped,8,0,4,minus_y,plus_z,0.03104265719028987,0.05292160062223428,0.02187894343194441,0.0,-1.0,0.051008831524768095,0.03104265719028987,0.05292160062223428,0.00011281872139079496,0.00012512336252257228,0.00010894069419009611
ray_gpis_uncertainty_only,L_Shaped,13,0,0,minus_x,minus_y,0.11793982445911161,0.1482963339744508,0.03035650951533919,0.0,0.5,0.11793982445911161,0.1482963339744508,0.10316379192825426,0.00012629310367628932,0.0001257808762602508,0.0001243056613020599
ray_gpis_uncertainty_only,L_Shaped,13,0,1,minus_x,minus_x,0.20374369822088656,0.20374369822088656,0.0,1.0,1.0,0.20374369822088656,0.12917007567030447,0.12756771522550303,0.0005927702295593917,0.00046029145596548915,0.0003664420801214874
ray_gpis_uncertainty_only,L_Shaped,13,0,2,plus_z,minus_x,0.027676855513119825,0.033699348233150794,0.00602249272003097,0.0,0.5,0.033699348233150794,0.02710550666874678,0.027676855513119825,0.00012061389134032652,0.00011366249964339659,0.00012805144069716334
ray_gpis_uncertainty_only,L_Shaped,13,0,3,minus_x,minus_x,0.06108929180272793,0.06108929180272793,0.0,1.0,0.5,0.06108929180272793,0.009635084556195217,0.026835983330619317,0.00012720952508971095,0.00011511722550494596,0.00011000240192515776
ray_gpis_uncertainty_only,L_Shaped,13,0,4,plus_z,minus_x,0.018552272315199958,0.03698476616404933,0.018432493848849374,0.0,-0.5,0.03698476616404933,0.029458658455972286,0.018552272315199958,0.00010738724813563749,0.00010679865226848051,0.00011019239173037931
ray_gpis_uncertainty_only,L_Shaped,4,0,0,minus_x,minus_x,0.18981653402873921,0.18981653402873921,0.0,1.0,1.0,0.18981653402873921,0.08922101719121611,0.13628754894908612,0.00016245449660345912,0.00012514757690951228,0.00012937578139826655
ray_gpis_uncertainty_only,L_Shaped,4,0,1,minus_x,minus_x,0.1460550423404573,0.1460550423404573,0.0,1.0,1.0,0.1460550423404573,0.035280037091220295,0.05254708119463558,0.00011143663869006559,0.00010987946734530851,0.00011029297456843778
ray_gpis_uncertainty_only,L_Shaped,4,0,2,minus_x,minus_x,0.09302731551309229,0.09302731551309229,0.0,1.0,0.5,0.09302731551309229,0.06013849500511337,0.07530207517469811,0.00014895031927153468,0.00012829358456656337,0.00011905858264071867
ray_gpis_uncertainty_only,L_Shaped,4,0,3,plus_z,minus_x,0.015028460899251028,0.0384548672509375,0.02342640635168647,0.0,-0.5,0.0384548672509375,0.014760668762934914,0.015028460899251028,0.0001098422144423239,0.00011013278708560392,0.00011261383042437956
ray_gpis_uncertainty_only,L_Shaped,4,0,4,minus_y,minus_x,-0.04811332960842207,-0.026676503936170493,0.02143682567225158,0.0,-0.5,-0.026676503936170493,-0.04811332960842207,-0.03879952778118834,0.0001102817986975424,0.00013312901137396693,0.00011012906179530546
ray_gpis_uncertainty_only,L_Shaped,1,0,0,minus_x,minus_x,0.18214923527421967,0.18214923527421967,0.0,1.0,1.0,0.18214923527421967,0.16682530839127774,0.10235421330099825,0.0005144329625181854,0.0002605153131298721,0.000206213619094342
ray_gpis_uncertainty_only,L_Shaped,1,0,1,minus_x,minus_x,0.2067622938873348,0.2067622938873348,0.0,1.0,0.5,0.2067622938873348,0.025283982617591794,0.05133310082809428,0.0003098847228102386,0.00014593469677492976,0.0001093616519938223
ray_gpis_uncertainty_only,L_Shaped,1,0,2,minus_x,minus_x,0.06255957839147719,0.06255957839147719,0.0,1.0,0.5,0.06255957839147719,0.012722975149902616,0.03172233517005918,0.0001288188504986465,0.0001141449247370474,0.00010983103857142851
ray_gpis_uncertainty_only,L_Shaped,1,0,3,minus_x,minus_x,-0.014789629916395097,-0.014789629916395097,0.0,1.0,0.0,-0.014789629916395097,-0.029381030353754944,-0.026963025345374758,0.00011642852769000456,0.00011642852769000456,0.00011044571147067472
ray_gpis_uncertainty_only,L_Shaped,1,0,4,minus_y,plus_z,0.050278992660226396,0.053354920600959366,0.00307592794073297,0.0,0.5,0.016929773379041335,0.050278992660226396,0.053354920600959366,0.00010575557098491117,0.00010851973638636991,0.00010631808981997892
ray_gpis_uncertainty_only,L_Shaped,12,0,0,minus_x,minus_x,0.20924293508475478,0.20924293508475478,0.0,1.0,0.8660254037844387,0.20924293508475478,0.14856332166055664,0.08015979874161222,0.000250643293838948,0.00013687106547877192,0.00013687106547877192
ray_gpis_uncertainty_only,L_Shaped,12,0,1,minus_x,minus_x,0.15195432605563564,0.15195432605563564,0.0,1.0,1.0,0.15195432605563564,0.07188284777659826,0.0756250030256711,0.0002718569594435394,0.00012373941717669368,0.00017234327970072627
ray_gpis_uncertainty_only,L_Shaped,12,0,2,minus_y,minus_x,0.06509706947288452,0.08778125348316035,0.022684184010275832,0.0,0.5,0.08778125348316035,0.06509706947288452,0.060502482954716275,0.00011454911873443052,0.00012263859389349818,0.00010981613741023466
ray_gpis_uncertainty_only,L_Shaped,12,0,3,minus_y,plus_z,0.029194388648005165,0.03669587809686958,0.007501489448864418,0.0,-1.0,0.035303075554360075,0.029194388648005165,0.03669587809686958,0.00011002102837665007,0.00011224875197513029,0.00010713020310504362
ray_gpis_uncertainty_only,L_Shaped,12,0,4,minus_x,minus_y,0.010190138869168752,0.018827670384702788,0.008637531515534036,0.0,0.5,0.010190138869168752,0.018827670384702788,-0.0003574292449802785,0.00011288950190646574,0.00010816210851771757,0.00010664591536624357
ray_gpis_uncertainty_only,L_Shaped,7,0,0,minus_x,minus_x,0.338738513595932,0.338738513595932,0.0,1.0,0.5,0.338738513595932,0.23564915070922793,0.29507999161340803,0.0001677546533755958,0.00016690063057467341,0.00015876087127253413
ray_gpis_uncertainty_only,L_Shaped,7,0,1,minus_x,plus_z,0.12576841788191095,0.1312142051027113,0.005445787220800358,0.0,-0.5,0.12576841788191095,0.11930889489808738,0.1312142051027113,0.00015293637989088893,0.00014672073302790523,0.00012642721412703395
ray_gpis_uncertainty_only,L_Shaped,7,0,2,minus_x,minus_x,0.11017247627658988,0.11017247627658988,0.0,1.0,0.5,0.11017247627658988,-0.003914716193528123,0.018116839233110804,0.00011002102837665007,0.00010924244270427153,0.00010872090206248686
ray_gpis_uncertainty_only,L_Shaped,7,0,3,minus_x,minus_x,0.09863721923658553,0.09863721923658553,0.0,1.0,0.5,0.09863721923658553,0.04813453778466148,0.06269920196354528,0.00011980364070041105,0.00011702829942805693,0.0001110343073378317
ray_gpis_uncertainty_only,L_Shaped,7,0,4,minus_x,minus_x,0.017271034865135704,0.017271034865135704,0.0,1.0,0.5,0.017271034865135704,0.01502422912133683,0.011060600016571942,0.00011328810796840116,0.00010555068001849577,0.00010693276271922514
ray_gpis_uncertainty_only,L_Shaped,14,0,0,minus_x,minus_x,0.030234827225923744,0.030234827225923744,0.0,1.0,1.0,0.030234827225923744,-0.00661228115847301,-0.0486392991977424,0.0003455115365795791,0.0003065468627028167,0.0001238195109181106
ray_gpis_uncertainty_only,L_Shaped,14,0,1,minus_x,plus_z,0.2097721314898946,0.23799921623984965,0.028227084749955056,0.0,0.5,0.2097721314898946,0.20783481438480367,0.23799921623984965,0.0001241734134964645,0.00010593438491923735,0.00010944919631583616
ray_gpis_uncertainty_only,L_Shaped,14,0,2,minus_x,minus_y,0.04065089378966158,0.04164486440108395,0.0009939706114223679,0.0,-0.5,0.04065089378966158,0.04164486440108395,0.035726958952491006,0.00010377371654612944,0.00010363215551478788,0.0001037178371916525
ray_gpis_uncertainty_only,L_Shaped,14,0,3,plus_z,minus_y,0.03467071151825907,0.056212056824167744,0.021541345305908677,0.0,-0.5,0.030904601615870053,0.056212056824167744,0.03467071151825907,0.00010350177035434172,0.00010344216570956632,0.00010352784738643095
ray_gpis_uncertainty_only,L_Shaped,14,0,4,minus_x,minus_x,0.037220873936069876,0.037220873936069876,0.0,1.0,0.0,0.037220873936069876,0.030031170306162314,0.024346196750382854,0.00010352412209613249,0.00010341981396777555,0.00010352412209613249
ray_gpis_uncertainty_only,L_Shaped,2,0,0,minus_x,minus_x,0.16756566528291555,0.16756566528291555,0.0,1.0,1.0,0.16756566528291555,0.030521507123459968,0.006928079322104541,0.00010476278112037107,0.0001046137695084326,0.00010460631892783567
ray_gpis_uncertainty_only,L_Shaped,2,0,1,minus_x,minus_x,0.17487981664571428,0.17487981664571428,0.0,1.0,0.5,0.17487981664571428,0.08633325943933179,0.10015751869476908,0.00027361902175471187,0.0002364313113503158,0.00022367964265868068
ray_gpis_uncertainty_only,L_Shaped,2,0,2,minus_x,plus_z,0.06901470117045527,0.08636276770302254,0.017348066532567263,0.0,-0.8660254037844387,0.06901470117045527,0.08319857067982539,0.08636276770302254,0.0001285841572098434,0.00012796203373000026,0.00012796203373000026
ray_gpis_uncertainty_only,L_Shaped,2,0,3,plus_z,minus_y,0.023289977095866443,0.03436059278619574,0.0110706156903293,0.0,0.5,0.019718539982848227,0.03436059278619574,0.023289977095866443,0.0001227354514412582,0.00012392381904646754,0.00013061071513220668
ray_gpis_uncertainty_only,L_Shaped,2,0,4,plus_z,minus_y,0.0031427762722119335,0.0431192018541392,0.039976425581927266,0.0,-0.5,0.020794987908499873,0.0431192018541392,0.0031427762722119335,0.00011316517338855192,0.00011570582137210295,0.00011943483696086332
ray_gpis_uncertainty_only,L_Shaped,6,0,0,minus_x,minus_y,0.1884183110386053,0.23326821822132193,0.04484990718271664,0.0,0.8660254037844387,0.1884183110386053,0.23326821822132193,0.1590722943479027,0.0005145782488398254,0.0005145782488398254,0.00019717979012057185
ray_gpis_uncertainty_only,L_Shaped,6,0,1,minus_x,minus_x,0.19883697048116267,0.19883697048116267,0.0,1.0,1.0,0.19883697048116267,0.10832182792339418,0.12442912618225421,0.0007528180140070617,0.00020177866099402308,0.0002562517183832824
ray_gpis_uncertainty_only,L_Shaped,6,0,2,minus_x,minus_x,0.1065636224064691,0.1065636224064691,0.0,1.0,1.0,0.1065636224064691,0.0071546146231171726,0.01669158853307584,0.00031441281316801906,0.0001409856486134231,0.0001997707295231521
ray_gpis_uncertainty_only,L_Shaped,6,0,3,minus_x,plus_z,0.03963359053447879,0.040928440212605444,0.0012948496781266527,0.0,0.5,0.03963359053447879,0.01196576081539058,0.040928440212605444,0.00014876405475661159,0.00010900774941546842,0.00013629550812765956
ray_gpis_uncertainty_only,L_Shaped,6,0,4,plus_z,minus_x,0.030975962458268724,0.05180913299196743,0.02083317053369871,0.0,0.5,0.05180913299196743,0.007287926341749573,0.030975962458268724,0.0001136755381594412,0.00011104175791842863,0.00011686066136462614
ray_gpis_uncertainty_only,L_Shaped,3,0,0,minus_x,minus_x,0.204642094693484,0.204642094693484,0.0,1.0,1.0,0.204642094693484,0.19687557369807368,0.10150960083085114,0.00011732632265193388,0.00011726858065230772,0.00011562200234038755
ray_gpis_uncertainty_only,L_Shaped,3,0,1,minus_x,minus_x,0.13812499256221322,0.13812499256221322,0.0,1.0,0.5,0.13812499256221322,0.07845594539188849,0.13658672803284322,0.00011428089783294126,0.00011344270751578733,0.00011291371629340574
ray_gpis_uncertainty_only,L_Shaped,3,0,2,minus_x,minus_x,0.18861512238110678,0.18861512238110678,0.0,1.0,0.0,0.18861512238110678,0.0855952995108753,0.07607654595442936,0.00020860711811110377,0.00015310029266402125,0.00020860711811110377
ray_gpis_uncertainty_only,L_Shaped,3,0,3,minus_x,minus_x,0.03745142177964311,0.03745142177964311,0.0,1.0,0.0,0.03745142177964311,0.028995027154049113,0.032010289145102844,0.00011771747813327238,0.00011771747813327238,0.00010709667549235746
ray_gpis_uncertainty_only,L_Shaped,3,0,4,minus_x,minus_x,0.015157750134427106,0.015157750134427106,0.0,1.0,1.0,0.015157750134427106,0.011472074191267834,-0.006688230053112365,0.00012504885671660304,0.0001127069626818411,0.00010902637586696073
ray_gpis_uncertainty_only,L_Shaped,9,0,0,minus_x,minus_x,0.21294659400126087,0.21294659400126087,0.0,1.0,1.0,0.21294659400126087,0.10201803460953013,0.06618328934321932,0.00010922009096248075,0.00010880658373935148,0.00010744312749011442
ray_gpis_uncertainty_only,L_Shaped,9,0,1,minus_x,minus_x,0.15776813561849112,0.15776813561849112,0.0,1.0,1.0,0.15776813561849112,0.08872844856839834,0.01834601028311078,0.00028021278558298945,0.00021509843645617366,0.000157550151925534
ray_gpis_uncertainty_only,L_Shaped,9,0,2,plus_z,minus_y,0.04994355123906702,0.0670073253111323,0.017063774072065274,0.0,0.8660254037844387,0.03495879386235712,0.0670073253111323,0.04994355123906702,0.00011204386100871488,0.0001252388465218246,0.0001252388465218246
ray_gpis_uncertainty_only,L_Shaped,9,0,3,minus_y,minus_x,0.01531585932950752,0.060190552212739834,0.044874692883232314,0.0,0.5,0.060190552212739834,0.01531585932950752,0.014474074798358938,0.00012411753414198756,0.0001296011614613235,0.00011284107313258573
ray_gpis_uncertainty_only,L_Shaped,9,0,4,minus_y,minus_x,0.0249773262007833,0.05162372916079194,0.02664640296000864,0.0,-0.5,0.05162372916079194,0.0249773262007833,0.03061454750120196,0.00011990794882876799,0.00012393499491736293,0.00010896677122218534
ray_gpis_uncertainty_only,L_Shaped,10,0,0,minus_x,minus_y,0.16004611206912123,0.1609259526090231,0.0008798405399018661,0.0,0.5,0.16004611206912123,0.1609259526090231,0.06494139122815318,0.00012585538206622005,0.00012212636647745967,0.00011836940393550321
ray_gpis_uncertainty_only,L_Shaped,10,0,1,minus_y,minus_y,0.1627761174608766,0.1627761174608766,0.0,1.0,0.5,0.1405088810513666,0.1627761174608766,0.1614639421598264,0.0002323148655705154,0.00025179440854117274,0.00015641580102965236
ray_gpis_uncertainty_only,L_Shaped,10,0,2,minus_x,minus_x,0.15788184116996296,0.15788184116996296,0.0,1.0,0.5,0.15788184116996296,0.021821213834017916,0.018271343948150442,0.0001522360253147781,0.00012143159256083891,0.00012532452819868922
ray_gpis_uncertainty_only,L_Shaped,10,0,3,minus_x,minus_x,0.03572994310703903,0.03572994310703903,0.0,1.0,1.0,0.03572994310703903,0.021508933636249394,0.025632745995349926,0.00011039355740649626,0.00010777095303637907,0.00010786408529384062
ray_gpis_uncertainty_only,L_Shaped,10,0,4,minus_y,minus_x,0.005048208810218724,0.015375954298303851,0.010327745488085127,0.0,0.8660254037844387,0.015375954298303851,0.005048208810218724,-0.0037825710084837816,0.0001080615256796591,0.0001080615256796591,0.00010695883975131437
ray_gpis_uncertainty_only,L_Shaped,5,0,0,minus_x,minus_x,0.27567378400233,0.27567378400233,0.0,1.0,1.0,0.27567378400233,0.15128918722080292,0.11505057570664667,0.00011114047811133787,0.00011113116488559172,0.00011073069617850706
ray_gpis_uncertainty_only,L_Shaped,5,0,1,minus_x,minus_x,0.1139541378748059,0.1139541378748059,0.0,1.0,1.0,0.1139541378748059,0.04334496939105292,0.06517707223881852,0.00032425130484625697,0.00014581921277567744,0.0001462140935473144
ray_gpis_uncertainty_only,L_Shaped,5,0,2,minus_x,minus_x,0.14530607660195338,0.14530607660195338,0.0,1.0,0.5,0.14530607660195338,0.0563751206951173,0.037269064034935795,0.00023059750674292445,0.0001323504257015884,0.00018916110275313258
ray_gpis_uncertainty_only,L_Shaped,5,0,3,plus_z,minus_y,0.038951272342305776,0.046158117859619985,0.007206845517314209,0.0,0.0,0.03928856741948039,0.046158117859619985,0.038951272342305776,0.00011460686073405668,0.00011871585593326017,0.00011871585593326017
ray_gpis_uncertainty_only,L_Shaped,5,0,4,minus_x,plus_z,0.030368899791630044,0.035357205349430876,0.004988305557800832,0.0,0.5,0.030368899791630044,0.023225891557673406,0.035357205349430876,0.00012513826368376613,0.00010801682219607756,0.000108560714579653
ray_gpis_uncertainty_only,L_Shaped,11,0,0,minus_x,minus_y,0.07890750686587072,0.14302706130743187,0.06411955444156114,0.0,-0.5,0.07890750686587072,0.14302706130743187,0.10026158445654176,0.0004133136826567352,0.0003148244577459991,0.00020664947805926204
ray_gpis_uncertainty_only,L_Shaped,11,0,1,minus_x,minus_x,0.27660804794502025,0.27660804794502025,0.0,1.0,1.0,0.27660804794502025,0.007374363650554827,0.03814209348012587,0.0009740704554133117,0.00013624707935377955,0.00022384728072211146
ray_gpis_uncertainty_only,L_Shaped,11,0,2,minus_y,minus_x,0.08127743484101724,0.15061138686234532,0.06933395202132808,0.0,0.8660254037844387,0.15061138686234532,0.08127743484101724,0.015688855524976897,0.00025687197921797633,0.00025687197921797633,0.00011385435209376737
ray_gpis_uncertainty_only,L_Shaped,11,0,3,minus_x,minus_x,0.029094836762008636,0.029094836762008636,0.0,1.0,1.0,0.029094836762008636,0.028506367051093773,0.017168631754015506,0.0001410452532581985,0.00011970678315265104,0.00011588091001613066
ray_gpis_uncertainty_only,L_Shaped,11,0,4,minus_y,minus_y,0.07802359046430651,0.07802359046430651,0.0,1.0,1.0,0.029294441157553863,0.07802359046430651,0.05960774666333668,0.00010808760271174833,0.00011734494910342619,0.00011586973414523527
ray_gpis_uncertainty_only,L_Shaped,0,0,0,minus_x,plus_z,0.0739477748621129,0.08144999331555519,0.007502218453442289,0.0,0.0,0.0739477748621129,0.06078317292290214,0.08144999331555519,0.0002632478135637939,0.00025227497098967433,0.00025227497098967433
ray_gpis_uncertainty_only,L_Shaped,0,0,1,minus_x,plus_z,0.004506116013046679,0.05583249645798466,0.05132638044493798,0.0,-0.5,0.004506116013046679,0.027503752655021974,0.05583249645798466,0.0003263058024458587,0.00014591048238798976,0.00018021854339167476
ray_gpis_uncertainty_only,L_Shaped,0,0,2,minus_y,plus_z,0.10157152790413837,0.13181054834201955,0.03023902043788118,0.0,-1.0,0.11437819520738057,0.10157152790413837,0.13181054834201955,0.00010478699550731108,0.00010691041097743437,0.00010448897228343412
ray_gpis_uncertainty_only,L_Shaped,0,0,3,minus_x,minus_y,0.05467862816576885,0.07050774824602835,0.015829120080259496,0.0,-0.5,0.05467862816576885,0.07050774824602835,0.029510190539499437,0.00010489502892596647,0.00010333413229091093,0.00010370666132075712
ray_gpis_uncertainty_only,L_Shaped,0,0,4,plus_z,minus_x,0.06683596758510968,0.12435667025038766,0.05752070266527798,0.0,-0.8660254037844387,0.12435667025038766,0.08998207878336562,0.06683596758510968,0.00010363588080508634,0.00010363588080508634,0.0001042952571879141
ray_gpis_uncertainty_only,Cylinder,8,0,0,minus_x,minus_x,0.3136138510935407,0.3136138510935407,0.0,1.0,1.0,0.3136138510935407,0.16558241122619294,0.044022787159257504,0.00013783591566607356,0.00013568828580901027,0.0001317487913183868
ray_gpis_uncertainty_only,Cylinder,8,0,1,minus_x,minus_x,0.1252244186635395,0.1252244186635395,0.0,1.0,1.0,0.1252244186635395,0.12436674525115532,0.08467520840317411,0.00026805902598425746,0.00015916692791506648,0.00012397411046549678
ray_gpis_uncertainty_only,Cylinder,8,0,2,minus_y,minus_x,0.01122571785492854,0.08418063841044532,0.07295492055551678,0.0,-0.5,0.08418063841044532,0.01122571785492854,0.04888169392746411,0.00013432669220492244,0.00013560819206759334,0.00012869964120909572
ray_gpis_uncertainty_only,Cylinder,8,0,3,minus_x,minus_x,0.0762043709109671,0.0762043709109671,0.0,1.0,0.5,0.0762043709109671,0.060291514780662636,0.06922269721224394,0.00014007295249029994,0.00012817810056731105,0.00011998245463473722
ray_gpis_uncertainty_only,Cylinder,8,0,4,minus_x,minus_x,0.07565396513484501,0.07565396513484501,0.0,1.0,0.5,0.07565396513484501,0.034462800859399345,0.03704094937520275,0.00012101063475711271,0.00011356750474078581,0.000112423840619158
ray_gpis_uncertainty_only,Cylinder,13,0,0,minus_x,minus_x,0.25417572005567496,0.25417572005567496,0.0,1.0,1.0,0.25417572005567496,0.16436976941783382,0.12077672648707793,0.00013094040332362056,0.0001303052413277328,0.00012515316484495997
ray_gpis_uncertainty_only,Cylinder,13,0,1,minus_x,minus_x,0.1710023789531594,0.1710023789531594,0.0,1.0,1.0,0.1710023789531594,0.13851996301945324,0.1365218766573414,0.0008275287109427154,0.000701165001373738,0.00013615208445116878
ray_gpis_uncertainty_only,Cylinder,13,0,2,minus_x,minus_x,0.0841755021229168,0.0841755021229168,0.0,1.0,1.0,0.0841755021229168,0.07199305254187072,0.020068566672404753,0.00033322180388495326,0.00025592948077246547,0.00014175305841490626
ray_gpis_uncertainty_only,Cylinder,13,0,3,minus_x,minus_x,0.09178572443163868,0.09178572443163868,0.0,1.0,0.5,0.09178572443163868,0.0018461745317802647,0.05047976573430957,0.0002635924029164016,0.00015577877638861537,0.00011937523231608793
ray_gpis_uncertainty_only,Cylinder,13,0,4,minus_y,minus_y,0.058626641717037464,0.058626641717037464,0.0,1.0,0.8660254037844387,0.04755770389937275,0.058626641717037464,0.025635736575918888,0.0001135190759669058,0.00011384690151317045,0.0001135190759669058
ray_gpis_uncertainty_only,Cylinder,4,0,0,minus_x,minus_x,0.21011355696091383,0.21011355696091383,0.0,1.0,1.0,0.21011355696091383,0.08099527598596662,0.030862445339325084,0.0005874430644325912,0.0002772195148281753,0.00014515797374770045
ray_gpis_uncertainty_only,Cylinder,4,0,1,minus_x,minus_y,0.049699433953239835,0.1101915834493511,0.06049214949611126,0.0,0.5,0.049699433953239835,0.1101915834493511,0.02665819525889279,0.0002772325533442199,0.00016719120321795344,0.0001211484704981558
ray_gpis_uncertainty_only,Cylinder,4,0,2,minus_y,minus_x,0.1018486493855153,0.13067185282751215,0.028823203441996847,0.0,0.5,0.13067185282751215,0.1018486493855153,0.08534038431708701,0.00023083592532202601,0.00026083196280524135,0.00015747378347441554
ray_gpis_uncertainty_only,Cylinder,4,0,3,minus_x,minus_y,0.0854830638089481,0.09946089854848417,0.013977834739536066,0.0,0.5,0.0854830638089481,0.09946089854848417,0.04797756396503605,0.00015399063704535365,0.00013715977547690272,0.00013222749112173915
ray_gpis_uncertainty_only,Cylinder,4,0,4,plus_z,minus_y,0.016338849401389854,0.035205519111924266,0.01886666971053441,0.0,-0.5,0.021702956308773613,0.035205519111924266,0.016338849401389854,0.00011455470666987821,0.00011968070612056181,0.00013046915410086513
ray_gpis_uncertainty_only,Cylinder,1,0,0,minus_x,minus_x,0.19566169397458494,0.19566169397458494,0.0,1.0,1.0,0.19566169397458494,0.1552824841643144,0.05259951874635743,0.00047815049765631557,0.0002371596056036651,0.00016912090359255672
ray_gpis_uncertainty_only,Cylinder,1,0,1,minus_x,minus_x,0.1504900955981494,0.1504900955981494,0.0,1.0,1.0,0.1504900955981494,0.028977554907090863,0.020263962897950072,0.0004050342249684036,0.0002846272545866668,0.0002128204214386642
ray_gpis_uncertainty_only,Cylinder,1,0,2,minus_x,minus_x,0.07932127839551695,0.07932127839551695,0.0,1.0,0.8660254037844387,0.07932127839551695,0.04746525810129942,0.07132386944726954,0.00015400181291624904,0.00011916661605937406,0.00015400181291624904
ray_gpis_uncertainty_only,Cylinder,1,0,3,minus_x,minus_x,0.02402046058398366,0.02402046058398366,0.0,1.0,1.0,0.02402046058398366,0.012747060396032017,0.01394693618404963,0.00015160272596403956,0.00012942979810759425,0.00013270805357024074
ray_gpis_uncertainty_only,Cylinder,1,0,4,plus_z,minus_y,0.014345683124281416,0.018525061048968117,0.0041793779246867,0.0,-0.5,0.015539345708848407,0.018525061048968117,0.014345683124281416,0.00011785531387431547,0.00011849978909594938,0.0001219307814608328
ray_gpis_uncertainty_only,Cylinder,12,0,0,minus_x,minus_x,0.225961881023779,0.225961881023779,0.0,1.0,1.0,0.225961881023779,0.13112474031568055,0.05596501568563944,0.00012961047468706965,0.00012826937017962337,0.00012443418381735682
ray_gpis_uncertainty_only,Cylinder,12,0,1,minus_x,minus_x,0.13639473775159827,0.13639473775159827,0.0,1.0,1.0,0.13639473775159827,0.11758082541445714,0.0362453738405637,0.0003096872824244201,0.0002191329258494079,0.00017740967450663447
ray_gpis_uncertainty_only,Cylinder,12,0,2,minus_x,minus_x,0.1206854389080414,0.1206854389080414,0.0,1.0,1.0,0.1206854389080414,0.06903044674925063,0.03488424741982965,0.00020168180344626307,0.00019164587138220668,0.00011369043932063505
ray_gpis_uncertainty_only,Cylinder,12,0,3,minus_y,minus_y,0.03194240887230482,0.03194240887230482,0.0,1.0,1.0,0.030172031379286146,0.03194240887230482,0.02570593874818805,0.00011499429092509672,0.0001163651977549307,0.00011242011532885954
ray_gpis_uncertainty_only,Cylinder,12,0,4,minus_y,minus_x,0.02588484759738452,0.0351907068533438,0.009305859255959281,0.0,nan,0.0351907068533438,0.02588484759738452,0.030811159791500065,0.00011651793465716764,0.00011651793465716764,0.00011651793465716764
ray_gpis_uncertainty_only,Cylinder,7,0,0,minus_x,minus_x,0.14771037180041918,0.14771037180041918,0.0,1.0,1.0,0.14771037180041918,0.12003820490569955,0.11749947166339697,0.0005583019810728729,0.00041236187098547816,0.00014593283412978053
ray_gpis_uncertainty_only,Cylinder,7,0,1,minus_x,minus_x,0.16524863227602504,0.16524863227602504,0.0,1.0,1.0,0.16524863227602504,0.12391482035123458,0.08349134175991912,0.0003393312799744308,0.00017768720863386989,0.00017555634258314967
ray_gpis_uncertainty_only,Cylinder,7,0,2,minus_x,minus_x,0.14243085045953263,0.14243085045953263,0.0,1.0,0.5,0.14243085045953263,0.0914941065235162,0.04335900056108555,0.00020601245341822505,0.00016065331874415278,0.0001661891001276672
ray_gpis_uncertainty_only,Cylinder,7,0,3,minus_y,minus_y,0.016017945497036945,0.016017945497036945,0.0,1.0,1.0,0.003883405283186425,0.016017945497036945,-0.015102625794655933,0.00011574679956538603,0.00011873448238475248,0.00011378729686839506
ray_gpis_uncertainty_only,Cylinder,7,0,4,minus_x,minus_x,0.04830778959970916,0.04830778959970916,0.0,1.0,0.5,0.04830778959970916,0.02481135343436658,0.03380928501573821,0.00011493841157061979,0.00011298263416392729,0.00011255422577960417
ray_gpis_uncertainty_only,Cylinder,14,0,0,minus_x,minus_x,0.14867403010371982,0.14867403010371982,0.0,1.0,0.5,0.14867403010371982,0.07928409351343274,0.09558197097847826,0.0008852632599882782,0.0006382522988133132,0.00023142079589888453
ray_gpis_uncertainty_only,Cylinder,14,0,1,minus_x,minus_x,0.09722164591502636,0.09722164591502636,0.0,1.0,0.5,0.09722164591502636,0.036234593353237976,0.05910536366041641,0.00037428567884489894,0.0002611411619000137,0.0002521948772482574
ray_gpis_uncertainty_only,Cylinder,14,0,2,plus_z,minus_x,0.04263627249613955,0.12174439935109904,0.07910812685495949,0.0,-0.5,0.12174439935109904,0.07275263866181803,0.04263627249613955,0.0003066046047024429,0.00013811903772875667,0.00030980276642367244
ray_gpis_uncertainty_only,Cylinder,14,0,3,minus_x,minus_x,0.1331050290453183,0.1331050290453183,0.0,1.0,1.0,0.1331050290453183,0.04129032088866513,0.021602895588820115,0.0003295896458439529,0.00016784126637503505,0.00016472319839522243
ray_gpis_uncertainty_only,Cylinder,14,0,4,plus_z,minus_y,0.013077571851880077,0.0336353385532292,0.020557766701349123,0.0,-0.8660254037844387,0.020579069598749,0.0336353385532292,0.013077571851880077,0.00011867487773997709,0.00011207366333110258,0.00011867487773997709
ray_gpis_uncertainty_only,Cylinder,2,0,0,minus_x,minus_x,0.22832931898119696,0.22832931898119696,0.0,1.0,1.0,0.22832931898119696,0.1810184098263255,0.15525699100815754,0.00012660975335165858,0.0001254623639397323,0.00012361089466139674
ray_gpis_uncertainty_only,Cylinder,2,0,1,minus_x,minus_x,0.06316375481592884,0.06316375481592884,0.0,1.0,0.5,0.06316375481592884,0.009185581474360993,-0.016116763800744116,0.00042837316868826747,0.00014713051496073604,0.0001471640425734222
ray_gpis_uncertainty_only,Cylinder,2,0,2,minus_x,minus_x,0.1965257581471438,0.1965257581471438,0.0,1.0,1.0,0.1965257581471438,0.05311367061873573,0.14533161975197362,0.00014021078823134303,0.0001123456095228903,0.0001289455103687942
ray_gpis_uncertainty_only,Cylinder,2,0,3,plus_z,minus_x,0.025070145006080957,0.04260040683044175,0.017530261824360793,0.0,0.0,0.04260040683044175,0.030679034796345706,0.025070145006080957,0.00011211464152438566,0.00011197308049304411,0.00011211464152438566
ray_gpis_uncertainty_only,Cylinder,2,0,4,plus_z,plus_z,0.03272975568649139,0.03272975568649139,0.0,1.0,0.8660254037844387,0.012626100847970001,0.029115533236498625,0.03272975568649139,0.00011077353701693937,0.00011225247726542875,0.00011225247726542875
ray_gpis_uncertainty_only,Cylinder,6,0,0,minus_x,minus_x,0.207747895895054,0.207747895895054,0.0,1.0,0.5,0.207747895895054,0.12296842558576276,0.125273423882369,0.0009628200787119567,0.0006674492615275085,0.0003070516395382583
ray_gpis_uncertainty_only,Cylinder,6,0,1,minus_x,minus_x,0.12715498897544897,0.12715498897544897,0.0,1.0,1.0,0.12715498897544897,0.07016325090702435,0.011649914860765609,0.00045377406058833003,0.00041404570220038295,0.00011935660586459562
ray_gpis_uncertainty_only,Cylinder,6,0,2,minus_x,minus_y,0.09665732244793557,0.10332097525110429,0.006663652803168718,0.0,0.5,0.09665732244793557,0.10332097525110429,0.03430330279924798,0.00035754794953390956,0.0002814253675751388,0.0001523142564110458
ray_gpis_uncertainty_only,Cylinder,6,0,3,minus_x,minus_y,0.06665422088033646,0.08716638134240895,0.020512160462072493,0.0,0.0,0.06665422088033646,0.08716638134240895,0.07405738985319932,0.0001213831637869589,0.0001213831637869589,0.00011988559708697721
ray_gpis_uncertainty_only,Cylinder,6,0,4,minus_y,minus_x,0.013135471993583003,0.02395301294789809,0.010817540954315086,0.0,0.5,0.02395301294789809,0.013135471993583003,0.012532073725854631,0.0001129416559706442,0.00011403316602809355,0.00011280754551989958
ray_gpis_uncertainty_only,Cylinder,3,0,0,minus_x,minus_x,0.16984674007545064,0.16984674007545064,0.0,1.0,1.0,0.16984674007545064,0.15047230405979733,0.11132724657598014,0.0001354740816168487,0.00013311224756762385,0.00012809800682589412
ray_gpis_uncertainty_only,Cylinder,3,0,1,minus_x,minus_x,0.21057136509647068,0.21057136509647068,0.0,1.0,1.0,0.21057136509647068,0.11408469270093657,0.07231679981501582,0.0005948079633526504,0.0003149995463900268,0.0001344626653008163
ray_gpis_uncertainty_only,Cylinder,3,0,2,minus_y,minus_x,0.07103707309576679,0.07381055674249315,0.00277348364672636,0.0,0.0,0.07381055674249315,0.07103707309576679,0.026176407434555515,0.00012999045429751277,0.00013891624985262752,0.00012999045429751277
ray_gpis_uncertainty_only,Cylinder,3,0,3,minus_x,minus_x,0.08783839835802021,0.08783839835802021,0.0,1.0,1.0,0.08783839835802021,0.01355961926758631,0.044419419582502506,0.00012762675760313869,0.00011404434189898893,0.00011414865002734587
ray_gpis_uncertainty_only,Cylinder,3,0,4,minus_x,minus_x,0.03807545816130731,0.03807545816130731,0.0,1.0,1.0,0.03807545816130731,0.005976868683436387,0.0076974576006929585,0.0001219307814608328,0.00011211464152438566,0.00011571327195269987
ray_gpis_uncertainty_only,Cylinder,9,0,0,minus_x,minus_x,0.1369507732463553,0.1369507732463553,0.0,1.0,1.0,0.1369507732463553,0.03300224946756003,0.015187665539351969,0.0007610956090502441,0.0005268288659863174,0.0001776704448275268
ray_gpis_uncertainty_only,Cylinder,9,0,1,minus_x,minus_x,0.19245064221557917,0.19245064221557917,0.0,1.0,0.5,0.19245064221557917,0.08497606272247538,0.07689814700294251,0.0007151143508963287,0.0001965576666407287,0.00020001287339255214
ray_gpis_uncertainty_only,Cylinder,9,0,2,plus_z,minus_x,0.02763581351637978,0.08878307894743875,0.06114726543105897,0.0,-0.5,0.08878307894743875,0.05202541113721926,0.02763581351637978,0.0001459905761294067,0.00012518855510279536,0.0001600647228769958
ray_gpis_uncertainty_only,Cylinder,9,0,3,minus_x,minus_x,0.07930438224543934,0.07930438224543934,0.0,1.0,1.0,0.07930438224543934,0.037112270356206456,0.03962580081331779,0.00014799664495512843,0.00011747905955417082,0.00013938749907538295
ray_gpis_uncertainty_only,Cylinder,9,0,4,minus_y,minus_y,0.03471829640550261,0.03471829640550261,0.0,1.0,0.5,0.008503357549415225,0.03471829640550261,0.013393151818079319,0.0001111907695303671,0.00012069025979144499,0.00011060589895350859
ray_gpis_uncertainty_only,Cylinder,10,0,0,minus_x,minus_x,0.23626185960615037,0.23626185960615037,0.0,1.0,1.0,0.23626185960615037,0.09323352311749528,0.07533850498347044,0.0004650113987736404,0.000218585308175534,0.00015295128105208278
ray_gpis_uncertainty_only,Cylinder,10,0,1,minus_x,minus_x,0.17386312656958414,0.17386312656958414,0.0,1.0,0.5,0.17386312656958414,0.10472094645947982,0.10528797212860042,0.000256732280831784,0.00015684793470427394,0.00014562736032530665
ray_gpis_uncertainty_only,Cylinder,10,0,2,minus_x,plus_z,0.06271344010126767,0.06853268509880317,0.0058192449975355,0.0,-1.0,0.06271344010126767,0.06532819410056301,0.06853268509880317,0.0001529829460196197,0.00015119853196665645,0.00012681278167292476
ray_gpis_uncertainty_only,Cylinder,10,0,3,plus_z,minus_y,0.016536137591692146,0.05405649993885275,0.03752036234716061,0.0,0.0,0.04463367112960959,0.05405649993885275,0.016536137591692146,0.0001159740422735922,0.00013288314221426845,0.00013288314221426845
ray_gpis_uncertainty_only,Cylinder,10,0,4,plus_z,minus_y,0.005520915992980213,0.059189618050381476,0.05366870205740126,0.0,-1.0,0.04016171998772933,0.059189618050381476,0.005520915992980213,0.00013034621952101588,0.00012017616973025724,0.00013172085164114833
ray_gpis_uncertainty_only,Cylinder,5,0,0,minus_x,minus_x,0.21331325679151764,0.21331325679151764,0.0,1.0,1.0,0.21331325679151764,0.12332254307771295,0.05874300876332578,0.00013012829003855586,0.00012861582217738032,0.0001250767963938415
ray_gpis_uncertainty_only,Cylinder,5,0,1,minus_x,minus_x,0.17709853775427553,0.17709853775427553,0.0,1.0,1.0,0.17709853775427553,0.14385022179929507,0.10257876304969826,0.0003788864123634994,0.00027614476857706904,0.00020561943529173732
ray_gpis_uncertainty_only,Cylinder,5,0,2,minus_x,minus_x,0.13170884464339816,0.13170884464339816,0.0,1.0,0.5,0.13170884464339816,0.05283033580396301,0.03744586238318426,0.00018198246834799647,0.00014388764975592494,0.00017323921201750636
ray_gpis_uncertainty_only,Cylinder,5,0,3,minus_x,minus_x,0.044592491577509996,0.044592491577509996,0.0,1.0,1.0,0.044592491577509996,0.022279900376938833,0.012866408663872564,0.00015052611706778407,0.0001411421108059585,0.00011545250163180754
ray_gpis_uncertainty_only,Cylinder,5,0,4,minus_y,plus_z,0.024928023745589778,0.026854390796075878,0.0019263670504860997,0.0,-0.5,0.006927478239630247,0.024928023745589778,0.026854390796075878,0.00011395120964152738,0.00011492351040942594,0.00011205503687961027
ray_gpis_uncertainty_only,Cylinder,11,0,0,minus_x,minus_x,0.1635085406352753,0.1635085406352753,0.0,1.0,0.5,0.1635085406352753,0.07845847797511157,0.11623473534251427,0.0006416348624043167,0.00018110888777300715,0.00016595999477431178
ray_gpis_uncertainty_only,Cylinder,11,0,1,minus_x,minus_x,0.1626565347423946,0.1626565347423946,0.0,1.0,0.0,0.1626565347423946,0.13221943084462606,0.14640407142967393,0.00019232387421652675,0.00019232387421652675,0.0001576451468281448
ray_gpis_uncertainty_only,Cylinder,11,0,2,minus_y,minus_y,0.11705497648477026,0.11705497648477026,0.0,1.0,0.8660254037844387,0.07582926761914421,0.11705497648477026,0.06091976507934571,0.0001372305559925735,0.0001372305559925735,0.00011866556451423094
ray_gpis_uncertainty_only,Cylinder,11,0,3,minus_x,minus_x,0.030306305086226004,0.030306305086226004,0.0,1.0,0.5,0.030306305086226004,0.00637556827594965,0.0003628213308871642,0.00012080201850039884,0.00011272186384303495,0.00011361593351466581
ray_gpis_uncertainty_only,Cylinder,11,0,4,minus_x,minus_x,0.05127032146993604,0.05127032146993604,0.0,1.0,1.0,0.05127032146993604,0.0012090257125427772,0.0020521809218546627,0.00012469867942854762,0.0001107027565012686,0.00012027675256831571
ray_gpis_uncertainty_only,Cylinder,0,0,0,minus_x,minus_x,0.2830613259771652,0.2830613259771652,0.0,1.0,1.0,0.2830613259771652,0.2509194258351977,0.23372749908001839,0.00012680160580202937,0.0001258106785826385,0.00012051517114741728
ray_gpis_uncertainty_only,Cylinder,0,0,1,minus_x,minus_x,0.22050586438214848,0.22050586438214848,0.0,1.0,0.5,0.22050586438214848,0.010060829959522288,0.053870758066882796,0.0004511421429924667,0.00024003366706892848,0.00012181157217128202
ray_gpis_uncertainty_only,Cylinder,0,0,2,minus_x,minus_x,0.07215468664561386,0.07215468664561386,0.0,1.0,0.5,0.07215468664561386,0.024118769271346263,0.014004567205839313,0.00016605498967692256,0.00011536681995494291,0.0001546556013636291
ray_gpis_uncertainty_only,Cylinder,0,0,3,minus_x,minus_x,0.04717765095120019,0.04717765095120019,0.0,1.0,0.0,0.04717765095120019,0.0069047995361484205,0.0017840581249110032,0.00016034598229452968,0.00011138448462588713,0.00016034598229452968
ray_gpis_uncertainty_only,Cylinder,0,0,4,minus_x,minus_x,0.025736718175114692,0.025736718175114692,0.0,1.0,0.8660254037844387,0.025736718175114692,0.006456597639154182,0.008828168127793079,0.00013205985305830836,0.00011091882333857939,0.00013205985305830836
ray_gpis_uncertainty_only,Cross,8,0,0,minus_x,minus_x,0.14381983071747967,0.14381983071747967,0.0,1.0,1.0,0.14381983071747967,0.10371908993471907,0.029631339462913464,0.0001157635633717291,0.00011545808956725523,0.00011424923286540434
ray_gpis_uncertainty_only,Cross,8,0,1,plus_z,minus_x,0.15145289007385726,0.262950470969241,0.11149758089538375,0.0,0.8660254037844387,0.262950470969241,0.10805727379875646,0.15145289007385726,0.0001452939468435943,0.00011063570127589628,0.0001452939468435943
ray_gpis_uncertainty_only,Cross,8,0,2,minus_x,minus_y,0.09126240485045445,0.12471250633549791,0.03345010148504346,0.0,-0.8660254037844387,0.09126240485045445,0.12471250633549791,0.03921927002893044,0.00011698359594447538,0.00011086666927440092,0.00011698359594447538
ray_gpis_uncertainty_only,Cross,8,0,3,minus_y,minus_y,0.12780749239441558,0.12780749239441558,0.0,1.0,1.0,0.06713857367846399,0.12780749239441558,0.01417932780771991,0.00011652911052806303,0.00013476813910529017,0.00010978633508784696
ray_gpis_uncertainty_only,Cross,8,0,4,minus_x,minus_y,0.07200840366733496,0.07817190846367583,0.0061635047963408685,0.0,0.8660254037844387,0.07200840366733496,0.07817190846367583,0.02675087601862358,0.00010990181908709928,0.00010990181908709928,0.00010656395897967741
ray_gpis_uncertainty_only,Cross,13,0,0,minus_x,minus_x,0.318987120512535,0.318987120512535,0.0,1.0,1.0,0.318987120512535,0.12693746521185428,0.07815599879737628,0.00011187808559043333,0.00011165643081767485,0.0001106189374695532
ray_gpis_uncertainty_only,Cross,13,0,1,minus_x,minus_x,0.19739617461657422,0.19739617461657422,0.0,1.0,0.5,0.19739617461657422,0.06701442224179299,0.021343103877543013,0.00016006844816729426,0.00011445598647696897,0.00015920231817290187
ray_gpis_uncertainty_only,Cross,13,0,2,minus_x,minus_x,0.047885938929574934,0.047885938929574934,0.0,1.0,0.8660254037844387,0.047885938929574934,0.025362964811650235,0.029258843875263008,0.0001095777188311331,0.00010884756193263456,0.0001095777188311331
ray_gpis_uncertainty_only,Cross,13,0,3,minus_x,plus_z,0.02018724198391897,0.032082265141330835,0.011895023157411866,0.0,-0.5,0.02018724198391897,0.014949626848220654,0.032082265141330835,0.00010976770863635466,0.00010900402412516996,0.00010791251406772062
ray_gpis_uncertainty_only,Cross,13,0,4,plus_z,minus_x,0.01271968937801371,0.03545101426756003,0.022731324889546323,0.0,0.5,0.03545101426756003,0.008621539306554515,0.01271968937801371,0.00010921636567218229,0.00010850856051547453,0.00011021101818187162
ray_gpis_uncertainty_only,Cross,4,0,0,minus_x,minus_x,0.25671615746060295,0.25671615746060295,0.0,1.0,1.0,0.25671615746060295,0.114355754958815,0.03870338488891151,0.0004671180504374206,0.0003060458111576736,0.00012304651318117976
ray_gpis_uncertainty_only,Cross,4,0,1,minus_x,minus_x,0.09747488053302245,0.09747488053302245,0.0,1.0,0.5,0.09747488053302245,0.043266375826367165,0.01701745302934421,0.00020096282241865993,0.00011589022324187681,0.00011700781033141539
ray_gpis_uncertainty_only,Cross,4,0,2,minus_x,minus_x,0.1304202419166376,0.1304202419166376,0.0,1.0,0.8660254037844387,0.1304202419166376,0.07920789515284055,0.0778373401076452,0.00013659725664183497,0.0001256896066479385,0.0001256896066479385
ray_gpis_uncertainty_only,Cross,4,0,3,minus_x,minus_x,0.02825435937989751,0.02825435937989751,0.0,1.0,1.0,0.02825435937989751,0.024291116952984804,0.006486274376533596,0.00010930577263934538,0.00010803544864756986,0.00010701844439608976
ray_gpis_uncertainty_only,Cross,4,0,4,minus_y,minus_y,0.043464470799511545,0.043464470799511545,0.0,1.0,1.0,0.022305739089480414,0.043464470799511545,0.014915508266039601,0.00010915303573710844,0.00010994652257068083,0.00010689550981624052
ray_gpis_uncertainty_only,Cross,1,0,0,minus_x,minus_x,0.11980057672383448,0.11980057672383448,0.0,1.0,1.0,0.11980057672383448,0.06742397720838028,0.04572439080071533,0.0004899335908703506,0.00023854355094954371,0.0002097451942972839
ray_gpis_uncertainty_only,Cross,1,0,1,minus_x,plus_z,0.17580236541296546,0.19031130779785843,0.014508942384892975,0.0,-0.5,0.17580236541296546,0.14731227713531558,0.19031130779785843,0.0004187414306215942,0.00038048269925639033,0.00015678646741434932
ray_gpis_uncertainty_only,Cross,1,0,2,minus_y,minus_x,0.10550614377135936,0.1762892442129046,0.07078310044154523,0.0,0.5,0.1762892442129046,0.10550614377135936,0.10030259528220664,0.0001626165467314422,0.0001702459412626922,0.00011712701962096617
ray_gpis_uncertainty_only,Cross,1,0,3,minus_x,minus_x,0.03350608441725755,0.03350608441725755,0.0,1.0,1.0,0.03350608441725755,0.0307652089066609,0.026356940049704347,0.0001320263254456222,0.00011471861944301054,0.00010865384683711454
ray_gpis_uncertainty_only,Cross,1,0,4,minus_y,minus_y,0.054658692554154564,0.054658692554154564,0.0,1.0,0.5,0.03049694249037005,0.054658692554154564,0.054493839558879764,0.00011586228356463835,0.00012394989607855678,0.00011445039854152128
ray_gpis_uncertainty_only,Cross,12,0,0,minus_x,minus_x,0.3016778336328534,0.3016778336328534,0.0,1.0,1.0,0.3016778336328534,0.2496838751056415,0.24097849438235297,0.0005091914790682495,0.00032541173277422786,0.000151267449837178
ray_gpis_uncertainty_only,Cross,12,0,1,minus_y,minus_x,0.11980653650088602,0.12411359630658902,0.004307059805703006,0.0,0.8660254037844387,0.12411359630658902,0.11980653650088602,0.04786933762504775,0.00015305931447073817,0.00015305931447073817,0.0001269711065106094
ray_gpis_uncertainty_only,Cross,12,0,2,minus_x,minus_x,0.08332009248840389,0.08332009248840389,0.0,1.0,1.0,0.08332009248840389,0.06671439052523043,0.04000847922866735,0.00014528835890814662,0.0001272057997994125,0.00011737847671611235
ray_gpis_uncertainty_only,Cross,12,0,3,plus_z,minus_x,0.06078801580698312,0.06452475079004416,0.003736734983061041,0.0,0.5,0.06452475079004416,0.05440451230013965,0.06078801580698312,0.00011813843593699858,0.000110173765278887,0.0001206008528242819
ray_gpis_uncertainty_only,Cross,12,0,4,minus_y,minus_y,0.053010175815622174,0.053010175815622174,0.0,1.0,1.0,0.03253253160247649,0.053010175815622174,0.028658569706946246,0.0001077187989722006,0.00010788643703563139,0.00010763311729533598
ray_gpis_uncertainty_only,Cross,7,0,0,minus_x,minus_x,0.2234549639730926,0.2234549639730926,0.0,1.0,1.0,0.2234549639730926,0.10759393252652755,0.09110594580071746,0.00036669353721663356,0.00018131936667487025,0.00011629441723925993
ray_gpis_uncertainty_only,Cross,7,0,1,minus_x,minus_x,0.1734706822820059,0.1734706822820059,0.0,1.0,0.5,0.1734706822820059,0.03984633679964977,0.060414332247621605,0.0001571217435412109,0.00014251115499064326,0.00013531948206946254
ray_gpis_uncertainty_only,Cross,7,0,2,minus_y,minus_x,-0.04468645114077552,-0.03435958999927524,0.010326861141500276,0.0,0.5,-0.03435958999927524,-0.04468645114077552,-0.05917042293716479,0.0001317189889959991,0.0001454075681976974,0.00010902265057666227
ray_gpis_uncertainty_only,Cross,7,0,3,minus_y,plus_z,0.09037810548674585,0.09392810671214391,0.0035500012253980584,0.0,0.5,0.05489857595244374,0.09037810548674585,0.09392810671214391,0.00010998005018336698,0.00011419707880122587,0.00011377612099749967
ray_gpis_uncertainty_only,Cross,7,0,4,minus_y,minus_x,0.047907069161021054,0.05474683038132466,0.0068397612203036084,0.0,0.8660254037844387,0.05474683038132466,0.047907069161021054,0.0352635434211277,0.0001293180393986404,0.0001293180393986404,0.00010507384286029264
ray_gpis_uncertainty_only,Cross,14,0,0,minus_x,minus_x,0.19268043137371377,0.19268043137371377,0.0,1.0,0.5,0.19268043137371377,0.02709024327980397,0.04828123325523476,0.00012118758604628965,0.00012110376701457426,0.00011833028838736936
ray_gpis_uncertainty_only,Cross,14,0,1,minus_x,minus_x,0.17746583915849756,0.17746583915849756,0.0,1.0,1.0,0.17746583915849756,0.0802647472581377,0.04949034800193075,0.00030668656108900905,0.000208657409530133,0.00011979991541011259
ray_gpis_uncertainty_only,Cross,14,0,2,minus_y,minus_y,0.045889589540812126,0.045889589540812126,0.0,1.0,0.5,0.015437880909367485,0.045889589540812126,0.023244421171735197,0.0001101793532143347,0.00011063570127589628,0.00010826269135577604
ray_gpis_uncertainty_only,Cross,14,0,3,minus_x,plus_z,0.009584404808301028,0.03174498073090137,0.022160575922600345,0.0,-0.8660254037844387,0.009584404808301028,0.025759310731836682,0.03174498073090137,0.00010777840361697599,0.00010777840361697599,0.00010726058826548979
ray_gpis_uncertainty_only,Cross,14,0,4,minus_y,minus_x,0.011271742623507497,0.024900786874188285,0.013629044250680789,0.0,0.5,0.024900786874188285,0.011271742623507497,0.004335695461796019,0.00010753998503787443,0.00010760704026324674,0.00010625475988490507
ray_gpis_uncertainty_only,Cross,2,0,0,minus_x,minus_x,0.20417186779123958,0.20417186779123958,0.0,1.0,1.0,0.20417186779123958,0.17340607928019808,0.12473214948220718,0.00011518986866576597,0.00011482292757136747,0.00011360475764377043
ray_gpis_uncertainty_only,Cross,2,0,1,minus_x,minus_x,0.13327481605535063,0.13327481605535063,0.0,1.0,1.0,0.13327481605535063,0.06888595156454691,0.06338767233502685,0.0003250485169701278,0.00014277378795668483,0.00011529045150382444
ray_gpis_uncertainty_only,Cross,2,0,2,minus_x,minus_x,0.04996107112486792,0.04996107112486792,0.0,1.0,0.5,0.04996107112486792,0.0033347106824945794,-0.012176363983580352,0.0001587590086273849,0.00011580267891986296,0.00011915916547877714
ray_gpis_uncertainty_only,Cross,2,0,3,minus_x,minus_x,0.015278410207057114,0.015278410207057114,0.0,1.0,0.5,0.015278410207057114,0.009236657024137118,0.007100250340230652,0.0001195056174765341,0.00010721588478190824,0.00011224875197513029
ray_gpis_uncertainty_only,Cross,2,0,4,minus_x,minus_x,0.05046014053013115,0.05046014053013115,0.0,1.0,1.0,0.05046014053013115,0.01609250598116707,0.026896359331609165,0.0001161118780146353,0.00010750645742518827,0.00011321360216243193
ray_gpis_uncertainty_only,Cross,6,0,0,minus_x,minus_y,0.18332517857135316,0.1959792483119855,0.012654069740632323,0.0,0.5,0.18332517857135316,0.1959792483119855,0.10546518185519421,0.0002537110703997314,0.00020406971452757716,0.00011396797344787046
ray_gpis_uncertainty_only,Cross,6,0,1,minus_x,minus_x,0.14582318746899248,0.14582318746899248,0.0,1.0,1.0,0.14582318746899248,0.04516082373778929,0.03856158873350268,0.00019823777256533504,0.00017991306958720088,0.00010984407708747312
ray_gpis_uncertainty_only,Cross,6,0,2,plus_z,plus_z,0.08861653006877723,0.08861653006877723,0.0,1.0,0.8660254037844387,0.07898674738670342,0.0208592373071389,0.08861653006877723,0.00014094094512984157,0.00011242197797400877,0.00014094094512984157
ray_gpis_uncertainty_only,Cross,6,0,3,minus_x,minus_x,0.060950481534998935,0.060950481534998935,0.0,1.0,1.0,0.060950481534998935,0.0043989450632240246,0.0037444151570750206,0.0001387467491440475,0.00010978633508784696,0.00010726803884608671
ray_gpis_uncertainty_only,Cross,6,0,4,plus_z,plus_z,0.018865188856988402,0.018865188856988402,0.0,1.0,1.0,0.015086636158398559,0.0009992518108605797,0.018865188856988402,0.0001079534922610037,0.00010652298078639433,0.00010846013174159452
ray_gpis_uncertainty_only,Cross,3,0,0,minus_x,minus_x,0.2509583075936289,0.2509583075936289,0.0,1.0,1.0,0.2509583075936289,0.14125915845215775,0.09159976391967939,0.000380858953576535,0.0003498608130030334,0.00013007241068407893
ray_gpis_uncertainty_only,Cross,3,0,1,minus_x,minus_x,0.1383283300421414,0.1383283300421414,0.0,1.0,1.0,0.1383283300421414,0.09166508009382879,0.030361500094296834,0.00015314872143790126,0.00011846253619296476,0.00011459382221801206
ray_gpis_uncertainty_only,Cross,3,0,2,minus_x,minus_y,0.009310381125520628,0.04463857968573348,0.03532819856021285,0.0,-0.8660254037844387,0.009310381125520628,0.04463857968573348,0.028491124514416155,0.00013071129797026515,0.00011183151946170256,0.00013071129797026515
ray_gpis_uncertainty_only,Cross,3,0,3,plus_z,minus_x,0.01211960940436585,0.026607669664774902,0.014488060260409052,0.0,-0.5,0.026607669664774902,0.012192493109270508,0.01211960940436585,0.0001296793925575912,0.00012087652430636808,0.00013202260015532374
ray_gpis_uncertainty_only,Cross,3,0,4,minus_x,minus_x,0.03328978326935894,0.03328978326935894,0.0,1.0,0.5,0.03328978326935894,0.03215330176592468,0.0034448070399887287,0.00013265589950606227,0.00011005455598933622,0.00012119317398173735
ray_gpis_uncertainty_only,Cross,9,0,0,minus_x,minus_x,0.2271663644847997,0.2271663644847997,0.0,1.0,1.0,0.2271663644847997,0.07225581198996095,0.05979183236472002,0.00010953674063785002,0.00010922195360762998,0.00010825337813002989
ray_gpis_uncertainty_only,Cross,9,0,1,minus_x,minus_x,0.12850201050174792,0.12850201050174792,0.0,1.0,1.0,0.12850201050174792,0.07642921011533721,0.10183239953043943,0.00015368516324087977,0.0001167135123978369,0.0001327415811829269
ray_gpis_uncertainty_only,Cross,9,0,2,minus_x,minus_x,0.0624181821836417,0.0624181821836417,0.0,1.0,0.0,0.0624181821836417,0.046515945882379284,0.040850993128841995,0.00013069453416392207,0.00012213009176775813,0.00013069453416392207
ray_gpis_uncertainty_only,Cross,9,0,3,minus_y,minus_y,0.05606969000232753,0.05606969000232753,0.0,1.0,0.8660254037844387,0.028440644116793257,0.05606969000232753,0.03729929228754014,0.0001091567610274069,0.00011536309466464445,0.0001091567610274069
ray_gpis_uncertainty_only,Cross,9,0,4,plus_z,minus_y,0.013324815356968611,0.02106664164805816,0.0077418262910895486,0.0,-0.8660254037844387,0.020417502015017575,0.02106664164805816,0.013324815356968611,0.00011127645120723173,0.0001070631478796713,0.00011127645120723173
ray_gpis_uncertainty_only,Cross,10,0,0,minus_x,minus_x,0.17202967901037458,0.17202967901037458,0.0,1.0,1.0,0.17202967901037458,0.17162836409207516,0.09908170719040144,0.0001965930568985641,0.00014652888057753444,0.00011599639401538298
ray_gpis_uncertainty_only,Cross,10,0,1,minus_x,minus_x,0.16422600987621716,0.16422600987621716,0.0,1.0,1.0,0.16422600987621716,0.08187207935446017,0.08011708288803299,0.00018800998805090785,0.00013133900938555598,0.00012442487059161067
ray_gpis_uncertainty_only,Cross,10,0,2,minus_x,minus_x,0.11067846711780283,0.11067846711780283,0.0,1.0,1.0,0.11067846711780283,0.04359070877376359,0.049972184001891407,0.00014960597036406398,0.00012901256559416652,0.0001357739674858749
ray_gpis_uncertainty_only,Cross,10,0,3,minus_y,minus_y,0.03992910839059205,0.03992910839059205,0.0,1.0,1.0,0.03132033080611074,0.03992910839059205,0.021212024618509795,0.00010894069419009611,0.00011180171713931486,0.0001074841056833975
ray_gpis_uncertainty_only,Cross,10,0,4,minus_y,minus_x,0.02623871748065587,0.027262725205757565,0.0010240077251016944,0.0,0.5,0.027262725205757565,0.02623871748065587,0.0037827697811660954,0.0001069364880095236,0.00010746920452220365,0.0001061839793692343
ray_gpis_uncertainty_only,Cross,5,0,0,minus_x,minus_x,0.2044443455599826,0.2044443455599826,0.0,1.0,1.0,0.2044443455599826,0.0953818185791313,0.0867746499724924,0.00011124851152999327,0.00011105852172477171,0.00010953860328299925
ray_gpis_uncertainty_only,Cross,5,0,1,minus_x,minus_x,0.14508344214015934,0.14508344214015934,0.0,1.0,1.0,0.14508344214015934,0.05922784923521707,0.03464894001019525,0.0002848172443918884,0.00015908683417364955,0.00013661215780302882
ray_gpis_uncertainty_only,Cross,5,0,2,minus_y,minus_y,0.11587166183552122,0.11587166183552122,0.0,1.0,0.8660254037844387,0.01585246085359482,0.11587166183552122,0.07875842084592166,0.00011322105274302885,0.00011456029460532591,0.00011322105274302885
ray_gpis_uncertainty_only,Cross,5,0,3,minus_x,minus_y,0.005182919745070236,0.034764401863706884,0.02958148211863665,0.0,-1.0,0.005182919745070236,0.034764401863706884,0.02038490952956462,0.00011535936937434599,0.00010709667549235746,0.00010829994425876066
ray_gpis_uncertainty_only,Cross,5,0,4,minus_x,plus_z,-0.00510039889579339,-0.00023821830786352471,0.004862180587929865,0.0,0.5,-0.00510039889579339,-0.010443713918114828,-0.00023821830786352471,0.00011491605982882902,0.00010727548942668363,0.00010964477405650541
ray_gpis_uncertainty_only,Cross,11,0,0,minus_x,minus_x,0.18259061366196477,0.18259061366196477,0.0,1.0,1.0,0.18259061366196477,0.18180377731102793,0.17166549587577196,0.00025684776483103633,0.00015124696074053645,0.00014799850760027766
ray_gpis_uncertainty_only,Cross,11,0,1,minus_x,minus_x,0.1855596108771695,0.1855596108771695,0.0,1.0,1.0,0.1855596108771695,0.07529843707954281,0.05948428230561659,0.00022622774122282863,0.00015784631250426173,0.00012619810877367854
ray_gpis_uncertainty_only,Cross,11,0,2,minus_y,plus_z,0.007294048346719428,0.029260940289510318,0.02196689194279089,0.0,-1.0,0.029213116365939373,0.007294048346719428,0.029260940289510318,0.00014017726061865687,0.00014578382251784205,0.00012214126763865352
ray_gpis_uncertainty_only,Cross,11,0,3,minus_y,minus_x,0.10115523147105343,0.1015412765603545,0.00038604508930106807,0.0,0.8660254037844387,0.1015412765603545,0.10115523147105343,0.08639135485834992,0.00011018494114978239,0.00011018494114978239,0.00010939890489680693
ray_gpis_uncertainty_only,Cross,11,0,4,plus_z,minus_x,0.019999335513779193,0.03022328442176181,0.010223948907982616,0.0,0.8660254037844387,0.03022328442176181,0.018204861644132042,0.019999335513779193,0.00010846013174159452,0.00010566616401774809,0.00010846013174159452
ray_gpis_uncertainty_only,Cross,0,0,0,minus_x,minus_x,0.23602319612760114,0.23602319612760114,0.0,1.0,1.0,0.23602319612760114,0.16157717541414712,0.14259066458847253,0.00010675953672034666,0.00010664591536624357,0.00010550783918006346
ray_gpis_uncertainty_only,Cross,0,0,1,minus_x,minus_x,0.21599806372552133,0.21599806372552133,0.0,1.0,1.0,0.21599806372552133,0.13675833673544058,0.10728178524410559,0.00011021846876246855,0.00011012719915015623,0.00011005828127963468
ray_gpis_uncertainty_only,Cross,0,0,2,minus_y,minus_y,0.024900530545367117,0.024900530545367117,0.0,1.0,1.0,0.006390514197746722,0.024900530545367117,-0.03491082140766155,0.0001233743387274444,0.00012972409604117274,0.0001088196222553961
ray_gpis_uncertainty_only,Cross,0,0,3,minus_x,minus_x,0.08105257405918576,0.08105257405918576,0.0,1.0,0.8660254037844387,0.08105257405918576,0.07273358614606773,0.07716044590337612,0.00010947713599307463,0.00010695138917071745,0.00010695138917071745
ray_gpis_uncertainty_only,Cross,0,0,4,minus_y,minus_y,0.03957301867735474,0.03957301867735474,0.0,1.0,0.5,0.016469792087247526,0.03957301867735474,0.01457787622911122,0.00010519305214984342,0.00011289695248706266,0.00010799074516398832
ray_gpis_uncertainty_only,Bowl,8,0,0,minus_y,minus_x,0.03223412112793378,0.19574609678744948,0.1635119756595157,0.0,0.0,0.19574609678744948,0.03223412112793378,0.09358216733191727,0.0004403257626108825,0.0004403257626108825,0.00021290237782523036
ray_gpis_uncertainty_only,Bowl,8,0,1,minus_y,minus_y,0.16216466761729842,0.16216466761729842,0.0,1.0,1.0,0.15686948644270615,0.16216466761729842,0.061275278837760516,0.00047616491792723536,0.0006259253132157028,0.00027047860203310847
ray_gpis_uncertainty_only,Bowl,8,0,2,minus_y,minus_x,0.09265275277839224,0.17549887539615117,0.08284612261775892,0.0,-0.5,0.17549887539615117,0.09265275277839224,0.019615749511436964,0.00015374476788565516,0.00031038204906508327,0.00018663908122107387
ray_gpis_uncertainty_only,Bowl,8,0,3,minus_y,minus_x,0.04817704619526586,0.14119738100278,0.09302033480751415,0.0,-0.5,0.14119738100278,0.04817704619526586,0.01038751536920901,0.00015036220429465175,0.0004015324520878494,0.0003001188742928207
ray_gpis_uncertainty_only,Bowl,8,0,4,plus_z,minus_y,0.03410059756511319,0.10062254878056254,0.06652195121544935,0.0,-0.5,0.07075538322728947,0.10062254878056254,0.03410059756511319,0.00012525002239271998,0.0002683756756596267,0.0004404319333843887
ray_gpis_uncertainty_only,Bowl,13,0,0,plus_z,minus_x,0.27003790476914996,0.30004341354798253,0.030005508778832568,0.0,0.8660254037844387,0.30004341354798253,0.09724106233687357,0.27003790476914996,0.0005482734995894134,0.0003065282362513244,0.0005482734995894134
ray_gpis_uncertainty_only,Bowl,13,0,1,minus_y,minus_y,0.08102505473128996,0.08102505473128996,0.0,1.0,0.5,0.07697040993415294,0.08102505473128996,0.05684166301563098,0.0001246912288479507,0.00020797381876036525,0.00020540523109957576
ray_gpis_uncertainty_only,Bowl,13,0,2,plus_z,minus_x,-0.021598865033724435,0.014887827048281954,0.03648669208200639,0.0,-0.5,0.014887827048281954,-0.019710513186542267,-0.021598865033724435,0.00012761185644194484,0.0001109374497900717,0.0001520870137028396
ray_gpis_uncertainty_only,Bowl,13,0,3,minus_x,minus_y,0.03398332908008639,0.1226411876222484,0.08865785854216202,0.0,-1.0,0.03398332908008639,0.1226411876222484,0.05297283042538947,0.00010309943900210783,0.0001028870974550955,0.00010302865848643705
ray_gpis_uncertainty_only,Bowl,13,0,4,minus_x,minus_x,0.05900571088197726,0.05900571088197726,0.0,1.0,1.0,0.05900571088197726,0.04421712678088985,0.051518136755650534,0.00010298395500285551,0.00010271200881106779,0.0001029653285513632
ray_gpis_uncertainty_only,Bowl,4,0,0,minus_x,minus_x,0.26186080190830824,0.26186080190830824,0.0,1.0,0.8660254037844387,0.26186080190830824,0.1641170098779658,0.04250591276458271,0.00044394860742613673,0.00044394860742613673,0.00034717487869784236
ray_gpis_uncertainty_only,Bowl,4,0,1,minus_x,minus_x,0.17853204615869955,0.17853204615869955,0.0,1.0,0.5,0.17853204615869955,0.17714839675507887,0.09892283509376099,0.0002799874055199325,0.00011563317821128294,0.00012394989607855678
ray_gpis_uncertainty_only,Bowl,4,0,2,plus_z,plus_z,0.053867738236636487,0.053867738236636487,0.0,1.0,0.5,0.005668900051917114,0.02425147416040574,0.053867738236636487,0.00016354973195120692,0.0001223927247337997,0.0002787841367535293
ray_gpis_uncertainty_only,Bowl,4,0,3,plus_z,minus_y,0.023396465668745536,0.023994475910716462,0.0005980102419709254,0.0,0.0,0.003801376600825912,0.023994475910716462,0.023396465668745536,0.0001916533219628036,0.0001916533219628036,0.0002110211062245071
ray_gpis_uncertainty_only,Bowl,4,0,4,minus_y,minus_x,0.0029668607984070228,0.0062276873946119915,0.0032608265962049687,0.0,-0.8660254037844387,0.0062276873946119915,0.0029668607984070228,-0.0013192242632209528,0.00012836063979193568,0.00022879446623846889,0.00022879446623846889
ray_gpis_uncertainty_only,Bowl,1,0,0,plus_z,minus_x,0.08217195109188519,0.29195723717760985,0.20978528608572466,0.0,0.0,0.29195723717760985,0.15733323946467198,0.08217195109188519,0.0004335923003964126,0.00040945614455267787,0.0004335923003964126
ray_gpis_uncertainty_only,Bowl,1,0,1,minus_y,minus_y,0.16259823443809196,0.16259823443809196,0.0,1.0,0.5,0.15757382531610975,0.16259823443809196,0.06151007354947169,0.00022077205358073115,0.00040279905078932643,0.00026987510500475764
ray_gpis_uncertainty_only,Bowl,1,0,2,plus_z,minus_x,0.08075554129731555,0.11916184754026449,0.03840630624294894,0.0,-1.0,0.11916184754026449,0.09192734168286598,0.08075554129731555,0.00027017126558348536,0.0003696923959068954,0.0004313645767979324
ray_gpis_uncertainty_only,Bowl,1,0,3,plus_z,minus_y,0.014043842296807552,0.06757267735890748,0.05352883506209993,0.0,-0.5,0.04683207244154153,0.06757267735890748,0.014043842296807552,0.00020915473578497767,0.00030835549114272,0.0004158897208981216
ray_gpis_uncertainty_only,Bowl,1,0,4,plus_z,minus_x,0.029749269742507467,0.147334632222185,0.11758536247967755,0.0,-1.0,0.147334632222185,0.03284004972712129,0.029749269742507467,0.00012145021901233122,0.00029787252424284816,0.0004361180472187698
ray_gpis_uncertainty_only,Bowl,12,0,0,minus_x,minus_x,0.23095230279492385,0.23095230279492385,0.0,1.0,0.5,0.23095230279492385,0.20645022832684423,0.08531024847232399,0.0003307146835140884,0.00012818368850275874,0.0001602509873919189
ray_gpis_uncertainty_only,Bowl,12,0,1,plus_z,minus_x,0.14790424140747693,0.1692635421231281,0.021359300715651175,0.0,0.5,0.1692635421231281,0.04521547598252473,0.14790424140747693,0.00018339621601626277,0.00012278574286028743,0.00020762550411745906
ray_gpis_uncertainty_only,Bowl,12,0,2,plus_z,minus_x,0.04407158279417667,0.07157672191880338,0.02750513912462671,0.0,-1.0,0.07157672191880338,0.05364151741992307,0.04407158279417667,0.00012657622573897243,0.0001777244615368545,0.00020855123875662684
ray_gpis_uncertainty_only,Bowl,12,0,3,plus_z,minus_x,0.021383503879518817,0.06942972218358923,0.04804621830407041,0.0,-0.8660254037844387,0.06942972218358923,0.04641260161014782,0.021383503879518817,0.00011480430111987516,0.00022804568288847804,0.00022804568288847804
ray_gpis_uncertainty_only,Bowl,12,0,4,plus_z,minus_x,0.018749099662914825,0.06276464096620527,0.04401554130329044,0.0,-1.0,0.06276464096620527,0.022633249430016433,0.018749099662914825,0.00011233815894229338,0.00012112239346606657,0.0002247338998131454
ray_gpis_uncertainty_only,Bowl,7,0,0,plus_z,minus_x,0.17747886138402125,0.23952074729534056,0.06204188591131932,0.0,-0.5,0.23952074729534056,0.1646325328553535,0.17747886138402125,0.0005236027645878494,0.0007684698211960495,0.0008175244438461959
ray_gpis_uncertainty_only,Bowl,7,0,1,plus_z,minus_x,0.037487037883172425,0.18116423595321707,0.14367719807004464,0.0,-0.8660254037844387,0.18116423595321707,0.10197742872777482,0.037487037883172425,0.00018092634854838252,0.00018092634854838252,0.00039853545604273677
ray_gpis_uncertainty_only,Bowl,7,0,2,plus_z,minus_y,0.041363336201070355,0.09181514751114839,0.05045181131007803,0.0,-1.0,0.07369685628748157,0.09181514751114839,0.041363336201070355,0.00038646365283057094,0.0002338794874958694,0.00047446246026083827
ray_gpis_uncertainty_only,Bowl,7,0,3,minus_x,minus_y,0.09596686965816525,0.10104947902795935,0.0050826093697941,0.0,nan,0.09596686965816525,0.10104947902795935,0.01951937432002826,0.0004789104568772018,0.0004789104568772018,0.0004789104568772018
ray_gpis_uncertainty_only,Bowl,7,0,4,minus_y,minus_x,0.07231422650979591,0.1740589601071566,0.10174473359736069,0.0,0.0,0.1740589601071566,0.07231422650979591,0.010080278869856185,0.0001802986371330917,0.0003204999375157058,0.0001802986371330917
ray_gpis_uncertainty_only,Bowl,14,0,0,plus_z,minus_x,0.08526297162847496,0.1747502697276817,0.08948729809920675,0.0,-0.5,0.1747502697276817,0.16024770500928032,0.08526297162847496,0.00048020685790106654,0.0003771187621168792,0.0006423110025934875
ray_gpis_uncertainty_only,Bowl,14,0,1,plus_z,minus_x,0.036768369685095115,0.1030254105881735,0.06625704090307838,0.0,-0.5,0.1030254105881735,0.09783657366067644,0.036768369685095115,0.00031053664861246943,0.0002880507963709533,0.000394625763874501
ray_gpis_uncertainty_only,Bowl,14,0,2,plus_z,minus_x,0.0036551861642564187,0.10242266280876677,0.09876747664451035,0.0,-0.8660254037844387,0.10242266280876677,0.025659727941033883,0.0036551861642564187,0.00018644536612555385,0.0005087798344902694,0.0005087798344902694
ray_gpis_uncertainty_only,Bowl,14,0,3,plus_z,minus_x,0.003664444744712836,0.16139755321138394,0.1577331084666711,0.0,-0.8660254037844387,0.16139755321138394,0.04925703138848725,0.003664444744712836,0.00015012378571555018,0.0004677085089497268,0.0004677085089497268
ray_gpis_uncertainty_only,Bowl,14,0,4,plus_z,minus_x,0.00810677443934249,0.14215349712901437,0.13404672268967188,0.0,-0.5,0.14215349712901437,0.09093566395384511,0.00810677443934249,0.00016069988487288356,0.00014300848124548793,0.0005276223528198898
ray_gpis_uncertainty_only,Bowl,2,0,0,minus_x,minus_y,0.14779582283526949,0.20548571750280098,0.057689894667531494,0.0,-0.5,0.14779582283526949,0.20548571750280098,0.15936349950818252,0.00044776330469176173,0.00031464750645682216,0.0001825319486670196
ray_gpis_uncertainty_only,Bowl,2,0,1,minus_x,minus_x,0.18310014197484625,0.18310014197484625,0.0,1.0,1.0,0.18310014197484625,0.17991034134264394,0.09904745696144246,0.00024319085059687495,0.0001327955978922546,0.00011816265032393858
ray_gpis_uncertainty_only,Bowl,2,0,2,minus_x,minus_x,0.031382398379024234,0.031382398379024234,0.0,1.0,0.0,0.031382398379024234,0.028362144031891412,-0.015373461114105869,0.0002856051432900131,0.00021080131409689784,0.0002856051432900131
ray_gpis_uncertainty_only,Bowl,2,0,3,plus_z,plus_z,0.07577572302328728,0.07577572302328728,0.0,1.0,0.8660254037844387,0.06235573515611037,0.0667691838736314,0.07577572302328728,0.00013901497004553676,0.0002249387907795608,0.0002249387907795608
ray_gpis_uncertainty_only,Bowl,2,0,4,minus_x,minus_y,0.013396685511148476,0.048087560608556235,0.03469087509740776,0.0,-0.8660254037844387,0.013396685511148476,0.048087560608556235,0.013290173134363092,0.0001988133299164474,0.00011231208191020414,0.0001988133299164474
ray_gpis_uncertainty_only,Bowl,6,0,0,minus_x,minus_y,0.1920450061060618,0.21882031866438806,0.02677531255832627,0.0,0.5,0.1920450061060618,0.21882031866438806,0.03139186493863422,0.00014564598677679896,0.00014450232265517116,0.00013373995898291469
ray_gpis_uncertainty_only,Bowl,6,0,1,minus_y,minus_y,0.22566911837890913,0.22566911837890913,0.0,1.0,0.8660254037844387,0.16192345730449786,0.22566911837890913,0.09961287442434352,0.0008716510492376983,0.0008716510492376983,0.0001939462381415069
ray_gpis_uncertainty_only,Bowl,6,0,2,plus_z,minus_x,0.08872606546848338,0.15479854799260528,0.0660724825241219,0.0,-0.8660254037844387,0.15479854799260528,0.09975645311093495,0.08872606546848338,0.0002294203150086105,0.00028182397363707423,0.00028182397363707423
ray_gpis_uncertainty_only,Bowl,6,0,3,plus_z,minus_x,0.030313070330377556,0.09059185037529027,0.060278780044912716,0.0,-0.8660254037844387,0.09059185037529027,0.05936972595242307,0.030313070330377556,0.00014173815725371242,0.0002826100098900497,0.0002826100098900497
ray_gpis_uncertainty_only,Bowl,6,0,4,plus_z,minus_x,0.016899789107871266,0.034937692292108635,0.01803790318423737,0.0,-0.5,0.034937692292108635,0.0027112944099974,0.016899789107871266,0.00013809482334181666,0.00018827075837180018,0.0003611354040913284
ray_gpis_uncertainty_only,Bowl,3,0,0,minus_x,minus_x,0.32077351976914004,0.32077351976914004,0.0,1.0,0.5,0.32077351976914004,0.14820816877841925,0.15845884040363933,0.0001567138242535293,0.00015123578486964107,0.00014348531840369105
ray_gpis_uncertainty_only,Bowl,3,0,1,plus_z,minus_x,0.07224251952998051,0.1552709436771269,0.0830284241471464,0.0,-1.0,0.1552709436771269,0.10356200268513649,0.07224251952998051,0.00026679987786337733,0.0002938268589787185,0.0003794284421019256
ray_gpis_uncertainty_only,Bowl,3,0,2,plus_z,minus_x,0.08401297598323232,0.13171241029767133,0.047699434314439015,0.0,-0.8660254037844387,0.13171241029767133,0.11868337710231847,0.08401297598323232,0.00014830956934019923,0.0003091974067501724,0.0003091974067501724
ray_gpis_uncertainty_only,Bowl,3,0,3,plus_z,minus_x,0.009577812684261056,0.10232647719090959,0.09274866450664854,0.0,-0.5,0.10232647719090959,0.05278561283522387,0.009577812684261056,0.00016886572120711207,0.00013725290773436427,0.00033974478719756007
ray_gpis_uncertainty_only,Bowl,3,0,4,minus_x,minus_x,0.08835397631110942,0.08835397631110942,0.0,1.0,1.0,0.08835397631110942,0.01895148077939257,0.031165948843101532,0.00023672188399359584,0.00018545816419646144,0.0002242049085907638
ray_gpis_uncertainty_only,Bowl,9,0,0,minus_x,minus_x,0.2597724210157057,0.2597724210157057,0.0,1.0,1.0,0.2597724210157057,0.07864848511882905,0.042203157285327364,0.00039361248491331935,0.00024461763678118587,0.0001716410624794662
ray_gpis_uncertainty_only,Bowl,9,0,1,plus_z,minus_x,0.10700903897694913,0.12629233177479748,0.01928329279784835,0.0,-0.5,0.12629233177479748,0.12089426287105298,0.10700903897694913,0.00022702122805640101,0.00022436509607359767,0.00027450377820059657
ray_gpis_uncertainty_only,Bowl,9,0,2,plus_z,minus_y,0.029427093320639974,0.05066933803300111,0.021242244712361136,0.0,-0.5,0.030184061821764585,0.05066933803300111,0.029427093320639974,0.0001277534174732864,0.00019000674365088344,0.00033375079510733485
ray_gpis_uncertainty_only,Bowl,9,0,3,plus_z,plus_z,0.08051344539515137,0.08051344539515137,0.0,1.0,1.0,0.020656326056938012,0.05416292396093192,0.08051344539515137,0.00011753866419894621,0.00017556006787344813,0.0003599693882279098
ray_gpis_uncertainty_only,Bowl,9,0,4,plus_z,minus_x,0.0023352582747725448,0.03185727331615562,0.029522015041383076,0.0,-0.5,0.03185727331615562,0.025001121141272953,0.0023352582747725448,0.00016473809955641627,0.00013211945770308375,0.00023681874154135585
ray_gpis_uncertainty_only,Bowl,10,0,0,minus_x,minus_x,0.28409907202078677,0.28409907202078677,0.0,1.0,1.0,0.28409907202078677,0.2775288541023433,0.10604492963344717,0.00012976693687960505,0.00012884679017588496,0.00011585855827433988
ray_gpis_uncertainty_only,Bowl,10,0,1,minus_x,minus_x,0.18171839101941256,0.18171839101941256,0.0,1.0,0.8660254037844387,0.18171839101941256,0.07111890925988085,0.019483174532024194,0.0006788542377762496,0.0006788542377762496,0.00013918447075411677
ray_gpis_uncertainty_only,Bowl,10,0,2,plus_z,minus_y,0.08010654188384803,0.1277638259434246,0.04765728405957659,0.0,0.8660254037844387,0.03937255443115273,0.1277638259434246,0.08010654188384803,0.00023667345521971583,0.00024908612249419093,0.00024908612249419093
ray_gpis_uncertainty_only,Bowl,10,0,3,minus_y,minus_y,0.08365990287386216,0.08365990287386216,0.0,1.0,0.8660254037844387,0.06636156837870288,0.08365990287386216,0.08058898490995958,0.00012604723451659083,0.0002580864238552749,0.0002580864238552749
ray_gpis_uncertainty_only,Bowl,10,0,4,plus_z,minus_x,0.02375644104756669,0.04388443924226937,0.02012799819470268,0.0,0.5,0.04388443924226937,0.00984152955360118,0.02375644104756669,0.00013973767636343837,0.00011745298252208158,0.00018941814778372645
ray_gpis_uncertainty_only,Bowl,5,0,0,minus_x,minus_x,0.164921184260425,0.164921184260425,0.0,1.0,1.0,0.164921184260425,0.13831484979148762,0.10388318764852333,0.000516107480507344,0.00042203086195513606,0.00015388074098154902
ray_gpis_uncertainty_only,Bowl,5,0,1,minus_x,minus_x,0.13974837186513422,0.13974837186513422,0.0,1.0,1.0,0.13974837186513422,0.024404388788030418,0.07066838556503685,0.0005351139116100967,0.00023516843793913722,0.00032015348551794887
ray_gpis_uncertainty_only,Bowl,5,0,2,plus_z,minus_y,0.07918345988337538,0.08914874035723186,0.009965280473856475,0.0,-0.5,0.04376118096272952,0.08914874035723186,0.07918345988337538,0.0001527724671177566,0.00011925229773623869,0.0003255402552895248
ray_gpis_uncertainty_only,Bowl,5,0,3,minus_x,minus_x,0.05516426719046297,0.05516426719046297,0.0,1.0,0.0,0.05516426719046297,0.02685895123358817,0.014406132647762027,0.0003259910154156387,0.00014350767014548182,0.0003259910154156387
ray_gpis_uncertainty_only,Bowl,5,0,4,plus_z,minus_y,0.03215595122626913,0.04169896079120072,0.009543009564931593,0.0,-0.8660254037844387,0.019327030916800103,0.04169896079120072,0.03215595122626913,0.00026565248845145106,0.00011235678539378569,0.00026565248845145106
ray_gpis_uncertainty_only,Bowl,11,0,0,minus_x,minus_x,0.19576297317262364,0.19576297317262364,0.0,1.0,0.8660254037844387,0.19576297317262364,0.18721073394909954,0.1389787494145745,0.00030594709096476436,0.00018657016335055232,0.00018657016335055232
ray_gpis_uncertainty_only,Bowl,11,0,1,plus_z,minus_x,0.1244836511946984,0.19872276777390896,0.07423911657921056,0.0,-0.8660254037844387,0.19872276777390896,0.16387635975777104,0.1244836511946984,0.00022811646340414882,0.00030560436425730586,0.00030560436425730586
ray_gpis_uncertainty_only,Bowl,11,0,2,plus_z,minus_x,0.054908215430626295,0.18542191062738334,0.13051369519675704,0.0,-0.8660254037844387,0.18542191062738334,0.05683377687274083,0.054908215430626295,0.00012881139991804957,0.00019410828826949,0.00019410828826949
ray_gpis_uncertainty_only,Bowl,11,0,3,plus_z,minus_x,0.011052032752290053,0.06464100687488428,0.053588974122594224,0.0,-0.5,0.06464100687488428,0.04367113476532625,0.011052032752290053,0.00014622340677306056,0.0001393912243656814,0.00021893734810873866
ray_gpis_uncertainty_only,Bowl,11,0,4,minus_x,minus_x,0.021540601788050062,0.021540601788050062,0.0,1.0,0.5,0.021540601788050062,0.009445901747412444,0.013458109490471437,0.00027485768077895045,0.00014210696099326015,0.00013747269986197352
ray_gpis_uncertainty_only,Bowl,0,0,0,minus_x,minus_x,0.2964142719550918,0.2964142719550918,0.0,1.0,1.0,0.2964142719550918,0.17574940487151813,0.1239715316519786,0.00015025230823084712,0.00014758127508684993,0.0001454429584555328
ray_gpis_uncertainty_only,Bowl,0,0,1,minus_x,minus_y,0.08880822159730228,0.09169795967184602,0.002889738074543735,0.0,-0.5,0.08880822159730228,0.09169795967184602,0.06297600276086757,0.0006664024549536407,0.00013733113883063197,0.00016691366909071803
ray_gpis_uncertainty_only,Bowl,0,0,2,minus_x,minus_x,0.11040129615438132,0.11040129615438132,0.0,1.0,0.5,0.11040129615438132,0.04213538853930576,0.010714330415638407,0.0007587728905491531,0.00012136826262576506,0.0005122331785969436
ray_gpis_uncertainty_only,Bowl,0,0,3,plus_z,plus_z,0.049993064091220174,0.049993064091220174,0.0,1.0,1.0,0.043546393841743525,0.020540640000979882,0.049993064091220174,0.00020228157518431544,0.0001142827604780905,0.00038197467802092433
ray_gpis_uncertainty_only,Bowl,0,0,4,minus_x,minus_y,0.009044032181335537,0.04853586799841747,0.03949183581708193,0.0,-1.0,0.009044032181335537,0.04853586799841747,0.03027932313396886,0.0003286620485596359,0.0002066178130917251,0.0002995526301674545
ray_gpis_uncertainty_only,Cube,8,0,0,minus_x,minus_x,0.23172755424714453,0.23172755424714453,0.0,1.0,1.0,0.23172755424714453,0.08830938386972242,0.08023670757045104,0.0001395346480421722,0.0001380072790198028,0.00013451854465529323
ray_gpis_uncertainty_only,Cube,8,0,1,minus_x,minus_x,0.13563871760950985,0.13563871760950985,0.0,1.0,1.0,0.13563871760950985,0.05902418345903626,0.07754348360398522,0.00028268079040572047,0.00013706478057429194,0.00016287731705233455
ray_gpis_uncertainty_only,Cube,8,0,2,minus_x,minus_x,0.11742794838851367,0.11742794838851367,0.0,1.0,1.0,0.11742794838851367,0.009288020038599187,0.017244792375770923,0.00020203384337946773,0.00012796203373000026,0.0002007262664847076
ray_gpis_uncertainty_only,Cube,8,0,3,minus_x,minus_x,0.10751153395210655,0.10751153395210655,0.0,1.0,0.5,0.10751153395210655,0.02773148322930985,0.009610977227509587,0.00014564598677679896,0.00011128762707812712,0.00011710653052432463
ray_gpis_uncertainty_only,Cube,8,0,4,minus_x,plus_z,0.0037937493288097146,0.003910758423620875,0.00011700909481116017,0.0,0.8660254037844387,0.0037937493288097146,0.0012973351610959805,0.003910758423620875,0.00010824406490428373,0.0001075623367796652,0.00010824406490428373
ray_gpis_uncertainty_only,Cube,13,0,0,minus_x,minus_y,0.1304162118358923,0.18320221063221942,0.052785998796327116,0.0,0.5,0.1304162118358923,0.18320221063221942,0.11018129950199784,0.00012456270633265376,0.00012422929285094142,0.00012145953223807737
ray_gpis_uncertainty_only,Cube,13,0,1,minus_x,minus_x,0.24567492244637212,0.24567492244637212,0.0,1.0,1.0,0.24567492244637212,0.20477622404811036,0.17731365234878782,0.0005343912052921951,0.00020375679014250636,0.00012950616655871272
ray_gpis_uncertainty_only,Cube,13,0,2,minus_y,minus_x,0.07918857467672435,0.13276212224312423,0.05357354756639987,0.0,0.5,0.13276212224312423,0.07918857467672435,0.026888827806749505,0.00013233552454039454,0.00016060116467997432,0.00012714992044493556
ray_gpis_uncertainty_only,Cube,13,0,3,minus_y,minus_y,0.07635661180902376,0.07635661180902376,0.0,1.0,0.5,0.07509546736761152,0.07635661180902376,0.03359473928439105,0.00011686066136462614,0.00012394617078825831,0.00011944228754146025
ray_gpis_uncertainty_only,Cube,13,0,4,minus_x,minus_x,0.047076674551503106,0.047076674551503106,0.0,1.0,1.0,0.047076674551503106,0.025371664561794627,-0.000254787819666924,0.00012042576418025419,0.00011361220822436735,0.00010726431355578825
ray_gpis_uncertainty_only,Cube,4,0,0,minus_x,minus_x,0.34828932458047124,0.34828932458047124,0.0,1.0,1.0,0.34828932458047124,0.22609639227199196,0.1589800047818828,0.00011310743138892576,0.00011081824050052091,0.00010953860328299925
ray_gpis_uncertainty_only,Cube,4,0,1,minus_x,minus_x,0.14520910008849108,0.14520910008849108,0.0,1.0,0.5,0.14520910008849108,0.043315483478054695,0.09970761820439322,0.00016451458213850856,0.0001273268717341125,0.0001167563532362692
ray_gpis_uncertainty_only,Cube,4,0,2,minus_y,minus_x,0.025641670605563105,0.028541438108823702,0.0028997675032605974,0.0,0.5,0.028541438108823702,0.025641670605563105,0.007161887697915592,0.00011068413004977629,0.00011196190462214872,0.00010866129741771147
ray_gpis_uncertainty_only,Cube,4,0,3,minus_y,minus_y,0.03304390650698186,0.03304390650698186,0.0,1.0,0.5,0.015604828116896452,0.03304390650698186,0.02065934594161023,0.00011050531611545011,0.00011909211025340483,0.00010742822632892057
ray_gpis_uncertainty_only,Cube,4,0,4,minus_x,minus_y,0.023611729825433914,0.03754261649920265,0.013930886673768739,0.0,0.5,0.023611729825433914,0.03754261649920265,0.002988685823125392,0.00011021846876246855,0.00011008808360202238,0.00010728294000728056
ray_gpis_uncertainty_only,Cube,1,0,0,minus_x,minus_x,0.32764536095734703,0.32764536095734703,0.0,1.0,1.0,0.32764536095734703,0.09677066015162111,0.07612573942574002,0.00038939545629546046,0.00023461709497496486,0.00011615285620791838
ray_gpis_uncertainty_only,Cube,1,0,1,minus_x,minus_x,0.07097610171781077,0.07097610171781077,0.0,1.0,0.5,0.07097610171781077,0.039954780729166695,0.05479391744603501,0.00020248460350558162,0.00015042180893942714,0.00011692399129969999
ray_gpis_uncertainty_only,Cube,1,0,2,minus_x,minus_x,0.11867566591717205,0.11867566591717205,0.0,1.0,0.8660254037844387,0.11867566591717205,0.09201870282175628,0.04281358379042588,0.00020138378022238612,0.00020138378022238612,0.00012132728443248197
ray_gpis_uncertainty_only,Cube,1,0,3,minus_x,plus_z,0.023475534460649095,0.027413981843472657,0.003938447382823562,0.0,-0.8660254037844387,0.023475534460649095,0.02067096269638702,0.027413981843472657,0.00010825896606547758,0.00010825896606547758,0.00010769272194011137
ray_gpis_uncertainty_only,Cube,1,0,4,minus_x,plus_z,0.005852472783404283,0.007905462610974467,0.002052989827570184,0.0,0.0,0.005852472783404283,-0.0002103670883376596,0.007905462610974467,0.00010778212890727445,0.00010765919432742521,0.00010765919432742521
ray_gpis_uncertainty_only,Cube,12,0,0,minus_x,minus_x,0.28171954927038856,0.28171954927038856,0.0,1.0,0.5,0.28171954927038856,0.09109508849966175,0.10728382832014732,0.0004518722998909652,0.00034305284498259425,0.0001547394203953445
ray_gpis_uncertainty_only,Cube,12,0,1,minus_x,minus_x,0.1574941888371163,0.1574941888371163,0.0,1.0,1.0,0.1574941888371163,0.015722188624864075,0.040044528150168124,0.0002236870932392776,0.00012442487059161067,0.00016356835840269923
ray_gpis_uncertainty_only,Cube,12,0,2,minus_x,minus_x,0.06219442291510735,0.06219442291510735,0.0,1.0,0.5,0.06219442291510735,0.02683201418952308,0.024763655365008574,0.0001234879600815475,0.00010872090206248686,0.00012261251686140895
ray_gpis_uncertainty_only,Cube,12,0,3,plus_z,plus_z,0.026507403165872745,0.026507403165872745,0.0,1.0,0.5,0.01174664112639634,0.014109361417250277,0.026507403165872745,0.00010996514902217314,0.00010720843420131132,0.00011325830564601347
ray_gpis_uncertainty_only,Cube,12,0,4,plus_z,minus_x,0.01296189082284005,0.04142207822359234,0.02846018740075229,0.0,0.8660254037844387,0.04142207822359234,0.009345465652987772,0.01296189082284005,0.00011272931442363188,0.00010743195161921903,0.00011272931442363188
ray_gpis_uncertainty_only,Cube,7,0,0,minus_x,minus_x,0.23755274478933475,0.23755274478933475,0.0,1.0,0.5,0.23755274478933475,0.06523786018750011,0.0878180709567074,0.00013231131015345454,0.00013109500287100673,0.0001266283798031509
ray_gpis_uncertainty_only,Cube,7,0,1,minus_x,minus_x,0.2526980593820868,0.2526980593820868,0.0,1.0,0.5,0.2526980593820868,0.09889488544172731,0.058639021912492484,0.0001872183638624847,0.00013505126116797328,0.00015214475570246577
ray_gpis_uncertainty_only,Cube,7,0,2,plus_z,minus_x,0.007575098902135258,0.029465676547803965,0.021890577645668707,0.0,-0.5,0.029465676547803965,0.0059145717098094686,0.007575098902135258,0.00010810250387294218,0.00010816583380801603,0.0001101551388273947
ray_gpis_uncertainty_only,Cube,7,0,3,minus_x,minus_x,0.02877772284263047,0.02877772284263047,0.0,1.0,0.8660254037844387,0.02877772284263047,0.006351660788418534,0.001005081850888434,0.00010850483522517607,0.00010850483522517607,0.00010813230619532987
ray_gpis_uncertainty_only,Cube,7,0,4,minus_x,minus_x,0.021660935925531755,0.021660935925531755,0.0,1.0,1.0,0.021660935925531755,0.01531100692281484,0.0028406430567314844,0.00010923126683337614,0.00010803544864756986,0.00010801682219607756
ray_gpis_uncertainty_only,Cube,14,0,0,minus_x,minus_x,0.22608354142699133,0.22608354142699133,0.0,1.0,0.5,0.22608354142699133,0.050881874364644364,0.08572197455367464,0.00022327358601614833,0.00015388260362669826,0.00013068149564787745
ray_gpis_uncertainty_only,Cube,14,0,1,minus_x,minus_x,0.15268256149052906,0.15268256149052906,0.0,1.0,0.5,0.15268256149052906,0.044301245655601895,0.06132932750794884,0.0001805333304218948,0.00013431365368887782,0.00011433677718741819
ray_gpis_uncertainty_only,Cube,14,0,2,minus_y,plus_z,0.03875883170445382,0.06022755261577295,0.021468720911319128,0.0,0.0,0.033575479178372,0.03875883170445382,0.06022755261577295,0.00011184083268744871,0.00011306831584079191,0.00011184083268744871
ray_gpis_uncertainty_only,Cube,14,0,3,minus_x,minus_x,0.044445518241311155,0.044445518241311155,0.0,1.0,1.0,0.044445518241311155,0.02936779663178546,0.02218235733230367,0.00010807270155055448,0.00010784918413264677,0.00010775232658488676
ray_gpis_uncertainty_only,Cube,14,0,4,minus_x,minus_y,0.001542409273501133,0.015015503435582556,0.013473094162081423,0.0,-1.0,0.001542409273501133,0.015015503435582556,0.014235985059858347,0.00010921264038188383,0.00010776722774608061,0.00010814348206622526
ray_gpis_uncertainty_only,Cube,2,0,0,minus_x,plus_z,0.13181078863680634,0.17726038444478837,0.045449595807982024,0.0,-0.5,0.13181078863680634,0.11390568413700619,0.17726038444478837,0.00013846176443621516,0.0001365991192869842,0.00013246963499113917
ray_gpis_uncertainty_only,Cube,2,0,1,minus_x,minus_y,-0.03547136090504921,0.09421753353699469,0.1296888944420439,0.0,-0.5,-0.03547136090504921,0.09421753353699469,0.07008012051710477,0.0004129113513045013,0.0003235919284634292,0.00012148374662501737
ray_gpis_uncertainty_only,Cube,2,0,2,minus_x,minus_x,0.289706539981185,0.289706539981185,0.0,1.0,1.0,0.289706539981185,0.2578987334157026,0.13771351280468525,0.0003000518190674484,0.0001954009640030563,0.00010808387742144987
ray_gpis_uncertainty_only,Cube,2,0,3,minus_x,minus_x,0.050106431398921125,0.050106431398921125,0.0,1.0,0.5,0.050106431398921125,0.03621345477583848,0.03757811040596426,0.0001570677268318832,0.0001557862269692123,0.0001133141850004904
ray_gpis_uncertainty_only,Cube,2,0,4,minus_x,minus_x,0.0972945378977127,0.0972945378977127,0.0,1.0,0.5,0.0972945378977127,0.010136951130703564,0.0034587572453148585,0.00017955730436369777,0.00013492460129782557,0.0001560507225804031
ray_gpis_uncertainty_only,Cube,6,0,0,minus_x,minus_x,0.15945031479185856,0.15945031479185856,0.0,1.0,1.0,0.15945031479185856,0.09458668891011268,0.038143723051602074,0.0006310382741503417,0.00036165135679766536,0.00019982660887762904
ray_gpis_uncertainty_only,Cube,6,0,1,minus_x,minus_x,0.12282392837975264,0.12282392837975264,0.0,1.0,1.0,0.12282392837975264,0.03970805751784967,0.04595901208779685,0.00018948520300909877,0.00012600998161360621,0.00017864274559542537
ray_gpis_uncertainty_only,Cube,6,0,2,plus_z,plus_z,0.07919041172321906,0.07919041172321906,0.0,1.0,0.5,0.04211010844933638,0.008270018924990907,0.07919041172321906,0.0001481084036640823,0.00016075203893706203,0.0001623576390556991
ray_gpis_uncertainty_only,Cube,6,0,3,minus_y,minus_x,0.010188308961834758,0.021250284863157498,0.01106197590132274,0.0,0.0,0.021250284863157498,0.010188308961834758,0.010588667234445737,0.00012524629710242152,0.00012524629710242152,0.0001092051898012869
ray_gpis_uncertainty_only,Cube,6,0,4,minus_y,minus_x,0.01624565329056915,0.027052104558692336,0.010806451268123185,0.0,0.5,0.027052104558692336,0.01624565329056915,0.011886089424045232,0.00011250952229602262,0.00011561641440493986,0.00011002475366694853
ray_gpis_uncertainty_only,Cube,3,0,0,minus_x,minus_x,0.28507325730123445,0.28507325730123445,0.0,1.0,1.0,0.28507325730123445,0.1338997475363327,0.06897750212594267,0.00011710653052432463,0.00011661106691462919,0.0001149626259575598
ray_gpis_uncertainty_only,Cube,3,0,1,minus_x,minus_x,0.078363272507877,0.078363272507877,0.0,1.0,1.0,0.078363272507877,0.019454261918463556,0.008245243724175899,0.00016349571524187922,0.00016205216525122523,0.00011940875992877409
ray_gpis_uncertainty_only,Cube,3,0,2,minus_y,minus_y,0.13299652618235824,0.13299652618235824,0.0,1.0,1.0,0.04110717839209799,0.13299652618235824,0.0016706568619471174,0.00014800782082602382,0.00017643178580328822,0.00011335143790347502
ray_gpis_uncertainty_only,Cube,3,0,3,minus_x,minus_y,0.011817714803746604,0.01563826307215954,0.0038205482684129377,0.0,-0.5,0.011817714803746604,0.01563826307215954,0.013106430629192367,0.00010860169277293608,0.00010859796748263761,0.00010821053729159757
ray_gpis_uncertainty_only,Cube,3,0,4,minus_x,minus_x,0.025192025613991365,0.025192025613991365,0.0,1.0,0.8660254037844387,0.025192025613991365,0.012674655257119194,0.01095607187318326,0.00010889971599681303,0.00010889971599681303,0.00010783428297145292
ray_gpis_uncertainty_only,Cube,9,0,0,minus_x,minus_x,0.21047765220868092,0.21047765220868092,0.0,1.0,0.5,0.21047765220868092,0.03946801439984188,0.06908304997113496,0.00011594051466090605,0.00011522525892360136,0.00011295841977698728
ray_gpis_uncertainty_only,Cube,9,0,1,minus_x,minus_x,0.13088184576687978,0.13088184576687978,0.0,1.0,1.0,0.13088184576687978,0.03911386430876773,0.004391912288368438,0.00018325838027521968,0.00012129561946494505,0.00011736730084521696
ray_gpis_uncertainty_only,Cube,9,0,2,minus_x,plus_z,0.03684365341572404,0.04750600094444435,0.010662347528720306,0.0,-0.5,0.03684365341572404,0.03014936479706165,0.04750600094444435,0.0001156126891146414,0.00010945105896098539,0.0001080913280020468
ray_gpis_uncertainty_only,Cube,9,0,3,minus_x,minus_y,0.030103216847800374,0.05693561121554691,0.026832394367746537,0.0,0.5,0.030103216847800374,0.05693561121554691,0.02606224031281934,0.00011298635945422575,0.00011278891906840727,0.00010781938181025907
ray_gpis_uncertainty_only,Cube,9,0,4,minus_y,minus_y,0.044945456739987955,0.044945456739987955,0.0,1.0,0.5,0.005943024641136829,0.044945456739987955,0.01635296540944675,0.00010733136878116056,0.00010774487600428984,0.00010716000542743132
ray_gpis_uncertainty_only,Cube,10,0,0,minus_x,minus_x,0.21302634585203994,0.21302634585203994,0.0,1.0,1.0,0.21302634585203994,0.12092342095316855,0.09645396328533029,0.0004969259607605636,0.0002802276867441833,0.00014893728075549006
ray_gpis_uncertainty_only,Cube,10,0,1,minus_x,minus_x,0.1695804246191832,0.1695804246191832,0.0,1.0,0.5,0.1695804246191832,0.0963647621538759,0.037416476921162456,0.00021217780886217952,0.00013793836114928126,0.00015453080413863063
ray_gpis_uncertainty_only,Cube,10,0,2,minus_x,plus_z,0.03944962153007403,0.050574675429502336,0.011125053899428305,0.0,-0.8660254037844387,0.03944962153007403,0.03940335125143757,0.050574675429502336,0.00011708045349223539,0.00011708045349223539,0.00011443736002547666
ray_gpis_uncertainty_only,Cube,10,0,3,minus_x,minus_x,0.06622220328657469,0.06622220328657469,0.0,1.0,0.5,0.06622220328657469,0.052981161060161264,0.05424575876594384,0.0001228025066666305,0.00011486763105494902,0.00011228600487811491
ray_gpis_uncertainty_only,Cube,10,0,4,minus_x,minus_x,0.02122398663549141,0.02122398663549141,0.0,1.0,1.0,0.02122398663549141,0.02022422138839075,0.015924244792690723,0.00012088770017726347,0.00010872835264308378,0.00010682472930056974
ray_gpis_uncertainty_only,Cube,5,0,0,minus_x,minus_x,0.12958231724873043,0.12958231724873043,0.0,1.0,0.5,0.12958231724873043,0.11347526783154827,0.11659484365572964,0.00012609752593562007,0.0001251364010386169,0.00012175755546195433
ray_gpis_uncertainty_only,Cube,5,0,1,minus_x,minus_x,0.23645736673677736,0.23645736673677736,0.0,1.0,1.0,0.23645736673677736,0.17551368968900266,0.13178047868577208,0.00011694820568664,0.00011497007653815672,0.00011400895164115354
ray_gpis_uncertainty_only,Cube,5,0,2,minus_x,minus_x,0.19045526136483248,0.19045526136483248,0.0,1.0,0.5,0.19045526136483248,0.06348923804993367,0.025343772168719303,0.00019147450802847743,0.00013397092698141932,0.00018019991694018245
ray_gpis_uncertainty_only,Cube,5,0,3,minus_x,minus_x,0.06734289183665909,0.06734289183665909,0.0,1.0,1.0,0.06734289183665909,0.01227232306583359,0.02645448658119398,0.00014456937788054347,0.00012139806494815275,0.00013471225975081325
ray_gpis_uncertainty_only,Cube,5,0,4,minus_x,plus_z,0.018056331896677436,0.01963131738731705,0.0015749854906396132,0.0,0.0,0.018056331896677436,0.011318874487577624,0.01963131738731705,0.00011051276669604704,0.00011002475366694853,0.00011002475366694853
ray_gpis_uncertainty_only,Cube,11,0,0,minus_x,minus_x,0.2778215842154842,0.2778215842154842,0.0,1.0,0.5,0.2778215842154842,0.17372415858434598,0.17511694071416994,0.00029637309489771724,0.00016131828306242824,0.00012200342462165281
ray_gpis_uncertainty_only,Cube,11,0,1,minus_x,minus_x,0.09567288907745686,0.09567288907745686,0.0,1.0,0.5,0.09567288907745686,0.04418144332776175,0.070468222899006,0.00022490340052172542,0.0001823698985390365,0.00011070089385611936
ray_gpis_uncertainty_only,Cube,11,0,2,minus_x,minus_x,0.13638227477427267,0.13638227477427267,0.0,1.0,0.5,0.13638227477427267,0.06965838321012918,0.03922328576237599,0.00020211766241118312,0.00011865252599818632,0.000133758585434407
ray_gpis_uncertainty_only,Cube,11,0,3,minus_x,plus_z,-0.0026620314074514706,0.03866490037334713,0.041326931780798604,0.0,0.0,-0.0026620314074514706,-0.0012341654949847847,0.03866490037334713,0.0001098906432162039,0.00010976770863635466,0.0001098906432162039
ray_gpis_uncertainty_only,Cube,11,0,4,minus_x,minus_y,0.0037453538502941752,0.026379333879371636,0.02263398002907746,0.0,-1.0,0.0037453538502941752,0.026379333879371636,0.016242478965277085,0.00011091882333857939,0.00010812485561473295,0.00010968947754008695
ray_gpis_uncertainty_only,Cube,0,0,0,minus_x,minus_x,0.34453419315154543,0.34453419315154543,0.0,1.0,1.0,0.34453419315154543,0.2336496262881011,0.11151615815560667,0.00010917352483374998,0.00010854953870875761,0.0001063888703356497
ray_gpis_uncertainty_only,Cube,0,0,1,minus_x,minus_x,0.21928640634601893,0.21928640634601893,0.0,1.0,0.5,0.21928640634601893,0.10353381879839818,0.12068203613276485,0.00030071864603087306,0.00013748201308771968,0.0001226870226673782
ray_gpis_uncertainty_only,Cube,0,0,2,minus_y,minus_x,0.07839798503621409,0.09045589590897285,0.01205791087275876,0.0,0.8660254037844387,0.09045589590897285,0.07839798503621409,0.01078733205381699,0.0001257510739378631,0.0001257510739378631,0.0001127851937781088
ray_gpis_uncertainty_only,Cube,0,0,3,minus_x,minus_x,0.0441024855322899,0.0441024855322899,0.0,1.0,1.0,0.0441024855322899,0.019796828774309883,0.019116468912461437,0.00012297387002035975,0.00010951811418635771,0.00010839680180652067
ray_gpis_uncertainty_only,Cube,0,0,4,minus_x,plus_z,0.003262603608485848,0.017819753645609393,0.014557150037123545,0.0,-0.5,0.003262603608485848,0.006115985571395699,0.017819753645609393,0.00011630559311015531,0.00010709667549235746,0.00011474097118480131
ray_gpis_uncertainty_only,Thin_Irregular,8,0,0,minus_x,minus_x,0.26782490209581944,0.26782490209581944,0.0,1.0,0.5,0.26782490209581944,0.0529658662672588,0.1843280870101347,0.0013925639213994145,0.0006009695935063064,0.0002443922567181289
ray_gpis_uncertainty_only,Thin_Irregular,8,0,1,minus_x,minus_x,0.13145758162463972,0.13145758162463972,0.0,1.0,0.8660254037844387,0.13145758162463972,0.0737047488573529,0.04649253493326888,0.00024855713127180934,0.00014950911281630397,0.00014950911281630397
ray_gpis_uncertainty_only,Thin_Irregular,8,0,2,minus_x,minus_y,0.06516474375270709,0.09767280146833379,0.032508057715626704,0.0,-0.5,0.06516474375270709,0.09767280146833379,0.04491828278467824,0.00015413964865729213,0.000126863073091954,0.00013295392272993922
ray_gpis_uncertainty_only,Thin_Irregular,8,0,3,minus_x,minus_x,0.10359887871038342,0.10359887871038342,0.0,1.0,0.5,0.10359887871038342,0.017455171356506094,0.0075447233680209225,0.00013300235150381923,0.00011615285620791838,0.00011860409722430632
ray_gpis_uncertainty_only,Thin_Irregular,8,0,4,minus_x,minus_x,0.04337574248528131,0.04337574248528131,0.0,1.0,0.5,0.04337574248528131,0.017393917584505147,0.037692447421671105,0.00011295655713183805,0.00011266598448855802,0.00011254304990870878
ray_gpis_uncertainty_only,Thin_Irregular,13,0,0,minus_x,minus_x,0.16780887190451121,0.16780887190451121,0.0,1.0,1.0,0.16780887190451121,0.06179222950905372,0.03141331029502359,0.0013411549152806401,0.00043221021769568324,0.0001875257003121078
ray_gpis_uncertainty_only,Thin_Irregular,13,0,1,minus_x,plus_z,0.03749823255208362,0.040799387693435496,0.0033011551413518747,0.0,0.5,0.03749823255208362,0.0017965934036214826,0.040799387693435496,0.0004105290281586349,0.00012802908895537257,0.00033627281663939357
ray_gpis_uncertainty_only,Thin_Irregular,13,0,2,minus_x,minus_x,0.14186547847328823,0.14186547847328823,0.0,1.0,1.0,0.14186547847328823,0.024708137749653747,0.06313531406394712,0.0005150681245140731,0.0001774227130226791,0.0002176223206333816
ray_gpis_uncertainty_only,Thin_Irregular,13,0,3,minus_x,minus_x,0.05679455521336363,0.05679455521336363,0.0,1.0,0.8660254037844387,0.05679455521336363,0.03054649315684077,0.05040693353545023,0.00013106520054861903,0.0001270679640583694,0.00013106520054861903
ray_gpis_uncertainty_only,Thin_Irregular,13,0,4,plus_z,minus_y,0.006006880804082515,0.024943756974450282,0.018936876170367767,0.0,-0.5,0.0012327691093817483,0.024943756974450282,0.006006880804082515,0.00011462176189525053,0.0001137835715780966,0.00011676380381686613
ray_gpis_uncertainty_only,Thin_Irregular,4,0,0,minus_x,minus_y,0.23686452783787487,0.24205018671822914,0.005185658880354271,0.0,0.5,0.23686452783787487,0.24205018671822914,0.22055487133808643,0.0006966648506931961,0.0002703705686144531,0.00021412986097857356
ray_gpis_uncertainty_only,Thin_Irregular,4,0,1,minus_y,minus_x,0.11608385486205075,0.15767042139553167,0.04158656653348092,0.0,-0.5,0.15767042139553167,0.11608385486205075,0.1084978062938684,0.00017024407861754298,0.0002509189653210342,0.00019787828205153346
ray_gpis_uncertainty_only,Thin_Irregular,4,0,2,minus_x,minus_x,0.1462635286017817,0.1462635286017817,0.0,1.0,1.0,0.1462635286017817,0.04612356037725873,0.07577029575194383,0.0001873804139904678,0.0001227727043442428,0.00012540275929495692
ray_gpis_uncertainty_only,Thin_Irregular,4,0,3,minus_x,minus_x,0.07136290705670056,0.07136290705670056,0.0,1.0,0.8660254037844387,0.07136290705670056,0.06730096917116735,0.04548049013144917,0.00011946836457354948,0.00011818313942058012,0.00011818313942058012
ray_gpis_uncertainty_only,Thin_Irregular,4,0,4,minus_y,minus_y,0.05947337036528033,0.05947337036528033,0.0,1.0,0.0,0.013251668281686335,0.05947337036528033,0.019325782555968396,0.00012296641943976283,0.00012296641943976283,0.00011225247726542875
ray_gpis_uncertainty_only,Thin_Irregular,1,0,0,minus_x,minus_x,0.1805670188134551,0.1805670188134551,0.0,1.0,1.0,0.1805670188134551,0.05675441643258711,0.045771652852527545,0.0011268352391198277,0.001118587446399033,0.00017873401520773768
ray_gpis_uncertainty_only,Thin_Irregular,1,0,1,minus_x,minus_x,0.22279728824100098,0.22279728824100098,0.0,1.0,1.0,0.22279728824100098,0.1151085301776712,0.051349605569179335,0.0006009770440869033,0.0004063045489601791,0.00022478605387732387
ray_gpis_uncertainty_only,Thin_Irregular,1,0,2,minus_x,minus_x,0.030662147713428678,0.030662147713428678,0.0,1.0,0.8660254037844387,0.030662147713428678,0.006916339593190712,0.010463471888377152,0.00011483410344226286,0.0001117197607527487,0.00011483410344226286
ray_gpis_uncertainty_only,Thin_Irregular,1,0,3,plus_z,minus_x,0.0162132218788702,0.028656526209836386,0.012443304330966187,0.0,0.8660254037844387,0.028656526209836386,0.004273543474661579,0.0162132218788702,0.00011199543223483488,0.00011012161121470854,0.00011199543223483488
ray_gpis_uncertainty_only,Thin_Irregular,1,0,4,minus_y,minus_y,0.0005007037296197447,0.0005007037296197447,0.0,1.0,0.5,-0.011931133226381951,0.0005007037296197447,-0.0063206576592238495,0.00011347437248332426,0.00011370906577212736,0.0001117495630751364
ray_gpis_uncertainty_only,Thin_Irregular,12,0,0,minus_x,minus_x,0.20491302364817682,0.20491302364817682,0.0,1.0,1.0,0.20491302364817682,0.18262876466850514,0.1031239032212064,0.000816807325463742,0.0004180131363682449,0.00016101094661280513
ray_gpis_uncertainty_only,Thin_Irregular,12,0,1,minus_x,minus_x,0.13028706999313633,0.13028706999313633,0.0,1.0,1.0,0.13028706999313633,0.10257274382613368,0.02078807685722006,0.0003172961878590286,0.00013203005073592067,0.00011588463530642912
ray_gpis_uncertainty_only,Thin_Irregular,12,0,2,minus_x,minus_x,0.08936776209224806,0.08936776209224806,0.0,1.0,0.5,0.08936776209224806,0.07370159764717854,0.06583460457021417,0.00023506040452048182,0.0001501908409409225,0.00017774308798834682
ray_gpis_uncertainty_only,Thin_Irregular,12,0,3,minus_x,minus_y,0.020910000144780727,0.04637106065817098,0.025461060513390255,0.0,0.8660254037844387,0.020910000144780727,0.04637106065817098,0.01740323664587995,0.00011426413402659819,0.00011426413402659819,0.00011158192501170561
ray_gpis_uncertainty_only,Thin_Irregular,12,0,4,minus_y,minus_x,0.0004980658391763315,0.0029741010210778684,0.002476035181901537,0.0,0.5,0.0029741010210778684,0.0004980658391763315,-0.001374575913679843,0.00011531466589076445,0.00011595914111239836,0.00011302361235721037
ray_gpis_uncertainty_only,Thin_Irregular,7,0,0,minus_x,minus_x,0.25470051114640896,0.25470051114640896,0.0,1.0,1.0,0.25470051114640896,0.14865778761005677,0.0457159269647931,0.0015697741182520986,0.0010412466945126653,0.0008610730874352157
ray_gpis_uncertainty_only,Thin_Irregular,7,0,1,minus_x,minus_x,0.17322473426845109,0.17322473426845109,0.0,1.0,1.0,0.17322473426845109,0.12094870443858652,0.10488921797017903,0.0003413764643482864,0.0003142600762657821,0.00012478436110541224
ray_gpis_uncertainty_only,Thin_Irregular,7,0,2,plus_z,plus_z,0.08060946357709231,0.08060946357709231,0.0,1.0,0.8660254037844387,0.07618000307385275,0.06512860548634702,0.08060946357709231,0.0001220090125571005,0.00011268461094005033,0.0001220090125571005
ray_gpis_uncertainty_only,Thin_Irregular,7,0,3,minus_y,minus_x,0.04325639444191787,0.06896476912902405,0.025708374687106184,0.0,0.8660254037844387,0.06896476912902405,0.04325639444191787,0.019672754926409186,0.00011823529348475859,0.00011823529348475859,0.00011107901082141325
ray_gpis_uncertainty_only,Thin_Irregular,7,0,4,minus_x,minus_y,-0.010126712665514459,-0.005363336656805107,0.004763376008709352,0.0,0.5,-0.010126712665514459,-0.005363336656805107,-0.019224373476902867,0.00011247599468333647,0.00011192837700946257,0.00011110508785350248
ray_gpis_uncertainty_only,Thin_Irregular,14,0,0,minus_x,minus_x,0.19843087186980757,0.19843087186980757,0.0,1.0,1.0,0.19843087186980757,0.1905903541484676,0.08074100473259849,0.0018255525501444936,0.0009060261654667556,0.0007144400733523071
ray_gpis_uncertainty_only,Thin_Irregular,14,0,1,minus_x,minus_x,0.2340407589072791,0.2340407589072791,0.0,1.0,0.5,0.2340407589072791,0.10175995010822075,0.026184790428072702,0.0014061798574402928,0.00020731816766783595,0.00021471286891028285
ray_gpis_uncertainty_only,Thin_Irregular,14,0,2,minus_x,minus_x,0.12985004549393242,0.12985004549393242,0.0,1.0,0.5,0.12985004549393242,0.07719263745590643,0.02478901178866677,0.00017929653404280543,0.0001385791110806167,0.00014019961236044765
ray_gpis_uncertainty_only,Thin_Irregular,14,0,3,plus_z,minus_y,0.020186019723965054,0.048163202810399874,0.02797718308643482,0.0,-0.8660254037844387,0.006502088262593353,0.048163202810399874,0.020186019723965054,0.00011471861944301054,0.00011166760668857023,0.00011471861944301054
ray_gpis_uncertainty_only,Thin_Irregular,14,0,4,minus_x,minus_x,0.04771447109767213,0.04771447109767213,0.0,1.0,1.0,0.04771447109767213,0.008602449611988527,0.0068820014689157105,0.00011725926742656156,0.00011291930422885343,0.00011140311107737944
ray_gpis_uncertainty_only,Thin_Irregular,2,0,0,minus_x,plus_z,0.24516132109185806,0.24758895253665858,0.0024276314448005154,0.0,-0.5,0.24516132109185806,0.2449164167116129,0.24758895253665858,0.00011767836258513853,0.00011379474744899198,0.00011102871940238401
ray_gpis_uncertainty_only,Thin_Irregular,2,0,1,minus_x,minus_x,0.0424929299627273,0.0424929299627273,0.0,1.0,0.5,0.0424929299627273,-0.0313830690742532,-0.0027727999359252187,0.0012736973585560918,0.0005079565453343093,0.00015372986672446132
ray_gpis_uncertainty_only,Thin_Irregular,2,0,2,minus_x,plus_z,0.13232378762672353,0.2318794646668217,0.09955567704009816,0.0,0.5,0.13232378762672353,0.1209971510454449,0.2318794646668217,0.00028232316253706813,0.00011936778173549101,0.00016825477359816432
ray_gpis_uncertainty_only,Thin_Irregular,2,0,3,minus_x,minus_y,0.037298994394294294,0.06784885908713101,0.030549864692836715,0.0,-0.5,0.037298994394294294,0.06784885908713101,0.03652977844822913,0.0002302510547451675,0.00010844523058040068,0.00017070601461455226
ray_gpis_uncertainty_only,Thin_Irregular,2,0,4,minus_x,minus_y,0.005745786777334283,0.02338912794946535,0.017643341172131066,0.0,-0.5,0.005745786777334283,0.02338912794946535,-0.027120780164651248,0.00025161931989714503,0.00011295283184153959,0.00023297424195334315
ray_gpis_uncertainty_only,Thin_Irregular,6,0,0,minus_x,minus_x,0.19018361134450157,0.19018361134450157,0.0,1.0,1.0,0.19018361134450157,0.13607688017811004,0.04256075005833915,0.0009362084674648941,0.0005599094438366592,0.0002630373346619308
ray_gpis_uncertainty_only,Thin_Irregular,6,0,1,minus_x,minus_x,0.15983037772662323,0.15983037772662323,0.0,1.0,1.0,0.15983037772662323,0.03051204094780602,0.015315498813704642,0.0005207827198319137,0.00032258237479254603,0.00025853345869109035
ray_gpis_uncertainty_only,Thin_Irregular,6,0,2,minus_x,plus_z,0.02888369891950593,0.074795507409534,0.04591180849002807,0.0,0.0,0.02888369891950593,0.056535244834464815,0.074795507409534,0.0001406727242283523,0.00010974908218486235,0.0001406727242283523
ray_gpis_uncertainty_only,Thin_Irregular,6,0,3,minus_y,minus_y,0.05162700768883133,0.05162700768883133,0.0,1.0,1.0,0.02740513023121649,0.05162700768883133,0.009701951985324864,0.00011904368147952482,0.00012125277862651274,0.00011830979929072782
ray_gpis_uncertainty_only,Thin_Irregular,6,0,4,minus_x,minus_x,0.04313136634553083,0.04313136634553083,0.0,1.0,1.0,0.04313136634553083,0.016316386369818914,0.014023326720410734,0.00012359226820990443,0.00011344829545123503,0.0001110641096602194
ray_gpis_uncertainty_only,Thin_Irregular,3,0,0,minus_x,minus_x,0.21692283410661195,0.21692283410661195,0.0,1.0,1.0,0.21692283410661195,0.17476678060543555,0.10972717013655237,0.0012876876862719655,0.0005163719761185348,0.00040340254781767726
ray_gpis_uncertainty_only,Thin_Irregular,3,0,1,minus_x,minus_x,0.1789115218747187,0.1789115218747187,0.0,1.0,0.5,0.1789115218747187,0.11422864456280934,0.029603391726298556,0.0008501021075062454,0.00014968792675063014,0.00015086884377524257
ray_gpis_uncertainty_only,Thin_Irregular,3,0,2,minus_x,minus_x,0.11910244523312352,0.11910244523312352,0.0,1.0,0.5,0.11910244523312352,0.0965994193243549,0.09453580820926566,0.0002052692580036819,0.00014458427904173732,0.00016619841335341334
ray_gpis_uncertainty_only,Thin_Irregular,3,0,3,minus_y,minus_x,0.022878344348153945,0.04918813275772571,0.026309788409571766,0.0,-0.5,0.04918813275772571,0.022878344348153945,0.044686634293796934,0.00011068413004977629,0.00011224130139453337,0.00011011416063411161
ray_gpis_uncertainty_only,Thin_Irregular,3,0,4,minus_x,minus_y,0.026811937797467156,0.06485903810698435,0.03804710030951719,0.0,-1.0,0.026811937797467156,0.06485903810698435,0.052460540389675736,0.00011553818330867216,0.00011061707482440397,0.00011079588875873014
ray_gpis_uncertainty_only,Thin_Irregular,9,0,0,minus_x,plus_z,0.29302032741675643,0.3420216610942787,0.04900133367752224,0.0,0.5,0.29302032741675643,0.23235693790947612,0.3420216610942787,0.00011005083069903776,0.00010881589696509764,0.00010915303573710844
ray_gpis_uncertainty_only,Thin_Irregular,9,0,1,minus_x,minus_y,0.05843822525966125,0.08021489145543292,0.021776666195771677,0.0,0.5,0.05843822525966125,0.08021489145543292,0.019308008539007215,0.001080634188838303,0.0004366433131508529,0.0002105703460983932
ray_gpis_uncertainty_only,Thin_Irregular,9,0,2,minus_x,minus_x,0.14484785610884088,0.14484785610884088,0.0,1.0,0.5,0.14484785610884088,0.09145175477719047,0.11209212227606313,0.000673541973810643,0.0003261176752857864,0.00022574345348402858
ray_gpis_uncertainty_only,Thin_Irregular,9,0,3,minus_x,minus_y,0.054691516089565906,0.10642540555819824,0.05173388946863233,0.0,-0.5,0.054691516089565906,0.10642540555819824,0.05742080617579104,0.00035840104101225734,0.0002464486169628799,0.00014266575453802943
ray_gpis_uncertainty_only,Thin_Irregular,9,0,4,minus_y,minus_x,0.08946352279060554,0.095189361399318,0.005725838608712452,0.0,0.5,0.095189361399318,0.08946352279060554,0.015317998201401894,0.00020181963918730617,0.00023326108930632472,0.00011809000716311857
ray_gpis_uncertainty_only,Thin_Irregular,10,0,0,minus_x,minus_y,-0.012460671647169796,0.006707638305987196,0.019168309953156992,0.0,-0.5,-0.012460671647169796,0.006707638305987196,0.005195635313259339,0.0015666616382077336,0.0014395286561921239,0.0002479946124367416
ray_gpis_uncertainty_only,Thin_Irregular,10,0,1,minus_x,minus_x,0.19437876503450696,0.19437876503450696,0.0,1.0,0.5,0.19437876503450696,0.17509502641221003,0.18350918880938222,0.00027137453434988856,0.0001913701999001205,0.00011416355118853971
ray_gpis_uncertainty_only,Thin_Irregular,10,0,2,minus_x,minus_x,0.052434619822376516,0.052434619822376516,0.0,1.0,0.8660254037844387,0.052434619822376516,0.02617928374632794,0.020044249252525237,0.00012570450780913234,0.00012570450780913234,0.00012314895866438746
ray_gpis_uncertainty_only,Thin_Irregular,10,0,3,plus_z,minus_x,0.04025094388516315,0.06000152664935232,0.019750582764189173,0.0,0.8660254037844387,0.06000152664935232,0.02811544586901593,0.04025094388516315,0.00011035257921321318,0.00010749155626399443,0.00011035257921321318
ray_gpis_uncertainty_only,Thin_Irregular,10,0,4,minus_x,minus_x,0.06798328516185248,0.06798328516185248,0.0,1.0,1.0,0.06798328516185248,0.022551785632432986,0.011412785347531873,0.00012156570301158354,0.00010606849536998197,0.00010578537330729887
ray_gpis_uncertainty_only,Thin_Irregular,5,0,0,minus_x,minus_x,0.19147563438574394,0.19147563438574394,0.0,1.0,1.0,0.19147563438574394,0.15226254180971416,0.010211636940811453,0.0008667765068821609,0.0007021149503998458,0.00015867332695052028
ray_gpis_uncertainty_only,Thin_Irregular,5,0,1,minus_x,minus_x,0.19456178430625215,0.19456178430625215,0.0,1.0,1.0,0.19456178430625215,0.09763233448124853,0.060178640542882134,0.000477863650303334,0.000472484331112355,0.0001442341017536819
ray_gpis_uncertainty_only,Thin_Irregular,5,0,2,plus_z,minus_y,0.01579904411152,0.03875250178309875,0.022953457671578748,0.0,-0.5,0.02286954916809314,0.03875250178309875,0.01579904411152,0.00011117586836917326,0.00011231953249080107,0.00011681223259074613
ray_gpis_uncertainty_only,Thin_Irregular,5,0,3,minus_x,minus_x,0.03851392825112765,0.03851392825112765,0.0,1.0,1.0,0.03851392825112765,0.024290610450713235,0.03405638682631962,0.00011524388537509367,0.00011381709919078276,0.00011423805699450895
ray_gpis_uncertainty_only,Thin_Irregular,5,0,4,minus_x,plus_z,0.02392852824252134,0.02675920865170056,0.0028306804091792204,0.0,-0.5,0.02392852824252134,0.025090648172969243,0.02675920865170056,0.00011512840137584135,0.00011006573186023161,0.00011061707482440397
ray_gpis_uncertainty_only,Thin_Irregular,11,0,0,minus_x,minus_x,0.19953950472967374,0.19953950472967374,0.0,1.0,1.0,0.19953950472967374,0.1799225982889714,0.1134177880908171,0.0005875250208191574,0.00046405213652178645,0.0001278931158594787
ray_gpis_uncertainty_only,Thin_Irregular,11,0,1,minus_x,minus_x,0.13409158682454225,0.13409158682454225,0.0,1.0,1.0,0.13409158682454225,0.12762959825276843,0.03119444102858926,0.0005128180491738021,0.00040431524394080043,0.0001290051150135696
ray_gpis_uncertainty_only,Thin_Irregular,11,0,2,minus_x,minus_x,0.125394315339466,0.125394315339466,0.0,1.0,1.0,0.125394315339466,0.04006477203372061,0.09357557948728368,0.0003541877376846969,0.00015015358803793788,0.00019516254542395473
ray_gpis_uncertainty_only,Thin_Irregular,11,0,3,plus_z,minus_x,0.01692473823250218,0.05253417938123417,0.03560944114873199,0.0,-0.5,0.05253417938123417,0.04894043324993047,0.01692473823250218,0.0001153481935034506,0.00011245736823184416,0.00011610070214373991
ray_gpis_uncertainty_only,Thin_Irregular,11,0,4,minus_x,minus_x,0.05771135706432484,0.05771135706432484,0.0,1.0,0.8660254037844387,0.05771135706432484,0.04735575198694064,0.04882390902607969,0.00011585483298404142,0.0001149086092482321,0.00011585483298404142
ray_gpis_uncertainty_only,Thin_Irregular,0,0,0,minus_x,minus_x,0.30566719491393396,0.30566719491393396,0.0,1.0,1.0,0.30566719491393396,0.19695183073301142,0.09690713200986828,0.0015706681879237294,0.0004238394903950393,0.00034113804576918483
ray_gpis_uncertainty_only,Thin_Irregular,0,0,1,minus_x,minus_x,0.23085918220161328,0.23085918220161328,0.0,1.0,1.0,0.23085918220161328,0.0283342783385101,0.03081139770916752,0.00038927997229620814,0.00011843273387057707,0.0001836812007240951
ray_gpis_uncertainty_only,Thin_Irregular,0,0,2,minus_x,minus_x,0.05970045727243778,0.05970045727243778,0.0,1.0,0.5,0.05970045727243778,0.02370785843793055,0.011261309682125908,0.00017393584130331874,0.0001119544540415518,0.0001409483957104385
ray_gpis_uncertainty_only,Thin_Irregular,0,0,3,minus_y,minus_y,0.009606506803232051,0.009606506803232051,0.0,1.0,1.0,0.008327919521189275,0.009606506803232051,0.006744182997098669,0.00011060962424380705,0.00011146271572215483,0.00011049041495425627
ray_gpis_uncertainty_only,Thin_Irregular,0,0,4,minus_x,plus_z,0.0031766546406994944,0.004099211736507624,0.0009225570958081297,0.0,-1.0,0.0031766546406994944,0.003226760756649072,0.004099211736507624,0.00011094490037066862,0.00011033395276172087,0.00011019239173037931
ray_gpis_pointwise,green_Pepper,8,0,0,minus_x,minus_y,0.07035286518524803,0.28103170916146725,0.21067884397621922,0.0,-0.5,0.07035286518524803,0.28103170916146725,0.11464543095396129,2.7624464564723894e-06,2.7134569791087415e-06,2.6637560495146317e-06
ray_gpis_pointwise,green_Pepper,8,0,1,minus_x,minus_x,0.318013306932803,0.318013306932803,0.0,1.0,1.0,0.318013306932803,0.2531623783433408,0.16588763202435503,1.4328436463983962e-06,1.4169592077450943e-06,1.3978329889141605e-06
ray_gpis_pointwise,green_Pepper,8,0,2,minus_x,minus_x,0.1030755724768535,0.1030755724768535,0.0,1.0,1.0,0.1030755724768535,0.010833076572839606,0.03406748203052867,0.00032632361399009824,2.5295288651250303e-05,0.0001350224920315668
ray_gpis_pointwise,green_Pepper,8,0,3,minus_x,minus_x,0.10928369704439689,0.10928369704439689,0.0,1.0,1.0,0.10928369704439689,0.0271073890795388,0.06467838044714103,0.00012779125245288014,2.443880475766491e-05,3.9004084101179615e-05
ray_gpis_pointwise,green_Pepper,8,0,4,minus_x,plus_z,-0.06544310599607672,-0.03490838199456747,0.03053472400150925,0.0,-0.5,-0.06544310599607672,-0.04990628837952482,-0.03490838199456747,0.00010167211439693347,6.442113226512447e-05,7.40021641831845e-05
ray_gpis_pointwise,green_Pepper,13,0,0,minus_x,minus_x,0.2617166216057381,0.2617166216057381,0.0,1.0,1.0,0.2617166216057381,0.17209189656558893,0.05615393697143417,9.998207133321557e-06,9.822991160035599e-06,9.669415703683626e-06
ray_gpis_pointwise,green_Pepper,13,0,1,minus_x,minus_x,0.1825906917966521,0.1825906917966521,0.0,1.0,1.0,0.1825906917966521,0.14387374347584814,0.13088367631315,0.0003021704324055463,0.0001362185867037624,8.645166963106021e-05
ray_gpis_pointwise,green_Pepper,13,0,2,minus_y,minus_x,0.06749724363502829,0.08161527894308207,0.014118035308053778,0.0,0.5,0.08161527894308207,0.06749724363502829,0.022104677638431935,0.0001020266063278541,0.00010672496864572167,3.891704182024114e-05
ray_gpis_pointwise,green_Pepper,13,0,3,minus_y,minus_x,-0.04999793703798272,-0.013432529354530542,0.03656540768345218,0.0,0.5,-0.013432529354530542,-0.04999793703798272,-0.06656725357696136,6.003373709972948e-05,6.833205407019705e-05,2.4902406948967837e-05
ray_gpis_pointwise,green_Pepper,13,0,4,minus_y,minus_y,0.054785721134569254,0.054785721134569254,0.0,1.0,0.5,0.024548375028556668,0.054785721134569254,0.04071517481239628,6.2158091168385e-05,6.424525781767443e-05,2.3690174202783965e-05
ray_gpis_pointwise,green_Pepper,4,0,0,minus_x,minus_x,0.23513748297246262,0.23513748297246262,0.0,1.0,0.5,0.23513748297246262,0.05230825555710794,0.05888837582615264,0.0002875984355341643,0.0001274022797588259,9.307722211815417e-05
ray_gpis_pointwise,green_Pepper,4,0,1,minus_x,minus_x,0.12454461127519123,0.12454461127519123,0.0,1.0,0.5,0.12454461127519123,0.054657013197292215,0.05912136613801222,0.0002531461650505662,6.190181738929823e-05,2.5681518309284e-05
ray_gpis_pointwise,green_Pepper,4,0,2,minus_x,minus_x,0.08873718028519473,0.08873718028519473,0.0,1.0,0.5,0.08873718028519473,0.02651906284747174,0.015080127610703986,0.00020716169092338532,2.469335049681831e-05,2.547117037465796e-05
ray_gpis_pointwise,green_Pepper,4,0,3,minus_x,minus_x,0.02765444071228751,0.02765444071228751,0.0,1.0,1.0,0.02765444071228751,0.00212042710473892,0.005143765427664926,3.522678525769152e-05,2.418668918835465e-05,3.169474803144112e-05
ray_gpis_pointwise,green_Pepper,4,0,4,minus_x,minus_x,0.02573982267812769,0.02573982267812769,0.0,1.0,0.5,0.02573982267812769,0.015395994193596496,0.005233883385220239,4.4189982872921973e-05,2.429374580970034e-05,3.6890000046696514e-05
ray_gpis_pointwise,green_Pepper,1,0,0,minus_x,minus_y,0.25706113980693596,0.329568641895539,0.07250750208860307,0.0,0.5,0.25706113980693596,0.329568641895539,0.23768975068372994,0.0004808899248018861,0.0001741912419674918,5.034124114899896e-05
ray_gpis_pointwise,green_Pepper,1,0,1,minus_x,minus_x,0.23962854800344097,0.23962854800344097,0.0,1.0,1.0,0.23962854800344097,0.12123443545952611,0.10395359348642408,0.00026311882538720965,0.000193285450222902,5.2370196499396116e-05
ray_gpis_pointwise,green_Pepper,1,0,2,plus_z,minus_x,-0.03159366688445808,0.014148652646731485,0.04574231953118957,0.0,-1.0,0.014148652646731485,-0.026333818450376967,-0.03159366688445808,6.512896652566269e-05,6.622490036534145e-05,8.286970114568248e-05
ray_gpis_pointwise,green_Pepper,1,0,3,minus_x,minus_y,0.12325590888001303,0.1245112963547732,0.0012553874747601723,0.0,0.5,0.12325590888001303,0.1245112963547732,0.09149321832236812,7.532673043897375e-05,5.3958614444127306e-05,4.972005626768805e-05
ray_gpis_pointwise,green_Pepper,1,0,4,minus_x,minus_x,0.06183110748138454,0.06183110748138454,0.0,1.0,1.0,0.06183110748138454,0.05700100893293936,0.042418297119878545,5.043396231485531e-05,4.169316525803879e-05,4.020968481199816e-05
ray_gpis_pointwise,green_Pepper,12,0,0,minus_x,minus_x,0.1596827249421513,0.1596827249421513,0.0,1.0,1.0,0.1596827249421513,0.14676400926016075,0.02748856523354326,0.0004311559605412185,0.0001859739568317309,2.8692926207440905e-05
ray_gpis_pointwise,green_Pepper,12,0,1,minus_x,minus_x,0.16811385689330138,0.16811385689330138,0.0,1.0,1.0,0.16811385689330138,0.0165434022272698,0.03136272471710677,0.0003121257177554071,2.6010204237536527e-05,3.5200282582081854e-05
ray_gpis_pointwise,green_Pepper,12,0,2,minus_x,minus_x,0.10023268415241993,0.10023268415241993,0.0,1.0,1.0,0.10023268415241993,0.007317020691949505,0.015727882723091446,0.00017406513507012278,2.4962160750874318e-05,0.00010532465967116877
ray_gpis_pointwise,green_Pepper,12,0,3,plus_z,minus_x,0.030440328435320074,0.0679005156690704,0.03746018723375033,0.0,0.5,0.0679005156690704,0.008485004285884057,0.030440328435320074,6.9117930252105e-05,2.4280205252580345e-05,7.15778733137995e-05
ray_gpis_pointwise,green_Pepper,12,0,4,minus_x,minus_y,0.0032018012749486235,0.019433306808724904,0.01623150553377628,0.0,0.5,0.0032018012749486235,0.019433306808724904,0.0030407219997014012,7.518193160649389e-05,4.1205719753634185e-05,2.414522532490082e-05
ray_gpis_pointwise,green_Pepper,7,0,0,minus_x,minus_x,0.23577449224143698,0.23577449224143698,0.0,1.0,1.0,0.23577449224143698,0.19902211536830228,0.1539245443494337,0.0004197793605271727,6.143003702163696e-05,2.744253652053885e-05
ray_gpis_pointwise,green_Pepper,7,0,1,minus_x,minus_x,0.17091307542797618,0.17091307542797618,0.0,1.0,1.0,0.17091307542797618,0.127349433059451,0.03992988037428136,0.0005797385238111019,0.00014162622392177582,2.601520282041747e-05
ray_gpis_pointwise,green_Pepper,7,0,2,minus_x,minus_y,0.026086852761513124,0.08005054842804393,0.05396369566653081,0.0,0.5,0.026086852761513124,0.08005054842804393,0.016421983213305458,0.0001898222544696182,7.038032345008105e-05,2.5448700398555957e-05
ray_gpis_pointwise,green_Pepper,7,0,3,minus_y,plus_z,0.03828948176866731,0.07536114454415888,0.037071662775491565,0.0,-0.5,0.07298828969899607,0.03828948176866731,0.07536114454415888,0.0001391933037666604,0.0001752134703565389,0.00014288554666563869
ray_gpis_pointwise,green_Pepper,7,0,4,minus_x,minus_x,0.11701175159443644,0.11701175159443644,0.0,1.0,1.0,0.11701175159443644,0.10203377935406344,0.07519588615542727,0.00012936597340740263,0.00011240531603107229,9.761932597029954e-05
ray_gpis_pointwise,green_Pepper,14,0,0,minus_x,minus_x,0.3260183527885086,0.3260183527885086,0.0,1.0,1.0,0.3260183527885086,0.20405880075143495,0.11619915831830391,7.75796524976613e-06,7.565021860500565e-06,7.201836069725687e-06
ray_gpis_pointwise,green_Pepper,14,0,1,minus_x,minus_x,0.16104467900773634,0.16104467900773634,0.0,1.0,1.0,0.16104467900773634,0.09253635384421977,0.04133100147184099,0.00023886012786533684,4.925963730784133e-05,4.670607449952513e-05
ray_gpis_pointwise,green_Pepper,14,0,2,plus_z,minus_y,0.06010296071423582,0.07007510400367789,0.00997214328944207,0.0,0.5,0.0540289941035178,0.07007510400367789,0.06010296071423582,4.386190994409844e-05,4.66498349851463e-05,4.712191366706975e-05
ray_gpis_pointwise,green_Pepper,14,0,3,minus_y,minus_x,0.03389216932642258,0.057675103799017524,0.02378293447259494,0.0,0.5,0.057675103799017524,0.03389216932642258,0.009842097334303523,4.136117422604002e-05,4.43965764134191e-05,3.3711134165059775e-05
ray_gpis_pointwise,green_Pepper,14,0,4,minus_y,minus_x,0.02479642099043422,0.053557365165926796,0.028760944175492575,0.0,0.5,0.053557365165926796,0.02479642099043422,0.009947377493724319,4.457132308743894e-05,4.778783113579266e-05,3.757412559934892e-05
ray_gpis_pointwise,green_Pepper,2,0,0,minus_x,minus_y,0.16008881845642497,0.16798156812332543,0.007892749666900456,0.0,0.5,0.16008881845642497,0.16798156812332543,0.05209344394671728,0.00040681660175323486,0.00026792928110808134,3.931372702936642e-05
ray_gpis_pointwise,green_Pepper,2,0,1,minus_x,minus_x,0.10364042325796796,0.10364042325796796,0.0,1.0,1.0,0.10364042325796796,0.0712437429628534,0.05489921142360554,0.00034805238828994334,0.00025681371334940195,2.593388308014255e-05
ray_gpis_pointwise,green_Pepper,2,0,2,minus_x,minus_x,0.052198651032483445,0.052198651032483445,0.0,1.0,1.0,0.052198651032483445,-0.021079975964613085,-0.024178827247822055,0.00021643492800649256,0.00013386453792918473,0.00010171339090447873
ray_gpis_pointwise,green_Pepper,2,0,3,plus_z,minus_y,0.0560197411707819,0.06278633096330688,0.00676658979252498,0.0,-0.5,0.012632712278602298,0.06278633096330688,0.0560197411707819,3.429602293181233e-05,2.407720239716582e-05,3.519147139741108e-05
ray_gpis_pointwise,green_Pepper,2,0,4,minus_x,plus_z,0.03886378345975572,0.05212575475940895,0.01326197129965323,0.0,-0.5,0.03886378345975572,0.021138968515333367,0.05212575475940895,4.338171856943518e-05,2.4086317353066988e-05,2.358188976359088e-05
ray_gpis_pointwise,green_Pepper,6,0,0,minus_x,minus_y,0.23964220426211041,0.2398410440879541,0.00019883982584367743,0.0,0.5,0.23964220426211041,0.2398410440879541,0.1939254265337011,0.00017245294293388724,2.8641517928917892e-05,2.5658493541413918e-05
ray_gpis_pointwise,green_Pepper,6,0,1,minus_x,plus_z,-0.0059531804352837,0.04831286079234065,0.05426604122762435,0.0,-0.5,-0.0059531804352837,-0.025205249588734713,0.04831286079234065,0.00028188611031509936,6.216348265297711e-05,2.6031626475742087e-05
ray_gpis_pointwise,green_Pepper,6,0,2,minus_x,minus_y,0.03966006223517815,0.15909607147036975,0.1194360092351916,0.0,-0.5,0.03966006223517815,0.15909607147036975,0.13652660464526112,0.00013107812264934182,6.773262430215254e-05,4.6846875193296e-05
ray_gpis_pointwise,green_Pepper,6,0,3,plus_z,minus_y,0.0404505263976036,0.05284392257375181,0.012393396176148208,0.0,-0.5,0.05012405871315495,0.05284392257375181,0.0404505263976036,5.183413304621354e-05,7.014975562924519e-05,0.00010400709288660437
ray_gpis_pointwise,green_Pepper,6,0,4,minus_x,minus_x,-0.0021085711842541155,-0.0021085711842541155,0.0,1.0,0.5,-0.0021085711842541155,-0.027081512260005325,-0.03394455093496396,0.00011351695138728246,2.380509249633178e-05,4.9489612138131633e-05
ray_gpis_pointwise,green_Pepper,3,0,0,minus_x,minus_x,0.2786280883108804,0.2786280883108804,0.0,1.0,1.0,0.2786280883108804,0.1315021334766837,0.032886511325928736,1.24009211504017e-05,1.1986557183263358e-05,1.1576879842323251e-05
ray_gpis_pointwise,green_Pepper,3,0,1,minus_x,minus_x,0.17277625853681,0.17277625853681,0.0,1.0,0.5,0.17277625853681,0.02178829468371879,0.013834657318197219,0.0004949249560013413,2.6990861442754976e-05,3.746393122128211e-05
ray_gpis_pointwise,green_Pepper,3,0,2,minus_x,minus_x,0.06989688331438448,0.06989688331438448,0.0,1.0,1.0,0.06989688331438448,0.04232258126157207,0.04801059896792115,8.568674820708111e-05,5.4841588280396536e-05,5.502326166606508e-05
ray_gpis_pointwise,green_Pepper,3,0,3,minus_x,minus_x,0.016744325102390323,0.016744325102390323,0.0,1.0,0.5,0.016744325102390323,0.013340383941120804,-0.0023929927162520404,3.737380757229403e-05,2.452515582263004e-05,3.7033863918622956e-05
ray_gpis_pointwise,green_Pepper,3,0,4,minus_x,minus_x,-0.025979378112142237,-0.025979378112142237,0.0,1.0,1.0,-0.025979378112142237,-0.027927574027229674,-0.03950782532314523,3.715629281941801e-05,2.4227101675933227e-05,2.4160290195140988e-05
ray_gpis_pointwise,green_Pepper,9,0,0,minus_x,minus_x,0.16880626285116995,0.16880626285116995,0.0,1.0,1.0,0.16880626285116995,0.0941563511861847,0.037150024374632384,0.00045428183511830866,0.0002275318547617644,0.00012996818986721337
ray_gpis_pointwise,green_Pepper,9,0,1,minus_x,minus_x,0.23623269326353635,0.23623269326353635,0.0,1.0,0.5,0.23623269326353635,0.10532254960118992,0.11564256579798626,0.00041601056000217795,0.00012402448919601738,6.673469033557922e-05
ray_gpis_pointwise,green_Pepper,9,0,2,minus_y,minus_x,0.04235830680475727,0.05873622767825404,0.016377920873496765,0.0,0.5,0.05873622767825404,0.04235830680475727,0.027288512043701973,3.578770702006295e-05,6.312334880931303e-05,3.1844538170844316e-05
ray_gpis_pointwise,green_Pepper,9,0,3,minus_y,minus_y,0.03680928679886075,0.03680928679886075,0.0,1.0,0.5,-0.01911735172695439,0.03680928679886075,0.014413226322425365,3.079969246755354e-05,3.820162237389013e-05,3.0758532375330105e-05
ray_gpis_pointwise,green_Pepper,9,0,4,minus_y,minus_x,0.009677480423209595,0.03186101944937536,0.022183539026165766,0.0,-0.5,0.03186101944937536,0.009677480423209595,0.014558794440624356,4.083629391971044e-05,4.371469549369067e-05,2.4222841602750123e-05
ray_gpis_pointwise,green_Pepper,10,0,0,minus_x,minus_x,0.22357662081348878,0.22357662081348878,0.0,1.0,1.0,0.22357662081348878,0.1720786326591675,0.06157855894192582,0.00022230710601434112,3.021781230927445e-05,2.624650369398296e-05
ray_gpis_pointwise,green_Pepper,10,0,1,minus_x,minus_x,0.16491579903531894,0.16491579903531894,0.0,1.0,0.5,0.16491579903531894,0.06683947823418268,0.03498379263187279,0.000206152064492926,5.581543882726692e-05,9.437010157853365e-05
ray_gpis_pointwise,green_Pepper,10,0,2,minus_y,minus_x,0.03884522394314438,0.08598170162525764,0.047136477682113265,0.0,-0.5,0.08598170162525764,0.03884522394314438,0.02880490310881123,6.002842928864993e-05,7.003278005868196e-05,6.532036059070379e-05
ray_gpis_pointwise,green_Pepper,10,0,3,minus_x,minus_x,0.0884589933528408,0.0884589933528408,0.0,1.0,1.0,0.0884589933528408,0.03965130191124622,0.011632381807178738,6.486571510322392e-05,5.72994067624677e-05,4.754455585498363e-05
ray_gpis_pointwise,green_Pepper,10,0,4,minus_x,minus_y,0.028351277632518324,0.0398832839499893,0.011532006317470977,0.0,0.5,0.028351277632518324,0.0398832839499893,0.009966674285304511,5.836316995555535e-05,5.392694947659038e-05,4.469079431146383e-05
ray_gpis_pointwise,green_Pepper,5,0,0,minus_x,minus_x,0.22277666382370043,0.22277666382370043,0.0,1.0,1.0,0.22277666382370043,0.18270437551968022,0.15098362494035378,9.140710972133093e-06,8.96606707101455e-06,8.560376045352314e-06
ray_gpis_pointwise,green_Pepper,5,0,1,minus_x,minus_x,0.1762093677634503,0.1762093677634503,0.0,1.0,1.0,0.1762093677634503,0.11273653561062091,0.06519827778960963,0.0004274432430975139,0.00023036189668346196,2.5280638510594144e-05
ray_gpis_pointwise,green_Pepper,5,0,2,minus_y,minus_y,0.05967634824414614,0.05967634824414614,0.0,1.0,0.5,0.03180652766436254,0.05967634824414614,0.052280645831025985,5.8701079979073256e-05,0.00012824031000491232,4.657712270272896e-05
ray_gpis_pointwise,green_Pepper,5,0,3,minus_y,minus_y,0.0874024963836576,0.0874024963836576,0.0,1.0,1.0,0.04839613248507568,0.0874024963836576,0.03329274111978775,4.8753492592368275e-05,0.00011482545960461721,3.3952794183278456e-05
ray_gpis_pointwise,green_Pepper,5,0,4,minus_x,minus_x,0.03564194703314816,0.03564194703314816,0.0,1.0,0.5,0.03564194703314816,0.013999816613787242,0.009187534031388278,4.5433938794303685e-05,2.3684491679887287e-05,2.4096909328363836e-05
ray_gpis_pointwise,green_Pepper,11,0,0,minus_x,minus_x,0.20492290550146808,0.20492290550146808,0.0,1.0,0.5,0.20492290550146808,0.07200434298475455,0.12147307199456314,0.0005250406684353948,0.00011283564526820555,9.895563562167808e-05
ray_gpis_pointwise,green_Pepper,11,0,1,minus_x,minus_x,0.22408317088260643,0.22408317088260643,0.0,1.0,1.0,0.22408317088260643,0.04349309804632584,0.03498150853275661,0.0005602759192697704,0.00015996610454749316,4.7198034735629335e-05
ray_gpis_pointwise,green_Pepper,11,0,2,minus_x,minus_x,0.11076365350274198,0.11076365350274198,0.0,1.0,1.0,0.11076365350274198,0.0307660920570344,0.04711406001915064,7.671404455322772e-05,5.164204412722029e-05,7.245480082929134e-05
ray_gpis_pointwise,green_Pepper,11,0,3,minus_x,minus_x,0.06130284892983817,0.06130284892983817,0.0,1.0,1.0,0.06130284892983817,0.037474956322448794,0.02623993600535457,6.885552284074947e-05,5.006212813896127e-05,2.557017251092475e-05
ray_gpis_pointwise,green_Pepper,11,0,4,minus_x,minus_x,0.028845300631837434,0.028845300631837434,0.0,1.0,1.0,0.028845300631837434,0.012795688704126396,0.0005179843512365112,5.0720296712825075e-05,4.1421611967962235e-05,3.696810745168477e-05
ray_gpis_pointwise,green_Pepper,0,0,0,minus_x,minus_x,0.18561329164454177,0.18561329164454177,0.0,1.0,1.0,0.18561329164454177,0.140703521075504,0.07089061492942683,0.0003825555322691798,9.810348274186254e-05,2.7251511710346676e-05
ray_gpis_pointwise,green_Pepper,0,0,1,minus_x,minus_x,0.13333223214932322,0.13333223214932322,0.0,1.0,1.0,0.13333223214932322,0.03809838830113088,0.053203552346786975,0.00036994804395362735,2.5531091523589566e-05,5.413335020421073e-05
ray_gpis_pointwise,green_Pepper,0,0,2,minus_x,minus_x,0.021303357223257602,0.021303357223257602,0.0,1.0,0.5,0.021303357223257602,0.010702096145370543,-0.00017674710394288695,0.00025007431395351887,2.4510898583685048e-05,2.56259609159315e-05
ray_gpis_pointwise,green_Pepper,0,0,3,minus_x,minus_x,0.03950585575003984,0.03950585575003984,0.0,1.0,1.0,0.03950585575003984,0.006951425495105301,0.0286476974699299,0.00029610050842165947,2.4146957002812997e-05,0.00011013913172064349
ray_gpis_pointwise,green_Pepper,0,0,4,minus_x,minus_x,0.10491608986255652,0.10491608986255652,0.0,1.0,1.0,0.10491608986255652,0.0002106597975970459,0.0030929831565669197,0.00027193635469302535,2.411479908914771e-05,4.7858335165074095e-05
ray_gpis_pointwise,Corner,8,0,0,minus_x,minus_x,0.33693389386932954,0.33693389386932954,0.0,1.0,0.5,0.33693389386932954,0.032920720612966026,0.10817434727060204,0.0006362037966027856,0.0003190210263710469,0.00015916720440145582
ray_gpis_pointwise,Corner,8,0,1,minus_x,minus_x,0.10079363591075474,0.10079363591075474,0.0,1.0,0.5,0.10079363591075474,0.035451556763747005,0.051053270276716245,0.00016201807011384517,3.089820165769197e-05,2.5171793822664768e-05
ray_gpis_pointwise,Corner,8,0,2,plus_z,minus_x,0.05348972576003708,0.058275461145791074,0.0047857353857539975,0.0,0.5,0.058275461145791074,0.03278104640304624,0.05348972576003708,3.204934182576835e-05,2.4014385417103767e-05,3.91145731555298e-05
ray_gpis_pointwise,Corner,8,0,3,minus_x,minus_y,0.013175322856536886,0.014257744509870607,0.0010824216533337205,0.0,0.5,0.013175322856536886,0.014257744509870607,0.009661594403167939,3.8434973248513415e-05,3.2982945413095877e-05,2.3776397938490845e-05
ray_gpis_pointwise,Corner,8,0,4,plus_z,minus_x,0.009248501140246002,0.013656154213194438,0.0044076530729484364,0.0,0.5,0.013656154213194438,0.002890541902403232,0.009248501140246002,3.312138142064214e-05,2.3522192350355908e-05,3.400105924811214e-05
ray_gpis_pointwise,Corner,13,0,0,minus_x,minus_x,0.09036607343989056,0.09036607343989056,0.0,1.0,0.5,0.09036607343989056,0.06864860388236271,0.07123004042304615,0.0005709489341825247,9.841493738349527e-05,3.5921315429732203e-05
ray_gpis_pointwise,Corner,13,0,1,minus_x,minus_x,0.18298461264333366,0.18298461264333366,0.0,1.0,0.5,0.18298461264333366,0.032840085134760555,0.03422112567172697,0.0001671381323831156,2.3569287805003114e-05,2.3361884814221412e-05
ray_gpis_pointwise,Corner,13,0,2,minus_x,minus_x,0.22677566101092783,0.22677566101092783,0.0,1.0,0.5,0.22677566101092783,0.09393746515532009,0.053594357496411615,0.0002276036684634164,4.8097157559823245e-05,6.450866931118071e-05
ray_gpis_pointwise,Corner,13,0,3,minus_x,minus_y,0.023355899138441272,0.03574884387549915,0.012392944737057876,0.0,-0.5,0.023355899138441272,0.03574884387549915,0.014079456505247667,3.93486006942112e-05,2.3341155610978603e-05,2.3559037799714133e-05
ray_gpis_pointwise,Corner,13,0,4,plus_z,minus_y,0.005370406274167183,0.022868737274115092,0.01749833099994791,0.0,-1.0,0.01903614689563926,0.022868737274115092,0.005370406274167183,2.348333873669617e-05,2.319796840311028e-05,2.3520880858995952e-05
ray_gpis_pointwise,Corner,4,0,0,minus_x,minus_x,0.2717297666680889,0.2717297666680889,0.0,1.0,0.5,0.2717297666680889,0.16589650910635056,0.18849517154884576,0.0003220503276679665,0.00024834650685079396,6.175920862006024e-05
ray_gpis_pointwise,Corner,4,0,1,minus_x,minus_x,0.10163857450918301,0.10163857450918301,0.0,1.0,1.0,0.10163857450918301,-0.001323434026865744,-0.006162240438865707,0.0001698406267678365,0.00013910842244513333,2.4912695153034292e-05
ray_gpis_pointwise,Corner,4,0,2,minus_y,minus_x,0.06991582858326895,0.10619271492783522,0.03627688634456627,0.0,0.5,0.10619271492783522,0.06991582858326895,0.06649051576589116,0.00010909882985288277,0.00011832411109935492,4.749925574287772e-05
ray_gpis_pointwise,Corner,4,0,3,minus_y,minus_x,0.03354841368976191,0.054540415218199745,0.02099200152843783,0.0,-0.5,0.054540415218199745,0.03354841368976191,0.042819439948624805,6.028099960531108e-05,7.137712236726657e-05,5.9584792325040326e-05
ray_gpis_pointwise,Corner,4,0,4,plus_z,minus_x,0.0027055447856628723,0.014703165783098049,0.011997620997435177,0.0,-1.0,0.014703165783098049,0.007057920719000466,0.0027055447856628723,3.9953130908543244e-05,4.5052704081172124e-05,5.6356366258114576e-05
ray_gpis_pointwise,Corner,1,0,0,minus_x,minus_x,0.17474082146738107,0.17474082146738107,0.0,1.0,1.0,0.17474082146738107,0.06571582700766393,0.05066345897326113,0.0005177462589927018,0.00021697365446016192,0.00012032032100250944
ray_gpis_pointwise,Corner,1,0,1,minus_x,minus_x,0.10733980534557974,0.10733980534557974,0.0,1.0,1.0,0.10733980534557974,0.014495809493679679,0.0665785269218564,0.00018995867867488414,4.217940295347944e-05,9.74500144366175e-05
ray_gpis_pointwise,Corner,1,0,2,minus_x,minus_x,0.05188191409580489,0.05188191409580489,0.0,1.0,1.0,0.05188191409580489,0.029228355320292776,0.018505069015832376,0.0001887209655251354,4.8945341404760256e-05,4.280533903511241e-05
ray_gpis_pointwise,Corner,1,0,3,minus_x,minus_x,0.11103896816375847,0.11103896816375847,0.0,1.0,1.0,0.11103896816375847,0.0006038137364087204,0.0207379767746253,0.00017909755115397274,2.38821012317203e-05,0.0001029771301546134
ray_gpis_pointwise,Corner,1,0,4,minus_x,plus_z,0.014013866166204259,0.02470947997220052,0.010695613805996262,0.0,0.5,0.014013866166204259,0.008970813660671428,0.02470947997220052,4.727846317109652e-05,2.4205884983530268e-05,3.8091002352302894e-05
ray_gpis_pointwise,Corner,12,0,0,minus_x,minus_x,0.07888561247559739,0.07888561247559739,0.0,1.0,1.0,0.07888561247559739,0.041178123030251534,0.0348143232712565,0.00037878405419178307,0.00018871734209824353,2.9475175324478187e-05
ray_gpis_pointwise,Corner,12,0,1,minus_x,minus_y,0.19277903737456958,0.23513508297913444,0.04235604560456485,0.0,0.5,0.19277903737456958,0.23513508297913444,0.12377477983118879,0.00040398535202257335,0.0002668849192559719,0.00012707035057246685
ray_gpis_pointwise,Corner,12,0,2,minus_x,minus_x,0.09852997057231616,0.09852997057231616,0.0,1.0,1.0,0.09852997057231616,0.06392594950464026,0.041152265829930146,0.00014724931679666042,9.333517664344981e-05,4.244041338097304e-05
ray_gpis_pointwise,Corner,12,0,3,minus_x,minus_x,0.08148033818479528,0.08148033818479528,0.0,1.0,1.0,0.08148033818479528,0.06220827123439665,0.08029249024689444,3.114695573458448e-05,2.3465201593353413e-05,2.351149669266306e-05
ray_gpis_pointwise,Corner,12,0,4,minus_x,plus_z,0.034414150794085274,0.03871110855330795,0.004296957759222675,0.0,0.5,0.034414150794085274,0.027612344299241975,0.03871110855330795,2.9041129891993478e-05,2.319010309292935e-05,2.3239534129970707e-05
ray_gpis_pointwise,Corner,7,0,0,minus_x,minus_x,0.23046621274001017,0.23046621274001017,0.0,1.0,1.0,0.23046621274001017,0.06932189553699836,0.0616466968536476,0.0001997088111238554,0.00019452320702839643,2.5682918931124732e-05
ray_gpis_pointwise,Corner,7,0,1,minus_x,minus_x,0.09456283887359573,0.09456283887359573,0.0,1.0,1.0,0.09456283887359573,0.07906554278875955,0.04752111013321636,0.00018163450295105577,4.6626850235043094e-05,2.4386214136029594e-05
ray_gpis_pointwise,Corner,7,0,2,minus_x,minus_x,0.11010487636251953,0.11010487636251953,0.0,1.0,1.0,0.11010487636251953,0.015387770721415284,0.058815744109241175,0.00011857485515065491,6.570391269633546e-05,9.589466208126396e-05
ray_gpis_pointwise,Corner,7,0,3,minus_y,minus_y,0.021050680070374583,0.021050680070374583,0.0,1.0,0.5,0.016069921686968747,0.021050680070374583,0.008622310016695334,2.334850978513714e-05,3.45373191521503e-05,3.1761792342877015e-05
ray_gpis_pointwise,Corner,7,0,4,plus_z,plus_z,0.006822054586140713,0.006822054586140713,0.0,1.0,0.5,0.003203216047459767,0.0035993703566565838,0.006822054586140713,3.237509372411296e-05,2.331038012926001e-05,3.777870733756572e-05
ray_gpis_pointwise,Corner,14,0,0,minus_x,minus_y,0.20319488946140746,0.2200544746463265,0.016859585184919035,0.0,-0.5,0.20319488946140746,0.2200544746463265,0.10120056059370464,0.0005303087527863681,6.198676419444382e-05,9.092713298741728e-05
ray_gpis_pointwise,Corner,14,0,1,minus_x,minus_x,0.22568499904041195,0.22568499904041195,0.0,1.0,1.0,0.22568499904041195,0.044357235307331044,0.10445428756004238,0.0005301813944242895,2.723389297898393e-05,5.827626955579035e-05
ray_gpis_pointwise,Corner,14,0,2,minus_x,minus_x,0.14938129474771544,0.14938129474771544,0.0,1.0,0.5,0.14938129474771544,0.049504235982530176,0.04941563200534149,0.00012604289804585278,2.8395663321134634e-05,4.234953667037189e-05
ray_gpis_pointwise,Corner,14,0,3,plus_z,minus_y,0.00824976863615512,0.020082683816805003,0.011832915180649883,0.0,-0.5,0.007940461022213463,0.020082683816805003,0.00824976863615512,2.365588443353772e-05,2.3548855097033083e-05,2.3743064957670867e-05
ray_gpis_pointwise,Corner,14,0,4,minus_y,minus_x,0.00043635798063534903,0.011228059494555631,0.010791701513920282,0.0,-0.5,0.011228059494555631,0.00043635798063534903,0.0024497810416858057,2.3889902877272107e-05,3.339727481943555e-05,2.3606617105542682e-05
ray_gpis_pointwise,Corner,2,0,0,minus_x,minus_x,0.23789290654396328,0.23789290654396328,0.0,1.0,0.5,0.23789290654396328,0.21984526182591052,0.05408659571283825,0.0005838743527419865,0.0001011222557281144,0.00010738874698290601
ray_gpis_pointwise,Corner,2,0,1,minus_x,minus_x,0.14157425945613988,0.14157425945613988,0.0,1.0,1.0,0.14157425945613988,0.08882373943325805,0.0514174796965321,0.0005495382938534021,5.455221617012285e-05,2.6439262001076713e-05
ray_gpis_pointwise,Corner,2,0,2,minus_x,minus_x,0.13906228722705993,0.13906228722705993,0.0,1.0,0.5,0.13906228722705993,0.007613044288354298,0.043934640868404595,0.00025786313926801085,4.6175911847967654e-05,2.4024117010412738e-05
ray_gpis_pointwise,Corner,2,0,3,plus_z,plus_z,0.03049600838280664,0.03049600838280664,0.0,1.0,1.0,0.017228114806940642,0.016507611435686353,0.03049600838280664,5.0170525355497375e-05,2.394972943875473e-05,5.853307084180415e-05
ray_gpis_pointwise,Corner,2,0,4,minus_x,minus_x,0.05981126201315301,0.05981126201315301,0.0,1.0,0.5,0.05981126201315301,0.003283937674617876,0.009219789151590607,5.428662188933231e-05,4.305862239561975e-05,2.5303697839262895e-05
ray_gpis_pointwise,Corner,6,0,0,minus_x,minus_x,0.16485164790487794,0.16485164790487794,0.0,1.0,1.0,0.16485164790487794,0.10461277829281501,0.07859697161817358,0.0003172007855027914,0.00015879816783126444,4.5609416702063754e-05
ray_gpis_pointwise,Corner,6,0,1,minus_x,minus_x,0.11548945504486674,0.11548945504486674,0.0,1.0,1.0,0.11548945504486674,0.11417298414505173,0.06256135262705576,0.00017012243915814906,9.91785345831886e-05,5.522752690012567e-05
ray_gpis_pointwise,Corner,6,0,2,minus_x,minus_y,0.020214888284750487,0.10891311935519177,0.08869823107044128,0.0,-0.5,0.020214888284750487,0.10891311935519177,0.0911745110238179,6.0802922234870493e-05,6.012397716403939e-05,5.5578857427462935e-05
ray_gpis_pointwise,Corner,6,0,3,minus_y,minus_y,0.11131410605931602,0.11131410605931602,0.0,1.0,1.0,0.045131514678644735,0.11131410605931602,0.01231298769276512,5.8178880863124505e-05,6.0533064242918044e-05,4.6716173528693616e-05
ray_gpis_pointwise,Corner,6,0,4,plus_z,minus_x,0.008213318966028171,0.01309489718218515,0.004881578216156979,0.0,-0.5,0.01309489718218515,0.013087926422741814,0.008213318966028171,2.3633847376913764e-05,2.3605247406521812e-05,3.3125150366686285e-05
ray_gpis_pointwise,Corner,3,0,0,minus_x,minus_x,0.2421758340595096,0.2421758340595096,0.0,1.0,0.5,0.2421758340595096,0.13038603728095433,0.09049340733466993,0.00037886123755015433,6.104547355789691e-05,7.489345443900675e-05
ray_gpis_pointwise,Corner,3,0,1,minus_x,minus_x,0.1882354271185781,0.1882354271185781,0.0,1.0,1.0,0.1882354271185781,0.07549127356774166,0.056069935970174956,0.000147871149238199,4.3576739699346945e-05,3.639556234702468e-05
ray_gpis_pointwise,Corner,3,0,2,minus_x,minus_y,-0.06748955633232345,-0.06535156151099863,0.002137994821324818,0.0,-0.5,-0.06748955633232345,-0.06535156151099863,-0.08202409181419945,5.828120993101038e-05,2.3748381863697432e-05,4.996121788281016e-05
ray_gpis_pointwise,Corner,3,0,3,minus_x,minus_y,0.036104379124824115,0.04557567775240712,0.009471298627583002,0.0,-0.5,0.036104379124824115,0.04557567775240712,0.04375415045321385,5.135490573593415e-05,2.3060872990754433e-05,2.3046432033879682e-05
ray_gpis_pointwise,Corner,3,0,4,plus_z,minus_y,0.02046216556824665,0.03427102032627827,0.013808854758031619,0.0,-0.5,0.015771738141720837,0.03427102032627827,0.02046216556824665,3.826194370049052e-05,2.949933332274668e-05,5.1883958803955466e-05
ray_gpis_pointwise,Corner,9,0,0,minus_x,minus_x,0.17222460954171792,0.17222460954171792,0.0,1.0,1.0,0.17222460954171792,0.09132421018003156,0.05230801835362142,2.0154415324213915e-05,2.0061183022335172e-05,1.9741821233765222e-05
ray_gpis_pointwise,Corner,9,0,1,minus_x,minus_x,0.12080809547685933,0.12080809547685933,0.0,1.0,1.0,0.12080809547685933,0.07509168095875207,0.034728710234990356,0.00023966027947608382,7.563745020888746e-05,2.3796405002940446e-05
ray_gpis_pointwise,Corner,9,0,2,minus_x,minus_x,0.10294221822458327,0.10294221822458327,0.0,1.0,0.5,0.10294221822458327,0.04339220571798208,0.01813568122152598,0.00016098725609481335,3.926911449525505e-05,5.905750731471926e-05
ray_gpis_pointwise,Corner,9,0,3,minus_y,minus_y,0.02029494083947625,0.02029494083947625,0.0,1.0,1.0,-0.01519095506051682,0.02029494083947625,0.018426220289438078,2.3710110326646827e-05,3.296893191873096e-05,2.3944598069647327e-05
ray_gpis_pointwise,Corner,9,0,4,minus_y,plus_z,0.008430534871928685,0.009141154055540834,0.0007106191836121489,0.0,-0.5,0.005404792367997624,0.008430534871928685,0.009141154055540834,2.3782180505804718e-05,2.397848766122479e-05,2.3568858523503877e-05
ray_gpis_pointwise,Corner,10,0,0,minus_x,minus_x,0.17470807890521778,0.17470807890521778,0.0,1.0,1.0,0.17470807890521778,0.12989547179800986,0.07340970044217254,0.0005174957332201302,0.0002676481963135302,6.701705569867045e-05
ray_gpis_pointwise,Corner,10,0,1,minus_x,minus_x,0.17394366584399523,0.17394366584399523,0.0,1.0,0.5,0.17394366584399523,0.05973922403330312,0.04194540162516125,0.00020596788090188056,4.722964149550535e-05,0.00012178561155451462
ray_gpis_pointwise,Corner,10,0,2,plus_z,minus_x,0.06790016180706893,0.10497386416908205,0.03707370236201313,0.0,-0.5,0.10497386416908205,0.09824545264511653,0.06790016180706893,4.832066406379454e-05,4.556697967927903e-05,6.418175325961784e-05
ray_gpis_pointwise,Corner,10,0,3,minus_x,plus_z,-0.030079041805353368,-0.015492039460617946,0.014587002344735422,0.0,0.5,-0.030079041805353368,-0.031341330703335224,-0.015492039460617946,6.516454595839605e-05,3.093514533247799e-05,4.669260306400247e-05
ray_gpis_pointwise,Corner,10,0,4,minus_x,minus_y,0.0026716657696840285,0.022078542180826943,0.019406876411142915,0.0,-0.5,0.0026716657696840285,0.022078542180826943,0.022068382020120292,3.931080937036313e-05,2.657045297382865e-05,2.334422242711298e-05
ray_gpis_pointwise,Corner,5,0,0,minus_x,minus_x,0.2459921641627143,0.2459921641627143,0.0,1.0,0.5,0.2459921641627143,0.24494348807831212,0.20039503105588763,0.00045370476436801255,0.0002105495223077014,0.00021357106743380427
ray_gpis_pointwise,Corner,5,0,1,minus_x,minus_x,0.21061961742129764,0.21061961742129764,0.0,1.0,1.0,0.21061961742129764,0.16436364904307488,0.06217704905529209,0.00020811217837035656,0.0001790146779967472,2.735732778091915e-05
ray_gpis_pointwise,Corner,5,0,2,minus_x,minus_x,0.16323166729023164,0.16323166729023164,0.0,1.0,1.0,0.16323166729023164,0.025861152251893893,0.022523582400056585,0.00014328134420793504,4.9010614020517096e-05,2.3927490474306978e-05
ray_gpis_pointwise,Corner,5,0,3,minus_x,minus_x,0.038246375983383984,0.038246375983383984,0.0,1.0,0.5,0.038246375983383984,0.009719034720855335,0.020379106497718458,5.067992606200278e-05,2.3690989110036753e-05,2.3614491510670632e-05
ray_gpis_pointwise,Corner,5,0,4,minus_x,minus_x,0.024875908309950012,0.024875908309950012,0.0,1.0,0.5,0.024875908309950012,0.012977486493492951,0.004556188484845403,2.3769196559442207e-05,2.3285769202630036e-05,2.339184175070841e-05
ray_gpis_pointwise,Corner,11,0,0,minus_x,minus_y,0.24467092180645522,0.26794431763128534,0.023273395824830123,0.0,0.5,0.24467092180645522,0.26794431763128534,0.15584598078148126,0.0003482000611256808,6.028313873684965e-05,2.6000980142271146e-05
ray_gpis_pointwise,Corner,11,0,1,minus_x,minus_x,0.2184782874814657,0.2184782874814657,0.0,1.0,1.0,0.2184782874814657,0.022678223818366705,0.09422491772274177,0.00021073456446174532,8.397326746489853e-05,8.96888886927627e-05
ray_gpis_pointwise,Corner,11,0,2,minus_x,minus_y,0.021528220209269366,0.03708967259739793,0.01556145238812856,0.0,-0.5,0.021528220209269366,0.03708967259739793,0.019571465689025458,3.8374306313926354e-05,2.353785566810984e-05,2.3723257982055657e-05
ray_gpis_pointwise,Corner,11,0,3,minus_x,minus_y,0.02127966375739876,0.02165394523739217,0.0003742814799934102,0.0,-0.5,0.02127966375739876,0.02165394523739217,0.012881167572224017,3.0296923796413466e-05,2.3612759832758456e-05,2.3679818696109578e-05
ray_gpis_pointwise,Corner,11,0,4,minus_y,minus_y,0.019724664446307938,0.019724664446307938,0.0,1.0,1.0,0.011922246690085903,0.019724664446307938,0.008842476924247666,2.3769467588863336e-05,2.3807931938790716e-05,2.3681786842644215e-05
ray_gpis_pointwise,Corner,0,0,0,minus_x,minus_y,0.1414433448927901,0.15899002115921967,0.017546676266429584,0.0,0.5,0.1414433448927901,0.15899002115921967,0.1348630202365393,1.2353672900644597e-05,1.1978056136285886e-05,1.1522668501129374e-05
ray_gpis_pointwise,Corner,0,0,1,minus_x,minus_x,0.24399487095419997,0.24399487095419997,0.0,1.0,1.0,0.24399487095419997,0.11539139871983978,0.06638827901921535,0.0003469296789262444,0.00020876726193819195,7.09479209035635e-05
ray_gpis_pointwise,Corner,0,0,2,minus_y,minus_y,0.13037884384775245,0.13037884384775245,0.0,1.0,1.0,0.0760260041926768,0.13037884384775245,0.04691847974517849,5.960721682640724e-05,6.184519588714465e-05,5.480614709085785e-05
ray_gpis_pointwise,Corner,0,0,3,minus_x,minus_x,0.05881527879831683,0.05881527879831683,0.0,1.0,0.5,0.05881527879831683,0.019220939689755023,0.006846083108844159,6.624221714446321e-05,2.4013343136175536e-05,3.575396112864837e-05
ray_gpis_pointwise,Corner,0,0,4,minus_x,minus_x,0.0594612828983051,0.0594612828983051,0.0,1.0,0.5,0.0594612828983051,0.016082496814292635,0.01736423398256637,6.318419764284045e-05,3.514398486004211e-05,2.390213376202155e-05
ray_gpis_pointwise,L_Shaped,8,0,0,minus_y,minus_x,0.11051360640218011,0.20809426254585162,0.09758065614367151,0.0,-0.5,0.20809426254585162,0.11051360640218011,0.1553016407454293,1.3524657333618961e-05,1.3529110219678842e-05,1.3240527550806291e-05
ray_gpis_pointwise,L_Shaped,8,0,1,minus_y,minus_x,0.14630722394490836,0.19889681315223362,0.05258958920732526,0.0,0.5,0.19889681315223362,0.14630722394490836,0.055582391030010836,0.00010930658027064055,0.00014018862566445023,5.387604687712155e-05
ray_gpis_pointwise,L_Shaped,8,0,2,minus_y,minus_x,0.08802484649167464,0.1291460448478874,0.04112119835621275,0.0,-0.5,0.1291460448478874,0.08802484649167464,0.09387366424262067,0.00010670472693163902,0.0001566778519190848,3.896721682394855e-05
ray_gpis_pointwise,L_Shaped,8,0,3,minus_x,minus_x,0.10639747503586117,0.10639747503586117,0.0,1.0,0.5,0.10639747503586117,0.08234559920758211,0.09688393873588019,8.957010140875354e-05,5.751581920776516e-05,2.3693077309872024e-05
ray_gpis_pointwise,L_Shaped,8,0,4,minus_x,plus_z,0.051008831524768095,0.05292160062223428,0.0019127690974661826,0.0,-0.5,0.051008831524768095,0.03104265719028987,0.05292160062223428,5.7746558013604954e-05,5.174017496756278e-05,2.3333046556217596e-05
ray_gpis_pointwise,L_Shaped,13,0,0,minus_x,minus_y,0.11793982445911161,0.1482963339744508,0.03035650951533919,0.0,0.5,0.11793982445911161,0.1482963339744508,0.10316379192825426,1.617357884242665e-05,1.5967958461260423e-05,1.568982406752184e-05
ray_gpis_pointwise,L_Shaped,13,0,1,minus_x,minus_x,0.20374369822088656,0.20374369822088656,0.0,1.0,1.0,0.20374369822088656,0.12917007567030447,0.12756771522550303,0.0005758159677498043,0.0002964168961625546,0.00018492405069991946
ray_gpis_pointwise,L_Shaped,13,0,2,minus_x,minus_x,0.033699348233150794,0.033699348233150794,0.0,1.0,0.5,0.033699348233150794,0.02710550666874678,0.027676855513119825,5.9930840507149696e-05,4.777144567924552e-05,3.723403642652556e-05
ray_gpis_pointwise,L_Shaped,13,0,3,minus_x,minus_x,0.09272924391511339,0.09272924391511339,0.0,1.0,0.5,0.09272924391511339,0.0072502182609088806,0.042802669683748906,5.926515586907044e-05,5.036548463976942e-05,3.4950953704537824e-05
ray_gpis_pointwise,L_Shaped,13,0,4,minus_x,minus_x,0.05433938480477141,0.05433938480477141,0.0,1.0,1.0,0.05433938480477141,0.010391589380886135,0.02190525160625889,4.9864844186231494e-05,2.3315213184105232e-05,2.97298811346991e-05
ray_gpis_pointwise,L_Shaped,4,0,0,minus_x,minus_x,0.18981653402873921,0.18981653402873921,0.0,1.0,0.5,0.18981653402873921,0.08922101719121611,0.13628754894908612,0.00011441053356975317,3.611023930716328e-05,3.305833524791524e-05
ray_gpis_pointwise,L_Shaped,4,0,1,minus_x,minus_x,0.1460550423404573,0.1460550423404573,0.0,1.0,1.0,0.1460550423404573,0.035280037091220295,0.05254708119463558,2.394080911471974e-05,2.350662907701917e-05,2.3609871277585626e-05
ray_gpis_pointwise,L_Shaped,4,0,2,minus_x,minus_x,0.09302731551309229,0.09302731551309229,0.0,1.0,0.5,0.09302731551309229,0.06013849500511337,0.07530207517469811,0.00010509509593248367,7.859069592086598e-05,3.522333281580359e-05
ray_gpis_pointwise,L_Shaped,4,0,3,plus_z,minus_x,0.015028460899251028,0.0384548672509375,0.02342640635168647,0.0,-0.5,0.0384548672509375,0.014760668762934914,0.015028460899251028,2.3897760911495425e-05,3.645566903287545e-05,4.0568098484072834e-05
ray_gpis_pointwise,L_Shaped,4,0,4,plus_z,minus_x,-0.03879952778118834,-0.026676503936170493,0.012123023845017844,0.0,-0.5,-0.026676503936170493,-0.04811332960842207,-0.03879952778118834,2.8245151042938232e-05,3.668952194857411e-05,3.733981429832056e-05
ray_gpis_pointwise,L_Shaped,1,0,0,minus_x,minus_x,0.18214923527421967,0.18214923527421967,0.0,1.0,1.0,0.18214923527421967,0.16682530839127774,0.10235421330099825,0.0004542317474260926,0.0001489438145654276,5.719867112929933e-05
ray_gpis_pointwise,L_Shaped,1,0,1,minus_x,minus_x,0.2067622938873348,0.2067622938873348,0.0,1.0,0.5,0.2067622938873348,0.025283982617591794,0.05133310082809428,0.00028180432855151594,2.539074375818018e-05,2.3714501367066987e-05
ray_gpis_pointwise,L_Shaped,1,0,2,minus_x,minus_x,0.06255957839147719,0.06255957839147719,0.0,1.0,0.5,0.06255957839147719,0.012722975149902616,0.03172233517005918,6.317906081676483e-05,4.387083390611224e-05,2.425027014396619e-05
ray_gpis_pointwise,L_Shaped,1,0,3,minus_x,minus_x,-0.014789629916395097,-0.014789629916395097,0.0,1.0,0.5,-0.014789629916395097,-0.029381030353754944,-0.026963025345374758,5.5390082707162946e-05,2.362087252549827e-05,2.3471682652598247e-05
ray_gpis_pointwise,L_Shaped,1,0,4,minus_y,plus_z,0.050278992660226396,0.053354920600959366,0.00307592794073297,0.0,-0.5,0.016929773379041335,0.050278992660226396,0.053354920600959366,2.333220800210256e-05,3.115694926236756e-05,2.3132923161028884e-05
ray_gpis_pointwise,L_Shaped,12,0,0,minus_x,minus_x,0.20924293508475478,0.20924293508475478,0.0,1.0,1.0,0.20924293508475478,0.14856332166055664,0.08015979874161222,0.0001932309241965413,3.480666418909095e-05,2.500937262084335e-05
ray_gpis_pointwise,L_Shaped,12,0,1,minus_x,minus_x,0.15195432605563564,0.15195432605563564,0.0,1.0,1.0,0.15195432605563564,0.07188284777659826,0.0756250030256711,0.0002568198542576283,6.927007780177519e-05,7.395066495519131e-05
ray_gpis_pointwise,L_Shaped,12,0,2,minus_y,minus_x,0.06509706947288452,0.08778125348316035,0.022684184010275832,0.0,-0.5,0.08778125348316035,0.06509706947288452,0.060502482954716275,4.382816041470505e-05,6.501586904050782e-05,5.635179331875406e-05
ray_gpis_pointwise,L_Shaped,12,0,3,minus_y,plus_z,0.029194388648005165,0.03669587809686958,0.007501489448864418,0.0,-0.5,0.035303075554360075,0.029194388648005165,0.03669587809686958,3.61083002644591e-05,4.597106817527674e-05,3.74054470739793e-05
ray_gpis_pointwise,L_Shaped,12,0,4,plus_z,minus_y,-0.0003574292449802785,0.018827670384702788,0.019185099629683067,0.0,-1.0,0.010190138869168752,0.018827670384702788,-0.0003574292449802785,3.516941433190368e-05,2.3767996026435867e-05,4.055129465996288e-05
ray_gpis_pointwise,L_Shaped,7,0,0,minus_x,minus_x,0.338738513595932,0.338738513595932,0.0,1.0,0.5,0.338738513595932,0.23564915070922793,0.29507999161340803,3.273078255006112e-05,3.217656194465235e-05,3.0155024433042854e-05
ray_gpis_pointwise,L_Shaped,7,0,1,minus_x,plus_z,0.12576841788191095,0.1312142051027113,0.005445787220800358,0.0,0.5,0.12576841788191095,0.11930889489808738,0.1312142051027113,0.00012045871699228883,6.27057088422589e-05,7.358747097896412e-05
ray_gpis_pointwise,L_Shaped,7,0,2,minus_x,minus_x,0.11017247627658988,0.11017247627658988,0.0,1.0,0.5,0.11017247627658988,-0.003914716193528123,0.018116839233110804,2.0538183889584616e-05,2.0317387679824606e-05,2.020542524405755e-05
ray_gpis_pointwise,L_Shaped,7,0,3,minus_x,minus_x,0.09863721923658553,0.09863721923658553,0.0,1.0,0.5,0.09863721923658553,0.04813453778466148,0.06269920196354528,6.556649168487638e-05,2.5528181140543893e-05,2.422174293315038e-05
ray_gpis_pointwise,L_Shaped,7,0,4,plus_z,minus_x,0.011060600016571942,0.017271034865135704,0.006210434848563762,0.0,-0.5,0.017271034865135704,0.01502422912133683,0.011060600016571942,2.328240043425467e-05,2.3098400561138988e-05,3.585426020435989e-05
ray_gpis_pointwise,L_Shaped,14,0,0,minus_x,minus_x,0.030234827225923744,0.030234827225923744,0.0,1.0,1.0,0.030234827225923744,-0.00661228115847301,-0.0486392991977424,0.00031447652145288885,0.00019719739793799818,2.545661664044019e-05
ray_gpis_pointwise,L_Shaped,14,0,1,minus_x,plus_z,0.2097721314898946,0.23799921623984965,0.028227084749955056,0.0,0.5,0.2097721314898946,0.20783481438480367,0.23799921623984965,5.861945464857854e-05,2.31896683544619e-05,2.3247885110322386e-05
ray_gpis_pointwise,L_Shaped,14,0,2,minus_x,minus_y,0.04065089378966158,0.04164486440108395,0.0009939706114223679,0.0,-0.5,0.04065089378966158,0.04164486440108395,0.035726958952491006,6.080045295675518e-06,6.068476977816317e-06,6.07458832746488e-06
ray_gpis_pointwise,L_Shaped,14,0,3,plus_z,minus_y,0.03467071151825907,0.056212056824167744,0.021541345305908677,0.0,-0.5,0.030904601615870053,0.056212056824167744,0.03467071151825907,9.334248716186266e-06,9.327863153885119e-06,9.34029867494246e-06
ray_gpis_pointwise,L_Shaped,14,0,4,minus_x,minus_x,0.037220873936069876,0.037220873936069876,0.0,1.0,0.5,0.037220873936069876,0.030031170306162314,0.024346196750382854,1.1618658390943892e-05,1.1602352969930507e-05,1.1614477443799842e-05
ray_gpis_pointwise,L_Shaped,2,0,0,minus_x,minus_x,0.16756566528291555,0.16756566528291555,0.0,1.0,0.5,0.16756566528291555,0.030521507123459968,0.006928079322104541,1.4733911939401878e-06,1.4709287370351376e-06,1.4711906715092482e-06
ray_gpis_pointwise,L_Shaped,2,0,1,minus_x,minus_x,0.17487981664571428,0.17487981664571428,0.0,1.0,0.5,0.17487981664571428,0.08633325943933179,0.10015751869476908,0.00024982556351460516,0.00012145517393946648,0.0001090712466975674
ray_gpis_pointwise,L_Shaped,2,0,2,minus_x,plus_z,0.06901470117045527,0.08636276770302254,0.017348066532567263,0.0,-0.5,0.06901470117045527,0.08319857067982539,0.08636276770302254,6.899129948578775e-05,3.90062814403791e-05,5.464669084176421e-05
ray_gpis_pointwise,L_Shaped,2,0,3,plus_z,minus_y,0.023289977095866443,0.03436059278619574,0.0110706156903293,0.0,0.5,0.019718539982848227,0.03436059278619574,0.023289977095866443,4.711871224571951e-05,5.6989600125234574e-05,8.45105096232146e-05
ray_gpis_pointwise,L_Shaped,2,0,4,plus_z,minus_y,0.0031427762722119335,0.0431192018541392,0.039976425581927266,0.0,-0.5,0.020794987908499873,0.0431192018541392,0.0031427762722119335,3.750505129573867e-05,4.760947558679618e-05,6.16861434536986e-05
ray_gpis_pointwise,L_Shaped,6,0,0,minus_y,minus_y,0.23326821822132193,0.23326821822132193,0.0,1.0,1.0,0.1884183110386053,0.23326821822132193,0.1590722943479027,0.00044681064900942147,0.0004816570144612342,5.244497151579708e-05
ray_gpis_pointwise,L_Shaped,6,0,1,minus_x,minus_y,0.06485712015093714,0.13698245710976698,0.07212533695882983,0.0,0.5,0.06485712015093714,0.13698245710976698,0.02614538300272151,0.00035453849704936147,0.00032198120607063174,2.5916689992300235e-05
ray_gpis_pointwise,L_Shaped,6,0,2,minus_y,minus_y,0.17351581521418113,0.17351581521418113,0.0,1.0,1.0,0.14029974511109988,0.17351581521418113,0.04773918013141487,0.0002276947780046612,0.000327412475598976,2.4756469429121353e-05
ray_gpis_pointwise,L_Shaped,6,0,3,minus_x,minus_x,0.09720400507690541,0.09720400507690541,0.0,1.0,1.0,0.09720400507690541,0.04937178471553749,0.018131096712779682,0.00011483667185530066,0.00010516760085010901,2.4165507056750357e-05
ray_gpis_pointwise,L_Shaped,6,0,4,minus_y,minus_y,0.02624216037223126,0.02624216037223126,0.0,1.0,0.5,0.015124819541632362,0.02624216037223126,0.02336180317902281,2.404701263003517e-05,4.5431250327965245e-05,2.3603803128935397e-05
ray_gpis_pointwise,L_Shaped,3,0,0,minus_x,minus_x,0.204642094693484,0.204642094693484,0.0,1.0,1.0,0.204642094693484,0.19687557369807368,0.10150960083085114,1.0068315532407723e-05,1.0031231795437634e-05,9.85188853519503e-06
ray_gpis_pointwise,L_Shaped,3,0,1,minus_x,minus_x,0.13812499256221322,0.13812499256221322,0.0,1.0,0.5,0.13812499256221322,0.07845594539188849,0.13658672803284322,2.020346437348053e-05,1.9949578927480616e-05,1.9832350517390296e-05
ray_gpis_pointwise,L_Shaped,3,0,2,minus_x,minus_x,0.18861512238110678,0.18861512238110678,0.0,1.0,0.5,0.18861512238110678,0.0855952995108753,0.07607654595442936,0.00019681952835526317,0.00011123769218102098,0.0001417443563695997
ray_gpis_pointwise,L_Shaped,3,0,3,minus_y,minus_x,0.028995027154049113,0.03745142177964311,0.008456394625594,0.0,-0.5,0.03745142177964311,0.028995027154049113,0.032010289145102844,3.719799860846251e-05,6.646416295552626e-05,3.074466803809628e-05
ray_gpis_pointwise,L_Shaped,3,0,4,minus_y,minus_y,0.05091078958460038,0.05091078958460038,0.0,1.0,1.0,0.048863835991479254,0.05091078958460038,0.012192556394825638,3.6295645259087905e-05,6.624330853810534e-05,2.6851495931623504e-05
ray_gpis_pointwise,L_Shaped,9,0,0,minus_x,minus_x,0.21294659400126087,0.21294659400126087,0.0,1.0,1.0,0.21294659400126087,0.10201803460953013,0.06618328934321932,5.157239684194792e-06,5.116957709105918e-06,5.039295956521528e-06
ray_gpis_pointwise,L_Shaped,9,0,1,minus_x,minus_x,0.15776813561849112,0.15776813561849112,0.0,1.0,1.0,0.15776813561849112,0.08872844856839834,0.01834601028311078,0.00026363355573266745,0.00013021445192862302,5.345778845367022e-05
ray_gpis_pointwise,L_Shaped,9,0,2,plus_z,minus_y,0.04994355123906702,0.0670073253111323,0.017063774072065274,0.0,0.5,0.03495879386235712,0.0670073253111323,0.04994355123906702,2.555793253122829e-05,4.387004810268991e-05,5.3350864618550986e-05
ray_gpis_pointwise,L_Shaped,9,0,3,minus_x,minus_x,0.060190552212739834,0.060190552212739834,0.0,1.0,0.5,0.060190552212739834,0.01531585932950752,0.014474074798358938,5.48025818716269e-05,2.7706470064003952e-05,4.176766742602922e-05
ray_gpis_pointwise,L_Shaped,9,0,4,minus_x,minus_x,0.026902538293720246,0.026902538293720246,0.0,1.0,0.5,0.026902538293720246,0.007242179409975069,0.0029457831325778727,4.796590292244218e-05,3.0829960451228544e-05,4.395614087115973e-05
ray_gpis_pointwise,L_Shaped,10,0,0,minus_x,minus_y,0.16004611206912123,0.1609259526090231,0.0008798405399018661,0.0,0.5,0.16004611206912123,0.1609259526090231,0.06494139122815318,1.5681238437537104e-05,1.5002169675426558e-05,1.4473954252025578e-05
ray_gpis_pointwise,L_Shaped,10,0,1,minus_y,minus_y,0.1627761174608766,0.1627761174608766,0.0,1.0,0.5,0.1405088810513666,0.1627761174608766,0.1614639421598264,0.00019768891797866672,0.00023567570315208286,6.044303881935775e-05
ray_gpis_pointwise,L_Shaped,10,0,2,minus_x,minus_x,0.15788184116996296,0.15788184116996296,0.0,1.0,1.0,0.15788184116996296,0.021821213834017916,0.018271343948150442,9.304175910074264e-05,3.202314110239968e-05,3.1535768357571214e-05
ray_gpis_pointwise,L_Shaped,10,0,3,minus_x,minus_x,0.03572994310703903,0.03572994310703903,0.0,1.0,0.5,0.03572994310703903,0.021508933636249394,0.025632745995349926,4.4581323891179636e-05,2.375390067754779e-05,2.3667771529289894e-05
ray_gpis_pointwise,L_Shaped,10,0,4,minus_x,minus_x,0.015375954298303851,0.015375954298303851,0.0,1.0,1.0,0.015375954298303851,0.005048208810218724,-0.0037825710084837816,3.696518615470268e-05,2.7685526220011525e-05,2.3521508410340175e-05
ray_gpis_pointwise,L_Shaped,5,0,0,minus_x,minus_x,0.27567378400233,0.27567378400233,0.0,1.0,1.0,0.27567378400233,0.15128918722080292,0.11505057570664667,1.045921271725092e-05,1.0436950105940923e-05,1.0381383617641404e-05
ray_gpis_pointwise,L_Shaped,5,0,1,minus_x,minus_x,0.1139541378748059,0.1139541378748059,0.0,1.0,0.5,0.1139541378748059,0.04334496939105292,0.06517707223881852,0.000306958332657814,5.4999927669996396e-05,5.323700315784663e-05
ray_gpis_pointwise,L_Shaped,5,0,2,minus_x,minus_x,0.14530607660195338,0.14530607660195338,0.0,1.0,0.5,0.14530607660195338,0.0563751206951173,0.037269064034935795,0.00021366223518271,4.121888559893705e-05,8.752918802201748e-05
ray_gpis_pointwise,L_Shaped,5,0,3,minus_x,minus_y,0.03928856741948039,0.046158117859619985,0.0068695504401395935,0.0,-0.5,0.03928856741948039,0.046158117859619985,0.038951272342305776,5.6608172599226236e-05,2.3729706299491227e-05,3.6670338886324316e-05
ray_gpis_pointwise,L_Shaped,5,0,4,minus_x,minus_y,0.00817141084452988,0.027464373500698414,0.019292962656168533,0.0,-0.5,0.00817141084452988,0.027464373500698414,0.025201100589250847,5.496479934663512e-05,4.512105806497857e-05,2.3438567950506695e-05
ray_gpis_pointwise,L_Shaped,11,0,0,minus_x,minus_y,0.07890750686587072,0.14302706130743187,0.06411955444156114,0.0,-0.5,0.07890750686587072,0.14302706130743187,0.10026158445654176,0.0003949952370021492,0.00020516592485364527,9.379033144796267e-05
ray_gpis_pointwise,L_Shaped,11,0,1,minus_x,minus_x,0.27660804794502025,0.27660804794502025,0.0,1.0,1.0,0.27660804794502025,0.007374363650554827,0.03814209348012587,0.0009611598798073828,3.7232857721392065e-05,8.033093035919592e-05
ray_gpis_pointwise,L_Shaped,11,0,2,minus_x,minus_x,0.15061138686234532,0.15061138686234532,0.0,1.0,1.0,0.15061138686234532,0.08127743484101724,0.015688855524976897,0.0002431948814773932,0.00022694315703120083,2.4012573703657836e-05
ray_gpis_pointwise,L_Shaped,11,0,3,minus_x,plus_z,0.023469757038652173,0.028973326500826513,0.00550356946217434,0.0,-0.5,0.023469757038652173,0.026487188679085838,0.028973326500826513,3.1763032893650234e-05,2.3694581614108756e-05,2.3740878532407805e-05
ray_gpis_pointwise,L_Shaped,11,0,4,plus_z,plus_z,0.029474042041954363,0.029474042041954363,0.0,1.0,1.0,0.006923101183745284,0.015706958728945786,0.029474042041954363,2.3498290829593316e-05,2.3510285245720297e-05,2.5641429601819254e-05
ray_gpis_pointwise,L_Shaped,0,0,0,minus_x,plus_z,0.0739477748621129,0.08144999331555519,0.007502218453442289,0.0,0.5,0.0739477748621129,0.06078317292290214,0.08144999331555519,0.00019961291400250047,0.00012803624849766493,0.00016413569392170757
ray_gpis_pointwise,L_Shaped,0,0,1,minus_x,plus_z,0.004506116013046679,0.05583249645798466,0.05132638044493798,0.0,-0.5,0.004506116013046679,0.027503752655021974,0.05583249645798466,0.00030503072775900364,4.030969648738392e-05,6.636788020841777e-05
ray_gpis_pointwise,L_Shaped,0,0,2,minus_y,plus_z,0.10157152790413837,0.13181054834201955,0.03023902043788118,0.0,-1.0,0.11437819520738057,0.10157152790413837,0.13181054834201955,2.292246608703863e-05,2.3060909370542504e-05,2.2907473976374604e-05
ray_gpis_pointwise,L_Shaped,0,0,3,minus_x,minus_y,0.05467862816576885,0.07050774824602835,0.015829120080259496,0.0,0.5,0.05467862816576885,0.07050774824602835,0.029510190539499437,2.30540845223004e-05,2.2708456526743248e-05,2.2704467482981272e-05
ray_gpis_pointwise,L_Shaped,0,0,4,minus_x,minus_x,0.12435667025038766,0.12435667025038766,0.0,1.0,1.0,0.12435667025038766,0.08998207878336562,0.06683596758510968,2.2814496333012357e-05,2.2757205442758277e-05,2.274681901326403e-05
ray_gpis_pointwise,Cylinder,8,0,0,minus_x,minus_x,0.3136138510935407,0.3136138510935407,0.0,1.0,1.0,0.3136138510935407,0.16558241122619294,0.044022787159257504,1.0556251254456583e-05,1.0235426998406183e-05,9.883505299512763e-06
ray_gpis_pointwise,Cylinder,8,0,1,minus_x,minus_x,0.1252244186635395,0.1252244186635395,0.0,1.0,1.0,0.1252244186635395,0.12436674525115532,0.08467520840317411,0.00024786259746178985,0.00010843513155123219,7.932630251161754e-05
ray_gpis_pointwise,Cylinder,8,0,2,minus_y,minus_x,0.01122571785492854,0.08418063841044532,0.07295492055551678,0.0,-0.5,0.08418063841044532,0.01122571785492854,0.04888169392746411,9.47075750445947e-05,9.690122533356771e-05,7.801871106494218e-05
ray_gpis_pointwise,Cylinder,8,0,3,minus_x,minus_x,0.0762043709109671,0.0762043709109671,0.0,1.0,0.5,0.0762043709109671,0.060291514780662636,0.06922269721224394,9.886363841360435e-05,5.1599192374851555e-05,4.396045915200375e-05
ray_gpis_pointwise,Cylinder,8,0,4,minus_x,minus_x,0.07565396513484501,0.07565396513484501,0.0,1.0,1.0,0.07565396513484501,0.034462800859399345,0.03704094937520275,7.697741966694593e-05,2.4583541744505055e-05,4.211724444758147e-05
ray_gpis_pointwise,Cylinder,13,0,0,minus_x,minus_x,0.25417572005567496,0.25417572005567496,0.0,1.0,1.0,0.25417572005567496,0.16436976941783382,0.12077672648707793,5.819013495056424e-06,5.7279598877357785e-06,5.43294527233229e-06
ray_gpis_pointwise,Cylinder,13,0,1,minus_x,minus_x,0.1710023789531594,0.1710023789531594,0.0,1.0,1.0,0.1710023789531594,0.13851996301945324,0.1365218766573414,0.000816654646769166,0.0005170467193238437,2.8426225981093012e-05
ray_gpis_pointwise,Cylinder,13,0,2,minus_x,minus_x,0.0841755021229168,0.0841755021229168,0.0,1.0,1.0,0.0841755021229168,0.07199305254187072,0.020068566672404753,0.00031578942434862256,0.0002002062974497676,2.7553232939681038e-05
ray_gpis_pointwise,Cylinder,13,0,3,minus_x,minus_x,0.09178572443163868,0.09178572443163868,0.0,1.0,0.5,0.09178572443163868,0.0018461745317802647,0.05047976573430957,0.00025240794639103115,7.05058264429681e-05,2.509992009436246e-05
ray_gpis_pointwise,Cylinder,13,0,4,minus_x,minus_y,0.04755770389937275,0.058626641717037464,0.011068937817664715,0.0,0.5,0.04755770389937275,0.058626641717037464,0.025635736575918888,4.989505760022439e-05,3.996620580437593e-05,2.4804547138046473e-05
ray_gpis_pointwise,Cylinder,4,0,0,minus_x,minus_x,0.21011355696091383,0.21011355696091383,0.0,1.0,1.0,0.21011355696091383,0.08099527598596662,0.030862445339325084,0.0005200730520300567,7.56558365537785e-05,3.5482786188367754e-05
ray_gpis_pointwise,Cylinder,4,0,1,minus_x,minus_y,0.049699433953239835,0.1101915834493511,0.06049214949611126,0.0,0.5,0.049699433953239835,0.1101915834493511,0.02665819525889279,0.0002540726854931563,7.928506238386035e-05,5.351324944058433e-05
ray_gpis_pointwise,Cylinder,4,0,2,minus_y,minus_x,0.1018486493855153,0.13067185282751215,0.028823203441996847,0.0,0.5,0.13067185282751215,0.1018486493855153,0.08534038431708701,0.00015877540863584727,0.00024298497010022402,6.758036761311814e-05
ray_gpis_pointwise,Cylinder,4,0,3,minus_x,minus_y,0.0854830638089481,0.09946089854848417,0.013977834739536066,0.0,0.5,0.0854830638089481,0.09946089854848417,0.04797756396503605,0.00012086009519407526,0.00010475493036210537,5.599210999207571e-05
ray_gpis_pointwise,Cylinder,4,0,4,plus_z,minus_y,0.016338849401389854,0.035205519111924266,0.01886666971053441,0.0,-1.0,0.021702956308773613,0.035205519111924266,0.016338849401389854,4.9583639338379726e-05,4.805023127119057e-05,9.297240467276424e-05
ray_gpis_pointwise,Cylinder,1,0,0,minus_x,minus_x,0.19566169397458494,0.19566169397458494,0.0,1.0,1.0,0.19566169397458494,0.1552824841643144,0.05259951874635743,0.0004433005233295262,0.00011966740567004308,2.6789808543981053e-05
ray_gpis_pointwise,Cylinder,1,0,1,minus_x,minus_x,0.1504900955981494,0.1504900955981494,0.0,1.0,1.0,0.1504900955981494,0.028977554907090863,0.020263962897950072,0.00038960418896749616,0.00014242259203456342,9.987536031985655e-05
ray_gpis_pointwise,Cylinder,1,0,2,minus_x,minus_x,0.07932127839551695,0.07932127839551695,0.0,1.0,1.0,0.07932127839551695,0.04746525810129942,0.07132386944726954,0.00013176111679058522,6.228424899745733e-05,0.00011034158524125814
ray_gpis_pointwise,Cylinder,1,0,3,minus_x,minus_x,0.02402046058398366,0.02402046058398366,0.0,1.0,1.0,0.02402046058398366,0.012747060396032017,0.01394693618404963,0.00011997873662039638,6.25560714979656e-05,7.442883361363783e-05
ray_gpis_pointwise,Cylinder,1,0,4,plus_z,minus_y,0.014345683124281416,0.018525061048968117,0.0041793779246867,0.0,-1.0,0.015539345708848407,0.018525061048968117,0.014345683124281416,6.479807780124247e-05,6.19820857536979e-05,8.212825196096674e-05
ray_gpis_pointwise,Cylinder,12,0,0,minus_x,minus_x,0.225961881023779,0.225961881023779,0.0,1.0,1.0,0.225961881023779,0.13112474031568055,0.05596501568563944,2.549223427195102e-05,2.4898743504309095e-05,2.4202676286222413e-05
ray_gpis_pointwise,Cylinder,12,0,1,minus_x,minus_x,0.13639473775159827,0.13639473775159827,0.0,1.0,1.0,0.13639473775159827,0.11758082541445714,0.0362453738405637,0.00029744431958533823,0.0001274690148420632,6.647874397458509e-05
ray_gpis_pointwise,Cylinder,12,0,2,minus_x,minus_x,0.1206854389080414,0.1206854389080414,0.0,1.0,1.0,0.1206854389080414,0.06903044674925063,0.03488424741982965,0.00018647426622919738,0.000151743515743874,2.4838544049998745e-05
ray_gpis_pointwise,Cylinder,12,0,3,minus_y,minus_y,0.03194240887230482,0.03194240887230482,0.0,1.0,1.0,0.030172031379286146,0.03194240887230482,0.02570593874818805,3.982996349805035e-05,4.893886944046244e-05,3.327036029077135e-05
ray_gpis_pointwise,Cylinder,12,0,4,minus_x,minus_x,0.0351907068533438,0.0351907068533438,0.0,1.0,1.0,0.0351907068533438,0.02588484759738452,0.030811159791500065,4.141175304539502e-05,2.4560045858379453e-05,3.8031485019018874e-05
ray_gpis_pointwise,Cylinder,7,0,0,minus_x,minus_x,0.14771037180041918,0.14771037180041918,0.0,1.0,1.0,0.14771037180041918,0.12003820490569955,0.11749947166339697,0.000528035219758749,0.00018400652334094048,2.7322204914526083e-05
ray_gpis_pointwise,Cylinder,7,0,1,minus_x,minus_x,0.16524863227602504,0.16524863227602504,0.0,1.0,1.0,0.16524863227602504,0.12391482035123458,0.08349134175991912,0.0003240655642002821,5.17710686835926e-05,3.167019167449325e-05
ray_gpis_pointwise,Cylinder,7,0,2,minus_x,minus_x,0.14243085045953263,0.14243085045953263,0.0,1.0,1.0,0.14243085045953263,0.0914941065235162,0.04335900056108555,0.00019217679800931364,7.231171184685081e-05,5.4094489314593375e-05
ray_gpis_pointwise,Cylinder,7,0,3,minus_y,minus_y,0.016017945497036945,0.016017945497036945,0.0,1.0,1.0,0.003883405283186425,0.016017945497036945,-0.015102625794655933,4.571634053718299e-05,6.862349255243316e-05,2.4479824787704274e-05
ray_gpis_pointwise,Cylinder,7,0,4,minus_x,minus_x,0.04830778959970916,0.04830778959970916,0.0,1.0,0.5,0.04830778959970916,0.02481135343436658,0.03380928501573821,4.6102810301817954e-05,3.896366979461163e-05,2.38801530940691e-05
ray_gpis_pointwise,Cylinder,14,0,0,minus_x,minus_x,0.14867403010371982,0.14867403010371982,0.0,1.0,0.5,0.14867403010371982,0.07928409351343274,0.09558197097847826,0.000865950423758477,0.00042147404747083783,5.096795212011784e-05
ray_gpis_pointwise,Cylinder,14,0,1,minus_x,minus_x,0.09722164591502636,0.09722164591502636,0.0,1.0,1.0,0.09722164591502636,0.036234593353237976,0.05910536366041641,0.00035336773726157844,8.6209736764431e-05,8.644816261949018e-05
ray_gpis_pointwise,Cylinder,14,0,2,plus_z,minus_x,0.04263627249613955,0.12174439935109904,0.07910812685495949,0.0,-0.5,0.12174439935109904,0.07275263866181803,0.04263627249613955,0.00024505628971382976,9.989853424485773e-05,0.0002885067369788885
ray_gpis_pointwise,Cylinder,14,0,3,minus_x,minus_x,0.1331050290453183,0.1331050290453183,0.0,1.0,0.5,0.1331050290453183,0.04129032088866513,0.021602895588820115,0.0003119711473118514,5.8458132116356865e-05,6.561064947163686e-05
ray_gpis_pointwise,Cylinder,14,0,4,plus_z,minus_y,0.013077571851880077,0.0336353385532292,0.020557766701349123,0.0,-1.0,0.020579069598749,0.0336353385532292,0.013077571851880077,6.807070167269558e-05,3.3265201636822894e-05,8.390180300921202e-05
ray_gpis_pointwise,Cylinder,2,0,0,minus_x,minus_x,0.22832931898119696,0.22832931898119696,0.0,1.0,1.0,0.22832931898119696,0.1810184098263255,0.15525699100815754,2.412459798506461e-05,2.3748034436721355e-05,2.3350175979430787e-05
ray_gpis_pointwise,Cylinder,2,0,1,minus_x,minus_x,0.06316375481592884,0.06316375481592884,0.0,1.0,1.0,0.06316375481592884,0.009185581474360993,-0.016116763800744116,0.0003937042783945799,3.753179043997079e-05,3.7137564504519105e-05
ray_gpis_pointwise,Cylinder,2,0,2,minus_x,minus_x,0.1965257581471438,0.1965257581471438,0.0,1.0,1.0,0.1965257581471438,0.05311367061873573,0.14533161975197362,8.383361273445189e-05,2.433678491797764e-05,5.6528042478021234e-05
ray_gpis_pointwise,Cylinder,2,0,3,minus_x,minus_x,0.04260040683044175,0.04260040683044175,0.0,1.0,1.0,0.04260040683044175,0.030679034796345706,0.025070145006080957,6.110506365075707e-05,5.0716556870611385e-05,4.39767463831231e-05
ray_gpis_pointwise,Cylinder,2,0,4,minus_y,minus_y,0.03480283403035567,0.03480283403035567,0.0,1.0,1.0,0.014563482092268099,0.03480283403035567,0.009215073525621231,2.810256955854129e-05,5.1962229917990044e-05,2.320898238394875e-05
ray_gpis_pointwise,Cylinder,6,0,0,minus_x,minus_x,0.207747895895054,0.207747895895054,0.0,1.0,0.5,0.207747895895054,0.12296842558576276,0.125273423882369,0.000934454845264554,0.0004444742517080158,7.190196629380807e-05
ray_gpis_pointwise,Cylinder,6,0,1,minus_x,minus_x,0.12715498897544897,0.12715498897544897,0.0,1.0,1.0,0.12715498897544897,0.07016325090702435,0.011649914860765609,0.000428272905992344,0.00034201081143692136,2.5673392883618362e-05
ray_gpis_pointwise,Cylinder,6,0,2,minus_x,minus_y,0.09665732244793557,0.10332097525110429,0.006663652803168718,0.0,0.5,0.09665732244793557,0.10332097525110429,0.03430330279924798,0.0003422044974286109,0.00016040542686823756,3.583215948310681e-05
ray_gpis_pointwise,Cylinder,6,0,3,minus_x,minus_y,0.06665422088033646,0.08716638134240895,0.020512160462072493,0.0,-0.5,0.06665422088033646,0.08716638134240895,0.07405738985319932,6.66077175992541e-05,6.375978409778327e-05,5.975967360427603e-05
ray_gpis_pointwise,Cylinder,6,0,4,minus_y,minus_x,0.013135471993583003,0.02395301294789809,0.010817540954315086,0.0,0.5,0.02395301294789809,0.013135471993583003,0.012532073725854631,3.979439861723222e-05,4.828423698199913e-05,2.4528424546588212e-05
ray_gpis_pointwise,Cylinder,3,0,0,minus_x,minus_x,0.16984674007545064,0.16984674007545064,0.0,1.0,1.0,0.16984674007545064,0.15047230405979733,0.11132724657598014,1.6721443898859434e-05,1.6145073459483683e-05,1.542731115478091e-05
ray_gpis_pointwise,Cylinder,3,0,1,minus_x,minus_x,0.21057136509647068,0.21057136509647068,0.0,1.0,1.0,0.21057136509647068,0.11408469270093657,0.07231679981501582,0.0005629805964417756,0.00011302861094009131,2.8137686967966147e-05
ray_gpis_pointwise,Cylinder,3,0,2,minus_y,minus_x,0.07103707309576679,0.07381055674249315,0.00277348364672636,0.0,0.5,0.07381055674249315,0.07103707309576679,0.026176407434555515,8.79783183336258e-05,0.00010333988757338375,5.674405110767111e-05
ray_gpis_pointwise,Cylinder,3,0,3,minus_x,minus_x,0.08783839835802021,0.08783839835802021,0.0,1.0,0.5,0.08783839835802021,0.01355961926758631,0.044419419582502506,8.081510168267414e-05,5.856928328284994e-05,5.069869075668976e-05
ray_gpis_pointwise,Cylinder,3,0,4,plus_z,minus_x,0.0076974576006929585,0.03807545816130731,0.03037800056061435,0.0,0.5,0.03807545816130731,0.005976868683436387,0.0076974576006929585,4.772867032443173e-05,2.431427492410876e-05,4.826991425943561e-05
ray_gpis_pointwise,Cylinder,9,0,0,minus_x,minus_x,0.1369507732463553,0.1369507732463553,0.0,1.0,1.0,0.1369507732463553,0.03300224946756003,0.015187665539351969,0.0007207635790109634,0.0002339967613806948,3.087522054556757e-05
ray_gpis_pointwise,Cylinder,9,0,1,minus_x,minus_x,0.19245064221557917,0.19245064221557917,0.0,1.0,1.0,0.19245064221557917,0.08497606272247538,0.07689814700294251,0.000693442125339061,6.755329377483577e-05,3.243649916839786e-05
ray_gpis_pointwise,Cylinder,9,0,2,plus_z,minus_x,0.02763581351637978,0.08878307894743875,0.06114726543105897,0.0,-0.5,0.08878307894743875,0.05202541113721926,0.02763581351637978,5.981186041026376e-05,5.255220094113611e-05,0.00011594542593229562
ray_gpis_pointwise,Cylinder,9,0,3,minus_x,minus_x,0.07930438224543934,0.07930438224543934,0.0,1.0,1.0,0.07930438224543934,0.037112270356206456,0.03962580081331779,0.00010511681466596201,5.407826756709255e-05,6.412498623831198e-05
ray_gpis_pointwise,Cylinder,9,0,4,minus_y,minus_y,0.03471829640550261,0.03471829640550261,0.0,1.0,1.0,0.008503357549415225,0.03471829640550261,0.013393151818079319,3.957441003876738e-05,4.878292020293884e-05,4.8451063776155934e-05
ray_gpis_pointwise,Cylinder,10,0,0,minus_x,minus_x,0.23626185960615037,0.23626185960615037,0.0,1.0,1.0,0.23626185960615037,0.09323352311749528,0.07533850498347044,0.00042299091001041234,4.188315142528154e-05,2.6865665859077126e-05
ray_gpis_pointwise,Cylinder,10,0,1,minus_x,minus_x,0.17386312656958414,0.17386312656958414,0.0,1.0,0.5,0.17386312656958414,0.10472094645947982,0.10528797212860042,0.00024423078866675496,7.467989780707285e-05,6.182219658512622e-05
ray_gpis_pointwise,Cylinder,10,0,2,minus_x,plus_z,0.06271344010126767,0.06853268509880317,0.0058192449975355,0.0,-1.0,0.06271344010126767,0.06532819410056301,0.06853268509880317,0.00011466938303783536,9.398223483003676e-05,5.8717167121358216e-05
ray_gpis_pointwise,Cylinder,10,0,3,minus_y,minus_y,0.05405649993885275,0.05405649993885275,0.0,1.0,1.0,0.04463367112960959,0.05405649993885275,0.016536137591692146,6.302156543824822e-05,8.7383457866963e-05,6.103752093622461e-05
ray_gpis_pointwise,Cylinder,10,0,4,plus_z,minus_y,0.0028116920264369405,0.02326880965304079,0.02045711762660385,0.0,-1.0,0.015439187456398829,0.02326880965304079,0.0028116920264369405,5.906912701902911e-05,4.576264836941846e-05,6.721298996126279e-05
ray_gpis_pointwise,Cylinder,5,0,0,minus_x,minus_x,0.21331325679151764,0.21331325679151764,0.0,1.0,1.0,0.21331325679151764,0.12332254307771295,0.05874300876332578,1.8620143237058073e-05,1.8217953765997663e-05,1.76065404957626e-05
ray_gpis_pointwise,Cylinder,5,0,1,minus_x,minus_x,0.17709853775427553,0.17709853775427553,0.0,1.0,1.0,0.17709853775427553,0.14385022179929507,0.10257876304969826,0.0003601744829211384,0.00015425779565703124,6.740243406966329e-05
ray_gpis_pointwise,Cylinder,5,0,2,minus_x,minus_x,0.13170884464339816,0.13170884464339816,0.0,1.0,1.0,0.13170884464339816,0.05283033580396301,0.03744586238318426,0.00015170073311310261,0.00010128429858013988,8.085768058663234e-05
ray_gpis_pointwise,Cylinder,5,0,3,minus_x,minus_x,0.044592491577509996,0.044592491577509996,0.0,1.0,1.0,0.044592491577509996,0.022279900376938833,0.012866408663872564,0.00010656104132067412,7.043028745101765e-05,2.4680872229509987e-05
ray_gpis_pointwise,Cylinder,5,0,4,minus_y,plus_z,0.024928023745589778,0.026854390796075878,0.0019263670504860997,0.0,-0.5,0.006927478239630247,0.024928023745589778,0.026854390796075878,4.027650720672682e-05,4.0382088627666235e-05,2.437045259284787e-05
ray_gpis_pointwise,Cylinder,11,0,0,minus_x,minus_x,0.1635085406352753,0.1635085406352753,0.0,1.0,0.5,0.1635085406352753,0.07845847797511157,0.11623473534251427,0.000597630045376718,6.0059061070205644e-05,3.9749083953211084e-05
ray_gpis_pointwise,Cylinder,11,0,1,minus_x,minus_x,0.1626565347423946,0.1626565347423946,0.0,1.0,0.5,0.1626565347423946,0.13221943084462606,0.14640407142967393,0.00016682436398696154,0.00014574620581697673,6.073337863199413e-05
ray_gpis_pointwise,Cylinder,11,0,2,minus_x,minus_y,0.07582926761914421,0.11705497648477026,0.04122570886562604,0.0,0.5,0.07582926761914421,0.11705497648477026,0.06091976507934571,0.00010390712122898549,9.369855979457498e-05,5.530902853934094e-05
ray_gpis_pointwise,Cylinder,11,0,3,minus_x,minus_x,0.03645655919437474,0.03645655919437474,0.0,1.0,0.5,0.03645655919437474,0.023846915189907558,-0.004482801732390129,6.914764526300132e-05,4.6814435336273164e-05,5.343362863641232e-05
ray_gpis_pointwise,Cylinder,11,0,4,minus_x,plus_z,-0.05399115483134842,-0.05022396473709978,0.0037671900942486403,0.0,-0.5,-0.05399115483134842,-0.058768033816029575,-0.05022396473709978,5.465423600981012e-05,3.8533667975571007e-05,2.3601365683134645e-05
ray_gpis_pointwise,Cylinder,0,0,0,minus_x,minus_x,0.2830613259771652,0.2830613259771652,0.0,1.0,1.0,0.2830613259771652,0.2509194258351977,0.23372749908001839,7.359867140621645e-06,7.221915893751429e-06,6.880929049657425e-06
ray_gpis_pointwise,Cylinder,0,0,1,minus_x,minus_x,0.22050586438214848,0.22050586438214848,0.0,1.0,0.5,0.22050586438214848,0.010060829959522288,0.053870758066882796,0.00043038229341618717,6.865905015729368e-05,3.76692260033451e-05
ray_gpis_pointwise,Cylinder,0,0,2,minus_x,minus_x,0.07215468664561386,0.07215468664561386,0.0,1.0,0.5,0.07215468664561386,0.024118769271346263,0.014004567205839313,0.00014834155444987118,2.44673210545443e-05,8.968197653302923e-05
ray_gpis_pointwise,Cylinder,0,0,3,minus_x,minus_x,0.04717765095120019,0.04717765095120019,0.0,1.0,0.5,0.04717765095120019,0.0069047995361484205,0.0017840581249110032,0.00012849229096900672,2.4288843633257784e-05,0.00011100879055447876
ray_gpis_pointwise,Cylinder,0,0,4,minus_x,minus_x,0.025736718175114692,0.025736718175114692,0.0,1.0,1.0,0.025736718175114692,0.006456597639154182,0.008828168127793079,9.940670861396939e-05,2.390546796959825e-05,9.422913717571646e-05
ray_gpis_pointwise,Cross,8,0,0,minus_x,minus_x,0.14381983071747967,0.14381983071747967,0.0,1.0,1.0,0.14381983071747967,0.10371908993471907,0.029631339462913464,1.795258322090376e-05,1.783848347258754e-05,1.7605085304239765e-05
ray_gpis_pointwise,Cross,8,0,1,minus_x,minus_x,0.262950470969241,0.262950470969241,0.0,1.0,1.0,0.262950470969241,0.10805727379875646,0.15145289007385726,0.00010955347534036264,4.18110030295793e-05,7.857621676521376e-05
ray_gpis_pointwise,Cross,8,0,2,minus_x,minus_x,0.0941851620393711,0.0941851620393711,0.0,1.0,1.0,0.0941851620393711,0.033770510707638146,0.043285562477398454,5.793380842078477e-05,2.3513412088504992e-05,2.9381762942648493e-05
ray_gpis_pointwise,Cross,8,0,3,minus_x,plus_z,-0.01641210405055693,-0.015911273843322582,0.0005008302072343485,0.0,0.5,-0.01641210405055693,-0.027253997656224604,-0.015911273843322582,3.098974048043601e-05,2.3170176064013503e-05,3.095232023042627e-05
ray_gpis_pointwise,Cross,8,0,4,minus_y,minus_y,0.09410653081058418,0.09410653081058418,0.0,1.0,1.0,0.0477680771663167,0.09410653081058418,0.047371569314028195,2.3061316824168898e-05,2.3774013243382797e-05,2.3030217562336475e-05
ray_gpis_pointwise,Cross,13,0,0,minus_x,minus_x,0.318987120512535,0.318987120512535,0.0,1.0,1.0,0.318987120512535,0.12693746521185428,0.07815599879737628,1.711266304482706e-05,1.7028900401783176e-05,1.6824051272124052e-05
ray_gpis_pointwise,Cross,13,0,1,minus_x,minus_x,0.19739617461657422,0.19739617461657422,0.0,1.0,0.5,0.19739617461657422,0.06701442224179299,0.021343103877543013,0.00013400992611423135,3.710294913616963e-05,0.0001307832426391542
ray_gpis_pointwise,Cross,13,0,2,minus_x,minus_x,0.047885938929574934,0.047885938929574934,0.0,1.0,0.5,0.047885938929574934,0.025362964811650235,0.029258843875263008,3.9285925595322624e-05,2.3835033061914146e-05,2.3779541152180173e-05
ray_gpis_pointwise,Cross,13,0,3,minus_x,plus_z,0.02018724198391897,0.032082265141330835,0.011895023157411866,0.0,0.5,0.02018724198391897,0.014949626848220654,0.032082265141330835,4.11240071116481e-05,2.3603766749147326e-05,3.358515095897019e-05
ray_gpis_pointwise,Cross,13,0,4,plus_z,minus_x,0.01271968937801371,0.03545101426756003,0.022731324889546323,0.0,0.5,0.03545101426756003,0.008621539306554515,0.01271968937801371,2.9146049200790003e-05,2.3580936613143422e-05,4.151422035647556e-05
ray_gpis_pointwise,Cross,4,0,0,minus_x,minus_x,0.25671615746060295,0.25671615746060295,0.0,1.0,1.0,0.25671615746060295,0.114355754958815,0.03870338488891151,0.0004303265595808625,0.00013711766223423183,2.5792140149860643e-05
ray_gpis_pointwise,Cross,4,0,1,minus_x,minus_x,0.09747488053302245,0.09747488053302245,0.0,1.0,1.0,0.09747488053302245,0.043266375826367165,0.01701745302934421,0.00017692854453343898,3.208319685654715e-05,2.4332181055797264e-05
ray_gpis_pointwise,Cross,4,0,2,minus_x,minus_x,0.1304202419166376,0.1304202419166376,0.0,1.0,0.5,0.1304202419166376,0.07920789515284055,0.0778373401076452,0.0001016705937217921,5.222226900514215e-05,6.02432519372087e-05
ray_gpis_pointwise,Cross,4,0,3,minus_y,minus_x,0.024291116952984804,0.02825435937989751,0.003963242426912705,0.0,0.5,0.02825435937989751,0.024291116952984804,0.006486274376533596,2.3958149540703744e-05,3.815031232079491e-05,2.3408449123962782e-05
ray_gpis_pointwise,Cross,4,0,4,minus_y,minus_y,0.010235757908229837,0.010235757908229837,0.0,1.0,1.0,-0.007779137935021607,0.010235757908229837,-0.008068269812826823,2.3746561055304483e-05,3.196078978362493e-05,2.3192287699203007e-05
ray_gpis_pointwise,Cross,1,0,0,minus_x,minus_x,0.11980057672383448,0.11980057672383448,0.0,1.0,1.0,0.11980057672383448,0.06742397720838028,0.04572439080071533,0.00042903111898340285,0.00010396971629234031,5.44461581739597e-05
ray_gpis_pointwise,Cross,1,0,1,minus_x,plus_z,0.17580236541296546,0.19031130779785843,0.014508942384892975,0.0,-0.5,0.17580236541296546,0.14731227713531558,0.19031130779785843,0.00038882726221345365,0.0002465895959176123,2.7913931262446567e-05
ray_gpis_pointwise,Cross,1,0,2,minus_y,minus_x,0.10550614377135936,0.1762892442129046,0.07078310044154523,0.0,0.5,0.1762892442129046,0.10550614377135936,0.10030259528220664,0.00010847582598216832,0.00013432581909000874,4.102853199583478e-05
ray_gpis_pointwise,Cross,1,0,3,minus_x,minus_x,0.03350608441725755,0.03350608441725755,0.0,1.0,1.0,0.03350608441725755,0.0307652089066609,0.026356940049704347,6.070091330911964e-05,4.304730464355089e-05,2.3426615371135995e-05
ray_gpis_pointwise,Cross,1,0,4,minus_y,minus_y,0.054658692554154564,0.054658692554154564,0.0,1.0,0.5,0.03049694249037005,0.054658692554154564,0.054493839558879764,4.484558667172678e-05,5.3435513109434396e-05,2.36258129007183e-05
ray_gpis_pointwise,Cross,12,0,0,minus_x,minus_x,0.3016778336328534,0.3016778336328534,0.0,1.0,1.0,0.3016778336328534,0.2496838751056415,0.24097849438235297,0.00048208312364295125,0.00014993821969255805,3.103653943981044e-05
ray_gpis_pointwise,Cross,12,0,1,minus_y,minus_x,0.11980653650088602,0.12411359630658902,0.004307059805703006,0.0,0.5,0.12411359630658902,0.11980653650088602,0.04786933762504775,0.00012327972217462957,0.00012741165119223297,6.084825872676447e-05
ray_gpis_pointwise,Cross,12,0,2,minus_x,minus_x,0.08332009248840389,0.08332009248840389,0.0,1.0,1.0,0.08332009248840389,0.06671439052523043,0.04000847922866735,0.00011730343248927966,3.9490922063123435e-05,2.43856011366006e-05
ray_gpis_pointwise,Cross,12,0,3,plus_z,minus_x,0.06078801580698312,0.06452475079004416,0.003736734983061041,0.0,0.5,0.06452475079004416,0.05440451230013965,0.06078801580698312,3.297423245385289e-05,2.5876319341477938e-05,9.059661533683538e-05
ray_gpis_pointwise,Cross,12,0,4,minus_y,minus_y,0.053010175815622174,0.053010175815622174,0.0,1.0,1.0,0.03253253160247649,0.053010175815622174,0.028658569706946246,2.3635377147002146e-05,2.370971742493566e-05,2.342576590308454e-05
ray_gpis_pointwise,Cross,7,0,0,minus_x,minus_x,0.2234549639730926,0.2234549639730926,0.0,1.0,1.0,0.2234549639730926,0.10759393252652755,0.09110594580071746,0.00031301839044317603,6.429797213058919e-05,2.559784297773149e-05
ray_gpis_pointwise,Cross,7,0,1,minus_x,minus_x,0.1734706822820059,0.1734706822820059,0.0,1.0,0.5,0.1734706822820059,0.03984633679964977,0.060414332247621605,0.00013046352250967175,9.607323590898886e-05,6.579912587767467e-05
ray_gpis_pointwise,Cross,7,0,2,minus_y,minus_x,-0.04468645114077552,-0.03435958999927524,0.010326861141500276,0.0,0.5,-0.03435958999927524,-0.04468645114077552,-0.05917042293716479,6.161982310004532e-05,0.00011186281335540116,2.390915142314043e-05
ray_gpis_pointwise,Cross,7,0,3,minus_x,plus_z,0.05489857595244374,0.09392810671214391,0.03902953075970017,0.0,-1.0,0.05489857595244374,0.09037810548674585,0.09392810671214391,5.908211096539162e-05,4.6008666686248034e-05,2.315113670192659e-05
ray_gpis_pointwise,Cross,7,0,4,minus_x,plus_z,0.04354712669902128,0.05273495703290554,0.009187830333884262,0.0,-1.0,0.04354712669902128,0.04602668951048561,0.05273495703290554,4.5938792027300224e-05,3.9815218769945204e-05,2.296709135407582e-05
ray_gpis_pointwise,Cross,14,0,0,minus_x,minus_x,0.19268043137371377,0.19268043137371377,0.0,1.0,0.5,0.19268043137371377,0.02709024327980397,0.04828123325523476,1.6862619304447435e-05,1.680819332250394e-05,1.63354525284376e-05
ray_gpis_pointwise,Cross,14,0,1,minus_x,minus_x,0.17746583915849756,0.17746583915849756,0.0,1.0,1.0,0.17746583915849756,0.0802647472581377,0.04949034800193075,0.00029189823544584215,0.00011082641867687926,2.4388673409703188e-05
ray_gpis_pointwise,Cross,14,0,2,minus_x,minus_y,0.015437880909367485,0.045889589540812126,0.03045170863144464,0.0,-0.5,0.015437880909367485,0.045889589540812126,0.023244421171735197,4.115686533623375e-05,3.9952854422153905e-05,2.377183045609854e-05
ray_gpis_pointwise,Cross,14,0,3,minus_x,minus_y,0.02422726519269902,0.026676588086297914,0.002449322893598893,0.0,0.5,0.02422726519269902,0.026676588086297914,0.004382282127431192,4.1203456930816174e-05,3.4118591429432854e-05,2.3371258066617884e-05
ray_gpis_pointwise,Cross,14,0,4,plus_z,minus_y,0.04515148821728565,0.061662069002598296,0.016510580785312645,0.0,0.5,0.018742683541097094,0.061662069002598296,0.04515148821728565,2.5614277546992525e-05,3.23275089613162e-05,4.388912202557549e-05
ray_gpis_pointwise,Cross,2,0,0,minus_x,minus_x,0.20417186779123958,0.20417186779123958,0.0,1.0,1.0,0.20417186779123958,0.17340607928019808,0.12473214948220718,2.2542626538779587e-05,2.2393174731405452e-05,2.209609010606073e-05
ray_gpis_pointwise,Cross,2,0,1,minus_x,minus_x,0.13327481605535063,0.13327481605535063,0.0,1.0,1.0,0.13327481605535063,0.06888595156454691,0.06338767233502685,0.00030842647538520396,3.817670585704036e-05,2.4739214495639317e-05
ray_gpis_pointwise,Cross,2,0,2,minus_x,minus_x,0.04996107112486792,0.04996107112486792,0.0,1.0,0.5,0.04996107112486792,0.0033347106824945794,-0.012176363983580352,0.00011601640289882198,3.297067814855836e-05,5.479523679241538e-05
ray_gpis_pointwise,Cross,2,0,3,minus_x,minus_x,0.015278410207057114,0.015278410207057114,0.0,1.0,0.5,0.015278410207057114,0.009236657024137118,0.007100250340230652,6.172064604470506e-05,2.3684064217377454e-05,4.280536086298525e-05
ray_gpis_pointwise,Cross,2,0,4,minus_x,minus_x,0.05046014053013115,0.05046014053013115,0.0,1.0,1.0,0.05046014053013115,0.01609250598116707,0.026896359331609165,4.571277531795204e-05,2.34224116866244e-05,4.2849365854635835e-05
ray_gpis_pointwise,Cross,6,0,0,minus_x,minus_y,0.18332517857135316,0.1959792483119855,0.012654069740632323,0.0,0.5,0.18332517857135316,0.1959792483119855,0.10546518185519421,0.00019326760957483202,7.196684600785375e-05,2.4602666599093936e-05
ray_gpis_pointwise,Cross,6,0,1,minus_x,minus_x,0.14582318746899248,0.14582318746899248,0.0,1.0,1.0,0.14582318746899248,0.04516082373778929,0.03856158873350268,0.0001607282756594941,0.00014251038373913616,2.4290115106850863e-05
ray_gpis_pointwise,Cross,6,0,2,plus_z,plus_z,0.08861653006877723,0.08861653006877723,0.0,1.0,1.0,0.07898674738670342,0.0208592373071389,0.08861653006877723,9.597680036677048e-05,4.223669384373352e-05,0.00010224610741715878
ray_gpis_pointwise,Cross,6,0,3,minus_x,minus_x,0.060950481534998935,0.060950481534998935,0.0,1.0,1.0,0.060950481534998935,0.0043989450632240246,0.0037444151570750206,0.00010039289190899581,2.368903733440675e-05,2.3531096303486265e-05
ray_gpis_pointwise,Cross,6,0,4,plus_z,plus_z,0.018865188856988402,0.018865188856988402,0.0,1.0,1.0,0.015086636158398559,0.0009992518108605797,0.018865188856988402,2.363496423640754e-05,2.3167349354480393e-05,2.364892679906916e-05
ray_gpis_pointwise,Cross,3,0,0,minus_x,minus_x,0.2509583075936289,0.2509583075936289,0.0,1.0,1.0,0.2509583075936289,0.14125915845215775,0.09159976391967939,0.0003281594254076481,0.00015551979595329612,2.6783915018313564e-05
ray_gpis_pointwise,Cross,3,0,1,minus_x,minus_x,0.1383283300421414,0.1383283300421414,0.0,1.0,1.0,0.1383283300421414,0.09166508009382879,0.030361500094296834,0.00012564517965074629,6.41147926216945e-05,4.076139521203004e-05
ray_gpis_pointwise,Cross,3,0,2,minus_x,minus_y,0.009310381125520628,0.04463857968573348,0.03532819856021285,0.0,-1.0,0.009310381125520628,0.04463857968573348,0.028491124514416155,8.656022691866383e-05,3.7620251532644033e-05,8.246627112384886e-05
ray_gpis_pointwise,Cross,3,0,3,plus_z,minus_x,0.01211960940436585,0.026607669664774902,0.014488060260409052,0.0,-0.5,0.026607669664774902,0.012192493109270508,0.01211960940436585,7.452853606082499e-05,2.4584820494055748e-05,8.997413533506915e-05
ray_gpis_pointwise,Cross,3,0,4,minus_x,minus_x,0.03328978326935894,0.03328978326935894,0.0,1.0,1.0,0.03328978326935894,0.03215330176592468,0.0034448070399887287,9.739567030919716e-05,3.877347262459807e-05,2.3631559088244103e-05
ray_gpis_pointwise,Cross,9,0,0,minus_x,minus_x,0.2271663644847997,0.2271663644847997,0.0,1.0,1.0,0.2271663644847997,0.07225581198996095,0.05979183236472002,1.7318825484835543e-05,1.723224158922676e-05,1.7039343219948933e-05
ray_gpis_pointwise,Cross,9,0,1,minus_x,minus_x,0.12850201050174792,0.12850201050174792,0.0,1.0,1.0,0.12850201050174792,0.07642921011533721,0.10183239953043943,0.00011318899487378076,2.4986613425426185e-05,6.125724030425772e-05
ray_gpis_pointwise,Cross,9,0,2,minus_x,minus_x,0.0624181821836417,0.0624181821836417,0.0,1.0,1.0,0.0624181821836417,0.046515945882379284,0.040850993128841995,9.145300282398239e-05,5.3557014325633645e-05,5.1863058615708724e-05
ray_gpis_pointwise,Cross,9,0,3,minus_y,minus_y,0.05606969000232753,0.05606969000232753,0.0,1.0,1.0,0.028440644116793257,0.05606969000232753,0.03729929228754014,2.3506303477915935e-05,5.974022133159451e-05,2.812847014865838e-05
ray_gpis_pointwise,Cross,9,0,4,plus_z,minus_y,0.013324815356968611,0.02106664164805816,0.0077418262910895486,0.0,-0.5,0.020417502015017575,0.02106664164805816,0.013324815356968611,2.3608599803992547e-05,2.3618791601620615e-05,2.4554723495384678e-05
ray_gpis_pointwise,Cross,10,0,0,minus_x,minus_x,0.17202967901037458,0.17202967901037458,0.0,1.0,1.0,0.17202967901037458,0.17162836409207516,0.09908170719040144,0.0001589056191733107,5.326816244632937e-05,2.466992191330064e-05
ray_gpis_pointwise,Cross,10,0,1,minus_x,minus_x,0.16422600987621716,0.16422600987621716,0.0,1.0,0.5,0.16422600987621716,0.08187207935446017,0.08011708288803299,0.00015387732128147036,2.454412060615141e-05,2.478046553733293e-05
ray_gpis_pointwise,Cross,10,0,2,minus_x,minus_x,0.11067846711780283,0.11067846711780283,0.0,1.0,1.0,0.11067846711780283,0.04359070877376359,0.049972184001891407,0.00011778828775277361,4.375288699520752e-05,4.532873572316021e-05
ray_gpis_pointwise,Cross,10,0,3,minus_y,minus_y,0.03992910839059205,0.03992910839059205,0.0,1.0,1.0,0.03132033080611074,0.03992910839059205,0.021212024618509795,2.3939855964272283e-05,3.785684748436324e-05,2.3562892238260247e-05
ray_gpis_pointwise,Cross,10,0,4,minus_y,minus_x,0.02623871748065587,0.027262725205757565,0.0010240077251016944,0.0,0.5,0.027262725205757565,0.02623871748065587,0.0037827697811660954,2.3535927539342083e-05,2.363979183428455e-05,2.3389340640278533e-05
ray_gpis_pointwise,Cross,5,0,0,minus_x,minus_x,0.2044443455599826,0.2044443455599826,0.0,1.0,1.0,0.2044443455599826,0.0953818185791313,0.0867746499724924,1.93511677935021e-05,1.925720789586194e-05,1.8952649043058045e-05
ray_gpis_pointwise,Cross,5,0,1,minus_x,minus_x,0.14508344214015934,0.14508344214015934,0.0,1.0,1.0,0.14508344214015934,0.05922784923521707,0.03464894001019525,0.00026854811585508287,6.348801252897829e-05,4.5190739911049604e-05
ray_gpis_pointwise,Cross,5,0,2,plus_z,minus_y,0.07875842084592166,0.11587166183552122,0.03711324098959956,0.0,-0.5,0.01585246085359482,0.11587166183552122,0.07875842084592166,5.519124533748254e-05,5.1920684200013056e-05,6.240855873329565e-05
ray_gpis_pointwise,Cross,5,0,3,minus_x,minus_x,0.0676694261992038,0.0676694261992038,0.0,1.0,1.0,0.0676694261992038,0.023947257015681234,0.017052149367582037,7.154127524700016e-05,5.3715866670245305e-05,3.189786002621986e-05
ray_gpis_pointwise,Cross,5,0,4,minus_x,minus_x,0.012755265451954712,0.012755265451954712,0.0,1.0,1.0,0.012755265451954712,0.0019245867455417454,0.009218834544938215,4.6235792979132384e-05,2.3446189516107552e-05,2.5122180886683054e-05
ray_gpis_pointwise,Cross,11,0,0,minus_x,minus_x,0.18259061366196477,0.18259061366196477,0.0,1.0,1.0,0.18259061366196477,0.18180377731102793,0.17166549587577196,0.0002073299401672557,5.860414239577949e-05,2.48564247158356e-05
ray_gpis_pointwise,Cross,11,0,1,minus_x,minus_x,0.1855596108771695,0.1855596108771695,0.0,1.0,1.0,0.1855596108771695,0.07529843707954281,0.05948428230561659,0.00019297029939480126,7.156579522415996e-05,2.5218001610483043e-05
ray_gpis_pointwise,Cross,11,0,2,minus_y,plus_z,0.007294048346719428,0.029260940289510318,0.02196689194279089,0.0,-1.0,0.029213116365939373,0.007294048346719428,0.029260940289510318,6.796800153097138e-05,0.00010112212476087734,6.64952167426236e-05
ray_gpis_pointwise,Cross,11,0,3,plus_z,minus_x,0.08639135485834992,0.1015412765603545,0.015149921702004576,0.0,-0.5,0.1015412765603545,0.10115523147105343,0.08639135485834992,2.8944896257598884e-05,2.3244478143169545e-05,3.2906580599956214e-05
ray_gpis_pointwise,Cross,11,0,4,minus_y,minus_x,0.0433612762640222,0.07359999315423937,0.030238716890217177,0.0,0.5,0.07359999315423937,0.0433612762640222,0.0183900466743101,2.7532982130651362e-05,3.02457956422586e-05,2.316285463166423e-05
ray_gpis_pointwise,Cross,0,0,0,minus_x,minus_x,0.23602319612760114,0.23602319612760114,0.0,1.0,1.0,0.23602319612760114,0.16157717541414712,0.14259066458847253,6.88354293743032e-06,6.859763743705116e-06,6.788305199734168e-06
ray_gpis_pointwise,Cross,0,0,1,minus_x,minus_x,0.21599806372552133,0.21599806372552133,0.0,1.0,1.0,0.21599806372552133,0.13675833673544058,0.10728178524410559,1.9697474272106774e-05,1.9663521015900187e-05,1.9633895135484636e-05
ray_gpis_pointwise,Cross,0,0,2,minus_y,minus_y,0.024900530545367117,0.024900530545367117,0.0,1.0,1.0,0.006390514197746722,0.024900530545367117,-0.03491082140766155,5.6120734370779246e-05,6.30006252322346e-05,2.3591035642311908e-05
ray_gpis_pointwise,Cross,0,0,3,minus_x,minus_x,0.08105257405918576,0.08105257405918576,0.0,1.0,1.0,0.08105257405918576,0.07273358614606773,0.07716044590337612,4.595923383021727e-05,2.3014434191281907e-05,2.323388252989389e-05
ray_gpis_pointwise,Cross,0,0,4,minus_y,minus_y,0.03957301867735474,0.03957301867735474,0.0,1.0,1.0,0.016469792087247526,0.03957301867735474,0.01457787622911122,2.3057784346747212e-05,2.4254213712993078e-05,2.2897409508004785e-05
ray_gpis_pointwise,Bowl,8,0,0,minus_y,minus_x,0.03223412112793378,0.19574609678744948,0.1635119756595157,0.0,-0.5,0.19574609678744948,0.03223412112793378,0.09358216733191727,0.0003560162731446326,0.0004309491196181625,8.869157318258658e-05
ray_gpis_pointwise,Bowl,8,0,1,minus_y,minus_y,0.16216466761729842,0.16216466761729842,0.0,1.0,1.0,0.15686948644270615,0.16216466761729842,0.061275278837760516,0.00029704085318371654,0.0006251209415495396,9.619293996365741e-05
ray_gpis_pointwise,Bowl,8,0,2,minus_y,minus_x,0.09265275277839224,0.17549887539615117,0.08284612261775892,0.0,0.5,0.17549887539615117,0.09265275277839224,0.019615749511436964,0.00013891518756281585,0.00030601301114074886,8.29199343570508e-05
ray_gpis_pointwise,Bowl,8,0,3,minus_y,minus_x,0.04817704619526586,0.14119738100278,0.09302033480751415,0.0,-0.5,0.14119738100278,0.04817704619526586,0.01038751536920901,0.00013101482181809843,0.0003989266406279057,0.00024105983902700245
ray_gpis_pointwise,Bowl,8,0,4,plus_z,minus_y,0.03410059756511319,0.10062254878056254,0.06652195121544935,0.0,-0.5,0.07075538322728947,0.10062254878056254,0.03410059756511319,9.10357921384275e-05,0.00014198827557265759,0.00043905567144975066
ray_gpis_pointwise,Bowl,13,0,0,minus_x,minus_x,0.30004341354798253,0.30004341354798253,0.0,1.0,1.0,0.30004341354798253,0.09724106233687357,0.27003790476914996,0.0005287813837639987,0.0001208851026603952,0.0004173714842181653
ray_gpis_pointwise,Bowl,13,0,1,plus_z,minus_y,0.06753705554248646,0.11739469787176615,0.049857642329279694,0.0,-0.5,0.11715451590402537,0.11739469787176615,0.06753705554248646,0.00010746252519311383,0.0002411480963928625,0.00027690280694514513
ray_gpis_pointwise,Bowl,13,0,2,plus_z,minus_x,0.08150755269563281,0.1706408348514029,0.0891332821557701,0.0,-0.5,0.1706408348514029,0.10965965716810211,0.08150755269563281,0.00016793113900348544,8.674666605656967e-05,0.0002487385645508766
ray_gpis_pointwise,Bowl,13,0,3,plus_z,minus_x,0.018800189306755533,0.15734376914327408,0.13854357983651855,0.0,-1.0,0.15734376914327408,0.04300470055640537,0.018800189306755533,9.503105684416369e-05,0.00023330702970270067,0.00029162189457565546
ray_gpis_pointwise,Bowl,13,0,4,plus_z,minus_y,0.021877969547528964,0.08564344083913933,0.06376547129161036,0.0,-0.5,0.035962723191188095,0.08564344083913933,0.021877969547528964,0.00012878910638391972,0.00028323958395048976,0.00036918328260071576
ray_gpis_pointwise,Bowl,4,0,0,minus_x,minus_x,0.26186080190830824,0.26186080190830824,0.0,1.0,1.0,0.26186080190830824,0.1641170098779658,0.04250591276458271,0.0004245704330969602,0.00034638732904568315,0.00019667607557494193
ray_gpis_pointwise,Bowl,4,0,1,minus_x,minus_x,0.17853204615869955,0.17853204615869955,0.0,1.0,1.0,0.17853204615869955,0.17714839675507887,0.09892283509376099,0.00026701780734583735,6.145487714093179e-05,5.9807265643030405e-05
ray_gpis_pointwise,Bowl,4,0,2,plus_z,plus_z,0.053867738236636487,0.053867738236636487,0.0,1.0,0.5,0.005668900051917114,0.02425147416040574,0.053867738236636487,6.147116801002994e-05,5.487214002641849e-05,0.0002661568287294358
ray_gpis_pointwise,Bowl,4,0,3,plus_z,minus_y,0.023396465668745536,0.023994475910716462,0.0005980102419709254,0.0,-0.5,0.003801376600825912,0.023994475910716462,0.023396465668745536,0.00012058942957082763,0.00011460004316177219,0.00019703157886397094
ray_gpis_pointwise,Bowl,4,0,4,plus_z,minus_x,-0.0013192242632209528,0.0062276873946119915,0.007546911657832944,0.0,-1.0,0.0062276873946119915,0.0029668607984070228,-0.0013192242632209528,5.394667459768243e-05,0.00014528748579323292,0.00021418239339254797
ray_gpis_pointwise,Bowl,1,0,0,minus_x,minus_x,0.29195723717760985,0.29195723717760985,0.0,1.0,0.5,0.29195723717760985,0.15733323946467198,0.08217195109188519,0.000411450513638556,0.0003253200266044587,0.0003267525462433696
ray_gpis_pointwise,Bowl,1,0,1,plus_z,minus_x,0.030215647541730783,0.09719736529356549,0.0669817177518347,0.0,-1.0,0.09719736529356549,0.07370571380077617,0.030215647541730783,0.00014861176896374673,0.00015004789747763425,0.00020953705825377256
ray_gpis_pointwise,Bowl,1,0,2,plus_z,minus_x,0.0535598817180829,0.1285303860162209,0.07497050429813801,0.0,0.5,0.1285303860162209,0.045054189023048474,0.0535598817180829,0.00012953361147083342,8.866853750078008e-05,0.00021612091222777963
ray_gpis_pointwise,Bowl,1,0,3,minus_x,minus_y,0.02550860798256349,0.09526748023006337,0.06975887224749988,0.0,-0.5,0.02550860798256349,0.09526748023006337,0.02503391972305602,0.0003629759303294122,0.00011902498226845637,0.0003135486040264368
ray_gpis_pointwise,Bowl,1,0,4,plus_z,minus_x,0.04164258188082315,0.11803719592658224,0.07639461404575909,0.0,-0.5,0.11803719592658224,0.06030549813639874,0.04164258188082315,0.00034746795427054167,0.00013116857735440135,0.00041999632958322763
ray_gpis_pointwise,Bowl,12,0,0,minus_x,minus_x,0.23095230279492385,0.23095230279492385,0.0,1.0,1.0,0.23095230279492385,0.20645022832684423,0.08531024847232399,0.0003180369967594743,8.263201743829995e-05,5.404877811088227e-05
ray_gpis_pointwise,Bowl,12,0,1,plus_z,minus_x,0.14790424140747693,0.1692635421231281,0.021359300715651175,0.0,0.5,0.1692635421231281,0.04521547598252473,0.14790424140747693,0.0001302139280596748,4.867550160270184e-05,0.00019012736447621137
ray_gpis_pointwise,Bowl,12,0,2,plus_z,minus_x,0.04407158279417667,0.07157672191880338,0.02750513912462671,0.0,-1.0,0.07157672191880338,0.05364151741992307,0.04407158279417667,4.783616168424487e-05,0.00011829446157207713,0.00019398647418711334
ray_gpis_pointwise,Bowl,12,0,3,plus_z,minus_x,0.021383503879518817,0.06942972218358923,0.04804621830407041,0.0,-1.0,0.06942972218358923,0.04641260161014782,0.021383503879518817,5.444264388643205e-05,0.00019564855028875172,0.00021866042516194284
ray_gpis_pointwise,Bowl,12,0,4,plus_z,minus_x,0.018749099662914825,0.06276464096620527,0.04401554130329044,0.0,-0.5,0.06276464096620527,0.022633249430016433,0.018749099662914825,6.861278234282508e-05,2.3266404241439886e-05,0.00021672224102076143
ray_gpis_pointwise,Bowl,7,0,0,plus_z,minus_x,0.17747886138402125,0.23952074729534056,0.06204188591131932,0.0,-0.5,0.23952074729534056,0.1646325328553535,0.17747886138402125,0.00041811278788372874,0.0005060651456005871,0.0007996282656677067
ray_gpis_pointwise,Bowl,7,0,1,plus_z,minus_x,0.037487037883172425,0.18116423595321707,0.14367719807004464,0.0,-0.5,0.18116423595321707,0.10197742872777482,0.037487037883172425,0.00013155717169865966,0.00012146715016569942,0.0003727115981746465
ray_gpis_pointwise,Bowl,7,0,2,plus_z,minus_y,0.041363336201070355,0.09181514751114839,0.05045181131007803,0.0,-1.0,0.07369685628748157,0.09181514751114839,0.041363336201070355,0.00024813736672513187,0.0001568174920976162,0.00047255874960683286
ray_gpis_pointwise,Bowl,7,0,3,plus_z,minus_y,0.01951937432002826,0.10104947902795935,0.0815301047079311,0.0,-1.0,0.09596686965816525,0.10104947902795935,0.01951937432002826,0.00043396936962381005,0.00030713691376149654,0.0004787523066624999
ray_gpis_pointwise,Bowl,7,0,4,minus_y,minus_x,0.03920390938707874,0.05190432512399412,0.012700415736915383,0.0,-0.5,0.05190432512399412,0.03920390938707874,-0.0012899949260215537,0.00017184125317726284,0.0004080198996234685,0.0002959532430395484
ray_gpis_pointwise,Bowl,14,0,0,plus_z,minus_x,0.08526297162847496,0.1747502697276817,0.08948729809920675,0.0,-0.5,0.1747502697276817,0.16024770500928032,0.08526297162847496,0.0002400086377747357,0.0001379031891701743,0.0006170783890411258
ray_gpis_pointwise,Bowl,14,0,1,plus_z,minus_x,0.036768369685095115,0.1030254105881735,0.06625704090307838,0.0,-1.0,0.1030254105881735,0.09783657366067644,0.036768369685095115,0.00014630926307290792,0.0001590267929714173,0.00038067091372795403
ray_gpis_pointwise,Bowl,14,0,2,minus_y,minus_x,0.025659727941033883,0.10242266280876677,0.07676293486773289,0.0,-0.5,0.10242266280876677,0.025659727941033883,0.0036551861642564187,0.00011168936907779425,0.0005076094530522823,0.0003979112661909312
ray_gpis_pointwise,Bowl,14,0,3,plus_z,minus_y,0.004701925464452139,0.11015049306948266,0.10544856760503052,0.0,-1.0,0.07349111245454765,0.11015049306948266,0.004701925464452139,7.701560389250517e-05,5.5445849284296855e-05,0.0004286103940103203
ray_gpis_pointwise,Bowl,14,0,4,plus_z,minus_x,0.011282004861185913,0.17897438104410435,0.16769237618291843,0.0,-1.0,0.17897438104410435,0.02768710130386476,0.011282004861185913,9.223265806213021e-05,0.00018208817346021533,0.00040163740050047636
ray_gpis_pointwise,Bowl,2,0,0,minus_x,minus_y,0.14779582283526949,0.20548571750280098,0.057689894667531494,0.0,-0.5,0.14779582283526949,0.20548571750280098,0.15936349950818252,0.00042731413850560784,0.0001730945223243907,4.366466237115674e-05
ray_gpis_pointwise,Bowl,2,0,1,minus_x,minus_x,0.18310014197484625,0.18310014197484625,0.0,1.0,1.0,0.18310014197484625,0.17991034134264394,0.09904745696144246,0.0002211188111687079,7.657043897779658e-05,2.4546858185203746e-05
ray_gpis_pointwise,Bowl,2,0,2,plus_z,minus_x,-0.015373461114105869,0.031382398379024234,0.0467558594931301,0.0,-0.5,0.031382398379024234,0.028362144031891412,-0.015373461114105869,0.00019465440709609538,5.504773434950039e-05,0.00025949551491066813
ray_gpis_pointwise,Bowl,2,0,3,minus_y,minus_x,0.10549312253852006,0.11647838476872963,0.01098526223020957,0.0,-0.5,0.11647838476872963,0.10549312253852006,0.07973180094365251,0.000158795272000134,0.0002506405289750546,0.00021076563280075788
ray_gpis_pointwise,Bowl,2,0,4,plus_z,minus_y,0.03500457574626892,0.03980381216546003,0.004799236419191111,0.0,-1.0,0.038633892319320795,0.03980381216546003,0.03500457574626892,0.00014350496348924935,8.688796515343711e-05,0.00021269785065669566
ray_gpis_pointwise,Bowl,6,0,0,minus_x,minus_y,0.1920450061060618,0.21882031866438806,0.02677531255832627,0.0,0.5,0.1920450061060618,0.21882031866438806,0.03139186493863422,1.649983096285723e-05,1.6132033124449663e-05,1.4757489225303289e-05
ray_gpis_pointwise,Bowl,6,0,1,minus_x,minus_y,0.16192345730449786,0.22566911837890913,0.06374566107441126,0.0,0.5,0.16192345730449786,0.22566911837890913,0.09961287442434352,0.0008656606660224497,0.0007692175568081439,0.00011045704741263762
ray_gpis_pointwise,Bowl,6,0,2,minus_y,minus_y,0.04893348710425549,0.04893348710425549,0.0,1.0,1.0,0.018737076573737133,0.04893348710425549,-0.011367753760754273,0.0003877745766658336,0.0005651381798088551,0.00012484674516599625
ray_gpis_pointwise,Bowl,6,0,3,plus_z,minus_x,0.09919917123583455,0.1110835548089748,0.011884383573140256,0.0,-1.0,0.1110835548089748,0.10311857355687626,0.09919917123583455,0.0001333520485786721,0.00021837367967236787,0.00023515276552643627
ray_gpis_pointwise,Bowl,6,0,4,plus_z,plus_z,0.04561532705843552,0.04561532705843552,0.0,1.0,0.5,0.04391275710968612,0.037489362169565,0.04561532705843552,3.669549187179655e-05,0.00020788154506590217,0.00023077732475940138
ray_gpis_pointwise,Bowl,3,0,0,minus_x,minus_x,0.32077351976914004,0.32077351976914004,0.0,1.0,0.5,0.32077351976914004,0.14820816877841925,0.15845884040363933,2.116604446200654e-05,1.9917240933864377e-05,1.8743907276075333e-05
ray_gpis_pointwise,Bowl,3,0,1,plus_z,minus_x,0.07224251952998051,0.1552709436771269,0.0830284241471464,0.0,-1.0,0.1552709436771269,0.10356200268513649,0.07224251952998051,0.00011379960051272064,0.00020231267262715846,0.00036595374695025384
ray_gpis_pointwise,Bowl,3,0,2,minus_y,minus_x,0.11868337710231847,0.13171241029767133,0.013029033195352868,0.0,-0.5,0.13171241029767133,0.11868337710231847,0.08401297598323232,0.00011600294237723574,0.00029537646332755685,0.0002628968213684857
ray_gpis_pointwise,Bowl,3,0,3,plus_z,minus_x,0.02280412430567269,0.12516385532504104,0.10235973101936835,0.0,-0.5,0.12516385532504104,0.06845037698537848,0.02280412430567269,9.070843952940777e-05,5.991512807668187e-05,0.0003314914065413177
ray_gpis_pointwise,Bowl,3,0,4,plus_z,minus_y,0.006042911116199479,0.03144198902731832,0.02539907791111884,0.0,-0.5,0.0020632537965010744,0.03144198902731832,0.006042911116199479,0.00026656733825802803,9.601577039575204e-05,0.0003762152337003499
ray_gpis_pointwise,Bowl,9,0,0,minus_x,minus_x,0.2597724210157057,0.2597724210157057,0.0,1.0,0.5,0.2597724210157057,0.07864848511882905,0.042203157285327364,0.00037435718695633113,0.00012507446808740497,0.00012547289952635765
ray_gpis_pointwise,Bowl,9,0,1,plus_z,minus_x,0.10700903897694913,0.12629233177479748,0.01928329279784835,0.0,-0.5,0.12629233177479748,0.12089426287105298,0.10700903897694913,0.00014144965098239481,0.00011956041998928413,0.00026420835638418794
ray_gpis_pointwise,Bowl,9,0,2,plus_z,minus_y,0.029427093320639974,0.05066933803300111,0.021242244712361136,0.0,-0.5,0.030184061821764585,0.05066933803300111,0.029427093320639974,7.027284300420433e-05,0.00010230909538222477,0.00032052851747721434
ray_gpis_pointwise,Bowl,9,0,3,plus_z,plus_z,0.08051344539515137,0.08051344539515137,0.0,1.0,0.5,0.020656326056938012,0.05416292396093192,0.08051344539515137,8.42812514747493e-05,7.383735646726564e-05,0.0003569762338884175
ray_gpis_pointwise,Bowl,9,0,4,plus_z,minus_x,0.0023352582747725448,0.03185727331615562,0.029522015041383076,0.0,-0.5,0.03185727331615562,0.025001121141272953,0.0023352582747725448,8.727882959647104e-05,7.939003990031779e-05,0.00023029344447422773
ray_gpis_pointwise,Bowl,10,0,0,minus_x,minus_x,0.28409907202078677,0.28409907202078677,0.0,1.0,1.0,0.28409907202078677,0.2775288541023433,0.10604492963344717,4.285052455088589e-06,4.197097950964235e-06,3.7811280435562367e-06
ray_gpis_pointwise,Bowl,10,0,1,minus_x,minus_x,0.18171839101941256,0.18171839101941256,0.0,1.0,1.0,0.18171839101941256,0.07111890925988085,0.019483174532024194,0.0006740617100149393,0.0005388878053054214,9.170460543828085e-05
ray_gpis_pointwise,Bowl,10,0,2,plus_z,minus_y,0.08010654188384803,0.1277638259434246,0.04765728405957659,0.0,0.5,0.03937255443115273,0.1277638259434246,0.08010654188384803,0.00020905578276142478,0.00022893131244927645,0.0002354223106522113
ray_gpis_pointwise,Bowl,10,0,3,plus_z,minus_y,0.08058898490995958,0.08365990287386216,0.003070917963902575,0.0,0.5,0.06636156837870288,0.08365990287386216,0.08058898490995958,8.323427027789876e-05,0.00022265002189669758,0.0002290218253619969
ray_gpis_pointwise,Bowl,10,0,4,plus_z,minus_x,0.008258540886215582,0.021030907219219963,0.012772366333004381,0.0,-1.0,0.021030907219219963,0.020496980710845603,0.008258540886215582,6.648901762673631e-05,8.041919500101358e-05,0.000184907199582085
ray_gpis_pointwise,Bowl,5,0,0,minus_x,minus_x,0.164921184260425,0.164921184260425,0.0,1.0,1.0,0.164921184260425,0.13831484979148762,0.10388318764852333,0.0004919054335914552,0.0002275302103953436,3.25081346090883e-05
ray_gpis_pointwise,Bowl,5,0,1,minus_x,minus_x,0.13974837186513422,0.13974837186513422,0.0,1.0,1.0,0.13974837186513422,0.024404388788030418,0.07066838556503685,0.0005297719035297632,0.00010697393008740619,0.00012501952005550265
ray_gpis_pointwise,Bowl,5,0,2,plus_z,minus_y,0.07918345988337538,0.08914874035723186,0.009965280473856475,0.0,-0.5,0.04376118096272952,0.08914874035723186,0.07918345988337538,8.4394370787777e-05,5.47039853699971e-05,0.0003076551656704396
ray_gpis_pointwise,Bowl,5,0,3,minus_x,minus_x,0.05516426719046297,0.05516426719046297,0.0,1.0,0.5,0.05516426719046297,0.02685895123358817,0.014406132647762027,0.00031601430964656174,8.927925955504179e-05,0.00025299686240032315
ray_gpis_pointwise,Bowl,5,0,4,minus_x,minus_y,0.019327030916800103,0.04169896079120072,0.02237192987440062,0.0,-1.0,0.019327030916800103,0.04169896079120072,0.03215595122626913,0.00024760302039794624,5.253045674180612e-05,0.00016066328680608422
ray_gpis_pointwise,Bowl,11,0,0,minus_x,minus_x,0.19576297317262364,0.19576297317262364,0.0,1.0,1.0,0.19576297317262364,0.18721073394909954,0.1389787494145745,0.00028971987194381654,0.00015612576680723578,0.00010571525490377098
ray_gpis_pointwise,Bowl,11,0,1,minus_y,minus_x,0.16387635975777104,0.19872276777390896,0.03484640801613792,0.0,-0.5,0.19872276777390896,0.16387635975777104,0.1244836511946984,0.00013643944112118334,0.00029403064399957657,0.00023127625172492117
ray_gpis_pointwise,Bowl,11,0,2,plus_z,minus_x,0.04913535779270384,0.10331948158156457,0.05418412378886073,0.0,-0.5,0.10331948158156457,0.050773351021737745,0.04913535779270384,0.00013113145541865379,6.585560186067596e-05,0.00018620671471580863
ray_gpis_pointwise,Bowl,11,0,3,minus_y,minus_y,0.046128053730988605,0.046128053730988605,0.0,1.0,0.5,0.025807672981094876,0.046128053730988605,0.031037529457670243,0.0001416343729943037,0.00024015225062612444,9.071010572370142e-05
ray_gpis_pointwise,Bowl,11,0,4,plus_z,minus_y,0.016505536137956356,0.05519826341895884,0.03869272728100248,0.0,-1.0,0.036243891445058574,0.05519826341895884,0.016505536137956356,0.0001339439768344164,7.604224083479494e-05,0.00022137045743875206
ray_gpis_pointwise,Bowl,0,0,0,minus_x,minus_x,0.2964142719550918,0.2964142719550918,0.0,1.0,1.0,0.2964142719550918,0.17574940487151813,0.1239715316519786,2.991896508319769e-05,2.8872287657577544e-05,2.8367123377393e-05
ray_gpis_pointwise,Bowl,0,0,1,minus_x,minus_y,0.08880822159730228,0.09169795967184602,0.002889738074543735,0.0,0.5,0.08880822159730228,0.09169795967184602,0.06297600276086757,0.0006553287385031581,6.172755092848092e-05,4.2155879782512784e-05
ray_gpis_pointwise,Bowl,0,0,2,minus_x,minus_x,0.11040129615438132,0.11040129615438132,0.0,1.0,0.5,0.11040129615438132,0.04213538853930576,0.010714330415638407,0.0007520345388911664,6.205187673913315e-05,0.00024928810307756066
ray_gpis_pointwise,Bowl,0,0,3,plus_z,plus_z,0.049993064091220174,0.049993064091220174,0.0,1.0,1.0,0.043546393841743525,0.020540640000979882,0.049993064091220174,8.777623588684946e-05,5.399597648647614e-05,0.00037446682108566165
ray_gpis_pointwise,Bowl,0,0,4,minus_x,minus_y,0.009044032181335537,0.04853586799841747,0.03949183581708193,0.0,-1.0,0.009044032181335537,0.04853586799841747,0.03027932313396886,0.0003250293666496873,0.0001300483854720369,0.00022104239906184375
ray_gpis_pointwise,Cube,8,0,0,minus_x,minus_x,0.23172755424714453,0.23172755424714453,0.0,1.0,1.0,0.23172755424714453,0.08830938386972242,0.08023670757045104,2.518146538932342e-05,2.4707833290449344e-05,2.3862088710302487e-05
ray_gpis_pointwise,Cube,8,0,1,minus_x,minus_x,0.13563871760950985,0.13563871760950985,0.0,1.0,1.0,0.13563871760950985,0.05902418345903626,0.07754348360398522,0.0002603731700219214,3.207205736543983e-05,5.50945260329172e-05
ray_gpis_pointwise,Cube,8,0,2,minus_x,minus_x,0.11742794838851367,0.11742794838851367,0.0,1.0,1.0,0.11742794838851367,0.009288020038599187,0.017244792375770923,0.00017559927073307335,4.479671406443231e-05,0.0001234236260643229
ray_gpis_pointwise,Cube,8,0,3,minus_x,minus_x,0.10751153395210655,0.10751153395210655,0.0,1.0,1.0,0.10751153395210655,0.02773148322930985,0.009610977227509587,0.00011057093797717243,3.6886794987367466e-05,2.472779124218505e-05
ray_gpis_pointwise,Cube,8,0,4,plus_z,plus_z,0.003910758423620875,0.003910758423620875,0.0,1.0,1.0,0.0037937493288097146,0.0012973351610959805,0.003910758423620875,2.3579923436045647e-05,2.3192927983473055e-05,2.366001353948377e-05
ray_gpis_pointwise,Cube,13,0,0,minus_x,minus_y,0.1304162118358923,0.18320221063221942,0.052785998796327116,0.0,0.5,0.1304162118358923,0.18320221063221942,0.11018129950199784,2.6312847694498487e-05,2.6077947040903382e-05,2.530832171032671e-05
ray_gpis_pointwise,Cube,13,0,1,minus_x,minus_x,0.24567492244637212,0.24567492244637212,0.0,1.0,1.0,0.24567492244637212,0.20477622404811036,0.17731365234878782,0.0005072487401776016,9.952592517947778e-05,2.574950849520974e-05
ray_gpis_pointwise,Cube,13,0,2,minus_y,minus_x,0.07918857467672435,0.13276212224312423,0.05357354756639987,0.0,0.5,0.13276212224312423,0.07918857467672435,0.026888827806749505,7.91406782809645e-05,0.00013357040006667376,4.540336158243008e-05
ray_gpis_pointwise,Cube,13,0,3,minus_y,minus_y,0.07635661180902376,0.07635661180902376,0.0,1.0,1.0,0.07509546736761152,0.07635661180902376,0.03359473928439105,5.8016452385345474e-05,6.807486352045089e-05,3.220236249035224e-05
ray_gpis_pointwise,Cube,13,0,4,minus_x,minus_x,0.047076674551503106,0.047076674551503106,0.0,1.0,1.0,0.047076674551503106,0.025371664561794627,-0.000254787819666924,5.028297891840339e-05,2.8262664272915572e-05,2.3245394913828932e-05
ray_gpis_pointwise,Cube,4,0,0,minus_x,minus_x,0.34828932458047124,0.34828932458047124,0.0,1.0,1.0,0.34828932458047124,0.22609639227199196,0.1589800047818828,5.371241513785208e-06,5.205214620218612e-06,5.158865405974211e-06
ray_gpis_pointwise,Cube,4,0,1,minus_x,minus_x,0.14520910008849108,0.14520910008849108,0.0,1.0,0.5,0.14520910008849108,0.043315483478054695,0.09970761820439322,0.00013618926459457725,3.6083554732613266e-05,3.138765168841928e-05
ray_gpis_pointwise,Cube,4,0,2,minus_y,minus_x,0.025641670605563105,0.028541438108823702,0.0028997675032605974,0.0,0.5,0.028541438108823702,0.025641670605563105,0.007161887697915592,3.386689422768541e-05,3.448941424721852e-05,2.3810951461200602e-05
ray_gpis_pointwise,Cube,4,0,3,minus_x,minus_y,0.015604828116896452,0.03304390650698186,0.017439078390085405,0.0,-1.0,0.015604828116896452,0.03304390650698186,0.02065934594161023,4.168508530710824e-05,2.616237907204777e-05,3.242711682105437e-05
ray_gpis_pointwise,Cube,4,0,4,minus_y,minus_x,0.02139085748454339,0.038589561617607404,0.017198704133064013,0.0,-0.5,0.038589561617607404,0.02139085748454339,0.017186352499883317,3.3293046726612374e-05,3.8607722672168165e-05,3.842965452349745e-05
ray_gpis_pointwise,Cube,1,0,0,minus_x,minus_x,0.32764536095734703,0.32764536095734703,0.0,1.0,1.0,0.32764536095734703,0.09677066015162111,0.07612573942574002,0.0003589823900256306,6.919659062987193e-05,2.50123212026665e-05
ray_gpis_pointwise,Cube,1,0,1,minus_x,minus_x,0.07097610171781077,0.07097610171781077,0.0,1.0,0.5,0.07097610171781077,0.039954780729166695,0.05479391744603501,0.00017783559451345354,4.492640437092632e-05,2.4181612388929352e-05
ray_gpis_pointwise,Cube,1,0,2,minus_x,minus_x,0.11867566591717205,0.11867566591717205,0.0,1.0,1.0,0.11867566591717205,0.09201870282175628,0.04281358379042588,0.00018067432392854244,0.00016098130436148494,4.127046122448519e-05
ray_gpis_pointwise,Cube,1,0,3,minus_y,plus_z,0.02067096269638702,0.027413981843472657,0.006743019147085638,0.0,-1.0,0.023475534460649095,0.02067096269638702,0.027413981843472657,2.394375769654289e-05,4.008019823231734e-05,2.3393455194309354e-05
ray_gpis_pointwise,Cube,1,0,4,minus_x,minus_x,0.021378119218587788,0.021378119218587788,0.0,1.0,0.5,0.021378119218587788,0.012434376526973101,0.01728510269056094,2.454458262945991e-05,2.3437156414729543e-05,2.3318409148487262e-05
ray_gpis_pointwise,Cube,12,0,0,minus_x,minus_x,0.28171954927038856,0.28171954927038856,0.0,1.0,0.5,0.28171954927038856,0.09109508849966175,0.10728382832014732,0.0004155948117841035,0.0001628825266379863,2.7886941097676754e-05
ray_gpis_pointwise,Cube,12,0,1,minus_x,minus_x,0.1574941888371163,0.1574941888371163,0.0,1.0,1.0,0.1574941888371163,0.015722188624864075,0.040044528150168124,0.00020282744662836194,3.7032888940302655e-05,8.355005411431193e-05
ray_gpis_pointwise,Cube,12,0,2,minus_x,minus_x,0.06219442291510735,0.06219442291510735,0.0,1.0,0.5,0.06219442291510735,0.02683201418952308,0.024763655365008574,7.213824574137107e-05,3.525182546582073e-05,5.279409742797725e-05
ray_gpis_pointwise,Cube,12,0,3,plus_z,plus_z,0.026507403165872745,0.026507403165872745,0.0,1.0,1.0,0.01174664112639634,0.014109361417250277,0.026507403165872745,2.383623541390989e-05,4.008465475635603e-05,5.2303610573289916e-05
ray_gpis_pointwise,Cube,12,0,4,minus_x,minus_x,0.04142207822359234,0.04142207822359234,0.0,1.0,1.0,0.04142207822359234,0.009345465652987772,0.01296189082284005,5.205795241636224e-05,2.3645801775273867e-05,4.450713095138781e-05
ray_gpis_pointwise,Cube,7,0,0,minus_x,minus_x,0.23755274478933475,0.23755274478933475,0.0,1.0,0.5,0.23755274478933475,0.06523786018750011,0.0878180709567074,2.800458787532989e-05,2.744673656707164e-05,2.645758468133863e-05
ray_gpis_pointwise,Cube,7,0,1,minus_x,minus_x,0.2526980593820868,0.2526980593820868,0.0,1.0,0.5,0.2526980593820868,0.09889488544172731,0.058639021912492484,0.00016265411977656186,3.196446050424129e-05,5.707990931114182e-05
ray_gpis_pointwise,Cube,7,0,2,minus_x,minus_x,0.029465676547803965,0.029465676547803965,0.0,1.0,1.0,0.029465676547803965,0.0059145717098094686,0.007575098902135258,3.688148353830911e-05,2.3508338927058503e-05,2.4195900550694205e-05
ray_gpis_pointwise,Cube,7,0,3,minus_x,minus_x,0.02592985050697061,0.02592985050697061,0.0,1.0,1.0,0.02592985050697061,0.0025823367853841095,0.01021502184186407,3.564756843843497e-05,2.3306520233745687e-05,2.331961331947241e-05
ray_gpis_pointwise,Cube,7,0,4,minus_y,minus_x,0.013167919889385593,0.02436757140487089,0.011199651515485298,0.0,0.5,0.02436757140487089,0.013167919889385593,0.006272999753354047,2.363952989981044e-05,2.365610998822376e-05,2.318440965609625e-05
ray_gpis_pointwise,Cube,14,0,0,minus_x,minus_x,0.22608354142699133,0.22608354142699133,0.0,1.0,0.5,0.22608354142699133,0.050881874364644364,0.08572197455367464,0.0001789762609405443,5.7252815167885274e-05,2.5496103262412362e-05
ray_gpis_pointwise,Cube,14,0,1,minus_x,minus_x,0.15268256149052906,0.15268256149052906,0.0,1.0,0.5,0.15268256149052906,0.044301245655601895,0.06132932750794884,0.00015814881771802902,4.273726881365292e-05,2.4291353838634677e-05
ray_gpis_pointwise,Cube,14,0,2,plus_z,plus_z,0.06022755261577295,0.06022755261577295,0.0,1.0,1.0,0.033575479178372,0.03875883170445382,0.06022755261577295,3.552621274138801e-05,3.82546495529823e-05,4.328721479396336e-05
ray_gpis_pointwise,Cube,14,0,3,minus_y,minus_x,0.01990843875982018,0.025481776803828793,0.005573338044008613,0.0,-0.5,0.025481776803828793,0.01990843875982018,0.020357107591514767,2.3695956770097837e-05,4.1294621041743085e-05,2.3411681468132883e-05
ray_gpis_pointwise,Cube,14,0,4,minus_x,minus_x,0.039046064734893915,0.039046064734893915,0.0,1.0,0.5,0.039046064734893915,0.007918645653495426,0.0042357705140178,2.392651185800787e-05,2.3471553504350595e-05,2.3582368157804012e-05
ray_gpis_pointwise,Cube,2,0,0,minus_x,plus_z,0.13181078863680634,0.17726038444478837,0.045449595807982024,0.0,-0.5,0.13181078863680634,0.11390568413700619,0.17726038444478837,2.798814603011124e-05,2.727315586525947e-05,2.635673627082724e-05
ray_gpis_pointwise,Cube,2,0,1,minus_x,minus_y,-0.03547136090504921,0.09421753353699469,0.1296888944420439,0.0,-0.5,-0.03547136090504921,0.09421753353699469,0.07008012051710477,0.00039911980275064707,0.0002658164012245834,2.6075953428517096e-05
ray_gpis_pointwise,Cube,2,0,2,minus_x,minus_x,0.289706539981185,0.289706539981185,0.0,1.0,1.0,0.289706539981185,0.2578987334157026,0.13771351280468525,0.0002730137493927032,8.365478424821049e-05,2.3681001039221883e-05
ray_gpis_pointwise,Cube,2,0,3,minus_x,minus_x,0.050106431398921125,0.050106431398921125,0.0,1.0,0.5,0.050106431398921125,0.03621345477583848,0.03757811040596426,0.00013817586295772344,8.354313467862085e-05,3.6698696931125596e-05
ray_gpis_pointwise,Cube,2,0,4,minus_x,minus_x,0.0972945378977127,0.0972945378977127,0.0,1.0,0.5,0.0972945378977127,0.010136951130703564,0.0034587572453148585,0.00015151186380535364,5.25789764651563e-05,6.481915625045076e-05
ray_gpis_pointwise,Cube,6,0,0,minus_x,minus_x,0.15945031479185856,0.15945031479185856,0.0,1.0,1.0,0.15945031479185856,0.09458668891011268,0.038143723051602074,0.00059874466387555,0.0001848192187026143,3.21766383422073e-05
ray_gpis_pointwise,Cube,6,0,1,minus_x,minus_x,0.12282392837975264,0.12282392837975264,0.0,1.0,1.0,0.12282392837975264,0.03970805751784967,0.04595901208779685,0.00016412451805081218,3.086287688347511e-05,0.0001060140275512822
ray_gpis_pointwise,Cube,6,0,2,plus_z,plus_z,0.07919041172321906,0.07919041172321906,0.0,1.0,0.5,0.04211010844933638,0.008270018924990907,0.07919041172321906,7.829087553545833e-05,9.394664084538817e-05,0.00014609207573812455
ray_gpis_pointwise,Cube,6,0,3,minus_x,minus_x,0.021250284863157498,0.021250284863157498,0.0,1.0,1.0,0.021250284863157498,0.010188308961834758,0.010588667234445737,4.655627708416432e-05,2.6929372324957512e-05,4.049534982186742e-05
ray_gpis_pointwise,Cube,6,0,4,plus_z,plus_z,0.03368911247307804,0.03368911247307804,0.0,1.0,1.0,0.03363080495151283,0.007798217472778868,0.03368911247307804,3.12964511977043e-05,2.3395887183141895e-05,3.961241236538626e-05
ray_gpis_pointwise,Cube,3,0,0,minus_x,minus_x,0.28507325730123445,0.28507325730123445,0.0,1.0,1.0,0.28507325730123445,0.1338997475363327,0.06897750212594267,1.7691632820060477e-05,1.7528423995827325e-05,1.7227892385562882e-05
ray_gpis_pointwise,Cube,3,0,1,minus_x,minus_x,0.078363272507877,0.078363272507877,0.0,1.0,1.0,0.078363272507877,0.019454261918463556,0.008245243724175899,0.00013672749628312886,9.934668196365237e-05,2.4078964997897856e-05
ray_gpis_pointwise,Cube,3,0,2,minus_y,minus_y,0.13299652618235824,0.13299652618235824,0.0,1.0,1.0,0.04110717839209799,0.13299652618235824,0.0016706568619471174,6.870246579637751e-05,0.0001555378985358402,2.419062002445571e-05
ray_gpis_pointwise,Cube,3,0,3,minus_x,minus_y,0.011817714803746604,0.01563826307215954,0.0038205482684129377,0.0,-1.0,0.011817714803746604,0.01563826307215954,0.013106430629192367,4.5235119614517316e-05,2.3787677491782233e-05,3.6039673432242125e-05
ray_gpis_pointwise,Cube,3,0,4,minus_x,minus_x,0.025192025613991365,0.025192025613991365,0.0,1.0,1.0,0.025192025613991365,0.012674655257119194,0.01095607187318326,2.398985998297576e-05,2.3628394046681933e-05,2.325252535229083e-05
ray_gpis_pointwise,Cube,9,0,0,minus_x,minus_x,0.21047765220868092,0.21047765220868092,0.0,1.0,0.5,0.21047765220868092,0.03946801439984188,0.06908304997113496,2.3230966689880006e-05,2.3005542971077375e-05,2.251438854727894e-05
ray_gpis_pointwise,Cube,9,0,1,minus_x,minus_x,0.13088184576687978,0.13088184576687978,0.0,1.0,1.0,0.13088184576687978,0.03911386430876773,0.004391912288368438,0.00015509706281591207,4.048589107696898e-05,2.862894325517118e-05
ray_gpis_pointwise,Cube,9,0,2,minus_x,plus_z,0.03684365341572404,0.04750600094444435,0.010662347528720306,0.0,-0.5,0.03684365341572404,0.03014936479706165,0.04750600094444435,5.3575677156914026e-05,3.741091495612636e-05,2.3546332158730365e-05
ray_gpis_pointwise,Cube,9,0,3,minus_y,minus_y,0.05693561121554691,0.05693561121554691,0.0,1.0,1.0,0.030103216847800374,0.05693561121554691,0.02606224031281934,3.1858660804573447e-05,4.783593976753764e-05,2.3276561478269286e-05
ray_gpis_pointwise,Cube,9,0,4,minus_y,minus_y,0.0280257572798851,0.0280257572798851,0.0,1.0,0.5,0.006193794230952454,0.0280257572798851,0.011121894225430973,2.363374369451776e-05,4.4135140342405066e-05,2.327219226572197e-05
ray_gpis_pointwise,Cube,10,0,0,minus_x,minus_x,0.21302634585203994,0.21302634585203994,0.0,1.0,1.0,0.21302634585203994,0.12092342095316855,0.09645396328533029,0.00045330062857829034,0.00014618299610447139,2.8292552087805234e-05
ray_gpis_pointwise,Cube,10,0,1,minus_x,minus_x,0.1695804246191832,0.1695804246191832,0.0,1.0,0.5,0.1695804246191832,0.0963647621538759,0.037416476921162456,0.0001932885788846761,6.524320633616298e-05,8.650241215946153e-05
ray_gpis_pointwise,Cube,10,0,2,minus_y,plus_z,0.03940335125143757,0.050574675429502336,0.011171324178064768,0.0,-0.5,0.03944962153007403,0.03940335125143757,0.050574675429502336,5.2502167818602175e-05,6.904075416969135e-05,5.4415169870480895e-05
ray_gpis_pointwise,Cube,10,0,3,minus_y,plus_z,0.03189625904939586,0.053756498636201244,0.021860239586805386,0.0,-1.0,0.04102117721064824,0.03189625904939586,0.053756498636201244,5.2706353017129004e-05,5.954818334430456e-05,4.553898179437965e-05
ray_gpis_pointwise,Cube,10,0,4,minus_x,minus_x,0.03777287728542289,0.03777287728542289,0.0,1.0,0.5,0.03777287728542289,0.02089799645146251,0.027597260808437718,7.10368767613545e-05,6.0846763517474756e-05,4.4211083150003105e-05
ray_gpis_pointwise,Cube,5,0,0,minus_x,minus_x,0.12958231724873043,0.12958231724873043,0.0,1.0,0.5,0.12958231724873043,0.11347526783154827,0.11659484365572964,6.860833309474401e-06,6.735976967320312e-06,6.5207204897888005e-06
ray_gpis_pointwise,Cube,5,0,1,minus_x,minus_x,0.23645736673677736,0.23645736673677736,0.0,1.0,1.0,0.23645736673677736,0.17551368968900266,0.13178047868577208,1.0737093361967709e-05,1.0457320058776531e-05,1.0382246728113387e-05
ray_gpis_pointwise,Cube,5,0,2,minus_x,minus_x,0.19045526136483248,0.19045526136483248,0.0,1.0,0.5,0.19045526136483248,0.06348923804993367,0.025343772168719303,0.00015679057105444372,4.488590275286697e-05,0.00014985947927925736
ray_gpis_pointwise,Cube,5,0,3,minus_x,minus_x,0.06734289183665909,0.06734289183665909,0.0,1.0,1.0,0.06734289183665909,0.01227232306583359,0.02645448658119398,0.00011633874964900315,2.574027530499734e-05,5.3508567361859605e-05
ray_gpis_pointwise,Cube,5,0,4,minus_x,plus_z,0.018056331896677436,0.01963131738731705,0.0015749854906396132,0.0,-0.5,0.018056331896677436,0.011318874487577624,0.01963131738731705,2.8619570002774708e-05,2.3492602849728428e-05,2.3472799512092024e-05
ray_gpis_pointwise,Cube,11,0,0,minus_x,minus_x,0.2778215842154842,0.2778215842154842,0.0,1.0,0.5,0.2778215842154842,0.17372415858434598,0.17511694071416994,0.00024885631864890456,4.171028558630496e-05,2.471517291269265e-05
ray_gpis_pointwise,Cube,11,0,1,minus_x,minus_x,0.09567288907745686,0.09567288907745686,0.0,1.0,0.5,0.09567288907745686,0.04418144332776175,0.070468222899006,0.00018982247274834663,7.615849608555436e-05,2.3818312911316752e-05
ray_gpis_pointwise,Cube,11,0,2,minus_x,minus_x,0.13638227477427267,0.13638227477427267,0.0,1.0,0.5,0.13638227477427267,0.06965838321012918,0.03922328576237599,0.0001666376192588359,2.3818231056793593e-05,2.5183928300975822e-05
ray_gpis_pointwise,Cube,11,0,3,minus_x,plus_z,-0.0026620314074514706,0.03866490037334713,0.041326931780798604,0.0,-0.5,-0.0026620314074514706,-0.0012341654949847847,0.03866490037334713,4.5093293010722846e-05,2.345913708268199e-05,2.397657954134047e-05
ray_gpis_pointwise,Cube,11,0,4,minus_x,minus_y,0.0037453538502941752,0.026379333879371636,0.02263398002907746,0.0,-1.0,0.0037453538502941752,0.026379333879371636,0.016242478965277085,4.566437200992368e-05,2.3320530090131797e-05,4.334540062700398e-05
ray_gpis_pointwise,Cube,0,0,0,minus_x,minus_x,0.34453419315154543,0.34453419315154543,0.0,1.0,1.0,0.34453419315154543,0.2336496262881011,0.11151615815560667,8.069126238297031e-07,7.968764634824765e-07,7.863309861022572e-07
ray_gpis_pointwise,Cube,0,0,1,minus_x,minus_x,0.21928640634601893,0.21928640634601893,0.0,1.0,0.5,0.21928640634601893,0.10353381879839818,0.12068203613276485,0.00027224075165577233,4.7328205255325884e-05,2.4598890377092175e-05
ray_gpis_pointwise,Cube,0,0,2,minus_x,minus_x,0.09045589590897285,0.09045589590897285,0.0,1.0,1.0,0.09045589590897285,0.07839798503621409,0.01078733205381699,7.569029548903927e-05,5.2743216656381264e-05,2.4190010663005523e-05
ray_gpis_pointwise,Cube,0,0,3,minus_y,minus_y,0.04626660849402853,0.04626660849402853,0.0,1.0,1.0,0.017906060060015938,0.04626660849402853,0.007263153795178057,2.40200442931382e-05,4.139735392527655e-05,2.3552014681627043e-05
ray_gpis_pointwise,Cube,0,0,4,minus_x,plus_z,0.019881998922979927,0.023641800618874442,0.0037598016958945157,0.0,-0.5,0.019881998922979927,0.01719317349140137,0.023641800618874442,2.3783632059348747e-05,2.3415108444169164e-05,2.328557093278505e-05
ray_gpis_pointwise,Thin_Irregular,8,0,0,minus_x,minus_x,0.26782490209581944,0.26782490209581944,0.0,1.0,0.5,0.26782490209581944,0.0529658662672588,0.1843280870101347,0.001383091788738966,0.0002037367521552369,8.066646114457399e-05
ray_gpis_pointwise,Thin_Irregular,8,0,1,minus_x,minus_x,0.13145758162463972,0.13145758162463972,0.0,1.0,1.0,0.13145758162463972,0.0737047488573529,0.04649253493326888,0.00023843077360652387,0.00013477270840667188,0.0001275067770620808
ray_gpis_pointwise,Thin_Irregular,8,0,2,minus_x,minus_y,0.06516474375270709,0.09767280146833379,0.032508057715626704,0.0,0.5,0.06516474375270709,0.09767280146833379,0.04491828278467824,0.0001419968466507271,9.279061487177387e-05,4.786633144249208e-05
ray_gpis_pointwise,Thin_Irregular,8,0,3,minus_x,minus_x,0.10359887871038342,0.10359887871038342,0.0,1.0,1.0,0.10359887871038342,0.017455171356506094,0.0075447233680209225,0.00010445647785672918,5.338317350833677e-05,2.428954394417815e-05
ray_gpis_pointwise,Thin_Irregular,8,0,4,minus_y,minus_x,0.017393917584505147,0.04337574248528131,0.025981824900776163,0.0,-0.5,0.04337574248528131,0.017393917584505147,0.037692447421671105,5.996569598210044e-05,6.222923548193648e-05,2.385762672929559e-05
ray_gpis_pointwise,Thin_Irregular,13,0,0,minus_x,minus_x,0.16780887190451121,0.16780887190451121,0.0,1.0,1.0,0.16780887190451121,0.06179222950905372,0.03141331029502359,0.001338195870630443,0.0001777650904841721,2.9666349291801453e-05
ray_gpis_pointwise,Thin_Irregular,13,0,1,minus_x,plus_z,0.03749823255208362,0.040799387693435496,0.0033011551413518747,0.0,0.5,0.03749823255208362,0.0017965934036214826,0.040799387693435496,0.0003876896807923913,2.688416134333238e-05,0.0002581505395937711
ray_gpis_pointwise,Thin_Irregular,13,0,2,minus_x,minus_x,0.14186547847328823,0.14186547847328823,0.0,1.0,1.0,0.14186547847328823,0.024708137749653747,0.06313531406394712,0.000495372514706105,7.134008046705276e-05,7.555316551588476e-05
ray_gpis_pointwise,Thin_Irregular,13,0,3,minus_x,minus_x,0.05679455521336363,0.05679455521336363,0.0,1.0,1.0,0.05679455521336363,0.03054649315684077,0.05040693353545023,0.00010621511319186538,8.490559412166476e-05,0.00010250402556266636
ray_gpis_pointwise,Thin_Irregular,13,0,4,minus_x,minus_y,0.0012327691093817483,0.024943756974450282,0.023710987865068534,0.0,-1.0,0.0012327691093817483,0.024943756974450282,0.006006880804082515,6.173852307256311e-05,3.446400660322979e-05,4.163916310062632e-05
ray_gpis_pointwise,Thin_Irregular,4,0,0,minus_x,minus_y,0.23686452783787487,0.24205018671822914,0.005185658880354271,0.0,-0.5,0.23686452783787487,0.24205018671822914,0.22055487133808643,0.0006488292128778994,6.690149166388437e-05,7.752295641694218e-05
ray_gpis_pointwise,Thin_Irregular,4,0,1,minus_y,minus_x,0.11608385486205075,0.15767042139553167,0.04158656653348092,0.0,-0.5,0.15767042139553167,0.11608385486205075,0.1084978062938684,0.00015908759087324142,0.00024610795662738383,0.00016414270794484764
ray_gpis_pointwise,Thin_Irregular,4,0,2,minus_x,minus_x,0.1462635286017817,0.1462635286017817,0.0,1.0,0.5,0.1462635286017817,0.04612356037725873,0.07577029575194383,0.00017147029575426131,7.299971184693277e-05,7.21914111636579e-05
ray_gpis_pointwise,Thin_Irregular,4,0,3,minus_x,minus_x,0.07136290705670056,0.07136290705670056,0.0,1.0,0.5,0.07136290705670056,0.06730096917116735,0.04548049013144917,8.322663779836148e-05,4.7793062549317256e-05,5.673187115462497e-05
ray_gpis_pointwise,Thin_Irregular,4,0,4,minus_x,minus_y,0.013251668281686335,0.05947337036528033,0.046221702083593996,0.0,-0.5,0.013251668281686335,0.05947337036528033,0.019325782555968396,8.453634654870257e-05,7.920600910438225e-05,2.4332108296221122e-05
ray_gpis_pointwise,Thin_Irregular,1,0,0,minus_x,minus_x,0.1805670188134551,0.1805670188134551,0.0,1.0,1.0,0.1805670188134551,0.05675441643258711,0.045771652852527545,0.0011160389985889196,0.0005704768118448555,4.106907363166101e-05
ray_gpis_pointwise,Thin_Irregular,1,0,1,minus_x,minus_x,0.22279728824100098,0.22279728824100098,0.0,1.0,1.0,0.22279728824100098,0.1151085301776712,0.051349605569179335,0.0005989671917632222,0.00023592538491357118,9.324644634034485e-05
ray_gpis_pointwise,Thin_Irregular,1,0,2,minus_x,minus_x,0.030662147713428678,0.030662147713428678,0.0,1.0,1.0,0.030662147713428678,0.006916339593190712,0.010463471888377152,6.194577144924551e-05,2.3946135115693323e-05,4.593177800416015e-05
ray_gpis_pointwise,Thin_Irregular,1,0,3,plus_z,minus_x,0.0162132218788702,0.028656526209836386,0.012443304330966187,0.0,0.5,0.028656526209836386,0.004273543474661579,0.0162132218788702,5.190888623474166e-05,2.39588971453486e-05,5.6602093536639586e-05
ray_gpis_pointwise,Thin_Irregular,1,0,4,minus_x,minus_y,-0.011931133226381951,0.0005007037296197447,0.012431836956001696,0.0,-0.5,-0.011931133226381951,0.0005007037296197447,-0.0063206576592238495,5.9019548643846065e-05,5.5474934924859554e-05,2.448297709634062e-05
ray_gpis_pointwise,Thin_Irregular,12,0,0,minus_x,minus_x,0.20491302364817682,0.20491302364817682,0.0,1.0,1.0,0.20491302364817682,0.18262876466850514,0.1031239032212064,0.0008081221603788435,0.0002346781111555174,2.7138785299030133e-05
ray_gpis_pointwise,Thin_Irregular,12,0,1,minus_x,minus_x,0.13028706999313633,0.13028706999313633,0.0,1.0,1.0,0.13028706999313633,0.10257274382613368,0.02078807685722006,0.00031107699032872915,8.353896555490792e-05,2.446981488901656e-05
ray_gpis_pointwise,Thin_Irregular,12,0,2,minus_x,minus_x,0.08936776209224806,0.08936776209224806,0.0,1.0,0.5,0.08936776209224806,0.07370159764717854,0.06583460457021417,0.00022723466099705547,7.173172343755141e-05,0.00011703671043505892
ray_gpis_pointwise,Thin_Irregular,12,0,3,minus_y,minus_y,0.04637106065817098,0.04637106065817098,0.0,1.0,1.0,0.020910000144780727,0.04637106065817098,0.01740323664587995,6.903491157572716e-05,7.845796790206805e-05,6.013398160575889e-05
ray_gpis_pointwise,Thin_Irregular,12,0,4,minus_x,minus_y,0.028689631290931716,0.046159307740220035,0.01746967644928832,0.0,-0.5,0.028689631290931716,0.046159307740220035,0.0195770753950818,6.285428389674053e-05,4.727689884020947e-05,4.8291658458765596e-05
ray_gpis_pointwise,Thin_Irregular,7,0,0,minus_x,minus_x,0.25470051114640896,0.25470051114640896,0.0,1.0,1.0,0.25470051114640896,0.14865778761005677,0.0457159269647931,0.001560751348733902,0.0009781568078324199,0.00041614306974224746
ray_gpis_pointwise,Thin_Irregular,7,0,1,minus_x,minus_x,0.17322473426845109,0.17322473426845109,0.0,1.0,1.0,0.17322473426845109,0.12094870443858652,0.10488921797017903,0.0003392964426893741,0.00028430469683371484,3.7510057154577225e-05
ray_gpis_pointwise,Thin_Irregular,7,0,2,plus_z,plus_z,0.08060946357709231,0.08060946357709231,0.0,1.0,1.0,0.07618000307385275,0.06512860548634702,0.08060946357709231,5.947374302195385e-05,5.351249274099246e-05,6.648780254181474e-05
ray_gpis_pointwise,Thin_Irregular,7,0,3,minus_x,minus_x,0.06896476912902405,0.06896476912902405,0.0,1.0,1.0,0.06896476912902405,0.04325639444191787,0.019672754926409186,7.796774298185483e-05,6.996685260673985e-05,3.496955105219968e-05
ray_gpis_pointwise,Thin_Irregular,7,0,4,plus_z,minus_x,0.002409124538910956,0.01984949352021137,0.017440368981300414,0.0,-0.5,0.01984949352021137,0.016929406001847225,0.002409124538910956,2.4552566173952073e-05,2.410116394457873e-05,2.4594186470494606e-05
ray_gpis_pointwise,Thin_Irregular,14,0,0,minus_x,minus_x,0.19843087186980757,0.19843087186980757,0.0,1.0,1.0,0.19843087186980757,0.1905903541484676,0.08074100473259849,0.001797203440219164,0.0005639343289658427,0.00034688960295170546
ray_gpis_pointwise,Thin_Irregular,14,0,1,minus_x,minus_x,0.2340407589072791,0.2340407589072791,0.0,1.0,1.0,0.2340407589072791,0.10175995010822075,0.026184790428072702,0.0014034240739420056,6.516976282000542e-05,5.979343404760584e-05
ray_gpis_pointwise,Thin_Irregular,14,0,2,minus_x,minus_x,0.12985004549393242,0.12985004549393242,0.0,1.0,1.0,0.12985004549393242,0.07719263745590643,0.02478901178866677,0.00017274770652875304,0.00010213141649728641,5.1833198085660115e-05
ray_gpis_pointwise,Thin_Irregular,14,0,3,plus_z,minus_y,0.020186019723965054,0.048163202810399874,0.02797718308643482,0.0,-0.5,0.006502088262593353,0.048163202810399874,0.020186019723965054,5.540926576941274e-05,5.384828909882344e-05,6.593293801415712e-05
ray_gpis_pointwise,Thin_Irregular,14,0,4,minus_x,minus_x,0.04771447109767213,0.04771447109767213,0.0,1.0,1.0,0.04771447109767213,0.008602449611988527,0.0068820014689157105,6.715689960401505e-05,5.42539892194327e-05,2.4042768927756697e-05
ray_gpis_pointwise,Thin_Irregular,2,0,0,minus_x,plus_z,0.24516132109185806,0.24758895253665858,0.0024276314448005154,0.0,-0.5,0.24516132109185806,0.2449164167116129,0.24758895253665858,5.393461378844222e-06,5.111145583214238e-06,5.009556389268255e-06
ray_gpis_pointwise,Thin_Irregular,2,0,1,minus_x,minus_x,0.0424929299627273,0.0424929299627273,0.0,1.0,0.5,0.0424929299627273,-0.0313830690742532,-0.0027727999359252187,0.0012683168752118945,0.00027139351004734635,5.186221096664667e-05
ray_gpis_pointwise,Thin_Irregular,2,0,2,minus_x,plus_z,0.13232378762672353,0.2318794646668217,0.09955567704009816,0.0,0.5,0.13232378762672353,0.1209971510454449,0.2318794646668217,0.00027549947844818234,4.0542428905609995e-05,7.778868166496977e-05
ray_gpis_pointwise,Thin_Irregular,2,0,3,minus_x,minus_y,0.037298994394294294,0.06784885908713101,0.030549864692836715,0.0,-0.5,0.037298994394294294,0.06784885908713101,0.03652977844822913,0.00022237846860662103,2.494202090019826e-05,7.970392471179366e-05
ray_gpis_pointwise,Thin_Irregular,2,0,4,minus_x,minus_y,0.005745786777334283,0.02338912794946535,0.017643341172131066,0.0,-0.5,0.005745786777334283,0.02338912794946535,-0.027120780164651248,0.0002470365434419364,2.3657534256926738e-05,0.0001570873282616958
ray_gpis_pointwise,Thin_Irregular,6,0,0,minus_x,minus_x,0.19018361134450157,0.19018361134450157,0.0,1.0,1.0,0.19018361134450157,0.13607688017811004,0.04256075005833915,0.0009020253783091903,0.0002484764554537833,2.922574640251696e-05
ray_gpis_pointwise,Thin_Irregular,6,0,1,minus_x,minus_x,0.15983037772662323,0.15983037772662323,0.0,1.0,1.0,0.15983037772662323,0.03051204094780602,0.015315498813704642,0.0005164066678844392,0.00021631950221490115,0.00013516902981791645
ray_gpis_pointwise,Thin_Irregular,6,0,2,minus_x,plus_z,0.02888369891950593,0.074795507409534,0.04591180849002807,0.0,-0.5,0.02888369891950593,0.056535244834464815,0.074795507409534,0.00012546470679808408,4.6960714826127514e-05,9.272496390622109e-05
ray_gpis_pointwise,Thin_Irregular,6,0,3,minus_x,minus_y,0.02740513023121649,0.05162700768883133,0.024221877457614838,0.0,-0.5,0.02740513023121649,0.05162700768883133,0.009701951985324864,7.196650403784588e-05,3.991630728705786e-05,5.0212580390507355e-05
ray_gpis_pointwise,Thin_Irregular,6,0,4,minus_x,minus_x,0.05128002275422738,0.05128002275422738,0.0,1.0,0.5,0.05128002275422738,0.04285644875106531,0.012487773480460373,5.7591158110881224e-05,2.3980628611752763e-05,2.410289744148031e-05
ray_gpis_pointwise,Thin_Irregular,3,0,0,minus_x,minus_x,0.21692283410661195,0.21692283410661195,0.0,1.0,1.0,0.21692283410661195,0.17476678060543555,0.10972717013655237,0.0012757902732118964,0.00028967350954189897,0.00020885851699858904
ray_gpis_pointwise,Thin_Irregular,3,0,1,minus_x,minus_x,0.1789115218747187,0.1789115218747187,0.0,1.0,1.0,0.1789115218747187,0.11422864456280934,0.029603391726298556,0.0008440277888439596,6.580961780855432e-05,2.545156530686654e-05
ray_gpis_pointwise,Thin_Irregular,3,0,2,minus_x,minus_x,0.11910244523312352,0.11910244523312352,0.0,1.0,0.5,0.11910244523312352,0.0965994193243549,0.09453580820926566,0.00019949024135712534,7.438953616656363e-05,7.738565182080492e-05
ray_gpis_pointwise,Thin_Irregular,3,0,3,minus_y,minus_x,0.022878344348153945,0.04918813275772571,0.026309788409571766,0.0,-0.5,0.04918813275772571,0.022878344348153945,0.044686634293796934,4.023636574856937e-05,5.196541314944625e-05,2.392378701188136e-05
ray_gpis_pointwise,Thin_Irregular,3,0,4,minus_y,minus_y,0.06485903810698435,0.06485903810698435,0.0,1.0,0.5,0.026811937797467156,0.06485903810698435,0.052460540389675736,2.9719518352067098e-05,5.54832186026033e-05,2.410673550912179e-05
ray_gpis_pointwise,Thin_Irregular,9,0,0,minus_x,plus_z,0.29302032741675643,0.3420216610942787,0.04900133367752224,0.0,0.5,0.29302032741675643,0.23235693790947612,0.3420216610942787,1.5791007399457158e-06,1.5498616221520933e-06,1.5662184296161286e-06
ray_gpis_pointwise,Thin_Irregular,9,0,1,minus_x,minus_y,0.05843822525966125,0.08021489145543292,0.021776666195771677,0.0,0.5,0.05843822525966125,0.08021489145543292,0.019308008539007215,0.0010798564180731773,0.0003305746940895915,7.543764513684437e-05
ray_gpis_pointwise,Thin_Irregular,9,0,2,minus_x,minus_x,0.14484785610884088,0.14484785610884088,0.0,1.0,0.5,0.14484785610884088,0.09145175477719047,0.11209212227606313,0.0006725234561599791,0.00015369713946711272,0.00010919438500422984
ray_gpis_pointwise,Thin_Irregular,9,0,3,minus_x,minus_y,0.054691516089565906,0.10642540555819824,0.05173388946863233,0.0,-0.5,0.054691516089565906,0.10642540555819824,0.05742080617579104,0.00035496376221999526,0.00016977004997897893,4.611927579389885e-05
ray_gpis_pointwise,Thin_Irregular,9,0,4,minus_y,minus_x,0.08946352279060554,0.095189361399318,0.005725838608712452,0.0,0.5,0.095189361399318,0.08946352279060554,0.015317998201401894,0.00016279944975394756,0.00021442046272568405,3.328081584186293e-05
ray_gpis_pointwise,Thin_Irregular,10,0,0,minus_x,minus_y,-0.012460671647169796,0.006707638305987196,0.019168309953156992,0.0,-0.5,-0.012460671647169796,0.006707638305987196,0.005195635313259339,0.0015479415887966752,0.0011545524466782808,3.5571199987316504e-05
ray_gpis_pointwise,Thin_Irregular,10,0,1,minus_x,minus_x,0.19437876503450696,0.19437876503450696,0.0,1.0,0.5,0.19437876503450696,0.17509502641221003,0.18350918880938222,0.0002467861631885171,0.0001085786716430448,2.349142960156314e-05
ray_gpis_pointwise,Thin_Irregular,10,0,2,minus_y,minus_x,0.02617928374632794,0.052434619822376516,0.026255336076048574,0.0,0.5,0.052434619822376516,0.02617928374632794,0.020044249252525237,8.714684372534975e-05,9.990324906539172e-05,7.145056588342413e-05
ray_gpis_pointwise,Thin_Irregular,10,0,3,minus_x,plus_z,0.03450765141395851,0.08600836880242069,0.05150071738846218,0.0,-0.5,0.03450765141395851,0.07784940897945747,0.08600836880242069,9.174696606351063e-05,2.27907148655504e-05,6.051819946151227e-05
ray_gpis_pointwise,Thin_Irregular,10,0,4,plus_z,plus_z,0.08696560037176759,0.08696560037176759,0.0,1.0,0.5,0.07471326982999471,0.08608977710107157,0.08696560037176759,6.692614988423884e-05,2.286378548888024e-05,7.971595914568752e-05
ray_gpis_pointwise,Thin_Irregular,5,0,0,minus_x,minus_x,0.19147563438574394,0.19147563438574394,0.0,1.0,1.0,0.19147563438574394,0.15226254180971416,0.010211636940811453,0.0008627952192910016,0.0004822890041396022,2.6986786906491034e-05
ray_gpis_pointwise,Thin_Irregular,5,0,1,minus_x,minus_x,0.19456178430625215,0.19456178430625215,0.0,1.0,1.0,0.19456178430625215,0.09763233448124853,0.060178640542882134,0.00047351865214295685,0.0003704121336340904,4.7184876166284084e-05
ray_gpis_pointwise,Thin_Irregular,5,0,2,plus_z,minus_y,0.01579904411152,0.03875250178309875,0.022953457671578748,0.0,-0.5,0.02286954916809314,0.03875250178309875,0.01579904411152,3.778185055125505e-05,5.706483352696523e-05,6.157068128231913e-05
ray_gpis_pointwise,Thin_Irregular,5,0,3,minus_x,minus_x,0.03851392825112765,0.03851392825112765,0.0,1.0,1.0,0.03851392825112765,0.024290610450713235,0.03405638682631962,6.473403482232243e-05,5.060867624706589e-05,5.8298566727899015e-05
ray_gpis_pointwise,Thin_Irregular,5,0,4,minus_x,plus_z,0.02392852824252134,0.02675920865170056,0.0028306804091792204,0.0,-0.5,0.02392852824252134,0.025090648172969243,0.02675920865170056,6.0079510149080306e-05,2.4127133656293154e-05,4.11410401284229e-05
ray_gpis_pointwise,Thin_Irregular,11,0,0,minus_x,minus_x,0.19953950472967374,0.19953950472967374,0.0,1.0,1.0,0.19953950472967374,0.1799225982889714,0.1134177880908171,0.0005805310211144388,0.00029859691858291626,2.5612009267206304e-05
ray_gpis_pointwise,Thin_Irregular,11,0,1,minus_x,minus_x,0.13409158682454225,0.13409158682454225,0.0,1.0,1.0,0.13409158682454225,0.12762959825276843,0.03119444102858926,0.0005092716892249882,0.00033821703982539475,2.654753734532278e-05
ray_gpis_pointwise,Thin_Irregular,11,0,2,minus_x,minus_x,0.125394315339466,0.125394315339466,0.0,1.0,1.0,0.125394315339466,0.04006477203372061,0.09357557948728368,0.00034872826654464006,5.519159822142683e-05,8.172837988240644e-05
ray_gpis_pointwise,Thin_Irregular,11,0,3,minus_x,minus_x,0.05253417938123417,0.05253417938123417,0.0,1.0,0.5,0.05253417938123417,0.04894043324993047,0.01692473823250218,6.782149284845218e-05,4.626892405212857e-05,6.3488376326859e-05
ray_gpis_pointwise,Thin_Irregular,11,0,4,minus_y,minus_y,0.03228496282925031,0.03228496282925031,0.0,1.0,1.0,0.010306551869279312,0.03228496282925031,0.005576946294009177,5.568445340031758e-05,5.9780857554869726e-05,3.922736505046487e-05
ray_gpis_pointwise,Thin_Irregular,0,0,0,minus_x,minus_x,0.30566719491393396,0.30566719491393396,0.0,1.0,1.0,0.30566719491393396,0.19695183073301142,0.09690713200986828,0.0015564149944111705,0.000218418994336389,0.00016560257063247263
ray_gpis_pointwise,Thin_Irregular,0,0,1,minus_x,minus_x,0.23085918220161328,0.23085918220161328,0.0,1.0,1.0,0.23085918220161328,0.0283342783385101,0.03081139770916752,0.00038140942342579365,3.747865412151441e-05,7.17833754606545e-05
ray_gpis_pointwise,Thin_Irregular,0,0,2,minus_x,minus_x,0.05970045727243778,0.05970045727243778,0.0,1.0,0.5,0.05970045727243778,0.02370785843793055,0.011261309682125908,0.0001618773239897564,2.408817454124801e-05,6.014581595081836e-05
ray_gpis_pointwise,Thin_Irregular,0,0,3,minus_x,minus_y,0.008327919521189275,0.009606506803232051,0.0012785872820427757,0.0,-0.5,0.008327919521189275,0.009606506803232051,0.006744182997098669,4.223003634251654e-05,2.4230523195001297e-05,4.020000051241368e-05
ray_gpis_pointwise,Thin_Irregular,0,0,4,minus_x,minus_x,0.008946002881816018,0.008946002881816018,0.0,1.0,1.0,0.008946002881816018,0.005588419888039375,-0.0006670830419279739,4.255135718267411e-05,2.4324390324181877e-05,2.4158676751540042e-05
ray_gpis_hit_only,green_Pepper,8,0,0,minus_x,minus_y,0.07035286518524803,0.28103170916146725,0.21067884397621922,0.0,-0.5,0.07035286518524803,0.28103170916146725,0.11464543095396129,2.762446683846065e-06,2.7442645205155713e-06,2.697897798498161e-06
ray_gpis_hit_only,green_Pepper,8,0,1,minus_x,minus_x,0.318013306932803,0.318013306932803,0.0,1.0,1.0,0.318013306932803,0.2531623783433408,0.16588763202435503,1.4328436463983962e-06,1.4229688076738967e-06,1.4025459904587478e-06
ray_gpis_hit_only,green_Pepper,8,0,2,minus_x,minus_x,0.1030755724768535,0.1030755724768535,0.0,1.0,1.0,0.1030755724768535,0.010833076572839606,0.03406748203052867,8.118896948872134e-05,3.0387234801310115e-05,5.327006147126667e-05
ray_gpis_hit_only,green_Pepper,8,0,3,minus_x,minus_x,0.10928369704439689,0.10928369704439689,0.0,1.0,0.5,0.10928369704439689,0.0271073890795388,0.06467838044714103,5.268141467240639e-05,3.24654538417235e-05,3.235368785681203e-05
ray_gpis_hit_only,green_Pepper,8,0,4,minus_x,plus_z,-0.06544310599607672,-0.03490838199456747,0.03053472400150925,0.0,-0.5,-0.06544310599607672,-0.04990628837952482,-0.03490838199456747,4.366168286651373e-05,3.2409396226285025e-05,3.3312811865471303e-05
ray_gpis_hit_only,green_Pepper,13,0,0,minus_x,minus_x,0.2617166216057381,0.2617166216057381,0.0,1.0,1.0,0.2617166216057381,0.17209189656558893,0.05615393697143417,9.998207133321557e-06,9.917614079313353e-06,9.806872185436077e-06
ray_gpis_hit_only,green_Pepper,13,0,1,minus_x,minus_x,0.1825906917966521,0.1825906917966521,0.0,1.0,1.0,0.1825906917966521,0.14387374347584814,0.13088367631315,6.129494431661442e-05,5.446550130727701e-05,4.8781061195768416e-05
ray_gpis_hit_only,green_Pepper,13,0,2,minus_x,minus_x,0.08161527894308207,0.08161527894308207,0.0,1.0,1.0,0.08161527894308207,0.06749724363502829,0.022104677638431935,4.51295381935779e-05,4.265328971087001e-05,3.347639358253218e-05
ray_gpis_hit_only,green_Pepper,13,0,3,minus_x,minus_x,0.07095932957296802,0.07095932957296802,0.0,1.0,1.0,0.07095932957296802,0.0033399646913341297,0.0340939958720774,3.89853012165986e-05,3.0664916266687214e-05,3.3265863748965785e-05
ray_gpis_hit_only,green_Pepper,13,0,4,minus_x,minus_x,0.0017312017676468505,0.0017312017676468505,0.0,1.0,0.5,0.0017312017676468505,0.00015411068755821766,0.0,3.683875183924101e-05,2.385418520134408e-05,2.7952033633482642e-05
ray_gpis_hit_only,green_Pepper,4,0,0,minus_y,minus_x,0.05230825555710794,0.23513748297246262,0.18282922741535468,0.0,-0.5,0.23513748297246262,0.05230825555710794,0.05888837582615264,4.336620986578055e-05,6.037132698111236e-05,4.298156272852793e-05
ray_gpis_hit_only,green_Pepper,4,0,1,minus_x,minus_x,0.15637060062765318,0.15637060062765318,0.0,1.0,0.8660254037844387,0.15637060062765318,0.1553340973274826,0.05705691942609714,1.827585401770193e-05,1.827585401770193e-05,1.783027983037755e-05
ray_gpis_hit_only,green_Pepper,4,0,2,minus_x,minus_x,0.1569265279133789,0.1569265279133789,0.0,1.0,1.0,0.1569265279133789,0.11328454082063988,0.07660151392917314,6.491809472208843e-05,5.636376954498701e-05,3.7738747778348625e-05
ray_gpis_hit_only,green_Pepper,4,0,3,minus_y,minus_y,0.10337836301067826,0.10337836301067826,0.0,1.0,0.5,0.013104393509928869,0.10337836301067826,0.018453864405883258,3.4450054954504594e-05,4.854608778259717e-05,3.243276660214178e-05
ray_gpis_hit_only,green_Pepper,4,0,4,minus_y,minus_y,0.026951332814641127,0.026951332814641127,0.0,1.0,0.5,0.0050046473436569094,0.026951332814641127,0.019936047902234022,2.530124766053632e-05,3.1142735679168254e-05,2.3615159079781733e-05
ray_gpis_hit_only,green_Pepper,1,0,0,minus_x,minus_y,0.25706113980693596,0.329568641895539,0.07250750208860307,0.0,-0.5,0.25706113980693596,0.329568641895539,0.23768975068372994,7.886758248787373e-05,4.4621843699133024e-05,6.903204484842718e-05
ray_gpis_hit_only,green_Pepper,1,0,1,minus_y,minus_x,0.12123443545952611,0.23962854800344097,0.11839411254391485,0.0,0.5,0.23962854800344097,0.12123443545952611,0.10395359348642408,4.808709127246402e-05,6.54025498079136e-05,3.0404065910261124e-05
ray_gpis_hit_only,green_Pepper,1,0,2,minus_y,minus_y,0.16038425161493974,0.16038425161493974,0.0,1.0,1.0,0.15210161181316773,0.16038425161493974,0.11665681621259139,4.848217577091418e-05,6.032726741977967e-05,3.172350989188999e-05
ray_gpis_hit_only,green_Pepper,1,0,3,minus_x,minus_x,0.11636655375675165,0.11636655375675165,0.0,1.0,1.0,0.11636655375675165,0.07615094369653508,0.06603706097739237,4.2758249037433416e-05,3.328159073134884e-05,2.3298471205634996e-05
ray_gpis_hit_only,green_Pepper,1,0,4,minus_y,minus_x,0.07110608084586179,0.07471144667714835,0.0036053658312865666,0.0,0.5,0.07471144667714835,0.07110608084586179,0.03459752299728269,3.153313082293607e-05,3.1879026209935546e-05,2.874565325328149e-05
ray_gpis_hit_only,green_Pepper,12,0,0,minus_x,minus_x,0.1596827249421513,0.1596827249421513,0.0,1.0,1.0,0.1596827249421513,0.14676400926016075,0.02748856523354326,6.177191971801221e-05,5.064427023171447e-05,4.2506067984504625e-05
ray_gpis_hit_only,green_Pepper,12,0,1,minus_x,minus_x,0.16811385689330138,0.16811385689330138,0.0,1.0,1.0,0.16811385689330138,0.0165434022272698,0.03136272471710677,5.9478403272805735e-05,3.165546877426095e-05,3.478198777884245e-05
ray_gpis_hit_only,green_Pepper,12,0,2,minus_x,minus_x,0.10023268415241993,0.10023268415241993,0.0,1.0,1.0,0.10023268415241993,0.007317020691949505,0.015727882723091446,4.6279525122372434e-05,2.3893455363577232e-05,4.448792969924398e-05
ray_gpis_hit_only,green_Pepper,12,0,3,plus_z,minus_x,0.030440328435320074,0.0679005156690704,0.03746018723375033,0.0,0.5,0.0679005156690704,0.008485004285884057,0.030440328435320074,3.531686888891272e-05,2.3932570911711082e-05,4.0798189729684964e-05
ray_gpis_hit_only,green_Pepper,12,0,4,minus_x,minus_y,0.0032018012749486235,0.019433306808724904,0.01623150553377628,0.0,0.5,0.0032018012749486235,0.019433306808724904,0.0030407219997014012,3.770737748709507e-05,3.055468914681114e-05,2.3890486772870645e-05
ray_gpis_hit_only,green_Pepper,7,0,0,minus_x,minus_x,0.23577449224143698,0.23577449224143698,0.0,1.0,1.0,0.23577449224143698,0.19902211536830228,0.1539245443494337,8.157834236044437e-05,4.5492804929381236e-05,3.195459794369526e-05
ray_gpis_hit_only,green_Pepper,7,0,1,minus_x,minus_x,0.17091307542797618,0.17091307542797618,0.0,1.0,1.0,0.17091307542797618,0.127349433059451,0.03992988037428136,9.75302973529324e-05,5.830291047459468e-05,2.71086555585498e-05
ray_gpis_hit_only,green_Pepper,7,0,2,minus_x,minus_y,0.026086852761513124,0.08005054842804393,0.05396369566653081,0.0,-0.5,0.026086852761513124,0.08005054842804393,0.016421983213305458,5.1926675951108336e-05,3.5712513636099175e-05,3.75958152289968e-05
ray_gpis_hit_only,green_Pepper,7,0,3,minus_x,plus_z,0.07298828969899607,0.07536114454415888,0.0023728548451628084,0.0,-0.5,0.07298828969899607,0.03828948176866731,0.07536114454415888,5.0424307119101286e-05,5.017729927203618e-05,4.592490222421475e-05
ray_gpis_hit_only,green_Pepper,7,0,4,minus_y,minus_y,0.05801056929679016,0.05801056929679016,0.0,1.0,1.0,0.014269965425959374,0.05801056929679016,0.022395525181234777,2.9618366170325316e-05,5.121140566188842e-05,3.506012217258103e-05
ray_gpis_hit_only,green_Pepper,14,0,0,minus_x,minus_x,0.3260183527885086,0.3260183527885086,0.0,1.0,1.0,0.3260183527885086,0.20405880075143495,0.11619915831830391,7.75796524976613e-06,7.650201951037161e-06,7.306673069251701e-06
ray_gpis_hit_only,green_Pepper,14,0,1,minus_x,minus_x,0.16104467900773634,0.16104467900773634,0.0,1.0,1.0,0.16104467900773634,0.09253635384421977,0.04133100147184099,5.98406077187974e-05,5.478616003529169e-05,3.3680673368507996e-05
ray_gpis_hit_only,green_Pepper,14,0,2,minus_y,minus_y,0.07007510400367789,0.07007510400367789,0.0,1.0,0.5,0.0540289941035178,0.07007510400367789,0.06010296071423582,2.935287011496257e-05,3.072700565098785e-05,2.8894346542074345e-05
ray_gpis_hit_only,green_Pepper,14,0,3,minus_x,minus_x,0.04343859330254207,0.04343859330254207,0.0,1.0,0.5,0.04343859330254207,0.023966945089119673,0.020909289145140342,2.923482134065125e-05,2.3750009859213606e-05,2.4898850824683905e-05
ray_gpis_hit_only,green_Pepper,14,0,4,minus_x,minus_x,0.024250695620191,0.024250695620191,0.0,1.0,0.5,0.024250695620191,0.01014571794436192,0.019310350036839452,3.0564442567992955e-05,2.2908576283953153e-05,2.2462641936726868e-05
ray_gpis_hit_only,green_Pepper,2,0,0,minus_y,minus_y,0.16798156812332543,0.16798156812332543,0.0,1.0,1.0,0.16008881845642497,0.16798156812332543,0.05209344394671728,5.219432568992488e-05,7.552430179202929e-05,4.6769764594500884e-05
ray_gpis_hit_only,green_Pepper,2,0,1,minus_x,minus_y,-0.05509365031052793,-0.00027938344383571234,0.05481426686669222,0.0,-0.5,-0.05509365031052793,-0.00027938344383571234,-0.03617394316497846,7.547647692263126e-05,5.850279558217153e-05,2.9880453439545818e-05
ray_gpis_hit_only,green_Pepper,2,0,2,minus_x,minus_y,0.052138587502357114,0.15542468012912614,0.10328609262676902,0.0,-0.5,0.052138587502357114,0.15542468012912614,0.1111576647845186,5.16332256665919e-05,4.528306089923717e-05,2.5216439098585397e-05
ray_gpis_hit_only,green_Pepper,2,0,3,minus_x,minus_x,0.13404031447399412,0.13404031447399412,0.0,1.0,1.0,0.13404031447399412,0.06485523227114165,0.062442202058442864,2.2533467927132733e-05,2.2426611394621432e-05,2.24063314817613e-05
ray_gpis_hit_only,green_Pepper,2,0,4,minus_y,minus_x,-0.012635447277365652,-0.0023396344624911913,0.010295812814874461,0.0,-1.0,-0.0023396344624911913,-0.012635447277365652,-0.009656507514366197,3.7149060517549515e-05,4.175532376393676e-05,3.868742714985274e-05
ray_gpis_hit_only,green_Pepper,6,0,0,minus_x,minus_y,0.23964220426211041,0.2398410440879541,0.00019883982584367743,0.0,0.5,0.23964220426211041,0.2398410440879541,0.1939254265337011,5.738083928008564e-05,4.118577635381371e-05,2.666666841832921e-05
ray_gpis_hit_only,green_Pepper,6,0,1,minus_y,plus_z,-0.025205249588734713,0.04831286079234065,0.07351811038107536,0.0,-1.0,-0.0059531804352837,-0.025205249588734713,0.04831286079234065,5.640534436679445e-05,5.9014921134803444e-05,2.58537274930859e-05
ray_gpis_hit_only,green_Pepper,6,0,2,minus_y,minus_x,0.1274167613022288,0.18301159296293035,0.05559483166070156,0.0,0.5,0.18301159296293035,0.1274167613022288,0.10214980158790055,4.883581641479395e-05,4.9009428039425984e-05,2.3169157429947518e-05
ray_gpis_hit_only,green_Pepper,6,0,3,minus_x,minus_x,0.09276097416120554,0.09276097416120554,0.0,1.0,1.0,0.09276097416120554,0.07391653697968092,0.03748654876264634,6.393188959918916e-05,5.3489126003114507e-05,3.780065890168771e-05
ray_gpis_hit_only,green_Pepper,6,0,4,minus_y,minus_y,0.09095368702702222,0.09095368702702222,0.0,1.0,0.5,0.05178609097271525,0.09095368702702222,0.05618042961878755,4.655910379369743e-05,5.7973207731265575e-05,2.9329012249945663e-05
ray_gpis_hit_only,green_Pepper,3,0,0,minus_x,minus_x,0.2786280883108804,0.2786280883108804,0.0,1.0,1.0,0.2786280883108804,0.1315021334766837,0.032886511325928736,1.24009211504017e-05,1.2166845408501104e-05,1.1742924471036531e-05
ray_gpis_hit_only,green_Pepper,3,0,1,minus_x,minus_x,0.17277625853681,0.17277625853681,0.0,1.0,0.5,0.17277625853681,0.02178829468371879,0.013834657318197219,7.004236977081746e-05,2.9977525628055446e-05,4.302071829442866e-05
ray_gpis_hit_only,green_Pepper,3,0,2,minus_x,minus_x,0.06989688331438448,0.06989688331438448,0.0,1.0,1.0,0.06989688331438448,0.04232258126157207,0.04801059896792115,3.6613026168197393e-05,2.978678821818903e-05,3.390994970686734e-05
ray_gpis_hit_only,green_Pepper,3,0,3,plus_z,minus_x,-0.0023929927162520404,0.016744325102390323,0.019137317818642363,0.0,-0.5,0.016744325102390323,0.013340383941120804,-0.0023929927162520404,2.601930100354366e-05,2.3472435714211315e-05,2.7912679797736928e-05
ray_gpis_hit_only,green_Pepper,3,0,4,minus_x,minus_x,0.025588143542803254,0.025588143542803254,0.0,1.0,0.5,0.025588143542803254,0.0010100689296261844,0.0033800641255848918,2.8336706236586906e-05,2.6230536604998633e-05,2.373802817601245e-05
ray_gpis_hit_only,green_Pepper,9,0,0,minus_x,minus_x,0.16880626285116995,0.16880626285116995,0.0,1.0,1.0,0.16880626285116995,0.0941563511861847,0.037150024374632384,6.464114994741976e-05,6.344560824800283e-05,5.5306725698756054e-05
ray_gpis_hit_only,green_Pepper,9,0,1,minus_y,minus_x,0.10532254960118992,0.23623269326353635,0.13091014366234643,0.0,-0.5,0.23623269326353635,0.10532254960118992,0.11564256579798626,6.390248017851263e-05,7.117974746506661e-05,4.069328497280367e-05
ray_gpis_hit_only,green_Pepper,9,0,2,minus_x,minus_x,0.11011960510455487,0.11011960510455487,0.0,1.0,1.0,0.11011960510455487,0.0780997555878965,0.03810827072697798,6.736657815054059e-05,4.772164538735524e-05,4.0298840758623555e-05
ray_gpis_hit_only,green_Pepper,9,0,3,minus_y,minus_y,0.06304957896161767,0.06304957896161767,0.0,1.0,1.0,0.029522100632111248,0.06304957896161767,0.05247154390232278,3.499912054394372e-05,4.45462683273945e-05,3.814459341811016e-05
ray_gpis_hit_only,green_Pepper,9,0,4,minus_x,minus_y,0.02053065477013849,0.02307042843096363,0.0025397736608251398,0.0,-0.5,0.02053065477013849,0.02307042843096363,0.010244664776855372,3.5306307836435735e-05,2.5724364604684524e-05,3.0950719519751146e-05
ray_gpis_hit_only,green_Pepper,10,0,0,minus_x,minus_x,0.22357662081348878,0.22357662081348878,0.0,1.0,1.0,0.22357662081348878,0.1720786326591675,0.06157855894192582,5.536376193049364e-05,3.8189820770639926e-05,2.9296896173036657e-05
ray_gpis_hit_only,green_Pepper,10,0,1,minus_x,minus_x,0.16491579903531894,0.16491579903531894,0.0,1.0,0.5,0.16491579903531894,0.06683947823418268,0.03498379263187279,6.409793422790244e-05,3.206798282917589e-05,4.635761433746666e-05
ray_gpis_hit_only,green_Pepper,10,0,2,plus_z,minus_x,0.02880490310881123,0.08598170162525764,0.057176798516446414,0.0,-0.5,0.08598170162525764,0.03884522394314438,0.02880490310881123,3.4491284168325365e-05,3.232085146009922e-05,4.378077937872149e-05
ray_gpis_hit_only,green_Pepper,10,0,3,minus_y,minus_y,0.07770045140591897,0.07770045140591897,0.0,1.0,0.5,0.03463273347815654,0.07770045140591897,0.02184248766223651,3.283119076513685e-05,4.35814872616902e-05,3.349601320223883e-05
ray_gpis_hit_only,green_Pepper,10,0,4,minus_x,minus_y,0.016855592459297464,0.05486285624058307,0.038007263781285605,0.0,-0.5,0.016855592459297464,0.05486285624058307,0.018280539805221374,3.409145574551076e-05,3.388360346434638e-05,2.435550413792953e-05
ray_gpis_hit_only,green_Pepper,5,0,0,minus_x,minus_x,0.22277666382370043,0.22277666382370043,0.0,1.0,1.0,0.22277666382370043,0.18270437551968022,0.15098362494035378,9.140710972133093e-06,9.045294063980691e-06,8.689899914315902e-06
ray_gpis_hit_only,green_Pepper,5,0,1,minus_y,minus_x,0.11273653561062091,0.1762093677634503,0.0634728321528294,0.0,0.5,0.1762093677634503,0.11273653561062091,0.06519827778960963,8.5819759988226e-05,0.00010406418732600287,2.4718085114727728e-05
ray_gpis_hit_only,green_Pepper,5,0,2,minus_x,minus_y,0.0647862169138691,0.09701610528616289,0.03222988837229379,0.0,0.5,0.0647862169138691,0.09701610528616289,0.025088437782247675,9.727525321068242e-05,4.99355883221142e-05,2.3672670067753643e-05
ray_gpis_hit_only,green_Pepper,5,0,3,minus_x,minus_x,0.06956985933363946,0.06956985933363946,0.0,1.0,1.0,0.06956985933363946,0.027240461550781858,0.013805749650820376,6.019197098794393e-05,5.523517756955698e-05,2.4871365894796327e-05
ray_gpis_hit_only,green_Pepper,5,0,4,plus_z,plus_z,0.05879043875327428,0.05879043875327428,0.0,1.0,1.0,0.005715716461716092,0.053842768481461634,0.05879043875327428,2.639026934048161e-05,3.2143903808901086e-05,3.876869595842436e-05
ray_gpis_hit_only,green_Pepper,11,0,0,minus_x,minus_x,0.20492290550146808,0.20492290550146808,0.0,1.0,0.5,0.20492290550146808,0.07200434298475455,0.12147307199456314,8.211493695853278e-05,6.802976713515818e-05,5.11219805048313e-05
ray_gpis_hit_only,green_Pepper,11,0,1,minus_x,minus_x,0.22408317088260643,0.22408317088260643,0.0,1.0,1.0,0.22408317088260643,0.04349309804632584,0.03498150853275661,7.720751455053687e-05,4.9869235226651654e-05,3.546824518707581e-05
ray_gpis_hit_only,green_Pepper,11,0,2,minus_x,minus_x,0.11076365350274198,0.11076365350274198,0.0,1.0,1.0,0.11076365350274198,0.0307660920570344,0.04711406001915064,4.13572124671191e-05,3.713065598276444e-05,3.769245813600719e-05
ray_gpis_hit_only,green_Pepper,11,0,3,minus_x,minus_x,0.06130284892983817,0.06130284892983817,0.0,1.0,1.0,0.06130284892983817,0.037474956322448794,0.02623993600535457,3.4576656616991386e-05,3.3362171961925924e-05,2.9110320610925555e-05
ray_gpis_hit_only,green_Pepper,11,0,4,minus_x,minus_x,0.028845300631837434,0.028845300631837434,0.0,1.0,1.0,0.028845300631837434,0.012795688704126396,0.0005179843512365112,3.234687392250635e-05,3.147564711980522e-05,2.5678820747998543e-05
ray_gpis_hit_only,green_Pepper,0,0,0,minus_x,minus_x,0.18561329164454177,0.18561329164454177,0.0,1.0,1.0,0.18561329164454177,0.140703521075504,0.07089061492942683,6.483008473878726e-05,5.294314178172499e-05,2.7125106498715468e-05
ray_gpis_hit_only,green_Pepper,0,0,1,minus_x,minus_x,0.13333223214932322,0.13333223214932322,0.0,1.0,1.0,0.13333223214932322,0.03809838830113088,0.053203552346786975,6.234187458176166e-05,2.5232642656192183e-05,5.1817198254866526e-05
ray_gpis_hit_only,green_Pepper,0,0,2,minus_x,minus_x,0.021303357223257602,0.021303357223257602,0.0,1.0,0.5,0.021303357223257602,0.010702096145370543,-0.00017674710394288695,6.039865911589004e-05,2.586158734629862e-05,3.206653127563186e-05
ray_gpis_hit_only,green_Pepper,0,0,3,minus_x,minus_x,0.03950585575003984,0.03950585575003984,0.0,1.0,1.0,0.03950585575003984,0.006951425495105301,0.0286476974699299,7.041214848868549e-05,2.3754784706397913e-05,4.8020563554018736e-05
ray_gpis_hit_only,green_Pepper,0,0,4,minus_x,minus_x,0.10491608986255652,0.10491608986255652,0.0,1.0,1.0,0.10491608986255652,0.0002106597975970459,0.0030929831565669197,6.187093822518364e-05,2.4117623979691416e-05,3.453689714660868e-05
ray_gpis_hit_only,Corner,8,0,0,minus_x,minus_x,0.33693389386932954,0.33693389386932954,0.0,1.0,1.0,0.33693389386932954,0.032920720612966026,0.10817434727060204,0.00013466425298247486,4.9947688239626586e-05,7.681426359340549e-05
ray_gpis_hit_only,Corner,8,0,1,minus_x,minus_x,0.10079363591075474,0.10079363591075474,0.0,1.0,1.0,0.10079363591075474,0.035451556763747005,0.051053270276716245,5.060536932433024e-05,2.6180337954428978e-05,2.661548751348164e-05
ray_gpis_hit_only,Corner,8,0,2,plus_z,minus_x,0.05348972576003708,0.058275461145791074,0.0047857353857539975,0.0,-0.5,0.058275461145791074,0.03278104640304624,0.05348972576003708,2.5517130779917352e-05,2.6250021619489416e-05,2.788401980069466e-05
ray_gpis_hit_only,Corner,8,0,3,minus_x,minus_y,0.013175322856536886,0.014257744509870607,0.0010824216533337205,0.0,0.5,0.013175322856536886,0.014257744509870607,0.009661594403167939,2.617152131278999e-05,2.490010592737235e-05,2.4281822334160097e-05
ray_gpis_hit_only,Corner,8,0,4,minus_x,minus_x,0.013656154213194438,0.013656154213194438,0.0,1.0,1.0,0.013656154213194438,0.002890541902403232,0.009248501140246002,2.637314537423663e-05,2.449712155794259e-05,2.5271639970014803e-05
ray_gpis_hit_only,Corner,13,0,0,minus_y,minus_x,0.06864860388236271,0.09036607343989056,0.021717469557527846,0.0,-0.5,0.09036607343989056,0.06864860388236271,0.07123004042304615,6.792415661038831e-05,7.06635692040436e-05,5.464500281959772e-05
ray_gpis_hit_only,Corner,13,0,1,minus_y,minus_x,0.09864923178943708,0.21490773527146667,0.1162585034820296,0.0,0.5,0.21490773527146667,0.09864923178943708,0.04843035111195171,7.486959657398984e-05,7.581969839520752e-05,2.4921642761910334e-05
ray_gpis_hit_only,Corner,13,0,2,minus_x,minus_y,0.10184598863148975,0.11815891057391215,0.016312921942422398,0.0,0.5,0.10184598863148975,0.11815891057391215,0.09593716485910009,6.238245987333357e-05,6.024713002261706e-05,3.503772313706577e-05
ray_gpis_hit_only,Corner,13,0,3,minus_x,minus_y,0.08919491676627722,0.12886129213291575,0.03966637536663853,0.0,-0.5,0.08919491676627722,0.12886129213291575,0.10765729446164596,7.714907405897975e-05,6.193775334395468e-05,2.6447982236277312e-05
ray_gpis_hit_only,Corner,13,0,4,minus_x,minus_x,0.14024050825567436,0.14024050825567436,0.0,1.0,0.5,0.14024050825567436,0.08101431167734208,0.11862646346460948,6.617155304411426e-05,5.9110774600412697e-05,3.895859845215455e-05
ray_gpis_hit_only,Corner,4,0,0,minus_x,minus_x,0.2717297666680889,0.2717297666680889,0.0,1.0,0.5,0.2717297666680889,0.16589650910635056,0.18849517154884576,8.520552364643663e-05,5.409005825640634e-05,4.768909639096819e-05
ray_gpis_hit_only,Corner,4,0,1,minus_x,minus_x,0.10163857450918301,0.10163857450918301,0.0,1.0,1.0,0.10163857450918301,-0.001323434026865744,-0.006162240438865707,4.955700569553301e-05,4.918316699331626e-05,2.821107773343101e-05
ray_gpis_hit_only,Corner,4,0,2,minus_x,minus_x,0.10619271492783522,0.10619271492783522,0.0,1.0,1.0,0.10619271492783522,0.06991582858326895,0.06649051576589116,4.270320278010331e-05,3.9964452298590913e-05,3.144184302072972e-05
ray_gpis_hit_only,Corner,4,0,3,minus_y,minus_y,-0.010571378549944388,-0.010571378549944388,0.0,1.0,1.0,-0.017973391723604126,-0.010571378549944388,-0.02083386427857392,2.8078249670215882e-05,3.147890674881637e-05,2.3774791770847514e-05
ray_gpis_hit_only,Corner,4,0,4,minus_y,minus_y,0.026476778035448678,0.026476778035448678,0.0,1.0,1.0,0.009328286015762077,0.026476778035448678,0.006534164783361107,2.326793037354946e-05,3.270959496148862e-05,2.264154318254441e-05
ray_gpis_hit_only,Corner,1,0,0,minus_x,minus_x,0.17474082146738107,0.17474082146738107,0.0,1.0,1.0,0.17474082146738107,0.06571582700766393,0.05066345897326113,9.763887646840885e-05,6.597177707590163e-05,4.432783316588029e-05
ray_gpis_hit_only,Corner,1,0,1,minus_x,minus_x,0.10733980534557974,0.10733980534557974,0.0,1.0,1.0,0.10733980534557974,0.014495809493679679,0.0665785269218564,7.742050365777686e-05,4.2070303607033566e-05,4.3139749323017895e-05
ray_gpis_hit_only,Corner,1,0,2,minus_x,minus_x,0.05188191409580489,0.05188191409580489,0.0,1.0,0.5,0.05188191409580489,0.029228355320292776,0.018505069015832376,5.657613655785099e-05,3.193768498022109e-05,3.2057556381914765e-05
ray_gpis_hit_only,Corner,1,0,3,minus_x,minus_x,0.11103896816375847,0.11103896816375847,0.0,1.0,1.0,0.11103896816375847,0.0006038137364087204,0.0207379767746253,5.5391534260706976e-05,2.6331023036618717e-05,4.404213177622296e-05
ray_gpis_hit_only,Corner,1,0,4,minus_x,plus_z,0.014013866166204259,0.02470947997220052,0.010695613805996262,0.0,0.5,0.014013866166204259,0.008970813660671428,0.02470947997220052,3.055372508242726e-05,2.343024425499607e-05,2.891635085688904e-05
ray_gpis_hit_only,Corner,12,0,0,minus_x,minus_x,0.07888561247559739,0.07888561247559739,0.0,1.0,1.0,0.07888561247559739,0.041178123030251534,0.0348143232712565,5.999849963700399e-05,5.761049033026211e-05,3.277789437561296e-05
ray_gpis_hit_only,Corner,12,0,1,minus_x,minus_y,0.19277903737456958,0.23513508297913444,0.04235604560456485,0.0,0.5,0.19277903737456958,0.23513508297913444,0.12377477983118879,8.621254528407007e-05,7.487193215638399e-05,4.3645552068483084e-05
ray_gpis_hit_only,Corner,12,0,2,minus_y,minus_x,0.06392594950464026,0.09852997057231616,0.034604021067675905,0.0,0.5,0.09852997057231616,0.06392594950464026,0.041152265829930146,3.93341360904742e-05,3.943772753700614e-05,3.315666253911331e-05
ray_gpis_hit_only,Corner,12,0,3,minus_x,minus_x,0.1376126800439066,0.1376126800439066,0.0,1.0,0.5,0.1376126800439066,0.04583795196693696,0.12535395896985224,5.497046004165895e-05,3.0265220630099066e-05,2.9744231142103672e-05
ray_gpis_hit_only,Corner,12,0,4,minus_x,minus_y,0.013902925031999747,0.02403639347185471,0.010133468439854965,0.0,-0.5,0.013902925031999747,0.02403639347185471,0.010022100387758415,2.5002367692650296e-05,2.244171810161788e-05,2.262628731841687e-05
ray_gpis_hit_only,Corner,7,0,0,minus_x,minus_x,0.23046621274001017,0.23046621274001017,0.0,1.0,1.0,0.23046621274001017,0.06932189553699836,0.0616466968536476,4.583600821206346e-05,4.43109092884697e-05,3.2268020731862634e-05
ray_gpis_hit_only,Corner,7,0,1,minus_x,minus_x,0.09456283887359573,0.09456283887359573,0.0,1.0,1.0,0.09456283887359573,0.07906554278875955,0.04752111013321636,4.9048692744690925e-05,4.0101062040776014e-05,3.981185727752745e-05
ray_gpis_hit_only,Corner,7,0,2,minus_x,minus_x,0.11010487636251953,0.11010487636251953,0.0,1.0,1.0,0.11010487636251953,0.015387770721415284,0.058815744109241175,4.2264906369382516e-05,3.3913631341420114e-05,3.5120887332595885e-05
ray_gpis_hit_only,Corner,7,0,3,minus_y,minus_y,0.021050680070374583,0.021050680070374583,0.0,1.0,0.5,0.016069921686968747,0.021050680070374583,0.008622310016695334,2.2848003936815076e-05,2.5096609533648007e-05,2.4318705982295796e-05
ray_gpis_hit_only,Corner,7,0,4,minus_y,plus_z,0.0035993703566565838,0.006822054586140713,0.0032226842294841296,0.0,-0.5,0.003203216047459767,0.0035993703566565838,0.006822054586140713,2.430954009469133e-05,2.4593258785898797e-05,2.4202576241805218e-05
ray_gpis_hit_only,Corner,14,0,0,minus_x,minus_y,0.20319488946140746,0.2200544746463265,0.016859585184919035,0.0,0.5,0.20319488946140746,0.2200544746463265,0.10120056059370464,7.616553921252489e-05,4.404198989504948e-05,4.062978769070469e-05
ray_gpis_hit_only,Corner,14,0,1,minus_x,minus_x,0.22568499904041195,0.22568499904041195,0.0,1.0,0.5,0.22568499904041195,0.044357235307331044,0.10445428756004238,0.00010051618301076815,4.173344495939091e-05,3.676576307043433e-05
ray_gpis_hit_only,Corner,14,0,2,minus_x,minus_x,0.14938129474771544,0.14938129474771544,0.0,1.0,0.5,0.14938129474771544,0.049504235982530176,0.04941563200534149,4.327893111621961e-05,2.7321158995619044e-05,3.1013816624181345e-05
ray_gpis_hit_only,Corner,14,0,3,minus_x,minus_y,0.007940461022213463,0.020082683816805003,0.01214222279459154,0.0,-1.0,0.007940461022213463,0.020082683816805003,0.00824976863615512,2.2947873731027357e-05,2.2841084501123987e-05,2.2904496290721e-05
ray_gpis_hit_only,Corner,14,0,4,minus_y,minus_x,-0.0010470722298682178,0.0003820592674675938,0.0014291314973358116,0.0,0.5,0.0003820592674675938,-0.0010470722298682178,-0.0013874863813135851,2.2892038032296114e-05,2.642550134623889e-05,2.2828089640825056e-05
ray_gpis_hit_only,Corner,2,0,0,minus_x,minus_x,0.23789290654396328,0.23789290654396328,0.0,1.0,0.5,0.23789290654396328,0.21984526182591052,0.05408659571283825,0.00010145833221031353,4.664638981921598e-05,4.798983354703523e-05
ray_gpis_hit_only,Corner,2,0,1,minus_x,minus_x,0.14157425945613988,0.14157425945613988,0.0,1.0,1.0,0.14157425945613988,0.08882373943325805,0.0514174796965321,6.930781091796234e-05,4.1816085285972804e-05,3.148388714180328e-05
ray_gpis_hit_only,Corner,2,0,2,minus_x,minus_x,0.13906228722705993,0.13906228722705993,0.0,1.0,0.5,0.13906228722705993,0.007613044288354298,0.043934640868404595,6.692304305033758e-05,3.557568197720684e-05,2.428491643513553e-05
ray_gpis_hit_only,Corner,2,0,3,minus_x,plus_z,0.017228114806940642,0.03049600838280664,0.013267893575865997,0.0,0.5,0.017228114806940642,0.016507611435686353,0.03049600838280664,3.5075016057817265e-05,2.346179462620057e-05,3.357667810632847e-05
ray_gpis_hit_only,Corner,2,0,4,plus_z,minus_x,0.00367437383599023,0.018734966825309618,0.015060592989319388,0.0,0.5,0.018734966825309618,0.0033171734342977155,0.00367437383599023,2.65837643382838e-05,2.392747046542354e-05,3.461314918240532e-05
ray_gpis_hit_only,Corner,6,0,0,minus_x,minus_x,0.16485164790487794,0.16485164790487794,0.0,1.0,1.0,0.16485164790487794,0.10461277829281501,0.07859697161817358,8.346507820533589e-05,5.191201489651576e-05,3.936035864171572e-05
ray_gpis_hit_only,Corner,6,0,1,minus_x,minus_x,0.11548945504486674,0.11548945504486674,0.0,1.0,1.0,0.11548945504486674,0.11417298414505173,0.06256135262705576,5.78010622120928e-05,3.750407631741837e-05,3.570497938198969e-05
ray_gpis_hit_only,Corner,6,0,2,minus_y,minus_y,0.10891311935519177,0.10891311935519177,0.0,1.0,0.5,0.020214888284750487,0.10891311935519177,0.0911745110238179,3.1499803299084306e-05,3.3051259379135445e-05,2.818938264681492e-05
ray_gpis_hit_only,Corner,6,0,3,plus_z,plus_z,0.03791275135545491,0.03791275135545491,0.0,1.0,0.5,0.014153313202995066,0.035156395891802306,0.03791275135545491,2.984630009450484e-05,2.6577215976431035e-05,3.0089040592429228e-05
ray_gpis_hit_only,Corner,6,0,4,plus_z,minus_x,0.004753150058643962,0.026653070994128947,0.021899920935484984,0.0,-0.5,0.026653070994128947,0.016197703239918537,0.004753150058643962,2.38763568631839e-05,2.3212549422169104e-05,2.5912888304446824e-05
ray_gpis_hit_only,Corner,3,0,0,minus_x,minus_x,0.2421758340595096,0.2421758340595096,0.0,1.0,1.0,0.2421758340595096,0.13038603728095433,0.09049340733466993,7.8699660662096e-05,5.3068262786837295e-05,3.8734189729439095e-05
ray_gpis_hit_only,Corner,3,0,1,minus_x,minus_x,0.1882354271185781,0.1882354271185781,0.0,1.0,0.5,0.1882354271185781,0.07549127356774166,0.056069935970174956,6.112229311838746e-05,2.881113687180914e-05,3.4704662539297715e-05
ray_gpis_hit_only,Corner,3,0,2,plus_z,minus_y,-0.08202409181419945,-0.06535156151099863,0.016672530303200817,0.0,-1.0,-0.06748955633232345,-0.06535156151099863,-0.08202409181419945,3.202662628609687e-05,2.524414776416961e-05,3.6788176657864824e-05
ray_gpis_hit_only,Corner,3,0,3,minus_x,minus_x,0.05386254868467388,0.05386254868467388,0.0,1.0,1.0,0.05386254868467388,0.03130747140084267,0.03967473662701482,3.117664164165035e-05,2.4611217668280005e-05,2.536210377002135e-05
ray_gpis_hit_only,Corner,3,0,4,minus_x,minus_x,0.03667254603447612,0.03667254603447612,0.0,1.0,1.0,0.03667254603447612,0.019290938029845828,0.02509485648212917,2.4566916181356646e-05,2.237946137029212e-05,2.2544450985151343e-05
ray_gpis_hit_only,Corner,9,0,0,minus_x,minus_x,0.17222460954171792,0.17222460954171792,0.0,1.0,1.0,0.17222460954171792,0.09132421018003156,0.05230801835362142,2.0154415324213915e-05,2.012254662986379e-05,1.982216963369865e-05
ray_gpis_hit_only,Corner,9,0,1,minus_x,minus_x,0.12080809547685933,0.12080809547685933,0.0,1.0,1.0,0.12080809547685933,0.07509168095875207,0.034728710234990356,7.07814033376053e-05,3.662511517177336e-05,2.3248745492310263e-05
ray_gpis_hit_only,Corner,9,0,2,plus_z,minus_x,0.01813568122152598,0.10294221822458327,0.08480653700305729,0.0,-0.5,0.10294221822458327,0.04339220571798208,0.01813568122152598,4.616020305547863e-05,4.166584039921872e-05,5.246852379059419e-05
ray_gpis_hit_only,Corner,9,0,3,minus_x,minus_y,-0.012843948184020793,0.01431374252759754,0.027157690711618332,0.0,-0.5,-0.012843948184020793,0.01431374252759754,-0.004436110010771044,4.510104554356076e-05,4.230253034620546e-05,2.3989565306692384e-05
ray_gpis_hit_only,Corner,9,0,4,minus_y,minus_y,0.029744962509059114,0.029744962509059114,0.0,1.0,0.5,0.015656209520147124,0.029744962509059114,0.025610779139742523,4.2407198634464294e-05,5.169515497982502e-05,2.247960765089374e-05
ray_gpis_hit_only,Corner,10,0,0,minus_x,minus_x,0.17470807890521778,0.17470807890521778,0.0,1.0,1.0,0.17470807890521778,0.12989547179800986,0.07340970044217254,7.547894347226247e-05,6.983381899772212e-05,4.446101593202911e-05
ray_gpis_hit_only,Corner,10,0,1,minus_x,minus_x,0.17394366584399523,0.17394366584399523,0.0,1.0,1.0,0.17394366584399523,0.05973922403330312,0.04194540162516125,6.092109833844006e-05,5.928278551436961e-05,4.30468498962e-05
ray_gpis_hit_only,Corner,10,0,2,minus_x,minus_x,0.10497386416908205,0.10497386416908205,0.0,1.0,0.5,0.10497386416908205,0.09824545264511653,0.06790016180706893,3.6787376302527264e-05,2.8635429771384224e-05,3.2886204280657694e-05
ray_gpis_hit_only,Corner,10,0,3,minus_y,minus_x,0.025177788438004223,0.029061260927618515,0.0038834724896142925,0.0,0.5,0.029061260927618515,0.025177788438004223,0.012888472473756463,2.76772025245009e-05,2.8170810765004717e-05,2.4214523364207707e-05
ray_gpis_hit_only,Corner,10,0,4,minus_y,minus_y,0.03874666321595854,0.03874666321595854,0.0,1.0,0.5,0.01998318928592513,0.03874666321595854,0.02615980124733175,2.6831346986000426e-05,2.802204471663572e-05,2.317023063369561e-05
ray_gpis_hit_only,Corner,5,0,0,minus_x,minus_x,0.2459921641627143,0.2459921641627143,0.0,1.0,1.0,0.2459921641627143,0.24494348807831212,0.20039503105588763,0.00010878415196202695,6.35619944659993e-05,6.219905480975285e-05
ray_gpis_hit_only,Corner,5,0,1,minus_y,minus_x,0.16436364904307488,0.21061961742129764,0.04625596837822277,0.0,0.5,0.21061961742129764,0.16436364904307488,0.06217704905529209,5.6462893553543836e-05,6.225091055966914e-05,2.3574568331241608e-05
ray_gpis_hit_only,Corner,5,0,2,minus_x,minus_y,0.057728306653676564,0.07850325929944946,0.020774952645772893,0.0,0.5,0.057728306653676564,0.07850325929944946,0.017543473261647846,5.6298013078048825e-05,4.9103658966487274e-05,2.3936465368024074e-05
ray_gpis_hit_only,Corner,5,0,3,minus_x,minus_x,0.0964780410968491,0.0964780410968491,0.0,1.0,1.0,0.0964780410968491,0.06199819101706905,0.05776564843887089,5.8076908317161724e-05,4.36330446973443e-05,3.434926111367531e-05
ray_gpis_hit_only,Corner,5,0,4,plus_z,minus_y,0.031678570737753375,0.048506625298251005,0.01682805456049763,0.0,-1.0,0.03714110695609574,0.048506625298251005,0.031678570737753375,2.532701546442695e-05,2.4079863578663208e-05,2.8180960725876503e-05
ray_gpis_hit_only,Corner,11,0,0,minus_x,minus_y,0.24467092180645522,0.26794431763128534,0.023273395824830123,0.0,0.5,0.24467092180645522,0.26794431763128534,0.15584598078148126,6.125643267296255e-05,4.785014971275814e-05,2.618834150780458e-05
ray_gpis_hit_only,Corner,11,0,1,plus_z,minus_x,0.09422491772274177,0.2184782874814657,0.12425336975872392,0.0,0.5,0.2184782874814657,0.022678223818366705,0.09422491772274177,4.823741619475186e-05,3.722421752172522e-05,4.973273098585196e-05
ray_gpis_hit_only,Corner,11,0,2,minus_y,minus_y,0.06602536250957936,0.06602536250957936,0.0,1.0,1.0,0.048740522711039014,0.06602536250957936,0.005591364349184169,4.7956506023183465e-05,4.942924715578556e-05,2.8463095077313483e-05
ray_gpis_hit_only,Corner,11,0,3,minus_y,minus_y,0.08377622511785388,0.08377622511785388,0.0,1.0,0.5,0.04042569834642051,0.08377622511785388,0.02803103346871172,3.1852094252826646e-05,3.731970355147496e-05,3.572954301489517e-05
ray_gpis_hit_only,Corner,11,0,4,minus_x,minus_x,0.042850859369375716,0.042850859369375716,0.0,1.0,1.0,0.042850859369375716,0.03348679690926737,0.01934002715951466,3.783674765145406e-05,3.0149658414302394e-05,2.671306901902426e-05
ray_gpis_hit_only,Corner,0,0,0,minus_x,minus_y,0.1414433448927901,0.15899002115921967,0.017546676266429584,0.0,0.5,0.1414433448927901,0.15899002115921967,0.1348630202365393,1.2353673810139298e-05,1.2137435078329872e-05,1.1749456461984664e-05
ray_gpis_hit_only,Corner,0,0,1,minus_x,minus_x,0.24399487095419997,0.24399487095419997,0.0,1.0,1.0,0.24399487095419997,0.11539139871983978,0.06638827901921535,7.295732939383015e-05,6.598555773962289e-05,4.1636165406089276e-05
ray_gpis_hit_only,Corner,0,0,2,minus_y,minus_y,0.13037884384775245,0.13037884384775245,0.0,1.0,1.0,0.0760260041926768,0.13037884384775245,0.04691847974517849,3.357175228302367e-05,3.810509224422276e-05,2.8588332497747615e-05
ray_gpis_hit_only,Corner,0,0,3,minus_x,minus_x,0.05881527879831683,0.05881527879831683,0.0,1.0,0.5,0.05881527879831683,0.019220939689755023,0.006846083108844159,3.492566611384973e-05,2.672895607247483e-05,2.7725620384444483e-05
ray_gpis_hit_only,Corner,0,0,4,minus_x,minus_x,0.0594612828983051,0.0594612828983051,0.0,1.0,1.0,0.0594612828983051,0.016082496814292635,0.01736423398256637,3.3063519367715344e-05,2.4691886210348457e-05,2.5214823835995048e-05
ray_gpis_hit_only,L_Shaped,8,0,0,minus_y,minus_x,0.11051360640218011,0.20809426254585162,0.09758065614367151,0.0,0.0,0.20809426254585162,0.11051360640218011,0.1553016407454293,1.3529110219678842e-05,1.3529110219678842e-05,1.32935238070786e-05
ray_gpis_hit_only,L_Shaped,8,0,1,minus_y,minus_x,0.14630722394490836,0.19889681315223362,0.05258958920732526,0.0,0.5,0.19889681315223362,0.14630722394490836,0.055582391030010836,3.962888877140358e-05,4.240839552949183e-05,3.952591941924766e-05
ray_gpis_hit_only,L_Shaped,8,0,2,minus_y,minus_x,0.08802484649167464,0.1291460448478874,0.04112119835621275,0.0,-0.5,0.1291460448478874,0.08802484649167464,0.09387366424262067,4.251399150234647e-05,4.782609539688565e-05,3.6064942833036184e-05
ray_gpis_hit_only,L_Shaped,8,0,3,minus_x,minus_x,0.10639747503586117,0.10639747503586117,0.0,1.0,0.5,0.10639747503586117,0.08234559920758211,0.09688393873588019,4.25782855018042e-05,3.793279392994009e-05,2.8852573450421914e-05
ray_gpis_hit_only,L_Shaped,8,0,4,minus_y,plus_z,0.03104265719028987,0.05292160062223428,0.02187894343194441,0.0,-1.0,0.051008831524768095,0.03104265719028987,0.05292160062223428,3.2293151889462024e-05,3.7080371839692816e-05,2.2775579054723494e-05
ray_gpis_hit_only,L_Shaped,13,0,0,minus_x,minus_y,0.11793982445911161,0.1482963339744508,0.03035650951533919,0.0,0.5,0.11793982445911161,0.1482963339744508,0.10316379192825426,1.617357884242665e-05,1.6107980627566576e-05,1.59190585691249e-05
ray_gpis_hit_only,L_Shaped,13,0,1,minus_x,minus_x,0.20374369822088656,0.20374369822088656,0.0,1.0,0.5,0.20374369822088656,0.12917007567030447,0.12756771522550303,8.968706242740154e-05,5.490115290740505e-05,5.9961628721794114e-05
ray_gpis_hit_only,L_Shaped,13,0,2,minus_x,minus_x,0.033699348233150794,0.033699348233150794,0.0,1.0,1.0,0.033699348233150794,0.02710550666874678,0.027676855513119825,4.169115345575847e-05,3.0155219064909033e-05,3.77796714019496e-05
ray_gpis_hit_only,L_Shaped,13,0,3,minus_x,minus_x,0.09272924391511339,0.09272924391511339,0.0,1.0,0.5,0.09272924391511339,0.0072502182609088806,0.042802669683748906,3.957493754569441e-05,3.337689122417942e-05,2.8277259843889624e-05
ray_gpis_hit_only,L_Shaped,13,0,4,minus_x,minus_x,0.05433938480477141,0.05433938480477141,0.0,1.0,1.0,0.05433938480477141,0.010391589380886135,0.02190525160625889,3.1066476367414e-05,2.2521089704241604e-05,2.3912602046038955e-05
ray_gpis_hit_only,L_Shaped,4,0,0,minus_x,minus_x,0.18981653402873921,0.18981653402873921,0.0,1.0,1.0,0.18981653402873921,0.08922101719121611,0.13628754894908612,4.401680052978918e-05,3.108829332632013e-05,3.1461240723729134e-05
ray_gpis_hit_only,L_Shaped,4,0,1,minus_x,minus_x,0.1460550423404573,0.1460550423404573,0.0,1.0,1.0,0.1460550423404573,0.035280037091220295,0.05254708119463558,2.394080911471974e-05,2.3606269678566605e-05,2.369510730204638e-05
ray_gpis_hit_only,L_Shaped,4,0,2,minus_x,minus_x,0.09302731551309229,0.09302731551309229,0.0,1.0,1.0,0.09302731551309229,0.06013849500511337,0.07530207517469811,5.153972961124964e-05,3.324752105982043e-05,3.359547190484591e-05
ray_gpis_hit_only,L_Shaped,4,0,3,plus_z,minus_x,0.015028460899251028,0.0384548672509375,0.02342640635168647,0.0,0.5,0.0384548672509375,0.014760668762934914,0.015028460899251028,2.576197402959224e-05,2.488422251190059e-05,2.6530786271905527e-05
ray_gpis_hit_only,L_Shaped,4,0,4,minus_y,minus_x,-0.04811332960842207,-0.026676503936170493,0.02143682567225158,0.0,-1.0,-0.026676503936170493,-0.04811332960842207,-0.03879952778118834,2.43499998759944e-05,2.892283555411268e-05,2.6730160243459977e-05
ray_gpis_hit_only,L_Shaped,1,0,0,minus_x,minus_x,0.18214923527421967,0.18214923527421967,0.0,1.0,0.5,0.18214923527421967,0.16682530839127774,0.10235421330099825,7.398470916086808e-05,4.283455200493336e-05,4.876968887401745e-05
ray_gpis_hit_only,L_Shaped,1,0,1,minus_x,minus_x,0.2067622938873348,0.2067622938873348,0.0,1.0,0.5,0.2067622938873348,0.025283982617591794,0.05133310082809428,6.205981480889022e-05,3.936278517358005e-05,2.3266735297511332e-05
ray_gpis_hit_only,L_Shaped,1,0,2,minus_x,minus_x,0.06255957839147719,0.06255957839147719,0.0,1.0,0.5,0.06255957839147719,0.012722975149902616,0.03172233517005918,3.583162106224336e-05,2.7744254111894406e-05,2.3806238459656015e-05
ray_gpis_hit_only,L_Shaped,1,0,3,minus_x,minus_x,-0.014789629916395097,-0.014789629916395097,0.0,1.0,0.5,-0.014789629916395097,-0.029381030353754944,-0.026963025345374758,3.25708206219133e-05,3.120158362435177e-05,2.399195909674745e-05
ray_gpis_hit_only,L_Shaped,1,0,4,minus_y,plus_z,0.050278992660226396,0.053354920600959366,0.00307592794073297,0.0,0.5,0.016929773379041335,0.050278992660226396,0.053354920600959366,2.240412140963599e-05,2.465909710736014e-05,2.2692178390570916e-05
ray_gpis_hit_only,L_Shaped,12,0,0,minus_x,minus_x,0.20924293508475478,0.20924293508475478,0.0,1.0,1.0,0.20924293508475478,0.14856332166055664,0.08015979874161222,6.041390952304937e-05,3.458084029261954e-05,3.192923395545222e-05
ray_gpis_hit_only,L_Shaped,12,0,1,minus_x,minus_x,0.15195432605563564,0.15195432605563564,0.0,1.0,1.0,0.15195432605563564,0.07188284777659826,0.0756250030256711,7.239094702526927e-05,3.680859663290903e-05,4.286160401534289e-05
ray_gpis_hit_only,L_Shaped,12,0,2,minus_y,minus_x,0.06509706947288452,0.08778125348316035,0.022684184010275832,0.0,0.5,0.08778125348316035,0.06509706947288452,0.060502482954716275,3.313190245535225e-05,4.352494943304919e-05,2.9972614356665872e-05
ray_gpis_hit_only,L_Shaped,12,0,3,minus_y,plus_z,0.029194388648005165,0.03669587809686958,0.007501489448864418,0.0,-0.5,0.035303075554360075,0.029194388648005165,0.03669587809686958,2.5222025215043686e-05,3.0429999242187478e-05,2.6463259928277694e-05
ray_gpis_hit_only,L_Shaped,12,0,4,plus_z,minus_y,-0.0003574292449802785,0.018827670384702788,0.019185099629683067,0.0,-1.0,0.010190138869168752,0.018827670384702788,-0.0003574292449802785,2.5672949050203897e-05,2.4503802706021816e-05,2.6877140044234693e-05
ray_gpis_hit_only,L_Shaped,7,0,0,minus_x,minus_x,0.338738513595932,0.338738513595932,0.0,1.0,0.5,0.338738513595932,0.23564915070922793,0.29507999161340803,3.273078255006112e-05,3.25641522067599e-05,3.097599619650282e-05
ray_gpis_hit_only,L_Shaped,7,0,1,minus_y,plus_z,0.11930889489808738,0.1312142051027113,0.011905310204623931,0.0,-1.0,0.12576841788191095,0.11930889489808738,0.1312142051027113,4.061613799422048e-05,4.45178993686568e-05,3.300721800769679e-05
ray_gpis_hit_only,L_Shaped,7,0,2,minus_x,minus_x,0.16613272892068598,0.16613272892068598,0.0,1.0,1.0,0.16613272892068598,0.1175183085721142,0.09433125343690885,4.781788447871804e-05,3.584879232221283e-05,3.3471522328909487e-05
ray_gpis_hit_only,L_Shaped,7,0,3,minus_x,minus_x,0.09720305386536232,0.09720305386536232,0.0,1.0,0.5,0.09720305386536232,0.02797949914773512,0.027637436582869435,4.1299284930573776e-05,2.6462588721187785e-05,3.877893686876632e-05
ray_gpis_hit_only,L_Shaped,7,0,4,minus_y,plus_z,0.018277041394224702,0.0364490129453493,0.0181719715511246,0.0,-1.0,0.029172263633381657,0.018277041394224702,0.0364490129453493,2.9979099053889513e-05,3.083117917412892e-05,2.789416794257704e-05
ray_gpis_hit_only,L_Shaped,14,0,0,minus_y,minus_x,-0.00661228115847301,0.030234827225923744,0.036847108384396754,0.0,0.5,0.030234827225923744,-0.00661228115847301,-0.0486392991977424,4.446876482688822e-05,5.013482950744219e-05,2.6785555746755563e-05
ray_gpis_hit_only,L_Shaped,14,0,1,minus_x,minus_y,0.14648168843852272,0.18897973149791902,0.04249804305939631,0.0,-0.5,0.14648168843852272,0.18897973149791902,0.15332926029231086,6.13281226833351e-05,4.9998452595900744e-05,3.304610072518699e-05
ray_gpis_hit_only,L_Shaped,14,0,2,minus_x,minus_x,0.1047854896186654,0.1047854896186654,0.0,1.0,1.0,0.1047854896186654,0.08748031231853381,0.05706144347419384,4.560653542284854e-05,4.053810334880836e-05,3.168228067806922e-05
ray_gpis_hit_only,L_Shaped,14,0,3,plus_z,minus_y,0.022333158016151544,0.10376005718405534,0.0814268991679038,0.0,-0.5,0.039739474381538464,0.10376005718405534,0.022333158016151544,2.2677817469229922e-05,3.760186518775299e-05,4.081114093423821e-05
ray_gpis_hit_only,L_Shaped,14,0,4,plus_z,minus_y,0.02822472611406579,0.04331438648391017,0.015089660369844382,0.0,-0.5,0.021707000920108244,0.04331438648391017,0.02822472611406579,3.919817754649557e-05,3.244253821321763e-05,4.069061833433807e-05
ray_gpis_hit_only,L_Shaped,2,0,0,minus_x,minus_x,0.16756566528291555,0.16756566528291555,0.0,1.0,1.0,0.16756566528291555,0.030521507123459968,0.006928079322104541,1.4733911939401878e-06,1.4712954907736275e-06,1.4711906715092482e-06
ray_gpis_hit_only,L_Shaped,2,0,1,minus_y,minus_x,0.08633325943933179,0.17487981664571428,0.08854655720638249,0.0,-0.5,0.17487981664571428,0.08633325943933179,0.10015751869476908,4.772225656779483e-05,5.218618753133342e-05,4.3101383198518306e-05
ray_gpis_hit_only,L_Shaped,2,0,2,minus_x,minus_x,0.12405370915211189,0.12405370915211189,0.0,1.0,0.5,0.12405370915211189,0.03112076099167671,0.07782323999687912,4.5984099415363744e-05,3.159960397169925e-05,2.8001113605569117e-05
ray_gpis_hit_only,L_Shaped,2,0,3,plus_z,minus_x,0.029832134398952603,0.12380969127838393,0.09397755687943132,0.0,-0.5,0.12380969127838393,0.060638700222052755,0.029832134398952603,3.883111639879644e-05,2.958012009912636e-05,4.212988278595731e-05
ray_gpis_hit_only,L_Shaped,2,0,4,minus_y,minus_y,0.10704297693184694,0.10704297693184694,0.0,1.0,1.0,0.03415316901393273,0.10704297693184694,0.026803564916608624,3.647752964752726e-05,3.9504244341515005e-05,2.971464164147619e-05
ray_gpis_hit_only,L_Shaped,6,0,0,minus_y,minus_y,0.23326821822132193,0.23326821822132193,0.0,1.0,0.5,0.1884183110386053,0.23326821822132193,0.1590722943479027,5.1768474804703146e-05,7.889982225606218e-05,5.706956289941445e-05
ray_gpis_hit_only,L_Shaped,6,0,1,minus_y,minus_y,0.13698245710976698,0.13698245710976698,0.0,1.0,1.0,0.06485712015093714,0.13698245710976698,0.02614538300272151,5.343711018213071e-05,7.18613009667024e-05,3.395287785679102e-05
ray_gpis_hit_only,L_Shaped,6,0,2,minus_y,minus_y,0.11382244824486265,0.11382244824486265,0.0,1.0,0.5,0.043502062204203495,0.11382244824486265,0.04363074064172667,3.3793468901421875e-05,4.349565278971568e-05,2.512088030925952e-05
ray_gpis_hit_only,L_Shaped,6,0,3,minus_x,minus_x,0.06578324048884954,0.06578324048884954,0.0,1.0,1.0,0.06578324048884954,0.04549531112763183,0.02654927135890972,3.9386333810398355e-05,3.7868729123147205e-05,2.3443584723281674e-05
ray_gpis_hit_only,L_Shaped,6,0,4,minus_x,minus_y,0.0006653474556971295,0.041617993346503956,0.04095264589080683,0.0,-0.5,0.0006653474556971295,0.041617993346503956,0.02877179978909261,2.901293737522792e-05,2.532483995310031e-05,2.2749181880499236e-05
ray_gpis_hit_only,L_Shaped,3,0,0,minus_x,minus_x,0.204642094693484,0.204642094693484,0.0,1.0,1.0,0.204642094693484,0.19687557369807368,0.10150960083085114,1.0068315532407723e-05,1.0063359695777763e-05,9.922059689415619e-06
ray_gpis_hit_only,L_Shaped,3,0,1,minus_x,minus_x,0.13812499256221322,0.13812499256221322,0.0,1.0,0.5,0.13812499256221322,0.07845594539188849,0.13658672803284322,2.0203466192469932e-05,2.005528222071007e-05,1.996176433749497e-05
ray_gpis_hit_only,L_Shaped,3,0,2,plus_z,minus_x,0.07607654595442936,0.18861512238110678,0.11253857642667742,0.0,-0.5,0.18861512238110678,0.0855952995108753,0.07607654595442936,4.1335137211717665e-05,3.737044971785508e-05,5.523674190044403e-05
ray_gpis_hit_only,L_Shaped,3,0,3,minus_x,minus_x,0.07937005057894142,0.07937005057894142,0.0,1.0,0.5,0.07937005057894142,0.050619457376050336,0.03571075576359861,3.8732974644517526e-05,3.239876969018951e-05,3.7306537706172094e-05
ray_gpis_hit_only,L_Shaped,3,0,4,minus_x,minus_y,0.03453491561441924,0.03995634643359902,0.005421430819179784,0.0,0.5,0.03453491561441924,0.03995634643359902,0.011921091396596362,3.9801845559850335e-05,3.27736051985994e-05,2.7102216336061247e-05
ray_gpis_hit_only,L_Shaped,9,0,0,minus_x,minus_x,0.21294659400126087,0.21294659400126087,0.0,1.0,1.0,0.21294659400126087,0.10201803460953013,0.06618328934321932,5.157239684194792e-06,5.13771419718978e-06,5.073333340988029e-06
ray_gpis_hit_only,L_Shaped,9,0,1,minus_x,minus_x,0.15776813561849112,0.15776813561849112,0.0,1.0,1.0,0.15776813561849112,0.08872844856839834,0.01834601028311078,6.0445276176324114e-05,4.252622602507472e-05,3.9622827898710966e-05
ray_gpis_hit_only,L_Shaped,9,0,2,plus_z,minus_y,0.04994355123906702,0.0670073253111323,0.017063774072065274,0.0,0.5,0.03495879386235712,0.0670073253111323,0.04994355123906702,2.5130706490017474e-05,3.090702375629917e-05,3.9613023545825854e-05
ray_gpis_hit_only,L_Shaped,9,0,3,minus_x,minus_x,0.060190552212739834,0.060190552212739834,0.0,1.0,0.5,0.060190552212739834,0.01531585932950752,0.014474074798358938,3.664788164314814e-05,2.775231041596271e-05,2.8736936656059697e-05
ray_gpis_hit_only,L_Shaped,9,0,4,minus_x,minus_x,0.026902538293720246,0.026902538293720246,0.0,1.0,0.5,0.026902538293720246,0.007242179409975069,0.0029457831325778727,3.2572726922808215e-05,2.48435990215512e-05,2.630067683639936e-05
ray_gpis_hit_only,L_Shaped,10,0,0,minus_x,minus_y,0.16004611206912123,0.1609259526090231,0.0008798405399018661,0.0,0.5,0.16004611206912123,0.1609259526090231,0.06494139122815318,1.5681240256526507e-05,1.5216613064694684e-05,1.4748506146133877e-05
ray_gpis_hit_only,L_Shaped,10,0,1,minus_y,minus_y,0.1627761174608766,0.1627761174608766,0.0,1.0,0.5,0.1405088810513666,0.1627761174608766,0.1614639421598264,6.205196405062452e-05,7.180176180554554e-05,4.231965067447163e-05
ray_gpis_hit_only,L_Shaped,10,0,2,minus_x,minus_x,0.15788184116996296,0.15788184116996296,0.0,1.0,0.5,0.15788184116996296,0.021821213834017916,0.018271343948150442,4.706083927885629e-05,3.552488124114461e-05,4.081582301296294e-05
ray_gpis_hit_only,L_Shaped,10,0,3,minus_x,minus_x,0.03572994310703903,0.03572994310703903,0.0,1.0,0.5,0.03572994310703903,0.021508933636249394,0.025632745995349926,2.803657844197005e-05,2.6653191525838338e-05,2.330602910660673e-05
ray_gpis_hit_only,L_Shaped,10,0,4,minus_x,minus_x,0.015375954298303851,0.015375954298303851,0.0,1.0,1.0,0.015375954298303851,0.005048208810218724,-0.0037825710084837816,2.5910625481628813e-05,2.5575356630724855e-05,2.2695072402711958e-05
ray_gpis_hit_only,L_Shaped,5,0,0,minus_x,minus_x,0.27567378400233,0.27567378400233,0.0,1.0,1.0,0.27567378400233,0.15128918722080292,0.11505057570664667,1.045921271725092e-05,1.0458335964358412e-05,1.0420648322906345e-05
ray_gpis_hit_only,L_Shaped,5,0,1,minus_x,minus_x,0.1139541378748059,0.1139541378748059,0.0,1.0,1.0,0.1139541378748059,0.04334496939105292,0.06517707223881852,6.455639959312975e-05,3.726853901753202e-05,4.419151446199976e-05
ray_gpis_hit_only,L_Shaped,5,0,2,minus_x,minus_x,0.14530607660195338,0.14530607660195338,0.0,1.0,0.5,0.14530607660195338,0.0563751206951173,0.037269064034935795,4.748523497255519e-05,3.247294807806611e-05,4.631421325029805e-05
ray_gpis_hit_only,L_Shaped,5,0,3,minus_x,minus_y,0.03928856741948039,0.046158117859619985,0.0068695504401395935,0.0,0.5,0.03928856741948039,0.046158117859619985,0.038951272342305776,3.641223884187639e-05,2.7973410396953113e-05,2.7393747586756945e-05
ray_gpis_hit_only,L_Shaped,5,0,4,minus_x,minus_y,0.00817141084452988,0.027464373500698414,0.019292962656168533,0.0,-0.5,0.00817141084452988,0.027464373500698414,0.025201100589250847,3.328634556964971e-05,2.6279465600964613e-05,2.2632195395999588e-05
ray_gpis_hit_only,L_Shaped,11,0,0,minus_x,minus_y,0.07890750686587072,0.14302706130743187,0.06411955444156114,0.0,-0.5,0.07890750686587072,0.14302706130743187,0.10026158445654176,8.463488484267145e-05,4.214011278236285e-05,3.8965019484749064e-05
ray_gpis_hit_only,L_Shaped,11,0,1,minus_x,minus_x,0.27660804794502025,0.27660804794502025,0.0,1.0,1.0,0.27660804794502025,0.007374363650554827,0.03814209348012587,0.00011315193114569411,3.443185050855391e-05,4.816508953808807e-05
ray_gpis_hit_only,L_Shaped,11,0,2,minus_y,minus_x,0.08127743484101724,0.15061138686234532,0.06933395202132808,0.0,0.5,0.15061138686234532,0.08127743484101724,0.015688855524976897,5.270961992209777e-05,5.834603507537395e-05,2.367833803873509e-05
ray_gpis_hit_only,L_Shaped,11,0,3,minus_x,minus_x,0.029094836762008636,0.029094836762008636,0.0,1.0,1.0,0.029094836762008636,0.028506367051093773,0.017168631754015506,5.4273154091788456e-05,3.057791036553681e-05,2.9434304451569915e-05
ray_gpis_hit_only,L_Shaped,11,0,4,minus_y,minus_y,0.07802359046430651,0.07802359046430651,0.0,1.0,1.0,0.029294441157553863,0.07802359046430651,0.05960774666333668,2.2889073079568334e-05,3.8530080928467214e-05,3.146304516121745e-05
ray_gpis_hit_only,L_Shaped,0,0,0,minus_x,plus_z,0.0739477748621129,0.08144999331555519,0.007502218453442289,0.0,0.5,0.0739477748621129,0.06078317292290214,0.08144999331555519,7.999537046998739e-05,3.076754728681408e-05,5.7846191339194775e-05
ray_gpis_hit_only,L_Shaped,0,0,1,plus_z,plus_z,0.05583249645798466,0.05583249645798466,0.0,1.0,0.5,0.004506116013046679,0.027503752655021974,0.05583249645798466,5.5356958910124376e-05,4.602089393301867e-05,5.867844447493553e-05
ray_gpis_hit_only,L_Shaped,0,0,2,minus_x,minus_x,0.12408087937581858,0.12408087937581858,0.0,1.0,1.0,0.12408087937581858,0.12179283992897427,0.10621262016577859,7.186072616605088e-05,7.036155147943646e-05,3.185336390743032e-05
ray_gpis_hit_only,L_Shaped,0,0,3,minus_x,minus_x,0.12877488659925052,0.12877488659925052,0.0,1.0,1.0,0.12877488659925052,0.1081365203349377,0.07658931379015788,6.072480391594581e-05,5.306736420607194e-05,2.7572354156291112e-05
ray_gpis_hit_only,L_Shaped,0,0,4,minus_x,minus_x,0.06753013249509776,0.06753013249509776,0.0,1.0,1.0,0.06753013249509776,0.04586380784508515,0.020554577918790895,5.807555135106668e-05,4.0620008803671226e-05,2.249413591925986e-05
ray_gpis_hit_only,Cylinder,8,0,0,minus_x,minus_x,0.3136138510935407,0.3136138510935407,0.0,1.0,1.0,0.3136138510935407,0.16558241122619294,0.044022787159257504,1.0556251254456583e-05,1.0391773685114458e-05,1.0090065188705921e-05
ray_gpis_hit_only,Cylinder,8,0,1,minus_x,minus_x,0.1252244186635395,0.1252244186635395,0.0,1.0,1.0,0.1252244186635395,0.12436674525115532,0.08467520840317411,5.628729559248313e-05,4.0631592128193006e-05,3.8109050365164876e-05
ray_gpis_hit_only,Cylinder,8,0,2,minus_x,minus_x,0.08418063841044532,0.08418063841044532,0.0,1.0,0.5,0.08418063841044532,0.01122571785492854,0.04888169392746411,4.2607480281731114e-05,4.069590795552358e-05,3.7102890928508714e-05
ray_gpis_hit_only,Cylinder,8,0,3,minus_x,minus_x,0.030600336837212194,0.030600336837212194,0.0,1.0,0.5,0.030600336837212194,0.02410893871427089,0.024078464007559086,3.430898141232319e-05,2.7754287657444365e-05,3.306019789306447e-05
ray_gpis_hit_only,Cylinder,8,0,4,plus_z,plus_z,0.06954301887232128,0.06954301887232128,0.0,1.0,0.5,0.0461662847914035,0.033035161546083436,0.06954301887232128,3.254908006056212e-05,3.317945811431855e-05,3.324419594719075e-05
ray_gpis_hit_only,Cylinder,13,0,0,minus_x,minus_x,0.25417572005567496,0.25417572005567496,0.0,1.0,1.0,0.25417572005567496,0.16436976941783382,0.12077672648707793,5.819013495056424e-06,5.7907868722395506e-06,5.561827947531128e-06
ray_gpis_hit_only,Cylinder,13,0,1,minus_y,minus_x,0.13851996301945324,0.1710023789531594,0.032482415933706155,0.0,0.5,0.1710023789531594,0.13851996301945324,0.1365218766573414,9.17888610274531e-05,0.00010040960478363559,2.8911234039696865e-05
ray_gpis_hit_only,Cylinder,13,0,2,minus_y,minus_y,0.08697311074036318,0.08697311074036318,0.0,1.0,0.5,-0.02556630361412382,0.08697311074036318,-0.02206733803748573,5.7324428780702874e-05,7.713808008702472e-05,3.7144232919672504e-05
ray_gpis_hit_only,Cylinder,13,0,3,minus_y,minus_x,0.13517006452786118,0.136690453743478,0.001520389215616813,0.0,0.5,0.136690453743478,0.13517006452786118,0.036018912160751704,3.502800245769322e-05,5.759940904681571e-05,2.831714300555177e-05
ray_gpis_hit_only,Cylinder,13,0,4,minus_y,minus_y,0.024509115235492485,0.024509115235492485,0.0,1.0,1.0,0.012950994074444777,0.024509115235492485,0.01049928638823816,3.411075522308238e-05,3.720481981872581e-05,2.786143886623904e-05
ray_gpis_hit_only,Cylinder,4,0,0,minus_x,minus_x,0.21011355696091383,0.21011355696091383,0.0,1.0,1.0,0.21011355696091383,0.08099527598596662,0.030862445339325084,9.796959056984633e-05,7.104247197275981e-05,2.8383901735651307e-05
ray_gpis_hit_only,Cylinder,4,0,1,minus_x,minus_y,0.049699433953239835,0.1101915834493511,0.06049214949611126,0.0,0.5,0.049699433953239835,0.1101915834493511,0.02665819525889279,5.889233943889849e-05,4.034163794131018e-05,3.1710544135421515e-05
ray_gpis_hit_only,Cylinder,4,0,2,minus_y,minus_x,0.1018486493855153,0.13067185282751215,0.028823203441996847,0.0,0.5,0.13067185282751215,0.1018486493855153,0.08534038431708701,6.411313370335847e-05,6.772409687982872e-05,4.827757948078215e-05
ray_gpis_hit_only,Cylinder,4,0,3,minus_x,minus_y,0.0854830638089481,0.09946089854848417,0.013977834739536066,0.0,-0.5,0.0854830638089481,0.09946089854848417,0.04797756396503605,5.2852894441457465e-05,4.124830593355e-05,4.323995017330162e-05
ray_gpis_hit_only,Cylinder,4,0,4,plus_z,minus_y,0.016338849401389854,0.035205519111924266,0.01886666971053441,0.0,-0.5,0.021702956308773613,0.035205519111924266,0.016338849401389854,3.0094404792180285e-05,3.1828727514948696e-05,4.285363320377655e-05
ray_gpis_hit_only,Cylinder,1,0,0,minus_x,minus_x,0.19566169397458494,0.19566169397458494,0.0,1.0,1.0,0.19566169397458494,0.1552824841643144,0.05259951874635743,7.201195694506168e-05,5.973160295980051e-05,4.27558297815267e-05
ray_gpis_hit_only,Cylinder,1,0,1,minus_x,minus_x,0.1504900955981494,0.1504900955981494,0.0,1.0,1.0,0.1504900955981494,0.028977554907090863,0.020263962897950072,7.58882233640179e-05,5.142073496244848e-05,4.483389784581959e-05
ray_gpis_hit_only,Cylinder,1,0,2,minus_x,minus_x,0.07932127839551695,0.07932127839551695,0.0,1.0,1.0,0.07932127839551695,0.04746525810129942,0.07132386944726954,5.076308661955409e-05,3.972178092226386e-05,4.4731634261552244e-05
ray_gpis_hit_only,Cylinder,1,0,3,minus_x,minus_x,0.02402046058398366,0.02402046058398366,0.0,1.0,1.0,0.02402046058398366,0.012747060396032017,0.01394693618404963,4.187152080703527e-05,3.3300399081781507e-05,4.02951700380072e-05
ray_gpis_hit_only,Cylinder,1,0,4,plus_z,minus_y,0.014345683124281416,0.018525061048968117,0.0041793779246867,0.0,-1.0,0.015539345708848407,0.018525061048968117,0.014345683124281416,3.5741861211135983e-05,3.296955765108578e-05,4.381908001960255e-05
ray_gpis_hit_only,Cylinder,12,0,0,minus_x,minus_x,0.225961881023779,0.225961881023779,0.0,1.0,1.0,0.225961881023779,0.13112474031568055,0.05596501568563944,2.5492236090940423e-05,2.522846079955343e-05,2.4474144083797e-05
ray_gpis_hit_only,Cylinder,12,0,1,minus_x,minus_x,0.13639473775159827,0.13639473775159827,0.0,1.0,1.0,0.13639473775159827,0.11758082541445714,0.0362453738405637,7.082705269567668e-05,5.799539212603122e-05,5.347656406229362e-05
ray_gpis_hit_only,Cylinder,12,0,2,minus_x,minus_x,0.1206854389080414,0.1206854389080414,0.0,1.0,1.0,0.1206854389080414,0.06903044674925063,0.03488424741982965,5.16513355250936e-05,4.7735498810652643e-05,2.3693291950621642e-05
ray_gpis_hit_only,Cylinder,12,0,3,minus_y,minus_y,0.03194240887230482,0.03194240887230482,0.0,1.0,1.0,0.030172031379286146,0.03194240887230482,0.02570593874818805,2.797111483232584e-05,3.4672928450163454e-05,2.4647655664011836e-05
ray_gpis_hit_only,Cylinder,12,0,4,minus_y,minus_x,0.02588484759738452,0.0351907068533438,0.009305859255959281,0.0,-1.0,0.0351907068533438,0.02588484759738452,0.030811159791500065,2.73894675046904e-05,2.858327206922695e-05,2.8311944333836436e-05
ray_gpis_hit_only,Cylinder,7,0,0,minus_y,minus_x,0.12003820490569955,0.14771037180041918,0.02767216689471963,0.0,0.5,0.14771037180041918,0.12003820490569955,0.11749947166339697,5.446857903734781e-05,7.228470349218696e-05,3.146324888803065e-05
ray_gpis_hit_only,Cylinder,7,0,1,minus_y,minus_y,0.17744881342092644,0.17744881342092644,0.0,1.0,1.0,0.17396329799708798,0.17744881342092644,0.04246490275397097,6.813785876147449e-05,7.48321253922768e-05,3.105092764599249e-05
ray_gpis_hit_only,Cylinder,7,0,2,minus_y,minus_y,0.11163005854646268,0.11163005854646268,0.0,1.0,1.0,0.09903444524589822,0.11163005854646268,0.02384377118391512,6.0110694903414696e-05,6.265610863920301e-05,3.732654295163229e-05
ray_gpis_hit_only,Cylinder,7,0,3,minus_x,minus_x,0.10984532928966739,0.10984532928966739,0.0,1.0,1.0,0.10984532928966739,0.04126009860082769,0.046516114532151764,4.2535462853265926e-05,3.5647066397359595e-05,3.716058927238919e-05
ray_gpis_hit_only,Cylinder,7,0,4,minus_x,minus_x,0.018726327539649423,0.018726327539649423,0.0,1.0,1.0,0.018726327539649423,0.01468126685445248,0.01101146849233181,3.207566624041647e-05,2.7034804588765837e-05,2.558421874709893e-05
ray_gpis_hit_only,Cylinder,14,0,0,minus_x,minus_x,0.14867403010371982,0.14867403010371982,0.0,1.0,0.5,0.14867403010371982,0.07928409351343274,0.09558197097847826,0.0001100688023143448,7.295227987924591e-05,3.823138104053214e-05
ray_gpis_hit_only,Cylinder,14,0,1,minus_y,minus_x,0.036234593353237976,0.09722164591502636,0.06098705256178838,0.0,-0.5,0.09722164591502636,0.036234593353237976,0.05910536366041641,6.496275454992428e-05,6.70522713335231e-05,5.489613613463007e-05
ray_gpis_hit_only,Cylinder,14,0,2,minus_x,minus_x,0.007257518894430159,0.007257518894430159,0.0,1.0,1.0,0.007257518894430159,-0.005889048376960804,-0.014564511466938157,8.4433559095487e-05,5.067050733487122e-05,3.08985254378058e-05
ray_gpis_hit_only,Cylinder,14,0,3,minus_y,minus_y,0.17072428635856585,0.17072428635856585,0.0,1.0,0.5,0.11788169355225175,0.17072428635856585,0.12804256793859903,4.745608021039516e-05,5.22506634297315e-05,2.3301952751353383e-05
ray_gpis_hit_only,Cylinder,14,0,4,minus_y,minus_x,0.0670755933465661,0.0734585339994751,0.006382940652909008,0.0,0.5,0.0734585339994751,0.0670755933465661,0.030981937599252274,2.9598657420137897e-05,3.696636849781498e-05,2.277346902701538e-05
ray_gpis_hit_only,Cylinder,2,0,0,minus_x,minus_x,0.22832931898119696,0.22832931898119696,0.0,1.0,1.0,0.22832931898119696,0.1810184098263255,0.15525699100815754,2.4124599804054014e-05,2.3905973648652434e-05,2.355318792979233e-05
ray_gpis_hit_only,Cylinder,2,0,1,minus_x,minus_x,0.06316375481592884,0.06316375481592884,0.0,1.0,1.0,0.06316375481592884,0.009185581474360993,-0.016116763800744116,7.557727803941816e-05,3.511013710522093e-05,3.1701038096798584e-05
ray_gpis_hit_only,Cylinder,2,0,2,minus_x,minus_x,0.1965257581471438,0.1965257581471438,0.0,1.0,1.0,0.1965257581471438,0.05311367061873573,0.14533161975197362,4.316143531468697e-05,2.4853297873050906e-05,3.0368695661309175e-05
ray_gpis_hit_only,Cylinder,2,0,3,minus_x,minus_x,0.04260040683044175,0.04260040683044175,0.0,1.0,1.0,0.04260040683044175,0.030679034796345706,0.025070145006080957,2.9958730010548607e-05,2.972191578010097e-05,2.9604192604892887e-05
ray_gpis_hit_only,Cylinder,2,0,4,minus_y,minus_y,0.03480283403035567,0.03480283403035567,0.0,1.0,1.0,0.014563482092268099,0.03480283403035567,0.009215073525621231,2.6111369152204134e-05,2.8925109290867113e-05,2.2578426069230773e-05
ray_gpis_hit_only,Cylinder,6,0,0,minus_x,minus_x,0.207747895895054,0.207747895895054,0.0,1.0,0.5,0.207747895895054,0.12296842558576276,0.125273423882369,0.00013308496272657067,0.00010593743354547769,5.379570211516693e-05
ray_gpis_hit_only,Cylinder,6,0,1,minus_x,minus_x,0.12715498897544897,0.12715498897544897,0.0,1.0,1.0,0.12715498897544897,0.07016325090702435,0.011649914860765609,0.00010009289690060541,7.07755025359802e-05,2.5219302187906578e-05
ray_gpis_hit_only,Cylinder,6,0,2,minus_x,minus_y,0.09665732244793557,0.10332097525110429,0.006663652803168718,0.0,0.5,0.09665732244793557,0.10332097525110429,0.03430330279924798,7.71740815252997e-05,6.736841169185936e-05,4.358989463071339e-05
ray_gpis_hit_only,Cylinder,6,0,3,minus_y,minus_y,0.08716638134240895,0.08716638134240895,0.0,1.0,0.5,0.06665422088033646,0.08716638134240895,0.07405738985319932,3.8289643271127716e-05,4.075525066582486e-05,3.313337583676912e-05
ray_gpis_hit_only,Cylinder,6,0,4,minus_x,minus_x,0.025815161019144717,0.025815161019144717,0.0,1.0,1.0,0.025815161019144717,0.0067205781683912225,0.003425068494385619,2.8962000214960426e-05,2.6650013751350343e-05,2.6269555746694095e-05
ray_gpis_hit_only,Cylinder,3,0,0,minus_x,minus_x,0.16984674007545064,0.16984674007545064,0.0,1.0,1.0,0.16984674007545064,0.15047230405979733,0.11132724657598014,1.6721443898859434e-05,1.642992538108956e-05,1.5811021512490697e-05
ray_gpis_hit_only,Cylinder,3,0,1,minus_y,minus_x,0.11408469270093657,0.21057136509647068,0.0964866723955341,0.0,0.5,0.21057136509647068,0.11408469270093657,0.07231679981501582,8.009551675058901e-05,8.85857516550459e-05,2.8691945772152394e-05
ray_gpis_hit_only,Cylinder,3,0,2,minus_x,minus_y,0.11719255735208711,0.13100931809389738,0.013816760741810263,0.0,0.5,0.11719255735208711,0.13100931809389738,0.10978074893381129,0.00010035140439867973,8.01768183009699e-05,3.2866690162336454e-05
ray_gpis_hit_only,Cylinder,3,0,3,minus_x,minus_x,0.10117041067846244,0.10117041067846244,0.0,1.0,1.0,0.10117041067846244,0.01728505991595719,0.04240318873685833,6.137839227449149e-05,3.7351506762206554e-05,5.631398016703315e-05
ray_gpis_hit_only,Cylinder,3,0,4,plus_z,plus_z,0.053283880222018465,0.053283880222018465,0.0,1.0,0.5,0.00042547737237164096,0.00330075058763879,0.053283880222018465,3.5316013963893056e-05,2.559225140430499e-05,3.835092866211198e-05
ray_gpis_hit_only,Cylinder,9,0,0,minus_x,minus_x,0.1369507732463553,0.1369507732463553,0.0,1.0,1.0,0.1369507732463553,0.03300224946756003,0.015187665539351969,9.070181113202125e-05,8.43037705635652e-05,4.221889685140923e-05
ray_gpis_hit_only,Cylinder,9,0,1,minus_x,minus_x,0.19245064221557917,0.19245064221557917,0.0,1.0,0.5,0.19245064221557917,0.08497606272247538,0.07689814700294251,8.688265370437875e-05,5.4431093303719535e-05,5.788028283859603e-05
ray_gpis_hit_only,Cylinder,9,0,2,plus_z,minus_x,0.02763581351637978,0.08878307894743875,0.06114726543105897,0.0,-0.5,0.08878307894743875,0.05202541113721926,0.02763581351637978,3.85720886697527e-05,3.2792071579024196e-05,4.562997128232382e-05
ray_gpis_hit_only,Cylinder,9,0,3,minus_x,minus_x,0.07930438224543934,0.07930438224543934,0.0,1.0,1.0,0.07930438224543934,0.037112270356206456,0.03962580081331779,4.502614319790155e-05,3.7816265830770135e-05,3.882134478772059e-05
ray_gpis_hit_only,Cylinder,9,0,4,minus_y,minus_y,0.03471829640550261,0.03471829640550261,0.0,1.0,1.0,0.008503357549415225,0.03471829640550261,0.013393151818079319,2.7024845621781424e-05,3.704558912431821e-05,3.155778904329054e-05
ray_gpis_hit_only,Cylinder,10,0,0,minus_x,minus_x,0.23626185960615037,0.23626185960615037,0.0,1.0,1.0,0.23626185960615037,0.09323352311749528,0.07533850498347044,6.770432810299098e-05,4.9747821321943775e-05,3.304065467091277e-05
ray_gpis_hit_only,Cylinder,10,0,1,minus_x,minus_x,0.17386312656958414,0.17386312656958414,0.0,1.0,1.0,0.17386312656958414,0.10472094645947982,0.10528797212860042,6.781484989915043e-05,3.849474887829274e-05,5.097444955026731e-05
ray_gpis_hit_only,Cylinder,10,0,2,minus_y,plus_z,0.06532819410056301,0.06853268509880317,0.0032044909982401615,0.0,-0.5,0.06271344010126767,0.06532819410056301,0.06853268509880317,4.569367956719361e-05,5.016306749894284e-05,3.534173083608039e-05
ray_gpis_hit_only,Cylinder,10,0,3,minus_y,minus_x,0.06369809737626986,0.07976398666468865,0.01606588928841879,0.0,0.5,0.07976398666468865,0.06369809737626986,0.030676107964399568,3.779271355597302e-05,4.027404065709561e-05,3.2448348065372556e-05
ray_gpis_hit_only,Cylinder,10,0,4,minus_y,minus_x,0.02422094558656407,0.04965902735623784,0.02543808176967377,0.0,-0.5,0.04965902735623784,0.02422094558656407,0.02897511063339253,3.641139846877195e-05,3.946678407373838e-05,3.180814746883698e-05
ray_gpis_hit_only,Cylinder,5,0,0,minus_x,minus_x,0.21331325679151764,0.21331325679151764,0.0,1.0,1.0,0.21331325679151764,0.12332254307771295,0.05874300876332578,1.8620143237058073e-05,1.8403723515802994e-05,1.789732232282404e-05
ray_gpis_hit_only,Cylinder,5,0,1,minus_x,minus_x,0.17709853775427553,0.17709853775427553,0.0,1.0,0.5,0.17709853775427553,0.14385022179929507,0.10257876304969826,7.487669063266367e-05,5.2952727855881676e-05,6.04781525908038e-05
ray_gpis_hit_only,Cylinder,5,0,2,minus_y,minus_x,0.05283033580396301,0.13170884464339816,0.07887850883943515,0.0,0.5,0.13170884464339816,0.05283033580396301,0.03744586238318426,4.542436363408342e-05,4.896297468803823e-05,4.5276075979927555e-05
ray_gpis_hit_only,Cylinder,5,0,3,minus_x,minus_x,0.08009506794995813,0.08009506794995813,0.0,1.0,1.0,0.08009506794995813,0.0577178112425083,0.05843430362667945,4.4569467718247324e-05,3.4605916880536824e-05,4.180012547294609e-05
ray_gpis_hit_only,Cylinder,5,0,4,minus_x,minus_x,0.03996151444704199,0.03996151444704199,0.0,1.0,1.0,0.03996151444704199,0.009858514151474318,0.0010472614347492026,4.058370177517645e-05,3.011680018971674e-05,2.7619944376056083e-05
ray_gpis_hit_only,Cylinder,11,0,0,minus_x,minus_x,0.1635085406352753,0.1635085406352753,0.0,1.0,1.0,0.1635085406352753,0.07845847797511157,0.11623473534251427,8.96989440661855e-05,3.67261454812251e-05,4.4594486098503694e-05
ray_gpis_hit_only,Cylinder,11,0,1,minus_x,minus_x,0.1626565347423946,0.1626565347423946,0.0,1.0,0.5,0.1626565347423946,0.13221943084462606,0.14640407142967393,5.062937634647824e-05,4.941286169923842e-05,4.008959876955487e-05
ray_gpis_hit_only,Cylinder,11,0,2,minus_x,minus_y,0.07582926761914421,0.11705497648477026,0.04122570886562604,0.0,0.5,0.07582926761914421,0.11705497648477026,0.06091976507934571,4.480412098928355e-05,4.04338825319428e-05,3.597723843995482e-05
ray_gpis_hit_only,Cylinder,11,0,3,minus_x,minus_x,0.03645655919437474,0.03645655919437474,0.0,1.0,0.5,0.03645655919437474,0.023846915189907558,-0.004482801732390129,3.819669291260652e-05,2.925553599197883e-05,3.467109127086587e-05
ray_gpis_hit_only,Cylinder,11,0,4,minus_x,plus_z,-0.05399115483134842,-0.05022396473709978,0.0037671900942486403,0.0,-0.5,-0.05399115483134842,-0.058768033816029575,-0.05022396473709978,3.2293264666805044e-05,2.7873045837623067e-05,2.315238452865742e-05
ray_gpis_hit_only,Cylinder,0,0,0,minus_x,minus_x,0.2830613259771652,0.2830613259771652,0.0,1.0,1.0,0.2830613259771652,0.2509194258351977,0.23372749908001839,7.359867595368996e-06,7.302351150428876e-06,6.994987415964715e-06
ray_gpis_hit_only,Cylinder,0,0,1,minus_x,minus_x,0.22050586438214848,0.22050586438214848,0.0,1.0,0.5,0.22050586438214848,0.010060829959522288,0.053870758066882796,9.415217937203124e-05,5.113580118631944e-05,2.868005321943201e-05
ray_gpis_hit_only,Cylinder,0,0,2,plus_z,minus_x,0.014004567205839313,0.07215468664561386,0.05815011943977455,0.0,-0.5,0.07215468664561386,0.024118769271346263,0.014004567205839313,4.2714782466646284e-05,2.550738827267196e-05,4.4090684241382405e-05
ray_gpis_hit_only,Cylinder,0,0,3,minus_x,minus_y,0.009580967923419115,0.038456109459984456,0.02887514153656534,0.0,0.5,0.009580967923419115,0.038456109459984456,0.003292202322367377,4.559952503768727e-05,3.256357376812957e-05,3.0651193810626864e-05
ray_gpis_hit_only,Cylinder,0,0,4,minus_x,minus_x,0.10902413298745794,0.10902413298745794,0.0,1.0,1.0,0.10902413298745794,0.03445612063363512,0.04988542687784425,4.6078803279669955e-05,2.964689520013053e-05,4.531526064965874e-05
ray_gpis_hit_only,Cross,8,0,0,minus_x,minus_x,0.14381983071747967,0.14381983071747967,0.0,1.0,1.0,0.14381983071747967,0.10371908993471907,0.029631339462913464,1.795258322090376e-05,1.7905209460877813e-05,1.771774077496957e-05
ray_gpis_hit_only,Cross,8,0,1,plus_z,minus_x,0.15145289007385726,0.262950470969241,0.11149758089538375,0.0,-0.5,0.262950470969241,0.10805727379875646,0.15145289007385726,3.206344990758225e-05,3.301399920019321e-05,3.969843601225875e-05
ray_gpis_hit_only,Cross,8,0,2,minus_x,minus_y,0.09126240485045445,0.12471250633549791,0.03345010148504346,0.0,0.5,0.09126240485045445,0.12471250633549791,0.03921927002893044,3.618762275436893e-05,2.67634131887462e-05,2.5285133233410306e-05
ray_gpis_hit_only,Cross,8,0,3,minus_y,minus_y,0.12780749239441558,0.12780749239441558,0.0,1.0,1.0,0.06713857367846399,0.12780749239441558,0.01417932780771991,3.293767440482043e-05,4.140918463235721e-05,2.336841862415895e-05
ray_gpis_hit_only,Cross,8,0,4,minus_y,minus_y,0.07817190846367583,0.07817190846367583,0.0,1.0,1.0,0.07200840366733496,0.07817190846367583,0.02675087601862358,2.920181941590272e-05,2.9522954719141126e-05,2.2553207600140013e-05
ray_gpis_hit_only,Cross,13,0,0,minus_x,minus_x,0.318987120512535,0.318987120512535,0.0,1.0,1.0,0.318987120512535,0.12693746521185428,0.07815599879737628,1.711266304482706e-05,1.7078758901334368e-05,1.6920064808800817e-05
ray_gpis_hit_only,Cross,13,0,1,plus_z,minus_x,0.021343103877543013,0.19739617461657422,0.1760530707390312,0.0,-0.5,0.19739617461657422,0.06701442224179299,0.021343103877543013,4.552022073767148e-05,2.799286630761344e-05,4.901659849565476e-05
ray_gpis_hit_only,Cross,13,0,2,minus_x,minus_x,0.07947932930917023,0.07947932930917023,0.0,1.0,1.0,0.07947932930917023,-0.01545121552792994,-0.0021044882318630442,5.328667248249985e-05,3.133396239718422e-05,3.19920654874295e-05
ray_gpis_hit_only,Cross,13,0,3,minus_x,plus_z,0.04464893029055872,0.09191252734201594,0.04726359705145722,0.0,-1.0,0.04464893029055872,0.059783747738667126,0.09191252734201594,2.591184420452919e-05,2.2866928702569567e-05,2.2842443286208436e-05
ray_gpis_hit_only,Cross,13,0,4,minus_y,minus_y,0.06375922292244096,0.06375922292244096,0.0,1.0,0.5,0.027024040354083234,0.06375922292244096,0.03829355891826114,2.421860881440807e-05,2.5780778742046095e-05,2.4072907763184048e-05
ray_gpis_hit_only,Cross,4,0,0,minus_x,minus_x,0.25671615746060295,0.25671615746060295,0.0,1.0,1.0,0.25671615746060295,0.114355754958815,0.03870338488891151,8.244248601840809e-05,5.352482185116969e-05,2.6035939299617894e-05
ray_gpis_hit_only,Cross,4,0,1,minus_x,minus_x,0.09747488053302245,0.09747488053302245,0.0,1.0,0.5,0.09747488053302245,0.043266375826367165,0.01701745302934421,5.180938387638889e-05,2.6426914701005444e-05,2.8104956072638743e-05
ray_gpis_hit_only,Cross,4,0,2,minus_x,minus_x,0.1304202419166376,0.1304202419166376,0.0,1.0,1.0,0.1304202419166376,0.07920789515284055,0.0778373401076452,4.113891191082075e-05,3.344232391100377e-05,3.207304689567536e-05
ray_gpis_hit_only,Cross,4,0,3,minus_y,minus_x,0.024291116952984804,0.02825435937989751,0.003963242426912705,0.0,0.5,0.02825435937989751,0.024291116952984804,0.006486274376533596,2.344243330298923e-05,2.6934098059427924e-05,2.2869768145028502e-05
ray_gpis_hit_only,Cross,4,0,4,minus_y,minus_y,0.010235757908229837,0.010235757908229837,0.0,1.0,1.0,-0.007779137935021607,0.010235757908229837,-0.008068269812826823,2.325448986084666e-05,2.3891298042144626e-05,2.268092066515237e-05
ray_gpis_hit_only,Cross,1,0,0,minus_x,minus_x,0.11980057672383448,0.11980057672383448,0.0,1.0,0.5,0.11980057672383448,0.06742397720838028,0.04572439080071533,9.616703755455092e-05,4.3420339352451265e-05,4.646138404496014e-05
ray_gpis_hit_only,Cross,1,0,1,minus_x,plus_z,0.17580236541296546,0.19031130779785843,0.014508942384892975,0.0,0.5,0.17580236541296546,0.14731227713531558,0.19031130779785843,9.099894668906927e-05,4.294092650525272e-05,5.136059189680964e-05
ray_gpis_hit_only,Cross,1,0,2,minus_y,minus_x,0.10550614377135936,0.1762892442129046,0.07078310044154523,0.0,0.5,0.1762892442129046,0.10550614377135936,0.10030259528220664,4.40830372099299e-05,5.404613693826832e-05,2.6639287170837633e-05
ray_gpis_hit_only,Cross,1,0,3,minus_x,minus_x,0.03350608441725755,0.03350608441725755,0.0,1.0,0.5,0.03350608441725755,0.0307652089066609,0.026356940049704347,3.978570384788327e-05,2.732383472903166e-05,2.8041378755006008e-05
ray_gpis_hit_only,Cross,1,0,4,minus_y,minus_y,0.054658692554154564,0.054658692554154564,0.0,1.0,1.0,0.03049694249037005,0.054658692554154564,0.054493839558879764,3.095715510426089e-05,3.706731149577536e-05,3.2101448596222326e-05
ray_gpis_hit_only,Cross,12,0,0,minus_x,minus_x,0.3016778336328534,0.3016778336328534,0.0,1.0,1.0,0.3016778336328534,0.2496838751056415,0.24097849438235297,7.401111361104995e-05,4.658573379856534e-05,3.8003701774869114e-05
ray_gpis_hit_only,Cross,12,0,1,minus_x,minus_x,0.12411359630658902,0.12411359630658902,0.0,1.0,0.5,0.12411359630658902,0.11980653650088602,0.04786933762504775,5.313483052304946e-05,3.763440690818243e-05,4.2224026401527226e-05
ray_gpis_hit_only,Cross,12,0,2,minus_x,minus_x,0.10513262412870861,0.10513262412870861,0.0,1.0,1.0,0.10513262412870861,0.06673860540043142,0.06535789882299947,4.30353575211484e-05,4.1298862925032154e-05,2.3727241568849422e-05
ray_gpis_hit_only,Cross,12,0,3,minus_y,minus_x,0.05192113303226342,0.09004696344198793,0.038125830409724504,0.0,0.5,0.09004696344198793,0.05192113303226342,0.023924504100998667,3.2748026569606736e-05,4.2548435885692015e-05,2.7806427169707604e-05
ray_gpis_hit_only,Cross,12,0,4,minus_x,minus_x,0.04154405432869346,0.04154405432869346,0.0,1.0,1.0,0.04154405432869346,0.018069841238305684,0.024425837530665406,2.947427492472343e-05,2.3677886929363012e-05,2.4767916329437867e-05
ray_gpis_hit_only,Cross,7,0,0,minus_x,minus_x,0.2234549639730926,0.2234549639730926,0.0,1.0,1.0,0.2234549639730926,0.10759393252652755,0.09110594580071746,8.785646787146106e-05,6.863904854981229e-05,2.5221785108442418e-05
ray_gpis_hit_only,Cross,7,0,1,minus_x,minus_x,0.1734706822820059,0.1734706822820059,0.0,1.0,1.0,0.1734706822820059,0.03984633679964977,0.060414332247621605,4.258195622242056e-05,4.1460978536633775e-05,4.2219198803650215e-05
ray_gpis_hit_only,Cross,7,0,2,minus_x,minus_x,-0.03435958999927524,-0.03435958999927524,0.0,1.0,1.0,-0.03435958999927524,-0.04468645114077552,-0.05917042293716479,4.323228495195508e-05,3.906192796421237e-05,2.3261925889528356e-05
ray_gpis_hit_only,Cross,7,0,3,minus_x,minus_y,0.06194514562360576,0.10375212744650486,0.0418069818228991,0.0,0.5,0.06194514562360576,0.10375212744650486,0.052721690673928956,3.800493504968472e-05,3.189438211848028e-05,2.356609547859989e-05
ray_gpis_hit_only,Cross,7,0,4,minus_x,minus_x,0.05481198438654411,0.05481198438654411,0.0,1.0,1.0,0.05481198438654411,0.0292757421445643,0.02126063729472194,4.0242386603495106e-05,2.99155835818965e-05,2.2467842427431606e-05
ray_gpis_hit_only,Cross,14,0,0,minus_x,minus_x,0.19268043137371377,0.19268043137371377,0.0,1.0,0.5,0.19268043137371377,0.02709024327980397,0.04828123325523476,1.6862619304447435e-05,1.68509559443919e-05,1.6465040971525013e-05
ray_gpis_hit_only,Cross,14,0,1,minus_y,minus_x,0.0802647472581377,0.17746583915849756,0.09720109190035986,0.0,0.5,0.17746583915849756,0.0802647472581377,0.04949034800193075,5.236921788309701e-05,5.829544534208253e-05,2.5408813598915003e-05
ray_gpis_hit_only,Cross,14,0,2,minus_x,minus_x,0.1422383100638832,0.1422383100638832,0.0,1.0,1.0,0.1422383100638832,0.0790703123707116,0.035928219767439096,6.204731471370906e-05,5.071070700068958e-05,3.715892671607435e-05
ray_gpis_hit_only,Cross,14,0,3,minus_y,minus_y,0.04710184321954258,0.04710184321954258,0.0,1.0,0.5,0.008855419238237516,0.04710184321954258,-0.0021162171132399488,2.304213739989791e-05,2.9119417376932688e-05,2.319904524483718e-05
ray_gpis_hit_only,Cross,14,0,4,minus_x,plus_z,0.007027073545519125,0.009999135249465274,0.0029720617039461494,0.0,-0.5,0.007027073545519125,0.006208928866317742,0.009999135249465274,2.3058792066876777e-05,2.2892834749654867e-05,2.256824700452853e-05
ray_gpis_hit_only,Cross,2,0,0,minus_x,minus_x,0.20417186779123958,0.20417186779123958,0.0,1.0,1.0,0.20417186779123958,0.17340607928019808,0.12473214948220718,2.2542626538779587e-05,2.2470816475106403e-05,2.2232421542867087e-05
ray_gpis_hit_only,Cross,2,0,1,minus_x,minus_x,0.13327481605535063,0.13327481605535063,0.0,1.0,1.0,0.13327481605535063,0.06888595156454691,0.06338767233502685,6.431443034671247e-05,3.272482717875391e-05,2.5041068511200137e-05
ray_gpis_hit_only,Cross,2,0,2,minus_x,minus_x,0.04996107112486792,0.04996107112486792,0.0,1.0,0.5,0.04996107112486792,0.0033347106824945794,-0.012176363983580352,6.24810709268786e-05,2.920498081948608e-05,3.486449350020848e-05
ray_gpis_hit_only,Cross,2,0,3,minus_x,minus_x,0.015278410207057114,0.015278410207057114,0.0,1.0,0.5,0.015278410207057114,0.009236657024137118,0.007100250340230652,3.561619814718142e-05,2.33836799452547e-05,2.7993823096039705e-05
ray_gpis_hit_only,Cross,2,0,4,plus_z,minus_x,0.026896359331609165,0.05046014053013115,0.023563781198521982,0.0,0.5,0.05046014053013115,0.01609250598116707,0.026896359331609165,3.097228909609839e-05,2.2619677110924385e-05,3.1767773180035874e-05
ray_gpis_hit_only,Cross,6,0,0,minus_x,minus_y,0.18332517857135316,0.1959792483119855,0.012654069740632323,0.0,0.5,0.18332517857135316,0.1959792483119855,0.10546518185519421,6.786939047742635e-05,4.372226248960942e-05,2.821843372657895e-05
ray_gpis_hit_only,Cross,6,0,1,minus_x,minus_x,0.14582318746899248,0.14582318746899248,0.0,1.0,1.0,0.14582318746899248,0.04516082373778929,0.03856158873350268,5.235250500845723e-05,4.1496514313621446e-05,2.349824717384763e-05
ray_gpis_hit_only,Cross,6,0,2,plus_z,plus_z,0.08861653006877723,0.08861653006877723,0.0,1.0,1.0,0.07898674738670342,0.0208592373071389,0.08861653006877723,3.591250424506143e-05,2.7781505195889622e-05,4.190855543129146e-05
ray_gpis_hit_only,Cross,6,0,3,minus_x,minus_x,0.060950481534998935,0.060950481534998935,0.0,1.0,1.0,0.060950481534998935,0.0043989450632240246,0.0037444151570750206,4.004198854090646e-05,2.3854192477301694e-05,2.304010013176594e-05
ray_gpis_hit_only,Cross,6,0,4,plus_z,plus_z,0.018865188856988402,0.018865188856988402,0.0,1.0,1.0,0.015086636158398559,0.0009992518108605797,0.018865188856988402,2.3060782041284256e-05,2.269384822284337e-05,2.311399111931678e-05
ray_gpis_hit_only,Cross,3,0,0,minus_y,minus_x,0.14125915845215775,0.2509583075936289,0.10969914914147116,0.0,0.5,0.2509583075936289,0.14125915845215775,0.09159976391967939,4.913792145089246e-05,6.94549162290059e-05,2.938090983661823e-05
ray_gpis_hit_only,Cross,3,0,1,minus_x,minus_x,0.18257554736354176,0.18257554736354176,0.0,1.0,1.0,0.18257554736354176,0.14804424906947233,0.06533946118537748,9.824381413636729e-05,5.6498320191167295e-05,2.596817103039939e-05
ray_gpis_hit_only,Cross,3,0,2,minus_y,minus_y,0.08014963223731064,0.08014963223731064,0.0,1.0,1.0,0.07304255572387319,0.08014963223731064,0.025576554004827723,4.01411198254209e-05,4.252580038155429e-05,2.570962351455819e-05
ray_gpis_hit_only,Cross,3,0,3,minus_y,minus_x,0.03453318426464225,0.05188695817557443,0.01735377391093218,0.0,0.5,0.05188695817557443,0.03453318426464225,0.030744674834546126,3.337558518978767e-05,3.6491597711574286e-05,2.7066902475780807e-05
ray_gpis_hit_only,Cross,3,0,4,minus_x,minus_x,0.03777429893428008,0.03777429893428008,0.0,1.0,0.5,0.03777429893428008,0.00272957172688415,0.013228213484263063,3.251948146498762e-05,2.5088007532758638e-05,2.3066086214384995e-05
ray_gpis_hit_only,Cross,9,0,0,minus_x,minus_x,0.2271663644847997,0.2271663644847997,0.0,1.0,1.0,0.2271663644847997,0.07225581198996095,0.05979183236472002,1.7318825484835543e-05,1.726905429677572e-05,1.7115913578891195e-05
ray_gpis_hit_only,Cross,9,0,1,minus_x,minus_x,0.12850201050174792,0.12850201050174792,0.0,1.0,1.0,0.12850201050174792,0.07642921011533721,0.10183239953043943,4.125470150029287e-05,2.6622990844771266e-05,3.657674460555427e-05
ray_gpis_hit_only,Cross,9,0,2,plus_z,minus_x,0.040850993128841995,0.0624181821836417,0.021567189054799707,0.0,-1.0,0.0624181821836417,0.046515945882379284,0.040850993128841995,3.209170245099813e-05,3.6857549275737256e-05,3.869430292979814e-05
ray_gpis_hit_only,Cross,9,0,3,minus_y,minus_y,0.05280533645002794,0.05280533645002794,0.0,1.0,0.5,0.023522072028729246,0.05280533645002794,0.013693321609124509,2.696647607081104e-05,3.34011456288863e-05,3.073273182963021e-05
ray_gpis_hit_only,Cross,9,0,4,minus_y,plus_z,0.03779249220445802,0.04076813115023836,0.0029756389457803456,0.0,0.5,0.01144937713225036,0.03779249220445802,0.04076813115023836,2.3123637220123783e-05,3.678040229715407e-05,2.614440927573014e-05
ray_gpis_hit_only,Cross,10,0,0,minus_x,minus_x,0.17202967901037458,0.17202967901037458,0.0,1.0,1.0,0.17202967901037458,0.17162836409207516,0.09908170719040144,4.906633694190532e-05,3.721735265571624e-05,2.4243407096946612e-05
ray_gpis_hit_only,Cross,10,0,1,minus_x,minus_x,0.16422600987621716,0.16422600987621716,0.0,1.0,0.5,0.16422600987621716,0.08187207935446017,0.08011708288803299,5.877963485545479e-05,2.866477007046342e-05,2.9669308787561022e-05
ray_gpis_hit_only,Cross,10,0,2,plus_z,minus_x,0.049972184001891407,0.11067846711780283,0.06070628311591142,0.0,0.5,0.11067846711780283,0.04359070877376359,0.049972184001891407,3.933693005819805e-05,3.2586172892479226e-05,4.2313153244322166e-05
ray_gpis_hit_only,Cross,10,0,3,minus_x,minus_y,0.031010394366619343,0.07279182872457979,0.041781434357960445,0.0,0.5,0.031010394366619343,0.07279182872457979,0.028288787663250048,4.160238677286543e-05,3.9406259020324796e-05,2.331578616576735e-05
ray_gpis_hit_only,Cross,10,0,4,minus_y,minus_x,0.06607204499518304,0.08044449287140942,0.01437244787622638,0.0,0.5,0.08044449287140942,0.06607204499518304,0.0579827544479401,2.8689068130915985e-05,3.317955997772515e-05,2.3050135496305302e-05
ray_gpis_hit_only,Cross,5,0,0,minus_x,minus_x,0.2044443455599826,0.2044443455599826,0.0,1.0,1.0,0.2044443455599826,0.0953818185791313,0.0867746499724924,1.93511677935021e-05,1.931812039401848e-05,1.9053737560170703e-05
ray_gpis_hit_only,Cross,5,0,1,minus_x,minus_x,0.14508344214015934,0.14508344214015934,0.0,1.0,0.5,0.14508344214015934,0.05922784923521707,0.03464894001019525,6.506877252832055e-05,3.3879128750413656e-05,4.517395791481249e-05
ray_gpis_hit_only,Cross,5,0,2,plus_z,minus_y,0.07875842084592166,0.11587166183552122,0.03711324098959956,0.0,0.5,0.01585246085359482,0.11587166183552122,0.07875842084592166,3.1509804102825e-05,3.386660318938084e-05,3.462664608377963e-05
ray_gpis_hit_only,Cross,5,0,3,minus_x,minus_x,0.0676694261992038,0.0676694261992038,0.0,1.0,0.5,0.0676694261992038,0.023947257015681234,0.017052149367582037,3.9499551348853856e-05,2.8305485102464445e-05,3.215915057808161e-05
ray_gpis_hit_only,Cross,5,0,4,minus_x,minus_x,0.012755265451954712,0.012755265451954712,0.0,1.0,1.0,0.012755265451954712,0.0019245867455417454,0.009218834544938215,3.0387574952328578e-05,2.2874330170452595e-05,2.3709155357209966e-05
ray_gpis_hit_only,Cross,11,0,0,minus_x,minus_x,0.18259061366196477,0.18259061366196477,0.0,1.0,1.0,0.18259061366196477,0.18180377731102793,0.17166549587577196,4.8211502871708944e-05,3.879116411553696e-05,3.158692561555654e-05
ray_gpis_hit_only,Cross,11,0,1,minus_x,minus_x,0.1855596108771695,0.1855596108771695,0.0,1.0,1.0,0.1855596108771695,0.07529843707954281,0.05948428230561659,5.1954735681647435e-05,4.6732773625990376e-05,3.230007132515311e-05
ray_gpis_hit_only,Cross,11,0,2,minus_y,plus_z,0.007294048346719428,0.029260940289510318,0.02196689194279089,0.0,-1.0,0.029213116365939373,0.007294048346719428,0.029260940289510318,3.8111942558316514e-05,4.657514000427909e-05,3.2669147913111374e-05
ray_gpis_hit_only,Cross,11,0,3,minus_x,minus_x,0.1015412765603545,0.1015412765603545,0.0,1.0,0.5,0.1015412765603545,0.10115523147105343,0.08639135485834992,2.5191635359078646e-05,2.3334878278546967e-05,2.4934359316830523e-05
ray_gpis_hit_only,Cross,11,0,4,minus_y,minus_x,0.045334760212320746,0.09075102388675538,0.04541626367443463,0.0,0.5,0.09075102388675538,0.045334760212320746,0.026122558586798683,2.337964906473644e-05,2.4009137632674538e-05,2.2536973119713366e-05
ray_gpis_hit_only,Cross,0,0,0,minus_x,minus_x,0.23602319612760114,0.23602319612760114,0.0,1.0,1.0,0.23602319612760114,0.16157717541414712,0.14259066458847253,6.88354293743032e-06,6.876216957607539e-06,6.802837106079096e-06
ray_gpis_hit_only,Cross,0,0,1,minus_x,minus_x,0.21599806372552133,0.21599806372552133,0.0,1.0,1.0,0.21599806372552133,0.13675833673544058,0.10728178524410559,1.9697474272106774e-05,1.968116339412518e-05,1.966884701687377e-05
ray_gpis_hit_only,Cross,0,0,2,minus_x,minus_y,0.006390514197746722,0.024900530545367117,0.018510016347620395,0.0,0.5,0.006390514197746722,0.024900530545367117,-0.03491082140766155,4.077947960468009e-05,3.8069185393396765e-05,2.4441074856440537e-05
ray_gpis_hit_only,Cross,0,0,3,plus_z,minus_y,0.04223253614074707,0.0930074677729622,0.05077493163221514,0.0,-1.0,0.06848166241504783,0.0930074677729622,0.04223253614074707,3.4148888516938314e-05,3.111948899459094e-05,3.5118548112222925e-05
ray_gpis_hit_only,Cross,0,0,4,plus_z,minus_y,0.021066284702180083,0.049265590024892614,0.02819930532271253,0.0,-0.5,0.026903494140425144,0.049265590024892614,0.021066284702180083,2.5487943275948055e-05,2.6381485440651886e-05,3.178425686201081e-05
ray_gpis_hit_only,Bowl,8,0,0,minus_y,minus_x,0.03223412112793378,0.19574609678744948,0.1635119756595157,0.0,-1.0,0.19574609678744948,0.03223412112793378,0.09358216733191727,5.4532418289454654e-05,6.948395457584411e-05,6.582293281098828e-05
ray_gpis_hit_only,Bowl,8,0,1,minus_x,minus_y,0.15686948644270615,0.16216466761729842,0.005295181174592267,0.0,0.5,0.15686948644270615,0.16216466761729842,0.061275278837760516,9.747366129886359e-05,6.795144872739911e-05,6.688694702461362e-05
ray_gpis_hit_only,Bowl,8,0,2,minus_x,minus_y,0.11572367510773618,0.14722682770951545,0.03150315260177927,0.0,-0.5,0.11572367510773618,0.14722682770951545,0.044094862447488836,7.899108459241688e-05,5.227448127698153e-05,6.74426628393121e-05
ray_gpis_hit_only,Bowl,8,0,3,minus_x,minus_y,0.022081324467773444,0.1132199141346304,0.09113858966685695,0.0,-0.5,0.022081324467773444,0.1132199141346304,0.04705821027283297,5.4221982281887904e-05,5.271084592095576e-05,3.137445673928596e-05
ray_gpis_hit_only,Bowl,8,0,4,minus_x,plus_z,0.02378663373345935,0.04546110116896085,0.0216744674355015,0.0,-1.0,0.02378663373345935,0.02831205597169595,0.04546110116896085,8.45341564854607e-05,6.31418006378226e-05,3.6774465115740895e-05
ray_gpis_hit_only,Bowl,13,0,0,minus_x,minus_x,0.30004341354798253,0.30004341354798253,0.0,1.0,0.5,0.30004341354798253,0.09724106233687357,0.27003790476914996,7.878178439568728e-05,7.657145033590496e-05,7.28841478121467e-05
ray_gpis_hit_only,Bowl,13,0,1,plus_z,minus_y,0.06753705554248646,0.11739469787176615,0.049857642329279694,0.0,-0.5,0.11715451590402537,0.11739469787176615,0.06753705554248646,4.4116877688793465e-05,5.185380359762348e-05,5.240254176896997e-05
ray_gpis_hit_only,Bowl,13,0,2,minus_x,minus_x,0.1706408348514029,0.1706408348514029,0.0,1.0,0.5,0.1706408348514029,0.10965965716810211,0.08150755269563281,5.3220872359815985e-05,3.882832243107259e-05,5.051109837950207e-05
ray_gpis_hit_only,Bowl,13,0,3,plus_z,minus_x,0.0397172892994101,0.09589863488627137,0.056181345586861275,0.0,-0.5,0.09589863488627137,0.02990769331174159,0.0397172892994101,3.1937845051288605e-05,4.180776159046218e-05,4.76346212963108e-05
ray_gpis_hit_only,Bowl,13,0,4,minus_y,minus_y,0.055287636117421934,0.055287636117421934,0.0,1.0,0.5,0.03333527878772913,0.055287636117421934,0.00426530933033431,4.1972158214775845e-05,5.112508006277494e-05,4.878642357653007e-05
ray_gpis_hit_only,Bowl,4,0,0,minus_x,minus_x,0.26186080190830824,0.26186080190830824,0.0,1.0,1.0,0.26186080190830824,0.1641170098779658,0.04250591276458271,8.498228999087587e-05,5.787948248325847e-05,5.2136816520942375e-05
ray_gpis_hit_only,Bowl,4,0,1,minus_x,minus_x,0.17853204615869955,0.17853204615869955,0.0,1.0,0.5,0.17853204615869955,0.17714839675507887,0.09892283509376099,5.146007242728956e-05,2.9889304641983472e-05,3.2510095479665324e-05
ray_gpis_hit_only,Bowl,4,0,2,plus_z,plus_z,0.053867738236636487,0.053867738236636487,0.0,1.0,1.0,0.005668900051917114,0.02425147416040574,0.053867738236636487,3.309891326352954e-05,3.474534969427623e-05,4.653900032280944e-05
ray_gpis_hit_only,Bowl,4,0,3,minus_x,minus_y,0.003801376600825912,0.023994475910716462,0.02019309930989055,0.0,-1.0,0.003801376600825912,0.023994475910716462,0.023396465668745536,4.237914617988281e-05,3.724691123352386e-05,4.121932579437271e-05
ray_gpis_hit_only,Bowl,4,0,4,plus_z,minus_x,0.008756182263876644,0.02248935605256941,0.013733173788692765,0.0,0.5,0.02248935605256941,0.0046798802774248305,0.008756182263876644,4.1953680920414627e-05,3.9903643482830375e-05,4.339535007602535e-05
ray_gpis_hit_only,Bowl,1,0,0,minus_y,minus_x,0.15733323946467198,0.29195723717760985,0.13462399771293787,0.0,0.5,0.29195723717760985,0.15733323946467198,0.08217195109188519,6.598291656700894e-05,7.789277151459828e-05,6.23951927991584e-05
ray_gpis_hit_only,Bowl,1,0,1,minus_y,minus_x,0.04826260504460955,0.1974191540028234,0.14915654895821384,0.0,0.5,0.1974191540028234,0.04826260504460955,0.030854129529896968,5.3253032092470676e-05,6.386263703461736e-05,4.9469545047031716e-05
ray_gpis_hit_only,Bowl,1,0,2,plus_z,minus_x,0.020486732941981556,0.15190240043071135,0.1314156674887298,0.0,-0.5,0.15190240043071135,0.1410338831474911,0.020486732941981556,5.6883873185142875e-05,5.441570101538673e-05,6.494484114227816e-05
ray_gpis_hit_only,Bowl,1,0,3,minus_x,minus_x,0.10791608789480889,0.10791608789480889,0.0,1.0,1.0,0.10791608789480889,0.08574871044085963,0.003761302798695687,5.4552630899706855e-05,5.4076252126833424e-05,5.1704904763028026e-05
ray_gpis_hit_only,Bowl,1,0,4,minus_y,minus_x,0.051193037381121576,0.11177783413614473,0.06058479675502315,0.0,-0.5,0.11177783413614473,0.051193037381121576,0.007178443201371509,4.965974221704528e-05,6.295285857049748e-05,5.674717976944521e-05
ray_gpis_hit_only,Bowl,12,0,0,minus_x,minus_x,0.23095230279492385,0.23095230279492385,0.0,1.0,0.5,0.23095230279492385,0.20645022832684423,0.08531024847232399,6.687588756904006e-05,3.591820495785214e-05,3.903224569512531e-05
ray_gpis_hit_only,Bowl,12,0,1,plus_z,minus_x,0.14790424140747693,0.1692635421231281,0.021359300715651175,0.0,0.5,0.1692635421231281,0.04521547598252473,0.14790424140747693,4.5793636672897264e-05,2.896101796068251e-05,5.1865394198102877e-05
ray_gpis_hit_only,Bowl,12,0,2,plus_z,minus_x,0.04407158279417667,0.07157672191880338,0.02750513912462671,0.0,-1.0,0.07157672191880338,0.05364151741992307,0.04407158279417667,3.205377288395539e-05,3.899113289662637e-05,4.104873369215056e-05
ray_gpis_hit_only,Bowl,12,0,3,plus_z,minus_x,0.021383503879518817,0.06942972218358923,0.04804621830407041,0.0,-1.0,0.06942972218358923,0.04641260161014782,0.021383503879518817,3.11663570755627e-05,4.6405115426750854e-05,4.99387169838883e-05
ray_gpis_hit_only,Bowl,12,0,4,plus_z,minus_x,0.018749099662914825,0.06276464096620527,0.04401554130329044,0.0,-0.5,0.06276464096620527,0.022633249430016433,0.018749099662914825,3.089864912908524e-05,3.0690520361531526e-05,4.3432086386019364e-05
ray_gpis_hit_only,Bowl,7,0,0,plus_z,minus_x,0.17747886138402125,0.23952074729534056,0.06204188591131932,0.0,-0.5,0.23952074729534056,0.1646325328553535,0.17747886138402125,6.290807505138218e-05,0.00010232461499981582,0.000130684653413482
ray_gpis_hit_only,Bowl,7,0,1,plus_z,minus_x,0.037487037883172425,0.18116423595321707,0.14367719807004464,0.0,-1.0,0.18116423595321707,0.10197742872777482,0.037487037883172425,3.772323907469399e-05,5.631515523418784e-05,7.467056275345385e-05
ray_gpis_hit_only,Bowl,7,0,2,plus_z,minus_y,0.041363336201070355,0.09181514751114839,0.05045181131007803,0.0,-0.5,0.07369685628748157,0.09181514751114839,0.041363336201070355,5.8898222050629556e-05,6.92235043970868e-05,7.688182813581079e-05
ray_gpis_hit_only,Bowl,7,0,3,minus_x,minus_y,0.09596686965816525,0.10104947902795935,0.0050826093697941,0.0,0.5,0.09596686965816525,0.10104947902795935,0.01951937432002826,6.901176675455645e-05,5.954016523901373e-05,5.545384556171484e-05
ray_gpis_hit_only,Bowl,7,0,4,minus_y,minus_x,0.07231422650979591,0.1740589601071566,0.10174473359736069,0.0,0.5,0.1740589601071566,0.07231422650979591,0.010080278869856185,4.655633892980404e-05,5.244586645858362e-05,4.633567368728109e-05
ray_gpis_hit_only,Bowl,14,0,0,minus_x,minus_x,0.1747502697276817,0.1747502697276817,0.0,1.0,1.0,0.1747502697276817,0.16024770500928032,0.08526297162847496,8.296853047795594e-05,7.134547922760248e-05,6.204659439390525e-05
ray_gpis_hit_only,Bowl,14,0,1,minus_x,minus_x,0.1562826714981025,0.1562826714981025,0.0,1.0,0.5,0.1562826714981025,0.08114577160741676,0.07848427055580343,6.913077231729403e-05,4.127602369408123e-05,5.0889029807876796e-05
ray_gpis_hit_only,Bowl,14,0,2,minus_x,minus_x,0.05506720776956375,0.05506720776956375,0.0,1.0,0.5,0.05506720776956375,0.003791719714391295,0.05133383252012236,4.555615669232793e-05,4.3647389247780666e-05,3.574129004846327e-05
ray_gpis_hit_only,Bowl,14,0,3,minus_x,minus_x,0.03654840658779013,0.03654840658779013,0.0,1.0,1.0,0.03654840658779013,0.011433333579507932,0.020490903355081524,4.191328844171949e-05,3.6643297789851204e-05,3.901626405422576e-05
ray_gpis_hit_only,Bowl,14,0,4,plus_z,minus_y,0.0029102130810340077,0.016137510311187264,0.013227297230153257,0.0,0.5,-0.012286560233114252,0.016137510311187264,0.0029102130810340077,3.54582371073775e-05,3.5995202779304236e-05,3.784537693718448e-05
ray_gpis_hit_only,Bowl,2,0,0,minus_x,minus_y,0.14779582283526949,0.20548571750280098,0.057689894667531494,0.0,-0.5,0.14779582283526949,0.20548571750280098,0.15936349950818252,7.824024942237884e-05,6.1744314734824e-05,3.927439320250414e-05
ray_gpis_hit_only,Bowl,2,0,1,minus_x,minus_x,0.18310014197484625,0.18310014197484625,0.0,1.0,1.0,0.18310014197484625,0.17991034134264394,0.09904745696144246,3.9222453779075295e-05,3.541370097082108e-05,2.4752596800681204e-05
ray_gpis_hit_only,Bowl,2,0,2,minus_y,minus_x,0.028362144031891412,0.031382398379024234,0.0030202543471328225,0.0,0.5,0.031382398379024234,0.028362144031891412,-0.015373461114105869,3.983694114140235e-05,5.617742863250896e-05,3.8652455259580165e-05
ray_gpis_hit_only,Bowl,2,0,3,plus_z,minus_x,0.026332423417995132,0.07991039588321802,0.05357797246522289,0.0,-0.5,0.07991039588321802,0.055092842232341455,0.026332423417995132,4.19458701799158e-05,3.0183486160240136e-05,6.017144914949313e-05
ray_gpis_hit_only,Bowl,2,0,4,minus_y,minus_x,0.04929372673309074,0.0866330196132108,0.037339292880120056,0.0,0.5,0.0866330196132108,0.04929372673309074,0.020352567250757958,4.8448124289279804e-05,6.479562580352649e-05,4.478533810470253e-05
ray_gpis_hit_only,Bowl,6,0,0,minus_x,minus_y,0.1920450061060618,0.21882031866438806,0.02677531255832627,0.0,0.5,0.1920450061060618,0.21882031866438806,0.03139186493863422,1.649983096285723e-05,1.6370267985621467e-05,1.515103031124454e-05
ray_gpis_hit_only,Bowl,6,0,1,minus_x,minus_y,0.16192345730449786,0.22566911837890913,0.06374566107441126,0.0,0.5,0.16192345730449786,0.22566911837890913,0.09961287442434352,0.00012766550935339183,0.00010260054841637611,4.540054578683339e-05
ray_gpis_hit_only,Bowl,6,0,2,minus_y,minus_y,0.04893348710425549,0.04893348710425549,0.0,1.0,1.0,0.018737076573737133,0.04893348710425549,-0.011367753760754273,7.201098196674138e-05,9.83689387794584e-05,5.814336327603087e-05
ray_gpis_hit_only,Bowl,6,0,3,plus_z,minus_x,0.09919917123583455,0.1110835548089748,0.011884383573140256,0.0,-0.5,0.1110835548089748,0.10311857355687626,0.09919917123583455,6.267325807129964e-05,4.145016282564029e-05,6.9904861447867e-05
ray_gpis_hit_only,Bowl,6,0,4,plus_z,plus_z,0.04561532705843552,0.04561532705843552,0.0,1.0,0.5,0.04391275710968612,0.037489362169565,0.04561532705843552,2.6705078198574483e-05,4.630164767149836e-05,6.470415246440098e-05
ray_gpis_hit_only,Bowl,3,0,0,minus_x,minus_x,0.32077351976914004,0.32077351976914004,0.0,1.0,0.5,0.32077351976914004,0.14820816877841925,0.15845884040363933,2.116604446200654e-05,2.0426170522114262e-05,1.9379378500161693e-05
ray_gpis_hit_only,Bowl,3,0,1,minus_x,minus_x,0.1552709436771269,0.1552709436771269,0.0,1.0,0.5,0.1552709436771269,0.10356200268513649,0.07224251952998051,6.81994206388481e-05,4.3003790779039264e-05,6.800226401537657e-05
ray_gpis_hit_only,Bowl,3,0,2,plus_z,minus_x,0.0387256392769606,0.06020284183547209,0.021477202558511488,0.0,0.5,0.06020284183547209,0.03632715404675524,0.0387256392769606,4.188029924989678e-05,4.028678449685685e-05,5.156394399818964e-05
ray_gpis_hit_only,Bowl,3,0,3,minus_x,minus_x,0.0849858791709267,0.0849858791709267,0.0,1.0,1.0,0.0849858791709267,0.06039142065013048,0.04686446973694669,5.0933336751768366e-05,4.120833909837529e-05,3.834190283669159e-05
ray_gpis_hit_only,Bowl,3,0,4,plus_z,minus_y,0.00248182947379616,0.04828723582891259,0.04580540635511643,0.0,-1.0,0.03877964938181788,0.04828723582891259,0.00248182947379616,4.7259705752367154e-05,3.706245479406789e-05,4.865210939897224e-05
ray_gpis_hit_only,Bowl,9,0,0,minus_x,minus_x,0.2597724210157057,0.2597724210157057,0.0,1.0,1.0,0.2597724210157057,0.07864848511882905,0.042203157285327364,6.020773435011506e-05,4.991817331756465e-05,4.634249125956558e-05
ray_gpis_hit_only,Bowl,9,0,1,plus_z,minus_x,0.10700903897694913,0.12629233177479748,0.01928329279784835,0.0,-0.5,0.12629233177479748,0.12089426287105298,0.10700903897694913,4.810949394595809e-05,4.224582517053932e-05,5.1063907449133694e-05
ray_gpis_hit_only,Bowl,9,0,2,plus_z,minus_y,0.029427093320639974,0.05066933803300111,0.021242244712361136,0.0,-0.5,0.030184061821764585,0.05066933803300111,0.029427093320639974,3.292038309155032e-05,4.461254138732329e-05,6.499295704998076e-05
ray_gpis_hit_only,Bowl,9,0,3,minus_y,plus_z,0.05416292396093192,0.08051344539515137,0.026350521434219454,0.0,0.5,0.020656326056938012,0.05416292396093192,0.08051344539515137,3.477912105154246e-05,5.2845389291178435e-05,5.048524690209888e-05
ray_gpis_hit_only,Bowl,9,0,4,minus_x,minus_x,0.029411228604669493,0.029411228604669493,0.0,1.0,0.5,0.029411228604669493,0.026274143287393747,0.017537112141478794,3.744526475202292e-05,2.578347994131036e-05,3.187467154930346e-05
ray_gpis_hit_only,Bowl,10,0,0,minus_x,minus_x,0.28409907202078677,0.28409907202078677,0.0,1.0,1.0,0.28409907202078677,0.2775288541023433,0.10604492963344717,4.285052455088589e-06,4.254668056091759e-06,3.8257817323028576e-06
ray_gpis_hit_only,Bowl,10,0,1,minus_x,minus_x,0.18171839101941256,0.18171839101941256,0.0,1.0,1.0,0.18171839101941256,0.07111890925988085,0.019483174532024194,0.0001324866316281259,7.493552402593195e-05,3.9739865314913914e-05
ray_gpis_hit_only,Bowl,10,0,2,plus_z,minus_y,0.08010654188384803,0.1277638259434246,0.04765728405957659,0.0,-0.5,0.03937255443115273,0.1277638259434246,0.08010654188384803,5.123748633195646e-05,3.856472176266834e-05,5.594250978901982e-05
ray_gpis_hit_only,Bowl,10,0,3,plus_z,minus_y,0.08058898490995958,0.08365990287386216,0.003070917963902575,0.0,0.5,0.06636156837870288,0.08365990287386216,0.08058898490995958,4.1002196667250246e-05,4.8604408220853657e-05,5.9923186199739575e-05
ray_gpis_hit_only,Bowl,10,0,4,plus_z,minus_x,0.008258540886215582,0.021030907219219963,0.012772366333004381,0.0,-1.0,0.021030907219219963,0.020496980710845603,0.008258540886215582,3.3071824873331934e-05,4.0276976505992934e-05,4.6755390940234065e-05
ray_gpis_hit_only,Bowl,5,0,0,minus_x,minus_x,0.164921184260425,0.164921184260425,0.0,1.0,1.0,0.164921184260425,0.13831484979148762,0.10388318764852333,6.683010724373162e-05,6.655099423369393e-05,3.574420406948775e-05
ray_gpis_hit_only,Bowl,5,0,1,minus_x,minus_x,0.13974837186513422,0.13974837186513422,0.0,1.0,1.0,0.13974837186513422,0.024404388788030418,0.07066838556503685,8.787502883933485e-05,5.190088995732367e-05,6.614701851503924e-05
ray_gpis_hit_only,Bowl,5,0,2,plus_z,minus_y,0.07918345988337538,0.08914874035723186,0.009965280473856475,0.0,-0.5,0.04376118096272952,0.08914874035723186,0.07918345988337538,3.665026815724559e-05,3.489658411126584e-05,6.133296119514853e-05
ray_gpis_hit_only,Bowl,5,0,3,minus_x,minus_x,0.05516426719046297,0.05516426719046297,0.0,1.0,0.5,0.05516426719046297,0.02685895123358817,0.014406132647762027,5.502815110958181e-05,3.568496322259307e-05,4.559243461699225e-05
ray_gpis_hit_only,Bowl,5,0,4,minus_x,minus_y,0.019327030916800103,0.04169896079120072,0.02237192987440062,0.0,-1.0,0.019327030916800103,0.04169896079120072,0.03215595122626913,5.128678458277136e-05,3.522074985085055e-05,4.0933686250355095e-05
ray_gpis_hit_only,Bowl,11,0,0,minus_x,minus_x,0.19576297317262364,0.19576297317262364,0.0,1.0,1.0,0.19576297317262364,0.18721073394909954,0.1389787494145745,6.373893847921863e-05,5.031174805480987e-05,4.4588941818801686e-05
ray_gpis_hit_only,Bowl,11,0,1,minus_y,minus_x,0.16387635975777104,0.19872276777390896,0.03484640801613792,0.0,0.5,0.19872276777390896,0.16387635975777104,0.1244836511946984,4.7137116780504584e-05,5.2151193813188e-05,4.477661059354432e-05
ray_gpis_hit_only,Bowl,11,0,2,plus_z,minus_x,0.04913535779270384,0.10331948158156457,0.05418412378886073,0.0,-0.5,0.10331948158156457,0.050773351021737745,0.04913535779270384,4.0237060602521524e-05,3.3220305340364575e-05,5.574751412495971e-05
ray_gpis_hit_only,Bowl,11,0,3,minus_y,minus_y,0.046128053730988605,0.046128053730988605,0.0,1.0,1.0,0.025807672981094876,0.046128053730988605,0.031037529457670243,3.76800999219995e-05,5.335074820322916e-05,4.726704355562106e-05
ray_gpis_hit_only,Bowl,11,0,4,plus_z,minus_y,0.016505536137956356,0.05519826341895884,0.03869272728100248,0.0,-0.5,0.036243891445058574,0.05519826341895884,0.016505536137956356,3.685850970214233e-05,4.4114502088632435e-05,5.634190529235639e-05
ray_gpis_hit_only,Bowl,0,0,0,minus_x,minus_x,0.2964142719550918,0.2964142719550918,0.0,1.0,1.0,0.2964142719550918,0.17574940487151813,0.1239715316519786,2.991896508319769e-05,2.938709621957969e-05,2.8961303542018868e-05
ray_gpis_hit_only,Bowl,0,0,1,minus_x,minus_y,0.08880822159730228,0.09169795967184602,0.002889738074543735,0.0,-0.5,0.08880822159730228,0.09169795967184602,0.06297600276086757,9.035368566401303e-05,3.498237856547348e-05,4.2020932596642524e-05
ray_gpis_hit_only,Bowl,0,0,2,plus_z,minus_x,0.010714330415638407,0.11040129615438132,0.09968696573874292,0.0,-0.5,0.11040129615438132,0.04213538853930576,0.010714330415638407,7.603733683936298e-05,2.9249766157590784e-05,7.761825690977275e-05
ray_gpis_hit_only,Bowl,0,0,3,minus_x,minus_x,0.11966973005786163,0.11966973005786163,0.0,1.0,1.0,0.11966973005786163,0.05844025839543765,0.042368592918297865,0.00010679065599106252,8.82763706613332e-05,7.918169285403565e-05
ray_gpis_hit_only,Bowl,0,0,4,plus_z,minus_y,0.051951488171727456,0.08045846201401496,0.02850697384228751,0.0,0.5,0.016929134989869588,0.08045846201401496,0.051951488171727456,3.028600985999219e-05,5.925116784055717e-05,6.052938988432288e-05
ray_gpis_hit_only,Cube,8,0,0,minus_x,minus_x,0.23172755424714453,0.23172755424714453,0.0,1.0,1.0,0.23172755424714453,0.08830938386972242,0.08023670757045104,2.518146538932342e-05,2.49058248300571e-05,2.427622166578658e-05
ray_gpis_hit_only,Cube,8,0,1,minus_x,minus_x,0.13563871760950985,0.13563871760950985,0.0,1.0,1.0,0.13563871760950985,0.05902418345903626,0.07754348360398522,6.654343451373279e-05,3.327718150103465e-05,5.230916212894954e-05
ray_gpis_hit_only,Cube,8,0,2,minus_x,minus_x,0.11742794838851367,0.11742794838851367,0.0,1.0,1.0,0.11742794838851367,0.009288020038599187,0.017244792375770923,5.346530815586448e-05,2.8787710107280873e-05,4.7300833102781326e-05
ray_gpis_hit_only,Cube,8,0,3,minus_x,minus_x,0.10751153395210655,0.10751153395210655,0.0,1.0,0.5,0.10751153395210655,0.02773148322930985,0.009610977227509587,3.715143975568935e-05,2.556537219788879e-05,2.927244349848479e-05
ray_gpis_hit_only,Cube,8,0,4,plus_z,plus_z,0.003910758423620875,0.003910758423620875,0.0,1.0,1.0,0.0037937493288097146,0.0012973351610959805,0.003910758423620875,2.307965769432485e-05,2.267849413328804e-05,2.351125658606179e-05
ray_gpis_hit_only,Cube,13,0,0,minus_x,minus_y,0.1304162118358923,0.18320221063221942,0.052785998796327116,0.0,0.5,0.1304162118358923,0.18320221063221942,0.11018129950199784,2.6312847694498487e-05,2.624241642479319e-05,2.565732938819565e-05
ray_gpis_hit_only,Cube,13,0,1,minus_x,minus_x,0.24567492244637212,0.24567492244637212,0.0,1.0,1.0,0.24567492244637212,0.20477622404811036,0.17731365234878782,8.432549657300115e-05,4.446418461157009e-05,3.274445407441817e-05
ray_gpis_hit_only,Cube,13,0,2,minus_x,minus_x,0.13276212224312423,0.13276212224312423,0.0,1.0,1.0,0.13276212224312423,0.07918857467672435,0.026888827806749505,4.4352862460073084e-05,4.13926609326154e-05,3.282918260083534e-05
ray_gpis_hit_only,Cube,13,0,3,minus_x,minus_x,0.08358041858930587,0.08358041858930587,0.0,1.0,1.0,0.08358041858930587,0.07657498807983942,0.029788340113641176,4.084860483999364e-05,3.2894822652451694e-05,2.2884800273459405e-05
ray_gpis_hit_only,Cube,13,0,4,minus_y,plus_z,0.00754063236824154,0.018805437306110284,0.011264804937868744,0.0,-0.5,0.005665238898133529,0.00754063236824154,0.018805437306110284,2.3053024051478133e-05,2.4578659576945938e-05,2.2373651518137194e-05
ray_gpis_hit_only,Cube,4,0,0,minus_x,minus_x,0.34828932458047124,0.34828932458047124,0.0,1.0,1.0,0.34828932458047124,0.22609639227199196,0.1589800047818828,5.3712419685325585e-06,5.262532340566395e-06,5.201765361562138e-06
ray_gpis_hit_only,Cube,4,0,1,minus_x,minus_x,0.14520910008849108,0.14520910008849108,0.0,1.0,0.5,0.14520910008849108,0.043315483478054695,0.09970761820439322,4.170561442151666e-05,2.9962950065964833e-05,2.960300844279118e-05
ray_gpis_hit_only,Cube,4,0,2,minus_y,minus_x,0.025641670605563105,0.028541438108823702,0.0028997675032605974,0.0,0.5,0.028541438108823702,0.025641670605563105,0.007161887697915592,2.4932676751632243e-05,2.6145222363993526e-05,2.4210670744650997e-05
ray_gpis_hit_only,Cube,4,0,3,minus_x,minus_y,0.015604828116896452,0.03304390650698186,0.017439078390085405,0.0,-0.5,0.015604828116896452,0.03304390650698186,0.02065934594161023,2.746989412116818e-05,2.5603165340726264e-05,2.449993189657107e-05
ray_gpis_hit_only,Cube,4,0,4,minus_x,minus_x,0.038589561617607404,0.038589561617607404,0.0,1.0,1.0,0.038589561617607404,0.02139085748454339,0.017186352499883317,2.674994175322354e-05,2.6612022338667884e-05,2.542063157306984e-05
ray_gpis_hit_only,Cube,1,0,0,minus_y,minus_x,0.09677066015162111,0.32764536095734703,0.23087470080572592,0.0,0.5,0.32764536095734703,0.09677066015162111,0.07612573942574002,5.854059781995602e-05,6.771003972971812e-05,2.4438610125798732e-05
ray_gpis_hit_only,Cube,1,0,1,minus_y,minus_y,0.19322547471709883,0.19322547471709883,0.0,1.0,1.0,0.17171036924254734,0.19322547471709883,0.06650859842220891,6.441761797759682e-05,7.02583565725945e-05,2.4001357814995572e-05
ray_gpis_hit_only,Cube,1,0,2,minus_x,minus_y,0.07051059269301185,0.12224992803203749,0.05173933533902564,0.0,0.5,0.07051059269301185,0.12224992803203749,0.055059419380010355,4.982237805961631e-05,4.9147212848765776e-05,2.647865767357871e-05
ray_gpis_hit_only,Cube,1,0,3,minus_y,minus_y,0.1233605062383496,0.1233605062383496,0.0,1.0,1.0,0.11863173932063853,0.1233605062383496,0.016646704002958757,4.147495928918943e-05,4.719050048151985e-05,2.7258107365923934e-05
ray_gpis_hit_only,Cube,1,0,4,minus_x,minus_x,0.03188678407892542,0.03188678407892542,0.0,1.0,0.5,0.03188678407892542,0.0129751363675783,0.019044125468715367,3.006952283612918e-05,2.619121914904099e-05,2.490404949639924e-05
ray_gpis_hit_only,Cube,12,0,0,minus_x,minus_x,0.28171954927038856,0.28171954927038856,0.0,1.0,0.5,0.28171954927038856,0.09109508849966175,0.10728382832014732,7.099709910107777e-05,5.956445602350868e-05,3.417123298277147e-05
ray_gpis_hit_only,Cube,12,0,1,minus_x,minus_x,0.1574941888371163,0.1574941888371163,0.0,1.0,1.0,0.1574941888371163,0.015722188624864075,0.040044528150168124,6.551994010806084e-05,3.062324321945198e-05,4.62173338746652e-05
ray_gpis_hit_only,Cube,12,0,2,minus_x,minus_x,0.06219442291510735,0.06219442291510735,0.0,1.0,0.5,0.06219442291510735,0.02683201418952308,0.024763655365008574,4.116674608667381e-05,2.5128638299065642e-05,3.026334525202401e-05
ray_gpis_hit_only,Cube,12,0,3,plus_z,plus_z,0.026507403165872745,0.026507403165872745,0.0,1.0,0.5,0.01174664112639634,0.014109361417250277,0.026507403165872745,2.587759809102863e-05,2.5143830498564057e-05,3.490182280074805e-05
ray_gpis_hit_only,Cube,12,0,4,minus_x,minus_x,0.04142207822359234,0.04142207822359234,0.0,1.0,1.0,0.04142207822359234,0.009345465652987772,0.01296189082284005,3.3842454286059365e-05,2.577592385932803e-05,2.8679896786343306e-05
ray_gpis_hit_only,Cube,7,0,0,minus_x,minus_x,0.23755274478933475,0.23755274478933475,0.0,1.0,0.5,0.23755274478933475,0.06523786018750011,0.0878180709567074,2.800458787532989e-05,2.7747148124035448e-05,2.6801755666383542e-05
ray_gpis_hit_only,Cube,7,0,1,minus_x,minus_x,0.2526980593820868,0.2526980593820868,0.0,1.0,0.5,0.2526980593820868,0.09889488544172731,0.058639021912492484,4.928335329168476e-05,2.82799155684188e-05,4.0187147533288226e-05
ray_gpis_hit_only,Cube,7,0,2,minus_x,minus_x,0.029465676547803965,0.029465676547803965,0.0,1.0,0.5,0.029465676547803965,0.0059145717098094686,0.007575098902135258,2.5436787836952135e-05,2.5146318876068108e-05,2.3880935259512626e-05
ray_gpis_hit_only,Cube,7,0,3,minus_x,minus_x,0.02592985050697061,0.02592985050697061,0.0,1.0,0.5,0.02592985050697061,0.0025823367853841095,0.01021502184186407,2.5670464310678653e-05,2.2729724150849506e-05,2.265587681904435e-05
ray_gpis_hit_only,Cube,7,0,4,minus_x,minus_x,0.02436757140487089,0.02436757140487089,0.0,1.0,1.0,0.02436757140487089,0.013167919889385593,0.006272999753354047,2.267747368023265e-05,2.263850183226168e-05,2.2476291633211076e-05
ray_gpis_hit_only,Cube,14,0,0,minus_x,minus_x,0.22608354142699133,0.22608354142699133,0.0,1.0,0.5,0.22608354142699133,0.050881874364644364,0.08572197455367464,4.951567461830564e-05,3.720193126355298e-05,2.7189702450414188e-05
ray_gpis_hit_only,Cube,14,0,1,minus_x,minus_x,0.15268256149052906,0.15268256149052906,0.0,1.0,0.5,0.15268256149052906,0.044301245655601895,0.06132932750794884,4.379720485303551e-05,4.247854303685017e-05,2.422038778604474e-05
ray_gpis_hit_only,Cube,14,0,2,plus_z,plus_z,0.06022755261577295,0.06022755261577295,0.0,1.0,1.0,0.033575479178372,0.03875883170445382,0.06022755261577295,2.7236143068876117e-05,2.7757103453041054e-05,3.0293404051917605e-05
ray_gpis_hit_only,Cube,14,0,3,minus_y,minus_x,0.01990843875982018,0.025481776803828793,0.005573338044008613,0.0,-0.5,0.025481776803828793,0.01990843875982018,0.020357107591514767,2.3215616238303483e-05,2.6668687496567145e-05,2.268840944452677e-05
ray_gpis_hit_only,Cube,14,0,4,plus_z,minus_x,0.0042357705140178,0.039046064734893915,0.034810294220876115,0.0,-0.5,0.039046064734893915,0.007918645653495426,0.0042357705140178,2.314621269761119e-05,2.312702599738259e-05,2.3252992832567543e-05
ray_gpis_hit_only,Cube,2,0,0,minus_x,plus_z,0.13181078863680634,0.17726038444478837,0.045449595807982024,0.0,-0.5,0.13181078863680634,0.11390568413700619,0.17726038444478837,2.798814603011124e-05,2.761163705145009e-05,2.6776919185067527e-05
ray_gpis_hit_only,Cube,2,0,1,minus_y,minus_y,0.09421753353699469,0.09421753353699469,0.0,1.0,0.5,-0.03547136090504921,0.09421753353699469,0.07008012051710477,5.4876712965779006e-05,6.143604696262628e-05,2.7647101887851022e-05
ray_gpis_hit_only,Cube,2,0,2,minus_x,minus_y,0.17585707682176743,0.21339023353554587,0.03753315671377844,0.0,0.0,0.17585707682176743,0.21339023353554587,0.17725136984315426,1.9279550542705692e-05,1.9279550542705692e-05,1.8967341020470485e-05
ray_gpis_hit_only,Cube,2,0,3,minus_y,plus_z,0.0928247426723916,0.11432667848808187,0.021501935815690265,0.0,-0.5,0.09957146105920378,0.0928247426723916,0.11432667848808187,3.9114376704674214e-05,5.6041553762042895e-05,4.561471359920688e-05
ray_gpis_hit_only,Cube,2,0,4,plus_z,minus_y,0.03240620476369149,0.03717345283050211,0.004767248066810614,0.0,-0.5,0.004362569779790104,0.03717345283050211,0.03240620476369149,3.492812538752332e-05,2.6979261747328565e-05,4.218923641019501e-05
ray_gpis_hit_only,Cube,6,0,0,minus_x,minus_x,0.15945031479185856,0.15945031479185856,0.0,1.0,0.5,0.15945031479185856,0.09458668891011268,0.038143723051602074,8.969659393187612e-05,4.7338035074062645e-05,6.462755118263885e-05
ray_gpis_hit_only,Cube,6,0,1,minus_x,minus_x,0.12282392837975264,0.12282392837975264,0.0,1.0,1.0,0.12282392837975264,0.03970805751784967,0.04595901208779685,4.557716238196008e-05,2.6431069272803143e-05,4.36770060332492e-05
ray_gpis_hit_only,Cube,6,0,2,minus_y,plus_z,0.008270018924990907,0.07919041172321906,0.07092039279822815,0.0,-0.5,0.04211010844933638,0.008270018924990907,0.07919041172321906,3.798589750658721e-05,4.7022196667967364e-05,3.9781429222784936e-05
ray_gpis_hit_only,Cube,6,0,3,minus_y,minus_y,0.056496045455283306,0.056496045455283306,0.0,1.0,0.5,-0.005842501393361954,0.056496045455283306,-0.037197767163478335,3.7857218558201566e-05,4.930818249704316e-05,4.058551348862238e-05
ray_gpis_hit_only,Cube,6,0,4,minus_y,minus_x,0.02246080353669755,0.034004379224662484,0.011543575687964935,0.0,-0.5,0.034004379224662484,0.02246080353669755,0.019389784584511127,3.5425866371952e-05,5.1915507356170565e-05,4.0021302993409336e-05
ray_gpis_hit_only,Cube,3,0,0,minus_x,minus_x,0.28507325730123445,0.28507325730123445,0.0,1.0,1.0,0.28507325730123445,0.1338997475363327,0.06897750212594267,1.7691632820060477e-05,1.7616781406104565e-05,1.736774720484391e-05
ray_gpis_hit_only,Cube,3,0,1,minus_x,minus_x,0.078363272507877,0.078363272507877,0.0,1.0,1.0,0.078363272507877,0.019454261918463556,0.008245243724175899,4.442446879693307e-05,4.3105974327772856e-05,2.943300933111459e-05
ray_gpis_hit_only,Cube,3,0,2,minus_y,minus_y,0.13299652618235824,0.13299652618235824,0.0,1.0,1.0,0.04110717839209799,0.13299652618235824,0.0016706568619471174,3.5773318813880906e-05,5.0428850954631343e-05,2.3678425350226462e-05
ray_gpis_hit_only,Cube,3,0,3,plus_z,minus_y,0.013106430629192367,0.01563826307215954,0.0025318324429671746,0.0,-0.5,0.011817714803746604,0.01563826307215954,0.013106430629192367,2.8123906304244883e-05,2.266644332848955e-05,2.8756619940395467e-05
ray_gpis_hit_only,Cube,3,0,4,minus_y,minus_y,0.010107446857756774,0.010107446857756774,0.0,1.0,0.5,0.0011227586387403399,0.010107446857756774,0.0008694438470204791,2.279201908095274e-05,2.291092459927313e-05,2.2818798242951743e-05
ray_gpis_hit_only,Cube,9,0,0,minus_x,minus_x,0.21047765220868092,0.21047765220868092,0.0,1.0,0.5,0.21047765220868092,0.03946801439984188,0.06908304997113496,2.3230966689880006e-05,2.308765033376403e-05,2.2633445041719824e-05
ray_gpis_hit_only,Cube,9,0,1,minus_x,minus_x,0.13088184576687978,0.13088184576687978,0.0,1.0,0.5,0.13088184576687978,0.03911386430876773,0.004391912288368438,4.726858242065646e-05,2.66271126747597e-05,3.117404048680328e-05
ray_gpis_hit_only,Cube,9,0,2,minus_x,plus_z,0.03684365341572404,0.04750600094444435,0.010662347528720306,0.0,-0.5,0.03684365341572404,0.03014936479706165,0.04750600094444435,3.394169470993802e-05,2.8756445317412727e-05,2.4908766135922633e-05
ray_gpis_hit_only,Cube,9,0,3,minus_y,minus_y,0.05693561121554691,0.05693561121554691,0.0,1.0,1.0,0.030103216847800374,0.05693561121554691,0.02606224031281934,2.716518247325439e-05,3.1867981306277215e-05,2.2636255380348302e-05
ray_gpis_hit_only,Cube,9,0,4,minus_y,minus_y,0.0280257572798851,0.0280257572798851,0.0,1.0,0.5,0.006193794230952454,0.0280257572798851,0.011121894225430973,2.2924019503989257e-05,2.7065225367550738e-05,2.2518161131301895e-05
ray_gpis_hit_only,Cube,10,0,0,minus_x,minus_x,0.21302634585203994,0.21302634585203994,0.0,1.0,1.0,0.21302634585203994,0.12092342095316855,0.09645396328533029,7.112939056241885e-05,6.378009857144207e-05,3.6600540624931455e-05
ray_gpis_hit_only,Cube,10,0,1,plus_z,minus_x,0.037416476921162456,0.1695804246191832,0.13216394769802076,0.0,-0.5,0.1695804246191832,0.0963647621538759,0.037416476921162456,5.628862345474772e-05,4.639770486392081e-05,5.955888263997622e-05
ray_gpis_hit_only,Cube,10,0,2,minus_x,minus_x,0.19495808694075734,0.19495808694075734,0.0,1.0,1.0,0.19495808694075734,0.0592536870091428,0.025243110563504034,6.750198372174054e-05,4.853732752962969e-05,4.212183557683602e-05
ray_gpis_hit_only,Cube,10,0,3,minus_x,minus_y,0.028691958788576888,0.029870428119172288,0.0011784693305953997,0.0,0.5,0.028691958788576888,0.029870428119172288,0.02149061080014869,3.236433258280158e-05,2.9416132747428492e-05,2.6510364477871917e-05
ray_gpis_hit_only,Cube,10,0,4,minus_x,minus_x,0.06192452808679427,0.06192452808679427,0.0,1.0,0.5,0.06192452808679427,0.047882844859206464,0.061158339413461604,3.4253360354341567e-05,2.267155832669232e-05,2.2645484932581894e-05
ray_gpis_hit_only,Cube,5,0,0,minus_x,minus_x,0.12958231724873043,0.12958231724873043,0.0,1.0,0.5,0.12958231724873043,0.11347526783154827,0.11659484365572964,6.860833764221752e-06,6.808540092606563e-06,6.624700290558394e-06
ray_gpis_hit_only,Cube,5,0,1,minus_x,minus_x,0.23645736673677736,0.23645736673677736,0.0,1.0,1.0,0.23645736673677736,0.17551368968900266,0.13178047868577208,1.0737093361967709e-05,1.055548000294948e-05,1.0467239007994067e-05
ray_gpis_hit_only,Cube,5,0,2,minus_x,minus_x,0.19045526136483248,0.19045526136483248,0.0,1.0,0.5,0.19045526136483248,0.06348923804993367,0.025343772168719303,5.827929271617904e-05,3.4569187846500427e-05,5.062060881755315e-05
ray_gpis_hit_only,Cube,5,0,3,minus_x,minus_x,0.06734289183665909,0.06734289183665909,0.0,1.0,1.0,0.06734289183665909,0.01227232306583359,0.02645448658119398,4.0883111068978906e-05,2.5686840672278777e-05,3.190032657585107e-05
ray_gpis_hit_only,Cube,5,0,4,minus_x,plus_z,0.018056331896677436,0.01963131738731705,0.0015749854906396132,0.0,0.5,0.018056331896677436,0.011318874487577624,0.01963131738731705,2.443362791382242e-05,2.3379287085845135e-05,2.3499869712395594e-05
ray_gpis_hit_only,Cube,11,0,0,minus_x,minus_x,0.2778215842154842,0.2778215842154842,0.0,1.0,0.5,0.2778215842154842,0.17372415858434598,0.17511694071416994,5.2995634177932516e-05,4.1768413211684674e-05,2.6354300644015893e-05
ray_gpis_hit_only,Cube,11,0,1,minus_x,minus_x,0.09567288907745686,0.09567288907745686,0.0,1.0,0.5,0.09567288907745686,0.04418144332776175,0.070468222899006,5.2460349252214655e-05,4.924610402667895e-05,2.3602493456564844e-05
ray_gpis_hit_only,Cube,11,0,2,minus_x,minus_x,0.13638227477427267,0.13638227477427267,0.0,1.0,0.5,0.13638227477427267,0.06965838321012918,0.03922328576237599,5.089457772555761e-05,2.505250995454844e-05,3.9546663174405694e-05
ray_gpis_hit_only,Cube,11,0,3,minus_x,plus_z,-0.0026620314074514706,0.03866490037334713,0.041326931780798604,0.0,-0.5,-0.0026620314074514706,-0.0012341654949847847,0.03866490037334713,3.1664727430325e-05,2.2998601707513444e-05,2.534922896302305e-05
ray_gpis_hit_only,Cube,11,0,4,plus_z,minus_y,0.016242478965277085,0.026379333879371636,0.01013685491409455,0.0,-0.5,0.0037453538502941752,0.026379333879371636,0.016242478965277085,3.049889528483618e-05,2.3697788492427208e-05,3.174056109855883e-05
ray_gpis_hit_only,Cube,0,0,0,minus_x,minus_x,0.34453419315154543,0.34453419315154543,0.0,1.0,1.0,0.34453419315154543,0.2336496262881011,0.11151615815560667,8.069126238297031e-07,8.023006330404314e-07,7.863309861022572e-07
ray_gpis_hit_only,Cube,0,0,1,minus_x,minus_x,0.21928640634601893,0.21928640634601893,0.0,1.0,0.5,0.21928640634601893,0.10353381879839818,0.12068203613276485,5.7451081374892965e-05,3.4473108826205134e-05,2.9581970011349767e-05
ray_gpis_hit_only,Cube,0,0,2,minus_x,minus_x,0.09045589590897285,0.09045589590897285,0.0,1.0,1.0,0.09045589590897285,0.07839798503621409,0.01078733205381699,3.5301367461215705e-05,3.510158057906665e-05,2.431676330161281e-05
ray_gpis_hit_only,Cube,0,0,3,minus_y,minus_y,0.04626660849402853,0.04626660849402853,0.0,1.0,1.0,0.017906060060015938,0.04626660849402853,0.007263153795178057,2.3637110643903725e-05,2.863836743927095e-05,2.295210651936941e-05
ray_gpis_hit_only,Cube,0,0,4,minus_y,plus_z,0.01719317349140137,0.023641800618874442,0.006448627127473072,0.0,-0.5,0.019881998922979927,0.01719317349140137,0.023641800618874442,2.2871856344863772e-05,2.311935713805724e-05,2.2909651306690648e-05
ray_gpis_hit_only,Thin_Irregular,8,0,0,minus_x,minus_x,0.26782490209581944,0.26782490209581944,0.0,1.0,0.5,0.26782490209581944,0.0529658662672588,0.1843280870101347,0.000102905003586784,9.750157914822921e-05,5.2906172641087323e-05
ray_gpis_hit_only,Thin_Irregular,8,0,1,minus_x,minus_x,0.13145758162463972,0.13145758162463972,0.0,1.0,1.0,0.13145758162463972,0.0737047488573529,0.04649253493326888,5.519204933079891e-05,4.4307838834356517e-05,3.777684105443768e-05
ray_gpis_hit_only,Thin_Irregular,8,0,2,minus_y,minus_y,0.09767280146833379,0.09767280146833379,0.0,1.0,1.0,0.06516474375270709,0.09767280146833379,0.04491828278467824,4.575994171318598e-05,4.670873750001192e-05,4.071144212502986e-05
ray_gpis_hit_only,Thin_Irregular,8,0,3,minus_x,minus_y,0.04196787814946101,0.043695912300945605,0.001728034151484592,0.0,0.5,0.04196787814946101,0.043695912300945605,0.004942711132860267,5.6670658523216844e-05,4.721550067188218e-05,2.5223493139492348e-05
ray_gpis_hit_only,Thin_Irregular,8,0,4,minus_y,minus_y,0.08595436751707974,0.08595436751707974,0.0,1.0,1.0,0.07253809326290761,0.08595436751707974,0.03703098007375294,5.1538860134314746e-05,5.506549496203661e-05,4.6225210098782554e-05
ray_gpis_hit_only,Thin_Irregular,13,0,0,minus_x,minus_x,0.16780887190451121,0.16780887190451121,0.0,1.0,1.0,0.16780887190451121,0.06179222950905372,0.03141331029502359,0.000122612138511613,6.776103691663593e-05,5.2592120482586324e-05
ray_gpis_hit_only,Thin_Irregular,13,0,1,minus_x,plus_z,0.03749823255208362,0.040799387693435496,0.0033011551413518747,0.0,0.5,0.03749823255208362,0.0017965934036214826,0.040799387693435496,8.812048326944932e-05,2.6059769879793748e-05,8.124735177261755e-05
ray_gpis_hit_only,Thin_Irregular,13,0,2,minus_x,minus_x,0.14186547847328823,0.14186547847328823,0.0,1.0,1.0,0.14186547847328823,0.024708137749653747,0.06313531406394712,0.00014468248991761357,5.5926408094819635e-05,5.959260306553915e-05
ray_gpis_hit_only,Thin_Irregular,13,0,3,plus_z,minus_x,0.05040693353545023,0.05679455521336363,0.006387621677913402,0.0,0.5,0.05679455521336363,0.03054649315684077,0.05040693353545023,4.179411189397797e-05,3.694507904583588e-05,4.299254942452535e-05
ray_gpis_hit_only,Thin_Irregular,13,0,4,minus_y,minus_x,0.02152087003287062,0.03081933468254605,0.00929846464967543,0.0,0.5,0.03081933468254605,0.02152087003287062,-0.010557299673761733,3.569972250261344e-05,3.967420707340352e-05,2.3618718842044473e-05
ray_gpis_hit_only,Thin_Irregular,4,0,0,minus_y,minus_y,0.24205018671822914,0.24205018671822914,0.0,1.0,1.0,0.23686452783787487,0.24205018671822914,0.22055487133808643,7.088636630214751e-05,7.297996489796788e-05,4.4661959691438824e-05
ray_gpis_hit_only,Thin_Irregular,4,0,1,minus_x,minus_x,0.17375131395412036,0.17375131395412036,0.0,1.0,1.0,0.17375131395412036,0.07503377573334102,0.05037351749798047,0.00010878160537686199,0.0001036495523294434,4.17479059251491e-05
ray_gpis_hit_only,Thin_Irregular,4,0,2,minus_x,minus_x,0.11221856545841813,0.11221856545841813,0.0,1.0,1.0,0.11221856545841813,0.052915321769702484,0.028465287724559585,6.098659650888294e-05,4.3925403588218614e-05,3.3070897188736126e-05
ray_gpis_hit_only,Thin_Irregular,4,0,3,minus_x,minus_y,0.0521288827498021,0.0631319429536259,0.0110030602038238,0.0,-0.5,0.0521288827498021,0.0631319429536259,0.030426592045257217,3.795129305217415e-05,3.2687345083104447e-05,3.36968842020724e-05
ray_gpis_hit_only,Thin_Irregular,4,0,4,minus_x,minus_y,0.016681394921274517,0.03415154722785907,0.017470152306584552,0.0,0.5,0.016681394921274517,0.03415154722785907,0.008147917560158202,4.070643990417011e-05,3.62821519956924e-05,2.3176968170446344e-05
ray_gpis_hit_only,Thin_Irregular,1,0,0,minus_y,minus_x,0.05675441643258711,0.1805670188134551,0.123812602380868,0.0,0.5,0.1805670188134551,0.05675441643258711,0.045771652852527545,8.599903230788186e-05,0.0001066943077603355,4.070619252161123e-05
ray_gpis_hit_only,Thin_Irregular,1,0,1,minus_y,minus_x,0.1710845200227754,0.2656531411890154,0.09456862116623999,0.0,0.5,0.2656531411890154,0.1710845200227754,0.0602990983061058,0.00015395903028547764,0.0001745983463479206,3.461869710008614e-05
ray_gpis_hit_only,Thin_Irregular,1,0,2,minus_x,minus_x,0.13910396909653433,0.13910396909653433,0.0,1.0,1.0,0.13910396909653433,0.09817080306760717,0.018372101271531105,0.00011784564412664622,9.111290273722261e-05,2.6697474822867662e-05
ray_gpis_hit_only,Thin_Irregular,1,0,3,minus_y,minus_x,0.03839708731230129,0.08210277538999344,0.04370568807769215,0.0,0.5,0.08210277538999344,0.03839708731230129,0.037824213183233146,5.235425123828463e-05,5.9519847127376124e-05,2.8553031370393e-05
ray_gpis_hit_only,Thin_Irregular,1,0,4,minus_x,minus_x,0.08535613670726028,0.08535613670726028,0.0,1.0,1.0,0.08535613670726028,0.00766680566671929,0.004364322882211891,6.0960323025938123e-05,5.756983227911405e-05,4.6331224439200014e-05
ray_gpis_hit_only,Thin_Irregular,12,0,0,minus_y,minus_x,0.18262876466850514,0.20491302364817682,0.02228425897967168,0.0,0.5,0.20491302364817682,0.18262876466850514,0.1031239032212064,5.455185964819975e-05,8.463006815873086e-05,3.430261858738959e-05
ray_gpis_hit_only,Thin_Irregular,12,0,1,minus_y,minus_x,0.07657186045255548,0.12883521260358766,0.05226335215103217,0.0,0.5,0.12883521260358766,0.07657186045255548,0.06537093358361112,6.322192348306999e-05,7.841164187993854e-05,3.7065201468067244e-05
ray_gpis_hit_only,Thin_Irregular,12,0,2,minus_y,minus_y,0.13645763951353496,0.13645763951353496,0.0,1.0,1.0,0.08966227657895842,0.13645763951353496,0.028115842830372606,5.9080230130348355e-05,8.134925155900419e-05,2.597811362647917e-05
ray_gpis_hit_only,Thin_Irregular,12,0,3,minus_x,minus_x,0.05772384814403975,0.05772384814403975,0.0,1.0,1.0,0.05772384814403975,0.05114008804393244,0.05113504126130597,3.956389264203608e-05,2.873660378099885e-05,2.4996374122565612e-05
ray_gpis_hit_only,Thin_Irregular,12,0,4,minus_x,minus_y,0.02888618403951293,0.03563538694836743,0.006749202908854501,0.0,0.5,0.02888618403951293,0.03563538694836743,0.0027260447469351634,2.7558216970646754e-05,2.7052625227952376e-05,2.3797634639777243e-05
ray_gpis_hit_only,Thin_Irregular,7,0,0,plus_z,minus_x,0.0457159269647931,0.25470051114640896,0.20898458418161586,0.0,-0.5,0.25470051114640896,0.14865778761005677,0.0457159269647931,0.0001070959260687232,9.820293780649081e-05,0.0001240351120941341
ray_gpis_hit_only,Thin_Irregular,7,0,1,minus_x,minus_x,0.20418939725758217,0.20418939725758217,0.0,1.0,0.5,0.20418939725758217,0.17921136578344382,0.0459984658172124,0.0002706184459384531,6.156122253742069e-05,8.081409760052338e-05
ray_gpis_hit_only,Thin_Irregular,7,0,2,minus_x,minus_x,0.2042902506608003,0.2042902506608003,0.0,1.0,1.0,0.2042902506608003,0.05127272457294019,0.03639013483646014,0.0001395508588757366,3.8067522837081924e-05,3.3732936572050676e-05
ray_gpis_hit_only,Thin_Irregular,7,0,3,plus_z,plus_z,0.04703904319448493,0.04703904319448493,0.0,1.0,1.0,0.044316748472295164,0.017605512853078653,0.04703904319448493,4.8351339501095936e-05,4.128049113205634e-05,5.1725168304983526e-05
ray_gpis_hit_only,Thin_Irregular,7,0,4,plus_z,minus_y,0.039649221915251665,0.04040107923562042,0.000751857320368754,0.0,0.5,0.013746556271345356,0.04040107923562042,0.039649221915251665,3.0326245905598626e-05,3.370951526449062e-05,3.5809018299914896e-05
ray_gpis_hit_only,Thin_Irregular,14,0,0,minus_x,minus_x,0.19843087186980757,0.19843087186980757,0.0,1.0,0.5,0.19843087186980757,0.1905903541484676,0.08074100473259849,0.00018448657647240907,8.386822446482256e-05,9.151300764642656e-05
ray_gpis_hit_only,Thin_Irregular,14,0,1,minus_x,minus_x,0.2340407589072791,0.2340407589072791,0.0,1.0,1.0,0.2340407589072791,0.10175995010822075,0.026184790428072702,9.218267223332077e-05,7.857911987230182e-05,4.135728158871643e-05
ray_gpis_hit_only,Thin_Irregular,14,0,2,minus_x,minus_x,0.12985004549393242,0.12985004549393242,0.0,1.0,1.0,0.12985004549393242,0.07719263745590643,0.02478901178866677,6.453116657212377e-05,5.950211198069155e-05,4.398135934025049e-05
ray_gpis_hit_only,Thin_Irregular,14,0,3,minus_x,minus_y,0.006502088262593353,0.048163202810399874,0.04166111454780652,0.0,-0.5,0.006502088262593353,0.048163202810399874,0.020186019723965054,3.531717447913252e-05,3.22047526424285e-05,3.1790186767466366e-05
ray_gpis_hit_only,Thin_Irregular,14,0,4,minus_y,minus_x,0.03351366999103633,0.03922742590059136,0.005713755909555029,0.0,-1.0,0.03922742590059136,0.03351366999103633,0.03860952993115574,3.081718023167923e-05,3.493770054774359e-05,3.26265835610684e-05
ray_gpis_hit_only,Thin_Irregular,2,0,0,minus_x,plus_z,0.24516132109185806,0.24758895253665858,0.0024276314448005154,0.0,-0.5,0.24516132109185806,0.2449164167116129,0.24758895253665858,5.393461378844222e-06,5.215466899244348e-06,5.088693797006272e-06
ray_gpis_hit_only,Thin_Irregular,2,0,1,minus_x,minus_x,0.0424929299627273,0.0424929299627273,0.0,1.0,0.5,0.0424929299627273,-0.0313830690742532,-0.0027727999359252187,0.00012177379539934918,9.116237924899906e-05,3.2335858122678474e-05
ray_gpis_hit_only,Thin_Irregular,2,0,2,minus_x,plus_z,0.13232378762672353,0.2318794646668217,0.09955567704009816,0.0,0.5,0.13232378762672353,0.1209971510454449,0.2318794646668217,6.649560964433476e-05,2.897212834795937e-05,6.280735397012904e-05
ray_gpis_hit_only,Thin_Irregular,2,0,3,minus_x,minus_y,0.037298994394294294,0.06784885908713101,0.030549864692836715,0.0,-0.5,0.037298994394294294,0.06784885908713101,0.03652977844822913,6.04117194598075e-05,2.2590698790736496e-05,4.847935269935988e-05
ray_gpis_hit_only,Thin_Irregular,2,0,4,minus_x,minus_y,0.005745786777334283,0.02338912794946535,0.017643341172131066,0.0,-0.5,0.005745786777334283,0.02338912794946535,-0.027120780164651248,6.62547827232629e-05,2.308198600076139e-05,5.299404438119382e-05
ray_gpis_hit_only,Thin_Irregular,6,0,0,minus_y,minus_x,0.13607688017811004,0.19018361134450157,0.05410673116639153,0.0,0.5,0.19018361134450157,0.13607688017811004,0.04256075005833915,0.00011543403525138274,0.0001160549363703467,9.879417484626174e-05
ray_gpis_hit_only,Thin_Irregular,6,0,1,minus_y,minus_y,0.1118619900738047,0.1118619900738047,0.0,1.0,0.5,0.060557390874688144,0.1118619900738047,0.08005820564310506,0.00017261606990359724,0.0002225167118012905,2.8936374292243272e-05
ray_gpis_hit_only,Thin_Irregular,6,0,2,minus_y,minus_y,0.08840217781311333,0.08840217781311333,0.0,1.0,0.5,0.05695218233459709,0.08840217781311333,0.07308413924034818,6.159219628898427e-05,0.00012611337297130376,5.266106381895952e-05
ray_gpis_hit_only,Thin_Irregular,6,0,3,minus_x,minus_x,0.014530343195678475,0.014530343195678475,0.0,1.0,1.0,0.014530343195678475,-0.005841476266100432,-0.02463428138328083,7.040688797133043e-05,6.609130650758743e-05,4.4419019104680046e-05
ray_gpis_hit_only,Thin_Irregular,6,0,4,minus_y,plus_z,0.03620035436411695,0.059375408837490706,0.023175054473373757,0.0,-0.5,0.013003976233095571,0.03620035436411695,0.059375408837490706,3.0577790312236175e-05,4.224112126394175e-05,2.8817199563491158e-05
ray_gpis_hit_only,Thin_Irregular,3,0,0,minus_x,minus_x,0.21692283410661195,0.21692283410661195,0.0,1.0,1.0,0.21692283410661195,0.17476678060543555,0.10972717013655237,0.00014624970208387822,0.00010182519326917827,6.981720071053132e-05
ray_gpis_hit_only,Thin_Irregular,3,0,1,minus_x,minus_x,0.1789115218747187,0.1789115218747187,0.0,1.0,0.5,0.1789115218747187,0.11422864456280934,0.029603391726298556,0.00011548698967089877,3.362038478371687e-05,5.061515184934251e-05
ray_gpis_hit_only,Thin_Irregular,3,0,2,minus_x,minus_x,0.11910244523312352,0.11910244523312352,0.0,1.0,0.5,0.11910244523312352,0.0965994193243549,0.09453580820926566,5.050894105806947e-05,4.485543831833638e-05,4.487824480747804e-05
ray_gpis_hit_only,Thin_Irregular,3,0,3,minus_y,minus_x,0.022878344348153945,0.04918813275772571,0.026309788409571766,0.0,-0.5,0.04918813275772571,0.022878344348153945,0.044686634293796934,3.096383443335071e-05,3.1476836738875136e-05,2.5176686904160306e-05
ray_gpis_hit_only,Thin_Irregular,3,0,4,minus_y,minus_y,0.06485903810698435,0.06485903810698435,0.0,1.0,1.0,0.026811937797467156,0.06485903810698435,0.052460540389675736,2.4574475901317783e-05,2.89245381281944e-05,2.6998113753506914e-05
ray_gpis_hit_only,Thin_Irregular,9,0,0,minus_x,plus_z,0.29302032741675643,0.3420216610942787,0.04900133367752224,0.0,0.5,0.29302032741675643,0.23235693790947612,0.3420216610942787,1.5791007399457158e-06,1.561380940984236e-06,1.5662184296161286e-06
ray_gpis_hit_only,Thin_Irregular,9,0,1,minus_x,minus_y,0.05843822525966125,0.08021489145543292,0.021776666195771677,0.0,-0.5,0.05843822525966125,0.08021489145543292,0.019308008539007215,0.00014184793690219522,6.131571717560291e-05,7.089455175446346e-05
ray_gpis_hit_only,Thin_Irregular,9,0,2,minus_x,minus_x,0.14484785610884088,0.14484785610884088,0.0,1.0,0.5,0.14484785610884088,0.09145175477719047,0.11209212227606313,0.00013410764222498983,0.00010797702998388559,5.8049699873663485e-05
ray_gpis_hit_only,Thin_Irregular,9,0,3,minus_x,minus_y,0.054691516089565906,0.10642540555819824,0.05173388946863233,0.0,-0.5,0.054691516089565906,0.10642540555819824,0.05742080617579104,8.096324745565653e-05,5.85927591600921e-05,4.669560075853951e-05
ray_gpis_hit_only,Thin_Irregular,9,0,4,minus_y,minus_x,0.08946352279060554,0.095189361399318,0.005725838608712452,0.0,0.5,0.095189361399318,0.08946352279060554,0.015317998201401894,7.982789247762412e-05,8.45239992486313e-05,3.200803985237144e-05
ray_gpis_hit_only,Thin_Irregular,10,0,0,minus_y,minus_y,0.006707638305987196,0.006707638305987196,0.0,1.0,0.5,-0.012460671647169796,0.006707638305987196,0.005195635313259339,0.00010977398051181808,0.000134096437250264,6.129674875410274e-05
ray_gpis_hit_only,Thin_Irregular,10,0,1,minus_y,minus_y,0.254091373257957,0.254091373257957,0.0,1.0,0.0,0.1678356510665388,0.254091373257957,0.23166245164476468,2.235700776509475e-05,2.235700776509475e-05,2.1442863726406358e-05
ray_gpis_hit_only,Thin_Irregular,10,0,2,minus_x,minus_y,0.06573626751113759,0.09479417243829047,0.029057904927152878,0.0,0.5,0.06573626751113759,0.09479417243829047,0.05233256670358499,7.719864515820518e-05,4.8276862798957154e-05,3.0775107006775215e-05
ray_gpis_hit_only,Thin_Irregular,10,0,3,plus_z,minus_x,0.06489369204530682,0.06882264685092832,0.0039289548056214985,0.0,0.5,0.06882264685092832,0.03185767086778368,0.06489369204530682,5.095889719086699e-05,4.117914431844838e-05,6.42085142317228e-05
ray_gpis_hit_only,Thin_Irregular,10,0,4,minus_x,minus_x,0.061421778946496364,0.061421778946496364,0.0,1.0,1.0,0.061421778946496364,0.04500966896055214,0.005484149905834124,3.74143201042898e-05,3.616434696596116e-05,3.337848829687573e-05
ray_gpis_hit_only,Thin_Irregular,5,0,0,minus_y,minus_x,0.15226254180971416,0.19147563438574394,0.039213092576029784,0.0,0.5,0.19147563438574394,0.15226254180971416,0.010211636940811453,5.871940447832458e-05,7.277265831362456e-05,3.9463902794523165e-05
ray_gpis_hit_only,Thin_Irregular,5,0,1,minus_y,minus_y,0.08364619125213091,0.08364619125213091,0.0,1.0,0.5,0.017016993854047646,0.08364619125213091,0.032759469139443054,7.69433900131844e-05,8.895340579329059e-05,4.365454151411541e-05
ray_gpis_hit_only,Thin_Irregular,5,0,2,minus_y,minus_y,0.058208919344341026,0.058208919344341026,0.0,1.0,0.5,0.02736787012394548,0.058208919344341026,0.03202036286499643,5.56337799935136e-05,8.913999772630632e-05,4.351599272922613e-05
ray_gpis_hit_only,Thin_Irregular,5,0,3,minus_x,minus_y,0.051094361260083265,0.0920619310535189,0.04096756979343563,0.0,-0.5,0.051094361260083265,0.0920619310535189,0.05155112026332698,4.754113979288377e-05,4.378095400170423e-05,3.838086922769435e-05
ray_gpis_hit_only,Thin_Irregular,5,0,4,minus_x,minus_x,0.09520148100563475,0.09520148100563475,0.0,1.0,1.0,0.09520148100563475,0.061892675734293245,0.05680041714091266,4.387680746731348e-05,4.245920354151167e-05,3.272936010034755e-05
ray_gpis_hit_only,Thin_Irregular,11,0,0,minus_x,minus_x,0.19953950472967374,0.19953950472967374,0.0,1.0,1.0,0.19953950472967374,0.1799225982889714,0.1134177880908171,9.952647087629884e-05,6.905062036821619e-05,3.2857293263077736e-05
ray_gpis_hit_only,Thin_Irregular,11,0,1,minus_x,minus_x,0.13409158682454225,0.13409158682454225,0.0,1.0,1.0,0.13409158682454225,0.12762959825276843,0.03119444102858926,9.612444409867749e-05,6.095306889619678e-05,3.2587111491011456e-05
ray_gpis_hit_only,Thin_Irregular,11,0,2,plus_z,minus_x,0.09357557948728368,0.125394315339466,0.03181873585218231,0.0,0.5,0.125394315339466,0.04006477203372061,0.09357557948728368,6.425826722988859e-05,3.158720210194588e-05,6.747904990334064e-05
ray_gpis_hit_only,Thin_Irregular,11,0,3,minus_x,minus_x,0.09287468301892277,0.09287468301892277,0.0,1.0,1.0,0.09287468301892277,0.04819168105859317,-0.001990898018585985,5.61150154680945e-05,4.5493732613977045e-05,2.79284140560776e-05
ray_gpis_hit_only,Thin_Irregular,11,0,4,minus_x,minus_x,0.03984984452659801,0.03984984452659801,0.0,1.0,1.0,0.03984984452659801,0.005746884523041729,0.011929672523978696,4.5404780394164845e-05,2.325246350665111e-05,2.3874195903772488e-05
ray_gpis_hit_only,Thin_Irregular,0,0,0,minus_x,minus_x,0.30566719491393396,0.30566719491393396,0.0,1.0,1.0,0.30566719491393396,0.19695183073301142,0.09690713200986828,0.00013163058611098677,9.700067312223837e-05,7.978602661751211e-05
ray_gpis_hit_only,Thin_Irregular,0,0,1,minus_x,minus_x,0.23085918220161328,0.23085918220161328,0.0,1.0,1.0,0.23085918220161328,0.0283342783385101,0.03081139770916752,9.200373460771516e-05,2.7573354600463063e-05,5.136891923029907e-05
ray_gpis_hit_only,Thin_Irregular,0,0,2,plus_z,minus_x,0.011261309682125908,0.05970045727243778,0.04843914759031187,0.0,-0.5,0.05970045727243778,0.02370785843793055,0.011261309682125908,5.228860391071066e-05,2.3997039534151554e-05,5.5305048590525985e-05
ray_gpis_hit_only,Thin_Irregular,0,0,3,minus_x,minus_x,0.07307983955687514,0.07307983955687514,0.0,1.0,1.0,0.07307983955687514,0.0052545985850719346,0.002572128350601055,5.813720781588927e-05,3.8114405469968915e-05,2.320301064173691e-05
ray_gpis_hit_only,Thin_Irregular,0,0,4,plus_z,plus_z,0.01842284654397064,0.01842284654397064,0.0,1.0,0.5,0.011443805478156932,-0.0033496040930043325,0.01842284654397064,2.6215280740871094e-05,3.2575604564044625e-05,3.437625855440274e-05
er_gpis,green_Pepper,8,0,0,minus_x,minus_y,0.07035286518524803,0.28103170916146725,0.21067884397621922,0.0,-1.0,0.07035286518524803,0.28103170916146725,0.11464543095396129,4.6296162605285645,4.532766342163086,4.551342010498047
er_gpis,green_Pepper,8,0,1,minus_x,minus_x,0.318013306932803,0.318013306932803,0.0,1.0,0.5,0.318013306932803,0.2531623783433408,0.16588763202435503,3.530449867248535,3.5000386238098145,3.513011932373047
er_gpis,green_Pepper,8,0,2,minus_x,minus_x,0.1030755724768535,0.1030755724768535,0.0,1.0,1.0,0.1030755724768535,0.010833076572839606,0.03406748203052867,6.388370513916016,6.20194673538208,6.350676536560059
er_gpis,green_Pepper,8,0,3,minus_x,minus_x,0.10928369704439689,0.10928369704439689,0.0,1.0,1.0,0.10928369704439689,0.0271073890795388,0.06467838044714103,14.42187786102295,14.172221183776855,14.342769622802734
er_gpis,green_Pepper,8,0,4,minus_x,plus_z,-0.06544310599607672,-0.03490838199456747,0.03053472400150925,0.0,-1.0,-0.06544310599607672,-0.04990628837952482,-0.03490838199456747,12.009446144104004,11.971671104431152,11.900628089904785
er_gpis,green_Pepper,13,0,0,minus_x,minus_x,0.2617166216057381,0.2617166216057381,0.0,1.0,0.5,0.2617166216057381,0.17209189656558893,0.05615393697143417,5.3459906578063965,5.101686000823975,5.213627338409424
er_gpis,green_Pepper,13,0,1,minus_x,minus_x,0.1825906917966521,0.1825906917966521,0.0,1.0,1.0,0.1825906917966521,0.14387374347584814,0.13088367631315,3.962963104248047,3.816771984100342,3.7884697914123535
er_gpis,green_Pepper,13,0,2,minus_y,minus_x,0.06749724363502829,0.08161527894308207,0.014118035308053778,0.0,0.5,0.08161527894308207,0.06749724363502829,0.022104677638431935,2.762695550918579,2.77032732963562,2.6372838020324707
er_gpis,green_Pepper,13,0,3,minus_x,minus_x,-0.013432529354530542,-0.013432529354530542,0.0,1.0,1.0,-0.013432529354530542,-0.04999793703798272,-0.06656725357696136,1.930306077003479,1.9081929922103882,1.8969849348068237
er_gpis,green_Pepper,13,0,4,plus_z,minus_y,0.02834899037875649,0.04693225039126392,0.01858326001250743,0.0,0.5,0.021405421294010907,0.04693225039126392,0.02834899037875649,3.4852399826049805,3.506228446960449,3.5082786083221436
er_gpis,green_Pepper,4,0,0,minus_x,minus_x,0.23513748297246262,0.23513748297246262,0.0,1.0,1.0,0.23513748297246262,0.05230825555710794,0.05888837582615264,4.813050270080566,4.561176776885986,4.646897315979004
er_gpis,green_Pepper,4,0,1,minus_x,minus_x,0.12454461127519123,0.12454461127519123,0.0,1.0,1.0,0.12454461127519123,0.054657013197292215,0.05912136613801222,3.866508960723877,3.5771100521087646,3.7165467739105225
er_gpis,green_Pepper,4,0,2,minus_x,minus_x,0.08873718028519473,0.08873718028519473,0.0,1.0,1.0,0.08873718028519473,0.02651906284747174,0.015080127610703986,2.3157947063446045,2.219701051712036,2.2164719104766846
er_gpis,green_Pepper,4,0,3,plus_z,minus_x,0.005143765427664926,0.02765444071228751,0.022510675284622583,0.0,-0.5,0.02765444071228751,0.00212042710473892,0.005143765427664926,2.297018527984619,2.307068347930908,2.3459014892578125
er_gpis,green_Pepper,4,0,4,plus_z,minus_x,0.018344386786379063,0.03516281131935062,0.016818424532971554,0.0,-1.0,0.03516281131935062,0.027711081709941743,0.018344386786379063,5.693211078643799,5.707479000091553,5.731042385101318
er_gpis,green_Pepper,1,0,0,minus_x,minus_y,0.25706113980693596,0.329568641895539,0.07250750208860307,0.0,0.5,0.25706113980693596,0.329568641895539,0.23768975068372994,4.3845086097717285,4.317504405975342,4.205620765686035
er_gpis,green_Pepper,1,0,1,minus_x,minus_x,0.23962854800344097,0.23962854800344097,0.0,1.0,0.5,0.23962854800344097,0.12123443545952611,0.10395359348642408,3.5333545207977295,3.45157790184021,3.458312749862671
er_gpis,green_Pepper,1,0,2,minus_x,minus_x,0.014148652646731485,0.014148652646731485,0.0,1.0,0.5,0.014148652646731485,-0.026333818450376967,-0.03159366688445808,3.720710277557373,3.5673155784606934,3.665374279022217
er_gpis,green_Pepper,1,0,3,minus_x,minus_y,0.06931919627478444,0.10027909719341621,0.030959900918631766,0.0,-1.0,0.06931919627478444,0.10027909719341621,0.07436340467025271,1.6388880014419556,1.6194006204605103,1.633063793182373
er_gpis,green_Pepper,1,0,4,minus_x,minus_x,0.0805041532659756,0.0805041532659756,0.0,1.0,0.5,0.0805041532659756,0.054309073322262424,0.027206429647183006,4.618007183074951,4.58834171295166,4.613178253173828
er_gpis,green_Pepper,12,0,0,minus_x,minus_x,0.1596827249421513,0.1596827249421513,0.0,1.0,1.0,0.1596827249421513,0.14676400926016075,0.02748856523354326,4.445616722106934,4.387838363647461,4.1594367027282715
er_gpis,green_Pepper,12,0,1,minus_x,minus_x,0.16811385689330138,0.16811385689330138,0.0,1.0,1.0,0.16811385689330138,0.0165434022272698,0.03136272471710677,3.407684803009033,3.3130135536193848,3.320793628692627
er_gpis,green_Pepper,12,0,2,minus_x,minus_x,0.10023268415241993,0.10023268415241993,0.0,1.0,1.0,0.10023268415241993,0.007317020691949505,0.015727882723091446,2.279672861099243,2.2347562313079834,2.240173578262329
er_gpis,green_Pepper,12,0,3,minus_x,minus_x,0.0679005156690704,0.0679005156690704,0.0,1.0,1.0,0.0679005156690704,0.008485004285884057,0.030440328435320074,2.4858713150024414,2.468446731567383,2.4745161533355713
er_gpis,green_Pepper,12,0,4,minus_y,minus_y,0.020704647042992796,0.020704647042992796,0.0,1.0,0.5,0.009956718905954065,0.020704647042992796,0.0036881575660041577,2.37725567817688,2.424114227294922,2.422328472137451
er_gpis,green_Pepper,7,0,0,minus_x,minus_x,0.23577449224143698,0.23577449224143698,0.0,1.0,0.5,0.23577449224143698,0.19902211536830228,0.1539245443494337,4.25366735458374,4.101621150970459,4.118354320526123
er_gpis,green_Pepper,7,0,1,minus_x,minus_x,0.17091307542797618,0.17091307542797618,0.0,1.0,0.5,0.17091307542797618,0.127349433059451,0.03992988037428136,2.4081220626831055,2.309176445007324,2.3191635608673096
er_gpis,green_Pepper,7,0,2,minus_x,minus_y,0.026086852761513124,0.08005054842804393,0.05396369566653081,0.0,0.5,0.026086852761513124,0.08005054842804393,0.016421983213305458,1.6915720701217651,1.6886931657791138,1.6443874835968018
er_gpis,green_Pepper,7,0,3,minus_y,plus_z,0.03828948176866731,0.07536114454415888,0.037071662775491565,0.0,-1.0,0.07298828969899607,0.03828948176866731,0.07536114454415888,1.7112573385238647,1.7143995761871338,1.7024112939834595
er_gpis,green_Pepper,7,0,4,minus_x,minus_x,0.11701175159443644,0.11701175159443644,0.0,1.0,1.0,0.11701175159443644,0.10203377935406344,0.07519588615542727,1.87374746799469,1.8651293516159058,1.859430193901062
er_gpis,green_Pepper,14,0,0,minus_x,minus_x,0.3260183527885086,0.3260183527885086,0.0,1.0,0.5,0.3260183527885086,0.20405880075143495,0.11619915831830391,4.0816521644592285,3.929617166519165,3.997804880142212
er_gpis,green_Pepper,14,0,1,minus_x,minus_x,0.16104467900773634,0.16104467900773634,0.0,1.0,0.5,0.16104467900773634,0.09253635384421977,0.04133100147184099,3.5193331241607666,3.2770767211914062,3.3047521114349365
er_gpis,green_Pepper,14,0,2,plus_z,minus_y,0.06010296071423582,0.07007510400367789,0.00997214328944207,0.0,0.5,0.0540289941035178,0.07007510400367789,0.06010296071423582,3.157177209854126,3.236048936843872,3.2948243618011475
er_gpis,green_Pepper,14,0,3,minus_y,minus_x,0.03389216932642258,0.057675103799017524,0.02378293447259494,0.0,-0.5,0.057675103799017524,0.03389216932642258,0.009842097334303523,2.3079049587249756,2.3351621627807617,2.3139946460723877
er_gpis,green_Pepper,14,0,4,minus_y,minus_x,0.02479642099043422,0.053557365165926796,0.028760944175492575,0.0,-0.5,0.053557365165926796,0.02479642099043422,0.009947377493724319,13.903352737426758,14.042393684387207,14.026921272277832
er_gpis,green_Pepper,2,0,0,minus_x,minus_y,0.16008881845642497,0.16798156812332543,0.007892749666900456,0.0,-0.5,0.16008881845642497,0.16798156812332543,0.05209344394671728,3.935866117477417,3.8113954067230225,3.8294718265533447
er_gpis,green_Pepper,2,0,1,minus_x,minus_x,0.10364042325796796,0.10364042325796796,0.0,1.0,1.0,0.10364042325796796,0.0712437429628534,0.05489921142360554,2.6677377223968506,2.643404006958008,2.5478436946868896
er_gpis,green_Pepper,2,0,2,minus_x,minus_x,0.052198651032483445,0.052198651032483445,0.0,1.0,0.5,0.052198651032483445,-0.021079975964613085,-0.024178827247822055,2.491192102432251,2.443654775619507,2.450002908706665
er_gpis,green_Pepper,2,0,3,minus_x,minus_y,0.012632712278602298,0.06278633096330688,0.05015361868470458,0.0,-1.0,0.012632712278602298,0.06278633096330688,0.0560197411707819,2.9478254318237305,2.900179147720337,2.926060676574707
er_gpis,green_Pepper,2,0,4,minus_x,minus_x,0.046415449491085004,0.046415449491085004,0.0,1.0,1.0,0.046415449491085004,0.0033173207586284503,0.004002587028105076,5.616649627685547,5.565055847167969,5.581592082977295
er_gpis,green_Pepper,6,0,0,minus_x,minus_y,0.23964220426211041,0.2398410440879541,0.00019883982584367743,0.0,-0.5,0.23964220426211041,0.2398410440879541,0.1939254265337011,4.241853713989258,4.132220268249512,4.152834892272949
er_gpis,green_Pepper,6,0,1,minus_x,plus_z,-0.0059531804352837,0.04831286079234065,0.05426604122762435,0.0,0.5,-0.0059531804352837,-0.025205249588734713,0.04831286079234065,3.805094003677368,3.3712077140808105,3.520078420639038
er_gpis,green_Pepper,6,0,2,minus_x,minus_y,0.03966006223517815,0.15909607147036975,0.1194360092351916,0.0,-1.0,0.03966006223517815,0.15909607147036975,0.13652660464526112,3.2259321212768555,3.1609442234039307,3.186307430267334
er_gpis,green_Pepper,6,0,3,plus_z,minus_y,0.0404505263976036,0.05284392257375181,0.012393396176148208,0.0,-0.5,0.05012405871315495,0.05284392257375181,0.0404505263976036,2.488151788711548,2.4899063110351562,2.4975430965423584
er_gpis,green_Pepper,6,0,4,minus_x,minus_x,-0.0021085711842541155,-0.0021085711842541155,0.0,1.0,0.5,-0.0021085711842541155,-0.027081512260005325,-0.03394455093496396,6.632582187652588,6.461313247680664,6.509258270263672
er_gpis,green_Pepper,3,0,0,minus_x,minus_x,0.2786280883108804,0.2786280883108804,0.0,1.0,0.5,0.2786280883108804,0.1315021334766837,0.032886511325928736,4.984302997589111,4.849004745483398,4.911859512329102
er_gpis,green_Pepper,3,0,1,minus_x,minus_x,0.17277625853681,0.17277625853681,0.0,1.0,1.0,0.17277625853681,0.02178829468371879,0.013834657318197219,2.8712399005889893,2.7391064167022705,2.6992504596710205
er_gpis,green_Pepper,3,0,2,minus_x,minus_x,0.06989688331438448,0.06989688331438448,0.0,1.0,1.0,0.06989688331438448,0.04232258126157207,0.04801059896792115,2.9850282669067383,2.86310076713562,2.864398956298828
er_gpis,green_Pepper,3,0,3,minus_y,minus_x,0.013340383941120804,0.016744325102390323,0.003403941161269519,0.0,-0.5,0.016744325102390323,0.013340383941120804,-0.0023929927162520404,2.245476245880127,2.25166916847229,2.249401092529297
er_gpis,green_Pepper,3,0,4,minus_y,minus_y,0.005814825252721367,0.005814825252721367,0.0,1.0,0.5,0.003784540025554839,0.005814825252721367,0.0019781999667563,2.4301528930664062,2.476764440536499,2.449594736099243
er_gpis,green_Pepper,9,0,0,minus_x,minus_x,0.16880626285116995,0.16880626285116995,0.0,1.0,1.0,0.16880626285116995,0.0941563511861847,0.037150024374632384,4.493514537811279,4.424489498138428,4.377253532409668
er_gpis,green_Pepper,9,0,1,minus_x,minus_x,0.23623269326353635,0.23623269326353635,0.0,1.0,1.0,0.23623269326353635,0.10532254960118992,0.11564256579798626,3.8330650329589844,3.5917155742645264,3.6437089443206787
er_gpis,green_Pepper,9,0,2,minus_y,minus_x,0.04235830680475727,0.05873622767825404,0.016377920873496765,0.0,0.5,0.05873622767825404,0.04235830680475727,0.027288512043701973,3.436086893081665,3.5244548320770264,3.422137975692749
er_gpis,green_Pepper,9,0,3,plus_z,minus_y,0.014413226322425365,0.03680928679886075,0.022396060476435387,0.0,0.5,-0.01911735172695439,0.03680928679886075,0.014413226322425365,2.8401825428009033,2.849540948867798,2.879830837249756
er_gpis,green_Pepper,9,0,4,minus_y,minus_y,0.03403332531780434,0.03403332531780434,0.0,1.0,0.5,0.008475694817902446,0.03403332531780434,0.02633089825050916,4.218212127685547,4.236696243286133,4.147395133972168
er_gpis,green_Pepper,10,0,0,minus_x,minus_x,0.22357662081348878,0.22357662081348878,0.0,1.0,0.5,0.22357662081348878,0.1720786326591675,0.06157855894192582,5.032715797424316,4.934564113616943,4.9471049308776855
er_gpis,green_Pepper,10,0,1,minus_x,minus_x,0.16491579903531894,0.16491579903531894,0.0,1.0,0.5,0.16491579903531894,0.06683947823418268,0.03498379263187279,3.685565948486328,3.4710395336151123,3.5531604290008545
er_gpis,green_Pepper,10,0,2,minus_x,minus_x,0.08598170162525764,0.08598170162525764,0.0,1.0,1.0,0.08598170162525764,0.03884522394314438,0.02880490310881123,2.4548797607421875,2.445890188217163,2.4394443035125732
er_gpis,green_Pepper,10,0,3,minus_x,minus_y,0.04707473992759825,0.05361922104208405,0.006544481114485801,0.0,0.5,0.04707473992759825,0.05361922104208405,0.01688957880528974,3.0046112537384033,2.9583804607391357,2.9520349502563477
er_gpis,green_Pepper,10,0,4,minus_y,minus_y,0.030388223903229483,0.030388223903229483,0.0,1.0,0.5,0.017832231804299714,0.030388223903229483,0.02007488681769165,1.8822200298309326,1.8962888717651367,1.8768991231918335
er_gpis,green_Pepper,5,0,0,minus_x,minus_x,0.22277666382370043,0.22277666382370043,0.0,1.0,0.5,0.22277666382370043,0.18270437551968022,0.15098362494035378,4.7307658195495605,4.457088470458984,4.553686618804932
er_gpis,green_Pepper,5,0,1,minus_x,minus_x,0.1762093677634503,0.1762093677634503,0.0,1.0,1.0,0.1762093677634503,0.11273653561062091,0.06519827778960963,2.7082064151763916,2.676471710205078,2.674603223800659
er_gpis,green_Pepper,5,0,2,minus_y,minus_y,0.05967634824414614,0.05967634824414614,0.0,1.0,0.5,0.03180652766436254,0.05967634824414614,0.052280645831025985,1.7706061601638794,1.7722290754318237,1.7677940130233765
er_gpis,green_Pepper,5,0,3,minus_y,minus_y,0.0874024963836576,0.0874024963836576,0.0,1.0,0.5,0.04839613248507568,0.0874024963836576,0.03329274111978775,2.373595714569092,2.4322092533111572,2.3766071796417236
er_gpis,green_Pepper,5,0,4,minus_y,minus_x,0.013999816613787242,0.03564194703314816,0.021642130419360917,0.0,0.5,0.03564194703314816,0.013999816613787242,0.009187534031388278,2.7866735458374023,2.7894389629364014,2.7845935821533203
er_gpis,green_Pepper,11,0,0,minus_x,minus_x,0.20492290550146808,0.20492290550146808,0.0,1.0,0.5,0.20492290550146808,0.07200434298475455,0.12147307199456314,4.340778827667236,4.1903510093688965,4.080035209655762
er_gpis,green_Pepper,11,0,1,minus_x,minus_x,0.22408317088260643,0.22408317088260643,0.0,1.0,1.0,0.22408317088260643,0.04349309804632584,0.03498150853275661,2.9786434173583984,2.9233953952789307,2.886587619781494
er_gpis,green_Pepper,11,0,2,minus_y,minus_x,0.0307660920570344,0.11076365350274198,0.07999756144570758,0.0,-0.5,0.11076365350274198,0.0307660920570344,0.04711406001915064,2.1843645572662354,2.1928765773773193,2.180799961090088
er_gpis,green_Pepper,11,0,3,minus_x,minus_x,0.02214894119347488,0.02214894119347488,0.0,1.0,0.5,0.02214894119347488,-0.029713895782708222,-0.025193188425402524,3.5160136222839355,3.449902296066284,3.412944793701172
er_gpis,green_Pepper,11,0,4,minus_x,minus_x,0.08855539498534848,0.08855539498534848,0.0,1.0,0.5,0.08855539498534848,0.06379461210190196,0.0688072990604579,3.7722434997558594,3.7555341720581055,3.7292397022247314
er_gpis,green_Pepper,0,0,0,minus_x,minus_x,0.18561329164454177,0.18561329164454177,0.0,1.0,0.5,0.18561329164454177,0.140703521075504,0.07089061492942683,4.129703044891357,3.8449714183807373,3.9737930297851562
er_gpis,green_Pepper,0,0,1,minus_x,minus_x,0.13333223214932322,0.13333223214932322,0.0,1.0,0.5,0.13333223214932322,0.03809838830113088,0.053203552346786975,11.559615135192871,11.379606246948242,11.327400207519531
er_gpis,green_Pepper,0,0,2,minus_x,minus_x,0.021303357223257602,0.021303357223257602,0.0,1.0,1.0,0.021303357223257602,0.010702096145370543,-0.00017674710394288695,4.904653549194336,4.818273067474365,4.813319206237793
er_gpis,green_Pepper,0,0,3,minus_x,minus_x,0.03950585575003984,0.03950585575003984,0.0,1.0,1.0,0.03950585575003984,0.006951425495105301,0.0286476974699299,6.133406162261963,6.004405498504639,6.010460376739502
er_gpis,green_Pepper,0,0,4,minus_x,minus_x,0.10491608986255652,0.10491608986255652,0.0,1.0,0.5,0.10491608986255652,0.0002106597975970459,0.0030929831565669197,6.851839542388916,6.633172988891602,6.603250503540039
er_gpis,Corner,8,0,0,minus_x,minus_x,0.33693389386932954,0.33693389386932954,0.0,1.0,0.5,0.33693389386932954,0.032920720612966026,0.10817434727060204,4.056870460510254,3.9253199100494385,3.8265597820281982
er_gpis,Corner,8,0,1,minus_y,minus_x,0.035451556763747005,0.10079363591075474,0.06534207914700774,0.0,-0.5,0.10079363591075474,0.035451556763747005,0.051053270276716245,3.123305559158325,3.1266496181488037,3.0333340167999268
er_gpis,Corner,8,0,2,plus_z,minus_x,0.038402698461075024,0.08636256450217406,0.04795986604109903,0.0,-0.5,0.08636256450217406,0.015127907811704921,0.038402698461075024,2.507734537124634,2.507753849029541,2.5095651149749756
er_gpis,Corner,8,0,3,minus_x,minus_y,0.04238861033881669,0.06572263981475068,0.023334029475933993,0.0,-0.5,0.04238861033881669,0.06572263981475068,0.04928130821314869,6.459646224975586,6.456692695617676,6.2481279373168945
er_gpis,Corner,8,0,4,minus_y,plus_z,0.02332889285060813,0.04746764114654456,0.02413874829593643,0.0,-1.0,0.04355732976526705,0.02332889285060813,0.04746764114654456,3.6359856128692627,3.6606204509735107,3.626593589782715
er_gpis,Corner,13,0,0,minus_x,minus_x,0.09036607343989056,0.09036607343989056,0.0,1.0,1.0,0.09036607343989056,0.06864860388236271,0.07123004042304615,3.8500356674194336,3.710714101791382,3.7301244735717773
er_gpis,Corner,13,0,1,plus_z,minus_x,0.03422112567172697,0.18298461264333366,0.14876348697160668,0.0,-0.5,0.18298461264333366,0.032840085134760555,0.03422112567172697,1.799530029296875,1.802516222000122,1.8026214838027954
er_gpis,Corner,13,0,2,minus_x,minus_x,0.175539577941201,0.175539577941201,0.0,1.0,0.5,0.175539577941201,0.13062159167306364,0.05256901584256535,6.688606262207031,6.637216567993164,6.662466049194336
er_gpis,Corner,13,0,3,minus_y,plus_z,0.09981351991327758,0.10195854261376058,0.0021450227004830014,0.0,-1.0,0.10138873829521444,0.09981351991327758,0.10195854261376058,6.489076137542725,6.575490951538086,6.445444583892822
er_gpis,Corner,13,0,4,minus_x,minus_x,0.055254348474533366,0.055254348474533366,0.0,1.0,1.0,0.055254348474533366,0.03695900657813933,0.046013240885701134,2.8052711486816406,2.7333014011383057,2.7626397609710693
er_gpis,Corner,4,0,0,minus_x,minus_x,0.2717297666680889,0.2717297666680889,0.0,1.0,0.5,0.2717297666680889,0.16589650910635056,0.18849517154884576,4.0363593101501465,3.9821174144744873,3.917724370956421
er_gpis,Corner,4,0,1,minus_x,minus_x,0.10163857450918301,0.10163857450918301,0.0,1.0,1.0,0.10163857450918301,-0.001323434026865744,-0.006162240438865707,3.428365468978882,3.4143247604370117,3.1498591899871826
er_gpis,Corner,4,0,2,minus_x,minus_x,0.10619271492783522,0.10619271492783522,0.0,1.0,1.0,0.10619271492783522,0.06991582858326895,0.06649051576589116,3.538454294204712,3.5201895236968994,3.385302782058716
er_gpis,Corner,4,0,3,minus_x,minus_y,-0.017973391723604126,-0.010571378549944388,0.007402013173659738,0.0,0.5,-0.017973391723604126,-0.010571378549944388,-0.02083386427857392,2.288618326187134,2.280806064605713,2.2673497200012207
er_gpis,Corner,4,0,4,minus_y,minus_y,0.04411480924667155,0.04411480924667155,0.0,1.0,1.0,0.014583220749238124,0.04411480924667155,0.003436751540512817,2.4142818450927734,2.4176244735717773,2.384448528289795
er_gpis,Corner,1,0,0,minus_x,minus_x,0.17474082146738107,0.17474082146738107,0.0,1.0,1.0,0.17474082146738107,0.06571582700766393,0.05066345897326113,4.006860256195068,3.851017713546753,3.762275218963623
er_gpis,Corner,1,0,1,minus_x,minus_x,0.10733980534557974,0.10733980534557974,0.0,1.0,1.0,0.10733980534557974,0.014495809493679679,0.0665785269218564,3.377525568008423,3.111717462539673,3.2873916625976562
er_gpis,Corner,1,0,2,minus_x,minus_x,0.05188191409580489,0.05188191409580489,0.0,1.0,1.0,0.05188191409580489,0.029228355320292776,0.018505069015832376,1.613999366760254,1.5787999629974365,1.5749040842056274
er_gpis,Corner,1,0,3,minus_x,minus_x,0.11103896816375847,0.11103896816375847,0.0,1.0,1.0,0.11103896816375847,0.0006038137364087204,0.0207379767746253,2.0462310314178467,1.9926365613937378,2.019704580307007
er_gpis,Corner,1,0,4,minus_y,plus_z,0.008970813660671428,0.02470947997220052,0.015738666311529093,0.0,-1.0,0.014013866166204259,0.008970813660671428,0.02470947997220052,2.3358044624328613,2.339160442352295,2.2944934368133545
er_gpis,Corner,12,0,0,minus_x,minus_x,0.07888561247559739,0.07888561247559739,0.0,1.0,0.5,0.07888561247559739,0.041178123030251534,0.0348143232712565,4.283802509307861,4.034257888793945,4.135031700134277
er_gpis,Corner,12,0,1,minus_x,minus_y,0.19277903737456958,0.23513508297913444,0.04235604560456485,0.0,0.5,0.19277903737456958,0.23513508297913444,0.12377477983118879,3.4614734649658203,3.4180917739868164,3.3808505535125732
er_gpis,Corner,12,0,2,minus_x,minus_x,0.09852997057231616,0.09852997057231616,0.0,1.0,1.0,0.09852997057231616,0.06392594950464026,0.041152265829930146,7.1847758293151855,7.134200572967529,7.0935468673706055
er_gpis,Corner,12,0,3,minus_y,minus_x,0.06220827123439665,0.08148033818479528,0.019272066950398625,0.0,-1.0,0.08148033818479528,0.06220827123439665,0.08029249024689444,2.764387369155884,2.7980687618255615,2.77970290184021
er_gpis,Corner,12,0,4,minus_x,plus_z,0.03038042929883833,0.04595154053909434,0.015571111240256008,0.0,-1.0,0.03038042929883833,0.03307470363861664,0.04595154053909434,5.882328510284424,5.879147529602051,5.866787910461426
er_gpis,Corner,7,0,0,minus_x,minus_x,0.23046621274001017,0.23046621274001017,0.0,1.0,1.0,0.23046621274001017,0.06932189553699836,0.0616466968536476,3.703678846359253,3.6525986194610596,3.5879721641540527
er_gpis,Corner,7,0,1,minus_x,minus_x,0.09456283887359573,0.09456283887359573,0.0,1.0,0.5,0.09456283887359573,0.07906554278875955,0.04752111013321636,3.2407376766204834,3.1000235080718994,3.220364809036255
er_gpis,Corner,7,0,2,minus_x,minus_x,0.11010487636251953,0.11010487636251953,0.0,1.0,1.0,0.11010487636251953,0.015387770721415284,0.058815744109241175,2.6439318656921387,2.62019681930542,2.6322896480560303
er_gpis,Corner,7,0,3,minus_y,minus_y,0.021050680070374583,0.021050680070374583,0.0,1.0,0.5,0.016069921686968747,0.021050680070374583,0.008622310016695334,3.186323881149292,3.2337629795074463,3.2204670906066895
er_gpis,Corner,7,0,4,minus_y,plus_z,0.0035993703566565838,0.006822054586140713,0.0032226842294841296,0.0,-0.5,0.003203216047459767,0.0035993703566565838,0.006822054586140713,3.128838300704956,3.1331448554992676,3.0561025142669678
er_gpis,Corner,14,0,0,minus_x,minus_y,0.20319488946140746,0.2200544746463265,0.016859585184919035,0.0,-0.5,0.20319488946140746,0.2200544746463265,0.10120056059370464,4.453437805175781,4.3458075523376465,4.357546329498291
er_gpis,Corner,14,0,1,minus_x,minus_x,0.22568499904041195,0.22568499904041195,0.0,1.0,1.0,0.22568499904041195,0.044357235307331044,0.10445428756004238,3.3183116912841797,3.2519497871398926,3.261585235595703
er_gpis,Corner,14,0,2,minus_x,minus_x,0.14938129474771544,0.14938129474771544,0.0,1.0,0.5,0.14938129474771544,0.049504235982530176,0.04941563200534149,2.116370677947998,2.084907293319702,2.095337152481079
er_gpis,Corner,14,0,3,minus_y,minus_y,0.020082683816805003,0.020082683816805003,0.0,1.0,0.5,0.007940461022213463,0.020082683816805003,0.00824976863615512,2.1641857624053955,2.1909561157226562,2.145366907119751
er_gpis,Corner,14,0,4,minus_y,minus_y,0.009826550811984691,0.009826550811984691,0.0,1.0,0.5,0.00520084043033997,0.009826550811984691,0.0016331240501430422,2.1287014484405518,2.1564459800720215,2.134783983230591
er_gpis,Corner,2,0,0,minus_x,minus_x,0.23789290654396328,0.23789290654396328,0.0,1.0,0.5,0.23789290654396328,0.21984526182591052,0.05408659571283825,4.124048233032227,4.068356990814209,4.095378398895264
er_gpis,Corner,2,0,1,minus_x,minus_x,0.14157425945613988,0.14157425945613988,0.0,1.0,0.5,0.14157425945613988,0.08882373943325805,0.0514174796965321,5.105299949645996,4.987110137939453,5.029266834259033
er_gpis,Corner,2,0,2,minus_x,minus_x,0.13906228722705993,0.13906228722705993,0.0,1.0,0.5,0.13906228722705993,0.007613044288354298,0.043934640868404595,3.165135383605957,3.11592960357666,3.102696657180786
er_gpis,Corner,2,0,3,plus_z,plus_z,0.03049600838280664,0.03049600838280664,0.0,1.0,1.0,0.017228114806940642,0.016507611435686353,0.03049600838280664,3.154892683029175,3.1458449363708496,3.1579418182373047
er_gpis,Corner,2,0,4,plus_z,minus_x,0.009219789151590607,0.05981126201315301,0.0505914728615624,0.0,-0.5,0.05981126201315301,0.003283937674617876,0.009219789151590607,2.563459634780884,2.5722591876983643,2.5815954208374023
er_gpis,Corner,6,0,0,minus_x,minus_x,0.16485164790487794,0.16485164790487794,0.0,1.0,1.0,0.16485164790487794,0.10461277829281501,0.07859697161817358,4.613442897796631,4.365976333618164,4.0298027992248535
er_gpis,Corner,6,0,1,minus_x,minus_x,0.11548945504486674,0.11548945504486674,0.0,1.0,0.5,0.11548945504486674,0.11417298414505173,0.06256135262705576,4.544961929321289,4.456454753875732,4.472891330718994
er_gpis,Corner,6,0,2,minus_x,minus_y,0.020214888284750487,0.10891311935519177,0.08869823107044128,0.0,-0.5,0.020214888284750487,0.10891311935519177,0.0911745110238179,1.9487495422363281,1.939209222793579,1.9386550188064575
er_gpis,Corner,6,0,3,minus_x,minus_y,0.045131514678644735,0.11131410605931602,0.06618259138067129,0.0,0.5,0.045131514678644735,0.11131410605931602,0.01231298769276512,2.8236491680145264,2.809039354324341,2.772852659225464
er_gpis,Corner,6,0,4,minus_y,minus_y,0.02369282883298296,0.02369282883298296,0.0,1.0,0.5,0.0030402541365972535,0.02369282883298296,0.0010407433998248505,2.1105473041534424,2.130432367324829,2.1221508979797363
er_gpis,Corner,3,0,0,minus_x,minus_x,0.2421758340595096,0.2421758340595096,0.0,1.0,0.5,0.2421758340595096,0.13038603728095433,0.09049340733466993,5.089293003082275,4.514647006988525,4.761935234069824
er_gpis,Corner,3,0,1,minus_x,minus_x,0.1882354271185781,0.1882354271185781,0.0,1.0,0.5,0.1882354271185781,0.07549127356774166,0.056069935970174956,3.542107343673706,3.480433464050293,3.5081088542938232
er_gpis,Corner,3,0,2,minus_y,minus_y,-0.06535156151099863,-0.06535156151099863,0.0,1.0,0.5,-0.06748955633232345,-0.06535156151099863,-0.08202409181419945,4.354198932647705,4.436161041259766,4.400883674621582
er_gpis,Corner,3,0,3,minus_y,minus_x,0.017821041314134978,0.03390987649735677,0.016088835183221795,0.0,0.5,0.03390987649735677,0.017821041314134978,0.014592600793925659,5.564321517944336,5.574718952178955,5.552140712738037
er_gpis,Corner,3,0,4,minus_y,minus_y,0.053162689476043856,0.053162689476043856,0.0,1.0,0.5,0.030907384187074616,0.053162689476043856,0.03324085664956067,3.0387768745422363,3.046459197998047,3.026643991470337
er_gpis,Corner,9,0,0,plus_z,minus_x,0.05230801835362142,0.17222460954171792,0.1199165911880965,0.0,-0.5,0.17222460954171792,0.09132421018003156,0.05230801835362142,3.613149404525757,3.509563446044922,3.6267549991607666
er_gpis,Corner,9,0,1,minus_x,minus_x,-0.02752032757006695,-0.02752032757006695,0.0,1.0,1.0,-0.02752032757006695,-0.031178555680750897,-0.04453340575029219,7.544742584228516,7.502350330352783,7.496448993682861
er_gpis,Corner,9,0,2,minus_y,minus_x,0.08005285543146456,0.1472013415918857,0.06714848616042113,0.0,-0.5,0.1472013415918857,0.08005285543146456,0.13944943543963817,4.241256237030029,4.2468976974487305,4.239995956420898
er_gpis,Corner,9,0,3,minus_x,minus_x,0.15767923075893142,0.15767923075893142,0.0,1.0,1.0,0.15767923075893142,0.11539409345561547,0.04731814178528437,6.689947128295898,6.651849269866943,6.562871932983398
er_gpis,Corner,9,0,4,minus_x,minus_x,0.03753878852018333,0.03753878852018333,0.0,1.0,1.0,0.03753878852018333,0.014951739922437035,0.01175152240987487,4.73579216003418,4.663445472717285,4.6272454261779785
er_gpis,Corner,10,0,0,minus_x,minus_x,0.17470807890521778,0.17470807890521778,0.0,1.0,1.0,0.17470807890521778,0.12989547179800986,0.07340970044217254,4.326353549957275,4.185803413391113,3.9632911682128906
er_gpis,Corner,10,0,1,minus_x,minus_x,0.17394366584399523,0.17394366584399523,0.0,1.0,0.5,0.17394366584399523,0.05973922403330312,0.04194540162516125,2.167682647705078,2.0966835021972656,2.147292375564575
er_gpis,Corner,10,0,2,minus_y,minus_x,0.09824545264511653,0.10497386416908205,0.006728411523965527,0.0,-0.5,0.10497386416908205,0.09824545264511653,0.06790016180706893,2.16084361076355,2.177720308303833,2.176647663116455
er_gpis,Corner,10,0,3,minus_x,minus_x,0.04469362250469999,0.04469362250469999,0.0,1.0,1.0,0.04469362250469999,0.012527511090608567,0.017320003026809916,3.338547945022583,3.294252395629883,3.315885305404663
er_gpis,Corner,10,0,4,minus_x,minus_x,0.03226886525592099,0.03226886525592099,0.0,1.0,1.0,0.03226886525592099,0.005594320805397568,0.008819759713225683,3.704577922821045,3.631209135055542,3.699122667312622
er_gpis,Corner,5,0,0,minus_x,minus_x,0.2459921641627143,0.2459921641627143,0.0,1.0,1.0,0.2459921641627143,0.24494348807831212,0.20039503105588763,4.717269420623779,4.702061176300049,4.694145679473877
er_gpis,Corner,5,0,1,minus_y,minus_x,0.16436364904307488,0.21061961742129764,0.04625596837822277,0.0,0.5,0.21061961742129764,0.16436364904307488,0.06217704905529209,1.982674479484558,1.9879995584487915,1.9286011457443237
er_gpis,Corner,5,0,2,minus_x,minus_y,0.057728306653676564,0.07850325929944946,0.020774952645772893,0.0,0.5,0.057728306653676564,0.07850325929944946,0.017543473261647846,2.65419602394104,2.6311635971069336,2.5703847408294678
er_gpis,Corner,5,0,3,minus_x,minus_x,0.0964780410968491,0.0964780410968491,0.0,1.0,1.0,0.0964780410968491,0.06199819101706905,0.05776564843887089,2.3745172023773193,2.373061418533325,2.3716018199920654
er_gpis,Corner,5,0,4,plus_z,minus_y,0.031678570737753375,0.048506625298251005,0.01682805456049763,0.0,-0.5,0.03714110695609574,0.048506625298251005,0.031678570737753375,1.57320237159729,1.5735517740249634,1.5782060623168945
er_gpis,Corner,11,0,0,minus_x,minus_y,0.24467092180645522,0.26794431763128534,0.023273395824830123,0.0,0.5,0.24467092180645522,0.26794431763128534,0.15584598078148126,4.128544807434082,4.0089030265808105,3.9586095809936523
er_gpis,Corner,11,0,1,minus_x,minus_x,0.2184782874814657,0.2184782874814657,0.0,1.0,1.0,0.2184782874814657,0.022678223818366705,0.09422491772274177,3.6624600887298584,3.403701066970825,3.435826539993286
er_gpis,Corner,11,0,2,minus_y,minus_y,0.03708967259739793,0.03708967259739793,0.0,1.0,0.5,0.021528220209269366,0.03708967259739793,0.019571465689025458,3.255877733230591,3.3115718364715576,3.299402952194214
er_gpis,Corner,11,0,3,minus_x,minus_y,0.023043362914959897,0.024264115233393335,0.001220752318433438,0.0,0.5,0.023043362914959897,0.024264115233393335,0.008716899284973656,1.9954261779785156,1.9913756847381592,1.9748709201812744
er_gpis,Corner,11,0,4,minus_x,minus_x,0.01335488645158478,0.01335488645158478,0.0,1.0,1.0,0.01335488645158478,0.00576364107010896,0.006690393397605465,4.183469295501709,4.161314964294434,4.164340496063232
er_gpis,Corner,0,0,0,minus_x,minus_y,0.1414433448927901,0.15899002115921967,0.017546676266429584,0.0,0.5,0.1414433448927901,0.15899002115921967,0.1348630202365393,5.502264976501465,5.365931034088135,5.197528839111328
er_gpis,Corner,0,0,1,minus_x,minus_x,0.24399487095419997,0.24399487095419997,0.0,1.0,1.0,0.24399487095419997,0.11539139871983978,0.06638827901921535,4.720711708068848,4.624537467956543,4.399910926818848
er_gpis,Corner,0,0,2,minus_y,minus_y,0.13037884384775245,0.13037884384775245,0.0,1.0,1.0,0.0760260041926768,0.13037884384775245,0.04691847974517849,3.5792388916015625,3.6340839862823486,3.5081417560577393
er_gpis,Corner,0,0,3,minus_x,minus_x,0.05881527879831683,0.05881527879831683,0.0,1.0,1.0,0.05881527879831683,0.019220939689755023,0.006846083108844159,3.435739517211914,3.427051305770874,3.4065144062042236
er_gpis,Corner,0,0,4,minus_y,minus_x,0.016082496814292635,0.0594612828983051,0.043378786084012466,0.0,-0.5,0.0594612828983051,0.016082496814292635,0.01736423398256637,4.245981216430664,4.2481560707092285,4.216885089874268
er_gpis,L_Shaped,8,0,0,minus_x,minus_x,0.20809426254585162,0.20809426254585162,0.0,1.0,0.5,0.20809426254585162,0.11051360640218011,0.1553016407454293,6.1713385581970215,6.137882232666016,6.05037784576416
er_gpis,L_Shaped,8,0,1,minus_y,minus_y,0.13585918415278908,0.13585918415278908,0.0,1.0,1.0,0.13185627819056334,0.13585918415278908,0.036118701974352074,4.327371597290039,4.364742755889893,3.9217469692230225
er_gpis,L_Shaped,8,0,2,minus_x,minus_x,0.07783169928210687,0.07783169928210687,0.0,1.0,0.5,0.07783169928210687,0.06075323589101178,0.06658107929165646,4.6951117515563965,4.630629539489746,4.6207170486450195
er_gpis,L_Shaped,8,0,3,minus_y,minus_x,0.01768320990177341,0.10235817581636975,0.08467496591459633,0.0,0.5,0.10235817581636975,0.01768320990177341,0.016483048400253164,4.53333854675293,4.550570011138916,4.463385581970215
er_gpis,L_Shaped,8,0,4,minus_y,plus_z,0.004924677233640429,0.08021029814848768,0.07528562091484725,0.0,-1.0,0.06407829536334841,0.004924677233640429,0.08021029814848768,6.677286148071289,6.681869983673096,6.66765832901001
er_gpis,L_Shaped,13,0,0,minus_x,minus_y,0.11793982445911161,0.1482963339744508,0.03035650951533919,0.0,-0.5,0.11793982445911161,0.1482963339744508,0.10316379192825426,4.151295185089111,4.110546112060547,4.117115020751953
er_gpis,L_Shaped,13,0,1,minus_x,minus_x,0.20374369822088656,0.20374369822088656,0.0,1.0,1.0,0.20374369822088656,0.12917007567030447,0.12756771522550303,3.9340057373046875,3.831012487411499,3.7882773876190186
er_gpis,L_Shaped,13,0,2,plus_z,minus_x,0.027676855513119825,0.033699348233150794,0.00602249272003097,0.0,0.5,0.033699348233150794,0.02710550666874678,0.027676855513119825,3.4864251613616943,3.4695231914520264,3.6161112785339355
er_gpis,L_Shaped,13,0,3,minus_x,minus_x,0.06108929180272793,0.06108929180272793,0.0,1.0,1.0,0.06108929180272793,0.009635084556195217,0.026835983330619317,2.497288942337036,2.4350333213806152,2.4964656829833984
er_gpis,L_Shaped,13,0,4,minus_x,minus_x,0.03698476616404933,0.03698476616404933,0.0,1.0,0.5,0.03698476616404933,0.029458658455972286,0.018552272315199958,2.5556182861328125,2.511836528778076,2.5235297679901123
er_gpis,L_Shaped,4,0,0,minus_x,minus_x,0.18981653402873921,0.18981653402873921,0.0,1.0,0.5,0.18981653402873921,0.08922101719121611,0.13628754894908612,4.2892632484436035,4.246108531951904,4.219907283782959
er_gpis,L_Shaped,4,0,1,minus_x,minus_x,0.1460550423404573,0.1460550423404573,0.0,1.0,0.5,0.1460550423404573,0.035280037091220295,0.05254708119463558,2.516385555267334,2.4945762157440186,2.489769220352173
er_gpis,L_Shaped,4,0,2,minus_x,minus_x,0.09302731551309229,0.09302731551309229,0.0,1.0,1.0,0.09302731551309229,0.06013849500511337,0.07530207517469811,2.9861302375793457,2.9588592052459717,2.966731071472168
er_gpis,L_Shaped,4,0,3,minus_y,minus_x,0.014760668762934914,0.0384548672509375,0.023694198488002582,0.0,-1.0,0.0384548672509375,0.014760668762934914,0.015028460899251028,2.5802836418151855,2.5905814170837402,2.5886945724487305
er_gpis,L_Shaped,4,0,4,minus_y,minus_x,0.032406206555502304,0.042144482726854005,0.0097382761713517,0.0,-0.5,0.042144482726854005,0.032406206555502304,-0.0005506958829127884,5.511176109313965,5.570188045501709,5.524409770965576
er_gpis,L_Shaped,1,0,0,minus_x,minus_x,0.18214923527421967,0.18214923527421967,0.0,1.0,1.0,0.18214923527421967,0.16682530839127774,0.10235421330099825,3.6995456218719482,3.690361499786377,3.630638837814331
er_gpis,L_Shaped,1,0,1,minus_x,minus_x,0.2067622938873348,0.2067622938873348,0.0,1.0,1.0,0.2067622938873348,0.025283982617591794,0.05133310082809428,2.1168482303619385,2.114502191543579,2.115708589553833
er_gpis,L_Shaped,1,0,2,minus_x,minus_x,0.06255957839147719,0.06255957839147719,0.0,1.0,1.0,0.06255957839147719,0.012722975149902616,0.03172233517005918,2.147834539413452,2.1136138439178467,2.142286777496338
er_gpis,L_Shaped,1,0,3,plus_z,minus_x,-0.026963025345374758,-0.014789629916395097,0.012173395428979661,0.0,-0.5,-0.014789629916395097,-0.029381030353754944,-0.026963025345374758,1.828434705734253,1.834286093711853,1.8381285667419434
er_gpis,L_Shaped,1,0,4,plus_z,minus_y,0.040606699572290794,0.06674428934177545,0.02613758976948466,0.0,-0.5,0.012028003349237815,0.06674428934177545,0.040606699572290794,2.5885169506073,2.587033748626709,2.591153383255005
er_gpis,L_Shaped,12,0,0,minus_x,minus_x,0.20924293508475478,0.20924293508475478,0.0,1.0,1.0,0.20924293508475478,0.14856332166055664,0.08015979874161222,5.504436492919922,5.377756118774414,5.3299078941345215
er_gpis,L_Shaped,12,0,1,minus_x,minus_x,0.15195432605563564,0.15195432605563564,0.0,1.0,0.5,0.15195432605563564,0.07188284777659826,0.0756250030256711,3.4494025707244873,3.4117369651794434,3.241725444793701
er_gpis,L_Shaped,12,0,2,minus_y,minus_x,0.06509706947288452,0.08778125348316035,0.022684184010275832,0.0,-0.5,0.08778125348316035,0.06509706947288452,0.060502482954716275,3.278404951095581,3.326939821243286,3.2914998531341553
er_gpis,L_Shaped,12,0,3,plus_z,plus_z,0.03669587809686958,0.03669587809686958,0.0,1.0,0.5,0.035303075554360075,0.029194388648005165,0.03669587809686958,25.939393997192383,25.98897933959961,25.99530601501465
er_gpis,L_Shaped,12,0,4,plus_z,minus_x,-0.0018449112992530159,0.003942300463157022,0.005787211762410038,0.0,-0.5,0.003942300463157022,0.002311004046610887,-0.0018449112992530159,3.163470506668091,3.1616008281707764,3.1796505451202393
er_gpis,L_Shaped,7,0,0,minus_x,minus_x,0.338738513595932,0.338738513595932,0.0,1.0,0.5,0.338738513595932,0.23564915070922793,0.29507999161340803,5.5114850997924805,5.504683494567871,5.40221643447876
er_gpis,L_Shaped,7,0,1,plus_z,plus_z,0.1312142051027113,0.1312142051027113,0.0,1.0,0.5,0.12576841788191095,0.11930889489808738,0.1312142051027113,4.087806224822998,4.115570068359375,4.213786602020264
er_gpis,L_Shaped,7,0,2,minus_x,minus_x,0.1875628546087137,0.1875628546087137,0.0,1.0,1.0,0.1875628546087137,0.04077668714746552,0.03731711851273989,5.976367950439453,5.973391056060791,5.76713752746582
er_gpis,L_Shaped,7,0,3,minus_y,minus_x,0.06430552920306265,0.08682980782082372,0.022524278617761073,0.0,-0.5,0.08682980782082372,0.06430552920306265,0.06688645851800479,4.634748935699463,4.639009475708008,4.537649631500244
er_gpis,L_Shaped,7,0,4,minus_x,minus_x,0.04859079803129851,0.04859079803129851,0.0,1.0,1.0,0.04859079803129851,0.007074735801319121,0.005017380681998973,4.416277885437012,4.401360988616943,4.332759380340576
er_gpis,L_Shaped,14,0,0,minus_x,minus_x,0.030234827225923744,0.030234827225923744,0.0,1.0,0.5,0.030234827225923744,-0.00661228115847301,-0.0486392991977424,3.809614896774292,3.702130079269409,3.7444803714752197
er_gpis,L_Shaped,14,0,1,plus_z,plus_z,0.23799921623984965,0.23799921623984965,0.0,1.0,0.5,0.2097721314898946,0.20783481438480367,0.23799921623984965,3.413764476776123,3.4177136421203613,3.4402880668640137
er_gpis,L_Shaped,14,0,2,minus_x,minus_x,0.07562938320077328,0.07562938320077328,0.0,1.0,0.5,0.07562938320077328,0.05255461557682117,0.04018934906586491,3.3663268089294434,3.285454750061035,3.3316409587860107
er_gpis,L_Shaped,14,0,3,minus_x,minus_x,0.039360515059525314,0.039360515059525314,0.0,1.0,0.5,0.039360515059525314,0.013909681842557031,0.0015385496440845081,4.83493709564209,4.781929969787598,4.829063415527344
er_gpis,L_Shaped,14,0,4,minus_y,plus_z,-0.008015803316135495,0.00034389318856131723,0.008359696504696812,0.0,-0.5,-0.0014254483259231732,-0.008015803316135495,0.00034389318856131723,5.197023868560791,5.239896297454834,5.236985206604004
er_gpis,L_Shaped,2,0,0,minus_x,minus_x,0.16756566528291555,0.16756566528291555,0.0,1.0,0.5,0.16756566528291555,0.030521507123459968,0.006928079322104541,4.950245380401611,4.9132280349731445,4.933995246887207
er_gpis,L_Shaped,2,0,1,minus_x,minus_x,0.17487981664571428,0.17487981664571428,0.0,1.0,0.5,0.17487981664571428,0.08633325943933179,0.10015751869476908,3.589045763015747,3.513974189758301,3.395528793334961
er_gpis,L_Shaped,2,0,2,minus_x,plus_z,0.06901470117045527,0.08636276770302254,0.017348066532567263,0.0,-0.5,0.06901470117045527,0.08319857067982539,0.08636276770302254,2.8404767513275146,2.8150224685668945,2.8251914978027344
er_gpis,L_Shaped,2,0,3,minus_y,minus_y,0.03436059278619574,0.03436059278619574,0.0,1.0,1.0,0.019718539982848227,0.03436059278619574,0.023289977095866443,3.1282787322998047,3.179844379425049,3.1563098430633545
er_gpis,L_Shaped,2,0,4,minus_y,plus_z,-0.00041554022558898396,0.012789422649214899,0.013204962874803883,0.0,-0.5,0.006510544727099776,-0.00041554022558898396,0.012789422649214899,3.620960235595703,3.6468513011932373,3.6426711082458496
er_gpis,L_Shaped,6,0,0,minus_x,minus_y,0.1884183110386053,0.23326821822132193,0.04484990718271664,0.0,0.5,0.1884183110386053,0.23326821822132193,0.1590722943479027,5.354177951812744,5.347861289978027,4.978877544403076
er_gpis,L_Shaped,6,0,1,minus_x,minus_x,0.19883697048116267,0.19883697048116267,0.0,1.0,1.0,0.19883697048116267,0.10832182792339418,0.12442912618225421,5.901678562164307,5.767892360687256,5.776855945587158
er_gpis,L_Shaped,6,0,2,minus_x,minus_x,0.1065636224064691,0.1065636224064691,0.0,1.0,1.0,0.1065636224064691,0.0071546146231171726,0.01669158853307584,5.231480598449707,5.124866962432861,5.151017189025879
er_gpis,L_Shaped,6,0,3,minus_x,plus_z,0.03963359053447879,0.040928440212605444,0.0012948496781266527,0.0,0.5,0.03963359053447879,0.01196576081539058,0.040928440212605444,3.915128231048584,3.858410120010376,3.8819615840911865
er_gpis,L_Shaped,6,0,4,minus_x,minus_x,0.05180913299196743,0.05180913299196743,0.0,1.0,1.0,0.05180913299196743,0.007287926341749573,0.030975962458268724,6.30704927444458,6.18627405166626,6.261395454406738
er_gpis,L_Shaped,3,0,0,minus_x,minus_x,0.204642094693484,0.204642094693484,0.0,1.0,1.0,0.204642094693484,0.19687557369807368,0.10150960083085114,4.548452854156494,4.452879905700684,4.433728218078613
er_gpis,L_Shaped,3,0,1,minus_x,minus_x,0.13812499256221322,0.13812499256221322,0.0,1.0,1.0,0.13812499256221322,0.07845594539188849,0.13658672803284322,4.385847568511963,4.326780796051025,4.353424549102783
er_gpis,L_Shaped,3,0,2,minus_x,minus_x,0.18861512238110678,0.18861512238110678,0.0,1.0,0.5,0.18861512238110678,0.0855952995108753,0.07607654595442936,1.9418575763702393,1.9147499799728394,1.9321186542510986
er_gpis,L_Shaped,3,0,3,minus_x,minus_x,0.03745142177964311,0.03745142177964311,0.0,1.0,1.0,0.03745142177964311,0.028995027154049113,0.032010289145102844,3.060360908508301,3.0320494174957275,3.0585930347442627
er_gpis,L_Shaped,3,0,4,minus_x,minus_x,0.015157750134427106,0.015157750134427106,0.0,1.0,1.0,0.015157750134427106,0.011472074191267834,-0.006688230053112365,3.2406110763549805,3.2125821113586426,3.1850481033325195
er_gpis,L_Shaped,9,0,0,minus_x,minus_x,0.21294659400126087,0.21294659400126087,0.0,1.0,1.0,0.21294659400126087,0.10201803460953013,0.06618328934321932,4.740909576416016,4.634922027587891,4.624433517456055
er_gpis,L_Shaped,9,0,1,minus_x,minus_x,0.15776813561849112,0.15776813561849112,0.0,1.0,1.0,0.15776813561849112,0.08872844856839834,0.01834601028311078,3.9600980281829834,3.8514456748962402,3.753641366958618
er_gpis,L_Shaped,9,0,2,minus_y,minus_y,0.0670073253111323,0.0670073253111323,0.0,1.0,1.0,0.03495879386235712,0.0670073253111323,0.04994355123906702,3.5481574535369873,3.609217405319214,3.5810840129852295
er_gpis,L_Shaped,9,0,3,minus_y,minus_x,0.003190939812864002,0.01965464074587875,0.016463700933014747,0.0,-1.0,0.01965464074587875,0.003190939812864002,0.01962334761236484,4.156139850616455,4.194387912750244,4.1869215965271
er_gpis,L_Shaped,9,0,4,plus_z,minus_x,-0.007650111171945029,-0.0014481821939337225,0.006201928978011306,0.0,-1.0,-0.0014481821939337225,-0.002767290521418775,-0.007650111171945029,2.4585883617401123,2.4762871265411377,2.477851390838623
er_gpis,L_Shaped,10,0,0,minus_x,minus_y,0.16004611206912123,0.1609259526090231,0.0008798405399018661,0.0,-0.5,0.16004611206912123,0.1609259526090231,0.06494139122815318,3.8753185272216797,3.855196475982666,3.868304967880249
er_gpis,L_Shaped,10,0,1,minus_x,minus_y,0.1405088810513666,0.1627761174608766,0.022267236409510005,0.0,-0.5,0.1405088810513666,0.1627761174608766,0.1614639421598264,3.7098019123077393,3.698265790939331,3.5700414180755615
er_gpis,L_Shaped,10,0,2,minus_y,minus_y,0.12087058976458409,0.12087058976458409,0.0,1.0,1.0,0.020606476618236003,0.12087058976458409,0.016489459636597537,3.6700336933135986,3.8058249950408936,3.653613805770874
er_gpis,L_Shaped,10,0,3,minus_x,minus_y,-0.04333884313007563,-0.03462205242632199,0.00871679070375364,0.0,0.5,-0.04333884313007563,-0.03462205242632199,-0.07709949661219995,1.7797502279281616,1.7793841361999512,1.7660658359527588
er_gpis,L_Shaped,10,0,4,minus_y,minus_x,0.034110936843297024,0.08791095536308846,0.05380001851979144,0.0,0.5,0.08791095536308846,0.034110936843297024,0.02084852434333473,3.1004326343536377,3.130786180496216,3.073622226715088
er_gpis,L_Shaped,5,0,0,plus_z,minus_x,0.11505057570664667,0.27567378400233,0.16062320829568333,0.0,-0.5,0.27567378400233,0.15128918722080292,0.11505057570664667,6.74503231048584,6.687002658843994,6.7575297355651855
er_gpis,L_Shaped,5,0,1,plus_z,minus_x,0.019181896705713686,0.1328816433734601,0.1136997466677464,0.0,-1.0,0.1328816433734601,0.07501100870054056,0.019181896705713686,6.144918918609619,6.156225204467773,6.157538414001465
er_gpis,L_Shaped,5,0,2,minus_y,minus_x,0.05568925484881354,0.32164213615353243,0.2659528813047189,0.0,-0.5,0.32164213615353243,0.05568925484881354,0.007493801735472094,13.338096618652344,13.34887981414795,13.34167194366455
er_gpis,L_Shaped,5,0,3,minus_x,minus_x,0.14997357198676436,0.14997357198676436,0.0,1.0,1.0,0.14997357198676436,0.04424942927837766,0.08872415850280163,25.798933029174805,25.611034393310547,25.664888381958008
er_gpis,L_Shaped,5,0,4,minus_x,minus_x,0.10383398979076108,0.10383398979076108,0.0,1.0,1.0,0.10383398979076108,0.07228684556816856,0.03722430125604759,17.946149826049805,17.927778244018555,17.843910217285156
er_gpis,L_Shaped,11,0,0,minus_x,minus_y,0.07890750686587072,0.14302706130743187,0.06411955444156114,0.0,-0.5,0.07890750686587072,0.14302706130743187,0.10026158445654176,4.521993160247803,4.501030445098877,4.3249640464782715
er_gpis,L_Shaped,11,0,1,minus_x,minus_x,0.27660804794502025,0.27660804794502025,0.0,1.0,1.0,0.27660804794502025,0.007374363650554827,0.03814209348012587,6.758703231811523,6.631545066833496,6.667956352233887
er_gpis,L_Shaped,11,0,2,minus_y,minus_x,0.08127743484101724,0.15061138686234532,0.06933395202132808,0.0,0.5,0.15061138686234532,0.08127743484101724,0.015688855524976897,3.231410503387451,3.2346067428588867,3.2147552967071533
er_gpis,L_Shaped,11,0,3,minus_x,minus_x,0.029094836762008636,0.029094836762008636,0.0,1.0,0.5,0.029094836762008636,0.028506367051093773,0.017168631754015506,4.0881147384643555,4.081625938415527,4.082709789276123
er_gpis,L_Shaped,11,0,4,plus_z,minus_y,0.05960774666333668,0.07802359046430651,0.018415843800969833,0.0,0.5,0.029294441157553863,0.07802359046430651,0.05960774666333668,14.3831787109375,14.393411636352539,14.40349006652832
er_gpis,L_Shaped,0,0,0,minus_x,plus_z,0.0739477748621129,0.08144999331555519,0.007502218453442289,0.0,-0.5,0.0739477748621129,0.06078317292290214,0.08144999331555519,5.61508321762085,5.56101655960083,5.542348861694336
er_gpis,L_Shaped,0,0,1,minus_x,plus_z,0.004506116013046679,0.05583249645798466,0.05132638044493798,0.0,-1.0,0.004506116013046679,0.027503752655021974,0.05583249645798466,2.761338949203491,2.7222578525543213,2.702399253845215
er_gpis,L_Shaped,0,0,2,minus_x,plus_z,0.11437819520738057,0.13181054834201955,0.017432353134638978,0.0,-0.5,0.11437819520738057,0.10157152790413837,0.13181054834201955,2.099893093109131,2.098957061767578,2.096816062927246
er_gpis,L_Shaped,0,0,3,minus_x,minus_x,0.13042554821512198,0.13042554821512198,0.0,1.0,0.5,0.13042554821512198,0.0573491694900351,0.03978494058046789,2.4169816970825195,2.4138054847717285,2.414646863937378
er_gpis,L_Shaped,0,0,4,minus_x,minus_x,-0.005968531888744577,-0.005968531888744577,0.0,1.0,1.0,-0.005968531888744577,-0.014987577612877168,-0.018733456202320475,6.222562313079834,6.161183834075928,6.133920669555664
er_gpis,Cylinder,8,0,0,minus_x,minus_x,0.3136138510935407,0.3136138510935407,0.0,1.0,0.5,0.3136138510935407,0.16558241122619294,0.044022787159257504,5.182791709899902,4.919288635253906,5.030940532684326
er_gpis,Cylinder,8,0,1,minus_x,minus_x,0.1252244186635395,0.1252244186635395,0.0,1.0,1.0,0.1252244186635395,0.12436674525115532,0.08467520840317411,3.4005126953125,3.358447790145874,3.3491854667663574
er_gpis,Cylinder,8,0,2,minus_y,minus_x,0.01122571785492854,0.08418063841044532,0.07295492055551678,0.0,-0.5,0.08418063841044532,0.01122571785492854,0.04888169392746411,1.9705674648284912,1.9873231649398804,1.9695912599563599
er_gpis,Cylinder,8,0,3,minus_y,minus_x,0.060291514780662636,0.0762043709109671,0.015912856130304465,0.0,-0.5,0.0762043709109671,0.060291514780662636,0.06922269721224394,3.091644048690796,3.0947656631469727,3.06719708442688
er_gpis,Cylinder,8,0,4,minus_x,minus_x,0.06925858086292846,0.06925858086292846,0.0,1.0,0.5,0.06925858086292846,0.04706207823955966,0.035610747061062376,5.0387187004089355,4.995395660400391,5.031245231628418
er_gpis,Cylinder,13,0,0,minus_x,minus_x,0.25417572005567496,0.25417572005567496,0.0,1.0,0.5,0.25417572005567496,0.16436976941783382,0.12077672648707793,4.912737846374512,4.831445693969727,4.846145153045654
er_gpis,Cylinder,13,0,1,minus_x,minus_x,0.1710023789531594,0.1710023789531594,0.0,1.0,1.0,0.1710023789531594,0.13851996301945324,0.1365218766573414,2.4710676670074463,2.4527454376220703,2.403656482696533
er_gpis,Cylinder,13,0,2,minus_x,minus_x,0.0841755021229168,0.0841755021229168,0.0,1.0,1.0,0.0841755021229168,0.07199305254187072,0.020068566672404753,2.2792508602142334,2.2569243907928467,2.2255496978759766
er_gpis,Cylinder,13,0,3,minus_x,minus_x,0.09178572443163868,0.09178572443163868,0.0,1.0,1.0,0.09178572443163868,0.0018461745317802647,0.05047976573430957,2.669821262359619,2.5810956954956055,2.609511137008667
er_gpis,Cylinder,13,0,4,minus_y,minus_y,0.058626641717037464,0.058626641717037464,0.0,1.0,1.0,0.04755770389937275,0.058626641717037464,0.025635736575918888,2.1889753341674805,2.2008864879608154,2.1727421283721924
er_gpis,Cylinder,4,0,0,minus_x,minus_x,0.21011355696091383,0.21011355696091383,0.0,1.0,0.5,0.21011355696091383,0.08099527598596662,0.030862445339325084,4.3653106689453125,4.295565128326416,4.304548740386963
er_gpis,Cylinder,4,0,1,minus_x,minus_y,0.049699433953239835,0.1101915834493511,0.06049214949611126,0.0,-0.5,0.049699433953239835,0.1101915834493511,0.02665819525889279,2.1930322647094727,2.1598289012908936,2.1922736167907715
er_gpis,Cylinder,4,0,2,minus_y,minus_x,0.1018486493855153,0.13067185282751215,0.028823203441996847,0.0,0.5,0.13067185282751215,0.1018486493855153,0.08534038431708701,15.418933868408203,15.441305160522461,15.208765029907227
er_gpis,Cylinder,4,0,3,minus_x,minus_y,0.0854830638089481,0.09946089854848417,0.013977834739536066,0.0,0.5,0.0854830638089481,0.09946089854848417,0.04797756396503605,8.240269660949707,8.198543548583984,8.1592435836792
er_gpis,Cylinder,4,0,4,plus_z,minus_y,0.016338849401389854,0.035205519111924266,0.01886666971053441,0.0,-0.5,0.021702956308773613,0.035205519111924266,0.016338849401389854,3.3007893562316895,3.3371741771698,3.38191294670105
er_gpis,Cylinder,1,0,0,minus_x,minus_x,0.19566169397458494,0.19566169397458494,0.0,1.0,1.0,0.19566169397458494,0.1552824841643144,0.05259951874635743,4.001498699188232,3.9184367656707764,3.871626853942871
er_gpis,Cylinder,1,0,1,minus_x,minus_x,0.1504900955981494,0.1504900955981494,0.0,1.0,1.0,0.1504900955981494,0.028977554907090863,0.020263962897950072,2.239041328430176,2.2122654914855957,2.1915547847747803
er_gpis,Cylinder,1,0,2,minus_x,minus_x,0.07932127839551695,0.07932127839551695,0.0,1.0,0.5,0.07932127839551695,0.04746525810129942,0.07132386944726954,1.9340026378631592,1.9148151874542236,1.905298113822937
er_gpis,Cylinder,1,0,3,minus_x,minus_x,0.02402046058398366,0.02402046058398366,0.0,1.0,0.5,0.02402046058398366,0.012747060396032017,0.01394693618404963,1.8089876174926758,1.7953500747680664,1.7924031019210815
er_gpis,Cylinder,1,0,4,minus_x,minus_y,0.015539345708848407,0.018525061048968117,0.00298571534011971,0.0,-0.5,0.015539345708848407,0.018525061048968117,0.014345683124281416,2.6030139923095703,2.5854384899139404,2.5979340076446533
er_gpis,Cylinder,12,0,0,minus_x,minus_x,0.225961881023779,0.225961881023779,0.0,1.0,0.5,0.225961881023779,0.13112474031568055,0.05596501568563944,4.271646499633789,4.120108127593994,4.131661891937256
er_gpis,Cylinder,12,0,1,minus_x,minus_x,0.13639473775159827,0.13639473775159827,0.0,1.0,1.0,0.13639473775159827,0.11758082541445714,0.0362453738405637,3.78556227684021,3.663264751434326,3.5232832431793213
er_gpis,Cylinder,12,0,2,minus_x,minus_x,0.1206854389080414,0.1206854389080414,0.0,1.0,1.0,0.1206854389080414,0.06903044674925063,0.03488424741982965,2.631885528564453,2.6248409748077393,2.5308494567871094
er_gpis,Cylinder,12,0,3,minus_x,minus_y,0.030172031379286146,0.03194240887230482,0.001770377493018671,0.0,0.5,0.030172031379286146,0.03194240887230482,0.02570593874818805,1.8267967700958252,1.8079605102539062,1.79415762424469
er_gpis,Cylinder,12,0,4,minus_x,minus_y,0.023745916732462957,0.03586211522849547,0.012116198496032515,0.0,-0.5,0.023745916732462957,0.03586211522849547,0.010686255214115592,2.6332805156707764,2.6077139377593994,2.6258866786956787
er_gpis,Cylinder,7,0,0,minus_x,minus_x,0.14771037180041918,0.14771037180041918,0.0,1.0,1.0,0.14771037180041918,0.12003820490569955,0.11749947166339697,3.9417436122894287,3.8730475902557373,3.8706467151641846
er_gpis,Cylinder,7,0,1,minus_x,minus_x,0.16524863227602504,0.16524863227602504,0.0,1.0,0.5,0.16524863227602504,0.12391482035123458,0.08349134175991912,3.5151848793029785,3.432770252227783,3.502612829208374
er_gpis,Cylinder,7,0,2,minus_x,minus_x,0.14243085045953263,0.14243085045953263,0.0,1.0,1.0,0.14243085045953263,0.0914941065235162,0.04335900056108555,3.3450558185577393,3.190389394760132,3.180558443069458
er_gpis,Cylinder,7,0,3,minus_y,minus_y,0.016017945497036945,0.016017945497036945,0.0,1.0,1.0,0.003883405283186425,0.016017945497036945,-0.015102625794655933,3.16739821434021,3.4153356552124023,3.107990026473999
er_gpis,Cylinder,7,0,4,plus_z,minus_x,0.03380928501573821,0.04830778959970916,0.01449850458397095,0.0,-0.5,0.04830778959970916,0.02481135343436658,0.03380928501573821,1.8499444723129272,1.864802360534668,1.8669681549072266
er_gpis,Cylinder,14,0,0,minus_x,minus_x,0.14867403010371982,0.14867403010371982,0.0,1.0,0.5,0.14867403010371982,0.07928409351343274,0.09558197097847826,3.6168203353881836,3.5583436489105225,3.412458658218384
er_gpis,Cylinder,14,0,1,minus_x,minus_x,0.09722164591502636,0.09722164591502636,0.0,1.0,1.0,0.09722164591502636,0.036234593353237976,0.05910536366041641,3.4501168727874756,3.225647211074829,3.3686604499816895
er_gpis,Cylinder,14,0,2,plus_z,minus_x,0.04263627249613955,0.12174439935109904,0.07910812685495949,0.0,-0.5,0.12174439935109904,0.07275263866181803,0.04263627249613955,3.014376401901245,3.0049309730529785,3.0335047245025635
er_gpis,Cylinder,14,0,3,minus_x,minus_x,0.1331050290453183,0.1331050290453183,0.0,1.0,0.5,0.1331050290453183,0.04129032088866513,0.021602895588820115,5.778841495513916,5.6374359130859375,5.701679229736328
er_gpis,Cylinder,14,0,4,plus_z,minus_y,0.013077571851880077,0.0336353385532292,0.020557766701349123,0.0,-1.0,0.020579069598749,0.0336353385532292,0.013077571851880077,3.025642156600952,2.978242874145508,3.0364339351654053
er_gpis,Cylinder,2,0,0,minus_x,minus_x,0.22832931898119696,0.22832931898119696,0.0,1.0,0.5,0.22832931898119696,0.1810184098263255,0.15525699100815754,5.607601642608643,5.03800106048584,5.265666484832764
er_gpis,Cylinder,2,0,1,minus_x,minus_x,0.06316375481592884,0.06316375481592884,0.0,1.0,0.5,0.06316375481592884,0.009185581474360993,-0.016116763800744116,2.228454113006592,2.1722497940063477,2.1949360370635986
er_gpis,Cylinder,2,0,2,minus_y,minus_x,0.05311367061873573,0.1965257581471438,0.14341208752840806,0.0,-0.5,0.1965257581471438,0.05311367061873573,0.14533161975197362,2.1523473262786865,2.15924334526062,2.147965669631958
er_gpis,Cylinder,2,0,3,minus_x,minus_x,0.08536649051277967,0.08536649051277967,0.0,1.0,0.5,0.08536649051277967,0.01482947925726763,0.018608722313193327,2.521942615509033,2.4991116523742676,2.4521596431732178
er_gpis,Cylinder,2,0,4,minus_x,plus_z,0.0719898440947424,0.09737889848062986,0.025389054385887455,0.0,0.5,0.0719898440947424,0.02838858648408704,0.09737889848062986,7.2089009284973145,7.1704254150390625,7.203268527984619
er_gpis,Cylinder,6,0,0,minus_x,minus_x,0.207747895895054,0.207747895895054,0.0,1.0,0.5,0.207747895895054,0.12296842558576276,0.125273423882369,4.099514961242676,4.007699966430664,3.682194948196411
er_gpis,Cylinder,6,0,1,minus_x,minus_x,0.12715498897544897,0.12715498897544897,0.0,1.0,1.0,0.12715498897544897,0.07016325090702435,0.011649914860765609,2.5232081413269043,2.509099245071411,2.483302593231201
er_gpis,Cylinder,6,0,2,minus_x,minus_y,0.09665732244793557,0.10332097525110429,0.006663652803168718,0.0,0.5,0.09665732244793557,0.10332097525110429,0.03430330279924798,2.7264134883880615,2.7019405364990234,2.650867223739624
er_gpis,Cylinder,6,0,3,minus_x,minus_y,0.06665422088033646,0.08716638134240895,0.020512160462072493,0.0,-0.5,0.06665422088033646,0.08716638134240895,0.07405738985319932,3.0358259677886963,3.035170555114746,2.9882967472076416
er_gpis,Cylinder,6,0,4,minus_y,minus_x,0.013135471993583003,0.02395301294789809,0.010817540954315086,0.0,0.5,0.02395301294789809,0.013135471993583003,0.012532073725854631,2.6060686111450195,2.620340585708618,2.550450563430786
er_gpis,Cylinder,3,0,0,minus_x,minus_x,0.16984674007545064,0.16984674007545064,0.0,1.0,0.5,0.16984674007545064,0.15047230405979733,0.11132724657598014,4.14967155456543,4.030248165130615,4.085281848907471
er_gpis,Cylinder,3,0,1,minus_x,minus_x,0.21057136509647068,0.21057136509647068,0.0,1.0,0.5,0.21057136509647068,0.11408469270093657,0.07231679981501582,6.9166059494018555,6.7993574142456055,6.850424289703369
er_gpis,Cylinder,3,0,2,minus_x,minus_x,0.07381055674249315,0.07381055674249315,0.0,1.0,0.5,0.07381055674249315,0.07103707309576679,0.026176407434555515,2.810950994491577,2.7715158462524414,2.7877824306488037
er_gpis,Cylinder,3,0,3,minus_y,minus_y,0.05162149467419208,0.05162149467419208,0.0,1.0,1.0,0.03871765334026156,0.05162149467419208,0.01753069835391341,2.5005123615264893,2.500591278076172,2.4718210697174072
er_gpis,Cylinder,3,0,4,minus_x,minus_x,0.03799793710768573,0.03799793710768573,0.0,1.0,0.5,0.03799793710768573,0.024809002458035745,0.013528349101749604,3.469691753387451,3.421933650970459,3.4523165225982666
er_gpis,Cylinder,9,0,0,minus_x,minus_x,0.1369507732463553,0.1369507732463553,0.0,1.0,1.0,0.1369507732463553,0.03300224946756003,0.015187665539351969,3.940915107727051,3.829737424850464,3.786907434463501
er_gpis,Cylinder,9,0,1,minus_x,minus_x,0.19245064221557917,0.19245064221557917,0.0,1.0,0.5,0.19245064221557917,0.08497606272247538,0.07689814700294251,1.8561053276062012,1.8050684928894043,1.8198825120925903
er_gpis,Cylinder,9,0,2,plus_z,minus_x,0.02763581351637978,0.08878307894743875,0.06114726543105897,0.0,-1.0,0.08878307894743875,0.05202541113721926,0.02763581351637978,2.2565665245056152,2.284475088119507,2.297888994216919
er_gpis,Cylinder,9,0,3,minus_x,minus_x,0.07930438224543934,0.07930438224543934,0.0,1.0,1.0,0.07930438224543934,0.037112270356206456,0.03962580081331779,6.259979248046875,6.128567695617676,6.190176486968994
er_gpis,Cylinder,9,0,4,minus_y,minus_y,0.03471829640550261,0.03471829640550261,0.0,1.0,1.0,0.008503357549415225,0.03471829640550261,0.013393151818079319,6.760684967041016,6.802989482879639,6.800134658813477
er_gpis,Cylinder,10,0,0,minus_x,minus_x,0.23626185960615037,0.23626185960615037,0.0,1.0,0.5,0.23626185960615037,0.09323352311749528,0.07533850498347044,4.200018882751465,4.001789093017578,4.006540775299072
er_gpis,Cylinder,10,0,1,minus_x,minus_x,0.17386312656958414,0.17386312656958414,0.0,1.0,0.5,0.17386312656958414,0.10472094645947982,0.10528797212860042,3.272261142730713,3.204232692718506,3.098954677581787
er_gpis,Cylinder,10,0,2,minus_x,plus_z,0.06271344010126767,0.06853268509880317,0.0058192449975355,0.0,-1.0,0.06271344010126767,0.06532819410056301,0.06853268509880317,3.2102863788604736,3.162700891494751,3.019399404525757
er_gpis,Cylinder,10,0,3,minus_y,minus_y,0.05405649993885275,0.05405649993885275,0.0,1.0,0.5,0.04463367112960959,0.05405649993885275,0.016536137591692146,2.846163511276245,2.9239227771759033,2.891737222671509
er_gpis,Cylinder,10,0,4,plus_z,minus_y,0.0028116920264369405,0.02326880965304079,0.02045711762660385,0.0,-1.0,0.015439187456398829,0.02326880965304079,0.0028116920264369405,5.906905651092529,5.87583065032959,5.907889366149902
er_gpis,Cylinder,5,0,0,minus_x,minus_x,0.21331325679151764,0.21331325679151764,0.0,1.0,0.5,0.21331325679151764,0.12332254307771295,0.05874300876332578,4.576396465301514,4.350215435028076,4.398073196411133
er_gpis,Cylinder,5,0,1,minus_x,minus_x,0.17709853775427553,0.17709853775427553,0.0,1.0,1.0,0.17709853775427553,0.14385022179929507,0.10257876304969826,3.929530620574951,3.7324132919311523,3.6785004138946533
er_gpis,Cylinder,5,0,2,minus_x,minus_x,0.13170884464339816,0.13170884464339816,0.0,1.0,1.0,0.13170884464339816,0.05283033580396301,0.03744586238318426,3.6394970417022705,3.498924493789673,3.3253896236419678
er_gpis,Cylinder,5,0,3,minus_x,minus_x,0.044592491577509996,0.044592491577509996,0.0,1.0,1.0,0.044592491577509996,0.022279900376938833,0.012866408663872564,2.0323455333709717,2.0089163780212402,1.9271749258041382
er_gpis,Cylinder,5,0,4,minus_x,plus_z,0.006927478239630247,0.026854390796075878,0.01992691255644563,0.0,-1.0,0.006927478239630247,0.024928023745589778,0.026854390796075878,2.895076036453247,2.8904476165771484,2.8375470638275146
er_gpis,Cylinder,11,0,0,minus_x,minus_x,0.1635085406352753,0.1635085406352753,0.0,1.0,0.5,0.1635085406352753,0.07845847797511157,0.11623473534251427,4.120989799499512,4.0452423095703125,4.000435829162598
er_gpis,Cylinder,11,0,1,minus_x,minus_x,0.1626565347423946,0.1626565347423946,0.0,1.0,0.5,0.1626565347423946,0.13221943084462606,0.14640407142967393,3.018197536468506,2.9880940914154053,2.938494920730591
er_gpis,Cylinder,11,0,2,minus_y,minus_y,0.11705497648477026,0.11705497648477026,0.0,1.0,1.0,0.07582926761914421,0.11705497648477026,0.06091976507934571,6.9314727783203125,6.932684898376465,6.857076644897461
er_gpis,Cylinder,11,0,3,plus_z,minus_x,0.0003628213308871642,0.030306305086226004,0.02994348375533884,0.0,-1.0,0.030306305086226004,0.00637556827594965,0.0003628213308871642,5.386271953582764,5.392794609069824,5.396463394165039
er_gpis,Cylinder,11,0,4,minus_x,minus_x,0.03278247786473354,0.03278247786473354,0.0,1.0,1.0,0.03278247786473354,0.020675225167416267,0.03208107433939422,6.164858341217041,6.103438377380371,6.141204357147217
er_gpis,Cylinder,0,0,0,minus_x,minus_x,0.2830613259771652,0.2830613259771652,0.0,1.0,0.5,0.2830613259771652,0.2509194258351977,0.23372749908001839,5.234115123748779,5.117792129516602,5.1782612800598145
er_gpis,Cylinder,0,0,1,minus_x,minus_x,0.22050586438214848,0.22050586438214848,0.0,1.0,1.0,0.22050586438214848,0.010060829959522288,0.053870758066882796,3.954777956008911,3.8193414211273193,3.8523337841033936
er_gpis,Cylinder,0,0,2,minus_x,minus_x,0.07215468664561386,0.07215468664561386,0.0,1.0,0.5,0.07215468664561386,0.024118769271346263,0.014004567205839313,3.5146214962005615,3.122324228286743,3.4175283908843994
er_gpis,Cylinder,0,0,3,plus_z,minus_x,0.0017840581249110032,0.04717765095120019,0.045393592826289186,0.0,-0.5,0.04717765095120019,0.0069047995361484205,0.0017840581249110032,7.189761638641357,6.95205545425415,7.190212249755859
er_gpis,Cylinder,0,0,4,minus_x,minus_x,0.053644003656758255,0.053644003656758255,0.0,1.0,0.5,0.053644003656758255,0.0027561563381180987,0.021812672496654306,16.810752868652344,16.488508224487305,16.449954986572266
er_gpis,Cross,8,0,0,minus_x,minus_x,0.14381983071747967,0.14381983071747967,0.0,1.0,0.5,0.14381983071747967,0.10371908993471907,0.029631339462913464,5.231035232543945,4.9258928298950195,5.0129804611206055
er_gpis,Cross,8,0,1,minus_x,minus_x,0.262950470969241,0.262950470969241,0.0,1.0,0.5,0.262950470969241,0.10805727379875646,0.15145289007385726,4.537553787231445,4.387022018432617,4.3846845626831055
er_gpis,Cross,8,0,2,minus_y,minus_x,0.033770510707638146,0.0941851620393711,0.06041465133173296,0.0,-0.5,0.0941851620393711,0.033770510707638146,0.043285562477398454,4.351964950561523,4.391604423522949,4.139309883117676
er_gpis,Cross,8,0,3,minus_y,minus_x,0.045280338466171854,0.06428198651220896,0.0190016480460371,0.0,0.5,0.06428198651220896,0.045280338466171854,0.013533755908879619,5.058640956878662,5.071753025054932,4.956329345703125
er_gpis,Cross,8,0,4,minus_x,minus_y,0.040097032085990914,0.06948943752399284,0.029392405438001923,0.0,-0.5,0.040097032085990914,0.06948943752399284,0.04753720036019282,5.220790386199951,5.208634376525879,5.187434673309326
er_gpis,Cross,13,0,0,minus_x,minus_x,0.318987120512535,0.318987120512535,0.0,1.0,0.5,0.318987120512535,0.12693746521185428,0.07815599879737628,5.894460678100586,5.724343776702881,5.7686967849731445
er_gpis,Cross,13,0,1,minus_x,minus_x,0.19739617461657422,0.19739617461657422,0.0,1.0,0.5,0.19739617461657422,0.06701442224179299,0.021343103877543013,4.054584980010986,3.815607786178589,4.009237289428711
er_gpis,Cross,13,0,2,minus_x,minus_x,0.047885938929574934,0.047885938929574934,0.0,1.0,0.5,0.047885938929574934,0.025362964811650235,0.029258843875263008,4.037970066070557,4.037524223327637,3.927711248397827
er_gpis,Cross,13,0,3,minus_x,plus_z,0.02018724198391897,0.032082265141330835,0.011895023157411866,0.0,0.5,0.02018724198391897,0.014949626848220654,0.032082265141330835,2.6380410194396973,2.560012102127075,2.566939115524292
er_gpis,Cross,13,0,4,plus_z,minus_x,0.01271968937801371,0.03545101426756003,0.022731324889546323,0.0,0.5,0.03545101426756003,0.008621539306554515,0.01271968937801371,7.8863139152526855,7.767222881317139,7.892739295959473
er_gpis,Cross,4,0,0,minus_x,minus_x,0.25671615746060295,0.25671615746060295,0.0,1.0,1.0,0.25671615746060295,0.114355754958815,0.03870338488891151,4.534401893615723,4.403310775756836,4.317561149597168
er_gpis,Cross,4,0,1,minus_x,minus_x,0.09747488053302245,0.09747488053302245,0.0,1.0,0.5,0.09747488053302245,0.043266375826367165,0.01701745302934421,4.325382709503174,4.178844928741455,4.2326979637146
er_gpis,Cross,4,0,2,minus_x,minus_x,0.1304202419166376,0.1304202419166376,0.0,1.0,1.0,0.1304202419166376,0.07920789515284055,0.0778373401076452,2.4223618507385254,2.4022185802459717,2.39843487739563
er_gpis,Cross,4,0,3,minus_y,minus_x,0.024291116952984804,0.02825435937989751,0.003963242426912705,0.0,0.5,0.02825435937989751,0.024291116952984804,0.006486274376533596,3.046954870223999,3.095339775085449,2.983781337738037
er_gpis,Cross,4,0,4,minus_y,minus_y,0.010235757908229837,0.010235757908229837,0.0,1.0,1.0,-0.007779137935021607,0.010235757908229837,-0.008068269812826823,2.3524672985076904,2.356058359146118,2.319687604904175
er_gpis,Cross,1,0,0,minus_x,minus_x,0.11980057672383448,0.11980057672383448,0.0,1.0,1.0,0.11980057672383448,0.06742397720838028,0.04572439080071533,5.465155124664307,5.387565612792969,5.05048942565918
er_gpis,Cross,1,0,1,minus_x,plus_z,0.17580236541296546,0.19031130779785843,0.014508942384892975,0.0,-0.5,0.17580236541296546,0.14731227713531558,0.19031130779785843,4.646040439605713,4.610502243041992,4.29727840423584
er_gpis,Cross,1,0,2,minus_y,minus_x,0.10550614377135936,0.1762892442129046,0.07078310044154523,0.0,-0.5,0.1762892442129046,0.10550614377135936,0.10030259528220664,3.210169553756714,3.282531261444092,3.216634511947632
er_gpis,Cross,1,0,3,minus_x,minus_x,0.03350608441725755,0.03350608441725755,0.0,1.0,1.0,0.03350608441725755,0.0307652089066609,0.026356940049704347,4.948293685913086,4.909721374511719,4.789901256561279
er_gpis,Cross,1,0,4,minus_x,minus_y,0.03049694249037005,0.054658692554154564,0.024161750063784515,0.0,-0.5,0.03049694249037005,0.054658692554154564,0.054493839558879764,4.564517974853516,4.562393665313721,4.552605628967285
er_gpis,Cross,12,0,0,minus_x,minus_x,0.3016778336328534,0.3016778336328534,0.0,1.0,1.0,0.3016778336328534,0.2496838751056415,0.24097849438235297,4.287973880767822,4.210518836975098,4.1468000411987305
er_gpis,Cross,12,0,1,minus_y,minus_x,0.11980653650088602,0.12411359630658902,0.004307059805703006,0.0,0.5,0.12411359630658902,0.11980653650088602,0.04786933762504775,3.9820494651794434,4.043227672576904,3.8347458839416504
er_gpis,Cross,12,0,2,minus_x,minus_x,0.08332009248840389,0.08332009248840389,0.0,1.0,1.0,0.08332009248840389,0.06671439052523043,0.04000847922866735,1.9351450204849243,1.9077240228652954,1.869508147239685
er_gpis,Cross,12,0,3,plus_z,minus_x,0.06078801580698312,0.06452475079004416,0.003736734983061041,0.0,0.5,0.06452475079004416,0.05440451230013965,0.06078801580698312,1.9074286222457886,1.898579716682434,1.9305015802383423
er_gpis,Cross,12,0,4,plus_z,minus_y,0.028658569706946246,0.053010175815622174,0.024351606108675927,0.0,-1.0,0.03253253160247649,0.053010175815622174,0.028658569706946246,1.9555355310440063,1.9481185674667358,1.9632397890090942
er_gpis,Cross,7,0,0,minus_x,minus_x,0.2234549639730926,0.2234549639730926,0.0,1.0,1.0,0.2234549639730926,0.10759393252652755,0.09110594580071746,5.274775505065918,5.184625625610352,5.080301284790039
er_gpis,Cross,7,0,1,minus_x,minus_x,0.1734706822820059,0.1734706822820059,0.0,1.0,0.5,0.1734706822820059,0.03984633679964977,0.060414332247621605,3.7904608249664307,3.7732512950897217,3.7661430835723877
er_gpis,Cross,7,0,2,minus_y,minus_x,-0.04468645114077552,-0.03435958999927524,0.010326861141500276,0.0,0.5,-0.03435958999927524,-0.04468645114077552,-0.05917042293716479,3.457750082015991,3.5306098461151123,3.4112532138824463
er_gpis,Cross,7,0,3,minus_x,plus_z,0.05489857595244374,0.09392810671214391,0.03902953075970017,0.0,-1.0,0.05489857595244374,0.09037810548674585,0.09392810671214391,2.5468850135803223,2.5368857383728027,2.4827511310577393
er_gpis,Cross,7,0,4,minus_x,plus_z,0.04354712669902128,0.05273495703290554,0.009187830333884262,0.0,-1.0,0.04354712669902128,0.04602668951048561,0.05273495703290554,2.455759286880493,2.4435763359069824,2.435783863067627
er_gpis,Cross,14,0,0,minus_x,minus_x,0.19268043137371377,0.19268043137371377,0.0,1.0,0.5,0.19268043137371377,0.02709024327980397,0.04828123325523476,4.464304447174072,4.42115592956543,4.133261680603027
er_gpis,Cross,14,0,1,minus_x,minus_x,0.17746583915849756,0.17746583915849756,0.0,1.0,1.0,0.17746583915849756,0.0802647472581377,0.04949034800193075,3.370443105697632,3.3241472244262695,3.2533864974975586
er_gpis,Cross,14,0,2,minus_y,minus_y,0.045889589540812126,0.045889589540812126,0.0,1.0,0.5,0.015437880909367485,0.045889589540812126,0.023244421171735197,3.926011085510254,3.941436529159546,3.6883087158203125
er_gpis,Cross,14,0,3,minus_y,plus_z,0.025759310731836682,0.03174498073090137,0.005985669999064691,0.0,-0.5,0.009584404808301028,0.025759310731836682,0.03174498073090137,2.772897243499756,2.789492607116699,2.748807430267334
er_gpis,Cross,14,0,4,minus_y,minus_y,0.023180359638170556,0.023180359638170556,0.0,1.0,1.0,0.011494682090756214,0.023180359638170556,0.009711955235401026,2.868814706802368,2.87795090675354,2.8457484245300293
er_gpis,Cross,2,0,0,minus_x,minus_x,0.20417186779123958,0.20417186779123958,0.0,1.0,0.5,0.20417186779123958,0.17340607928019808,0.12473214948220718,5.670941352844238,5.209458351135254,5.291752815246582
er_gpis,Cross,2,0,1,minus_x,minus_x,0.13327481605535063,0.13327481605535063,0.0,1.0,0.5,0.13327481605535063,0.06888595156454691,0.06338767233502685,3.63248348236084,3.387498140335083,3.4274659156799316
er_gpis,Cross,2,0,2,minus_x,minus_x,0.04996107112486792,0.04996107112486792,0.0,1.0,1.0,0.04996107112486792,0.0033347106824945794,-0.012176363983580352,2.8313539028167725,2.6698501110076904,2.6482348442077637
er_gpis,Cross,2,0,3,plus_z,minus_x,0.007100250340230652,0.015278410207057114,0.008178159866826462,0.0,-0.5,0.015278410207057114,0.009236657024137118,0.007100250340230652,2.0503787994384766,2.043609857559204,2.076078414916992
er_gpis,Cross,2,0,4,minus_x,minus_x,0.11012954408156361,0.11012954408156361,0.0,1.0,0.5,0.11012954408156361,0.018605891023032006,0.04201715259443728,4.245678424835205,4.13854455947876,4.1229729652404785
er_gpis,Cross,6,0,0,minus_x,minus_y,0.18332517857135316,0.1959792483119855,0.012654069740632323,0.0,0.5,0.18332517857135316,0.1959792483119855,0.10546518185519421,4.959526538848877,4.882662773132324,4.847472667694092
er_gpis,Cross,6,0,1,minus_x,minus_x,0.14582318746899248,0.14582318746899248,0.0,1.0,1.0,0.14582318746899248,0.04516082373778929,0.03856158873350268,2.826319456100464,2.7972562313079834,2.7558224201202393
er_gpis,Cross,6,0,2,minus_x,plus_z,0.07898674738670342,0.08861653006877723,0.009629782682073817,0.0,0.5,0.07898674738670342,0.0208592373071389,0.08861653006877723,2.951691150665283,2.8914506435394287,2.9284615516662598
er_gpis,Cross,6,0,3,minus_x,minus_x,0.010506721778130279,0.010506721778130279,0.0,1.0,0.5,0.010506721778130279,0.0008293430719992223,-0.005291370489338809,4.215299129486084,3.914889097213745,4.164581775665283
er_gpis,Cross,6,0,4,plus_z,minus_x,0.009900442080744032,0.022524415366195316,0.012623973285451284,0.0,0.5,0.022524415366195316,0.006972122077659182,0.009900442080744032,4.177475929260254,4.0458784103393555,4.180182456970215
er_gpis,Cross,3,0,0,minus_x,minus_x,0.2509583075936289,0.2509583075936289,0.0,1.0,1.0,0.2509583075936289,0.14125915845215775,0.09159976391967939,5.547114372253418,5.27772855758667,5.212683200836182
er_gpis,Cross,3,0,1,minus_x,minus_x,0.1383283300421414,0.1383283300421414,0.0,1.0,0.5,0.1383283300421414,0.09166508009382879,0.030361500094296834,4.4632158279418945,4.29244327545166,4.412071228027344
er_gpis,Cross,3,0,2,minus_x,minus_y,0.009310381125520628,0.04463857968573348,0.03532819856021285,0.0,-1.0,0.009310381125520628,0.04463857968573348,0.028491124514416155,2.7548789978027344,2.606645345687866,2.7417776584625244
er_gpis,Cross,3,0,3,plus_z,minus_x,0.01211960940436585,0.026607669664774902,0.014488060260409052,0.0,-0.5,0.026607669664774902,0.012192493109270508,0.01211960940436585,2.538677930831909,2.4714269638061523,2.559144973754883
er_gpis,Cross,3,0,4,minus_x,minus_x,0.03328978326935894,0.03328978326935894,0.0,1.0,0.5,0.03328978326935894,0.03215330176592468,0.0034448070399887287,5.703845024108887,5.549526691436768,5.561888694763184
er_gpis,Cross,9,0,0,plus_z,minus_x,0.05979183236472002,0.2271663644847997,0.1673745321200797,0.0,-0.5,0.2271663644847997,0.07225581198996095,0.05979183236472002,5.926113128662109,5.801766872406006,5.954041481018066
er_gpis,Cross,9,0,1,minus_x,minus_x,0.15819936013774683,0.15819936013774683,0.0,1.0,0.5,0.15819936013774683,0.1549728221860599,0.04561849363790782,6.1662516593933105,6.090130805969238,6.097085952758789
er_gpis,Cross,9,0,2,minus_x,minus_y,0.04928932700184607,0.07783029052956247,0.0285409635277164,0.0,-0.5,0.04928932700184607,0.07783029052956247,0.020671918679526446,7.120384216308594,7.0451979637146,7.0986552238464355
er_gpis,Cross,9,0,3,minus_x,minus_x,0.016614186810357423,0.016614186810357423,0.0,1.0,0.5,0.016614186810357423,0.002213857593237112,0.009324666343108245,6.244246482849121,6.178279876708984,6.1151041984558105
er_gpis,Cross,9,0,4,minus_y,minus_y,0.020924125889687062,0.020924125889687062,0.0,1.0,1.0,0.006851461933190972,0.020924125889687062,-0.0005600454645574571,6.997513294219971,7.003579139709473,6.98253059387207
er_gpis,Cross,10,0,0,minus_x,minus_x,0.17202967901037458,0.17202967901037458,0.0,1.0,0.5,0.17202967901037458,0.17162836409207516,0.09908170719040144,5.189589500427246,5.10232400894165,5.113029479980469
er_gpis,Cross,10,0,1,minus_x,minus_x,0.16422600987621716,0.16422600987621716,0.0,1.0,1.0,0.16422600987621716,0.08187207935446017,0.08011708288803299,6.8755927085876465,6.757471084594727,6.733855247497559
er_gpis,Cross,10,0,2,minus_x,minus_x,0.11067846711780283,0.11067846711780283,0.0,1.0,0.5,0.11067846711780283,0.04359070877376359,0.049972184001891407,5.622706413269043,5.604734420776367,5.58687686920166
er_gpis,Cross,10,0,3,minus_x,minus_y,0.03132033080611074,0.03992910839059205,0.008608777584481309,0.0,-0.5,0.03132033080611074,0.03992910839059205,0.021212024618509795,6.531023979187012,6.382559299468994,6.467238426208496
er_gpis,Cross,10,0,4,minus_y,minus_x,0.01042134257431504,0.01731791337432398,0.006896570800008939,0.0,-1.0,0.01731791337432398,0.01042134257431504,0.0120491012740227,3.9483089447021484,3.981905937194824,3.969815731048584
er_gpis,Cross,5,0,0,minus_x,minus_x,0.2044443455599826,0.2044443455599826,0.0,1.0,0.5,0.2044443455599826,0.0953818185791313,0.0867746499724924,5.713312149047852,5.601058006286621,5.6582231521606445
er_gpis,Cross,5,0,1,minus_x,minus_x,0.14508344214015934,0.14508344214015934,0.0,1.0,0.5,0.14508344214015934,0.05922784923521707,0.03464894001019525,4.638005256652832,4.544262886047363,4.582673072814941
er_gpis,Cross,5,0,2,minus_y,minus_y,0.11587166183552122,0.11587166183552122,0.0,1.0,1.0,0.01585246085359482,0.11587166183552122,0.07875842084592166,4.2241973876953125,4.2686333656311035,4.245120048522949
er_gpis,Cross,5,0,3,plus_z,minus_y,0.02038490952956462,0.034764401863706884,0.014379492334142263,0.0,-0.5,0.005182919745070236,0.034764401863706884,0.02038490952956462,3.6420838832855225,3.636671543121338,3.6562511920928955
er_gpis,Cross,5,0,4,plus_z,minus_y,0.009403949285970215,0.009986655819259393,0.000582706533289179,0.0,-0.5,0.009229488949378473,0.009986655819259393,0.009403949285970215,2.594879388809204,2.561154365539551,2.596036911010742
er_gpis,Cross,11,0,0,minus_x,minus_x,0.18259061366196477,0.18259061366196477,0.0,1.0,1.0,0.18259061366196477,0.18180377731102793,0.17166549587577196,4.172860145568848,4.129351615905762,4.100900173187256
er_gpis,Cross,11,0,1,minus_x,minus_x,0.1855596108771695,0.1855596108771695,0.0,1.0,1.0,0.1855596108771695,0.07529843707954281,0.05948428230561659,3.4743359088897705,3.4211480617523193,3.4163177013397217
er_gpis,Cross,11,0,2,minus_y,plus_z,0.007294048346719428,0.029260940289510318,0.02196689194279089,0.0,-1.0,0.029213116365939373,0.007294048346719428,0.029260940289510318,2.9197206497192383,2.9367403984069824,2.9161181449890137
er_gpis,Cross,11,0,3,minus_y,minus_x,0.10115523147105343,0.1015412765603545,0.00038604508930106807,0.0,0.5,0.1015412765603545,0.10115523147105343,0.08639135485834992,3.5049033164978027,3.5075018405914307,3.499887228012085
er_gpis,Cross,11,0,4,minus_x,minus_x,0.03022328442176181,0.03022328442176181,0.0,1.0,0.5,0.03022328442176181,0.018204861644132042,0.019999335513779193,4.011337757110596,3.956549882888794,3.9478063583374023
er_gpis,Cross,0,0,0,plus_z,minus_x,0.14259066458847253,0.23602319612760114,0.09343253153912862,0.0,-0.5,0.23602319612760114,0.16157717541414712,0.14259066458847253,6.826838970184326,6.653438091278076,6.832312107086182
er_gpis,Cross,0,0,1,minus_x,minus_x,0.20535451973600277,0.20535451973600277,0.0,1.0,0.5,0.20535451973600277,0.17047370893759778,0.05371229216023787,6.059965133666992,5.962263584136963,5.973124027252197
er_gpis,Cross,0,0,2,minus_x,minus_x,-0.004732345612416533,-0.004732345612416533,0.0,1.0,1.0,-0.004732345612416533,-0.02112893784796932,-0.03388112623537298,6.80154275894165,6.691985130310059,6.662790298461914
er_gpis,Cross,0,0,3,plus_z,plus_z,0.1501231816593861,0.1501231816593861,0.0,1.0,1.0,0.1325662773010743,0.11708891766526097,0.1501231816593861,6.069025039672852,6.0441436767578125,6.0860137939453125
er_gpis,Cross,0,0,4,plus_z,minus_y,0.03843495658734153,0.0668666810296702,0.028431724442328665,0.0,-1.0,0.06309635777087852,0.0668666810296702,0.03843495658734153,3.024609088897705,3.016043186187744,3.0279812812805176
er_gpis,Bowl,8,0,0,minus_x,minus_x,0.19574609678744948,0.19574609678744948,0.0,1.0,0.5,0.19574609678744948,0.03223412112793378,0.09358216733191727,4.3656005859375,4.352840423583984,4.295551300048828
er_gpis,Bowl,8,0,1,minus_x,minus_x,0.11496287858446053,0.11496287858446053,0.0,1.0,1.0,0.11496287858446053,0.06943093712662918,0.015257115898876239,1.7547098398208618,1.7273805141448975,1.7248356342315674
er_gpis,Bowl,8,0,2,plus_z,minus_y,0.04024330248001573,0.0670982678274541,0.026854965347438364,0.0,0.5,0.009808760264048644,0.0670982678274541,0.04024330248001573,2.9907567501068115,3.059701681137085,3.060163974761963
er_gpis,Bowl,8,0,3,plus_z,minus_x,-0.0058481586401339936,0.053931878609017936,0.05978003724915193,0.0,-1.0,0.053931878609017936,0.0009331023796228521,-0.0058481586401339936,3.2564666271209717,3.2733588218688965,3.3509836196899414
er_gpis,Bowl,8,0,4,plus_z,plus_z,0.03725510961338374,0.03725510961338374,0.0,1.0,1.0,0.03460542905604991,0.007261063165476811,0.03725510961338374,5.87993049621582,5.814000606536865,5.8903350830078125
er_gpis,Bowl,13,0,0,minus_x,minus_x,0.30004341354798253,0.30004341354798253,0.0,1.0,1.0,0.30004341354798253,0.09724106233687357,0.27003790476914996,2.2555081844329834,2.2123920917510986,2.2546675205230713
er_gpis,Bowl,13,0,1,minus_x,minus_y,0.11715451590402537,0.11739469787176615,0.00024018196774078238,0.0,-0.5,0.11715451590402537,0.11739469787176615,0.06753705554248646,5.694891929626465,5.661005973815918,5.675845146179199
er_gpis,Bowl,13,0,2,minus_x,minus_x,0.1430268311304631,0.1430268311304631,0.0,1.0,0.5,0.1430268311304631,0.038743728649473175,0.04705381781188289,3.2059710025787354,3.2056655883789062,3.1888225078582764
er_gpis,Bowl,13,0,3,minus_x,minus_x,0.05032231058159853,0.05032231058159853,0.0,1.0,0.5,0.05032231058159853,0.025415441017763052,0.026819764372580157,6.43913459777832,6.368405342102051,6.2624688148498535
er_gpis,Bowl,13,0,4,plus_z,plus_z,0.031995731689848594,0.031995731689848594,0.0,1.0,1.0,0.02709608773923955,0.012331635003571706,0.031995731689848594,5.511918544769287,5.501655578613281,5.580206394195557
er_gpis,Bowl,4,0,0,minus_x,minus_x,0.26186080190830824,0.26186080190830824,0.0,1.0,1.0,0.26186080190830824,0.1641170098779658,0.04250591276458271,4.43865966796875,4.3837761878967285,4.306462287902832
er_gpis,Bowl,4,0,1,minus_x,minus_x,0.17853204615869955,0.17853204615869955,0.0,1.0,0.5,0.17853204615869955,0.17714839675507887,0.09892283509376099,2.9198639392852783,2.854598045349121,2.8578174114227295
er_gpis,Bowl,4,0,2,plus_z,plus_z,0.053867738236636487,0.053867738236636487,0.0,1.0,1.0,0.005668900051917114,0.02425147416040574,0.053867738236636487,5.894845962524414,5.900584697723389,5.954537868499756
er_gpis,Bowl,4,0,3,plus_z,minus_y,0.023396465668745536,0.023994475910716462,0.0005980102419709254,0.0,0.5,0.003801376600825912,0.023994475910716462,0.023396465668745536,6.944109916687012,6.9491496086120605,6.99207878112793
er_gpis,Bowl,4,0,4,plus_z,minus_x,-0.0013192242632209528,0.0062276873946119915,0.007546911657832944,0.0,-0.5,0.0062276873946119915,0.0029668607984070228,-0.0013192242632209528,7.033240795135498,6.987138271331787,7.048434734344482
er_gpis,Bowl,1,0,0,minus_x,minus_x,0.29195723717760985,0.29195723717760985,0.0,1.0,1.0,0.29195723717760985,0.15733323946467198,0.08217195109188519,3.836463689804077,3.828272819519043,3.7724525928497314
er_gpis,Bowl,1,0,1,minus_x,minus_x,0.09719736529356549,0.09719736529356549,0.0,1.0,0.5,0.09719736529356549,0.07370571380077617,0.030215647541730783,2.6874561309814453,2.664945363998413,2.678446054458618
er_gpis,Bowl,1,0,2,minus_y,minus_x,0.03762580285671735,0.058309586895081145,0.020683784038363795,0.0,-1.0,0.058309586895081145,0.03762580285671735,0.04621845190372009,4.161916732788086,4.1670241355896,4.163784503936768
er_gpis,Bowl,1,0,3,minus_y,minus_x,0.038462753067692645,0.07197544696742919,0.033512693899736545,0.0,-0.5,0.07197544696742919,0.038462753067692645,0.046814962910426305,8.493531227111816,8.499039649963379,8.465556144714355
er_gpis,Bowl,1,0,4,minus_y,minus_x,0.010034714253655097,0.06794830932116758,0.05791359506751248,0.0,0.5,0.06794830932116758,0.010034714253655097,0.007263534242954783,8.559795379638672,8.57957935333252,8.53563117980957
er_gpis,Bowl,12,0,0,minus_x,minus_x,0.23095230279492385,0.23095230279492385,0.0,1.0,0.5,0.23095230279492385,0.20645022832684423,0.08531024847232399,3.8779594898223877,3.842787027359009,3.8447980880737305
er_gpis,Bowl,12,0,1,plus_z,minus_x,0.14790424140747693,0.1692635421231281,0.021359300715651175,0.0,0.5,0.1692635421231281,0.04521547598252473,0.14790424140747693,4.046225070953369,3.9479048252105713,4.076727390289307
er_gpis,Bowl,12,0,2,plus_z,minus_x,0.04407158279417667,0.07157672191880338,0.02750513912462671,0.0,-1.0,0.07157672191880338,0.05364151741992307,0.04407158279417667,3.669952154159546,3.706399440765381,3.712052345275879
er_gpis,Bowl,12,0,3,minus_y,minus_x,0.04641260161014782,0.06942972218358923,0.023017120573441407,0.0,-0.5,0.06942972218358923,0.04641260161014782,0.021383503879518817,6.828474521636963,6.888331413269043,6.882198810577393
er_gpis,Bowl,12,0,4,plus_z,plus_z,-0.046519114310674126,-0.046519114310674126,0.0,1.0,0.5,-0.05316745261827582,-0.05024387471129799,-0.046519114310674126,7.329205513000488,7.294455528259277,7.4096574783325195
er_gpis,Bowl,7,0,0,plus_z,minus_x,0.17747886138402125,0.23952074729534056,0.06204188591131932,0.0,-0.5,0.23952074729534056,0.1646325328553535,0.17747886138402125,4.649494171142578,4.6902313232421875,4.764344215393066
er_gpis,Bowl,7,0,1,minus_x,minus_x,0.18116423595321707,0.18116423595321707,0.0,1.0,1.0,0.18116423595321707,0.10197742872777482,0.037487037883172425,8.45536994934082,8.442656517028809,8.415719032287598
er_gpis,Bowl,7,0,2,plus_z,minus_y,0.0646549057755339,0.1009223257512597,0.0362674199757258,0.0,-1.0,0.09667037092584452,0.1009223257512597,0.0646549057755339,6.952024459838867,6.916538715362549,6.9543938636779785
er_gpis,Bowl,7,0,3,minus_x,minus_x,0.059665405670675686,0.059665405670675686,0.0,1.0,1.0,0.059665405670675686,0.05092910924378535,0.01676645855240788,10.450458526611328,10.222360610961914,10.09919548034668
er_gpis,Bowl,7,0,4,plus_z,minus_x,0.009736342526850517,0.09117113012296263,0.08143478759611211,0.0,-0.5,0.09117113012296263,0.02054137477450413,0.009736342526850517,4.417114734649658,4.404062271118164,4.443142890930176
er_gpis,Bowl,14,0,0,plus_z,minus_x,0.08526297162847496,0.1747502697276817,0.08948729809920675,0.0,-0.5,0.1747502697276817,0.16024770500928032,0.08526297162847496,4.616415500640869,4.584475517272949,4.829282760620117
er_gpis,Bowl,14,0,1,plus_z,minus_x,0.036768369685095115,0.1030254105881735,0.06625704090307838,0.0,-1.0,0.1030254105881735,0.09783657366067644,0.036768369685095115,7.961805820465088,7.963159084320068,8.007305145263672
er_gpis,Bowl,14,0,2,plus_z,minus_x,0.0036551861642564187,0.10242266280876677,0.09876747664451035,0.0,-0.5,0.10242266280876677,0.025659727941033883,0.0036551861642564187,7.585906505584717,7.585629940032959,7.588944435119629
er_gpis,Bowl,14,0,3,minus_x,minus_x,0.16139755321138394,0.16139755321138394,0.0,1.0,0.5,0.16139755321138394,0.04925703138848725,0.003664444744712836,7.811429023742676,7.743893623352051,7.765957355499268
er_gpis,Bowl,14,0,4,minus_y,minus_x,0.01666935921284396,0.1406504934146352,0.12398113420179124,0.0,-0.5,0.1406504934146352,0.01666935921284396,0.025565395177411188,10.77649211883545,10.78182601928711,10.667634010314941
er_gpis,Bowl,2,0,0,minus_x,minus_y,0.14779582283526949,0.20548571750280098,0.057689894667531494,0.0,-1.0,0.14779582283526949,0.20548571750280098,0.15936349950818252,5.201907157897949,5.11276388168335,5.153535842895508
er_gpis,Bowl,2,0,1,plus_z,minus_x,0.09904745696144246,0.18310014197484625,0.0840526850134038,0.0,-1.0,0.18310014197484625,0.17991034134264394,0.09904745696144246,3.564851999282837,3.5685527324676514,3.5698812007904053
er_gpis,Bowl,2,0,2,minus_x,minus_x,0.07666716973246102,0.07666716973246102,0.0,1.0,1.0,0.07666716973246102,0.04364925141002329,0.038119401113132834,6.426370143890381,6.378997325897217,6.359685897827148
er_gpis,Bowl,2,0,3,minus_x,minus_y,0.01683801009548669,0.08104696571429537,0.06420895561880868,0.0,-0.5,0.01683801009548669,0.08104696571429537,0.053831243402405415,7.211153984069824,7.192408084869385,7.164648056030273
er_gpis,Bowl,2,0,4,minus_y,minus_y,0.11034089915348488,0.11034089915348488,0.0,1.0,0.5,0.03887219436551992,0.11034089915348488,0.04249531671106954,9.571928024291992,9.654706954956055,9.558220863342285
er_gpis,Bowl,6,0,0,minus_x,minus_y,0.1920450061060618,0.21882031866438806,0.02677531255832627,0.0,0.5,0.1920450061060618,0.21882031866438806,0.03139186493863422,4.1472272872924805,4.085202217102051,4.0806779861450195
er_gpis,Bowl,6,0,1,minus_x,minus_y,0.16192345730449786,0.22566911837890913,0.06374566107441126,0.0,0.5,0.16192345730449786,0.22566911837890913,0.09961287442434352,2.7073447704315186,2.701064109802246,2.6238577365875244
er_gpis,Bowl,6,0,2,minus_y,minus_y,0.04893348710425549,0.04893348710425549,0.0,1.0,1.0,0.018737076573737133,0.04893348710425549,-0.011367753760754273,2.6170763969421387,2.666323661804199,2.603093385696411
er_gpis,Bowl,6,0,3,minus_y,minus_x,0.10311857355687626,0.1110835548089748,0.007964981252098546,0.0,-0.5,0.1110835548089748,0.10311857355687626,0.09919917123583455,2.0996084213256836,2.1421291828155518,2.1418814659118652
er_gpis,Bowl,6,0,4,plus_z,plus_z,0.062282451189584864,0.062282451189584864,0.0,1.0,1.0,0.05100036600660718,0.00569311403129269,0.062282451189584864,2.6708874702453613,2.647888422012329,2.693370819091797
er_gpis,Bowl,3,0,0,minus_x,minus_x,0.32077351976914004,0.32077351976914004,0.0,1.0,1.0,0.32077351976914004,0.14820816877841925,0.15845884040363933,4.316188812255859,4.180686950683594,4.2394490242004395
er_gpis,Bowl,3,0,1,plus_z,minus_x,0.07224251952998051,0.1552709436771269,0.0830284241471464,0.0,-1.0,0.1552709436771269,0.10356200268513649,0.07224251952998051,4.355594158172607,4.388304710388184,4.486894607543945
er_gpis,Bowl,3,0,2,minus_y,minus_x,0.11868337710231847,0.13171241029767133,0.013029033195352868,0.0,-0.5,0.13171241029767133,0.11868337710231847,0.08401297598323232,6.158238410949707,6.203364849090576,6.198983669281006
er_gpis,Bowl,3,0,3,plus_z,minus_x,0.02280412430567269,0.12516385532504104,0.10235973101936835,0.0,-0.5,0.12516385532504104,0.06845037698537848,0.02280412430567269,6.770873069763184,6.750119686126709,6.811649322509766
er_gpis,Bowl,3,0,4,plus_z,minus_y,0.006042911116199479,0.03144198902731832,0.02539907791111884,0.0,0.5,0.0020632537965010744,0.03144198902731832,0.006042911116199479,7.84515380859375,7.862717151641846,7.890321731567383
er_gpis,Bowl,9,0,0,minus_x,minus_x,0.2597724210157057,0.2597724210157057,0.0,1.0,0.5,0.2597724210157057,0.07864848511882905,0.042203157285327364,4.354094982147217,4.228326797485352,4.346246242523193
er_gpis,Bowl,9,0,1,plus_z,minus_x,0.10700903897694913,0.12629233177479748,0.01928329279784835,0.0,-0.5,0.12629233177479748,0.12089426287105298,0.10700903897694913,4.353567600250244,4.227579116821289,4.47692346572876
er_gpis,Bowl,9,0,2,plus_z,minus_y,0.029427093320639974,0.05066933803300111,0.021242244712361136,0.0,-0.5,0.030184061821764585,0.05066933803300111,0.029427093320639974,3.925504446029663,3.9960038661956787,4.0411906242370605
er_gpis,Bowl,9,0,3,plus_z,plus_z,0.08051344539515137,0.08051344539515137,0.0,1.0,1.0,0.020656326056938012,0.05416292396093192,0.08051344539515137,4.40798807144165,4.423109531402588,4.5100884437561035
er_gpis,Bowl,9,0,4,plus_z,minus_x,0.0023352582747725448,0.03185727331615562,0.029522015041383076,0.0,-0.5,0.03185727331615562,0.025001121141272953,0.0023352582747725448,7.6334733963012695,7.632365703582764,7.723474025726318
er_gpis,Bowl,10,0,0,minus_x,minus_x,0.28409907202078677,0.28409907202078677,0.0,1.0,1.0,0.28409907202078677,0.2775288541023433,0.10604492963344717,5.15455436706543,5.105207920074463,5.076429843902588
er_gpis,Bowl,10,0,1,minus_x,minus_x,0.18171839101941256,0.18171839101941256,0.0,1.0,1.0,0.18171839101941256,0.07111890925988085,0.019483174532024194,2.864208221435547,2.8611996173858643,2.7974846363067627
er_gpis,Bowl,10,0,2,minus_y,minus_y,0.1277638259434246,0.1277638259434246,0.0,1.0,1.0,0.03937255443115273,0.1277638259434246,0.08010654188384803,2.9753334522247314,3.0056822299957275,3.0033884048461914
er_gpis,Bowl,10,0,3,minus_x,minus_x,0.04480558726439088,0.04480558726439088,0.0,1.0,0.5,0.04480558726439088,0.020182784645981777,0.022692331206681238,2.9842073917388916,2.982903480529785,2.979163408279419
er_gpis,Bowl,10,0,4,minus_x,minus_x,0.028578003309548516,0.028578003309548516,0.0,1.0,1.0,0.028578003309548516,0.005540833788713506,0.021132907097466402,5.651065826416016,5.6085968017578125,5.611133575439453
er_gpis,Bowl,5,0,0,minus_x,minus_x,0.164921184260425,0.164921184260425,0.0,1.0,0.5,0.164921184260425,0.13831484979148762,0.10388318764852333,4.533601760864258,4.381962776184082,4.414636611938477
er_gpis,Bowl,5,0,1,minus_x,minus_x,0.13974837186513422,0.13974837186513422,0.0,1.0,0.5,0.13974837186513422,0.024404388788030418,0.07066838556503685,3.246694326400757,3.2091145515441895,3.1697139739990234
er_gpis,Bowl,5,0,2,plus_z,minus_y,0.07918345988337538,0.08914874035723186,0.009965280473856475,0.0,-0.5,0.04376118096272952,0.08914874035723186,0.07918345988337538,6.518196105957031,6.446384429931641,6.618658065795898
er_gpis,Bowl,5,0,3,plus_z,minus_x,0.014406132647762027,0.05516426719046297,0.04075813454270094,0.0,-0.5,0.05516426719046297,0.02685895123358817,0.014406132647762027,8.348063468933105,8.115857124328613,8.35844898223877
er_gpis,Bowl,5,0,4,minus_y,minus_y,0.06428327236462128,0.06428327236462128,0.0,1.0,1.0,0.04972217179234484,0.06428327236462128,0.04988492035155778,6.544212341308594,6.594100475311279,6.565982818603516
er_gpis,Bowl,11,0,0,plus_z,minus_x,0.1389787494145745,0.19576297317262364,0.056784223758049146,0.0,-1.0,0.19576297317262364,0.18721073394909954,0.1389787494145745,3.668335199356079,3.6727328300476074,3.6851677894592285
er_gpis,Bowl,11,0,1,minus_y,minus_x,0.11599878610660597,0.18708452277462928,0.07108573666802331,0.0,0.5,0.18708452277462928,0.11599878610660597,0.10124523621266546,17.3117733001709,17.316024780273438,17.267866134643555
er_gpis,Bowl,11,0,2,minus_y,minus_x,0.09109601852232951,0.17368084117975913,0.08258482265742961,0.0,0.5,0.17368084117975913,0.09109601852232951,0.02404499509768343,11.206494331359863,11.26797103881836,11.139897346496582
er_gpis,Bowl,11,0,3,minus_y,minus_x,0.07240532048004689,0.1428647381637037,0.07045941768365682,0.0,-0.5,0.1428647381637037,0.07240532048004689,0.07281116046746094,10.115326881408691,10.1382474899292,10.111226081848145
er_gpis,Bowl,11,0,4,minus_x,minus_y,0.042799072617670575,0.06191376417732464,0.019114691559654062,0.0,-1.0,0.042799072617670575,0.06191376417732464,0.05780569208780273,8.513115882873535,8.402180671691895,8.480673789978027
er_gpis,Bowl,0,0,0,minus_x,minus_x,0.2964142719550918,0.2964142719550918,0.0,1.0,1.0,0.2964142719550918,0.17574940487151813,0.1239715316519786,3.6720468997955322,3.626981496810913,3.6220123767852783
er_gpis,Bowl,0,0,1,minus_x,minus_y,0.08880822159730228,0.09169795967184602,0.002889738074543735,0.0,-0.5,0.08880822159730228,0.09169795967184602,0.06297600276086757,2.6602704524993896,2.610095500946045,2.6157357692718506
er_gpis,Bowl,0,0,2,minus_x,minus_x,0.11040129615438132,0.11040129615438132,0.0,1.0,1.0,0.11040129615438132,0.04213538853930576,0.010714330415638407,1.887908935546875,1.861458420753479,1.841786503791809
er_gpis,Bowl,0,0,3,plus_z,plus_z,0.049993064091220174,0.049993064091220174,0.0,1.0,1.0,0.043546393841743525,0.020540640000979882,0.049993064091220174,6.662968158721924,6.6578521728515625,6.755685329437256
er_gpis,Bowl,0,0,4,minus_x,minus_y,0.009044032181335537,0.04853586799841747,0.03949183581708193,0.0,-0.5,0.009044032181335537,0.04853586799841747,0.03027932313396886,7.144351482391357,7.135129451751709,7.112699031829834
er_gpis,Cube,8,0,0,minus_x,minus_x,0.23172755424714453,0.23172755424714453,0.0,1.0,1.0,0.23172755424714453,0.08830938386972242,0.08023670757045104,4.857633590698242,4.742198467254639,4.6668524742126465
er_gpis,Cube,8,0,1,minus_x,minus_x,0.13563871760950985,0.13563871760950985,0.0,1.0,1.0,0.13563871760950985,0.05902418345903626,0.07754348360398522,4.172050476074219,4.005213737487793,4.052741527557373
er_gpis,Cube,8,0,2,minus_x,minus_x,0.11742794838851367,0.11742794838851367,0.0,1.0,1.0,0.11742794838851367,0.009288020038599187,0.017244792375770923,1.8899704217910767,1.8012771606445312,1.8876080513000488
er_gpis,Cube,8,0,3,minus_x,minus_x,0.10751153395210655,0.10751153395210655,0.0,1.0,0.5,0.10751153395210655,0.02773148322930985,0.009610977227509587,2.579379081726074,2.431093215942383,2.4587762355804443
er_gpis,Cube,8,0,4,plus_z,plus_z,0.003910758423620875,0.003910758423620875,0.0,1.0,1.0,0.0037937493288097146,0.0012973351610959805,0.003910758423620875,3.1205928325653076,3.063258647918701,3.1486849784851074
er_gpis,Cube,13,0,0,minus_x,minus_y,0.1304162118358923,0.18320221063221942,0.052785998796327116,0.0,0.5,0.1304162118358923,0.18320221063221942,0.11018129950199784,4.287968635559082,4.2590651512146,4.22443151473999
er_gpis,Cube,13,0,1,minus_x,minus_x,0.24567492244637212,0.24567492244637212,0.0,1.0,1.0,0.24567492244637212,0.20477622404811036,0.17731365234878782,2.2047126293182373,2.1902921199798584,2.1808338165283203
er_gpis,Cube,13,0,2,minus_y,minus_x,0.07918857467672435,0.13276212224312423,0.05357354756639987,0.0,0.5,0.13276212224312423,0.07918857467672435,0.026888827806749505,1.97646164894104,1.9871656894683838,1.9659210443496704
er_gpis,Cube,13,0,3,minus_y,minus_y,0.07635661180902376,0.07635661180902376,0.0,1.0,0.5,0.07509546736761152,0.07635661180902376,0.03359473928439105,5.47452974319458,5.566979885101318,5.52490234375
er_gpis,Cube,13,0,4,minus_y,minus_x,0.025371664561794627,0.047076674551503106,0.02170500998970848,0.0,0.5,0.047076674551503106,0.025371664561794627,-0.000254787819666924,6.387247562408447,6.3890204429626465,6.371665954589844
er_gpis,Cube,4,0,0,minus_y,minus_x,0.22609639227199196,0.34828932458047124,0.12219293230847927,0.0,-0.5,0.34828932458047124,0.22609639227199196,0.1589800047818828,4.443070411682129,4.515770435333252,4.5115203857421875
er_gpis,Cube,4,0,1,minus_x,minus_x,0.17587156310928764,0.17587156310928764,0.0,1.0,1.0,0.17587156310928764,0.09767231288777145,0.019058534490191792,4.03218936920166,4.0204854011535645,3.9450926780700684
er_gpis,Cube,4,0,2,minus_x,minus_x,0.10553701797048909,0.10553701797048909,0.0,1.0,1.0,0.10553701797048909,0.0054291650379771905,0.03308312238286326,2.9358224868774414,2.8482840061187744,2.8767929077148438
er_gpis,Cube,4,0,3,plus_z,plus_z,0.031033007344434815,0.031033007344434815,0.0,1.0,1.0,0.022943686773876926,0.021433660020319434,0.031033007344434815,3.7942769527435303,3.787590742111206,3.796706199645996
er_gpis,Cube,4,0,4,minus_x,minus_x,0.02919409932949013,0.02919409932949013,0.0,1.0,1.0,0.02919409932949013,0.0024011541791033597,0.018387754978470783,3.3128082752227783,3.2543063163757324,3.2624731063842773
er_gpis,Cube,1,0,0,minus_x,minus_x,0.32764536095734703,0.32764536095734703,0.0,1.0,1.0,0.32764536095734703,0.09677066015162111,0.07612573942574002,4.138485431671143,4.018317222595215,4.014581680297852
er_gpis,Cube,1,0,1,minus_x,minus_x,0.07097610171781077,0.07097610171781077,0.0,1.0,1.0,0.07097610171781077,0.039954780729166695,0.05479391744603501,3.237617015838623,2.981487989425659,3.046917676925659
er_gpis,Cube,1,0,2,minus_x,minus_x,0.11867566591717205,0.11867566591717205,0.0,1.0,1.0,0.11867566591717205,0.09201870282175628,0.04281358379042588,2.529322385787964,2.5255210399627686,2.4983415603637695
er_gpis,Cube,1,0,3,plus_z,plus_z,0.027413981843472657,0.027413981843472657,0.0,1.0,0.5,0.023475534460649095,0.02067096269638702,0.027413981843472657,6.756425380706787,6.814819812774658,6.845763683319092
er_gpis,Cube,1,0,4,plus_z,minus_x,0.00137977491374075,0.007884995088149216,0.006505220174408466,0.0,-0.5,0.007884995088149216,0.006268033362132552,0.00137977491374075,3.334015369415283,3.2747018337249756,3.3365862369537354
er_gpis,Cube,12,0,0,minus_x,minus_x,0.28171954927038856,0.28171954927038856,0.0,1.0,0.5,0.28171954927038856,0.09109508849966175,0.10728382832014732,4.755411148071289,4.559719085693359,4.432704448699951
er_gpis,Cube,12,0,1,minus_x,minus_x,0.1574941888371163,0.1574941888371163,0.0,1.0,1.0,0.1574941888371163,0.015722188624864075,0.040044528150168124,3.9264941215515137,3.5794548988342285,3.6985232830047607
er_gpis,Cube,12,0,2,minus_x,minus_x,0.06219442291510735,0.06219442291510735,0.0,1.0,1.0,0.06219442291510735,0.02683201418952308,0.024763655365008574,3.958644151687622,3.826875925064087,3.789745569229126
er_gpis,Cube,12,0,3,plus_z,plus_z,0.026507403165872745,0.026507403165872745,0.0,1.0,1.0,0.01174664112639634,0.014109361417250277,0.026507403165872745,3.0001463890075684,3.000518798828125,3.013951539993286
er_gpis,Cube,12,0,4,minus_x,minus_x,0.04142207822359234,0.04142207822359234,0.0,1.0,0.5,0.04142207822359234,0.009345465652987772,0.01296189082284005,6.062132835388184,6.026374816894531,5.975099086761475
er_gpis,Cube,7,0,0,minus_x,minus_x,0.23755274478933475,0.23755274478933475,0.0,1.0,0.5,0.23755274478933475,0.06523786018750011,0.0878180709567074,4.406203269958496,4.252424240112305,4.20231819152832
er_gpis,Cube,7,0,1,plus_z,minus_x,0.058639021912492484,0.2526980593820868,0.1940590374695943,0.0,-1.0,0.2526980593820868,0.09889488544172731,0.058639021912492484,3.3706448078155518,3.385620355606079,3.387939691543579
er_gpis,Cube,7,0,2,minus_y,minus_y,0.10223688675414366,0.10223688675414366,0.0,1.0,1.0,0.030448376254235132,0.10223688675414366,0.02111772133599399,5.687389850616455,5.724226951599121,5.594977378845215
er_gpis,Cube,7,0,3,minus_y,minus_y,0.0948257453048611,0.0948257453048611,0.0,1.0,1.0,0.03762469198429741,0.0948257453048611,0.031267243918004395,2.2989509105682373,2.3735833168029785,2.2832224369049072
er_gpis,Cube,7,0,4,minus_x,minus_y,0.013348376944689044,0.034634539189869695,0.02128616224518065,0.0,-0.5,0.013348376944689044,0.034634539189869695,0.01747186075638285,4.661431789398193,4.653679847717285,4.562187194824219
er_gpis,Cube,14,0,0,minus_x,minus_x,0.22608354142699133,0.22608354142699133,0.0,1.0,0.5,0.22608354142699133,0.050881874364644364,0.08572197455367464,4.431550025939941,4.39285945892334,4.370425224304199
er_gpis,Cube,14,0,1,minus_x,minus_x,0.15268256149052906,0.15268256149052906,0.0,1.0,1.0,0.15268256149052906,0.044301245655601895,0.06132932750794884,4.451885223388672,4.1761651039123535,4.284376621246338
er_gpis,Cube,14,0,2,minus_y,plus_z,0.03875883170445382,0.06022755261577295,0.021468720911319128,0.0,-0.5,0.033575479178372,0.03875883170445382,0.06022755261577295,3.27553391456604,3.3116042613983154,3.2658019065856934
er_gpis,Cube,14,0,3,minus_x,minus_x,0.044445518241311155,0.044445518241311155,0.0,1.0,0.5,0.044445518241311155,0.02936779663178546,0.02218235733230367,1.8919798135757446,1.850459098815918,1.8880113363265991
er_gpis,Cube,14,0,4,minus_y,minus_y,0.015015503435582556,0.015015503435582556,0.0,1.0,1.0,0.001542409273501133,0.015015503435582556,0.014235985059858347,2.8161604404449463,2.8421754837036133,2.8253464698791504
er_gpis,Cube,2,0,0,minus_x,plus_z,0.13181078863680634,0.17726038444478837,0.045449595807982024,0.0,0.5,0.13181078863680634,0.11390568413700619,0.17726038444478837,5.699977397918701,5.3853020668029785,5.392830848693848
er_gpis,Cube,2,0,1,minus_x,minus_y,-0.03547136090504921,0.09421753353699469,0.1296888944420439,0.0,-0.5,-0.03547136090504921,0.09421753353699469,0.07008012051710477,2.815326452255249,2.7870943546295166,2.7735273838043213
er_gpis,Cube,2,0,2,minus_x,minus_x,0.289706539981185,0.289706539981185,0.0,1.0,0.5,0.289706539981185,0.2578987334157026,0.13771351280468525,6.258965492248535,6.13059663772583,6.15499210357666
er_gpis,Cube,2,0,3,minus_x,minus_x,0.050106431398921125,0.050106431398921125,0.0,1.0,0.5,0.050106431398921125,0.03621345477583848,0.03757811040596426,3.9034759998321533,3.869426965713501,3.8329591751098633
er_gpis,Cube,2,0,4,minus_x,minus_x,0.0972945378977127,0.0972945378977127,0.0,1.0,1.0,0.0972945378977127,0.010136951130703564,0.0034587572453148585,3.0837814807891846,3.0190765857696533,3.007866144180298
er_gpis,Cube,6,0,0,minus_x,minus_x,0.15945031479185856,0.15945031479185856,0.0,1.0,1.0,0.15945031479185856,0.09458668891011268,0.038143723051602074,4.233902454376221,4.113410949707031,3.707667827606201
er_gpis,Cube,6,0,1,minus_x,minus_x,0.12282392837975264,0.12282392837975264,0.0,1.0,1.0,0.12282392837975264,0.03970805751784967,0.04595901208779685,3.6224560737609863,3.4561378955841064,3.5502541065216064
er_gpis,Cube,6,0,2,plus_z,plus_z,0.07919041172321906,0.07919041172321906,0.0,1.0,1.0,0.04211010844933638,0.008270018924990907,0.07919041172321906,2.0250959396362305,2.0070457458496094,2.055000066757202
er_gpis,Cube,6,0,3,minus_x,minus_x,0.021250284863157498,0.021250284863157498,0.0,1.0,1.0,0.021250284863157498,0.010188308961834758,0.010588667234445737,6.654007434844971,6.587674140930176,6.632309913635254
er_gpis,Cube,6,0,4,minus_x,plus_z,0.03363080495151283,0.03368911247307804,5.8307521565215126e-05,0.0,0.5,0.03363080495151283,0.007798217472778868,0.03368911247307804,5.411293983459473,5.308192253112793,5.399095058441162
er_gpis,Cube,3,0,0,minus_x,minus_x,0.28507325730123445,0.28507325730123445,0.0,1.0,0.5,0.28507325730123445,0.1338997475363327,0.06897750212594267,4.701913356781006,4.2703962326049805,4.607772350311279
er_gpis,Cube,3,0,1,minus_x,minus_x,0.078363272507877,0.078363272507877,0.0,1.0,1.0,0.078363272507877,0.019454261918463556,0.008245243724175899,3.576413869857788,3.5126678943634033,3.4958653450012207
er_gpis,Cube,3,0,2,minus_y,minus_y,0.13299652618235824,0.13299652618235824,0.0,1.0,1.0,0.04110717839209799,0.13299652618235824,0.0016706568619471174,1.912764072418213,1.9268237352371216,1.8871240615844727
er_gpis,Cube,3,0,3,minus_x,minus_y,0.011817714803746604,0.01563826307215954,0.0038205482684129377,0.0,-0.5,0.011817714803746604,0.01563826307215954,0.013106430629192367,1.7762479782104492,1.7713063955307007,1.7629930973052979
er_gpis,Cube,3,0,4,plus_z,minus_x,0.01095607187318326,0.025192025613991365,0.014235953740808105,0.0,-1.0,0.025192025613991365,0.012674655257119194,0.01095607187318326,3.1451079845428467,3.1565234661102295,3.1609251499176025
er_gpis,Cube,9,0,0,minus_x,minus_x,0.21047765220868092,0.21047765220868092,0.0,1.0,1.0,0.21047765220868092,0.03946801439984188,0.06908304997113496,4.045681953430176,3.6400818824768066,3.9564757347106934
er_gpis,Cube,9,0,1,minus_x,minus_x,0.13088184576687978,0.13088184576687978,0.0,1.0,0.5,0.13088184576687978,0.03911386430876773,0.004391912288368438,3.5078587532043457,3.36566162109375,3.4034616947174072
er_gpis,Cube,9,0,2,minus_x,plus_z,0.03684365341572404,0.04750600094444435,0.010662347528720306,0.0,0.5,0.03684365341572404,0.03014936479706165,0.04750600094444435,2.0702199935913086,2.0461513996124268,2.067484140396118
er_gpis,Cube,9,0,3,plus_z,minus_y,0.02606224031281934,0.05693561121554691,0.03087337090272757,0.0,-1.0,0.030103216847800374,0.05693561121554691,0.02606224031281934,3.5612146854400635,3.539078950881958,3.5680439472198486
er_gpis,Cube,9,0,4,minus_x,plus_z,-0.05626322631208558,-0.05033623911511098,0.005926987196974598,0.0,0.5,-0.05626322631208558,-0.06075540971590154,-0.05033623911511098,4.079458236694336,4.0440168380737305,4.068603038787842
er_gpis,Cube,10,0,0,minus_x,minus_x,0.21302634585203994,0.21302634585203994,0.0,1.0,1.0,0.21302634585203994,0.12092342095316855,0.09645396328533029,4.77719783782959,4.479968070983887,4.317225456237793
er_gpis,Cube,10,0,1,minus_x,minus_x,0.1695804246191832,0.1695804246191832,0.0,1.0,1.0,0.1695804246191832,0.0963647621538759,0.037416476921162456,4.214759826660156,4.069237232208252,3.9394428730010986
er_gpis,Cube,10,0,2,minus_y,plus_z,0.03940335125143757,0.050574675429502336,0.011171324178064768,0.0,-1.0,0.03944962153007403,0.03940335125143757,0.050574675429502336,3.3485007286071777,3.3786168098449707,3.2359979152679443
er_gpis,Cube,10,0,3,minus_y,plus_z,0.03189625904939586,0.053756498636201244,0.021860239586805386,0.0,-1.0,0.04102117721064824,0.03189625904939586,0.053756498636201244,4.430186748504639,4.44804048538208,4.4025187492370605
er_gpis,Cube,10,0,4,plus_z,minus_x,0.027597260808437718,0.03777287728542289,0.010175616476985172,0.0,0.5,0.03777287728542289,0.02089799645146251,0.027597260808437718,2.484804153442383,2.4840071201324463,2.487154960632324
er_gpis,Cube,5,0,0,minus_x,minus_x,0.12958231724873043,0.12958231724873043,0.0,1.0,0.5,0.12958231724873043,0.11347526783154827,0.11659484365572964,5.17959451675415,5.06258487701416,4.999302864074707
er_gpis,Cube,5,0,1,minus_x,minus_x,0.23645736673677736,0.23645736673677736,0.0,1.0,0.5,0.23645736673677736,0.17551368968900266,0.13178047868577208,4.097949981689453,4.004997730255127,4.033853054046631
er_gpis,Cube,5,0,2,plus_z,minus_x,0.025343772168719303,0.19045526136483248,0.16511148919611318,0.0,-0.5,0.19045526136483248,0.06348923804993367,0.025343772168719303,1.9497230052947998,1.938620924949646,1.959550142288208
er_gpis,Cube,5,0,3,minus_x,plus_z,0.06873657692727131,0.1080223372780934,0.039285760350822096,0.0,-0.5,0.06873657692727131,0.09739175527805233,0.1080223372780934,6.53066873550415,6.423427104949951,6.5209197998046875
er_gpis,Cube,5,0,4,minus_y,minus_x,0.08320153590100765,0.12041486096423948,0.03721332506323183,0.0,-0.5,0.12041486096423948,0.08320153590100765,0.08088090670591896,5.977741718292236,6.0122599601745605,5.991245269775391
er_gpis,Cube,11,0,0,minus_x,minus_x,0.2778215842154842,0.2778215842154842,0.0,1.0,1.0,0.2778215842154842,0.17372415858434598,0.17511694071416994,4.675867080688477,4.56339168548584,4.601804733276367
er_gpis,Cube,11,0,1,minus_x,minus_x,0.09567288907745686,0.09567288907745686,0.0,1.0,0.5,0.09567288907745686,0.04418144332776175,0.070468222899006,2.2579152584075928,2.2270984649658203,2.216771364212036
er_gpis,Cube,11,0,2,minus_x,minus_x,0.13638227477427267,0.13638227477427267,0.0,1.0,1.0,0.13638227477427267,0.06965838321012918,0.03922328576237599,5.681254863739014,5.612330913543701,5.560791969299316
er_gpis,Cube,11,0,3,minus_y,plus_z,-0.0012341654949847847,0.03866490037334713,0.03989906586833192,0.0,0.5,-0.0026620314074514706,-0.0012341654949847847,0.03866490037334713,3.653942346572876,3.7098560333251953,3.657703161239624
er_gpis,Cube,11,0,4,minus_y,minus_y,0.01175864255115544,0.01175864255115544,0.0,1.0,1.0,0.010863553788370561,0.01175864255115544,-0.00556969466253876,3.776668071746826,3.798872470855713,3.7359440326690674
er_gpis,Cube,0,0,0,minus_x,minus_x,0.34453419315154543,0.34453419315154543,0.0,1.0,0.5,0.34453419315154543,0.2336496262881011,0.11151615815560667,3.791966676712036,3.7789626121520996,3.7860729694366455
er_gpis,Cube,0,0,1,minus_x,minus_x,0.21928640634601893,0.21928640634601893,0.0,1.0,1.0,0.21928640634601893,0.10353381879839818,0.12068203613276485,3.7505264282226562,3.6625306606292725,3.6708767414093018
er_gpis,Cube,0,0,2,minus_x,minus_x,0.09045589590897285,0.09045589590897285,0.0,1.0,1.0,0.09045589590897285,0.07839798503621409,0.01078733205381699,3.6924657821655273,3.6149747371673584,3.569369077682495
er_gpis,Cube,0,0,3,plus_z,minus_y,0.007263153795178057,0.04626660849402853,0.03900345469885047,0.0,-1.0,0.017906060060015938,0.04626660849402853,0.007263153795178057,7.144139289855957,7.08015251159668,7.172496795654297
er_gpis,Cube,0,0,4,minus_x,minus_y,-0.0537717633341499,-0.011091111015472332,0.04268065231867757,0.0,-1.0,-0.0537717633341499,-0.011091111015472332,-0.027862951771775557,6.2684125900268555,6.169300079345703,6.234594821929932
er_gpis,Thin_Irregular,8,0,0,minus_x,minus_x,0.26782490209581944,0.26782490209581944,0.0,1.0,1.0,0.26782490209581944,0.0529658662672588,0.1843280870101347,3.0013339519500732,2.8737542629241943,2.8950905799865723
er_gpis,Thin_Irregular,8,0,1,minus_x,minus_x,0.13145758162463972,0.13145758162463972,0.0,1.0,1.0,0.13145758162463972,0.0737047488573529,0.04649253493326888,2.114779472351074,2.067091941833496,2.0538864135742188
er_gpis,Thin_Irregular,8,0,2,minus_y,minus_y,0.09767280146833379,0.09767280146833379,0.0,1.0,1.0,0.06516474375270709,0.09767280146833379,0.04491828278467824,1.8631192445755005,1.8649835586547852,1.8416393995285034
er_gpis,Thin_Irregular,8,0,3,minus_y,minus_y,0.043695912300945605,0.043695912300945605,0.0,1.0,1.0,0.04196787814946101,0.043695912300945605,0.004942711132860267,2.468926191329956,2.4800167083740234,2.465848445892334
er_gpis,Thin_Irregular,8,0,4,minus_y,minus_y,0.06409813755195681,0.06409813755195681,0.0,1.0,0.5,0.037669897919454076,0.06409813755195681,0.014412722108849807,2.1607837677001953,2.175536632537842,2.1682283878326416
er_gpis,Thin_Irregular,13,0,0,minus_x,minus_x,0.16780887190451121,0.16780887190451121,0.0,1.0,0.5,0.16780887190451121,0.06179222950905372,0.03141331029502359,2.2715110778808594,2.1759908199310303,2.198836326599121
er_gpis,Thin_Irregular,13,0,1,minus_x,plus_z,0.03749823255208362,0.040799387693435496,0.0033011551413518747,0.0,0.5,0.03749823255208362,0.0017965934036214826,0.040799387693435496,3.486093282699585,3.4168624877929688,3.4634852409362793
er_gpis,Thin_Irregular,13,0,2,minus_x,minus_x,0.14186547847328823,0.14186547847328823,0.0,1.0,1.0,0.14186547847328823,0.024708137749653747,0.06313531406394712,2.905953884124756,2.7961552143096924,2.8297531604766846
er_gpis,Thin_Irregular,13,0,3,plus_z,minus_x,0.05040693353545023,0.05679455521336363,0.006387621677913402,0.0,-0.5,0.05679455521336363,0.03054649315684077,0.05040693353545023,2.716130495071411,2.7181031703948975,2.7284247875213623
er_gpis,Thin_Irregular,13,0,4,minus_y,minus_x,0.02152087003287062,0.03081933468254605,0.00929846464967543,0.0,0.5,0.03081933468254605,0.02152087003287062,-0.010557299673761733,2.3518002033233643,2.3546340465545654,2.3306736946105957
er_gpis,Thin_Irregular,4,0,0,minus_x,minus_y,0.23686452783787487,0.24205018671822914,0.005185658880354271,0.0,0.5,0.23686452783787487,0.24205018671822914,0.22055487133808643,3.608093500137329,3.5082459449768066,3.4795172214508057
er_gpis,Thin_Irregular,4,0,1,minus_y,minus_x,0.11608385486205075,0.15767042139553167,0.04158656653348092,0.0,-0.5,0.15767042139553167,0.11608385486205075,0.1084978062938684,2.0664868354797363,2.1219120025634766,2.1125621795654297
er_gpis,Thin_Irregular,4,0,2,minus_x,minus_x,0.1462635286017817,0.1462635286017817,0.0,1.0,1.0,0.1462635286017817,0.04612356037725873,0.07577029575194383,6.094874382019043,6.081187725067139,6.084421634674072
er_gpis,Thin_Irregular,4,0,3,minus_x,minus_x,0.07136290705670056,0.07136290705670056,0.0,1.0,0.5,0.07136290705670056,0.06730096917116735,0.04548049013144917,3.479710578918457,3.461000919342041,3.4736664295196533
er_gpis,Thin_Irregular,4,0,4,minus_x,minus_y,0.013251668281686335,0.05947337036528033,0.046221702083593996,0.0,-0.5,0.013251668281686335,0.05947337036528033,0.019325782555968396,2.2895686626434326,2.286189079284668,2.2853496074676514
er_gpis,Thin_Irregular,1,0,0,minus_x,minus_x,0.1805670188134551,0.1805670188134551,0.0,1.0,0.5,0.1805670188134551,0.05675441643258711,0.045771652852527545,2.504518985748291,2.3959126472473145,2.4697587490081787
er_gpis,Thin_Irregular,1,0,1,minus_x,minus_x,0.22279728824100098,0.22279728824100098,0.0,1.0,1.0,0.22279728824100098,0.1151085301776712,0.051349605569179335,2.9313719272613525,2.822744131088257,2.7852063179016113
er_gpis,Thin_Irregular,1,0,2,minus_x,minus_x,0.030662147713428678,0.030662147713428678,0.0,1.0,0.5,0.030662147713428678,0.006916339593190712,0.010463471888377152,2.9560561180114746,2.929285764694214,2.881002187728882
er_gpis,Thin_Irregular,1,0,3,plus_z,minus_x,0.0162132218788702,0.028656526209836386,0.012443304330966187,0.0,-0.5,0.028656526209836386,0.004273543474661579,0.0162132218788702,2.3729403018951416,2.3753340244293213,2.378875732421875
er_gpis,Thin_Irregular,1,0,4,minus_x,minus_y,-0.011931133226381951,0.0005007037296197447,0.012431836956001696,0.0,-1.0,-0.011931133226381951,0.0005007037296197447,-0.0063206576592238495,1.9078272581100464,1.8712058067321777,1.9069792032241821
er_gpis,Thin_Irregular,12,0,0,minus_x,minus_x,0.20491302364817682,0.20491302364817682,0.0,1.0,0.5,0.20491302364817682,0.18262876466850514,0.1031239032212064,2.4542245864868164,2.310255765914917,2.4215641021728516
er_gpis,Thin_Irregular,12,0,1,minus_x,minus_x,0.13028706999313633,0.13028706999313633,0.0,1.0,0.5,0.13028706999313633,0.10257274382613368,0.02078807685722006,1.8953702449798584,1.8691614866256714,1.8910681009292603
er_gpis,Thin_Irregular,12,0,2,minus_x,minus_x,0.08936776209224806,0.08936776209224806,0.0,1.0,1.0,0.08936776209224806,0.07370159764717854,0.06583460457021417,7.054609298706055,6.9794769287109375,6.9369072914123535
er_gpis,Thin_Irregular,12,0,3,minus_y,minus_y,0.04637106065817098,0.04637106065817098,0.0,1.0,0.5,0.020910000144780727,0.04637106065817098,0.01740323664587995,3.7662911415100098,3.8395674228668213,3.8108575344085693
er_gpis,Thin_Irregular,12,0,4,minus_x,minus_y,0.028689631290931716,0.046159307740220035,0.01746967644928832,0.0,0.5,0.028689631290931716,0.046159307740220035,0.0195770753950818,3.709749937057495,3.597207546234131,3.5370543003082275
er_gpis,Thin_Irregular,7,0,0,minus_x,minus_x,0.25470051114640896,0.25470051114640896,0.0,1.0,1.0,0.25470051114640896,0.14865778761005677,0.0457159269647931,1.8020251989364624,1.789758324623108,1.7543299198150635
er_gpis,Thin_Irregular,7,0,1,minus_x,minus_x,0.17322473426845109,0.17322473426845109,0.0,1.0,1.0,0.17322473426845109,0.12094870443858652,0.10488921797017903,1.9529393911361694,1.946315050125122,1.9258933067321777
er_gpis,Thin_Irregular,7,0,2,minus_x,plus_z,0.07618000307385275,0.08060946357709231,0.004429460503239557,0.0,-0.5,0.07618000307385275,0.06512860548634702,0.08060946357709231,2.875093460083008,2.860417366027832,2.842470645904541
er_gpis,Thin_Irregular,7,0,3,minus_y,plus_z,0.024924916946976516,0.05454716228073231,0.029622245333755792,0.0,-1.0,0.04488770298537481,0.024924916946976516,0.05454716228073231,2.3717074394226074,2.3773505687713623,2.3627262115478516
er_gpis,Thin_Irregular,7,0,4,minus_x,minus_x,0.02107800450341135,0.02107800450341135,0.0,1.0,1.0,0.02107800450341135,0.017998052968514422,0.007220370666291442,4.744759559631348,4.741674900054932,4.729526996612549
er_gpis,Thin_Irregular,14,0,0,minus_x,minus_x,0.19843087186980757,0.19843087186980757,0.0,1.0,1.0,0.19843087186980757,0.1905903541484676,0.08074100473259849,3.960679531097412,3.865666627883911,3.797104835510254
er_gpis,Thin_Irregular,14,0,1,minus_x,minus_x,0.2340407589072791,0.2340407589072791,0.0,1.0,0.5,0.2340407589072791,0.10175995010822075,0.026184790428072702,1.6635147333145142,1.6252177953720093,1.6309404373168945
er_gpis,Thin_Irregular,14,0,2,plus_z,minus_x,0.02478901178866677,0.12985004549393242,0.10506103370526565,0.0,-0.5,0.12985004549393242,0.07719263745590643,0.02478901178866677,3.70253586769104,3.6538054943084717,3.7037084102630615
er_gpis,Thin_Irregular,14,0,3,minus_y,minus_x,0.05893645664575553,0.08763067464336416,0.02869421799760863,0.0,-1.0,0.08763067464336416,0.05893645664575553,0.06707367719531732,14.210705757141113,14.290511131286621,14.228057861328125
er_gpis,Thin_Irregular,14,0,4,minus_y,minus_x,0.03369376408514435,0.06829175070930749,0.034597986624163135,0.0,0.5,0.06829175070930749,0.03369376408514435,0.026294974093237,12.958725929260254,13.015057563781738,12.94583797454834
er_gpis,Thin_Irregular,2,0,0,minus_x,plus_z,0.24516132109185806,0.24758895253665858,0.0024276314448005154,0.0,0.5,0.24516132109185806,0.2449164167116129,0.24758895253665858,4.642889976501465,4.610032081604004,4.623136043548584
er_gpis,Thin_Irregular,2,0,1,minus_x,minus_x,0.0424929299627273,0.0424929299627273,0.0,1.0,1.0,0.0424929299627273,-0.0313830690742532,-0.0027727999359252187,2.1869261264801025,2.1431095600128174,2.1580238342285156
er_gpis,Thin_Irregular,2,0,2,minus_x,plus_z,0.13232378762672353,0.2318794646668217,0.09955567704009816,0.0,-0.5,0.13232378762672353,0.1209971510454449,0.2318794646668217,2.459974765777588,2.4208526611328125,2.4195005893707275
er_gpis,Thin_Irregular,2,0,3,minus_x,minus_y,0.037298994394294294,0.06784885908713101,0.030549864692836715,0.0,0.5,0.037298994394294294,0.06784885908713101,0.03652977844822913,8.6731595993042,8.596951484680176,8.581799507141113
er_gpis,Thin_Irregular,2,0,4,minus_x,minus_y,0.005745786777334283,0.02338912794946535,0.017643341172131066,0.0,-0.5,0.005745786777334283,0.02338912794946535,-0.027120780164651248,5.310730457305908,5.2592082023620605,5.268492221832275
er_gpis,Thin_Irregular,6,0,0,minus_x,minus_x,0.19018361134450157,0.19018361134450157,0.0,1.0,0.5,0.19018361134450157,0.13607688017811004,0.04256075005833915,2.5791594982147217,2.54931378364563,2.5605859756469727
er_gpis,Thin_Irregular,6,0,1,minus_x,minus_x,0.15983037772662323,0.15983037772662323,0.0,1.0,1.0,0.15983037772662323,0.03051204094780602,0.015315498813704642,2.648508310317993,2.5890839099884033,2.5610616207122803
er_gpis,Thin_Irregular,6,0,2,minus_x,plus_z,0.02888369891950593,0.074795507409534,0.04591180849002807,0.0,-0.5,0.02888369891950593,0.056535244834464815,0.074795507409534,3.1563525199890137,2.932710886001587,3.057262420654297
er_gpis,Thin_Irregular,6,0,3,minus_x,minus_y,0.02740513023121649,0.05162700768883133,0.024221877457614838,0.0,-0.5,0.02740513023121649,0.05162700768883133,0.009701951985324864,3.2875633239746094,3.2690625190734863,3.2741174697875977
er_gpis,Thin_Irregular,6,0,4,minus_y,minus_x,0.04285644875106531,0.05128002275422738,0.008423574003162071,0.0,0.5,0.05128002275422738,0.04285644875106531,0.012487773480460373,2.9956653118133545,2.9994609355926514,2.993070125579834
er_gpis,Thin_Irregular,3,0,0,minus_x,minus_x,0.21692283410661195,0.21692283410661195,0.0,1.0,1.0,0.21692283410661195,0.17476678060543555,0.10972717013655237,3.443620204925537,3.3485143184661865,3.34159255027771
er_gpis,Thin_Irregular,3,0,1,minus_x,minus_x,0.1789115218747187,0.1789115218747187,0.0,1.0,0.5,0.1789115218747187,0.11422864456280934,0.029603391726298556,1.5680029392242432,1.561714768409729,1.563028335571289
er_gpis,Thin_Irregular,3,0,2,minus_x,minus_x,0.11910244523312352,0.11910244523312352,0.0,1.0,1.0,0.11910244523312352,0.0965994193243549,0.09453580820926566,2.9448654651641846,2.885190010070801,2.8791720867156982
er_gpis,Thin_Irregular,3,0,3,minus_x,minus_x,0.04918813275772571,0.04918813275772571,0.0,1.0,1.0,0.04918813275772571,0.022878344348153945,0.044686634293796934,5.106122016906738,5.03892707824707,5.0540056228637695
er_gpis,Thin_Irregular,3,0,4,plus_z,minus_x,0.01055367661942952,0.040302773963582506,0.029749097344152986,0.0,-0.5,0.040302773963582506,0.03847456401521154,0.01055367661942952,2.2994933128356934,2.2944507598876953,2.3033571243286133
er_gpis,Thin_Irregular,9,0,0,plus_z,plus_z,0.3420216610942787,0.3420216610942787,0.0,1.0,1.0,0.29302032741675643,0.23235693790947612,0.3420216610942787,5.248917102813721,5.2107696533203125,5.254746437072754
er_gpis,Thin_Irregular,9,0,1,minus_x,minus_y,0.08013622317104896,0.12974555007409916,0.0496093269030502,0.0,0.5,0.08013622317104896,0.12974555007409916,0.017463540782714615,2.388308048248291,2.349454164505005,2.3372416496276855
er_gpis,Thin_Irregular,9,0,2,minus_x,minus_x,0.1713332598045869,0.1713332598045869,0.0,1.0,1.0,0.1713332598045869,0.1275945108359925,0.07697360669411679,3.6913886070251465,3.576864242553711,3.45312762260437
er_gpis,Thin_Irregular,9,0,3,minus_y,minus_y,0.03650620635462043,0.03650620635462043,0.0,1.0,0.5,0.011412136800388883,0.03650620635462043,0.03153135708403232,4.303088665008545,4.332421779632568,4.290789604187012
er_gpis,Thin_Irregular,9,0,4,minus_x,minus_y,0.025332014628958288,0.05118600579339028,0.02585399116443199,0.0,-1.0,0.025332014628958288,0.05118600579339028,0.0335552564495849,2.496028184890747,2.4470386505126953,2.4848978519439697
er_gpis,Thin_Irregular,10,0,0,minus_x,minus_y,-0.012460671647169796,0.006707638305987196,0.019168309953156992,0.0,-0.5,-0.012460671647169796,0.006707638305987196,0.005195635313259339,2.594043016433716,2.5743889808654785,2.530724287033081
er_gpis,Thin_Irregular,10,0,1,minus_x,minus_x,0.19437876503450696,0.19437876503450696,0.0,1.0,1.0,0.19437876503450696,0.17509502641221003,0.18350918880938222,6.770687103271484,6.644216060638428,6.6608195304870605
er_gpis,Thin_Irregular,10,0,2,plus_z,minus_x,0.020044249252525237,0.052434619822376516,0.03239037056985128,0.0,-1.0,0.052434619822376516,0.02617928374632794,0.020044249252525237,3.2854061126708984,3.3025290966033936,3.3094403743743896
er_gpis,Thin_Irregular,10,0,3,minus_y,minus_y,0.09779891014486031,0.09779891014486031,0.0,1.0,0.5,0.05805044545942217,0.09779891014486031,0.04760407970890668,6.484063625335693,6.5711236000061035,6.511446952819824
er_gpis,Thin_Irregular,10,0,4,minus_y,minus_x,0.02867756010506728,0.0873250059375954,0.05864744583252812,0.0,0.5,0.0873250059375954,0.02867756010506728,0.021679034133790576,3.8248560428619385,3.8433523178100586,3.8235528469085693
er_gpis,Thin_Irregular,5,0,0,minus_x,minus_x,0.19147563438574394,0.19147563438574394,0.0,1.0,1.0,0.19147563438574394,0.15226254180971416,0.010211636940811453,2.0093495845794678,1.9933195114135742,1.976845622062683
er_gpis,Thin_Irregular,5,0,1,minus_x,minus_x,0.19456178430625215,0.19456178430625215,0.0,1.0,1.0,0.19456178430625215,0.09763233448124853,0.060178640542882134,2.018462896347046,2.008977174758911,1.9885661602020264
er_gpis,Thin_Irregular,5,0,2,minus_x,minus_y,0.02286954916809314,0.03875250178309875,0.015882952615005608,0.0,0.5,0.02286954916809314,0.03875250178309875,0.01579904411152,3.5811891555786133,3.5672473907470703,3.553802728652954
er_gpis,Thin_Irregular,5,0,3,minus_x,minus_x,0.045610299531919196,0.045610299531919196,0.0,1.0,1.0,0.045610299531919196,0.024069077451313814,0.007316651140684027,3.2056124210357666,3.152540683746338,3.1416690349578857
er_gpis,Thin_Irregular,5,0,4,minus_y,plus_z,0.022641514968658072,0.022652120075275617,1.060510661754499e-05,0.0,-0.5,0.02103581415404876,0.022641514968658072,0.022652120075275617,3.159559488296509,3.162226676940918,3.1406381130218506
er_gpis,Thin_Irregular,11,0,0,minus_x,minus_x,0.19953950472967374,0.19953950472967374,0.0,1.0,0.5,0.19953950472967374,0.1799225982889714,0.1134177880908171,2.6624860763549805,2.5999503135681152,2.6058151721954346
er_gpis,Thin_Irregular,11,0,1,minus_x,minus_x,0.13409158682454225,0.13409158682454225,0.0,1.0,1.0,0.13409158682454225,0.12762959825276843,0.03119444102858926,3.0455524921417236,3.0294368267059326,2.9801881313323975
er_gpis,Thin_Irregular,11,0,2,minus_x,minus_x,0.125394315339466,0.125394315339466,0.0,1.0,0.5,0.125394315339466,0.04006477203372061,0.09357557948728368,3.053061008453369,2.982131004333496,2.961496353149414
er_gpis,Thin_Irregular,11,0,3,minus_x,minus_x,0.05253417938123417,0.05253417938123417,0.0,1.0,0.5,0.05253417938123417,0.04894043324993047,0.01692473823250218,1.9691412448883057,1.9573493003845215,1.967697024345398
er_gpis,Thin_Irregular,11,0,4,minus_x,minus_y,0.010306551869279312,0.03228496282925031,0.021978410959970995,0.0,-0.5,0.010306551869279312,0.03228496282925031,0.005576946294009177,6.947292804718018,6.9068169593811035,6.911202907562256
er_gpis,Thin_Irregular,0,0,0,minus_x,minus_x,0.30566719491393396,0.30566719491393396,0.0,1.0,1.0,0.30566719491393396,0.19695183073301142,0.09690713200986828,2.6582629680633545,2.614628553390503,2.5742833614349365
er_gpis,Thin_Irregular,0,0,1,minus_x,minus_x,0.23085918220161328,0.23085918220161328,0.0,1.0,1.0,0.23085918220161328,0.0283342783385101,0.03081139770916752,2.876643180847168,2.8155345916748047,2.8533921241760254
er_gpis,Thin_Irregular,0,0,2,minus_x,minus_x,0.05970045727243778,0.05970045727243778,0.0,1.0,1.0,0.05970045727243778,0.02370785843793055,0.011261309682125908,2.983771324157715,2.9055001735687256,2.8942806720733643
er_gpis,Thin_Irregular,0,0,3,minus_x,minus_y,0.008327919521189275,0.009606506803232051,0.0012785872820427757,0.0,0.5,0.008327919521189275,0.009606506803232051,0.006744182997098669,2.9259932041168213,2.919440507888794,2.8936846256256104
er_gpis,Thin_Irregular,0,0,4,plus_z,minus_x,-0.0006670830419279739,0.008946002881816018,0.009613085923743991,0.0,-0.5,0.008946002881816018,0.005588419888039375,-0.0006670830419279739,2.892214059829712,2.884566307067871,2.912306308746338
ray_gpis_novelty_only,green_Pepper,8,0,0,minus_y,minus_y,0.28103170916146725,0.28103170916146725,0.0,1.0,nan,0.07035286518524803,0.28103170916146725,0.11464543095396129,0.023866673931479454,0.023866673931479454,0.023866673931479454
ray_gpis_novelty_only,green_Pepper,8,0,1,minus_x,minus_y,0.1342555527542607,0.14820423079817213,0.013948678043911422,0.0,0.5,0.1342555527542607,0.14820423079817213,0.02956213309973532,0.9020228385925293,0.8822048306465149,0.3087926506996155
ray_gpis_novelty_only,green_Pepper,8,0,2,minus_x,minus_x,0.12687378095964474,0.12687378095964474,0.0,1.0,1.0,0.12687378095964474,0.04304053910625416,0.061274137675603524,0.8607179522514343,0.21683093905448914,0.23052901029586792
ray_gpis_novelty_only,green_Pepper,8,0,3,minus_x,minus_y,0.0455068763854618,0.06839487918854337,0.022888002803081564,0.0,-1.0,0.0455068763854618,0.06839487918854337,0.047925071887162995,0.4829648435115814,0.30711600184440613,0.47435545921325684
ray_gpis_novelty_only,green_Pepper,8,0,4,minus_x,minus_y,0.004124549497903307,0.03371996042867631,0.029595410930773003,0.0,-1.0,0.004124549497903307,0.03371996042867631,0.009985480376838107,0.3262244462966919,0.29288896918296814,0.3160422742366791
ray_gpis_novelty_only,green_Pepper,13,0,0,minus_y,minus_x,0.17209189656558893,0.2617166216057381,0.08962472504014918,0.0,nan,0.2617166216057381,0.17209189656558893,0.05615393697143417,0.08012627065181732,0.08012627065181732,0.08012627065181732
ray_gpis_novelty_only,green_Pepper,13,0,1,minus_x,minus_x,0.17182366615794753,0.17182366615794753,0.0,1.0,1.0,0.17182366615794753,0.06328410139721352,0.04169254203646999,0.892779529094696,0.5998650789260864,0.2152145802974701
ray_gpis_novelty_only,green_Pepper,13,0,2,minus_x,minus_x,0.130199290795182,0.130199290795182,0.0,1.0,1.0,0.130199290795182,0.1138343276859668,0.03081348720444621,0.8378908038139343,0.638749897480011,0.22349627315998077
ray_gpis_novelty_only,green_Pepper,13,0,3,minus_y,minus_x,0.05883601845893549,0.09253966557833371,0.03370364711939822,0.0,0.5,0.09253966557833371,0.05883601845893549,0.03003359934308869,0.43815794587135315,0.44146281480789185,0.3673994243144989
ray_gpis_novelty_only,green_Pepper,13,0,4,minus_y,minus_x,0.04896744020409394,0.05096424369733743,0.001996803493243493,0.0,0.5,0.05096424369733743,0.04896744020409394,4.3250252511617404e-05,0.27788782119750977,0.41180023550987244,0.21379368007183075
ray_gpis_novelty_only,green_Pepper,4,0,0,minus_x,minus_x,0.23513748297246262,0.23513748297246262,0.0,1.0,0.5,0.23513748297246262,0.05230825555710794,0.05888837582615264,0.8123437762260437,0.6027554869651794,0.4942556321620941
ray_gpis_novelty_only,green_Pepper,4,0,1,minus_x,minus_x,0.12454461127519123,0.12454461127519123,0.0,1.0,0.5,0.12454461127519123,0.054657013197292215,0.05912136613801222,0.885581910610199,0.421221524477005,0.27960532903671265
ray_gpis_novelty_only,green_Pepper,4,0,2,minus_x,minus_x,0.08873718028519473,0.08873718028519473,0.0,1.0,0.5,0.08873718028519473,0.02651906284747174,0.015080127610703986,0.8012709617614746,0.2477714568376541,0.24912163615226746
ray_gpis_novelty_only,green_Pepper,4,0,3,minus_x,minus_x,0.02765444071228751,0.02765444071228751,0.0,1.0,1.0,0.02765444071228751,0.00212042710473892,0.005143765427664926,0.23558196425437927,0.2164778709411621,0.23095810413360596
ray_gpis_novelty_only,green_Pepper,4,0,4,minus_x,minus_x,0.02573982267812769,0.02573982267812769,0.0,1.0,0.5,0.02573982267812769,0.015395994193596496,0.005233883385220239,0.2736857235431671,0.21596486866474152,0.25856712460517883
ray_gpis_novelty_only,green_Pepper,1,0,0,minus_x,minus_y,0.25706113980693596,0.329568641895539,0.07250750208860307,0.0,0.5,0.25706113980693596,0.329568641895539,0.23768975068372994,0.8639529943466187,0.684422492980957,0.3322479724884033
ray_gpis_novelty_only,green_Pepper,1,0,1,minus_x,minus_x,0.23962854800344097,0.23962854800344097,0.0,1.0,1.0,0.23962854800344097,0.12123443545952611,0.10395359348642408,0.864872395992279,0.824592649936676,0.32159048318862915
ray_gpis_novelty_only,green_Pepper,1,0,2,plus_z,minus_x,-0.03159366688445808,0.014148652646731485,0.04574231953118957,0.0,-0.5,0.014148652646731485,-0.026333818450376967,-0.03159366688445808,0.5018678307533264,0.4693019688129425,0.5340339541435242
ray_gpis_novelty_only,green_Pepper,1,0,3,minus_x,minus_y,0.12325590888001303,0.1245112963547732,0.0012553874747601723,0.0,0.5,0.12325590888001303,0.1245112963547732,0.09149321832236812,0.48451265692710876,0.3418899178504944,0.3094257414340973
ray_gpis_novelty_only,green_Pepper,1,0,4,minus_x,minus_x,0.06183110748138454,0.06183110748138454,0.0,1.0,1.0,0.06183110748138454,0.05700100893293936,0.042418297119878545,0.3038053810596466,0.29209330677986145,0.2408892661333084
ray_gpis_novelty_only,green_Pepper,12,0,0,minus_x,minus_x,0.1596827249421513,0.1596827249421513,0.0,1.0,1.0,0.1596827249421513,0.14676400926016075,0.02748856523354326,0.8736619353294373,0.6762299537658691,0.2628818452358246
ray_gpis_novelty_only,green_Pepper,12,0,1,minus_x,minus_x,0.16811385689330138,0.16811385689330138,0.0,1.0,1.0,0.16811385689330138,0.0165434022272698,0.03136272471710677,0.8937880992889404,0.256499320268631,0.28017014265060425
ray_gpis_novelty_only,green_Pepper,12,0,2,minus_x,minus_x,0.10023268415241993,0.10023268415241993,0.0,1.0,1.0,0.10023268415241993,0.007317020691949505,0.015727882723091446,0.7830562591552734,0.21527792513370514,0.6016988754272461
ray_gpis_novelty_only,green_Pepper,12,0,3,minus_x,minus_x,0.0679005156690704,0.0679005156690704,0.0,1.0,1.0,0.0679005156690704,0.008485004285884057,0.030440328435320074,0.4866259694099426,0.21738003194332123,0.4653374254703522
ray_gpis_novelty_only,green_Pepper,12,0,4,plus_z,minus_y,0.0036881575660041577,0.020704647042992796,0.01701648947698864,0.0,-1.0,0.009956718905954065,0.020704647042992796,0.0036881575660041577,0.2848336398601532,0.2504013776779175,0.35628756880760193
ray_gpis_novelty_only,green_Pepper,7,0,0,minus_x,minus_x,0.23577449224143698,0.23577449224143698,0.0,1.0,1.0,0.23577449224143698,0.19902211536830228,0.1539245443494337,0.7478289604187012,0.3826208710670471,0.23117777705192566
ray_gpis_novelty_only,green_Pepper,7,0,1,minus_x,minus_x,0.17091307542797618,0.17091307542797618,0.0,1.0,1.0,0.17091307542797618,0.127349433059451,0.03992988037428136,0.9460145235061646,0.6306909918785095,0.21752102673053741
ray_gpis_novelty_only,green_Pepper,7,0,2,minus_x,minus_y,0.026086852761513124,0.08005054842804393,0.05396369566653081,0.0,0.5,0.026086852761513124,0.08005054842804393,0.016421983213305458,0.8459858298301697,0.41844892501831055,0.2771357595920563
ray_gpis_novelty_only,green_Pepper,7,0,3,plus_z,plus_z,0.07536114454415888,0.07536114454415888,0.0,1.0,0.5,0.07298828969899607,0.03828948176866731,0.07536114454415888,0.7104842066764832,0.7947689890861511,0.7953383326530457
ray_gpis_novelty_only,green_Pepper,7,0,4,minus_y,minus_y,0.024868214561011515,0.024868214561011515,0.0,1.0,1.0,0.01175051640096847,0.024868214561011515,0.008954531928711207,0.3754901885986328,0.48653578758239746,0.28789758682250977
ray_gpis_novelty_only,green_Pepper,14,0,0,plus_z,minus_x,0.11619915831830391,0.3260183527885086,0.2098191944702047,0.0,nan,0.3260183527885086,0.20405880075143495,0.11619915831830391,0.06281702220439911,0.06281702220439911,0.06281702220439911
ray_gpis_novelty_only,green_Pepper,14,0,1,plus_z,minus_x,0.06239070108557171,0.18830430910209128,0.12591360801651957,0.0,nan,0.18830430910209128,0.1354281434317537,0.06239070108557171,0.1786905974149704,0.1786905974149704,0.1786905974149704
ray_gpis_novelty_only,green_Pepper,14,0,2,minus_x,minus_x,0.12775399145996386,0.12775399145996386,0.0,1.0,nan,0.12775399145996386,0.11547645581601312,0.027780344275356084,0.10759465396404266,0.10759465396404266,0.10759465396404266
ray_gpis_novelty_only,green_Pepper,14,0,3,minus_x,minus_x,0.2148516807198727,0.2148516807198727,0.0,1.0,1.0,0.2148516807198727,0.06648059536291329,0.02449260608022774,0.9664535522460938,0.9144992828369141,0.21473312377929688
ray_gpis_novelty_only,green_Pepper,14,0,4,minus_y,minus_x,0.057845947519914565,0.059384643417004,0.001538695897089437,0.0,-0.5,0.059384643417004,0.057845947519914565,0.03356370956832233,0.3603940010070801,0.4037938117980957,0.3773380219936371
ray_gpis_novelty_only,green_Pepper,2,0,0,minus_x,minus_y,0.16008881845642497,0.16798156812332543,0.007892749666900456,0.0,0.5,0.16008881845642497,0.16798156812332543,0.05209344394671728,0.7730823159217834,0.7027956247329712,0.2574441730976105
ray_gpis_novelty_only,green_Pepper,2,0,1,minus_x,minus_x,0.10364042325796796,0.10364042325796796,0.0,1.0,1.0,0.10364042325796796,0.0712437429628534,0.05489921142360554,0.8679250478744507,0.8008618950843811,0.21437880396842957
ray_gpis_novelty_only,green_Pepper,2,0,2,minus_x,minus_x,0.052198651032483445,0.052198651032483445,0.0,1.0,0.5,0.052198651032483445,-0.021079975964613085,-0.024178827247822055,0.8238934278488159,0.6360337138175964,0.6647820472717285
ray_gpis_novelty_only,green_Pepper,2,0,3,plus_z,minus_y,0.0560197411707819,0.06278633096330688,0.00676658979252498,0.0,-0.5,0.012632712278602298,0.06278633096330688,0.0560197411707819,0.24735145270824432,0.21679119765758514,0.24861370027065277
ray_gpis_novelty_only,green_Pepper,2,0,4,minus_x,plus_z,0.03886378345975572,0.05212575475940895,0.01326197129965323,0.0,0.5,0.03886378345975572,0.021138968515333367,0.05212575475940895,0.275709867477417,0.2173587530851364,0.233770489692688
ray_gpis_novelty_only,green_Pepper,6,0,0,minus_x,minus_y,0.23964220426211041,0.2398410440879541,0.00019883982584367743,0.0,0.5,0.23964220426211041,0.2398410440879541,0.1939254265337011,0.5403915643692017,0.22915291786193848,0.22146055102348328
ray_gpis_novelty_only,green_Pepper,6,0,1,minus_x,plus_z,-0.0059531804352837,0.04831286079234065,0.05426604122762435,0.0,-0.5,-0.0059531804352837,-0.025205249588734713,0.04831286079234065,0.869966447353363,0.4074626863002777,0.2152799516916275
ray_gpis_novelty_only,green_Pepper,6,0,2,minus_x,minus_y,0.03966006223517815,0.15909607147036975,0.1194360092351916,0.0,-0.5,0.03966006223517815,0.15909607147036975,0.13652660464526112,0.6706154346466064,0.503025233745575,0.42809247970581055
ray_gpis_novelty_only,green_Pepper,6,0,3,plus_z,minus_y,0.0404505263976036,0.05284392257375181,0.012393396176148208,0.0,-0.5,0.05012405871315495,0.05284392257375181,0.0404505263976036,0.46928414702415466,0.5397091507911682,0.6185715198516846
ray_gpis_novelty_only,green_Pepper,6,0,4,minus_x,minus_x,-0.0021085711842541155,-0.0021085711842541155,0.0,1.0,0.5,-0.0021085711842541155,-0.027081512260005325,-0.03394455093496396,0.5926972031593323,0.2249119132757187,0.348610520362854
ray_gpis_novelty_only,green_Pepper,3,0,0,plus_z,minus_x,0.032886511325928736,0.2786280883108804,0.24574157698495164,0.0,nan,0.2786280883108804,0.1315021334766837,0.032886511325928736,0.10061484575271606,0.10061484575271606,0.10061484575271606
ray_gpis_novelty_only,green_Pepper,3,0,1,minus_x,minus_y,0.0765614559938374,0.08770715683116853,0.01114570083733113,0.0,-0.5,0.0765614559938374,0.08770715683116853,0.08293488806618593,0.9008798599243164,0.5813559293746948,0.21902282536029816
ray_gpis_novelty_only,green_Pepper,3,0,2,minus_x,minus_x,-0.015368523775864507,-0.015368523775864507,0.0,1.0,0.5,-0.015368523775864507,-0.03179079888726538,-0.028987265661577055,0.9403133392333984,0.7922619581222534,0.608299732208252
ray_gpis_novelty_only,green_Pepper,3,0,3,minus_y,minus_y,0.19674040696311867,0.19674040696311867,0.0,1.0,0.5,0.08141121953185992,0.19674040696311867,0.15624867251506946,0.73568195104599,0.9345494508743286,0.5242072343826294
ray_gpis_novelty_only,green_Pepper,3,0,4,minus_y,minus_x,0.020982988170755168,0.0817302943946534,0.060747306223898234,0.0,-1.0,0.0817302943946534,0.020982988170755168,0.07336593379613554,0.5500410795211792,0.7127000093460083,0.7054879665374756
ray_gpis_novelty_only,green_Pepper,9,0,0,minus_x,minus_x,0.16880626285116995,0.16880626285116995,0.0,1.0,1.0,0.16880626285116995,0.0941563511861847,0.037150024374632384,0.869326114654541,0.7177308201789856,0.562953770160675
ray_gpis_novelty_only,green_Pepper,9,0,1,minus_x,minus_x,0.23623269326353635,0.23623269326353635,0.0,1.0,0.5,0.23623269326353635,0.10532254960118992,0.11564256579798626,0.9324809312820435,0.6196441054344177,0.4379284381866455
ray_gpis_novelty_only,green_Pepper,9,0,2,minus_y,minus_x,0.04235830680475727,0.05873622767825404,0.016377920873496765,0.0,0.5,0.05873622767825404,0.04235830680475727,0.027288512043701973,0.22784435749053955,0.4176662862300873,0.22387529909610748
ray_gpis_novelty_only,green_Pepper,9,0,3,minus_y,minus_y,0.03680928679886075,0.03680928679886075,0.0,1.0,1.0,-0.01911735172695439,0.03680928679886075,0.014413226322425365,0.22586028277873993,0.26912921667099,0.22711427509784698
ray_gpis_novelty_only,green_Pepper,9,0,4,minus_y,minus_x,0.009677480423209595,0.03186101944937536,0.022183539026165766,0.0,-0.5,0.03186101944937536,0.009677480423209595,0.014558794440624356,0.24542221426963806,0.24780255556106567,0.21621160209178925
ray_gpis_novelty_only,green_Pepper,10,0,0,minus_x,minus_x,0.22357662081348878,0.22357662081348878,0.0,1.0,1.0,0.22357662081348878,0.1720786326591675,0.06157855894192582,0.7603219747543335,0.27027222514152527,0.2180265635251999
ray_gpis_novelty_only,green_Pepper,10,0,1,minus_x,minus_x,0.16491579903531894,0.16491579903531894,0.0,1.0,0.5,0.16491579903531894,0.06683947823418268,0.03498379263187279,0.8550766706466675,0.3889341354370117,0.5628622770309448
ray_gpis_novelty_only,green_Pepper,10,0,2,minus_y,minus_x,0.03884522394314438,0.08598170162525764,0.047136477682113265,0.0,0.5,0.08598170162525764,0.03884522394314438,0.02880490310881123,0.44083723425865173,0.44815540313720703,0.42502862215042114
ray_gpis_novelty_only,green_Pepper,10,0,3,minus_x,minus_x,0.0884589933528408,0.0884589933528408,0.0,1.0,1.0,0.0884589933528408,0.03965130191124622,0.011632381807178738,0.439046710729599,0.3759542405605316,0.3574961721897125
ray_gpis_novelty_only,green_Pepper,10,0,4,minus_x,minus_y,0.028351277632518324,0.0398832839499893,0.011532006317470977,0.0,0.5,0.028351277632518324,0.0398832839499893,0.009966674285304511,0.39970093965530396,0.3740517497062683,0.25741249322891235
ray_gpis_novelty_only,green_Pepper,5,0,0,plus_z,minus_x,0.15098362494035378,0.22277666382370043,0.07179303888334665,0.0,nan,0.22277666382370043,0.18270437551968022,0.15098362494035378,0.07124735414981842,0.07124735414981842,0.07124735414981842
ray_gpis_novelty_only,green_Pepper,5,0,1,minus_x,minus_y,0.04402350285227963,0.16858220098828303,0.1245586981360034,0.0,-0.5,0.04402350285227963,0.16858220098828303,0.07495006452068087,0.8884193301200867,0.8543797731399536,0.554684042930603
ray_gpis_novelty_only,green_Pepper,5,0,2,minus_x,minus_x,0.17922550299023499,0.17922550299023499,0.0,1.0,0.5,0.17922550299023499,0.12508630143993382,0.13688885846284604,0.8719403743743896,0.2973628044128418,0.21542109549045563
ray_gpis_novelty_only,green_Pepper,5,0,3,minus_x,minus_x,0.1173569462692684,0.1173569462692684,0.0,1.0,1.0,0.1173569462692684,0.029061444447407325,0.056749070953150293,0.5236412882804871,0.2812044620513916,0.3321484625339508
ray_gpis_novelty_only,green_Pepper,5,0,4,minus_x,minus_x,0.050258639115268844,0.050258639115268844,0.0,1.0,0.5,0.050258639115268844,0.035843816522218575,0.008850883753995786,0.4180040657520294,0.24389858543872833,0.2543831467628479
ray_gpis_novelty_only,green_Pepper,11,0,0,minus_x,minus_x,0.20492290550146808,0.20492290550146808,0.0,1.0,0.5,0.20492290550146808,0.07200434298475455,0.12147307199456314,0.878598690032959,0.5494004487991333,0.4743178188800812
ray_gpis_novelty_only,green_Pepper,11,0,1,minus_x,minus_x,0.22408317088260643,0.22408317088260643,0.0,1.0,1.0,0.22408317088260643,0.04349309804632584,0.03498150853275661,0.9466085433959961,0.6236905455589294,0.29609236121177673
ray_gpis_novelty_only,green_Pepper,11,0,2,plus_z,minus_x,0.04711406001915064,0.11076365350274198,0.06364959348359134,0.0,0.5,0.11076365350274198,0.0307660920570344,0.04711406001915064,0.4709865152835846,0.3640083372592926,0.4932469427585602
ray_gpis_novelty_only,green_Pepper,11,0,3,minus_x,minus_y,0.02087632364794434,0.07099170288978363,0.050115379241839286,0.0,0.5,0.02087632364794434,0.07099170288978363,0.007407640192439668,0.5408886075019836,0.49090757966041565,0.32515648007392883
ray_gpis_novelty_only,green_Pepper,11,0,4,minus_y,minus_y,0.08841789567171243,0.08841789567171243,0.0,1.0,1.0,0.015357807662432998,0.08841789567171243,0.009229950942080012,0.36528852581977844,0.5119497179985046,0.34785327315330505
ray_gpis_novelty_only,green_Pepper,0,0,0,minus_x,minus_x,0.18561329164454177,0.18561329164454177,0.0,1.0,1.0,0.18561329164454177,0.140703521075504,0.07089061492942683,0.765778124332428,0.4428868293762207,0.21834126114845276
ray_gpis_novelty_only,green_Pepper,0,0,1,minus_x,minus_x,0.13333223214932322,0.13333223214932322,0.0,1.0,1.0,0.13333223214932322,0.03809838830113088,0.053203552346786975,0.9345530271530151,0.21317565441131592,0.3643994927406311
ray_gpis_novelty_only,green_Pepper,0,0,2,minus_x,minus_x,0.021303357223257602,0.021303357223257602,0.0,1.0,0.5,0.021303357223257602,0.010702096145370543,-0.00017674710394288695,0.8799105286598206,0.21697969734668732,0.2601127624511719
ray_gpis_novelty_only,green_Pepper,0,0,3,minus_x,minus_x,0.03950585575003984,0.03950585575003984,0.0,1.0,1.0,0.03950585575003984,0.006951425495105301,0.0286476974699299,0.8840964436531067,0.2154226005077362,0.6028503179550171
ray_gpis_novelty_only,green_Pepper,0,0,4,minus_x,minus_x,0.10491608986255652,0.10491608986255652,0.0,1.0,1.0,0.10491608986255652,0.0002106597975970459,0.0030929831565669197,0.8689479827880859,0.2143232375383377,0.325041264295578
ray_gpis_novelty_only,Corner,8,0,0,minus_x,minus_x,0.33693389386932954,0.33693389386932954,0.0,1.0,0.5,0.33693389386932954,0.032920720612966026,0.10817434727060204,0.9267513155937195,0.8626843690872192,0.6471642851829529
ray_gpis_novelty_only,Corner,8,0,1,minus_x,minus_x,0.10079363591075474,0.10079363591075474,0.0,1.0,0.5,0.10079363591075474,0.035451556763747005,0.051053270276716245,0.8080609440803528,0.24886445701122284,0.23382523655891418
ray_gpis_novelty_only,Corner,8,0,2,plus_z,minus_x,0.05348972576003708,0.058275461145791074,0.0047857353857539975,0.0,0.5,0.058275461145791074,0.03278104640304624,0.05348972576003708,0.23626552522182465,0.23550911247730255,0.2646845877170563
ray_gpis_novelty_only,Corner,8,0,3,minus_x,minus_y,0.013175322856536886,0.014257744509870607,0.0010824216533337205,0.0,0.5,0.013175322856536886,0.014257744509870607,0.009661594403167939,0.2634671926498413,0.23010003566741943,0.2269965261220932
ray_gpis_novelty_only,Corner,8,0,4,minus_x,minus_x,0.013656154213194438,0.013656154213194438,0.0,1.0,1.0,0.013656154213194438,0.002890541902403232,0.009248501140246002,0.23975062370300293,0.22280187904834747,0.23580630123615265
ray_gpis_novelty_only,Corner,13,0,0,minus_x,minus_x,0.09036607343989056,0.09036607343989056,0.0,1.0,0.5,0.09036607343989056,0.06864860388236271,0.07123004042304615,0.8695301413536072,0.4218254089355469,0.2896222472190857
ray_gpis_novelty_only,Corner,13,0,1,minus_x,minus_x,0.18298461264333366,0.18298461264333366,0.0,1.0,0.5,0.18298461264333366,0.032840085134760555,0.03422112567172697,0.7865799069404602,0.24533547461032867,0.21521496772766113
ray_gpis_novelty_only,Corner,13,0,2,minus_x,minus_x,0.22677566101092783,0.22677566101092783,0.0,1.0,0.5,0.22677566101092783,0.09393746515532009,0.053594357496411615,0.8316847085952759,0.3997316360473633,0.4734213054180145
ray_gpis_novelty_only,Corner,13,0,3,minus_x,minus_y,0.023355899138441272,0.03574884387549915,0.012392944737057876,0.0,-0.5,0.023355899138441272,0.03574884387549915,0.014079456505247667,0.2434975653886795,0.2125118225812912,0.2133634388446808
ray_gpis_novelty_only,Corner,13,0,4,plus_z,minus_y,0.005370406274167183,0.022868737274115092,0.01749833099994791,0.0,-1.0,0.01903614689563926,0.022868737274115092,0.005370406274167183,0.21517281234264374,0.212385356426239,0.21798208355903625
ray_gpis_novelty_only,Corner,4,0,0,minus_x,minus_x,0.2717297666680889,0.2717297666680889,0.0,1.0,0.5,0.2717297666680889,0.16589650910635056,0.18849517154884576,0.9195130467414856,0.7763580083847046,0.4609163701534271
ray_gpis_novelty_only,Corner,4,0,1,minus_x,minus_x,0.10163857450918301,0.10163857450918301,0.0,1.0,1.0,0.10163857450918301,-0.001323434026865744,-0.006162240438865707,0.7909647822380066,0.7111110091209412,0.23718872666358948
ray_gpis_novelty_only,Corner,4,0,2,minus_y,minus_x,0.06991582858326895,0.10619271492783522,0.03627688634456627,0.0,0.5,0.10619271492783522,0.06991582858326895,0.06649051576589116,0.686378002166748,0.7124826312065125,0.33503419160842896
ray_gpis_novelty_only,Corner,4,0,3,minus_y,minus_x,0.03354841368976191,0.054540415218199745,0.02099200152843783,0.0,-0.5,0.054540415218199745,0.03354841368976191,0.042819439948624805,0.43606409430503845,0.4818473756313324,0.4141196608543396
ray_gpis_novelty_only,Corner,4,0,4,minus_y,minus_x,0.007057920719000466,0.014703165783098049,0.007645245064097583,0.0,-0.5,0.014703165783098049,0.007057920719000466,0.0027055447856628723,0.34542790055274963,0.355304092168808,0.35158586502075195
ray_gpis_novelty_only,Corner,1,0,0,minus_x,minus_x,0.17474082146738107,0.17474082146738107,0.0,1.0,1.0,0.17474082146738107,0.06571582700766393,0.05066345897326113,0.940510630607605,0.7587258219718933,0.6070387363433838
ray_gpis_novelty_only,Corner,1,0,1,minus_x,minus_x,0.10733980534557974,0.10733980534557974,0.0,1.0,1.0,0.10733980534557974,0.014495809493679679,0.0665785269218564,0.8083720803260803,0.3159894347190857,0.6144303679466248
ray_gpis_novelty_only,Corner,1,0,2,minus_x,minus_x,0.05188191409580489,0.05188191409580489,0.0,1.0,1.0,0.05188191409580489,0.029228355320292776,0.018505069015832376,0.8084881901741028,0.32810574769973755,0.3225429952144623
ray_gpis_novelty_only,Corner,1,0,3,minus_x,minus_x,0.11103896816375847,0.11103896816375847,0.0,1.0,1.0,0.11103896816375847,0.0006038137364087204,0.0207379767746253,0.8298727869987488,0.24285486340522766,0.5882552266120911
ray_gpis_novelty_only,Corner,1,0,4,minus_x,plus_z,0.014013866166204259,0.02470947997220052,0.010695613805996262,0.0,0.5,0.014013866166204259,0.008970813660671428,0.02470947997220052,0.27645373344421387,0.21478493511676788,0.26202717423439026
ray_gpis_novelty_only,Corner,12,0,0,minus_x,minus_x,0.07888561247559739,0.07888561247559739,0.0,1.0,1.0,0.07888561247559739,0.041178123030251534,0.0348143232712565,0.8617655634880066,0.6775312423706055,0.23663334548473358
ray_gpis_novelty_only,Corner,12,0,1,minus_x,minus_y,0.19277903737456958,0.23513508297913444,0.04235604560456485,0.0,0.5,0.19277903737456958,0.23513508297913444,0.12377477983118879,0.9649524688720703,0.827008068561554,0.6509280800819397
ray_gpis_novelty_only,Corner,12,0,2,minus_x,minus_x,0.09852997057231616,0.09852997057231616,0.0,1.0,1.0,0.09852997057231616,0.06392594950464026,0.041152265829930146,0.8180841207504272,0.6483063101768494,0.3704868257045746
ray_gpis_novelty_only,Corner,12,0,3,minus_x,minus_x,0.08148033818479528,0.08148033818479528,0.0,1.0,1.0,0.08148033818479528,0.06220827123439665,0.08029249024689444,0.225271537899971,0.21416977047920227,0.21448126435279846
ray_gpis_novelty_only,Corner,12,0,4,minus_x,plus_z,0.034414150794085274,0.03871110855330795,0.004296957759222675,0.0,-0.5,0.034414150794085274,0.027612344299241975,0.03871110855330795,0.2242143154144287,0.21438877284526825,0.2130546122789383
ray_gpis_novelty_only,Corner,7,0,0,minus_x,minus_x,0.23046621274001017,0.23046621274001017,0.0,1.0,1.0,0.23046621274001017,0.06932189553699836,0.0616466968536476,0.7839857935905457,0.7423123121261597,0.22885937988758087
ray_gpis_novelty_only,Corner,7,0,1,minus_x,minus_x,0.09456283887359573,0.09456283887359573,0.0,1.0,1.0,0.09456283887359573,0.07906554278875955,0.04752111013321636,0.8294304013252258,0.3357008397579193,0.3181808590888977
ray_gpis_novelty_only,Corner,7,0,2,minus_x,minus_x,0.11010487636251953,0.11010487636251953,0.0,1.0,1.0,0.11010487636251953,0.015387770721415284,0.058815744109241175,0.748266875743866,0.5526820421218872,0.622481644153595
ray_gpis_novelty_only,Corner,7,0,3,minus_y,minus_y,0.021050680070374583,0.021050680070374583,0.0,1.0,0.5,0.016069921686968747,0.021050680070374583,0.008622310016695334,0.2164113074541092,0.23714061081409454,0.22636397182941437
ray_gpis_novelty_only,Corner,7,0,4,plus_z,plus_z,0.006822054586140713,0.006822054586140713,0.0,1.0,1.0,0.003203216047459767,0.0035993703566565838,0.006822054586140713,0.23075132071971893,0.23103439807891846,0.2530377507209778
ray_gpis_novelty_only,Corner,14,0,0,minus_x,minus_y,0.20319488946140746,0.2200544746463265,0.016859585184919035,0.0,-0.5,0.20319488946140746,0.2200544746463265,0.10120056059370464,0.8186087012290955,0.4240458905696869,0.47265154123306274
ray_gpis_novelty_only,Corner,14,0,1,minus_x,minus_x,0.22568499904041195,0.22568499904041195,0.0,1.0,1.0,0.22568499904041195,0.044357235307331044,0.10445428756004238,0.9335681796073914,0.30360502004623413,0.4220501184463501
ray_gpis_novelty_only,Corner,14,0,2,minus_x,minus_x,0.14938129474771544,0.14938129474771544,0.0,1.0,0.5,0.14938129474771544,0.049504235982530176,0.04941563200534149,0.7685043215751648,0.2489040046930313,0.28758862614631653
ray_gpis_novelty_only,Corner,14,0,3,minus_x,minus_y,0.007940461022213463,0.020082683816805003,0.01214222279459154,0.0,-0.5,0.007940461022213463,0.020082683816805003,0.00824976863615512,0.2133396863937378,0.2127942591905594,0.21144039928913116
ray_gpis_novelty_only,Corner,14,0,4,minus_y,minus_x,-0.0010470722298682178,0.0003820592674675938,0.0014291314973358116,0.0,-0.5,0.0003820592674675938,-0.0010470722298682178,-0.0013874863813135851,0.21326155960559845,0.2501440942287445,0.21482038497924805
ray_gpis_novelty_only,Corner,2,0,0,minus_x,minus_x,0.23789290654396328,0.23789290654396328,0.0,1.0,1.0,0.23789290654396328,0.21984526182591052,0.05408659571283825,0.9353460669517517,0.5454108715057373,0.5323629975318909
ray_gpis_novelty_only,Corner,2,0,1,minus_x,minus_x,0.14157425945613988,0.14157425945613988,0.0,1.0,1.0,0.14157425945613988,0.08882373943325805,0.0514174796965321,0.9304653406143188,0.39555397629737854,0.21770310401916504
ray_gpis_novelty_only,Corner,2,0,2,minus_x,minus_x,0.13906228722705993,0.13906228722705993,0.0,1.0,0.5,0.13906228722705993,0.007613044288354298,0.043934640868404595,0.8665866851806641,0.3624800741672516,0.2130497246980667
ray_gpis_novelty_only,Corner,2,0,3,plus_z,plus_z,0.03049600838280664,0.03049600838280664,0.0,1.0,1.0,0.017228114806940642,0.016507611435686353,0.03049600838280664,0.3546058237552643,0.21695725619792938,0.4421480596065521
ray_gpis_novelty_only,Corner,2,0,4,minus_x,minus_x,0.05981126201315301,0.05981126201315301,0.0,1.0,0.5,0.05981126201315301,0.003283937674617876,0.009219789151590607,0.3329339325428009,0.29617875814437866,0.2653558850288391
ray_gpis_novelty_only,Corner,6,0,0,minus_x,minus_x,0.16485164790487794,0.16485164790487794,0.0,1.0,1.0,0.16485164790487794,0.10461277829281501,0.07859697161817358,0.9101439714431763,0.7435432076454163,0.3936368525028229
ray_gpis_novelty_only,Corner,6,0,1,minus_x,minus_x,0.11548945504486674,0.11548945504486674,0.0,1.0,1.0,0.11548945504486674,0.11417298414505173,0.06256135262705576,0.79154372215271,0.6560136675834656,0.4222446382045746
ray_gpis_novelty_only,Corner,6,0,2,minus_x,minus_y,0.020214888284750487,0.10891311935519177,0.08869823107044128,0.0,-0.5,0.020214888284750487,0.10891311935519177,0.0911745110238179,0.4298548102378845,0.411184698343277,0.38831526041030884
ray_gpis_novelty_only,Corner,6,0,3,minus_x,minus_y,0.045131514678644735,0.11131410605931602,0.06618259138067129,0.0,0.5,0.045131514678644735,0.11131410605931602,0.01231298769276512,0.422537237405777,0.3964141011238098,0.33291172981262207
ray_gpis_novelty_only,Corner,6,0,4,minus_y,minus_y,0.02369282883298296,0.02369282883298296,0.0,1.0,1.0,0.0030402541365972535,0.02369282883298296,0.0010407433998248505,0.3704896569252014,0.4321328103542328,0.2711435556411743
ray_gpis_novelty_only,Corner,3,0,0,minus_x,minus_x,0.2421758340595096,0.2421758340595096,0.0,1.0,1.0,0.2421758340595096,0.13038603728095433,0.09049340733466993,0.8655053377151489,0.4155847132205963,0.41054701805114746
ray_gpis_novelty_only,Corner,3,0,1,minus_x,minus_x,0.1882354271185781,0.1882354271185781,0.0,1.0,0.5,0.1882354271185781,0.07549127356774166,0.056069935970174956,0.7877283692359924,0.275765597820282,0.32457223534584045
ray_gpis_novelty_only,Corner,3,0,2,minus_x,minus_y,-0.06748955633232345,-0.06535156151099863,0.002137994821324818,0.0,-0.5,-0.06748955633232345,-0.06535156151099863,-0.08202409181419945,0.3838983476161957,0.23109157383441925,0.36056438088417053
ray_gpis_novelty_only,Corner,3,0,3,minus_x,minus_y,0.036104379124824115,0.04557567775240712,0.009471298627583002,0.0,-1.0,0.036104379124824115,0.04557567775240712,0.04375415045321385,0.34348440170288086,0.21589720249176025,0.22018654644489288
ray_gpis_novelty_only,Corner,3,0,4,plus_z,minus_y,0.02046216556824665,0.03427102032627827,0.013808854758031619,0.0,-0.5,0.015771738141720837,0.03427102032627827,0.02046216556824665,0.2828476130962372,0.2279011458158493,0.3358618915081024
ray_gpis_novelty_only,Corner,9,0,0,minus_y,minus_x,0.09132421018003156,0.17222460954171792,0.08090039936168636,0.0,nan,0.17222460954171792,0.09132421018003156,0.05230801835362142,0.1820129007101059,0.1820129007101059,0.1820129007101059
ray_gpis_novelty_only,Corner,9,0,1,minus_x,minus_y,0.11868068643150365,0.12255581364915247,0.0038751272176488216,0.0,0.5,0.11868068643150365,0.12255581364915247,0.09195738078690041,0.7995095252990723,0.7219260334968567,0.21613220870494843
ray_gpis_novelty_only,Corner,9,0,2,minus_y,minus_y,0.08721888230757335,0.08721888230757335,0.0,1.0,1.0,0.05642903541208388,0.08721888230757335,0.03968912955957993,0.4932660460472107,0.675331175327301,0.27723032236099243
ray_gpis_novelty_only,Corner,9,0,3,minus_y,minus_y,0.11839107242244407,0.11839107242244407,0.0,1.0,1.0,0.0576137659952477,0.11839107242244407,0.04674212802407951,0.3005925714969635,0.5095553994178772,0.2339642494916916
ray_gpis_novelty_only,Corner,9,0,4,minus_x,minus_y,0.011526845180783396,0.017521830543089534,0.005994985362306138,0.0,0.5,0.011526845180783396,0.017521830543089534,0.003261840082898093,0.2708328068256378,0.214090034365654,0.21261724829673767
ray_gpis_novelty_only,Corner,10,0,0,minus_x,minus_x,0.17470807890521778,0.17470807890521778,0.0,1.0,1.0,0.17470807890521778,0.12989547179800986,0.07340970044217254,0.9456487894058228,0.8374786376953125,0.41241559386253357
ray_gpis_novelty_only,Corner,10,0,1,minus_x,minus_x,0.17394366584399523,0.17394366584399523,0.0,1.0,0.5,0.17394366584399523,0.05973922403330312,0.04194540162516125,0.8102380633354187,0.3828895390033722,0.7316152453422546
ray_gpis_novelty_only,Corner,10,0,2,plus_z,minus_x,0.06790016180706893,0.10497386416908205,0.03707370236201313,0.0,-0.5,0.10497386416908205,0.09824545264511653,0.06790016180706893,0.3131902515888214,0.28750836849212646,0.31474998593330383
ray_gpis_novelty_only,Corner,10,0,3,minus_x,plus_z,-0.030079041805353368,-0.015492039460617946,0.014587002344735422,0.0,0.5,-0.030079041805353368,-0.031341330703335224,-0.015492039460617946,0.31205320358276367,0.2270684689283371,0.29347389936447144
ray_gpis_novelty_only,Corner,10,0,4,minus_x,minus_y,0.0026716657696840285,0.022078542180826943,0.019406876411142915,0.0,-0.5,0.0026716657696840285,0.022078542180826943,0.022068382020120292,0.2505423128604889,0.23714978992938995,0.21356983482837677
ray_gpis_novelty_only,Corner,5,0,0,minus_x,minus_x,0.2459921641627143,0.2459921641627143,0.0,1.0,1.0,0.2459921641627143,0.24494348807831212,0.20039503105588763,0.8941985368728638,0.8065245747566223,0.7754973769187927
ray_gpis_novelty_only,Corner,5,0,1,minus_x,minus_x,0.21061961742129764,0.21061961742129764,0.0,1.0,1.0,0.21061961742129764,0.16436364904307488,0.06217704905529209,0.8105363845825195,0.7411153316497803,0.21515333652496338
ray_gpis_novelty_only,Corner,5,0,2,minus_x,minus_x,0.16323166729023164,0.16323166729023164,0.0,1.0,1.0,0.16323166729023164,0.025861152251893893,0.022523582400056585,0.7387496829032898,0.38125401735305786,0.21365371346473694
ray_gpis_novelty_only,Corner,5,0,3,minus_x,minus_x,0.038246375983383984,0.038246375983383984,0.0,1.0,0.5,0.038246375983383984,0.009719034720855335,0.020379106497718458,0.3577759861946106,0.2742069959640503,0.22104628384113312
ray_gpis_novelty_only,Corner,5,0,4,minus_y,minus_x,0.012977486493492951,0.024875908309950012,0.011898421816457061,0.0,0.5,0.024875908309950012,0.012977486493492951,0.004556188484845403,0.21178512275218964,0.21384012699127197,0.21174556016921997
ray_gpis_novelty_only,Corner,11,0,0,minus_x,minus_y,0.24467092180645522,0.26794431763128534,0.023273395824830123,0.0,0.5,0.24467092180645522,0.26794431763128534,0.15584598078148126,0.8296205401420593,0.3793855607509613,0.21415884792804718
ray_gpis_novelty_only,Corner,11,0,1,minus_x,minus_x,0.2184782874814657,0.2184782874814657,0.0,1.0,1.0,0.2184782874814657,0.022678223818366705,0.09422491772274177,0.8662436008453369,0.4802187979221344,0.5239715576171875
ray_gpis_novelty_only,Corner,11,0,2,minus_x,minus_y,0.021528220209269366,0.03708967259739793,0.01556145238812856,0.0,0.5,0.021528220209269366,0.03708967259739793,0.019571465689025458,0.25726890563964844,0.23574884235858917,0.21557770669460297
ray_gpis_novelty_only,Corner,11,0,3,minus_x,minus_y,0.02127966375739876,0.02165394523739217,0.0003742814799934102,0.0,-0.5,0.02127966375739876,0.02165394523739217,0.012881167572224017,0.22419245541095734,0.215366393327713,0.2180718183517456
ray_gpis_novelty_only,Corner,11,0,4,plus_z,minus_y,0.008842476924247666,0.019724664446307938,0.010882187522060272,0.0,-1.0,0.011922246690085903,0.019724664446307938,0.008842476924247666,0.214530348777771,0.21163782477378845,0.21480397880077362
ray_gpis_novelty_only,Corner,0,0,0,minus_x,minus_y,0.1414433448927901,0.15899002115921967,0.017546676266429584,0.0,nan,0.1414433448927901,0.15899002115921967,0.1348630202365393,0.08848520368337631,0.08848520368337631,0.08848520368337631
ray_gpis_novelty_only,Corner,0,0,1,minus_x,minus_x,0.24399487095419997,0.24399487095419997,0.0,1.0,1.0,0.24399487095419997,0.11539139871983978,0.06638827901921535,0.9093158841133118,0.7103189826011658,0.5027732253074646
ray_gpis_novelty_only,Corner,0,0,2,plus_z,minus_y,0.04691847974517849,0.13037884384775245,0.08346036410257396,0.0,-1.0,0.0760260041926768,0.13037884384775245,0.04691847974517849,0.45044010877609253,0.410133421421051,0.4527301788330078
ray_gpis_novelty_only,Corner,0,0,3,minus_x,minus_x,0.0723488637213735,0.0723488637213735,0.0,1.0,1.0,0.0723488637213735,0.06193564847484856,0.04538460991597504,0.4622611105442047,0.3285389542579651,0.30012160539627075
ray_gpis_novelty_only,Corner,0,0,4,minus_y,minus_x,0.037870126505835655,0.0861457410397275,0.04827561453389184,0.0,0.5,0.0861457410397275,0.037870126505835655,0.03164889362840362,0.3077772259712219,0.33144113421440125,0.271912157535553
ray_gpis_novelty_only,L_Shaped,8,0,0,minus_y,minus_x,0.11051360640218011,0.20809426254585162,0.09758065614367151,0.0,nan,0.20809426254585162,0.11051360640218011,0.1553016407454293,0.11954598873853683,0.11954598873853683,0.11954598873853683
ray_gpis_novelty_only,L_Shaped,8,0,1,minus_y,minus_x,0.14630722394490836,0.19889681315223362,0.05258958920732526,0.0,0.5,0.19889681315223362,0.14630722394490836,0.055582391030010836,0.6136429309844971,0.643494188785553,0.35278066992759705
ray_gpis_novelty_only,L_Shaped,8,0,2,minus_y,minus_x,0.08802484649167464,0.1291460448478874,0.04112119835621275,0.0,-0.5,0.1291460448478874,0.08802484649167464,0.09387366424262067,0.6122604012489319,0.7086425423622131,0.31477293372154236
ray_gpis_novelty_only,L_Shaped,8,0,3,minus_x,minus_x,0.10639747503586117,0.10639747503586117,0.0,1.0,0.5,0.10639747503586117,0.08234559920758211,0.09688393873588019,0.5895559191703796,0.42317184805870056,0.26601094007492065
ray_gpis_novelty_only,L_Shaped,8,0,4,minus_x,plus_z,0.051008831524768095,0.05292160062223428,0.0019127690974661826,0.0,-0.5,0.051008831524768095,0.03104265719028987,0.05292160062223428,0.4073656499385834,0.3806118965148926,0.2159358710050583
ray_gpis_novelty_only,L_Shaped,13,0,0,minus_y,minus_y,0.1482963339744508,0.1482963339744508,0.0,1.0,nan,0.11793982445911161,0.1482963339744508,0.10316379192825426,0.12806382775306702,0.12806382775306702,0.12806382775306702
ray_gpis_novelty_only,L_Shaped,13,0,1,minus_x,minus_y,0.052520246067952914,0.11652341483031048,0.06400316876235757,0.0,-0.5,0.052520246067952914,0.11652341483031048,0.1098227098378658,0.9268714785575867,0.91853266954422,0.22642193734645844
ray_gpis_novelty_only,L_Shaped,13,0,2,minus_x,minus_x,0.15960949462648855,0.15960949462648855,0.0,1.0,1.0,0.15960949462648855,0.1176853425582417,0.07253536975187502,0.9437180757522583,0.807026743888855,0.3191526532173157
ray_gpis_novelty_only,L_Shaped,13,0,3,minus_y,minus_y,0.09403511151793775,0.09403511151793775,0.0,1.0,1.0,0.042462351093474515,0.09403511151793775,0.008779964359996062,0.45029139518737793,0.5413410067558289,0.35372671484947205
ray_gpis_novelty_only,L_Shaped,13,0,4,plus_z,minus_x,-0.015061335821877853,-0.011465821543334198,0.0035955142785436545,0.0,-0.5,-0.011465821543334198,-0.017046885276499668,-0.015061335821877853,0.29373374581336975,0.3092455565929413,0.3698337972164154
ray_gpis_novelty_only,L_Shaped,4,0,0,minus_x,minus_x,0.18981653402873921,0.18981653402873921,0.0,1.0,0.5,0.18981653402873921,0.08922101719121611,0.13628754894908612,0.596929669380188,0.3091619312763214,0.24690115451812744
ray_gpis_novelty_only,L_Shaped,4,0,1,plus_z,minus_x,0.05254708119463558,0.1460550423404573,0.09350796114582172,0.0,nan,0.1460550423404573,0.035280037091220295,0.05254708119463558,0.21483786404132843,0.21483786404132843,0.21483786404132843
ray_gpis_novelty_only,L_Shaped,4,0,2,minus_x,minus_x,0.035948600329788194,0.035948600329788194,0.0,1.0,nan,0.035948600329788194,0.03259803910195058,0.005152937611412223,0.13984714448451996,0.13984714448451996,0.13984714448451996
ray_gpis_novelty_only,L_Shaped,4,0,3,minus_x,minus_x,0.1169544830390502,0.1169544830390502,0.0,1.0,1.0,0.1169544830390502,0.012855262206619034,0.01312403808814322,0.8711695671081543,0.24523906409740448,0.26404279470443726
ray_gpis_novelty_only,L_Shaped,4,0,4,minus_x,plus_z,0.06353959352136251,0.08329349165401934,0.019753898132656822,0.0,-0.5,0.06353959352136251,0.019980297457316776,0.08329349165401934,0.515364944934845,0.42485156655311584,0.21410596370697021
ray_gpis_novelty_only,L_Shaped,1,0,0,minus_x,minus_x,0.18214923527421967,0.18214923527421967,0.0,1.0,1.0,0.18214923527421967,0.16682530839127774,0.10235421330099825,0.791766881942749,0.5466500520706177,0.32811275124549866
ray_gpis_novelty_only,L_Shaped,1,0,1,minus_x,minus_x,0.2067622938873348,0.2067622938873348,0.0,1.0,0.5,0.2067622938873348,0.025283982617591794,0.05133310082809428,0.8763238787651062,0.2720622718334198,0.2159588634967804
ray_gpis_novelty_only,L_Shaped,1,0,2,minus_x,minus_x,0.06255957839147719,0.06255957839147719,0.0,1.0,0.5,0.06255957839147719,0.012722975149902616,0.03172233517005918,0.4213520288467407,0.3268604576587677,0.2168341875076294
ray_gpis_novelty_only,L_Shaped,1,0,3,minus_x,minus_x,-0.014789629916395097,-0.014789629916395097,0.0,1.0,0.5,-0.014789629916395097,-0.029381030353754944,-0.026963025345374758,0.38780418038368225,0.2856372594833374,0.22490553557872772
ray_gpis_novelty_only,L_Shaped,1,0,4,minus_y,plus_z,0.050278992660226396,0.053354920600959366,0.00307592794073297,0.0,0.5,0.016929773379041335,0.050278992660226396,0.053354920600959366,0.21370598673820496,0.2285257875919342,0.21422405540943146
ray_gpis_novelty_only,L_Shaped,12,0,0,minus_x,minus_x,0.20924293508475478,0.20924293508475478,0.0,1.0,1.0,0.20924293508475478,0.14856332166055664,0.08015979874161222,0.7099509835243225,0.26402342319488525,0.24102599918842316
ray_gpis_novelty_only,L_Shaped,12,0,1,minus_x,minus_x,0.15195432605563564,0.15195432605563564,0.0,1.0,1.0,0.15195432605563564,0.07188284777659826,0.0756250030256711,0.8728834986686707,0.47558674216270447,0.5188339352607727
ray_gpis_novelty_only,L_Shaped,12,0,2,minus_y,minus_x,0.06509706947288452,0.08778125348316035,0.022684184010275832,0.0,0.5,0.08778125348316035,0.06509706947288452,0.060502482954716275,0.29511111974716187,0.4407724440097809,0.28609365224838257
ray_gpis_novelty_only,L_Shaped,12,0,3,minus_y,plus_z,0.029194388648005165,0.03669587809686958,0.007501489448864418,0.0,-0.5,0.035303075554360075,0.029194388648005165,0.03669587809686958,0.23753969371318817,0.28478124737739563,0.2526591718196869
ray_gpis_novelty_only,L_Shaped,12,0,4,plus_z,minus_y,-0.0003574292449802785,0.018827670384702788,0.019185099629683067,0.0,-0.5,0.010190138869168752,0.018827670384702788,-0.0003574292449802785,0.22741661965847015,0.23100243508815765,0.26222121715545654
ray_gpis_novelty_only,L_Shaped,7,0,0,minus_y,minus_x,0.23564915070922793,0.338738513595932,0.10308936288670406,0.0,nan,0.338738513595932,0.23564915070922793,0.29507999161340803,0.19511102139949799,0.19511102139949799,0.19511102139949799
ray_gpis_novelty_only,L_Shaped,7,0,1,minus_x,plus_z,0.053667942370970334,0.06723990909512928,0.013571966724158946,0.0,-0.5,0.053667942370970334,0.03785354098143856,0.06723990909512928,0.9075307846069336,0.8486477732658386,0.4801623523235321
ray_gpis_novelty_only,L_Shaped,7,0,2,minus_x,minus_x,0.16728650581980287,0.16728650581980287,0.0,1.0,0.5,0.16728650581980287,0.12591170029019483,0.1538777772612996,0.7450259327888489,0.6761868596076965,0.5990645289421082
ray_gpis_novelty_only,L_Shaped,7,0,3,minus_x,minus_x,0.09982905536248243,0.09982905536248243,0.0,1.0,nan,0.09982905536248243,0.009901289396132995,0.09249891802830235,0.219951793551445,0.219951793551445,0.219951793551445
ray_gpis_novelty_only,L_Shaped,7,0,4,plus_z,minus_x,-0.06448877257845675,-0.04391132487266003,0.020577447705796725,0.0,nan,-0.04391132487266003,-0.06256238475302933,-0.06448877257845675,0.1955062299966812,0.1955062299966812,0.1955062299966812
ray_gpis_novelty_only,L_Shaped,14,0,0,minus_x,minus_x,0.030234827225923744,0.030234827225923744,0.0,1.0,1.0,0.030234827225923744,-0.00661228115847301,-0.0486392991977424,0.7960599064826965,0.6993489265441895,0.21845753490924835
ray_gpis_novelty_only,L_Shaped,14,0,1,minus_x,plus_z,0.2097721314898946,0.23799921623984965,0.028227084749955056,0.0,0.5,0.2097721314898946,0.20783481438480367,0.23799921623984965,0.37188631296157837,0.21681532263755798,0.21813565492630005
ray_gpis_novelty_only,L_Shaped,14,0,2,minus_x,minus_y,0.04065089378966158,0.04164486440108395,0.0009939706114223679,0.0,nan,0.04065089378966158,0.04164486440108395,0.035726958952491006,0.058589451014995575,0.058589451014995575,0.058589451014995575
ray_gpis_novelty_only,L_Shaped,14,0,3,plus_z,minus_y,0.03467071151825907,0.056212056824167744,0.021541345305908677,0.0,nan,0.030904601615870053,0.056212056824167744,0.03467071151825907,0.09022015333175659,0.09022015333175659,0.09022015333175659
ray_gpis_novelty_only,L_Shaped,14,0,4,plus_z,minus_x,0.024346196750382854,0.037220873936069876,0.012874677185687022,0.0,nan,0.037220873936069876,0.030031170306162314,0.024346196750382854,0.11223141103982925,0.11223141103982925,0.11223141103982925
ray_gpis_novelty_only,L_Shaped,2,0,0,plus_z,minus_x,0.006928079322104541,0.16756566528291555,0.160637585960811,0.0,nan,0.16756566528291555,0.030521507123459968,0.006928079322104541,0.014064071699976921,0.014064071699976921,0.014064071699976921
ray_gpis_novelty_only,L_Shaped,2,0,1,minus_x,minus_x,0.21104347727630035,0.21104347727630035,0.0,1.0,nan,0.21104347727630035,0.1873827428698095,0.10154957788960667,0.029386108741164207,0.029386108741164207,0.029386108741164207
ray_gpis_novelty_only,L_Shaped,2,0,2,minus_x,minus_x,0.09571543880353273,0.09571543880353273,0.0,1.0,0.5,0.09571543880353273,0.034358894299318266,0.0413359836034235,0.8652421832084656,0.349311500787735,0.31835657358169556
ray_gpis_novelty_only,L_Shaped,2,0,3,minus_x,minus_y,0.09818988752493674,0.09914980574995946,0.0009599182250227267,0.0,-0.5,0.09818988752493674,0.09914980574995946,0.05758252441158418,0.4876341223716736,0.31053048372268677,0.4600618779659271
ray_gpis_novelty_only,L_Shaped,2,0,4,minus_x,minus_x,0.02775158130175548,0.02775158130175548,0.0,1.0,1.0,0.02775158130175548,0.012694905666636336,0.009648192160839453,0.339662104845047,0.25724947452545166,0.2497880905866623
ray_gpis_novelty_only,L_Shaped,6,0,0,minus_x,minus_y,0.1884183110386053,0.23326821822132193,0.04484990718271664,0.0,0.5,0.1884183110386053,0.23326821822132193,0.1590722943479027,0.918465793132782,0.913155734539032,0.3277282118797302
ray_gpis_novelty_only,L_Shaped,6,0,1,minus_x,minus_x,0.19883697048116267,0.19883697048116267,0.0,1.0,0.5,0.19883697048116267,0.10832182792339418,0.12442912618225421,0.9829692244529724,0.7406088709831238,0.4627021551132202
ray_gpis_novelty_only,L_Shaped,6,0,2,minus_x,minus_x,0.1065636224064691,0.1065636224064691,0.0,1.0,1.0,0.1065636224064691,0.0071546146231171726,0.01669158853307584,0.9131547808647156,0.4094156324863434,0.6356679201126099
ray_gpis_novelty_only,L_Shaped,6,0,3,minus_x,plus_z,0.03963359053447879,0.040928440212605444,0.0012948496781266527,0.0,0.5,0.03963359053447879,0.01196576081539058,0.040928440212605444,0.5944854617118835,0.2160346508026123,0.3791997730731964
ray_gpis_novelty_only,L_Shaped,6,0,4,minus_x,minus_x,0.05180913299196743,0.05180913299196743,0.0,1.0,1.0,0.05180913299196743,0.007287926341749573,0.030975962458268724,0.47880783677101135,0.3044957220554352,0.3699026107788086
ray_gpis_novelty_only,L_Shaped,3,0,0,plus_z,minus_x,0.10150960083085114,0.204642094693484,0.10313249386263285,0.0,nan,0.204642094693484,0.19687557369807368,0.10150960083085114,0.08581463247537613,0.08581463247537613,0.08581463247537613
ray_gpis_novelty_only,L_Shaped,3,0,1,plus_z,minus_y,0.1026564512909513,0.21673702135965217,0.11408057006870087,0.0,nan,0.16224922262895708,0.21673702135965217,0.1026564512909513,0.06554440408945084,0.06554440408945084,0.06554440408945084
ray_gpis_novelty_only,L_Shaped,3,0,2,minus_x,minus_y,0.08080101594780464,0.10966578811167671,0.028864772163872066,0.0,0.5,0.08080101594780464,0.10966578811167671,0.026054341468026543,0.990926206111908,0.9150562286376953,0.7204619646072388
ray_gpis_novelty_only,L_Shaped,3,0,3,minus_x,minus_x,0.20519920635622035,0.20519920635622035,0.0,1.0,0.5,0.20519920635622035,0.08582936377008987,0.1040714275381921,0.9604742527008057,0.8196093440055847,0.3057704269886017
ray_gpis_novelty_only,L_Shaped,3,0,4,minus_y,minus_y,0.11069057338420019,0.11069057338420019,0.0,1.0,1.0,0.06917403346705386,0.11069057338420019,0.012467049662512886,0.6525599360466003,0.7063682675361633,0.2582785487174988
ray_gpis_novelty_only,L_Shaped,9,0,0,minus_y,minus_x,0.10201803460953013,0.21294659400126087,0.11092855939173074,0.0,nan,0.21294659400126087,0.10201803460953013,0.06618328934321932,0.04721878096461296,0.04721878096461296,0.04721878096461296
ray_gpis_novelty_only,L_Shaped,9,0,1,minus_y,minus_x,0.08350442360354704,0.11049205369724735,0.02698763009370031,0.0,nan,0.11049205369724735,0.08350442360354704,0.09926454789492634,0.10193990916013718,0.10193990916013718,0.10193990916013718
ray_gpis_novelty_only,L_Shaped,9,0,2,minus_x,plus_z,0.17638686737246367,0.1955811348960358,0.019194267523572117,0.0,-0.5,0.17638686737246367,0.16717016459539524,0.1955811348960358,0.7826859354972839,0.7282093167304993,0.4728196859359741
ray_gpis_novelty_only,L_Shaped,9,0,3,minus_x,minus_y,0.03432623835239912,0.06773626102251529,0.03341002267011617,0.0,0.5,0.03432623835239912,0.06773626102251529,0.03221113675996534,0.563413679599762,0.5560500025749207,0.31849855184555054
ray_gpis_novelty_only,L_Shaped,9,0,4,minus_x,minus_y,0.03272259835564406,0.06829496539539182,0.035572367039747754,0.0,-0.5,0.03272259835564406,0.06829496539539182,0.04529728384975573,0.35345399379730225,0.3056013584136963,0.21513335406780243
ray_gpis_novelty_only,L_Shaped,10,0,0,plus_z,minus_y,0.06494139122815318,0.1609259526090231,0.09598456138086991,0.0,nan,0.16004611206912123,0.1609259526090231,0.06494139122815318,0.12459728866815567,0.12459728866815567,0.12459728866815567
ray_gpis_novelty_only,L_Shaped,10,0,1,minus_y,minus_x,0.11585333675083037,0.23859231481906956,0.12273897806823919,0.0,0.5,0.23859231481906956,0.11585333675083037,0.005157685820446012,0.8519651293754578,0.8591843247413635,0.2178126573562622
ray_gpis_novelty_only,L_Shaped,10,0,2,minus_x,minus_x,0.03788496552498788,0.03788496552498788,0.0,1.0,1.0,0.03788496552498788,0.003942216391214504,-0.007276969732796568,0.9816119074821472,0.762350857257843,0.35311219096183777
ray_gpis_novelty_only,L_Shaped,10,0,3,minus_y,plus_z,0.11744473914567954,0.1779882398038276,0.060543500658148064,0.0,-0.5,0.07109047762519516,0.11744473914567954,0.1779882398038276,0.8029775619506836,0.8410035371780396,0.6981191635131836
ray_gpis_novelty_only,L_Shaped,10,0,4,minus_x,minus_x,0.0825607189686971,0.0825607189686971,0.0,1.0,1.0,0.0825607189686971,0.016087494140996084,0.041350878751800324,0.44601717591285706,0.28514084219932556,0.37267327308654785
ray_gpis_novelty_only,L_Shaped,5,0,0,plus_z,minus_x,0.11505057570664667,0.27567378400233,0.16062320829568333,0.0,nan,0.27567378400233,0.15128918722080292,0.11505057570664667,0.09410803765058517,0.09410803765058517,0.09410803765058517
ray_gpis_novelty_only,L_Shaped,5,0,1,plus_z,minus_x,0.019181896705713686,0.1328816433734601,0.1136997466677464,0.0,nan,0.1328816433734601,0.07501100870054056,0.019181896705713686,0.008394726552069187,0.008394726552069187,0.008394726552069187
ray_gpis_novelty_only,L_Shaped,5,0,2,plus_z,minus_x,0.007493801735472094,0.32164213615353243,0.31414833441806034,0.0,nan,0.32164213615353243,0.05568925484881354,0.007493801735472094,0.030615661293268204,0.030615661293268204,0.030615661293268204
ray_gpis_novelty_only,L_Shaped,5,0,3,minus_y,minus_y,0.21219420307273207,0.21219420307273207,0.0,1.0,nan,0.16975043037770066,0.21219420307273207,0.17346190178558096,0.03283324092626572,0.03283324092626572,0.03283324092626572
ray_gpis_novelty_only,L_Shaped,5,0,4,minus_y,minus_x,0.08356556172903418,0.08728045939957074,0.0037148976705365655,0.0,0.5,0.08728045939957074,0.08356556172903418,0.022530471276764996,0.8582797050476074,0.9003942608833313,0.2142370641231537
ray_gpis_novelty_only,L_Shaped,11,0,0,minus_x,minus_y,0.07890750686587072,0.14302706130743187,0.06411955444156114,0.0,-0.5,0.07890750686587072,0.14302706130743187,0.10026158445654176,0.8823811411857605,0.733190655708313,0.5233227610588074
ray_gpis_novelty_only,L_Shaped,11,0,1,minus_x,minus_x,0.27660804794502025,0.27660804794502025,0.0,1.0,1.0,0.27660804794502025,0.007374363650554827,0.03814209348012587,0.9602270126342773,0.3063204288482666,0.4313359558582306
ray_gpis_novelty_only,L_Shaped,11,0,2,minus_x,minus_x,0.15061138686234532,0.15061138686234532,0.0,1.0,1.0,0.15061138686234532,0.08127743484101724,0.015688855524976897,0.8650074601173401,0.8392611145973206,0.21401125192642212
ray_gpis_novelty_only,L_Shaped,11,0,3,minus_x,plus_z,0.023469757038652173,0.028973326500826513,0.00550356946217434,0.0,-1.0,0.023469757038652173,0.026487188679085838,0.028973326500826513,0.2243938446044922,0.21653881669044495,0.2154047042131424
ray_gpis_novelty_only,L_Shaped,11,0,4,plus_z,plus_z,0.029474042041954363,0.029474042041954363,0.0,1.0,1.0,0.006923101183745284,0.015706958728945786,0.029474042041954363,0.21407654881477356,0.21478252112865448,0.21636252105236053
ray_gpis_novelty_only,L_Shaped,0,0,0,minus_x,plus_z,0.0739477748621129,0.08144999331555519,0.007502218453442289,0.0,0.5,0.0739477748621129,0.06078317292290214,0.08144999331555519,0.5777653455734253,0.5286244750022888,0.540057361125946
ray_gpis_novelty_only,L_Shaped,0,0,1,minus_x,plus_z,0.004506116013046679,0.05583249645798466,0.05132638044493798,0.0,-0.5,0.004506116013046679,0.027503752655021974,0.05583249645798466,0.8518945574760437,0.3154049813747406,0.41617119312286377
ray_gpis_novelty_only,L_Shaped,0,0,2,minus_y,plus_z,0.10157152790413837,0.13181054834201955,0.03023902043788118,0.0,-0.5,0.11437819520738057,0.10157152790413837,0.13181054834201955,0.21523047983646393,0.21566252410411835,0.2155095785856247
ray_gpis_novelty_only,L_Shaped,0,0,3,plus_z,minus_y,0.029510190539499437,0.07050774824602835,0.04099755770652891,0.0,-1.0,0.05467862816576885,0.07050774824602835,0.029510190539499437,0.21594661474227905,0.21359439194202423,0.21656028926372528
ray_gpis_novelty_only,L_Shaped,0,0,4,minus_x,minus_x,0.12025383956566438,0.12025383956566438,0.0,1.0,0.5,0.12025383956566438,0.03544482785416736,0.019870511959795056,0.21716462075710297,0.21317271888256073,0.21327854692935944
ray_gpis_novelty_only,Cylinder,8,0,0,minus_y,minus_x,0.16558241122619294,0.3136138510935407,0.14803143986734774,0.0,nan,0.3136138510935407,0.16558241122619294,0.044022787159257504,0.07658563554286957,0.07658563554286957,0.07658563554286957
ray_gpis_novelty_only,Cylinder,8,0,1,minus_x,minus_y,0.11461938901293217,0.1561891274512603,0.04156973843832812,0.0,0.5,0.11461938901293217,0.1561891274512603,0.03631820950646386,0.8989620208740234,0.8034712076187134,0.33467480540275574
ray_gpis_novelty_only,Cylinder,8,0,2,minus_x,minus_x,0.17630180772723603,0.17630180772723603,0.0,1.0,0.5,0.17630180772723603,0.05606617635312594,0.0687252069156924,0.92997807264328,0.6166635155677795,0.2873724699020386
ray_gpis_novelty_only,Cylinder,8,0,3,minus_x,minus_x,0.11667648994319868,0.11667648994319868,0.0,1.0,1.0,0.11667648994319868,0.05613343462133469,0.09918513798470419,0.7655259966850281,0.5273610949516296,0.651292085647583
ray_gpis_novelty_only,Cylinder,8,0,4,minus_y,plus_z,0.044173631114628575,0.05031147916890877,0.006137848054280193,0.0,-0.5,0.0036473538636725422,0.044173631114628575,0.05031147916890877,0.23702287673950195,0.39810910820961,0.21495647728443146
ray_gpis_novelty_only,Cylinder,13,0,0,minus_y,minus_x,0.16436976941783382,0.25417572005567496,0.08980595063784114,0.0,nan,0.25417572005567496,0.16436976941783382,0.12077672648707793,0.044440168887376785,0.044440168887376785,0.044440168887376785
ray_gpis_novelty_only,Cylinder,13,0,1,minus_x,minus_x,0.19365150848077817,0.19365150848077817,0.0,1.0,1.0,0.19365150848077817,0.11132159975066391,0.06201768302512495,0.9072297215461731,0.8061179518699646,0.5739797949790955
ray_gpis_novelty_only,Cylinder,13,0,2,minus_x,minus_x,0.21524289752968906,0.21524289752968906,0.0,1.0,1.0,0.21524289752968906,0.04122302937892186,0.01723839623431722,0.933045506477356,0.38597139716148376,0.3686669170856476
ray_gpis_novelty_only,Cylinder,13,0,3,minus_x,minus_y,0.00466698825436862,0.01276845230836321,0.00810146405399459,0.0,-0.5,0.00466698825436862,0.01276845230836321,0.0018553773979720356,0.43586036562919617,0.23123927414417267,0.30680882930755615
ray_gpis_novelty_only,Cylinder,13,0,4,plus_z,minus_x,-0.02693079134691012,-0.019176223075617282,0.007754568271292839,0.0,-0.5,-0.019176223075617282,-0.024346778842282535,-0.02693079134691012,0.33434051275253296,0.23618678748607635,0.4121887683868408
ray_gpis_novelty_only,Cylinder,4,0,0,minus_x,minus_x,0.21011355696091383,0.21011355696091383,0.0,1.0,1.0,0.21011355696091383,0.08099527598596662,0.030862445339325084,0.8403631448745728,0.3550843298435211,0.27819427847862244
ray_gpis_novelty_only,Cylinder,4,0,1,minus_x,minus_y,0.049699433953239835,0.1101915834493511,0.06049214949611126,0.0,0.5,0.049699433953239835,0.1101915834493511,0.02665819525889279,0.8230934143066406,0.5645354390144348,0.4185400903224945
ray_gpis_novelty_only,Cylinder,4,0,2,minus_y,minus_x,0.1018486493855153,0.13067185282751215,0.028823203441996847,0.0,0.5,0.13067185282751215,0.1018486493855153,0.08534038431708701,0.774178683757782,0.8575858473777771,0.47492048144340515
ray_gpis_novelty_only,Cylinder,4,0,3,minus_x,minus_y,0.0854830638089481,0.09946089854848417,0.013977834739536066,0.0,0.5,0.0854830638089481,0.09946089854848417,0.04797756396503605,0.697738528251648,0.6443837285041809,0.4101926386356354
ray_gpis_novelty_only,Cylinder,4,0,4,plus_z,minus_y,0.016338849401389854,0.035205519111924266,0.01886666971053441,0.0,-0.5,0.021702956308773613,0.035205519111924266,0.016338849401389854,0.29409006237983704,0.29591670632362366,0.5738080143928528
ray_gpis_novelty_only,Cylinder,1,0,0,minus_x,minus_x,0.19566169397458494,0.19566169397458494,0.0,1.0,1.0,0.19566169397458494,0.1552824841643144,0.05259951874635743,0.8822875022888184,0.5211118459701538,0.2528122067451477
ray_gpis_novelty_only,Cylinder,1,0,1,minus_x,minus_x,0.1504900955981494,0.1504900955981494,0.0,1.0,1.0,0.1504900955981494,0.028977554907090863,0.020263962897950072,0.9294964671134949,0.6418390870094299,0.5778945088386536
ray_gpis_novelty_only,Cylinder,1,0,2,minus_x,minus_x,0.07932127839551695,0.07932127839551695,0.0,1.0,1.0,0.07932127839551695,0.04746525810129942,0.07132386944726954,0.7465245127677917,0.37444058060646057,0.7139680981636047
ray_gpis_novelty_only,Cylinder,1,0,3,minus_x,minus_x,0.02402046058398366,0.02402046058398366,0.0,1.0,1.0,0.02402046058398366,0.012747060396032017,0.01394693618404963,0.7206799983978271,0.41458338499069214,0.514607846736908
ray_gpis_novelty_only,Cylinder,1,0,4,plus_z,minus_y,0.014345683124281416,0.018525061048968117,0.0041793779246867,0.0,-0.5,0.015539345708848407,0.018525061048968117,0.014345683124281416,0.4340088665485382,0.44334909319877625,0.5677974224090576
ray_gpis_novelty_only,Cylinder,12,0,0,minus_x,minus_x,0.225961881023779,0.225961881023779,0.0,1.0,nan,0.225961881023779,0.13112474031568055,0.05596501568563944,0.19668345153331757,0.19668345153331757,0.19668345153331757
ray_gpis_novelty_only,Cylinder,12,0,1,minus_x,minus_x,0.13639473775159827,0.13639473775159827,0.0,1.0,1.0,0.13639473775159827,0.11758082541445714,0.0362453738405637,0.9340071082115173,0.6998738050460815,0.41930562257766724
ray_gpis_novelty_only,Cylinder,12,0,2,minus_x,minus_x,0.1206854389080414,0.1206854389080414,0.0,1.0,1.0,0.1206854389080414,0.06903044674925063,0.03488424741982965,0.8544638752937317,0.7817654609680176,0.21120397746562958
ray_gpis_novelty_only,Cylinder,12,0,3,minus_y,minus_y,0.03194240887230482,0.03194240887230482,0.0,1.0,1.0,0.030172031379286146,0.03194240887230482,0.02570593874818805,0.28126972913742065,0.309415727853775,0.22834886610507965
ray_gpis_novelty_only,Cylinder,12,0,4,minus_x,minus_x,0.0351907068533438,0.0351907068533438,0.0,1.0,1.0,0.0351907068533438,0.02588484759738452,0.030811159791500065,0.2819371521472931,0.24531221389770508,0.2649286687374115
ray_gpis_novelty_only,Cylinder,7,0,0,minus_x,minus_x,0.14771037180041918,0.14771037180041918,0.0,1.0,1.0,0.14771037180041918,0.12003820490569955,0.11749947166339697,0.8624588847160339,0.630142867565155,0.2200344353914261
ray_gpis_novelty_only,Cylinder,7,0,1,minus_x,minus_x,0.16524863227602504,0.16524863227602504,0.0,1.0,1.0,0.16524863227602504,0.12391482035123458,0.08349134175991912,0.8930413126945496,0.3634270131587982,0.31003013253211975
ray_gpis_novelty_only,Cylinder,7,0,2,minus_x,minus_x,0.14243085045953263,0.14243085045953263,0.0,1.0,1.0,0.14243085045953263,0.0914941065235162,0.04335900056108555,0.8710790276527405,0.5061513185501099,0.419050931930542
ray_gpis_novelty_only,Cylinder,7,0,3,minus_y,minus_y,0.016017945497036945,0.016017945497036945,0.0,1.0,1.0,0.003883405283186425,0.016017945497036945,-0.015102625794655933,0.3184390664100647,0.4299674928188324,0.21690618991851807
ray_gpis_novelty_only,Cylinder,7,0,4,minus_x,minus_x,0.04830778959970916,0.04830778959970916,0.0,1.0,0.5,0.04830778959970916,0.02481135343436658,0.03380928501573821,0.31907692551612854,0.23788295686244965,0.21738356351852417
ray_gpis_novelty_only,Cylinder,14,0,0,minus_x,minus_x,0.14867403010371982,0.14867403010371982,0.0,1.0,0.5,0.14867403010371982,0.07928409351343274,0.09558197097847826,0.932543933391571,0.8122091293334961,0.29560789465904236
ray_gpis_novelty_only,Cylinder,14,0,1,minus_x,minus_x,0.09722164591502636,0.09722164591502636,0.0,1.0,0.5,0.09722164591502636,0.036234593353237976,0.05910536366041641,0.9078220129013062,0.5124003291130066,0.480533242225647
ray_gpis_novelty_only,Cylinder,14,0,2,plus_z,minus_x,0.04263627249613955,0.12174439935109904,0.07910812685495949,0.0,-0.5,0.12174439935109904,0.07275263866181803,0.04263627249613955,0.8543544411659241,0.676065981388092,0.9026830792427063
ray_gpis_novelty_only,Cylinder,14,0,3,minus_x,minus_x,0.1331050290453183,0.1331050290453183,0.0,1.0,0.5,0.1331050290453183,0.04129032088866513,0.021602895588820115,0.9051823616027832,0.37951838970184326,0.4729090631008148
ray_gpis_novelty_only,Cylinder,14,0,4,plus_z,minus_y,0.013077571851880077,0.0336353385532292,0.020557766701349123,0.0,-1.0,0.020579069598749,0.0336353385532292,0.013077571851880077,0.5318366289138794,0.25451895594596863,0.5712321400642395
ray_gpis_novelty_only,Cylinder,2,0,0,plus_z,minus_x,0.15525699100815754,0.22832931898119696,0.07307232797303942,0.0,nan,0.22832931898119696,0.1810184098263255,0.15525699100815754,0.19054298102855682,0.19054298102855682,0.19054298102855682
ray_gpis_novelty_only,Cylinder,2,0,1,minus_x,minus_x,0.16146016310762001,0.16146016310762001,0.0,1.0,1.0,0.16146016310762001,0.16102473638176984,0.09838885074274939,0.9245057106018066,0.8430512547492981,0.4166692793369293
ray_gpis_novelty_only,Cylinder,2,0,2,minus_x,minus_x,0.1442032859880764,0.1442032859880764,0.0,1.0,0.5,0.1442032859880764,0.046663777348035285,0.048056400417570755,0.9155089259147644,0.66830974817276,0.21525588631629944
ray_gpis_novelty_only,Cylinder,2,0,3,minus_x,plus_z,0.047178649845963094,0.0534249894685348,0.006246339622571706,0.0,0.5,0.047178649845963094,0.03962437329354129,0.0534249894685348,0.46466580033302307,0.32995206117630005,0.3837614059448242
ray_gpis_novelty_only,Cylinder,2,0,4,minus_x,minus_x,0.03795693586172,0.03795693586172,0.0,1.0,1.0,0.03795693586172,0.032002846784029204,0.003641957351623537,0.48516646027565,0.33590495586395264,0.2905452847480774
ray_gpis_novelty_only,Cylinder,6,0,0,minus_x,minus_x,0.207747895895054,0.207747895895054,0.0,1.0,0.5,0.207747895895054,0.12296842558576276,0.125273423882369,0.9436861872673035,0.8219450116157532,0.3886517584323883
ray_gpis_novelty_only,Cylinder,6,0,1,minus_y,minus_x,0.07016325090702435,0.12715498897544897,0.05699173806842461,0.0,0.5,0.12715498897544897,0.07016325090702435,0.011649914860765609,0.8997360467910767,0.9023639559745789,0.21366441249847412
ray_gpis_novelty_only,Cylinder,6,0,2,minus_y,plus_z,0.10700938372277458,0.10809845299001264,0.001089069267238063,0.0,-0.5,0.050836411694105244,0.10700938372277458,0.10809845299001264,0.8229325413703918,0.8408613204956055,0.21462075412273407
ray_gpis_novelty_only,Cylinder,6,0,3,minus_x,plus_z,-0.029750264301734775,-0.004091740966843838,0.025658523334890937,0.0,-1.0,-0.029750264301734775,-0.004256093742123324,-0.004091740966843838,0.6510237455368042,0.4250636100769043,0.27846676111221313
ray_gpis_novelty_only,Cylinder,6,0,4,minus_x,minus_y,0.02464362345960769,0.11292104440237294,0.08827742094276525,0.0,0.5,0.02464362345960769,0.11292104440237294,0.01520666225508538,0.37936076521873474,0.37147924304008484,0.28653600811958313
ray_gpis_novelty_only,Cylinder,3,0,0,plus_z,minus_x,0.11132724657598014,0.16984674007545064,0.0585194934994705,0.0,nan,0.16984674007545064,0.15047230405979733,0.11132724657598014,0.12342909723520279,0.12342909723520279,0.12342909723520279
ray_gpis_novelty_only,Cylinder,3,0,1,minus_x,minus_x,0.23187037681736722,0.23187037681736722,0.0,1.0,0.5,0.23187037681736722,0.10046468665425023,0.1720876284098476,0.9962571263313293,0.6687659621238708,0.428180992603302
ray_gpis_novelty_only,Cylinder,3,0,2,minus_x,minus_x,0.06838218439220989,0.06838218439220989,0.0,1.0,0.5,0.06838218439220989,-0.011014209043539114,-0.0269630749793639,0.9273565411567688,0.2557189166545868,0.3254910111427307
ray_gpis_novelty_only,Cylinder,3,0,3,minus_x,minus_x,0.0061691713818580185,0.0061691713818580185,0.0,1.0,0.5,0.0061691713818580185,-0.004271192728633855,-0.013102450137061017,0.4350835382938385,0.32478493452072144,0.4170251786708832
ray_gpis_novelty_only,Cylinder,3,0,4,plus_z,plus_z,0.04955263712937841,0.04955263712937841,0.0,1.0,1.0,0.01582944785671403,0.03617906851060204,0.04955263712937841,0.2928997874259949,0.33551526069641113,0.3421635329723358
ray_gpis_novelty_only,Cylinder,9,0,0,minus_x,minus_x,0.1369507732463553,0.1369507732463553,0.0,1.0,1.0,0.1369507732463553,0.03300224946756003,0.015187665539351969,0.9199526906013489,0.6785407066345215,0.25103655457496643
ray_gpis_novelty_only,Cylinder,9,0,1,minus_x,minus_x,0.19245064221557917,0.19245064221557917,0.0,1.0,1.0,0.19245064221557917,0.08497606272247538,0.07689814700294251,0.9496167302131653,0.4210177958011627,0.28938278555870056
ray_gpis_novelty_only,Cylinder,9,0,2,plus_z,minus_x,0.02763581351637978,0.08878307894743875,0.06114726543105897,0.0,-0.5,0.08878307894743875,0.05202541113721926,0.02763581351637978,0.41769638657569885,0.3858455717563629,0.6285442113876343
ray_gpis_novelty_only,Cylinder,9,0,3,minus_x,minus_x,0.07930438224543934,0.07930438224543934,0.0,1.0,1.0,0.07930438224543934,0.037112270356206456,0.03962580081331779,0.6355279088020325,0.35300448536872864,0.4374796450138092
ray_gpis_novelty_only,Cylinder,9,0,4,plus_z,minus_y,0.013393151818079319,0.03471829640550261,0.021325144587423295,0.0,0.5,0.008503357549415225,0.03471829640550261,0.013393151818079319,0.28517627716064453,0.3085133135318756,0.324100136756897
ray_gpis_novelty_only,Cylinder,10,0,0,minus_x,minus_x,0.23626185960615037,0.23626185960615037,0.0,1.0,1.0,0.23626185960615037,0.09323352311749528,0.07533850498347044,0.8586228489875793,0.3021324872970581,0.2538353502750397
ray_gpis_novelty_only,Cylinder,10,0,1,minus_x,minus_x,0.17386312656958414,0.17386312656958414,0.0,1.0,0.5,0.17386312656958414,0.10472094645947982,0.10528797212860042,0.8843194842338562,0.5165084600448608,0.37638092041015625
ray_gpis_novelty_only,Cylinder,10,0,2,minus_x,plus_z,0.06271344010126767,0.06853268509880317,0.0058192449975355,0.0,-1.0,0.06271344010126767,0.06532819410056301,0.06853268509880317,0.6305092573165894,0.5727015137672424,0.42575958371162415
ray_gpis_novelty_only,Cylinder,10,0,3,minus_y,minus_y,0.05405649993885275,0.05405649993885275,0.0,1.0,1.0,0.04463367112960959,0.05405649993885275,0.016536137591692146,0.3873153626918793,0.5516616106033325,0.37953051924705505
ray_gpis_novelty_only,Cylinder,10,0,4,plus_z,minus_y,0.0028116920264369405,0.02326880965304079,0.02045711762660385,0.0,-1.0,0.015439187456398829,0.02326880965304079,0.0028116920264369405,0.3685159683227539,0.33257541060447693,0.40369391441345215
ray_gpis_novelty_only,Cylinder,5,0,0,plus_z,minus_x,0.05874300876332578,0.21331325679151764,0.15457024802819186,0.0,nan,0.21331325679151764,0.12332254307771295,0.05874300876332578,0.14309066534042358,0.14309066534042358,0.14309066534042358
ray_gpis_novelty_only,Cylinder,5,0,1,plus_z,minus_x,0.04459238642343921,0.1944895873418675,0.14989720091842829,0.0,nan,0.1944895873418675,0.11047227843390284,0.04459238642343921,0.09948908537626266,0.09948908537626266,0.09948908537626266
ray_gpis_novelty_only,Cylinder,5,0,2,minus_x,minus_x,0.20715380898893787,0.20715380898893787,0.0,1.0,nan,0.20715380898893787,0.13753066683003945,0.06720925610519135,0.12495003640651703,0.12495003640651703,0.12495003640651703
ray_gpis_novelty_only,Cylinder,5,0,3,minus_x,minus_x,0.1250644423991848,0.1250644423991848,0.0,1.0,1.0,0.1250644423991848,0.08713517597785791,0.03464959210070806,0.9313220977783203,0.7623688578605652,0.5330690741539001
ray_gpis_novelty_only,Cylinder,5,0,4,minus_y,minus_y,0.08164491731038159,0.08164491731038159,0.0,1.0,1.0,0.04238001728133789,0.08164491731038159,-0.011363777825436516,0.5545157790184021,0.797630250453949,0.37129414081573486
ray_gpis_novelty_only,Cylinder,11,0,0,minus_x,minus_x,0.1635085406352753,0.1635085406352753,0.0,1.0,0.5,0.1635085406352753,0.07845847797511157,0.11623473534251427,0.8249093890190125,0.38546887040138245,0.28160884976387024
ray_gpis_novelty_only,Cylinder,11,0,1,minus_x,minus_x,0.1626565347423946,0.1626565347423946,0.0,1.0,0.5,0.1626565347423946,0.13221943084462606,0.14640407142967393,0.8101239204406738,0.7707314491271973,0.45052051544189453
ray_gpis_novelty_only,Cylinder,11,0,2,minus_x,minus_y,0.07582926761914421,0.11705497648477026,0.04122570886562604,0.0,0.5,0.07582926761914421,0.11705497648477026,0.06091976507934571,0.6625195145606995,0.6475372314453125,0.43471041321754456
ray_gpis_novelty_only,Cylinder,11,0,3,minus_x,minus_x,0.03645655919437474,0.03645655919437474,0.0,1.0,0.5,0.03645655919437474,0.023846915189907558,-0.004482801732390129,0.4654911756515503,0.3750769793987274,0.3960913121700287
ray_gpis_novelty_only,Cylinder,11,0,4,minus_x,plus_z,-0.05399115483134842,-0.05022396473709978,0.0037671900942486403,0.0,-0.5,-0.05399115483134842,-0.058768033816029575,-0.05022396473709978,0.39105740189552307,0.26538026332855225,0.21695184707641602
ray_gpis_novelty_only,Cylinder,0,0,0,minus_x,minus_x,0.2830613259771652,0.2830613259771652,0.0,1.0,nan,0.2830613259771652,0.2509194258351977,0.23372749908001839,0.058042384684085846,0.058042384684085846,0.058042384684085846
ray_gpis_novelty_only,Cylinder,0,0,1,minus_x,minus_x,0.22050586438214848,0.22050586438214848,0.0,1.0,0.5,0.22050586438214848,0.010060829959522288,0.053870758066882796,0.9230177998542786,0.4164116680622101,0.2519623637199402
ray_gpis_novelty_only,Cylinder,0,0,2,minus_x,minus_x,0.07215468664561386,0.07215468664561386,0.0,1.0,0.5,0.07215468664561386,0.024118769271346263,0.014004567205839313,0.8019542098045349,0.22167794406414032,0.585524320602417
ray_gpis_novelty_only,Cylinder,0,0,3,minus_x,minus_x,0.04717765095120019,0.04717765095120019,0.0,1.0,0.5,0.04717765095120019,0.0069047995361484205,0.0017840581249110032,0.7004525065422058,0.21598775684833527,0.691692590713501
ray_gpis_novelty_only,Cylinder,0,0,4,minus_x,minus_x,0.025736718175114692,0.025736718175114692,0.0,1.0,1.0,0.025736718175114692,0.006456597639154182,0.008828168127793079,0.6671333909034729,0.2133067399263382,0.6423295140266418
ray_gpis_novelty_only,Cross,8,0,0,minus_y,minus_x,0.10371908993471907,0.14381983071747967,0.0401007407827606,0.0,nan,0.14381983071747967,0.10371908993471907,0.029631339462913464,0.15507973730564117,0.15507973730564117,0.15507973730564117
ray_gpis_novelty_only,Cross,8,0,1,plus_z,minus_x,0.100893705798137,0.14820960870247452,0.047315902904337515,0.0,nan,0.14820960870247452,0.11848619093015139,0.100893705798137,0.06928494572639465,0.06928494572639465,0.06928494572639465
ray_gpis_novelty_only,Cross,8,0,2,plus_z,minus_x,-0.002199592189322086,0.04514999191336977,0.047349584102691855,0.0,nan,0.04514999191336977,0.0405293302551174,-0.002199592189322086,0.053447507321834564,0.053447507321834564,0.053447507321834564
ray_gpis_novelty_only,Cross,8,0,3,plus_z,minus_x,0.02187831105635968,0.1200726457485467,0.09819433469218702,0.0,nan,0.1200726457485467,0.023099683444569474,0.02187831105635968,0.08718065917491913,0.08718065917491913,0.08718065917491913
ray_gpis_novelty_only,Cross,8,0,4,plus_z,minus_x,0.0500984911266939,0.23061507837453282,0.18051658724783892,0.0,nan,0.23061507837453282,0.09315247511047958,0.0500984911266939,0.03554562106728554,0.03554562106728554,0.03554562106728554
ray_gpis_novelty_only,Cross,13,0,0,minus_y,minus_x,0.12693746521185428,0.318987120512535,0.19204965530068074,0.0,nan,0.318987120512535,0.12693746521185428,0.07815599879737628,0.15295812487602234,0.15295812487602234,0.15295812487602234
ray_gpis_novelty_only,Cross,13,0,1,minus_x,minus_x,0.18978546650347183,0.18978546650347183,0.0,1.0,1.0,0.18978546650347183,0.14509835809784855,0.1196690475245088,0.7090139389038086,0.6113989949226379,0.21699270606040955
ray_gpis_novelty_only,Cross,13,0,2,minus_x,minus_x,0.14207264230166383,0.14207264230166383,0.0,1.0,0.5,0.14207264230166383,0.02387627003689219,0.04582853998630554,0.8059875965118408,0.3112316429615021,0.2590661942958832
ray_gpis_novelty_only,Cross,13,0,3,minus_x,minus_x,0.08221770168289155,0.08221770168289155,0.0,1.0,1.0,0.08221770168289155,0.011921237685160846,0.033981490357259725,0.7226434350013733,0.23616166412830353,0.510194718837738
ray_gpis_novelty_only,Cross,13,0,4,minus_x,plus_z,0.08120108588801411,0.08519294511297748,0.003991859224963368,0.0,0.5,0.08120108588801411,0.008207137644485551,0.08519294511297748,0.6521162390708923,0.3338305354118347,0.3991677463054657
ray_gpis_novelty_only,Cross,4,0,0,minus_x,minus_x,0.25671615746060295,0.25671615746060295,0.0,1.0,1.0,0.25671615746060295,0.114355754958815,0.03870338488891151,0.848474383354187,0.5794867873191833,0.21764542162418365
ray_gpis_novelty_only,Cross,4,0,1,minus_x,minus_x,0.09747488053302245,0.09747488053302245,0.0,1.0,0.5,0.09747488053302245,0.043266375826367165,0.01701745302934421,0.7663869857788086,0.23779134452342987,0.24019727110862732
ray_gpis_novelty_only,Cross,4,0,2,minus_x,minus_x,0.1304202419166376,0.1304202419166376,0.0,1.0,1.0,0.1304202419166376,0.07920789515284055,0.0778373401076452,0.6363303065299988,0.46681657433509827,0.4637789726257324
ray_gpis_novelty_only,Cross,4,0,3,minus_y,minus_x,0.024291116952984804,0.02825435937989751,0.003963242426912705,0.0,0.5,0.02825435937989751,0.024291116952984804,0.006486274376533596,0.21627242863178253,0.2724861800670624,0.2153225690126419
ray_gpis_novelty_only,Cross,4,0,4,minus_y,minus_y,0.010235757908229837,0.010235757908229837,0.0,1.0,0.5,-0.007779137935021607,0.010235757908229837,-0.008068269812826823,0.21419356763362885,0.22419583797454834,0.2149728536605835
ray_gpis_novelty_only,Cross,1,0,0,minus_x,minus_x,0.11980057672383448,0.11980057672383448,0.0,1.0,1.0,0.11980057672383448,0.06742397720838028,0.04572439080071533,0.848016083240509,0.49498251080513,0.33550599217414856
ray_gpis_novelty_only,Cross,1,0,1,minus_x,plus_z,0.17580236541296546,0.19031130779785843,0.014508942384892975,0.0,-0.5,0.17580236541296546,0.14731227713531558,0.19031130779785843,0.9295178651809692,0.8592167496681213,0.32758307456970215
ray_gpis_novelty_only,Cross,1,0,2,minus_y,minus_x,0.10550614377135936,0.1762892442129046,0.07078310044154523,0.0,0.5,0.1762892442129046,0.10550614377135936,0.10030259528220664,0.7004480957984924,0.7497958540916443,0.26267722249031067
ray_gpis_novelty_only,Cross,1,0,3,minus_x,minus_x,0.03350608441725755,0.03350608441725755,0.0,1.0,1.0,0.03350608441725755,0.0307652089066609,0.026356940049704347,0.4017517566680908,0.26069024205207825,0.2580799460411072
ray_gpis_novelty_only,Cross,1,0,4,minus_y,minus_y,0.054658692554154564,0.054658692554154564,0.0,1.0,0.5,0.03049694249037005,0.054658692554154564,0.054493839558879764,0.33691906929016113,0.3859100639820099,0.29393529891967773
ray_gpis_novelty_only,Cross,12,0,0,minus_x,minus_x,0.3016778336328534,0.3016778336328534,0.0,1.0,1.0,0.3016778336328534,0.2496838751056415,0.24097849438235297,0.8489526510238647,0.6138973832130432,0.25123515725135803
ray_gpis_novelty_only,Cross,12,0,1,minus_y,minus_x,0.11980653650088602,0.12411359630658902,0.004307059805703006,0.0,0.5,0.12411359630658902,0.11980653650088602,0.04786933762504775,0.740431010723114,0.7436323165893555,0.3918122351169586
ray_gpis_novelty_only,Cross,12,0,2,minus_x,minus_x,0.08332009248840389,0.08332009248840389,0.0,1.0,1.0,0.08332009248840389,0.06671439052523043,0.04000847922866735,0.6984209418296814,0.3977362811565399,0.25919681787490845
ray_gpis_novelty_only,Cross,12,0,3,plus_z,minus_x,0.06078801580698312,0.06452475079004416,0.003736734983061041,0.0,0.5,0.06452475079004416,0.05440451230013965,0.06078801580698312,0.34733492136001587,0.22058308124542236,0.5842792987823486
ray_gpis_novelty_only,Cross,12,0,4,minus_y,minus_y,0.053010175815622174,0.053010175815622174,0.0,1.0,1.0,0.03253253160247649,0.053010175815622174,0.028658569706946246,0.21543093025684357,0.217438206076622,0.21295475959777832
ray_gpis_novelty_only,Cross,7,0,0,minus_x,minus_x,0.2234549639730926,0.2234549639730926,0.0,1.0,1.0,0.2234549639730926,0.10759393252652755,0.09110594580071746,0.801615297794342,0.3785533308982849,0.2177821546792984
ray_gpis_novelty_only,Cross,7,0,1,minus_x,minus_x,0.1734706822820059,0.1734706822820059,0.0,1.0,0.5,0.1734706822820059,0.03984633679964977,0.060414332247621605,0.7183413505554199,0.6682472229003906,0.5026205778121948
ray_gpis_novelty_only,Cross,7,0,2,minus_y,minus_x,-0.04468645114077552,-0.03435958999927524,0.010326861141500276,0.0,0.5,-0.03435958999927524,-0.04468645114077552,-0.05917042293716479,0.45432233810424805,0.6244370937347412,0.21573853492736816
ray_gpis_novelty_only,Cross,7,0,3,minus_x,plus_z,0.05489857595244374,0.09392810671214391,0.03902953075970017,0.0,-1.0,0.05489857595244374,0.09037810548674585,0.09392810671214391,0.4091090261936188,0.30249860882759094,0.23839275538921356
ray_gpis_novelty_only,Cross,7,0,4,minus_y,plus_z,0.04602668951048561,0.05273495703290554,0.006708267522419931,0.0,-0.5,0.04354712669902128,0.04602668951048561,0.05273495703290554,0.3008214235305786,0.3012504577636719,0.21683840453624725
ray_gpis_novelty_only,Cross,14,0,0,plus_z,minus_x,0.04828123325523476,0.19268043137371377,0.144399198118479,0.0,nan,0.19268043137371377,0.02709024327980397,0.04828123325523476,0.13914477825164795,0.13914477825164795,0.13914477825164795
ray_gpis_novelty_only,Cross,14,0,1,plus_z,minus_x,0.019828984898844437,0.15825101133174657,0.13842202643290213,0.0,nan,0.15825101133174657,0.1063210096867987,0.019828984898844437,0.12401741743087769,0.12401741743087769,0.12401741743087769
ray_gpis_novelty_only,Cross,14,0,2,minus_x,minus_x,0.11594427549158715,0.11594427549158715,0.0,1.0,nan,0.11594427549158715,0.06096254573884907,0.008377462790483348,0.10012873262166977,0.10012873262166977,0.10012873262166977
ray_gpis_novelty_only,Cross,14,0,3,minus_x,minus_x,0.14357899532194662,0.14357899532194662,0.0,1.0,1.0,0.14357899532194662,0.13881315389600568,0.07704040363938025,0.9745311141014099,0.8540291786193848,0.27584558725357056
ray_gpis_novelty_only,Cross,14,0,4,minus_y,minus_y,0.052788451049809004,0.052788451049809004,0.0,1.0,1.0,0.044203120527606,0.052788451049809004,0.021169514445821935,0.5317070484161377,0.6579124927520752,0.30097833275794983
ray_gpis_novelty_only,Cross,2,0,0,plus_z,minus_x,0.12473214948220718,0.20417186779123958,0.0794397183090324,0.0,nan,0.20417186779123958,0.17340607928019808,0.12473214948220718,0.19569973647594452,0.19569973647594452,0.19569973647594452
ray_gpis_novelty_only,Cross,2,0,1,minus_x,minus_x,0.0587506072343017,0.0587506072343017,0.0,1.0,nan,0.0587506072343017,0.04018153381801293,0.04699198880078248,0.11244244873523712,0.11244244873523712,0.11244244873523712
ray_gpis_novelty_only,Cross,2,0,2,minus_x,minus_x,0.09637778115114304,0.09637778115114304,0.0,1.0,nan,0.09637778115114304,0.06476670041496435,0.053450891486881424,0.12122955173254013,0.12122955173254013,0.12122955173254013
ray_gpis_novelty_only,Cross,2,0,3,minus_x,minus_y,0.006805394589572966,0.10099876707513633,0.09419337248556336,0.0,0.5,0.006805394589572966,0.10099876707513633,0.0011080711136532972,0.921125590801239,0.8781827688217163,0.43346574902534485
ray_gpis_novelty_only,Cross,2,0,4,minus_x,minus_x,0.07899661403075786,0.07899661403075786,0.0,1.0,1.0,0.07899661403075786,0.0693038805170535,0.030762836302176466,0.890404224395752,0.8682306408882141,0.24142248928546906
ray_gpis_novelty_only,Cross,6,0,0,minus_x,minus_y,0.18332517857135316,0.1959792483119855,0.012654069740632323,0.0,0.5,0.18332517857135316,0.1959792483119855,0.10546518185519421,0.7023127675056458,0.4658084809780121,0.24759967625141144
ray_gpis_novelty_only,Cross,6,0,1,minus_x,minus_x,0.14582318746899248,0.14582318746899248,0.0,1.0,1.0,0.14582318746899248,0.04516082373778929,0.03856158873350268,0.746399462223053,0.6927888989448547,0.21392366290092468
ray_gpis_novelty_only,Cross,6,0,2,minus_x,plus_z,0.07898674738670342,0.08861653006877723,0.009629782682073817,0.0,0.5,0.07898674738670342,0.0208592373071389,0.08861653006877723,0.6153143048286438,0.30540743470191956,0.6146605610847473
ray_gpis_novelty_only,Cross,6,0,3,minus_x,minus_x,0.010506721778130279,0.010506721778130279,0.0,1.0,0.5,0.010506721778130279,0.0008293430719992223,-0.005291370489338809,0.6248113512992859,0.21522127091884613,0.5836751461029053
ray_gpis_novelty_only,Cross,6,0,4,minus_x,minus_x,0.022524415366195316,0.022524415366195316,0.0,1.0,1.0,0.022524415366195316,0.006972122077659182,0.009900442080744032,0.6373505592346191,0.21637611091136932,0.6248265504837036
ray_gpis_novelty_only,Cross,3,0,0,minus_x,minus_x,0.2509583075936289,0.2509583075936289,0.0,1.0,1.0,0.2509583075936289,0.14125915845215775,0.09159976391967939,0.7158282399177551,0.5963886380195618,0.23598890006542206
ray_gpis_novelty_only,Cross,3,0,1,minus_x,minus_x,0.1383283300421414,0.1383283300421414,0.0,1.0,1.0,0.1383283300421414,0.09166508009382879,0.030361500094296834,0.6916844248771667,0.4042275846004486,0.27169495820999146
ray_gpis_novelty_only,Cross,3,0,2,minus_x,minus_y,0.009310381125520628,0.04463857968573348,0.03532819856021285,0.0,-1.0,0.009310381125520628,0.04463857968573348,0.028491124514416155,0.610974133014679,0.25486940145492554,0.5668228268623352
ray_gpis_novelty_only,Cross,3,0,3,plus_z,minus_x,0.01211960940436585,0.026607669664774902,0.014488060260409052,0.0,-0.5,0.026607669664774902,0.012192493109270508,0.01211960940436585,0.5266178846359253,0.246866375207901,0.6176145672798157
ray_gpis_novelty_only,Cross,3,0,4,minus_x,minus_x,0.03328978326935894,0.03328978326935894,0.0,1.0,1.0,0.03328978326935894,0.03215330176592468,0.0034448070399887287,0.6179912090301514,0.2722465991973877,0.25900787115097046
ray_gpis_novelty_only,Cross,9,0,0,minus_y,minus_x,0.07225581198996095,0.2271663644847997,0.15491055249483876,0.0,nan,0.2271663644847997,0.07225581198996095,0.05979183236472002,0.15810973942279816,0.15810973942279816,0.15810973942279816
ray_gpis_novelty_only,Cross,9,0,1,minus_y,minus_y,0.21006648435826292,0.21006648435826292,0.0,1.0,0.5,0.08537170152662621,0.21006648435826292,0.1729650906174297,0.7412772178649902,0.8759016990661621,0.36415836215019226
ray_gpis_novelty_only,Cross,9,0,2,minus_x,minus_x,0.08557355243513887,0.08557355243513887,0.0,1.0,1.0,0.08557355243513887,0.07673670949956679,0.031960695007204,0.6755086183547974,0.554989755153656,0.30234041810035706
ray_gpis_novelty_only,Cross,9,0,3,minus_x,minus_x,0.021182322726405745,0.021182322726405745,0.0,1.0,0.5,0.021182322726405745,0.0023562873566823628,0.014489245157798925,0.5441458225250244,0.25716549158096313,0.21744593977928162
ray_gpis_novelty_only,Cross,9,0,4,minus_x,minus_x,0.09875827717235997,0.09875827717235997,0.0,1.0,1.0,0.09875827717235997,0.06092955698918168,0.06022380804517824,0.5760107040405273,0.5075283646583557,0.43137237429618835
ray_gpis_novelty_only,Cross,10,0,0,minus_x,minus_x,0.17202967901037458,0.17202967901037458,0.0,1.0,1.0,0.17202967901037458,0.17162836409207516,0.09908170719040144,0.6843791604042053,0.3710022568702698,0.21494220197200775
ray_gpis_novelty_only,Cross,10,0,1,minus_x,minus_x,0.16422600987621716,0.16422600987621716,0.0,1.0,1.0,0.16422600987621716,0.08187207935446017,0.08011708288803299,0.745316743850708,0.24157066643238068,0.23845160007476807
ray_gpis_novelty_only,Cross,10,0,2,minus_x,minus_x,0.11067846711780283,0.11067846711780283,0.0,1.0,1.0,0.11067846711780283,0.04359070877376359,0.049972184001891407,0.701054573059082,0.2808903753757477,0.37429141998291016
ray_gpis_novelty_only,Cross,10,0,3,minus_y,minus_y,0.03992910839059205,0.03992910839059205,0.0,1.0,0.5,0.03132033080611074,0.03992910839059205,0.021212024618509795,0.21419532597064972,0.24350757896900177,0.21631960570812225
ray_gpis_novelty_only,Cross,10,0,4,minus_x,minus_x,0.027262725205757565,0.027262725205757565,0.0,1.0,1.0,0.027262725205757565,0.02623871748065587,0.0037827697811660954,0.21564848721027374,0.21535435318946838,0.21491801738739014
ray_gpis_novelty_only,Cross,5,0,0,plus_z,minus_x,0.0867746499724924,0.2044443455599826,0.11766969558749019,0.0,nan,0.2044443455599826,0.0953818185791313,0.0867746499724924,0.17394541203975677,0.17394541203975677,0.17394541203975677
ray_gpis_novelty_only,Cross,5,0,1,minus_x,minus_x,0.1935961811117748,0.1935961811117748,0.0,1.0,1.0,0.1935961811117748,0.12008311156704898,0.07459717761357043,0.7872587442398071,0.5975185036659241,0.29230281710624695
ray_gpis_novelty_only,Cross,5,0,2,minus_x,minus_x,0.14046408455758397,0.14046408455758397,0.0,1.0,0.5,0.14046408455758397,0.096557231913595,0.06736991298082218,0.6747244000434875,0.3597007691860199,0.4044663906097412
ray_gpis_novelty_only,Cross,5,0,3,minus_y,plus_z,0.05797293527144087,0.08200405954112777,0.0240311242696869,0.0,-0.5,0.037803007920851006,0.05797293527144087,0.08200405954112777,0.3072907030582428,0.39094796776771545,0.23604249954223633
ray_gpis_novelty_only,Cross,5,0,4,minus_x,plus_z,0.016181029719051887,0.01923879338450951,0.0030577636654576246,0.0,-0.5,0.016181029719051887,0.013349069492849086,0.01923879338450951,0.35397225618362427,0.240765780210495,0.2150416374206543
ray_gpis_novelty_only,Cross,11,0,0,minus_x,minus_x,0.18259061366196477,0.18259061366196477,0.0,1.0,1.0,0.18259061366196477,0.18180377731102793,0.17166549587577196,0.6897275447845459,0.3237461447715759,0.21599197387695312
ray_gpis_novelty_only,Cross,11,0,1,minus_x,minus_x,0.1855596108771695,0.1855596108771695,0.0,1.0,1.0,0.1855596108771695,0.07529843707954281,0.05948428230561659,0.7729021906852722,0.4606485664844513,0.2559473514556885
ray_gpis_novelty_only,Cross,11,0,2,minus_y,plus_z,0.007294048346719428,0.029260940289510318,0.02196689194279089,0.0,-1.0,0.029213116365939373,0.007294048346719428,0.029260940289510318,0.48715832829475403,0.621298611164093,0.4524211883544922
ray_gpis_novelty_only,Cross,11,0,3,plus_z,minus_x,0.08639135485834992,0.1015412765603545,0.015149921702004576,0.0,-0.5,0.1015412765603545,0.10115523147105343,0.08639135485834992,0.23228226602077484,0.21717138588428497,0.23761653900146484
ray_gpis_novelty_only,Cross,11,0,4,plus_z,minus_x,0.0183900466743101,0.07359999315423937,0.05520994647992927,0.0,-1.0,0.07359999315423937,0.0433612762640222,0.0183900466743101,0.22114038467407227,0.2245141863822937,0.2245851308107376
ray_gpis_novelty_only,Cross,0,0,0,minus_x,minus_x,0.23602319612760114,0.23602319612760114,0.0,1.0,nan,0.23602319612760114,0.16157717541414712,0.14259066458847253,0.06447707861661911,0.06447707861661911,0.06447707861661911
ray_gpis_novelty_only,Cross,0,0,1,minus_x,minus_x,0.21599806372552133,0.21599806372552133,0.0,1.0,nan,0.21599806372552133,0.13675833673544058,0.10728178524410559,0.17871300876140594,0.17871300876140594,0.17871300876140594
ray_gpis_novelty_only,Cross,0,0,2,minus_x,minus_y,0.006390514197746722,0.024900530545367117,0.018510016347620395,0.0,0.5,0.006390514197746722,0.024900530545367117,-0.03491082140766155,0.3736670911312103,0.3705989420413971,0.22460173070430756
ray_gpis_novelty_only,Cross,0,0,3,minus_y,minus_y,0.0930074677729622,0.0930074677729622,0.0,1.0,1.0,0.06848166241504783,0.0930074677729622,0.04223253614074707,0.29101577401161194,0.31252580881118774,0.2871605455875397
ray_gpis_novelty_only,Cross,0,0,4,minus_x,minus_y,0.03115423250201299,0.05247477457350602,0.02132054207149303,0.0,0.5,0.03115423250201299,0.05247477457350602,0.029622128116016833,0.2168254554271698,0.21627800166606903,0.21481864154338837
ray_gpis_novelty_only,Bowl,8,0,0,minus_y,minus_x,0.03223412112793378,0.19574609678744948,0.1635119756595157,0.0,-0.5,0.19574609678744948,0.03223412112793378,0.09358216733191727,0.9050939679145813,0.937855064868927,0.5309199094772339
ray_gpis_novelty_only,Bowl,8,0,1,minus_y,minus_y,0.16216466761729842,0.16216466761729842,0.0,1.0,1.0,0.15686948644270615,0.16216466761729842,0.061275278837760516,0.8775520324707031,0.9908256530761719,0.43388059735298157
ray_gpis_novelty_only,Bowl,8,0,2,minus_y,minus_x,0.09265275277839224,0.17549887539615117,0.08284612261775892,0.0,0.5,0.17549887539615117,0.09265275277839224,0.019615749511436964,0.7823817133903503,0.9621755480766296,0.5121579170227051
ray_gpis_novelty_only,Bowl,8,0,3,minus_y,minus_x,0.04817704619526586,0.14119738100278,0.09302033480751415,0.0,-0.5,0.14119738100278,0.04817704619526586,0.01038751536920901,0.8357680439949036,0.9776029586791992,0.9503059387207031
ray_gpis_novelty_only,Bowl,8,0,4,plus_z,minus_y,0.03410059756511319,0.10062254878056254,0.06652195121544935,0.0,-0.5,0.07075538322728947,0.10062254878056254,0.03410059756511319,0.5908381938934326,0.7055660486221313,0.9808779358863831
ray_gpis_novelty_only,Bowl,13,0,0,minus_x,minus_x,0.30004341354798253,0.30004341354798253,0.0,1.0,1.0,0.30004341354798253,0.09724106233687357,0.27003790476914996,0.9389570355415344,0.5700478553771973,0.9314187169075012
ray_gpis_novelty_only,Bowl,13,0,1,plus_z,minus_y,0.06753705554248646,0.11739469787176615,0.049857642329279694,0.0,-0.5,0.11715451590402537,0.11739469787176615,0.06753705554248646,0.5907905101776123,0.8694464564323425,0.8946073651313782
ray_gpis_novelty_only,Bowl,13,0,2,plus_z,minus_x,0.08150755269563281,0.1706408348514029,0.0891332821557701,0.0,-0.5,0.1706408348514029,0.10965965716810211,0.08150755269563281,0.8187825083732605,0.6079819798469543,0.9396724700927734
ray_gpis_novelty_only,Bowl,13,0,3,plus_z,minus_x,0.018800189306755533,0.15734376914327408,0.13854357983651855,0.0,-1.0,0.15734376914327408,0.04300470055640537,0.018800189306755533,0.6834747791290283,0.9553931355476379,0.9726918339729309
ray_gpis_novelty_only,Bowl,13,0,4,plus_z,minus_y,0.021877969547528964,0.08564344083913933,0.06376547129161036,0.0,-0.5,0.035962723191188095,0.08564344083913933,0.021877969547528964,0.8445269465446472,0.974659264087677,0.9963495135307312
ray_gpis_novelty_only,Bowl,4,0,0,minus_x,minus_x,0.26186080190830824,0.26186080190830824,0.0,1.0,1.0,0.26186080190830824,0.1641170098779658,0.04250591276458271,0.9182000160217285,0.8789215087890625,0.7146897315979004
ray_gpis_novelty_only,Bowl,4,0,1,minus_x,minus_x,0.17853204615869955,0.17853204615869955,0.0,1.0,1.0,0.17853204615869955,0.17714839675507887,0.09892283509376099,0.9107819199562073,0.42897096276283264,0.3929038941860199
ray_gpis_novelty_only,Bowl,4,0,2,plus_z,plus_z,0.053867738236636487,0.053867738236636487,0.0,1.0,0.5,0.005668900051917114,0.02425147416040574,0.053867738236636487,0.45327264070510864,0.3960438072681427,0.8833314180374146
ray_gpis_novelty_only,Bowl,4,0,3,plus_z,minus_y,0.023396465668745536,0.023994475910716462,0.0005980102419709254,0.0,-0.5,0.003801376600825912,0.023994475910716462,0.023396465668745536,0.7178834080696106,0.7080900073051453,0.8645524978637695
ray_gpis_novelty_only,Bowl,4,0,4,plus_z,minus_x,-0.0013192242632209528,0.0062276873946119915,0.007546911657832944,0.0,-1.0,0.0062276873946119915,0.0029668607984070228,-0.0013192242632209528,0.3939681351184845,0.7680096626281738,0.8933034539222717
ray_gpis_novelty_only,Bowl,1,0,0,minus_x,minus_x,0.29195723717760985,0.29195723717760985,0.0,1.0,1.0,0.29195723717760985,0.15733323946467198,0.08217195109188519,0.9200407862663269,0.845900297164917,0.8432621955871582
ray_gpis_novelty_only,Bowl,1,0,1,plus_z,minus_x,0.030215647541730783,0.09719736529356549,0.0669817177518347,0.0,-1.0,0.09719736529356549,0.07370571380077617,0.030215647541730783,0.7647824883460999,0.8202458024024963,0.8865267634391785
ray_gpis_novelty_only,Bowl,1,0,2,plus_z,minus_x,0.0535598817180829,0.1285303860162209,0.07497050429813801,0.0,0.5,0.1285303860162209,0.045054189023048474,0.0535598817180829,0.7531103491783142,0.6352095603942871,0.9241213202476501
ray_gpis_novelty_only,Bowl,1,0,3,minus_x,minus_y,0.02550860798256349,0.09526748023006337,0.06975887224749988,0.0,-0.5,0.02550860798256349,0.09526748023006337,0.02503391972305602,0.9549440741539001,0.6509600281715393,0.9302148818969727
ray_gpis_novelty_only,Bowl,1,0,4,plus_z,minus_x,0.04164258188082315,0.11803719592658224,0.07639461404575909,0.0,-0.5,0.11803719592658224,0.06030549813639874,0.04164258188082315,0.9711850881576538,0.7652074694633484,0.9849622249603271
ray_gpis_novelty_only,Bowl,12,0,0,minus_x,minus_x,0.23095230279492385,0.23095230279492385,0.0,1.0,1.0,0.23095230279492385,0.20645022832684423,0.08531024847232399,0.9137873649597168,0.4933691918849945,0.38658463954925537
ray_gpis_novelty_only,Bowl,12,0,1,plus_z,minus_x,0.14790424140747693,0.1692635421231281,0.021359300715651175,0.0,0.5,0.1692635421231281,0.04521547598252473,0.14790424140747693,0.7610982656478882,0.3492966890335083,0.8540496826171875
ray_gpis_novelty_only,Bowl,12,0,2,plus_z,minus_x,0.04407158279417667,0.07157672191880338,0.02750513912462671,0.0,-1.0,0.07157672191880338,0.05364151741992307,0.04407158279417667,0.35601165890693665,0.7657175064086914,0.8600179553031921
ray_gpis_novelty_only,Bowl,12,0,3,plus_z,minus_x,0.021383503879518817,0.06942972218358923,0.04804621830407041,0.0,-1.0,0.06942972218358923,0.04641260161014782,0.021383503879518817,0.3918803632259369,0.88374263048172,0.9046877026557922
ray_gpis_novelty_only,Bowl,12,0,4,plus_z,minus_x,0.018749099662914825,0.06276464096620527,0.04401554130329044,0.0,-0.5,0.06276464096620527,0.022633249430016433,0.018749099662914825,0.458991676568985,0.2569030821323395,0.9294013977050781
ray_gpis_novelty_only,Bowl,7,0,0,plus_z,minus_x,0.17747886138402125,0.23952074729534056,0.06204188591131932,0.0,0.5,0.23952074729534056,0.1646325328553535,0.17747886138402125,0.8995112776756287,0.818509578704834,0.9576921463012695
ray_gpis_novelty_only,Bowl,7,0,1,plus_z,minus_x,0.037487037883172425,0.18116423595321707,0.14367719807004464,0.0,-1.0,0.18116423595321707,0.10197742872777482,0.037487037883172425,0.669834554195404,0.6857916116714478,0.9222931861877441
ray_gpis_novelty_only,Bowl,7,0,2,plus_z,minus_y,0.041363336201070355,0.09181514751114839,0.05045181131007803,0.0,-1.0,0.07369685628748157,0.09181514751114839,0.041363336201070355,0.8901643753051758,0.801369845867157,0.9918494820594788
ray_gpis_novelty_only,Bowl,7,0,3,plus_z,minus_y,0.01951937432002826,0.10104947902795935,0.0815301047079311,0.0,-1.0,0.09596686965816525,0.10104947902795935,0.01951937432002826,0.9833996891975403,0.9785863757133484,0.9953031539916992
ray_gpis_novelty_only,Bowl,7,0,4,minus_y,minus_x,0.03920390938707874,0.05190432512399412,0.012700415736915383,0.0,-0.5,0.05190432512399412,0.03920390938707874,-0.0012899949260215537,0.913328230381012,0.9975767731666565,0.9782075881958008
ray_gpis_novelty_only,Bowl,14,0,0,plus_z,minus_x,0.08526297162847496,0.1747502697276817,0.08948729809920675,0.0,-0.5,0.1747502697276817,0.16024770500928032,0.08526297162847496,0.783986508846283,0.5513211488723755,0.9376142621040344
ray_gpis_novelty_only,Bowl,14,0,1,plus_z,minus_x,0.036768369685095115,0.1030254105881735,0.06625704090307838,0.0,-0.5,0.1030254105881735,0.09783657366067644,0.036768369685095115,0.6627932190895081,0.6377718448638916,0.932278037071228
ray_gpis_novelty_only,Bowl,14,0,2,minus_y,minus_x,0.025659727941033883,0.10242266280876677,0.07676293486773289,0.0,-0.5,0.10242266280876677,0.025659727941033883,0.0036551861642564187,0.6720305681228638,0.9879153370857239,0.9786055684089661
ray_gpis_novelty_only,Bowl,14,0,3,plus_z,minus_y,0.004701925464452139,0.11015049306948266,0.10544856760503052,0.0,-1.0,0.07349111245454765,0.11015049306948266,0.004701925464452139,0.5300619602203369,0.5048102736473083,0.9844236373901367
ray_gpis_novelty_only,Bowl,14,0,4,plus_z,minus_x,0.011282004861185913,0.17897438104410435,0.16769237618291843,0.0,-1.0,0.17897438104410435,0.02768710130386476,0.011282004861185913,0.6500020623207092,0.8926167488098145,0.9954466819763184
ray_gpis_novelty_only,Bowl,2,0,0,minus_x,minus_y,0.14779582283526949,0.20548571750280098,0.057689894667531494,0.0,-0.5,0.14779582283526949,0.20548571750280098,0.15936349950818252,0.9084740877151489,0.6734607815742493,0.34602734446525574
ray_gpis_novelty_only,Bowl,2,0,1,minus_x,minus_x,0.18310014197484625,0.18310014197484625,0.0,1.0,1.0,0.18310014197484625,0.17991034134264394,0.09904745696144246,0.8458565473556519,0.47612786293029785,0.2184637039899826
ray_gpis_novelty_only,Bowl,2,0,2,minus_x,minus_x,0.031382398379024234,0.031382398379024234,0.0,1.0,0.5,0.031382398379024234,0.028362144031891412,-0.015373461114105869,0.8622829914093018,0.40895625948905945,0.8581544756889343
ray_gpis_novelty_only,Bowl,2,0,3,plus_z,plus_z,0.07577572302328728,0.07577572302328728,0.0,1.0,1.0,0.06235573515611037,0.0667691838736314,0.07577572302328728,0.39150357246398926,0.7748615145683289,0.8583620190620422
ray_gpis_novelty_only,Bowl,2,0,4,plus_z,minus_y,0.013290173134363092,0.048087560608556235,0.03479738747419314,0.0,-1.0,0.013396685511148476,0.048087560608556235,0.013290173134363092,0.8336368203163147,0.3897688388824463,0.8419429659843445
ray_gpis_novelty_only,Bowl,6,0,0,minus_x,minus_y,0.1920450061060618,0.21882031866438806,0.02677531255832627,0.0,nan,0.1920450061060618,0.21882031866438806,0.03139186493863422,0.11328723281621933,0.11328723281621933,0.11328723281621933
ray_gpis_novelty_only,Bowl,6,0,1,minus_x,minus_y,0.16192345730449786,0.22566911837890913,0.06374566107441126,0.0,0.5,0.16192345730449786,0.22566911837890913,0.09961287442434352,0.9813929200172424,0.9760029911994934,0.6499519348144531
ray_gpis_novelty_only,Bowl,6,0,2,minus_y,minus_y,0.04893348710425549,0.04893348710425549,0.0,1.0,1.0,0.018737076573737133,0.04893348710425549,-0.011367753760754273,0.8981086015701294,0.9533719420433044,0.6788418889045715
ray_gpis_novelty_only,Bowl,6,0,3,plus_z,minus_x,0.09919917123583455,0.1110835548089748,0.011884383573140256,0.0,-1.0,0.1110835548089748,0.10311857355687626,0.09919917123583455,0.6438959240913391,0.8674703240394592,0.8748722672462463
ray_gpis_novelty_only,Bowl,6,0,4,plus_z,plus_z,0.04561532705843552,0.04561532705843552,0.0,1.0,0.5,0.04391275710968612,0.037489362169565,0.04561532705843552,0.27107131481170654,0.8287292718887329,0.8627346158027649
ray_gpis_novelty_only,Bowl,3,0,0,plus_z,minus_x,0.15845884040363933,0.32077351976914004,0.1623146793655007,0.0,nan,0.32077351976914004,0.14820816877841925,0.15845884040363933,0.13506175577640533,0.13506175577640533,0.13506175577640533
ray_gpis_novelty_only,Bowl,3,0,1,minus_x,minus_x,0.22247307077331868,0.22247307077331868,0.0,1.0,1.0,0.22247307077331868,0.07745506689635973,0.05815069154327329,0.9534127116203308,0.8877151608467102,0.5141831040382385
ray_gpis_novelty_only,Bowl,3,0,2,minus_x,minus_x,0.17965296868283154,0.17965296868283154,0.0,1.0,1.0,0.17965296868283154,0.10771430461045228,0.08220213647510322,0.948590099811554,0.9376453161239624,0.6149721741676331
ray_gpis_novelty_only,Bowl,3,0,3,minus_y,minus_y,0.05167911585546947,0.05167911585546947,0.0,1.0,1.0,0.01494931888513773,0.05167911585546947,0.02996122593669681,0.5427852869033813,0.9458858966827393,0.6923401355743408
ray_gpis_novelty_only,Bowl,3,0,4,minus_y,plus_z,0.01926257278744603,0.030905744968536375,0.011643172181090344,0.0,0.5,0.011769744592143194,0.01926257278744603,0.030905744968536375,0.5114566683769226,0.9280096888542175,0.8959504961967468
ray_gpis_novelty_only,Bowl,9,0,0,minus_x,minus_x,0.2597724210157057,0.2597724210157057,0.0,1.0,0.5,0.2597724210157057,0.07864848511882905,0.042203157285327364,0.915329098701477,0.5879511833190918,0.6783626675605774
ray_gpis_novelty_only,Bowl,9,0,1,plus_z,minus_x,0.10700903897694913,0.12629233177479748,0.01928329279784835,0.0,-1.0,0.12629233177479748,0.12089426287105298,0.10700903897694913,0.6878305673599243,0.6947956085205078,0.8939558863639832
ray_gpis_novelty_only,Bowl,9,0,2,plus_z,minus_y,0.029427093320639974,0.05066933803300111,0.021242244712361136,0.0,-0.5,0.030184061821764585,0.05066933803300111,0.029427093320639974,0.44507041573524475,0.6018165349960327,0.915696918964386
ray_gpis_novelty_only,Bowl,9,0,3,plus_z,plus_z,0.08051344539515137,0.08051344539515137,0.0,1.0,1.0,0.020656326056938012,0.05416292396093192,0.08051344539515137,0.5040329694747925,0.5336264371871948,0.9566972851753235
ray_gpis_novelty_only,Bowl,9,0,4,plus_z,minus_x,0.0023352582747725448,0.03185727331615562,0.029522015041383076,0.0,-0.5,0.03185727331615562,0.025001121141272953,0.0023352582747725448,0.5645484924316406,0.48086491227149963,0.9115732312202454
ray_gpis_novelty_only,Bowl,10,0,0,plus_z,minus_x,0.10604492963344717,0.28409907202078677,0.1780541423873396,0.0,nan,0.28409907202078677,0.2775288541023433,0.10604492963344717,0.03302114084362984,0.03302114084362984,0.03302114084362984
ray_gpis_novelty_only,Bowl,10,0,1,plus_z,minus_y,0.05683336111535947,0.16624011061332578,0.1094067494979663,0.0,nan,0.14220577259853695,0.16624011061332578,0.05683336111535947,0.06730253249406815,0.06730253249406815,0.06730253249406815
ray_gpis_novelty_only,Bowl,10,0,2,minus_x,plus_z,0.21387765977388262,0.21875647098836015,0.00487881121447753,0.0,-0.5,0.21387765977388262,0.17324355427919658,0.21875647098836015,0.9997279644012451,0.9992285370826721,0.9739022254943848
ray_gpis_novelty_only,Bowl,10,0,3,plus_z,minus_x,0.07100530451537512,0.10586319391777332,0.0348578894023982,0.0,0.5,0.10586319391777332,0.022219879090479733,0.07100530451537512,0.805625855922699,0.8031947016716003,0.9670918583869934
ray_gpis_novelty_only,Bowl,10,0,4,plus_z,minus_y,0.05638475829875278,0.10071867591315531,0.04433391761440253,0.0,-1.0,0.07538725684699765,0.10071867591315531,0.05638475829875278,0.9463135600090027,0.855405867099762,0.9765830039978027
ray_gpis_novelty_only,Bowl,5,0,0,minus_x,minus_x,0.164921184260425,0.164921184260425,0.0,1.0,1.0,0.164921184260425,0.13831484979148762,0.10388318764852333,0.9192178845405579,0.681739866733551,0.2557412385940552
ray_gpis_novelty_only,Bowl,5,0,1,minus_x,minus_x,0.13974837186513422,0.13974837186513422,0.0,1.0,0.5,0.13974837186513422,0.024404388788030418,0.07066838556503685,0.9543655514717102,0.6108778715133667,0.5289930105209351
ray_gpis_novelty_only,Bowl,5,0,2,plus_z,minus_y,0.07918345988337538,0.08914874035723186,0.009965280473856475,0.0,-0.5,0.04376118096272952,0.08914874035723186,0.07918345988337538,0.4937973916530609,0.39845630526542664,0.91322261095047
ray_gpis_novelty_only,Bowl,5,0,3,minus_x,minus_x,0.05516426719046297,0.05516426719046297,0.0,1.0,0.5,0.05516426719046297,0.02685895123358817,0.014406132647762027,0.9190490245819092,0.5328330397605896,0.8984600305557251
ray_gpis_novelty_only,Bowl,5,0,4,minus_x,minus_y,0.019327030916800103,0.04169896079120072,0.02237192987440062,0.0,-1.0,0.019327030916800103,0.04169896079120072,0.03215595122626913,0.8797946572303772,0.4056191146373749,0.820163905620575
ray_gpis_novelty_only,Bowl,11,0,0,minus_x,minus_x,0.19576297317262364,0.19576297317262364,0.0,1.0,1.0,0.19576297317262364,0.18721073394909954,0.1389787494145745,0.9123266339302063,0.7056765556335449,0.5842053294181824
ray_gpis_novelty_only,Bowl,11,0,1,minus_y,minus_x,0.16387635975777104,0.19872276777390896,0.03484640801613792,0.0,-0.5,0.19872276777390896,0.16387635975777104,0.1244836511946984,0.743453323841095,0.9245632290840149,0.8989151120185852
ray_gpis_novelty_only,Bowl,11,0,2,plus_z,minus_x,0.04913535779270384,0.10331948158156457,0.05418412378886073,0.0,-0.5,0.10331948158156457,0.050773351021737745,0.04913535779270384,0.7452793717384338,0.4585295617580414,0.8654351234436035
ray_gpis_novelty_only,Bowl,11,0,3,minus_y,minus_y,0.046128053730988605,0.046128053730988605,0.0,1.0,0.5,0.025807672981094876,0.046128053730988605,0.031037529457670243,0.7247499227523804,0.8942163586616516,0.5249232053756714
ray_gpis_novelty_only,Bowl,11,0,4,plus_z,minus_y,0.016505536137956356,0.05519826341895884,0.03869272728100248,0.0,-1.0,0.036243891445058574,0.05519826341895884,0.016505536137956356,0.7399552464485168,0.4982612133026123,0.8887877464294434
ray_gpis_novelty_only,Bowl,0,0,0,minus_x,minus_x,0.2964142719550918,0.2964142719550918,0.0,1.0,nan,0.2964142719550918,0.17574940487151813,0.1239715316519786,0.19912482798099518,0.19912482798099518,0.19912482798099518
ray_gpis_novelty_only,Bowl,0,0,1,minus_x,minus_y,0.08880822159730228,0.09169795967184602,0.002889738074543735,0.0,0.5,0.08880822159730228,0.09169795967184602,0.06297600276086757,0.970313549041748,0.4369649887084961,0.2794492244720459
ray_gpis_novelty_only,Bowl,0,0,2,minus_x,minus_x,0.11040129615438132,0.11040129615438132,0.0,1.0,0.5,0.11040129615438132,0.04213538853930576,0.010714330415638407,0.9773769378662109,0.4094558656215668,0.7198432683944702
ray_gpis_novelty_only,Bowl,0,0,3,plus_z,plus_z,0.049993064091220174,0.049993064091220174,0.0,1.0,1.0,0.043546393841743525,0.020540640000979882,0.049993064091220174,0.5524677634239197,0.39569827914237976,0.93853360414505
ray_gpis_novelty_only,Bowl,0,0,4,minus_x,minus_y,0.009044032181335537,0.04853586799841747,0.03949183581708193,0.0,-1.0,0.009044032181335537,0.04853586799841747,0.03027932313396886,0.9547250866889954,0.7584304213523865,0.8876573443412781
ray_gpis_novelty_only,Cube,8,0,0,minus_y,minus_x,0.08830938386972242,0.23172755424714453,0.1434181703774221,0.0,nan,0.23172755424714453,0.08830938386972242,0.08023670757045104,0.18046747148036957,0.18046747148036957,0.18046747148036957
ray_gpis_novelty_only,Cube,8,0,1,minus_x,minus_x,0.2712223431423971,0.2712223431423971,0.0,1.0,1.0,0.2712223431423971,0.10262855850381458,0.03200695670030035,0.7871823906898499,0.5802783370018005,0.21746981143951416
ray_gpis_novelty_only,Cube,8,0,2,minus_x,minus_x,0.09430609947951829,0.09430609947951829,0.0,1.0,1.0,0.09430609947951829,0.04903957437246165,0.03188405237577108,0.8271484971046448,0.744507908821106,0.21613091230392456
ray_gpis_novelty_only,Cube,8,0,3,minus_x,minus_x,0.11159883685843053,0.11159883685843053,0.0,1.0,1.0,0.11159883685843053,0.053324456185617986,0.05500159028850293,0.7394984364509583,0.31502285599708557,0.5259900093078613
ray_gpis_novelty_only,Cube,8,0,4,minus_y,minus_x,0.011995624420663153,0.016992084026876908,0.0049964596062137545,0.0,-0.5,0.016992084026876908,0.011995624420663153,0.006943290633624755,0.21116578578948975,0.23386088013648987,0.21273764967918396
ray_gpis_novelty_only,Cube,13,0,0,minus_y,minus_y,0.18320221063221942,0.18320221063221942,0.0,1.0,nan,0.1304162118358923,0.18320221063221942,0.11018129950199784,0.21124179661273956,0.21124179661273956,0.21124179661273956
ray_gpis_novelty_only,Cube,13,0,1,minus_x,minus_x,0.15696168720286158,0.15696168720286158,0.0,1.0,0.5,0.15696168720286158,0.09542667253304188,0.11655136681974726,0.8558506369590759,0.7088073492050171,0.21503114700317383
ray_gpis_novelty_only,Cube,13,0,2,minus_y,minus_y,0.10213292686853803,0.10213292686853803,0.0,1.0,0.5,0.052050725603252634,0.10213292686853803,0.05982806431003862,0.8349974751472473,0.8400291800498962,0.3313619792461395
ray_gpis_novelty_only,Cube,13,0,3,minus_y,minus_x,0.040288757204307135,0.08428207843141666,0.04399332122710953,0.0,-0.5,0.08428207843141666,0.040288757204307135,0.06631216593230882,0.3187480866909027,0.34694403409957886,0.2967654764652252
ray_gpis_novelty_only,Cube,13,0,4,minus_y,minus_x,0.05728072854367361,0.07078543407530014,0.013504705531626526,0.0,0.5,0.07078543407530014,0.05728072854367361,0.031055305908918807,0.2863835394382477,0.29704418778419495,0.28624439239501953
ray_gpis_novelty_only,Cube,4,0,0,plus_z,minus_x,0.1589800047818828,0.34828932458047124,0.18930931979858845,0.0,nan,0.34828932458047124,0.22609639227199196,0.1589800047818828,0.04748796671628952,0.04748796671628952,0.04748796671628952
ray_gpis_novelty_only,Cube,4,0,1,minus_x,minus_y,0.043977907274182604,0.14144742763947327,0.09746952036529066,0.0,-0.5,0.043977907274182604,0.14144742763947327,0.08210667411754924,0.9378620386123657,0.7453117370605469,0.23164282739162445
ray_gpis_novelty_only,Cube,4,0,2,minus_x,minus_x,0.14224887759420246,0.14224887759420246,0.0,1.0,1.0,0.14224887759420246,0.13117207781733686,0.104110053483083,0.9865524768829346,0.6255885362625122,0.5831087231636047
ray_gpis_novelty_only,Cube,4,0,3,plus_z,minus_x,-0.0012993108067380632,0.1149471371857067,0.11624644799244477,0.0,-0.5,0.1149471371857067,0.020399750502205993,-0.0012993108067380632,0.8288216590881348,0.2821870446205139,0.8311031460762024
ray_gpis_novelty_only,Cube,4,0,4,minus_x,minus_x,0.12777851163423382,0.12777851163423382,0.0,1.0,1.0,0.12777851163423382,0.08865412247985072,0.035961863260376425,0.8242563009262085,0.7794833183288574,0.43478095531463623
ray_gpis_novelty_only,Cube,1,0,0,minus_x,minus_x,0.32764536095734703,0.32764536095734703,0.0,1.0,1.0,0.32764536095734703,0.09677066015162111,0.07612573942574002,0.8357934951782227,0.47454339265823364,0.21594099700450897
ray_gpis_novelty_only,Cube,1,0,1,minus_x,minus_x,0.07097610171781077,0.07097610171781077,0.0,1.0,0.5,0.07097610171781077,0.039954780729166695,0.05479391744603501,0.8329876065254211,0.3709353804588318,0.24221117794513702
ray_gpis_novelty_only,Cube,1,0,2,minus_x,minus_x,0.11867566591717205,0.11867566591717205,0.0,1.0,1.0,0.11867566591717205,0.09201870282175628,0.04281358379042588,0.8359107375144958,0.7687232494354248,0.28353843092918396
ray_gpis_novelty_only,Cube,1,0,3,minus_y,plus_z,0.02067096269638702,0.027413981843472657,0.006743019147085638,0.0,-0.5,0.023475534460649095,0.02067096269638702,0.027413981843472657,0.2151225209236145,0.24617981910705566,0.233895942568779
ray_gpis_novelty_only,Cube,1,0,4,plus_z,minus_x,0.01728510269056094,0.021378119218587788,0.004093016528026849,0.0,-0.5,0.021378119218587788,0.012434376526973101,0.01728510269056094,0.21429696679115295,0.21431779861450195,0.2146662026643753
ray_gpis_novelty_only,Cube,12,0,0,minus_x,minus_x,0.28171954927038856,0.28171954927038856,0.0,1.0,0.5,0.28171954927038856,0.09109508849966175,0.10728382832014732,0.8997556567192078,0.627120852470398,0.22880280017852783
ray_gpis_novelty_only,Cube,12,0,1,minus_x,minus_x,0.1574941888371163,0.1574941888371163,0.0,1.0,1.0,0.1574941888371163,0.015722188624864075,0.040044528150168124,0.8606643080711365,0.2733503580093384,0.5270689129829407
ray_gpis_novelty_only,Cube,12,0,2,minus_x,minus_x,0.06219442291510735,0.06219442291510735,0.0,1.0,0.5,0.06219442291510735,0.02683201418952308,0.024763655365008574,0.4841482639312744,0.23766949772834778,0.3764609396457672
ray_gpis_novelty_only,Cube,12,0,3,plus_z,plus_z,0.026507403165872745,0.026507403165872745,0.0,1.0,1.0,0.01174664112639634,0.014109361417250277,0.026507403165872745,0.2385580986738205,0.2410249263048172,0.3285115659236908
ray_gpis_novelty_only,Cube,12,0,4,minus_x,minus_x,0.04142207822359234,0.04142207822359234,0.0,1.0,1.0,0.04142207822359234,0.009345465652987772,0.01296189082284005,0.34777387976646423,0.24290116131305695,0.31802335381507874
ray_gpis_novelty_only,Cube,7,0,0,minus_y,minus_x,0.06523786018750011,0.23755274478933475,0.17231488460183464,0.0,nan,0.23755274478933475,0.06523786018750011,0.0878180709567074,0.21165679395198822,0.21165679395198822,0.21165679395198822
ray_gpis_novelty_only,Cube,7,0,1,minus_y,minus_y,0.17505145575546222,0.17505145575546222,0.0,1.0,1.0,0.16520867155417995,0.17505145575546222,0.07766915908454763,0.8064432144165039,0.8424739837646484,0.218590646982193
ray_gpis_novelty_only,Cube,7,0,2,minus_y,minus_x,0.028101104141737387,0.1349933468510709,0.10689224270933351,0.0,-0.5,0.1349933468510709,0.028101104141737387,0.048609522172397446,0.8211082220077515,0.8452035784721375,0.3387196958065033
ray_gpis_novelty_only,Cube,7,0,3,minus_y,minus_x,0.10943258035087833,0.16466686540648712,0.05523428505560879,0.0,0.5,0.16466686540648712,0.10943258035087833,0.08352020972564955,0.765888512134552,0.8703831434249878,0.3138273358345032
ray_gpis_novelty_only,Cube,7,0,4,minus_x,minus_x,0.10677207228467389,0.10677207228467389,0.0,1.0,1.0,0.10677207228467389,0.03100204637755244,0.007822372206533812,0.6924911737442017,0.3750877380371094,0.34919747710227966
ray_gpis_novelty_only,Cube,14,0,0,minus_x,minus_x,0.22608354142699133,0.22608354142699133,0.0,1.0,0.5,0.22608354142699133,0.050881874364644364,0.08572197455367464,0.7103717923164368,0.42735132575035095,0.21644850075244904
ray_gpis_novelty_only,Cube,14,0,1,minus_x,minus_x,0.15268256149052906,0.15268256149052906,0.0,1.0,0.5,0.15268256149052906,0.044301245655601895,0.06132932750794884,0.8009533882141113,0.32244187593460083,0.21444332599639893
ray_gpis_novelty_only,Cube,14,0,2,minus_x,plus_z,0.033575479178372,0.06022755261577295,0.026652073437400947,0.0,-0.5,0.033575479178372,0.03875883170445382,0.06022755261577295,0.29137125611305237,0.2574020028114319,0.29042699933052063
ray_gpis_novelty_only,Cube,14,0,3,minus_x,minus_x,0.03488625208460949,0.03488625208460949,0.0,1.0,1.0,0.03488625208460949,0.013387805297127353,0.008857484355867529,0.28011950850486755,0.21657924354076385,0.21345281600952148
ray_gpis_novelty_only,Cube,14,0,4,minus_x,minus_y,0.038793807007037606,0.054836739866001794,0.016042932858964187,0.0,0.5,0.038793807007037606,0.054836739866001794,0.02421212027022801,0.215641587972641,0.21513240039348602,0.21403641998767853
ray_gpis_novelty_only,Cube,2,0,0,plus_z,plus_z,0.17726038444478837,0.17726038444478837,0.0,1.0,nan,0.13181078863680634,0.11390568413700619,0.17726038444478837,0.20213627815246582,0.20213627815246582,0.20213627815246582
ray_gpis_novelty_only,Cube,2,0,1,minus_x,minus_x,0.09885285736827576,0.09885285736827576,0.0,1.0,nan,0.09885285736827576,-0.004854970725391317,0.0045020307558130135,0.15748794376850128,0.15748794376850128,0.15748794376850128
ray_gpis_novelty_only,Cube,2,0,2,minus_x,plus_z,0.113334367140699,0.1437972349318244,0.030462867791125392,0.0,0.5,0.113334367140699,0.10846767150342351,0.1437972349318244,0.832874596118927,0.34155941009521484,0.5202085375785828
ray_gpis_novelty_only,Cube,2,0,3,plus_z,minus_y,0.04806632568495017,0.09252351356480781,0.04445718787985764,0.0,-1.0,0.09187769433221116,0.09252351356480781,0.04806632568495017,0.3345337510108948,0.27769580483436584,0.34987202286720276
ray_gpis_novelty_only,Cube,2,0,4,minus_y,minus_x,0.03561861493359042,0.055515961886181464,0.019897346952591044,0.0,-0.5,0.055515961886181464,0.03561861493359042,0.044033236499843365,0.34930357336997986,0.37649232149124146,0.3146163523197174
ray_gpis_novelty_only,Cube,6,0,0,minus_x,minus_x,0.15945031479185856,0.15945031479185856,0.0,1.0,1.0,0.15945031479185856,0.09458668891011268,0.038143723051602074,0.9174493551254272,0.7018398642539978,0.32341814041137695
ray_gpis_novelty_only,Cube,6,0,1,minus_x,minus_x,0.12282392837975264,0.12282392837975264,0.0,1.0,1.0,0.12282392837975264,0.03970805751784967,0.04595901208779685,0.7928981781005859,0.23574908077716827,0.6344696879386902
ray_gpis_novelty_only,Cube,6,0,2,plus_z,plus_z,0.07919041172321906,0.07919041172321906,0.0,1.0,0.5,0.04211010844933638,0.008270018924990907,0.07919041172321906,0.5600927472114563,0.5956667065620422,0.7902287244796753
ray_gpis_novelty_only,Cube,6,0,3,plus_z,minus_x,0.010588667234445737,0.021250284863157498,0.010661617628711761,0.0,0.5,0.021250284863157498,0.010188308961834758,0.010588667234445737,0.31665927171707153,0.21561090648174286,0.31704938411712646
ray_gpis_novelty_only,Cube,6,0,4,minus_y,minus_y,0.0391169617640289,0.0391169617640289,0.0,1.0,1.0,0.028935771555525847,0.0391169617640289,0.01884687988131073,0.28788521885871887,0.30380165576934814,0.21473772823810577
ray_gpis_novelty_only,Cube,3,0,0,plus_z,minus_x,0.06897750212594267,0.28507325730123445,0.21609575517529178,0.0,nan,0.28507325730123445,0.1338997475363327,0.06897750212594267,0.15107297897338867,0.15107297897338867,0.15107297897338867
ray_gpis_novelty_only,Cube,3,0,1,minus_x,minus_x,0.25554800709569503,0.25554800709569503,0.0,1.0,1.0,0.25554800709569503,0.1572068421343118,0.019732131055152258,0.9532094597816467,0.6855385899543762,0.2735932469367981
ray_gpis_novelty_only,Cube,3,0,2,minus_x,minus_x,0.11728947816503388,0.11728947816503388,0.0,1.0,0.5,0.11728947816503388,0.058767694190607234,0.040675659277921494,0.8023524880409241,0.2477409541606903,0.30445870757102966
ray_gpis_novelty_only,Cube,3,0,3,minus_x,plus_z,-0.0023965916100480156,0.004794550601390335,0.0071911422114383505,0.0,0.5,-0.0023965916100480156,-0.03797432657128308,0.004794550601390335,0.38764721155166626,0.2177027463912964,0.22422899305820465
ray_gpis_novelty_only,Cube,3,0,4,minus_x,plus_z,0.017846986383016183,0.026264379688546002,0.008417393305529819,0.0,0.5,0.017846986383016183,0.010763186042967998,0.026264379688546002,0.25084689259529114,0.21220742166042328,0.21520066261291504
ray_gpis_novelty_only,Cube,9,0,0,minus_y,minus_x,0.03946801439984188,0.21047765220868092,0.17100963780883904,0.0,nan,0.21047765220868092,0.03946801439984188,0.06908304997113496,0.2003697007894516,0.2003697007894516,0.2003697007894516
ray_gpis_novelty_only,Cube,9,0,1,minus_x,minus_x,0.06599670295429694,0.06599670295429694,0.0,1.0,1.0,0.06599670295429694,0.05426117996350022,-0.027348470065261143,0.8056584000587463,0.8036038279533386,0.215215265750885
ray_gpis_novelty_only,Cube,9,0,2,minus_y,minus_y,0.18437122053813315,0.18437122053813315,0.0,1.0,0.5,0.11012962800306081,0.18437122053813315,0.12568465540829832,0.8846127390861511,0.8873899579048157,0.5238388776779175
ray_gpis_novelty_only,Cube,9,0,3,minus_x,minus_x,0.050167670735497216,0.050167670735497216,0.0,1.0,1.0,0.050167670735497216,0.04929266450607872,0.035828473548921824,0.3523121774196625,0.2664582133293152,0.22636134922504425
ray_gpis_novelty_only,Cube,9,0,4,minus_x,minus_x,0.03664396469639597,0.03664396469639597,0.0,1.0,1.0,0.03664396469639597,0.026135260742889077,0.02628705017975308,0.26615673303604126,0.2138310670852661,0.2162577211856842
ray_gpis_novelty_only,Cube,10,0,0,minus_x,minus_x,0.21302634585203994,0.21302634585203994,0.0,1.0,1.0,0.21302634585203994,0.12092342095316855,0.09645396328533029,0.8840684294700623,0.5833584666252136,0.25894105434417725
ray_gpis_novelty_only,Cube,10,0,1,minus_x,minus_x,0.1695804246191832,0.1695804246191832,0.0,1.0,0.5,0.1695804246191832,0.0963647621538759,0.037416476921162456,0.870472252368927,0.461020290851593,0.5402252674102783
ray_gpis_novelty_only,Cube,10,0,2,minus_y,plus_z,0.03940335125143757,0.050574675429502336,0.011171324178064768,0.0,-1.0,0.03944962153007403,0.03940335125143757,0.050574675429502336,0.39557701349258423,0.4562240540981293,0.33925580978393555
ray_gpis_novelty_only,Cube,10,0,3,minus_y,plus_z,0.03189625904939586,0.053756498636201244,0.021860239586805386,0.0,-1.0,0.04102117721064824,0.03189625904939586,0.053756498636201244,0.34531792998313904,0.40746021270751953,0.33020147681236267
ray_gpis_novelty_only,Cube,10,0,4,minus_x,minus_x,0.03777287728542289,0.03777287728542289,0.0,1.0,0.5,0.03777287728542289,0.02089799645146251,0.027597260808437718,0.45660313963890076,0.4215938150882721,0.33873066306114197
ray_gpis_novelty_only,Cube,5,0,0,plus_z,minus_x,0.11659484365572964,0.12958231724873043,0.012987473593000787,0.0,nan,0.12958231724873043,0.11347526783154827,0.11659484365572964,0.05440894886851311,0.05440894886851311,0.05440894886851311
ray_gpis_novelty_only,Cube,5,0,1,plus_z,minus_x,0.10326306220621756,0.21444753112428033,0.11118446891806277,0.0,nan,0.21444753112428033,0.11523601753501606,0.10326306220621756,0.07171275466680527,0.07171275466680527,0.07171275466680527
ray_gpis_novelty_only,Cube,5,0,2,minus_x,minus_y,0.09720605586739983,0.1002717251690004,0.003065669301600571,0.0,-0.5,0.09720605586739983,0.1002717251690004,0.09726742013037692,0.9786326289176941,0.8751405477523804,0.3423512876033783
ray_gpis_novelty_only,Cube,5,0,3,minus_x,minus_x,0.11766803324754305,0.11766803324754305,0.0,1.0,0.5,0.11766803324754305,0.0009861182362418397,0.032327075030203156,0.981708824634552,0.38814234733581543,0.3017723858356476
ray_gpis_novelty_only,Cube,5,0,4,minus_x,minus_x,0.15928786632345793,0.15928786632345793,0.0,1.0,1.0,0.15928786632345793,0.040085501094128895,0.06234129146847811,0.8930522203445435,0.5185400247573853,0.7366582751274109
ray_gpis_novelty_only,Cube,11,0,0,minus_x,minus_x,0.2778215842154842,0.2778215842154842,0.0,1.0,0.5,0.2778215842154842,0.17372415858434598,0.17511694071416994,0.78557288646698,0.30234548449516296,0.21601279079914093
ray_gpis_novelty_only,Cube,11,0,1,minus_x,minus_x,0.09567288907745686,0.09567288907745686,0.0,1.0,0.5,0.09567288907745686,0.04418144332776175,0.070468222899006,0.790282130241394,0.5273081660270691,0.21714811027050018
ray_gpis_novelty_only,Cube,11,0,2,minus_x,minus_x,0.13638227477427267,0.13638227477427267,0.0,1.0,0.5,0.13638227477427267,0.06965838321012918,0.03922328576237599,0.7817652821540833,0.21712319552898407,0.2956570088863373
ray_gpis_novelty_only,Cube,11,0,3,minus_x,plus_z,-0.0026620314074514706,0.03866490037334713,0.041326931780798604,0.0,-0.5,-0.0026620314074514706,-0.0012341654949847847,0.03866490037334713,0.3126198947429657,0.21659035980701447,0.23248164355754852
ray_gpis_novelty_only,Cube,11,0,4,minus_x,minus_y,0.0037453538502941752,0.026379333879371636,0.02263398002907746,0.0,-1.0,0.0037453538502941752,0.026379333879371636,0.016242478965277085,0.3181920647621155,0.21970045566558838,0.29080939292907715
ray_gpis_novelty_only,Cube,0,0,0,minus_x,minus_x,0.34453419315154543,0.34453419315154543,0.0,1.0,nan,0.34453419315154543,0.2336496262881011,0.11151615815560667,0.007391101680696011,0.007391101680696011,0.007391101680696011
ray_gpis_novelty_only,Cube,0,0,1,minus_x,minus_x,0.21928640634601893,0.21928640634601893,0.0,1.0,0.5,0.21928640634601893,0.10353381879839818,0.12068203613276485,0.8946170806884766,0.3079755902290344,0.24419017136096954
ray_gpis_novelty_only,Cube,0,0,2,minus_x,minus_x,0.09045589590897285,0.09045589590897285,0.0,1.0,1.0,0.09045589590897285,0.07839798503621409,0.01078733205381699,0.4870281219482422,0.34332844614982605,0.21560244262218475
ray_gpis_novelty_only,Cube,0,0,3,minus_y,minus_y,0.04626660849402853,0.04626660849402853,0.0,1.0,1.0,0.017906060060015938,0.04626660849402853,0.007263153795178057,0.21686813235282898,0.26800912618637085,0.216854065656662
ray_gpis_novelty_only,Cube,0,0,4,plus_z,plus_z,0.023641800618874442,0.023641800618874442,0.0,1.0,0.5,0.019881998922979927,0.01719317349140137,0.023641800618874442,0.2119920551776886,0.21650631725788116,0.21671228110790253
ray_gpis_novelty_only,Thin_Irregular,8,0,0,minus_x,minus_x,0.26782490209581944,0.26782490209581944,0.0,1.0,0.5,0.26782490209581944,0.0529658662672588,0.1843280870101347,0.9801709055900574,0.6757807731628418,0.4310457706451416
ray_gpis_novelty_only,Thin_Irregular,8,0,1,minus_x,minus_x,0.13145758162463972,0.13145758162463972,0.0,1.0,1.0,0.13145758162463972,0.0737047488573529,0.04649253493326888,0.9382572174072266,0.8269052505493164,0.7887787818908691
ray_gpis_novelty_only,Thin_Irregular,8,0,2,minus_x,minus_y,0.06516474375270709,0.09767280146833379,0.032508057715626704,0.0,0.5,0.06516474375270709,0.09767280146833379,0.04491828278467824,0.8179942965507507,0.6137296557426453,0.30620715022087097
ray_gpis_novelty_only,Thin_Irregular,8,0,3,minus_x,minus_x,0.10359887871038342,0.10359887871038342,0.0,1.0,1.0,0.10359887871038342,0.017455171356506094,0.0075447233680209225,0.661991536617279,0.33789342641830444,0.23453658819198608
ray_gpis_novelty_only,Thin_Irregular,8,0,4,minus_y,minus_x,0.017393917584505147,0.04337574248528131,0.025981824900776163,0.0,-0.5,0.04337574248528131,0.017393917584505147,0.037692447421671105,0.31156229972839355,0.43084651231765747,0.23419706523418427
ray_gpis_novelty_only,Thin_Irregular,13,0,0,minus_x,minus_x,0.16780887190451121,0.16780887190451121,0.0,1.0,1.0,0.16780887190451121,0.06179222950905372,0.03141331029502359,0.9920231699943542,0.7012608647346497,0.2804528772830963
ray_gpis_novelty_only,Thin_Irregular,13,0,1,minus_x,plus_z,0.03749823255208362,0.040799387693435496,0.0033011551413518747,0.0,0.5,0.03749823255208362,0.0017965934036214826,0.040799387693435496,0.9157750606536865,0.2139078825712204,0.8386347889900208
ray_gpis_novelty_only,Thin_Irregular,13,0,2,minus_x,minus_x,0.14186547847328823,0.14186547847328823,0.0,1.0,1.0,0.14186547847328823,0.024708137749653747,0.06313531406394712,0.9269394874572754,0.41376858949661255,0.4301334321498871
ray_gpis_novelty_only,Thin_Irregular,13,0,3,minus_x,minus_x,0.05679455521336363,0.05679455521336363,0.0,1.0,1.0,0.05679455521336363,0.03054649315684077,0.05040693353545023,0.7553219795227051,0.5906259417533875,0.7294683456420898
ray_gpis_novelty_only,Thin_Irregular,13,0,4,minus_x,minus_y,0.0012327691093817483,0.024943756974450282,0.023710987865068534,0.0,-0.5,0.0012327691093817483,0.024943756974450282,0.006006880804082515,0.2868625521659851,0.27154749631881714,0.23513472080230713
ray_gpis_novelty_only,Thin_Irregular,4,0,0,minus_x,minus_y,0.23686452783787487,0.24205018671822914,0.005185658880354271,0.0,-0.5,0.23686452783787487,0.24205018671822914,0.22055487133808643,0.8865459561347961,0.35762396454811096,0.4475101828575134
ray_gpis_novelty_only,Thin_Irregular,4,0,1,minus_y,minus_x,0.11608385486205075,0.15767042139553167,0.04158656653348092,0.0,-0.5,0.15767042139553167,0.11608385486205075,0.1084978062938684,0.8543539047241211,0.941786527633667,0.8945701718330383
ray_gpis_novelty_only,Thin_Irregular,4,0,2,minus_x,minus_x,0.1462635286017817,0.1462635286017817,0.0,1.0,1.0,0.1462635286017817,0.04612356037725873,0.07577029575194383,0.8479280471801758,0.5399516224861145,0.548518717288971
ray_gpis_novelty_only,Thin_Irregular,4,0,3,minus_x,minus_x,0.07136290705670056,0.07136290705670056,0.0,1.0,0.5,0.07136290705670056,0.06730096917116735,0.04548049013144917,0.5828412175178528,0.3884139657020569,0.4100792706012726
ray_gpis_novelty_only,Thin_Irregular,4,0,4,minus_x,minus_y,0.013251668281686335,0.05947337036528033,0.046221702083593996,0.0,-0.5,0.013251668281686335,0.05947337036528033,0.019325782555968396,0.5601810216903687,0.5213047862052917,0.21296048164367676
ray_gpis_novelty_only,Thin_Irregular,1,0,0,minus_x,minus_x,0.1805670188134551,0.1805670188134551,0.0,1.0,1.0,0.1805670188134551,0.05675441643258711,0.045771652852527545,0.9783945679664612,0.8447746634483337,0.2937755584716797
ray_gpis_novelty_only,Thin_Irregular,1,0,1,minus_x,minus_x,0.22279728824100098,0.22279728824100098,0.0,1.0,1.0,0.22279728824100098,0.1151085301776712,0.051349605569179335,0.9814372658729553,0.8662363886833191,0.514001727104187
ray_gpis_novelty_only,Thin_Irregular,1,0,2,minus_x,minus_x,0.030662147713428678,0.030662147713428678,0.0,1.0,1.0,0.030662147713428678,0.006916339593190712,0.010463471888377152,0.37007561326026917,0.23924899101257324,0.3665759265422821
ray_gpis_novelty_only,Thin_Irregular,1,0,3,plus_z,minus_x,0.0162132218788702,0.028656526209836386,0.012443304330966187,0.0,0.5,0.028656526209836386,0.004273543474661579,0.0162132218788702,0.323496013879776,0.2679998576641083,0.3720599412918091
ray_gpis_novelty_only,Thin_Irregular,1,0,4,minus_x,minus_y,-0.011931133226381951,0.0005007037296197447,0.012431836956001696,0.0,-0.5,-0.011931133226381951,0.0005007037296197447,-0.0063206576592238495,0.37731724977493286,0.3280832767486572,0.20964506268501282
ray_gpis_novelty_only,Thin_Irregular,12,0,0,minus_x,minus_x,0.20491302364817682,0.20491302364817682,0.0,1.0,1.0,0.20491302364817682,0.18262876466850514,0.1031239032212064,0.9701999425888062,0.7336152791976929,0.21773461997509003
ray_gpis_novelty_only,Thin_Irregular,12,0,1,minus_x,minus_x,0.13028706999313633,0.13028706999313633,0.0,1.0,1.0,0.13028706999313633,0.10257274382613368,0.02078807685722006,0.9229549765586853,0.5265811681747437,0.25035300850868225
ray_gpis_novelty_only,Thin_Irregular,12,0,2,minus_x,minus_x,0.08936776209224806,0.08936776209224806,0.0,1.0,0.5,0.08936776209224806,0.07370159764717854,0.06583460457021417,0.8918337821960449,0.47656726837158203,0.7093372344970703
ray_gpis_novelty_only,Thin_Irregular,12,0,3,minus_y,minus_y,0.04637106065817098,0.04637106065817098,0.0,1.0,1.0,0.020910000144780727,0.04637106065817098,0.01740323664587995,0.48607921600341797,0.4904331564903259,0.3676142394542694
ray_gpis_novelty_only,Thin_Irregular,12,0,4,plus_z,minus_y,0.0195770753950818,0.046159307740220035,0.026582232345138235,0.0,-1.0,0.028689631290931716,0.046159307740220035,0.0195770753950818,0.3361581861972809,0.2897569239139557,0.3760978877544403
ray_gpis_novelty_only,Thin_Irregular,7,0,0,minus_x,minus_x,0.25470051114640896,0.25470051114640896,0.0,1.0,1.0,0.25470051114640896,0.14865778761005677,0.0457159269647931,0.9942522048950195,0.9338672161102295,0.7904791235923767
ray_gpis_novelty_only,Thin_Irregular,7,0,1,minus_x,minus_x,0.17322473426845109,0.17322473426845109,0.0,1.0,1.0,0.17322473426845109,0.12094870443858652,0.10488921797017903,0.9767425656318665,0.9540084004402161,0.2686692178249359
ray_gpis_novelty_only,Thin_Irregular,7,0,2,plus_z,plus_z,0.08060946357709231,0.08060946357709231,0.0,1.0,0.5,0.07618000307385275,0.06512860548634702,0.08060946357709231,0.37633952498435974,0.42233577370643616,0.4309018552303314
ray_gpis_novelty_only,Thin_Irregular,7,0,3,minus_x,minus_x,0.06896476912902405,0.06896476912902405,0.0,1.0,1.0,0.06896476912902405,0.04325639444191787,0.019672754926409186,0.5328382253646851,0.46174272894859314,0.2354472577571869
ray_gpis_novelty_only,Thin_Irregular,7,0,4,minus_x,minus_x,0.01984949352021137,0.01984949352021137,0.0,1.0,1.0,0.01984949352021137,0.016929406001847225,0.002409124538910956,0.21394458413124084,0.21148039400577545,0.20869438350200653
ray_gpis_novelty_only,Thin_Irregular,14,0,0,minus_x,minus_x,0.19843087186980757,0.19843087186980757,0.0,1.0,1.0,0.19843087186980757,0.1905903541484676,0.08074100473259849,0.9844709634780884,0.9037796854972839,0.7599777579307556
ray_gpis_novelty_only,Thin_Irregular,14,0,1,minus_x,minus_x,0.2340407589072791,0.2340407589072791,0.0,1.0,0.5,0.2340407589072791,0.10175995010822075,0.026184790428072702,0.99560546875,0.41398748755455017,0.4198627471923828
ray_gpis_novelty_only,Thin_Irregular,14,0,2,minus_x,minus_x,0.12985004549393242,0.12985004549393242,0.0,1.0,1.0,0.12985004549393242,0.07719263745590643,0.02478901178866677,0.9008464813232422,0.7146587371826172,0.36944863200187683
ray_gpis_novelty_only,Thin_Irregular,14,0,3,minus_y,minus_y,0.048163202810399874,0.048163202810399874,0.0,1.0,1.0,0.006502088262593353,0.048163202810399874,0.020186019723965054,0.3334300220012665,0.36419734358787537,0.3630540370941162
ray_gpis_novelty_only,Thin_Irregular,14,0,4,minus_x,minus_y,0.01103521923813866,0.014679983405704644,0.0036447641675659836,0.0,0.5,0.01103521923813866,0.014679983405704644,0.004129501395166768,0.3677808940410614,0.3121987581253052,0.21456027030944824
ray_gpis_novelty_only,Thin_Irregular,2,0,0,plus_z,plus_z,0.24758895253665858,0.24758895253665858,0.0,1.0,nan,0.24516132109185806,0.2449164167116129,0.24758895253665858,0.045832227915525436,0.045832227915525436,0.045832227915525436
ray_gpis_novelty_only,Thin_Irregular,2,0,1,minus_x,minus_x,0.19487019603084,0.19487019603084,0.0,1.0,1.0,0.19487019603084,0.05422495996479482,0.029142970551526703,0.8910788893699646,0.7104601860046387,0.21751780807971954
ray_gpis_novelty_only,Thin_Irregular,2,0,2,minus_x,minus_x,0.18474785936418503,0.18474785936418503,0.0,1.0,0.5,0.18474785936418503,0.08702889820085424,0.07284011998029283,0.940650463104248,0.4555406868457794,0.6417549252510071
ray_gpis_novelty_only,Thin_Irregular,2,0,3,minus_x,plus_z,-0.013064185844838372,0.010145865793742437,0.02321005163858081,0.0,0.5,-0.013064185844838372,-0.037901680799693804,0.010145865793742437,0.6147311329841614,0.21699859201908112,0.38338541984558105
ray_gpis_novelty_only,Thin_Irregular,2,0,4,plus_z,minus_y,0.015984691415544816,0.025508311343835577,0.00952361992829076,0.0,0.5,0.007292966741278328,0.025508311343835577,0.015984691415544816,0.28737571835517883,0.3728734850883484,0.3752760589122772
ray_gpis_novelty_only,Thin_Irregular,6,0,0,minus_x,minus_x,0.19018361134450157,0.19018361134450157,0.0,1.0,1.0,0.19018361134450157,0.13607688017811004,0.04256075005833915,0.9215312004089355,0.6535208225250244,0.37558993697166443
ray_gpis_novelty_only,Thin_Irregular,6,0,1,minus_x,minus_x,0.15983037772662323,0.15983037772662323,0.0,1.0,1.0,0.15983037772662323,0.03051204094780602,0.015315498813704642,0.9762697815895081,0.8912693858146667,0.779754638671875
ray_gpis_novelty_only,Thin_Irregular,6,0,2,minus_x,plus_z,0.02888369891950593,0.074795507409534,0.04591180849002807,0.0,-0.5,0.02888369891950593,0.056535244834464815,0.074795507409534,0.7860046029090881,0.2739971876144409,0.6483576893806458
ray_gpis_novelty_only,Thin_Irregular,6,0,3,minus_x,minus_y,0.02740513023121649,0.05162700768883133,0.024221877457614838,0.0,-0.5,0.02740513023121649,0.05162700768883133,0.009701951985324864,0.4158504605293274,0.2719297707080841,0.3699130713939667
ray_gpis_novelty_only,Thin_Irregular,6,0,4,minus_x,minus_x,0.05128002275422738,0.05128002275422738,0.0,1.0,0.5,0.05128002275422738,0.04285644875106531,0.012487773480460373,0.35572099685668945,0.21232743561267853,0.2425631880760193
ray_gpis_novelty_only,Thin_Irregular,3,0,0,minus_x,minus_x,0.21692283410661195,0.21692283410661195,0.0,1.0,1.0,0.21692283410661195,0.17476678060543555,0.10972717013655237,0.97836834192276,0.7901818156242371,0.6975747346878052
ray_gpis_novelty_only,Thin_Irregular,3,0,1,minus_x,minus_x,0.1789115218747187,0.1789115218747187,0.0,1.0,1.0,0.1789115218747187,0.11422864456280934,0.029603391726298556,0.9884461760520935,0.3776366412639618,0.3354910910129547
ray_gpis_novelty_only,Thin_Irregular,3,0,2,minus_x,minus_x,0.11910244523312352,0.11910244523312352,0.0,1.0,0.5,0.11910244523312352,0.0965994193243549,0.09453580820926566,0.9056445956230164,0.48323845863342285,0.5070628523826599
ray_gpis_novelty_only,Thin_Irregular,3,0,3,minus_y,minus_x,0.022878344348153945,0.04918813275772571,0.026309788409571766,0.0,-0.5,0.04918813275772571,0.022878344348153945,0.044686634293796934,0.2842751145362854,0.31528332829475403,0.22965951263904572
ray_gpis_novelty_only,Thin_Irregular,3,0,4,minus_y,minus_y,0.06485903810698435,0.06485903810698435,0.0,1.0,1.0,0.026811937797467156,0.06485903810698435,0.052460540389675736,0.2209780216217041,0.31790223717689514,0.2524247169494629
ray_gpis_novelty_only,Thin_Irregular,9,0,0,minus_y,plus_z,0.23235693790947612,0.3420216610942787,0.10966472318480255,0.0,nan,0.29302032741675643,0.23235693790947612,0.3420216610942787,0.014348831959068775,0.014348831959068775,0.014348831959068775
ray_gpis_novelty_only,Thin_Irregular,9,0,1,minus_x,minus_x,0.22238140726245959,0.22238140726245959,0.0,1.0,1.0,0.22238140726245959,0.2216005384468256,0.07093698117193253,0.9946225881576538,0.9133352637290955,0.235141322016716
ray_gpis_novelty_only,Thin_Irregular,9,0,2,minus_x,minus_x,0.0789377165735925,0.0789377165735925,0.0,1.0,1.0,0.0789377165735925,0.053906275936666415,0.053510705757703114,0.9837148189544678,0.9690434336662292,0.4388538897037506
ray_gpis_novelty_only,Thin_Irregular,9,0,3,minus_x,minus_x,0.09204388368924477,0.09204388368924477,0.0,1.0,1.0,0.09204388368924477,0.02181106997057425,-0.013488560538179373,0.982901930809021,0.953178882598877,0.21304483711719513
ray_gpis_novelty_only,Thin_Irregular,9,0,4,plus_z,plus_z,0.08033339124022854,0.08033339124022854,0.0,1.0,0.5,0.05269783250368798,0.06697512759833057,0.08033339124022854,0.49410635232925415,0.4841589331626892,0.5484184622764587
ray_gpis_novelty_only,Thin_Irregular,10,0,0,minus_x,minus_y,-0.012460671647169796,0.006707638305987196,0.019168309953156992,0.0,-0.5,-0.012460671647169796,0.006707638305987196,0.005195635313259339,0.9834124445915222,0.9381101727485657,0.24716968834400177
ray_gpis_novelty_only,Thin_Irregular,10,0,1,minus_x,minus_x,0.19437876503450696,0.19437876503450696,0.0,1.0,0.5,0.19437876503450696,0.17509502641221003,0.18350918880938222,0.8660449981689453,0.7032021880149841,0.2294902354478836
ray_gpis_novelty_only,Thin_Irregular,10,0,2,minus_y,minus_x,0.02617928374632794,0.052434619822376516,0.026255336076048574,0.0,0.5,0.052434619822376516,0.02617928374632794,0.020044249252525237,0.5861444473266602,0.6721698045730591,0.5361472368240356
ray_gpis_novelty_only,Thin_Irregular,10,0,3,minus_x,plus_z,0.03450765141395851,0.08600836880242069,0.05150071738846218,0.0,-0.5,0.03450765141395851,0.07784940897945747,0.08600836880242069,0.6283481121063232,0.2147872895002365,0.32498717308044434
ray_gpis_novelty_only,Thin_Irregular,10,0,4,plus_z,plus_z,0.08696560037176759,0.08696560037176759,0.0,1.0,0.5,0.07471326982999471,0.08608977710107157,0.08696560037176759,0.3928805887699127,0.27034029364585876,0.624695897102356
ray_gpis_novelty_only,Thin_Irregular,5,0,0,minus_x,minus_x,0.19147563438574394,0.19147563438574394,0.0,1.0,1.0,0.19147563438574394,0.15226254180971416,0.010211636940811453,0.9792167544364929,0.9218863844871521,0.24871163070201874
ray_gpis_novelty_only,Thin_Irregular,5,0,1,minus_x,minus_x,0.19456178430625215,0.19456178430625215,0.0,1.0,1.0,0.19456178430625215,0.09763233448124853,0.060178640542882134,0.9880939722061157,0.9586936831474304,0.27051350474357605
ray_gpis_novelty_only,Thin_Irregular,5,0,2,plus_z,minus_y,0.01579904411152,0.03875250178309875,0.022953457671578748,0.0,-0.5,0.02286954916809314,0.03875250178309875,0.01579904411152,0.29653215408325195,0.29970547556877136,0.3910323679447174
ray_gpis_novelty_only,Thin_Irregular,5,0,3,minus_x,minus_x,0.03851392825112765,0.03851392825112765,0.0,1.0,0.5,0.03851392825112765,0.024290610450713235,0.03405638682631962,0.4098982810974121,0.3518552780151367,0.29921191930770874
ray_gpis_novelty_only,Thin_Irregular,5,0,4,minus_x,plus_z,0.02392852824252134,0.02675920865170056,0.0028306804091792204,0.0,-0.5,0.02392852824252134,0.025090648172969243,0.02675920865170056,0.3090575635433197,0.2159392386674881,0.2412748634815216
ray_gpis_novelty_only,Thin_Irregular,11,0,0,minus_x,minus_x,0.19953950472967374,0.19953950472967374,0.0,1.0,1.0,0.19953950472967374,0.1799225982889714,0.1134177880908171,0.9705221652984619,0.8521072268486023,0.25691214203834534
ray_gpis_novelty_only,Thin_Irregular,11,0,1,minus_x,minus_x,0.13409158682454225,0.13409158682454225,0.0,1.0,1.0,0.13409158682454225,0.12762959825276843,0.03119444102858926,0.9864845275878906,0.9566081166267395,0.2526032626628876
ray_gpis_novelty_only,Thin_Irregular,11,0,2,minus_x,minus_x,0.125394315339466,0.125394315339466,0.0,1.0,1.0,0.125394315339466,0.04006477203372061,0.09357557948728368,0.9463889002799988,0.47385260462760925,0.5264922976493835
ray_gpis_novelty_only,Thin_Irregular,11,0,3,plus_z,minus_x,0.01692473823250218,0.05253417938123417,0.03560944114873199,0.0,-0.5,0.05253417938123417,0.04894043324993047,0.01692473823250218,0.4421457350254059,0.2873462438583374,0.4564230442047119
ray_gpis_novelty_only,Thin_Irregular,11,0,4,minus_x,minus_x,0.05771135706432484,0.05771135706432484,0.0,1.0,1.0,0.05771135706432484,0.04735575198694064,0.04882390902607969,0.46522432565689087,0.21283559501171112,0.3721899390220642
ray_gpis_novelty_only,Thin_Irregular,0,0,0,minus_x,minus_x,0.30566719491393396,0.30566719491393396,0.0,1.0,1.0,0.30566719491393396,0.19695183073301142,0.09690713200986828,0.9925519824028015,0.7423064112663269,0.6286030411720276
ray_gpis_novelty_only,Thin_Irregular,0,0,1,minus_x,minus_x,0.23085918220161328,0.23085918220161328,0.0,1.0,1.0,0.23085918220161328,0.0283342783385101,0.03081139770916752,0.944354236125946,0.24813205003738403,0.4878127872943878
ray_gpis_novelty_only,Thin_Irregular,0,0,2,minus_x,minus_x,0.05970045727243778,0.05970045727243778,0.0,1.0,0.5,0.05970045727243778,0.02370785843793055,0.011261309682125908,0.8351149559020996,0.21547932922840118,0.3923780024051666
ray_gpis_novelty_only,Thin_Irregular,0,0,3,minus_x,minus_y,0.008327919521189275,0.009606506803232051,0.0012785872820427757,0.0,-0.5,0.008327919521189275,0.009606506803232051,0.006744182997098669,0.2795725166797638,0.21086485683918,0.2617805600166321
ray_gpis_novelty_only,Thin_Irregular,0,0,4,minus_x,minus_x,0.008946002881816018,0.008946002881816018,0.0,1.0,1.0,0.008946002881816018,0.005588419888039375,-0.0006670830419279739,0.28852468729019165,0.20961590111255646,0.2094895839691162
pose_novelty,green_Pepper,8,0,0,minus_x,minus_y,0.07035286518524803,0.28103170916146725,0.21067884397621922,0.0,-0.5,0.07035286518524803,0.28103170916146725,0.11464543095396129,1.8577183485031128,0.9731863737106323,0.03079339675605297
pose_novelty,green_Pepper,8,0,1,minus_x,minus_x,0.318013306932803,0.318013306932803,0.0,1.0,1.0,0.318013306932803,0.2531623783433408,0.16588763202435503,1.8584259748458862,0.9731886982917786,0.004837108310312033
pose_novelty,green_Pepper,8,0,2,minus_x,minus_x,0.1030755724768535,0.1030755724768535,0.0,1.0,0.5,0.1030755724768535,0.010833076572839606,0.03406748203052867,1.858421802520752,0.5394644737243652,0.005659854505211115
pose_novelty,green_Pepper,8,0,3,minus_x,minus_x,0.10928369704439689,0.10928369704439689,0.0,1.0,0.5,0.10928369704439689,0.0271073890795388,0.06467838044714103,1.3038413524627686,0.4003105163574219,0.0035500843077898026
pose_novelty,green_Pepper,8,0,4,minus_x,plus_z,-0.06544310599607672,-0.03490838199456747,0.03053472400150925,0.0,-1.0,-0.06544310599607672,-0.04990628837952482,-0.03490838199456747,0.7749761939048767,0.4824061989784241,0.003333934349939227
pose_novelty,green_Pepper,13,0,0,minus_x,minus_x,0.2617166216057381,0.2617166216057381,0.0,1.0,1.0,0.2617166216057381,0.17209189656558893,0.05615393697143417,1.8584240674972534,0.9731922745704651,0.0037609499413520098
pose_novelty,green_Pepper,13,0,1,minus_x,minus_x,0.1825906917966521,0.1825906917966521,0.0,1.0,1.0,0.1825906917966521,0.14387374347584814,0.13088367631315,1.858425498008728,0.9731955528259277,0.001228289445862174
pose_novelty,green_Pepper,13,0,2,minus_y,minus_x,0.06749724363502829,0.08161527894308207,0.014118035308053778,0.0,0.5,0.08161527894308207,0.06749724363502829,0.022104677638431935,0.6301157474517822,0.9731841683387756,0.009595707058906555
pose_novelty,green_Pepper,13,0,3,minus_y,minus_x,-0.04999793703798272,-0.013432529354530542,0.03656540768345218,0.0,0.5,-0.013432529354530542,-0.04999793703798272,-0.06656725357696136,0.8370031714439392,0.9731857180595398,0.0061833420768380165
pose_novelty,green_Pepper,13,0,4,minus_y,minus_y,0.054785721134569254,0.054785721134569254,0.0,1.0,0.5,0.024548375028556668,0.054785721134569254,0.04071517481239628,0.9625711441040039,0.9729233980178833,0.06039900332689285
pose_novelty,green_Pepper,4,0,0,minus_x,minus_x,0.23513748297246262,0.23513748297246262,0.0,1.0,0.5,0.23513748297246262,0.05230825555710794,0.05888837582615264,1.8584175109863281,0.9731796979904175,0.00798631552606821
pose_novelty,green_Pepper,4,0,1,minus_x,minus_x,0.12454461127519123,0.12454461127519123,0.0,1.0,0.5,0.12454461127519123,0.054657013197292215,0.05912136613801222,1.8584226369857788,0.9731783866882324,0.007842740043997765
pose_novelty,green_Pepper,4,0,2,minus_x,minus_x,0.08873718028519473,0.08873718028519473,0.0,1.0,1.0,0.08873718028519473,0.02651906284747174,0.015080127610703986,1.52969491481781,0.9731727242469788,0.00915013812482357
pose_novelty,green_Pepper,4,0,3,minus_y,minus_x,0.00212042710473892,0.02765444071228751,0.02553401360754859,0.0,-0.5,0.02765444071228751,0.00212042710473892,0.005143765427664926,0.8959298133850098,0.9731910824775696,0.0042911097407341
pose_novelty,green_Pepper,4,0,4,minus_x,minus_x,0.027796177151787838,0.027796177151787838,0.0,1.0,1.0,0.027796177151787838,0.008705178681718384,0.00810791533128763,0.8633322715759277,0.7417911887168884,0.01401684619486332
pose_novelty,green_Pepper,1,0,0,minus_x,minus_y,0.25706113980693596,0.329568641895539,0.07250750208860307,0.0,0.5,0.25706113980693596,0.329568641895539,0.23768975068372994,1.8584142923355103,0.9725347757339478,0.04672010987997055
pose_novelty,green_Pepper,1,0,1,minus_x,minus_x,0.23962854800344097,0.23962854800344097,0.0,1.0,1.0,0.23962854800344097,0.12123443545952611,0.10395359348642408,1.8584264516830444,0.9731950163841248,0.0014653039397671819
pose_novelty,green_Pepper,1,0,2,minus_y,minus_x,-0.026333818450376967,0.014148652646731485,0.04048247109710845,0.0,0.5,0.014148652646731485,-0.026333818450376967,-0.03159366688445808,0.5620953440666199,0.9731922149658203,0.005791396368294954
pose_novelty,green_Pepper,1,0,3,minus_y,minus_y,0.1355063912642167,0.1355063912642167,0.0,1.0,0.5,0.11354301557886592,0.1355063912642167,0.12434147587460276,0.9543584585189819,0.9726276397705078,0.04429687559604645
pose_novelty,green_Pepper,1,0,4,minus_x,plus_z,0.03583716098422096,0.07556024074606393,0.03972307976184297,0.0,-1.0,0.03583716098422096,0.04952130214865924,0.07556024074606393,1.038445234298706,0.9731734395027161,0.009269438683986664
pose_novelty,green_Pepper,12,0,0,minus_x,minus_x,0.1596827249421513,0.1596827249421513,0.0,1.0,1.0,0.1596827249421513,0.14676400926016075,0.02748856523354326,1.858392596244812,0.9731955528259277,0.006641581188887358
pose_novelty,green_Pepper,12,0,1,minus_x,minus_x,0.16811385689330138,0.16811385689330138,0.0,1.0,0.5,0.16811385689330138,0.0165434022272698,0.03136272471710677,1.8584164381027222,0.6447083950042725,0.003700247034430504
pose_novelty,green_Pepper,12,0,2,minus_x,minus_x,0.10023268415241993,0.10023268415241993,0.0,1.0,0.5,0.10023268415241993,0.007317020691949505,0.015727882723091446,1.4177486896514893,0.6768950819969177,0.007532132789492607
pose_novelty,green_Pepper,12,0,3,minus_x,minus_x,0.0679005156690704,0.0679005156690704,0.0,1.0,0.5,0.0679005156690704,0.008485004285884057,0.030440328435320074,1.0988435745239258,0.9582995176315308,0.001652194419875741
pose_novelty,green_Pepper,12,0,4,minus_y,minus_y,0.020704647042992796,0.020704647042992796,0.0,1.0,1.0,0.009956718905954065,0.020704647042992796,0.0036881575660041577,0.25580933690071106,0.9731950163841248,0.003997595515102148
pose_novelty,green_Pepper,7,0,0,minus_x,minus_x,0.23577449224143698,0.23577449224143698,0.0,1.0,1.0,0.23577449224143698,0.19902211536830228,0.1539245443494337,1.858401894569397,0.9731932282447815,0.006299792788922787
pose_novelty,green_Pepper,7,0,1,minus_x,minus_x,0.17091307542797618,0.17091307542797618,0.0,1.0,1.0,0.17091307542797618,0.127349433059451,0.03992988037428136,1.8584210872650146,0.9731720089912415,0.009192859753966331
pose_novelty,green_Pepper,7,0,2,minus_x,minus_y,0.026086852761513124,0.08005054842804393,0.05396369566653081,0.0,0.5,0.026086852761513124,0.08005054842804393,0.016421983213305458,1.8584225177764893,0.9731934666633606,0.0035091745667159557
pose_novelty,green_Pepper,7,0,3,minus_y,plus_z,0.03828948176866731,0.07536114454415888,0.037071662775491565,0.0,-1.0,0.07298828969899607,0.03828948176866731,0.07536114454415888,0.9571171998977661,0.9731951355934143,0.0015121479518711567
pose_novelty,green_Pepper,7,0,4,minus_x,minus_x,0.11701175159443644,0.11701175159443644,0.0,1.0,1.0,0.11701175159443644,0.10203377935406344,0.07519588615542727,1.036192774772644,0.973195493221283,0.0036636970471590757
pose_novelty,green_Pepper,14,0,0,minus_x,minus_x,0.3260183527885086,0.3260183527885086,0.0,1.0,1.0,0.3260183527885086,0.20405880075143495,0.11619915831830391,1.8584189414978027,0.973195493221283,0.003205052111297846
pose_novelty,green_Pepper,14,0,1,minus_x,minus_x,0.16104467900773634,0.16104467900773634,0.0,1.0,1.0,0.16104467900773634,0.09253635384421977,0.04133100147184099,1.8584246635437012,0.9731835722923279,0.006463416386395693
pose_novelty,green_Pepper,14,0,2,minus_y,minus_y,0.07007510400367789,0.07007510400367789,0.0,1.0,0.5,0.0540289941035178,0.07007510400367789,0.06010296071423582,0.1823103278875351,0.9731898903846741,0.0049119493924081326
pose_novelty,green_Pepper,14,0,3,minus_y,minus_x,0.023966945089119673,0.04343859330254207,0.0194716482134224,0.0,0.5,0.04343859330254207,0.023966945089119673,0.020909289145140342,0.5525031685829163,0.9731665849685669,0.012871026992797852
pose_novelty,green_Pepper,14,0,4,minus_y,minus_x,0.02128207845404373,0.028548400956529996,0.0072663225024862665,0.0,0.5,0.028548400956529996,0.02128207845404373,0.014901402554986176,0.636760413646698,0.973194420337677,0.0028668928425759077
pose_novelty,green_Pepper,2,0,0,minus_x,minus_y,0.16008881845642497,0.16798156812332543,0.007892749666900456,0.0,0.5,0.16008881845642497,0.16798156812332543,0.05209344394671728,1.8584237098693848,0.9731944799423218,0.0026969928294420242
pose_novelty,green_Pepper,2,0,1,minus_x,minus_x,0.10364042325796796,0.10364042325796796,0.0,1.0,1.0,0.10364042325796796,0.0712437429628534,0.05489921142360554,1.8584257364273071,0.9731628894805908,0.01040978729724884
pose_novelty,green_Pepper,2,0,2,minus_x,minus_x,0.052198651032483445,0.052198651032483445,0.0,1.0,1.0,0.052198651032483445,-0.021079975964613085,-0.024178827247822055,1.465078592300415,0.9731690287590027,0.009392738342285156
pose_novelty,green_Pepper,2,0,3,minus_y,minus_y,0.06278633096330688,0.06278633096330688,0.0,1.0,0.5,0.012632712278602298,0.06278633096330688,0.0560197411707819,0.30525514483451843,0.9730868339538574,0.01943763718008995
pose_novelty,green_Pepper,2,0,4,minus_x,minus_y,0.018571101082369812,0.024683291795861262,0.00611219071349145,0.0,0.5,0.018571101082369812,0.024683291795861262,0.01567093231288519,0.5460285544395447,0.0448809489607811,0.008061329834163189
pose_novelty,green_Pepper,6,0,0,minus_x,minus_y,0.23964220426211041,0.2398410440879541,0.00019883982584367743,0.0,0.5,0.23964220426211041,0.2398410440879541,0.1939254265337011,1.8584134578704834,0.9731906652450562,0.005760455038398504
pose_novelty,green_Pepper,6,0,1,minus_x,plus_z,-0.0059531804352837,0.04831286079234065,0.05426604122762435,0.0,-0.5,-0.0059531804352837,-0.025205249588734713,0.04831286079234065,1.8584229946136475,0.9731877446174622,0.005518621299415827
pose_novelty,green_Pepper,6,0,2,minus_x,minus_y,0.03966006223517815,0.15909607147036975,0.1194360092351916,0.0,-0.5,0.03966006223517815,0.15909607147036975,0.13652660464526112,1.644901990890503,0.9730384349822998,0.030165519565343857
pose_novelty,green_Pepper,6,0,3,minus_y,minus_y,0.05284392257375181,0.05284392257375181,0.0,1.0,1.0,0.05012405871315495,0.05284392257375181,0.0404505263976036,0.5796365141868591,0.6229197382926941,0.0054066115990281105
pose_novelty,green_Pepper,6,0,4,minus_x,minus_y,0.014763971259495245,0.07235346495162975,0.05758949369213451,0.0,0.5,0.014763971259495245,0.07235346495162975,0.008120818362183035,1.1027847528457642,0.7754843235015869,0.004525972064584494
pose_novelty,green_Pepper,3,0,0,minus_x,minus_x,0.2786280883108804,0.2786280883108804,0.0,1.0,1.0,0.2786280883108804,0.1315021334766837,0.032886511325928736,1.8583487272262573,0.9731955528259277,0.010056079365313053
pose_novelty,green_Pepper,3,0,1,minus_x,minus_x,0.17277625853681,0.17277625853681,0.0,1.0,1.0,0.17277625853681,0.02178829468371879,0.013834657318197219,1.8584200143814087,0.8063822388648987,0.0031650764867663383
pose_novelty,green_Pepper,3,0,2,minus_x,minus_x,0.06989688331438448,0.06989688331438448,0.0,1.0,0.5,0.06989688331438448,0.04232258126157207,0.04801059896792115,1.1448593139648438,0.973195493221283,0.004002854228019714
pose_novelty,green_Pepper,3,0,3,minus_y,minus_x,0.013340383941120804,0.016744325102390323,0.003403941161269519,0.0,0.5,0.016744325102390323,0.013340383941120804,-0.0023929927162520404,0.49585962295532227,0.7079766988754272,0.0052003078162670135
pose_novelty,green_Pepper,3,0,4,minus_y,minus_y,0.005814825252721367,0.005814825252721367,0.0,1.0,1.0,0.003784540025554839,0.005814825252721367,0.0019781999667563,0.7146023511886597,0.9731892943382263,0.004852761514484882
pose_novelty,green_Pepper,9,0,0,minus_x,minus_x,0.16880626285116995,0.16880626285116995,0.0,1.0,1.0,0.16880626285116995,0.0941563511861847,0.037150024374632384,1.858425498008728,0.9731955528259277,0.0012087163049727678
pose_novelty,green_Pepper,9,0,1,minus_x,minus_x,0.23623269326353635,0.23623269326353635,0.0,1.0,0.5,0.23623269326353635,0.10532254960118992,0.11564256579798626,1.8584259748458862,0.9731694459915161,0.009300757199525833
pose_novelty,green_Pepper,9,0,2,minus_y,minus_x,0.04235830680475727,0.05873622767825404,0.016377920873496765,0.0,0.5,0.05873622767825404,0.04235830680475727,0.027288512043701973,0.44088929891586304,0.973175585269928,0.008140118792653084
pose_novelty,green_Pepper,9,0,3,minus_y,minus_y,0.03680928679886075,0.03680928679886075,0.0,1.0,0.5,-0.01911735172695439,0.03680928679886075,0.014413226322425365,0.7007611393928528,0.9731699228286743,0.009212047792971134
pose_novelty,green_Pepper,9,0,4,minus_y,minus_x,0.009677480423209595,0.03186101944937536,0.022183539026165766,0.0,-0.5,0.03186101944937536,0.009677480423209595,0.014558794440624356,0.7774174809455872,0.9731094837188721,0.024053044617176056
pose_novelty,green_Pepper,10,0,0,minus_x,minus_x,0.22357662081348878,0.22357662081348878,0.0,1.0,1.0,0.22357662081348878,0.1720786326591675,0.06157855894192582,1.8584251403808594,0.9731956124305725,0.0013473514700308442
pose_novelty,green_Pepper,10,0,1,minus_x,minus_x,0.16491579903531894,0.16491579903531894,0.0,1.0,1.0,0.16491579903531894,0.06683947823418268,0.03498379263187279,1.8584256172180176,0.9731955528259277,0.0011812938610091805
pose_novelty,green_Pepper,10,0,2,minus_x,minus_x,0.08598170162525764,0.08598170162525764,0.0,1.0,1.0,0.08598170162525764,0.03884522394314438,0.02880490310881123,1.3575230836868286,0.9731921553611755,0.0034779710695147514
pose_novelty,green_Pepper,10,0,3,minus_x,minus_y,0.04707473992759825,0.05361922104208405,0.006544481114485801,0.0,0.5,0.04707473992759825,0.05361922104208405,0.01688957880528974,1.130386233329773,0.9731633067131042,0.011968442238867283
pose_novelty,green_Pepper,10,0,4,minus_x,minus_y,0.017832231804299714,0.030388223903229483,0.012555992098929769,0.0,-0.5,0.017832231804299714,0.030388223903229483,0.02007488681769165,0.7661302089691162,0.5452627539634705,0.005069878417998552
pose_novelty,green_Pepper,5,0,0,minus_x,minus_x,0.22277666382370043,0.22277666382370043,0.0,1.0,1.0,0.22277666382370043,0.18270437551968022,0.15098362494035378,1.8584214448928833,0.9731764197349548,0.008333280682563782
pose_novelty,green_Pepper,5,0,1,minus_x,minus_x,0.1762093677634503,0.1762093677634503,0.0,1.0,1.0,0.1762093677634503,0.11273653561062091,0.06519827778960963,1.8584250211715698,0.9731518030166626,0.012066446244716644
pose_novelty,green_Pepper,5,0,2,minus_y,minus_y,0.05967634824414614,0.05967634824414614,0.0,1.0,0.5,0.03180652766436254,0.05967634824414614,0.052280645831025985,0.787124752998352,0.973183274269104,0.010460120625793934
pose_novelty,green_Pepper,5,0,3,minus_y,minus_y,0.0874024963836576,0.0874024963836576,0.0,1.0,1.0,0.04839613248507568,0.0874024963836576,0.03329274111978775,0.6676793694496155,0.9731918573379517,0.009361381642520428
pose_novelty,green_Pepper,5,0,4,minus_x,minus_x,0.03564194703314816,0.03564194703314816,0.0,1.0,1.0,0.03564194703314816,0.013999816613787242,0.009187534031388278,0.9822185039520264,0.748550534248352,0.010100756771862507
pose_novelty,green_Pepper,11,0,0,minus_x,minus_x,0.20492290550146808,0.20492290550146808,0.0,1.0,0.5,0.20492290550146808,0.07200434298475455,0.12147307199456314,1.8584116697311401,0.9731921553611755,0.005530854221433401
pose_novelty,green_Pepper,11,0,1,minus_x,minus_x,0.22408317088260643,0.22408317088260643,0.0,1.0,1.0,0.22408317088260643,0.04349309804632584,0.03498150853275661,1.8584173917770386,0.9731940031051636,0.004134744871407747
pose_novelty,green_Pepper,11,0,2,minus_x,minus_x,0.11076365350274198,0.11076365350274198,0.0,1.0,0.5,0.11076365350274198,0.0307660920570344,0.04711406001915064,1.342900037765503,0.9731954336166382,0.0021478570997714996
pose_novelty,green_Pepper,11,0,3,minus_x,minus_x,0.06130284892983817,0.06130284892983817,0.0,1.0,1.0,0.06130284892983817,0.037474956322448794,0.02623993600535457,1.082891583442688,0.9731950759887695,0.0035930024459958076
pose_novelty,green_Pepper,11,0,4,minus_x,minus_x,0.028845300631837434,0.028845300631837434,0.0,1.0,1.0,0.028845300631837434,0.012795688704126396,0.0005179843512365112,0.8563333749771118,0.08575981855392456,0.0012176637537777424
pose_novelty,green_Pepper,0,0,0,minus_x,minus_x,0.18561329164454177,0.18561329164454177,0.0,1.0,1.0,0.18561329164454177,0.140703521075504,0.07089061492942683,1.8584240674972534,0.9731689095497131,0.009519298560917377
pose_novelty,green_Pepper,0,0,1,minus_x,minus_x,0.13333223214932322,0.13333223214932322,0.0,1.0,0.5,0.13333223214932322,0.03809838830113088,0.053203552346786975,1.8583835363388062,0.5112563967704773,0.008072929456830025
pose_novelty,green_Pepper,0,0,2,minus_x,minus_x,0.021303357223257602,0.021303357223257602,0.0,1.0,1.0,0.021303357223257602,0.010702096145370543,-0.00017674710394288695,1.8093472719192505,0.1490214765071869,0.0027947735507041216
pose_novelty,green_Pepper,0,0,3,minus_x,minus_x,0.03950585575003984,0.03950585575003984,0.0,1.0,0.5,0.03950585575003984,0.006951425495105301,0.0286476974699299,1.7268240451812744,0.17764729261398315,0.0077088079415261745
pose_novelty,green_Pepper,0,0,4,minus_x,minus_x,0.10491608986255652,0.10491608986255652,0.0,1.0,0.5,0.10491608986255652,0.0002106597975970459,0.0030929831565669197,1.2368905544281006,0.5215284824371338,0.0023967567831277847
pose_novelty,Corner,8,0,0,minus_x,minus_x,0.33693389386932954,0.33693389386932954,0.0,1.0,0.5,0.33693389386932954,0.032920720612966026,0.10817434727060204,1.8584212064743042,0.973193883895874,0.0035275572445243597
pose_novelty,Corner,8,0,1,minus_x,minus_x,0.10079363591075474,0.10079363591075474,0.0,1.0,0.5,0.10079363591075474,0.035451556763747005,0.051053270276716245,1.8584232330322266,0.9731929302215576,0.003600535448640585
pose_novelty,Corner,8,0,2,minus_y,minus_x,0.03278104640304624,0.058275461145791074,0.02549441474274483,0.0,-0.5,0.058275461145791074,0.03278104640304624,0.05348972576003708,0.6208194494247437,0.9731950759887695,0.009727014228701591
pose_novelty,Corner,8,0,3,minus_y,minus_x,0.004792061646816559,0.03886146872488405,0.03406940707806749,0.0,-0.5,0.03886146872488405,0.004792061646816559,0.014856936084242434,0.3869399428367615,0.8375241160392761,0.0017800001660361886
pose_novelty,Corner,8,0,4,minus_y,minus_x,0.01737748934042893,0.038922113289156623,0.021544623948727692,0.0,0.5,0.038922113289156623,0.01737748934042893,0.010309215910676905,0.589120626449585,0.9625123739242554,0.008724751882255077
pose_novelty,Corner,13,0,0,minus_x,minus_x,0.09036607343989056,0.09036607343989056,0.0,1.0,0.5,0.09036607343989056,0.06864860388236271,0.07123004042304615,1.858425259590149,0.9731844067573547,0.00618771044537425
pose_novelty,Corner,13,0,1,minus_x,minus_x,0.18298461264333366,0.18298461264333366,0.0,1.0,0.5,0.18298461264333366,0.032840085134760555,0.03422112567172697,1.8580045700073242,0.9729795455932617,0.035432714968919754
pose_novelty,Corner,13,0,2,minus_x,minus_x,0.22677566101092783,0.22677566101092783,0.0,1.0,1.0,0.22677566101092783,0.09393746515532009,0.053594357496411615,1.8584258556365967,0.9731955528259277,0.001087395939975977
pose_novelty,Corner,13,0,3,minus_y,minus_y,0.03574884387549915,0.03574884387549915,0.0,1.0,1.0,0.023355899138441272,0.03574884387549915,0.014079456505247667,0.5004962086677551,0.9731793403625488,0.008839298970997334
pose_novelty,Corner,13,0,4,minus_y,minus_x,0.008737871080607862,0.011130373919687298,0.0023925028390794356,0.0,0.5,0.011130373919687298,0.008737871080607862,0.004618982317551867,0.3133094608783722,0.7064085602760315,0.003109000390395522
pose_novelty,Corner,4,0,0,minus_x,minus_x,0.2717297666680889,0.2717297666680889,0.0,1.0,0.5,0.2717297666680889,0.16589650910635056,0.18849517154884576,1.8584251403808594,0.973195493221283,0.0014937414089217782
pose_novelty,Corner,4,0,1,minus_x,minus_x,0.10163857450918301,0.10163857450918301,0.0,1.0,1.0,0.10163857450918301,-0.001323434026865744,-0.006162240438865707,1.858426570892334,0.9731749892234802,0.008222023025155067
pose_novelty,Corner,4,0,2,minus_x,minus_x,0.10619271492783522,0.10619271492783522,0.0,1.0,1.0,0.10619271492783522,0.06991582858326895,0.06649051576589116,1.0271607637405396,0.9731827974319458,0.0068743666633963585
pose_novelty,Corner,4,0,3,minus_y,minus_y,-0.010571378549944388,-0.010571378549944388,0.0,1.0,1.0,-0.017973391723604126,-0.010571378549944388,-0.02083386427857392,0.6946877837181091,0.973195493221283,0.0015190960839390755
pose_novelty,Corner,4,0,4,minus_y,minus_y,0.026476778035448678,0.026476778035448678,0.0,1.0,1.0,0.009328286015762077,0.026476778035448678,0.006534164783361107,0.49029427766799927,0.9731796979904175,0.011913171969354153
pose_novelty,Corner,1,0,0,minus_x,minus_x,0.17474082146738107,0.17474082146738107,0.0,1.0,1.0,0.17474082146738107,0.06571582700766393,0.05066345897326113,1.8584202527999878,0.9731862545013428,0.006237884517759085
pose_novelty,Corner,1,0,1,minus_x,minus_x,0.10733980534557974,0.10733980534557974,0.0,1.0,0.5,0.10733980534557974,0.014495809493679679,0.0665785269218564,1.858415961265564,0.9731850624084473,0.006951666437089443
pose_novelty,Corner,1,0,2,minus_x,minus_x,0.05188191409580489,0.05188191409580489,0.0,1.0,1.0,0.05188191409580489,0.029228355320292776,0.018505069015832376,1.5979644060134888,0.41343358159065247,0.006630376446992159
pose_novelty,Corner,1,0,3,minus_x,minus_x,0.11103896816375847,0.11103896816375847,0.0,1.0,0.5,0.11103896816375847,0.0006038137364087204,0.0207379767746253,1.0998998880386353,0.694063127040863,0.005172036122530699
pose_novelty,Corner,1,0,4,minus_x,plus_z,0.014013866166204259,0.02470947997220052,0.010695613805996262,0.0,-0.5,0.014013866166204259,0.008970813660671428,0.02470947997220052,0.6245955228805542,0.48393672704696655,0.0042150868102908134
pose_novelty,Corner,12,0,0,minus_x,minus_x,0.07888561247559739,0.07888561247559739,0.0,1.0,1.0,0.07888561247559739,0.041178123030251534,0.0348143232712565,1.8583769798278809,0.9731778502464294,0.011066420003771782
pose_novelty,Corner,12,0,1,minus_x,minus_y,0.19277903737456958,0.23513508297913444,0.04235604560456485,0.0,0.5,0.19277903737456958,0.23513508297913444,0.12377477983118879,1.8582948446273804,0.9731859564781189,0.014222612604498863
pose_novelty,Corner,12,0,2,minus_x,minus_x,0.09852997057231616,0.09852997057231616,0.0,1.0,1.0,0.09852997057231616,0.06392594950464026,0.041152265829930146,1.3601796627044678,0.895343542098999,0.015724359080195427
pose_novelty,Corner,12,0,3,minus_y,minus_x,0.06220827123439665,0.08148033818479528,0.019272066950398625,0.0,-0.5,0.08148033818479528,0.06220827123439665,0.08029249024689444,0.5473622679710388,0.9731320738792419,0.018301406875252724
pose_novelty,Corner,12,0,4,minus_y,plus_z,0.03307470363861664,0.04595154053909434,0.012876836900477695,0.0,-0.5,0.03038042929883833,0.03307470363861664,0.04595154053909434,0.32643118500709534,0.45311057567596436,0.007296636700630188
pose_novelty,Corner,7,0,0,minus_x,minus_x,0.23046621274001017,0.23046621274001017,0.0,1.0,1.0,0.23046621274001017,0.06932189553699836,0.0616466968536476,1.8584257364273071,0.9731892347335815,0.004701919388025999
pose_novelty,Corner,7,0,1,minus_x,minus_x,0.09456283887359573,0.09456283887359573,0.0,1.0,1.0,0.09456283887359573,0.07906554278875955,0.04752111013321636,1.8584234714508057,0.9731920957565308,0.003945530857890844
pose_novelty,Corner,7,0,2,minus_x,minus_x,0.11010487636251953,0.11010487636251953,0.0,1.0,0.5,0.11010487636251953,0.015387770721415284,0.058815744109241175,1.134501338005066,0.973181426525116,0.0075406478717923164
pose_novelty,Corner,7,0,3,minus_y,minus_y,0.021050680070374583,0.021050680070374583,0.0,1.0,1.0,0.016069921686968747,0.021050680070374583,0.008622310016695334,0.8664151430130005,0.9731929302215576,0.010755258612334728
pose_novelty,Corner,7,0,4,minus_y,plus_z,0.0035993703566565838,0.006822054586140713,0.0032226842294841296,0.0,-0.5,0.003203216047459767,0.0035993703566565838,0.006822054586140713,0.8332630395889282,0.9731948971748352,0.0016456963494420052
pose_novelty,Corner,14,0,0,minus_x,minus_y,0.20319488946140746,0.2200544746463265,0.016859585184919035,0.0,0.5,0.20319488946140746,0.2200544746463265,0.10120056059370464,1.8583987951278687,0.9731860756874084,0.008196022361516953
pose_novelty,Corner,14,0,1,minus_x,minus_x,0.22568499904041195,0.22568499904041195,0.0,1.0,0.5,0.22568499904041195,0.044357235307331044,0.10445428756004238,1.8584260940551758,0.9644778966903687,0.005670555867254734
pose_novelty,Corner,14,0,2,minus_x,minus_x,0.14938129474771544,0.14938129474771544,0.0,1.0,1.0,0.14938129474771544,0.049504235982530176,0.04941563200534149,1.1496258974075317,0.9731936454772949,0.0028161313384771347
pose_novelty,Corner,14,0,3,minus_y,minus_y,0.020082683816805003,0.020082683816805003,0.0,1.0,0.5,0.007940461022213463,0.020082683816805003,0.00824976863615512,0.3540422022342682,0.9731951951980591,0.0011610230430960655
pose_novelty,Corner,14,0,4,minus_y,minus_y,0.009826550811984691,0.009826550811984691,0.0,1.0,1.0,0.00520084043033997,0.009826550811984691,0.0016331240501430422,0.7837702035903931,0.97319096326828,0.004791772924363613
pose_novelty,Corner,2,0,0,minus_x,minus_x,0.23789290654396328,0.23789290654396328,0.0,1.0,1.0,0.23789290654396328,0.21984526182591052,0.05408659571283825,1.85838782787323,0.9731926918029785,0.007734750397503376
pose_novelty,Corner,2,0,1,minus_x,minus_x,0.14157425945613988,0.14157425945613988,0.0,1.0,1.0,0.14157425945613988,0.08882373943325805,0.0514174796965321,1.8584154844284058,0.9731951951980591,0.003965307027101517
pose_novelty,Corner,2,0,2,minus_x,minus_x,0.13906228722705993,0.13906228722705993,0.0,1.0,0.5,0.13906228722705993,0.007613044288354298,0.043934640868404595,1.8583836555480957,0.9731294512748718,0.016509488224983215
pose_novelty,Corner,2,0,3,minus_y,plus_z,0.016507611435686353,0.03049600838280664,0.013988396947120285,0.0,-1.0,0.017228114806940642,0.016507611435686353,0.03049600838280664,0.8242768049240112,0.9731798768043518,0.008690275251865387
pose_novelty,Corner,2,0,4,minus_x,minus_x,0.03217634461875274,0.03217634461875274,0.0,1.0,0.5,0.03217634461875274,0.004429954125227731,0.010453788147280152,0.977643609046936,0.5583030581474304,0.0073308637365698814
pose_novelty,Corner,6,0,0,minus_x,minus_x,0.16485164790487794,0.16485164790487794,0.0,1.0,1.0,0.16485164790487794,0.10461277829281501,0.07859697161817358,1.858422040939331,0.9731909036636353,0.004624157678335905
pose_novelty,Corner,6,0,1,minus_x,minus_x,0.11548945504486674,0.11548945504486674,0.0,1.0,1.0,0.11548945504486674,0.11417298414505173,0.06256135262705576,1.858359932899475,0.9731892943382263,0.010344494134187698
pose_novelty,Corner,6,0,2,minus_x,minus_y,0.020214888284750487,0.10891311935519177,0.08869823107044128,0.0,-0.5,0.020214888284750487,0.10891311935519177,0.0911745110238179,1.1120942831039429,0.9731941819190979,0.01230485737323761
pose_novelty,Corner,6,0,3,minus_y,minus_y,0.11131410605931602,0.11131410605931602,0.0,1.0,1.0,0.045131514678644735,0.11131410605931602,0.01231298769276512,0.832396388053894,0.9731900095939636,0.0068853083066642284
pose_novelty,Corner,6,0,4,minus_y,minus_x,0.013087926422741814,0.01309489718218515,6.970759443336583e-06,0.0,0.5,0.01309489718218515,0.013087926422741814,0.008213318966028171,0.829134464263916,0.9731802940368652,0.0071287816390395164
pose_novelty,Corner,3,0,0,minus_x,minus_x,0.2421758340595096,0.2421758340595096,0.0,1.0,1.0,0.2421758340595096,0.13038603728095433,0.09049340733466993,1.8584258556365967,0.9731955528259277,0.0010838721645995975
pose_novelty,Corner,3,0,1,minus_x,minus_x,0.1882354271185781,0.1882354271185781,0.0,1.0,1.0,0.1882354271185781,0.07549127356774166,0.056069935970174956,1.8584198951721191,0.9731944799423218,0.003506691427901387
pose_novelty,Corner,3,0,2,minus_y,minus_y,-0.06535156151099863,-0.06535156151099863,0.0,1.0,1.0,-0.06748955633232345,-0.06535156151099863,-0.08202409181419945,0.1668212115764618,0.9731842279434204,0.0061093405820429325
pose_novelty,Corner,3,0,3,minus_y,minus_x,0.017821041314134978,0.03390987649735677,0.016088835183221795,0.0,0.5,0.03390987649735677,0.017821041314134978,0.014592600793925659,0.13631901144981384,0.7691681385040283,0.07063151150941849
pose_novelty,Corner,3,0,4,minus_y,minus_y,0.053162689476043856,0.053162689476043856,0.0,1.0,0.5,0.030907384187074616,0.053162689476043856,0.03324085664956067,0.42361223697662354,0.754036545753479,0.001829584944061935
pose_novelty,Corner,9,0,0,minus_x,minus_x,0.17222460954171792,0.17222460954171792,0.0,1.0,1.0,0.17222460954171792,0.09132421018003156,0.05230801835362142,1.8583984375,0.9731912016868591,0.007138177286833525
pose_novelty,Corner,9,0,1,minus_x,minus_x,0.12080809547685933,0.12080809547685933,0.0,1.0,1.0,0.12080809547685933,0.07509168095875207,0.034728710234990356,1.8584188222885132,0.9731855392456055,0.0065665715374052525
pose_novelty,Corner,9,0,2,minus_x,minus_x,0.10294221822458327,0.10294221822458327,0.0,1.0,1.0,0.10294221822458327,0.04339220571798208,0.01813568122152598,1.808222770690918,0.8060511946678162,0.005035386420786381
pose_novelty,Corner,9,0,3,minus_y,minus_y,0.02029494083947625,0.02029494083947625,0.0,1.0,0.5,-0.01519095506051682,0.02029494083947625,0.018426220289438078,0.3768772780895233,0.9731956124305725,0.007827025838196278
pose_novelty,Corner,9,0,4,minus_y,plus_z,0.008430534871928685,0.009141154055540834,0.0007106191836121489,0.0,-0.5,0.005404792367997624,0.008430534871928685,0.009141154055540834,0.20553936064243317,0.5919374823570251,0.012629075907170773
pose_novelty,Corner,10,0,0,minus_x,minus_x,0.17470807890521778,0.17470807890521778,0.0,1.0,1.0,0.17470807890521778,0.12989547179800986,0.07340970044217254,1.8584110736846924,0.9731900691986084,0.006186146754771471
pose_novelty,Corner,10,0,1,minus_x,minus_x,0.17394366584399523,0.17394366584399523,0.0,1.0,1.0,0.17394366584399523,0.05973922403330312,0.04194540162516125,1.8584264516830444,0.97319495677948,0.001493549905717373
pose_novelty,Corner,10,0,2,minus_y,minus_x,0.09824545264511653,0.10497386416908205,0.006728411523965527,0.0,0.5,0.10497386416908205,0.09824545264511653,0.06790016180706893,0.8288875818252563,0.9731878042221069,0.008181286044418812
pose_novelty,Corner,10,0,3,minus_x,minus_x,0.04469362250469999,0.04469362250469999,0.0,1.0,0.5,0.04469362250469999,0.012527511090608567,0.017320003026809916,1.014414668083191,0.9731937050819397,0.007452746853232384
pose_novelty,Corner,10,0,4,minus_x,minus_x,0.03226886525592099,0.03226886525592099,0.0,1.0,0.5,0.03226886525592099,0.005594320805397568,0.008819759713225683,0.3514116704463959,0.15483790636062622,0.005490823648869991
pose_novelty,Corner,5,0,0,minus_x,minus_x,0.2459921641627143,0.2459921641627143,0.0,1.0,1.0,0.2459921641627143,0.24494348807831212,0.20039503105588763,1.8584188222885132,0.9731391668319702,0.01396980881690979
pose_novelty,Corner,5,0,1,minus_x,minus_x,0.21061961742129764,0.21061961742129764,0.0,1.0,1.0,0.21061961742129764,0.16436364904307488,0.06217704905529209,1.8584181070327759,0.97319495677948,0.0036098267883062363
pose_novelty,Corner,5,0,2,minus_x,minus_x,0.16323166729023164,0.16323166729023164,0.0,1.0,1.0,0.16323166729023164,0.025861152251893893,0.022523582400056585,1.8584096431732178,0.8327862024307251,0.007794796954840422
pose_novelty,Corner,5,0,3,minus_y,minus_x,0.009719034720855335,0.038246375983383984,0.02852734126252865,0.0,-0.5,0.038246375983383984,0.009719034720855335,0.020379106497718458,0.8857344388961792,0.9731954336166382,0.0010951015865430236
pose_novelty,Corner,5,0,4,minus_x,minus_x,0.03117548006743065,0.03117548006743065,0.0,1.0,0.5,0.03117548006743065,0.0012534424154995172,0.0062870959795873205,0.6670696139335632,0.4706277847290039,0.006346859037876129
pose_novelty,Corner,11,0,0,minus_x,minus_y,0.24467092180645522,0.26794431763128534,0.023273395824830123,0.0,0.5,0.24467092180645522,0.26794431763128534,0.15584598078148126,1.8584200143814087,0.9731916785240173,0.0046180798672139645
pose_novelty,Corner,11,0,1,minus_x,minus_x,0.2184782874814657,0.2184782874814657,0.0,1.0,0.5,0.2184782874814657,0.022678223818366705,0.09422491772274177,1.8584059476852417,0.9731932282447815,0.005871258210390806
pose_novelty,Corner,11,0,2,minus_y,minus_y,0.03708967259739793,0.03708967259739793,0.0,1.0,1.0,0.021528220209269366,0.03708967259739793,0.019571465689025458,0.4232635200023651,0.9731932878494263,0.005476053338497877
pose_novelty,Corner,11,0,3,minus_y,minus_y,0.024264115233393335,0.024264115233393335,0.0,1.0,1.0,0.023043362914959897,0.024264115233393335,0.008716899284973656,0.645487904548645,0.97319495677948,0.0034087917301803827
pose_novelty,Corner,11,0,4,minus_y,plus_z,-0.043565921038579036,-0.030949428386668143,0.012616492651910893,0.0,-1.0,-0.03524242652141785,-0.043565921038579036,-0.030949428386668143,0.8101778030395508,0.9731816053390503,0.008578421548008919
pose_novelty,Corner,0,0,0,minus_x,minus_y,0.1414433448927901,0.15899002115921967,0.017546676266429584,0.0,0.5,0.1414433448927901,0.15899002115921967,0.1348630202365393,1.8584123849868774,0.9731884002685547,0.006477764807641506
pose_novelty,Corner,0,0,1,minus_x,minus_x,0.24399487095419997,0.24399487095419997,0.0,1.0,1.0,0.24399487095419997,0.11539139871983978,0.06638827901921535,1.8584064245224,0.973186194896698,0.007541912607848644
pose_novelty,Corner,0,0,2,minus_y,minus_y,0.13037884384775245,0.13037884384775245,0.0,1.0,1.0,0.0760260041926768,0.13037884384775245,0.04691847974517849,0.82574063539505,0.9731871485710144,0.005272188689559698
pose_novelty,Corner,0,0,3,minus_x,minus_x,0.05881527879831683,0.05881527879831683,0.0,1.0,1.0,0.05881527879831683,0.019220939689755023,0.006846083108844159,1.0098718404769897,0.9731924533843994,0.007624139543622732
pose_novelty,Corner,0,0,4,minus_y,minus_x,0.016082496814292635,0.0594612828983051,0.043378786084012466,0.0,-0.5,0.0594612828983051,0.016082496814292635,0.01736423398256637,0.7394254803657532,0.9731954336166382,0.006446396932005882
pose_novelty,L_Shaped,8,0,0,minus_x,minus_x,0.20809426254585162,0.20809426254585162,0.0,1.0,0.5,0.20809426254585162,0.11051360640218011,0.1553016407454293,1.8584263324737549,0.9731888175010681,0.004749406594783068
pose_novelty,L_Shaped,8,0,1,minus_x,minus_y,0.13185627819056334,0.13585918415278908,0.004002905962225745,0.0,0.5,0.13185627819056334,0.13585918415278908,0.036118701974352074,1.8583669662475586,0.9731903076171875,0.009722093120217323
pose_novelty,L_Shaped,8,0,2,minus_x,minus_x,0.03363932442210571,0.03363932442210571,0.0,1.0,1.0,0.03363932442210571,0.02756775800770228,-0.04122879674861879,0.9770677089691162,0.9731855392456055,0.00790412724018097
pose_novelty,L_Shaped,8,0,3,minus_y,minus_y,0.11130073634495319,0.11130073634495319,0.0,1.0,1.0,0.044635770470713765,0.11130073634495319,0.040149715429892985,0.5562787652015686,0.9728792309761047,0.038225430995225906
pose_novelty,L_Shaped,8,0,4,minus_y,minus_y,0.043369854877267966,0.043369854877267966,0.0,1.0,1.0,0.034661603397180496,0.043369854877267966,0.03302626801241659,0.8138284683227539,0.9731950163841248,0.003217549528926611
pose_novelty,L_Shaped,13,0,0,minus_x,minus_y,0.11793982445911161,0.1482963339744508,0.03035650951533919,0.0,0.5,0.11793982445911161,0.1482963339744508,0.10316379192825426,1.8584258556365967,0.9731937050819397,0.0026697085704654455
pose_novelty,L_Shaped,13,0,1,minus_x,minus_x,0.20374369822088656,0.20374369822088656,0.0,1.0,1.0,0.20374369822088656,0.12917007567030447,0.12756771522550303,1.858422875404358,0.973195493221283,0.0022620828822255135
pose_novelty,L_Shaped,13,0,2,minus_y,minus_x,0.02710550666874678,0.033699348233150794,0.006593841564404013,0.0,-0.5,0.033699348233150794,0.02710550666874678,0.027676855513119825,0.7009232044219971,0.9731904864311218,0.008859120309352875
pose_novelty,L_Shaped,13,0,3,minus_x,minus_x,0.015597089993268476,0.015597089993268476,0.0,1.0,1.0,0.015597089993268476,0.012252386577218943,0.006282113137779488,1.224483847618103,0.7071569561958313,0.005595213267952204
pose_novelty,L_Shaped,13,0,4,minus_y,minus_y,0.027412709917909117,0.027412709917909117,0.0,1.0,1.0,0.02590418683454554,0.027412709917909117,0.00041749968401205706,0.8952368497848511,0.9731931090354919,0.0028636902570724487
pose_novelty,L_Shaped,4,0,0,minus_x,minus_x,0.18981653402873921,0.18981653402873921,0.0,1.0,0.5,0.18981653402873921,0.08922101719121611,0.13628754894908612,1.8583697080612183,0.9731917977333069,0.009287740103900433
pose_novelty,L_Shaped,4,0,1,minus_x,minus_x,0.1460550423404573,0.1460550423404573,0.0,1.0,0.5,0.1460550423404573,0.035280037091220295,0.05254708119463558,1.8584064245224,0.9731720685958862,0.010165388695895672
pose_novelty,L_Shaped,4,0,2,minus_x,minus_x,0.09302731551309229,0.09302731551309229,0.0,1.0,0.5,0.09302731551309229,0.06013849500511337,0.07530207517469811,1.7201007604599,0.9137388467788696,0.008443118073046207
pose_novelty,L_Shaped,4,0,3,minus_x,minus_x,0.0384548672509375,0.0384548672509375,0.0,1.0,0.5,0.0384548672509375,0.014760668762934914,0.015028460899251028,0.8467983603477478,0.692779004573822,0.00466419942677021
pose_novelty,L_Shaped,4,0,4,minus_x,minus_y,-0.004753499824674212,0.00980528647329626,0.014558786297970472,0.0,-0.5,-0.004753499824674212,0.00980528647329626,0.0014750366659530556,0.7649232745170593,0.658234715461731,0.007337968796491623
pose_novelty,L_Shaped,1,0,0,minus_x,minus_x,0.18214923527421967,0.18214923527421967,0.0,1.0,1.0,0.18214923527421967,0.16682530839127774,0.10235421330099825,1.858424186706543,0.9731835126876831,0.0065285456366837025
pose_novelty,L_Shaped,1,0,1,minus_x,minus_x,0.2067622938873348,0.2067622938873348,0.0,1.0,0.5,0.2067622938873348,0.025283982617591794,0.05133310082809428,1.8583978414535522,0.973195493221283,0.006130903027951717
pose_novelty,L_Shaped,1,0,2,minus_x,minus_x,0.06255957839147719,0.06255957839147719,0.0,1.0,0.5,0.06255957839147719,0.012722975149902616,0.03172233517005918,1.7226394414901733,0.9731910228729248,0.007564079482108355
pose_novelty,L_Shaped,1,0,3,minus_y,minus_x,-0.029381030353754944,-0.014789629916395097,0.014591400437359847,0.0,-0.5,-0.014789629916395097,-0.029381030353754944,-0.026963025345374758,0.9051277041435242,0.9232878088951111,0.003951185382902622
pose_novelty,L_Shaped,1,0,4,minus_y,plus_z,0.03685497964544682,0.046240163317615046,0.009385183672168229,0.0,-0.5,0.02109022177044695,0.03685497964544682,0.046240163317615046,0.5986888408660889,0.9727017879486084,0.04218069463968277
pose_novelty,L_Shaped,12,0,0,minus_x,minus_x,0.20924293508475478,0.20924293508475478,0.0,1.0,1.0,0.20924293508475478,0.14856332166055664,0.08015979874161222,1.8584188222885132,0.9731913805007935,0.0048916516825556755
pose_novelty,L_Shaped,12,0,1,minus_x,minus_x,0.15195432605563564,0.15195432605563564,0.0,1.0,0.5,0.15195432605563564,0.07188284777659826,0.0756250030256711,1.858426570892334,0.9731938242912292,0.00242513045668602
pose_novelty,L_Shaped,12,0,2,minus_y,minus_x,0.06509706947288452,0.08778125348316035,0.022684184010275832,0.0,0.5,0.08778125348316035,0.06509706947288452,0.060502482954716275,0.6153691411018372,0.9731939435005188,0.0028666246216744184
pose_novelty,L_Shaped,12,0,3,minus_y,plus_z,0.029194388648005165,0.03669587809686958,0.007501489448864418,0.0,-1.0,0.035303075554360075,0.029194388648005165,0.03669587809686958,0.5671560764312744,0.9731570482254028,0.0164556335657835
pose_novelty,L_Shaped,12,0,4,minus_y,minus_y,0.018827670384702788,0.018827670384702788,0.0,1.0,1.0,0.010190138869168752,0.018827670384702788,-0.0003574292449802785,0.7841254472732544,0.9529505372047424,0.013226735405623913
pose_novelty,L_Shaped,7,0,0,minus_x,minus_x,0.338738513595932,0.338738513595932,0.0,1.0,0.5,0.338738513595932,0.23564915070922793,0.29507999161340803,1.8584120273590088,0.9731917381286621,0.005624160170555115
pose_novelty,L_Shaped,7,0,1,minus_x,plus_z,0.12576841788191095,0.1312142051027113,0.005445787220800358,0.0,-0.5,0.12576841788191095,0.11930889489808738,0.1312142051027113,1.8583945035934448,0.9731950163841248,0.006591234356164932
pose_novelty,L_Shaped,7,0,2,minus_x,minus_x,0.11017247627658988,0.11017247627658988,0.0,1.0,0.5,0.11017247627658988,-0.003914716193528123,0.018116839233110804,1.6343618631362915,0.9731940627098083,0.007588053587824106
pose_novelty,L_Shaped,7,0,3,minus_y,minus_x,0.04813453778466148,0.09863721923658553,0.05050268145192405,0.0,-0.5,0.09863721923658553,0.04813453778466148,0.06269920196354528,0.8942782878875732,0.9731894731521606,0.027402417734265327
pose_novelty,L_Shaped,7,0,4,minus_x,plus_z,0.001752506172343904,0.026208040089839124,0.02445553391749522,0.0,-0.5,0.001752506172343904,0.0015865295131349821,0.026208040089839124,1.0091608762741089,0.550944447517395,0.012136371806263924
pose_novelty,L_Shaped,14,0,0,minus_x,minus_x,0.030234827225923744,0.030234827225923744,0.0,1.0,1.0,0.030234827225923744,-0.00661228115847301,-0.0486392991977424,1.8583934307098389,0.9731952548027039,0.0066318027675151825
pose_novelty,L_Shaped,14,0,1,minus_x,plus_z,0.2097721314898946,0.23799921623984965,0.028227084749955056,0.0,-0.5,0.2097721314898946,0.20783481438480367,0.23799921623984965,1.8568744659423828,0.9728588461875916,0.05582738295197487
pose_novelty,L_Shaped,14,0,2,minus_y,minus_y,0.04164486440108395,0.04164486440108395,0.0,1.0,1.0,0.04065089378966158,0.04164486440108395,0.035726958952491006,0.8022807836532593,0.9731934666633606,0.002643041545525193
pose_novelty,L_Shaped,14,0,3,minus_y,minus_x,0.03800455659028312,0.05596899976527081,0.017964443174987688,0.0,-0.5,0.05596899976527081,0.03800455659028312,0.039699906873138624,0.6457664370536804,0.9731928706169128,0.004479574970901012
pose_novelty,L_Shaped,14,0,4,minus_x,minus_y,-0.032535934555874335,-0.003399223608064328,0.029136710947810007,0.0,-0.5,-0.032535934555874335,-0.003399223608064328,-0.014500691356860496,1.0962004661560059,0.6324492692947388,0.00490059657022357
pose_novelty,L_Shaped,2,0,0,minus_x,minus_x,0.16756566528291555,0.16756566528291555,0.0,1.0,1.0,0.16756566528291555,0.030521507123459968,0.006928079322104541,1.8584264516830444,0.9731913805007935,0.0037328533362597227
pose_novelty,L_Shaped,2,0,1,minus_x,minus_x,0.17487981664571428,0.17487981664571428,0.0,1.0,0.5,0.17487981664571428,0.08633325943933179,0.10015751869476908,1.8584108352661133,0.9731916785240173,0.00576371792703867
pose_novelty,L_Shaped,2,0,2,minus_x,plus_z,0.06901470117045527,0.08636276770302254,0.017348066532567263,0.0,-1.0,0.06901470117045527,0.08319857067982539,0.08636276770302254,1.4383755922317505,0.9350727200508118,0.013627549633383751
pose_novelty,L_Shaped,2,0,3,minus_x,minus_y,0.019718539982848227,0.03436059278619574,0.014642052803347516,0.0,-0.5,0.019718539982848227,0.03436059278619574,0.023289977095866443,1.0291668176651,0.9731766581535339,0.009177440777420998
pose_novelty,L_Shaped,2,0,4,minus_x,minus_y,0.033300576300351215,0.0468919779677095,0.013591401667358283,0.0,0.5,0.033300576300351215,0.0468919779677095,0.005333260904861081,1.0445178747177124,0.6051656603813171,0.007206294685602188
pose_novelty,L_Shaped,6,0,0,minus_x,minus_y,0.1884183110386053,0.23326821822132193,0.04484990718271664,0.0,0.5,0.1884183110386053,0.23326821822132193,0.1590722943479027,1.8584221601486206,0.9731948971748352,0.002829024102538824
pose_novelty,L_Shaped,6,0,1,minus_x,minus_x,0.19883697048116267,0.19883697048116267,0.0,1.0,0.5,0.19883697048116267,0.10832182792339418,0.12442912618225421,1.8584234714508057,0.9731917977333069,0.004076717421412468
pose_novelty,L_Shaped,6,0,2,minus_y,minus_x,0.0071546146231171726,0.1065636224064691,0.09940900778335193,0.0,-0.5,0.1065636224064691,0.0071546146231171726,0.01669158853307584,0.8420294523239136,0.8570593595504761,0.004446061328053474
pose_novelty,L_Shaped,6,0,3,minus_y,minus_x,0.017629192739128996,0.072768933048596,0.055139740309467,0.0,-0.5,0.072768933048596,0.017629192739128996,0.02904359799970546,0.8202757239341736,0.9400375485420227,0.0030097111593931913
pose_novelty,L_Shaped,6,0,4,minus_y,minus_x,0.050360442754312285,0.07734911187050075,0.02698866911618847,0.0,0.5,0.07734911187050075,0.050360442754312285,0.01454189822618479,0.9524010419845581,0.9731898903846741,0.008519880473613739
pose_novelty,L_Shaped,3,0,0,minus_x,minus_x,0.204642094693484,0.204642094693484,0.0,1.0,1.0,0.204642094693484,0.19687557369807368,0.10150960083085114,1.8584131002426147,0.9731956124305725,0.004180822055786848
pose_novelty,L_Shaped,3,0,1,minus_x,minus_x,0.13812499256221322,0.13812499256221322,0.0,1.0,0.5,0.13812499256221322,0.07845594539188849,0.13658672803284322,1.8584182262420654,0.9731954336166382,0.003360056085512042
pose_novelty,L_Shaped,3,0,2,minus_x,minus_x,0.18861512238110678,0.18861512238110678,0.0,1.0,1.0,0.18861512238110678,0.0855952995108753,0.07607654595442936,1.0979328155517578,0.9731919169425964,0.006667506415396929
pose_novelty,L_Shaped,3,0,3,minus_y,minus_x,0.028995027154049113,0.03745142177964311,0.008456394625594,0.0,-0.5,0.03745142177964311,0.028995027154049113,0.032010289145102844,0.5127480030059814,0.97318434715271,0.006155305542051792
pose_novelty,L_Shaped,3,0,4,minus_y,minus_y,0.05091078958460038,0.05091078958460038,0.0,1.0,1.0,0.048863835991479254,0.05091078958460038,0.012192556394825638,0.7610174417495728,0.9731898903846741,0.005102526396512985
pose_novelty,L_Shaped,9,0,0,minus_x,minus_x,0.21294659400126087,0.21294659400126087,0.0,1.0,1.0,0.21294659400126087,0.10201803460953013,0.06618328934321932,1.8584136962890625,0.9731842875480652,0.007322830613702536
pose_novelty,L_Shaped,9,0,1,minus_x,minus_x,0.15776813561849112,0.15776813561849112,0.0,1.0,1.0,0.15776813561849112,0.08872844856839834,0.01834601028311078,1.858415961265564,0.9731952548027039,0.0038512391038239002
pose_novelty,L_Shaped,9,0,2,minus_y,minus_y,0.0670073253111323,0.0670073253111323,0.0,1.0,0.5,0.03495879386235712,0.0670073253111323,0.04994355123906702,0.19513626396656036,0.9731956124305725,0.0034441135358065367
pose_novelty,L_Shaped,9,0,3,minus_y,minus_x,0.003190939812864002,0.01965464074587875,0.016463700933014747,0.0,-0.5,0.01965464074587875,0.003190939812864002,0.01962334761236484,0.6750376224517822,0.9731908440589905,0.0074855368584394455
pose_novelty,L_Shaped,9,0,4,minus_x,minus_x,-0.0014481821939337225,-0.0014481821939337225,0.0,1.0,1.0,-0.0014481821939337225,-0.002767290521418775,-0.007650111171945029,0.9374208450317383,0.8201271295547485,0.011174020357429981
pose_novelty,L_Shaped,10,0,0,minus_x,minus_y,0.16004611206912123,0.1609259526090231,0.0008798405399018661,0.0,0.5,0.16004611206912123,0.1609259526090231,0.06494139122815318,1.8584039211273193,0.9731956124305725,0.005420996807515621
pose_novelty,L_Shaped,10,0,1,minus_x,minus_y,0.1405088810513666,0.1627761174608766,0.022267236409510005,0.0,-0.5,0.1405088810513666,0.1627761174608766,0.1614639421598264,1.8583961725234985,0.9731890559196472,0.00779969897121191
pose_novelty,L_Shaped,10,0,2,minus_y,minus_y,0.12087058976458409,0.12087058976458409,0.0,1.0,1.0,0.020606476618236003,0.12087058976458409,0.016489459636597537,0.8577278256416321,0.9731939435005188,0.006091938819736242
pose_novelty,L_Shaped,10,0,3,minus_y,minus_y,-0.03462205242632199,-0.03462205242632199,0.0,1.0,1.0,-0.04333884313007563,-0.03462205242632199,-0.07709949661219995,0.9622291922569275,0.9731907248497009,0.004026622511446476
pose_novelty,L_Shaped,10,0,4,minus_x,minus_x,0.0850881159844522,0.0850881159844522,0.0,1.0,1.0,0.0850881159844522,0.031835870653281084,0.02434795652229471,1.0913132429122925,0.6593080759048462,0.03950280323624611
pose_novelty,L_Shaped,5,0,0,minus_x,minus_x,0.27567378400233,0.27567378400233,0.0,1.0,1.0,0.27567378400233,0.15128918722080292,0.11505057570664667,1.858402967453003,0.9731594324111938,0.012212683446705341
pose_novelty,L_Shaped,5,0,1,minus_x,minus_x,0.1139541378748059,0.1139541378748059,0.0,1.0,0.5,0.1139541378748059,0.04334496939105292,0.06517707223881852,1.858422875404358,0.9731506109237671,0.012342596426606178
pose_novelty,L_Shaped,5,0,2,minus_x,minus_x,0.14530607660195338,0.14530607660195338,0.0,1.0,1.0,0.14530607660195338,0.0563751206951173,0.037269064034935795,1.0271023511886597,0.9731952548027039,0.004560618661344051
pose_novelty,L_Shaped,5,0,3,minus_y,minus_y,0.046158117859619985,0.046158117859619985,0.0,1.0,1.0,0.03928856741948039,0.046158117859619985,0.038951272342305776,0.7398753762245178,0.7748752236366272,0.009505868889391422
pose_novelty,L_Shaped,5,0,4,minus_y,plus_z,0.010018386775398014,0.022301298217862642,0.012282911442464628,0.0,-1.0,0.015607622705665403,0.010018386775398014,0.022301298217862642,0.9488745331764221,0.973195493221283,0.000704259960912168
pose_novelty,L_Shaped,11,0,0,minus_x,minus_y,0.07890750686587072,0.14302706130743187,0.06411955444156114,0.0,-0.5,0.07890750686587072,0.14302706130743187,0.10026158445654176,1.8582912683486938,0.9731942415237427,0.013409784995019436
pose_novelty,L_Shaped,11,0,1,minus_x,minus_x,0.27660804794502025,0.27660804794502025,0.0,1.0,0.5,0.27660804794502025,0.007374363650554827,0.03814209348012587,1.8584179878234863,0.5330981612205505,0.006973204202950001
pose_novelty,L_Shaped,11,0,2,minus_x,minus_x,0.15061138686234532,0.15061138686234532,0.0,1.0,1.0,0.15061138686234532,0.08127743484101724,0.015688855524976897,1.8584238290786743,0.9731935858726501,0.00318600214086473
pose_novelty,L_Shaped,11,0,3,minus_y,plus_z,0.026487188679085838,0.028973326500826513,0.002486137821740675,0.0,-0.5,0.023469757038652173,0.026487188679085838,0.028973326500826513,0.8471346497535706,0.9731917381286621,0.005886407103389502
pose_novelty,L_Shaped,11,0,4,minus_x,minus_x,0.04337484451775697,0.04337484451775697,0.0,1.0,0.5,0.04337484451775697,0.00408419339177013,0.01001770283282244,1.3139797449111938,0.5196846723556519,0.00911348033696413
pose_novelty,L_Shaped,0,0,0,minus_x,plus_z,0.0739477748621129,0.08144999331555519,0.007502218453442289,0.0,-0.5,0.0739477748621129,0.06078317292290214,0.08144999331555519,1.858426570892334,0.9731955528259277,0.0003903393808286637
pose_novelty,L_Shaped,0,0,1,minus_x,plus_z,0.004506116013046679,0.05583249645798466,0.05132638044493798,0.0,-1.0,0.004506116013046679,0.027503752655021974,0.05583249645798466,1.8584141731262207,0.9731586575508118,0.011709545738995075
pose_novelty,L_Shaped,0,0,2,minus_x,plus_z,0.11437819520738057,0.13181054834201955,0.017432353134638978,0.0,-0.5,0.11437819520738057,0.10157152790413837,0.13181054834201955,1.0762648582458496,0.9730573296546936,0.05645245686173439
pose_novelty,L_Shaped,0,0,3,minus_x,minus_x,0.13042554821512198,0.13042554821512198,0.0,1.0,1.0,0.13042554821512198,0.0573491694900351,0.03978494058046789,1.1265212297439575,0.6446512341499329,0.010304833762347698
pose_novelty,L_Shaped,0,0,4,minus_y,minus_x,-0.014987577612877168,-0.005968531888744577,0.00901904572413259,0.0,0.5,-0.005968531888744577,-0.014987577612877168,-0.018733456202320475,0.36940041184425354,0.9731946587562561,0.0018297014757990837
pose_novelty,Cylinder,8,0,0,minus_x,minus_x,0.3136138510935407,0.3136138510935407,0.0,1.0,1.0,0.3136138510935407,0.16558241122619294,0.044022787159257504,1.8583979606628418,0.9731922745704651,0.006925946567207575
pose_novelty,Cylinder,8,0,1,minus_x,minus_x,0.1252244186635395,0.1252244186635395,0.0,1.0,1.0,0.1252244186635395,0.12436674525115532,0.08467520840317411,1.858399510383606,0.9731934666633606,0.0064789243042469025
pose_novelty,Cylinder,8,0,2,minus_y,minus_x,0.01122571785492854,0.08418063841044532,0.07295492055551678,0.0,-0.5,0.08418063841044532,0.01122571785492854,0.04888169392746411,0.8558236956596375,0.9731836318969727,0.0066525982692837715
pose_novelty,Cylinder,8,0,3,minus_x,minus_x,0.0762043709109671,0.0762043709109671,0.0,1.0,0.5,0.0762043709109671,0.060291514780662636,0.06922269721224394,1.1958255767822266,0.9731881022453308,0.004997570533305407
pose_novelty,Cylinder,8,0,4,minus_y,minus_x,0.034462800859399345,0.07565396513484501,0.04119116427544567,0.0,-0.5,0.07565396513484501,0.034462800859399345,0.03704094937520275,0.8466671705245972,0.8892634510993958,0.007186732720583677
pose_novelty,Cylinder,13,0,0,minus_x,minus_x,0.25417572005567496,0.25417572005567496,0.0,1.0,1.0,0.25417572005567496,0.16436976941783382,0.12077672648707793,1.858426570892334,0.9731764197349548,0.007928665727376938
pose_novelty,Cylinder,13,0,1,minus_x,minus_x,0.1710023789531594,0.1710023789531594,0.0,1.0,1.0,0.1710023789531594,0.13851996301945324,0.1365218766573414,1.8584001064300537,0.9731929302215576,0.006568612530827522
pose_novelty,Cylinder,13,0,2,minus_x,minus_x,0.0841755021229168,0.0841755021229168,0.0,1.0,1.0,0.0841755021229168,0.07199305254187072,0.020068566672404753,1.8278238773345947,0.9731916189193726,0.003998343832790852
pose_novelty,Cylinder,13,0,3,minus_x,minus_x,0.09178572443163868,0.09178572443163868,0.0,1.0,0.5,0.09178572443163868,0.0018461745317802647,0.05047976573430957,1.7079652547836304,0.973195493221283,0.0032408128026872873
pose_novelty,Cylinder,13,0,4,minus_y,minus_y,0.058626641717037464,0.058626641717037464,0.0,1.0,1.0,0.04755770389937275,0.058626641717037464,0.025635736575918888,0.8632726669311523,0.9731906056404114,0.012390222400426865
pose_novelty,Cylinder,4,0,0,minus_x,minus_x,0.21011355696091383,0.21011355696091383,0.0,1.0,1.0,0.21011355696091383,0.08099527598596662,0.030862445339325084,1.8584080934524536,0.9731941819190979,0.005342081654816866
pose_novelty,Cylinder,4,0,1,minus_x,minus_y,0.049699433953239835,0.1101915834493511,0.06049214949611126,0.0,0.5,0.049699433953239835,0.1101915834493511,0.02665819525889279,1.8581206798553467,0.9731742143630981,0.021600252017378807
pose_novelty,Cylinder,4,0,2,minus_x,minus_x,0.13067185282751215,0.13067185282751215,0.0,1.0,1.0,0.13067185282751215,0.1018486493855153,0.08534038431708701,1.596744418144226,0.97314453125,0.015797046944499016
pose_novelty,Cylinder,4,0,3,minus_y,minus_y,0.06187547691437112,0.06187547691437112,0.0,1.0,1.0,0.008736937847404591,0.06187547691437112,0.0018336102940937904,0.7455964088439941,0.9731831550598145,0.00647816713899374
pose_novelty,Cylinder,4,0,4,minus_y,minus_y,0.06736992483506288,0.06736992483506288,0.0,1.0,1.0,0.03494410122025249,0.06736992483506288,0.008675730933337844,0.7061576843261719,0.9731811285018921,0.00846453383564949
pose_novelty,Cylinder,1,0,0,minus_x,minus_x,0.19566169397458494,0.19566169397458494,0.0,1.0,1.0,0.19566169397458494,0.1552824841643144,0.05259951874635743,1.8584104776382446,0.9731894731521606,0.0063926842994987965
pose_novelty,Cylinder,1,0,1,minus_x,minus_x,0.1504900955981494,0.1504900955981494,0.0,1.0,1.0,0.1504900955981494,0.028977554907090863,0.020263962897950072,1.8584246635437012,0.9731876254081726,0.0053443871438503265
pose_novelty,Cylinder,1,0,2,minus_x,minus_x,0.07932127839551695,0.07932127839551695,0.0,1.0,0.5,0.07932127839551695,0.04746525810129942,0.07132386944726954,1.403276801109314,0.9731942415237427,0.0026688273064792156
pose_novelty,Cylinder,1,0,3,minus_x,minus_x,0.02402046058398366,0.02402046058398366,0.0,1.0,0.5,0.02402046058398366,0.012747060396032017,0.01394693618404963,1.1799829006195068,0.8820527195930481,0.004771181847900152
pose_novelty,Cylinder,1,0,4,minus_x,minus_y,0.015539345708848407,0.018525061048968117,0.00298571534011971,0.0,0.5,0.015539345708848407,0.018525061048968117,0.014345683124281416,1.0613453388214111,0.31628549098968506,0.006077118217945099
pose_novelty,Cylinder,12,0,0,minus_x,minus_x,0.225961881023779,0.225961881023779,0.0,1.0,1.0,0.225961881023779,0.13112474031568055,0.05596501568563944,1.8584221601486206,0.9731854796409607,0.006246861536055803
pose_novelty,Cylinder,12,0,1,minus_x,minus_x,0.13639473775159827,0.13639473775159827,0.0,1.0,1.0,0.13639473775159827,0.11758082541445714,0.0362453738405637,1.858426570892334,0.9731742143630981,0.008382356725633144
pose_novelty,Cylinder,12,0,2,minus_x,minus_x,0.1206854389080414,0.1206854389080414,0.0,1.0,1.0,0.1206854389080414,0.06903044674925063,0.03488424741982965,1.1695326566696167,0.9731913805007935,0.004339650738984346
pose_novelty,Cylinder,12,0,3,minus_y,minus_y,0.03194240887230482,0.03194240887230482,0.0,1.0,1.0,0.030172031379286146,0.03194240887230482,0.02570593874818805,0.972376823425293,0.9731833934783936,0.006478054448962212
pose_novelty,Cylinder,12,0,4,minus_x,minus_x,0.0351907068533438,0.0351907068533438,0.0,1.0,0.5,0.0351907068533438,0.02588484759738452,0.030811159791500065,1.0092895030975342,0.5064077973365784,0.007947712205350399
pose_novelty,Cylinder,7,0,0,minus_x,minus_x,0.14771037180041918,0.14771037180041918,0.0,1.0,1.0,0.14771037180041918,0.12003820490569955,0.11749947166339697,1.8583807945251465,0.9731912612915039,0.008579006418585777
pose_novelty,Cylinder,7,0,1,minus_x,minus_x,0.16524863227602504,0.16524863227602504,0.0,1.0,1.0,0.16524863227602504,0.12391482035123458,0.08349134175991912,1.8583948612213135,0.9731791019439697,0.009755728766322136
pose_novelty,Cylinder,7,0,2,minus_x,minus_x,0.14243085045953263,0.14243085045953263,0.0,1.0,1.0,0.14243085045953263,0.0914941065235162,0.04335900056108555,1.5490326881408691,0.8513458371162415,0.004819831810891628
pose_novelty,Cylinder,7,0,3,minus_y,minus_y,0.016017945497036945,0.016017945497036945,0.0,1.0,1.0,0.003883405283186425,0.016017945497036945,-0.015102625794655933,0.6462603211402893,0.973194420337677,0.0033698389306664467
pose_novelty,Cylinder,7,0,4,minus_x,minus_x,0.04830778959970916,0.04830778959970916,0.0,1.0,0.5,0.04830778959970916,0.02481135343436658,0.03380928501573821,0.6920053362846375,0.5625784397125244,0.008204740472137928
pose_novelty,Cylinder,14,0,0,minus_x,minus_x,0.14867403010371982,0.14867403010371982,0.0,1.0,0.5,0.14867403010371982,0.07928409351343274,0.09558197097847826,1.8584115505218506,0.9731761813163757,0.00911875069141388
pose_novelty,Cylinder,14,0,1,minus_x,minus_x,0.09722164591502636,0.09722164591502636,0.0,1.0,0.5,0.09722164591502636,0.036234593353237976,0.05910536366041641,1.8584074974060059,0.9731927514076233,0.005830027163028717
pose_novelty,Cylinder,14,0,2,minus_y,minus_x,0.07275263866181803,0.12174439935109904,0.048991760689281016,0.0,0.5,0.12174439935109904,0.07275263866181803,0.04263627249613955,0.6651025414466858,0.9731723070144653,0.01636640913784504
pose_novelty,Cylinder,14,0,3,minus_x,minus_x,0.09583382129494933,0.09583382129494933,0.0,1.0,1.0,0.09583382129494933,0.01633132097456913,0.01393290051554219,1.275941014289856,0.4881824553012848,0.008098346181213856
pose_novelty,Cylinder,14,0,4,minus_y,minus_x,0.003621154958783901,0.04581296933702472,0.04219181437824082,0.0,-0.5,0.04581296933702472,0.003621154958783901,0.008107591239706058,0.30556628108024597,0.49861636757850647,0.00910741463303566
pose_novelty,Cylinder,2,0,0,minus_x,minus_x,0.22832931898119696,0.22832931898119696,0.0,1.0,1.0,0.22832931898119696,0.1810184098263255,0.15525699100815754,1.85838782787323,0.9731926918029785,0.007734750397503376
pose_novelty,Cylinder,2,0,1,minus_x,minus_x,0.06316375481592884,0.06316375481592884,0.0,1.0,1.0,0.06316375481592884,0.009185581474360993,-0.016116763800744116,1.8584243059158325,0.97319096326828,0.00425404217094183
pose_novelty,Cylinder,2,0,2,minus_y,minus_x,0.05311367061873573,0.1965257581471438,0.14341208752840806,0.0,-0.5,0.1965257581471438,0.05311367061873573,0.14533161975197362,0.9482436180114746,0.9728891253471375,0.0333692729473114
pose_novelty,Cylinder,2,0,3,minus_x,minus_x,0.08536649051277967,0.08536649051277967,0.0,1.0,0.5,0.08536649051277967,0.01482947925726763,0.018608722313193327,1.38901948928833,0.4122716784477234,0.0032187532633543015
pose_novelty,Cylinder,2,0,4,minus_x,plus_z,0.0719898440947424,0.09737889848062986,0.025389054385887455,0.0,-0.5,0.0719898440947424,0.02838858648408704,0.09737889848062986,0.8953188061714172,0.4009428322315216,0.004325478337705135
pose_novelty,Cylinder,6,0,0,minus_x,minus_x,0.207747895895054,0.207747895895054,0.0,1.0,0.5,0.207747895895054,0.12296842558576276,0.125273423882369,1.858389973640442,0.9731955528259277,0.006893761456012726
pose_novelty,Cylinder,6,0,1,minus_x,minus_x,0.12715498897544897,0.12715498897544897,0.0,1.0,1.0,0.12715498897544897,0.07016325090702435,0.011649914860765609,1.8584264516830444,0.9731863737106323,0.0055062733590602875
pose_novelty,Cylinder,6,0,2,minus_x,minus_y,0.09665732244793557,0.10332097525110429,0.006663652803168718,0.0,0.5,0.09665732244793557,0.10332097525110429,0.03430330279924798,1.654907464981079,0.9731955528259277,0.011575113981962204
pose_novelty,Cylinder,6,0,3,minus_y,minus_y,0.08716638134240895,0.08716638134240895,0.0,1.0,0.5,0.06665422088033646,0.08716638134240895,0.07405738985319932,0.9090938568115234,0.973189651966095,0.005486273672431707
pose_novelty,Cylinder,6,0,4,minus_y,minus_x,0.0067205781683912225,0.025815161019144717,0.019094582850753494,0.0,0.5,0.025815161019144717,0.0067205781683912225,0.003425068494385619,0.7042755484580994,0.7771304249763489,0.006830360274761915
pose_novelty,Cylinder,3,0,0,minus_x,minus_x,0.16984674007545064,0.16984674007545064,0.0,1.0,1.0,0.16984674007545064,0.15047230405979733,0.11132724657598014,1.8583885431289673,0.9731912016868591,0.007979552261531353
pose_novelty,Cylinder,3,0,1,minus_x,minus_x,0.21057136509647068,0.21057136509647068,0.0,1.0,1.0,0.21057136509647068,0.11408469270093657,0.07231679981501582,1.858420729637146,0.9731953740119934,0.00287282420322299
pose_novelty,Cylinder,3,0,2,minus_y,minus_x,0.07103707309576679,0.07381055674249315,0.00277348364672636,0.0,0.5,0.07381055674249315,0.07103707309576679,0.026176407434555515,0.9500948786735535,0.9731926918029785,0.0034045767970383167
pose_novelty,Cylinder,3,0,3,minus_x,minus_x,0.08783839835802021,0.08783839835802021,0.0,1.0,0.5,0.08783839835802021,0.01355961926758631,0.044419419582502506,1.3098715543746948,0.9731870889663696,0.005440695211291313
pose_novelty,Cylinder,3,0,4,minus_y,minus_x,0.005976868683436387,0.03807545816130731,0.03209858947787092,0.0,-0.5,0.03807545816130731,0.005976868683436387,0.0076974576006929585,0.44133496284484863,0.5861654877662659,0.0091519420966506
pose_novelty,Cylinder,9,0,0,minus_x,minus_x,0.1369507732463553,0.1369507732463553,0.0,1.0,1.0,0.1369507732463553,0.03300224946756003,0.015187665539351969,1.8583991527557373,0.9731832146644592,0.00871990155428648
pose_novelty,Cylinder,9,0,1,minus_x,minus_x,0.19245064221557917,0.19245064221557917,0.0,1.0,1.0,0.19245064221557917,0.08497606272247538,0.07689814700294251,1.858416199684143,0.9731763601303101,0.008749593049287796
pose_novelty,Cylinder,9,0,2,minus_y,minus_x,0.05202541113721926,0.08878307894743875,0.036757667810219496,0.0,0.5,0.08878307894743875,0.05202541113721926,0.02763581351637978,0.8260226845741272,0.9731954336166382,0.0010275656823068857
pose_novelty,Cylinder,9,0,3,minus_x,minus_x,0.037210456556672766,0.037210456556672766,0.0,1.0,0.5,0.037210456556672766,0.014003738566583768,0.01953088329590702,1.3084670305252075,0.8490998148918152,0.0028468105010688305
pose_novelty,Cylinder,9,0,4,minus_y,minus_x,0.036711544237023386,0.06498859178869598,0.028277047551672596,0.0,-0.5,0.06498859178869598,0.036711544237023386,0.04287477193373779,0.7293482422828674,0.9731888175010681,0.005545910447835922
pose_novelty,Cylinder,10,0,0,minus_x,minus_x,0.23626185960615037,0.23626185960615037,0.0,1.0,1.0,0.23626185960615037,0.09323352311749528,0.07533850498347044,1.8584152460098267,0.9731810688972473,0.00790174026042223
pose_novelty,Cylinder,10,0,1,minus_x,minus_x,0.17386312656958414,0.17386312656958414,0.0,1.0,0.5,0.17386312656958414,0.10472094645947982,0.10528797212860042,1.8584251403808594,0.9731879830360413,0.005176876205950975
pose_novelty,Cylinder,10,0,2,minus_x,plus_z,0.06271344010126767,0.06853268509880317,0.0058192449975355,0.0,-1.0,0.06271344010126767,0.06532819410056301,0.06853268509880317,1.4051220417022705,0.9731901288032532,0.008275547064840794
pose_novelty,Cylinder,10,0,3,minus_y,minus_y,0.05405649993885275,0.05405649993885275,0.0,1.0,1.0,0.04463367112960959,0.05405649993885275,0.016536137591692146,0.9074547290802002,0.9731900095939636,0.00885721854865551
pose_novelty,Cylinder,10,0,4,minus_x,minus_y,0.015439187456398829,0.02326880965304079,0.007829622196641961,0.0,0.5,0.015439187456398829,0.02326880965304079,0.0028116920264369405,0.7054926753044128,0.6643880605697632,0.008903762325644493
pose_novelty,Cylinder,5,0,0,minus_x,minus_x,0.21331325679151764,0.21331325679151764,0.0,1.0,1.0,0.21331325679151764,0.12332254307771295,0.05874300876332578,1.8584264516830444,0.9731931090354919,0.0028856422286480665
pose_novelty,Cylinder,5,0,1,minus_x,minus_x,0.17709853775427553,0.17709853775427553,0.0,1.0,1.0,0.17709853775427553,0.14385022179929507,0.10257876304969826,1.8583680391311646,0.9731947183609009,0.00887251552194357
pose_novelty,Cylinder,5,0,2,minus_x,minus_x,0.13170884464339816,0.13170884464339816,0.0,1.0,1.0,0.13170884464339816,0.05283033580396301,0.03744586238318426,1.198344111442566,0.9731922149658203,0.005073568783700466
pose_novelty,Cylinder,5,0,3,minus_y,minus_x,0.022279900376938833,0.044592491577509996,0.022312591200571164,0.0,0.5,0.044592491577509996,0.022279900376938833,0.012866408663872564,0.8657423257827759,0.963499128818512,0.0033327664714306593
pose_novelty,Cylinder,5,0,4,minus_y,minus_y,0.05926098440190586,0.05926098440190586,0.0,1.0,1.0,0.0423191801926035,0.05926098440190586,0.017343232030683553,0.885994553565979,0.9731956124305725,0.002273530699312687
pose_novelty,Cylinder,11,0,0,minus_x,minus_x,0.1635085406352753,0.1635085406352753,0.0,1.0,0.5,0.1635085406352753,0.07845847797511157,0.11623473534251427,1.8583918809890747,0.973195493221283,0.006730340886861086
pose_novelty,Cylinder,11,0,1,minus_x,minus_x,0.1626565347423946,0.1626565347423946,0.0,1.0,0.5,0.1626565347423946,0.13221943084462606,0.14640407142967393,1.732146978378296,0.9731393456459045,0.013673215173184872
pose_novelty,Cylinder,11,0,2,minus_x,minus_y,0.07582926761914421,0.11705497648477026,0.04122570886562604,0.0,0.5,0.07582926761914421,0.11705497648477026,0.06091976507934571,1.2577762603759766,0.973191499710083,0.005629498977214098
pose_novelty,Cylinder,11,0,3,minus_y,minus_x,0.023846915189907558,0.03645655919437474,0.01260964400446718,0.0,0.5,0.03645655919437474,0.023846915189907558,-0.004482801732390129,0.9653772115707397,0.9731940627098083,0.007331142667680979
pose_novelty,Cylinder,11,0,4,minus_y,minus_x,0.02693648525019754,0.07654413990129372,0.04960765465109618,0.0,0.5,0.07654413990129372,0.02693648525019754,0.024629486470135853,0.9334093928337097,0.9731660485267639,0.012774273753166199
pose_novelty,Cylinder,0,0,0,minus_x,minus_x,0.2830613259771652,0.2830613259771652,0.0,1.0,1.0,0.2830613259771652,0.2509194258351977,0.23372749908001839,1.8584144115447998,0.9731954336166382,0.004039478953927755
pose_novelty,Cylinder,0,0,1,minus_x,minus_x,0.22050586438214848,0.22050586438214848,0.0,1.0,0.5,0.22050586438214848,0.010060829959522288,0.053870758066882796,1.858425259590149,0.9731955528259277,0.0013406557263806462
pose_novelty,Cylinder,0,0,2,minus_y,minus_x,0.024118769271346263,0.07215468664561386,0.0480359173742676,0.0,0.5,0.07215468664561386,0.024118769271346263,0.014004567205839313,0.831950306892395,0.9731813073158264,0.0069522252306342125
pose_novelty,Cylinder,0,0,3,minus_x,minus_x,-0.0045991773710851724,-0.0045991773710851724,0.0,1.0,0.5,-0.0045991773710851724,-0.02333675282264447,-0.01368353005921874,1.0677274465560913,0.6591188907623291,0.010998043231666088
pose_novelty,Cylinder,0,0,4,minus_x,minus_y,0.041474271796649975,0.05327040784832382,0.011796136051673844,0.0,0.5,0.041474271796649975,0.05327040784832382,0.03651817848614047,1.4681494235992432,0.7457675933837891,0.027619197964668274
pose_novelty,Cross,8,0,0,minus_x,minus_x,0.14381983071747967,0.14381983071747967,0.0,1.0,1.0,0.14381983071747967,0.10371908993471907,0.029631339462913464,1.8583735227584839,0.9731941223144531,0.008569400757551193
pose_novelty,Cross,8,0,1,minus_x,minus_x,0.262950470969241,0.262950470969241,0.0,1.0,0.5,0.262950470969241,0.10805727379875646,0.15145289007385726,1.5828925371170044,0.9731895923614502,0.02556058019399643
pose_novelty,Cross,8,0,2,minus_y,minus_x,0.033770510707638146,0.0941851620393711,0.06041465133173296,0.0,-0.5,0.0941851620393711,0.033770510707638146,0.043285562477398454,0.18846175074577332,0.9731943011283875,0.004045732319355011
pose_novelty,Cross,8,0,3,minus_y,minus_x,0.045280338466171854,0.06428198651220896,0.0190016480460371,0.0,0.5,0.06428198651220896,0.045280338466171854,0.013533755908879619,0.32414019107818604,0.9731703400611877,0.012028527446091175
pose_novelty,Cross,8,0,4,minus_y,minus_y,0.06948943752399284,0.06948943752399284,0.0,1.0,0.5,0.040097032085990914,0.06948943752399284,0.04753720036019282,0.6577939987182617,0.973179042339325,0.007392601575702429
pose_novelty,Cross,13,0,0,minus_x,minus_x,0.318987120512535,0.318987120512535,0.0,1.0,1.0,0.318987120512535,0.12693746521185428,0.07815599879737628,1.858418583869934,0.9731951355934143,0.0034272251650691032
pose_novelty,Cross,13,0,1,minus_x,minus_x,0.19739617461657422,0.19739617461657422,0.0,1.0,1.0,0.19739617461657422,0.06701442224179299,0.021343103877543013,1.8583641052246094,0.9731944799423218,0.009198336862027645
pose_novelty,Cross,13,0,2,minus_y,minus_x,0.025362964811650235,0.047885938929574934,0.0225229741179247,0.0,-0.5,0.047885938929574934,0.025362964811650235,0.029258843875263008,0.777974545955658,0.9731874465942383,0.005310230888426304
pose_novelty,Cross,13,0,3,minus_x,minus_x,0.06644817835474459,0.06644817835474459,0.0,1.0,1.0,0.06644817835474459,0.03729043694296286,0.010615984511365362,1.2071325778961182,0.5209635496139526,0.003927530720829964
pose_novelty,Cross,13,0,4,minus_x,minus_x,0.021961230110352226,0.021961230110352226,0.0,1.0,0.5,0.021961230110352226,0.014547049483568442,0.01691419679566719,0.61744225025177,0.14583787322044373,0.013403245247900486
pose_novelty,Cross,4,0,0,minus_x,minus_x,0.25671615746060295,0.25671615746060295,0.0,1.0,1.0,0.25671615746060295,0.114355754958815,0.03870338488891151,1.8584212064743042,0.9731941819190979,0.0034025160130113363
pose_novelty,Cross,4,0,1,minus_x,minus_x,0.09747488053302245,0.09747488053302245,0.0,1.0,1.0,0.09747488053302245,0.043266375826367165,0.01701745302934421,1.8584083318710327,0.9731864333152771,0.007326712366193533
pose_novelty,Cross,4,0,2,minus_y,minus_x,0.07920789515284055,0.1304202419166376,0.051212346763797045,0.0,0.5,0.1304202419166376,0.07920789515284055,0.0778373401076452,0.9399920105934143,0.9731948971748352,0.004768973216414452
pose_novelty,Cross,4,0,3,minus_x,minus_x,0.08463438016938585,0.08463438016938585,0.0,1.0,1.0,0.08463438016938585,0.015003405439748319,0.01294916668571,1.33940589427948,0.9731954336166382,0.004647258203476667
pose_novelty,Cross,4,0,4,minus_x,minus_x,0.039788641414382764,0.039788641414382764,0.0,1.0,0.5,0.039788641414382764,0.01194797554970528,0.029956616805799197,0.8670028448104858,0.3459607660770416,0.0035734602715820074
pose_novelty,Cross,1,0,0,minus_x,minus_x,0.11980057672383448,0.11980057672383448,0.0,1.0,1.0,0.11980057672383448,0.06742397720838028,0.04572439080071533,1.858415961265564,0.9731955528259277,0.0037070128601044416
pose_novelty,Cross,1,0,1,minus_x,plus_z,0.17580236541296546,0.19031130779785843,0.014508942384892975,0.0,-0.5,0.17580236541296546,0.14731227713531558,0.19031130779785843,1.8584134578704834,0.9731841683387756,0.007382506970316172
pose_novelty,Cross,1,0,2,minus_x,minus_x,0.1762892442129046,0.1762892442129046,0.0,1.0,1.0,0.1762892442129046,0.10550614377135936,0.10030259528220664,1.361781120300293,0.9731940031051636,0.01061429362744093
pose_novelty,Cross,1,0,3,minus_y,minus_x,0.020361602524544886,0.03210681447408914,0.011745211949544254,0.0,0.5,0.03210681447408914,0.020361602524544886,-0.000993064160337953,0.3397132456302643,0.9731902480125427,0.005118133965879679
pose_novelty,Cross,1,0,4,minus_x,minus_x,0.05152910326081095,0.05152910326081095,0.0,1.0,1.0,0.05152910326081095,0.009042439078490228,0.003997776211018489,0.9004716277122498,0.8617618680000305,0.002185896271839738
pose_novelty,Cross,12,0,0,minus_x,minus_x,0.3016778336328534,0.3016778336328534,0.0,1.0,1.0,0.3016778336328534,0.2496838751056415,0.24097849438235297,1.8583080768585205,0.9731537699699402,0.017051026225090027
pose_novelty,Cross,12,0,1,minus_x,minus_x,0.12411359630658902,0.12411359630658902,0.0,1.0,1.0,0.12411359630658902,0.11980653650088602,0.04786933762504775,1.6513705253601074,0.9731894135475159,0.004609404597431421
pose_novelty,Cross,12,0,2,minus_x,minus_x,0.10513262412870861,0.10513262412870861,0.0,1.0,1.0,0.10513262412870861,0.06673860540043142,0.06535789882299947,1.0628544092178345,0.9731425642967224,0.013445999473333359
pose_novelty,Cross,12,0,3,minus_y,minus_x,0.05192113303226342,0.09004696344198793,0.038125830409724504,0.0,0.5,0.09004696344198793,0.05192113303226342,0.023924504100998667,0.5857623219490051,0.9731543660163879,0.012147427536547184
pose_novelty,Cross,12,0,4,minus_y,minus_x,0.018069841238305684,0.04154405432869346,0.023474213090387774,0.0,-0.5,0.04154405432869346,0.018069841238305684,0.024425837530665406,0.5092944502830505,0.7358673810958862,0.0041519044898450375
pose_novelty,Cross,7,0,0,minus_x,minus_x,0.2234549639730926,0.2234549639730926,0.0,1.0,1.0,0.2234549639730926,0.10759393252652755,0.09110594580071746,1.8584226369857788,0.9731921553611755,0.004030223004519939
pose_novelty,Cross,7,0,1,minus_x,minus_x,0.1734706822820059,0.1734706822820059,0.0,1.0,0.5,0.1734706822820059,0.03984633679964977,0.060414332247621605,1.8583823442459106,0.9731716513633728,0.01165077555924654
pose_novelty,Cross,7,0,2,minus_y,minus_x,-0.04468645114077552,-0.03435958999927524,0.010326861141500276,0.0,0.5,-0.03435958999927524,-0.04468645114077552,-0.05917042293716479,0.19379378855228424,0.9731928110122681,0.0048545729368925095
pose_novelty,Cross,7,0,3,minus_y,plus_z,0.09037810548674585,0.09392810671214391,0.0035500012253980584,0.0,-0.5,0.05489857595244374,0.09037810548674585,0.09392810671214391,0.48716607689857483,0.9730431437492371,0.04088154807686806
pose_novelty,Cross,7,0,4,minus_y,minus_x,0.047907069161021054,0.05474683038132466,0.0068397612203036084,0.0,0.5,0.05474683038132466,0.047907069161021054,0.0352635434211277,0.5738897919654846,0.9731905460357666,0.009433998726308346
pose_novelty,Cross,14,0,0,minus_x,minus_x,0.19268043137371377,0.19268043137371377,0.0,1.0,0.5,0.19268043137371377,0.02709024327980397,0.04828123325523476,1.8584139347076416,0.9731908440589905,0.005648581776767969
pose_novelty,Cross,14,0,1,minus_x,minus_x,0.17746583915849756,0.17746583915849756,0.0,1.0,1.0,0.17746583915849756,0.0802647472581377,0.04949034800193075,1.858414649963379,0.9731950759887695,0.004129769746214151
pose_novelty,Cross,14,0,2,minus_y,minus_y,0.045889589540812126,0.045889589540812126,0.0,1.0,0.5,0.015437880909367485,0.045889589540812126,0.023244421171735197,0.8515375256538391,0.9731938242912292,0.009114890359342098
pose_novelty,Cross,14,0,3,minus_y,plus_z,0.025759310731836682,0.03174498073090137,0.005985669999064691,0.0,-0.5,0.009584404808301028,0.025759310731836682,0.03174498073090137,0.5139449238777161,0.9731951951980591,0.0012778191594406962
pose_novelty,Cross,14,0,4,minus_y,minus_y,0.023180359638170556,0.023180359638170556,0.0,1.0,1.0,0.011494682090756214,0.023180359638170556,0.009711955235401026,0.9591431021690369,0.973180890083313,0.0073421671986579895
pose_novelty,Cross,2,0,0,minus_x,minus_x,0.20417186779123958,0.20417186779123958,0.0,1.0,1.0,0.20417186779123958,0.17340607928019808,0.12473214948220718,1.8584105968475342,0.9731943011283875,0.0049934228882193565
pose_novelty,Cross,2,0,1,minus_x,minus_x,0.13327481605535063,0.13327481605535063,0.0,1.0,1.0,0.13327481605535063,0.06888595156454691,0.06338767233502685,1.858414888381958,0.9731935262680054,0.00467842910438776
pose_novelty,Cross,2,0,2,minus_x,minus_x,0.04996107112486792,0.04996107112486792,0.0,1.0,1.0,0.04996107112486792,0.0033347106824945794,-0.012176363983580352,1.689960241317749,0.9731693267822266,0.009596701711416245
pose_novelty,Cross,2,0,3,minus_x,minus_x,0.015278410207057114,0.015278410207057114,0.0,1.0,1.0,0.015278410207057114,0.009236657024137118,0.007100250340230652,0.648694634437561,0.19556552171707153,0.013332873582839966
pose_novelty,Cross,2,0,4,minus_y,minus_x,0.01609250598116707,0.05046014053013115,0.03436763454896408,0.0,-0.5,0.05046014053013115,0.01609250598116707,0.026896359331609165,0.6431702375411987,0.7687842845916748,0.003177639562636614
pose_novelty,Cross,6,0,0,minus_x,minus_y,0.18332517857135316,0.1959792483119855,0.012654069740632323,0.0,0.5,0.18332517857135316,0.1959792483119855,0.10546518185519421,1.8584235906600952,0.9731906652450562,0.004484247881919146
pose_novelty,Cross,6,0,1,minus_x,minus_x,0.14582318746899248,0.14582318746899248,0.0,1.0,1.0,0.14582318746899248,0.04516082373778929,0.03856158873350268,1.858359932899475,0.9731955528259277,0.009296157397329807
pose_novelty,Cross,6,0,2,minus_y,plus_z,0.0208592373071389,0.08861653006877723,0.06775729276163833,0.0,-1.0,0.07898674738670342,0.0208592373071389,0.08861653006877723,0.9582202434539795,0.9731917977333069,0.005174548365175724
pose_novelty,Cross,6,0,3,minus_x,minus_x,0.07579664303463018,0.07579664303463018,0.0,1.0,1.0,0.07579664303463018,0.014686029127913947,0.0004244365636436598,1.1147428750991821,0.6362996697425842,0.007883239537477493
pose_novelty,Cross,6,0,4,minus_x,minus_x,0.013463822806843218,0.013463822806843218,0.0,1.0,0.5,0.013463822806843218,-0.018281075795370083,0.006196208837402684,1.284298300743103,0.7764083743095398,0.009638446383178234
pose_novelty,Cross,3,0,0,minus_x,minus_x,0.2509583075936289,0.2509583075936289,0.0,1.0,1.0,0.2509583075936289,0.14125915845215775,0.09159976391967939,1.858392357826233,0.973195493221283,0.006679454352706671
pose_novelty,Cross,3,0,1,minus_x,minus_x,0.1383283300421414,0.1383283300421414,0.0,1.0,1.0,0.1383283300421414,0.09166508009382879,0.030361500094296834,1.8583776950836182,0.9731954336166382,0.00798533670604229
pose_novelty,Cross,3,0,2,minus_y,minus_y,0.04463857968573348,0.04463857968573348,0.0,1.0,0.5,0.009310381125520628,0.04463857968573348,0.028491124514416155,0.2814101278781891,0.9731860160827637,0.007428690325468779
pose_novelty,Cross,3,0,3,minus_y,minus_y,0.032663305478874194,0.032663305478874194,0.0,1.0,1.0,0.01638129422343393,0.032663305478874194,0.011198735889637934,0.41601017117500305,0.8737795948982239,0.003705633105710149
pose_novelty,Cross,3,0,4,minus_y,plus_z,0.01196505873210807,0.01320976408009722,0.0012447053479891501,0.0,-0.5,0.00680385244341597,0.01196505873210807,0.01320976408009722,0.5396467447280884,0.9731913208961487,0.008061084896326065
pose_novelty,Cross,9,0,0,minus_x,minus_x,0.2271663644847997,0.2271663644847997,0.0,1.0,1.0,0.2271663644847997,0.07225581198996095,0.05979183236472002,1.858424186706543,0.9731883406639099,0.005184168461710215
pose_novelty,Cross,9,0,1,minus_x,minus_x,0.12850201050174792,0.12850201050174792,0.0,1.0,0.5,0.12850201050174792,0.07642921011533721,0.10183239953043943,1.858424186706543,0.9731954336166382,0.001891220104880631
pose_novelty,Cross,9,0,2,minus_x,minus_x,0.0624181821836417,0.0624181821836417,0.0,1.0,1.0,0.0624181821836417,0.046515945882379284,0.040850993128841995,1.3612698316574097,0.9731889963150024,0.008353473618626595
pose_novelty,Cross,9,0,3,minus_y,minus_y,0.05606969000232753,0.05606969000232753,0.0,1.0,0.5,0.028440644116793257,0.05606969000232753,0.03729929228754014,0.7121518850326538,0.9731906056404114,0.009472052566707134
pose_novelty,Cross,9,0,4,minus_y,minus_y,0.02106664164805816,0.02106664164805816,0.0,1.0,1.0,0.020417502015017575,0.02106664164805816,0.013324815356968611,0.8156750202178955,0.9731653332710266,0.010069608688354492
pose_novelty,Cross,10,0,0,minus_x,minus_x,0.17202967901037458,0.17202967901037458,0.0,1.0,1.0,0.17202967901037458,0.17162836409207516,0.09908170719040144,1.8584191799163818,0.9731941819190979,0.003775470657274127
pose_novelty,Cross,10,0,1,minus_x,minus_x,0.16422600987621716,0.16422600987621716,0.0,1.0,1.0,0.16422600987621716,0.08187207935446017,0.08011708288803299,1.8584258556365967,0.9731767773628235,0.007911987602710724
pose_novelty,Cross,10,0,2,minus_x,minus_x,0.11067846711780283,0.11067846711780283,0.0,1.0,0.5,0.11067846711780283,0.04359070877376359,0.049972184001891407,1.7006357908248901,0.9731930494308472,0.0029457611963152885
pose_novelty,Cross,10,0,3,minus_y,minus_y,0.03992910839059205,0.03992910839059205,0.0,1.0,1.0,0.03132033080611074,0.03992910839059205,0.021212024618509795,0.5066304802894592,0.9731932282447815,0.004738807678222656
pose_novelty,Cross,10,0,4,minus_y,minus_x,0.02623871748065587,0.027262725205757565,0.0010240077251016944,0.0,0.5,0.027262725205757565,0.02623871748065587,0.0037827697811660954,0.5646613240242004,0.9731952548027039,0.00999441184103489
pose_novelty,Cross,5,0,0,minus_x,minus_x,0.2044443455599826,0.2044443455599826,0.0,1.0,1.0,0.2044443455599826,0.0953818185791313,0.0867746499724924,1.858406901359558,0.9731953144073486,0.005133999045938253
pose_novelty,Cross,5,0,1,minus_x,minus_x,0.14508344214015934,0.14508344214015934,0.0,1.0,1.0,0.14508344214015934,0.05922784923521707,0.03464894001019525,1.8584144115447998,0.9731866121292114,0.006721883080899715
pose_novelty,Cross,5,0,2,minus_y,minus_y,0.11587166183552122,0.11587166183552122,0.0,1.0,0.5,0.01585246085359482,0.11587166183552122,0.07875842084592166,0.34430956840515137,0.973195493221283,0.011116144247353077
pose_novelty,Cross,5,0,3,minus_y,minus_y,0.034764401863706884,0.034764401863706884,0.0,1.0,0.5,0.005182919745070236,0.034764401863706884,0.02038490952956462,0.5819779634475708,0.9731929302215576,0.004259064793586731
pose_novelty,Cross,5,0,4,minus_x,minus_y,0.013229013292710978,0.02000773367372566,0.00677872038101468,0.0,0.5,0.013229013292710978,0.02000773367372566,0.01088573819019123,0.9586008191108704,0.9105053544044495,0.006447982508689165
pose_novelty,Cross,11,0,0,minus_x,minus_x,0.18259061366196477,0.18259061366196477,0.0,1.0,1.0,0.18259061366196477,0.18180377731102793,0.17166549587577196,1.858311653137207,0.9729123115539551,0.032831788063049316
pose_novelty,Cross,11,0,1,minus_x,minus_x,0.1855596108771695,0.1855596108771695,0.0,1.0,1.0,0.1855596108771695,0.07529843707954281,0.05948428230561659,1.8584107160568237,0.9731906056404114,0.006079701706767082
pose_novelty,Cross,11,0,2,minus_y,plus_z,0.007294048346719428,0.029260940289510318,0.02196689194279089,0.0,-1.0,0.029213116365939373,0.007294048346719428,0.029260940289510318,0.9460028409957886,0.97319096326828,0.004180547781288624
pose_novelty,Cross,11,0,3,minus_y,minus_x,0.10115523147105343,0.1015412765603545,0.00038604508930106807,0.0,0.5,0.1015412765603545,0.10115523147105343,0.08639135485834992,0.6348615288734436,0.9730961918830872,0.018056049942970276
pose_novelty,Cross,11,0,4,minus_x,minus_x,0.03022328442176181,0.03022328442176181,0.0,1.0,0.5,0.03022328442176181,0.018204861644132042,0.019999335513779193,0.4235547184944153,0.2310645878314972,0.0016148772556334734
pose_novelty,Cross,0,0,0,minus_x,minus_x,0.23602319612760114,0.23602319612760114,0.0,1.0,1.0,0.23602319612760114,0.16157717541414712,0.14259066458847253,1.8583897352218628,0.9731946587562561,0.0071174451150000095
pose_novelty,Cross,0,0,1,minus_x,minus_x,0.21599806372552133,0.21599806372552133,0.0,1.0,1.0,0.21599806372552133,0.13675833673544058,0.10728178524410559,1.8583298921585083,0.9731945991516113,0.011335124261677265
pose_novelty,Cross,0,0,2,minus_y,minus_y,0.024900530545367117,0.024900530545367117,0.0,1.0,1.0,0.006390514197746722,0.024900530545367117,-0.03491082140766155,0.8632773160934448,0.9731934070587158,0.006550242193043232
pose_novelty,Cross,0,0,3,minus_x,minus_x,0.08105257405918576,0.08105257405918576,0.0,1.0,0.5,0.08105257405918576,0.07273358614606773,0.07716044590337612,0.7951532006263733,0.6325377821922302,0.03633302450180054
pose_novelty,Cross,0,0,4,minus_x,minus_y,0.016469792087247526,0.03957301867735474,0.023103226590107218,0.0,0.5,0.016469792087247526,0.03957301867735474,0.01457787622911122,0.9802120923995972,0.805929958820343,0.013824338093400002
pose_novelty,Bowl,8,0,0,minus_x,minus_x,0.19574609678744948,0.19574609678744948,0.0,1.0,0.5,0.19574609678744948,0.03223412112793378,0.09358216733191727,1.8584223985671997,0.9731943607330322,0.003075862769037485
pose_novelty,Bowl,8,0,1,minus_x,minus_x,0.11496287858446053,0.11496287858446053,0.0,1.0,1.0,0.11496287858446053,0.06943093712662918,0.015257115898876239,1.8583978414535522,0.9731494784355164,0.01372828334569931
pose_novelty,Bowl,8,0,2,minus_y,minus_y,0.0670982678274541,0.0670982678274541,0.0,1.0,0.5,0.009808760264048644,0.0670982678274541,0.04024330248001573,0.29567113518714905,0.9731890559196472,0.005539820063859224
pose_novelty,Bowl,8,0,3,minus_y,minus_x,0.018463008181456075,0.06143523709714038,0.04297222891568431,0.0,-0.5,0.06143523709714038,0.018463008181456075,0.02954444373634213,0.4428304135799408,0.973195493221283,0.001085833995603025
pose_novelty,Bowl,8,0,4,minus_y,minus_x,0.005865750002556291,0.047198734708033374,0.04133298470547708,0.0,0.5,0.047198734708033374,0.005865750002556291,0.002046818778974724,0.6547180414199829,0.8756888508796692,0.007000459358096123
pose_novelty,Bowl,13,0,0,minus_x,minus_x,0.30004341354798253,0.30004341354798253,0.0,1.0,0.5,0.30004341354798253,0.09724106233687357,0.27003790476914996,1.858426570892334,0.9731935858726501,0.002567820716649294
pose_novelty,Bowl,13,0,1,minus_x,minus_y,0.11715451590402537,0.11739469787176615,0.00024018196774078238,0.0,0.5,0.11715451590402537,0.11739469787176615,0.06753705554248646,1.858423113822937,0.5997852087020874,0.007546215318143368
pose_novelty,Bowl,13,0,2,minus_x,minus_x,0.1430268311304631,0.1430268311304631,0.0,1.0,0.5,0.1430268311304631,0.038743728649473175,0.04705381781188289,0.9347327947616577,0.8625449538230896,0.006085291970521212
pose_novelty,Bowl,13,0,3,minus_y,minus_x,0.025415441017763052,0.05032231058159853,0.024906869563835476,0.0,-0.5,0.05032231058159853,0.025415441017763052,0.026819764372580157,0.41935300827026367,0.9731760025024414,0.009429940953850746
pose_novelty,Bowl,13,0,4,minus_y,plus_z,0.023990946420979098,0.041982553019991986,0.017991606599012888,0.0,-0.5,0.023519015778845742,0.023990946420979098,0.041982553019991986,0.22136110067367554,0.648510217666626,0.008998790755867958
pose_novelty,Bowl,4,0,0,minus_x,minus_x,0.26186080190830824,0.26186080190830824,0.0,1.0,1.0,0.26186080190830824,0.1641170098779658,0.04250591276458271,1.8584147691726685,0.9730972051620483,0.018382292240858078
pose_novelty,Bowl,4,0,1,minus_x,minus_x,0.17853204615869955,0.17853204615869955,0.0,1.0,1.0,0.17853204615869955,0.17714839675507887,0.09892283509376099,1.8584201335906982,0.9731892347335815,0.005399529356509447
pose_novelty,Bowl,4,0,2,minus_y,plus_z,0.02425147416040574,0.053867738236636487,0.029616264076230747,0.0,-0.5,0.005668900051917114,0.02425147416040574,0.053867738236636487,0.8133016228675842,0.9731954336166382,0.0009099398157559335
pose_novelty,Bowl,4,0,3,minus_x,plus_z,-0.07349127547608192,-0.06761498764025009,0.005876287835831828,0.0,-0.5,-0.07349127547608192,-0.07763861431808461,-0.06761498764025009,1.1528409719467163,0.9731706976890564,0.01271837204694748
pose_novelty,Bowl,4,0,4,minus_x,minus_y,0.03170435439147157,0.05452184682229122,0.022817492430819653,0.0,-0.5,0.03170435439147157,0.05452184682229122,0.03459450300471789,0.9398515820503235,0.815104067325592,0.03601015359163284
pose_novelty,Bowl,1,0,0,minus_x,minus_x,0.29195723717760985,0.29195723717760985,0.0,1.0,1.0,0.29195723717760985,0.15733323946467198,0.08217195109188519,1.8583625555038452,0.9731944799423218,0.009299516677856445
pose_novelty,Bowl,1,0,1,minus_x,minus_x,0.09719736529356549,0.09719736529356549,0.0,1.0,1.0,0.09719736529356549,0.07370571380077617,0.030215647541730783,1.858424186706543,0.9731776118278503,0.007887354120612144
pose_novelty,Bowl,1,0,2,minus_x,minus_x,0.058309586895081145,0.058309586895081145,0.0,1.0,0.5,0.058309586895081145,0.03762580285671735,0.04621845190372009,0.9832518696784973,0.9731876254081726,0.006903728935867548
pose_novelty,Bowl,1,0,3,minus_x,plus_z,0.0367639847351261,0.04073793308453377,0.003973948349407674,0.0,-0.5,0.0367639847351261,0.03506667470277691,0.04073793308453377,1.067590355873108,0.973195493221283,0.001729072188027203
pose_novelty,Bowl,1,0,4,minus_y,minus_y,0.037983512214250226,0.037983512214250226,0.0,1.0,0.5,0.011604891431242215,0.037983512214250226,0.02600132957581247,0.2645142674446106,0.973195493221283,0.0009623956284485757
pose_novelty,Bowl,12,0,0,minus_x,minus_x,0.23095230279492385,0.23095230279492385,0.0,1.0,1.0,0.23095230279492385,0.20645022832684423,0.08531024847232399,1.8583945035934448,0.9731953144073486,0.00652519753202796
pose_novelty,Bowl,12,0,1,minus_x,minus_x,0.1692635421231281,0.1692635421231281,0.0,1.0,0.5,0.1692635421231281,0.04521547598252473,0.14790424140747693,1.8584190607070923,0.9731912612915039,0.004885261878371239
pose_novelty,Bowl,12,0,2,minus_y,minus_y,0.049223935283279396,0.049223935283279396,0.0,1.0,0.5,0.03125500887941357,0.049223935283279396,0.04048396779614549,0.801329493522644,0.9731870293617249,0.005506401415914297
pose_novelty,Bowl,12,0,3,minus_y,minus_x,0.007548336527608668,0.03380185783845968,0.026253521310851013,0.0,0.5,0.03380185783845968,0.007548336527608668,0.0028148292587539814,0.6994929909706116,0.9731659889221191,0.00987270474433899
pose_novelty,Bowl,12,0,4,minus_y,minus_x,0.04405200240473295,0.058432400214951996,0.014380397810219048,0.0,-0.5,0.058432400214951996,0.04405200240473295,0.051172430218986875,0.748448371887207,0.9731876254081726,0.005171680357307196
pose_novelty,Bowl,7,0,0,minus_x,minus_x,0.23952074729534056,0.23952074729534056,0.0,1.0,0.5,0.23952074729534056,0.1646325328553535,0.17747886138402125,1.8583178520202637,0.9731661081314087,0.015415845438838005
pose_novelty,Bowl,7,0,1,minus_x,minus_x,0.12427550068456494,0.12427550068456494,0.0,1.0,0.5,0.12427550068456494,0.03342325452662942,0.048502323490564714,1.8584264516830444,0.9731773138046265,0.007753242738544941
pose_novelty,Bowl,7,0,2,minus_y,minus_y,-0.0006042015469505113,-0.0006042015469505113,0.0,1.0,1.0,-0.008999873215171483,-0.0006042015469505113,-0.024337916625414513,0.3723132908344269,0.9731885194778442,0.005577299278229475
pose_novelty,Bowl,7,0,3,minus_y,minus_x,0.03111102721265202,0.041583949201241976,0.010472921988589956,0.0,0.5,0.041583949201241976,0.03111102721265202,0.006808019940631738,0.1917930543422699,0.9731192588806152,0.019696896895766258
pose_novelty,Bowl,7,0,4,minus_y,minus_x,0.019123413145464063,0.12244435936613551,0.10332094622067145,0.0,0.5,0.12244435936613551,0.019123413145464063,0.015201445104711664,0.3000171482563019,0.7831614017486572,0.008557060733437538
pose_novelty,Bowl,14,0,0,minus_x,minus_x,0.1747502697276817,0.1747502697276817,0.0,1.0,1.0,0.1747502697276817,0.16024770500928032,0.08526297162847496,1.8584239482879639,0.9731703996658325,0.009270809590816498
pose_novelty,Bowl,14,0,1,minus_x,minus_x,0.1562826714981025,0.1562826714981025,0.0,1.0,1.0,0.1562826714981025,0.08114577160741676,0.07848427055580343,1.8584237098693848,0.9731950163841248,0.002360182348638773
pose_novelty,Bowl,14,0,2,minus_x,minus_x,0.05506720776956375,0.05506720776956375,0.0,1.0,0.5,0.05506720776956375,0.003791719714391295,0.05133383252012236,1.3395508527755737,0.9731890559196472,0.005004236940294504
pose_novelty,Bowl,14,0,3,minus_x,minus_x,0.03654840658779013,0.03654840658779013,0.0,1.0,0.5,0.03654840658779013,0.011433333579507932,0.020490903355081524,1.164284110069275,0.29563140869140625,0.009171439334750175
pose_novelty,Bowl,14,0,4,minus_y,minus_y,0.016137510311187264,0.016137510311187264,0.0,1.0,0.5,-0.012286560233114252,0.016137510311187264,0.0029102130810340077,0.8095700740814209,0.9319133162498474,0.0046315742656588554
pose_novelty,Bowl,2,0,0,minus_x,minus_y,0.14779582283526949,0.20548571750280098,0.057689894667531494,0.0,-0.5,0.14779582283526949,0.20548571750280098,0.15936349950818252,1.8583961725234985,0.9731950759887695,0.006408426444977522
pose_novelty,Bowl,2,0,1,minus_x,minus_x,0.18310014197484625,0.18310014197484625,0.0,1.0,1.0,0.18310014197484625,0.17991034134264394,0.09904745696144246,1.858426570892334,0.9731891751289368,0.004591077566146851
pose_novelty,Bowl,2,0,2,minus_x,minus_x,0.031382398379024234,0.031382398379024234,0.0,1.0,1.0,0.031382398379024234,0.028362144031891412,-0.015373461114105869,1.8583499193191528,0.9731886982917786,0.0110423993319273
pose_novelty,Bowl,2,0,3,minus_y,plus_z,0.0667691838736314,0.07577572302328728,0.009006539149655879,0.0,-0.5,0.06235573515611037,0.0667691838736314,0.07577572302328728,0.0820050910115242,0.9729591608047485,0.03516234830021858
pose_novelty,Bowl,2,0,4,minus_y,minus_x,0.03733456846493166,0.045569903053818694,0.008235334588887033,0.0,0.5,0.045569903053818694,0.03733456846493166,0.033853980438452114,0.1094428226351738,0.9731954336166382,0.002270482014864683
pose_novelty,Bowl,6,0,0,minus_x,minus_y,0.1920450061060618,0.21882031866438806,0.02677531255832627,0.0,0.5,0.1920450061060618,0.21882031866438806,0.03139186493863422,1.8584225177764893,0.9731890559196472,0.005156800150871277
pose_novelty,Bowl,6,0,1,minus_x,minus_y,0.16192345730449786,0.22566911837890913,0.06374566107441126,0.0,0.5,0.16192345730449786,0.22566911837890913,0.09961287442434352,1.8583989143371582,0.9731950759887695,0.006124395411461592
pose_novelty,Bowl,6,0,2,minus_y,minus_y,0.04893348710425549,0.04893348710425549,0.0,1.0,1.0,0.018737076573737133,0.04893348710425549,-0.011367753760754273,0.8392375111579895,0.9731955528259277,0.00608643377199769
pose_novelty,Bowl,6,0,3,minus_x,minus_x,0.1110835548089748,0.1110835548089748,0.0,1.0,1.0,0.1110835548089748,0.10311857355687626,0.09919917123583455,1.2314074039459229,0.9728269577026367,0.036069877445697784
pose_novelty,Bowl,6,0,4,minus_y,minus_y,0.04902297468520811,0.04902297468520811,0.0,1.0,0.5,0.023462407696874688,0.04902297468520811,0.03250096287091442,0.6523090600967407,0.9731914401054382,0.004092761781066656
pose_novelty,Bowl,3,0,0,minus_x,minus_x,0.32077351976914004,0.32077351976914004,0.0,1.0,0.5,0.32077351976914004,0.14820816877841925,0.15845884040363933,1.8584253787994385,0.9731956124305725,0.0012314536143094301
pose_novelty,Bowl,3,0,1,minus_x,minus_x,0.1552709436771269,0.1552709436771269,0.0,1.0,1.0,0.1552709436771269,0.10356200268513649,0.07224251952998051,1.8584002256393433,0.9731884002685547,0.007599045056849718
pose_novelty,Bowl,3,0,2,minus_y,minus_x,0.03632715404675524,0.06020284183547209,0.02387568778871685,0.0,-0.5,0.06020284183547209,0.03632715404675524,0.0387256392769606,0.7965476512908936,0.9731953144073486,0.001007171580567956
pose_novelty,Bowl,3,0,3,minus_x,plus_z,0.05743012091752986,0.0598000212998937,0.002369900382363843,0.0,-0.5,0.05743012091752986,0.05133307365619366,0.0598000212998937,0.9961878657341003,0.9731913208961487,0.003853257978335023
pose_novelty,Bowl,3,0,4,minus_x,plus_z,0.07076703492437064,0.07394067188216524,0.003173636957794601,0.0,-0.5,0.07076703492437064,0.023800459984785638,0.07394067188216524,1.0590475797653198,0.5343747735023499,0.0029402838554233313
pose_novelty,Bowl,9,0,0,minus_x,minus_x,0.2597724210157057,0.2597724210157057,0.0,1.0,1.0,0.2597724210157057,0.07864848511882905,0.042203157285327364,1.8584260940551758,0.9731915593147278,0.0037219910882413387
pose_novelty,Bowl,9,0,1,minus_x,minus_x,0.12629233177479748,0.12629233177479748,0.0,1.0,1.0,0.12629233177479748,0.12089426287105298,0.10700903897694913,1.8583786487579346,0.9731568098068237,0.013755484484136105
pose_novelty,Bowl,9,0,2,minus_x,plus_z,0.016069138763649793,0.04213625597793269,0.026067117214282898,0.0,-1.0,0.016069138763649793,0.018208278259626676,0.04213625597793269,1.223078966140747,0.9731772541999817,0.007852478884160519
pose_novelty,Bowl,9,0,3,minus_y,plus_z,0.04087703653107144,0.04402928991871091,0.00315225338763947,0.0,-1.0,0.043775480892978,0.04087703653107144,0.04402928991871091,0.6723581552505493,0.8846592307090759,0.037953637540340424
pose_novelty,Bowl,9,0,4,minus_x,minus_x,-0.02623347603462267,-0.02623347603462267,0.0,1.0,1.0,-0.02623347603462267,-0.027322110688028367,-0.04940418202095065,0.6264909505844116,0.3708682358264923,0.0059148515574634075
pose_novelty,Bowl,10,0,0,minus_x,minus_x,0.28409907202078677,0.28409907202078677,0.0,1.0,1.0,0.28409907202078677,0.2775288541023433,0.10604492963344717,1.8584253787994385,0.9731921553611755,0.0035855970345437527
pose_novelty,Bowl,10,0,1,minus_x,minus_x,0.18171839101941256,0.18171839101941256,0.0,1.0,1.0,0.18171839101941256,0.07111890925988085,0.019483174532024194,1.8584262132644653,0.9731824994087219,0.006594177335500717
pose_novelty,Bowl,10,0,2,minus_y,minus_y,0.1277638259434246,0.1277638259434246,0.0,1.0,0.5,0.03937255443115273,0.1277638259434246,0.08010654188384803,0.1601978838443756,0.9731861352920532,0.0061394465155899525
pose_novelty,Bowl,10,0,3,minus_y,minus_x,0.020182784645981777,0.04480558726439088,0.0246228026184091,0.0,-0.5,0.04480558726439088,0.020182784645981777,0.022692331206681238,0.28022176027297974,0.6915016770362854,0.003932503517717123
pose_novelty,Bowl,10,0,4,minus_y,minus_y,0.04217743929698892,0.04217743929698892,0.0,1.0,1.0,0.02616891362603202,0.04217743929698892,0.01026916816284329,0.4538031220436096,0.9001052975654602,0.0051870932802557945
pose_novelty,Bowl,5,0,0,minus_x,minus_x,0.164921184260425,0.164921184260425,0.0,1.0,1.0,0.164921184260425,0.13831484979148762,0.10388318764852333,1.858426570892334,0.9731945395469666,0.0018851105123758316
pose_novelty,Bowl,5,0,1,minus_x,minus_x,0.13974837186513422,0.13974837186513422,0.0,1.0,0.5,0.13974837186513422,0.024404388788030418,0.07066838556503685,1.8584246635437012,0.9731923937797546,0.003591703251004219
pose_novelty,Bowl,5,0,2,minus_y,minus_y,0.08914874035723186,0.08914874035723186,0.0,1.0,0.5,0.04376118096272952,0.08914874035723186,0.07918345988337538,0.6737439036369324,0.973192572593689,0.017323652282357216
pose_novelty,Bowl,5,0,3,minus_x,minus_x,0.053774979687588265,0.053774979687588265,0.0,1.0,1.0,0.053774979687588265,0.03801449691997627,0.02331472270603918,1.1221145391464233,0.6173449158668518,0.01172496285289526
pose_novelty,Bowl,5,0,4,minus_x,plus_z,0.003919332969857803,0.02886432788912363,0.024944994919265828,0.0,-1.0,0.003919332969857803,0.008547536034816283,0.02886432788912363,0.9306473731994629,0.6699469089508057,0.006493533495813608
pose_novelty,Bowl,11,0,0,minus_x,minus_x,0.19576297317262364,0.19576297317262364,0.0,1.0,1.0,0.19576297317262364,0.18721073394909954,0.1389787494145745,1.858425498008728,0.9731868505477905,0.005480316001921892
pose_novelty,Bowl,11,0,1,minus_x,minus_x,0.19872276777390896,0.19872276777390896,0.0,1.0,1.0,0.19872276777390896,0.16387635975777104,0.1244836511946984,1.8584039211273193,0.9731922149658203,0.006369094364345074
pose_novelty,Bowl,11,0,2,minus_x,minus_x,0.06873361701344549,0.06873361701344549,0.0,1.0,1.0,0.06873361701344549,0.045754255386628695,0.04022577263929161,1.6332863569259644,0.9731758236885071,0.010039713233709335
pose_novelty,Bowl,11,0,3,minus_y,minus_y,0.058175146942016975,0.058175146942016975,0.0,1.0,1.0,0.048241350963250995,0.058175146942016975,0.038775061568265046,0.5902899503707886,0.9731830954551697,0.008335229009389877
pose_novelty,Bowl,11,0,4,minus_y,minus_y,0.03682156184738394,0.03682156184738394,0.0,1.0,0.5,0.006723043257556349,0.03682156184738394,0.01847651752602475,0.7370267510414124,0.9731814861297607,0.011346288025379181
pose_novelty,Bowl,0,0,0,minus_x,minus_x,0.2964142719550918,0.2964142719550918,0.0,1.0,1.0,0.2964142719550918,0.17574940487151813,0.1239715316519786,1.8584214448928833,0.9731905460357666,0.004815526772290468
pose_novelty,Bowl,0,0,1,minus_x,minus_y,0.08880822159730228,0.09169795967184602,0.002889738074543735,0.0,0.5,0.08880822159730228,0.09169795967184602,0.06297600276086757,1.8584139347076416,0.9731922745704651,0.005212885327637196
pose_novelty,Bowl,0,0,2,minus_x,minus_x,0.11040129615438132,0.11040129615438132,0.0,1.0,1.0,0.11040129615438132,0.04213538853930576,0.010714330415638407,1.1249043941497803,0.9731818437576294,0.008463879115879536
pose_novelty,Bowl,0,0,3,minus_x,plus_z,0.043546393841743525,0.049993064091220174,0.006446670249476649,0.0,-0.5,0.043546393841743525,0.020540640000979882,0.049993064091220174,1.1988047361373901,0.38776686787605286,0.00983960460871458
pose_novelty,Bowl,0,0,4,minus_y,minus_x,0.007827345305115863,0.008567956581390979,0.000740611276275116,0.0,-0.5,0.008567956581390979,0.007827345305115863,0.008449292082314153,0.42377862334251404,0.7491949796676636,0.0076437522657215595
pose_novelty,Cube,8,0,0,minus_x,minus_x,0.23172755424714453,0.23172755424714453,0.0,1.0,1.0,0.23172755424714453,0.08830938386972242,0.08023670757045104,1.8584251403808594,0.9731953144073486,0.0016758530400693417
pose_novelty,Cube,8,0,1,minus_x,minus_x,0.13563871760950985,0.13563871760950985,0.0,1.0,0.5,0.13563871760950985,0.05902418345903626,0.07754348360398522,1.8584134578704834,0.9731943011283875,0.0046171946451067924
pose_novelty,Cube,8,0,2,minus_x,minus_x,0.11742794838851367,0.11742794838851367,0.0,1.0,0.5,0.11742794838851367,0.009288020038599187,0.017244792375770923,1.086108684539795,0.9070937633514404,0.0034210518933832645
pose_novelty,Cube,8,0,3,minus_x,minus_x,0.10751153395210655,0.10751153395210655,0.0,1.0,1.0,0.10751153395210655,0.02773148322930985,0.009610977227509587,1.3650232553482056,0.4438132345676422,0.017031414434313774
pose_novelty,Cube,8,0,4,minus_y,plus_z,0.0012973351610959805,0.003910758423620875,0.0026134232625248943,0.0,-1.0,0.0037937493288097146,0.0012973351610959805,0.003910758423620875,0.2612888514995575,0.9117252230644226,0.004094909410923719
pose_novelty,Cube,13,0,0,minus_x,minus_y,0.1304162118358923,0.18320221063221942,0.052785998796327116,0.0,0.5,0.1304162118358923,0.18320221063221942,0.11018129950199784,1.8583691120147705,0.9731950163841248,0.008740750141441822
pose_novelty,Cube,13,0,1,minus_x,minus_x,0.24567492244637212,0.24567492244637212,0.0,1.0,1.0,0.24567492244637212,0.20477622404811036,0.17731365234878782,1.858422875404358,0.9731943607330322,0.0029639580752700567
pose_novelty,Cube,13,0,2,minus_x,minus_x,0.13276212224312423,0.13276212224312423,0.0,1.0,1.0,0.13276212224312423,0.07918857467672435,0.026888827806749505,1.6213898658752441,0.9731951355934143,0.004995990544557571
pose_novelty,Cube,13,0,3,minus_y,minus_x,0.07657498807983942,0.08358041858930587,0.007005430509466448,0.0,0.5,0.08358041858930587,0.07657498807983942,0.029788340113641176,0.7288418412208557,0.9731763601303101,0.010080091655254364
pose_novelty,Cube,13,0,4,minus_y,minus_x,0.0012313672046596613,0.04143604742666418,0.04020468022200452,0.0,-0.5,0.04143604742666418,0.0012313672046596613,0.009873298795416652,0.6675230860710144,0.9731919765472412,0.0035741981118917465
pose_novelty,Cube,4,0,0,minus_x,minus_x,0.34828932458047124,0.34828932458047124,0.0,1.0,1.0,0.34828932458047124,0.22609639227199196,0.1589800047818828,1.8584210872650146,0.9731956124305725,0.00267730257473886
pose_novelty,Cube,4,0,1,minus_x,minus_x,0.14520910008849108,0.14520910008849108,0.0,1.0,0.5,0.14520910008849108,0.043315483478054695,0.09970761820439322,1.8584184646606445,0.9731921553611755,0.004666462074965239
pose_novelty,Cube,4,0,2,minus_y,minus_x,0.025641670605563105,0.028541438108823702,0.0028997675032605974,0.0,0.5,0.028541438108823702,0.025641670605563105,0.007161887697915592,0.8924188017845154,0.9731860160827637,0.009256132878363132
pose_novelty,Cube,4,0,3,minus_y,minus_y,0.03304390650698186,0.03304390650698186,0.0,1.0,0.5,0.015604828116896452,0.03304390650698186,0.02065934594161023,0.8977953195571899,0.9731786847114563,0.008255207911133766
pose_novelty,Cube,4,0,4,minus_x,minus_y,0.023611729825433914,0.03754261649920265,0.013930886673768739,0.0,0.5,0.023611729825433914,0.03754261649920265,0.002988685823125392,1.2727421522140503,0.4649728536605835,0.00447071110829711
pose_novelty,Cube,1,0,0,minus_x,minus_x,0.32764536095734703,0.32764536095734703,0.0,1.0,1.0,0.32764536095734703,0.09677066015162111,0.07612573942574002,1.8584264516830444,0.9731857180595398,0.005706884898245335
pose_novelty,Cube,1,0,1,minus_x,minus_x,0.07097610171781077,0.07097610171781077,0.0,1.0,0.5,0.07097610171781077,0.039954780729166695,0.05479391744603501,1.8583072423934937,0.9731911420822144,0.013014024123549461
pose_novelty,Cube,1,0,2,minus_x,minus_x,0.11867566591717205,0.11867566591717205,0.0,1.0,1.0,0.11867566591717205,0.09201870282175628,0.04281358379042588,1.2966424226760864,0.9731953144073486,0.0012422892032191157
pose_novelty,Cube,1,0,3,minus_x,plus_z,0.023475534460649095,0.027413981843472657,0.003938447382823562,0.0,-0.5,0.023475534460649095,0.02067096269638702,0.027413981843472657,1.0774602890014648,0.9731950163841248,0.001522769220173359
pose_novelty,Cube,1,0,4,minus_y,plus_z,-0.0002103670883376596,0.007905462610974467,0.008115829699312127,0.0,-1.0,0.005852472783404283,-0.0002103670883376596,0.007905462610974467,0.9690130352973938,0.9731914401054382,0.008297793567180634
pose_novelty,Cube,12,0,0,minus_x,minus_x,0.28171954927038856,0.28171954927038856,0.0,1.0,0.5,0.28171954927038856,0.09109508849966175,0.10728382832014732,1.858423113822937,0.9731915593147278,0.004198180511593819
pose_novelty,Cube,12,0,1,minus_x,minus_x,0.1574941888371163,0.1574941888371163,0.0,1.0,0.5,0.1574941888371163,0.015722188624864075,0.040044528150168124,1.8584257364273071,0.9731897711753845,0.004492244217544794
pose_novelty,Cube,12,0,2,minus_y,minus_x,0.02683201418952308,0.06219442291510735,0.03536240872558427,0.0,0.5,0.06219442291510735,0.02683201418952308,0.024763655365008574,0.8085536360740662,0.9731922149658203,0.0035701922606676817
pose_novelty,Cube,12,0,3,minus_x,minus_x,-0.026363136256664088,-0.026363136256664088,0.0,1.0,0.5,-0.026363136256664088,-0.03982860565515489,-0.031997718629699023,0.9626582860946655,0.8432050347328186,0.009068537503480911
pose_novelty,Cube,12,0,4,minus_y,minus_x,0.010682057750878271,0.04984871083035458,0.03916665307947631,0.0,-0.5,0.04984871083035458,0.010682057750878271,0.040204724171891026,0.3679889738559723,0.4650684595108032,0.056774258613586426
pose_novelty,Cube,7,0,0,minus_x,minus_x,0.23755274478933475,0.23755274478933475,0.0,1.0,0.5,0.23755274478933475,0.06523786018750011,0.0878180709567074,1.8584260940551758,0.9731955528259277,0.0009067780338227749
pose_novelty,Cube,7,0,1,minus_x,minus_x,0.2526980593820868,0.2526980593820868,0.0,1.0,1.0,0.2526980593820868,0.09889488544172731,0.058639021912492484,1.858426570892334,0.973177433013916,0.007721686270087957
pose_novelty,Cube,7,0,2,minus_x,minus_x,0.029465676547803965,0.029465676547803965,0.0,1.0,0.5,0.029465676547803965,0.0059145717098094686,0.007575098902135258,1.0026220083236694,0.6213788390159607,0.0036335051991045475
pose_novelty,Cube,7,0,3,minus_x,minus_x,0.02592985050697061,0.02592985050697061,0.0,1.0,0.5,0.02592985050697061,0.0025823367853841095,0.01021502184186407,1.1148101091384888,0.6661290526390076,0.009772672317922115
pose_novelty,Cube,7,0,4,minus_y,minus_x,0.013167919889385593,0.02436757140487089,0.011199651515485298,0.0,0.5,0.02436757140487089,0.013167919889385593,0.006272999753354047,0.688442051410675,0.9731531143188477,0.011807555332779884
pose_novelty,Cube,14,0,0,minus_x,minus_x,0.22608354142699133,0.22608354142699133,0.0,1.0,0.5,0.22608354142699133,0.050881874364644364,0.08572197455367464,1.858426570892334,0.97319495677948,0.001478960970416665
pose_novelty,Cube,14,0,1,minus_x,minus_x,0.15268256149052906,0.15268256149052906,0.0,1.0,0.5,0.15268256149052906,0.044301245655601895,0.06132932750794884,1.8584256172180176,0.9731770753860474,0.007866669446229935
pose_novelty,Cube,14,0,2,minus_y,plus_z,0.03875883170445382,0.06022755261577295,0.021468720911319128,0.0,-0.5,0.033575479178372,0.03875883170445382,0.06022755261577295,0.7939516305923462,0.9731894135475159,0.006155509036034346
pose_novelty,Cube,14,0,3,minus_y,minus_x,0.02936779663178546,0.044445518241311155,0.015077721609525696,0.0,0.5,0.044445518241311155,0.02936779663178546,0.02218235733230367,0.658595085144043,0.951189398765564,0.005218999460339546
pose_novelty,Cube,14,0,4,minus_x,minus_x,0.040793965735403614,0.040793965735403614,0.0,1.0,1.0,0.040793965735403614,0.02249931739371236,0.013148684542007905,0.9104621410369873,0.725357711315155,0.007056870497763157
pose_novelty,Cube,2,0,0,minus_x,plus_z,0.13181078863680634,0.17726038444478837,0.045449595807982024,0.0,-0.5,0.13181078863680634,0.11390568413700619,0.17726038444478837,1.8584251403808594,0.9731955528259277,0.0014015507185831666
pose_novelty,Cube,2,0,1,minus_x,minus_y,-0.03547136090504921,0.09421753353699469,0.1296888944420439,0.0,-0.5,-0.03547136090504921,0.09421753353699469,0.07008012051710477,1.858422040939331,0.9731818437576294,0.007143940310925245
pose_novelty,Cube,2,0,2,minus_x,minus_x,0.289706539981185,0.289706539981185,0.0,1.0,1.0,0.289706539981185,0.2578987334157026,0.13771351280468525,1.8573824167251587,0.9731109142303467,0.04038789123296738
pose_novelty,Cube,2,0,3,minus_x,minus_x,0.050106431398921125,0.050106431398921125,0.0,1.0,0.5,0.050106431398921125,0.03621345477583848,0.03757811040596426,1.0074952840805054,0.9731952548027039,0.0019766592886298895
pose_novelty,Cube,2,0,4,minus_x,minus_x,0.0972945378977127,0.0972945378977127,0.0,1.0,1.0,0.0972945378977127,0.010136951130703564,0.0034587572453148585,1.3215845823287964,0.6381658911705017,0.0048996759578585625
pose_novelty,Cube,6,0,0,minus_x,minus_x,0.15945031479185856,0.15945031479185856,0.0,1.0,1.0,0.15945031479185856,0.09458668891011268,0.038143723051602074,1.8583885431289673,0.9731935262680054,0.007490231189876795
pose_novelty,Cube,6,0,1,minus_x,minus_x,0.12282392837975264,0.12282392837975264,0.0,1.0,0.5,0.12282392837975264,0.03970805751784967,0.04595901208779685,1.7657585144042969,0.9731942415237427,0.00583788612857461
pose_novelty,Cube,6,0,2,minus_y,plus_z,0.008270018924990907,0.07919041172321906,0.07092039279822815,0.0,-1.0,0.04211010844933638,0.008270018924990907,0.07919041172321906,0.31473398208618164,0.6321789622306824,0.004578982014209032
pose_novelty,Cube,6,0,3,minus_y,minus_y,0.056496045455283306,0.056496045455283306,0.0,1.0,1.0,-0.005842501393361954,0.056496045455283306,-0.037197767163478335,0.5624591112136841,0.9731876254081726,0.0055789765901863575
pose_novelty,Cube,6,0,4,minus_x,minus_x,0.034004379224662484,0.034004379224662484,0.0,1.0,1.0,0.034004379224662484,0.02246080353669755,0.019389784584511127,0.9329248070716858,0.5733977556228638,0.03732895851135254
pose_novelty,Cube,3,0,0,minus_x,minus_x,0.28507325730123445,0.28507325730123445,0.0,1.0,1.0,0.28507325730123445,0.1338997475363327,0.06897750212594267,1.858394742012024,0.9731887578964233,0.007983332499861717
pose_novelty,Cube,3,0,1,minus_x,minus_x,0.078363272507877,0.078363272507877,0.0,1.0,1.0,0.078363272507877,0.019454261918463556,0.008245243724175899,1.8584206104278564,0.9731941223144531,0.0035383182112127542
pose_novelty,Cube,3,0,2,minus_y,minus_y,0.13299652618235824,0.13299652618235824,0.0,1.0,1.0,0.04110717839209799,0.13299652618235824,0.0016706568619471174,0.7011691331863403,0.9731928706169128,0.010224718600511551
pose_novelty,Cube,3,0,3,minus_y,minus_y,0.01563826307215954,0.01563826307215954,0.0,1.0,0.5,0.011817714803746604,0.01563826307215954,0.013106430629192367,0.5020935535430908,0.9731956124305725,0.003018909366801381
pose_novelty,Cube,3,0,4,minus_y,minus_x,0.004812520511947138,0.025877678208855004,0.021065157696907866,0.0,-0.5,0.025877678208855004,0.004812520511947138,0.012318465783992094,0.5656829476356506,0.7819734811782837,0.002013574121519923
pose_novelty,Cube,9,0,0,minus_x,minus_x,0.21047765220868092,0.21047765220868092,0.0,1.0,0.5,0.21047765220868092,0.03946801439984188,0.06908304997113496,1.8584260940551758,0.9731849431991577,0.0059588998556137085
pose_novelty,Cube,9,0,1,minus_x,minus_x,0.13088184576687978,0.13088184576687978,0.0,1.0,1.0,0.13088184576687978,0.03911386430876773,0.004391912288368438,1.858413577079773,0.97319495677948,0.004352166783064604
pose_novelty,Cube,9,0,2,minus_x,plus_z,0.03684365341572404,0.04750600094444435,0.010662347528720306,0.0,-0.5,0.03684365341572404,0.03014936479706165,0.04750600094444435,1.0785032510757446,0.9731493592262268,0.014968090690672398
pose_novelty,Cube,9,0,3,minus_x,minus_y,0.030103216847800374,0.05693561121554691,0.026832394367746537,0.0,0.5,0.030103216847800374,0.05693561121554691,0.02606224031281934,1.038131594657898,0.9731904864311218,0.004626001697033644
pose_novelty,Cube,9,0,4,minus_y,minus_y,0.044945456739987955,0.044945456739987955,0.0,1.0,0.5,0.005943024641136829,0.044945456739987955,0.01635296540944675,0.38131895661354065,0.9731916785240173,0.004695720970630646
pose_novelty,Cube,10,0,0,minus_x,minus_x,0.21302634585203994,0.21302634585203994,0.0,1.0,1.0,0.21302634585203994,0.12092342095316855,0.09645396328533029,1.858426570892334,0.9731870293617249,0.00530040031298995
pose_novelty,Cube,10,0,1,minus_x,minus_x,0.1695804246191832,0.1695804246191832,0.0,1.0,1.0,0.1695804246191832,0.0963647621538759,0.037416476921162456,1.8584227561950684,0.9731893539428711,0.005032985471189022
pose_novelty,Cube,10,0,2,minus_y,plus_z,0.03940335125143757,0.050574675429502336,0.011171324178064768,0.0,-1.0,0.03944962153007403,0.03940335125143757,0.050574675429502336,0.5547967553138733,0.9731953144073486,0.0042227827943861485
pose_novelty,Cube,10,0,3,minus_y,plus_z,0.03189625904939586,0.053756498636201244,0.021860239586805386,0.0,-1.0,0.04102117721064824,0.03189625904939586,0.053756498636201244,0.7940662503242493,0.9731930494308472,0.005735083948820829
pose_novelty,Cube,10,0,4,minus_x,minus_x,0.03777287728542289,0.03777287728542289,0.0,1.0,0.5,0.03777287728542289,0.02089799645146251,0.027597260808437718,1.0738285779953003,0.9731544852256775,0.011814052239060402
pose_novelty,Cube,5,0,0,minus_x,minus_x,0.12958231724873043,0.12958231724873043,0.0,1.0,0.5,0.12958231724873043,0.11347526783154827,0.11659484365572964,1.8584213256835938,0.9731743335723877,0.008739779703319073
pose_novelty,Cube,5,0,1,minus_x,minus_x,0.23645736673677736,0.23645736673677736,0.0,1.0,1.0,0.23645736673677736,0.17551368968900266,0.13178047868577208,1.8584237098693848,0.9731941223144531,0.002935233525931835
pose_novelty,Cube,5,0,2,minus_x,minus_x,0.19045526136483248,0.19045526136483248,0.0,1.0,1.0,0.19045526136483248,0.06348923804993367,0.025343772168719303,1.3413100242614746,0.6782190799713135,0.002928250702098012
pose_novelty,Cube,5,0,3,minus_y,minus_x,0.01227232306583359,0.06734289183665909,0.0550705687708255,0.0,-0.5,0.06734289183665909,0.01227232306583359,0.02645448658119398,0.6185009479522705,0.9731807112693787,0.01113397441804409
pose_novelty,Cube,5,0,4,minus_y,minus_x,0.01902496647394125,0.03474588432332182,0.015720917849380567,0.0,0.5,0.03474588432332182,0.01902496647394125,0.003816306068118114,0.7028146982192993,0.9731839895248413,0.012669112533330917
pose_novelty,Cube,11,0,0,minus_x,minus_x,0.2778215842154842,0.2778215842154842,0.0,1.0,0.5,0.2778215842154842,0.17372415858434598,0.17511694071416994,1.8584057092666626,0.97318434715271,0.007989335805177689
pose_novelty,Cube,11,0,1,minus_x,minus_x,0.09567288907745686,0.09567288907745686,0.0,1.0,0.5,0.09567288907745686,0.04418144332776175,0.070468222899006,1.858406662940979,0.9731693267822266,0.01057469379156828
pose_novelty,Cube,11,0,2,minus_x,minus_x,0.13638227477427267,0.13638227477427267,0.0,1.0,1.0,0.13638227477427267,0.06965838321012918,0.03922328576237599,1.8584026098251343,0.9731869101524353,0.00771705899387598
pose_novelty,Cube,11,0,3,minus_y,plus_z,-0.0012341654949847847,0.03866490037334713,0.03989906586833192,0.0,-0.5,-0.0026620314074514706,-0.0012341654949847847,0.03866490037334713,0.8673986792564392,0.9731548428535461,0.011698294430971146
pose_novelty,Cube,11,0,4,minus_y,minus_y,0.01175864255115544,0.01175864255115544,0.0,1.0,1.0,0.010863553788370561,0.01175864255115544,-0.00556969466253876,0.7500757575035095,0.9731414318084717,0.017179984599351883
pose_novelty,Cube,0,0,0,minus_x,minus_x,0.34453419315154543,0.34453419315154543,0.0,1.0,1.0,0.34453419315154543,0.2336496262881011,0.11151615815560667,1.8584262132644653,0.9731918573379517,0.0035570841282606125
pose_novelty,Cube,0,0,1,minus_x,minus_x,0.21928640634601893,0.21928640634601893,0.0,1.0,0.5,0.21928640634601893,0.10353381879839818,0.12068203613276485,1.8583518266677856,0.973179042339325,0.012293401174247265
pose_novelty,Cube,0,0,2,minus_x,minus_x,0.09045589590897285,0.09045589590897285,0.0,1.0,1.0,0.09045589590897285,0.07839798503621409,0.01078733205381699,0.9783183932304382,0.9731891751289368,0.004710981156677008
pose_novelty,Cube,0,0,3,minus_x,minus_y,0.017906060060015938,0.04626660849402853,0.02836054843401259,0.0,0.5,0.017906060060015938,0.04626660849402853,0.007263153795178057,0.9245839715003967,0.8839823007583618,0.005800402257591486
pose_novelty,Cube,0,0,4,minus_y,minus_y,0.040735373535219166,0.040735373535219166,0.0,1.0,0.5,0.0035689799770336483,0.040735373535219166,0.01267776535369003,0.15136146545410156,0.4117093086242676,0.0025360011495649815
pose_novelty,Thin_Irregular,8,0,0,minus_x,minus_x,0.26782490209581944,0.26782490209581944,0.0,1.0,0.5,0.26782490209581944,0.0529658662672588,0.1843280870101347,1.858422040939331,0.9731943011283875,0.0031741675920784473
pose_novelty,Thin_Irregular,8,0,1,minus_x,minus_x,0.13145758162463972,0.13145758162463972,0.0,1.0,1.0,0.13145758162463972,0.0737047488573529,0.04649253493326888,1.8584165573120117,0.97319495677948,0.00387300131842494
pose_novelty,Thin_Irregular,8,0,2,minus_y,minus_y,0.09767280146833379,0.09767280146833379,0.0,1.0,1.0,0.06516474375270709,0.09767280146833379,0.04491828278467824,0.8510770797729492,0.973193883895874,0.005968160927295685
pose_novelty,Thin_Irregular,8,0,3,minus_x,minus_y,0.04196787814946101,0.043695912300945605,0.001728034151484592,0.0,0.5,0.04196787814946101,0.043695912300945605,0.004942711132860267,1.0934120416641235,0.9731955528259277,0.0025390388909727335
pose_novelty,Thin_Irregular,8,0,4,minus_x,minus_y,0.07253809326290761,0.08595436751707974,0.013416274254172134,0.0,0.5,0.07253809326290761,0.08595436751707974,0.03703098007375294,1.0044970512390137,0.41668665409088135,0.00617259694263339
pose_novelty,Thin_Irregular,13,0,0,minus_x,minus_x,0.16780887190451121,0.16780887190451121,0.0,1.0,1.0,0.16780887190451121,0.06179222950905372,0.03141331029502359,1.858426570892334,0.9731852412223816,0.005828097462654114
pose_novelty,Thin_Irregular,13,0,1,minus_x,plus_z,0.03749823255208362,0.040799387693435496,0.0033011551413518747,0.0,-0.5,0.03749823255208362,0.0017965934036214826,0.040799387693435496,1.858425498008728,0.6014311909675598,0.0020557744428515434
pose_novelty,Thin_Irregular,13,0,2,minus_x,minus_x,0.14186547847328823,0.14186547847328823,0.0,1.0,0.5,0.14186547847328823,0.024708137749653747,0.06313531406394712,1.858426570892334,0.8514195084571838,0.004216127563267946
pose_novelty,Thin_Irregular,13,0,3,minus_y,minus_x,0.03054649315684077,0.05679455521336363,0.02624806205652286,0.0,-0.5,0.05679455521336363,0.03054649315684077,0.05040693353545023,0.6716437935829163,0.9731944799423218,0.005779273342341185
pose_novelty,Thin_Irregular,13,0,4,minus_x,plus_z,0.00014208037270324603,0.0010326218785740027,0.0008905415058707566,0.0,-0.5,0.00014208037270324603,-0.00040645775482228697,0.0010326218785740027,0.872238278388977,0.3421230912208557,0.0026170392520725727
pose_novelty,Thin_Irregular,4,0,0,minus_x,minus_y,0.23686452783787487,0.24205018671822914,0.005185658880354271,0.0,0.5,0.23686452783787487,0.24205018671822914,0.22055487133808643,1.8584035634994507,0.9731939435005188,0.005934466607868671
pose_novelty,Thin_Irregular,4,0,1,minus_x,minus_x,0.15767042139553167,0.15767042139553167,0.0,1.0,1.0,0.15767042139553167,0.11608385486205075,0.1084978062938684,1.8583546876907349,0.9731955528259277,0.00965924747288227
pose_novelty,Thin_Irregular,4,0,2,minus_y,minus_y,0.08080670257883349,0.08080670257883349,0.0,1.0,0.5,0.0445719741154077,0.08080670257883349,0.0736329737846374,0.15099596977233887,0.973186731338501,0.011056642048060894
pose_novelty,Thin_Irregular,4,0,3,minus_y,minus_x,0.022428393615317455,0.055602266019370794,0.03317387240405334,0.0,0.5,0.055602266019370794,0.022428393615317455,0.008169243597968778,0.1334718018770218,0.9731668829917908,0.00999598391354084
pose_novelty,Thin_Irregular,4,0,4,minus_y,minus_x,0.0087206192459095,0.10939964413397552,0.10067902488806602,0.0,-0.5,0.10939964413397552,0.0087206192459095,0.049314002557286685,0.2277672439813614,0.8058138489723206,0.004732642322778702
pose_novelty,Thin_Irregular,1,0,0,minus_x,minus_x,0.1805670188134551,0.1805670188134551,0.0,1.0,1.0,0.1805670188134551,0.05675441643258711,0.045771652852527545,1.8584200143814087,0.973195493221283,0.0029666360933333635
pose_novelty,Thin_Irregular,1,0,1,minus_x,minus_x,0.22279728824100098,0.22279728824100098,0.0,1.0,1.0,0.22279728824100098,0.1151085301776712,0.051349605569179335,1.8584238290786743,0.9731956124305725,0.001882105483673513
pose_novelty,Thin_Irregular,1,0,2,minus_x,minus_x,0.030662147713428678,0.030662147713428678,0.0,1.0,0.5,0.030662147713428678,0.006916339593190712,0.010463471888377152,1.0713731050491333,0.6406020522117615,0.00782635249197483
pose_novelty,Thin_Irregular,1,0,3,minus_x,minus_x,0.028656526209836386,0.028656526209836386,0.0,1.0,0.5,0.028656526209836386,0.004273543474661579,0.0162132218788702,0.6920348405838013,0.5569251179695129,0.0031954729929566383
pose_novelty,Thin_Irregular,1,0,4,minus_y,minus_x,0.007099264203997979,0.03158358665748007,0.024484322453482088,0.0,0.5,0.03158358665748007,0.007099264203997979,0.003235288431170602,0.8373311161994934,0.9731951951980591,0.007365797180682421
pose_novelty,Thin_Irregular,12,0,0,minus_x,minus_x,0.20491302364817682,0.20491302364817682,0.0,1.0,1.0,0.20491302364817682,0.18262876466850514,0.1031239032212064,1.8583890199661255,0.9731955528259277,0.006982774939388037
pose_novelty,Thin_Irregular,12,0,1,minus_x,minus_x,0.13028706999313633,0.13028706999313633,0.0,1.0,1.0,0.13028706999313633,0.10257274382613368,0.02078807685722006,1.8583976030349731,0.9731955528259277,0.006140143144875765
pose_novelty,Thin_Irregular,12,0,2,minus_x,minus_x,0.08936776209224806,0.08936776209224806,0.0,1.0,1.0,0.08936776209224806,0.07370159764717854,0.06583460457021417,1.6662062406539917,0.9731950163841248,0.003451752243563533
pose_novelty,Thin_Irregular,12,0,3,minus_y,minus_y,0.04637106065817098,0.04637106065817098,0.0,1.0,1.0,0.020910000144780727,0.04637106065817098,0.01740323664587995,0.4963206648826599,0.9731792211532593,0.008078777231276035
pose_novelty,Thin_Irregular,12,0,4,minus_y,minus_y,0.046159307740220035,0.046159307740220035,0.0,1.0,1.0,0.028689631290931716,0.046159307740220035,0.0195770753950818,0.5253952145576477,0.973195493221283,0.0032966118305921555
pose_novelty,Thin_Irregular,7,0,0,minus_x,minus_x,0.25470051114640896,0.25470051114640896,0.0,1.0,1.0,0.25470051114640896,0.14865778761005677,0.0457159269647931,1.8584058284759521,0.9731945991516113,0.005496080964803696
pose_novelty,Thin_Irregular,7,0,1,minus_x,minus_x,0.17322473426845109,0.17322473426845109,0.0,1.0,1.0,0.17322473426845109,0.12094870443858652,0.10488921797017903,1.8584262132644653,0.9731941223144531,0.002316204598173499
pose_novelty,Thin_Irregular,7,0,2,minus_y,plus_z,0.06512860548634702,0.08060946357709231,0.015480858090745286,0.0,-1.0,0.07618000307385275,0.06512860548634702,0.08060946357709231,0.9377299547195435,0.9731510877609253,0.012843234464526176
pose_novelty,Thin_Irregular,7,0,3,minus_x,minus_x,0.03337036513504721,0.03337036513504721,0.0,1.0,1.0,0.03337036513504721,0.019718730033843612,0.017306575323029927,1.2765315771102905,0.6998338103294373,0.004341092426329851
pose_novelty,Thin_Irregular,7,0,4,minus_x,minus_x,0.05542211245178641,0.05542211245178641,0.0,1.0,0.5,0.05542211245178641,0.010887642503977335,0.027138965800224457,1.1349576711654663,0.9731804728507996,0.00847240723669529
pose_novelty,Thin_Irregular,14,0,0,minus_x,minus_x,0.19843087186980757,0.19843087186980757,0.0,1.0,1.0,0.19843087186980757,0.1905903541484676,0.08074100473259849,1.8584009408950806,0.9731815457344055,0.008900512009859085
pose_novelty,Thin_Irregular,14,0,1,minus_x,minus_x,0.2340407589072791,0.2340407589072791,0.0,1.0,1.0,0.2340407589072791,0.10175995010822075,0.026184790428072702,1.8583816289901733,0.9731839895248413,0.00981532596051693
pose_novelty,Thin_Irregular,14,0,2,minus_x,minus_x,0.12985004549393242,0.12985004549393242,0.0,1.0,1.0,0.12985004549393242,0.07719263745590643,0.02478901178866677,1.0677430629730225,0.9731906652450562,0.008509717881679535
pose_novelty,Thin_Irregular,14,0,3,minus_y,minus_y,0.048163202810399874,0.048163202810399874,0.0,1.0,0.5,0.006502088262593353,0.048163202810399874,0.020186019723965054,0.47685879468917847,0.9731932282447815,0.002909053349867463
pose_novelty,Thin_Irregular,14,0,4,minus_y,minus_y,0.014679983405704644,0.014679983405704644,0.0,1.0,1.0,0.01103521923813866,0.014679983405704644,0.004129501395166768,0.48434770107269287,0.9731784462928772,0.00856210570782423
pose_novelty,Thin_Irregular,2,0,0,minus_x,plus_z,0.24516132109185806,0.24758895253665858,0.0024276314448005154,0.0,-0.5,0.24516132109185806,0.2449164167116129,0.24758895253665858,1.8584251403808594,0.9731950759887695,0.001874731038697064
pose_novelty,Thin_Irregular,2,0,1,minus_x,minus_x,0.0424929299627273,0.0424929299627273,0.0,1.0,0.5,0.0424929299627273,-0.0313830690742532,-0.0027727999359252187,1.858378291130066,0.9731956124305725,0.007907097227871418
pose_novelty,Thin_Irregular,2,0,2,minus_x,plus_z,0.13232378762672353,0.2318794646668217,0.09955567704009816,0.0,-0.5,0.13232378762672353,0.1209971510454449,0.2318794646668217,1.196733832359314,0.9731746315956116,0.06928446888923645
pose_novelty,Thin_Irregular,2,0,3,minus_x,minus_y,0.037298994394294294,0.06784885908713101,0.030549864692836715,0.0,0.5,0.037298994394294294,0.06784885908713101,0.03652977844822913,1.0135562419891357,0.6366257071495056,0.001631404971703887
pose_novelty,Thin_Irregular,2,0,4,minus_x,minus_y,0.005745786777334283,0.02338912794946535,0.017643341172131066,0.0,0.5,0.005745786777334283,0.02338912794946535,-0.027120780164651248,0.9781885743141174,0.9731934070587158,0.007714738603681326
pose_novelty,Thin_Irregular,6,0,0,minus_x,minus_x,0.19018361134450157,0.19018361134450157,0.0,1.0,1.0,0.19018361134450157,0.13607688017811004,0.04256075005833915,1.858421802520752,0.9731916785240173,0.004376327618956566
pose_novelty,Thin_Irregular,6,0,1,minus_x,minus_x,0.15983037772662323,0.15983037772662323,0.0,1.0,1.0,0.15983037772662323,0.03051204094780602,0.015315498813704642,1.8584023714065552,0.9731566309928894,0.012616012245416641
pose_novelty,Thin_Irregular,6,0,2,minus_y,plus_z,0.056535244834464815,0.074795507409534,0.018260262575069186,0.0,-0.5,0.02888369891950593,0.056535244834464815,0.074795507409534,0.4811343252658844,0.9731944799423218,0.00542067177593708
pose_novelty,Thin_Irregular,6,0,3,minus_y,minus_x,0.014843018530679042,0.026509566227245096,0.011666547696566054,0.0,-0.5,0.026509566227245096,0.014843018530679042,0.023082977488277145,0.6159154176712036,0.9731712937355042,0.009442957118153572
pose_novelty,Thin_Irregular,6,0,4,minus_y,minus_x,0.030692369345659887,0.03095173415021535,0.00025936480455546196,0.0,0.5,0.03095173415021535,0.030692369345659887,0.004322636496643328,0.8254166841506958,0.9731722474098206,0.011137528344988823
pose_novelty,Thin_Irregular,3,0,0,minus_x,minus_x,0.21692283410661195,0.21692283410661195,0.0,1.0,1.0,0.21692283410661195,0.17476678060543555,0.10972717013655237,1.8583548069000244,0.9731873273849487,0.010956368409097195
pose_novelty,Thin_Irregular,3,0,1,minus_x,minus_x,0.1789115218747187,0.1789115218747187,0.0,1.0,1.0,0.1789115218747187,0.11422864456280934,0.029603391726298556,1.8583916425704956,0.9731770157814026,0.010309278964996338
pose_novelty,Thin_Irregular,3,0,2,minus_x,minus_x,0.11910244523312352,0.11910244523312352,0.0,1.0,1.0,0.11910244523312352,0.0965994193243549,0.09453580820926566,1.0703144073486328,0.9731915593147278,0.015754735097289085
pose_novelty,Thin_Irregular,3,0,3,minus_y,minus_x,0.022878344348153945,0.04918813275772571,0.026309788409571766,0.0,-0.5,0.04918813275772571,0.022878344348153945,0.044686634293796934,0.24919266998767853,0.973172664642334,0.010677305981516838
pose_novelty,Thin_Irregular,3,0,4,minus_y,minus_y,0.06485903810698435,0.06485903810698435,0.0,1.0,0.5,0.026811937797467156,0.06485903810698435,0.052460540389675736,0.3524973690509796,0.9731954336166382,0.0014285544166341424
pose_novelty,Thin_Irregular,9,0,0,minus_x,plus_z,0.29302032741675643,0.3420216610942787,0.04900133367752224,0.0,-0.5,0.29302032741675643,0.23235693790947612,0.3420216610942787,1.858426570892334,0.9731956124305725,0.00014628136705141515
pose_novelty,Thin_Irregular,9,0,1,minus_x,minus_y,0.05843822525966125,0.08021489145543292,0.021776666195771677,0.0,0.5,0.05843822525966125,0.08021489145543292,0.019308008539007215,1.8584263324737549,0.9731955528259277,0.0005629142397083342
pose_novelty,Thin_Irregular,9,0,2,minus_x,minus_x,0.14484785610884088,0.14484785610884088,0.0,1.0,0.5,0.14484785610884088,0.09145175477719047,0.11209212227606313,1.8584240674972534,0.9731466174125671,0.012804072350263596
pose_novelty,Thin_Irregular,9,0,3,minus_x,minus_y,0.054691516089565906,0.10642540555819824,0.05173388946863233,0.0,-0.5,0.054691516089565906,0.10642540555819824,0.05742080617579104,1.6443511247634888,0.9731956124305725,0.005647996440529823
pose_novelty,Thin_Irregular,9,0,4,minus_y,minus_x,0.08946352279060554,0.095189361399318,0.005725838608712452,0.0,0.5,0.095189361399318,0.08946352279060554,0.015317998201401894,0.4898602366447449,0.973195493221283,0.004269950557500124
pose_novelty,Thin_Irregular,10,0,0,minus_x,minus_y,-0.012460671647169796,0.006707638305987196,0.019168309953156992,0.0,-0.5,-0.012460671647169796,0.006707638305987196,0.005195635313259339,1.8584191799163818,0.973195493221283,0.0031384010799229145
pose_novelty,Thin_Irregular,10,0,1,minus_x,minus_x,0.19437876503450696,0.19437876503450696,0.0,1.0,0.5,0.19437876503450696,0.17509502641221003,0.18350918880938222,1.8584097623825073,0.9728696346282959,0.033025506883859634
pose_novelty,Thin_Irregular,10,0,2,minus_y,minus_x,0.02617928374632794,0.052434619822376516,0.026255336076048574,0.0,0.5,0.052434619822376516,0.02617928374632794,0.020044249252525237,0.8227713704109192,0.973193883895874,0.0024021388962864876
pose_novelty,Thin_Irregular,10,0,3,minus_x,plus_z,0.03450765141395851,0.08600836880242069,0.05150071738846218,0.0,-1.0,0.03450765141395851,0.07784940897945747,0.08600836880242069,1.2191482782363892,0.7231878042221069,0.007662458810955286
pose_novelty,Thin_Irregular,10,0,4,minus_y,plus_z,0.08608977710107157,0.08696560037176759,0.000875823270696019,0.0,-0.5,0.07471326982999471,0.08608977710107157,0.08696560037176759,0.8470350503921509,0.8501255512237549,0.004715145565569401
pose_novelty,Thin_Irregular,5,0,0,minus_x,minus_x,0.19147563438574394,0.19147563438574394,0.0,1.0,1.0,0.19147563438574394,0.15226254180971416,0.010211636940811453,1.8583940267562866,0.9731945991516113,0.006734362803399563
pose_novelty,Thin_Irregular,5,0,1,minus_x,minus_x,0.19456178430625215,0.19456178430625215,0.0,1.0,1.0,0.19456178430625215,0.09763233448124853,0.060178640542882134,1.8584072589874268,0.9731931090354919,0.005757463164627552
pose_novelty,Thin_Irregular,5,0,2,minus_y,minus_y,0.03875250178309875,0.03875250178309875,0.0,1.0,1.0,0.02286954916809314,0.03875250178309875,0.01579904411152,0.3363187909126282,0.9731941223144531,0.008072402328252792
pose_novelty,Thin_Irregular,5,0,3,minus_y,minus_x,0.02154358657938471,0.03506505916692482,0.013521472587540107,0.0,0.5,0.03506505916692482,0.02154358657938471,0.01891271216615631,0.4101705551147461,0.9731858372688293,0.010435373522341251
pose_novelty,Thin_Irregular,5,0,4,minus_y,minus_x,0.005712166847695599,0.024701724113070256,0.018989557265374657,0.0,-0.5,0.024701724113070256,0.005712166847695599,0.006858868729683332,0.46370550990104675,0.9731794595718384,0.008459765464067459
pose_novelty,Thin_Irregular,11,0,0,minus_x,minus_x,0.19953950472967374,0.19953950472967374,0.0,1.0,1.0,0.19953950472967374,0.1799225982889714,0.1134177880908171,1.858401894569397,0.9731953144073486,0.0057392665185034275
pose_novelty,Thin_Irregular,11,0,1,minus_x,minus_x,0.13409158682454225,0.13409158682454225,0.0,1.0,1.0,0.13409158682454225,0.12762959825276843,0.03119444102858926,1.8583555221557617,0.973193883895874,0.009880201891064644
pose_novelty,Thin_Irregular,11,0,2,minus_x,minus_x,0.125394315339466,0.125394315339466,0.0,1.0,0.5,0.125394315339466,0.04006477203372061,0.09357557948728368,1.8584262132644653,0.9731828570365906,0.0065068695694208145
pose_novelty,Thin_Irregular,11,0,3,minus_y,minus_x,0.04894043324993047,0.05253417938123417,0.003593746131303699,0.0,0.5,0.05253417938123417,0.04894043324993047,0.01692473823250218,0.4748135805130005,0.973193347454071,0.005831531714648008
pose_novelty,Thin_Irregular,11,0,4,minus_y,minus_x,0.008274043179272383,0.06619579809566156,0.05792175491638918,0.0,0.5,0.06619579809566156,0.008274043179272383,0.004713885423094255,0.7318308353424072,0.973195493221283,0.0023327877279371023
pose_novelty,Thin_Irregular,0,0,0,minus_x,minus_x,0.30566719491393396,0.30566719491393396,0.0,1.0,1.0,0.30566719491393396,0.19695183073301142,0.09690713200986828,1.8584233522415161,0.973167359828949,0.00983729213476181
pose_novelty,Thin_Irregular,0,0,1,minus_x,minus_x,0.23085918220161328,0.23085918220161328,0.0,1.0,0.5,0.23085918220161328,0.0283342783385101,0.03081139770916752,1.8583966493606567,0.899921178817749,0.007100861519575119
pose_novelty,Thin_Irregular,0,0,2,minus_x,minus_x,0.05970045727243778,0.05970045727243778,0.0,1.0,1.0,0.05970045727243778,0.02370785843793055,0.011261309682125908,1.0567097663879395,0.9731906056404114,0.004842627327889204
pose_novelty,Thin_Irregular,0,0,3,minus_y,minus_y,0.009606506803232051,0.009606506803232051,0.0,1.0,1.0,0.008327919521189275,0.009606506803232051,0.006744182997098669,0.08974099904298782,0.1377619206905365,0.0065130614675581455
pose_novelty,Thin_Irregular,0,0,4,minus_y,plus_z,0.003226760756649072,0.004099211736507624,0.0008724509798585522,0.0,-0.5,0.0031766546406994944,0.003226760756649072,0.004099211736507624,0.37262874841690063,0.973195493221283,0.007575427182018757
ray_gpis,green_Pepper,8,0,0,minus_x,minus_y,0.07035286518524803,0.28103170916146725,0.21067884397621922,0.0,-0.5,0.07035286518524803,0.28103170916146725,0.11464543095396129,2.762446683846065e-06,2.7442645205155713e-06,2.697897798498161e-06
ray_gpis,green_Pepper,8,0,1,minus_x,minus_x,0.318013306932803,0.318013306932803,0.0,1.0,1.0,0.318013306932803,0.2531623783433408,0.16588763202435503,1.4328436463983962e-06,1.4229688076738967e-06,1.4025459904587478e-06
ray_gpis,green_Pepper,8,0,2,minus_x,minus_x,0.1030755724768535,0.1030755724768535,0.0,1.0,1.0,0.1030755724768535,0.010833076572839606,0.03406748203052867,0.00031805949402041733,3.0387234801310115e-05,0.00011820570944109932
ray_gpis,green_Pepper,8,0,3,minus_x,minus_x,0.10928369704439689,0.10928369704439689,0.0,1.0,0.5,0.10928369704439689,0.0271073890795388,0.06467838044714103,0.00011920645920326933,3.24654538417235e-05,3.235368785681203e-05
ray_gpis,green_Pepper,8,0,4,minus_x,plus_z,-0.06544310599607672,-0.03490838199456747,0.03053472400150925,0.0,-1.0,-0.06544310599607672,-0.04990628837952482,-0.03490838199456747,8.486830483889207e-05,7.157871004892513e-05,7.12065739207901e-05
ray_gpis,green_Pepper,13,0,0,minus_x,minus_x,0.2617166216057381,0.2617166216057381,0.0,1.0,1.0,0.2617166216057381,0.17209189656558893,0.05615393697143417,9.998207133321557e-06,9.917614079313353e-06,9.806872185436077e-06
ray_gpis,green_Pepper,13,0,1,minus_x,minus_x,0.1825906917966521,0.1825906917966521,0.0,1.0,1.0,0.1825906917966521,0.14387374347584814,0.13088367631315,0.0003046402125619352,0.00015986143262125552,0.00010099362407345325
ray_gpis,green_Pepper,13,0,2,minus_x,minus_x,0.08161527894308207,0.08161527894308207,0.0,1.0,1.0,0.08161527894308207,0.06749724363502829,0.022104677638431935,9.334341302746907e-05,9.171341662295163e-05,3.507014116621576e-05
ray_gpis,green_Pepper,13,0,3,minus_x,minus_x,0.07095932957296802,0.07095932957296802,0.0,1.0,1.0,0.07095932957296802,0.0033399646913341297,0.0340939958720774,6.094358104746789e-05,3.0664916266687214e-05,3.8427806430263445e-05
ray_gpis,green_Pepper,13,0,4,minus_x,minus_x,0.0017312017676468505,0.0017312017676468505,0.0,1.0,0.5,0.0017312017676468505,0.00015411068755821766,0.0,4.7759112931089476e-05,2.385418520134408e-05,2.7952033633482642e-05
ray_gpis,green_Pepper,4,0,0,minus_x,minus_x,0.23513748297246262,0.23513748297246262,0.0,1.0,0.5,0.23513748297246262,0.05230825555710794,0.05888837582615264,0.0002758639748208225,0.00016720335406716913,0.00010566733544692397
ray_gpis,green_Pepper,4,0,1,minus_x,minus_x,0.12454461127519123,0.12454461127519123,0.0,1.0,0.5,0.12454461127519123,0.054657013197292215,0.05912136613801222,0.00023792927095200866,5.697123197023757e-05,3.682151873363182e-05
ray_gpis,green_Pepper,4,0,2,minus_x,minus_x,0.08873718028519473,0.08873718028519473,0.0,1.0,0.5,0.08873718028519473,0.02651906284747174,0.015080127610703986,0.0001855710579548031,2.8482148991315626e-05,2.992920417455025e-05
ray_gpis,green_Pepper,4,0,3,minus_x,minus_x,0.02765444071228751,0.02765444071228751,0.0,1.0,1.0,0.02765444071228751,0.00212042710473892,0.005143765427664926,2.6431494916323572e-05,2.3758248062222265e-05,2.619922270241659e-05
ray_gpis,green_Pepper,4,0,4,minus_x,minus_x,0.02573982267812769,0.02573982267812769,0.0,1.0,0.5,0.02573982267812769,0.015395994193596496,0.005233883385220239,3.0601593607570976e-05,2.3814372980268672e-05,2.8558593839989044e-05
ray_gpis,green_Pepper,1,0,0,minus_x,minus_y,0.25706113980693596,0.329568641895539,0.07250750208860307,0.0,0.5,0.25706113980693596,0.329568641895539,0.23768975068372994,0.0004441819910425693,0.00024757458595559,6.903204484842718e-05
ray_gpis,green_Pepper,1,0,1,minus_x,minus_x,0.23962854800344097,0.23962854800344097,0.0,1.0,1.0,0.23962854800344097,0.12123443545952611,0.10395359348642408,0.00025087344693019986,0.00021850215853191912,3.635390748968348e-05
ray_gpis,green_Pepper,1,0,2,plus_z,minus_x,-0.03159366688445808,0.014148652646731485,0.04574231953118957,0.0,-0.5,0.014148652646731485,-0.026333818450376967,-0.03159366688445808,6.156332528917119e-05,5.3297451813705266e-05,6.676043994957581e-05
ray_gpis,green_Pepper,1,0,3,minus_x,minus_y,0.12325590888001303,0.1245112963547732,0.0012553874747601723,0.0,0.5,0.12325590888001303,0.1245112963547732,0.09149321832236812,5.9369413065724075e-05,3.830284549621865e-05,3.379320332896896e-05
ray_gpis,green_Pepper,1,0,4,minus_x,minus_x,0.06183110748138454,0.06183110748138454,0.0,1.0,1.0,0.06183110748138454,0.05700100893293936,0.042418297119878545,3.3455387892900035e-05,3.189048948115669e-05,2.5955481760320254e-05
ray_gpis,green_Pepper,12,0,0,minus_x,minus_x,0.1596827249421513,0.1596827249421513,0.0,1.0,1.0,0.1596827249421513,0.14676400926016075,0.02748856523354326,0.00040894458652473986,0.0002408172731520608,4.2506067984504625e-05
ray_gpis,green_Pepper,12,0,1,minus_x,minus_x,0.16811385689330138,0.16811385689330138,0.0,1.0,1.0,0.16811385689330138,0.0165434022272698,0.03136272471710677,0.000300561630865559,3.165546877426095e-05,3.712447505677119e-05
ray_gpis,green_Pepper,12,0,2,minus_x,minus_x,0.10023268415241993,0.10023268415241993,0.0,1.0,1.0,0.10023268415241993,0.007317020691949505,0.015727882723091446,0.00016309149214066565,2.3893455363577232e-05,0.00010721231228671968
ray_gpis,green_Pepper,12,0,3,minus_x,minus_x,0.0679005156690704,0.0679005156690704,0.0,1.0,1.0,0.0679005156690704,0.008485004285884057,0.030440328435320074,5.562202204600908e-05,2.3932570911711082e-05,5.459633030113764e-05
ray_gpis,green_Pepper,12,0,4,plus_z,minus_y,0.0036881575660041577,0.020704647042992796,0.01701648947698864,0.0,-1.0,0.009956718905954065,0.020704647042992796,0.0036881575660041577,3.298025330877863e-05,2.761937867035158e-05,3.95043971366249e-05
ray_gpis,green_Pepper,7,0,0,minus_x,minus_x,0.23577449224143698,0.23577449224143698,0.0,1.0,1.0,0.23577449224143698,0.19902211536830228,0.1539245443494337,0.00036208651727065444,7.578648364869878e-05,3.195459794369526e-05
ray_gpis,green_Pepper,7,0,1,minus_x,minus_x,0.17091307542797618,0.17091307542797618,0.0,1.0,1.0,0.17091307542797618,0.127349433059451,0.03992988037428136,0.0005605242913588881,0.00018951839592773467,2.71086555585498e-05
ray_gpis,green_Pepper,7,0,2,minus_x,minus_y,0.026086852761513124,0.08005054842804393,0.05396369566653081,0.0,0.5,0.026086852761513124,0.08005054842804393,0.016421983213305458,0.0001796680298866704,5.4934505897108465e-05,3.75958152289968e-05
ray_gpis,green_Pepper,7,0,3,plus_z,plus_z,0.07536114454415888,0.07536114454415888,0.0,1.0,0.5,0.07298828969899607,0.03828948176866731,0.07536114454415888,0.0001378182350890711,0.00015867091133259237,0.00015878457634244114
ray_gpis,green_Pepper,7,0,4,minus_y,minus_y,0.024868214561011515,0.024868214561011515,0.0,1.0,1.0,0.01175051640096847,0.024868214561011515,0.008954531928711207,4.264908056939021e-05,5.774320015916601e-05,3.252742681070231e-05
ray_gpis,green_Pepper,14,0,0,minus_x,minus_x,0.3260183527885086,0.3260183527885086,0.0,1.0,1.0,0.3260183527885086,0.20405880075143495,0.11619915831830391,7.75796524976613e-06,7.650201951037161e-06,7.306673069251701e-06
ray_gpis,green_Pepper,14,0,1,minus_x,minus_x,0.16104467900773634,0.16104467900773634,0.0,1.0,1.0,0.16104467900773634,0.09253635384421977,0.04133100147184099,0.00022544176317751408,5.478616003529169e-05,3.9469570765504614e-05
ray_gpis,green_Pepper,14,0,2,minus_y,minus_y,0.07007510400367789,0.07007510400367789,0.0,1.0,1.0,0.0540289941035178,0.07007510400367789,0.06010296071423582,2.935287011496257e-05,3.512891998980194e-05,3.341519914101809e-05
ray_gpis,green_Pepper,14,0,3,minus_x,minus_x,0.04343859330254207,0.04343859330254207,0.0,1.0,0.5,0.04343859330254207,0.023966945089119673,0.020909289145140342,2.923482134065125e-05,2.3750009859213606e-05,2.4898850824683905e-05
ray_gpis,green_Pepper,14,0,4,minus_x,minus_x,0.024250695620191,0.024250695620191,0.0,1.0,0.5,0.024250695620191,0.01014571794436192,0.019310350036839452,3.0564442567992955e-05,2.2908576283953153e-05,2.2462641936726868e-05
ray_gpis,green_Pepper,2,0,0,minus_x,minus_y,0.16008881845642497,0.16798156812332543,0.007892749666900456,0.0,0.5,0.16008881845642497,0.16798156812332543,0.05209344394671728,0.0003673068422358483,0.00033391223405487835,4.6769764594500884e-05
ray_gpis,green_Pepper,2,0,1,minus_x,minus_x,0.10364042325796796,0.10364042325796796,0.0,1.0,1.0,0.10364042325796796,0.0712437429628534,0.05489921142360554,0.00032871405710466206,0.0002620687591843307,2.5971841751015745e-05
ray_gpis,green_Pepper,2,0,2,minus_x,minus_x,0.052198651032483445,0.052198651032483445,0.0,1.0,0.5,0.052198651032483445,-0.021079975964613085,-0.024178827247822055,0.0002027051814366132,0.00012789020547643304,0.00013287580804899335
ray_gpis,green_Pepper,2,0,3,plus_z,minus_y,0.0560197411707819,0.06278633096330688,0.00676658979252498,0.0,-0.5,0.012632712278602298,0.06278633096330688,0.0560197411707819,2.7435931770014577e-05,2.3841092115617357e-05,2.9042046662652865e-05
ray_gpis,green_Pepper,2,0,4,minus_x,plus_z,0.03886378345975572,0.05212575475940895,0.01326197129965323,0.0,0.5,0.03886378345975572,0.021138968515333367,0.05212575475940895,2.9829578124918044e-05,2.3630487703485414e-05,2.5361501684528776e-05
ray_gpis,green_Pepper,6,0,0,minus_x,minus_y,0.23964220426211041,0.2398410440879541,0.00019883982584367743,0.0,0.5,0.23964220426211041,0.2398410440879541,0.1939254265337011,0.00014174355601426214,4.118577635381371e-05,2.666666841832921e-05
ray_gpis,green_Pepper,6,0,1,minus_x,plus_z,-0.0059531804352837,0.04831286079234065,0.05426604122762435,0.0,-0.5,-0.0059531804352837,-0.025205249588734713,0.04831286079234065,0.0002723181387409568,7.030845881672576e-05,2.58537274930859e-05
ray_gpis,green_Pepper,6,0,2,minus_x,minus_y,0.03966006223517815,0.15909607147036975,0.1194360092351916,0.0,-0.5,0.03966006223517815,0.15909607147036975,0.13652660464526112,0.00010655158257577568,7.180008105933666e-05,5.342004442354664e-05
ray_gpis,green_Pepper,6,0,3,plus_z,minus_y,0.0404505263976036,0.05284392257375181,0.012393396176148208,0.0,-0.5,0.05012405871315495,0.05284392257375181,0.0404505263976036,5.883903941139579e-05,6.732514884788543e-05,8.307264215545729e-05
ray_gpis,green_Pepper,6,0,4,minus_x,minus_x,-0.0021085711842541155,-0.0021085711842541155,0.0,1.0,0.5,-0.0021085711842541155,-0.027081512260005325,-0.03394455093496396,9.263237734558061e-05,2.4240647690021433e-05,4.196870213490911e-05
ray_gpis,green_Pepper,3,0,0,minus_x,minus_x,0.2786280883108804,0.2786280883108804,0.0,1.0,1.0,0.2786280883108804,0.1315021334766837,0.032886511325928736,1.24009211504017e-05,1.2166845408501104e-05,1.1742924471036531e-05
ray_gpis,green_Pepper,3,0,1,minus_x,minus_x,0.17277625853681,0.17277625853681,0.0,1.0,0.5,0.17277625853681,0.02178829468371879,0.013834657318197219,0.0004779479932039976,2.9977525628055446e-05,4.302071829442866e-05
ray_gpis,green_Pepper,3,0,2,minus_x,minus_x,0.06989688331438448,0.06989688331438448,0.0,1.0,1.0,0.06989688331438448,0.04232258126157207,0.04801059896792115,7.185358117567375e-05,3.941454997402616e-05,5.4312920838128775e-05
ray_gpis,green_Pepper,3,0,3,minus_x,minus_x,0.016744325102390323,0.016744325102390323,0.0,1.0,0.5,0.016744325102390323,0.013340383941120804,-0.0023929927162520404,2.932474853878375e-05,2.3472435714211315e-05,2.7912679797736928e-05
ray_gpis,green_Pepper,3,0,4,minus_x,minus_x,-0.025979378112142237,-0.025979378112142237,0.0,1.0,1.0,-0.025979378112142237,-0.027927574027229674,-0.03950782532314523,2.5793822715058923e-05,2.3860773580963723e-05,2.3366759705822915e-05
ray_gpis,green_Pepper,9,0,0,minus_x,minus_x,0.16880626285116995,0.16880626285116995,0.0,1.0,1.0,0.16880626285116995,0.0941563511861847,0.037150024374632384,0.0004304151807446033,0.00024914200184866786,0.00016321415023412555
ray_gpis,green_Pepper,9,0,1,minus_x,minus_x,0.23623269326353635,0.23623269326353635,0.0,1.0,0.5,0.23623269326353635,0.10532254960118992,0.11564256579798626,0.0003984459035564214,0.00017114610818680376,7.430838013533503e-05
ray_gpis,green_Pepper,9,0,2,minus_y,minus_x,0.04235830680475727,0.05873622767825404,0.016377920873496765,0.0,0.5,0.05873622767825404,0.04235830680475727,0.027288512043701973,2.544996459619142e-05,4.910671850666404e-05,2.4977518478408456e-05
ray_gpis,green_Pepper,9,0,3,minus_y,minus_y,0.03680928679886075,0.03680928679886075,0.0,1.0,1.0,-0.01911735172695439,0.03680928679886075,0.014413226322425365,2.4892715373425744e-05,2.9686068955925293e-05,2.5041494154720567e-05
ray_gpis,green_Pepper,9,0,4,minus_x,minus_x,0.03186101944937536,0.03186101944937536,0.0,1.0,0.5,0.03186101944937536,0.009677480423209595,0.014558794440624356,2.6939833333017305e-05,2.6736381187220104e-05,2.3699223675066605e-05
ray_gpis,green_Pepper,10,0,0,minus_x,minus_x,0.22357662081348878,0.22357662081348878,0.0,1.0,1.0,0.22357662081348878,0.1720786326591675,0.06157855894192582,0.0002012874756474048,3.8189820770639926e-05,2.9296896173036657e-05
ray_gpis,green_Pepper,10,0,1,minus_x,minus_x,0.16491579903531894,0.16491579903531894,0.0,1.0,0.5,0.16491579903531894,0.06683947823418268,0.03498379263187279,0.00019133651221636683,4.390730464365333e-05,9.120781032834202e-05
ray_gpis,green_Pepper,10,0,2,minus_y,minus_x,0.03884522394314438,0.08598170162525764,0.047136477682113265,0.0,0.5,0.08598170162525764,0.03884522394314438,0.02880490310881123,5.597030758508481e-05,5.6899447372416034e-05,5.116539614391513e-05
ray_gpis,green_Pepper,10,0,3,minus_x,minus_x,0.0884589933528408,0.0884589933528408,0.0,1.0,0.5,0.0884589933528408,0.03965130191124622,0.011632381807178738,5.378682544687763e-05,4.2183510231552646e-05,4.298649218981154e-05
ray_gpis,green_Pepper,10,0,4,minus_x,minus_y,0.028351277632518324,0.0398832839499893,0.011532006317470977,0.0,0.5,0.028351277632518324,0.0398832839499893,0.009966674285304511,4.4334359699860215e-05,4.1072737076319754e-05,2.7901731300516985e-05
ray_gpis,green_Pepper,5,0,0,minus_x,minus_x,0.22277666382370043,0.22277666382370043,0.0,1.0,1.0,0.22277666382370043,0.18270437551968022,0.15098362494035378,9.140710972133093e-06,9.045294063980691e-06,8.689899914315902e-06
ray_gpis,green_Pepper,5,0,1,minus_x,minus_x,0.1762093677634503,0.1762093677634503,0.0,1.0,1.0,0.1762093677634503,0.11273653561062091,0.06519827778960963,0.0004125197883695364,0.0002889552270062268,2.4718085114727728e-05
ray_gpis,green_Pepper,5,0,2,minus_y,minus_y,0.05967634824414614,0.05967634824414614,0.0,1.0,0.5,0.03180652766436254,0.05967634824414614,0.052280645831025985,4.6409204514930025e-05,0.00010892071441048756,4.338522921898402e-05
ray_gpis,green_Pepper,5,0,3,minus_y,minus_y,0.0874024963836576,0.0874024963836576,0.0,1.0,1.0,0.04839613248507568,0.0874024963836576,0.03329274111978775,3.676897176774219e-05,9.331355977337807e-05,2.891097028623335e-05
ray_gpis,green_Pepper,5,0,4,minus_x,minus_x,0.03564194703314816,0.03564194703314816,0.0,1.0,0.5,0.03564194703314816,0.013999816613787242,0.009187534031388278,3.3549742511240765e-05,2.33106311497977e-05,2.3534954380011186e-05
ray_gpis,green_Pepper,11,0,0,minus_x,minus_x,0.20492290550146808,0.20492290550146808,0.0,1.0,0.5,0.20492290550146808,0.07200434298475455,0.12147307199456314,0.0005111484206281602,0.0001258655684068799,0.00010866441880352795
ray_gpis,green_Pepper,11,0,1,minus_x,minus_x,0.22408317088260643,0.22408317088260643,0.0,1.0,1.0,0.22408317088260643,0.04349309804632584,0.03498150853275661,0.0005537124234251678,0.00020226964261382818,3.7025460187578574e-05
ray_gpis,green_Pepper,11,0,2,plus_z,minus_x,0.04711406001915064,0.11076365350274198,0.06364959348359134,0.0,0.5,0.11076365350274198,0.0307660920570344,0.04711406001915064,5.759970372309908e-05,4.290438664611429e-05,5.881715696887113e-05
ray_gpis,green_Pepper,11,0,3,minus_x,minus_y,0.02087632364794434,0.07099170288978363,0.050115379241839286,0.0,0.5,0.02087632364794434,0.07099170288978363,0.007407640192439668,6.646680412814021e-05,6.0324913647491485e-05,3.728454248630442e-05
ray_gpis,green_Pepper,11,0,4,minus_y,minus_y,0.08841789567171243,0.08841789567171243,0.0,1.0,1.0,0.015357807662432998,0.08841789567171243,0.009229950942080012,4.211185296298936e-05,6.23156302026473e-05,4.0042606997303665e-05
ray_gpis,green_Pepper,0,0,0,minus_x,minus_x,0.18561329164454177,0.18561329164454177,0.0,1.0,1.0,0.18561329164454177,0.140703521075504,0.07089061492942683,0.00035057548666372895,0.00010592167382128537,2.7125106498715468e-05
ray_gpis,green_Pepper,0,0,1,minus_x,minus_x,0.13333223214932322,0.13333223214932322,0.0,1.0,1.0,0.13333223214932322,0.03809838830113088,0.053203552346786975,0.0003658464120235294,2.5232642656192183e-05,5.729309486923739e-05
ray_gpis,green_Pepper,0,0,2,minus_x,minus_x,0.021303357223257602,0.021303357223257602,0.0,1.0,0.5,0.021303357223257602,0.010702096145370543,-0.00017674710394288695,0.00024144370399881154,2.586158734629862e-05,3.206653127563186e-05
ray_gpis,green_Pepper,0,0,3,minus_x,minus_x,0.03950585575003984,0.03950585575003984,0.0,1.0,1.0,0.03950585575003984,0.006951425495105301,0.0286476974699299,0.0002755933383014053,2.3754784706397913e-05,0.00011971544154221192
ray_gpis,green_Pepper,0,0,4,minus_x,minus_x,0.10491608986255652,0.10491608986255652,0.0,1.0,1.0,0.10491608986255652,0.0002106597975970459,0.0030929831565669197,0.0002545660245232284,2.4117623979691416e-05,4.3454052502056584e-05
ray_gpis,Corner,8,0,0,minus_x,minus_x,0.33693389386932954,0.33693389386932954,0.0,1.0,0.5,0.33693389386932954,0.032920720612966026,0.10817434727060204,0.0006125937215983868,0.0003066497156396508,0.00019695171795319766
ray_gpis,Corner,8,0,1,minus_x,minus_x,0.10079363591075474,0.10079363591075474,0.0,1.0,0.5,0.10079363591075474,0.035451556763747005,0.051053270276716245,0.00014739760081283748,2.694876275199931e-05,2.661548751348164e-05
ray_gpis,Corner,8,0,2,plus_z,minus_x,0.05348972576003708,0.058275461145791074,0.0047857353857539975,0.0,-0.5,0.058275461145791074,0.03278104640304624,0.05348972576003708,2.5517130779917352e-05,2.6250021619489416e-05,2.9050863304291852e-05
ray_gpis,Corner,8,0,3,minus_x,minus_y,0.013175322856536886,0.014257744509870607,0.0010824216533337205,0.0,0.5,0.013175322856536886,0.014257744509870607,0.009661594403167939,2.8195849154144526e-05,2.5500661649857648e-05,2.4281822334160097e-05
ray_gpis,Corner,8,0,4,minus_x,minus_x,0.013656154213194438,0.013656154213194438,0.0,1.0,1.0,0.013656154213194438,0.002890541902403232,0.009248501140246002,2.637314537423663e-05,2.449712155794259e-05,2.5271639970014803e-05
ray_gpis,Corner,13,0,0,minus_x,minus_x,0.09036607343989056,0.09036607343989056,0.0,1.0,0.5,0.09036607343989056,0.06864860388236271,0.07123004042304615,0.0005463567213155329,0.00014540611300617456,5.464500281959772e-05
ray_gpis,Corner,13,0,1,minus_x,minus_x,0.18298461264333366,0.18298461264333366,0.0,1.0,0.5,0.18298461264333366,0.032840085134760555,0.03422112567172697,0.00015295419143512845,2.873587072826922e-05,2.2668718884233385e-05
ray_gpis,Corner,13,0,2,minus_x,minus_x,0.22677566101092783,0.22677566101092783,0.0,1.0,0.5,0.22677566101092783,0.09393746515532009,0.053594357496411615,0.0002136581897502765,5.511896961252205e-05,6.815651431679726e-05
ray_gpis,Corner,13,0,3,minus_x,minus_y,0.023355899138441272,0.03574884387549915,0.012392944737057876,0.0,-0.5,0.023355899138441272,0.03574884387549915,0.014079456505247667,2.5735804229043424e-05,2.236901673313696e-05,2.2735282982466742e-05
ray_gpis,Corner,13,0,4,plus_z,minus_y,0.005370406274167183,0.022868737274115092,0.01749833099994791,0.0,-1.0,0.01903614689563926,0.022868737274115092,0.005370406274167183,2.278698593727313e-05,2.2325724785332568e-05,2.2956997781875543e-05
ray_gpis,Corner,4,0,0,minus_x,minus_x,0.2717297666680889,0.2717297666680889,0.0,1.0,0.5,0.2717297666680889,0.16589650910635056,0.18849517154884576,0.0003139789041597396,0.0002350965078221634,7.5793985160999e-05
ray_gpis,Corner,4,0,1,minus_x,minus_x,0.10163857450918301,0.10163857450918301,0.0,1.0,1.0,0.10163857450918301,-0.001323434026865744,-0.006162240438865707,0.00015799693937879056,0.00013271473289933056,2.821107773343101e-05
ray_gpis,Corner,4,0,2,minus_y,minus_x,0.06991582858326895,0.10619271492783522,0.03627688634456627,0.0,0.5,0.10619271492783522,0.06991582858326895,0.06649051576589116,9.98275718302466e-05,0.00010535479668760672,3.671461308840662e-05
ray_gpis,Corner,4,0,3,minus_y,minus_x,0.03354841368976191,0.054540415218199745,0.02099200152843783,0.0,-0.5,0.054540415218199745,0.03354841368976191,0.042819439948624805,4.978099968866445e-05,5.532173963729292e-05,4.7275829274440184e-05
ray_gpis,Corner,4,0,4,minus_y,minus_x,0.007057920719000466,0.014703165783098049,0.007645245064097583,0.0,-0.5,0.014703165783098049,0.007057920719000466,0.0027055447856628723,3.771351111936383e-05,3.810350608546287e-05,3.779251346713863e-05
ray_gpis,Corner,1,0,0,minus_x,minus_x,0.17474082146738107,0.17474082146738107,0.0,1.0,1.0,0.17474082146738107,0.06571582700766393,0.05066345897326113,0.0005224489141255617,0.0002732424472924322,0.00013217415835242718
ray_gpis,Corner,1,0,1,minus_x,minus_x,0.10733980534557974,0.10733980534557974,0.0,1.0,1.0,0.10733980534557974,0.014495809493679679,0.0665785269218564,0.00017709426174405962,4.2070303607033566e-05,0.00011361121869413182
ray_gpis,Corner,1,0,2,minus_x,minus_x,0.05188191409580489,0.05188191409580489,0.0,1.0,1.0,0.05188191409580489,0.029228355320292776,0.018505069015832376,0.0001700990687822923,3.791852213907987e-05,3.7398203858174384e-05
ray_gpis,Corner,1,0,3,minus_x,minus_x,0.11103896816375847,0.11103896816375847,0.0,1.0,1.0,0.11103896816375847,0.0006038137364087204,0.0207379767746253,0.0001645167649257928,2.6331023036618717e-05,9.642155055189505e-05
ray_gpis,Corner,1,0,4,minus_x,plus_z,0.014013866166204259,0.02470947997220052,0.010695613805996262,0.0,0.5,0.014013866166204259,0.008970813660671428,0.02470947997220052,3.055372508242726e-05,2.343024425499607e-05,2.891635085688904e-05
ray_gpis,Corner,12,0,0,minus_x,minus_x,0.07888561247559739,0.07888561247559739,0.0,1.0,1.0,0.07888561247559739,0.041178123030251534,0.0348143232712565,0.00035976344952359796,0.0002501866256352514,3.277789437561296e-05
ray_gpis,Corner,12,0,1,minus_x,minus_y,0.19277903737456958,0.23513508297913444,0.04235604560456485,0.0,0.5,0.19277903737456958,0.23513508297913444,0.12377477983118879,0.000398308620788157,0.00029832846485078335,0.00012464341125451028
ray_gpis,Corner,12,0,2,minus_x,minus_x,0.09852997057231616,0.09852997057231616,0.0,1.0,1.0,0.09852997057231616,0.06392594950464026,0.041152265829930146,0.00013731139188166708,0.00010177003423450515,4.663397339754738e-05
ray_gpis,Corner,12,0,3,minus_x,minus_x,0.08148033818479528,0.08148033818479528,0.0,1.0,0.5,0.08148033818479528,0.06220827123439665,0.08029249024689444,2.398400829406455e-05,2.2841128156869672e-05,2.2781665393267758e-05
ray_gpis,Corner,12,0,4,minus_x,plus_z,0.034414150794085274,0.03871110855330795,0.004296957759222675,0.0,0.5,0.034414150794085274,0.027612344299241975,0.03871110855330795,2.4045348254730925e-05,2.2540229110745713e-05,2.2561873265658505e-05
ray_gpis,Corner,7,0,0,minus_x,minus_x,0.23046621274001017,0.23046621274001017,0.0,1.0,1.0,0.23046621274001017,0.06932189553699836,0.0616466968536476,0.0001869680272648111,0.00017872056923806667,3.2268020731862634e-05
ray_gpis,Corner,7,0,1,minus_x,minus_x,0.09456283887359573,0.09456283887359573,0.0,1.0,1.0,0.09456283887359573,0.07906554278875955,0.04752111013321636,0.00016979308566078544,4.4165026338305324e-05,3.981185727752745e-05
ray_gpis,Corner,7,0,2,minus_x,minus_x,0.11010487636251953,0.11010487636251953,0.0,1.0,1.0,0.11010487636251953,0.015387770721415284,0.058815744109241175,0.00010783640027511865,7.507689588237554e-05,8.831983723212034e-05
ray_gpis,Corner,7,0,3,minus_y,minus_y,0.021050680070374583,0.021050680070374583,0.0,1.0,0.5,0.016069921686968747,0.021050680070374583,0.008622310016695334,2.2848003936815076e-05,2.5096609533648007e-05,2.4318705982295796e-05
ray_gpis,Corner,7,0,4,plus_z,plus_z,0.006822054586140713,0.006822054586140713,0.0,1.0,1.0,0.003203216047459767,0.0035993703566565838,0.006822054586140713,2.430954009469133e-05,2.4593258785898797e-05,2.782156298053451e-05
ray_gpis,Corner,14,0,0,minus_x,minus_y,0.20319488946140746,0.2200544746463265,0.016859585184919035,0.0,-0.5,0.20319488946140746,0.2200544746463265,0.10120056059370464,0.0004793231200892478,7.373308471869677e-05,0.00010078006016556174
ray_gpis,Corner,14,0,1,minus_x,minus_x,0.22568499904041195,0.22568499904041195,0.0,1.0,1.0,0.22568499904041195,0.044357235307331044,0.10445428756004238,0.0005181750748306513,4.173344495939091e-05,6.151302659418434e-05
ray_gpis,Corner,14,0,2,minus_x,minus_x,0.14938129474771544,0.14938129474771544,0.0,1.0,0.5,0.14938129474771544,0.049504235982530176,0.04941563200534149,0.00011549960618140176,2.7321158995619044e-05,3.2380565244238824e-05
ray_gpis,Corner,14,0,3,minus_x,minus_y,0.007940461022213463,0.020082683816805003,0.01214222279459154,0.0,-1.0,0.007940461022213463,0.020082683816805003,0.00824976863615512,2.2947873731027357e-05,2.2841084501123987e-05,2.2904496290721e-05
ray_gpis,Corner,14,0,4,minus_y,minus_x,-0.0010470722298682178,0.0003820592674675938,0.0014291314973358116,0.0,0.5,0.0003820592674675938,-0.0010470722298682178,-0.0013874863813135851,2.2892038032296114e-05,2.6516565412748605e-05,2.2828089640825056e-05
ray_gpis,Corner,2,0,0,minus_x,minus_x,0.23789290654396328,0.23789290654396328,0.0,1.0,0.5,0.23789290654396328,0.21984526182591052,0.05408659571283825,0.0005610117223113775,9.01666353456676e-05,0.00012104213965358213
ray_gpis,Corner,2,0,1,minus_x,minus_x,0.14157425945613988,0.14157425945613988,0.0,1.0,1.0,0.14157425945613988,0.08882373943325805,0.0514174796965321,0.0005274721188470721,7.831722177797928e-05,3.148388714180328e-05
ray_gpis,Corner,2,0,2,minus_x,minus_x,0.13906228722705993,0.13906228722705993,0.0,1.0,0.5,0.13906228722705993,0.007613044288354298,0.043934640868404595,0.00023874650651123375,5.15014908160083e-05,2.428491643513553e-05
ray_gpis,Corner,2,0,3,plus_z,plus_z,0.03049600838280664,0.03049600838280664,0.0,1.0,1.0,0.017228114806940642,0.016507611435686353,0.03049600838280664,3.982651833212003e-05,2.346179462620057e-05,4.9236903578275815e-05
ray_gpis,Corner,2,0,4,minus_x,minus_x,0.05981126201315301,0.05981126201315301,0.0,1.0,0.5,0.05981126201315301,0.003283937674617876,0.009219789151590607,3.952671977458522e-05,3.349726102896966e-05,3.0532206437783316e-05
ray_gpis,Corner,6,0,0,minus_x,minus_x,0.16485164790487794,0.16485164790487794,0.0,1.0,1.0,0.16485164790487794,0.10461277829281501,0.07859697161817358,0.00032060383819043636,0.0001923138916026801,5.395814878284e-05
ray_gpis,Corner,6,0,1,minus_x,minus_x,0.11548945504486674,0.11548945504486674,0.0,1.0,1.0,0.11548945504486674,0.11417298414505173,0.06256135262705576,0.00015401378914248198,0.00011204779730178416,5.5212592997122556e-05
ray_gpis,Corner,6,0,2,minus_x,minus_y,0.020214888284750487,0.10891311935519177,0.08869823107044128,0.0,-0.5,0.020214888284750487,0.10891311935519177,0.0911745110238179,4.788876321981661e-05,4.630508556147106e-05,4.27228442276828e-05
ray_gpis,Corner,6,0,3,minus_x,minus_y,0.045131514678644735,0.11131410605931602,0.06618259138067129,0.0,0.5,0.045131514678644735,0.11131410605931602,0.01231298769276512,4.822576011065394e-05,4.361684113973752e-05,3.631476283771917e-05
ray_gpis,Corner,6,0,4,minus_y,minus_y,0.02369282883298296,0.02369282883298296,0.0,1.0,1.0,0.0030402541365972535,0.02369282883298296,0.0010407433998248505,4.123919643461704e-05,4.9781345296651125e-05,2.9835533496225253e-05
ray_gpis,Corner,3,0,0,minus_x,minus_x,0.2421758340595096,0.2421758340595096,0.0,1.0,0.5,0.2421758340595096,0.13038603728095433,0.09049340733466993,0.0003520214813761413,7.629639731021598e-05,7.992457540240139e-05
ray_gpis,Corner,3,0,1,minus_x,minus_x,0.1882354271185781,0.1882354271185781,0.0,1.0,0.5,0.1882354271185781,0.07549127356774166,0.056069935970174956,0.00013511115685105324,3.2286247005686164e-05,3.7186113331699744e-05
ray_gpis,Corner,3,0,2,minus_x,minus_y,-0.06748955633232345,-0.06535156151099863,0.002137994821324818,0.0,-0.5,-0.06748955633232345,-0.06535156151099863,-0.08202409181419945,4.3049207306467e-05,2.524414776416961e-05,4.094168252777308e-05
ray_gpis,Corner,3,0,3,minus_x,minus_y,0.036104379124824115,0.04557567775240712,0.009471298627583002,0.0,-1.0,0.036104379124824115,0.04557567775240712,0.04375415045321385,3.84763625334017e-05,2.2755120880901814e-05,2.3184242309071124e-05
ray_gpis,Corner,3,0,4,plus_z,minus_y,0.02046216556824665,0.03427102032627827,0.013808854758031619,0.0,-0.5,0.015771738141720837,0.03427102032627827,0.02046216556824665,3.1139206839725375e-05,2.361279257456772e-05,3.649143400252797e-05
ray_gpis,Corner,9,0,0,minus_x,minus_x,0.17222460954171792,0.17222460954171792,0.0,1.0,1.0,0.17222460954171792,0.09132421018003156,0.05230801835362142,2.0154415324213915e-05,2.012254662986379e-05,1.982216963369865e-05
ray_gpis,Corner,9,0,1,minus_x,minus_x,0.12080809547685933,0.12080809547685933,0.0,1.0,1.0,0.12080809547685933,0.07509168095875207,0.034728710234990356,0.000226666234084405,9.162462083622813e-05,2.3248745492310263e-05
ray_gpis,Corner,9,0,2,minus_x,minus_x,0.10294221822458327,0.10294221822458327,0.0,1.0,0.5,0.10294221822458327,0.04339220571798208,0.01813568122152598,0.00014735777222085744,4.166584039921872e-05,6.091097748139873e-05
ray_gpis,Corner,9,0,3,minus_y,minus_y,0.02029494083947625,0.02029494083947625,0.0,1.0,1.0,-0.01519095506051682,0.02029494083947625,0.018426220289438078,2.3139766199165024e-05,2.5549266865709797e-05,2.3277734726434574e-05
ray_gpis,Corner,9,0,4,minus_x,plus_z,0.005404792367997624,0.009141154055540834,0.0037363616875432104,0.0,-1.0,0.005404792367997624,0.008430534871928685,0.009141154055540834,2.3328613679041155e-05,2.3244765543495305e-05,2.299116204085294e-05
ray_gpis,Corner,10,0,0,minus_x,minus_x,0.17470807890521778,0.17470807890521778,0.0,1.0,1.0,0.17470807890521778,0.12989547179800986,0.07340970044217254,0.0005033964989706874,0.00025410266243852675,7.695673411944881e-05
ray_gpis,Corner,10,0,1,minus_x,minus_x,0.17394366584399523,0.17394366584399523,0.0,1.0,0.5,0.17394366584399523,0.05973922403330312,0.04194540162516125,0.00018886872567236423,6.295810453593731e-05,0.0001398172025801614
ray_gpis,Corner,10,0,2,minus_x,minus_x,0.10497386416908205,0.10497386416908205,0.0,1.0,0.5,0.10497386416908205,0.09824545264511653,0.06790016180706893,3.6787376302527264e-05,3.124960130662657e-05,3.6607030779123306e-05
ray_gpis,Corner,10,0,3,minus_y,minus_x,0.025177788438004223,0.029061260927618515,0.0038834724896142925,0.0,0.5,0.029061260927618515,0.025177788438004223,0.012888472473756463,2.7770103770308197e-05,2.8884493076475337e-05,2.4317228962900117e-05
ray_gpis,Corner,10,0,4,minus_y,minus_y,0.03874666321595854,0.03874666321595854,0.0,1.0,0.5,0.01998318928592513,0.03874666321595854,0.02615980124733175,2.6831346986000426e-05,2.864868292817846e-05,2.317023063369561e-05
ray_gpis,Corner,5,0,0,minus_x,minus_x,0.2459921641627143,0.2459921641627143,0.0,1.0,0.5,0.2459921641627143,0.24494348807831212,0.20039503105588763,0.0004307960334699601,0.00022673911007586867,0.00026244993205182254
ray_gpis,Corner,5,0,1,minus_x,minus_x,0.21061961742129764,0.21061961742129764,0.0,1.0,1.0,0.21061961742129764,0.16436364904307488,0.06217704905529209,0.00019132668967358768,0.00016638670058455318,2.3574568331241608e-05
ray_gpis,Corner,5,0,2,minus_x,minus_x,0.16323166729023164,0.16323166729023164,0.0,1.0,1.0,0.16323166729023164,0.025861152251893893,0.022523582400056585,0.00013464747462421656,4.7938130592228845e-05,2.3178678020485677e-05
ray_gpis,Corner,5,0,3,minus_x,minus_x,0.038246375983383984,0.038246375983383984,0.0,1.0,0.5,0.038246375983383984,0.009719034720855335,0.020379106497718458,3.888040009769611e-05,2.9648592317244038e-05,2.3795193555997685e-05
ray_gpis,Corner,5,0,4,minus_y,minus_x,0.012977486493492951,0.024875908309950012,0.011898421816457061,0.0,0.5,0.024875908309950012,0.012977486493492951,0.004556188484845403,2.2787675334257074e-05,2.3026635972200893e-05,2.2632282707490958e-05
ray_gpis,Corner,11,0,0,minus_x,minus_y,0.24467092180645522,0.26794431763128534,0.023273395824830123,0.0,0.5,0.24467092180645522,0.26794431763128534,0.15584598078148126,0.00031284382566809654,7.163733243942261e-05,2.618834150780458e-05
ray_gpis,Corner,11,0,1,minus_x,minus_x,0.2184782874814657,0.2184782874814657,0.0,1.0,1.0,0.2184782874814657,0.022678223818366705,0.09422491772274177,0.00019667827291414142,7.843574712751433e-05,9.521016909275204e-05
ray_gpis,Corner,11,0,2,minus_x,minus_y,0.021528220209269366,0.03708967259739793,0.01556145238812856,0.0,0.5,0.021528220209269366,0.03708967259739793,0.019571465689025458,2.9849932616343722e-05,2.530148958612699e-05,2.333028351131361e-05
ray_gpis,Corner,11,0,3,minus_x,minus_y,0.02127966375739876,0.02165394523739217,0.0003742814799934102,0.0,-0.5,0.02127966375739876,0.02165394523739217,0.012881167572224017,2.4010922061279416e-05,2.312439573870506e-05,2.3264592527993955e-05
ray_gpis,Corner,11,0,4,minus_x,minus_y,0.011922246690085903,0.019724664446307938,0.007802417756222035,0.0,-0.5,0.011922246690085903,0.019724664446307938,0.008842476924247666,2.3051410607877187e-05,2.2982387235970236e-05,2.3022395907901227e-05
ray_gpis,Corner,0,0,0,minus_x,minus_y,0.1414433448927901,0.15899002115921967,0.017546676266429584,0.0,0.5,0.1414433448927901,0.15899002115921967,0.1348630202365393,1.2353673810139298e-05,1.2137435078329872e-05,1.1749456461984664e-05
ray_gpis,Corner,0,0,1,minus_x,minus_x,0.24399487095419997,0.24399487095419997,0.0,1.0,1.0,0.24399487095419997,0.11539139871983978,0.06638827901921535,0.0003303170087747276,0.00021366305008996278,7.257417018990964e-05
ray_gpis,Corner,0,0,2,plus_z,minus_y,0.04691847974517849,0.13037884384775245,0.08346036410257396,0.0,-1.0,0.0760260041926768,0.13037884384775245,0.04691847974517849,5.1005175919272006e-05,4.754649489768781e-05,5.1194499974371865e-05
ray_gpis,Corner,0,0,3,minus_x,minus_x,0.0723488637213735,0.0723488637213735,0.0,1.0,1.0,0.0723488637213735,0.06193564847484856,0.04538460991597504,5.280608820612542e-05,3.662963354145177e-05,3.5734290577238426e-05
ray_gpis,Corner,0,0,4,minus_x,minus_x,0.0861457410397275,0.0861457410397275,0.0,1.0,1.0,0.0861457410397275,0.037870126505835655,0.03164889362840362,3.79012999474071e-05,3.701494279084727e-05,2.9518978408304974e-05
ray_gpis,L_Shaped,8,0,0,minus_y,minus_x,0.11051360640218011,0.20809426254585162,0.09758065614367151,0.0,0.0,0.20809426254585162,0.11051360640218011,0.1553016407454293,1.3529110219678842e-05,1.3529110219678842e-05,1.32935238070786e-05
ray_gpis,L_Shaped,8,0,1,minus_y,minus_x,0.14630722394490836,0.19889681315223362,0.05258958920732526,0.0,0.5,0.19889681315223362,0.14630722394490836,0.055582391030010836,0.00010875760926865041,0.00012448684719856828,4.880392225459218e-05
ray_gpis,L_Shaped,8,0,2,minus_y,minus_x,0.08802484649167464,0.1291460448478874,0.04112119835621275,0.0,-0.5,0.1291460448478874,0.08802484649167464,0.09387366424262067,0.00011323393118800595,0.00015275392797775567,3.976186053478159e-05
ray_gpis,L_Shaped,8,0,3,minus_x,minus_x,0.10639747503586117,0.10639747503586117,0.0,1.0,0.5,0.10639747503586117,0.08234559920758211,0.09688393873588019,7.693863153690472e-05,4.8353365855291486e-05,2.8852573450421914e-05
ray_gpis,L_Shaped,8,0,4,minus_x,plus_z,0.051008831524768095,0.05292160062223428,0.0019127690974661826,0.0,-0.5,0.051008831524768095,0.03104265719028987,0.05292160062223428,4.595847349264659e-05,4.2940147977788e-05,2.2775579054723494e-05
ray_gpis,L_Shaped,13,0,0,minus_x,minus_y,0.11793982445911161,0.1482963339744508,0.03035650951533919,0.0,0.5,0.11793982445911161,0.1482963339744508,0.10316379192825426,1.617357884242665e-05,1.6107980627566576e-05,1.59190585691249e-05
ray_gpis,L_Shaped,13,0,1,minus_x,minus_x,0.20374369822088656,0.20374369822088656,0.0,1.0,1.0,0.20374369822088656,0.12917007567030447,0.12756771522550303,0.0005622580647468567,0.00035802775528281927,0.00024096986453514546
ray_gpis,L_Shaped,13,0,2,minus_x,minus_x,0.033699348233150794,0.033699348233150794,0.0,1.0,1.0,0.033699348233150794,0.02710550666874678,0.027676855513119825,4.2203449993394315e-05,3.5954137274529785e-05,3.77796714019496e-05
ray_gpis,L_Shaped,13,0,3,minus_x,minus_x,0.09272924391511339,0.09272924391511339,0.0,1.0,0.5,0.09272924391511339,0.0072502182609088806,0.042802669683748906,4.510816506808624e-05,3.68809123756364e-05,2.8277259843889624e-05
ray_gpis,L_Shaped,13,0,4,minus_x,minus_x,0.05433938480477141,0.05433938480477141,0.0,1.0,1.0,0.05433938480477141,0.010391589380886135,0.02190525160625889,3.4854270779760554e-05,2.2521089704241604e-05,2.406564453849569e-05
ray_gpis,L_Shaped,4,0,0,minus_x,minus_x,0.18981653402873921,0.18981653402873921,0.0,1.0,0.5,0.18981653402873921,0.08922101719121611,0.13628754894908612,9.61411205935292e-05,3.790752816712484e-05,3.1461240723729134e-05
ray_gpis,L_Shaped,4,0,1,minus_x,minus_x,0.1460550423404573,0.1460550423404573,0.0,1.0,1.0,0.1460550423404573,0.035280037091220295,0.05254708119463558,2.394080911471974e-05,2.3606269678566605e-05,2.369510730204638e-05
ray_gpis,L_Shaped,4,0,2,minus_x,minus_x,0.09302731551309229,0.09302731551309229,0.0,1.0,0.5,0.09302731551309229,0.06013849500511337,0.07530207517469811,9.236090409103781e-05,7.186885341070592e-05,3.359547190484591e-05
ray_gpis,L_Shaped,4,0,3,plus_z,minus_x,0.015028460899251028,0.0384548672509375,0.02342640635168647,0.0,0.5,0.0384548672509375,0.014760668762934914,0.015028460899251028,2.576197402959224e-05,2.516377753636334e-05,3.095759166171774e-05
ray_gpis,L_Shaped,4,0,4,plus_z,minus_x,-0.03879952778118834,-0.026676503936170493,0.012123023845017844,0.0,-0.5,-0.026676503936170493,-0.04811332960842207,-0.03879952778118834,2.43499998759944e-05,2.892283555411268e-05,3.074275446124375e-05
ray_gpis,L_Shaped,1,0,0,minus_x,minus_x,0.18214923527421967,0.18214923527421967,0.0,1.0,1.0,0.18214923527421967,0.16682530839127774,0.10235421330099825,0.0004073109885212034,0.00014241070311982185,6.766131991753355e-05
ray_gpis,L_Shaped,1,0,1,minus_x,minus_x,0.2067622938873348,0.2067622938873348,0.0,1.0,0.5,0.2067622938873348,0.025283982617591794,0.05133310082809428,0.0002715593727771193,3.936278517358005e-05,2.3266735297511332e-05
ray_gpis,L_Shaped,1,0,2,minus_x,minus_x,0.06255957839147719,0.06255957839147719,0.0,1.0,0.5,0.06255957839147719,0.012722975149902616,0.03172233517005918,4.845621879212558e-05,3.6735949834110215e-05,2.3806238459656015e-05
ray_gpis,L_Shaped,1,0,3,minus_x,minus_x,-0.014789629916395097,-0.014789629916395097,0.0,1.0,0.5,-0.014789629916395097,-0.029381030353754944,-0.026963025345374758,4.2454244976397604e-05,3.120158362435177e-05,2.399195909674745e-05
ray_gpis,L_Shaped,1,0,4,minus_y,plus_z,0.050278992660226396,0.053354920600959366,0.00307592794073297,0.0,0.5,0.016929773379041335,0.050278992660226396,0.053354920600959366,2.240412140963599e-05,2.465909710736014e-05,2.2692178390570916e-05
ray_gpis,L_Shaped,12,0,0,minus_x,minus_x,0.20924293508475478,0.20924293508475478,0.0,1.0,1.0,0.20924293508475478,0.14856332166055664,0.08015979874161222,0.00017540832050144672,3.5899636714020744e-05,3.192923395545222e-05
ray_gpis,L_Shaped,12,0,1,minus_x,minus_x,0.15195432605563564,0.15195432605563564,0.0,1.0,1.0,0.15195432605563564,0.07188284777659826,0.0756250030256711,0.00023729944950900972,5.882845289306715e-05,8.941753912949935e-05
ray_gpis,L_Shaped,12,0,2,minus_y,minus_x,0.06509706947288452,0.08778125348316035,0.022684184010275832,0.0,0.5,0.08778125348316035,0.06509706947288452,0.060502482954716275,3.33959142153617e-05,5.3389056120067835e-05,3.139585169265047e-05
ray_gpis,L_Shaped,12,0,3,minus_y,plus_z,0.029194388648005165,0.03669587809686958,0.007501489448864418,0.0,-0.5,0.035303075554360075,0.029194388648005165,0.03669587809686958,2.5222025215043686e-05,3.111974729108624e-05,2.6877300115302205e-05
ray_gpis,L_Shaped,12,0,4,plus_z,minus_y,-0.0003574292449802785,0.018827670384702788,0.019185099629683067,0.0,-1.0,0.010190138869168752,0.018827670384702788,-0.0003574292449802785,2.5672949050203897e-05,2.4503802706021816e-05,2.7693256924976595e-05
ray_gpis,L_Shaped,7,0,0,minus_x,minus_x,0.338738513595932,0.338738513595932,0.0,1.0,0.5,0.338738513595932,0.23564915070922793,0.29507999161340803,3.273078255006112e-05,3.25641522067599e-05,3.097599619650282e-05
ray_gpis,L_Shaped,7,0,1,minus_x,plus_z,0.12576841788191095,0.1312142051027113,0.005445787220800358,0.0,0.5,0.12576841788191095,0.11930889489808738,0.1312142051027113,0.00010228777682641521,6.585886148968711e-05,6.692230090266094e-05
ray_gpis,L_Shaped,7,0,2,minus_x,minus_x,0.11017247627658988,0.11017247627658988,0.0,1.0,0.5,0.11017247627658988,-0.003914716193528123,0.018116839233110804,2.0538183889584616e-05,2.039284117927309e-05,2.0295481590437703e-05
ray_gpis,L_Shaped,7,0,3,minus_x,minus_x,0.09863721923658553,0.09863721923658553,0.0,1.0,0.5,0.09863721923658553,0.04813453778466148,0.06269920196354528,5.3118546929908916e-05,3.124995419057086e-05,2.6494830308365636e-05
ray_gpis,L_Shaped,7,0,4,minus_x,minus_x,0.017271034865135704,0.017271034865135704,0.0,1.0,0.5,0.017271034865135704,0.01502422912133683,0.011060600016571942,2.465896977810189e-05,2.2523567167809233e-05,2.436673457850702e-05
ray_gpis,L_Shaped,14,0,0,minus_x,minus_x,0.030234827225923744,0.030234827225923744,0.0,1.0,1.0,0.030234827225923744,-0.00661228115847301,-0.0486392991977424,0.0002750478743109852,0.00021438322437461466,2.6785555746755563e-05
ray_gpis,L_Shaped,14,0,1,minus_x,plus_z,0.2097721314898946,0.23799921623984965,0.028227084749955056,0.0,0.5,0.2097721314898946,0.20783481438480367,0.23799921623984965,4.617839294951409e-05,2.282812783960253e-05,2.2939448172110133e-05
ray_gpis,L_Shaped,14,0,2,minus_x,minus_y,0.04065089378966158,0.04164486440108395,0.0009939706114223679,0.0,-0.5,0.04065089378966158,0.04164486440108395,0.035726958952491006,6.080045295675518e-06,6.0717511587427e-06,6.0767711147491354e-06
ray_gpis,L_Shaped,14,0,3,plus_z,minus_y,0.03467071151825907,0.056212056824167744,0.021541345305908677,0.0,-0.5,0.030904601615870053,0.056212056824167744,0.03467071151825907,9.337945812148973e-06,9.33256796997739e-06,9.34029867494246e-06
ray_gpis,L_Shaped,14,0,4,minus_x,minus_x,0.037220873936069876,0.037220873936069876,0.0,1.0,0.0,0.037220873936069876,0.030031170306162314,0.024346196750382854,1.1618658390943892e-05,1.1606951375142671e-05,1.1618658390943892e-05
ray_gpis,L_Shaped,2,0,0,minus_x,minus_x,0.16756566528291555,0.16756566528291555,0.0,1.0,1.0,0.16756566528291555,0.030521507123459968,0.006928079322104541,1.4733911939401878e-06,1.4712954907736275e-06,1.4711906715092482e-06
ray_gpis,L_Shaped,2,0,1,minus_x,minus_x,0.17487981664571428,0.17487981664571428,0.0,1.0,0.5,0.17487981664571428,0.08633325943933179,0.10015751869476908,0.00023175626120064408,0.00014873486361466348,0.00013120565563440323
ray_gpis,L_Shaped,2,0,2,minus_x,plus_z,0.06901470117045527,0.08636276770302254,0.017348066532567263,0.0,-0.5,0.06901470117045527,0.08319857067982539,0.08636276770302254,5.892579792998731e-05,3.59576333721634e-05,4.999773591407575e-05
ray_gpis,L_Shaped,2,0,3,plus_z,minus_y,0.023289977095866443,0.03436059278619574,0.0110706156903293,0.0,0.5,0.019718539982848227,0.03436059278619574,0.023289977095866443,3.645816468633711e-05,4.666376844397746e-05,5.912699634791352e-05
ray_gpis,L_Shaped,2,0,4,plus_z,minus_y,0.0031427762722119335,0.0431192018541392,0.039976425581927266,0.0,-0.5,0.020794987908499873,0.0431192018541392,0.0031427762722119335,2.9258837457746267e-05,2.9566281227744184e-05,4.9274942284682766e-05
ray_gpis,L_Shaped,6,0,0,minus_x,minus_y,0.1884183110386053,0.23326821822132193,0.04484990718271664,0.0,0.5,0.1884183110386053,0.23326821822132193,0.1590722943479027,0.00047262251609936357,0.00046989007387310266,6.462138117058203e-05
ray_gpis,L_Shaped,6,0,1,minus_x,minus_x,0.19883697048116267,0.19883697048116267,0.0,1.0,0.5,0.19883697048116267,0.10832182792339418,0.12442912618225421,0.0007399969617836177,0.00014831064618192613,0.00011333515431033447
ray_gpis,L_Shaped,6,0,2,minus_x,minus_x,0.1065636224064691,0.1065636224064691,0.0,1.0,1.0,0.1065636224064691,0.0071546146231171726,0.01669158853307584,0.00028710757032968104,5.772172880824655e-05,0.000126987841213122
ray_gpis,L_Shaped,6,0,3,minus_x,plus_z,0.03963359053447879,0.040928440212605444,0.0012948496781266527,0.0,0.5,0.03963359053447879,0.01196576081539058,0.040928440212605444,8.52667581057176e-05,2.3419075660058297e-05,5.1683226047316566e-05
ray_gpis,L_Shaped,6,0,4,minus_x,minus_x,0.05180913299196743,0.05180913299196743,0.0,1.0,1.0,0.05180913299196743,0.007287926341749573,0.030975962458268724,5.4327068937709555e-05,3.381173883099109e-05,4.231207640259527e-05
ray_gpis,L_Shaped,3,0,0,minus_x,minus_x,0.204642094693484,0.204642094693484,0.0,1.0,1.0,0.204642094693484,0.19687557369807368,0.10150960083085114,1.0068315532407723e-05,1.0063359695777763e-05,9.922059689415619e-06
ray_gpis,L_Shaped,3,0,1,minus_x,minus_x,0.13812499256221322,0.13812499256221322,0.0,1.0,0.5,0.13812499256221322,0.07845594539188849,0.13658672803284322,2.0203466192469932e-05,2.005528222071007e-05,1.996176433749497e-05
ray_gpis,L_Shaped,3,0,2,minus_x,minus_x,0.18861512238110678,0.18861512238110678,0.0,1.0,0.5,0.18861512238110678,0.0855952995108753,0.07607654595442936,0.00018463942978996783,0.00010886947711696848,0.0001677695836406201
ray_gpis,L_Shaped,3,0,3,minus_y,minus_x,0.028995027154049113,0.03745142177964311,0.008456394625594,0.0,-0.5,0.03745142177964311,0.028995027154049113,0.032010289145102844,2.8813059543608688e-05,5.584151222137734e-05,2.3505128410761245e-05
ray_gpis,L_Shaped,3,0,4,minus_y,minus_y,0.05091078958460038,0.05091078958460038,0.0,1.0,1.0,0.048863835991479254,0.05091078958460038,0.012192556394825638,2.7430225600255653e-05,5.609761501546018e-05,2.434037742204964e-05
ray_gpis,L_Shaped,9,0,0,minus_x,minus_x,0.21294659400126087,0.21294659400126087,0.0,1.0,1.0,0.21294659400126087,0.10201803460953013,0.06618328934321932,5.157239684194792e-06,5.13771419718978e-06,5.073333340988029e-06
ray_gpis,L_Shaped,9,0,1,minus_x,minus_x,0.15776813561849112,0.15776813561849112,0.0,1.0,1.0,0.15776813561849112,0.08872844856839834,0.01834601028311078,0.000248286931309849,0.00014184188330546021,5.7236662541981786e-05
ray_gpis,L_Shaped,9,0,2,plus_z,minus_y,0.04994355123906702,0.0670073253111323,0.017063774072065274,0.0,0.5,0.03495879386235712,0.0670073253111323,0.04994355123906702,2.760526149359066e-05,3.343395292176865e-05,4.113362228963524e-05
ray_gpis,L_Shaped,9,0,3,minus_x,minus_x,0.060190552212739834,0.060190552212739834,0.0,1.0,0.5,0.060190552212739834,0.01531585932950752,0.014474074798358938,3.858208219753578e-05,2.775231041596271e-05,3.320707764942199e-05
ray_gpis,L_Shaped,9,0,4,minus_x,minus_x,0.026902538293720246,0.026902538293720246,0.0,1.0,0.5,0.026902538293720246,0.007242179409975069,0.0029457831325778727,3.806001404882409e-05,2.5807588826864958e-05,2.630067683639936e-05
ray_gpis,L_Shaped,10,0,0,minus_x,minus_y,0.16004611206912123,0.1609259526090231,0.0008798405399018661,0.0,0.5,0.16004611206912123,0.1609259526090231,0.06494139122815318,1.5681240256526507e-05,1.5216613064694684e-05,1.4748506146133877e-05
ray_gpis,L_Shaped,10,0,1,minus_y,minus_y,0.1627761174608766,0.1627761174608766,0.0,1.0,0.5,0.1405088810513666,0.1627761174608766,0.1614639421598264,0.00019607145804911852,0.000223587267100811,6.033915269654244e-05
ray_gpis,L_Shaped,10,0,2,minus_x,minus_x,0.15788184116996296,0.15788184116996296,0.0,1.0,0.5,0.15788184116996296,0.021821213834017916,0.018271343948150442,8.073414937825873e-05,3.552488124114461e-05,4.081582301296294e-05
ray_gpis,L_Shaped,10,0,3,minus_x,minus_x,0.03572994310703903,0.03572994310703903,0.0,1.0,0.5,0.03572994310703903,0.021508933636249394,0.025632745995349926,2.803657844197005e-05,2.6653191525838338e-05,2.330602910660673e-05
ray_gpis,L_Shaped,10,0,4,minus_x,minus_x,0.015375954298303851,0.015375954298303851,0.0,1.0,1.0,0.015375954298303851,0.005048208810218724,-0.0037825710084837816,2.762419535429217e-05,2.5575356630724855e-05,2.2695072402711958e-05
ray_gpis,L_Shaped,5,0,0,minus_x,minus_x,0.27567378400233,0.27567378400233,0.0,1.0,1.0,0.27567378400233,0.15128918722080292,0.11505057570664667,1.045921271725092e-05,1.0458335964358412e-05,1.0420648322906345e-05
ray_gpis,L_Shaped,5,0,1,minus_x,minus_x,0.1139541378748059,0.1139541378748059,0.0,1.0,0.5,0.1139541378748059,0.04334496939105292,0.06517707223881852,0.0002859685046132654,5.8791822084458545e-05,5.3605162975145504e-05
ray_gpis,L_Shaped,5,0,2,minus_x,minus_x,0.14530607660195338,0.14530607660195338,0.0,1.0,0.5,0.14530607660195338,0.0563751206951173,0.037269064034935795,0.00020221475278958678,4.318506762501784e-05,9.836698154686019e-05
ray_gpis,L_Shaped,5,0,3,minus_x,minus_y,0.03928856741948039,0.046158117859619985,0.0068695504401395935,0.0,-0.5,0.03928856741948039,0.046158117859619985,0.038951272342305776,4.272150545148179e-05,2.7973410396953113e-05,2.9126864319550805e-05
ray_gpis,L_Shaped,5,0,4,minus_x,minus_y,0.00817141084452988,0.027464373500698414,0.019292962656168533,0.0,-0.5,0.00817141084452988,0.027464373500698414,0.025201100589250847,4.694509334512986e-05,2.656398282852024e-05,2.2632195395999588e-05
ray_gpis,L_Shaped,11,0,0,minus_x,minus_y,0.07890750686587072,0.14302706130743187,0.06411955444156114,0.0,-0.5,0.07890750686587072,0.14302706130743187,0.10026158445654176,0.0003647001867648214,0.00023082635016180575,0.00010129177826456726
ray_gpis,L_Shaped,11,0,1,minus_x,minus_x,0.27660804794502025,0.27660804794502025,0.0,1.0,1.0,0.27660804794502025,0.007374363650554827,0.03814209348012587,0.0009353287750855088,3.9648133679293096e-05,9.655338362790644e-05
ray_gpis,L_Shaped,11,0,2,minus_x,minus_x,0.15061138686234532,0.15061138686234532,0.0,1.0,1.0,0.15061138686234532,0.08127743484101724,0.015688855524976897,0.00022219617676455528,0.0002155826659873128,2.367833803873509e-05
ray_gpis,L_Shaped,11,0,3,minus_x,plus_z,0.023469757038652173,0.028973326500826513,0.00550356946217434,0.0,-0.5,0.023469757038652173,0.026487188679085838,0.028973326500826513,2.42617152252933e-05,2.3072007024893537e-05,2.3281882022274658e-05
ray_gpis,L_Shaped,11,0,4,plus_z,plus_z,0.029474042041954363,0.029474042041954363,0.0,1.0,1.0,0.006923101183745284,0.015706958728945786,0.029474042041954363,2.2807262212154455e-05,2.2843269107397646e-05,2.3593251171405427e-05
ray_gpis,L_Shaped,0,0,0,minus_x,plus_z,0.0739477748621129,0.08144999331555519,0.007502218453442289,0.0,0.5,0.0739477748621129,0.06078317292290214,0.08144999331555519,0.0001520954683655873,0.00012288913421798497,0.00013624296116176993
ray_gpis,L_Shaped,0,0,1,minus_x,plus_z,0.004506116013046679,0.05583249645798466,0.05132638044493798,0.0,-0.5,0.004506116013046679,0.027503752655021974,0.05583249645798466,0.0002777744084596634,4.602089393301867e-05,7.500176434405148e-05
ray_gpis,L_Shaped,0,0,2,minus_y,plus_z,0.10157152790413837,0.13181054834201955,0.03023902043788118,0.0,-1.0,0.11437819520738057,0.10157152790413837,0.13181054834201955,2.250148645543959e-05,2.2674244974041358e-05,2.2361820811056532e-05
ray_gpis,L_Shaped,0,0,3,minus_x,minus_y,0.05467862816576885,0.07050774824602835,0.015829120080259496,0.0,-0.5,0.05467862816576885,0.07050774824602835,0.029510190539499437,2.2462772903963923e-05,2.1928628484602086e-05,2.240498724859208e-05
ray_gpis,L_Shaped,0,0,4,minus_y,minus_x,0.08998207878336562,0.12435667025038766,0.03437459146702204,0.0,-0.5,0.12435667025038766,0.08998207878336562,0.06683596758510968,2.227699224022217e-05,2.23728329729056e-05,2.2281790734268725e-05
ray_gpis,Cylinder,8,0,0,minus_x,minus_x,0.3136138510935407,0.3136138510935407,0.0,1.0,1.0,0.3136138510935407,0.16558241122619294,0.044022787159257504,1.0556251254456583e-05,1.0391773685114458e-05,1.0090065188705921e-05
ray_gpis,Cylinder,8,0,1,minus_x,minus_x,0.1252244186635395,0.1252244186635395,0.0,1.0,1.0,0.1252244186635395,0.12436674525115532,0.08467520840317411,0.00023212390078697354,9.774300269782543e-05,6.304006819846109e-05
ray_gpis,Cylinder,8,0,2,minus_y,minus_x,0.01122571785492854,0.08418063841044532,0.07295492055551678,0.0,-0.5,0.08418063841044532,0.01122571785492854,0.04888169392746411,8.043677371460944e-05,8.517820970155299e-05,6.477286660810933e-05
ray_gpis,Cylinder,8,0,3,minus_x,minus_x,0.0762043709109671,0.0762043709109671,0.0,1.0,0.5,0.0762043709109671,0.060291514780662636,0.06922269721224394,8.414032345172018e-05,5.479871833813377e-05,4.202636409900151e-05
ray_gpis,Cylinder,8,0,4,minus_x,minus_x,0.07565396513484501,0.07565396513484501,0.0,1.0,1.0,0.07565396513484501,0.034462800859399345,0.03704094937520275,6.362556450767443e-05,2.4065209800028242e-05,3.089342499151826e-05
ray_gpis,Cylinder,13,0,0,minus_x,minus_x,0.25417572005567496,0.25417572005567496,0.0,1.0,1.0,0.25417572005567496,0.16436976941783382,0.12077672648707793,5.819013495056424e-06,5.7907868722395506e-06,5.561827947531128e-06
ray_gpis,Cylinder,13,0,1,minus_x,minus_x,0.1710023789531594,0.1710023789531594,0.0,1.0,1.0,0.1710023789531594,0.13851996301945324,0.1365218766573414,0.0008070379844866693,0.0006405680906027555,2.8911234039696865e-05
ray_gpis,Cylinder,13,0,2,minus_x,minus_x,0.0841755021229168,0.0841755021229168,0.0,1.0,1.0,0.0841755021229168,0.07199305254187072,0.020068566672404753,0.00028935426962561905,0.0002048563037533313,3.190930146956816e-05
ray_gpis,Cylinder,13,0,3,minus_x,minus_x,0.09178572443163868,0.09178572443163868,0.0,1.0,0.5,0.09178572443163868,0.0018461745317802647,0.05047976573430957,0.0002364663960179314,7.177908264566213e-05,2.662262886587996e-05
ray_gpis,Cylinder,13,0,4,minus_x,minus_y,0.04755770389937275,0.058626641717037464,0.011068937817664715,0.0,0.5,0.04755770389937275,0.058626641717037464,0.025635736575918888,3.469406510703266e-05,2.8463025955716148e-05,2.379382749495562e-05
ray_gpis,Cylinder,4,0,0,minus_x,minus_x,0.21011355696091383,0.21011355696091383,0.0,1.0,1.0,0.21011355696091383,0.08099527598596662,0.030862445339325084,0.0004936655168421566,8.824859833111987e-05,4.038211773149669e-05
ray_gpis,Cylinder,4,0,1,minus_x,minus_y,0.049699433953239835,0.1101915834493511,0.06049214949611126,0.0,0.5,0.049699433953239835,0.1101915834493511,0.02665819525889279,0.00022818829165771604,9.438535926165059e-05,5.070549013908021e-05
ray_gpis,Cylinder,4,0,2,minus_y,minus_x,0.1018486493855153,0.13067185282751215,0.028823203441996847,0.0,0.5,0.13067185282751215,0.1018486493855153,0.08534038431708701,0.00016824016347527504,0.00022368579811882228,7.478752377210185e-05
ray_gpis,Cylinder,4,0,3,minus_x,minus_y,0.0854830638089481,0.09946089854848417,0.013977834739536066,0.0,0.5,0.0854830638089481,0.09946089854848417,0.04797756396503605,0.00010744520113803446,8.83835309650749e-05,5.412107930169441e-05
ray_gpis,Cylinder,4,0,4,plus_z,minus_y,0.016338849401389854,0.035205519111924266,0.01886666971053441,0.0,-0.5,0.021702956308773613,0.035205519111924266,0.016338849401389854,3.315695357741788e-05,3.5017561458516866e-05,7.486424874514341e-05
ray_gpis,Cylinder,1,0,0,minus_x,minus_x,0.19566169397458494,0.19566169397458494,0.0,1.0,1.0,0.19566169397458494,0.1552824841643144,0.05259951874635743,0.0004218662215862423,0.00012358668027445674,4.27558297815267e-05
ray_gpis,Cylinder,1,0,1,minus_x,minus_x,0.1504900955981494,0.1504900955981494,0.0,1.0,1.0,0.1504900955981494,0.028977554907090863,0.020263962897950072,0.00037587358383461833,0.00017097819363698363,0.00012298775254748762
ray_gpis,Cylinder,1,0,2,minus_x,minus_x,0.07932127839551695,0.07932127839551695,0.0,1.0,1.0,0.07932127839551695,0.04746525810129942,0.07132386944726954,0.00011496612569317222,4.4620817789109424e-05,0.00010995237971656024
ray_gpis,Cylinder,1,0,3,minus_x,minus_x,0.02402046058398366,0.02402046058398366,0.0,1.0,1.0,0.02402046058398366,0.012747060396032017,0.01394693618404963,0.0001041690120473504,5.365944525692612e-05,6.829260382801294e-05
ray_gpis,Cylinder,1,0,4,plus_z,minus_y,0.014345683124281416,0.018525061048968117,0.0041793779246867,0.0,-0.5,0.015539345708848407,0.018525061048968117,0.014345683124281416,4.972584065399133e-05,5.053998393123038e-05,6.923198088770732e-05
ray_gpis,Cylinder,12,0,0,minus_x,minus_x,0.225961881023779,0.225961881023779,0.0,1.0,1.0,0.225961881023779,0.13112474031568055,0.05596501568563944,2.5492236090940423e-05,2.522846079955343e-05,2.4474144083797e-05
ray_gpis,Cylinder,12,0,1,minus_x,minus_x,0.13639473775159827,0.13639473775159827,0.0,1.0,1.0,0.13639473775159827,0.11758082541445714,0.0362453738405637,0.00028925013612024486,0.0001493085437687114,7.438887405442074e-05
ray_gpis,Cylinder,12,0,2,minus_x,minus_x,0.1206854389080414,0.1206854389080414,0.0,1.0,1.0,0.1206854389080414,0.06903044674925063,0.03488424741982965,0.00017232981917914003,0.00014982212451286614,2.3693291950621642e-05
ray_gpis,Cylinder,12,0,3,minus_y,minus_y,0.03194240887230482,0.03194240887230482,0.0,1.0,1.0,0.030172031379286146,0.03194240887230482,0.02570593874818805,3.2340220059268177e-05,3.600522177293897e-05,2.4815999495331198e-05
ray_gpis,Cylinder,12,0,4,minus_x,minus_x,0.0351907068533438,0.0351907068533438,0.0,1.0,1.0,0.0351907068533438,0.02588484759738452,0.030811159791500065,3.285073398728855e-05,2.858327206922695e-05,3.086894139414653e-05
ray_gpis,Cylinder,7,0,0,minus_x,minus_x,0.14771037180041918,0.14771037180041918,0.0,1.0,1.0,0.14771037180041918,0.12003820490569955,0.11749947166339697,0.00048151251394301653,0.0002598468854557723,3.146324888803065e-05
ray_gpis,Cylinder,7,0,1,minus_x,minus_x,0.16524863227602504,0.16524863227602504,0.0,1.0,1.0,0.16524863227602504,0.12391482035123458,0.08349134175991912,0.00030197715386748314,6.083125845179893e-05,5.184166366234422e-05
ray_gpis,Cylinder,7,0,2,minus_x,minus_x,0.14243085045953263,0.14243085045953263,0.0,1.0,1.0,0.14243085045953263,0.0914941065235162,0.04335900056108555,0.0001794531272025779,7.32041517039761e-05,6.487113569164649e-05
ray_gpis,Cylinder,7,0,3,minus_y,minus_y,0.016017945497036945,0.016017945497036945,0.0,1.0,1.0,0.003883405283186425,0.016017945497036945,-0.015102625794655933,3.63707440556027e-05,4.941177030559629e-05,2.3967120796442032e-05
ray_gpis,Cylinder,7,0,4,minus_x,minus_x,0.04830778959970916,0.04830778959970916,0.0,1.0,0.5,0.04830778959970916,0.02481135343436658,0.03380928501573821,3.65327468898613e-05,2.6876643460127525e-05,2.3835165848140605e-05
ray_gpis,Cylinder,14,0,0,minus_x,minus_x,0.14867403010371982,0.14867403010371982,0.0,1.0,0.5,0.14867403010371982,0.07928409351343274,0.09558197097847826,0.0008255468565039337,0.0005183943430893123,6.840981222921982e-05
ray_gpis,Cylinder,14,0,1,minus_x,minus_x,0.09722164591502636,0.09722164591502636,0.0,1.0,0.5,0.09722164591502636,0.036234593353237976,0.05910536366041641,0.0003397847758606076,0.00013380881864577532,0.0001211880226037465
ray_gpis,Cylinder,14,0,2,plus_z,minus_x,0.04263627249613955,0.12174439935109904,0.07910812685495949,0.0,-0.5,0.12174439935109904,0.07275263866181803,0.04263627249613955,0.00026194899692200124,9.337758092442527e-05,0.0002796537009999156
ray_gpis,Cylinder,14,0,3,minus_x,minus_x,0.1331050290453183,0.1331050290453183,0.0,1.0,0.5,0.1331050290453183,0.04129032088866513,0.021602895588820115,0.0002983387385029346,5.8644454838940874e-05,6.082270556362346e-05
ray_gpis,Cylinder,14,0,4,plus_z,minus_y,0.013077571851880077,0.0336353385532292,0.020557766701349123,0.0,-1.0,0.020579069598749,0.0336353385532292,0.013077571851880077,6.311564357019961e-05,2.8159831344964914e-05,6.779090472264215e-05
ray_gpis,Cylinder,2,0,0,minus_x,minus_x,0.22832931898119696,0.22832931898119696,0.0,1.0,1.0,0.22832931898119696,0.1810184098263255,0.15525699100815754,2.4124599804054014e-05,2.3905973648652434e-05,2.355318792979233e-05
ray_gpis,Cylinder,2,0,1,minus_x,minus_x,0.06316375481592884,0.06316375481592884,0.0,1.0,1.0,0.06316375481592884,0.009185581474360993,-0.016116763800744116,0.0003883509780280292,4.720424840343185e-05,4.597912629833445e-05
ray_gpis,Cylinder,2,0,2,minus_x,minus_x,0.1965257581471438,0.1965257581471438,0.0,1.0,1.0,0.1965257581471438,0.05311367061873573,0.14533161975197362,6.984733772696927e-05,2.4853297873050906e-05,5.472711200127378e-05
ray_gpis,Cylinder,2,0,3,minus_x,minus_x,0.04260040683044175,0.04260040683044175,0.0,1.0,0.5,0.04260040683044175,0.030679034796345706,0.025070145006080957,5.036233415012248e-05,4.035968231619336e-05,4.092815288458951e-05
ray_gpis,Cylinder,2,0,4,minus_y,minus_y,0.03480283403035567,0.03480283403035567,0.0,1.0,1.0,0.014563482092268099,0.03480283403035567,0.009215073525621231,2.6111369152204134e-05,3.620747884269804e-05,2.2578426069230773e-05
ray_gpis,Cylinder,6,0,0,minus_x,minus_x,0.207747895895054,0.207747895895054,0.0,1.0,0.5,0.207747895895054,0.12296842558576276,0.125273423882369,0.0009085999918170273,0.0005486065638251603,0.00011933616042369977
ray_gpis,Cylinder,6,0,1,minus_x,minus_x,0.12715498897544897,0.12715498897544897,0.0,1.0,1.0,0.12715498897544897,0.07016325090702435,0.011649914860765609,0.0004082768864464015,0.0003551128029357642,2.5219302187906578e-05
ray_gpis,Cylinder,6,0,2,minus_x,minus_y,0.09665732244793557,0.10332097525110429,0.006663652803168718,0.0,0.5,0.09665732244793557,0.10332097525110429,0.03430330279924798,0.00032337006996385753,0.0001780916063580662,4.358989463071339e-05
ray_gpis,Cylinder,6,0,3,minus_x,minus_y,0.06665422088033646,0.08716638134240895,0.020512160462072493,0.0,-0.5,0.06665422088033646,0.08716638134240895,0.07405738985319932,5.5839183914940804e-05,5.119797060615383e-05,4.692529182648286e-05
ray_gpis,Cylinder,6,0,4,minus_y,minus_x,0.013135471993583003,0.02395301294789809,0.010817540954315086,0.0,0.5,0.02395301294789809,0.013135471993583003,0.012532073725854631,3.3435186196584255e-05,3.518485391396098e-05,2.379434044996742e-05
ray_gpis,Cylinder,3,0,0,minus_x,minus_x,0.16984674007545064,0.16984674007545064,0.0,1.0,1.0,0.16984674007545064,0.15047230405979733,0.11132724657598014,1.6721443898859434e-05,1.642992538108956e-05,1.5811021512490697e-05
ray_gpis,Cylinder,3,0,1,minus_x,minus_x,0.21057136509647068,0.21057136509647068,0.0,1.0,1.0,0.21057136509647068,0.11408469270093657,0.07231679981501582,0.0005422343965619802,0.00018515218107495457,2.8691945772152394e-05
ray_gpis,Cylinder,3,0,2,minus_y,minus_x,0.07103707309576679,0.07381055674249315,0.00277348364672636,0.0,0.5,0.07381055674249315,0.07103707309576679,0.026176407434555515,7.251639908645302e-05,7.992637256393209e-05,5.817479541292414e-05
ray_gpis,Cylinder,3,0,3,minus_x,minus_x,0.08783839835802021,0.08783839835802021,0.0,1.0,0.5,0.08783839835802021,0.01355961926758631,0.044419419582502506,7.089003338478506e-05,4.95482308906503e-05,4.1653591324575245e-05
ray_gpis,Cylinder,3,0,4,minus_x,minus_x,0.03807545816130731,0.03807545816130731,0.0,1.0,1.0,0.03807545816130731,0.005976868683436387,0.0076974576006929585,3.7139252526685596e-05,2.3388503905152902e-05,3.11404000967741e-05
ray_gpis,Cylinder,9,0,0,minus_x,minus_x,0.1369507732463553,0.1369507732463553,0.0,1.0,1.0,0.1369507732463553,0.03300224946756003,0.015187665539351969,0.0007001719786785543,0.00035747484071180224,4.221889685140923e-05
ray_gpis,Cylinder,9,0,1,minus_x,minus_x,0.19245064221557917,0.19245064221557917,0.0,1.0,1.0,0.19245064221557917,0.08497606272247538,0.07689814700294251,0.0006790845654904842,8.275427535409108e-05,5.788028283859603e-05
ray_gpis,Cylinder,9,0,2,plus_z,minus_x,0.02763581351637978,0.08878307894743875,0.06114726543105897,0.0,-0.5,0.08878307894743875,0.05202541113721926,0.02763581351637978,5.897158189327456e-05,4.422917481861077e-05,0.00010060775821330026
ray_gpis,Cylinder,9,0,3,minus_x,minus_x,0.07930438224543934,0.07930438224543934,0.0,1.0,1.0,0.07930438224543934,0.037112270356206456,0.03962580081331779,9.405599848832935e-05,4.036599784740247e-05,6.097919322201051e-05
ray_gpis,Cylinder,9,0,4,minus_y,minus_y,0.03471829640550261,0.03471829640550261,0.0,1.0,1.0,0.008503357549415225,0.03471829640550261,0.013393151818079319,3.1374325772048905e-05,3.704558912431821e-05,3.533667040755972e-05
ray_gpis,Cylinder,10,0,0,minus_x,minus_x,0.23626185960615037,0.23626185960615037,0.0,1.0,1.0,0.23626185960615037,0.09323352311749528,0.07533850498347044,0.00039926942554302514,5.8910358347930014e-05,3.304065467091277e-05
ray_gpis,Cylinder,10,0,1,minus_x,minus_x,0.17386312656958414,0.17386312656958414,0.0,1.0,0.5,0.17386312656958414,0.10472094645947982,0.10528797212860042,0.00022703336435370147,8.101328421616927e-05,5.097444955026731e-05
ray_gpis,Cylinder,10,0,2,minus_x,plus_z,0.06271344010126767,0.06853268509880317,0.0058192449975355,0.0,-1.0,0.06271344010126767,0.06532819410056301,0.06853268509880317,9.645716636441648e-05,8.659162995172665e-05,5.37808082299307e-05
ray_gpis,Cylinder,10,0,3,minus_y,minus_y,0.05405649993885275,0.05405649993885275,0.0,1.0,0.5,0.04463367112960959,0.05405649993885275,0.016536137591692146,4.440775592229329e-05,7.161107350839302e-05,4.905610694549978e-05
ray_gpis,Cylinder,10,0,4,plus_z,minus_y,0.0028116920264369405,0.02326880965304079,0.02045711762660385,0.0,-1.0,0.015439187456398829,0.02326880965304079,0.0028116920264369405,4.589716991176829e-05,4.206268931739032e-05,5.094916923553683e-05
ray_gpis,Cylinder,5,0,0,minus_x,minus_x,0.21331325679151764,0.21331325679151764,0.0,1.0,1.0,0.21331325679151764,0.12332254307771295,0.05874300876332578,1.8620143237058073e-05,1.8403723515802994e-05,1.789732232282404e-05
ray_gpis,Cylinder,5,0,1,minus_x,minus_x,0.17709853775427553,0.17709853775427553,0.0,1.0,1.0,0.17709853775427553,0.14385022179929507,0.10257876304969826,0.0003424322640057653,0.00019049289403483272,8.643118053441867e-05
ray_gpis,Cylinder,5,0,2,minus_x,minus_x,0.13170884464339816,0.13170884464339816,0.0,1.0,0.5,0.13170884464339816,0.05283033580396301,0.03744586238318426,0.0001397151791024953,8.053576311795041e-05,8.489436731906608e-05
ray_gpis,Cylinder,5,0,3,minus_x,minus_x,0.044592491577509996,0.044592491577509996,0.0,1.0,1.0,0.044592491577509996,0.022279900376938833,0.012866408663872564,8.36233448353596e-05,5.301841156324372e-05,2.4619457690278068e-05
ray_gpis,Cylinder,5,0,4,minus_x,plus_z,0.006927478239630247,0.026854390796075878,0.01992691255644563,0.0,-1.0,0.006927478239630247,0.024928023745589778,0.026854390796075878,2.8727417884510942e-05,2.750056592049077e-05,2.39693108596839e-05
ray_gpis,Cylinder,11,0,0,minus_x,minus_x,0.1635085406352753,0.1635085406352753,0.0,1.0,0.5,0.1635085406352753,0.07845847797511157,0.11623473534251427,0.0005292906425893307,6.981183832976967e-05,4.562745743896812e-05
ray_gpis,Cylinder,11,0,1,minus_x,minus_x,0.1626565347423946,0.1626565347423946,0.0,1.0,0.5,0.1626565347423946,0.13221943084462606,0.14640407142967393,0.00015580617764499038,0.00013065688835922629,7.102237577782944e-05
ray_gpis,Cylinder,11,0,2,minus_x,minus_y,0.07582926761914421,0.11705497648477026,0.04122570886562604,0.0,0.5,0.07582926761914421,0.11705497648477026,0.06091976507934571,9.091792162507772e-05,8.8861896074377e-05,5.134224193170667e-05
ray_gpis,Cylinder,11,0,3,minus_x,minus_x,0.03645655919437474,0.03645655919437474,0.0,1.0,0.5,0.03645655919437474,0.023846915189907558,-0.004482801732390129,5.4527663451153785e-05,4.180290852673352e-05,4.414498835103586e-05
ray_gpis,Cylinder,11,0,4,minus_x,plus_z,-0.05399115483134842,-0.05022396473709978,0.0037671900942486403,0.0,-0.5,-0.05399115483134842,-0.058768033816029575,-0.05022396473709978,4.4284672185312957e-05,3.202881271135993e-05,2.315238452865742e-05
ray_gpis,Cylinder,0,0,0,minus_x,minus_x,0.2830613259771652,0.2830613259771652,0.0,1.0,1.0,0.2830613259771652,0.2509194258351977,0.23372749908001839,7.359867595368996e-06,7.302351150428876e-06,6.994987415964715e-06
ray_gpis,Cylinder,0,0,1,minus_x,minus_x,0.22050586438214848,0.22050586438214848,0.0,1.0,0.5,0.22050586438214848,0.010060829959522288,0.053870758066882796,0.00041641222196631134,9.995282016461715e-05,2.9182139769545756e-05
ray_gpis,Cylinder,0,0,2,minus_x,minus_x,0.07215468664561386,0.07215468664561386,0.0,1.0,0.5,0.07215468664561386,0.024118769271346263,0.014004567205839313,0.00013316850527189672,2.550738827267196e-05,9.055461850948632e-05
ray_gpis,Cylinder,0,0,3,minus_x,minus_x,0.04717765095120019,0.04717765095120019,0.0,1.0,0.5,0.04717765095120019,0.0069047995361484205,0.0017840581249110032,0.00011231474491069093,2.374066571064759e-05,0.00011091012856923044
ray_gpis,Cylinder,0,0,4,minus_x,minus_x,0.025736718175114692,0.025736718175114692,0.0,1.0,1.0,0.025736718175114692,0.006456597639154182,0.008828168127793079,8.782318764133379e-05,2.3296586732612923e-05,8.48259442136623e-05
ray_gpis,Cross,8,0,0,minus_x,minus_x,0.14381983071747967,0.14381983071747967,0.0,1.0,1.0,0.14381983071747967,0.10371908993471907,0.029631339462913464,1.795258322090376e-05,1.7905209460877813e-05,1.771774077496957e-05
ray_gpis,Cross,8,0,1,minus_x,minus_x,0.262950470969241,0.262950470969241,0.0,1.0,1.0,0.262950470969241,0.10805727379875646,0.15145289007385726,8.799583883956075e-05,3.301399920019321e-05,7.207236194517463e-05
ray_gpis,Cross,8,0,2,minus_x,minus_x,0.0941851620393711,0.0941851620393711,0.0,1.0,1.0,0.0941851620393711,0.033770510707638146,0.043285562477398454,4.4156859075883403e-05,2.2789205104345456e-05,3.010056389030069e-05
ray_gpis,Cross,8,0,3,minus_x,plus_z,-0.01641210405055693,-0.015911273843322582,0.0005008302072343485,0.0,0.5,-0.01641210405055693,-0.027253997656224604,-0.015911273843322582,2.6416419132146984e-05,2.279544969496783e-05,2.612415119074285e-05
ray_gpis,Cross,8,0,4,minus_y,minus_y,0.09410653081058418,0.09410653081058418,0.0,1.0,1.0,0.0477680771663167,0.09410653081058418,0.047371569314028195,2.275325641676318e-05,2.307750764884986e-05,2.242760638182517e-05
ray_gpis,Cross,13,0,0,minus_x,minus_x,0.318987120512535,0.318987120512535,0.0,1.0,1.0,0.318987120512535,0.12693746521185428,0.07815599879737628,1.711266304482706e-05,1.7078758901334368e-05,1.6920064808800817e-05
ray_gpis,Cross,13,0,1,minus_x,minus_x,0.19739617461657422,0.19739617461657422,0.0,1.0,0.5,0.19739617461657422,0.06701442224179299,0.021343103877543013,0.0001244449376827106,2.9024917239439674e-05,0.00012281064118724316
ray_gpis,Cross,13,0,2,minus_x,minus_x,0.047885938929574934,0.047885938929574934,0.0,1.0,0.5,0.047885938929574934,0.025362964811650235,0.029258843875263008,3.059507434954867e-05,2.763470729405526e-05,2.3823053197702393e-05
ray_gpis,Cross,13,0,3,minus_x,plus_z,0.02018724198391897,0.032082265141330835,0.011895023157411866,0.0,0.5,0.02018724198391897,0.014949626848220654,0.032082265141330835,3.16387704515364e-05,2.3036598577164114e-05,2.6615885872161016e-05
ray_gpis,Cross,13,0,4,plus_z,minus_x,0.01271968937801371,0.03545101426756003,0.022731324889546323,0.0,0.5,0.03545101426756003,0.008621539306554515,0.01271968937801371,2.7039557608077303e-05,2.299865627719555e-05,2.70452510449104e-05
ray_gpis,Cross,4,0,0,minus_x,minus_x,0.25671615746060295,0.25671615746060295,0.0,1.0,1.0,0.25671615746060295,0.114355754958815,0.03870338488891151,0.000396337709389627,0.00017624281463213265,2.6035939299617894e-05
ray_gpis,Cross,4,0,1,minus_x,minus_x,0.09747488053302245,0.09747488053302245,0.0,1.0,0.5,0.09747488053302245,0.043266375826367165,0.01701745302934421,0.0001540152879897505,2.6426914701005444e-05,2.8104956072638743e-05
ray_gpis,Cross,4,0,2,minus_x,minus_x,0.1304202419166376,0.1304202419166376,0.0,1.0,1.0,0.1304202419166376,0.07920789515284055,0.0778373401076452,8.692097617313266e-05,5.867399158887565e-05,5.82921966270078e-05
ray_gpis,Cross,4,0,3,minus_y,minus_x,0.024291116952984804,0.02825435937989751,0.003963242426912705,0.0,0.5,0.02825435937989751,0.024291116952984804,0.006486274376533596,2.344243330298923e-05,2.9132625058991835e-05,2.2869768145028502e-05
ray_gpis,Cross,4,0,4,minus_y,minus_y,0.010235757908229837,0.010235757908229837,0.0,1.0,1.0,-0.007779137935021607,0.010235757908229837,-0.008068269812826823,2.325448986084666e-05,2.390115514572244e-05,2.268092066515237e-05
ray_gpis,Cross,1,0,0,minus_x,minus_x,0.11980057672383448,0.11980057672383448,0.0,1.0,1.0,0.11980057672383448,0.06742397720838028,0.04572439080071533,0.00041547155706211925,0.0001180748877231963,6.000257781124674e-05
ray_gpis,Cross,1,0,1,minus_x,plus_z,0.17580236541296546,0.19031130779785843,0.014508942384892975,0.0,-0.5,0.17580236541296546,0.14731227713531558,0.19031130779785843,0.00038922764360904694,0.00032691709930077195,5.136059189680964e-05
ray_gpis,Cross,1,0,2,minus_y,minus_x,0.10550614377135936,0.1762892442129046,0.07078310044154523,0.0,0.5,0.1762892442129046,0.10550614377135936,0.10030259528220664,0.00011390444706194103,0.00012764970597345382,2.8418082365533337e-05
ray_gpis,Cross,1,0,3,minus_x,minus_x,0.03350608441725755,0.03350608441725755,0.0,1.0,1.0,0.03350608441725755,0.0307652089066609,0.026356940049704347,4.787081343238242e-05,2.9906024792580865e-05,2.8041378755006008e-05
ray_gpis,Cross,1,0,4,minus_y,minus_y,0.054658692554154564,0.054658692554154564,0.0,1.0,0.5,0.03049694249037005,0.054658692554154564,0.054493839558879764,3.667030978249386e-05,4.435955997905694e-05,3.2101448596222326e-05
ray_gpis,Cross,12,0,0,minus_x,minus_x,0.3016778336328534,0.3016778336328534,0.0,1.0,1.0,0.3016778336328534,0.2496838751056415,0.24097849438235297,0.0004322794557083398,0.00019976940529886633,3.8003701774869114e-05
ray_gpis,Cross,12,0,1,minus_y,minus_x,0.11980653650088602,0.12411359630658902,0.004307059805703006,0.0,0.5,0.12411359630658902,0.11980653650088602,0.04786933762504775,0.00011220912710996345,0.00011381984950276092,4.9748832680052146e-05
ray_gpis,Cross,12,0,2,minus_x,minus_x,0.08332009248840389,0.08332009248840389,0.0,1.0,1.0,0.08332009248840389,0.06671439052523043,0.04000847922866735,0.00010147243301616982,5.059436080045998e-05,3.042412754439283e-05
ray_gpis,Cross,12,0,3,plus_z,minus_x,0.06078801580698312,0.06452475079004416,0.003736734983061041,0.0,0.5,0.06452475079004416,0.05440451230013965,0.06078801580698312,4.103360333829187e-05,2.37651402130723e-05,7.04645790392533e-05
ray_gpis,Cross,12,0,4,minus_y,minus_y,0.053010175815622174,0.053010175815622174,0.0,1.0,1.0,0.03253253160247649,0.053010175815622174,0.028658569706946246,2.314817720616702e-05,2.3357380996458232e-05,2.2798547433922067e-05
ray_gpis,Cross,7,0,0,minus_x,minus_x,0.2234549639730926,0.2234549639730926,0.0,1.0,1.0,0.2234549639730926,0.10759393252652755,0.09110594580071746,0.0002939471451099962,6.863904854981229e-05,2.5221785108442418e-05
ray_gpis,Cross,7,0,1,minus_x,minus_x,0.1734706822820059,0.1734706822820059,0.0,1.0,0.5,0.1734706822820059,0.03984633679964977,0.060414332247621605,0.00011286704830126837,8.814947068458423e-05,5.889010935788974e-05
ray_gpis,Cross,7,0,2,minus_y,minus_x,-0.04468645114077552,-0.03435958999927524,0.010326861141500276,0.0,0.5,-0.03435958999927524,-0.04468645114077552,-0.05917042293716479,5.466641596285626e-05,9.079788287635893e-05,2.3261925889528356e-05
ray_gpis,Cross,7,0,3,minus_x,plus_z,0.05489857595244374,0.09392810671214391,0.03902953075970017,0.0,-1.0,0.05489857595244374,0.09037810548674585,0.09392810671214391,4.499383067013696e-05,3.326655860291794e-05,2.6832291041500866e-05
ray_gpis,Cross,7,0,4,minus_x,plus_z,0.04354712669902128,0.05273495703290554,0.009187830333884262,0.0,-1.0,0.04354712669902128,0.04602668951048561,0.05273495703290554,3.345416916999966e-05,3.328753155074082e-05,2.2578058633371256e-05
ray_gpis,Cross,14,0,0,minus_x,minus_x,0.19268043137371377,0.19268043137371377,0.0,1.0,0.5,0.19268043137371377,0.02709024327980397,0.04828123325523476,1.6862619304447435e-05,1.68509559443919e-05,1.6465040971525013e-05
ray_gpis,Cross,14,0,1,minus_x,minus_x,0.17746583915849756,0.17746583915849756,0.0,1.0,1.0,0.17746583915849756,0.0802647472581377,0.04949034800193075,0.00027812214102596045,0.00013030233094468713,2.5408813598915003e-05
ray_gpis,Cross,14,0,2,minus_y,minus_y,0.045889589540812126,0.045889589540812126,0.0,1.0,0.5,0.015437880909367485,0.045889589540812126,0.023244421171735197,2.994425085489638e-05,3.130854747723788e-05,2.3290031094802544e-05
ray_gpis,Cross,14,0,3,minus_y,plus_z,0.025759310731836682,0.03174498073090137,0.005985669999064691,0.0,-0.5,0.009584404808301028,0.025759310731836682,0.03174498073090137,2.3225384211400524e-05,2.524370029277634e-05,2.2741543943993747e-05
ray_gpis,Cross,14,0,4,minus_x,minus_y,0.011494682090756214,0.023180359638170556,0.011685677547414342,0.0,0.5,0.011494682090756214,0.023180359638170556,0.009711955235401026,2.3007507479633205e-05,2.289577059855219e-05,2.2722439098288305e-05
ray_gpis,Cross,2,0,0,minus_x,minus_x,0.20417186779123958,0.20417186779123958,0.0,1.0,1.0,0.20417186779123958,0.17340607928019808,0.12473214948220718,2.2542626538779587e-05,2.2470816475106403e-05,2.2232421542867087e-05
ray_gpis,Cross,2,0,1,minus_x,minus_x,0.13327481605535063,0.13327481605535063,0.0,1.0,1.0,0.13327481605535063,0.06888595156454691,0.06338767233502685,0.000296135141979903,3.420108259888366e-05,2.5041068511200137e-05
ray_gpis,Cross,2,0,2,minus_x,minus_x,0.04996107112486792,0.04996107112486792,0.0,1.0,0.5,0.04996107112486792,0.0033347106824945794,-0.012176363983580352,0.00010233190550934523,3.1609120924258605e-05,4.5726737880613655e-05
ray_gpis,Cross,2,0,3,minus_x,minus_x,0.015278410207057114,0.015278410207057114,0.0,1.0,0.5,0.015278410207057114,0.009236657024137118,0.007100250340230652,4.289759817766026e-05,2.33836799452547e-05,2.8400943847373128e-05
ray_gpis,Cross,2,0,4,plus_z,minus_x,0.026896359331609165,0.05046014053013115,0.023563781198521982,0.0,0.5,0.05046014053013115,0.01609250598116707,0.026896359331609165,3.491374081932008e-05,2.2619677110924385e-05,3.5457618650980294e-05
ray_gpis,Cross,6,0,0,minus_x,minus_y,0.18332517857135316,0.1959792483119855,0.012654069740632323,0.0,0.5,0.18332517857135316,0.1959792483119855,0.10546518185519421,0.00017818452033679932,9.505740308668464e-05,2.821843372657895e-05
ray_gpis,Cross,6,0,1,minus_x,minus_x,0.14582318746899248,0.14582318746899248,0.0,1.0,1.0,0.14582318746899248,0.04516082373778929,0.03856158873350268,0.0001479645725339651,0.0001246417814400047,2.349824717384763e-05
ray_gpis,Cross,6,0,2,minus_x,plus_z,0.07898674738670342,0.08861653006877723,0.009629782682073817,0.0,0.5,0.07898674738670342,0.0208592373071389,0.08861653006877723,8.67229828145355e-05,3.2424257369711995e-05,8.663084008730948e-05
ray_gpis,Cross,6,0,3,minus_x,minus_x,0.010506721778130279,0.010506721778130279,0.0,1.0,0.5,0.010506721778130279,0.0008293430719992223,-0.005291370489338809,8.504725701641291e-05,2.290112570335623e-05,7.944793469505385e-05
ray_gpis,Cross,6,0,4,minus_x,minus_x,0.022524415366195316,0.022524415366195316,0.0,1.0,1.0,0.022524415366195316,0.006972122077659182,0.009900442080744032,8.865112613420933e-05,2.270645200042054e-05,8.690912363817915e-05
ray_gpis,Cross,3,0,0,minus_x,minus_x,0.2509583075936289,0.2509583075936289,0.0,1.0,1.0,0.2509583075936289,0.14125915845215775,0.09159976391967939,0.00027262960793450475,0.00020865301485173404,2.938090983661823e-05
ray_gpis,Cross,3,0,1,minus_x,minus_x,0.1383283300421414,0.1383283300421414,0.0,1.0,1.0,0.1383283300421414,0.09166508009382879,0.030361500094296834,0.00010593058686936274,4.64876284240745e-05,2.887587106670253e-05
ray_gpis,Cross,3,0,2,minus_x,minus_y,0.009310381125520628,0.04463857968573348,0.03532819856021285,0.0,-1.0,0.009310381125520628,0.04463857968573348,0.028491124514416155,7.986122363945469e-05,2.718552786973305e-05,7.409014506265521e-05
ray_gpis,Cross,3,0,3,plus_z,minus_x,0.01211960940436585,0.026607669664774902,0.014488060260409052,0.0,-0.5,0.026607669664774902,0.012192493109270508,0.01211960940436585,6.829149060649797e-05,2.9840350180165842e-05,8.153908129315823e-05
ray_gpis,Cross,3,0,4,minus_x,minus_x,0.03328978326935894,0.03328978326935894,0.0,1.0,0.5,0.03328978326935894,0.03215330176592468,0.0034448070399887287,8.198017894756049e-05,2.9586835808004253e-05,3.0538962164428085e-05
ray_gpis,Cross,9,0,0,minus_x,minus_x,0.2271663644847997,0.2271663644847997,0.0,1.0,1.0,0.2271663644847997,0.07225581198996095,0.05979183236472002,1.7318825484835543e-05,1.726905429677572e-05,1.7115913578891195e-05
ray_gpis,Cross,9,0,1,minus_x,minus_x,0.12850201050174792,0.12850201050174792,0.0,1.0,1.0,0.12850201050174792,0.07642921011533721,0.10183239953043943,9.562489140080288e-05,2.6622990844771266e-05,4.824421921512112e-05
ray_gpis,Cross,9,0,2,minus_x,minus_x,0.0624181821836417,0.0624181821836417,0.0,1.0,0.5,0.0624181821836417,0.046515945882379284,0.040850993128841995,7.847103552194312e-05,3.6857549275737256e-05,6.333994679152966e-05
ray_gpis,Cross,9,0,3,minus_y,minus_y,0.05606969000232753,0.05606969000232753,0.0,1.0,1.0,0.028440644116793257,0.05606969000232753,0.03729929228754014,2.3064521883497946e-05,4.2388845031382516e-05,2.399635559413582e-05
ray_gpis,Cross,9,0,4,plus_z,minus_y,0.013324815356968611,0.02106664164805816,0.0077418262910895486,0.0,-1.0,0.020417502015017575,0.02106664164805816,0.013324815356968611,2.3539965695817955e-05,2.2755120880901814e-05,2.4083379685180262e-05
ray_gpis,Cross,10,0,0,minus_x,minus_x,0.17202967901037458,0.17202967901037458,0.0,1.0,1.0,0.17202967901037458,0.17162836409207516,0.09908170719040144,0.0001345441851299256,5.4362546507036313e-05,2.4243407096946612e-05
ray_gpis,Cross,10,0,1,minus_x,minus_x,0.16422600987621716,0.16422600987621716,0.0,1.0,0.5,0.16422600987621716,0.08187207935446017,0.08011708288803299,0.0001401269983034581,2.866477007046342e-05,2.9669308787561022e-05
ray_gpis,Cross,10,0,2,minus_x,minus_x,0.11067846711780283,0.11067846711780283,0.0,1.0,1.0,0.11067846711780283,0.04359070877376359,0.049972184001891407,0.00010488194675417617,3.2586172892479226e-05,5.0819031457649544e-05
ray_gpis,Cross,10,0,3,minus_y,minus_y,0.03992910839059205,0.03992910839059205,0.0,1.0,1.0,0.03132033080611074,0.03992910839059205,0.021212024618509795,2.3329397663474083e-05,2.614870209072251e-05,2.3052840333548374e-05
ray_gpis,Cross,10,0,4,minus_x,minus_x,0.027262725205757565,0.027262725205757565,0.0,1.0,1.0,0.027262725205757565,0.02623871748065587,0.0037827697811660954,2.292053795827087e-05,2.2913958673598245e-05,2.2758400518796407e-05
ray_gpis,Cross,5,0,0,minus_x,minus_x,0.2044443455599826,0.2044443455599826,0.0,1.0,1.0,0.2044443455599826,0.0953818185791313,0.0867746499724924,1.93511677935021e-05,1.931812039401848e-05,1.9053737560170703e-05
ray_gpis,Cross,5,0,1,minus_x,minus_x,0.14508344214015934,0.14508344214015934,0.0,1.0,1.0,0.14508344214015934,0.05922784923521707,0.03464894001019525,0.00025409870431758463,7.58831447456032e-05,4.517395791481249e-05
ray_gpis,Cross,5,0,2,plus_z,minus_y,0.07875842084592166,0.11587166183552122,0.03711324098959956,0.0,-0.5,0.01585246085359482,0.11587166183552122,0.07875842084592166,4.531382364802994e-05,4.1666015022201464e-05,4.908785194857046e-05
ray_gpis,Cross,5,0,3,minus_x,minus_x,0.0676694261992038,0.0676694261992038,0.0,1.0,1.0,0.0676694261992038,0.023947257015681234,0.017052149367582037,5.571268775383942e-05,3.2272873795591295e-05,3.215915057808161e-05
ray_gpis,Cross,5,0,4,minus_x,minus_x,0.012755265451954712,0.012755265451954712,0.0,1.0,1.0,0.012755265451954712,0.0019245867455417454,0.009218834544938215,3.426575494813733e-05,2.2874330170452595e-05,2.3954367861733772e-05
ray_gpis,Cross,11,0,0,minus_x,minus_x,0.18259061366196477,0.18259061366196477,0.0,1.0,1.0,0.18259061366196477,0.18180377731102793,0.17166549587577196,0.00017715497233439237,4.8965619498630986e-05,3.158692561555654e-05
ray_gpis,Cross,11,0,1,minus_x,minus_x,0.1855596108771695,0.1855596108771695,0.0,1.0,1.0,0.1855596108771695,0.07529843707954281,0.05948428230561659,0.00017118779942393303,7.271167851286009e-05,3.230007132515311e-05
ray_gpis,Cross,11,0,2,minus_y,plus_z,0.007294048346719428,0.029260940289510318,0.02196689194279089,0.0,-1.0,0.029213116365939373,0.007294048346719428,0.029260940289510318,6.828852201579139e-05,9.057528950506821e-05,5.3550298616755754e-05
ray_gpis,Cross,11,0,3,plus_z,minus_x,0.08639135485834992,0.1015412765603545,0.015149921702004576,0.0,-0.5,0.1015412765603545,0.10115523147105343,0.08639135485834992,2.5191635359078646e-05,2.3334878278546967e-05,2.5770150386961177e-05
ray_gpis,Cross,11,0,4,minus_y,minus_x,0.0433612762640222,0.07359999315423937,0.030238716890217177,0.0,-0.5,0.07359999315423937,0.0433612762640222,0.0183900466743101,2.3081192921381444e-05,2.388999200775288e-05,2.3583799702464603e-05
ray_gpis,Cross,0,0,0,minus_x,minus_x,0.23602319612760114,0.23602319612760114,0.0,1.0,1.0,0.23602319612760114,0.16157717541414712,0.14259066458847253,6.88354293743032e-06,6.876216957607539e-06,6.802837106079096e-06
ray_gpis,Cross,0,0,1,minus_x,minus_x,0.21599806372552133,0.21599806372552133,0.0,1.0,1.0,0.21599806372552133,0.13675833673544058,0.10728178524410559,1.9697474272106774e-05,1.968116339412518e-05,1.966884701687377e-05
ray_gpis,Cross,0,0,2,minus_y,minus_y,0.024900530545367117,0.024900530545367117,0.0,1.0,1.0,0.006390514197746722,0.024900530545367117,-0.03491082140766155,4.561720561468974e-05,4.6224395191529766e-05,2.4441074856440537e-05
ray_gpis,Cross,0,0,3,minus_x,minus_x,0.08105257405918576,0.08105257405918576,0.0,1.0,0.5,0.08105257405918576,0.07273358614606773,0.07716044590337612,3.037518217752222e-05,2.2592021196032874e-05,2.2576956325792708e-05
ray_gpis,Cross,0,0,4,minus_y,minus_y,0.03957301867735474,0.03957301867735474,0.0,1.0,0.5,0.016469792087247526,0.03957301867735474,0.01457787622911122,2.2385629563359544e-05,2.3571836209157482e-05,2.241418587800581e-05
ray_gpis,Bowl,8,0,0,minus_y,minus_x,0.03223412112793378,0.19574609678744948,0.1635119756595157,0.0,-0.5,0.19574609678744948,0.03223412112793378,0.09358216733191727,0.0003985361836384982,0.00041296175913885236,0.00011303411156404763
ray_gpis,Bowl,8,0,1,minus_y,minus_y,0.16216466761729842,0.16216466761729842,0.0,1.0,1.0,0.15686948644270615,0.16216466761729842,0.061275278837760516,0.0004084520332980901,0.0006201828364282846,0.000117355419206433
ray_gpis,Bowl,8,0,2,minus_y,minus_x,0.09265275277839224,0.17549887539615117,0.08284612261775892,0.0,0.5,0.17549887539615117,0.09265275277839224,0.019615749511436964,0.00012028709170408547,0.0002986420295201242,8.590590005042031e-05
ray_gpis,Bowl,8,0,3,minus_y,minus_x,0.04817704619526586,0.14119738100278,0.09302033480751415,0.0,-0.5,0.14119738100278,0.04817704619526586,0.01038751536920901,0.00012566792429424822,0.00039253931026905775,0.0002852047618944198
ray_gpis,Bowl,8,0,4,plus_z,minus_y,0.03410059756511319,0.10062254878056254,0.06652195121544935,0.0,-0.5,0.07075538322728947,0.10062254878056254,0.03410059756511319,7.400249887723476e-05,0.0001893567678052932,0.00043200995423831046
ray_gpis,Bowl,13,0,0,minus_x,minus_x,0.30004341354798253,0.30004341354798253,0.0,1.0,1.0,0.30004341354798253,0.09724106233687357,0.27003790476914996,0.0005148052587173879,0.00017473576008342206,0.0005106722237542272
ray_gpis,Bowl,13,0,1,plus_z,minus_y,0.06753705554248646,0.11739469787176615,0.049857642329279694,0.0,-0.5,0.11715451590402537,0.11739469787176615,0.06753705554248646,8.622563473181799e-05,0.00025522380019538105,0.00026260971208103
ray_gpis,Bowl,13,0,2,plus_z,minus_x,0.08150755269563281,0.1706408348514029,0.0891332821557701,0.0,-0.5,0.1706408348514029,0.10965965716810211,0.08150755269563281,0.00017564758309163153,7.816326251486316e-05,0.0002396952622802928
ray_gpis,Bowl,13,0,3,plus_z,minus_x,0.018800189306755533,0.15734376914327408,0.13854357983651855,0.0,-1.0,0.15734376914327408,0.04300470055640537,0.018800189306755533,8.444673585472628e-05,0.00028099422343075275,0.00028608200955204666
ray_gpis,Bowl,13,0,4,plus_z,minus_y,0.021877969547528964,0.08564344083913933,0.06376547129161036,0.0,-0.5,0.035962723191188095,0.08564344083913933,0.021877969547528964,0.00011703064956236631,0.0003593074798118323,0.0003680867375805974
ray_gpis,Bowl,4,0,0,minus_x,minus_x,0.26186080190830824,0.26186080190830824,0.0,1.0,1.0,0.26186080190830824,0.1641170098779658,0.04250591276458271,0.0004076336044818163,0.0003901959862560034,0.00024812232004478574
ray_gpis,Bowl,4,0,1,minus_x,minus_x,0.17853204615869955,0.17853204615869955,0.0,1.0,1.0,0.17853204615869955,0.17714839675507887,0.09892283509376099,0.00025500747142359614,4.815784632228315e-05,4.410882684169337e-05
ray_gpis,Bowl,4,0,2,plus_z,plus_z,0.053867738236636487,0.053867738236636487,0.0,1.0,0.5,0.005668900051917114,0.02425147416040574,0.053867738236636487,7.413262210320681e-05,4.3508229282451794e-05,0.0002462587726768106
ray_gpis,Bowl,4,0,3,plus_z,minus_y,0.023396465668745536,0.023994475910716462,0.0005980102419709254,0.0,-0.5,0.003801376600825912,0.023994475910716462,0.023396465668745536,0.00013758473505731672,0.0001357077999273315,0.00018243883096147329
ray_gpis,Bowl,4,0,4,plus_z,minus_x,-0.0013192242632209528,0.0062276873946119915,0.007546911657832944,0.0,-1.0,0.0062276873946119915,0.0029668607984070228,-0.0013192242632209528,4.351815368863754e-05,0.0001757163554430008,0.00020438288629520684
ray_gpis,Bowl,1,0,0,minus_x,minus_x,0.29195723717760985,0.29195723717760985,0.0,1.0,0.5,0.29195723717760985,0.15733323946467198,0.08217195109188519,0.00039892259519547224,0.00034031702671200037,0.00036563200410455465
ray_gpis,Bowl,1,0,1,plus_z,minus_x,0.030215647541730783,0.09719736529356549,0.0669817177518347,0.0,-1.0,0.09719736529356549,0.07370571380077617,0.030215647541730783,0.000136564442072995,0.0001608512829989195,0.00020163357839919627
ray_gpis,Bowl,1,0,2,plus_z,minus_x,0.0535598817180829,0.1285303860162209,0.07497050429813801,0.0,0.5,0.1285303860162209,0.045054189023048474,0.0535598817180829,0.00012426235480234027,9.753710037330166e-05,0.00020914450578857213
ray_gpis,Bowl,1,0,3,minus_x,minus_y,0.02550860798256349,0.09526748023006337,0.06975887224749988,0.0,-0.5,0.02550860798256349,0.09526748023006337,0.02503391972305602,0.0003514667332638055,9.513708937447518e-05,0.0003423651505727321
ray_gpis,Bowl,1,0,4,plus_z,minus_x,0.04164258188082315,0.11803719592658224,0.07639461404575909,0.0,-0.5,0.11803719592658224,0.06030549813639874,0.04164258188082315,0.0004092640883754939,0.00011351609282428399,0.0004150698659941554
ray_gpis,Bowl,12,0,0,minus_x,minus_x,0.23095230279492385,0.23095230279492385,0.0,1.0,1.0,0.23095230279492385,0.20645022832684423,0.08531024847232399,0.000302202912280336,6.206835678312927e-05,4.7474022721871734e-05
ray_gpis,Bowl,12,0,1,plus_z,minus_x,0.14790424140747693,0.1692635421231281,0.021359300715651175,0.0,0.5,0.1692635421231281,0.04521547598252473,0.14790424140747693,0.00013958253839518875,3.8436486647697166e-05,0.00017732249398250133
ray_gpis,Bowl,12,0,2,plus_z,minus_x,0.04407158279417667,0.07157672191880338,0.02750513912462671,0.0,-1.0,0.07157672191880338,0.05364151741992307,0.04407158279417667,4.261635695002042e-05,0.00013608673179987818,0.00017935781215783209
ray_gpis,Bowl,12,0,3,plus_z,minus_x,0.021383503879518817,0.06942972218358923,0.04804621830407041,0.0,-1.0,0.06942972218358923,0.04641260161014782,0.021383503879518817,4.324501060182229e-05,0.00020153369405306876,0.00020631012739613652
ray_gpis,Bowl,12,0,4,plus_z,minus_x,0.018749099662914825,0.06276464096620527,0.04401554130329044,0.0,-0.5,0.06276464096620527,0.022633249430016433,0.018749099662914825,5.1546892791520804e-05,3.0690520361531526e-05,0.00020886800484731793
ray_gpis,Bowl,7,0,0,plus_z,minus_x,0.17747886138402125,0.23952074729534056,0.06204188591131932,0.0,-0.5,0.23952074729534056,0.1646325328553535,0.17747886138402125,0.00047098658978939056,0.0006121014594100416,0.0007829367532394826
ray_gpis,Bowl,7,0,1,plus_z,minus_x,0.037487037883172425,0.18116423595321707,0.14367719807004464,0.0,-1.0,0.18116423595321707,0.10197742872777482,0.037487037883172425,0.00011965671001235023,0.00012407777830958366,0.0003650479484349489
ray_gpis,Bowl,7,0,2,plus_z,minus_y,0.041363336201070355,0.09181514751114839,0.05045181131007803,0.0,-1.0,0.07369685628748157,0.09181514751114839,0.041363336201070355,0.00034401618177071214,0.00013841073086950928,0.0004705953469965607
ray_gpis,Bowl,7,0,3,plus_z,minus_y,0.01951937432002826,0.10104947902795935,0.0815301047079311,0.0,-1.0,0.09596686965816525,0.10104947902795935,0.01951937432002826,0.0004709603963419795,0.00046865525655448437,0.00047666108002886176
ray_gpis,Bowl,7,0,4,minus_y,minus_x,0.03920390938707874,0.05190432512399412,0.012700415736915383,0.0,-0.5,0.05190432512399412,0.03920390938707874,-0.0012899949260215537,0.00016500981291756034,0.00040714466013014317,0.0003992394485976547
ray_gpis,Bowl,14,0,0,plus_z,minus_x,0.08526297162847496,0.1747502697276817,0.08948729809920675,0.0,-0.5,0.1747502697276817,0.16024770500928032,0.08526297162847496,0.000350367947248742,0.00019654764037113637,0.0006022399757057428
ray_gpis,Bowl,14,0,1,plus_z,minus_x,0.036768369685095115,0.1030254105881735,0.06625704090307838,0.0,-0.5,0.1030254105881735,0.09783657366067644,0.036768369685095115,0.0002058215904980898,0.00018258689669892192,0.0003679009387269616
ray_gpis,Bowl,14,0,2,minus_y,minus_x,0.025659727941033883,0.10242266280876677,0.07676293486773289,0.0,-0.5,0.10242266280876677,0.025659727941033883,0.0036551861642564187,9.211798169417307e-05,0.0005026314174756408,0.0004978947690688074
ray_gpis,Bowl,14,0,3,plus_z,minus_y,0.004701925464452139,0.11015049306948266,0.10544856760503052,0.0,-1.0,0.07349111245454765,0.11015049306948266,0.004701925464452139,8.586412877775729e-05,5.985000098007731e-05,0.00042307222611270845
ray_gpis,Bowl,14,0,4,plus_z,minus_x,0.011282004861185913,0.17897438104410435,0.16769237618291843,0.0,-1.0,0.17897438104410435,0.02768710130386476,0.011282004861185913,0.00010633004421833903,0.00021861083223484457,0.0004000712651759386
ray_gpis,Bowl,2,0,0,minus_x,minus_y,0.14779582283526949,0.20548571750280098,0.057689894667531494,0.0,-0.5,0.14779582283526949,0.20548571750280098,0.15936349950818252,0.00040678135701455176,0.000208160825422965,4.22371449531056e-05
ray_gpis,Bowl,2,0,1,minus_x,minus_x,0.18310014197484625,0.18310014197484625,0.0,1.0,1.0,0.18310014197484625,0.17991034134264394,0.09904745696144246,0.0002057045785477385,5.596875416813418e-05,2.4752596800681204e-05
ray_gpis,Bowl,2,0,2,minus_x,minus_x,0.031382398379024234,0.031382398379024234,0.0,1.0,0.5,0.031382398379024234,0.028362144031891412,-0.015373461114105869,0.0002462724514771253,8.620851440355182e-05,0.0002450933388900012
ray_gpis,Bowl,2,0,3,plus_z,plus_z,0.07577572302328728,0.07577572302328728,0.0,1.0,1.0,0.06235573515611037,0.0667691838736314,0.07577572302328728,4.4266722397878766e-05,0.0001742964086588472,0.0001930789148900658
ray_gpis,Bowl,2,0,4,plus_z,minus_y,0.013290173134363092,0.048087560608556235,0.03479738747419314,0.0,-1.0,0.013396685511148476,0.048087560608556235,0.013290173134363092,0.00016573810717090964,4.144819104112685e-05,0.00016738948761485517
ray_gpis,Bowl,6,0,0,minus_x,minus_y,0.1920450061060618,0.21882031866438806,0.02677531255832627,0.0,0.5,0.1920450061060618,0.21882031866438806,0.03139186493863422,1.649983096285723e-05,1.6370267985621467e-05,1.515103031124454e-05
ray_gpis,Bowl,6,0,1,minus_x,minus_y,0.16192345730449786,0.22566911837890913,0.06374566107441126,0.0,0.5,0.16192345730449786,0.22566911837890913,0.09961287442434352,0.0008554321830160916,0.000850734009873122,0.00010694230877561495
ray_gpis,Bowl,6,0,2,minus_y,minus_y,0.04893348710425549,0.04893348710425549,0.0,1.0,1.0,0.018737076573737133,0.04893348710425549,-0.011367753760754273,0.0004409972170833498,0.0005486156442202628,0.00010705406020861119
ray_gpis,Bowl,6,0,3,plus_z,minus_x,0.09919917123583455,0.1110835548089748,0.011884383573140256,0.0,-1.0,0.1110835548089748,0.10311857355687626,0.09919917123583455,0.00013568613212555647,0.00021883458248339593,0.0002207018551416695
ray_gpis,Bowl,6,0,4,plus_z,plus_z,0.04561532705843552,0.04561532705843552,0.0,1.0,0.5,0.04391275710968612,0.037489362169565,0.04561532705843552,2.9286711651366204e-05,0.00020034628687426448,0.0002095632953569293
ray_gpis,Bowl,3,0,0,minus_x,minus_x,0.32077351976914004,0.32077351976914004,0.0,1.0,0.5,0.32077351976914004,0.14820816877841925,0.15845884040363933,2.116604446200654e-05,2.0426170522114262e-05,1.9379378500161693e-05
ray_gpis,Bowl,3,0,1,plus_z,minus_x,0.07224251952998051,0.1552709436771269,0.0830284241471464,0.0,-1.0,0.1552709436771269,0.10356200268513649,0.07224251952998051,0.0001543955586384982,0.00023074762430042028,0.00035292658139951527
ray_gpis,Bowl,3,0,2,minus_y,minus_x,0.11868337710231847,0.13171241029767133,0.013029033195352868,0.0,-0.5,0.13171241029767133,0.11868337710231847,0.08401297598323232,9.382038115290925e-05,0.0002870711323339492,0.0002829314034897834
ray_gpis,Bowl,3,0,3,plus_z,minus_x,0.02280412430567269,0.12516385532504104,0.10235973101936835,0.0,-0.5,0.12516385532504104,0.06845037698537848,0.02280412430567269,0.0001127883224398829,6.075760757084936e-05,0.00031667930306866765
ray_gpis,Bowl,3,0,4,plus_z,minus_y,0.006042911116199479,0.03144198902731832,0.02539907791111884,0.0,-0.5,0.0020632537965010744,0.03144198902731832,0.006042911116199479,0.0003534866846166551,9.608861728338525e-05,0.00036958587588742375
ray_gpis,Bowl,9,0,0,minus_x,minus_x,0.2597724210157057,0.2597724210157057,0.0,1.0,1.0,0.2597724210157057,0.07864848511882905,0.042203157285327364,0.00036028496106155217,0.00013937825860921293,0.00010590447345748544
ray_gpis,Bowl,9,0,1,plus_z,minus_x,0.10700903897694913,0.12629233177479748,0.01928329279784835,0.0,-0.5,0.12629233177479748,0.12089426287105298,0.10700903897694913,0.00015615213487762958,0.00015588788664899766,0.0002453942724969238
ray_gpis,Bowl,9,0,2,plus_z,minus_y,0.029427093320639974,0.05066933803300111,0.021242244712361136,0.0,-0.5,0.030184061821764585,0.05066933803300111,0.029427093320639974,5.1747600082308054e-05,0.00011343672667862847,0.0003056145797017962
ray_gpis,Bowl,9,0,3,plus_z,plus_z,0.08051344539515137,0.08051344539515137,0.0,1.0,1.0,0.020656326056938012,0.05416292396093192,0.08051344539515137,5.9243360738037154e-05,9.3683491286356e-05,0.0003443817258812487
ray_gpis,Bowl,9,0,4,plus_z,minus_x,0.0023352582747725448,0.03185727331615562,0.029522015041383076,0.0,-0.5,0.03185727331615562,0.025001121141272953,0.0023352582747725448,9.300264355260879e-05,5.7857272622641176e-05,0.00021587761875707656
ray_gpis,Bowl,10,0,0,minus_x,minus_x,0.28409907202078677,0.28409907202078677,0.0,1.0,1.0,0.28409907202078677,0.2775288541023433,0.10604492963344717,4.285052455088589e-06,4.254668056091759e-06,3.8257817323028576e-06
ray_gpis,Bowl,10,0,1,minus_x,minus_x,0.18171839101941256,0.18171839101941256,0.0,1.0,1.0,0.18171839101941256,0.07111890925988085,0.019483174532024194,0.0006639815983362496,0.000649095221888274,7.560221274616197e-05
ray_gpis,Bowl,10,0,2,plus_z,minus_y,0.08010654188384803,0.1277638259434246,0.04765728405957659,0.0,0.5,0.03937255443115273,0.1277638259434246,0.08010654188384803,0.00020266263163648546,0.00022126419935375452,0.00022588502906728536
ray_gpis,Bowl,10,0,3,minus_y,minus_y,0.08365990287386216,0.08365990287386216,0.0,1.0,1.0,0.06636156837870288,0.08365990287386216,0.08058898490995958,6.609784031752497e-05,0.0002306555543327704,0.00021731783635914326
ray_gpis,Bowl,10,0,4,plus_z,minus_x,0.02375644104756669,0.04388443924226937,0.02012799819470268,0.0,0.5,0.04388443924226937,0.00984152955360118,0.02375644104756669,5.9434685681480914e-05,5.070098995929584e-05,0.00016409069939982146
ray_gpis,Bowl,5,0,0,minus_x,minus_x,0.164921184260425,0.164921184260425,0.0,1.0,1.0,0.164921184260425,0.13831484979148762,0.10388318764852333,0.000474415224744007,0.00028771525830961764,3.574420406948775e-05
ray_gpis,Bowl,5,0,1,minus_x,minus_x,0.13974837186513422,0.13974837186513422,0.0,1.0,1.0,0.13974837186513422,0.024404388788030418,0.07066838556503685,0.0005106942844577134,0.0001346834033029154,0.00016935895837377757
ray_gpis,Bowl,5,0,2,plus_z,minus_y,0.07918345988337538,0.08914874035723186,0.009965280473856475,0.0,-0.5,0.04376118096272952,0.08914874035723186,0.07918345988337538,6.371589552145451e-05,4.701362922787666e-05,0.0002972907095681876
ray_gpis,Bowl,5,0,3,minus_x,minus_x,0.05516426719046297,0.05516426719046297,0.0,1.0,0.5,0.05516426719046297,0.02685895123358817,0.014406132647762027,0.000299601728329435,6.426210165955126e-05,0.00029288989026099443
ray_gpis,Bowl,5,0,4,minus_x,minus_y,0.019327030916800103,0.04169896079120072,0.02237192987440062,0.0,-1.0,0.019327030916800103,0.04169896079120072,0.03215595122626913,0.0002337196347070858,4.544562034425326e-05,0.00021787857986055315
ray_gpis,Bowl,11,0,0,minus_x,minus_x,0.19576297317262364,0.19576297317262364,0.0,1.0,1.0,0.19576297317262364,0.18721073394909954,0.1389787494145745,0.000279123691143468,0.00013165819109417498,0.00010845040378626436
ray_gpis,Bowl,11,0,1,minus_y,minus_x,0.16387635975777104,0.19872276777390896,0.03484640801613792,0.0,-0.5,0.19872276777390896,0.16387635975777104,0.1244836511946984,0.00016959394270088524,0.0002825505507644266,0.00027471239445731044
ray_gpis,Bowl,11,0,2,plus_z,minus_x,0.04913535779270384,0.10331948158156457,0.05418412378886073,0.0,-0.5,0.10331948158156457,0.050773351021737745,0.04913535779270384,0.00015005108434706926,5.08510202053003e-05,0.00017634859250392765
ray_gpis,Bowl,11,0,3,minus_y,minus_y,0.046128053730988605,0.046128053730988605,0.0,1.0,0.5,0.025807672981094876,0.046128053730988605,0.031037529457670243,0.0001398402964696288,0.00022367296332959086,9.303943807026371e-05
ray_gpis,Bowl,11,0,4,plus_z,minus_y,0.016505536137956356,0.05519826341895884,0.03869272728100248,0.0,-1.0,0.036243891445058574,0.05519826341895884,0.016505536137956356,0.00014314078725874424,8.242785406764597e-05,0.00020655144180636853
ray_gpis,Bowl,0,0,0,minus_x,minus_x,0.2964142719550918,0.2964142719550918,0.0,1.0,1.0,0.2964142719550918,0.17574940487151813,0.1239715316519786,2.991896508319769e-05,2.938709621957969e-05,2.8961303542018868e-05
ray_gpis,Bowl,0,0,1,minus_x,minus_y,0.08880822159730228,0.09169795967184602,0.002889738074543735,0.0,0.5,0.08880822159730228,0.09169795967184602,0.06297600276086757,0.0006466193590313196,5.0915885367430747e-05,4.2020932596642524e-05
ray_gpis,Bowl,0,0,2,minus_x,minus_x,0.11040129615438132,0.11040129615438132,0.0,1.0,0.5,0.11040129615438132,0.04213538853930576,0.010714330415638407,0.0007416071020998061,4.5538388803834096e-05,0.0003687276039272547
ray_gpis,Bowl,0,0,3,plus_z,plus_z,0.049993064091220174,0.049993064091220174,0.0,1.0,1.0,0.043546393841743525,0.020540640000979882,0.049993064091220174,0.00010882080823648721,4.2515061068115756e-05,0.0003584960650186986
ray_gpis,Bowl,0,0,4,minus_x,minus_y,0.009044032181335537,0.04853586799841747,0.03949183581708193,0.0,-1.0,0.009044032181335537,0.04853586799841747,0.03027932313396886,0.000313781900331378,0.00015670523862354457,0.00026590010384097695
ray_gpis,Cube,8,0,0,minus_x,minus_x,0.23172755424714453,0.23172755424714453,0.0,1.0,1.0,0.23172755424714453,0.08830938386972242,0.08023670757045104,2.518146538932342e-05,2.49058248300571e-05,2.427622166578658e-05
ray_gpis,Cube,8,0,1,minus_x,minus_x,0.13563871760950985,0.13563871760950985,0.0,1.0,1.0,0.13563871760950985,0.05902418345903626,0.07754348360398522,0.0002500898845028132,3.327718150103465e-05,5.230916212894954e-05
ray_gpis,Cube,8,0,2,minus_x,minus_x,0.11742794838851367,0.11742794838851367,0.0,1.0,1.0,0.11742794838851367,0.009288020038599187,0.017244792375770923,0.0001597866794327274,4.8662262997822836e-05,0.0001316186535404995
ray_gpis,Cube,8,0,3,minus_x,minus_x,0.10751153395210655,0.10751153395210655,0.0,1.0,0.5,0.10751153395210655,0.02773148322930985,0.009610977227509587,9.197652980219573e-05,2.588310780993197e-05,2.927244349848479e-05
ray_gpis,Cube,8,0,4,plus_z,plus_z,0.003910758423620875,0.003910758423620875,0.0,1.0,1.0,0.0037937493288097146,0.0012973351610959805,0.003910758423620875,2.307965769432485e-05,2.267849413328804e-05,2.351125658606179e-05
ray_gpis,Cube,13,0,0,minus_x,minus_y,0.1304162118358923,0.18320221063221942,0.052785998796327116,0.0,0.5,0.1304162118358923,0.18320221063221942,0.11018129950199784,2.6312847694498487e-05,2.624241642479319e-05,2.565732938819565e-05
ray_gpis,Cube,13,0,1,minus_x,minus_x,0.24567492244637212,0.24567492244637212,0.0,1.0,1.0,0.24567492244637212,0.20477622404811036,0.17731365234878782,0.0004711643559858203,0.00011772447760449722,3.274445407441817e-05
ray_gpis,Cube,13,0,2,minus_y,minus_x,0.07918857467672435,0.13276212224312423,0.05357354756639987,0.0,0.5,0.13276212224312423,0.07918857467672435,0.026888827806749505,7.441441994160414e-05,0.00011257026199018583,4.197051021037623e-05
ray_gpis,Cube,13,0,3,minus_y,minus_y,0.07635661180902376,0.07635661180902376,0.0,1.0,1.0,0.07509546736761152,0.07635661180902376,0.03359473928439105,4.166576036368497e-05,5.1147879275958985e-05,2.9392111173365265e-05
ray_gpis,Cube,13,0,4,minus_x,minus_x,0.047076674551503106,0.047076674551503106,0.0,1.0,1.0,0.047076674551503106,0.025371664561794627,-0.000254787819666924,3.657126217149198e-05,2.4674391170265153e-05,2.3254651750903577e-05
ray_gpis,Cube,4,0,0,minus_x,minus_x,0.34828932458047124,0.34828932458047124,0.0,1.0,1.0,0.34828932458047124,0.22609639227199196,0.1589800047818828,5.3712419685325585e-06,5.262532340566395e-06,5.201765361562138e-06
ray_gpis,Cube,4,0,1,minus_x,minus_x,0.14520910008849108,0.14520910008849108,0.0,1.0,0.5,0.14520910008849108,0.043315483478054695,0.09970761820439322,0.00012303671974223107,2.9962950065964833e-05,2.960300844279118e-05
ray_gpis,Cube,4,0,2,minus_y,minus_x,0.025641670605563105,0.028541438108823702,0.0028997675032605974,0.0,0.5,0.028541438108823702,0.025641670605563105,0.007161887697915592,2.4932676751632243e-05,2.6145222363993526e-05,2.4210670744650997e-05
ray_gpis,Cube,4,0,3,minus_x,minus_y,0.015604828116896452,0.03304390650698186,0.017439078390085405,0.0,-1.0,0.015604828116896452,0.03304390650698186,0.02065934594161023,2.8128084522904828e-05,2.5603165340726264e-05,2.6299681849195622e-05
ray_gpis,Cube,4,0,4,minus_y,minus_x,0.02139085748454339,0.038589561617607404,0.017198704133064013,0.0,0.5,0.038589561617607404,0.02139085748454339,0.017186352499883317,2.674994175322354e-05,2.8544738597702235e-05,2.542063157306984e-05
ray_gpis,Cube,1,0,0,minus_x,minus_x,0.32764536095734703,0.32764536095734703,0.0,1.0,1.0,0.32764536095734703,0.09677066015162111,0.07612573942574002,0.00032545419526286423,0.00010464123624842614,2.4438610125798732e-05
ray_gpis,Cube,1,0,1,minus_x,minus_x,0.07097610171781077,0.07097610171781077,0.0,1.0,0.5,0.07097610171781077,0.039954780729166695,0.05479391744603501,0.000168667160323821,5.246025466476567e-05,2.832029713317752e-05
ray_gpis,Cube,1,0,2,minus_x,minus_x,0.11867566591717205,0.11867566591717205,0.0,1.0,1.0,0.11867566591717205,0.09201870282175628,0.04281358379042588,0.00016833886911626905,0.00014868377184029669,3.440094951656647e-05
ray_gpis,Cube,1,0,3,minus_y,plus_z,0.02067096269638702,0.027413981843472657,0.006743019147085638,0.0,-0.5,0.023475534460649095,0.02067096269638702,0.027413981843472657,2.3131067791837268e-05,2.6329631509725004e-05,2.4921391741372645e-05
ray_gpis,Cube,1,0,4,minus_x,minus_x,0.021378119218587788,0.021378119218587788,0.0,1.0,0.5,0.021378119218587788,0.012434376526973101,0.01728510269056094,2.3796690584276803e-05,2.2739552150596865e-05,2.2646168872597627e-05
ray_gpis,Cube,12,0,0,minus_x,minus_x,0.28171954927038856,0.28171954927038856,0.0,1.0,0.5,0.28171954927038856,0.09109508849966175,0.10728382832014732,0.00040103771607391536,0.00021513558749575168,3.417123298277147e-05
ray_gpis,Cube,12,0,1,minus_x,minus_x,0.1574941888371163,0.1574941888371163,0.0,1.0,1.0,0.1574941888371163,0.015722188624864075,0.040044528150168124,0.00019251949561294168,3.062324321945198e-05,8.621179586043581e-05
ray_gpis,Cube,12,0,2,minus_x,minus_x,0.06219442291510735,0.06219442291510735,0.0,1.0,0.5,0.06219442291510735,0.02683201418952308,0.024763655365008574,5.978648187010549e-05,2.529512858018279e-05,4.4899443309986964e-05
ray_gpis,Cube,12,0,3,plus_z,plus_z,0.026507403165872745,0.026507403165872745,0.0,1.0,0.5,0.01174664112639634,0.014109361417250277,0.026507403165872745,2.587759809102863e-05,2.5403531253687106e-05,3.7206664273981005e-05
ray_gpis,Cube,12,0,4,minus_x,minus_x,0.04142207822359234,0.04142207822359234,0.0,1.0,1.0,0.04142207822359234,0.009345465652987772,0.01296189082284005,3.868219937430695e-05,2.577592385932803e-05,3.515630305628292e-05
ray_gpis,Cube,7,0,0,minus_x,minus_x,0.23755274478933475,0.23755274478933475,0.0,1.0,0.5,0.23755274478933475,0.06523786018750011,0.0878180709567074,2.800458787532989e-05,2.7747148124035448e-05,2.6801755666383542e-05
ray_gpis,Cube,7,0,1,minus_x,minus_x,0.2526980593820868,0.2526980593820868,0.0,1.0,0.5,0.2526980593820868,0.09889488544172731,0.058639021912492484,0.0001558310614200309,2.82799155684188e-05,5.029529347666539e-05
ray_gpis,Cube,7,0,2,minus_x,minus_x,0.029465676547803965,0.029465676547803965,0.0,1.0,0.5,0.029465676547803965,0.0059145717098094686,0.007575098902135258,2.8691427360172383e-05,2.5146318876068108e-05,2.3880935259512626e-05
ray_gpis,Cube,7,0,3,minus_x,minus_x,0.02592985050697061,0.02592985050697061,0.0,1.0,0.5,0.02592985050697061,0.0025823367853841095,0.01021502184186407,2.5670464310678653e-05,2.2729724150849506e-05,2.265587681904435e-05
ray_gpis,Cube,7,0,4,minus_x,minus_x,0.02436757140487089,0.02436757140487089,0.0,1.0,1.0,0.02436757140487089,0.013167919889385593,0.006272999753354047,2.267747368023265e-05,2.263850183226168e-05,2.2476291633211076e-05
ray_gpis,Cube,14,0,0,minus_x,minus_x,0.22608354142699133,0.22608354142699133,0.0,1.0,0.5,0.22608354142699133,0.050881874364644364,0.08572197455367464,0.0001586072612553835,6.409589695977047e-05,2.7189702450414188e-05
ray_gpis,Cube,14,0,1,minus_x,minus_x,0.15268256149052906,0.15268256149052906,0.0,1.0,0.5,0.15268256149052906,0.044301245655601895,0.06132932750794884,0.00014459878730122,4.3308347812853754e-05,2.422038778604474e-05
ray_gpis,Cube,14,0,2,plus_z,plus_z,0.06022755261577295,0.06022755261577295,0.0,1.0,0.5,0.033575479178372,0.03875883170445382,0.06022755261577295,3.134274447802454e-05,2.7757103453041054e-05,3.2481599191669375e-05
ray_gpis,Cube,14,0,3,minus_y,minus_x,0.01990843875982018,0.025481776803828793,0.005573338044008613,0.0,-0.5,0.025481776803828793,0.01990843875982018,0.020357107591514767,2.3215616238303483e-05,2.6668687496567145e-05,2.268840944452677e-05
ray_gpis,Cube,14,0,4,plus_z,minus_x,0.0042357705140178,0.039046064734893915,0.034810294220876115,0.0,-0.5,0.039046064734893915,0.007918645653495426,0.0042357705140178,2.314621269761119e-05,2.312702599738259e-05,2.3252992832567543e-05
ray_gpis,Cube,2,0,0,minus_x,plus_z,0.13181078863680634,0.17726038444478837,0.045449595807982024,0.0,-0.5,0.13181078863680634,0.11390568413700619,0.17726038444478837,2.798814603011124e-05,2.761163705145009e-05,2.6776919185067527e-05
ray_gpis,Cube,2,0,1,minus_x,minus_y,-0.03547136090504921,0.09421753353699469,0.1296888944420439,0.0,-0.5,-0.03547136090504921,0.09421753353699469,0.07008012051710477,0.000387352192774415,0.00027920116554014385,2.7647101887851022e-05
ray_gpis,Cube,2,0,2,minus_x,minus_x,0.289706539981185,0.289706539981185,0.0,1.0,1.0,0.289706539981185,0.2578987334157026,0.13771351280468525,0.00026273346156813204,0.0001014011722872965,2.334881719434634e-05
ray_gpis,Cube,2,0,3,minus_x,minus_x,0.050106431398921125,0.050106431398921125,0.0,1.0,0.5,0.050106431398921125,0.03621345477583848,0.03757811040596426,0.00012174342555226758,8.690471440786496e-05,3.425638351473026e-05
ray_gpis,Cube,2,0,4,minus_x,minus_x,0.0972945378977127,0.0972945378977127,0.0,1.0,0.5,0.0972945378977127,0.010136951130703564,0.0034587572453148585,0.00014061077672522515,4.826560689252801e-05,7.054147135931998e-05
ray_gpis,Cube,6,0,0,minus_x,minus_x,0.15945031479185856,0.15945031479185856,0.0,1.0,1.0,0.15945031479185856,0.09458668891011268,0.038143723051602074,0.0005789456772617996,0.00025382134481333196,6.462755118263885e-05
ray_gpis,Cube,6,0,1,minus_x,minus_x,0.12282392837975264,0.12282392837975264,0.0,1.0,1.0,0.12282392837975264,0.03970805751784967,0.04595901208779685,0.00014702146290801466,2.6431069272803143e-05,0.00011334340524626896
ray_gpis,Cube,6,0,2,plus_z,plus_z,0.07919041172321906,0.07919041172321906,0.0,1.0,0.5,0.04211010844933638,0.008270018924990907,0.07919041172321906,8.295444422401488e-05,9.5754636276979e-05,0.00012829966726712883
ray_gpis,Cube,6,0,3,plus_z,minus_x,0.010588667234445737,0.021250284863157498,0.010661617628711761,0.0,0.5,0.021250284863157498,0.010188308961834758,0.010588667234445737,3.4448716178303584e-05,2.6419693313073367e-05,3.445099719101563e-05
ray_gpis,Cube,6,0,4,minus_y,minus_y,0.0391169617640289,0.0391169617640289,0.0,1.0,1.0,0.028935771555525847,0.0391169617640289,0.01884687988131073,3.2024119718698785e-05,3.354865839355625e-05,2.2976097170612775e-05
ray_gpis,Cube,3,0,0,minus_x,minus_x,0.28507325730123445,0.28507325730123445,0.0,1.0,1.0,0.28507325730123445,0.1338997475363327,0.06897750212594267,1.7691632820060477e-05,1.7616781406104565e-05,1.736774720484391e-05
ray_gpis,Cube,3,0,1,minus_x,minus_x,0.078363272507877,0.078363272507877,0.0,1.0,1.0,0.078363272507877,0.019454261918463556,0.008245243724175899,0.00012392649659886956,0.00010753708920674399,2.943300933111459e-05
ray_gpis,Cube,3,0,2,minus_y,minus_y,0.13299652618235824,0.13299652618235824,0.0,1.0,1.0,0.04110717839209799,0.13299652618235824,0.0016706568619471174,6.307201692834496e-05,0.00013571043382398784,2.3678425350226462e-05
ray_gpis,Cube,3,0,3,minus_x,minus_y,0.011817714803746604,0.01563826307215954,0.0038205482684129377,0.0,-1.0,0.011817714803746604,0.01563826307215954,0.013106430629192367,2.9060607630526647e-05,2.266644332848955e-05,2.8756619940395467e-05
ray_gpis,Cube,3,0,4,minus_y,minus_x,0.012674655257119194,0.025192025613991365,0.01251737035687217,0.0,-0.5,0.025192025613991365,0.012674655257119194,0.01095607187318326,2.2818579964223318e-05,2.318414772162214e-05,2.288357609359082e-05
ray_gpis,Cube,9,0,0,minus_x,minus_x,0.21047765220868092,0.21047765220868092,0.0,1.0,0.5,0.21047765220868092,0.03946801439984188,0.06908304997113496,2.3230966689880006e-05,2.308765033376403e-05,2.2633445041719824e-05
ray_gpis,Cube,9,0,1,minus_x,minus_x,0.13088184576687978,0.13088184576687978,0.0,1.0,0.5,0.13088184576687978,0.03911386430876773,0.004391912288368438,0.00014184949395712465,2.9709435693803243e-05,3.117404048680328e-05
ray_gpis,Cube,9,0,2,minus_x,plus_z,0.03684365341572404,0.04750600094444435,0.010662347528720306,0.0,-0.5,0.03684365341572404,0.03014936479706165,0.04750600094444435,3.940127498935908e-05,2.9652575904037803e-05,2.4908766135922633e-05
ray_gpis,Cube,9,0,3,minus_y,minus_y,0.05693561121554691,0.05693561121554691,0.0,1.0,1.0,0.030103216847800374,0.05693561121554691,0.02606224031281934,2.716518247325439e-05,3.522618135320954e-05,2.2636255380348302e-05
ray_gpis,Cube,9,0,4,minus_y,minus_y,0.0280257572798851,0.0280257572798851,0.0,1.0,0.5,0.006193794230952454,0.0280257572798851,0.011121894225430973,2.2924019503989257e-05,2.710905573621858e-05,2.2518161131301895e-05
ray_gpis,Cube,10,0,0,minus_x,minus_x,0.21302634585203994,0.21302634585203994,0.0,1.0,1.0,0.21302634585203994,0.12092342095316855,0.09645396328533029,0.0004393165581859648,0.0001634731888771057,3.6600540624931455e-05
ray_gpis,Cube,10,0,1,minus_x,minus_x,0.1695804246191832,0.1695804246191832,0.0,1.0,0.5,0.1695804246191832,0.0963647621538759,0.037416476921162456,0.00018469490169081837,5.3402840421767905e-05,8.348144183401018e-05
ray_gpis,Cube,10,0,2,minus_y,plus_z,0.03940335125143757,0.050574675429502336,0.011171324178064768,0.0,-1.0,0.03944962153007403,0.03940335125143757,0.050574675429502336,4.6155921154422686e-05,5.32322155777365e-05,3.807725079241209e-05
ray_gpis,Cube,10,0,3,minus_y,plus_z,0.03189625904939586,0.053756498636201244,0.021860239586805386,0.0,-1.0,0.04102117721064824,0.03189625904939586,0.053756498636201244,3.9191167161334306e-05,4.570047167362645e-05,3.6212248232914135e-05
ray_gpis,Cube,10,0,4,minus_x,minus_x,0.03777287728542289,0.03777287728542289,0.0,1.0,0.5,0.03777287728542289,0.02089799645146251,0.027597260808437718,5.206505011301488e-05,5.007185973227024e-05,3.6538134736474603e-05
ray_gpis,Cube,5,0,0,minus_x,minus_x,0.12958231724873043,0.12958231724873043,0.0,1.0,0.5,0.12958231724873043,0.11347526783154827,0.11659484365572964,6.860833764221752e-06,6.808540092606563e-06,6.624700290558394e-06
ray_gpis,Cube,5,0,1,minus_x,minus_x,0.23645736673677736,0.23645736673677736,0.0,1.0,1.0,0.23645736673677736,0.17551368968900266,0.13178047868577208,1.0737093361967709e-05,1.055548000294948e-05,1.0467239007994067e-05
ray_gpis,Cube,5,0,2,minus_x,minus_x,0.19045526136483248,0.19045526136483248,0.0,1.0,0.5,0.19045526136483248,0.06348923804993367,0.025343772168719303,0.00014415888290386647,4.768719009007327e-05,0.0001366595970466733
ray_gpis,Cube,5,0,3,minus_x,minus_x,0.06734289183665909,0.06734289183665909,0.0,1.0,1.0,0.06734289183665909,0.01227232306583359,0.02645448658119398,9.853294614003971e-05,2.5686840672278777e-05,5.6164542911574244e-05
ray_gpis,Cube,5,0,4,minus_x,plus_z,0.018056331896677436,0.01963131738731705,0.0015749854906396132,0.0,0.5,0.018056331896677436,0.011318874487577624,0.01963131738731705,2.5215842470061034e-05,2.3379287085845135e-05,2.3499869712395594e-05
ray_gpis,Cube,11,0,0,minus_x,minus_x,0.2778215842154842,0.2778215842154842,0.0,1.0,0.5,0.2778215842154842,0.17372415858434598,0.17511694071416994,0.00023282266920432448,4.877385435975157e-05,2.6354300644015893e-05
ray_gpis,Cube,11,0,1,minus_x,minus_x,0.09567288907745686,0.09567288907745686,0.0,1.0,0.5,0.09567288907745686,0.04418144332776175,0.070468222899006,0.0001777371362550184,9.616513852961361e-05,2.3602493456564844e-05
ray_gpis,Cube,11,0,2,minus_x,minus_x,0.13638227477427267,0.13638227477427267,0.0,1.0,0.5,0.13638227477427267,0.06965838321012918,0.03922328576237599,0.00015800856635905802,2.505250995454844e-05,3.9546663174405694e-05
ray_gpis,Cube,11,0,3,minus_x,plus_z,-0.0026620314074514706,0.03866490037334713,0.041326931780798604,0.0,-0.5,-0.0026620314074514706,-0.0012341654949847847,0.03866490037334713,3.424918759264983e-05,2.2998601707513444e-05,2.534922896302305e-05
ray_gpis,Cube,11,0,4,minus_x,minus_y,0.0037453538502941752,0.026379333879371636,0.02263398002907746,0.0,-1.0,0.0037453538502941752,0.026379333879371636,0.016242478965277085,3.4953292924910784e-05,2.3697788492427208e-05,3.174056109855883e-05
ray_gpis,Cube,0,0,0,minus_x,minus_x,0.34453419315154543,0.34453419315154543,0.0,1.0,1.0,0.34453419315154543,0.2336496262881011,0.11151615815560667,8.069126238297031e-07,8.023006330404314e-07,7.863309861022572e-07
ray_gpis,Cube,0,0,1,minus_x,minus_x,0.21928640634601893,0.21928640634601893,0.0,1.0,0.5,0.21928640634601893,0.10353381879839818,0.12068203613276485,0.0002690280380193144,4.234110383549705e-05,2.9581970011349767e-05
ray_gpis,Cube,0,0,2,minus_x,minus_x,0.09045589590897285,0.09045589590897285,0.0,1.0,1.0,0.09045589590897285,0.07839798503621409,0.01078733205381699,5.7983063015853986e-05,4.053470547660254e-05,2.431676330161281e-05
ray_gpis,Cube,0,0,3,minus_y,minus_y,0.04626660849402853,0.04626660849402853,0.0,1.0,1.0,0.017906060060015938,0.04626660849402853,0.007263153795178057,2.3637110643903725e-05,2.9524579076678492e-05,2.295210651936941e-05
ray_gpis,Cube,0,0,4,minus_y,plus_z,0.01719317349140137,0.023641800618874442,0.006448627127473072,0.0,-0.5,0.019881998922979927,0.01719317349140137,0.023641800618874442,2.2871856344863772e-05,2.311935713805724e-05,2.2909651306690648e-05
ray_gpis,Thin_Irregular,8,0,0,minus_x,minus_x,0.26782490209581944,0.26782490209581944,0.0,1.0,0.5,0.26782490209581944,0.0529658662672588,0.1843280870101347,0.001364950672723353,0.00035203987499698997,0.00010456226300448179
ray_gpis,Thin_Irregular,8,0,1,minus_x,minus_x,0.13145758162463972,0.13145758162463972,0.0,1.0,1.0,0.13145758162463972,0.0737047488573529,0.04649253493326888,0.00023321052140090615,0.00012362987035885453,0.00011792961595347151
ray_gpis,Thin_Irregular,8,0,2,minus_x,minus_y,0.06516474375270709,0.09767280146833379,0.032508057715626704,0.0,0.5,0.06516474375270709,0.09767280146833379,0.04491828278467824,0.00012608536053448915,7.588425069116056e-05,4.071144212502986e-05
ray_gpis,Thin_Irregular,8,0,3,minus_x,minus_x,0.10359887871038342,0.10359887871038342,0.0,1.0,1.0,0.10359887871038342,0.017455171356506094,0.0075447233680209225,8.804642857285216e-05,3.840392309939489e-05,2.701405537663959e-05
ray_gpis,Thin_Irregular,8,0,4,minus_y,minus_x,0.017393917584505147,0.04337574248528131,0.025981824900776163,0.0,-0.5,0.04337574248528131,0.017393917584505147,0.037692447421671105,3.4912125556729734e-05,4.854174767388031e-05,2.6321480618207715e-05
ray_gpis,Thin_Irregular,13,0,0,minus_x,minus_x,0.16780887190451121,0.16780887190451121,0.0,1.0,1.0,0.16780887190451121,0.06179222950905372,0.03141331029502359,0.0013304566964507103,0.0003030921216122806,5.2592120482586324e-05
ray_gpis,Thin_Irregular,13,0,1,minus_x,plus_z,0.03749823255208362,0.040799387693435496,0.0033011551413518747,0.0,0.5,0.03749823255208362,0.0017965934036214826,0.040799387693435496,0.0003689944860525429,2.6059769879793748e-05,0.00028201009263284504
ray_gpis,Thin_Irregular,13,0,2,minus_x,minus_x,0.14186547847328823,0.14186547847328823,0.0,1.0,1.0,0.14186547847328823,0.024708137749653747,0.06313531406394712,0.0004740703443530947,7.341194577747956e-05,9.360663534607738e-05
ray_gpis,Thin_Irregular,13,0,3,minus_x,minus_x,0.05679455521336363,0.05679455521336363,0.0,1.0,1.0,0.05679455521336363,0.03054649315684077,0.05040693353545023,9.89964246400632e-05,7.364587509073317e-05,9.560791659168899e-05
ray_gpis,Thin_Irregular,13,0,4,minus_x,minus_y,0.0012327691093817483,0.024943756974450282,0.023710987865068534,0.0,-0.5,0.0012327691093817483,0.024943756974450282,0.006006880804082515,3.247353743063286e-05,2.9943712434032932e-05,2.6851697839447297e-05
ray_gpis,Thin_Irregular,4,0,0,minus_x,minus_y,0.23686452783787487,0.24205018671822914,0.005185658880354271,0.0,-0.5,0.23686452783787487,0.24205018671822914,0.22055487133808643,0.0006176254246383905,8.95015400601551e-05,9.582529310137033e-05
ray_gpis,Thin_Irregular,4,0,1,minus_y,minus_x,0.11608385486205075,0.15767042139553167,0.04158656653348092,0.0,-0.5,0.15767042139553167,0.11608385486205075,0.1084978062938684,0.00014496124640572816,0.00023631210206076503,0.00017701600154396147
ray_gpis,Thin_Irregular,4,0,2,minus_x,minus_x,0.1462635286017817,0.1462635286017817,0.0,1.0,1.0,0.1462635286017817,0.04612356037725873,0.07577029575194383,0.00015888511552475393,6.629132258240134e-05,6.878576095914468e-05
ray_gpis,Thin_Irregular,4,0,3,minus_x,minus_x,0.07136290705670056,0.07136290705670056,0.0,1.0,0.5,0.07136290705670056,0.06730096917116735,0.04548049013144917,6.963108899071813e-05,4.399978934088722e-05,4.485000317799859e-05
ray_gpis,Thin_Irregular,4,0,4,minus_x,minus_y,0.013251668281686335,0.05947337036528033,0.046221702083593996,0.0,-0.5,0.013251668281686335,0.05947337036528033,0.019325782555968396,6.823287549195811e-05,6.410298374248669e-05,2.3649885406484827e-05
ray_gpis,Thin_Irregular,1,0,0,minus_x,minus_x,0.1805670188134551,0.1805670188134551,0.0,1.0,1.0,0.1805670188134551,0.05675441643258711,0.045771652852527545,0.0011024894192814827,0.000928151945117861,5.250768663245253e-05
ray_gpis,Thin_Irregular,1,0,1,minus_x,minus_x,0.22279728824100098,0.22279728824100098,0.0,1.0,1.0,0.22279728824100098,0.1151085301776712,0.051349605569179335,0.0005898212548345327,0.00031043216586112976,0.00011554041702765971
ray_gpis,Thin_Irregular,1,0,2,minus_x,minus_x,0.030662147713428678,0.030662147713428678,0.0,1.0,1.0,0.030662147713428678,0.006916339593190712,0.010463471888377152,4.091048685950227e-05,2.6380352210253477e-05,4.007023017038591e-05
ray_gpis,Thin_Irregular,1,0,3,plus_z,minus_x,0.0162132218788702,0.028656526209836386,0.012443304330966187,0.0,0.5,0.028656526209836386,0.004273543474661579,0.0162132218788702,3.564920916687697e-05,2.935683005489409e-05,4.135646304348484e-05
ray_gpis,Thin_Irregular,1,0,4,minus_x,minus_y,-0.011931133226381951,0.0005007037296197447,0.012431836956001696,0.0,-0.5,-0.011931133226381951,0.0005007037296197447,-0.0063206576592238495,4.193873246549629e-05,3.604594894568436e-05,2.339242746529635e-05
ray_gpis,Thin_Irregular,12,0,0,minus_x,minus_x,0.20491302364817682,0.20491302364817682,0.0,1.0,1.0,0.20491302364817682,0.18262876466850514,0.1031239032212064,0.0007924663950689137,0.0003066608333028853,3.430261858738959e-05
ray_gpis,Thin_Irregular,12,0,1,minus_x,minus_x,0.13028706999313633,0.13028706999313633,0.0,1.0,1.0,0.13028706999313633,0.10257274382613368,0.02078807685722006,0.0002928501053247601,6.952453986741602e-05,2.9012067898293026e-05
ray_gpis,Thin_Irregular,12,0,2,minus_x,minus_x,0.08936776209224806,0.08936776209224806,0.0,1.0,0.5,0.08936776209224806,0.07370159764717854,0.06583460457021417,0.00020805296662729234,5.7904220739146695e-05,0.0001260797871509567
ray_gpis,Thin_Irregular,12,0,3,minus_y,minus_y,0.04637106065817098,0.04637106065817098,0.0,1.0,1.0,0.020910000144780727,0.04637106065817098,0.01740323664587995,5.5541418987559155e-05,5.603891986538656e-05,4.067810732522048e-05
ray_gpis,Thin_Irregular,12,0,4,plus_z,minus_y,0.0195770753950818,0.046159307740220035,0.026582232345138235,0.0,-1.0,0.028689631290931716,0.046159307740220035,0.0195770753950818,3.687552089104429e-05,3.2362939236918464e-05,4.1256782424170524e-05
ray_gpis,Thin_Irregular,7,0,0,minus_x,minus_x,0.25470051114640896,0.25470051114640896,0.0,1.0,1.0,0.25470051114640896,0.14865778761005677,0.0457159269647931,0.001560751348733902,0.0009568604873493314,0.0006806603050790727
ray_gpis,Thin_Irregular,7,0,1,minus_x,minus_x,0.17322473426845109,0.17322473426845109,0.0,1.0,1.0,0.17322473426845109,0.12094870443858652,0.10488921797017903,0.000333436910295859,0.0002998067648150027,3.352571729919873e-05
ray_gpis,Thin_Irregular,7,0,2,plus_z,plus_z,0.08060946357709231,0.08060946357709231,0.0,1.0,0.5,0.07618000307385275,0.06512860548634702,0.08060946357709231,4.591681499732658e-05,4.693309165304527e-05,5.009542655898258e-05
ray_gpis,Thin_Irregular,7,0,3,minus_x,minus_x,0.06896476912902405,0.06896476912902405,0.0,1.0,1.0,0.06896476912902405,0.04325639444191787,0.019672754926409186,6.300028326222673e-05,5.4594285757048056e-05,2.5394529075128958e-05
ray_gpis,Thin_Irregular,7,0,4,minus_y,minus_x,0.016929406001847225,0.01984949352021137,0.002920087518364145,0.0,0.5,0.01984949352021137,0.016929406001847225,0.002409124538910956,2.3226773919304833e-05,2.351466719119344e-05,2.276096711284481e-05
ray_gpis,Thin_Irregular,14,0,0,minus_x,minus_x,0.19843087186980757,0.19843087186980757,0.0,1.0,1.0,0.19843087186980757,0.1905903541484676,0.08074100473259849,0.001797203440219164,0.0008188480278477073,0.0005069762119092047
ray_gpis,Thin_Irregular,14,0,1,minus_x,minus_x,0.2340407589072791,0.2340407589072791,0.0,1.0,0.5,0.2340407589072791,0.10175995010822075,0.026184790428072702,0.0014000002993270755,7.857911987230182e-05,9.014993702294305e-05
ray_gpis,Thin_Irregular,14,0,2,minus_x,minus_x,0.12985004549393242,0.12985004549393242,0.0,1.0,1.0,0.12985004549393242,0.07719263745590643,0.02478901178866677,0.00016151864838320762,9.25567073863931e-05,5.119786146678962e-05
ray_gpis,Thin_Irregular,14,0,3,plus_z,minus_y,0.020186019723965054,0.048163202810399874,0.02797718308643482,0.0,0.5,0.006502088262593353,0.048163202810399874,0.020186019723965054,3.705388371599838e-05,3.9732894947519526e-05,4.04061283916235e-05
ray_gpis,Thin_Irregular,14,0,4,minus_x,minus_x,0.04771447109767213,0.04771447109767213,0.0,1.0,1.0,0.04771447109767213,0.008602449611988527,0.0068820014689157105,4.219867696519941e-05,3.716656647156924e-05,2.3117872842703946e-05
ray_gpis,Thin_Irregular,2,0,0,minus_x,plus_z,0.24516132109185806,0.24758895253665858,0.0024276314448005154,0.0,-0.5,0.24516132109185806,0.2449164167116129,0.24758895253665858,5.393461378844222e-06,5.215466899244348e-06,5.088693797006272e-06
ray_gpis,Thin_Irregular,2,0,1,minus_x,minus_x,0.0424929299627273,0.0424929299627273,0.0,1.0,0.5,0.0424929299627273,-0.0313830690742532,-0.0027727999359252187,0.001255834475159645,0.00042045628651976585,5.531473652808927e-05
ray_gpis,Thin_Irregular,2,0,2,minus_x,plus_z,0.13232378762672353,0.2318794646668217,0.09955567704009816,0.0,0.5,0.13232378762672353,0.1209971510454449,0.2318794646668217,0.00026627027546055615,2.897212834795937e-05,8.362343942280859e-05
ray_gpis,Thin_Irregular,2,0,3,minus_x,minus_y,0.037298994394294294,0.06784885908713101,0.030549864692836715,0.0,-0.5,0.037298994394294294,0.06784885908713101,0.03652977844822913,0.00021562098118010908,2.2590698790736496e-05,9.237994527211413e-05
ray_gpis,Thin_Irregular,2,0,4,minus_x,minus_y,0.005745786777334283,0.02338912794946535,0.017643341172131066,0.0,-0.5,0.005745786777334283,0.02338912794946535,-0.027120780164651248,0.00023788308317307383,2.308198600076139e-05,0.00017726999067235738
ray_gpis,Thin_Irregular,6,0,0,minus_x,minus_x,0.19018361134450157,0.19018361134450157,0.0,1.0,1.0,0.19018361134450157,0.13607688017811004,0.04256075005833915,0.0008627453353255987,0.0003659124777186662,9.879417484626174e-05
ray_gpis,Thin_Irregular,6,0,1,minus_x,minus_x,0.15983037772662323,0.15983037772662323,0.0,1.0,1.0,0.15983037772662323,0.03051204094780602,0.015315498813704642,0.0005084244185127318,0.00028750780620612204,0.00017841180670075119
ray_gpis,Thin_Irregular,6,0,2,minus_x,plus_z,0.02888369891950593,0.074795507409534,0.04591180849002807,0.0,-0.5,0.02888369891950593,0.056535244834464815,0.074795507409534,0.00011056941002607346,3.0070939828874543e-05,9.120624599745497e-05
ray_gpis,Thin_Irregular,6,0,3,minus_x,minus_y,0.02740513023121649,0.05162700768883133,0.024221877457614838,0.0,-0.5,0.02740513023121649,0.05162700768883133,0.009701951985324864,4.9227070121560246e-05,2.9358807296375744e-05,4.3145602830918506e-05
ray_gpis,Thin_Irregular,6,0,4,minus_x,minus_x,0.05128002275422738,0.05128002275422738,0.0,1.0,0.5,0.05128002275422738,0.04285644875106531,0.012487773480460373,3.946410652133636e-05,2.358676283620298e-05,2.7251813662587665e-05
ray_gpis,Thin_Irregular,3,0,0,minus_x,minus_x,0.21692283410661195,0.21692283410661195,0.0,1.0,1.0,0.21692283410661195,0.17476678060543555,0.10972717013655237,0.001259832875803113,0.00040802775765769184,0.00028140342328697443
ray_gpis,Thin_Irregular,3,0,1,minus_x,minus_x,0.1789115218747187,0.1789115218747187,0.0,1.0,1.0,0.1789115218747187,0.11422864456280934,0.029603391726298556,0.0008402802050113678,5.652764593833126e-05,5.061515184934251e-05
ray_gpis,Thin_Irregular,3,0,2,minus_x,minus_x,0.11910244523312352,0.11910244523312352,0.0,1.0,0.5,0.11910244523312352,0.0965994193243549,0.09453580820926566,0.00018590099352877587,6.670643051620573e-05,8.42730441945605e-05
ray_gpis,Thin_Irregular,3,0,3,minus_y,minus_x,0.022878344348153945,0.04918813275772571,0.026309788409571766,0.0,-0.5,0.04918813275772571,0.022878344348153945,0.044686634293796934,3.096383443335071e-05,3.402184302103706e-05,2.5176686904160306e-05
ray_gpis,Thin_Irregular,3,0,4,minus_y,minus_y,0.06485903810698435,0.06485903810698435,0.0,1.0,1.0,0.026811937797467156,0.06485903810698435,0.052460540389675736,2.4574475901317783e-05,3.421207293285988e-05,2.6998113753506914e-05
ray_gpis,Thin_Irregular,9,0,0,minus_x,plus_z,0.29302032741675643,0.3420216610942787,0.04900133367752224,0.0,0.5,0.29302032741675643,0.23235693790947612,0.3420216610942787,1.5791007399457158e-06,1.561380940984236e-06,1.5662184296161286e-06
ray_gpis,Thin_Irregular,9,0,1,minus_x,minus_y,0.05843822525966125,0.08021489145543292,0.021776666195771677,0.0,0.5,0.05843822525966125,0.08021489145543292,0.019308008539007215,0.0010759509168565273,0.00041918508941307664,0.00010323087917640805
ray_gpis,Thin_Irregular,9,0,2,minus_x,minus_x,0.14484785610884088,0.14484785610884088,0.0,1.0,0.5,0.14484785610884088,0.09145175477719047,0.11209212227606313,0.0006686053238809109,0.0002310080744791776,0.00015130244719330221
ray_gpis,Thin_Irregular,9,0,3,minus_x,minus_y,0.054691516089565906,0.10642540555819824,0.05173388946863233,0.0,-0.5,0.054691516089565906,0.10642540555819824,0.05742080617579104,0.0003481649328023195,0.0001945738767972216,4.669560075853951e-05
ray_gpis,Thin_Irregular,9,0,4,minus_y,minus_x,0.08946352279060554,0.095189361399318,0.005725838608712452,0.0,0.5,0.095189361399318,0.08946352279060554,0.015317998201401894,0.00015662914665881544,0.00020339824550319463,3.7508769310079515e-05
ray_gpis,Thin_Irregular,10,0,0,minus_x,minus_y,-0.012460671647169796,0.006707638305987196,0.019168309953156992,0.0,-0.5,-0.012460671647169796,0.006707638305987196,0.005195635313259339,0.0015406745951622725,0.001350436476059258,6.129674875410274e-05
ray_gpis,Thin_Irregular,10,0,1,minus_x,minus_x,0.19437876503450696,0.19437876503450696,0.0,1.0,0.5,0.19437876503450696,0.17509502641221003,0.18350918880938222,0.0002298718609381467,0.00012919383880216628,2.6199420972261578e-05
ray_gpis,Thin_Irregular,10,0,2,minus_y,minus_x,0.02617928374632794,0.052434619822376516,0.026255336076048574,0.0,0.5,0.052434619822376516,0.02617928374632794,0.020044249252525237,7.368099613813683e-05,8.449477172689512e-05,6.602597568416968e-05
ray_gpis,Thin_Irregular,10,0,3,minus_x,plus_z,0.03450765141395851,0.08600836880242069,0.05150071738846218,0.0,-0.5,0.03450765141395851,0.07784940897945747,0.08600836880242069,7.512132287956774e-05,2.2177255232236348e-05,3.48353132721968e-05
ray_gpis,Thin_Irregular,10,0,4,plus_z,plus_z,0.08696560037176759,0.08696560037176759,0.0,1.0,0.5,0.07471326982999471,0.08608977710107157,0.08696560037176759,4.195033761789091e-05,2.8865935746580362e-05,7.40449468139559e-05
ray_gpis,Thin_Irregular,5,0,0,minus_x,minus_x,0.19147563438574394,0.19147563438574394,0.0,1.0,1.0,0.19147563438574394,0.15226254180971416,0.010211636940811453,0.0008487620507366955,0.000647270237095654,3.9463902794523165e-05
ray_gpis,Thin_Irregular,5,0,1,minus_x,minus_x,0.19456178430625215,0.19456178430625215,0.0,1.0,1.0,0.19456178430625215,0.09763233448124853,0.060178640542882134,0.00046768318861722946,0.0004529677389655262,3.901727177435532e-05
ray_gpis,Thin_Irregular,5,0,2,plus_z,minus_y,0.01579904411152,0.03875250178309875,0.022953457671578748,0.0,-0.5,0.02286954916809314,0.03875250178309875,0.01579904411152,3.296721843071282e-05,3.321283293189481e-05,4.3680214730557054e-05
ray_gpis,Thin_Irregular,5,0,3,minus_x,minus_x,0.03851392825112765,0.03851392825112765,0.0,1.0,0.5,0.03851392825112765,0.024290610450713235,0.03405638682631962,4.624572829925455e-05,4.0047147194854915e-05,3.3551608794368804e-05
ray_gpis,Thin_Irregular,5,0,4,minus_x,plus_z,0.02392852824252134,0.02675920865170056,0.0028306804091792204,0.0,-0.5,0.02392852824252134,0.025090648172969243,0.02675920865170056,3.4066153602907434e-05,2.3683849576627836e-05,2.6510255338507704e-05
ray_gpis,Thin_Irregular,11,0,0,minus_x,minus_x,0.19953950472967374,0.19953950472967374,0.0,1.0,1.0,0.19953950472967374,0.1799225982889714,0.1134177880908171,0.0005702060298062861,0.0003954221901949495,3.2857293263077736e-05
ray_gpis,Thin_Irregular,11,0,1,minus_x,minus_x,0.13409158682454225,0.13409158682454225,0.0,1.0,1.0,0.13409158682454225,0.12762959825276843,0.03119444102858926,0.0005058870883658528,0.00038677125121466815,3.2587111491011456e-05
ray_gpis,Thin_Irregular,11,0,2,minus_x,minus_x,0.125394315339466,0.125394315339466,0.0,1.0,1.0,0.125394315339466,0.04006477203372061,0.09357557948728368,0.0003330570471007377,7.115066546248272e-05,0.0001016061578411609
ray_gpis,Thin_Irregular,11,0,3,plus_z,minus_x,0.01692473823250218,0.05253417938123417,0.03560944114873199,0.0,-0.5,0.05253417938123417,0.04894043324993047,0.01692473823250218,5.0262802687939256e-05,3.171154094161466e-05,5.1516868552425876e-05
ray_gpis,Thin_Irregular,11,0,4,minus_x,minus_x,0.05771135706432484,0.05771135706432484,0.0,1.0,1.0,0.05771135706432484,0.04735575198694064,0.04882390902607969,5.286383020575158e-05,2.4214023142121732e-05,4.2041294364025816e-05
ray_gpis,Thin_Irregular,0,0,0,minus_x,minus_x,0.30566719491393396,0.30566719491393396,0.0,1.0,1.0,0.30566719491393396,0.19695183073301142,0.09690713200986828,0.0015589698450639844,0.00028465528157539666,0.00021444041340146214
ray_gpis,Thin_Irregular,0,0,1,minus_x,minus_x,0.23085918220161328,0.23085918220161328,0.0,1.0,1.0,0.23085918220161328,0.0283342783385101,0.03081139770916752,0.00036761819501407444,2.7573354600463063e-05,8.96020355867222e-05
ray_gpis,Thin_Irregular,0,0,2,minus_x,minus_x,0.05970045727243778,0.05970045727243778,0.0,1.0,0.5,0.05970045727243778,0.02370785843793055,0.011261309682125908,0.00014525641745422035,2.3997039534151554e-05,5.5305048590525985e-05
ray_gpis,Thin_Irregular,0,0,3,minus_x,minus_y,0.008327919521189275,0.009606506803232051,0.0012785872820427757,0.0,-0.5,0.008327919521189275,0.009606506803232051,0.006744182997098669,3.0517230698023923e-05,2.3447011699317954e-05,2.8682390620815568e-05
ray_gpis,Thin_Irregular,0,0,4,minus_x,minus_x,0.008946002881816018,0.008946002881816018,0.0,1.0,1.0,0.008946002881816018,0.005588419888039375,-0.0006670830419279739,3.164167355862446e-05,2.360162034165114e-05,2.308805960637983e-05
