ply
format ascii 1.0
element vertex 2919
property float x
property float y
property float z
property float nx
property float ny
property float nz
property float quality
end_header
0.0398391 0.0226256 0.000659594 0.661196 -0.178279 -0.728722 1
0.0207261 -0.0400447 0.0184922 0.441022 -0.896017 0.0515088 0.063902
0.0300864 -0.00202825 0.000355768 0.757749 -0.297295 -0.580889 1
-0.0116783 0.0474087 0.032741 -0.000285413 0.953418 -0.301653 1
0.0234721 -0.0179654 -0.000737831 0.901683 -0.3658 -0.230561 1
0.0208889 -0.0352515 0.011184 0.726834 -0.444656 -0.523444 0.05703
0.0407941 -0.0125468 0.0261622 0.797205 -0.315334 -0.514809 0.170543
0.0120292 -0.0199885 0.0682872 0.0116744 0.282162 0.959296 0.0508698
0.0446574 -0.0232733 0.0486132 0.731203 0.158865 0.663404 0.387361
-0.0476873 -0.0307741 0.0245687 -0.656018 -0.542746 -0.524468 1
0.0422052 -0.0124841 0.0501477 0.7035 0.188884 0.685135 1
0.0317751 -0.0424023 0.0264091 0.476094 -0.876049 0.0766389 1
-0.0307108 -0.00246833 0.059464 -0.739454 0.344732 0.578246 1
-0.039368 -0.0122295 0.0431949 -0.865996 0.330657 0.375122 1
-0.0192852 -0.0285077 0.00537306 -0.690771 -0.28045 -0.66647 1
0.035828 -0.0283167 0.020445 0.862349 -0.216322 -0.457776 1
-5.53332e-05 -0.0460302 -0.00354865 -0.140106 -0.633567 -0.760896 1
-0.00389578 -0.0117767 -0.00932807 -0.743871 -0.504488 -0.438346 0.645285
0.00417439 0.00805334 -0.0212445 -0.509096 -0.275507 -0.815424 1
-0.0207722 -0.00905156 0.00230958 0.177878 -0.851532 0.493206 0.101792
-0.0117519 0.0119668 -0.00847752 -0.695244 -0.574018 -0.432597 0.19965
-0.0273452 0.0246826 -0.00631032 -0.517281 -0.327327 -0.790745 1
-0.0158704 -0.0283422 0.0462564 -0.300589 -0.574997 0.760937 0.195928
0.0121602 -0.0347856 0.0403358 -0.112492 -0.891723 0.438379 0.425159
0.0120415 -0.0341856 0.0423195 0.0198313 -0.956287 0.291756 0.454134
0.0155208 -0.0309162 0.0517936 -0.0346834 -0.941079 0.336404 0.677871
-0.000259391 -0.0349799 0.0396091 -0.166438 -0.961776 0.217453 1
0.0153168 -0.0271273 0.0606548 -0.0266102 -0.978705 0.20354 1
-0.026182 0.00781614 0.054278 -0.769164 0.368478 0.522122 1
0.00952294 0.015996 -0.027434 -0.171974 -0.0164719 -0.984964 1
0.0433406 -0.0186825 0.0287636 0.781921 -0.264184 -0.56463 1
0.0327073 -0.0161316 0.0533132 0.529289 0.00540875 0.848424 0.054476
0.039983 -0.031553 0.0526486 0.215969 -0.630096 0.74588 1
0.0249721 -0.0428336 0.0165556 0.237631 -0.969237 -0.0641219 1
0.0422362 -0.0341207 0.0501599 0.363316 -0.782001 0.506434 1
0.0118325 -0.0325353 0.0443149 -0.0467195 -0.997361 0.0555802 0.128459
0.0431588 0.0139749 0.0122693 0.77832 -0.369212 -0.50784 1
0.0404345 -0.0302449 0.0545657 0.460192 -0.444324 0.768635 1
-0.0397771 -0.0143507 0.0464066 -0.86215 0.217686 0.457505 1
0.0105093 -0.0303532 -0.0101833 0.631439 -0.161896 -0.758337 0.789268
0.00863754 0.0120609 -0.0249498 -0.736213 -0.189871 -0.649568 1
-0.0315447 0.0424692 0.027834 -0.668748 0.702214 0.244279 1
-0.0360249 0.0163688 0.00439566 -0.638169 -0.0906368 -0.764542 0.392958
0.0515776 -0.0119596 0.0322695 0.938941 -0.131911 -0.317789 1
-0.0216929 0.0100542 -0.00147584 -0.430694 0.677116 -0.596672 0.109183
0.0237051 -0.0317609 0.0515538 0.147518 -0.853079 0.500494 0.875104
-0.00869053 0.0356331 0.00136521 0.0407737 0.907561 -0.417936 1
0.00918602 -0.0205748 0.0688304 0.270899 -0.216778 0.937881 0.131668
0.0196379 -0.00704225 -0.0124412 0.704527 -0.28816 -0.648541 1
0.0290559 0.0258395 -0.00559914 -0.267179 0.839893 -0.472435 0.52367
-0.0206979 0.0107387 -0.00125151 -0.159818 0.917355 -0.36458 0.123511
-0.0430188 -0.0233074 0.0439047 -0.79612 -0.0280807 0.604486 1
0.0167435 -0.0287664 0.0554277 -0.123755 -0.656832 0.743812 0.249234
-0.0391576 0.0398691 0.0122122 -0.591679 0.774865 0.222484 1
0.00414476 -0.022657 0.0711159 0.110049 -0.777231 0.619517 1
-0.00779845 0.0365631 0.0593929 -0.790963 0.207481 0.575612 0.105119
-0.00850545 -0.00748973 0.0790747 0.610655 0.0725079 0.788571 0.552902
-0.0111861 -0.035434 0.000834215 -0.544916 -0.27673 -0.791509 1
-0.00492369 0.00716546 0.0781711 0.338586 0.370839 0.864776 1
-0.0314767 0.0071549 0.000586585 -0.539555 -0.292955 -0.78934 1
-0.00182846 0.0221775 -0.0178648 -0.090578 0.499393 -0.861628 0.482398
-0.023184 0.0473726 0.033357 -0.555945 0.82717 -0.0819392 1
-0.0286084 0.0124832 0.00305057 -0.607987 -0.177551 -0.773839 0.0870959
-0.011184 0.00414684 0.078693 -0.0357273 0.362443 0.931321 1
-0.044582 -0.0269328 0.0320825 -0.496972 -0.866191 -0.0522584 0.0624703
-0.00714591 -0.0218615 -0.00675793 -0.508867 -0.351732 -0.785709 1
0.0401023 0.0342178 0.0223927 0.192329 0.974568 -0.115008 0.462966
-0.00292964 0.0331659 0.0644008 0.456777 0.518175 0.723083 0.192602
0.0152922 -0.0470463 0.00380658 0.555722 -0.774819 -0.301379 1
-0.0124978 0.012774 0.0746566 0.0401186 0.164826 0.985506 1
-0.0436077 0.0166063 0.015575 -0.812817 0.469074 0.345394 1
-0.0212976 0.00931957 0.0557485 -0.583717 0.62624 0.516816 0.0755235
-0.0396547 0.0118278 0.0302598 -0.853982 0.296706 0.427411 1
-0.0197954 0.00988349 0.0668928 -0.847763 0.209822 0.487105 1
0.0400601 0.0395696 0.0345324 0.244261 0.938059 0.245727 1
-0.0467206 0.00631931 0.0260969 -0.868088 0.215627 0.447134 1
0.0105623 -0.0493916 -0.00336273 0.219267 -0.726424 -0.65133 1
-0.0397241 -0.0346239 0.0245318 -0.372127 -0.917721 -0.138956 1
-0.0312141 -0.0276233 0.0547719 -0.422549 -0.756613 0.498988 1
-0.0403971 0.0245069 0.0157271 -0.752787 0.0533841 0.656095 0.486703
-0.0191591 -0.0231045 0.0716337 -0.475666 -0.753039 0.454614 1
-0.0118456 0.0219502 0.0701052 -0.442394 0.428287 0.787945 1
0.0280231 0.0157298 -0.00577361 0.716371 -0.457882 -0.526458 0.0666997
-0.0271172 -0.0110058 0.0678012 -0.822016 0.0627941 0.565992 1
0.00487316 -0.00658135 -0.0190045 -0.25681 -0.342989 -0.903552 1
-0.00341267 -0.0206876 0.0719784 0.0706258 -0.8819 0.466116 0.119952
0.00921987 -0.0269617 -0.0153147 -0.110823 -0.403985 -0.908028 1
0.00797494 -0.0390343 0.027256 0.0441076 -0.783168 0.620244 0.248443
-0.0192833 -0.0396408 0.00854984 -0.569862 -0.610336 -0.550225 1
-0.0230685 6.20888e-05 0.06212 -0.801656 0.463984 0.376919 0.972968
-0.00788282 -0.0317553 0.0356185 0.00692917 -0.737096 0.675753 0.0626177
-0.00383305 0.0221233 -0.0174798 -0.49906 0.228952 -0.835775 0.343328
-0.0203932 0.0474234 0.032836 -0.122457 0.96513 -0.231362 1
-0.00428237 -0.0427166 0.0118787 -0.247016 -0.891094 0.380703 0.319416
-0.0311773 0.0399355 0.0271135 -0.94721 0.164874 0.274972 1
0.00417387 -0.03109 0.0545883 -0.0363064 -0.89488 0.444827 1
0.0269607 -0.00340383 -0.00338306 0.75769 -0.283439 -0.58785 1
-0.0190068 -0.00342646 0.0703661 -0.772072 0.214006 0.59842 1
-0.0196957 0.0319978 -0.00533071 0.0644859 0.938521 -0.339146 1
-0.0142503 -0.0245279 0.00160058 -0.58658 -0.179154 -0.789828 0.939414
-0.0056063 -0.00968336 -0.0117865 -0.502472 -0.10144 -0.858622 1
-0.037765 -0.00828723 0.0123502 -0.445511 -0.171457 -0.878705 1
-0.0157541 -0.0240286 0.058416 -0.31658 -0.694643 0.645948 0.447416
-0.0477937 -0.00840713 0.0264013 -0.911964 -0.0765727 0.40306 1
0.0180676 -0.0425178 0.0311369 -0.103473 -0.859952 0.499776 1
0.0276037 0.00473274 -0.00728408 0.789955 -0.34846 -0.504527 1
0.0406982 -0.00715814 0.022351 0.722456 -0.276278 -0.63382 0.521641
-0.0397722 -0.0201688 0.0474465 -0.867137 0.00152319 0.498067 1
0.00515377 0.0118175 -0.0226695 -0.651033 0.128601 -0.748076 1
0.0514154 0.0172646 0.0203399 0.928051 -0.180427 -0.325835 1
0.0392491 -0.0139066 0.0207382 0.79246 -0.235342 -0.562692 1
-0.00824053 -0.0175142 -0.00244039 -0.255057 0.168632 -0.952108 0.281652
-0.00788478 -0.0263763 0.0560639 -0.226632 -0.910506 0.345858 0.241247
0.00214873 0.0144454 0.0703742 0.401589 0.287032 0.869677 1
-0.011719 -0.0306325 0.0471083 -0.105272 -0.952351 0.28626 1
0.0394378 -0.0342709 0.032143 0.712531 -0.664393 -0.225572 1
0.000324698 -0.00782086 -0.0150481 -0.607159 -0.209846 -0.76637 1
-0.0196533 -0.00799562 0.0764586 -0.899926 -0.0173851 0.435696 1
-0.0272532 -0.0348957 0.0127617 -0.587534 0.0467689 -0.807847 1
0.0412586 -0.0150283 0.0263452 0.763032 -0.276373 -0.584294 0.85648
-0.0391252 -0.00756935 0.0430783 -0.840071 0.270586 0.470174 1
-0.0436371 -0.0235633 0.0403607 -0.839948 0.132453 0.526254 1
0.0357588 -0.0123377 0.0129071 0.879231 -0.0724334 -0.470858 1
0.00351731 -0.0429451 0.0154165 -0.0190169 -0.977168 0.211616 1
0.00786665 -0.0350173 -0.0113808 -0.139226 -0.400422 -0.905692 1
-0.0399138 -0.0187864 0.0389914 -0.651759 0.497148 0.572761 0.0818218
0.0356487 -0.03101 0.0273699 0.801808 -0.11253 -0.586891 0.655249
-0.0390922 -0.0320733 0.0208247 -0.594564 -0.53768 -0.597824 1
-0.0193146 -0.0295301 0.00639981 -0.734165 -0.225218 -0.64053 1
0.0406041 -0.0228289 0.0527374 0.347452 0.437024 0.829631 0.556495
0.0109202 -0.0192524 -0.0188997 0.17303 -0.379415 -0.908903 1
-0.000912266 -0.0330125 0.0404935 -0.444501 -0.796609 0.409674 0.106734
-0.00398289 0.00389788 0.0787998 0.400384 0.238878 0.884664 1
0.0551732 0.0139939 0.0320919 0.967677 -0.185076 0.171311 1
0.0156444 0.00854411 -0.0241254 0.711131 -0.373871 -0.59541 1
0.0270975 0.0136545 -0.0114248 0.876304 -0.252967 -0.409999 1
-0.0379461 0.025913 0.0225467 -0.815257 0.0954838 0.571174 1
-0.011396 0.00859411 -0.0106611 -0.750223 -0.159359 -0.641693 1
0.0374133 0.0133626 0.00659826 0.684115 -0.643112 -0.344084 0.498711
0.0393524 -0.0350921 0.043009 0.565412 -0.824807 0.00186081 0.507232
0.0280999 -0.0395651 0.0313624 0.270818 -0.893576 0.358023 1
-0.0200212 -0.0349156 0.0074455 -0.60997 -0.271959 -0.744295 1
0.0199074 -0.0196237 0.0641784 0.652395 0.416682 0.633054 0.183158
-0.0436267 -0.0199745 0.0173879 -0.695656 -0.316517 -0.644887 1
-0.0370074 0.0270698 0.00242844 -0.126297 0.165761 -0.978045 0.654081
0.0324894 -0.0318705 0.0515195 -0.0650412 -0.920063 0.386334 1
-0.0270858 0.0114873 0.0518279 -0.753978 0.317585 0.575028 1
-0.0201642 0.01801 -0.00611097 -0.278019 -0.583153 -0.763307 0.825368
0.0329779 -0.0313088 0.0234922 0.678452 -0.454903 -0.576859 0.411169
0.0123239 0.0274441 -0.00839543 0.151435 0.939978 -0.305793 1
0.0149319 0.00514006 -0.0234248 0.566755 -0.314514 -0.761491 1
-0.0108779 -0.0149353 0.0822983 -0.32781 -0.263973 0.907116 1
-0.0198669 0.0321301 0.0504703 -0.833121 0.167932 0.526981 0.975641
0.0478976 0.031894 0.0144911 0.613687 0.701454 -0.362423 1
0.0107722 -0.0158479 -0.0192475 0.0766245 -0.211688 -0.974329 1
-0.0314966 0.0132797 0.0471962 -0.842298 0.291635 0.453302 1
-0.0159094 -0.0241248 0.00245163 -0.594808 -0.141388 -0.791336 1
-0.0311995 0.000523753 0.0554847 -0.876325 0.209686 0.433689 1
-0.0435975 -0.0122779 0.0351976 -0.840965 0.306717 0.445761 1
-0.000209037 -0.0428086 0.0189792 0.00834262 -0.993736 0.111446 1
-0.0396709 0.00384528 0.00854482 -0.650304 -0.352023 -0.673189 1
0.0208765 -0.0158889 -0.00162972 0.66865 0.285986 -0.686382 0.0686283
-0.0362841 -0.0274969 0.0398926 0.299781 -0.76951 0.563903 0.203816
0.028241 -0.0276905 0.011489 0.811837 -0.36505 -0.455697 1
-0.0259429 0.016948 -0.00312692 -0.555993 -0.182125 -0.810989 1
0.0139486 -0.0319991 -0.00577812 0.704849 -0.365332 -0.608046 1
-0.0204808 -0.0193755 0.06732 -0.694108 -0.273725 0.665799 0.152693
-0.0478111 0.00720549 0.0165955 -0.962869 0.104646 -0.248864 1
-0.0125456 -0.0330503 0.0385358 0.0698275 -0.567101 0.820683 0.503524
0.0105378 0.00479909 -0.0275222 -0.0797525 -0.275708 -0.957927 1
-0.00308538 -0.00231192 -0.0148469 -0.63687 -0.302864 -0.708992 1
-0.0283982 -0.00379723 0.0584647 -0.55842 -0.186171 0.808398 0.663301
0.00768764 0.0372552 0.0196349 0.194934 0.924127 -0.328618 0.057176
0.0401091 0.0203809 0.0394992 0.870096 0.110024 0.480446 0.0573068
0.0238153 -0.0429307 0.0239615 0.0969197 -0.995169 0.0156499 1
0.0084655 -0.0475937 -0.00304733 -0.22529 -0.67439 -0.703166 1
-0.0311827 0.0370014 0.0150914 -0.27384 0.774529 -0.57019 0.0693202
0.0353372 0.0370137 0.0278869 0.12128 0.722964 -0.680157 0.544741
0.0106888 -0.0284284 -0.0121378 0.421946 -0.602409 -0.677544 1
-0.0413649 -0.0151745 0.0186183 -0.144786 0.134714 -0.98025 0.128982
-0.00980647 -0.0187351 -0.00152468 -0.621254 0.105897 -0.776421 0.151329
0.0022691 0.0392286 0.0627458 0.46576 0.275707 0.840865 1
0.0488233 0.0208498 0.0227169 0.966839 -0.100233 -0.234895 0.176467
0.0503297 0.00853686 0.0350863 0.945494 0.0511789 0.321592 1
-0.0106978 -0.0259533 0.063928 -0.231698 -0.875328 0.424401 1
-0.00467909 0.0473875 0.0330639 0.02089 0.956969 -0.289438 1
-0.0123574 -0.0308462 0.0439542 -0.0334808 -0.990289 0.134929 0.939443
0.0201516 0.0341703 0.0187603 0.015162 0.988021 -0.153575 0.0715775
-8.94019e-05 -0.0248574 0.0636661 -0.407226 -0.782568 0.470909 0.120293
0.0301553 -0.0298997 0.0165167 0.726348 -0.395004 -0.562486 0.992325
-0.042556 0.0279494 1.81297e-05 -0.712874 0.0623803 -0.698512 1
-0.0309358 0.0150179 0.00209308 0.0198129 -0.158148 -0.987217 0.158216
-0.0240062 0.0314187 -0.00759296 -0.124996 0.611463 -0.781338 1
-0.0440776 0.00759981 0.0240981 -0.656061 0.694728 0.29485 1
0.00070562 0.0167268 0.0703515 0.515953 0.293711 0.80469 1
-0.0378432 0.0120376 0.00642899 -0.636093 -0.407852 -0.655013 0.792599
-0.0291275 -0.000750687 0.0591901 -0.564615 0.36144 0.742005 1
0.0241616 0.0284576 6.02122e-05 -0.149573 0.773893 -0.615401 0.591995
-0.0272553 0.0165819 -0.00166012 -0.536048 -0.18257 -0.824209 1
-0.00814138 -0.0268084 0.062866 -0.107107 -0.90623 0.408992 1
-0.0441414 -0.00699714 0.0192495 -0.754889 0.0335328 -0.654995 0.0505545
-0.0271006 -0.00891992 0.06704 -0.837299 0.215869 0.502326 1
-0.000450371 -0.0153912 -0.0119982 -0.514078 -0.350611 -0.782813 1
-0.01882 0.033094 0.0475296 -0.721806 0.596523 0.350937 0.231002
-0.0395783 -0.00162149 0.0385974 -0.815079 0.312879 0.487599 1
-0.039558 0.0398954 0.00869855 -0.614171 0.78267 -0.101104 1
0.0248563 -0.0428812 0.0195507 0.0362029 -0.999334 -0.00452948 1
0.00111328 0.00355295 -0.0171211 -0.623896 -0.188923 -0.758329 0.568374
0.00474128 0.00930145 -0.0228163 -0.559868 -0.143815 -0.816006 1
0.0371015 -0.0031249 0.0148629 0.70865 -0.318972 -0.629342 0.64808
-0.0396599 -0.0266837 0.0198621 -0.638184 -0.49187 -0.592271 0.851233
-0.00872758 0.00780464 0.0780986 0.0649331 0.506688 0.859681 1
0.00441994 0.0479945 0.0473196 0.145824 0.97357 -0.175776 1
-0.0427148 0.0162672 0.00865618 -0.836395 -0.0420863 -0.54651 1
0.0236965 0.0335506 0.0148433 0.064977 0.989341 -0.130315 0.198027
-0.00891229 0.0330757 0.00405343 0.263912 0.842393 -0.469813 0.0725477
0.0121366 0.021508 -0.0216801 0.414176 0.846576 -0.334317 0.631458
0.0321254 0.0302271 0.0103729 0.243148 0.914774 -0.322594 0.0767924
-0.000448961 -0.0277361 -0.00592251 -0.472915 -0.452569 -0.755998 0.585753
-0.0291355 0.00967792 0.00354155 -0.792126 0.253576 -0.55519 0.0822665
-0.00906843 -0.00799511 -0.00553494 -0.543254 -0.305233 -0.782118 0.235325
0.0153718 -0.0436453 0.000933413 0.624855 -0.46489 -0.627243 1
-0.00304429 -0.00059524 -0.0149989 -0.594887 -0.00297094 -0.803804 1
-0.0270523 -0.0185831 0.0622141 -0.649918 -0.339628 0.679896 1
0.0442974 0.0278575 0.00103284 0.326134 0.621289 -0.712486 1
0.0516724 0.0281001 0.0172235 0.942481 0.126459 -0.309416 1
0.0245069 0.0270635 -0.00397433 0.0437555 0.896686 -0.440499 1
0.0101032 0.0235552 -0.023475 0.0609754 0.866281 -0.495821 1
-0.00726414 0.0332074 0.066338 -0.0232212 0.327197 0.944671 1
0.0233092 -0.00690785 -0.00734334 0.787143 -0.298858 -0.539527 1
0.0279631 -0.0387713 0.0354707 0.0566846 -0.987133 0.149519 1
-0.0399226 -0.0308302 0.027634 -0.397437 -0.846877 0.353332 0.797302
-0.00974386 -0.0375476 0.0071411 0.593613 0.583479 -0.554234 0.0522617
-0.0439307 -0.030518 0.0270272 -0.0824712 -0.996427 0.0181865 1
-0.0428747 0.0127457 0.00868182 -0.789053 -0.150912 -0.595501 1
0.00810492 -0.0427567 0.0154336 -0.236504 -0.959863 0.15076 0.690042
0.0120776 -0.0468993 0.00743539 -0.0180736 -0.989348 0.144441 1
0.0326403 -0.0355488 0.0393116 -0.0243922 -0.787962 0.615241 0.44507
-0.0315358 0.0430648 0.0207699 -0.552831 0.833293 -0.000718914 1
-0.035857 -0.0162801 0.0143192 -0.539572 -0.128305 -0.832106 1
-0.00276282 0.0358827 0.00174296 0.174228 0.90132 -0.396568 1
0.0395306 0.0195527 0.00405031 0.805072 -0.313282 -0.5037 1
-0.0319038 -0.000377243 0.00614058 -0.53115 -0.249799 -0.809617 1
0.0240399 0.0234549 -0.0129359 0.143565 0.981605 -0.125857 0.925866
-0.0189389 0.0359826 0.0465464 -0.78172 0.29976 0.546862 0.603627
0.00388417 -0.0123671 -0.0137227 0.229863 -0.07962 -0.969961 0.236446
-0.0309622 -0.00267965 0.00663236 -0.569118 -0.342986 -0.747306 1
-0.00479108 -0.0278244 0.0559967 -0.13847 -0.672568 0.726965 0.370626
-0.026153 -0.0240544 0.00998888 -0.5769 -0.0784116 -0.813043 1
-0.0283546 -0.0308706 0.0146149 -0.514482 -0.249314 -0.820458 0.890228
-0.00397584 0.0514576 0.0518941 0.0994453 0.994926 -0.015257 1
-0.0230721 0.000966471 0.0595571 -0.798524 0.323221 0.507826 0.378537
-0.00434798 0.0313481 -0.00402472 -0.0125883 0.895048 -0.445791 1
0.0478123 0.0240745 0.0126713 0.891977 -0.328298 -0.3108 1
0.0277403 -0.042846 0.0241756 0.232427 -0.970435 -0.0650589 1
0.00402896 0.0353913 0.0115971 0.0608962 0.970653 -0.232648 0.794374
-0.0270993 0.0209618 -0.002251 -0.472475 -0.319712 -0.821311 0.744534
-0.0118738 0.00465563 -0.00890319 -0.555266 -0.223664 -0.801033 1
-0.00371703 -0.0359435 0.0314565 -0.122941 -0.707853 0.695579 0.169663
-5.26006e-05 -0.0193397 -0.00982592 -0.646736 -0.309475 -0.697107 1
0.0388115 0.00203954 0.0125474 0.814463 -0.24069 -0.527938 1
-0.0113647 -0.0267746 0.0551498 -0.175652 -0.965154 0.193971 0.664016
-0.0128387 -0.0219566 0.0703286 0.122784 -0.967366 0.221645 0.824943
-0.030963 0.0289494 -0.00153849 -0.827088 0.0121058 -0.561942 0.570891
-0.0312872 0.0232497 -0.00357861 -0.625184 -0.226493 -0.746891 1
0.0219402 0.00185582 0.0562962 0.765912 0.47576 0.432472 0.0726065
0.0193243 -0.0194139 -0.00424938 0.609369 -0.266086 -0.746905 0.829742
0.0182305 -0.0378649 0.0025856 0.938682 -0.16207 -0.304318 0.843073
-0.0427578 0.0324728 0.00797804 -0.907929 0.389279 0.15533 1
-0.0168464 -0.0308136 0.00500192 -0.482258 -0.231662 -0.844843 1
-0.0037451 -0.0186336 -0.00852258 -0.497526 -0.187684 -0.846902 1
0.0370586 -0.00734731 0.0163502 0.683518 -0.312217 -0.659791 1
-0.015546 0.0279534 -0.0112616 -0.240781 0.626804 -0.741041 1
-0.0311429 -0.0050863 0.0554418 -0.892196 0.0942257 0.44171 1
-0.00409129 -0.026752 0.0593114 -0.0510244 -0.96257 0.266188 0.772339
-0.0198419 -0.0158246 0.00257789 -0.706965 -0.31211 -0.634655 1
0.00725571 0.0184149 0.0664504 0.510201 0.23132 0.828363 1
-0.0417438 -0.025736 0.0225387 -0.524811 -0.516738 -0.676428 0.0517932
0.0205597 0.0300109 0.00623301 0.230403 0.886426 -0.401451 0.084173
-0.0195954 0.0408099 0.0468842 -0.801375 0.447556 0.396852 1
-0.000351317 -0.00689671 -0.0135872 -0.725676 -0.221293 -0.651478 1
0.0395602 0.0352178 0.0198799 0.0391604 0.96633 -0.254309 1
0.0270515 0.00885231 -0.0080862 0.95316 -0.207408 -0.220156 0.730848
0.0127972 -0.0196873 0.0706249 0.29744 -0.0873247 0.950739 1
-9.19105e-05 0.0212613 -0.0203154 -0.631035 0.0352503 -0.774953 1
0.0032697 -0.0470307 -0.00348582 -0.0974339 -0.801131 -0.590505 1
-0.0235489 -0.0201215 0.00653629 -0.50123 0.0665851 -0.862748 1
0.032892 0.0127789 -0.000587319 0.833795 -0.309992 -0.456828 0.971638
0.0407537 -0.0321153 0.035719 0.767119 -0.520815 -0.374541 0.761768
-0.00214292 -0.0360178 -0.00375245 -0.550774 -0.230247 -0.802268 1
-0.0298252 -0.0122058 0.010021 -0.516274 -0.344232 -0.784197 0.448286
0.0118621 -0.0267127 -0.0148975 0.393131 -0.3574 -0.84718 1
0.0281771 0.0371869 0.0270999 0.412304 0.870989 -0.267178 0.216902
0.0353468 0.000612629 0.0504866 0.662162 0.271425 0.698477 1
0.0306616 0.0246771 -0.00750579 0.74531 0.228464 -0.626353 1
-0.0403157 0.0206269 0.00769724 -0.69089 -0.147673 -0.707717 0.847581
-0.00383064 -0.000346368 -0.0138327 -0.731998 -0.0614407 -0.678531 1
0.0244682 0.00035089 0.0555709 0.443177 0.649888 0.617446 0.0951795
0.0155522 0.0434633 0.0545186 0.397319 0.569214 0.719815 1
-0.0418542 -0.00424996 0.0166006 0.0574063 -0.0600472 -0.996543 0.2935
-0.0221825 -0.0228285 0.0664289 -0.614362 -0.671382 0.414494 1
0.0328835 -0.026764 0.0207694 0.72825 0.073643 -0.681343 0.262276
0.0518371 -0.027792 0.046486 0.874565 -0.184096 0.448604 1
-0.0389781 -0.0310645 0.0402286 -0.000406558 -0.984626 0.174674 1
0.0306959 0.0410836 0.0422839 0.606953 0.516752 0.603801 1
-0.0276188 -0.0263579 0.0469899 -0.112785 -0.983486 0.141544 0.425751
-0.0118 -0.0428453 0.00485578 -0.507832 -0.736586 -0.446707 1
0.0277146 -0.0424453 0.0274651 0.219291 -0.943438 0.248669 1
0.0382438 0.00500631 0.0113862 0.817156 -0.163617 -0.552707 1
0.0365522 -0.0275846 0.0275062 0.768704 -0.346039 -0.537914 0.472558
0.01407 0.0118985 -0.0256688 0.398518 -0.131674 -0.907659 0.145228
0.0235344 0.030973 0.00436374 -0.0618211 0.936317 -0.345673 0.863063
0.00829562 0.00379939 -0.021621 -0.712771 -0.372191 -0.594502 0.862331
0.00407641 0.0117038 -0.0214508 -0.631596 0.167446 -0.756999 1
-0.0301711 0.0389658 0.0314292 -0.838114 0.322867 0.439684 1
-0.0362978 0.0328695 0.000992471 -0.314705 0.0241086 -0.948883 1
-0.0362433 0.0235221 0.00274922 -0.688042 -0.454316 -0.565858 0.440268
0.0315906 0.00855914 -0.0010976 0.831214 -0.336975 -0.44219 1
-0.0185439 -0.0153884 0.00113307 -0.643335 -0.267923 -0.717173 1
0.0474824 0.0181467 0.0168981 0.738637 -0.334245 -0.585403 1
-0.00377513 0.023371 -0.0189924 -0.363442 0.513688 -0.777197 1
-0.0118005 -0.0321682 0.00329287 -0.615279 -0.103751 -0.781452 0.822011
0.0253008 -0.0351384 0.0141633 0.619507 -0.271525 -0.736536 0.115243
-0.011729 -0.00705305 -0.00551128 -0.468402 -0.185429 -0.863838 1
0.0492684 0.000764362 0.032278 0.639649 -0.236536 -0.731368 0.981357
0.0116829 -0.0286324 -0.00869291 0.753863 -0.206599 -0.623705 0.604384
0.0342959 -0.00371817 0.00460944 0.771836 -0.2979 -0.561716 1
-0.0441344 -0.0307165 0.0244037 -0.305799 -0.728166 -0.613402 1
0.0167986 0.0167355 -0.0247129 0.663377 -0.525814 -0.5324 0.259716
-0.0349706 0.0283378 0.0231438 -0.773531 0.388132 0.501003 0.450336
-0.0287101 -0.0358589 0.0196596 -0.657594 -0.753153 -0.0181848 0.742374
-0.01633 0.0475565 0.0352877 -0.122095 0.967661 -0.220739 1
0.0288182 -0.0265501 0.0147421 0.845763 -0.26847 -0.461095 0.316438
0.0227368 0.0336916 0.0491342 0.767326 0.195103 0.610857 0.551646
0.041103 0.0170467 0.0107565 0.783874 -0.324806 -0.52919 0.868954
0.0287386 0.00494511 -0.000335128 0.752953 -0.175721 -0.63418 0.232406
-0.0075361 -0.043172 0.00103414 -0.646339 -0.506425 -0.570771 1
0.022156 -0.0229546 0.000441911 0.806418 -0.3035 -0.507521 1
0.0460422 -0.0160566 0.0343378 0.74878 -0.363938 -0.553965 0.73707
-0.0478349 -0.0163897 0.031439 -0.967317 0.176019 0.182523 1
0.0356275 0.012838 0.00372983 0.769799 -0.355893 -0.529858 1
0.00428883 -0.0417741 -0.00704352 -0.222628 -0.404782 -0.886898 1
-0.0227973 0.0209638 -0.00552313 -0.874974 -0.132915 -0.465568 0.32208
0.0280492 -0.0281937 0.0561714 -0.119925 -0.788178 0.60365 0.0850162
0.0210105 -0.0315138 0.00411744 0.772393 -0.349644 -0.530243 1
0.0323325 -0.0249073 0.0232183 0.869065 0.102028 -0.484062 0.0626253
0.0511093 0.00111507 0.0343931 0.999093 0.000565613 0.0425734 1
-0.0128156 0.0476838 0.0367073 0.0169069 0.987921 -0.154031 1
0.0125873 -0.0109245 -0.0194822 0.375094 -0.230985 -0.897748 1
0.0325655 -0.00300838 0.00716624 0.742867 -0.611202 -0.273097 0.113772
0.00104925 -0.0111591 -0.0152969 -0.47219 -0.131982 -0.87156 1
-0.0435712 -0.0165761 0.0167683 -0.647316 -0.216664 -0.730779 1
0.027068 -0.0147468 0.00436917 0.812299 -0.151222 -0.563295 1
0.00362456 0.0365293 0.0629774 0.438503 0.309143 0.843887 1
-0.00405334 0.0207008 -0.019411 -0.462316 0.0597673 -0.884699 1
0.0154634 0.0293338 0.000330176 0.195067 0.623555 -0.757052 0.60238
0.000231841 -0.0272019 0.0629731 -0.0835446 -0.979638 0.182562 1
-0.0349684 0.0398609 0.0207568 -0.739966 0.657227 0.14319 1
0.0333591 0.00949676 0.00244064 0.756191 -0.22295 -0.615198 0.818551
0.000784456 -0.0106435 -0.0131494 -0.837737 -0.226306 -0.496973 0.701404
0.00263038 -0.0311378 -0.00492837 -0.78337 0.431637 -0.447238 0.0577264
-0.00788876 0.027159 -0.0128645 -0.0480338 0.98992 -0.133231 1
-0.0112689 -0.0359416 0.00349511 -0.571488 -0.364599 -0.735166 0.851412
0.0432896 0.0351112 0.0180016 0.104821 0.904386 -0.413641 1
-0.00461093 0.03308 0.00411134 -0.225668 0.918386 -0.325025 0.217276
-0.00784472 -0.0306554 0.0471179 -0.151376 -0.981027 0.121125 0.90853
0.0465286 0.0212229 0.0357982 0.861758 -0.0265626 0.506624 0.434195
-0.00102983 0.00877032 -0.0170801 -0.469551 -0.64556 -0.602307 0.302672
-0.0301142 0.00353788 0.0555165 -0.744377 0.41737 0.521254 1
-0.0153745 -0.0395255 0.00835746 -0.293099 -0.478096 -0.82796 0.435251
-0.0433745 -0.0122219 0.017548 -0.3108 -0.258065 -0.914771 1
0.00336159 0.00075996 -0.0173042 0.400174 -0.0689179 -0.913844 0.325684
0.0452266 -0.0193217 0.0350525 0.846938 -0.337874 -0.410532 1
-0.046758 -0.0118857 0.0310392 -0.884484 0.31611 0.343167 1
-0.0395908 0.00842554 0.0278032 -0.951858 0.171637 0.253982 0.630243
0.0399265 0.0201183 0.0423747 0.361199 -0.123669 0.924252 0.589187
0.0219483 0.0170138 -0.0176382 0.78117 0.0679237 -0.620612 0.570692
-0.015131 -0.0204174 0.0644889 -0.0878779 -0.889625 -0.448158 0.0638899
-0.0367881 -0.0276543 0.0191455 -0.587087 -0.460487 -0.665793 0.429774
0.0249828 -0.0240803 0.00672847 0.527275 -0.599689 -0.601958 0.0655661
-0.00687304 0.0488498 0.0583519 -0.484361 0.593657 0.642624 1
0.0345626 -0.0311304 0.0244124 0.866534 -0.203527 -0.455736 0.920795
0.0321151 0.0292429 0.004045 0.208526 0.693229 -0.689892 0.416622
0.00407976 0.0468894 0.0438751 0.0592639 0.978387 -0.198108 1
-0.0189049 -0.0316214 0.00845788 -0.679852 0.14525 -0.718821 0.417652
-0.00109058 0.0515797 0.0502117 0.327789 0.914193 -0.23834 1
-0.00348392 -0.0198783 0.0756357 0.188781 -0.813426 0.550181 0.896066
-0.0155827 0.00138567 -0.00488783 -0.624935 -0.326095 -0.709308 1
-0.0476134 -0.00730679 0.0233057 -0.845405 -0.532438 -0.0424197 0.511839
0.0318033 0.0121882 -0.00391272 0.781564 -0.258189 -0.567887 1
0.0221052 -0.00438654 0.0621866 0.571566 0.302764 0.762658 1
-0.0445904 -0.00336018 0.0237214 -0.710022 0.542716 0.448696 0.245664
-0.0429664 -0.0270706 0.0238429 -0.507087 -0.46428 -0.726159 0.418277
-0.0319052 -0.0258087 0.0510752 -0.54088 -0.77183 0.334256 0.936
-0.0509342 -0.00651173 0.0229058 -0.980601 0.0707481 -0.182801 1
-0.00278676 -0.0261752 -0.00655043 -0.568129 -0.308347 -0.762988 1
0.00348347 0.0290539 -0.00378156 0.111972 0.990087 -0.0847927 0.211148
0.0480269 0.0354366 0.0207664 0.360277 0.833511 -0.41888 1
0.00890502 -0.0233344 -0.0154878 -0.236094 -0.248481 -0.939424 1
-0.00419063 -0.0438979 0.000584298 -0.734656 -0.497848 -0.460899 1
0.0200138 0.022018 -0.0175399 0.0517968 0.966256 -0.252321 0.26262
0.0117823 -0.0398316 0.02449 -0.094436 -0.863159 0.496022 0.0860343
0.0241413 -0.0196161 0.00425422 0.748543 -0.184806 -0.636812 0.391132
-0.0377392 -0.0029656 0.0105093 -0.452127 -0.336831 -0.825909 1
-0.0328133 -0.0348834 0.0166904 -0.524807 -0.675437 -0.518038 1
-0.0223034 -0.0203422 0.00594697 -0.696854 -0.0803743 -0.712696 1
0.0147951 -0.0114499 -0.0154738 0.739012 -0.274754 -0.615119 1
0.00463588 -0.0420576 0.018973 -0.094677 -0.994748 -0.0389036 0.55645
-0.0230123 0.016784 0.0509778 -0.784133 0.267098 0.560173 0.482605
-0.031943 0.0397157 0.00764084 -0.187237 0.956953 -0.221774 1
-0.00299411 0.0151516 0.0742483 0.35779 0.348776 0.866222 1
-0.0114905 0.0515584 0.0476588 -0.401593 0.914206 0.054325 1
-0.0275944 0.00989188 -0.00360066 -0.3782 0.0200472 -0.925507 1
-0.00664658 -0.00882065 -0.0110935 -0.575393 -0.0718679 -0.814714 1
0.015273 -0.0367495 0.0356118 0.247723 -0.926077 0.284631 0.100732
0.0389542 0.0172489 0.00705159 0.959661 -0.198761 -0.19886 0.38115
0.0321387 0.0374744 0.0277022 0.154244 0.746352 -0.647431 0.465491
0.019914 -0.039077 0.0316645 -0.0175264 -0.807849 0.589129 0.478554
0.000418895 -0.0331281 0.0434314 -0.388208 -0.7603 0.520806 0.245659
-0.000449149 -0.0286945 0.0520045 -0.198283 -0.97579 0.0922888 0.0631218
-0.0409497 0.0252487 0.00800981 -0.925677 -0.370356 -0.0771933 0.194673
-0.0306059 -0.0109248 0.00878329 -0.478652 -0.299518 -0.825337 1
-0.0469961 -0.00610861 0.0137319 -0.847501 -0.136669 -0.512897 1
0.00340047 -0.0109475 -0.0151331 -0.125966 -0.07077 -0.989507 1
0.0240801 0.0368853 0.0237318 -0.57983 0.65146 -0.489282 0.0750905
-0.0258043 -0.0268338 0.0103952 -0.450317 -0.345732 -0.823216 1
-0.00770479 0.0398197 0.0623337 -0.564041 0.400034 0.722379 1
0.00431577 -0.04021 0.0232611 -0.443353 -0.702637 0.556543 0.0994731
0.00831159 -0.0389594 0.0314833 -0.0362978 -0.99896 0.0276045 0.917594
0.00847801 0.00875173 -0.0247422 -0.640314 -0.074795 -0.764463 1
0.0030981 0.00405929 0.0685445 0.890649 0.21594 0.400142 0.151327
0.00431613 0.0291714 -0.00107856 0.0656964 0.912379 -0.40404 0.127691
0.0431691 -0.0249168 0.0543025 0.560284 0.00149414 0.828299 1
-0.0211897 0.016787 -0.00557236 -0.324562 -0.461589 -0.825588 1
-0.0172043 -0.0321933 0.00670915 -0.602823 -0.0620972 -0.795454 0.376802
0.0395535 0.00826672 0.0435066 0.724605 0.0267867 0.688643 0.160746
0.00733352 -0.0407859 -0.00586576 0.0651343 -0.263989 -0.962324 0.422889
0.0276113 0.0313854 0.00407567 0.151757 0.930651 -0.332954 1
-0.0302675 -0.0281331 0.0144618 -0.517283 -0.189084 -0.834665 1
-0.0199946 0.0372079 0.0436996 -0.784266 0.41904 0.457529 0.450953
-0.048022 -0.0381874 0.0305196 -0.191799 -0.978752 -0.0725082 1
-0.0394991 -0.00397757 0.0382918 -0.88002 0.192897 0.434 1
0.0160112 -0.0271513 0.0636161 0.156063 -0.841319 0.51752 1
0.0419099 0.000177908 0.0187363 0.742892 -0.339982 -0.576648 1
-0.00350555 -0.0279228 -0.00559032 -0.532904 -0.339794 -0.774954 1
-0.00387111 -0.0232673 -0.00722065 -0.428293 -0.331663 -0.840574 1
0.000387781 -0.0395819 -0.00303175 -0.346233 -0.239713 -0.907007 1
0.00102626 0.0274416 -0.0113239 -0.0599286 0.889203 -0.453572 1
0.0192095 -0.0151727 -0.00746186 0.713978 -0.299257 -0.632993 1
-0.0403508 -0.00694642 0.0159194 -0.40426 -0.106865 -0.90838 0.418676
0.00901073 -0.0112881 -0.0192047 -0.326718 -0.197436 -0.92427 1
0.0429437 -0.0347451 0.0438657 0.581093 -0.81374 -0.012559 1
-0.00829188 -0.0195844 -0.00404227 -0.598859 0.108267 -0.793503 0.906152
-0.0281544 0.0059829 0.00142399 -0.378358 -0.500246 -0.778845 1
0.0199532 0.00498361 -0.0164292 0.768136 0.101743 -0.632151 0.569751
-0.0118413 -0.0281151 0.0476274 -0.331502 -0.626628 0.705297 0.240792
-0.0239199 0.00487135 -0.00085419 -0.533626 -0.350293 -0.769765 1
0.0409398 0.0120483 0.0146 0.579972 -0.579587 -0.572461 0.250391
-0.00388962 -0.0385691 0.0234021 -0.103506 -0.955646 0.27573 0.388219
0.0206315 -0.00882767 -0.00446826 0.708643 -0.324415 -0.626562 0.0740481
0.000851163 0.00549746 -0.018974 -0.504884 -0.244197 -0.827925 1
0.0437381 0.0290906 0.00873675 0.423013 0.540515 -0.727258 0.607302
-0.0359126 0.0202386 0.000915758 -0.635039 -0.188331 -0.749171 1
-0.0286696 -0.0153219 0.00892033 -0.291225 -0.143904 -0.945769 1
-0.024679 0.03708 0.00799255 0.17101 0.897898 -0.405629 1
0.0077421 0.0230035 -0.0202211 -0.0412493 0.991226 -0.125575 0.940974
-0.0394625 0.00872904 0.0314247 -0.854929 0.172857 0.489098 1
0.0510352 0.0317508 0.020513 0.785907 0.436614 -0.437857 1
0.0194106 0.00160513 -0.0162186 0.659492 -0.527792 -0.535263 1
0.0153199 -0.0149406 -0.0123904 0.754426 -0.318087 -0.574161 1
-0.00788685 0.0514209 0.0455379 0.225819 0.928921 -0.293446 1
0.00709714 -0.0439657 0.0109636 -0.273834 -0.880604 0.386718 0.505312
-0.0365246 -0.0230727 0.047487 -0.79913 -0.252729 0.545453 0.171743
0.0306396 0.0169545 0.0504773 0.555256 0.153164 0.817454 1
0.00502694 0.047353 0.0394841 0.217222 0.971545 0.094413 1
-7.77741e-05 -0.00290346 -0.0164691 -0.637943 -0.284483 -0.71561 1
-0.0113302 -0.019455 -0.00148344 -0.763344 -0.000451831 -0.645993 0.802412
0.0277617 0.00482844 -0.00451515 0.887584 -0.26889 -0.374022 0.902342
0.0326469 0.0247987 -0.00413313 0.598437 0.230863 -0.767187 0.930248
0.0323259 -0.0375719 0.0204652 0.829822 -0.285165 -0.479662 1
-0.0316892 0.0263345 -0.00391774 -0.652138 -0.014736 -0.757957 1
-0.039275 0.00455303 0.0343198 -0.888802 0.206779 0.408992 1
-0.0320962 0.000833903 0.0430161 -0.719214 0.122154 0.683966 0.152603
-0.0277494 0.0325275 0.0383307 -0.843522 0.228957 0.485849 1
-0.0256476 0.0119113 -0.00182306 -0.269137 0.0934433 -0.958558 0.383338
-0.0286835 0.0365328 0.0280079 -0.865463 0.0503491 0.498437 0.181058
-0.00685399 0.0111893 -0.0154248 -0.658808 0.0456724 -0.750924 1
-0.0240398 0.00845239 -0.00115581 -0.47194 -0.260496 -0.842268 0.446114
0.0166967 -0.0355757 0.00013691 0.73909 -0.147956 -0.657157 0.982779
0.0235977 -0.00720829 -0.0045981 0.880995 -0.309578 -0.357785 0.875507
-0.0310707 0.0199281 0.0356193 -0.673064 0.44942 0.587372 0.876518
-0.0238082 -0.0100262 0.0025765 -0.79193 -0.393568 -0.466852 1
0.0317694 0.000897683 0.00351204 0.762051 -0.0764186 -0.642992 0.772102
0.0200861 -0.00750432 -0.00860023 0.731534 -0.370899 -0.572094 0.720445
-0.00789226 -0.0198698 0.0716639 -0.309285 -0.869956 0.384082 0.217105
0.0442388 -0.0318314 0.0513685 0.553677 -0.540477 0.633503 1
-0.0138481 0.00169208 -0.00568955 -0.178991 -0.507103 -0.843095 0.462561
0.0168039 0.0232185 -0.0175577 -0.042577 0.977978 -0.204317 1
0.0277627 -0.00337833 -0.000650423 0.791102 -0.335568 -0.511422 0.847856
-0.0318376 0.0130517 0.036078 -0.780147 0.209615 0.589434 0.241889
-0.00693935 0.00625986 -0.0147094 -0.648088 -0.36228 -0.669877 1
0.00848501 0.0041905 -0.0242957 -0.566771 -0.441806 -0.695398 1
-0.0402144 -0.0230712 0.0196118 -0.627173 -0.216723 -0.748121 0.594466
-0.03106 0.0156667 0.000255203 -0.25092 -0.147141 -0.956759 1
-0.0162152 0.0450163 0.0433695 -0.636681 0.446092 0.628999 0.581358
0.0442825 0.0354388 0.0204466 0.0948486 0.973374 -0.208677 1
0.0356405 0.00512466 0.00704502 0.889172 -0.271122 -0.3686 1
0.0357118 0.0331638 0.0160775 0.174457 0.92596 -0.334907 1
0.0190484 0.0393612 0.0238093 0.166691 0.934054 -0.315843 1
0.0359203 0.0312694 0.011948 0.128274 0.970925 -0.202114 1
0.00328438 0.00435042 -0.0192156 -0.341539 -0.236006 -0.909754 1
0.020328 -0.0323944 0.0477911 -0.501943 -0.828088 0.249648 0.203773
0.0351803 -0.000345281 0.00794767 0.90842 -0.0778213 -0.410751 1
-0.00931831 -0.00296468 -0.00514558 -0.500169 -0.247974 -0.829662 0.071423
-0.0193204 -0.00710409 0.0789347 -0.676018 -0.00380967 0.736875 1
0.0427329 -0.00290196 0.0207578 0.751838 -0.351423 -0.55789 1
-0.00455509 -0.0447349 0.00352058 -0.550866 -0.81667 -0.172036 1
-0.023302 -0.00349047 0.0632837 -0.938977 0.200539 0.279476 0.634536
-0.0165678 -0.0228358 0.0670287 0.0676429 -0.996016 0.0581164 1
0.0512837 -0.0109423 0.0399639 0.996829 0.0152072 0.0781058 1
0.0196741 0.0290273 0.000381402 0.139383 0.841621 -0.521773 1
0.0400634 0.0335691 0.027855 -0.112032 0.718118 -0.686844 0.0856449
0.00116143 -0.0308962 0.05502 -0.0411136 -0.91223 0.40761 1
0.0155019 0.0271348 -0.00833428 0.128504 0.915163 -0.38205 1
-0.0405978 -0.0152597 0.0170758 -0.203365 -0.0560574 -0.977497 1
-0.0154751 0.0129986 -0.00908999 -0.581355 -0.234816 -0.77903 1
0.00414837 0.0261169 -0.00990172 0.32734 0.920981 -0.211287 0.326654
0.0199207 -0.0278789 0.0598757 -0.044679 -0.902063 0.429285 1
-0.0344608 -0.0172112 0.0132265 -0.592612 -0.0188329 -0.805268 1
-0.0312579 0.0372262 0.0114867 -0.391299 0.916795 -0.0798221 0.308652
0.0205069 -0.0112126 -0.00523231 0.740531 -0.296442 -0.603105 0.392909
-0.0392048 0.0128073 0.0270564 -0.954693 0.26744 0.13053 0.90609
-0.0394287 -0.00829072 0.0133659 -0.552616 -0.110374 -0.826095 1
0.0072172 -0.0321948 -0.00922671 -0.574731 -0.108202 -0.811158 0.424386
-0.0204042 0.011197 -0.00273813 -0.337593 0.235465 -0.911366 0.457729
-0.0233516 -0.00762158 0.000593818 -0.647206 -0.155722 -0.74624 1
-0.0193972 -0.0190775 0.0749882 -0.560654 -0.364901 0.743313 1
0.00117517 -0.0348924 -0.00710407 -0.542745 -0.312785 -0.779483 1
-0.0159032 -0.0220769 0.06443 -0.151433 -0.985549 -0.0759012 0.551659
-0.0289415 0.0206503 -0.00147473 -0.432111 -0.437682 -0.788489 0.848874
-0.0204429 0.0315151 -0.00719362 0.00141515 0.755717 -0.654896 1
-0.0108664 0.0191544 -0.0149926 -0.555624 -0.0383561 -0.830548 1
-0.0349278 0.00485177 0.00468083 -0.516174 -0.376944 -0.769076 1
-0.015849 0.0116018 0.070589 -0.914774 0.165184 0.368649 1
-0.0271475 -0.00733638 0.0591391 -0.830442 0.148906 0.536835 0.620986
0.0141661 -0.028012 -0.0075217 0.683798 -0.294399 -0.667645 1
0.035823 0.0350188 0.0229305 0.176849 0.960813 -0.213453 1
-0.0436711 -0.0159913 0.0381378 -0.876764 0.118294 0.466144 1
0.0398612 -0.015223 0.0234212 0.800583 -0.322148 -0.50526 1
-0.0200323 0.00877203 -0.00464546 -0.437477 -0.101187 -0.893518 1
-0.0279861 0.0124397 -0.000478881 -0.627987 0.0483166 -0.776723 0.967678
-0.0028938 0.035325 0.00369138 0.152121 0.973382 -0.171427 1
-0.0450705 -0.0304499 0.0314724 0.0922775 -0.994746 -0.0443241 1
0.0120971 0.0327065 0.0551657 0.602688 0.419387 0.678883 0.0950096
0.0241629 0.00512731 -0.0082848 0.765856 -0.323828 -0.555518 0.400329
-0.0055901 0.00427187 -0.0152733 -0.537343 -0.288179 -0.792601 1
-0.0476155 0.00862209 0.0189852 -0.946178 0.266196 0.184083 1
-0.0280409 -0.0237958 0.0552988 -0.274562 -0.640229 0.717442 0.354251
0.0237562 -0.032779 0.0480791 0.533253 -0.678553 0.50518 0.116483
0.020774 -0.0390317 0.00786246 0.790797 -0.324704 -0.518852 1
-0.0234561 -0.0232464 0.00716146 -0.550653 -0.24377 -0.798346 1
-0.0112254 -0.00275799 -0.00650067 -0.557007 -0.183215 -0.810047 1
0.0250338 -0.0309 0.0105238 0.748586 -0.28802 -0.597214 0.647399
-0.0274804 0.0437076 0.0302868 -0.461624 0.850881 0.25081 1
-0.05117 -0.0259372 0.0256233 -0.947284 -0.176791 -0.267203 1
0.00425535 -0.0149591 -0.0153532 -0.271584 -0.345528 -0.89825 1
0.0269777 -0.0109271 0.00342974 0.868759 -0.30097 -0.393288 0.693646
0.0141179 -0.00775562 -0.0192926 0.557833 -0.298085 -0.774576 1
-0.000544356 -0.0437594 -0.000740856 -0.667149 0.26983 -0.694338 0.155829
-0.0278478 -0.0356062 0.0157463 -0.807366 -0.405663 -0.428483 0.867662
-0.027668 0.0412383 0.0235735 -0.578447 0.770767 0.267054 0.0613547
0.0428953 -0.0154829 0.028036 0.768894 -0.214731 -0.602239 1
-0.00319283 0.0116973 -0.0174443 -0.568445 0.39898 -0.719503 1
-0.0476203 -0.0149275 0.0234398 -0.976674 -0.0939598 -0.193077 1
-0.018921 0.0203434 -0.0108378 -0.432992 -0.290411 -0.853334 1
0.0160328 0.0271621 -0.00518793 0.0827902 0.968338 -0.235517 0.946094
-0.0202282 -0.0280536 0.0436278 0.214161 -0.816082 0.536792 0.0506358
-0.0130208 0.0160059 -0.00905973 -0.68691 0.585501 -0.430516 0.109264
0.0160174 -0.0227637 -0.00799914 0.718164 -0.285111 -0.634785 1
-0.0285527 0.0322378 -0.000513758 -0.0659997 0.673124 -0.736579 0.560786
-0.00779263 -0.0429041 0.00384053 -0.546292 -0.763388 -0.344679 1
-0.0392738 -0.028626 0.0312353 -0.564307 -0.824407 -0.0437081 0.135889
0.0355299 -0.0306901 0.0548754 0.310706 -0.746676 0.588164 1
-0.0243488 0.000944241 0.0553815 -0.569507 0.319197 0.75748 0.147452
-0.040615 -0.019329 0.0183677 -0.326754 -0.0230099 -0.944829 0.193551
0.0275619 0.0397072 0.024139 0.244587 0.966726 -0.074951 1
-0.0217343 -0.0238161 0.00644224 -0.561328 -0.345584 -0.751986 1
0.0118188 0.033512 0.00779879 0.0667241 0.996833 -0.0432691 0.122854
-0.0157464 -0.0151415 0.0789823 -0.54163 -0.165879 0.824088 1
-0.0119927 0.00119533 -0.00676779 -0.42895 -0.300968 -0.851716 0.883242
0.0158276 -0.0325805 0.0443212 0.133159 -0.896845 0.421826 0.106644
0.00910688 0.00117533 -0.0214494 -0.473202 -0.453438 -0.755297 1
0.00527751 -0.0180055 -0.0132503 -0.534176 -0.337278 -0.775177 1
-0.0107496 -0.0394561 0.00438341 -0.494182 -0.275702 -0.824483 1
-0.00832018 0.0250505 -0.0133653 -0.270861 0.158403 -0.949496 0.0989161
-0.0290079 0.0398937 0.0114527 0.00465342 0.976041 -0.217536 1
-0.0238326 -0.0325014 0.0120702 -0.682639 -0.014996 -0.730602 0.687996
-0.0353217 0.0223014 0.0304577 -0.908652 0.220302 0.35471 1
-0.0325851 -0.0113053 0.051963 -0.803235 -0.0294114 0.594935 0.0554137
-0.00786409 -0.017904 0.0821465 -0.245271 -0.527469 0.8134 1
0.00404432 0.0330196 0.00736834 0.0574905 0.779758 -0.623435 0.259218
0.000746684 -0.0320841 -0.00686936 -0.550057 -0.16001 -0.819655 1
-0.0309958 0.0168812 0.0393814 -0.815423 0.342689 0.466529 1
0.0281085 0.0325252 0.0115523 0.388427 0.889498 -0.240662 0.653998
0.0124042 -0.0431732 0.0156138 -0.0737285 -0.800284 0.595071 0.319888
-0.0398376 0.032963 0.00401281 -0.681672 0.338078 -0.648865 0.227311
-0.0396551 0.00751823 0.00703807 -0.673581 -0.181976 -0.716361 1
-0.0077542 0.0341852 0.0100566 0.25383 0.922212 -0.29171 0.0760307
-0.0239629 -0.0388294 0.0151933 -0.163585 -0.986506 -0.00676997 1
-0.0119043 0.0253078 -0.012525 -0.728046 0.00882362 -0.685472 0.500405
0.000263278 -0.02674 -0.0082865 -0.653225 -0.383356 -0.652944 1
-0.0158658 0.033082 0.0033642 -0.00109609 0.789101 -0.614262 0.471507
-0.031337 0.00828264 0.00283057 -0.76196 -0.00595624 -0.647597 0.631155
-0.00886076 -0.00708462 -0.00710169 -0.567628 -0.0889762 -0.818463 1
-0.0237106 0.0280452 0.0467872 -0.881422 0.125316 0.455403 1
-0.0118547 -0.0269591 0.0514383 -0.304466 -0.925224 0.226411 0.449601
-0.0286995 0.00928527 0.0003001 -0.551329 -0.177561 -0.815174 1
0.0365876 0.000303696 0.0121362 0.817996 -0.239273 -0.523098 0.609993
-0.022673 0.00886384 -0.00301997 -0.467923 -0.0997174 -0.878126 1
7.35878e-05 -0.0444447 0.00768166 0.133443 -0.989869 -0.0484976 0.339771
0.0120909 0.0197493 -0.0276232 -0.136716 0.252835 -0.957801 1
0.0284634 -0.0152322 0.00777461 0.795566 0.00849252 -0.605808 0.636622
0.0120908 -0.0289242 0.0544287 0.0429252 -0.416526 0.90811 0.245403
0.00821307 -0.0457534 0.0103325 -0.220469 -0.957546 0.185737 1
-0.0279626 0.0248005 -0.00408054 -0.484918 -0.425395 -0.76413 0.608841
0.00494786 0.0473598 0.0366678 0.145446 0.969614 -0.196707 1
0.00203917 -0.00380516 -0.019242 -0.454607 -0.277256 -0.846441 1
0.043618 -0.0240629 0.0329675 0.831952 -0.133727 -0.538491 1
-0.00486095 0.00531282 -0.0130682 0.0296064 -0.745857 -0.665447 0.199409
0.00418537 -0.00324729 -0.0197135 -0.126163 -0.211786 -0.969139 1
-0.0156851 0.0244277 -0.0115183 -0.284992 0.0941434 -0.953895 1
-0.0410627 0.0251316 0.0115723 -0.855079 -0.332676 -0.397701 0.103393
0.000475433 0.0287823 -0.0053507 -0.0986961 0.77324 -0.626385 0.274782
0.0114542 -0.0111512 0.068132 0.618346 -0.411911 0.669312 0.0543617
0.0249108 0.0123756 -0.0153705 0.668908 -0.272357 -0.691653 1
0.00140396 0.0457749 0.0474409 -0.143937 0.871933 -0.467991 0.0807915
-0.0249476 0.0013502 0.00116774 -0.52909 -0.339586 -0.777653 1
0.0275892 -0.0383705 0.0160171 0.80024 -0.170302 -0.57499 0.280429
-0.0123416 0.0121596 -0.010889 -0.542139 -0.278506 -0.792793 1
-0.000319799 -0.0187516 0.0783896 0.241693 -0.536243 0.80872 1
-0.0284615 0.0360316 0.00787192 0.452141 0.786089 -0.421464 0.0714852
-0.00800198 0.0119182 -0.0118479 -0.611117 -0.0462237 -0.79019 0.515557
-0.0433587 -0.00698467 0.0309412 -0.952062 0.130489 0.276678 0.743525
0.00783465 -0.0430501 0.019296 -0.0267162 -0.993306 0.112378 1
-0.0091451 0.043523 0.0280422 0.108707 0.970368 -0.215799 1
0.0348625 -0.0141881 0.0150432 0.950028 -0.310831 -0.028813 0.491248
-0.00426968 -0.00860568 -0.00973753 -0.274264 0.130626 -0.952741 0.620136
0.0275021 0.00904442 -0.0111258 0.827226 -0.271335 -0.49201 1
0.0280607 -0.0396035 0.0233884 0.522121 -0.682018 -0.512094 0.31637
-0.0083398 0.0248746 -0.0157762 -0.171359 0.204724 -0.963703 1
-0.0285973 0.0398847 0.0157234 0.314217 0.859474 -0.403202 0.472607
0.0448966 0.0166043 0.0182676 0.669126 -0.600938 -0.4372 0.240959
-0.0204279 0.0293412 -0.00741749 -0.108799 0.238002 -0.965152 1
-0.0472314 -0.00725626 0.0198282 -0.924988 -0.0451592 -0.377304 1
-0.0157269 0.0352153 0.0043606 0.0372144 0.896156 -0.442176 1
0.045629 -0.0109359 0.030984 0.600901 -0.372094 -0.707435 0.60231
-0.00384625 0.0317479 -0.00105369 -0.0488278 0.916893 -0.396136 1
-0.0277841 0.0358082 0.000360346 0.0226918 0.878259 -0.477646 1
-0.01279 0.0307575 -0.00463004 0.275659 0.844849 -0.458522 1
-0.0115713 -0.023944 0.0598522 -0.525179 -0.610845 0.592499 0.157326
-0.0435318 -0.0202034 0.0402024 -0.829321 0.239662 0.504767 1
-0.0242776 -0.0310674 0.0364265 -0.191608 -0.957786 0.214317 0.71451
-0.0231004 0.0445353 0.0355695 -0.702886 0.597341 0.38618 1
-0.0420021 -0.0200891 0.0423633 -0.805617 0.286622 0.518487 1
-0.0129201 -0.0267247 0.000990896 -0.490099 -0.295663 -0.819992 1
-0.0180067 0.00901422 -0.00688534 -0.310127 -0.147575 -0.939171 1
0.0318422 -0.0231573 0.011769 0.838491 -0.325221 -0.437223 1
-0.00389763 0.0493079 0.0510949 0.356625 0.926855 -0.117292 0.17857
0.044333 -0.0312423 0.0475715 0.609291 -0.781908 0.131849 0.728534
-0.00820424 0.0489587 0.0550883 -0.56914 0.567976 0.594545 1
-0.0326352 -0.00725446 0.0478429 -0.67127 0.602307 0.431998 0.0561789
-0.0113175 0.0489426 0.0543821 -0.52276 0.63013 0.574159 1
0.0348143 -0.0386225 0.0224387 0.701227 -0.657031 -0.276751 1
-0.0276795 0.0437821 0.0237189 -0.159036 0.98675 0.032115 1
-0.0123115 0.0483112 0.0439208 -0.400204 0.878322 -0.261509 1
0.027674 0.0354892 0.018861 0.237194 0.907138 -0.34762 0.866986
-0.0158114 0.0478792 0.0427701 -0.283925 0.946018 0.156324 1
0.0201101 0.0372085 0.0234228 0.122658 0.794901 -0.594212 0.32897
-0.0114408 -0.0232308 0.0632447 -0.518728 -0.761899 0.387853 0.334084
-0.0155766 0.0445265 0.0510789 -0.784633 0.520884 0.3362 1
-0.0385511 0.0390003 0.00335559 -0.365016 0.926359 -0.0928563 1
0.000802304 0.0408368 0.0280191 -0.125729 0.821219 -0.55659 0.136879
0.0229049 -0.0028882 -0.00883508 0.774213 -0.269396 -0.57273 1
-0.0197085 0.0447311 0.042353 -0.869182 0.281269 0.406707 1
-0.0310175 0.0406545 0.0231908 -0.732812 0.607448 0.306583 1
0.0289979 -0.00855564 0.00828456 0.627413 -0.246596 -0.738609 0.177431
-0.00818828 0.0412748 0.0271058 0.0140802 0.947537 -0.319336 0.153146
0.0363355 0.0283656 0.00362932 0.304778 0.806841 -0.506081 1
-0.00801495 0.0404669 0.0236934 0.0686411 0.8572 -0.510389 0.528704
-0.0119692 0.0403569 0.0231051 0.525078 0.674807 -0.518583 0.145317
0.0472057 0.0170204 0.0343472 0.445018 0.0715593 0.892658 0.413641
-0.0364068 0.0359886 0.000514182 -0.129834 0.476385 -0.869598 1
-0.0325788 -0.0277593 0.0398132 -0.103595 -0.760422 0.641114 0.255021
0.0082798 0.0360837 0.015378 -0.0615581 0.823113 -0.564532 0.473222
0.0281555 0.028883 0.00367841 0.48521 0.718264 -0.498667 0.131211
0.0120335 0.000600302 -0.0235371 -0.0860327 -0.369352 -0.925299 1
0.0271554 0.0370452 0.0233836 0.672195 0.637211 -0.376982 0.250107
0.00873808 0.0327022 0.00748667 -0.229941 0.935885 -0.266921 0.331871
-0.0287778 0.0405664 0.0200057 0.304352 0.5182 -0.799274 0.0718401
-0.0116749 0.0285746 0.0639186 -0.748925 0.276081 0.602404 1
0.0203928 0.0289521 0.00277839 0.182035 0.849645 -0.494941 0.206961
-0.0194583 0.0395146 0.0156052 0.0242557 0.983968 -0.176687 1
-0.0232312 0.0360674 0.0431459 -0.81182 0.411975 0.413793 1
-0.0119327 0.0290298 0.0600402 -0.757975 0.273106 0.592357 0.162025
-0.0313904 0.0400517 0.0157921 -0.446527 0.79326 -0.413948 0.845112
0.0471178 -0.00710192 0.0287512 0.76069 -0.192002 -0.62007 1
-0.0152779 0.0283867 0.0588309 -0.834657 0.212581 0.508092 0.992923
0.00374053 0.0317375 0.00370688 0.0866598 0.93264 -0.350247 0.632849
0.00581717 -0.00636176 -0.0173057 -0.576429 -0.657942 -0.484606 0.576434
-0.0246709 0.039672 0.014727 0.218262 0.959443 -0.178413 1
-0.015624 0.0372761 0.0542294 -0.804203 0.258874 0.535015 1
-0.0111626 0.0409235 0.0552676 -0.495089 0.374514 0.783981 0.452809
0.0108926 0.0434917 0.0326966 0.0311415 0.992736 -0.116209 1
-0.0120322 -0.0266042 0.0589811 -0.164776 -0.925663 0.340583 1
-0.00789458 0.0311928 -0.00405265 -0.0539359 0.853452 -0.518372 1
-0.0212739 0.032383 4.10394e-05 0.262863 0.814663 -0.516941 0.566177
0.0126246 0.0440308 0.0394063 0.0769609 0.969249 -0.233738 1
-0.0190323 -0.00288683 -0.00309349 -0.586421 -0.0723758 -0.806767 1
0.0508497 -0.015021 0.0427326 0.911072 -0.0522256 0.408927 1
0.0397405 0.0297646 0.0423083 0.622196 0.440653 0.647069 1
-0.039639 -0.0313129 0.0239053 -0.696989 -0.505759 -0.508344 0.615036
0.0349274 -0.0281199 0.0558197 0.612822 -0.0847997 0.785658 1
-0.02752 0.0371424 0.0315037 -0.916533 -0.0441984 0.397509 0.236321
-0.0158022 0.0442537 0.0316714 -0.0722753 0.885945 -0.458123 1
0.0165005 -0.0119378 -0.00963374 0.755439 -0.323585 -0.569741 0.234646
0.0471906 0.00419032 0.0241827 0.881506 -0.199884 -0.427777 1
0.0101224 -0.0138823 0.0740937 0.671932 -0.0834139 0.735901 1
-0.000556494 -0.0348394 0.0429719 -0.278745 -0.932955 0.227808 1
-0.0278218 -0.0390736 0.0192319 -0.438899 -0.89853 0.00322147 1
0.0437352 -0.0113695 0.0275696 0.885039 -0.273587 -0.376639 0.969242
0.0524473 0.0197534 0.0351456 0.567577 0.226793 0.791468 1
0.044487 0.0284474 0.0116483 0.933269 0.125714 -0.33646 0.207358
0.0439071 0.0330791 0.0198941 0.425563 0.67867 -0.598584 0.252155
0.00853709 0.0468164 0.0569444 0.481254 0.72782 0.488542 1
-0.0347602 0.0278104 0.0308658 -0.818348 0.389294 0.422796 1
-0.0279604 0.0250086 0.0355845 -0.790778 0.1882 0.582453 0.239201
-0.00227185 -0.0386147 -0.00308693 -0.526218 -0.217442 -0.822079 1
0.0511046 0.0083951 0.0310964 0.995979 -0.0860837 0.024819 1
0.0075805 0.00928602 0.0647899 0.368631 0.270934 0.889216 0.067975
0.0281847 -0.0271181 0.0598481 0.241605 -0.55081 0.798896 1
0.0364576 0.0166373 0.004044 0.577457 -0.253049 -0.776215 0.243746
-0.0433063 -0.00754671 0.0347942 -0.866459 0.2313 0.442436 1
0.0205091 -0.0149439 0.0642861 0.751456 -0.0171058 0.659562 0.483583
-0.0395897 -0.00748267 0.0394976 -0.90256 0.223888 0.367776 1
0.0511574 0.0128513 0.0277236 0.873633 -0.247772 -0.418776 1
-0.035892 0.0384671 0.0234326 -0.834186 0.397263 0.382513 1
0.00923937 -0.0441178 -0.00430206 0.162214 -0.69084 -0.704575 1
-0.0118663 0.0391576 0.0194177 0.250239 0.886555 -0.389101 0.460977
-0.0381053 -0.0277066 0.0504002 -0.427422 -0.575417 0.697285 1
0.0141416 0.0473397 0.0447867 0.181682 0.941706 -0.283162 1
0.0204948 -0.011924 0.0633141 0.677833 -0.00174343 0.735214 0.24975
0.0535171 0.0271241 0.0046093 0.799804 0.488042 -0.34947 1
0.0116205 -0.00438158 0.0701429 0.501342 0.16685 0.849009 1
0.0430812 -0.00732026 0.0231981 0.757025 -0.253516 -0.602198 1
-0.0235072 0.0376332 0.0143335 0.365144 0.930951 0.000856827 0.187646
-0.00395503 -0.0315036 0.0391019 -0.549631 -0.702796 0.451645 0.0593048
0.0477915 -0.012136 0.0462229 0.752178 0.207679 0.625378 1
0.0510147 0.00858776 0.0286498 0.945694 -0.0719279 -0.317 1
-0.0198897 0.0354441 0.00688255 0.0638411 0.947535 -0.313212 0.827195
0.0238434 -0.0360466 0.0394973 0.11032 -0.69112 0.71427 0.370202
0.00831001 0.00777666 0.0666038 0.304871 0.196097 0.931987 0.887704
0.0511069 0.0166486 0.0246603 0.940347 -0.284104 -0.187171 1
-0.0203402 -0.0199134 0.0712033 -0.802759 -0.350718 0.482261 1
0.0164283 0.032954 0.00735857 0.215737 0.965511 -0.145761 0.288473
0.0087375 -0.0107166 0.0708794 0.301354 0.417293 0.857352 0.26296
0.00727502 -0.00690523 0.071775 0.581034 0.109169 0.806525 0.726073
0.0156268 0.000235208 0.0634351 0.733124 0.0551563 0.677855 0.302217
-0.00788963 -0.019418 0.0753776 -0.377697 -0.879948 0.288162 0.469224
0.00258408 0.0515436 0.0564116 0.361626 0.901093 0.239288 1
0.0268099 -0.0178717 0.00484472 0.784928 -0.200157 -0.586367 1
-0.000372485 0.00856471 0.0717255 0.472962 0.178925 0.862724 0.683152
0.0113886 0.0468573 0.0509476 0.1355 0.944949 0.297845 1
0.0440214 0.0251251 0.0349362 0.615867 0.469943 0.632346 0.135037
0.0163287 0.012763 0.0588508 0.587196 0.0912885 0.804281 0.141973
0.047871 0.000834872 0.039725 0.529638 0.324892 0.783536 0.332695
0.0281314 0.023928 -0.0115719 0.184838 0.935689 -0.300535 1
0.0411337 -0.00347148 0.0209376 0.505149 -0.498357 -0.704603 0.610757
-0.0109512 -0.0325225 0.00147823 -0.609861 0.0205534 -0.792242 1
-0.00794905 0.031589 -0.000760861 0.0597519 0.835865 -0.545673 0.855582
0.023422 0.00885901 0.0555879 0.573012 0.0434225 0.818396 0.429597
0.00425588 0.0178005 -0.0279363 -0.174497 0.195548 -0.965045 1
0.0523814 0.0128418 0.0343749 0.80575 -0.152237 0.572355 1
-0.0211078 -0.0271866 0.0588461 -0.0191892 -0.85835 0.512705 1
-0.0361442 -0.0110948 0.0434643 -0.712857 0.297048 0.635293 0.150924
0.0445286 0.035925 0.0274381 0.235268 0.965625 -0.110532 1
0.0021562 0.000786256 0.0742753 0.65976 0.221244 0.71817 1
0.0242206 -0.0350307 0.0114877 0.690137 -0.287969 -0.663916 0.629269
0.00425186 0.0446619 0.043716 0.299348 0.779655 -0.550027 0.128234
0.0388891 0.0393032 0.0314879 0.308808 0.945705 -0.101388 1
-0.0193616 -0.00399781 -0.000872193 -0.61991 -0.16411 -0.76732 0.68712
0.0117345 0.0452425 0.0435602 -0.0234511 0.74335 -0.668491 0.527885
0.0462077 0.0315192 0.0114896 0.489377 0.802847 -0.340509 1
-0.0439282 0.00644724 0.0268344 -0.458339 0.341492 0.820554 1
0.0321976 -0.019507 0.0559137 0.609467 0.369317 0.701538 0.174998
0.0039796 -0.0180914 0.078028 0.326344 -0.323464 0.888184 1
0.032211 0.0398454 0.0315786 0.309602 0.915914 -0.255438 1
0.0116064 -0.039693 0.0362001 -0.0655625 -0.965311 0.252737 1
0.02867 0.000667677 -0.000115385 0.776208 -0.117626 -0.619407 0.453167
0.0435924 0.0329021 0.0231716 -0.343236 0.936911 -0.0662295 0.0939143
-0.0123837 0.0394927 0.0128228 0.0976472 0.939859 -0.327306 1
0.0435207 -0.033981 0.0394224 0.67218 -0.699122 -0.243726 1
0.00451807 -0.0197758 0.0748755 0.240267 -0.730394 0.639372 1
0.019981 0.0171305 -0.0198404 0.741376 0.0987946 -0.663778 0.744777
0.0452079 0.0291625 0.0143501 0.841574 0.397704 -0.365492 0.0946165
0.0362914 0.0248484 0.0030777 0.763148 0.43317 -0.47955 0.0909496
0.0356905 0.0247206 -0.000358276 0.836771 0.2309 -0.496488 0.255083
-0.014033 -0.0179696 0.0791248 -0.36277 -0.484077 0.796284 1
0.0112417 -0.0458095 0.0102629 -0.12149 -0.983351 0.135133 1
-0.0395314 0.0365837 0.00778373 -0.884455 0.462676 -0.0605883 1
-0.0319927 0.0329245 0.0235021 -0.724648 0.227467 0.650495 0.264579
0.034602 -0.00148606 0.00416798 0.802433 -0.092961 -0.589458 1
-0.00802965 0.00138021 0.0789891 0.35113 0.395434 0.848728 0.400324
0.019137 0.0116901 -0.020267 0.81715 -0.344007 -0.462521 1
-0.000290071 0.0162274 0.0682369 0.701599 0.462387 0.542178 0.0871805
0.00341133 0.0437689 0.0317481 0.0385259 0.982894 -0.1801 1
0.0162409 -0.00300157 -0.0161169 0.780901 -0.324536 -0.533732 1
0.0349789 -0.00336113 0.00832116 0.868443 -0.344233 -0.356805 1
0.0279397 -0.0355417 0.0157008 0.8752 -0.083157 -0.47656 0.764702
0.0316836 -0.0235921 0.0597524 0.526143 -0.0620296 0.848131 1
-0.00388384 0.0400929 0.0630366 -0.0651474 0.287248 0.955638 1
0.0355533 0.0392901 0.0317907 0.155923 0.984063 -0.085493 1
-0.0036822 0.0513869 0.0583266 -0.220738 0.922769 0.315867 1
0.05019 0.0320433 0.0305837 0.692035 0.365039 0.622763 1
0.00821629 -0.0280542 0.0551795 0.0163489 -0.616956 0.786828 0.270053
-0.0244592 0.0247234 -0.00689199 -0.262217 -0.137625 -0.955145 1
0.0200805 0.0440937 0.0440646 0.304793 0.918472 -0.252011 1
-0.0398893 0.0168462 0.0193447 -0.8838 0.200104 0.422914 0.647408
0.0404415 0.0362806 0.0276267 0.266401 0.912093 -0.311637 1
-0.00420837 0.0286383 0.067979 -0.480076 0.482232 0.732789 0.605885
-0.0201847 0.0410173 0.0236986 0.131512 0.827048 -0.546531 0.260436
0.0366393 0.039169 0.0276513 0.206836 0.924546 -0.320052 1
-0.0205201 0.0288198 -0.00497898 0.179796 0.563848 -0.80607 0.0891712
-0.0397611 0.00917812 0.01963 -0.695485 0.431124 0.574833 0.0612432
-0.0107017 0.0393889 0.0587919 -0.680164 0.371852 0.631746 1
-0.00864634 0.0271856 -0.0155446 -0.10389 0.62873 -0.770652 1
0.027815 -0.0336765 0.0128476 0.782732 -0.234737 -0.576392 1
0.0231411 0.0234159 -0.0158643 0.33646 0.870082 -0.360211 1
-0.00763284 0.0391022 0.0196114 0.0205706 0.981955 -0.187992 0.766352
-0.0314021 0.00310514 0.0525449 -0.898962 0.342151 0.273496 1
0.0404408 -0.0244646 0.0320027 0.68004 -0.0795326 -0.728849 0.423406
-0.0438375 -0.0113559 0.030952 -0.74285 0.50623 0.43807 0.319933
-0.00177698 -0.00407119 -0.0122806 -0.555518 -0.613806 -0.56093 0.490578
-0.0317926 -0.0316544 0.0157338 -0.491667 -0.249613 -0.83424 1
0.0404771 0.0171526 0.0402658 0.671169 0.0548134 0.739275 0.128187
0.0124815 -0.0154358 -0.0124982 0.611892 -0.502295 -0.610973 0.15043
0.0438834 0.0248381 0.0381086 0.514709 0.47041 0.716791 1
0.0403587 0.0288791 0.0390446 0.831242 0.242912 0.500031 0.785853
0.0236403 0.0250058 0.05187 0.42852 0.176349 0.886156 0.878996
-0.0127275 -0.0387587 0.027111 -0.0361376 -0.993163 0.111003 1
-0.0119175 -0.0231634 -0.000968656 -0.556654 -0.30173 -0.774012 1
0.0363322 0.000318321 0.047629 0.595184 0.219332 0.773078 0.330348
0.0127238 -0.0357143 -0.000733842 0.585124 -0.32448 -0.743198 0.055789
0.0360673 0.0330019 0.0188671 0.192261 0.851095 -0.488541 0.326597
0.0481254 0.0352932 0.0275693 0.0857789 0.996184 0.0161228 1
-0.0160849 -0.0432647 0.0160044 -0.205268 -0.965811 0.158348 1
-0.0437746 0.0129602 0.0121691 -0.757549 -0.155799 -0.633913 0.907671
0.0115874 0.0389448 0.023385 0.172667 0.964594 -0.199359 0.375708
0.0312071 -0.000192754 0.0550426 0.576977 0.282483 0.766356 1
0.0206852 0.0119352 -0.0163714 0.659763 -0.191352 -0.726703 0.521423
0.0491695 0.0352952 0.0301817 0.543321 0.724253 0.424571 1
0.0237138 0.043023 0.0322793 0.133295 0.940837 -0.311541 1
0.0507599 0.0354818 0.0273993 0.614232 0.77814 0.131217 1
-0.0242873 -0.0108507 0.0636404 -0.905279 -0.283547 0.316341 0.244654
-0.0203359 -0.0200136 0.0613798 0.508461 -0.847365 0.153102 0.0701203
0.0512722 0.0247102 0.0212394 0.933228 -0.199724 -0.298655 1
-0.0120107 0.0160092 0.0715207 -0.274765 0.675896 0.683863 1
0.0348781 -0.00835198 0.0541343 0.586068 0.354173 0.728756 1
-0.0276949 0.000106879 0.0548411 -0.181082 0.474078 0.861661 0.148032
0.0393587 0.0104977 0.00883921 0.850234 -0.227005 -0.474943 1
-0.0362315 -0.0240371 0.0441793 -0.799535 -0.486154 0.352701 0.0585491
0.0478924 -0.0193564 0.04729 0.788503 0.13363 0.600339 1
0.0242434 -0.0113768 0.0599259 0.742763 -0.0126959 0.669434 0.223862
-0.000382615 0.0245631 0.0671156 0.436424 0.154322 0.886408 0.635533
0.0199626 -0.00391853 0.0634978 0.491227 0.298243 0.818381 1
8.15571e-05 0.0124709 0.0710892 0.545467 0.19345 0.815502 0.933233
-0.0348283 -0.0187378 0.0131578 -0.560907 -0.191345 -0.805463 1
0.0125126 0.0442752 0.051757 0.163542 0.776952 0.607947 0.383698
-0.0322828 -0.0347875 0.0195078 -0.200709 -0.979566 0.0128997 1
0.0152994 0.0132849 0.0621965 0.537463 0.203712 0.818312 1
-0.0197355 -0.0275421 0.0478986 0.00525211 -0.85185 0.52376 0.518898
0.0119012 0.0172147 0.0597358 0.340454 0.505073 0.79309 0.0762577
-0.0118496 -0.0149028 0.0797075 -0.464906 -0.290807 0.836238 1
-0.0469192 0.00123797 0.0223793 -0.980596 0.0175283 0.195253 1
-0.0193834 0.00238666 0.0704444 -0.849862 0.208278 0.484102 1
-0.00390659 0.0249407 0.0707775 0.29311 0.176117 0.939718 1
0.0321451 0.0208147 0.0474987 0.376985 0.193915 0.905693 0.74253
-0.0390567 0.0207904 0.0194611 -0.908749 0.179788 0.376632 0.8617
-0.0117104 -0.00690193 0.0824168 -0.450733 0.043845 0.891581 1
0.0388715 0.0252124 0.00404476 0.566889 0.364065 -0.738981 0.401894
-0.0246022 0.0320311 -0.000357807 -0.0549142 0.733786 -0.677158 0.303455
0.0159318 0.0399872 0.0542673 0.262306 0.195518 0.94497 0.965606
-0.0093254 0.0352925 0.0661127 -0.163681 0.580229 0.797836 1
0.00861187 -0.00347618 0.0708159 0.470551 0.221503 0.854118 1
0.0198482 0.0350627 0.00894457 0.129585 0.911675 -0.389944 1
-0.0150566 -0.0380703 0.00529575 -0.466175 -0.489059 -0.737226 1
-0.0439642 0.00880298 0.0188347 -0.605579 0.37695 0.700844 0.434303
-0.00299414 -0.044118 -0.00297704 -0.50507 0.0270521 -0.862655 1
-0.0360864 -0.0349051 0.0233294 -0.20104 -0.979122 -0.0300516 1
0.0194551 0.0440625 0.0506649 0.564803 0.610288 0.555469 1
0.00877889 -0.0269616 0.0591428 -0.0173887 -0.942004 0.33515 0.831383
-0.0138393 0.0432414 0.0209435 -0.0432145 0.933921 -0.354858 1
0.0541375 0.018158 0.0344269 0.674737 0.0713651 0.7346 1
-0.0119938 0.0435338 0.0240452 0.0919761 0.975005 -0.20225 1
0.00100595 0.0395718 0.0162965 0.0301187 0.933081 -0.358403 1
0.0147526 -0.0112856 0.0702003 0.502069 0.0257847 0.864443 1
0.0078197 0.0148255 0.0667894 0.454462 0.152817 0.87756 1
0.0283429 0.0208906 0.0475489 0.613688 0.119481 0.780456 0.074324
0.020709 0.0362941 0.0512968 0.811143 0.179705 0.556555 1
0.050889 0.00111653 0.0325264 0.941492 -0.093578 -0.323784 1
-0.0390152 -0.00710596 0.0352429 -0.849339 0.281345 0.446619 0.0604012
-0.0124331 0.0392563 0.015946 0.108696 0.99028 -0.0867827 0.980067
-0.00831648 0.0356106 0.00790342 0.0424978 0.969786 -0.240226 1
-0.0355624 0.00873943 0.0314308 -0.752948 0.300699 0.585363 0.0504139
0.0511604 0.0282433 0.0313311 0.739977 0.285624 0.608978 1
-0.0153961 0.0395413 0.0112865 -0.0391912 0.93426 -0.354433 1
0.000356934 0.0471263 0.0400497 0.0956607 0.975761 -0.196823 1
0.00436199 0.0204644 0.0667903 0.444609 0.231332 0.865337 1
0.0358202 -0.0354506 0.0400891 -0.202739 -0.903993 0.376423 0.377534
0.0241502 0.03607 0.0445117 0.618061 0.417936 0.66583 0.16721
0.00443881 0.0163897 0.0667713 0.362893 0.186737 0.912928 0.60842
-0.010831 0.0347907 0.00112018 -0.196053 0.861184 -0.468963 1
-0.0238881 0.0251175 -0.00568735 -0.220705 -0.383552 -0.896759 0.285019
-0.00347063 0.0358151 0.00730129 0.0669357 0.976901 -0.202938 1
0.0368416 -0.0384615 0.0388116 0.284315 -0.923406 0.257851 1
0.0319956 0.0355776 0.0432142 0.543882 0.324836 0.77374 1
0.0242086 0.0206978 -0.0159949 0.675364 -0.0174686 -0.737278 1
0.0400462 0.0373127 0.0345806 0.184026 0.352536 0.917525 0.979803
0.0247736 0.00105994 -0.0046485 0.7415 -0.245801 -0.624307 0.288218
-0.0194568 0.03942 0.0119313 -0.0256029 0.951841 -0.30552 1
0.0233694 0.0284448 0.0507142 0.366387 0.394305 0.842784 0.644339
0.000743795 0.0432676 0.0285579 0.0308249 0.968111 -0.248618 1
-0.00831733 0.0471611 0.040017 -0.0171339 0.985204 -0.170525 1
0.0164986 0.0395067 0.0238534 0.142367 0.94993 -0.278146 1
0.0312194 -0.0280813 0.0165517 0.783787 -0.245559 -0.57042 1
-0.0119646 0.0292491 -0.00570705 0.202812 0.871719 -0.446063 0.762441
0.0359083 0.0167329 0.0465514 0.589327 0.125624 0.798068 1
0.0203466 0.0435028 0.0357408 0.130862 0.990962 -0.0294846 1
0.0480473 -0.0157136 0.0469409 0.754056 0.11241 0.647119 1
0.00199796 -0.0143037 -0.0154674 -0.387178 -0.343196 -0.855751 1
0.0078153 0.0471132 0.0439177 0.136781 0.969906 -0.201429 1
0.0319126 -0.0400928 0.0238128 0.681606 -0.679668 -0.271041 1
0.0120574 0.0474291 0.0436778 0.0435822 0.963394 -0.264524 1
-0.0124334 -0.038786 0.0199442 -0.103931 -0.83735 0.536697 0.296484
0.0396211 -0.0153696 0.0541642 0.603741 0.146208 0.783658 1
-0.00742861 -0.0307657 0.0431488 -0.215261 -0.966015 0.143103 0.509332
-0.00752247 0.0449814 0.0354696 -0.0652227 0.848372 -0.525368 0.306139
0.0490192 0.0329597 0.0200401 0.589102 0.506909 -0.629287 1
-0.0357665 0.00901752 0.0350533 -0.830547 0.254697 0.4953 0.852547
-0.00895332 0.0326081 0.0602445 -0.70375 0.608006 0.367513 0.0716206
0.00789745 -0.0191038 0.0753895 0.431191 -0.385111 0.815944 1
0.0118806 0.0204716 -0.0241879 -0.266277 0.788846 -0.553912 0.572849
-0.0101209 -0.00558782 0.083527 -0.0856071 0.0811716 0.993017 1
-5.5986e-05 -0.0116905 0.0787724 0.0836639 0.00289784 0.99649 1
0.00755367 0.0322046 0.00392788 -0.104058 0.896965 -0.42968 0.698949
0.0508229 0.0211608 0.0225629 0.949373 -0.0762552 -0.304757 1
-0.0160782 -0.031772 0.0358612 -0.608143 -0.659189 0.442304 0.0863861
-0.00794324 0.0283891 -0.0079511 -0.00406217 0.922994 -0.384793 1
0.0271949 0.000225259 -0.00372211 0.784266 -0.202246 -0.586535 1
0.0401392 -0.00805246 0.0506784 0.642001 0.270094 0.717554 1
-0.00678913 0.0164755 0.0750407 0.0629607 0.411439 0.90926 1
-0.0468728 -0.00720612 0.0154111 -0.908172 -0.17877 -0.378503 1
-0.0116703 0.0281025 -0.00820192 0.0666215 0.928009 -0.366552 0.870955
0.0251627 0.00358351 -0.00514228 0.666122 -0.530544 -0.524218 0.180774
-0.0168364 -0.018414 0.00103056 -0.446208 -0.333369 -0.83052 1
-0.036502 -0.0311256 0.0353493 -0.111603 -0.988413 0.102882 1
0.00456374 0.0233012 -0.0200274 -0.0258574 0.976411 -0.214367 1
0.0288079 0.00909731 -0.00105526 0.607528 -0.664534 -0.435091 0.0666556
0.0361566 0.0374326 0.0317457 0.20481 0.97858 0.0208328 0.0590641
0.0122623 -0.0394092 -0.00380144 0.855392 -0.346317 -0.385188 1
-0.0119295 0.0453301 0.0352799 0.166172 0.949506 -0.266129 0.229638
-0.0434996 -0.00402372 0.0321231 -0.837871 0.334904 0.431059 1
0.0159662 -0.00722454 0.0670138 0.455812 0.313646 0.832983 1
0.0128479 0.0395251 0.0207294 0.0613437 0.994519 -0.084673 1
0.00475218 0.0395405 0.0192937 0.0516207 0.96549 -0.255275 1
0.0157018 0.0401406 0.0526916 0.434055 0.406836 0.803792 0.11384
-0.0353707 0.0363895 0.0226554 -0.925597 0.0155381 0.378192 1
0.00432038 -0.0149434 -0.0133117 -0.537229 -0.672889 -0.508532 0.33265
-0.0277019 0.0432143 0.0272402 -0.263102 0.96463 0.0163258 1
0.0116423 0.0402687 0.0276637 0.0532999 0.865273 -0.498459 0.419446
-0.0241832 0.040479 0.0310347 -0.243652 0.898819 0.364359 0.173662
-0.0043216 0.0245462 -0.0158847 -0.083866 0.539137 -0.838032 1
0.0291073 -0.0190107 0.0584248 0.41103 0.234252 0.881011 0.241017
0.0387209 -0.00658055 0.0169158 0.763716 -0.326067 -0.557152 1
0.0392181 -0.00369832 0.0161591 0.792475 -0.246728 -0.557772 1
-0.0399181 0.0253192 0.00096336 -0.114134 -0.274903 -0.954674 1
0.000476009 -0.0233829 0.0676335 -0.185268 -0.746143 0.639489 0.232724
0.0158744 0.0358122 0.0158219 0.247694 0.923049 -0.294327 0.677349
-0.0468778 -0.0140922 0.020583 -0.881122 -0.242363 -0.406059 1
-0.0209357 -0.0110352 0.0679733 -0.699436 0.453425 0.552445 0.0579521
0.0239741 0.0410076 0.0474346 0.681916 0.358306 0.637658 1
-0.0289212 0.0290324 0.0317271 -0.676322 0.104276 0.729188 0.136416
-0.0353796 0.0318369 0.0230542 -0.858832 0.287786 0.423777 1
0.0111119 0.0353552 0.00470073 -0.000460482 0.892293 -0.451457 1
0.032651 0.0115077 0.00351772 0.808859 -0.184096 -0.558441 0.0868951
0.0269072 0.0398123 0.0206423 0.200097 0.914463 -0.351736 1
0.0161015 0.0371344 0.0233412 0.34744 0.808257 -0.475402 0.0815028
-0.011513 0.0201608 0.0673934 -0.570281 0.180061 0.801472 0.0744124
0.0481287 0.0330979 0.027855 0.0291391 0.901509 0.431779 0.0851483
0.00381239 -0.0348876 0.039187 -0.0429643 -0.947704 0.316247 0.78782
-0.042637 0.00937007 0.0125993 -0.760984 -0.29813 -0.576214 1
0.0519935 0.0253433 0.0311788 0.771562 0.266804 0.577502 1
0.0203367 0.0356169 0.0192912 -0.0263514 0.980435 -0.195073 0.705852
0.030996 0.0434976 0.035844 0.492359 0.86481 -0.0984191 1
0.0163559 0.0318146 0.00377762 0.19569 0.772158 -0.604548 0.622906
-0.0201895 -0.00721021 0.0683981 -0.740497 0.316313 0.592968 0.294629
0.0446469 0.0161495 0.0158871 0.795768 -0.343047 -0.499071 1
-0.0117277 0.0482425 0.0473324 -0.747868 0.660127 0.0701883 0.752185
0.000493605 0.0396921 0.0193541 -0.0206008 0.992629 -0.119427 1
0.0161998 0.0351417 0.00530035 0.18135 0.89813 -0.400592 1
-0.0162847 -0.0364022 0.00724693 -0.55239 -0.396171 -0.733426 0.23219
0.00534195 0.0434977 0.0286977 -0.0744628 0.988366 -0.132623 1
0.0149663 -0.00344271 -0.019427 0.67584 -0.384475 -0.628824 1
0.0318993 -0.0117238 0.0556265 0.585328 0.178877 0.790819 0.357503
-0.0235016 -0.00683852 0.0633454 -0.79588 0.49715 0.345567 0.247845
-0.0158612 0.0371167 0.0124184 -0.0751747 0.785265 -0.614579 0.162652
-0.0436123 0.0252431 0.0118708 -0.996608 0.0493832 -0.0658366 1
0.0156499 -0.0426744 0.0191644 -0.0060147 -0.963274 0.268454 1
-0.0106065 0.0519944 0.0447416 -0.189972 0.968058 -0.163626 1
0.00450402 0.0398898 0.0231831 0.0461073 0.866094 -0.497751 0.483735
-0.0350369 -0.00918591 0.0554855 -0.861548 0.152287 0.484296 1
0.015444 0.039424 0.0197875 0.374881 0.89229 -0.25156 1
0.00759139 0.0435077 0.0275205 0.187642 0.949336 -0.252095 1
-0.00735912 0.0203365 0.0720177 -0.0943025 0.341559 0.935117 1
-0.015227 -0.00700031 0.0752339 -0.898067 0.152753 0.412483 0.117285
0.00099484 -0.0241531 -0.0113776 -0.516133 -0.150568 -0.84317 1
0.007636 0.040411 0.0271769 0.409846 0.773913 -0.482788 0.127395
0.0121453 -0.0233484 0.0669279 0.17859 -0.675692 0.715224 0.463356
0.0287567 -0.0193305 0.0111811 0.60428 -0.477598 -0.637766 0.0744004
0.00383889 -0.0268593 0.0598154 0.0249745 -0.976721 0.213053 0.885509
-0.0119072 -0.0356807 0.0314332 -0.0828836 -0.722983 0.685876 0.332073
-0.0115808 0.0446647 0.0321722 -0.0519906 0.761172 -0.646463 0.598367
-0.00102262 0.0276457 -0.00852206 -0.0667987 0.922655 -0.379797 0.83528
0.043661 -0.0117218 0.0253304 0.809964 -0.2871 -0.511402 1
-0.0478965 -0.00505884 0.0267712 -0.844874 0.210682 0.491732 1
0.0121402 -0.0385258 0.0311275 -0.0999021 -0.990731 0.0920438 0.489857
0.0206063 0.0245526 -0.0120964 0.0974592 0.951951 -0.290329 1
0.0362607 0.031816 0.0390432 0.447128 0.743241 0.497664 0.211345
-0.00441494 -0.022865 0.0716515 -0.0558979 -0.946639 0.317412 1
0.000216147 0.0441711 0.0352787 0.0856186 0.965831 -0.244623 0.983964
0.0438095 -0.0311305 0.0396265 0.847583 -0.416954 -0.328258 0.968176
0.00354153 -0.0160428 0.0757366 0.660545 0.18162 0.728487 0.685877
0.0117679 0.035713 0.0113415 0.0526354 0.970262 -0.236266 1
0.0231924 0.0392478 0.0277077 0.0477197 0.979985 -0.193267 1
-0.00396296 0.0437788 0.0318736 0.0853749 0.904911 -0.41695 0.792372
0.0395109 0.0114347 0.0461917 0.62151 0.2292 0.749127 1
-0.0348367 -0.0115049 0.0542677 -0.897418 -0.158167 0.411854 1
0.027962 0.0286459 0.0477579 0.662734 0.382611 0.643733 0.770975
-0.0163311 0.0206964 -0.00964589 -0.172415 -0.648572 -0.741369 0.286956
0.00870374 -0.0152866 0.0724535 0.814637 -0.468976 0.341216 0.556554
-0.0107613 -0.0165495 -0.00298069 -0.502702 -0.151304 -0.851116 1
0.0239829 0.0401923 0.0315187 0.0864685 0.75957 -0.644652 0.582095
-0.0035959 0.04425 0.0354197 0.486068 0.861518 -0.146714 0.360525
0.0360148 0.024732 0.0430034 0.523611 0.442407 0.728085 0.196359
-0.0239921 0.040931 0.0203708 0.259879 0.888777 -0.377543 1
-0.0161282 0.0321198 -0.000236384 0.0354373 0.92324 -0.382587 1
-0.0271968 0.0373489 0.0114476 0.315607 0.884316 -0.344061 0.131555
0.00420669 0.0327331 0.062887 0.393487 0.445328 0.80427 1
-0.0199223 0.0329359 0.0435777 -0.597532 0.49871 0.627888 0.0571981
0.0209522 -0.035816 0.0480171 -0.0800152 -0.972513 0.21867 1
-0.036715 0.0355074 0.00769495 0.15124 0.956847 -0.248135 0.353724
0.00357784 0.0479484 0.0588965 0.491217 0.591697 0.639218 1
-0.0360049 -0.0325487 0.0231128 -0.504059 -0.719507 -0.477738 0.1636
-0.0269941 -0.0349761 0.031046 -0.257857 -0.900922 0.349069 1
0.0238546 -0.0154291 0.0630917 0.566107 0.0855155 0.819884 1
0.00386494 0.0250758 -0.0121192 0.197616 0.954626 -0.222794 0.119895
0.0291881 0.00142199 0.0549693 0.536145 0.349956 0.768166 1
0.0440991 0.0317142 0.00850536 0.30495 0.860636 -0.407812 1
0.0283501 0.0122926 -0.00520788 0.711573 -0.278937 -0.64487 0.321641
-0.0196548 0.0286812 0.0473129 -0.64419 -0.0153897 0.764711 0.0792053
0.0519343 -0.0259074 0.0403888 0.953937 -0.0477421 -0.296184 1
-0.023471 0.00862368 0.0587269 -0.779737 0.256828 0.571007 1
-0.0160317 0.0433262 0.0246605 -0.183955 0.978225 -0.0961036 1
-0.0245637 -0.0232659 0.0554534 -0.406909 -0.610539 0.679461 0.101094
0.0150392 0.000716042 0.066321 0.577275 0.0471514 0.815187 1
-0.00788188 -0.018828 0.0788391 -0.230457 -0.806865 0.543928 1
0.0509442 0.0243226 0.00124324 0.531979 -0.254551 -0.80759 1
0.0439245 -0.0269791 0.0355567 0.921266 -0.237994 -0.307617 1
0.0289578 0.0435636 0.0385795 0.16091 0.986449 0.0320478 1
0.0478305 0.0335559 0.0234846 -0.0307685 0.99544 0.0902908 0.131688
0.00353084 -0.035231 0.0443469 -0.0843581 -0.96613 0.243878 1
0.0154438 0.00872468 0.0630088 0.573088 0.274762 0.77206 1
-0.0207197 -0.0298588 0.0471185 -0.158852 -0.863292 0.479055 1
0.0434685 0.031609 0.0114338 0.143906 0.966802 -0.211152 1
-0.0239172 0.0332665 0.00340417 -0.210357 0.971405 -0.110106 0.053635
0.0123981 -0.00337992 0.0673714 0.617793 0.253296 0.744428 0.47934
0.0506294 -0.00701809 0.0422497 0.835667 0.0918756 0.541497 1
0.051334 -0.0307041 0.0438999 0.760656 -0.637943 0.120131 1
0.0197833 0.047915 0.0467708 0.3964 0.918065 0.00480825 1
0.0482765 0.0280825 0.00792288 0.694774 0.693028 -0.192358 1
0.0528107 0.0268717 0.00670191 0.671945 0.605986 0.425758 1
0.0398507 0.0290194 0.00810524 0.294648 0.578572 -0.76055 0.165323
0.049002 -0.0230504 0.0444771 0.859799 0.391815 0.327454 0.898585
0.0199337 -0.0308489 0.0512998 -0.185201 -0.854009 0.486177 0.352066
0.0229562 0.00114011 -0.011256 0.760715 -0.332996 -0.557159 1
0.0203925 0.0431815 0.0328372 0.0719106 0.970288 -0.231019 1
-0.0397499 0.0171216 0.015958 -0.752527 0.260145 0.605002 0.0513074
0.0486403 -0.015509 0.0437543 0.891983 -0.115978 0.436939 1
0.0197871 0.0440416 0.0398697 0.177202 0.973783 -0.14264 1
-0.0388821 0.0166026 0.0233402 -0.949106 0.130898 0.286467 0.929443
0.0194203 -0.032635 0.0436359 -0.302128 -0.868871 0.39215 0.0607171
0.0380085 0.0299251 0.015766 0.0201243 0.920871 -0.389347 0.0609125
0.0243237 -0.0394553 0.0152893 0.572436 -0.753894 -0.322429 0.111081
0.0329857 -0.038814 0.0319514 0.464792 -0.884874 0.0310778 1
-0.00385323 -0.0067656 0.0787779 0.159547 -0.0238473 0.986902 1
0.0125857 0.00110358 0.0671848 0.321066 0.181905 0.929423 1
-0.0232575 0.0151899 0.0548635 -0.820349 0.344701 0.4563 1
0.0164839 0.00904766 0.0594287 0.637769 0.172998 0.750548 0.191834
0.0315841 -0.030777 0.0191914 0.704059 -0.395511 -0.589806 1
-0.0391448 0.00052511 0.0348236 -0.897761 0.232107 0.374368 1
0.00158042 0.0284945 0.0638982 0.365292 0.328303 0.871079 0.325114
-0.030251 -3.12131e-05 0.00567652 -0.531497 -0.1386 -0.835644 0.925844
-0.039756 0.0046821 0.0270158 -0.672257 0.129889 0.728834 0.235582
0.016068 0.0412989 0.0314465 0.4993 0.747559 -0.438012 0.341335
0.0104933 -0.050547 0.000259509 0.445907 -0.894013 -0.0436716 1
0.0200116 -0.0431681 0.0155615 0.417618 -0.823135 0.384764 0.613453
0.0161071 -0.0324619 0.0472042 0.110682 -0.924221 0.365465 0.447258
0.0149767 0.0436486 0.0319746 0.193443 0.977918 -0.0790999 1
-0.0409659 0.0286578 0.00722261 -0.972396 -0.212801 -0.0957178 0.0701373
0.027374 -0.024218 0.0045621 0.776985 -0.290331 -0.558572 1
0.0357895 0.0294129 0.00704593 0.194236 0.807628 -0.556785 0.259256
0.0441853 0.0360986 0.0348588 0.750438 0.338305 0.567797 1
-0.0160758 0.0366673 0.0473619 -0.706164 0.275131 0.652408 0.128948
-0.0238303 0.0437769 0.0246388 -0.0334311 0.992165 -0.120381 1
-0.0221451 -0.0298504 0.0461423 -0.195674 -0.894086 0.402892 1
-0.0117893 0.0273025 -0.0151293 -0.293271 0.63322 -0.716257 1
0.000782386 -0.042841 0.0224228 -0.208653 -0.928517 0.307115 1
0.0234538 -0.0275607 0.0037703 0.662232 -0.345208 -0.665042 1
0.0203236 0.0327873 0.00807418 0.248817 0.752144 -0.610221 0.409897
0.00731747 0.0395361 0.0197063 0.0689897 0.980731 -0.182777 1
-0.00416631 -0.0349066 0.0352951 -0.173505 -0.891261 0.418987 0.755877
0.0193319 0.0362475 0.054917 0.564875 0.20915 0.798231 1
0.0122795 0.03101 0.00053536 0.16387 0.888252 -0.429133 1
-0.0125396 0.0204732 -0.0114388 -0.525386 -0.0976686 -0.84524 0.77554
0.0556517 0.0171504 0.0315976 0.993709 -0.105579 0.0373447 1
-0.012433 0.0433798 0.0275573 -0.0984141 0.990439 -0.0966758 1
0.0226776 0.0272335 -0.0230443 0.424275 0.638517 -0.642095 1
0.0228035 0.00552062 0.055606 0.672119 0.0876969 0.735231 0.284399
0.0473428 0.02663 0.000515887 0.315747 0.186645 -0.930305 1
0.00470196 -0.0353937 -0.00859136 -0.415875 -0.385532 -0.823658 1
0.0300984 0.0239016 -0.0116376 0.762993 0.389638 -0.515775 1
-0.0118451 0.0331842 0.0589936 -0.570424 0.55148 0.608676 0.484667
0.0241085 0.0258138 -0.00165155 -0.304594 0.892107 -0.333719 0.107477
0.0433825 -0.0198903 0.0510984 0.660949 0.23383 0.713071 1
0.0197269 0.0330709 0.0554363 0.545476 0.201972 0.813427 1
0.0421596 -0.0149623 0.0502796 0.677912 0.078432 0.730947 1
-0.0359248 0.0247389 0.0236964 -0.852761 0.116515 0.509139 0.561611
-0.0393935 -0.0113645 0.0386848 -0.809741 0.377424 0.4493 0.332471
0.00839835 -0.0304484 0.0506552 -0.0552318 -0.967027 0.248611 0.461036
0.0486725 -0.0191522 0.0400423 0.967952 -0.114873 -0.223323 1
0.0103726 0.0311638 -0.00240843 0.214134 0.871669 -0.44084 1
0.0509422 -0.0274892 0.0434513 0.991522 -0.12869 -0.0179501 1
0.0409523 -0.00406235 0.0221605 0.621992 -0.441595 -0.646622 0.234586
0.0118755 0.0047388 0.0669117 0.174223 0.187358 0.966718 0.98102
-0.011124 0.027418 -0.0120835 -0.0871341 0.961904 -0.25913 1
0.0203107 0.00836429 0.0593602 0.579675 0.165302 0.797904 1
0.0395262 0.0313601 0.0116009 0.0384164 0.986276 -0.160575 1
0.00592588 0.0422075 0.0344525 0.128546 0.987394 -0.092354 0.16067
-0.0107508 0.00812166 0.0744491 -0.150546 0.671653 0.725409 0.270876
0.0514423 0.0319623 0.0239806 0.867333 0.460396 -0.189127 1
0.0271189 -0.0427224 0.0167914 0.427789 -0.894658 -0.12878 1
0.0484512 0.0260627 0.00353509 0.695667 0.362247 -0.620342 1
-0.0400793 -0.0148066 0.0391902 -0.71756 0.0862724 0.691133 0.178205
-0.0206131 -0.0266348 0.0514061 0.0237715 -0.98606 0.164683 0.705481
-0.000311993 -0.046494 -0.000511688 0.0839658 -0.989491 -0.117719 1
0.0321558 0.0394505 0.0281661 0.168221 0.928937 -0.329815 1
0.0356128 -0.0274729 0.0235979 0.915967 -0.237212 -0.323627 1
0.00371895 0.0409101 0.0589043 0.440009 0.114465 0.890668 0.46664
0.044069 -0.0111193 0.0467913 0.599125 0.228994 0.76721 0.74806
0.000347732 -0.0388534 0.02774 -0.0678057 -0.986889 0.14647 0.774615
0.0438794 -0.0235302 0.0513878 0.752812 0.172842 0.635137 1
-0.0197491 0.0407057 0.0396716 -0.791173 0.400087 0.462576 0.339717
0.0436265 0.0124815 0.0390988 0.660964 0.115256 0.741514 0.294616
-0.0197305 0.0167151 0.0598295 -0.899503 0.234245 0.368813 1
-0.00410783 -0.031764 0.0434682 -0.295736 -0.913027 0.280931 0.808553
0.04777 -0.0110604 0.04363 0.760978 0.177769 0.623947 0.85486
0.0196684 0.0402915 0.0318757 0.0968064 0.781446 -0.616418 0.332288
0.00389801 0.028093 0.0633698 0.0369526 0.078351 0.996241 0.209094
-0.00513544 -0.0185264 0.0828388 0.170432 -0.399477 0.900761 1
-0.00142217 -0.00020447 -0.0135531 -0.497516 0.464507 -0.732606 0.260104
0.0121579 -0.00793979 0.0675223 0.624487 0.245884 0.741321 0.216023
-0.0241764 -0.0231133 0.0588739 -0.386108 -0.632478 0.671484 1
0.0250932 0.0290528 0.0486376 0.385987 0.625946 0.677647 0.293401
0.0122488 0.0159116 0.0629091 0.470005 0.269839 0.840406 1
-0.0288894 -0.00915839 0.0100704 -0.301658 0.0641428 -0.951256 0.21527
-0.0365273 -0.00303878 0.0390935 -0.706342 0.322143 0.630322 0.325381
0.0476566 0.00833692 0.0361119 0.799906 0.398925 0.44834 0.0855767
-0.0203761 -0.00295009 0.0673422 -0.607026 0.165272 0.777306 0.547271
0.0354158 -0.0157698 0.0125846 0.862606 -0.242924 -0.443732 1
-0.0200152 0.0410938 0.0266674 0.409463 0.882139 0.232748 0.267001
0.0402089 0.0130521 0.043449 0.641536 0.280119 0.714119 0.807467
-0.014791 0.0471647 0.048003 -0.701156 0.679245 0.21681 1
0.0283068 -0.011768 0.0102272 0.708984 -0.393939 -0.584939 0.0515295
0.0248367 0.0350772 0.0160396 0.00892829 0.961978 -0.272982 0.903247
0.0422198 0.0206568 0.0429517 0.653347 0.082629 0.752536 1
-0.0158165 0.0159364 -0.00951107 -0.560023 -0.196461 -0.804846 1
0.00386473 -0.0367756 0.0349007 -0.22169 -0.87242 0.435589 0.952006
-0.0343778 0.0159635 0.000912352 -0.539378 -0.202606 -0.817326 1
-0.0155062 0.00199943 -0.00669192 -0.537988 -0.243907 -0.806894 1
-0.0121335 0.0469763 0.039488 0.0939105 0.995395 -0.0191998 0.891865
-0.00806923 -0.0353435 0.0317595 -0.0848124 -0.762076 0.641909 0.303537
0.0161802 0.0125567 -0.0242832 0.719634 -0.276309 -0.637008 0.906404
0.000255139 -0.0302858 0.0517137 -0.127613 -0.986195 0.105516 0.545476
0.0290091 -0.0359727 0.0189535 0.85057 0.067924 -0.521457 0.561382
0.0123301 0.016908 -0.0272778 -0.0260174 0.00358718 -0.999655 1
0.0107521 0.0372946 0.0549373 0.70045 0.154923 0.696685 0.123884
-0.0441708 -0.0265726 0.0393295 -0.85672 -0.191463 0.47893 0.912435
0.0198708 0.0251688 -0.00874933 0.112723 0.867333 -0.484796 0.493172
0.03668 0.0320116 0.0365696 0.503187 0.749755 0.429732 0.0745741
-0.00401706 0.000858366 0.0787915 0.413607 0.178786 0.892729 1
0.0477351 -0.0149374 0.0352702 0.611442 -0.616452 -0.49611 0.972594
0.0331206 0.000732565 0.00670747 0.8825 0.170531 -0.438306 0.271821
-0.0162668 0.0357776 0.00735338 0.0409196 0.930819 -0.363184 1
-0.0390584 0.0155566 0.0276923 -0.87963 0.348456 0.323773 1
0.0355897 -0.0392715 0.0365917 0.386138 -0.921301 -0.0458543 1
0.0331064 0.0289222 0.0423765 0.166814 0.295374 0.940706 0.297794
-0.0403993 -0.0273742 0.0395613 -0.32789 -0.632747 0.701512 0.0694838
0.0277859 0.0165246 -0.0126119 0.913561 -0.0876158 -0.397152 1
0.0275399 -0.0075066 0.0591699 0.609684 0.179716 0.772003 1
0.0198192 -0.0227679 -0.00371701 0.723839 -0.188306 -0.663776 1
-0.0200506 0.0351671 0.00366758 0.249182 0.896887 -0.36538 1
0.0201229 0.0164127 0.0531461 0.452598 0.3721 0.810368 0.0565224
0.024803 -0.0426702 0.0274287 0.125695 -0.979886 0.155 1
-0.0439734 -0.0231641 0.0234011 -0.833291 -0.00946661 -0.552754 0.614377
0.0431448 0.00918652 0.0162704 0.813175 -0.193642 -0.548861 1
-0.0290835 0.032851 0.027789 -0.768269 0.529302 0.360003 0.0525342
-0.0160939 0.0398017 0.0195952 -0.139617 0.894904 -0.423856 0.63192
-0.0429445 0.0277063 0.0144415 -0.862662 0.375793 0.338517 1
0.0160453 -0.0464556 0.0143198 0.0400016 -0.915098 0.401243 1
-0.0199038 -0.0360482 0.0112451 -0.669074 -0.401289 -0.625545 0.27057
-0.0160065 0.0313464 -0.00712412 0.0597961 0.85419 -0.516512 1
0.0403369 -0.011671 0.0237301 0.782117 -0.216906 -0.584161 0.740399
-0.0113851 -0.0418985 0.0161888 -0.192926 -0.969457 -0.151433 0.935233
0.0402089 0.0334076 0.0192988 -0.104615 0.820581 -0.561874 0.313432
0.0324007 -0.0342289 0.0471625 -0.107596 -0.901099 0.420052 1
0.0166436 0.0239026 0.0564366 0.639717 0.255219 0.725 0.609271
0.050935 -0.00358076 0.039508 0.971206 0.0810727 0.224025 1
0.00805705 -0.0239533 0.0672973 0.0270318 -0.810834 0.584652 0.911725
-0.0429386 -0.0192332 0.0196922 -0.948771 -0.268745 -0.166165 0.824338
0.00330724 0.0245843 0.0633519 0.411193 0.30543 0.858856 0.0527045
0.0285203 0.00939994 0.0511614 0.592598 0.259348 0.762605 0.302231
0.0353423 0.0173203 0.0431604 0.7636 0.216042 0.608474 0.0933305
0.0318004 -0.0152064 0.0589595 0.590952 0.103398 0.800053 1
0.0316306 0.0349526 0.0194932 0.26061 0.944797 -0.198598 0.996438
0.00732424 0.0122483 0.066908 0.496853 0.0574676 0.86593 1
-0.00599578 -0.0477099 0.00783358 -0.259448 -0.964749 0.0441119 1
0.0212898 -0.0234912 0.00219544 0.71493 -0.528346 -0.457957 0.216635
0.0247108 0.01723 -0.0133335 0.763639 0.374358 -0.526034 0.077551
0.0192797 -0.0464803 0.00835165 0.472664 -0.826654 -0.30534 1
0.0397712 0.000710037 0.0155431 0.83813 -0.238535 -0.49055 1
-0.0194183 0.0400737 0.0202567 -0.00191337 0.926125 -0.377211 0.943117
-0.0120345 0.0353719 0.00522048 -0.0204683 0.966811 -0.254671 1
-0.0232481 0.00356682 0.0589922 -0.730611 0.271497 0.626496 0.825618
-0.0243206 -0.00450945 0.00387675 -0.715529 -0.0985267 -0.6916 0.583025
0.0144281 0.0042475 0.066756 0.46342 0.217296 0.859084 1
0.0275334 -0.0197592 0.0625217 0.54463 0.0684052 0.835882 1
0.0509364 -0.0116414 0.0362969 0.986657 0.162655 0.00723785 1
7.74205e-05 -0.046723 0.0103807 0.0504779 -0.980458 0.190144 1
0.0243396 0.0313557 0.0069985 -0.00111525 0.846324 -0.532667 0.373591
0.0206169 0.0411017 0.0468476 0.585211 0.231115 0.777248 0.105876
-0.00282781 -0.0160566 -0.00930083 -0.641563 -0.256055 -0.723072 1
0.0404741 0.0323546 0.0160915 0.023214 0.922605 -0.385047 1
-0.0119218 -0.0424284 0.0113599 -0.0455232 -0.99803 0.043181 1
-0.0402868 0.0356882 0.00387704 -0.837512 0.476319 -0.267756 1
0.0117933 -0.047697 -0.000124135 0.713175 -0.640087 -0.285779 1
-0.0322315 0.0356738 0.000620155 -0.0838008 0.731835 -0.676309 1
-0.0486878 -0.0360558 0.0323732 0.149639 -0.861164 0.485803 1
-0.0117492 -0.0427608 0.0182747 -0.149793 -0.970917 0.18677 1
-0.0122348 0.0169198 0.0678496 -0.432622 0.5937 0.678497 0.084264
-0.0356176 -0.0109826 0.0469714 -0.893617 0.250592 0.37236 0.694707
0.0114618 -0.0363106 0.0356733 -0.36335 -0.722054 0.58874 0.110976
0.031676 -0.0152944 0.0557403 0.78946 -0.004848 0.613782 0.210343
0.0361891 0.0316904 0.0074429 0.143134 0.93007 -0.338354 1
0.0318274 0.0365329 0.0241266 0.313931 0.892536 -0.32377 1
0.0366354 -0.0348685 0.0474824 -0.0736917 -0.940481 0.331762 1
-0.0115392 -0.0189121 0.0784397 -0.156454 -0.707273 0.68941 1
1.98416e-05 0.00841869 -0.0195977 -0.329367 -0.145167 -0.932976 1
0.0037642 -0.0313724 0.047574 0.0775996 -0.849465 0.521907 0.244377
0.0329136 -0.0304203 0.0586354 0.285475 -0.702596 0.651815 1
-0.0268525 0.0113212 -0.00328591 -0.571034 0.0728474 -0.817688 1
-0.00743512 0.0451076 0.0557611 -0.78179 0.260533 0.566504 0.192122
0.0193248 -0.0269615 0.0628058 0.127359 -0.764392 0.632047 1
0.0239967 -0.0424864 0.0311426 0.142479 -0.937636 0.317078 1
-0.0159778 0.0249134 0.0555378 -0.781009 0.502621 0.370672 0.136688
0.0238156 0.0432148 0.0394439 0.142182 0.988775 -0.0459179 1
0.0117616 0.0254338 -0.00934547 0.33313 0.849639 -0.408825 0.118975
-0.031137 0.0324126 0.0273855 -0.918252 0.3369 0.208115 0.516378
0.0120044 -0.0473744 0.0146167 -0.0245417 -0.985929 0.165355 1
0.0470377 -0.0233885 0.0397037 0.657603 -0.0290416 -0.752804 0.929114
-0.0310782 0.0362789 0.00725117 -0.792514 0.595862 -0.129888 0.14359
0.0272904 -0.0385803 0.0386917 0.151884 -0.912571 0.379665 1
0.00445778 0.0408341 0.0275961 -0.296425 0.942399 -0.154971 0.0619052
0.00313584 0.000940898 0.0682218 0.678178 0.312247 0.665264 0.0558504
-0.0273823 0.0186828 0.0471001 -0.785127 0.404817 0.468721 1
-0.00982352 -0.0118764 -0.00539896 -0.536596 -0.360233 -0.763084 1
0.00740827 0.0237272 -0.0239364 -0.0858775 0.735902 -0.671619 1
0.038863 -0.037948 0.0396562 0.524333 -0.848241 -0.0745773 1
-0.0500286 -0.0381187 0.0299966 -0.581831 -0.807978 -0.0929726 1
-0.000789002 0.049204 0.059514 0.624275 0.44233 0.643914 1
-0.0353265 -0.0313311 0.0171386 -0.59541 -0.347069 -0.724589 1
0.0474707 0.021065 0.016075 0.855021 -0.280632 -0.436102 1
0.0389034 -0.0198096 0.0237102 0.751623 -0.332238 -0.569807 1
0.0290571 -0.0240685 0.0601782 0.587422 -0.0614084 0.806948 0.859845
0.0430543 -0.0351935 0.0472807 0.498368 -0.834928 0.233506 1
-0.0241498 -0.0273405 0.0512336 -0.00337227 -0.994981 0.100008 1
0.0317117 -0.0234521 0.0554107 0.743881 -0.414359 0.524354 0.0918884
0.00863797 -0.0155417 -0.0168675 -0.564037 -0.167935 -0.808492 1
0.0127936 0.0312891 0.00341618 0.0584982 0.840702 -0.538329 0.383561
-0.00799528 -0.0387672 0.0282568 -0.0805698 -0.996685 0.0112982 0.946743
0.024399 -0.0309088 0.0555021 -0.100577 -0.949216 0.298116 1
0.031787 -0.0346939 0.0435047 -0.0846168 -0.951744 0.294997 1
0.00217611 -0.0342671 0.0474061 -0.184654 -0.899189 0.396688 1
-0.0030393 0.0363484 0.0638498 0.276243 0.544682 0.791841 0.575211
-0.00466671 -0.0190602 0.0794345 0.266274 -0.746513 0.609767 1
0.0443307 0.0351165 0.0238044 0.0323399 0.995743 -0.0863162 1
0.012517 0.0247615 0.0586424 0.160882 0.255813 0.953245 0.227063
-0.000739561 0.0313302 -0.00420285 -0.03664 0.895341 -0.443871 1
-0.0036732 -0.0446896 0.00717897 -0.542812 -0.833241 -0.10519 0.246896
0.0481997 -0.0041564 0.0434405 0.667369 0.215024 0.71301 1
0.0241643 -0.0393792 0.0120292 0.444902 -0.24129 -0.862462 0.753425
-0.0388551 -0.0221324 0.0173148 -0.445603 -0.316999 -0.837227 1
0.0362179 0.0289199 0.0432154 0.296135 0.24534 0.923099 1
-0.043382 -0.0306278 0.0394079 -0.495156 -0.714371 0.494465 1
0.0447756 0.0336031 0.0280827 0.443458 0.876967 0.185133 0.113733
0.0460918 0.00472714 0.020412 0.792739 -0.297867 -0.531828 1
-0.00829271 -0.000175582 -0.00740211 -0.592141 -0.162542 -0.789271 0.446974
-0.0276162 0.0165749 0.0434654 -0.883309 0.426376 0.194857 0.407965
-0.0192067 0.0372989 0.0150622 -0.198612 0.923449 -0.328323 0.10337
0.02799 -0.0258414 0.0620746 0.398952 -0.385617 0.831947 1
-0.00744428 -0.0312754 -0.00275468 -0.602391 -0.159003 -0.782204 1
-0.0354364 0.0198944 0.032274 -0.903838 0.214535 0.370204 1
0.0316644 -0.00328543 0.0548586 0.616965 0.157254 0.77112 1
-0.0323839 -0.00345456 0.0473792 -0.873445 0.328001 0.359875 0.629243
-0.0290503 0.039397 0.00800733 0.118252 0.969626 -0.214105 1
-0.0126151 -0.0386695 0.00739665 -0.559647 -0.529519 -0.637499 0.20681
0.0192516 0.0162593 -0.0275676 0.475736 -0.114283 -0.872132 1
-0.00383768 -0.0473299 0.00804116 -0.0638001 -0.989462 0.129978 1
-0.0197384 0.0343032 0.0519446 -0.800061 0.38025 0.464017 1
-0.0320637 0.0289996 0.0238467 -0.679049 0.371716 0.633024 0.0831409
-0.00143666 0.0513345 0.0492473 0.323996 0.917146 -0.232097 1
0.032173 -0.0321595 0.0469925 -0.399925 -0.770767 0.495963 0.232769
-0.0273503 0.0131489 0.0470742 -0.646315 0.13299 0.751392 0.222445
-0.0196705 0.0116123 0.0633445 -0.906011 0.282816 0.314896 1
0.0238421 0.0394362 0.0241722 -0.0743226 0.991739 -0.104543 1
-0.00350153 0.0434578 0.0280537 0.0768569 0.972653 -0.21918 1
-0.0448114 0.00085729 0.0153408 -0.781532 0.0283919 -0.623219 0.617097
0.00198399 -0.0271233 -0.0110274 -0.479383 -0.353839 -0.803113 1
0.0245946 -0.0163211 0.0608394 0.639811 0.225956 0.734565 0.28656
-0.0237394 -0.0270089 0.0550665 -0.133693 -0.961729 0.239173 1
-0.00458293 0.027823 -0.01531 -0.00107809 0.804047 -0.594565 1
-0.030142 0.0435991 0.0223852 -0.393867 0.906368 0.152856 1
-0.0313848 -0.0271791 0.0476095 -0.163812 -0.975537 0.146607 1
0.0210817 -0.0345715 0.0077066 0.497021 -0.416585 -0.761201 0.389905
0.00433696 -0.0277552 0.0662755 0.0722658 -0.883966 0.461932 1
-0.00708438 -0.0149893 0.0829292 0.0290282 -0.0281168 0.999183 1
-0.0291188 -0.0234882 0.0588584 -0.465267 -0.513524 0.720986 1
-0.0249631 -0.00378723 0.00620929 -0.285396 -0.000379184 -0.95841 0.0907381
-0.011447 -0.0348598 0.0386915 -0.033059 -0.88177 0.47052 1
0.0195114 0.0356732 0.0118651 -0.00522366 0.988979 -0.147961 1
-0.0361482 0.0048743 0.00716547 -0.484853 -0.536768 -0.690505 0.945388
-0.031866 -0.0227412 0.055031 -0.803086 -0.240566 0.545143 1
-0.014903 -0.0110493 0.0783073 -0.533339 -0.0666105 0.843275 1
0.00719705 0.0172206 -0.0253309 -0.263337 0.0896731 -0.960527 1
-0.015877 -0.0345107 0.0312828 -0.319629 -0.804611 0.500438 0.190344
0.0245086 -0.0241907 0.0634076 0.327904 -0.431308 0.840507 1
-0.0123663 0.0151681 0.0751037 -0.128797 0.445487 0.885975 1
0.051618 0.0245724 0.0234642 0.961943 -0.134705 -0.23774 1
0.036296 -0.0161172 0.0194922 0.849459 -0.216262 -0.4813 0.948255
0.0132142 -0.036072 -0.00329821 0.555078 -0.269946 -0.786776 0.687201
-0.0429622 -0.0265622 0.0209427 -0.606032 -0.407019 -0.683419 1
0.0460082 -0.00786095 0.0306053 0.713254 -0.453888 -0.534093 0.20005
0.0207987 0.00427385 0.0589897 0.680154 0.556381 0.477317 0.188018
0.0358188 -0.0193861 0.0526673 0.479048 -0.593256 0.646962 0.0797203
0.0167789 -0.0192304 -0.00492189 0.698242 -0.145196 -0.700982 0.225949
-0.00825194 -0.0228884 0.0676719 -0.00429941 -0.944317 0.32901 1
0.0441419 0.00876711 0.0200874 0.753247 -0.100896 -0.649953 0.573797
-0.0430472 -0.0035866 0.0274626 -0.739137 0.467111 0.485267 0.42859
-0.00382369 0.0361826 0.0664432 0.0560716 0.48359 0.873497 1
-0.0169209 -0.0392692 0.023771 -0.0422918 -0.99375 0.103305 1
-0.0240041 0.0168317 0.0474084 -0.627509 0.189769 0.755129 0.089984
-0.0319132 0.0332997 0.00301582 -0.562719 0.599974 -0.568664 0.050175
0.00418699 -0.0465044 0.00704553 -0.0221238 -0.980825 0.193632 1
0.0312229 -0.00325671 0.00418579 0.561757 -0.468043 -0.682177 0.794553
-0.0231283 -0.0340275 0.00930911 -0.672455 -0.28038 -0.684975 1
-0.00902839 -0.00885731 0.0831237 0.147164 -0.0102403 0.989059 1
0.047351 0.0209457 0.0383853 0.648629 0.132473 0.749488 1
-0.0111777 0.0246978 -0.0155908 -0.442734 0.0603351 -0.894621 1
0.0166773 -0.0431989 0.0287434 -0.125178 -0.961468 0.244764 1
-0.042913 0.0248075 0.00375061 -0.942357 -0.254809 -0.216876 1
-0.0448334 -0.00399391 0.0156548 -0.714439 0.0782586 -0.695308 0.433489
-0.0109156 -0.0115223 0.0832664 -0.298748 -0.0251802 0.954 1
0.0101247 0.021856 0.0624936 0.353849 -0.00802029 0.935268 0.66695
-0.043771 0.00464532 0.0193488 -0.720272 0.330762 0.609757 0.121426
-0.0320098 0.0209077 0.0307281 -0.620261 0.398867 0.675412 0.11125
0.0309181 0.0163581 -0.00763251 0.782226 -0.209714 -0.586636 1
0.00415646 -0.0438533 -0.00424757 -0.135327 -0.51912 -0.84392 1
-0.000163184 -0.00789684 0.075396 0.458983 0.496526 0.736747 0.160585
-0.0161957 -0.0389296 0.027517 -0.185121 -0.949094 0.254856 1
-0.00826832 -0.0156533 0.0799189 -0.369353 -0.343146 0.863614 0.203319
0.00395682 -0.0270436 0.0634716 0.00562888 -0.999924 0.0109388 1
-0.0157918 -0.041933 0.0084646 -0.369542 -0.805423 -0.463393 1
0.000648545 -0.015251 0.0761198 0.606537 0.155157 0.779769 0.0755758
0.0102411 -0.0143469 0.0726539 0.810857 -0.306854 0.49835 1
8.82547e-05 -0.0364424 0.0313345 -0.15122 -0.582672 0.798514 0.0966233
-0.0357472 -0.0230444 0.0512309 -0.641785 -0.181121 0.745189 1
0.0320315 0.0406582 0.035643 0.642439 0.762386 -0.077715 1
-0.0391579 -0.0305404 0.0316935 -0.279493 -0.954267 0.106103 1
-0.0120849 -0.0158172 -0.00158081 -0.515461 -0.273113 -0.812225 0.655585
0.0356528 0.00921847 0.0477816 0.492086 0.121832 0.861979 1
0.0246887 0.0398684 0.0210192 -0.120949 0.940093 -0.318742 1
0.0319456 -0.0307895 0.0552728 0.0848119 -0.957654 0.275146 1
-0.0278992 -0.0355001 0.0236772 -0.68712 -0.701972 0.187356 0.4324
0.031566 -0.0152228 0.0115208 0.681561 -0.103454 -0.724412 0.524561
-0.00392128 0.0396449 0.023139 0.0653275 0.86553 -0.496579 0.362572
0.0511651 -0.00753328 0.0395887 0.997324 0.00580215 0.0728719 1
0.0491367 -0.0149681 0.0394203 0.844614 -0.506905 -0.172264 0.856299
0.012353 0.00817681 -0.0272817 0.150177 -0.110603 -0.982453 1
0.0255109 0.0351675 0.00904491 0.186296 0.916172 -0.354857 1
-0.0278294 -0.0271832 0.0548265 -0.0612881 -0.864454 0.498962 1
0.0436902 0.0204521 0.00919434 0.772707 -0.462438 -0.434827 1
-0.00919602 -0.0110987 0.0831696 0.137847 -0.00788339 0.990422 1
0.0201287 -0.0427754 0.0237015 0.01029 -0.998084 0.061015 1
0.0041593 -0.0390378 0.0277188 -0.184109 -0.886452 0.424625 0.553774
-0.00754215 0.0417259 0.0601147 -0.738157 0.328671 0.589151 1
0.0309865 0.00911126 -0.00327496 0.771696 -0.410838 -0.485486 1
0.0127188 0.0400761 0.0555159 0.41375 0.213538 0.884993 1
-0.0276784 -0.0111246 0.0595908 -0.744186 0.200611 0.637136 0.4912
-0.0156026 -0.0116332 0.0757905 -0.714291 -0.0640928 0.696908 0.376477
0.0412566 0.0248953 0.00834771 0.547983 -0.243875 -0.80015 0.204868
-0.0121737 -0.00714095 0.0792888 -0.58256 0.00379947 0.812779 0.833224
0.0354719 0.0351472 0.0200653 0.148962 0.937993 -0.313018 1
0.0161491 0.0213645 -0.0206874 -0.102343 0.847979 -0.520056 0.741715
0.0361091 -0.0111212 0.015992 0.901071 -0.184326 -0.392548 1
-0.0231068 0.0352822 0.0043903 0.0918386 0.9666 -0.239271 0.978371
-0.00969785 0.00997849 -0.00983381 -0.578407 -0.225864 -0.783856 0.174536
0.00349965 0.0362137 0.0156062 0.130501 0.780538 -0.611334 0.405523
-0.0473521 -0.0274277 0.0243871 -0.571966 -0.283723 -0.769647 1
0.0329882 -0.00345823 0.0103205 0.687439 -0.72178 -0.0803753 0.110682
-0.0209402 0.00524821 -0.00350677 -0.52644 -0.257142 -0.810394 1
0.0157446 -0.00677028 0.0648505 0.533726 0.532728 0.656763 0.0817271
0.0199483 0.024855 0.0545811 0.5522 0.262747 0.791226 1
0.035646 0.0235016 -0.00326123 0.674876 0.0910756 -0.732289 1
-0.0092533 -0.0345748 0.000736689 -0.324882 -0.262646 -0.908553 1
0.0122479 0.0397473 0.0169892 0.167644 0.920647 -0.352568 1
-0.0358922 0.0204443 0.00297115 -0.876264 -0.178997 -0.44735 0.645742
-0.0321456 -0.0346053 0.0271003 -0.280556 -0.910153 0.304813 1
0.0485819 -0.023011 0.0473217 0.774812 0.144852 0.615373 1
-0.0432061 0.000692999 0.0234876 -0.809707 -0.0411803 0.585387 0.132689
-0.0161313 -0.0039173 -0.0037941 -0.479186 -0.172559 -0.860583 1
-0.00403901 -0.0310199 0.0475851 -0.169579 -0.975738 0.138485 0.748584
0.0356785 -0.0189572 0.0195499 0.855531 -0.339416 -0.390978 1
0.0402521 0.00405409 0.0157061 0.812486 -0.171549 -0.557169 0.983811
-0.0315917 0.00490101 0.0430286 -0.764149 0.347329 0.543543 0.264242
0.0421208 0.0263758 0.0382412 0.685007 0.358473 0.634242 0.830159
0.0108146 -0.0196117 -0.0154682 0.612272 -0.507061 -0.60664 1
0.0327175 0.00454507 0.0511424 0.604228 0.233974 0.761686 1
0.020035 0.0287751 0.0519757 0.562451 0.161034 0.810998 0.449464
-0.000575687 -0.0278638 0.0556165 -0.0310524 -0.719625 0.693669 0.19348
-0.00053868 0.0487123 0.0516407 0.309335 0.947518 -0.0807501 0.880486
-0.0325443 -0.034825 0.0235777 -0.237548 -0.967929 0.0817543 1
-1.95885e-05 -0.021948 0.0743525 0.112683 -0.809932 0.575598 1
0.0306485 0.0433097 0.0405113 0.46179 0.862156 0.208415 1
-0.0236893 -0.0192182 0.0635558 -0.810381 -0.365427 0.45798 0.689687
0.0324434 -0.00700271 0.0106252 0.91439 -0.27278 -0.299136 0.532453
0.030778 -0.0104942 0.00902921 0.745915 -0.276988 -0.605713 0.699978
0.00714208 0.0130613 0.0633656 0.727294 0.0400598 0.685156 0.051658
0.0513036 0.0129224 0.0308506 0.862838 -0.418116 -0.284059 0.941658
-0.0121707 -0.0399805 0.0151499 -0.18629 -0.950082 -0.25028 0.132765
0.0153748 -0.0393197 0.0389005 -0.0434266 -0.862165 0.504762 1
-0.00811392 -0.0268285 0.0597546 -0.105248 -0.982067 0.156419 1
-0.0192447 0.00950988 0.0628987 -0.966609 -0.0392712 0.253229 0.709541
-0.0282137 0.0381502 0.0190499 0.472358 0.820779 -0.321248 0.0634108
0.0279167 0.02766 -0.00071112 0.183007 0.878635 -0.441032 0.575698
-0.0156287 -0.0194029 0.0752983 -0.318329 -0.509701 0.799295 1
-0.0245419 0.0370385 0.0122404 0.238756 0.725442 -0.645546 0.0686035
0.0163376 -0.0435758 0.00405844 0.816956 -0.391739 -0.42323 1
0.0043063 -0.0232783 0.0674989 0.12028 -0.780636 0.613302 0.481585
0.020002 0.0322738 0.0515485 0.808327 0.0410501 0.587301 0.3472
0.0112584 -0.00776848 0.0703405 0.471395 0.194043 0.86031 1
0.0192671 0.0124479 0.059104 0.615931 0.139548 0.775342 1
0.0164967 -0.0042012 0.0642301 0.556398 0.221292 0.800907 0.392619
0.00857324 0.0207701 0.0633912 0.558359 0.140462 0.817622 0.691061
0.0302294 0.0272047 -0.00735775 0.390363 0.74513 -0.540738 1
-0.0145646 -0.0424936 0.0184766 -0.147191 -0.933165 0.32793 1
-0.0323586 0.0210215 0.000573587 -0.465424 -0.232513 -0.854001 0.801421
0.016043 0.039857 0.0270599 0.28126 0.888164 -0.363397 0.686612
0.00390701 -0.00311282 0.0742082 0.522689 0.243994 0.816862 1
-0.0201164 -0.034627 0.0345715 -0.266415 -0.888753 0.373015 1
0.00088119 0.0406163 0.063803 0.21057 0.262792 0.941595 1
-0.0319081 0.0283547 0.0309159 -0.668631 0.36914 0.645498 0.547429
0.00360674 -0.0111661 0.0758461 0.625072 0.110581 0.772694 1
-0.00383502 -0.0465261 -0.00352583 -0.379114 -0.599144 -0.705194 1
0.0278362 0.0353799 0.0150279 0.159557 0.928758 -0.334589 1
0.000741014 0.0210028 -0.0230467 -0.534865 0.286404 -0.794917 1
0.000596533 -0.0267609 0.0676187 -0.116014 -0.825776 0.551938 1
-0.00385061 -0.0265854 0.0632036 -0.108807 -0.902875 0.415906 1
-0.0156259 0.0160323 0.0668192 -0.883997 0.28501 0.370566 0.910762
0.048094 -0.011257 0.0315558 0.464379 -0.287384 -0.837712 1
0.0119843 -0.0412944 -0.00798511 0.35794 -0.572617 -0.737556 1
0.0199477 0.0407696 0.0507203 0.738288 0.320917 0.593248 1
-0.0157342 0.00768938 0.0744578 -0.794378 0.219865 0.566236 1
0.0316872 0.0165194 -0.00447362 0.836283 -0.200482 -0.51033 1
0.00326882 -0.0434752 -0.00126778 0.156697 -0.205166 -0.966102 0.0627349
-0.027274 -0.0310154 0.0398594 -0.170927 -0.927382 0.332786 1
0.0410643 -0.0110252 0.0477291 0.674901 0.254794 0.692523 0.078411
0.00751554 0.0270654 -0.0106651 -0.0186712 0.954323 -0.298192 1
-0.0211317 0.0418505 0.0365811 -0.573904 0.556696 0.600603 0.2513
-0.0391201 -0.0243282 0.0474272 -0.835126 -0.0705731 0.545512 1
-0.00668946 -0.00234884 -0.0114456 -0.647868 -0.213583 -0.731197 1
-0.00505248 -0.0160734 0.082844 0.337367 0.0364933 0.940665 1
-0.0317736 0.00853245 0.0397849 -0.689717 0.597107 0.409577 0.166404
0.0442538 0.0327089 0.0350254 0.664056 0.209492 0.717734 1
0.0122295 -0.0231163 -0.0121792 0.748938 -0.222391 -0.624207 1
0.0434888 0.00393042 0.0465695 0.634065 0.212983 0.74337 1
-0.0394447 -0.0262513 0.0172352 -0.614257 -0.331275 -0.716202 1
-0.0322379 -0.0310474 0.0315031 -0.0682653 -0.962211 0.263609 0.680429
-0.012877 0.0319937 -0.000498291 -0.0349009 0.882752 -0.46854 0.976746
0.0194186 0.0312993 0.00380401 0.25779 0.830785 -0.493296 1
0.00493438 0.0208637 0.0641151 0.558649 0.388094 0.733004 0.10222
6.44066e-05 0.0253737 -0.0126821 -0.0576603 0.800399 -0.596688 0.584567
0.0288285 0.0329801 0.0439901 0.716831 0.133916 0.684266 0.393425
-0.0119113 0.00746183 0.0783019 -0.153094 0.446417 0.881632 1
0.0514981 0.0319701 0.0281267 0.817086 0.430937 0.382966 1
-0.0175928 -0.0198827 0.0021282 -0.546098 -0.309737 -0.778357 1
-0.0353004 -0.0319384 0.031415 -0.148044 -0.967288 0.206004 1
-0.0127277 -0.0190877 0.075184 0.0175444 -0.828261 0.560068 0.634193
-0.0148537 0.0403775 0.054839 -0.731127 0.220385 0.645665 1
-0.0277102 0.0333164 0.0318868 -0.819985 0.355665 0.448472 0.149063
0.0362431 -0.00308941 0.0515584 0.609761 0.259635 0.748853 1
-0.0397698 0.0123873 0.0196769 -0.708626 0.328267 0.624571 0.183096
-0.0168385 0.00892106 0.0637698 -0.868904 -0.320114 0.377536 0.0713736
-0.0366701 -0.0199983 0.0157512 -0.414315 -0.247413 -0.875859 1
0.0474881 -0.00709004 0.0438948 0.593538 0.0815879 0.80066 1
-0.0238563 0.0284917 -0.00733369 -0.140086 0.0758782 -0.987228 1
0.0235952 -0.028686 0.0558988 -0.361308 -0.807904 0.465562 0.122416
-0.022547 0.0441407 0.0320658 -0.450948 0.823532 -0.344153 1
-0.0190033 0.0372237 0.0183945 -0.137643 0.956686 -0.256527 0.0504239
-0.0244273 -0.0308129 0.0390395 -0.0690096 -0.974403 0.213954 0.766592
0.026807 -0.0430737 0.0201399 0.307358 -0.948094 -0.08154 1
0.0489679 0.0252021 0.000961647 0.401714 -0.0691909 -0.913148 1
-0.040499 -0.0128849 0.0185 -0.267423 -0.102528 -0.958109 0.240532
0.0237548 -0.0149099 -0.000551055 0.904941 -0.0754656 -0.418793 0.834461
-0.0035274 0.0050736 0.0754005 0.752898 0.286087 0.592704 0.427293
0.0274819 -0.0392861 0.019406 0.674427 -0.734596 0.0742782 0.332659
-0.0318802 0.0358638 0.00374171 -0.124507 0.924516 -0.360234 0.828405
3.24917e-05 0.0436678 0.0311268 0.101158 0.972392 -0.210288 1
-0.0188871 -0.042559 0.0148607 -0.419403 -0.8925 0.165967 1
0.0190085 -0.0258971 -0.00344424 0.723239 -0.33419 -0.604353 1
-0.0245231 0.0204762 0.043464 -0.576285 0.689491 0.438746 0.131958
0.0514944 -0.0143065 0.0408899 0.953648 -0.225038 0.199785 1
-0.0239347 -0.035361 0.0275223 -0.108417 -0.916099 0.386015 0.725659
-0.0319913 0.0125798 0.00261025 -0.448129 -0.595272 -0.666957 0.483309
-0.00398468 -0.00344238 0.0792405 0.188877 -0.0418108 0.98111 1
-0.015336 -0.0352671 0.0353698 -0.091954 -0.969048 0.229109 1
-0.00812657 0.0486427 0.051571 -0.0920629 0.995369 0.0276562 0.068671
-0.0312474 0.0130272 0.0390535 -0.898481 0.246907 0.362999 0.539469
-0.00796638 -0.0312284 0.0515765 -0.255599 -0.926348 0.276673 1
0.00804453 -0.0265362 0.063 0.0375946 -0.973668 0.224851 1
-0.00398377 0.0358642 0.0112991 0.120655 0.952785 -0.278646 0.856974
0.038797 -0.0330084 0.0286486 0.793213 -0.172789 -0.583915 1
0.0393342 0.0319529 0.0389864 0.616878 0.599236 0.510272 1
0.0348339 0.039304 0.0344988 0.395012 0.916223 0.0670946 1
0.0500361 -0.0298435 0.0403402 0.279003 -0.577165 -0.767488 1
6.18714e-05 -0.0467532 0.00304009 0.0214156 -0.999092 0.0368188 1
-0.0393481 -0.031044 0.0429608 -0.270248 -0.831305 0.485693 1
0.0247727 -0.0309016 0.059216 -0.0403094 -0.804677 0.592343 1
-0.0430215 0.0279158 0.0111096 -0.948645 0.306564 0.0780483 1
0.0156216 -0.0467179 0.0118136 -0.0326438 -0.999418 0.00985416 1
0.0361378 -0.0282443 0.0528343 0.477375 0.101587 0.872808 0.215334
0.0312152 0.0404561 0.0394057 0.74338 0.644581 0.178609 0.804456
-0.0399103 -0.0305412 0.0361198 -0.101265 -0.994858 -0.00179356 1
0.0231619 0.00468526 -0.0122306 0.876523 -0.262632 -0.403401 0.96192
0.0517433 -0.0240582 0.0438057 0.938728 0.214546 0.269739 1
-0.0406993 -0.0231747 0.0432321 -0.529438 -0.215462 0.820531 0.441143
0.0070916 0.0260756 -0.00972231 -0.361834 0.926285 -0.105225 0.284916
-0.0307335 0.0362974 0.0271281 -0.892371 0.1433 0.427948 1
-0.00855758 -0.0107956 0.0800542 0.625845 0.118412 0.770906 0.765938
-0.000161064 0.0363832 0.015986 -0.050227 0.714481 -0.697849 0.23666
-0.0116323 0.0447246 0.0513933 -0.652653 0.69748 0.295915 0.210067
-0.0116275 0.0360577 0.0115234 0.0485746 0.745241 -0.665023 0.350869
0.000140531 -0.0393471 0.0235219 -0.300352 -0.830671 0.468801 0.308212
-0.0127123 -0.0196956 0.0719256 0.484038 -0.731558 0.480136 0.157154
-0.0098632 -0.0394816 0.0306049 -0.146471 -0.943482 0.297303 1
0.0367626 -0.0193139 0.0231179 0.701688 -0.300064 -0.646217 0.491381
0.0136553 -0.0387278 0.0396802 -0.11456 -0.89255 0.436155 1
0.0234092 -0.00747981 0.0631868 0.618312 0.217505 0.755237 1
-0.0407215 -0.0276067 0.0222126 -0.51945 -0.583477 -0.62428 0.622645
-0.0312084 -0.0311534 0.0386186 -0.117347 -0.948068 0.295628 1
0.0452224 0.00404753 0.0227578 0.806744 -0.442701 -0.391382 0.454354
0.00376535 0.0480494 0.0560843 0.619899 0.758928 0.199382 1
0.0201625 0.00067183 0.0622925 0.527324 0.183903 0.829524 1
-0.0356781 0.0131638 0.00338851 -0.534946 -0.285404 -0.795221 1
-0.0429237 0.0283697 0.00414291 -0.978843 0.0840806 -0.18654 1
-0.0105275 -0.0206213 -0.00307931 -0.631376 -0.173731 -0.755765 1
0.0439254 0.0391703 0.034744 0.504551 0.778305 0.373724 1
0.0169979 -0.00392611 -0.0130542 0.691994 -0.177108 -0.699841 0.363049
0.054141 0.02596 0.00687666 0.92655 0.234251 0.294333 1
-0.0360777 -0.026761 0.043701 0.00595773 -0.935753 0.352604 0.621237
0.0122451 -0.00764822 -0.0193087 -0.0090264 -0.144198 -0.989508 1
-0.0468783 -0.0190307 0.027391 -0.975836 0.154168 -0.154846 0.996252
-0.0196361 0.00485749 0.0629038 -0.872574 0.258631 0.414396 0.650676
-0.0467848 0.00079093 0.0164228 -0.921452 -0.0237394 -0.387767 1
0.0435291 0.000941848 0.043088 0.758201 0.211676 0.616705 0.508002
0.00346434 -0.031946 -0.00749009 -0.472442 -0.126337 -0.87226 0.875066
-0.0324377 0.012892 0.0010132 -0.385419 -0.43165 -0.815555 1
0.02398 -0.0438412 0.0123985 0.55614 -0.795489 -0.240635 1
0.0351726 0.0153562 0.000207504 0.803304 -0.30306 -0.512697 1
0.0251592 0.0113824 0.0553347 0.556982 0.212201 0.802959 1
-0.0354521 0.0332455 0.0195007 -0.943136 0.137838 0.302482 0.883835
-0.0278998 0.028916 0.035377 -0.880976 0.120142 0.457654 0.6277
0.0193573 0.00350211 -0.0190348 0.659835 -0.262969 -0.703893 1
0.0233269 0.0271164 -0.0204035 0.416525 0.788491 -0.452537 1
-0.0381435 0.00357882 0.0100767 -0.810022 -0.32519 -0.487972 0.475662
0.0204145 -0.0153588 -0.00399153 0.693753 -0.102811 -0.712837 0.522791
-0.0309775 -0.0220998 0.0581217 -0.715552 -0.392909 0.577587 1
0.0274607 -0.00305209 0.0585864 0.603682 0.196247 0.772693 1
-0.00740779 -0.0103225 -0.00844036 -0.642379 -0.315858 -0.698271 1
0.00804158 -0.0313392 0.0551147 0.0270438 -0.886736 0.461484 1
-0.0275317 0.00489608 0.0545719 -0.58842 0.574393 0.569065 0.911063
-0.0239161 -0.0390726 0.0236646 -0.182529 -0.962761 0.199437 1
0.0491375 0.0169241 0.0230215 0.852795 -0.484018 -0.19613 0.280189
-0.00339834 0.0323629 0.0678458 0.0467408 0.448464 0.892578 1
-0.0157883 -0.0381488 0.0304888 -0.228555 -0.897571 0.377 1
0.0165044 -0.0312294 0.0556766 -0.032985 -0.870491 0.491078 1
-0.0275943 -0.0355001 0.0273117 -0.280951 -0.889613 0.360076 1
0.015656 -0.0307823 -0.00444486 0.761492 -0.320998 -0.563107 1
0.0336722 -0.0157397 0.0144612 0.748863 -0.656395 -0.0913785 0.292984
-0.00338041 0.0392252 0.0200938 -0.0318048 0.988776 -0.145981 0.727043
-0.0237245 -0.00348302 0.0590538 -0.757222 0.26586 0.596602 0.149472
0.00416842 -0.0313402 0.0515907 -0.0506616 -0.984645 0.167057 1
-0.0234285 -0.034857 0.0321155 -0.191558 -0.892159 0.409093 1
-0.0288542 -0.0183337 0.00964642 -0.558999 -0.219772 -0.799513 1
-0.0199884 -0.00780983 -0.000233294 -0.449029 -0.201698 -0.870454 1
0.0483032 -0.00379179 0.0352241 0.886921 -0.215697 -0.408469 0.0672352
0.00870191 0.0452609 0.0549149 0.640738 0.723132 0.257944 1
-0.0365638 -0.00714922 0.0401062 -0.767764 0.485068 0.418627 0.0597069
-0.0312498 0.0369033 0.0237755 -0.778737 0.202143 0.593892 0.431354
0.00785839 0.0252353 -0.0123038 0.157819 0.833884 -0.528895 0.531034
-0.00764145 0.0371379 0.0154475 0.37687 0.81385 -0.442287 0.139728
-0.0154011 0.0332587 0.0550622 -0.846088 0.295427 0.443687 0.575647
0.0127996 -0.0168273 0.0684737 0.419389 0.103953 0.901835 0.536899
-5.22105e-05 -0.0352841 0.0355381 -0.157076 -0.905362 0.394522 0.670849
-0.0277548 -0.0390632 0.0131397 -0.536923 -0.715425 -0.447081 1
0.00353039 -0.00368804 0.0726652 0.627522 0.456076 0.63104 0.308669
-0.0313737 0.040357 0.0194879 -0.65423 0.752675 -0.0739207 0.446831
0.0129715 0.0226422 -0.0266959 -0.244747 0.615564 -0.749119 1
-0.016077 -0.00841292 -0.002782 -0.509322 -0.188397 -0.839701 1
-0.0125677 0.0329291 0.0557112 -0.561844 0.636286 0.528651 0.061785
0.000504709 0.000746814 -0.017191 -0.703184 -0.0192522 -0.710747 1
0.000165987 -0.0395131 0.0315804 -0.0602362 -0.93636 0.345835 1
0.00791713 -0.00463105 -0.018424 -0.0561963 -0.128509 -0.990115 1
-0.0201788 -0.0349565 0.027347 -0.254269 -0.823675 0.50686 0.241527
0.0202372 0.0453429 0.0471754 0.687505 0.6685 0.283629 1
-0.0514767 -0.03243 0.0322737 -0.99112 -0.0136125 0.132271 1
0.0078099 0.0243825 0.0600128 0.635992 0.412746 0.652039 0.152938
-0.0364747 0.0396328 0.0120045 -0.0724913 0.997366 0.00225608 1
0.00815013 -0.0431492 0.0228387 0.104879 -0.972919 0.205985 1
0.028395 0.0313112 0.00744081 0.281441 0.923462 -0.260784 0.661067
0.0192545 -0.0464638 0.0147423 0.284968 -0.928433 0.23834 1
0.0203902 0.0354339 0.0158483 0.0970385 0.987 -0.128117 1
0.0244414 0.0122425 -0.0127155 0.786577 -0.309516 -0.534319 0.271016
-0.0311524 0.0291021 0.0274222 -0.888719 0.434711 0.14562 0.203123
0.0319327 -0.0324872 0.0442764 -0.338365 -0.763466 0.550117 0.0944618
0.00758005 0.0471828 0.0507467 0.317568 0.940953 0.117294 1
0.00765174 -0.0120229 0.0745548 0.41648 0.181884 0.890765 1
0.00450246 0.0435687 0.0358086 0.0702353 0.904901 -0.419788 0.458687
0.0194908 -0.043047 0.0305059 0.013437 -0.937778 0.346975 1
0.0161427 0.032685 0.0550853 0.328831 0.184079 0.926275 0.677851
-0.032051 -0.0190034 0.0518028 -0.70248 0.0688646 0.708364 0.24124
0.00831823 -0.0346579 0.039301 -0.160158 -0.952357 0.259549 0.422826
0.011377 -0.0318329 0.0475525 0.000816295 -0.720179 0.693787 0.153761
0.00387134 0.0310911 -0.00623884 0.0618609 0.905579 -0.419642 1
0.0153194 -0.0395107 -0.000136824 0.522515 -0.403121 -0.751313 1
0.0372523 0.0164589 0.00626479 0.77527 -0.631249 0.0219547 0.0547851
0.0450602 0.0130225 0.0193885 0.731859 -0.222699 -0.64404 0.802434
-0.0316112 -0.0034473 0.0513018 -0.940626 0.218814 0.259506 0.964806
-0.0205717 -0.0309123 0.0434348 -0.10077 -0.949091 0.298449 1
0.00814868 0.0323506 0.05935 0.479157 0.244352 0.84303 0.616938
-0.0433539 0.0292918 0.00818319 -0.997337 0.0592343 0.0425515 1
-0.000252426 0.0243717 -0.0162181 -0.013157 0.876699 -0.480859 1
0.0196817 -0.00303175 -0.0119863 0.732185 -0.228954 -0.641471 1
0.0277675 0.032572 0.0471454 0.588337 0.231835 0.774669 1
0.0478291 0.0242042 0.0348353 0.440563 0.400081 0.803641 1
-0.023319 -0.0194464 0.0668825 -0.820906 -0.279679 0.497889 1
0.0161855 0.00110573 -0.0165218 0.63985 -0.501114 -0.582647 0.268567
0.0240708 0.000790569 -0.00825071 0.853163 -0.268193 -0.44742 1
-0.039868 -0.00312787 0.0279111 -0.628719 0.604176 0.489575 0.0501447
0.0233394 -0.039818 0.0393815 0.106553 -0.949619 0.294736 1
-0.0149576 0.00369081 0.0795222 -0.456111 0.197179 0.867804 1
0.0229412 -0.0220071 0.0661003 0.46236 -0.233249 0.855464 1
0.0529371 0.0248514 0.0276216 0.963339 0.13084 -0.234219 1
-0.0116939 0.0511308 0.0517003 -0.471562 0.84862 0.239736 1
0.00397178 0.0392804 0.0173214 0.105133 0.92215 -0.372272 1
0.0344155 0.0395884 0.0399237 0.635742 0.627573 0.449426 1
0.0167594 -0.0311749 -0.00101603 0.729483 -0.279715 -0.62419 0.640971
0.0474344 -0.0303682 0.0439118 0.349329 -0.934732 -0.0651566 1
0.00415319 -0.0436801 0.0228718 -0.120656 -0.976348 0.179407 1
-0.00352871 0.0292118 -0.0046638 -0.127671 0.688072 -0.714323 0.41559
0.0042062 0.0182363 -0.0247675 -0.744367 0.0355978 -0.666822 1
-0.0156301 0.0285992 -0.00791755 -0.0348048 0.739274 -0.672505 0.802852
-0.0194775 -0.0393941 0.0116035 -0.732023 -0.565218 -0.380357 0.757681
-0.0363489 -0.0246697 0.0183995 0.11782 0.0242803 -0.992738 0.193231
-0.0170791 -0.0114016 -0.00145333 -0.502736 -0.294365 -0.812776 1
-0.020704 0.0436264 0.0235942 0.0868734 0.970127 -0.226509 1
-0.00805628 -0.0434757 0.00737452 -0.459519 -0.887304 -0.0391674 1
-0.0156477 0.0430763 0.0269571 -0.103148 0.993899 -0.0390459 1
-0.0232221 0.00857443 0.0552814 -0.746635 0.431704 0.50613 0.121976
0.0470284 -0.00290288 0.0287633 0.89469 -0.195201 -0.401779 1
0.0394048 0.0290326 0.00452277 0.253043 0.821159 -0.511534 1
0.0040731 0.0311685 3.97451e-05 0.0942305 0.952108 -0.290878 0.897015
-0.00667882 0.0516785 0.047171 0.099074 0.965782 -0.239686 1
0.0404424 -0.00310754 0.0473049 0.444091 0.220521 0.86842 0.800586
0.0100288 -0.0353755 0.0478144 -0.0607487 -0.928232 0.367008 1
-0.016762 0.00116228 0.0681248 -0.71347 -0.0348242 0.69982 0.0772816
-0.0311927 -0.0204838 0.0591871 -0.757691 -0.310789 0.573859 1
0.0399614 -0.0271482 0.0314934 0.754764 -0.119267 -0.645063 0.483631
0.0361187 -0.0321821 0.0474783 -0.564302 -0.731172 0.383341 0.0674901
-0.0497709 -0.035622 0.0340447 -0.222657 -0.708404 0.669767 1
0.00779114 0.0311967 0.000129355 0.02195 0.982008 -0.18756 0.954101
-0.0361229 -0.00230901 0.00988087 -0.339354 -0.459852 -0.820595 1
0.0394431 -0.035607 0.0356444 0.645474 -0.715361 -0.267624 1
0.0404385 0.0326482 0.035642 0.426102 0.467812 0.774331 0.670957
0.0559835 0.0301474 0.0246747 0.944734 0.326234 -0.0323898 1
-0.0158663 -0.0387363 0.0193711 -0.259982 -0.898057 0.354828 0.427276
-0.0477601 0.00441946 0.0164079 -0.938263 -0.0247976 -0.345032 1
0.00809759 -0.0318244 0.0438698 -0.137262 -0.875059 0.464146 0.0915715
-0.0202428 0.000926457 0.0638839 -0.764663 0.559503 0.319761 0.360632
0.0449634 -0.00354783 0.043476 0.609758 0.249115 0.752421 0.549876
-0.0161909 0.00870355 0.0671439 -0.820314 -0.12082 0.559005 0.302748
-0.00363352 -0.0343928 0.0390398 -0.260241 -0.902472 0.343246 1
-0.0213419 -0.0230273 0.059408 -0.123183 -0.73809 0.663362 0.527888
-0.0238513 0.0403223 0.0358914 -0.732407 0.513323 0.447303 0.771068
-0.0280093 0.0286228 -0.00400241 -0.644424 0.277478 -0.712547 0.411173
-0.00761294 0.0295572 -0.00465312 -0.107104 0.747268 -0.655835 0.705913
0.00389287 0.0488567 0.0515803 0.314422 0.948749 -0.0318523 1
-0.00776063 0.00898312 0.0751915 0.0164904 0.578804 0.8153 0.710802
-0.0329241 -0.014842 0.0515342 -0.689581 -0.164083 0.705376 0.30933
0.0166823 0.0361325 0.0546624 0.0624664 0.197636 0.978283 0.887287
0.0426345 0.00140464 0.0468992 0.582396 0.0707977 0.809816 1
-0.0460381 -0.000260568 0.0125287 -0.623531 0.174197 -0.762145 1
-0.0201458 0.00491371 0.0593184 -0.731307 0.213392 0.647807 0.163994
0.01602 0.0474697 0.0469531 0.0997297 0.994952 -0.0111808 1
-0.0394261 0.00103873 0.0277602 -0.70511 0.287222 0.648324 0.140186
-0.02842 0.00890259 0.0434789 -0.866533 0.174111 0.467766 0.0633906
-0.00720636 0.0515275 0.055612 -0.372006 0.871131 0.320534 1
-0.00351468 0.0515325 0.0554997 0.0613417 0.997812 0.0246482 1
0.0486042 0.0273355 0.00432983 0.320509 0.816033 -0.481003 1
-0.0186993 0.0167843 0.0624513 -0.828066 0.293362 0.477751 1
-0.0039425 -0.0311186 0.0508971 -0.0312845 -0.982203 0.185197 1
-0.0202114 0.00867405 0.0593489 -0.74744 0.250553 0.61527 0.33256
0.0243108 0.0409112 0.043702 0.737143 0.191013 0.648178 0.265192
-0.0309499 0.0246184 -0.00115321 -0.903496 -0.0487803 -0.425812 0.39291
0.0141153 0.0439276 0.0285615 0.172262 0.960985 -0.21641 1
0.00503408 -0.0279049 -0.0116548 -0.370935 -0.354283 -0.858423 1
-0.0469606 0.0152144 0.015476 -0.907386 0.360298 0.216415 1
0.0154791 -0.0388314 0.0347993 0.0895056 -0.982858 0.161177 1
0.0438658 0.0167634 0.0358805 0.800748 0.157141 0.578023 0.116351
-7.40339e-05 0.0494763 0.0552733 0.112214 0.9591 -0.259875 1
-0.0261151 -0.0298809 0.0425669 -0.279068 -0.853824 0.439437 1
0.0443356 -0.0150445 0.047641 0.564252 0.133191 0.814788 0.940557
0.00467715 0.0447163 0.059073 0.376208 0.393699 0.83873 1
0.0037636 -0.0230134 -0.00820086 -0.480992 0.36354 -0.7978 0.0799969
0.0160808 -0.0358396 0.0396663 -0.0120915 -0.716164 0.697827 0.491405
0.0437489 0.0201729 0.0383856 0.589378 -0.0240549 0.807499 0.498115
-0.0514497 -0.0343537 0.0342941 -0.813906 -0.285224 0.506166 1
0.0351545 0.00503829 0.0477615 0.57431 0.168578 0.801093 0.547249
-0.00346171 -0.0389354 0.0272427 -0.0968569 -0.99387 0.0533105 0.946375
-0.0274689 0.0396839 0.0344093 -0.692756 0.531539 0.487396 1
-0.024115 -0.00700519 0.0594934 -0.622968 0.496776 0.604255 0.0584819
-0.0284173 0.0368006 0.0040113 0.189686 0.888742 -0.41732 1
0.0206418 -0.0429521 0.027869 0.0673653 -0.991208 0.113881 1
0.00456675 0.0446469 0.0394438 -0.0391888 0.999232 -0.000618502 0.310829
0.031086 -0.011768 0.0583952 0.584572 0.177643 0.791655 1
-0.0231005 -0.00764907 0.0672065 -0.635714 0.416737 0.649768 1
0.0402702 -0.0331783 0.0403374 0.486419 -0.870726 0.0723418 0.134589
-0.0367358 -0.0267707 0.0509931 -0.422331 -0.471181 0.774354 1
0.0175508 -0.0235029 -0.0049999 0.643525 -0.262836 -0.718883 0.851607
0.0345757 -0.0225545 0.0555168 0.726654 -0.153005 0.669749 0.719933
-0.0381706 -0.0203923 0.0502625 -0.77685 -0.0175329 0.629442 1
0.015975 -0.0196172 -0.00863736 0.785443 -0.242101 -0.569619 1
-0.00465994 0.043447 0.0249042 0.078087 0.9475 -0.310074 1
-0.0159258 -0.0398344 0.0155627 -0.372078 -0.733254 0.569119 0.13121
-0.00407268 0.0128104 0.0749587 0.219432 0.260782 0.940129 1
-0.00766568 0.0489276 0.0437541 0.218035 0.821725 -0.526525 1
-0.0321935 -0.0321683 0.0276564 -0.153315 -0.7551 0.637431 0.314179
-0.0478181 0.00485101 0.0190737 -0.992454 0.00934867 0.122261 1
-0.0197348 0.000937234 0.0673101 -0.810634 0.300628 0.502489 0.770326
0.0425155 0.00611188 0.0169637 0.74839 -0.281889 -0.600376 1
-0.00761144 0.0393841 0.016524 0.057245 0.976896 -0.205905 1
-0.0237814 -0.0389208 0.0125652 -0.328883 -0.727567 -0.602065 1
-0.000642094 0.0354723 0.00847883 0.144159 0.943781 -0.297481 1
-0.0355952 0.0363992 0.0196976 -0.948598 0.271928 0.161914 1
-0.00119661 0.0119111 -0.0191015 -0.346842 0.169185 -0.922538 1
0.0190365 -0.0313267 0.000560664 0.71001 -0.302788 -0.635771 1
-0.0468721 0.0125042 0.0128286 -0.899535 -0.0623285 -0.432379 1
-0.0208788 -0.0223672 0.0633056 -0.0036289 -0.997382 0.0722203 0.805715
-0.0366728 0.0389339 0.00285732 0.0111594 0.963729 -0.266649 1
0.00791747 -0.0441548 -0.000202456 0.022211 -0.528854 -0.848422 0.170362
-0.0391084 -0.0262664 0.0482484 -0.84733 -0.294145 0.442165 1
0.0528678 0.0288549 0.0275685 0.907096 0.162585 0.388257 1
0.0238658 -0.0283267 0.0588284 -0.0756295 -0.762147 0.642972 0.629112
0.000441325 0.0352748 0.0114109 0.0625795 0.969178 -0.238283 0.678707
0.04512 0.0212016 0.0153962 0.452801 -0.694608 -0.559008 0.162917
0.0271776 0.0239132 0.0502113 0.631139 0.140697 0.762803 0.877788
0.0230876 -0.011204 -0.00370123 0.802604 -0.238096 -0.546935 1
0.0400414 -0.0278458 0.0545327 0.336018 -0.12644 0.93333 1
0.0322995 0.0205681 -0.00416853 0.688536 -0.0547304 -0.723134 0.726215
-0.0389421 0.0367584 0.0112103 -0.969258 0.211719 0.125355 1
-0.0432715 0.020365 0.00856294 -0.932558 0.0314013 -0.359651 1
-0.00505598 0.0436293 0.0626859 -0.294737 0.414125 0.86118 1
0.00391907 -0.0281839 -0.00562532 -0.534424 -0.389094 -0.750331 0.0816155
0.016386 -0.0405629 0.0271924 -0.165791 -0.97733 0.131682 0.210364
-0.0192153 0.0211007 0.0558149 -0.96067 0.0818076 0.265368 0.612506
0.0356435 -0.0315945 0.0520125 -0.0167857 -0.84818 0.529441 1
0.0300947 0.0277177 0.0465364 0.562931 0.419229 0.712289 0.851565
-0.0394951 -0.027907 0.0430246 -0.421583 -0.441566 0.792014 1
0.0285304 0.0164592 -0.00843152 0.796158 -0.184486 -0.576279 0.609321
-0.0382953 0.0276063 0.0221165 -0.822275 0.367688 0.434361 1
0.0161861 0.0449293 0.047605 0.384675 0.872953 0.299965 0.246893
-0.00342653 -0.0234405 0.0673175 -0.288665 -0.868559 0.402838 1
0.0159276 -0.0105126 0.0670948 0.503524 0.127701 0.854491 0.520203
0.0400341 -0.0271974 0.0523712 0.376701 -0.200989 0.904268 0.224056
0.0334524 0.0200101 -0.00141939 0.658818 -0.496889 -0.564854 0.0739231
-0.0278897 0.0436712 0.0196317 -0.0381165 0.981842 -0.185829 1
0.0203885 -0.0356957 0.0394733 -0.0877421 -0.71673 0.691809 0.247051
0.0475082 0.0165251 0.0199836 0.6178 -0.557457 -0.554586 0.635019
-0.0356588 0.0370348 0.0150732 -0.734429 0.513607 0.443646 0.555943
0.0162799 0.0253698 -0.00880782 0.307571 0.81797 -0.486132 0.362992
0.0242756 -0.0351077 0.0483944 0.260261 -0.904696 0.337325 1
0.0369881 -0.011644 0.0188025 0.782545 -0.161559 -0.601267 0.557901
0.0180725 0.0205513 -0.0178711 0.361827 0.882492 0.300483 0.0585613
0.0239548 -0.0177672 -0.00363993 0.797225 -0.249499 -0.549712 1
0.0469241 0.0299984 0.012455 0.851004 0.356541 -0.385578 1
-0.014567 -0.0232863 0.0748543 -0.219784 -0.733199 0.643517 1
0.0516578 -0.030703 0.0401521 0.690522 -0.574035 -0.440071 1
0.0079794 -0.0418944 0.0265281 0.0458123 -0.902757 0.427705 1
-0.031905 -0.0270251 0.0432069 -0.101004 -0.955233 0.278081 0.725122
0.0261892 0.0312448 0.000695861 0.100528 0.883658 -0.457213 1
0.0555858 0.023548 0.0286466 0.988656 0.144416 0.0412693 1
-0.00811383 0.0355038 0.00416201 0.0475572 0.986812 -0.154728 1
-0.0470611 -0.0149656 0.0273098 -0.997832 0.0643061 -0.0140202 1
-0.019233 0.0248209 0.0515852 -0.872813 0.280459 0.399424 0.543049
0.047614 -0.000746525 0.0249317 0.910087 -0.208316 -0.358254 1
0.00886772 0.039405 0.0592834 0.461503 0.233678 0.855809 1
-0.0449944 -0.0151279 0.0235953 -0.642585 -0.548844 -0.534655 0.16632
-0.00798811 -0.0390388 0.0237147 -0.120117 -0.955602 0.269065 0.985432
-0.0164957 0.0101026 -0.00477128 -0.456409 -0.181697 -0.871021 0.487949
-0.0190006 0.00372459 0.0680694 -0.843023 0.361102 0.398645 1
-0.0471384 0.000537458 0.0194415 -0.998929 0.0284394 -0.036504 1
0.0447964 0.000462351 0.0235061 0.723132 -0.22888 -0.651686 0.843602
-0.0241438 0.0394465 0.0118693 0.124252 0.931169 -0.342762 1
0.0286712 0.0423473 0.0325418 0.22746 0.899739 -0.372468 1
0.0308885 -0.019942 0.0114949 0.845951 -0.224198 -0.483841 0.660792
0.00805813 0.045184 0.0433332 0.148524 0.886708 -0.437823 0.480018
0.0117402 -0.0271447 0.0663869 0.0910252 -0.813054 0.575028 1
-0.0438702 -0.0108753 0.0183821 -0.110217 -0.321047 -0.940628 0.306012
-0.00859966 0.0128986 0.07216 -0.337883 0.321884 0.884435 0.0607761
0.0441578 0.0247122 0.0120735 0.786781 -0.256212 -0.561543 0.179615
0.0438202 0.00494071 0.0401655 0.625783 0.198109 0.754419 0.307162
0.00135337 0.0446382 0.0586489 0.145778 0.522949 0.839805 0.26658
-0.0141417 0.015625 -0.0100106 -0.499377 -0.0566645 -0.86453 0.675905
0.00709596 -0.0197064 0.0720549 0.423913 -0.631975 0.648773 0.613931
-0.0151924 0.0448293 0.0475644 -0.884568 0.402682 0.235343 0.927335
0.0221713 -0.0354913 0.0502969 0.105149 -0.896339 0.43072 1
0.0391346 -0.0267455 0.0280213 0.780343 -0.257217 -0.570004 1
0.0189878 0.00403051 0.0621387 0.540834 0.240085 0.806138 1
0.00452523 0.0442057 0.0559241 0.571689 0.791887 0.214679 0.147735
-0.0158815 0.0281873 0.0522887 -0.79719 0.184731 0.574771 0.12517
0.0080816 -0.0156625 0.0748295 0.524351 0.00679997 0.851475 1
-0.0275198 0.0325131 0.0353155 -0.936686 0.134303 0.323392 0.566001
-0.0399033 0.0165412 0.00725359 -0.775395 -0.0350006 -0.630505 0.777536
-0.0157491 -0.0313958 0.0394584 -0.162404 -0.801432 0.575615 0.466964
0.0071744 0.0433141 0.0594762 0.427601 0.401802 0.809761 1
-0.00382463 -0.0399003 0.0189747 -0.116105 -0.611973 0.78231 0.0765379
-0.0170283 0.040619 0.043506 -0.489703 0.680211 0.545439 0.0546318
-0.0239803 -0.0357867 0.0119257 -0.46023 -0.288531 -0.839606 1
0.0268506 0.0279838 0.050988 0.55215 0.296222 0.779348 1
-0.0361381 -0.0314172 0.0195754 -0.684192 -0.331773 -0.649467 0.768027
0.0471609 0.0221596 0.0139831 0.802363 -0.43702 -0.406481 1
-0.0194763 0.0333463 0.00323812 0.328788 0.706236 -0.627 0.325434
0.0393095 0.00886111 0.0090528 0.856723 -0.3011 -0.418765 1
-0.0162563 0.0406917 0.047565 -0.813609 0.360659 0.456032 0.403729
0.0284816 0.0437509 0.042844 0.386798 0.819178 0.423479 1
-0.00520847 -0.0307772 -0.003139 -0.548467 -0.314553 -0.774752 1
-0.0359982 -0.030808 0.038538 -0.00432454 -0.952767 0.303671 1
0.0230952 0.0366316 0.0483439 0.711955 0.263549 0.650893 1
0.036343 -0.0358119 0.0357789 0.492628 -0.791882 -0.360888 0.516569
0.0241684 -0.0195771 0.0628764 0.460809 0.21873 0.860123 0.680242
0.0039135 -0.0469511 -0.000698206 -0.0977718 -0.985229 -0.140584 1
0.0307037 -0.0424445 0.0246882 0.442271 -0.87668 -0.189285 1
-0.0466873 -0.0307201 0.032762 -0.578185 -0.807988 -0.113394 1
0.0368827 -0.0150775 0.054814 0.427324 0.175883 0.886825 1
-0.0230233 -0.0275147 0.0586777 -0.203167 -0.804349 0.558341 1
0.0365165 0.0083163 0.0075229 0.838138 -0.302715 -0.453749 0.86439
0.0353482 0.0192475 -0.00334405 0.743241 -0.221912 -0.631149 1
0.0327537 -0.0358186 0.0272462 0.759921 -0.647686 -0.0549851 0.373737
0.0148107 0.02338 -0.0271242 8.48297e-05 0.660618 -0.750722 1
0.0160474 0.0313038 0.00107416 0.155981 0.83252 -0.531584 1
-0.0195858 -0.00709983 0.0711721 -0.78149 0.368098 0.503764 0.989695
-0.0312272 -0.0189364 0.0117372 -0.504097 -0.319743 -0.802279 1
-0.00100791 0.0320428 0.0671438 0.348258 0.459586 0.817005 1
0.035827 -0.0194167 0.0552492 0.538037 0.0462599 0.841651 1
0.0393637 -0.03438 0.0506383 0.112307 -0.871298 0.477732 1
-0.0308403 -0.0151358 0.0553912 -0.960043 -0.0873072 0.265883 0.367992
0.00747152 -0.0396453 0.0345559 -0.171513 -0.935584 0.308653 1
-0.0435625 0.00891746 0.0159515 -0.776821 0.0186587 -0.629445 0.412553
0.0405126 0.0371712 0.0314185 0.425512 0.821497 -0.379581 0.989527
0.025293 0.020841 -0.0132804 0.663517 -0.13049 -0.736694 0.178076
0.0191662 0.0395121 0.0542452 0.548387 0.398467 0.735184 1
-0.0438582 -0.0275488 0.042052 -0.7533 -0.270934 0.599278 1
-0.00878702 -0.00308285 -0.00740636 -0.530645 -0.219952 -0.818558 0.801352
-0.0268756 0.0203042 0.0432059 -0.831685 0.450098 0.325133 0.827202
-0.0470169 0.0149907 0.0133713 -0.889956 0.381287 -0.250196 1
0.000596459 0.0406744 0.0599021 0.422861 0.391099 0.817453 0.103421
-0.0492158 -0.0324961 0.0348825 -0.518893 -0.154085 0.840838 1
0.011765 0.0471894 0.0472908 0.0359244 0.999119 0.0217116 1
0.00683595 0.0245036 0.0638917 0.555323 0.160699 0.815961 1
-0.0168573 -0.0267943 0.0517665 -0.0984862 -0.972339 0.211797 0.787888
-0.011921 0.0368448 0.0557545 -0.722007 0.233575 0.651267 0.269448
0.00764919 -0.0312571 0.0470452 -0.26992 -0.831397 0.485718 0.204602
0.0438775 -0.00387801 0.0466496 0.632037 0.199553 0.748804 1
-0.011994 0.0330614 0.0034187 -0.341738 0.883781 -0.319604 0.236172
-0.0356218 0.00450003 0.0390043 -0.944591 0.183744 0.272002 1
0.00528493 -0.0423444 0.0264605 -0.111084 -0.90847 0.402918 1
-0.00579712 0.0289795 -0.00190548 -0.204846 0.930286 -0.304314 0.0533412
-0.0390983 -0.0109972 0.0149441 -0.565994 -0.318055 -0.760586 1
-0.00294543 0.0488499 0.0629777 -0.171566 0.55693 0.812647 1
0.00941151 -0.0514839 0.000375794 0.0327529 -0.985159 -0.168491 1
-0.0161882 -0.0226372 0.0715061 -0.0938276 -0.96589 0.241355 1
0.00809512 0.00407244 0.0663363 0.207227 0.230607 0.950725 0.409842
-0.039134 0.0380494 0.000998127 -0.526667 0.591947 -0.610099 1
0.0551569 0.0209125 0.0294375 0.992265 0.00771358 -0.123898 1
0.0232106 0.00147777 0.0604508 0.578304 0.268025 0.770537 1
0.0228604 0.0356824 0.0118579 0.149608 0.983236 -0.104237 1
0.0350838 0.00525466 0.00461357 0.812497 -0.261586 -0.520981 1
0.0391512 0.00483691 0.0466931 0.411987 0.25746 0.87406 1
-0.00387025 0.012903 0.0721658 0.851083 0.435624 0.29307 0.0614878
-0.028677 -0.0275301 0.05164 -0.096426 -0.994647 0.0371328 1
-0.0446151 -0.0308535 0.035561 -0.202892 -0.873444 0.442641 1
0.011855 0.0329964 0.0584229 0.488779 0.268135 0.83018 1
-0.0084467 0.0514572 0.051723 -0.124193 0.986138 0.110036 1
0.0244013 0.0366041 0.0196779 -0.0726139 0.811144 -0.580321 0.89377
0.0286948 -0.0107752 0.0559002 0.534849 0.473004 0.700145 0.0569024
0.0324094 0.0318371 0.0042404 0.216592 0.907865 -0.358984 1
-0.0263256 0.00228217 0.0022159 -0.578729 -0.342208 -0.740248 0.953543
-0.0219701 -0.00426389 0.000240972 -0.620302 -0.0326505 -0.783683 1
0.00372777 0.0140214 0.07052 0.479712 0.248652 0.841456 1
-0.0123312 0.0349797 0.00696865 0.0688808 0.99066 -0.117681 0.612886
-0.0234934 0.00470706 0.0552724 -0.724177 0.112467 0.680381 0.087051
0.0156578 -0.0193719 0.0677562 0.468175 0.224641 0.854604 0.366303
-0.0403373 0.00850694 0.0160791 -0.136988 -0.679016 -0.721229 0.0597495
0.046639 -0.0305473 0.0503082 0.653144 -0.472769 0.591517 1
0.0322495 -0.00687714 0.00779841 0.768929 -0.422103 -0.480184 1
0.000107074 0.0448175 0.0394701 0.0897353 0.79608 -0.598501 0.324022
0.0124618 0.000591219 -0.0199697 -0.404284 -0.684698 -0.606418 0.1252
-0.0156785 -0.0308588 0.0467729 -0.194204 -0.915806 0.351545 1
-0.0236348 0.0331153 0.0390659 -0.783801 0.312294 0.536777 0.239973
0.0478869 0.0335072 0.0310758 0.51625 0.391824 0.76155 1
-0.00354225 0.0273864 -0.0120368 0.070271 0.970905 -0.22892 1
-0.00774045 0.0435182 0.0314916 0.105486 0.922806 -0.370542 0.714113
0.0479942 6.40352e-05 0.0362328 0.991744 0.111466 0.0634044 0.167127
0.0387049 -0.0118648 0.0197571 0.76209 -0.186813 -0.619936 1
-0.0436227 -0.0232355 0.0208376 -0.73449 -0.199214 -0.64872 1
-0.0285954 -0.0114047 0.00903616 -0.0461161 -0.28668 -0.956916 0.86004
0.020632 0.0124935 0.0563302 0.643131 0.124343 0.755593 0.308889
-0.0487386 -0.0243258 0.024267 -0.702813 0.107813 -0.703157 1
0.0352314 -0.034524 0.0282576 0.571188 -0.751624 -0.329857 0.704452
0.0321273 0.0333879 0.0153733 0.335168 0.825064 -0.454898 1
0.0120768 0.00717463 0.0669229 0.415853 0.35063 0.839121 1
-0.00806764 0.0181541 -0.0134987 -0.162943 -0.399275 -0.902236 0.61674
-0.0150757 0.0393774 0.0156968 -0.083772 0.978326 -0.189366 1
0.0518245 0.0257721 0.00414029 0.503219 -0.0750389 -0.860895 1
-0.0276055 0.00500217 0.0472984 -0.606231 0.36483 0.706671 0.0546329
-0.0203407 0.021018 -0.0079231 -0.583136 -0.351693 -0.732301 0.759143
0.0190604 -0.0472861 0.0117348 0.318784 -0.94779 0.00839 1
0.00406357 -0.0267405 -0.00939178 -0.494686 -0.602118 -0.626689 0.0992892
-0.0192054 0.0207001 0.0590454 -0.830092 0.228777 0.508535 1
0.0432775 0.0163535 0.0398739 0.658593 0.155774 0.736199 1
0.0157501 -0.0393849 0.0315093 -0.203095 -0.890281 0.407617 0.81499
0.00848206 -0.0500003 0.00229915 -0.153486 -0.981027 0.11844 1
-0.0365469 0.0325523 0.00337756 -0.163866 -0.434714 -0.885535 0.1513
0.0156476 0.0475453 0.0510215 0.270792 0.881493 0.386835 1
0.0449217 0.0259815 0.00116138 0.0790615 -0.148568 -0.985737 1
0.0323084 0.0331713 0.0431217 0.513206 0.276372 0.81255 1
0.00407076 0.0354931 0.00783983 0.0198277 0.928081 -0.37185 1
0.0450001 -0.0207935 0.0384135 0.848475 -0.150914 -0.507262 0.308993
-0.0275239 -0.0276571 0.0122657 -0.561416 -0.268124 -0.782893 1
-0.0472321 -0.0115246 0.0273578 -0.989082 0.0234885 0.145484 1
0.0490203 -0.0112764 0.0394871 0.970761 -0.198958 -0.13431 0.055333
0.0117577 0.0273828 -0.0052148 0.169377 0.921241 -0.350179 0.732698
0.00750429 -0.0152062 -0.0135653 -0.489667 -0.0917695 -0.867067 0.13969
-0.0350314 0.00836049 0.0392919 -0.85728 0.334825 0.391104 1
0.0200049 -0.0395361 0.0389658 -0.0241712 -0.935888 0.351468 1
0.0470867 0.0129728 0.0358768 0.769901 0.225813 0.596877 0.43452
0.0198769 0.0184567 -0.0274061 0.473104 0.14905 -0.868307 1
0.0277192 0.0403813 0.0400545 -0.216651 0.953853 0.207911 0.137596
0.00407039 0.0364341 0.0599815 0.657017 0.302602 0.690479 0.326098
-0.00393349 -0.0392878 -0.000940275 -0.672964 -0.117328 -0.730311 1
-0.0159611 0.0413168 0.0240894 -0.474943 0.770294 -0.425531 0.220496
0.0153655 0.016686 0.059983 0.511571 0.300642 0.804928 0.778547
0.0289505 0.0396558 0.0310703 0.104282 0.84907 -0.517886 0.700029
-0.0191113 0.041497 0.0432223 -0.906929 0.2912 0.304438 0.744471
0.029178 0.0366376 0.0433874 0.470109 0.38883 0.792344 0.938103
0.0362516 0.0207433 -0.000532177 0.792539 -0.328221 -0.513959 0.965801
0.0275649 -0.0156724 0.0595241 0.505483 0.139367 0.851507 0.714596
-0.0243025 -0.0271965 0.047567 -0.226672 -0.94149 0.24943 0.68238
-0.0162384 0.0451422 0.0349622 -0.112907 0.750119 -0.651593 0.229964
-0.0193654 0.0224522 0.0586312 -0.843792 0.197662 0.498944 1
0.0159037 -0.0343635 0.0431909 0.00896621 -0.916741 0.399382 0.739116
-0.0485812 -0.00419769 0.0231917 -0.91945 0.377912 0.108598 1
-0.000455933 0.0368372 0.0635389 0.191375 0.266617 0.944611 1
0.0233169 -0.00706993 0.0595446 0.691607 0.257218 0.674921 0.0929689
0.00812831 0.044847 0.040312 0.320726 0.928288 -0.188191 1
-0.0158436 -0.00278571 0.0716565 -0.816746 0.202018 0.540476 0.278992
0.0193925 -0.00763536 0.0631559 0.482993 0.352249 0.801647 0.107929
0.019815 -0.0198211 0.0673932 0.433182 0.0129505 0.901213 1
0.00812799 0.0408746 0.0552262 0.64156 0.392366 0.659128 0.146364
-0.00791296 0.048423 0.0474905 0.364872 0.926491 -0.0921014 0.119772
-0.00429697 0.0475007 0.0435962 0.257604 0.945714 -0.198152 1
0.0152841 0.0207119 0.0591627 0.600684 0.197838 0.774621 0.987355
-0.00676235 -0.000609702 -0.0106675 -0.706371 -0.0290833 -0.707245 1
-0.0278231 0.0156831 0.0481183 -0.651533 0.378882 0.657231 1
0.00618355 0.0474487 0.0383871 0.167156 0.975922 -0.140127 1
0.00770845 -0.00749277 -0.0190988 -0.243701 -0.224873 -0.94342 1
-0.0201316 -0.0388599 0.0191234 -0.181681 -0.973638 0.13792 1
0.0318696 -0.0399585 0.0283684 0.616651 -0.754007 0.226309 1
0.0358505 0.0237803 0.046662 0.550186 0.249514 0.796893 1
0.0179184 0.0233585 -0.0204673 -0.133855 0.904906 -0.404016 1
0.0258705 0.0329085 0.0443968 -0.00943372 0.319974 0.947379 0.0597775
0.0119392 0.0128431 0.0635319 0.390574 0.143942 0.909249 0.905887
1.54645e-05 -0.00296464 0.0747529 0.687901 0.0923602 0.719904 0.514285
0.00839789 0.0169531 0.0636153 0.673685 0.2324 0.701526 0.374663
0.0508676 0.0351714 0.0227764 0.677169 0.702348 -0.219431 1
-0.0234437 -0.0109918 0.0670253 -0.803602 -0.144715 0.577305 0.388501
0.0402211 -0.0308612 0.0313307 0.858616 -0.299185 -0.416254 1
0.0394066 -0.0350344 0.028729 0.757127 -0.592638 -0.274842 1
-0.0119581 0.0412883 0.0307319 -0.24035 0.905357 -0.350087 0.0619395
0.0272287 0.0132651 0.0511729 0.54966 0.140714 0.823452 0.432256
0.00878639 0.0392865 0.0169363 -0.0206249 0.915112 -0.402673 1
0.0433534 0.0319477 0.0151323 0.141253 0.933654 -0.329147 1
0.000342293 0.00368996 0.0747161 0.564594 0.332047 0.755631 1
0.0474079 -0.0309787 0.0470008 0.631305 -0.697172 0.339714 1
0.0491987 0.029043 0.019225 0.636732 0.535467 -0.55484 0.46101
0.0163425 0.0208955 0.0556507 0.589375 0.163351 0.791172 0.0609777
0.0112248 -0.0113748 0.0718248 0.498585 0.138155 0.855761 1
0.0150353 -0.00308406 0.0663096 0.573827 0.141642 0.806635 0.990268
-0.0355426 0.0011129 0.0423497 -0.874908 0.0755255 0.478363 1
-0.0231284 -0.0147684 0.0702553 -0.801115 -0.239744 0.548396 1
0.031508 -0.0207496 0.0588643 0.542545 0.20308 0.81511 1
0.023031 0.0329901 0.0502086 0.770658 0.206641 0.602815 1
0.00321836 0.00445752 0.0714909 0.618711 0.185765 0.76334 1
0.028056 0.0348956 0.0467124 0.573446 0.337719 0.746395 1
0.0238232 0.0200929 0.0543699 0.590021 0.278509 0.757831 1
-0.00343838 0.00842597 0.0752125 0.475438 0.297239 0.828014 1
0.0352322 -0.0112945 0.0552752 0.565281 0.180701 0.804863 1
-0.0354965 0.00487762 0.035016 -0.804893 0.274619 0.526053 0.23318
0.0342515 -0.0218114 0.0581271 0.653479 -0.0201262 0.756677 1
0.0323643 0.0370673 0.0398153 0.523418 0.266109 0.809456 0.299065
0.0030625 0.0275469 -0.00879235 0.140487 0.871356 -0.470108 0.81222
0.0199513 -0.0118478 0.0665523 0.578881 0.0245831 0.815041 1
0.039983 0.0245097 0.0395301 0.767037 0.224276 0.601128 0.286109
-0.0395725 0.0328729 0.00746924 -0.764185 0.593271 0.253081 0.168197
0.0108831 -0.0435977 -0.00448584 0.514169 -0.681184 -0.52117 1
0.0197658 0.0131673 -0.0234173 0.726511 -0.27354 -0.630363 1
0.0484489 0.0355487 0.023914 0.123481 0.990966 -0.0523422 1
0.0209958 -0.0193179 -0.00123474 0.741825 -0.50614 -0.439906 0.333827
-0.000961586 0.0282752 0.0682938 0.382535 0.239917 0.892248 1
0.000624222 0.0514716 0.05737 0.227017 0.95677 0.181806 1
0.00428586 -0.00764863 0.0748366 0.51011 0.15231 0.846516 1
0.0192812 -0.0351628 0.00327897 0.838423 -0.307207 -0.450189 1
0.0403238 -0.0189288 0.0513783 0.61007 0.157621 0.776511 0.495905
0.0216415 -0.0394223 0.0111257 0.664278 -0.358842 -0.655719 0.455058
0.0356463 0.0365695 0.0390492 0.666292 0.477097 0.573091 1
0.0435998 -0.0274428 0.0329273 0.836142 -0.274524 -0.474871 1
0.01043 -0.0342842 -0.00868059 0.747076 -0.574297 -0.334753 1
0.0156435 0.0164739 -0.0270601 0.079834 -0.0542837 -0.995329 1
0.0506576 -0.000588839 0.0401052 0.889092 0.0373537 0.456201 1
0.0160888 0.0288875 0.0549763 0.717862 0.0542224 0.694071 0.347492
0.0406998 -0.0229169 0.0546653 0.444217 0.17914 0.877827 1
-0.0450108 0.000535118 0.0126168 -0.430569 -0.116636 -0.89499 1
0.0484622 -0.0187417 0.0439663 0.973375 0.00351035 0.229193 1
-0.0401082 0.0209358 0.0156812 -0.783524 0.173972 0.59651 0.239331
-0.0144863 0.00330568 -0.0055187 -0.572273 0.345082 -0.743923 0.672288
0.0434467 0.036532 0.0309128 0.421651 0.889601 -0.17556 1
-0.0158563 -0.0277308 0.00358079 -0.541394 -0.231996 -0.808127 1
-0.00160088 -0.00157702 0.0791784 0.490598 0.106841 0.864811 1
-0.038876 0.00026107 0.0107345 -0.63854 -0.291175 -0.712379 1
0.0479676 0.00465095 0.0394607 0.401601 0.237791 0.884405 1
0.0441762 0.0206932 0.0115411 0.818413 -0.429981 -0.381204 1
0.0283218 0.0237116 0.0477653 0.607517 0.222672 0.762457 0.245636
-0.0019973 -0.0140837 -0.0112625 -0.563252 -0.250111 -0.787523 1
0.0425446 0.00404069 0.0434459 0.798786 0.402933 0.44675 0.66349
0.0436812 -0.00807218 0.0474058 0.651482 0.170366 0.739288 1
-0.00335445 -0.0479674 -0.000845503 -0.270321 -0.906506 -0.324305 1
-0.00867311 -0.0347817 0.0350993 0.00968684 -0.909959 0.414585 0.961079
-0.0443306 0.00442747 0.0162121 -0.576895 0.0339072 -0.816114 0.239642
0.0400967 -0.00724165 0.0475477 0.543891 0.40156 0.736839 0.186023
-0.0401303 -0.0111726 0.0350681 -0.754862 0.318094 0.573585 0.0786699
-0.0222877 -0.0113387 0.000558436 -0.664462 -0.366095 -0.65151 1
0.0389553 -0.0181424 0.0540743 0.627681 0.0123363 0.778373 1
0.0359498 -0.00305089 0.0479036 0.719226 0.249136 0.648572 0.122257
-0.0390588 0.0130803 0.0233497 -0.956678 0.180326 0.228584 0.66391
-0.0119943 -0.0115785 -0.0041213 -0.471688 -0.301798 -0.82851 1
0.0365397 0.0125986 0.0465339 0.48414 0.268955 0.832629 0.951643
0.0124959 0.0285851 0.0587512 0.240329 0.240211 0.9405 0.86989
-0.0154566 0.0409019 0.0512716 -0.942657 0.134558 0.305438 0.914943
0.039305 0.00884169 0.0106686 0.902673 -0.354221 -0.244354 1
-0.000770773 -0.00363646 0.0788708 0.440969 0.0740296 0.894464 1
-0.039576 0.033312 0.0147932 -0.886063 0.233189 0.400643 1
0.0261677 -0.000268378 0.0584896 0.572581 0.357951 0.737579 1
0.0273033 0.0167057 0.051258 0.411998 0.105398 0.905068 0.559482
0.0307655 0.0354105 0.0163712 0.281142 0.907124 -0.313185 1
-0.00171906 0.0500808 0.0625769 0.118709 0.561866 0.818666 1
-0.0191244 0.0288123 0.050827 -0.790528 0.0808838 0.607061 0.699147
-0.023788 0.0202024 -0.00778288 -0.538058 -0.250038 -0.804969 1
-0.0196926 -0.0384902 0.0261686 -0.225532 -0.89912 0.375125 1
-0.0354648 0.0170827 0.0271128 -0.784867 0.439314 0.43702 0.223991
0.0240136 -0.00367686 0.0588491 0.418367 0.254104 0.872009 0.332695
0.0137793 -0.0417557 0.0264195 -0.208619 -0.930828 0.300063 1
0.0273835 0.0420564 0.0436581 0.375216 0.492594 0.785216 1
0.019879 0.0212129 0.0557083 0.528599 0.243177 0.813295 1
0.000762523 -0.0191886 0.075682 0.196134 -0.766576 0.611468 0.759576
0.0197086 0.0156848 0.058267 0.587883 0.261099 0.765651 1
0.0221305 0.00398174 0.0604068 0.625189 0.343083 0.701023 1
0.0200789 -0.0148639 0.0663679 0.604309 -0.0498287 0.79519 1
0.0194965 0.0375519 0.0269704 0.212506 0.915641 -0.341238 0.0979082
0.00608989 -0.00609583 0.0740921 0.515429 0.116947 0.848915 1
0.0328531 0.0337059 0.0184312 0.298129 0.912075 -0.281494 0.383008
0.0365136 -0.0354919 0.0312538 0.497049 -0.853649 -0.155644 1
0.0403867 -0.0346517 0.0475349 0.0469742 -0.973063 0.225702 1
0.0148949 0.0244712 0.0593652 0.58843 0.199855 0.783459 1
-0.00435715 -0.0395451 0.0307924 -0.108472 -0.942567 0.315914 1
-0.0447584 -0.0279074 0.0271036 -0.56912 -0.814739 -0.110921 0.0629969
0.0107545 0.0366891 0.0584502 0.513481 0.227132 0.827495 1
-0.0391652 0.0164127 0.00428113 -0.727772 -0.139122 -0.67156 1
-0.0169827 -0.0309129 0.043656 -0.0958484 -0.960953 0.259581 1
0.0119533 0.0230491 0.063355 0.502889 0.191578 0.842853 1
0.0240044 -0.0113394 0.0628452 0.641625 0.0270592 0.766541 1
0.00817106 -6.65357e-05 0.0705575 0.465183 0.317204 0.82643 1
-0.0321557 -0.0112771 0.0552439 -0.694268 -0.102904 0.712322 0.474966
-0.024301 -0.00668636 0.00676097 -0.546411 -0.576181 -0.607825 0.255301
-0.0124508 -0.038639 0.0302679 -0.154586 -0.910846 0.382704 1
0.00333374 0.00860211 0.0712288 0.489985 0.202057 0.84799 1
0.00274317 0.00105252 0.0718431 0.766983 0.224323 0.601179 0.531941
0.00110187 0.0439456 0.0627379 0.29777 0.383978 0.87401 1
-0.0268322 -0.0387347 0.0160422 -0.426778 -0.899915 -0.0895141 1
-0.0352857 -0.0347766 0.0194327 -0.49521 -0.799147 -0.340781 1
0.00060941 -0.0354927 -0.00492085 -0.573413 -0.325563 -0.751802 0.954713
0.0161477 0.0450717 0.0434093 0.213944 0.8959 -0.389347 1
-0.0399773 0.0291247 0.0114441 -0.776402 0.566339 0.276514 0.350322
0.0436424 0.024414 0.00872306 0.67327 -0.452297 -0.584923 0.791379
0.00894973 0.000599324 0.0670313 0.405638 0.424097 0.809691 0.235424
0.0195432 -0.0289813 0.055947 -0.0051036 -0.772847 0.634571 0.47002
0.000410234 0.0328034 0.0631907 0.424413 0.355521 0.832754 0.404929
-0.0365362 0.0208446 0.0240533 -0.7693 0.38648 0.508734 0.411694
0.0436885 -0.0275576 0.0514389 0.576556 -0.166227 0.79997 1
0.0161531 -0.0473255 0.00750085 0.246922 -0.966766 -0.0662851 1
0.0271515 -0.00715212 0.000249965 0.78195 -0.261212 -0.56597 1
0.0240844 0.0206381 0.0525927 0.608043 0.32661 0.723609 0.493976
0.0298228 -0.0298668 0.0583157 0.00313666 -0.710923 0.703263 1
0.0272713 0.0234416 -0.0149388 0.672243 0.435088 -0.598989 1
-0.0359841 -0.0268212 0.0473593 -0.152884 -0.968433 0.196885 1
0.0486506 -0.0110103 0.0352059 0.926408 0.154512 -0.343357 0.23424
0.0114123 0.0289195 -0.000280676 0.476782 0.65847 -0.58232 0.187946
-0.0478082 -0.0233 0.027392 -0.816147 0.49133 -0.304136 0.546156
0.00802939 -0.0190334 -0.0159437 -0.506762 -0.320953 -0.800114 1
0.0486757 0.00860834 0.0278366 0.78019 -0.122103 -0.61351 0.397498
0.00816622 -0.0240264 -0.0135885 -0.666635 -0.113546 -0.736685 1
-0.0476032 -0.0196661 0.0312444 -0.948674 0.231314 0.215668 1
0.0490713 0.0121813 0.0266192 0.825008 -0.28624 -0.487266 0.593968
-0.0470004 -0.0232367 0.0308159 -0.952478 -0.295317 0.0746539 0.15772
0.024287 0.0439844 0.0435375 0.340127 0.928725 0.147591 1
0.0280554 -0.0348546 0.0463064 0.100767 -0.936256 0.336557 1
0.0489511 0.0154856 0.0260821 0.811368 -0.42769 -0.398451 0.194594
-0.0365536 0.00715069 0.00512555 -0.575453 -0.249084 -0.778981 1
0.0481438 0.0128096 0.0236007 0.888242 -0.256548 -0.381063 1
0.0473911 0.00773607 0.0213341 0.870604 -0.147538 -0.469342 1
-0.0477558 -0.0240993 0.0346034 -0.899174 -0.0079741 0.437518 1
0.052401 0.0204183 0.0315733 0.680664 0.562011 0.469937 0.735222
0.0115113 0.0212108 0.0594588 0.522096 0.0413287 0.851885 0.178289
-0.0109788 0.0172703 -0.015223 -0.466779 -0.149582 -0.871632 1
0.00736058 0.028913 0.0589552 0.7606 0.1346 0.635115 0.102566
0.0412429 0.00912416 0.0151348 0.677067 -0.268706 -0.685111 0.848245
0.0399346 0.0159734 0.0428921 0.635487 0.15842 0.755685 1
-0.0371756 0.00047644 0.0090043 -0.559624 -0.335578 -0.757765 1
0.0320956 0.016073 0.0471876 0.535458 0.0702421 0.841636 0.295561
0.0247432 -0.0270494 0.0075554 0.655133 -0.563496 -0.503263 0.378132
0.03584 0.027752 -0.00269175 0.524949 0.613083 -0.590387 1
-2.76529e-05 0.0316486 8.42373e-05 0.20338 0.928861 -0.309601 0.913179
0.00349641 0.021287 -0.0213781 -0.787016 -0.0163334 -0.616717 0.213237
0.0285067 0.0207977 -0.0119776 0.857356 -0.135965 -0.496441 1
0.0480555 0.00484073 0.0279311 0.809235 -0.371596 -0.455034 0.718829
0.0081673 0.036763 0.0592992 0.404614 0.195924 0.893253 1
-0.0272927 0.0045437 0.051424 -0.773775 0.588791 0.233661 0.245917
0.0201875 -0.0384012 0.0349042 -0.0891095 -0.990099 0.108463 0.707457
0.0323509 0.0246026 0.04344 0.428231 0.737115 0.522762 0.0578318
-0.00473206 0.0493406 0.0552423 -0.139944 0.988324 -0.0602656 0.0840017
0.0361885 0.0210372 0.0426596 0.596389 -0.156136 0.787364 0.146122
-0.00369093 0.00947826 -0.019234 -0.462192 -0.0763318 -0.883489 1
0.0452085 -0.00298812 0.0269578 0.75835 -0.407776 -0.508551 0.59993
-0.0313229 -0.00887899 0.00888925 -0.627892 -0.155299 -0.76265 1
0.0236884 -0.0397077 0.0314402 0.0491416 -0.705007 0.707495 0.464905
-0.0395486 -0.00365435 0.0354197 -0.884778 0.332052 0.326969 0.641492
0.043046 0.0286557 0.0356225 0.648227 0.239225 0.722892 0.679091
0.0480838 0.0288243 0.0317487 0.45946 0.357887 0.812904 0.887678
0.0157721 0.0197332 -0.0272149 0.255782 0.284729 -0.923853 1
0.0120802 0.0429054 0.0551306 0.299824 0.530568 0.792845 1
0.0281226 -0.0194187 0.00754189 0.782809 -0.24066 -0.573841 0.980433
0.0288012 0.0245619 -0.00823276 0.118964 0.778886 -0.61578 1
0.0129139 -0.0435107 -1.34247e-05 0.624776 -0.392593 -0.674926 1
0.0482599 -0.00310809 0.0316391 0.81036 -0.0969459 -0.577856 1
0.0524584 0.0207167 0.0280118 0.793631 -0.221956 -0.566467 1
-0.0123381 0.0166407 -0.0119558 -0.635586 -0.198616 -0.746044 1
-0.0272341 0.00897372 0.0507686 -0.879087 0.16025 0.448916 0.781488
0.0479058 0.00856921 0.0388322 0.644545 0.31858 0.695031 1
-0.0432904 -0.0133679 0.0394464 -0.851568 0.259136 0.455719 1
0.055734 0.0195057 0.032532 0.934138 0.135069 0.330368 1
0.0270518 -0.0237445 0.0626711 0.461694 -0.157733 0.872903 1
0.0245541 -0.0115431 0.00331566 0.628587 -0.438991 -0.642001 0.0536719
-0.0436474 0.0126148 0.0189014 -0.610785 0.516556 0.600094 1
0.0492864 -0.0076499 0.0352633 0.921432 -0.1345 -0.364517 0.438059
0.0276186 0.0205833 0.0509941 0.557154 0.193033 0.807662 1
0.0399001 0.0236363 0.0429468 0.67461 0.227515 0.702238 1
0.0184029 -0.0393552 0.000275097 0.73401 -0.374726 -0.5664 1
0.0429269 0.00886735 0.0422819 0.722531 0.083613 0.686264 1
0.0167885 0.00871107 -0.0209323 0.791775 -0.265039 -0.550315 0.71523
0.0310577 0.0204567 -0.00789355 0.809518 0.00232393 -0.587091 1
0.012548 -0.00332112 -0.0173836 -0.0394697 -0.451394 -0.891451 0.158817
0.0387871 -0.0377499 0.0439322 0.277601 -0.92512 0.259019 1
-0.00372706 -0.0434966 0.0197901 -0.0439791 -0.969007 0.243085 1
0.0197076 -0.0273295 -2.73615e-05 0.790906 -0.371836 -0.48601 1
0.0170497 0.00459025 -0.0170012 0.544295 -0.115606 -0.83089 0.0777537
0.0225283 0.00413938 -0.015544 0.778504 -0.249683 -0.575839 1
-0.0238114 0.0129879 0.0517048 -0.777122 0.42313 0.465878 0.311802
0.0208849 0.00801874 -0.0131065 0.65809 -0.38698 -0.645882 0.0684463
0.00368959 -0.0277645 0.0556827 0.0790507 -0.665676 0.742042 0.329509
0.0357039 -0.0356932 0.0440669 -0.234533 -0.911271 0.338495 1
0.000519641 -0.0149152 0.0792161 0.224427 -0.086189 0.970672 1
-0.0152267 -0.0431271 0.0112437 -0.160399 -0.976751 -0.142229 1
0.0275655 -0.0398834 0.0124222 0.685601 -0.468976 -0.556788 1
0.0196282 0.00083355 -0.0124332 0.653653 -0.459566 -0.601279 0.335549
0.0224255 0.0261829 -0.0220388 0.275607 0.555556 -0.784473 1
-0.0243177 -0.0152302 0.0634413 -0.708042 -0.167208 0.686089 0.375024
0.0215164 0.0250159 -0.02327 0.352788 0.423467 -0.834396 1
-0.0350973 0.0210542 0.0274501 -0.929015 0.209994 0.304686 0.649185
0.00777271 0.0349265 0.0115265 -0.0162599 0.949343 -0.31382 0.681064
0.0152275 -0.0358774 -0.00312249 0.70798 -0.281152 -0.647856 1
0.0322631 0.00421753 0.00412412 0.768257 -0.260523 -0.58473 0.452246
0.00404467 -0.0392582 -0.00504351 -0.79562 -0.0974622 -0.597905 0.70193
0.040087 0.0354752 0.0231736 0.074289 0.988699 -0.130214 1
0.0228637 0.0217353 -0.0197147 0.773339 0.0712135 -0.629981 1
0.0112791 0.00457153 -0.0242334 0.307575 -0.56356 -0.76668 0.948556
-0.0459226 0.01189 0.0181828 -0.86573 0.394043 0.308615 1
-0.0245597 0.0411116 0.0232986 0.181722 0.853327 -0.488682 0.230574
0.0171889 -0.0151611 -0.00838077 0.710365 -0.332466 -0.620361 0.744738
0.047045 9.70131e-05 0.0424133 0.656924 0.237636 0.715528 1
-0.000972535 0.0202334 0.0707131 0.376516 0.329923 0.865671 1
-0.0233959 -0.0389138 0.019061 -0.129699 -0.989768 0.0594777 1
0.0223161 0.0235318 -0.019492 0.802953 0.17014 -0.571244 1
0.0331187 -0.019029 0.0163829 0.73203 -0.448692 -0.512648 0.548348
0.0283587 -0.032069 0.0191788 0.797213 -0.419762 -0.43388 0.154773
-0.0153776 -0.0353124 0.0383927 -0.15904 -0.914322 0.372454 1
0.036263 0.00751014 0.0100716 0.859826 -0.340404 -0.380559 0.293904
0.0208558 0.0238129 -0.0203414 -0.00196764 0.915661 -0.401945 1
0.012956 -0.0110806 -0.0166096 0.801986 -0.282255 -0.526451 0.641508
-0.0230151 -0.0225498 0.0637166 -0.576072 -0.764067 0.290419 1
0.0253679 -0.0145934 0.00306141 0.767287 -0.218266 -0.603017 0.504774
-0.0433344 0.0326475 0.00477545 -0.9271 0.318808 -0.197099 1
0.0473542 0.0206531 0.032338 0.628282 -0.0331344 0.777279 0.0829512
-0.01972 -0.0392429 0.0231412 -0.108461 -0.986884 0.119571 1
0.0308282 -0.0397475 0.0167311 0.732082 -0.585494 -0.348213 1
0.0267796 -0.0232663 0.00715049 0.969168 -0.114823 -0.218013 0.474772
0.0319413 0.027298 -0.00377497 0.342722 0.773607 -0.532986 1
-0.0467659 -0.0110507 0.0234984 -0.985972 -0.138895 -0.0925555 1
-0.0205479 0.0208151 0.0516315 -0.785241 0.352588 0.508998 0.417756
-0.0231737 0.028255 -0.00509688 0.0416264 -0.143596 -0.988761 0.0696033
0.0316843 -0.0231801 0.0154733 0.897554 -0.326044 -0.296805 0.847947
0.0367798 0.0373887 0.0356216 0.465037 0.726178 0.506367 1
0.047774 -0.0270723 0.0400511 0.437674 -0.341543 -0.831739 1
0.0360607 0.027349 -1.74623e-05 0.567925 0.72972 -0.380749 1
-0.00465553 -0.0427683 0.0150363 -0.0657331 -0.994449 0.0821586 0.93068
0.0214526 -0.0273477 0.00325844 0.618785 -0.278563 -0.734512 0.508897
-0.000592385 0.0327371 0.00350066 0.439867 0.841143 -0.314636 0.631716
-0.00878987 0.039435 0.0124628 0.101123 0.946134 -0.307579 1
0.0437993 0.00498212 0.0197717 0.662379 -0.249933 -0.706249 0.715315
0.016466 -0.0114907 -0.0118652 0.796603 -0.281909 -0.534743 1
-0.0291604 0.013438 0.0398159 -0.824607 0.268443 0.497957 0.0685749
-0.0119396 0.00063316 0.0793454 -0.383673 0.0550321 0.921828 1
0.040069 0.0313914 0.00799159 0.181674 0.915215 -0.359689 1
0.0373393 0.02104 0.00312476 0.677572 -0.512728 -0.527263 0.183171
0.024915 0.0174107 0.0515871 0.515 0.183699 0.837275 0.228472
-0.020671 -0.0269151 0.0557585 0.0746486 -0.988504 0.13148 1
-0.0196907 0.047621 0.042519 -0.587275 0.765655 0.262452 1
-0.00440605 -0.0150129 0.0795493 0.5469 0.134179 0.826375 1
0.0158738 0.0440298 0.0394467 0.0608718 0.973959 -0.218401 1
0.02016 -0.0232694 0.0668058 0.342964 -0.516168 0.784822 1
-0.040239 0.0285387 0.0150429 -0.728606 0.521058 0.444557 0.957501
-0.0118812 -0.00410932 -0.0059052 -0.446789 -0.145208 -0.882776 1
-0.00379995 0.0475311 0.0400003 0.0841243 0.978592 -0.187833 1
-0.00691302 -0.00775301 0.0764937 0.181584 0.115742 0.97654 0.053397
0.0483015 -0.00709586 0.0320224 0.837387 -0.0261228 -0.545986 1
0.0072143 0.0315538 0.0676652 0.351768 0.0987096 0.930868 1
0.00217042 0.000821874 -0.0193814 -0.334321 0.0346124 -0.941823 1
0.0435486 -0.0183533 0.0316134 0.862756 -0.30315 -0.404662 0.954747
-0.0073079 -0.0312552 0.039406 -0.121865 -0.883397 0.452502 0.405649
0.0372542 -0.0235318 0.0244092 0.805688 -0.27472 -0.524782 1
0.0130504 -0.03545 0.047281 0.0412014 -0.950384 0.308337 1
0.0363544 -0.016046 0.0226583 0.769425 -0.400389 -0.497669 0.192815
-0.003848 0.0395615 0.0169257 0.0161084 0.952701 -0.303481 1
0.0239124 -0.0234595 0.00361133 0.640358 -0.197265 -0.742313 0.763642
0.0122522 -0.031134 0.0548806 0.0302462 -0.881813 0.470628 1
0.0241803 0.0330876 0.0116291 0.273365 0.953984 -0.123235 0.121177
0.0287901 -0.0229423 0.0120662 0.6211 -0.380476 -0.685181 0.215029
0.0328966 -0.0229408 0.018932 0.862663 -0.251839 -0.438621 0.684187
0.0280353 -0.00711593 0.00354593 0.852304 -0.319996 -0.413739 0.741272
0.0246593 -0.0035234 -0.00420837 0.700896 -0.305019 -0.644754 0.650001
-0.0110526 0.0359221 0.0670758 -0.422169 0.56418 0.709559 1
0.0127555 0.0121523 -0.0272382 -0.0380346 -0.0491357 -0.998068 1
0.0282884 -0.024118 0.0142805 0.756409 -0.551981 -0.350945 0.0665665
0.0432259 0.0121791 0.0153423 0.799541 -0.341306 -0.494211 1
-0.00698833 0.00835706 -0.0159303 -0.625024 -0.164067 -0.763169 1
0.0510472 0.0050608 0.0318306 0.989542 -0.13786 -0.0424371 1
0.0317836 -0.0282031 0.0556427 0.680463 0.536388 0.499257 0.0584361
0.0221996 0.0160239 -0.0194816 0.777729 -0.0314833 -0.627811 1
-0.0112145 0.0325713 0.0631572 -0.814384 0.40513 0.41551 1
-0.0168525 0.0291158 -0.00525822 -0.321387 0.804906 -0.498835 0.117422
-0.0201685 -0.0391898 0.0154219 -0.457148 -0.877782 0.143232 0.706311
-0.00813198 0.0208831 0.0687365 -0.423508 0.429062 0.797839 0.108486
0.0361737 -0.0337613 0.0502553 -0.0986263 -0.885739 0.453584 1
0.0047547 0.0275895 -0.0146976 0.0272669 0.871829 -0.489051 1
0.0285191 -0.00273797 0.00260673 0.68921 -0.614171 -0.384427 0.15418
0.0391476 0.0157137 0.0043999 0.808724 -0.324123 -0.490826 1
0.0150696 0.0131566 -0.027291 0.224443 -0.0713168 -0.971874 1
0.0242235 -0.0404049 0.0191377 -0.259466 -0.964745 0.0441099 0.091941
-0.0388386 0.00499776 0.0318044 -0.963437 0.105745 0.246186 0.709454
-0.0314093 0.000641599 0.0471854 -0.931076 0.15193 0.331685 0.722977
0.0511695 0.00564414 0.0284974 0.92979 -0.174386 -0.324161 1
0.033769 -0.028452 0.0523496 0.248178 -0.756526 0.605042 0.0565168
0.0125537 0.00861804 -0.025003 0.311003 -0.467177 -0.827661 0.349977
0.0277772 -0.0115352 0.00717389 0.82183 -0.158913 -0.547122 0.345704
0.0522775 0.0286052 0.0236784 0.91627 -0.045028 -0.398022 1
0.0399122 0.000664937 0.0468008 0.303454 0.133914 0.943389 0.771191
0.0113816 -0.0440199 0.012037 -0.506844 -0.857907 0.0842845 0.151227
-0.00818509 0.0246605 0.0679526 -0.479066 0.520791 0.706593 0.664121
-0.00389867 0.00110639 0.0760069 0.649856 0.277266 0.70768 0.117264
-0.0460786 -0.0241411 0.038698 -0.862106 0.041052 0.505062 1
0.0477665 0.00910328 0.0242166 0.91492 -0.190821 -0.355681 1
-0.0202605 -0.0317609 0.0352469 -0.297318 -0.785363 0.542962 0.309868
-0.0470118 -0.0277756 0.0358519 -0.866743 -0.123696 0.483173 1
0.0160453 -0.0161482 0.0677162 0.43832 0.0308121 0.898291 1
0.0196103 0.0197039 -0.0252537 0.711202 0.360632 -0.603437 1
0.0274554 0.0392804 0.0281693 0.133832 0.955623 -0.262438 1
0.0275629 0.0123053 -0.00800198 0.90148 -0.211722 -0.377502 0.719122
0.0288568 0.00478483 0.0512518 0.57084 0.207653 0.794369 0.20081
0.0274285 0.00384293 0.0549464 0.566467 0.280549 0.77486 0.975026
-0.0274364 -0.024799 0.0105592 -0.610855 -0.102934 -0.785023 1
0.0444747 -0.00749524 0.0285033 0.653261 -0.286917 -0.700663 0.597986
-0.0275362 -0.0317572 0.0317099 -0.323363 -0.793295 0.515868 0.453151
-0.020108 -0.011315 0.0709631 -0.649799 0.0413024 0.758984 0.276035
-0.0430967 0.0246957 0.0150922 -0.919514 0.083181 0.384155 1
0.0164527 -0.0441347 0.00713175 0.708741 -0.415325 -0.570255 0.250646
0.0400137 -0.0353736 0.0393408 0.627389 -0.761707 -0.16182 1
-0.0431128 -0.0150408 0.0354013 -0.851249 0.395728 0.344636 0.102782
0.0406599 -0.019057 0.0281866 0.662227 -0.456998 -0.593808 0.765179
-0.00453838 0.0212649 0.0709137 0.315264 0.264287 0.911461 1
-0.0188526 -0.0114349 0.0745661 -0.713926 -0.109538 0.691601 1
-0.0281102 -0.0308013 0.0353193 -0.160141 -0.97537 0.151684 0.717522
-0.0209059 0.0175391 0.0518756 -0.676023 0.427793 0.599988 0.126852
0.0170311 -0.0401362 0.00363781 0.806639 -0.497361 -0.319321 0.723736
0.0234565 -0.0349366 0.0439403 0.106991 -0.966153 0.234739 0.924081
0.0273454 0.0158995 -0.0150972 0.792528 -0.0914771 -0.602935 1
0.0277849 -0.0367718 0.0320376 0.201447 -0.912016 0.357276 0.0515512
0.0280551 -0.0394953 0.0277089 0.376108 -0.753427 0.539343 0.148051
0.016017 0.035454 0.0113262 0.0394028 0.968474 -0.24598 1
0.0284535 0.0438207 0.0365784 0.0387748 0.996065 -0.0796968 1
0.0236529 -0.0269892 0.0622423 0.17367 -0.63907 0.749285 1
0.0274699 -0.0312072 0.0520476 0.0906417 -0.960849 0.261828 0.897559
-0.00394893 0.0172506 0.0715333 0.356176 0.40628 0.841472 0.747752
0.000780024 -0.00828757 0.0788322 0.365665 0.122673 0.922627 1
-0.0166544 -0.035289 0.00485685 -0.465972 -0.275298 -0.840881 1
0.0162943 -0.0277179 -0.00415774 0.719356 -0.308673 -0.622292 0.915152
0.0489028 -0.0273616 0.0469313 0.685844 -0.08665 0.722572 1
0.0517687 0.016976 0.0275866 0.891793 -0.208594 -0.40149 1
0.0328599 0.0122344 0.0478765 0.559787 0.294232 0.774639 0.461787
-0.000174686 -0.0396384 0.0199721 -0.416255 -0.722635 0.551842 0.0551061
-0.0235553 0.0201174 0.0502202 -0.745998 0.376183 0.549521 1
-0.0431552 0.0204882 0.0151584 -0.960221 0.142204 0.240319 1
0.0388454 0.00766321 0.0462192 0.589607 0.0929035 0.802329 1
0.0130528 -0.00347729 -0.0230196 0.0835792 -0.378191 -0.921947 1
-0.0448301 -0.010869 0.0276882 -0.689025 0.463374 0.557252 0.143475
0.0122727 -0.0313742 -0.00792634 0.768861 -0.275712 -0.576919 1
-0.0366947 -0.032086 0.0280545 -0.175028 -0.878325 0.444872 0.94842
0.0161433 0.00458871 -0.0198485 0.702813 -0.222395 -0.675718 0.558438
0.0245253 0.0434372 0.0359825 0.0589814 0.995756 -0.0706434 1
0.0282184 -0.0364697 0.0393219 0.0933016 -0.716198 0.691633 0.541084
-0.00367691 -0.0124219 -0.0108782 -0.55318 -0.29687 -0.77837 1
0.00869471 -0.00288967 0.0680923 0.596676 0.383794 0.704755 0.0529857
0.00411419 -0.0385694 0.0313513 -0.0866259 -0.960525 0.264364 1
0.00764294 -0.023057 0.0709527 0.124499 -0.722407 0.680168 1
0.0507436 0.00486611 0.0348 0.999277 -0.0206983 -0.0318923 1
0.0319717 -0.0277557 0.0592927 0.457934 -0.245012 0.854556 1
-0.0308895 0.000305331 0.0517479 -0.986123 0.115048 0.119687 0.844597
0.031874 0.00890668 0.0505711 0.573496 0.114297 0.811195 1
-0.0118226 -0.0425831 0.00769349 -0.347727 -0.930328 -0.116512 1
0.020447 -0.00290209 -0.00864931 0.647929 -0.334481 -0.684332 0.138336
2.03503e-05 0.0238195 -0.0202199 -0.337955 0.717958 -0.608541 1
0.00333095 0.0272847 -0.0123912 0.00679404 0.970244 -0.242036 1
0.000461185 -0.0194332 -0.0112006 -0.512631 -0.266514 -0.816198 1
0.0470141 0.000778372 0.0271711 0.969169 -0.114277 -0.218296 1
-0.0167013 -0.00715175 0.0790657 -0.293592 -0.00621102 0.955911 1
0.0444902 0.0329338 0.032068 0.825014 0.367062 0.42967 0.381179
-0.0231556 -0.00798825 0.0032689 -0.96173 -0.188384 -0.198966 0.370068
0.00401803 0.00924045 0.0671871 0.609558 0.143239 0.779693 0.285963
0.0440355 0.0200344 0.0354495 0.760956 -0.501897 0.411152 0.058873
0.00453706 -0.0240755 -0.0115039 -0.327476 -0.0937168 -0.9402 1
-0.0512126 -0.0364093 0.0312494 -0.820178 -0.570575 -0.0418587 1
-0.0325186 -0.0306954 0.0352246 0.021851 -0.998416 0.0518557 0.864911
-0.00450228 0.0474765 0.0351769 0.137083 0.982592 -0.125385 1
0.0351186 0.0195572 0.0467935 0.621499 0.049462 0.781852 1
0.0461953 0.0235388 0.038477 0.62666 0.333534 0.704309 1
0.0517454 0.00459464 0.039089 0.932067 0.0779771 0.353796 1
0.0161047 -0.0236194 0.0675092 0.283178 -0.610072 0.740015 1
-0.0229436 0.0247444 0.0467407 -0.881263 0.121806 0.456661 0.654097
0.00707778 -0.0390939 -0.00725526 -0.0869726 -0.314546 -0.945249 1
0.0441339 -0.0191417 0.0477239 0.651491 0.227177 0.723845 0.36411
0.0247006 0.0168909 -0.0162077 0.650484 7.37725e-05 -0.75952 1
0.0507598 -0.0110203 0.0422542 0.903712 0.0655106 0.423099 1
0.0467255 0.0133354 0.0389975 0.698161 0.17745 0.693602 1
0.0292722 0.0205268 -0.00851692 0.814332 0.0199733 -0.580055 0.656576
0.00546952 -0.0109775 0.0729191 0.442899 0.303852 0.843513 0.21514
-0.00680269 0.0251246 0.0716699 -0.144349 0.372925 0.916564 1
-0.0304405 -0.0158046 0.0108462 -0.687001 -0.152073 -0.710565 1
-0.0157544 -0.00371212 0.075698 -0.878133 0.367087 0.306806 0.992937
0.0451048 0.0272669 0.00254282 0.296273 0.912871 -0.280873 1
-0.00711202 -0.0308993 -0.00153597 -0.811192 -0.179368 -0.556592 1
-0.0352512 0.0190433 0.0341177 -0.805285 0.344862 0.482272 1
0.032497 -0.00277782 0.0516909 0.630563 0.187317 0.753195 0.225551
0.033042 0.000773681 0.0517438 0.627054 0.2514 0.737293 0.770522
-0.00750708 0.0052472 0.0782985 0.0553684 0.298027 0.95295 1
0.02505 -0.0187865 0.0604677 0.419667 0.542085 0.728026 0.0744431
0.0221533 0.00768618 0.0581592 0.63353 0.19139 0.749673 1
-0.00302105 -0.0464315 0.0104197 -0.173627 -0.917547 0.357717 1
-0.0437998 -0.0195783 0.0240239 -0.756279 -0.136834 -0.639781 0.316057
0.00292562 0.0236396 0.0672009 0.405783 0.196069 0.892691 1
0.0277567 0.00892975 0.0542155 0.612086 0.196466 0.765997 1
-0.00801891 0.0122808 0.0748927 -0.042159 0.203246 0.97822 1
0.00866603 -0.0117621 -0.017018 -0.703708 -0.243775 -0.66736 0.85742
0.0316315 0.0115816 0.0504354 0.57967 0.223979 0.783464 1
-0.0351367 0.000903045 0.0354126 -0.716435 0.327103 0.616217 0.0711487
-0.0266976 -0.00381707 0.00488536 -0.523987 -0.269585 -0.807936 0.986419
0.0126341 0.0432267 0.0355062 0.0521679 0.997136 -0.05475 0.99294
0.00709086 0.0289899 0.0633492 0.75852 0.20173 0.619638 1
-0.00383541 0.0287303 0.0703895 0.0971066 0.414268 0.90496 1
-0.0159895 -0.00682926 0.0719392 -0.752964 0.423335 0.503818 0.0869331
0.0285753 0.0331482 0.0150379 0.43655 0.664386 -0.606642 0.192824
-0.0357935 -0.0274432 0.016755 -0.487263 -0.243879 -0.838509 1
0.0127469 -0.00740826 -0.0171543 0.679678 -0.171132 -0.713268 0.184676
0.0501149 0.0243773 0.0344906 0.643294 0.332166 0.689811 1
4.45234e-05 -0.0430829 0.0117156 -0.0252177 -0.770044 0.637492 0.334287
-0.0512607 -0.0232524 0.0278628 -0.991447 0.121676 -0.0472014 1
0.0442253 -0.0234153 0.0359673 0.916762 -0.194056 -0.349128 0.830141
0.00432448 -0.00295223 -0.0169819 -0.246061 -0.356319 -0.901383 0.255278
-0.0236775 0.0246912 0.0435008 -0.933551 0.151191 0.324998 0.474601
-0.0201677 -0.0349795 0.03122 -0.189141 -0.957672 0.217003 1
0.0321799 -0.0388353 0.0350923 0.181985 -0.9833 -0.00137199 1
-0.0352024 0.0129312 0.0314364 -0.740846 0.418322 0.525503 0.297518
-0.0352306 0.0399008 0.0157606 -0.549767 0.833251 0.0587266 1
-0.023393 0.036396 0.0389874 -0.817225 0.351365 0.45682 0.645529
-0.00435566 -0.0115866 0.0794264 0.319266 0.145225 0.936471 1
-0.0348562 0.0173614 0.0354295 -0.804271 0.265369 0.531722 1
0.0483177 0.0290269 0.0160663 0.83077 0.309652 -0.462532 0.966002
0.0201896 -0.0350769 0.0434255 -0.112284 -0.963965 0.241173 1
-0.0359076 0.0371407 0.0123467 0.165887 0.970233 -0.176437 0.191919
0.0195926 -0.00818737 0.0661284 0.506218 0.237471 0.829067 1
-0.031815 -0.0234014 0.0520368 -0.767707 -0.347048 0.538687 0.341686
0.011484 -0.0340631 -0.0108986 0.474836 -0.337857 -0.81264 1
-0.035118 0.0170409 0.0307692 -0.940786 0.12378 0.315595 0.734982
0.00797074 0.023927 -0.0160105 0.126422 0.912411 -0.38926 0.953545
-0.01917 0.0472551 0.0390978 -0.470546 0.882269 -0.0137057 1
-0.0441846 -0.0072545 0.0276415 -0.713773 0.166267 0.680356 0.323779
-0.00378423 0.0490805 0.0598375 -0.552363 0.526085 0.646629 1
0.0330956 0.0165871 -0.000865572 0.776905 -0.237239 -0.583212 0.299198
0.035262 0.00904561 0.00399952 0.791313 -0.210928 -0.573875 1
0.020135 0.0392708 0.0279034 0.127283 0.945477 -0.299788 0.789611
-0.016555 0.0129634 0.0633107 -0.837572 0.423219 0.345483 0.186988
-0.0160452 0.0210638 0.0596479 -0.744368 0.339997 0.574733 0.321484
-0.0194955 0.0444682 0.0391836 -0.917809 0.359455 0.168579 0.837191
-0.0151203 0.0247102 0.0595826 -0.871311 0.311691 0.379034 0.489274
-0.00844835 0.0289634 0.0665808 -0.354148 0.142957 0.924198 1
-0.0120821 -0.00313634 0.0791557 -0.458595 0.197439 0.866435 1
-0.0151222 0.0205421 0.0632818 -0.907735 0.242462 0.342388 0.558429
0.0122992 0.0359424 0.0156242 0.19059 0.830568 -0.52329 0.442076
0.00243715 -0.0155333 0.0786761 0.449999 -0.0451535 0.891887 1
0.0432091 -0.0305187 0.0355991 0.747081 -0.510856 -0.425319 1
-0.0112036 0.044966 0.0392148 0.153887 0.986724 -0.0519021 0.0512062
0.000350004 0.00457212 0.0716033 0.409403 0.385154 0.82707 0.133392
0.0513771 0.028147 0.0203083 0.970393 0.0201862 -0.240686 1
0.0162793 0.0365586 0.0198881 0.506579 0.748008 -0.42879 0.351906
-0.0152227 0.0368665 0.0512689 -0.891637 0.364606 0.268414 0.356322
-0.00811668 -0.0394612 0.0197921 -0.225776 -0.757986 0.61195 0.339924
0.00836847 0.0270854 -0.00786943 0.0630802 0.955034 -0.289707 0.858569
-0.0116478 0.0239589 0.0669963 -0.54672 0.52448 0.6527 1
0.0515457 0.0169643 0.0343393 0.375878 -0.135326 0.916735 1
0.00376987 0.0203431 -0.0235108 -0.387643 0.170828 -0.905843 1
-0.0120811 0.0248224 0.0638282 -0.54043 0.481984 0.689657 0.163706
-0.0446187 -0.0147559 0.0201279 -0.758783 -0.393105 -0.519343 0.764973
-0.00805682 0.0165791 0.0719558 -0.439036 0.471865 0.764586 0.525514
0.000903214 0.0480449 0.0474605 0.137905 0.938507 -0.316523 1
-0.0388185 0.0140743 0.0065756 -0.849357 -0.312037 -0.425707 0.544226
-0.000200332 -0.0267841 0.0592323 -0.0170679 -0.961044 0.275868 0.67993
0.012078 -0.0269875 0.0631943 -0.00529818 -0.988773 0.149335 1
0.0238379 0.0412589 0.0355272 -0.0196483 0.985389 -0.169181 0.0931822
-0.00424518 0.0448226 0.0394484 0.215067 0.843009 -0.493034 0.0950133
0.0157443 0.0251013 -0.0115992 0.111051 0.909251 -0.40116 1
0.0078583 0.0474018 0.0476291 0.15802 0.984062 -0.0815623 1
0.0320023 0.0278443 0.000218841 0.162866 0.938753 -0.303674 0.995763
0.0482976 0.0247781 0.0155571 0.918564 -0.212488 -0.333301 1
-0.014776 0.0124123 0.0673875 -0.866065 0.328823 0.376573 0.111401
-0.0266552 0.0284865 0.0388414 -0.840111 0.147254 0.522044 0.982364
-0.03654 0.033207 0.0155271 -0.737068 0.247744 0.628772 0.347748
0.0443574 -0.0316145 0.0424719 0.74856 -0.654587 -0.105702 1
0.0114143 0.035838 0.0072988 0.0313252 0.983148 -0.180107 1
0.0197394 -0.0432222 0.0193264 0.15619 -0.972719 0.171528 1
-0.0232254 -0.00316036 0.0663637 -0.824827 0.125312 0.551323 1
-0.0236642 -0.000627676 0.0664444 -0.764828 0.300601 0.569805 1
-0.0192199 -0.0428233 0.012355 -0.470113 -0.872789 -0.131273 1
-0.027443 0.0213564 0.0358462 -0.786685 0.354562 0.505383 0.0782341
0.00432835 0.0432542 0.0245323 0.0967108 0.943044 -0.318301 1
0.0205286 -0.0433817 0.0125391 0.675109 -0.707367 -0.209427 0.6048
0.00812108 -0.0474414 -0.000457484 -0.44046 -0.829165 -0.344209 1
-0.0358724 0.0284019 0.0198948 -0.819287 0.52492 0.230711 0.30939
-0.0157464 0.0135482 0.0753356 -0.494604 0.448021 0.744744 1
-0.027512 -0.00741045 0.0554673 -0.711875 -0.0835899 0.697314 0.0682579
0.0157872 -0.020648 0.0702421 0.400853 -0.202993 0.893371 1
0.0115706 -0.042708 0.0233779 0.0335143 -0.977664 0.207487 1
-0.0392889 0.0330086 0.011729 -0.95835 0.25552 0.127576 0.81714
-0.0243666 -0.0323375 0.0312194 -0.31395 -0.599095 0.73656 0.118047
-0.0194024 0.0369086 0.0114071 0.0123677 0.759913 -0.649907 0.396839
-2.58725e-05 -0.0428062 0.0155257 -0.00704499 -0.989298 0.145739 1
0.0371945 0.00502596 0.010288 0.82219 -0.177805 -0.54073 1
-0.0244896 0.0132211 -0.00320307 -0.34818 -0.114107 -0.930457 1
0.0156966 0.00973049 -0.0270916 0.301635 -0.148923 -0.941721 1
0.0412108 0.0125088 0.0125479 0.617717 -0.529887 -0.581073 0.919799
0.00755356 -0.0469144 0.0033412 -0.251289 -0.89821 0.360655 0.977225
-0.0370182 0.0285843 0.0149942 -0.596223 0.57363 0.561664 0.0844036
0.0114758 0.0248698 -0.0119529 0.226818 0.827992 -0.512819 0.608801
0.0318461 -0.0388134 0.0382665 0.0362715 -0.950109 0.309802 1
-0.0350227 0.0123706 0.034926 -0.826913 0.286585 0.483823 1
0.0233949 -0.0346393 0.00784967 0.727454 -0.368986 -0.578499 1
0.0100756 0.0079341 -0.0272105 -0.325571 -0.00204417 -0.945516 1
0.0110994 0.0239358 -0.0170005 0.126958 0.954827 -0.268676 1
0.0236746 0.00848221 -0.0122535 0.725596 -0.381273 -0.572836 0.550137
0.0240579 0.0153078 0.054653 0.592145 0.226091 0.773464 1
-0.0457728 -0.00696392 0.0126631 -0.577206 -0.286758 -0.764594 1
0.0270769 -0.0267426 0.00819666 0.752242 -0.427917 -0.501018 1
-0.0435239 0.0164359 0.0114944 -0.917419 0.1808 -0.354475 1
-0.0232544 -0.0109047 0.0710848 -0.753798 0.0970204 0.649904 1
0.040106 -0.0161202 0.0514804 0.807646 0.0588738 0.586721 0.515386
-0.0119084 -0.0386683 0.0229964 -0.096809 -0.975782 0.196158 0.839871
-0.0108574 0.0448308 0.0547784 -0.545267 0.378675 0.747856 1
-0.0314126 0.031221 -0.00313696 -0.469453 0.405251 -0.784465 1
0.0485846 0.00457352 0.0314192 0.689005 -0.595414 -0.413224 0.180211
-0.0405587 -0.0200756 0.0163751 -0.349648 -0.249018 -0.903181 1
-0.0392445 0.0251007 0.0198575 -0.868405 0.124626 0.479939 1
-0.0469556 -0.0206571 0.0346482 -0.894623 0.198368 0.400374 1
-0.0280349 -0.00386971 0.00707784 -0.575044 -0.359816 -0.73475 0.330611
-0.0433817 0.00499659 0.0229007 -0.958773 0.234857 -0.159989 0.155544
-0.0353792 0.00462477 0.0424215 -0.88118 0.208507 0.424318 1
0.0112374 0.0234786 -0.020369 0.15814 0.961129 -0.226323 1
0.0160043 -0.0245145 0.063981 0.311803 -0.617728 0.721935 0.370297
0.0233609 0.00942873 -0.0152623 0.705295 -0.269777 -0.655576 1
0.017503 0.0126237 -0.0215645 0.620148 -0.597057 -0.508862 0.221706
-0.0312433 0.00711191 0.0478817 -0.838968 0.296308 0.456436 1
0.0398309 -0.00719451 0.0193795 0.824711 -0.266395 -0.498884 1
-0.0428038 0.0251352 0.00757119 -0.991089 -0.118921 -0.0599983 1
0.0160941 -0.0435176 0.0153576 0.00440571 -0.724323 0.689447 0.413449
-0.00766112 0.0364319 0.0632302 -0.421492 0.621949 0.659942 1
-0.0431301 0.000761863 0.026847 -0.789102 0.156733 0.59393 1
0.00479088 -0.0392669 -0.00692779 -0.44828 -0.206429 -0.869731 1
0.0311587 0.00365691 0.000123899 0.798431 -0.241564 -0.551503 1
-0.0269902 -0.00831401 0.0636322 -0.888294 0.219695 0.403321 1
0.00840689 -0.0463158 0.00698565 -0.131761 -0.962867 0.235638 1
-0.0355928 0.0269959 0.0269784 -0.940331 0.249911 0.230915 1
0.0191783 0.0276124 -0.00720707 0.129178 0.93441 -0.331951 1
0.00228885 -0.01173 0.0787706 0.483388 -0.00157195 0.875405 1
0.0440447 -0.0270961 0.0395747 0.723019 -0.368305 -0.584462 0.299886
-0.0306702 0.0250169 0.0345532 -0.774545 0.268991 0.572472 1
-0.0354938 0.000668135 0.0392556 -0.919652 0.259645 0.294661 0.544938
-0.019572 0.0239446 -0.0111506 -0.416999 0.128984 -0.899708 1
-0.0468786 -0.00253379 0.0156146 -0.933132 -0.00217171 -0.359527 1
-0.00692808 0.0209646 -0.0174463 -0.437412 0.0665475 -0.896795 1
-0.00399643 0.036782 0.0163847 0.126926 0.695175 -0.707547 0.239516
0.0189984 -0.0427059 0.00680501 0.749885 -0.41081 -0.518563 1
0.036055 -0.00295496 0.011422 0.852072 -0.330108 -0.406204 1
-0.0358844 -0.0193138 0.0474196 -0.731027 0.490586 0.474263 0.0647326
-0.0235745 0.0285974 0.0432082 -0.9552 0.126732 0.267456 0.58281
-0.0150357 0.0171417 0.0631701 -0.818536 0.354543 0.451993 0.0639626
-0.00155 0.0120739 0.0747318 0.472248 0.236022 0.84928 1
0.0187694 0.0084804 -0.0191568 0.759501 -0.236309 -0.606066 1
0.0491782 0.0249818 0.019792 0.819293 -0.34324 -0.459287 0.665101
-0.00819928 0.0087551 -0.0124561 -0.763518 -0.109852 -0.636374 0.907307
-0.00750864 -0.00283016 0.0794191 0.388015 -0.0916518 0.917085 1
-0.0200029 0.013056 0.0556925 -0.759922 0.163152 0.629205 0.158669
-0.00723316 -0.0435675 0.0189272 -0.154947 -0.958643 0.238736 1
-0.0199123 0.0452379 0.0348033 -0.127382 0.974838 0.182932 0.936775
0.0436337 -0.00316366 0.0235431 0.798092 -0.290176 -0.52806 1
0.0124333 -0.0147983 -0.0160363 0.785825 -0.264739 -0.558921 1
0.0242282 0.0288453 0.00360121 -0.235456 0.851506 -0.468507 0.0664567
-0.0195508 0.0242885 0.0562848 -0.840728 0.336769 0.423985 1
-0.0277312 0.0208871 0.0397013 -0.84464 0.329979 0.421542 0.592565
-0.00401639 0.0450467 0.059309 -0.168075 0.516555 0.839596 0.383786
-0.0430403 0.0212504 0.0111934 -0.997769 0.0223045 -0.0629178 1
-0.000209341 0.0329508 0.00719709 0.253909 0.869284 -0.424116 0.205801
-0.0283438 -0.00756876 0.00690131 -0.570663 -0.245536 -0.783617 1
-0.0353638 -0.00342862 0.0429515 -0.799824 0.344266 0.491694 0.949794
-0.0218442 -0.0103037 0.00227627 -0.539034 -0.842153 -0.0148428 0.389356
-0.0304407 0.0392736 0.00533063 0.0314824 0.898132 -0.438597 1
-0.0273758 0.00876928 0.0471518 -0.779468 0.342498 0.524523 0.209078
-0.0113273 0.0367053 0.0583577 -0.728595 0.280902 0.624695 1
-0.0351246 -0.009678 0.050919 -0.926752 0.252103 0.278522 1
0.00761901 -0.0267658 -0.0119824 -0.445225 -0.412175 -0.794913 0.932466
-0.00258096 -0.0471056 0.00470454 -0.179308 -0.982561 -0.0492258 1
0.0186988 0.016705 -0.0249965 0.901112 -0.371348 -0.223824 1
0.028971 0.0278918 0.0443523 0.709636 0.572614 0.410523 0.0930068
-0.0353714 -0.011921 0.0516968 -0.926799 0.060689 0.370622 1
-0.0474652 -0.0272332 0.0274343 -0.896496 -0.419814 0.141601 0.837765
-0.0241907 0.0369171 0.0355192 -0.486026 0.463227 0.74108 0.152427
0.0226652 0.0252928 -0.0086174 0.255135 0.904205 -0.342519 1
-0.0101637 0.0320002 0.0671173 -0.371211 0.188885 0.909134 1
0.0012717 -0.000644154 -0.0196373 -0.428543 -0.0260254 -0.903146 1
-0.0274329 0.0364225 0.0360585 -0.800272 0.318791 0.507874 1
-0.0188554 -0.00122435 -0.00269672 -0.651331 0.0254092 -0.758368 1
0.0128717 -0.0191147 -0.0118643 0.693947 -0.289281 -0.659359 0.565868
-0.0317065 0.00457199 0.0472979 -0.898582 0.176207 0.401872 1
-0.0318065 0.0168409 0.0353719 -0.710655 0.231041 0.664522 0.279846
0.000255708 0.00063431 0.0757675 0.594438 0.178027 0.784188 1
0.0101378 0.0271049 -0.0112355 0.116329 0.908205 -0.402033 1
-0.0357772 -0.0150547 0.046899 -0.727563 0.267385 0.631789 0.180525
-0.00305256 -0.0237603 0.06409 -0.224688 -0.781106 0.582571 0.234978
0.0201207 -0.0231332 -0.000745295 0.888121 -0.246337 -0.388019 0.344545
-0.0358615 -0.0156857 0.0503704 -0.802683 0.101757 0.587661 1
0.0123389 -0.0396587 -0.000433902 0.615027 -0.411121 -0.672846 0.210532
0.0351201 -0.0181389 0.0171107 0.820022 -0.369439 -0.437125 1
-0.00348762 -0.0307979 0.0551913 -0.0679652 -0.91833 0.389937 1
0.00045689 -0.0438564 -0.00328501 -0.226905 -0.0660132 -0.971677 1
-0.0468667 -0.0110371 0.019789 -0.944056 -0.216269 -0.248971 1
-0.0442883 0.00105883 0.0198276 -0.621879 0.747512 0.233434 0.0599052
-0.0151321 0.0165919 0.0706777 -0.631333 0.540259 0.556362 1
-0.0389282 0.000415478 0.0317525 -0.943789 0.247109 0.219543 0.462396
-0.0115298 0.037003 0.0152502 0.250926 0.965015 0.0760448 0.0599998
0.0204659 0.0268612 -0.00557075 0.257648 0.950943 -0.171242 1
0.0281193 -0.0317529 0.015544 0.894007 -0.190054 -0.405747 0.581746
0.0460973 0.0279256 0.0342563 0.629071 0.31574 0.710336 1
0.0155221 0.020516 -0.0243817 0.43077 0.846923 -0.311702 1
-0.0398489 0.00877743 0.0233959 -0.705603 0.610523 0.359702 0.260283
0.00410583 -0.0323777 0.0429272 0.0316606 -0.999222 0.0235296 0.0824846
-0.000298374 0.0448105 0.0431314 -0.260519 0.947185 0.187003 0.0811182
0.00407746 0.0235448 -0.0231337 -0.249538 0.633559 -0.732348 1
0.0281113 0.0080891 -0.00424847 0.825898 -0.255075 -0.502821 0.552133
-0.0208601 -0.0240447 0.05617 0.321915 -0.626053 0.710231 0.118023
-0.0231412 0.0406217 0.0388288 -0.728117 0.504633 0.463887 1
-0.0277963 0.0284617 -0.00750546 -0.494215 0.220749 -0.840846 1
-0.0436847 0.0129261 0.0152712 -0.985819 0.0129113 0.167312 0.289992
-0.0357426 -0.0198204 0.0517161 -0.659119 0.0279857 0.751518 1
-0.0158408 0.021685 -0.0116748 -0.198245 -0.136215 -0.970641 1
-0.0039971 0.0260505 -0.0130754 0.319824 0.883861 -0.341324 0.442301
-0.0470915 0.00419248 0.0247331 -0.940281 0.0224417 0.339658 1
-0.0191026 0.00150746 0.0717459 -0.847382 0.197309 0.492963 1
-0.0139424 0.0421119 0.0281836 -0.139352 0.988041 0.0659947 0.279769
-0.0232958 0.0124396 0.054855 -0.801722 0.226856 0.552972 0.862413
-0.0102972 0.00571846 -0.0102458 -0.631608 -0.273032 -0.72562 1
-0.0156426 -0.00424469 0.078723 -0.50324 0.265353 0.822397 1
-0.0505968 -0.0229561 0.0307202 -0.96134 0.103365 0.255226 1
0.0449569 -0.0236784 0.0388899 0.748679 -0.18951 -0.635268 0.272004
-0.00742563 0.00491681 -0.0126962 -0.710226 -0.42107 -0.564163 1
0.0147449 -0.000194031 -0.0230562 0.480685 -0.283812 -0.829694 1
-0.0269799 0.0246058 0.0395251 -0.841037 0.241584 0.48404 0.894045
-0.0197019 -0.0197405 0.0037255 -0.632007 -0.22467 -0.741681 1
0.0119687 -0.0222787 0.0706059 0.283939 -0.521907 0.804358 1
0.01942 -0.0113617 -0.00833577 0.736452 -0.306349 -0.603149 1
0.00090833 -0.030695 -0.00446503 -0.918401 -0.181023 -0.351809 0.310425
0.0352301 -0.0108587 0.0516493 0.721893 0.297503 0.62479 0.0889352
-0.0153467 0.000769644 0.0762265 -0.865728 -0.0106549 0.500401 1
-0.0229632 0.0354507 0.000508164 0.12268 0.900159 -0.417927 1
0.0392309 0.0136931 0.00601572 0.799443 -0.417386 -0.432064 1
-0.00789599 0.0361859 0.0116272 0.249772 0.796204 -0.551065 0.361825
-0.016216 0.0328056 0.0513199 -0.711087 0.262282 0.652352 0.161095
0.0544495 0.0248341 0.00439384 0.896033 -0.123186 -0.426557 1
0.0431268 0.0116966 0.0427256 0.682929 0.186362 0.706313 1
-0.019792 0.017092 0.0555125 -0.830777 0.357353 0.426741 0.47807
0.028493 -0.03103 0.0555511 0.0420729 -0.937871 0.344423 1
0.0120272 -0.0391624 0.0276929 -0.183444 -0.876425 0.445227 0.463436
-0.000233934 0.0206489 0.0674807 0.463127 0.263746 0.84614 0.284846
0.0234719 -0.0387585 0.0352855 0.0988727 -0.984418 0.145413 1
-0.0396055 -0.00299526 0.031135 -0.75126 0.582736 0.309883 0.185472
-0.0155918 0.00409832 0.0752495 -0.919965 0.153413 0.360733 1
-0.00840436 -0.0233778 0.0632423 0.0956371 -0.685098 0.722145 0.150724
-0.0187626 0.0118215 0.0669203 -0.827643 0.365133 0.426245 1
-0.0280984 0.0403305 0.0307944 -0.62958 0.608762 0.48274 0.927266
-0.0367955 -0.0231935 0.0167127 -0.288422 -0.249196 -0.924508 1
-0.0152937 0.047858 0.0391656 -0.116824 0.990556 -0.0717636 1
0.00878033 0.0443487 0.0518695 0.272109 0.867661 0.416079 0.161339
0.0114702 -0.0269345 0.0597482 -0.0144944 -0.981241 0.192238 0.832236
0.00358992 -0.0442461 0.00382805 -0.397679 -0.914527 0.0741069 0.0518534
-0.0158122 0.00869552 0.0710335 -0.946985 0.0882278 0.308926 0.877544
-0.0280428 -0.0192596 0.0593638 -0.433811 -0.362299 0.824953 0.543387
0.0509541 -0.0031329 0.0356799 0.991848 0.0438454 0.119642 1
-0.0228123 0.0314686 0.0469103 -0.838379 0.314715 0.445057 1
-0.0154828 0.0248349 0.0640184 -0.733949 0.371497 0.568603 1
-0.0470969 -0.0309463 0.0276299 -0.651879 -0.716061 -0.249619 1
-0.0372709 -0.0111752 0.0128589 -0.532511 -0.268054 -0.802857 1
-0.0282456 -0.027901 0.0396746 -0.290986 -0.695546 0.656919 0.150058
-0.0198473 -0.0151856 0.071368 -0.817949 -0.156546 0.553582 0.529556
0.0355559 -0.0358397 0.0239262 0.879531 -0.39867 -0.259783 1
0.0111656 0.00880279 0.0643136 0.37834 0.425372 0.822142 0.422233
0.0318115 0.0321802 0.011458 0.208936 0.943113 -0.258619 1
-0.0228071 -0.0325445 0.0086996 -0.674734 -0.0430402 -0.736805 1
-0.00983852 -0.00400474 0.082028 -0.0263048 0.245855 0.96895 1
-0.0083972 0.032631 0.0643304 -0.652087 0.744351 0.143961 0.0609996
-0.0127215 -0.0228673 0.0676566 -0.053135 -0.972085 0.228532 1
-0.0147185 0.0437683 0.0544958 -0.649399 0.476643 0.59253 1
-0.0434038 0.00459287 0.0269437 -0.591146 0.0517111 0.804905 1
0.028107 -0.00406379 0.0554527 0.676008 0.223932 0.702045 0.241235
0.00608136 0.0297255 0.0668088 0.320878 0.125326 0.938792 1
-0.00437405 0.0278839 -0.00856961 0.000596011 0.944968 -0.327162 1
-0.00768371 0.0449058 0.0594419 -0.615677 0.424631 0.6638 1
-0.0170687 0.00940829 -0.00712356 -0.392953 -0.352234 -0.849423 1
-0.0251826 0.0176252 -0.00171409 -0.626672 0.184278 -0.757181 0.188783
-0.0298981 0.0431836 0.0165015 -0.209126 0.935565 -0.284576 1
-0.0241682 -0.0371588 0.0195903 -0.190753 -0.958669 0.21111 0.119994
0.0327759 -0.0379869 0.0194633 0.866683 -0.35347 -0.352023 1
0.0482351 0.0205458 0.0195846 0.893232 0.05086 -0.44671 0.852997
0.0157903 -0.0427494 0.0237148 -0.0231692 -0.987756 0.154279 1
-0.0429717 0.0251066 0.000674475 -0.806896 -0.243474 -0.538181 1
-0.0357099 -0.00690755 0.0439061 -0.722764 0.389675 0.570758 0.374303
0.0557354 0.0306797 0.0266561 0.936991 0.259278 0.234142 1
-0.0159363 -0.024457 0.0556891 -0.536053 -0.747267 0.392732 0.0852057
0.0148762 -0.0188845 -0.011474 0.649583 -0.285343 -0.704714 1
-0.0242927 -0.0260358 0.00982411 -0.397048 -0.338296 -0.853176 1
-0.00836668 0.000986775 0.0825985 0.0241863 0.200254 0.979445 1
0.0436964 0.000724646 0.0196181 0.745426 -0.2656 -0.61139 1
0.00417626 -0.0441997 0.0112699 0.0437389 -0.939153 0.340702 1
-0.0316268 0.00911116 0.0422214 -0.849159 0.292352 0.43984 0.696804
-0.0321577 0.032796 0.000303303 -0.354378 0.318043 -0.879355 0.792809
-0.0207587 0.0428594 0.0269047 0.162552 0.980522 0.110244 1
-0.00773131 -0.0431326 0.0115556 -0.303856 -0.940702 0.150837 1
-0.0309302 0.0129275 0.0442007 -0.946985 0.285764 0.146826 1
0.0528616 0.0168954 0.0320569 0.90385 -0.425054 0.0488241 0.243781
-0.000334997 0.0399631 0.0231368 -0.0290827 0.933071 -0.358515 0.678246
-0.0118181 0.0488393 0.0514108 -0.899915 0.395261 0.184178 1
0.0154794 -0.00736473 -0.0161908 0.768329 -0.263017 -0.583518 1
0.0359222 -0.00636454 0.0519056 0.554205 0.253711 0.792772 0.873653
5.33671e-05 -0.0443135 0.00346935 -0.0273338 -0.975777 0.217054 0.151334
0.00848643 -0.0320245 -0.011422 -0.0697081 -0.181671 -0.980886 1
-0.00349063 0.024678 0.0684681 0.630455 0.0678662 0.773253 0.262794
-0.0148022 0.0203447 0.0670803 -0.749519 0.395677 0.530717 1
0.0150752 0.000860137 -0.020615 0.82914 -0.305492 -0.46819 1
0.0518087 -0.00312986 0.0332121 0.991047 -0.0265474 -0.130846 1
-0.0232816 0.0322674 0.0429186 -0.908237 0.21183 0.36088 0.869209
-0.00791769 -0.040152 0.00248924 -0.607032 -0.0135362 -0.794562 1
-0.00680189 -0.0403867 0.00129925 -0.592663 0.128557 -0.795125 1
-0.0207235 0.036868 0.0391994 -0.554633 0.588101 0.588659 0.0612489
-0.0233083 -0.0304406 0.0430084 -0.203382 -0.924087 0.323573 1
-0.0241067 0.0432219 0.0279815 0.0123693 0.999554 -0.0271948 1
0.0453467 0.00754243 0.0231061 0.919237 -0.380198 -0.102236 0.0986597
-0.00842207 -0.0223584 0.0704258 -0.0210861 -0.953231 0.301505 1
0.000826642 0.0471379 0.0432953 0.106333 0.986572 -0.123972 1
0.0468645 -0.0272971 0.0503211 0.672641 -0.00937255 0.73991 1
0.0166112 -0.0279447 -0.000437341 0.656118 -0.467121 -0.592711 0.0923288
0.0311074 -0.0178427 0.00920369 0.773309 -0.187676 -0.605616 1
-0.0229783 -0.0152292 0.067483 -0.86287 -0.271538 0.426289 1
-0.00175613 0.0517537 0.0602271 0.115157 0.872865 0.474179 1
-0.00854641 -0.0280942 0.0483995 -0.504435 -0.762072 0.405945 0.0770289
-0.00452749 0.00898515 -0.0155826 -0.447055 -0.186963 -0.874749 0.365493
0.00920126 0.012283 -0.0271696 -0.280204 -0.116123 -0.952891 1
0.0236021 -0.0302985 0.00726048 0.795158 -0.366907 -0.482807 1
0.0480544 0.0245499 0.0328809 0.467794 0.774381 0.426033 0.2116
0.0198932 0.00898263 -0.0163985 0.746101 -0.164328 -0.645236 0.317303
0.0174045 -0.00698897 -0.0125525 0.52073 -0.379424 -0.764773 0.680605
-0.00613055 -0.0220512 0.0758859 0.0333065 -0.859467 0.510105 1
-0.0318843 -0.0111469 0.0102648 -0.676033 -0.222025 -0.702627 1
-0.0399034 0.0259946 0.00356107 -0.174774 -0.853921 -0.490177 0.27432
-0.000252113 -0.0229992 0.0711495 -0.00776306 -0.852959 0.52192 1
0.00808109 0.0287216 -0.00354975 0.244305 0.58998 -0.76957 0.322427
-0.020672 0.0210334 -0.00457677 -0.255765 -0.922761 -0.288263 0.0582952
-0.027925 -2.48942e-05 0.00400762 -0.527042 -0.266621 -0.806933 1
0.00399408 -0.0468234 0.00373764 -0.14895 -0.984978 0.087361 1
-0.027433 -0.015676 0.0629802 -0.715493 -0.115565 0.688995 1
-0.0318812 0.0249045 0.0317427 -0.714859 0.174214 0.677219 0.582637
-0.00352177 -0.00341584 -0.0129671 -0.628315 -0.391346 -0.672361 1
-0.0353556 -0.00699642 0.0481944 -0.858702 0.342157 0.381522 1
-0.039153 0.0200202 0.0239715 -0.883956 0.257352 0.390374 1
-0.00398456 0.0449982 0.0429307 0.359227 0.915274 0.182289 0.0601506
-0.0235992 0.0174423 -0.00414754 -0.526923 -0.338613 -0.779547 0.988568
0.0244954 0.0409135 0.0393601 0.479336 0.876524 0.0440835 0.0781864
0.0249971 -0.00687744 -0.000973933 0.702433 -0.300694 -0.645114 0.477903
-0.015019 -0.0266135 0.0585192 -0.235425 -0.879142 0.414347 1
-0.0259264 -0.0336118 0.012919 -0.490051 0.0175325 -0.871517 0.970806
0.0450815 -0.0157374 0.0323746 0.772844 -0.352636 -0.527598 0.979444
-0.0465238 -0.0162498 0.0344514 -0.872917 0.212008 0.439396 1
-0.00355856 0.0411184 0.0274427 0.486716 0.733634 -0.474225 0.0873485
0.023199 0.043654 0.0469862 0.585535 0.677137 0.445685 1
0.0280689 -0.035021 0.0438764 0.0614569 -0.972843 0.22316 1
0.0198317 0.0206363 -0.0201384 0.636773 0.0200254 -0.770792 0.840348
-0.0159737 -0.0152981 0.0751996 -0.719296 -0.161026 0.675784 0.419851
-0.0299397 -0.0139378 0.00917615 -0.51661 -0.104584 -0.84981 1
0.0201263 -0.0308368 0.0548833 0.0152757 -0.887399 0.46075 1
0.00824944 -0.0351365 -0.00840209 0.276689 -0.776239 -0.566476 0.509889
0.0130099 -0.00268313 -0.0206846 0.186516 -0.69431 -0.695086 0.925028
0.0511809 -0.00682488 0.0356297 0.99458 -0.0635166 -0.0823122 1
-0.0469924 -0.0271823 0.0311226 -0.968665 -0.214425 0.125336 0.926011
0.0151314 0.0287335 0.0589678 0.490528 0.243896 0.836599 1
-0.0199008 0.0251264 0.0483795 -0.810697 0.143441 0.567623 0.207064
0.0407335 0.0202601 0.00835237 0.721685 -0.359259 -0.591696 0.525496
-0.0379262 -0.0337558 0.0264856 -0.119232 -0.877822 0.463911 1
-0.04362 -0.0190611 0.035073 -0.755581 0.0384997 0.653923 0.201013
-0.0156114 0.032268 0.0588996 -0.722042 0.382489 0.576504 1
-0.0192489 -0.0113607 0.000118892 -0.476573 -0.314047 -0.821129 1
-0.0397934 0.032615 0.00131333 -0.550771 0.283701 -0.784962 1
0.0118318 -0.0427129 0.0195525 0.0456851 -0.972758 0.227276 0.950467
0.0167285 0.0437193 0.0351611 0.0719388 0.993025 -0.093418 1
-0.0399693 0.0288434 0.00461406 -0.283938 0.23576 -0.929407 0.0962155
-0.00816878 0.0473663 0.0369207 0.0259091 0.98807 -0.15181 1
-0.0469535 -0.0189243 0.0244773 -0.91064 -0.0322416 -0.411941 1
0.00755732 0.043642 0.0310896 0.10901 0.987329 -0.115316 1
-0.0318089 -0.0070191 0.0510223 -0.867656 0.386906 0.312213 0.315664
-0.0159636 0.0048262 0.0672331 -0.732184 0.508157 0.453522 0.152273
0.0315725 0.0243549 0.0470076 0.426247 0.317404 0.847094 0.915045
0.0470219 0.0121977 0.0204455 0.734768 -0.258904 -0.626965 1
-0.0358731 -0.0338071 0.0263129 -0.117623 -0.921974 0.368957 1
-0.0275462 -0.0382959 0.024127 -0.328721 -0.916156 0.22935 1
-0.0152103 -0.0147825 -0.0010767 -0.462263 -0.328982 -0.823458 1
0.0352886 -0.0376088 0.021204 0.76557 -0.465907 -0.443659 1
0.0291221 -0.0113011 0.059497 0.551702 0.200891 0.809486 1
0.032428 0.0312174 0.00821132 0.0786297 0.992615 -0.0923719 1
-0.0468555 -0.0103768 0.0166186 -0.810699 -0.313478 -0.494468 1
-0.0174121 0.00418061 0.0647654 -0.850632 0.447105 0.276626 0.114504
-0.0116478 0.00928458 -0.00962899 -0.838578 -0.28802 -0.462419 1
-0.0389876 0.0130194 0.0049113 -0.72263 -0.305171 -0.620223 1
0.011441 -0.0470116 0.00334532 0.308535 -0.94184 0.133205 1
-0.0312379 0.0323806 0.0312112 -0.839948 0.359316 0.406668 1
-0.0395211 0.0364694 0.0143898 -0.865242 0.378027 0.329321 1
-0.0226972 0.0313103 -0.00351271 -0.065507 0.942211 -0.328553 0.92222
0.0323232 -0.0355605 0.0236697 0.860717 -0.0774214 -0.503162 0.393247
-0.0159947 -0.0406016 0.0119815 -0.181278 -0.975255 -0.126553 0.0863844
0.0438728 -0.0076455 0.0436602 0.682499 0.107029 0.723008 0.0958867
-0.00765815 -0.022909 -0.00408327 -0.614984 -0.449089 -0.648162 1
-0.0441779 -0.00732487 0.0160221 -0.170022 -0.541035 -0.823634 0.841139
0.00803402 0.0313502 -0.0033518 0.158246 0.91944 -0.359983 1
-0.00017782 -0.0313062 0.0479928 -0.29925 -0.885111 0.35641 0.592471
-0.0226984 0.0475128 0.0344183 -0.47692 0.871465 0.11444 1
-0.02745 -0.0274759 0.0436578 -0.327538 -0.84756 0.417566 0.518866
0.00780492 -0.0425939 -0.00691402 -0.0556642 -0.582953 -0.810597 1
-0.0194481 -0.0149598 0.0742148 -0.758176 -0.0579911 0.649466 1
-0.00895038 -0.0430136 0.0156833 -0.226405 -0.973875 -0.0175529 1
-0.0205623 0.0451345 0.0324124 -0.0590117 0.699787 -0.71191 1
-0.019364 -0.0237016 0.0677728 -0.337569 -0.92041 0.197212 1
-0.047375 0.0137696 0.0146502 -0.998338 0.0276815 0.0505407 1
0.00784609 0.0209805 -0.0214635 -0.760877 0.617683 -0.198831 0.102162
-0.0397006 -0.0194348 0.0435139 -0.888122 0.252775 0.383855 0.449195
-0.011851 -0.0115389 0.080327 -0.674377 0.0184253 0.738158 1
-0.04489 -0.00444594 0.0125967 -0.574817 -0.0362953 -0.817476 1
-0.0157429 0.0286125 0.0553837 -0.939333 0.20267 0.276727 0.469179
-0.00442864 -0.0227242 -0.0056221 -0.505368 -0.610762 -0.609568 0.462971
0.00759999 0.0209567 -0.0235463 -0.130493 0.246498 -0.960318 1
-0.00452582 0.0488867 0.0477602 0.444236 0.720285 -0.53277 0.795861
-0.0119812 -0.0346132 0.0354963 0.0666972 -0.975831 0.2081 0.626355
0.00338407 0.0132125 0.0671408 0.571801 0.0993199 0.814358 0.228035
0.00830519 -0.0347799 0.0423046 -0.0440362 -0.970626 0.236529 0.938209
0.0118114 -0.0309672 0.0523937 0.00263909 -0.973824 0.227287 0.781128
-0.0153516 0.000746559 0.0711844 -0.744976 0.0852734 0.661619 0.236525
-0.0412943 0.0133109 0.0112523 -0.612234 -0.422069 -0.668601 0.0855869
-0.0321252 0.00545724 0.00420388 -0.447018 -0.452552 -0.771603 1
0.0360896 0.0316169 0.0427189 0.418311 0.520793 0.744171 1
0.0200679 0.0231917 -0.0163145 -0.0724232 0.983432 -0.166185 1
0.00758232 -0.0356416 0.0359051 -0.200965 -0.733875 0.648876 0.299767
-0.0314247 -0.0193996 0.0555001 -0.923546 -0.0171684 0.383103 0.949046
-0.0396912 -0.0149908 0.0431761 -0.960051 0.0253896 0.278672 0.881545
0.0240952 -0.0115839 -0.000318066 0.827882 -0.239896 -0.507012 0.557606
-0.0363148 0.0243228 0.00103582 -0.342378 -0.151776 -0.927223 1
-0.0200961 -0.0310997 0.0395181 -0.19253 -0.939352 0.283812 0.916745
-0.00483154 0.0516385 0.0484159 0.132747 0.974835 -0.179097 1
0.0319006 -0.0119951 0.0117681 0.686796 -0.134232 -0.714348 0.478007
-0.0277793 -0.015107 0.0597128 -0.696498 0.102341 0.710223 0.262202
-0.0450048 0.00339298 0.0129408 -0.752836 0.00290381 -0.658201 1
-0.0313332 -0.0123212 0.0585289 -0.787795 0.111561 0.60575 1
0.0089628 0.0401069 0.0235307 0.181067 0.924485 -0.335472 1
0.000768184 -0.0238212 -0.00894999 -0.805112 -0.0366797 -0.591988 0.701861
0.0365634 -0.0231891 0.0262114 0.755337 -0.372874 -0.538916 0.136176
0.00837976 0.0436062 0.035548 0.132433 0.970212 -0.202855 1
-0.0315371 -0.00824102 0.0545392 -0.694005 0.459281 0.554453 0.533958
-0.0153255 0.00463492 0.0715446 -0.957321 0.117283 0.264162 0.426332
-0.0154242 -0.0268443 0.0554125 -0.151932 -0.971058 0.184289 1
-0.0354718 0.024777 0.02734 -0.952722 0.0793378 0.293302 1
0.0197639 -0.0232818 0.0636812 0.211559 -0.805107 0.554118 0.261522
0.0155161 0.0452002 0.0504466 0.422147 0.753545 0.503945 0.613801
-0.0398958 0.0274566 0.0186091 -0.833122 0.350105 0.428176 1
-0.0068937 -0.0307275 0.0544264 -0.198459 -0.887964 0.414891 1
0.00366666 -0.0446206 0.00775535 0.0871491 -0.914541 0.394993 0.325253
-0.0233638 0.0209807 0.0473557 -0.768318 0.49733 0.402928 0.409667
0.0518392 -0.0140104 0.0363244 0.97451 -0.222462 -0.0290164 1
0.0283658 0.0272732 -0.00413427 -0.0359317 0.916147 -0.399229 1
-0.00793514 -0.0280495 0.0513465 -0.710549 -0.637183 0.298526 0.133835
0.0440612 0.0091874 0.038397 0.546074 0.158809 0.822547 0.160477
-0.0193449 0.0127274 0.0593812 -0.900681 0.213882 0.378191 0.547792
0.0268751 -0.0099419 0.000668001 0.794288 -0.314787 -0.519631 1
0.0395372 -0.0115868 0.0518138 0.618084 0.238147 0.749171 1
-0.0311898 -0.0167951 0.0590906 -0.821532 -0.067163 0.566192 1
0.0205048 -0.0348349 0.0510006 -0.140237 -0.819874 0.555104 1
-0.0378568 0.0361692 0.00365692 -0.571594 0.820532 -0.00267945 0.454229
0.0271876 -0.0321167 0.0474748 0.210714 -0.788592 0.577687 0.429684
0.00468931 0.0241023 -0.0165663 0.0244607 0.856251 -0.515981 0.995625
0.0389005 -0.0232705 0.0269132 0.81093 -0.285514 -0.510759 1
0.0162206 0.00490133 0.0635941 0.655753 0.304832 0.690699 0.903444
0.0317988 -0.00719756 0.055646 0.56899 0.249982 0.783428 1
-0.0233116 -0.0205965 0.0597592 -0.559699 -0.639138 0.527485 0.166294
-0.0154949 0.0313188 -0.00440765 0.103359 0.964563 -0.242767 1
-0.0276385 0.0311353 -0.00381324 -0.246102 0.699057 -0.671381 1
-0.0211326 0.0241821 -0.00688889 -0.615831 0.105613 -0.780768 0.537405
-0.0472246 -0.0030433 0.0194454 -0.962805 0.0463416 -0.266195 1
